{
  "Name": "SupplyPlan280UpdateABDMRuleForResConPer",
  "Description": "Update Existing Rule",
  "ActionButtonId": "2cd02985-d498-0de0-a27c-417fab40bc6d",
  "Tooltip": "Update Existing Rule",
  "ActionButtonType": "Rule",
  "Alignment": "right",
  "IsPopOver": true,
  "IsGlobal": false,
  "ActionClickHandler": null,
  "Icon": null,
  "Image": null,
  "ConfigJson": {
    "icon": "pencil",
    "Position": 0,
    "SubmitButton": {
      "Label": "Submit"
    },
    "ResetButton": {
      "Label": "Reset"
    },
    "CloseButton": {
      "Label": "Close",
      "ConfirmMessage": "Unsaved changes will be lost. Continue?"
    },
    "NotifyAll": false,
    "IBPLRules": [
      {
        "template": "//Nulling out the existing Assoc's---------\nScope: ([Version].[Version Name].filter(#.Name in {\"{{Version}}\"}) * [Data Object].[Data Object].[Resource Consumed Per]*[DM Rule].[Rule]{{#filter DMRule}} * [Location].[Location]);\nMeasure.[ABDM Location Association] = null;\nend scope;\n\n\nScope: ([Version].[Version Name].filter(#.Name in {\"{{Version}}\"}) * [Data Object].[Data Object].[Resource Consumed Per]*[DM Rule].[Rule]{{#filter DMRule}}* [Item].[Item Type]);\nMeasure.[ABDM Item Type Association] = null;\nend scope;\n\nScope: ([Version].[Version Name].filter(#.Name in {\"{{Version}}\"}) * [Data Object].[Data Object].[Resource Consumed Per]*[DM Rule].[Rule]{{#filter DMRule}} * [Item].[PackageType]);\nMeasure.[ABDM PackageType Association] = null;\nend scope;\n\nScope: ([Version].[Version Name].filter(#.Name in {\"{{Version}}\"}) * [Data Object].[Data Object].[Resource Consumed Per]*[DM Rule].[Rule]{{#filter DMRule}} * [Item].[ContainerType]);\nMeasure.[ABDM ContainerType Association] = null;\nend scope;\n\n\nScope: ([Version].[Version Name].filter(#.Name in {\"{{Version}}\"}) * [Data Object].[Data Object].[Resource Consumed Per]*[DM Rule].[Rule]{{#filter DMRule}}* [Resource].[Resource]);\nMeasure.[ABDM Resource Association] = null;\nend scope;\n\nScope: ([Version].[Version Name].filter(#.Name in {\"{{Version}}\"}) * [Data Object].[Data Object].[Resource Consumed Per]*[DM Rule].[Rule]{{#filter DMRule}}* [Item].[L5]);\nMeasure.[ABDM Line Speed Product Category Association] = null;\nend scope;\n\n\n"
      },
      {
        "template": "//Repopulating the Assoc's------------\n\nCartesian Scope: ([Version].[Version Name].filter(#.Name in {\"{{Version}}\"}) * [Data Object].[Data Object].[Resource Consumed Per]*[DM Rule].[Rule]{{#filter DMRule}} * [Location].[Location]{{#filter DMLocation}});\n\nMeasure.[ABDM Location Association] = 1;\nend scope;\n\nCartesian Scope: ([Version].[Version Name].filter(#.Name in {\"{{Version}}\"}) * [Data Object].[Data Object].[Resource Consumed Per]*[DM Rule].[Rule]{{#filter DMRule}} * [Item].[ContainerType]{{#filter DMItemAttribute2}});\n\nMeasure.[ABDM ContainerType Association] = 1;\nend scope;\n\nCartesian Scope: ([Version].[Version Name].filter(#.Name in {\"{{Version}}\"}) * [Data Object].[Data Object].[Resource Consumed Per]*[DM Rule].[Rule]{{#filter DMRule}}* [Item].[PackageType]{{#filter DMItemAttribute1}});\n\nMeasure.[ABDM PackageType Association] = 1;\nend scope;\n\nCartesian Scope: ([Version].[Version Name].filter(#.Name in {\"{{Version}}\"}) * [Data Object].[Data Object].[Resource Consumed Per]*[DM Rule].[Rule]{{#filter DMRule}} * [Item].[L5]{{#filter DMItemAttribute3}});\n\nMeasure.[ABDM Line Speed Product Category Association] = 1;\nend scope;\n\nCartesian Scope: ([Version].[Version Name].filter(#.Name in {\"{{Version}}\"}) * [Data Object].[Data Object].[Resource Consumed Per]*[DM Rule].[Rule]{{#filter DMRule}} * [Item].[Item Type]{{#filter DMItemType}});\n\nMeasure.[ABDM Item Type Association] = 1;\nend scope;\n\nCartesian Scope: ([Version].[Version Name].filter(#.Name in {\"{{Version}}\"}) * [Data Object].[Data Object].[Resource Consumed Per]*[DM Rule].[Rule]{{#filter DMRule}} * [Resource].[Resource]{{#filter DMResource}});\n\nMeasure.[ABDM Resource Association] = 1;\nend scope;\n\n\n\n"
      },
      {
        "template": "Scope:([Version].[Version Name]{{#filter Version}}*\n[Data Object].[Data Object].[Resource Consumed Per]*\n[DM Rule].[Rule]{{#filter DMRule}});\nMeasure.[Resource Consumed Per1] = {{DMValue1}};\nMeasure.[Rule Sequence] = {{RuleSequence}};\nMeasure.[UOM UOM]={{UnitOfMeasurement}};\nend scope;\n\nScope: ([Version].[Version Name]{{#filter Version}} * [Data Object].[Data Object].[Resource Consumed Per]*[DM Rule].[Rule]{{#filter DMRule}});\nMeasure.[ABDM Updated TimeStamp]=todatetime(\"{{UpdatedTimeStamp}}\");\nMeasure.[ABDM Updated User]=(\"{{UpdatedUser}}\");\nMeasure.[Rule Comment] = (\"{{NewComment}}\");\nend scope;"
      }
    ],
    "JavascriptRules": [
      {
        "modulename": "o9.SupplyPlanning280WUpdateRule.ResourceConsumedPer",
        "functionname": "IDBCPLineSpeed"
      }
    ],
    "FieldBindings": [
      {
        "fieldName": "Version",
        "title": "Version Name",
        "Description": "Version Name",
        "type": "picklistDropdown",
        "selectionType": "single",
        "clearSearch": false,
        "source": "parentAttribute",
        "DimensionName": "Version",
        "key": {
          "LevelAttribute": {
            "Name": "Version Name",
            "Property": "Name"
          }
        },
        "visible": true,
        "isEditable": false,
        "validation": {
          "maxLength": "0",
          "required": true
        }
      },
      {
        "fieldName": "DataObject",
        "title": "DataObject",
        "Description": "DataObject",
        "type": "picklistDropdown",
        "selectionType": "single",
        "clearSearch": true,
        "source": "parentAttribute",
        "DimensionName": "Data Object",
        "key": {
          "LevelAttribute": {
            "Name": "Data Object",
            "Property": "Name"
          }
        },
        "visible": false,
        "isEditable": false,
        "validation": {
          "maxLength": "0",
          "required": true
        }
      },
      {
        "fieldName": "DMRule",
        "title": "Rules",
        "Description": "Selected Rules",
        "type": "picklistDropdown",
        "selectionType": "single",
        "clearSearch": false,
        "source": "parentAttribute",
        "DimensionName": "DM Rule",
        "key": {
          "LevelAttribute": {
            "Name": "Rule",
            "Property": "Name"
          }
        },
        "visible": false,
        "isEditable": false,
        "validation": {
          "maxLength": "0",
          "required": true
        }
      },
      {
        "fieldName": "UpdatedUser",
        "title": "Updated User",
        "Description": "Updated User",
        "type": "string",
        "selectionType": "single",
        "clearSearch": true,
        "select": "ALL",
        "source": "datasource",
        "key": "DSUser",
        "valueField": "Name",
        "textField": "Name",
        "visible": false,
        "isEditable": false,
        "validation": {
          "maxLength": "0",
          "required": false
        },
        "overrideFieldBindingType": false
      },
      {
        "fieldName": "UpdatedTimeStamp",
        "title": "UpdatedTimeStamp",
        "Description": "UpdatedTimeStamp",
        "type": "datetime",
        "selectionType": "single",
        "clearSearch": true,
        "select": "ALL",
        "source": "datasource",
        "key": "DSTimeStamp",
        "valueField": "result",
        "textField": "result",
        "visible": false,
        "isEditable": false,
        "validation": {
          "maxLength": "0",
          "required": false
        },
        "overrideFieldBindingType": false
      },
      {
        "fieldName": "DMItemType",
        "title": "Item Type",
        "Description": "Select Item Type",
        "type": "picklistDropdown",
        "fieldGroup": "Item Attribute",
        "selectionType": "multiple",
        "clearSearch": true,
        "source": "datasourceWithMember",
        "key": "ItemType",
        "columnName": "Item Type",
        "DimensionName": "Item",
        "memberKey": {
          "LevelAttribute": {
            "Name": "Item Type"
          }
        },
        "visible": true,
        "isEditable": true,
        "validation": {
          "required": true
        }
      },
      {
        "fieldName": "DMItemAttribute1",
        "title": "Package Type",
        "Description": "Select Package Type",
        "type": "picklistDropdown",
        "fieldGroup": "Item Attribute",
        "selectionType": "multiple",
        "clearSearch": true,
        "source": "datasourceWithMember",
        "key": "PackageType",
        "columnName": "PackageType",
        "DimensionName": "Item",
        "memberKey": {
          "LevelAttribute": {
            "Name": "PackageType"
          }
        },
        "visible": true,
        "isEditable": true,
        "validation": {
          "required": true
        }
      },
      {
        "fieldName": "DMItemAttribute2",
        "title": "Container Type",
        "Description": "Select Container Type",
        "type": "picklistDropdown",
        "fieldGroup": "Item Attribute",
        "selectionType": "multiple",
        "clearSearch": true,
        "source": "datasourceWithMember",
        "key": "ContainerType",
        "columnName": "ContainerType",
        "DimensionName": "Item",
        "memberKey": {
          "LevelAttribute": {
            "Name": "ContainerType"
          }
        },
        "visible": true,
        "isEditable": true,
        "validation": {
          "required": true
        }
      },
      {
        "fieldName": "DMItemAttribute3",
        "title": "Product Category",
        "Description": "Select Product Category",
        "type": "picklistDropdown",
        "fieldGroup": "Item Attribute",
        "selectionType": "multiple",
        "clearSearch": true,
        "source": "datasourceWithMember",
        "columnName": "L5",
        "DimensionName": "Item",
        "memberKey": {
          "LevelAttribute": {
            "Name": "L5"
          }
        },
        "visible": true,
        "isEditable": true,
        "validation": {
          "required": false
        },
        "key": "ProductCategory"
      },
      {
        "fieldName": "DMLocation",
        "title": "Location",
        "Description": "Select location where resource is located",
        "type": "picklistDropdown",
        "selectionType": "multiple",
        "clearSearch": true,
        "source": "datasourceWithMember",
        "key": "Location",
        "columnName": "Location",
        "DimensionName": "Location",
        "memberKey": {
          "LevelAttribute": {
            "Name": "Location"
          }
        },
        "visible": true,
        "isEditable": true,
        "validation": {
          "required": true
        }
      },
      {
        "fieldName": "DMResource",
        "title": "Resource",
        "Description": "Resource",
        "type": "picklistDropdown",
        "selectionType": "multiple",
        "clearSearch": true,
        "source": "datasourceWithMember",
        "key": "ResourceDS",
        "columnName": "Resource",
        "DimensionName": "Resource",
        "memberKey": {
          "LevelAttribute": {
            "Name": "Resource"
          }
        },
        "visible": true,
        "isEditable": true,
        "validation": {
          "required": true
        }
      },
      {
        "fieldName": "UnitOfMeasurement",
        "title": "UnitOfMeasurement",
        "Description": "Unit Of Measurement",
        "type": "picklist",
        "selectionType": "single",
        "clearSearch": true,
        "source": "parentMeasureWithDataSource",
        "key": {
          "Measure": {
            "Name": "UOM UOM"
          }
        },
        "visible": true,
        "isEditable": true,
        "validation": {
          "required": true
        },
        "dataSourceBinding": {
          "key": "UOM",
          "valueField": "Name",
          "textField": "Name"
        }
      },
      {
        "fieldName": "DMValue1",
        "title": "Resource Consumed Per",
        "Description": "Value of Resource Consumed Per",
        "type": "number",
        "clearSearch": true,
        "source": "parentMeasure",
        "key": {
          "Measure": {
            "Name": "Resource Consumed Per1"
          }
        },
        "visible": true,
        "isEditable": true,
        "validation": {
          "maxLength": "0",
          "required": true
        }
      },
      {
        "fieldName": "NewComment",
        "title": "NewComment",
        "Description": "NewComment",
        "type": "string",
        "clearSearch": true,
        "source": "literal",
        "visible": true,
        "isEditable": true,
        "validation": {
          "maxLength": "0",
          "required": false
        }
      },
      {
        "fieldName": "RuleSequence",
        "title": "RuleSequence",
        "Description": "Provide the Rule Sequence (It must be an Integer)",
        "type": "number",
        "clearSearch": true,
        "source": "parentMeasure",
        "key": {
          "Measure": {
            "Name": "Rule Sequence"
          }
        },
        "visible": true,
        "isEditable": true,
        "validation": {
          "maxLength": "0",
          "required": true
        }
      }
    ],
    "Range": [],
    "DataSources": [
      {
        "Name": "DSTimeStamp",
        "IBPLRules": [
          {
            "template": "select now();"
          }
        ],
        "JavascriptRules": [],
        "IncludeDSFieldsOnly": false,
        "FieldBindings": []
      },
      {
        "Name": "DSUser",
        "IBPLRules": [
          {
            "template": "select CurrentUser();"
          }
        ],
        "JavascriptRules": [],
        "IncludeDSFieldsOnly": false,
        "FieldBindings": []
      },
      {
        "Name": "ResourceDS",
        "IBPLRules": [
          {
            "template": "Select ([Version].[Version Name]{{#filter Version}} * [Resource].[Resource] * [Data Object].[Data Object]{{#filter DataObject}} * [DM Rule].[Rule]{{#filter DMRule}} ) on row, \n({Measure.[ABDM Resource Association]}) on column;"
          }
        ],
        "JavascriptRules": [],
        "IncludeDSFieldsOnly": false,
        "FieldBindings": [
          {
            "fieldName": "Version",
            "title": "Version",
            "Description": "Version",
            "type": "picklistDropdown",
            "clearSearch": true,
            "source": "filter",
            "DimensionName": "Version",
            "LevelAttributeName": "Version Name",
            "visible": true,
            "isEditable": true,
            "validation": {
              "maxLength": "0",
              "required": true
            }
          },
          {
            "fieldName": "DMRule",
            "title": "DMRule",
            "Description": "DMRule",
            "type": "picklistDropdown",
            "clearSearch": true,
            "source": "parentAttribute",
            "DimensionName": "DM Rule",
            "key": {
              "LevelAttribute": {
                "Name": "Rule",
                "Property": "Name"
              }
            },
            "visible": true,
            "isEditable": true,
            "validation": {
              "maxLength": "0",
              "required": true
            }
          },
          {
            "fieldName": "DataObject",
            "title": "Data Object",
            "Description": "Data Object",
            "type": "picklistDropdown",
            "selectionType": "single",
            "clearSearch": true,
            "source": "parentAttribute",
            "DimensionName": "Data Object",
            "key": {
              "LevelAttribute": {
                "Name": "Data Object",
                "Property": "Name"
              }
            },
            "visible": true,
            "isEditable": false,
            "validation": {
              "maxLength": "0",
              "required": true
            }
          }
        ]
      },
      {
        "Name": "PackageType",
        "IBPLRules": [
          {
            "template": "Select ([Version].[Version Name]{{#filter Version}} * [Item].[PackageType] * [Data Object].[Data Object]{{#filter DataObject}} * [DM Rule].[Rule]{{#filter DMRule}} ) on row, \n({Measure.[ABDM PackageType Association]}) on column;"
          }
        ],
        "JavascriptRules": [],
        "IncludeDSFieldsOnly": false,
        "FieldBindings": [
          {
            "fieldName": "Version",
            "title": "Version",
            "Description": "Version",
            "type": "picklistDropdown",
            "clearSearch": true,
            "source": "filter",
            "DimensionName": "Version",
            "LevelAttributeName": "Version Name",
            "visible": true,
            "isEditable": true,
            "validation": {
              "maxLength": "0",
              "required": true
            }
          },
          {
            "fieldName": "DMRule",
            "title": "DMRule",
            "Description": "DMRule",
            "type": "picklistDropdown",
            "clearSearch": true,
            "source": "parentAttribute",
            "DimensionName": "DM Rule",
            "key": {
              "LevelAttribute": {
                "Name": "Rule",
                "Property": "Name"
              }
            },
            "visible": true,
            "isEditable": true,
            "validation": {
              "maxLength": "0",
              "required": true
            }
          },
          {
            "fieldName": "DataObject",
            "title": "Data Object",
            "Description": "Data Object",
            "type": "picklistDropdown",
            "selectionType": "single",
            "clearSearch": true,
            "source": "parentAttribute",
            "DimensionName": "Data Object",
            "key": {
              "LevelAttribute": {
                "Name": "Data Object",
                "Property": "Name"
              }
            },
            "visible": true,
            "isEditable": false,
            "validation": {
              "maxLength": "0",
              "required": true
            }
          }
        ]
      },
      {
        "Name": "ContainerType",
        "IBPLRules": [
          {
            "template": "Select ([Version].[Version Name]{{#filter Version}} * [Item].[ContainerType] * [Data Object].[Data Object]{{#filter DataObject}} * [DM Rule].[Rule]{{#filter DMRule}} ) on row, \n({Measure.[ABDM ContainerType Association]}) on column;"
          }
        ],
        "JavascriptRules": [],
        "IncludeDSFieldsOnly": false,
        "FieldBindings": [
          {
            "fieldName": "Version",
            "title": "Version",
            "Description": "Version",
            "type": "picklistDropdown",
            "clearSearch": true,
            "source": "filter",
            "DimensionName": "Version",
            "LevelAttributeName": "Version Name",
            "visible": true,
            "isEditable": true,
            "validation": {
              "maxLength": "0",
              "required": true
            }
          },
          {
            "fieldName": "DMRule",
            "title": "DMRule",
            "Description": "DMRule",
            "type": "picklistDropdown",
            "clearSearch": true,
            "source": "parentAttribute",
            "DimensionName": "DM Rule",
            "key": {
              "LevelAttribute": {
                "Name": "Rule",
                "Property": "Name"
              }
            },
            "visible": true,
            "isEditable": true,
            "validation": {
              "maxLength": "0",
              "required": true
            }
          },
          {
            "fieldName": "DataObject",
            "title": "Data Object",
            "Description": "Data Object",
            "type": "picklistDropdown",
            "selectionType": "single",
            "clearSearch": true,
            "source": "parentAttribute",
            "DimensionName": "Data Object",
            "key": {
              "LevelAttribute": {
                "Name": "Data Object",
                "Property": "Name"
              }
            },
            "visible": true,
            "isEditable": false,
            "validation": {
              "maxLength": "0",
              "required": true
            }
          }
        ]
      },
      {
        "Name": "Location",
        "IBPLRules": [
          {
            "template": "Select ([Version].[Version Name]{{#filter Version}} * [Location].[Location] * [Data Object].[Data Object]{{#filter DataObject}} * [DM Rule].[Rule]{{#filter DMRule}} ) on row, \n({Measure.[ABDM Location Association]}) on column;"
          }
        ],
        "JavascriptRules": [],
        "IncludeDSFieldsOnly": false,
        "FieldBindings": [
          {
            "fieldName": "Version",
            "title": "Version",
            "Description": "Version",
            "type": "picklistDropdown",
            "clearSearch": true,
            "source": "filter",
            "DimensionName": "Version",
            "LevelAttributeName": "Version Name",
            "visible": true,
            "isEditable": true,
            "validation": {
              "maxLength": "0",
              "required": true
            }
          },
          {
            "fieldName": "DMRule",
            "title": "DMRule",
            "Description": "DMRule",
            "type": "picklistDropdown",
            "clearSearch": true,
            "source": "parentAttribute",
            "DimensionName": "DM Rule",
            "key": {
              "LevelAttribute": {
                "Name": "Rule",
                "Property": "Name"
              }
            },
            "visible": true,
            "isEditable": true,
            "validation": {
              "maxLength": "0",
              "required": true
            }
          },
          {
            "fieldName": "DataObject",
            "title": "Data Object",
            "Description": "Data Object",
            "type": "picklistDropdown",
            "selectionType": "single",
            "clearSearch": true,
            "source": "parentAttribute",
            "DimensionName": "Data Object",
            "key": {
              "LevelAttribute": {
                "Name": "Data Object",
                "Property": "Name"
              }
            },
            "visible": true,
            "isEditable": false,
            "validation": {
              "maxLength": "0",
              "required": true
            }
          }
        ]
      },
      {
        "Name": "ItemType",
        "IBPLRules": [
          {
            "template": "Select ([Version].[Version Name]{{#filter Version}} * [Item].[Item Type] * [Data Object].[Data Object]{{#filter DataObject}} * [DM Rule].[Rule]{{#filter DMRule}} ) on row, \n({Measure.[ABDM Item Type Association]}) on column;"
          }
        ],
        "JavascriptRules": [],
        "IncludeDSFieldsOnly": false,
        "FieldBindings": [
          {
            "fieldName": "Version",
            "title": "Version",
            "Description": "Version",
            "type": "picklistDropdown",
            "clearSearch": true,
            "source": "filter",
            "DimensionName": "Version",
            "LevelAttributeName": "Version Name",
            "visible": true,
            "isEditable": true,
            "validation": {
              "maxLength": "0",
              "required": true
            }
          },
          {
            "fieldName": "DMRule",
            "title": "DMRule",
            "Description": "DMRule",
            "type": "picklistDropdown",
            "selectionType": "single",
            "clearSearch": true,
            "source": "parentAttribute",
            "DimensionName": "DM Rule",
            "key": {
              "LevelAttribute": {
                "Name": "Rule",
                "Property": "Name"
              }
            },
            "visible": true,
            "isEditable": false,
            "validation": {
              "maxLength": "0",
              "required": true
            }
          },
          {
            "fieldName": "DataObject",
            "title": "Data Object",
            "Description": "Data Object",
            "type": "picklistDropdown",
            "selectionType": "single",
            "clearSearch": true,
            "source": "parentAttribute",
            "DimensionName": "Data Object",
            "key": {
              "LevelAttribute": {
                "Name": "Data Object",
                "Property": "Name"
              }
            },
            "visible": true,
            "isEditable": false,
            "validation": {
              "maxLength": "0",
              "required": true
            }
          }
        ]
      },
      {
        "Name": "ProductCategory",
        "IBPLRules": [
          {
            "template": "Select ([Version].[Version Name]{{#filter Version}} * [Item].[L5] * [Data Object].[Data Object]{{#filter DataObject}} * [DM Rule].[Rule]{{#filter DMRule}} ) on row, \n({Measure.[ABDM Line Speed Product Category Association]}) on column;"
          }
        ],
        "JavascriptRules": [],
        "IncludeDSFieldsOnly": false,
        "FieldBindings": [
          {
            "fieldName": "Version",
            "title": "Version",
            "Description": "Version",
            "type": "picklistDropdown",
            "clearSearch": true,
            "source": "filter",
            "DimensionName": "Version",
            "LevelAttributeName": "Version Name",
            "visible": true,
            "isEditable": true,
            "validation": {
              "maxLength": "0",
              "required": true
            }
          },
          {
            "fieldName": "DMRule",
            "title": "DMRule",
            "Description": "DMRule",
            "type": "picklistDropdown",
            "clearSearch": true,
            "source": "parentAttribute",
            "DimensionName": "DM Rule",
            "key": {
              "LevelAttribute": {
                "Name": "Rule",
                "Property": "Name"
              }
            },
            "visible": true,
            "isEditable": true,
            "validation": {
              "maxLength": "0",
              "required": true
            }
          },
          {
            "fieldName": "DataObject",
            "title": "Data Object",
            "Description": "Data Object",
            "type": "picklistDropdown",
            "selectionType": "single",
            "clearSearch": true,
            "source": "parentAttribute",
            "DimensionName": "Data Object",
            "key": {
              "LevelAttribute": {
                "Name": "Data Object",
                "Property": "Name"
              }
            },
            "visible": true,
            "isEditable": false,
            "validation": {
              "maxLength": "0",
              "required": true
            }
          }
        ]
      },
      {
        "Name": "UOM",
        "IBPLRules": [
          {
            "template": "Select (UOM.[UOM]);"
          }
        ],
        "JavascriptRules": [],
        "IncludeDSFieldsOnly": false,
        "FieldBindings": []
      }
    ],
    "AutoExecute": false,
    "isAsync": true,
    "hasMembersUpdates": false,
    "Compact": false,
    "TwoColumn": true,
    "IsGlobalForExcelAddIn": false,
    "enableTransaction": false,
    "ExcludeFromNavLink": false,
    "FilterFieldBindings": []
  },
  "Widget": null,
  "Roles": []
}