{
  "MeasureGroupName": "100.001 Common ABDM Rules",
  "MeasureGroupId": "e54b4265-71ce-d957-7127-65a4fa8176e5",
  "ParentMeasureGroupName": null,
  "HasShadow": false,
  "MeasureGroupDescription": "100.001 Common ABDM Rules",
  "MeasureGroupType": "Regular",
  "FactTableName": "Fact100.001CommonABDMRules",
  "SchemaMajorVersion": 0,
  "ConfigJson": {},
  "ApiName": null,
  "Repartition": false,
  "Unpartition": false,
  "ApiEnabled": false,
  "DimensionUsages": [
    {
      "DimensionName": "Version",
      "AttributeName": "Version Name",
      "SortOrder": 0,
      "DimensionType": "Regular"
    },
    {
      "DimensionName": "Data Object",
      "AttributeName": "Data Object",
      "SortOrder": 1,
      "DimensionType": null
    },
    {
      "DimensionName": "DM Rule",
      "AttributeName": "Rule",
      "SortOrder": 2,
      "DimensionType": null
    },
    {
      "DimensionName": "Plan Type",
      "AttributeName": "Plan Type",
      "SortOrder": 3,
      "DimensionType": null
    }
  ]
}