{
  "Name": "SelectiveSeedPlan1",
  "Description": null,
  "ActionButtonId": "bb257a2f-66de-4c09-9784-15b33c712ffe",
  "Tooltip": "Selective Seed Plan",
  "ActionButtonType": "Widget",
  "Alignment": "right",
  "IsPopOver": true,
  "IsGlobal": true,
  "ActionClickHandler": null,
  "Icon": null,
  "Image": null,
  "ConfigJson": {
    "DisplayName": "Selective Seed Plan",
    "icon": "arrow-circle-o-right",
    "SubmitButton": {
      "Label": "Submit"
    },
    "ResetButton": {
      "Label": "Reset"
    },
    "CloseButton": {
      "Label": "Close",
      "ConfirmMessage": "Unsaved changes will be lost. Continue?"
    },
    "NotifyAll": false,
    "IBPLRules": [
      {
        "template": "scope:(Version.[Version Name]{{#filter Version}}*Item.[L3]{{#filter Class}}*[Sales Domain].[Sales Planning Channel]{{#filter Channel}}*Time.[Planning Quarter]{{#filter Season}}.Relatedmembers([Week]) * [Location].[Location Country]{{#filter Market}} * [Selling Season].[Selling Season]{{#filter SellingSeason}});\nMeasure.[BU SelectTimeCycle]= {{Select}};\nend scope;"
      },
      {
        "template": "select 1;{{#if SelectBUSalesRtl}} scope:(Version.[Version Name]{{#filter Version}}*Item.[L3]{{#filter Class}}*[Sales Domain].[Sales Planning Channel]{{#filter Channel}}*Time.[Planning Quarter]{{#filter Season}}.Relatedmembers([Week]) * Location.[Location Country]{{#filter Market}} * [Selling Season].[Selling Season]{{#filter SellingSeason}});\nMeasure.[BU Sls Rtl] = if (Measure.[BU SelectTimeCycle] == 1) then Measure.[LY Sls Rtl]\nelse if (Measure.[BU SelectTimeCycle] == 2) then Measure.[LLY Sls Rtl]\nelse if (Measure.[BU SelectTimeCycle] == 3) then Measure.[LLLY Sls Rtl];\nMeasure.[BU Perm MD Rtl] = if (Measure.[BU SelectTimeCycle] == 1) then Measure.[LY Perm MD Rtl]\nelse if (Measure.[BU SelectTimeCycle] == 2) then Measure.[LLY Perm MD Rtl]\nelse if (Measure.[BU SelectTimeCycle] == 3) then Measure.[LLLY Perm MD Rtl] else Measure.[LY Perm MD Rtl];\nMeasure.[BU POS MD Rtl] = if (Measure.[BU SelectTimeCycle] == 1) then Measure.[LY POS MD Rtl]\nelse if (Measure.[BU SelectTimeCycle] == 2) then Measure.[LLY POS MD Rtl]\nelse if (Measure.[BU SelectTimeCycle] == 3) then Measure.[LLLY POS MD Rtl] else Measure.[LY POS MD Rtl];\nend scope;{{/if}}"
      },
      {
        "template": "select 1;{{#if SelectBUReceiptsRtl}} scope:(Version.[Version Name]{{#filter Version}}*Item.[L3]{{#filter Class}}*[Sales Domain].[Sales Planning Channel]{{#filter Channel}}*Time.[Planning Quarter]{{#filter Season}}.Relatedmembers([Week]) * Location.[Location Country]{{#filter Market}} *[Selling Season].[Selling Season]{{#filter SellingSeason}});\nMeasure.[BU Rec Rtl] = if (Measure.[BU SelectTimeCycle] == 1) then Measure.[LY Rec Rtl]\nelse if (Measure.[BU SelectTimeCycle] == 2) then Measure.[LLY Rec Rtl] \nelse if (Measure.[BU SelectTimeCycle] == 3) then Measure.[LLLY Rec Rtl] else Measure.[LY Rec Rtl]; end scope;{{/if}}"
      }
    ],
    "JavascriptRules": [],
    "FieldBindings": [
      {
        "fieldName": "Version",
        "title": "Version",
        "source": "filter",
        "type": "string",
        "key": "LA-Version",
        "visible": true,
        "isEditable": false,
        "validation": {
          "required": true,
          "maxLength": "0"
        },
        "DimensionName": "Version",
        "LevelAttributeName": "Version Name",
        "clearSearch": true
      },
      {
        "fieldName": "Select",
        "title": "Select Seed Option",
        "Description": "Select Seed Option",
        "type": "picklistDropdown",
        "selectionType": "single",
        "clearSearch": true,
        "source": "localPicklist",
        "values": [
          {
            "Key": "1",
            "Name": "LY"
          },
          {
            "Key": "2",
            "Name": "LLY"
          },
          {
            "Key": "3",
            "Name": "LLLY"
          }
        ],
        "valueField": "Key",
        "visible": true,
        "isEditable": true,
        "validation": {
          "maxLength": "0",
          "required": true
        }
      },
      {
        "fieldName": "SelectBUSalesRtl",
        "title": "Select BU Sales Rtl",
        "Description": "Select BU Sales Rtl",
        "type": "boolean",
        "clearSearch": true,
        "source": "literal",
        "defaultValue": false,
        "visible": true,
        "isEditable": true,
        "validation": {
          "maxLength": "0",
          "required": true
        }
      },
      {
        "fieldName": "SelectBUReceiptsRtl",
        "title": "Select BU Receipts Rtl",
        "Description": "Select BU Receipts Rtl",
        "type": "boolean",
        "clearSearch": true,
        "source": "literal",
        "defaultValue": false,
        "visible": true,
        "isEditable": true,
        "validation": {
          "maxLength": "0",
          "required": true
        }
      },
      {
        "fieldName": "Class",
        "title": "Class",
        "Description": "Class",
        "type": "picklistDropdown",
        "selectionType": "multiple",
        "clearSearch": true,
        "source": "filter",
        "DimensionName": "Item",
        "LevelAttributeName": "L3",
        "visible": true,
        "isEditable": true,
        "validation": {
          "maxLength": "0",
          "required": true
        }
      },
      {
        "fieldName": "Channel",
        "title": "Channel",
        "Description": "Channel",
        "type": "picklistDropdown",
        "clearSearch": true,
        "source": "filter",
        "DimensionName": "Sales Domain",
        "LevelAttributeName": "Sales Planning Channel",
        "visible": true,
        "isEditable": true,
        "validation": {
          "maxLength": "0",
          "required": true
        }
      },
      {
        "fieldName": "Market",
        "title": "Market",
        "Description": "Market",
        "type": "picklistDropdown",
        "clearSearch": true,
        "source": "filter",
        "DimensionName": "Location",
        "LevelAttributeName": "Location Country",
        "visible": true,
        "isEditable": true,
        "validation": {
          "maxLength": "0",
          "required": true
        }
      },
      {
        "fieldName": "Season",
        "title": "Season",
        "Description": "Season",
        "type": "picklistDropdown",
        "clearSearch": true,
        "source": "filter",
        "DimensionName": "Time",
        "LevelAttributeName": "Planning Quarter",
        "visible": true,
        "isEditable": true,
        "validation": {
          "maxLength": "0",
          "required": true
        }
      },
      {
        "fieldName": "SellingSeason",
        "title": "Selling Season",
        "Description": "Selling Season",
        "type": "picklistDropdown",
        "selectionType": "multiple",
        "clearSearch": true,
        "source": "filter",
        "DimensionName": "Selling Season",
        "LevelAttributeName": "Selling Season",
        "visible": true,
        "isEditable": true,
        "validation": {
          "maxLength": "0",
          "required": true
        }
      }
    ],
    "Range": [],
    "DataSources": [],
    "AutoExecute": false,
    "isAsync": true,
    "hasMembersUpdates": false,
    "Compact": true,
    "TwoColumn": true,
    "IsGlobalForExcelAddIn": false,
    "ReturnFilterByUpdate": false,
    "ExcludeFromNavLink": false,
    "FilterFieldBindings": []
  },
  "Widget": null,
  "Roles": []
}