{
  "MeasureGroupName": "003.013 Common Demand Netting NC Addition and Deletion",
  "MeasureGroupId": "40fcf981-e996-473c-9ae6-78a3d361b0b1",
  "ParentMeasureGroupName": null,
  "HasShadow": false,
  "MeasureGroupDescription": "Common Demand Netting NC Addition and Deletion",
  "MeasureGroupType": "Regular",
  "FactTableName": "Fact003.013CommonDemandNettingNCAdditionandDeletion",
  "SchemaMajorVersion": 0,
  "ConfigJson": {},
  "ApiName": null,
  "Repartition": false,
  "Unpartition": false,
  "ApiEnabled": false,
  "DimensionUsages": [
    {
      "DimensionName": "Version",
      "AttributeName": "Version Name",
      "SortOrder": 0,
      "DimensionType": "Regular"
    },
    {
      "DimensionName": "Time",
      "AttributeName": "Week",
      "SortOrder": 0,
      "DimensionType": "Time"
    },
    {
      "DimensionName": "Sales Domain",
      "AttributeName": "Customer Group",
      "SortOrder": 1,
      "DimensionType": "Regular"
    },
    {
      "DimensionName": "Location",
      "AttributeName": "Location",
      "SortOrder": 2,
      "DimensionType": "Regular"
    },
    {
      "DimensionName": "Item",
      "AttributeName": "Item",
      "SortOrder": 3,
      "DimensionType": "Regular"
    }
  ]
}