{
  "Name": "SupplyPlan102MfgNetworkParameterMerge",
  "Description": null,
  "ActionButtonId": "63d9477d-0261-45e4-83ba-b03ff58c218e",
  "Tooltip": "Merge Manufacturing Network Parameters",
  "ActionButtonType": "Rule",
  "Alignment": "right",
  "IsPopOver": true,
  "IsGlobal": false,
  "ActionClickHandler": null,
  "Icon": null,
  "Image": null,
  "ConfigJson": {
    "icon": "upload",
    "Position": "0",
    "SubmitButton": {
      "Label": "Submit"
    },
    "ResetButton": {
      "Label": "Reset"
    },
    "CloseButton": {
      "Label": "Close",
      "ConfirmMessage": "Unsaved changes will be lost. Continue?"
    },
    "NotifyAll": false,
    "IBPLRules": [
      {
        "template": "\n\n/* Copies over the BOM Produced and Consumed, if selected */\n\n{{#if MFGMeasure1}}\n\n{{#each MFGMeasure1}}\n\n\nscope: (Version.[Version Name].[{{Target}}] * Location.Location{{#filter Location3}} * &AllBOMs * Item.Item{{#filter Item3}} );\n\nMeasure.[{{this}}] = Measure.[{{this}}]@(Version.[Version Name].[{{Source}}] );\n\nend scope;\n\n{{/each}}\n{{/if}}\n\n\n/* Copies over the Item/BOM/Routing/Location level parameters, if selected */\n\n\n{{#if MFGMeasure2}}\n\n{{#each MFGMeasure2}}\n\n\nscope: ( Version.[Version Name].[{{Target}}] * Location.Location{{#filter Location4}} * &AllBOMs * Item.Item{{#filter Item4}} * &AllRoutings );\n\nMeasure.[{{this}}] = Measure.[{{this}}]@(Version.[Version Name].[{{Source}}]);\n\nend scope;\n\n{{/each}}\n{{/if}}\n\n\n/* Copies over the Item/Routing/Location level parameters, if selected */\n\n\n{{#if MFGMeasure3}}\n\n{{#each MFGMeasure3}}\n\n\nscope: ( Version.[Version Name].[{{Target}}] * Location.Location{{#filter Location5}} *  Item.Item{{#filter Item5}} * &AllRoutings );\n\nMeasure.[{{this}}] = Measure.[{{this}}]@(Version.[Version Name].[{{Source}}]);\n\nend scope;\n\n{{/each}}\n{{/if}}\n\n\n/* Copies over the Resource/Routing/Location level parameters, if selected */\n\n\n\n{{#if MFGMeasure4}}\n\n{{#each MFGMeasure4}}\n\n\nscope: ( Version.[Version Name].[{{Target}}] * Location.Location{{#filter Location6}} *  Resource.Resource{{#filter Resource6}} * &AllRoutings * Item.Item{{#filter Item6}} );\n\nMeasure.[{{this}}] = Measure.[{{this}}]@(Version.[Version Name].[{{Source}}]);\n\nend scope;\n\n{{/each}}\n{{/if}}\n\n\n/* Copies over the Time Varying Yield level parameters, if selected */\n\n\n{{#if MFGMeasure5}}\n\n{{#each MFGMeasure5}}\n\n\nscope: ( Version.[Version Name].[{{Target}}] * Location.Location{{#filter Location9}} * Activity2.Activity2{{#filter Activity29}} * &PlanningHorizon);\n\nMeasure.[{{this}}] = Measure.[{{this}}]@(Version.[Version Name].[{{Source}}]);\n\nend scope;\n\n{{/each}}\n{{/if}}\n"
      }
    ],
    "JavascriptRules": [],
    "FieldBindings": [
      {
        "fieldName": "Source",
        "title": "Source Scenario",
        "Description": "Source Scenario",
        "type": "picklistDropdown",
        "selectionType": "single",
        "clearSearch": true,
        "select": "NONE",
        "source": "members",
        "DimensionName": "Version",
        "LevelAttributeName": "Version Name",
        "FilterExpression": "&Scenarios",
        "visible": true,
        "isEditable": true,
        "validation": {
          "maxLength": "0",
          "required": true
        }
      },
      {
        "fieldName": "Target",
        "title": "Target Scenario",
        "Description": "Target Scenario",
        "type": "picklistDropdown",
        "selectionType": "single",
        "clearSearch": true,
        "select": "ALL",
        "source": "members",
        "DimensionName": "Version",
        "LevelAttributeName": "Version Name",
        "FilterExpression": "&CWV",
        "visible": true,
        "isEditable": false,
        "validation": {
          "maxLength": "0",
          "required": true
        }
      },
      {
        "fieldName": "Location3",
        "title": "Location",
        "type": "picklistDropdown",
        "fieldGroup": "BOM Produced/Consumed",
        "selectionType": "single",
        "clearSearch": true,
        "select": "NONE",
        "source": "members",
        "DimensionName": "Location",
        "LevelAttributeName": "Location",
        "visible": true,
        "isEditable": true,
        "validation": {
          "maxLength": "0",
          "required": false
        }
      },
      {
        "fieldName": "Item3",
        "title": "Item",
        "type": "picklistDropdown",
        "fieldGroup": "BOM Produced/Consumed",
        "selectionType": "multiple",
        "clearSearch": true,
        "select": "NONE",
        "source": "datasource",
        "key": "dsItem3",
        "valueField": "Item",
        "textField": "Item",
        "visible": true,
        "isEditable": true,
        "cascadeFrom": "Location3",
        "validation": {
          "maxLength": "0",
          "required": false
        },
        "overrideFieldBindingType": false
      },
      {
        "fieldName": "MFGMeasure1",
        "title": "Parameters",
        "type": "picklistDropdown",
        "fieldGroup": "BOM Produced/Consumed",
        "selectionType": "multiple",
        "clearSearch": true,
        "select": "NONE",
        "source": "picklist",
        "key": "NetworkMFGMeasure1",
        "visible": true,
        "isEditable": true,
        "validation": {
          "maxLength": "0",
          "required": false
        }
      },
      {
        "fieldName": "Location4",
        "title": "Location",
        "type": "picklistDropdown",
        "fieldGroup": "Item BOM Routing Parameters",
        "selectionType": "single",
        "clearSearch": true,
        "select": "NONE",
        "source": "members",
        "DimensionName": "Location",
        "LevelAttributeName": "Location",
        "visible": true,
        "isEditable": true,
        "validation": {
          "maxLength": "0",
          "required": false
        }
      },
      {
        "fieldName": "Item4",
        "title": "Item",
        "type": "picklistDropdown",
        "fieldGroup": "Item BOM Routing Parameters",
        "selectionType": "multiple",
        "clearSearch": true,
        "select": "NONE",
        "source": "datasource",
        "key": "dsItem4",
        "valueField": "Item",
        "textField": "Item",
        "visible": true,
        "isEditable": true,
        "cascadeFrom": "Location4",
        "validation": {
          "maxLength": "0",
          "required": false
        },
        "overrideFieldBindingType": false
      },
      {
        "fieldName": "MFGMeasure2",
        "title": "Parameters",
        "type": "picklistDropdown",
        "fieldGroup": "Item BOM Routing Parameters",
        "selectionType": "multiple",
        "clearSearch": true,
        "select": "NONE",
        "source": "picklist",
        "key": "NetworkMFGMeasure2",
        "visible": true,
        "isEditable": true,
        "validation": {
          "maxLength": "0",
          "required": false
        }
      },
      {
        "fieldName": "Location5",
        "title": "Location",
        "type": "picklistDropdown",
        "fieldGroup": "Routing Parameters",
        "selectionType": "single",
        "clearSearch": true,
        "select": "NONE",
        "source": "members",
        "DimensionName": "Location",
        "LevelAttributeName": "Location",
        "visible": true,
        "isEditable": true,
        "validation": {
          "maxLength": "0",
          "required": false
        }
      },
      {
        "fieldName": "Item5",
        "title": "Item",
        "type": "picklistDropdown",
        "fieldGroup": "Routing Parameters",
        "selectionType": "multiple",
        "clearSearch": true,
        "select": "NONE",
        "source": "datasource",
        "key": "dsItem5",
        "valueField": "Item",
        "textField": "Item",
        "visible": true,
        "isEditable": true,
        "cascadeFrom": "Location5",
        "validation": {
          "maxLength": "0",
          "required": false
        },
        "overrideFieldBindingType": false
      },
      {
        "fieldName": "MFGMeasure3",
        "title": "Parameters",
        "type": "picklistDropdown",
        "fieldGroup": "Routing Parameters",
        "selectionType": "multiple",
        "clearSearch": true,
        "select": "NONE",
        "source": "picklist",
        "key": "NetworkMFGMeasure3",
        "visible": true,
        "isEditable": true,
        "validation": {
          "maxLength": "0",
          "required": false
        }
      },
      {
        "fieldName": "Location6",
        "title": "Location",
        "type": "picklistDropdown",
        "fieldGroup": "Resource Routing Parameters",
        "selectionType": "single",
        "clearSearch": true,
        "select": "NONE",
        "source": "members",
        "DimensionName": "Location",
        "LevelAttributeName": "Location",
        "visible": true,
        "isEditable": true,
        "validation": {
          "maxLength": "0",
          "required": false
        }
      },
      {
        "fieldName": "Resource6",
        "title": "Resource",
        "type": "picklistDropdown",
        "fieldGroup": "Resource Routing Parameters",
        "selectionType": "multiple",
        "clearSearch": true,
        "select": "NONE",
        "source": "datasource",
        "key": "dsResource6",
        "valueField": "Resource",
        "textField": "Resource",
        "visible": true,
        "isEditable": true,
        "cascadeFrom": "Location6",
        "validation": {
          "maxLength": "0",
          "required": false
        },
        "overrideFieldBindingType": false
      },
      {
        "fieldName": "MFGMeasure4",
        "title": "Parameters",
        "type": "picklistDropdown",
        "fieldGroup": "Resource Routing Parameters",
        "selectionType": "multiple",
        "clearSearch": true,
        "select": "NONE",
        "source": "picklist",
        "key": "NetworkMFGMeasure4",
        "visible": true,
        "isEditable": true,
        "validation": {
          "maxLength": "0",
          "required": false
        }
      },
      {
        "fieldName": "Location9",
        "title": "Location",
        "type": "picklistDropdown",
        "fieldGroup": "Time Varying Yields",
        "selectionType": "single",
        "clearSearch": true,
        "select": "NONE",
        "source": "members",
        "DimensionName": "Location",
        "LevelAttributeName": "Location",
        "visible": true,
        "isEditable": true,
        "validation": {
          "maxLength": "0",
          "required": false
        }
      },
      {
        "fieldName": "Item9",
        "title": "Item",
        "type": "picklistDropdown",
        "fieldGroup": "Time Varying Yields",
        "selectionType": "multiple",
        "clearSearch": true,
        "select": "NONE",
        "source": "datasource",
        "key": "dsItem9",
        "valueField": "Item",
        "textField": "Item",
        "visible": true,
        "isEditable": true,
        "cascadeFrom": "Location9",
        "validation": {
          "maxLength": "0",
          "required": false
        },
        "overrideFieldBindingType": false
      },
      {
        "fieldName": "Activity29",
        "title": "RoutingID",
        "type": "picklistDropdown",
        "fieldGroup": "Time Varying Yields",
        "selectionType": "multiple",
        "clearSearch": true,
        "select": "NONE",
        "source": "members",
        "DimensionName": "Activity2",
        "LevelAttributeName": "Activity2",
        "FilterExpression": "&AllRoutings",
        "visible": true,
        "isEditable": true,
        "validation": {
          "maxLength": "0",
          "required": false
        }
      },
      {
        "fieldName": "Item6",
        "title": "Item",
        "type": "picklistDropdown",
        "fieldGroup": "Resource Routing Parameters",
        "selectionType": "multiple",
        "clearSearch": true,
        "select": "NONE",
        "source": "datasource",
        "key": "dsResource6",
        "valueField": "Item",
        "textField": "Item",
        "visible": true,
        "isEditable": true,
        "cascadeFrom": "Location6",
        "validation": {
          "maxLength": "0",
          "required": false
        },
        "overrideFieldBindingType": false
      },
      {
        "fieldName": "MFGMeasure5",
        "title": "Parameters",
        "type": "picklistDropdown",
        "fieldGroup": "Time Varying Yields",
        "selectionType": "multiple",
        "clearSearch": true,
        "select": "NONE",
        "source": "picklist",
        "key": "NetworkMFGMeasure5",
        "visible": true,
        "isEditable": true,
        "validation": {
          "maxLength": "0",
          "required": true
        }
      }
    ],
    "Range": [],
    "DataSources": [
      {
        "Name": "dsItem3",
        "IBPLRules": [
          {
            "template": "\nSelect ([Location].[Location]{{#filter Location3}} * &AllBOMs * [Item].[Item] * [Version].[Version Name].[{{Source}}] ) on row, \n({Measure.[Final BOM Quantity Consumed Per], Measure.[Final BOM Quantity Produced Per]}) on column;"
          }
        ],
        "JavascriptRules": [],
        "FieldBindings": [],
        "IncludeDSFieldsOnly": false
      },
      {
        "Name": "dsItem4",
        "IBPLRules": [
          {
            "template": "\nSelect ([Location].[Location]{{#filter Location4}}  * [Item].[Item] * &AllRoutings * [Version].[Version Name].[{{Source}}] ) on row, \n({Measure.[Final Routing Item Location Association]}) on column;"
          }
        ],
        "JavascriptRules": [],
        "FieldBindings": [],
        "IncludeDSFieldsOnly": false
      },
      {
        "Name": "dsItem5",
        "IBPLRules": [
          {
            "template": "Select ([Location].[Location]{{#filter Location5}} * [Item].[Item] * &AllRoutings * [Version].[Version Name].[{{Source}}] ) on row, \n({Measure.[Final Routing Item Location Association]}) on column;"
          }
        ],
        "JavascriptRules": [],
        "FieldBindings": [],
        "IncludeDSFieldsOnly": false
      },
      {
        "Name": "dsResource6",
        "IBPLRules": [
          {
            "template": "\n\nSelect ([Resource].[Resource] * [Location].[Location]{{#filter Location6}} * &AllRoutings * [Version].[Version Name].[{{Source}}] * [Item].[Item]) on row, \n({Measure.[Final Resource Routing Association]}) on column;"
          }
        ],
        "JavascriptRules": [],
        "FieldBindings": [],
        "IncludeDSFieldsOnly": false
      },
      {
        "Name": "dsItem9",
        "IBPLRules": [
          {
            "template": "Select ([Location].[Location]{{#filter Location9}} * &PlanningHorizon * &AllRoutings * [Version].[Version Name].[{{Source}}] ) on row, \n({Measure.[MFG Consumed Yield Time Varying], Measure.[MFG Produced Yield Time Varying]}) on column;\n"
          }
        ],
        "JavascriptRules": [],
        "FieldBindings": [],
        "IncludeDSFieldsOnly": false
      }
    ],
    "AutoExecute": false,
    "isAsync": false,
    "hasMembersUpdates": false,
    "Compact": true,
    "TwoColumn": true,
    "IsGlobalForExcelAddIn": false,
    "ExcludeFromNavLink": false,
    "FilterFieldBindings": []
  },
  "Widget": null,
  "Roles": []
}