{
  "MeasureName": "o9EKG Group By Text",
  "MeasureId": "a7798ff7-184d-f966-4cbd-d55b74e6c6a8",
  "MeasureDescription": "User specified Group by that will be used in code gen",
  "DataType": "string",
  "MeasureType": "Regular",
  "AggregateFunction": "Sum",
  "FormatString": "#,##0;(#,##0)",
  "MeasureColumnName": "o9EKGGroupByText",
  "MeasureFormula": "",
  "IsEditable": true,
  "ApplyConversion": false,
  "ConversionFormula": "",
  "PickListName": null,
  "BgColorFormula": " IF(coalesce(Measure.[o9EKG Auto Generate Group By],\"XYZ\")!=\"User Specified\"&&~isnull(Measure.[o9EKG Group By Text])) then argb( 1,237, 49, 49) else  IF(coalesce(Measure.[o9EKG Auto Generate Group By],\"XYZ\")==\"User Specified\"&& isnull(Measure.[o9EKG Group By Text])) then argb( 1,237, 49, 49)",
  "FgColorFormula": "",
  "TrendFormula": "",
  "FormattingViewModel": "[\r\n  {\r\n    \"BGCOLOR\": \"argb(1,237,49,49)\",\r\n    \"Condition\": \"coalesce(Measure.[o9EKG Auto Generate Group By],\\\"XYZ\\\")!=\\\"User Specified\\\"&&~isnull(Measure.[o9EKG Group By Text])\"\r\n  },\r\n  {\r\n    \"BGCOLOR\": \"argb(1,237,49,49)\",\r\n    \"Condition\": \"coalesce(Measure.[o9EKG Auto Generate Group By],\\\"XYZ\\\")==\\\"User Specified\\\"&&isnull(Measure.[o9EKG Group By Text])\"\r\n  }\r\n]",
  "ParentMeasureName": null,
  "AssociationMeasure": false,
  "IsComputedByPlanningService": false,
  "ToolTip": "Group by text specified here will be as is placed in the spark SQL code",
  "ConfigJson": {},
  "ApiName": null,
  "ApiDisabled": false,
  "IsReportingMeasure": false,
  "MeasureConditionalFormulaProperties": [
    {
      "MeasureName": null,
      "ConditionalFormula": "coalesce(Measure.[o9EKG Auto Generate Group By],\"XYZ\")!=\"User Specified\"&&~isnull(Measure.[o9EKG Group By Text])",
      "BGCOLOR": "rgba(237,49,49,1)",
      "LegendText": "",
      "DisplayOrder": 0
    },
    {
      "MeasureName": null,
      "ConditionalFormula": "coalesce(Measure.[o9EKG Auto Generate Group By],\"XYZ\")==\"User Specified\"&& isnull(Measure.[o9EKG Group By Text])",
      "BGCOLOR": "rgba(237, 49, 49, 1)",
      "LegendText": "",
      "DisplayOrder": 1
    }
  ],
  "PicklistSource": null
}