{
  "AttributeName": "Table Name",
  "AttributeId": "85fd68e2-e19e-4102-bc28-83346cad35be",
  "AttributeHierarchyEnabled": true,
  "IsKey": false,
  "Description": "Table Name",
  "OrderBy": "Name",
  "KeyColumnName": "TableNameKey",
  "NameColumnName": "TableNameName",
  "KeyColumnDataType": "integer",
  "SeedTags": false,
  "KeyGenerationType": "Auto",
  "PickListName": null,
  "ConfigJson": {
    "ShowFilterAs": "TileView",
    "MemberDisplayNameEditable": true,
    "IsMultipleImage": false
  },
  "FormatString": null,
  "Translation": null,
  "Aliases": [],
  "ApiName": null,
  "ApiDisabled": false
}