{
  "MeasureName": "Staging Table With SAP Filter",
  "MeasureId": "aa4b224f-9772-41a6-81a4-303150a3b7be",
  "MeasureDescription": "Staging Table With SAP Filter",
  "DataType": "string",
  "MeasureType": "Regular",
  "AggregateFunction": "Null",
  "FormatString": "#,##0;(#,##0)",
  "MeasureColumnName": "StagingTableWithSAPFilter",
  "MeasureFormula": "",
  "IsEditable": true,
  "ApplyConversion": false,
  "ConversionFormula": "",
  "PickListName": null,
  "BgColorFormula": "",
  "FgColorFormula": "",
  "TrendFormula": "",
  "FormattingViewModel": null,
  "ParentMeasureName": null,
  "AssociationMeasure": false,
  "IsComputedByPlanningService": false,
  "ToolTip": "Stg Table W SAP Filter",
  "ConfigJson": {},
  "ApiName": null,
  "ApiDisabled": false,
  "IsReportingMeasure": false,
  "MeasureConditionalFormulaProperties": [],
  "PicklistSource": null
}