{
  "MeasureGroupName": "ABDM RuleMappings",
  "MeasureGroupId": "1e6e8f2c-33b6-19ba-b475-8aa07134d456",
  "ParentMeasureGroupName": null,
  "HasShadow": false,
  "MeasureGroupDescription": "ABDM RuleMappings",
  "MeasureGroupType": "Regular",
  "FactTableName": "FactABDMRuleMappings_2",
  "SchemaMajorVersion": 0,
  "ConfigJson": {},
  "ApiName": null,
  "Repartition": false,
  "Unpartition": false,
  "ApiEnabled": false,
  "DimensionUsages": [
    {
      "DimensionName": "Version",
      "AttributeName": "Version Name",
      "SortOrder": 0,
      "DimensionType": "Regular"
    },
    {
      "DimensionName": "Data Object",
      "AttributeName": "Data Object",
      "SortOrder": 1,
      "DimensionType": "Regular"
    },
    {
      "DimensionName": "Sequence ID",
      "AttributeName": "Sequence ID",
      "SortOrder": 2,
      "DimensionType": "Regular"
    }
  ]
}