{
  "MeasureGroupName": "o9MKPipelineSettingsValue",
  "MeasureGroupId": "63ccfd61-acb7-45ae-b9f2-13202d446a95",
  "ParentMeasureGroupName": null,
  "HasShadow": false,
  "MeasureGroupDescription": "o9MKPipelineSettingsValue",
  "MeasureGroupType": "Regular",
  "FactTableName": "Facto9MKPipelineSettingsValue",
  "SchemaMajorVersion": 0,
  "ConfigJson": {},
  "ApiName": "o9MKPipelineSettingsValue",
  "Repartition": false,
  "Unpartition": false,
  "ApiEnabled": true,
  "DimensionUsages": [
    {
      "DimensionName": "Version",
      "AttributeName": "Version Name",
      "SortOrder": 0,
      "DimensionType": "Regular"
    },
    {
      "DimensionName": "o9MKPipelineSettings",
      "AttributeName": "PipelineSettingsName",
      "SortOrder": 1,
      "DimensionType": "Regular"
    }
  ]
}