{
  "MeasureGroupName": "080 Stat Model Algorithm Association",
  "MeasureGroupId": "b657d1bf-cc68-4ca4-bda4-6dd11890d088",
  "ParentMeasureGroupName": null,
  "HasShadow": false,
  "MeasureGroupDescription": "Specifies the algorithm to be run for each stat model",
  "MeasureGroupType": "Regular",
  "FactTableName": "Fact080StatModelAlgorithmAssociation",
  "SchemaMajorVersion": 0,
  "ConfigJson": {},
  "ApiName": null,
  "Repartition": false,
  "Unpartition": false,
  "ApiEnabled": false,
  "DimensionUsages": [
    {
      "DimensionName": "Version",
      "AttributeName": "Version Name",
      "SortOrder": 1,
      "DimensionType": "Regular"
    },
    {
      "DimensionName": "Stat Algorithm",
      "AttributeName": "Stat Algorithm",
      "SortOrder": 2,
      "DimensionType": "Regular"
    },
    {
      "DimensionName": "Stat Model",
      "AttributeName": "Stat Model",
      "SortOrder": 3,
      "DimensionType": "Regular"
    }
  ]
}