{
  "AttributeName": "EA Program",
  "AttributeId": "7453ad63-fd6c-4a92-8165-94ad9368d5cf",
  "AttributeHierarchyEnabled": true,
  "IsKey": false,
  "Description": "EA Program",
  "OrderBy": "Key",
  "KeyColumnName": "EAProgramKey",
  "NameColumnName": "EAProgramName",
  "KeyColumnDataType": "integer",
  "SeedTags": false,
  "KeyGenerationType": "Auto",
  "PickListName": null,
  "ConfigJson": {},
  "FormatString": null,
  "Translation": null,
  "Aliases": null,
  "ApiName": null,
  "ApiDisabled": false,
  "FgColorFormula": null,
  "BgColorFormula": null,
  "IsReservedBySystem": false
}