{
  "MeasureName": "Time Horizon",
  "MeasureId": "b2196332-9b9e-4f16-a518-cb0098b0062d",
  "MeasureDescription": "Time Horizon of data (last 3 years, last 1 year etc)",
  "DataType": "string",
  "MeasureType": "Regular",
  "AggregateFunction": "Null",
  "FormatString": "#",
  "MeasureColumnName": "TimeHorizon",
  "MeasureFormula": "",
  "IsEditable": true,
  "ApplyConversion": false,
  "ConversionFormula": "",
  "PickListName": null,
  "BgColorFormula": "",
  "FgColorFormula": "",
  "TrendFormula": "",
  "FormattingViewModel": null,
  "ParentMeasureName": null,
  "AssociationMeasure": false,
  "IsComputedByPlanningService": false,
  "ToolTip": "Time Horizon of data (last 3 years, last 1 year etc)",
  "ConfigJson": {},
  "ApiName": null,
  "ApiDisabled": false,
  "IsReportingMeasure": false,
  "MeasureConditionalFormulaProperties": [],
  "PicklistSource": null
}