{
  "AttributeName": "Event Description",
  "AttributeId": "f65fcd4f-2786-4dd4-acd1-5bee82edb0f9",
  "AttributeHierarchyEnabled": false,
  "IsKey": false,
  "Description": "Type of Event",
  "OrderBy": "Key",
  "KeyColumnName": "EventDescriptionKey",
  "NameColumnName": null,
  "KeyColumnDataType": "string",
  "SeedTags": false,
  "KeyGenerationType": null,
  "PickListName": null,
  "ConfigJson": {
    "IsVisible": true,
    "IsEditable": true
  },
  "FormatString": "",
  "Translation": null,
  "Aliases": [],
  "ApiName": null,
  "ApiDisabled": false
}