{
  "AttributeName": "Item English Display Name",
  "AttributeId": "af2ac618-b531-4e16-bf22-f4eb9c44dac8",
  "AttributeHierarchyEnabled": false,
  "IsKey": false,
  "Description": "Item English Display Name",
  "OrderBy": "Key",
  "KeyColumnName": "ItemEnglishDisplayNameKey",
  "NameColumnName": null,
  "KeyColumnDataType": "string",
  "SeedTags": false,
  "KeyGenerationType": null,
  "PickListName": null,
  "ConfigJson": {
    "IsVisible": true,
    "IsEditable": false
  },
  "FormatString": "#,##0;(#,##0)",
  "Translation": null,
  "Aliases": [],
  "ApiName": null,
  "ApiDisabled": false
}