{
  "Name": "AP04RunHeatMapMultiSeason",
  "Description": "Heat Map",
  "ActionButtonId": "1e0986a3-a9de-425e-9709-7286a166c094",
  "Tooltip": "Run Pareto",
  "ActionButtonType": "Widget",
  "Alignment": "right",
  "IsPopOver": true,
  "IsGlobal": true,
  "ActionClickHandler": null,
  "Icon": null,
  "Image": null,
  "ConfigJson": {
    "DisplayName": "MultiSSHeatMap",
    "icon": "line-chart",
    "SubmitButton": {
      "Label": "Submit"
    },
    "ResetButton": {
      "Label": "Reset"
    },
    "CloseButton": {
      "Label": "Close",
      "ConfirmMessage": "Unsaved changes will be lost. Continue?"
    },
    "NotifyAll": false,
    "IBPLRules": [
      {
        "template": "{{#each ClassSellingSeason}}\nexec plugin instance AP001SalesUnits for Measures {[Sales Units SC SS]} using scope (&CWVAndScenarios{{#filter Version}} * {{#entity ClassTuple}}.relatedmembers([Planning Item]) * {{#entity SellingSeasonTuple}});\n{{/each}}"
      },
      {
        "template": "{{#each ClassSellingSeason}}\nexec plugin instance AP002Margin for Measures {[Margin SC SS]} using scope (&CWVAndScenarios{{#filter Version}} * {{#entity ClassTuple}}.relatedmembers([Planning Item]) * {{#entity SellingSeasonTuple}});\n{{/each}}"
      },
      {
        "template": "{{#each ClassSellingSeason}}\nexec plugin instance AP003SalesValue for Measures {[Sales Value SC SS]} using scope (&CWVAndScenarios{{#filter Version}} * {{#entity ClassTuple}}.relatedmembers([Planning Item]) * {{#entity SellingSeasonTuple}});\n{{/each}}"
      },
      {
        "template": "{{#each ClassSellingSeason}}\nScope: (&CWVAndScenarios{{#filter Version}} * {{#entity ClassTuple}}.relatedmembers([Planning Item]) * {{#entity SellingSeasonTuple}}) ;\nMeasure.[o9 Recommendation HeatMap]=if ( Measure.[Sales Units Cumulative Ratio] <= Measure.[o9 Recommendation Threshold %]@([Item].#.AncestorsAtLevel([L3]).element(0)) ) then \"Yes\" else \"No\";\nend scope;\n{{/each}}"
      }
    ],
    "JavascriptRules": [],
    "FieldBindings": [
      {
        "fieldName": "Version",
        "title": "Version",
        "Description": "Version",
        "type": "picklistDropdown",
        "clearSearch": true,
        "source": "filter",
        "DimensionName": "Version",
        "LevelAttributeName": "Version Name",
        "visible": true,
        "isEditable": true,
        "validation": {
          "maxLength": "0",
          "required": true
        },
        "selectionType": "single"
      },
      {
        "fieldName": "ClassSellingSeason",
        "title": "Class-Selling Season",
        "Description": "Class-Selling Season",
        "type": "picklistDropdown",
        "select": "ALL",
        "clearSearch": true,
        "source": "parentTuple",
        "TuplesList": [
          {
            "Key": "ClassTuple",
            "LevelAttribute": {
              "DimensionName": "Item",
              "Name": "L3",
              "textField": "Select Class"
            },
            "tuplesource": "LevelAttribute"
          },
          {
            "Key": "SellingSeasonTuple",
            "LevelAttribute": {
              "DimensionName": "Selling Season",
              "Name": "Selling Season",
              "textField": "Select Selling Season"
            },
            "tuplesource": "LevelAttribute"
          }
        ],
        "visible": true,
        "isEditable": true,
        "validation": {
          "required": true
        }
      }
    ],
    "DataSources": [],
    "AutoExecute": false,
    "isAsync": true,
    "hasMembersUpdates": false,
    "Compact": false,
    "TwoColumn": false,
    "IsGlobalForExcelAddIn": false,
    "ReturnFilterByUpdate": false,
    "ExcludeFromNavLink": false,
    "FilterFieldBindings": []
  },
  "Widget": null
}