{
  "MeasureGroupName": "007 Exchange Rate Partial Weekly",
  "MeasureGroupId": "1a10a536-c455-a1fe-ebcb-462c575f9bee",
  "ParentMeasureGroupName": null,
  "HasShadow": false,
  "MeasureGroupDescription": "Exchange rate measures at partial week level",
  "MeasureGroupType": "Regular",
  "FactTableName": "Fact007ExchangeRatePartialWeekly",
  "SchemaMajorVersion": 0,
  "ConfigJson": {},
  "ApiName": null,
  "Repartition": false,
  "Unpartition": false,
  "ApiEnabled": false,
  "DimensionUsages": [
    {
      "DimensionName": "Version",
      "AttributeName": "Version Name",
      "SortOrder": 0,
      "DimensionType": "Regular"
    },
    {
      "DimensionName": "Time",
      "AttributeName": "Partial Week",
      "SortOrder": 0,
      "DimensionType": "Time"
    },
    {
      "DimensionName": "Currency",
      "AttributeName": "Currency",
      "SortOrder": 1,
      "DimensionType": "Regular"
    }
  ]
}