{
  "Name": "o9EKGUpdatePipelineProperties",
  "Description": null,
  "ActionButtonId": "b2696de3-a59f-f0a8-d481-4d8784821974",
  "Tooltip": "Update Pipeline Group",
  "ActionButtonType": "Widget",
  "Alignment": "right",
  "IsPopOver": true,
  "IsGlobal": true,
  "ActionClickHandler": null,
  "Icon": null,
  "Image": null,
  "ConfigJson": {
    "icon": "edit",
    "SubmitButton": {
      "Label": "Submit",
      "SuccessMessage": "Pipeline details updated."
    },
    "ResetButton": {},
    "CloseButton": {
      "Label": "Close"
    },
    "NotifyRoles": true,
    "NotifyAll": false,
    "IBPLRules": [
      {
        "template": "\n\n//update FolderGroup//\n\n{{#if FolderGroup}} \n\ncartesian scope: ( &CWV * [o9EKG Pipeline].[Pipeline Name]{{#filter Pipeline}} * [o9EKG Customer].[Project Name].[{{Project}}]*[o9EKG Batch Type].[Batch Type].[{{Batch}}]);\n\nMeasure.[o9EKG Pipeline Folder Group] = \"{{FolderGroup}}\" ;\nMeasure.[o9EKG Update User] = \"{{User}}\";\nMeasure.[o9EKG Update Timestamp] = \"{{Timestamp}}\";\n\nend scope;\n\n{{/if}}\n"
      }
    ],
    "JavascriptRules": [],
    "FieldBindings": [
      {
        "fieldName": "Project",
        "title": "Project",
        "type": "picklistDropdown",
        "clearSearch": true,
        "source": "filter",
        "DimensionName": "o9EKG Customer",
        "LevelAttributeName": "Project Name",
        "visible": false,
        "isEditable": false,
        "validation": {
          "maxLength": "0",
          "required": true
        },
        "selectionType": "single",
        "fieldGroup": "Select Pipeline"
      },
      {
        "fieldName": "Pipeline",
        "title": "Selected Pipelines",
        "type": "picklistDropdown",
        "selectionType": "multiple",
        "clearSearch": true,
        "source": "parentAttribute",
        "DimensionName": "o9EKG Pipeline",
        "key": {
          "LevelAttribute": {
            "Name": "Pipeline Name",
            "Property": "Name"
          }
        },
        "visible": true,
        "isEditable": true,
        "validation": {
          "maxLength": "0",
          "required": true
        }
      },
      {
        "fieldName": "FolderGroup",
        "title": "Folder Group",
        "type": "string",
        "fieldGroup": "Folder Details",
        "clearSearch": true,
        "source": "literal",
        "visible": true,
        "isEditable": true,
        "validation": {
          "maxLength": "0",
          "required": false
        }
      },
      {
        "fieldName": "User",
        "title": "User",
        "Description": "User",
        "type": "string",
        "selectionType": "single",
        "clearSearch": true,
        "source": "datasource",
        "key": "UserDS",
        "valueField": "Name",
        "textField": "Name",
        "overrideFieldBindingType": false,
        "visible": false,
        "isEditable": false,
        "validation": {
          "maxLength": "0",
          "required": true
        }
      },
      {
        "fieldName": "Timestamp",
        "title": "Timestamp",
        "Description": "Timestamp",
        "type": "string",
        "selectionType": "single",
        "clearSearch": true,
        "source": "datasource",
        "key": "NowDS",
        "valueField": "result",
        "textField": "result",
        "overrideFieldBindingType": false,
        "visible": false,
        "isEditable": false,
        "validation": {
          "maxLength": "0",
          "required": true
        }
      },
      {
        "fieldName": "selectedBatch",
        "title": "Batch Type ",
        "type": "picklistDropdown",
        "selectionType": "single",
        "clearSearch": true,
        "select": "NONE",
        "source": "datasource",
        "key": "BatchType",
        "valueField": "Batch Type",
        "textField": "Batch Type",
        "overrideFieldBindingType": true,
        "visible": false,
        "isEditable": true,
        "cascadeFrom": "Project",
        "validation": {
          "maxLength": "0",
          "required": false
        }
      },
      {
        "fieldName": "Batch",
        "title": "Batch Type",
        "type": "picklistDropdown",
        "selectionType": "single",
        "clearSearch": true,
        "source": "parentAttribute",
        "DimensionName": "o9EKG Batch Type",
        "key": {
          "LevelAttribute": {
            "Name": "Batch Type",
            "Property": "Name"
          }
        },
        "visible": false,
        "isEditable": true,
        "validation": {
          "maxLength": "0",
          "required": false
        }
      },
      {
        "fieldName": "oldFolderGroup",
        "title": "oldFolderGroup",
        "type": "picklistDropdown",
        "clearSearch": true,
        "source": "parentMeasure",
        "key": {
          "Measure": {
            "Name": "o9EKG Pipeline Folder Group"
          }
        },
        "visible": false,
        "isEditable": true,
        "validation": {
          "maxLength": "0",
          "required": false
        }
      }
    ],
    "Range": [],
    "DataSources": [
      {
        "Name": "UserDS",
        "IBPLRules": [
          {
            "template": "select currentuser();"
          }
        ],
        "JavascriptRules": [],
        "IncludeDSFieldsOnly": false,
        "FieldBindings": []
      },
      {
        "Name": "NowDS",
        "IBPLRules": [
          {
            "template": "select now();"
          }
        ],
        "JavascriptRules": [],
        "IncludeDSFieldsOnly": false,
        "FieldBindings": []
      },
      {
        "Name": "batch",
        "IBPLRules": [
          {
            "template": "Select (&CWV * [o9EKG Pipeline].[Pipeline Name] * [o9EKG Customer].[Project Name].[{{Project}}] *[o9EKG Batch Type].[Batch Type]* {Measure.[o9EKG Table Order],Measure.[o9EKG Pipeline Folder Group],Measure.[o9EKG Batch Description]}); \n"
          }
        ],
        "JavascriptRules": [],
        "IncludeDSFieldsOnly": false,
        "FieldBindings": []
      },
      {
        "Name": "BatchType",
        "IBPLRules": [
          {
            "template": " \nSelect (&CWV * [o9EKG Customer].[Project Name].[{{Project}}]  * [o9EKG Batch Type].[Batch Type] *{Measure.[o9EKG Batch Description]}); "
          }
        ],
        "JavascriptRules": [],
        "IncludeDSFieldsOnly": false,
        "FieldBindings": []
      },
      {
        "Name": "BatchAndGroup",
        "IBPLRules": [
          {
            "template": "Select ([o9EKG Pipeline].[Pipeline Name] * [o9EKG Batch Type].[Batch Type]*{ Measure.[o9EKG Pipeline Folder Group],Measure.[o9EKG Batch Description]}) where {&CWV, [o9EKG Customer].[Project Name].[{{Project}}]};"
          }
        ],
        "JavascriptRules": [],
        "IncludeDSFieldsOnly": false,
        "FieldBindings": []
      }
    ],
    "AutoExecute": false,
    "isAsync": false,
    "hasMembersUpdates": true,
    "Compact": true,
    "TwoColumn": false,
    "IsGlobalForExcelAddIn": false,
    "ReturnFilterByUpdate": true,
    "ExcludeFromNavLink": false,
    "FilterFieldBindings": [],
    "enableTransaction": false
  },
  "Widget": null,
  "Roles": [
    "EKG_DataAdmin",
    "EKG_Intg_Arch",
    "EKG_SA"
  ]
}