{
  "Name": "SupplyPlan166CalculateTargetInventoryDaily",
  "Description": null,
  "ActionButtonId": "5e736af4-86df-4e27-bcdc-cf49bcf83d78",
  "Tooltip": "Calculate Daily Inventory Target",
  "ActionButtonType": "Rule",
  "Alignment": "right",
  "IsPopOver": true,
  "IsGlobal": false,
  "ActionClickHandler": null,
  "Icon": null,
  "Image": null,
  "ConfigJson": {
    "DisplayName": "Calculate Daily Inventory Target",
    "icon": "calculator",
    "Position": "0",
    "SubmitButton": {
      "Label": "Submit"
    },
    "ResetButton": {
      "Label": "Reset"
    },
    "CloseButton": {
      "Label": "Close",
      "ConfirmMessage": "Unsaved changes will be lost. Continue?"
    },
    "NotifyAll": false,
    "IBPLRules": [
      {
        "template": "Select Version.[Version Name].[{{Version}}].Key;",
        "output": {
          "name": "VersionKey",
          "type": "memberpairs"
        }
      },
      {
        "template": "exec procedure DailyBosToQuantityConversionMasterProcedure {\"Version\" : \"{{Version}}\", \"IndependentDemandOnly\": {{IndependentDemandOnly}}, \"DependentDemandOnly\" : {{DependentDemandOnly}}, \"IndependentAndDependentDemand\": {{IndependentAndDependentDemand}}, \"AdvancedInventoryPlanning\": {{AdvancedInventoryPlanning}}, \"MIN_MAX\" : {{MIN_MAX}},\"InventoryPlanType\" : {{SolverFlagInventoryPlanType}},\"VersionKey\" : {{VersionKey}}};",
        "input": {
          "name": "VersionKey"
        }
      },
      {
        "template": "deleteversion(\"D Bos To Quantity Scenario\");"
      }
    ],
    "JavascriptRules": [],
    "FieldBindings": [
      {
        "fieldName": "Version",
        "title": "Version",
        "type": "picklistDropdown",
        "selectionType": "single",
        "clearSearch": true,
        "source": "filter",
        "DimensionName": "Version",
        "LevelAttributeName": "Version Name",
        "visible": true,
        "isEditable": true,
        "validation": {
          "maxLength": "0",
          "required": true
        }
      },
      {
        "fieldName": "IndependentDemandOnly",
        "title": "IndependentDemandOnly",
        "type": "picklist",
        "selectionType": "single",
        "clearSearch": true,
        "select": "ALL",
        "source": "datasource",
        "key": "IndependentDemandOnly",
        "valueField": "Param Value",
        "textField": "Param Value",
        "visible": false,
        "isEditable": true,
        "cascadeFrom": "Version",
        "validation": {
          "maxLength": "0",
          "required": true
        }
      },
      {
        "fieldName": "DependentDemandOnly",
        "title": "DependentDemandOnly",
        "type": "picklist",
        "selectionType": "single",
        "clearSearch": true,
        "select": "ALL",
        "source": "datasource",
        "key": "DependentDemandOnly",
        "valueField": "Param Value",
        "textField": "Param Value",
        "visible": false,
        "isEditable": true,
        "cascadeFrom": "Version",
        "validation": {
          "maxLength": "0",
          "required": true
        }
      },
      {
        "fieldName": "IndependentAndDependentDemand",
        "title": "IndependentAndDependentDemand",
        "type": "picklist",
        "selectionType": "single",
        "clearSearch": true,
        "select": "ALL",
        "source": "datasource",
        "key": "IndependentAndDependentDemand",
        "valueField": "Param Value",
        "textField": "Param Value",
        "visible": false,
        "isEditable": true,
        "cascadeFrom": "Version",
        "validation": {
          "maxLength": "0",
          "required": true
        }
      },
      {
        "fieldName": "AdvancedInventoryPlanning",
        "title": "AdvancedInventoryPlanning",
        "type": "picklist",
        "selectionType": "single",
        "clearSearch": true,
        "select": "ALL",
        "source": "datasource",
        "key": "AdvancedInventoryPlanning",
        "valueField": "Param Value",
        "textField": "Param Value",
        "visible": false,
        "isEditable": true,
        "cascadeFrom": "Version",
        "validation": {
          "maxLength": "0",
          "required": true
        }
      },
      {
        "fieldName": "MIN_MAX",
        "title": "MIN_MAX",
        "type": "picklist",
        "selectionType": "single",
        "clearSearch": true,
        "select": "ALL",
        "source": "datasource",
        "key": "MIN_MAX",
        "valueField": "Param Value",
        "textField": "Param Value",
        "visible": false,
        "isEditable": true,
        "cascadeFrom": "Version",
        "validation": {
          "maxLength": "0",
          "required": true
        }
      },
      {
        "fieldName": "SolverFlagInventoryPlanType",
        "title": "SolverFlagInventoryPlanType",
        "type": "picklist",
        "selectionType": "single",
        "clearSearch": true,
        "select": "ALL",
        "source": "datasource",
        "key": "SolverFlagInventoryPlanType",
        "valueField": "Param Value",
        "textField": "Param Value",
        "visible": false,
        "isEditable": true,
        "cascadeFrom": "Version",
        "validation": {
          "maxLength": "0",
          "required": true
        }
      }
    ],
    "DataSources": [
      {
        "Name": "IndependentDemandOnly",
        "IBPLRules": [
          {
            "template": "Select (Version.[Version Name].[{{Version}}] * {(if (Measure.[D Inventory Planning Parameter] == 1) then \"true\" else \"false\") as Transient.[Param Value]});"
          }
        ],
        "JavascriptRules": [],
        "IncludeDSFieldsOnly": false,
        "FieldBindings": []
      },
      {
        "Name": "DependentDemandOnly",
        "IBPLRules": [
          {
            "template": "Select (Version.[Version Name].[{{Version}}] * {(if (Measure.[D Inventory Planning Parameter] == 2) then \"true\" else \"false\") as Transient.[Param Value]});"
          }
        ],
        "JavascriptRules": [],
        "IncludeDSFieldsOnly": false,
        "FieldBindings": []
      },
      {
        "Name": "IndependentAndDependentDemand",
        "IBPLRules": [
          {
            "template": "Select (Version.[Version Name].[{{Version}}] * {(if (Measure.[D Inventory Planning Parameter] == 3) then \"true\" else \"false\") as Transient.[Param Value]});"
          }
        ],
        "JavascriptRules": [],
        "IncludeDSFieldsOnly": false,
        "FieldBindings": []
      },
      {
        "Name": "AdvancedInventoryPlanning",
        "IBPLRules": [
          {
            "template": "Select (Version.[Version Name].[{{Version}}] * {(if (Measure.[D Inventory Planning Parameter] == 4) then \"true\" else \"false\") as Transient.[Param Value]});"
          }
        ],
        "JavascriptRules": [],
        "IncludeDSFieldsOnly": false,
        "FieldBindings": []
      },
      {
        "Name": "MIN_MAX",
        "IBPLRules": [
          {
            "template": "Select (Version.[Version Name].[{{Version}}] * {(if (Measure.[D Solver Flag Inventory Plan Policy] == \"MIN_MAX\") then \"true\" else \"false\") as Transient.[Param Value]});"
          }
        ],
        "JavascriptRules": [],
        "IncludeDSFieldsOnly": false,
        "FieldBindings": []
      },
      {
        "Name": "SolverFlagInventoryPlanType",
        "IBPLRules": [
          {
            "template": "Select (Version.[Version Name].[{{Version}}] * {(if (Measure.[D Solver Flag Inventory Plan Type] == \"BOS_TO_QUANTITY\") then \"true\" else \"false\") as Transient.[Param Value]});"
          }
        ],
        "JavascriptRules": [],
        "IncludeDSFieldsOnly": false,
        "FieldBindings": []
      }
    ],
    "AutoExecute": false,
    "isAsync": true,
    "hasMembersUpdates": false,
    "Compact": true,
    "TwoColumn": false,
    "IsGlobalForExcelAddIn": false,
    "FilterFieldBindings": []
  },
  "Widget": null
}