{
  "MeasureGroupName": "001.007 Priority Rules Plugin Output",
  "MeasureGroupId": "c1144863-6811-455f-b72c-027b25737a90",
  "ParentMeasureGroupName": null,
  "HasShadow": false,
  "MeasureGroupDescription": "Priority Rules plugin outputs",
  "MeasureGroupType": "Regular",
  "FactTableName": "Fact001.007PriorityRulesPluginOutput",
  "SchemaMajorVersion": 0,
  "ConfigJson": {},
  "ApiName": null,
  "Repartition": false,
  "Unpartition": false,
  "ApiEnabled": false,
  "DimensionUsages": [
    {
      "DimensionName": "Version",
      "AttributeName": "Version Name",
      "SortOrder": 0,
      "DimensionType": "Regular"
    },
    {
      "DimensionName": "Demand Priority Group",
      "AttributeName": "Priority Group",
      "SortOrder": 1,
      "DimensionType": "Regular"
    },
    {
      "DimensionName": "Prioritization",
      "AttributeName": "Priority Rule",
      "SortOrder": 2,
      "DimensionType": "Regular"
    }
  ]
}