{
  "MeasureName": "Process Due Date",
  "MeasureId": "35608af4-2555-4ee9-bbea-267eae2f3ea5",
  "MeasureDescription": "Process Due Date",
  "DataType": "datetime",
  "MeasureType": "Regular",
  "AggregateFunction": "Min",
  "FormatString": "dd-MMM-yy",
  "MeasureColumnName": "ProcessDueDate",
  "MeasureFormula": "",
  "IsEditable": false,
  "ApplyConversion": false,
  "ConversionFormula": "",
  "PickListName": null,
  "BgColorFormula": "",
  "FgColorFormula": "",
  "TrendFormula": "",
  "FormattingViewModel": "[]",
  "ParentMeasureName": null,
  "AssociationMeasure": false,
  "IsComputedByPlanningService": false,
  "ToolTip": "Process Due Date",
  "ConfigJson": {},
  "ApiName": null,
  "ApiDisabled": false,
  "IsReportingMeasure": false,
  "MeasureConditionalFormulaProperties": [],
  "PicklistSource": null
}