{
  "RuleGroupId": "be9a6e7e-d83f-4638-a920-a6550ecc397b",
  "RuleGroupLabelName": null,
  "ScopeLabelName": null,
  "RuleGroupName": "AP11SeedLYSalesAtAttributeGroup",
  "RuleGroupLabelPosition": 1.0,
  "ScopeLabelPosition": 0.0,
  "RuleGroupDescription": "Seeding values in the Sales Target report",
  "IsEnabled": true,
  "RuleGroupContent": {
    "ScopeExpression": null,
    "IsParameterized": true,
    "ParameterJson": {
      "description": "AP11SeedLYSalesAtAttributeGroup",
      "type": "object",
      "properties": {
        "Version": {
          "type": "string"
        },
        "SellingSeason": {
          "type": "string"
        },
        "LYSellingSeason": {
          "type": "string"
        },
        "Class": {
          "type": "array",
          "items": {
            "type": "string"
          }
        },
        "ProductAG": {
          "type": "array",
          "items": {
            "type": "string"
          }
        },
        "Country": {
          "type": "array",
          "items": {
            "type": "string"
          }
        },
        "Channel": {
          "type": "array",
          "items": {
            "type": "string"
          }
        }
      }
    },
    "IsParallel": false,
    "RuleGroupText": "// Nulling out old Product Attribute Groups\r\n\r\nblock scope: (&CWVAndScenarios{{#filter Version}} * &APClasses{{#filter Class}} * &APCountries{{#filter Country}} * &APChannels{{#filter Channel}} * &APSellingSeasons{{#filter SellingSeason}} * &APProductAttributes);\r\nMeasure.[LY Sales % PAG SS] = null;\r\nMeasure.[Sales % Override PAG SS] = null;\r\nMeasure.[Target Sales PAG SS] = null;\r\nMeasure.[Final Sales % PAG SS] = null;\r\nend scope;\r\n\r\n\r\n// Seeding values in the Sales Target report\r\n\r\ncartesian scope: (&CWVAndScenarios{{#filter Version}} * &APClasses{{#filter Class}} * &APCountries{{#filter Country}} * &APChannels{{#filter Channel}} * &APSellingSeasons{{#filter SellingSeason}} * &APProductAttributes{{#filter ProductAG}});\r\nMeasure.[LY Sales % PAG SS] = 0;\r\nend scope;\r\n\r\nscope: (&CWVAndScenarios{{#filter Version}} * &APClasses{{#filter Class}} * &APCountries{{#filter Country}} * &APChannels{{#filter Channel}} * &APSellingSeasons{{#filter SellingSeason}} * &APProductAttributes{{#filter ProductAG}});\r\nMeasure.[LY Sales % PAG SS] = if (isnull(Measure.[Sales % PAG SS])) then Measure.[LY Sales % PAG SS] else Measure.[Sales % PAG SS];\r\nMeasure.[Final Sales % PAG SS] = Measure.[LY Sales % PAG SS];\r\nend scope;\r\n",
    "NamedNodeName": null,
    "PluginInstanceName": null,
    "PluginScopes": null,
    "PluginArguments": null,
    "PluginModified": false
  },
  "RuleGroupType": "ParameterizedProcedure",
  "HasErrors": false,
  "ErrorMessage": null,
  "IgnoreErrors": false,
  "Translations": [],
  "DimensionUsages": [],
  "MeasureUsages": [
    {
      "MeasureName": "Final Sales % PAG SS",
      "IsInput": false,
      "IsOutput": true
    },
    {
      "MeasureName": "LY Sales % PAG SS",
      "IsInput": true,
      "IsOutput": true
    },
    {
      "MeasureName": "Sales % Override PAG SS",
      "IsInput": false,
      "IsOutput": true
    },
    {
      "MeasureName": "Sales % PAG SS",
      "IsInput": true,
      "IsOutput": false
    },
    {
      "MeasureName": "Target Sales PAG SS",
      "IsInput": false,
      "IsOutput": true
    }
  ],
  "ActionButtonUsages": [],
  "RelationshipPropertyUsages": []
}