{
  "RuleGroupId": "93f2c041-09c6-e84b-b563-72ed2d23d5ad",
  "RuleGroupLabelName": null,
  "ScopeLabelName": null,
  "RuleGroupName": "AP52UpdateTargetAndCalculateOptions",
  "RuleGroupLabelPosition": 1.0,
  "ScopeLabelPosition": 0.0,
  "RuleGroupDescription": "Update the Target Sales and Calculate Options",
  "IsEnabled": true,
  "RuleGroupContent": {
    "ScopeExpression": null,
    "IsParameterized": true,
    "ParameterJson": {
      "description": "AP52UpdateTargetAndCalculateOptions",
      "type": "object",
      "properties": {
        "Version": {
          "type": "string"
        },
        "SellingSeason": {
          "type": "string"
        },
        "Class": {
          "type": "array",
          "items": {
            "type": "string"
          }
        },
        "ProductAG": {
          "type": "array",
          "items": {
            "type": "string"
          }
        },
        "Country": {
          "type": "array",
          "items": {
            "type": "string"
          }
        },
        "Cluster": {
          "type": "array",
          "items": {
            "type": "string"
          }
        },
        "Channel": {
          "type": "array",
          "items": {
            "type": "string"
          }
        }
      }
    },
    "IsParallel": false,
    "RuleGroupText": "// Executing plugin instance\nexec plugin instance [AP13SalesNormalization] for measures {Measure.[Sales % Override PAG SS]} using scope (&CWVAndScenarios.[{{Version}}] * &APClasses{{#filter Class}} * &APCountries{{#filter Country}} * &APChannels{{#filter Channel}} * &APSellingSeasons.[{{SellingSeason}}] * &APProductAttributes{{#filter ProductAG}}) using arguments {([Param.o9_sys_log_level], \"INFO\"), (\"IncludeNullRows\", False),(ExecutionMode,\"MediumWeight\")};\n\n//Executing Two Procedures in Sequential Order\nexec procedure AP12TargetSalesAtAttributeGroup {\"Version\": \"{{Version}}\", \"SellingSeason\": \"{{SellingSeason}}\", \"Channel\" : [{{#csv Channel}}], \"Class\": [{{#csv Class}}], \"ProductAG\": [{{#csv ProductAG}}], \"Country\": [{{#csv Country}}]};\n\nexec procedure AP13SeedLYOptions {\"Version\": \"{{Version}}\", \"SellingSeason\": \"{{SellingSeason}}\", \"Channel\" : [{{#csv Channel}}], \"Class\": [{{#csv Class}}], \"ProductAG\": [{{#csv ProductAG}}], \"Country\": [{{#csv Country}}], \"Cluster\": [{{#csv Cluster}}]};",
    "NamedNodeName": null,
    "PluginInstanceName": null,
    "PluginScopes": null,
    "PluginArguments": null,
    "PluginModified": false
  },
  "RuleGroupType": "ParameterizedProcedure",
  "HasErrors": false,
  "ErrorMessage": null,
  "IgnoreErrors": false,
  "Translations": [],
  "DimensionUsages": [],
  "MeasureUsages": [
    {
      "MeasureName": "Sales % Override PAG SS",
      "IsInput": false,
      "IsOutput": true
    }
  ],
  "ActionButtonUsages": [],
  "RelationshipPropertyUsages": []
}