{
  "RuleGroupId": "8be1d925-0c2f-1fea-53d0-93b3953c2b50",
  "RuleGroupLabelName": null,
  "ScopeLabelName": null,
  "RuleGroupName": "AP53UpdateOptions",
  "RuleGroupLabelPosition": 1.0,
  "ScopeLabelPosition": 0.0,
  "RuleGroupDescription": "Updates the Options",
  "IsEnabled": true,
  "RuleGroupContent": {
    "ScopeExpression": null,
    "IsParameterized": true,
    "ParameterJson": {
      "description": "",
      "type": "object",
      "properties": {
        "Version": {
          "type": "string"
        },
        "SellingSeason": {
          "type": "string"
        },
        "Class": {
          "type": "array",
          "items": {
            "type": "string"
          }
        },
        "ProductAG": {
          "type": "array",
          "items": {
            "type": "string"
          }
        },
        "Country": {
          "type": "array",
          "items": {
            "type": "string"
          }
        },
        "Channel": {
          "type": "array",
          "items": {
            "type": "string"
          }
        },
        "Cluster": {
          "type": "array",
          "items": {
            "type": "string"
          }
        }
      }
    },
    "IsParallel": false,
    "RuleGroupText": "// Nulling out Final Sales Percentage Measure\r\nscope: (&CWVAndScenarios.[{{Version}}] * &APClasses{{#filter Class}} * &APCountries{{#filter Country}} * &APChannels{{#filter Channel}} * &APSellingSeasons.[{{SellingSeason}}] * &APProductAttributes{{#filter ProductAG}} * &APClusters{{#filter Cluster}});\r\nMeasure.[Final Sales % PAG C SS] = null;\r\nend scope;\r\n\r\n// Executing the Plugin Instance AP12OptionsNormalization\r\nexec plugin instance [AP12OptionsNormalization] for measures {Measure.[Sales % Override PAG C SS]} using scope (&CWVAndScenarios.[{{Version}}] * &APClasses{{#filter Class}} * &APCountries{{#filter Country}} * &APChannels{{#filter Channel}} * &APSellingSeasons.[{{SellingSeason}}] * &APProductAttributes{{#filter ProductAG}} * &APClusters{{#filter Cluster}}) using arguments {([Param.o9_sys_log_level], \"DEBUG\"), (\"IncludeNullRows\", False),(ExecutionMode,\"MediumWeight\")};",
    "NamedNodeName": null,
    "PluginInstanceName": null,
    "PluginScopes": null,
    "PluginArguments": null,
    "PluginModified": false
  },
  "RuleGroupType": "ParameterizedProcedure",
  "HasErrors": false,
  "ErrorMessage": null,
  "IgnoreErrors": false,
  "Translations": [],
  "DimensionUsages": [],
  "MeasureUsages": [
    {
      "MeasureName": "Final Sales % PAG C SS",
      "IsInput": false,
      "IsOutput": true
    },
    {
      "MeasureName": "Sales % Override PAG C SS",
      "IsInput": false,
      "IsOutput": true
    }
  ],
  "ActionButtonUsages": [],
  "RelationshipPropertyUsages": []
}