{
  "Name": "SupplyPlan049DPromoteDemandtuple",
  "Description": "Promote Demand",
  "ActionButtonId": "44f2e497-c9d1-4662-906b-0e901b9c85fb",
  "Tooltip": "Promote Demand",
  "ActionButtonType": "Widget",
  "Alignment": "right",
  "IsPopOver": true,
  "IsGlobal": true,
  "ActionClickHandler": null,
  "Icon": null,
  "Image": null,
  "ConfigJson": {
    "icon": "chain",
    "SubmitButton": {
      "Label": "Submit"
    },
    "ResetButton": {
      "Label": "Reset"
    },
    "CloseButton": {
      "Label": "Close",
      "ConfirmMessage": "Unsaved changes will be lost. Continue?"
    },
    "NotifyAll": false,
    "IBPLRules": [
      {
        "template": "{{#each Tuple}}\n\nscope:({{#entity Item}} * {{#entity Location}} * {{#entity Customer}} * {{#entity Day}} * {{#entity DemandType}} * {{#entity DemandID}} * Version.[Version Name].[{{TargetScenario}}]);\n\nMeasure.[D Demand Quantity Override] = Measure.[D Demand Quantity Override]@(Version.[Version Name].[{{SourceScenario}}]);\nMeasure.[D Demand Priority Override] = Measure.[D Demand Priority Override]@(Version.[Version Name].[{{SourceScenario}}]); \nMeasure.[D Demand Build Late Limit Override] = Measure.[D Demand Build Late Limit Override]@(Version.[Version Name].[{{SourceScenario}}]);\nMeasure.[D Demand Build Ahead Limit Override] = Measure.[D Demand Build Ahead Limit Override]@(Version.[Version Name].[{{SourceScenario}}]);\n\nend scope;\n\n{{/each}}"
      }
    ],
    "JavascriptRules": [],
    "FieldBindings": [
      {
        "fieldName": "SourceScenario",
        "title": "SourceScenario",
        "type": "picklistDropdown",
        "selectionType": "single",
        "clearSearch": true,
        "select": "NONE",
        "source": "datasource",
        "key": "SourceScenarioDS",
        "valueField": "Name",
        "textField": "Name",
        "visible": true,
        "isEditable": true,
        "validation": {
          "maxLength": "0",
          "required": true
        },
        "overrideFieldBindingType": false
      },
      {
        "fieldName": "TargetScenario",
        "title": "TargetScenario",
        "type": "picklistDropdown",
        "selectionType": "single",
        "clearSearch": true,
        "source": "datasource",
        "key": "TargetScenarioDS",
        "valueField": "Name",
        "textField": "Name",
        "visible": true,
        "isEditable": true,
        "validation": {
          "maxLength": "0",
          "required": true
        },
        "select": "ALL",
        "overrideFieldBindingType": false
      },
      {
        "fieldName": "Tuple",
        "title": "Tuple",
        "type": "picklistDropdown",
        "select": "ALL",
        "clearSearch": true,
        "source": "parentTuple",
        "TuplesList": [
          {
            "Key": "Item",
            "LevelAttribute": {
              "DimensionName": "Item",
              "Name": "Item",
              "textField": "Name"
            },
            "tuplesource": "LevelAttribute"
          },
          {
            "Key": "Location",
            "LevelAttribute": {
              "DimensionName": "Location",
              "Name": "Location",
              "textField": "Name"
            },
            "tuplesource": "LevelAttribute"
          },
          {
            "Key": "Customer",
            "LevelAttribute": {
              "DimensionName": "Sales Domain",
              "Name": "Customer Group",
              "textField": "Name"
            },
            "tuplesource": "LevelAttribute"
          },
          {
            "Key": "Day",
            "LevelAttribute": {
              "DimensionName": "Time",
              "Name": "Day",
              "textField": "Name"
            },
            "tuplesource": "LevelAttribute"
          },
          {
            "Key": "DemandType",
            "LevelAttribute": {
              "DimensionName": "Demand Type",
              "Name": "Demand Type",
              "textField": "Name"
            },
            "tuplesource": "LevelAttribute"
          },
          {
            "Key": "DemandID",
            "LevelAttribute": {
              "DimensionName": "Demand",
              "Name": "DemandID",
              "textField": "Name"
            },
            "tuplesource": "LevelAttribute"
          }
        ],
        "visible": false,
        "isEditable": true,
        "validation": {
          "required": true
        }
      }
    ],
    "DataSources": [
      {
        "Name": "SourceScenarioDS",
        "IBPLRules": [
          {
            "template": "Select &CWVAndScenarios.filter(#.Name !=\"CurrentWorkingView\");"
          }
        ],
        "JavascriptRules": [],
        "FieldBindings": [],
        "IncludeDSFieldsOnly": false
      },
      {
        "Name": "TargetScenarioDS",
        "IBPLRules": [
          {
            "template": "Select &CWV.UnionWith(Version.[Version Name].filter(#.Name ==[Deployment Plan])) orderby Version.[Version Name].Name;"
          }
        ],
        "JavascriptRules": [],
        "FieldBindings": [],
        "IncludeDSFieldsOnly": false
      }
    ],
    "AutoExecute": false,
    "isAsync": false,
    "hasMembersUpdates": false,
    "Compact": false,
    "TwoColumn": false,
    "IsGlobalForExcelAddIn": false,
    "ReturnFilterByUpdate": false,
    "ExcludeFromNavLink": false,
    "FilterFieldBindings": []
  },
  "Widget": null
}