{
  "Name": "704RecommenderModeMLModel",
  "Description": "Populate Demand Classes And Create NPI/EOL Dates (AIP)",
  "ActionButtonId": "aa87a08f-21b2-3b03-4ebf-5396a3dc56ba",
  "Tooltip": "Generate demand classes and create NPI/EOL dates",
  "ActionButtonType": "Widget",
  "Alignment": "right",
  "IsPopOver": true,
  "IsGlobal": true,
  "ActionClickHandler": null,
  "Icon": null,
  "Image": null,
  "ConfigJson": {
    "DisplayName": "Classes & Dates",
    "icon": "cog",
    "Validate": {
      "DataSource": {
        "IBPLRules": [],
        "JavascriptRules": [
          {
            "modulename": "o9.DemandPlanning.SyncMLPeriods",
            "functionname": "SyncMLPeriods"
          }
        ],
        "FieldBindings": [
          {
            "fieldName": "VersionName",
            "title": "VersionName",
            "type": "picklist",
            "selectionType": "multiple",
            "clearSearch": true,
            "source": "filter",
            "DimensionName": "Version",
            "LevelAttributeName": "Version Name",
            "visible": true,
            "isEditable": true,
            "validation": {
              "maxLength": "0",
              "required": true
            }
          }
        ]
      }
    },
    "SubmitButton": {
      "Label": "Submit",
      "ProgressMessage": "Executing...",
      "SuccessMessage": "Successfully Executed.",
      "ErrorMessage": "Error in Execution.",
      "ConfirmMessage": "Are you sure you want to go ahead with the changes?"
    },
    "ResetButton": {
      "Label": "Reset"
    },
    "CloseButton": {
      "Label": "Close",
      "ConfirmMessage": "Unsaved changes will be lost. Continue?"
    },
    "NotifyAll": false,
    "IBPLRules": [
      {
        "template": "scope:(&CWVAndScenarios.filter(#.Name in{{#ibplList VersionName}}));\nMeasure.[ML Validation Period] = {{ValidationPeriod}};\nend scope;\n\nexec procedure o9DP504RunRecommenderModeMLModel\t {\"VersionName\" : [{{#csv VersionName}}], \"Item\": [{{#csv Item}}],\"Account\": [{{#csv Account}}], \"Channel\": [{{#csv Channel}}], \"Region\": [{{#csv Region}}], \"DemandDomain\": [{{#csv DemandDomain}}],\"PnL\" : [{{#csv PnL}}], \"Location\" : [{{#csv Location}}], \"StartDate\" : \"{{StartDate}}\" ,  \"EndDate\" : \"{{EndDate}}\", \"W\" : {{W}}, \"M\" : {{M}}, \"PM\" : {{PM}}, \"ValidationPeriod\": {{ValidationPeriod}} };"
      }
    ],
    "JavascriptRules": [],
    "FieldBindings": [
      {
        "fieldName": "VersionName",
        "title": "Version",
        "type": "picklist",
        "selectionType": "single",
        "clearSearch": true,
        "source": "filter",
        "DimensionName": "Version",
        "LevelAttributeName": "Version Name",
        "visible": true,
        "isEditable": true,
        "validation": {
          "maxLength": "0",
          "required": true
        }
      },
      {
        "fieldName": "Item",
        "title": "Planning Item",
        "Description": "Planning Item",
        "type": "picklist",
        "fieldGroup": "Item",
        "selectionType": "multiple",
        "clearSearch": true,
        "source": "filter",
        "DimensionName": "Item",
        "LevelAttributeName": "Planning Item",
        "visible": true,
        "isEditable": true,
        "validation": {
          "maxLength": "0",
          "required": true
        }
      },
      {
        "fieldName": "Account",
        "title": "Planning Account",
        "Description": "Planning Account",
        "type": "picklist",
        "selectionType": "multiple",
        "clearSearch": true,
        "source": "filter",
        "DimensionName": "Account",
        "LevelAttributeName": "Planning Account",
        "visible": true,
        "isEditable": true,
        "validation": {
          "maxLength": "0",
          "required": true
        }
      },
      {
        "fieldName": "Channel",
        "title": "Planning Channel",
        "Description": "Planning Channel",
        "type": "picklist",
        "selectionType": "multiple",
        "clearSearch": true,
        "source": "filter",
        "DimensionName": "Channel",
        "LevelAttributeName": "Planning Channel",
        "visible": true,
        "isEditable": true,
        "validation": {
          "maxLength": "0",
          "required": true
        }
      },
      {
        "fieldName": "Region",
        "title": "Planning Region",
        "Description": "Planning Region",
        "type": "picklist",
        "fieldGroup": "Customer",
        "selectionType": "multiple",
        "clearSearch": true,
        "source": "filter",
        "DimensionName": "Region",
        "LevelAttributeName": "Planning Region",
        "visible": true,
        "isEditable": true,
        "validation": {
          "maxLength": "0",
          "required": true
        }
      },
      {
        "fieldName": "Location",
        "title": "Planning Location",
        "Description": "Planning Location",
        "type": "picklist",
        "fieldGroup": "Location",
        "selectionType": "multiple",
        "clearSearch": true,
        "source": "filter",
        "DimensionName": "Location",
        "LevelAttributeName": "Planning Location",
        "visible": true,
        "isEditable": true,
        "validation": {
          "maxLength": "0",
          "required": true
        }
      },
      {
        "fieldName": "PnL",
        "title": "Planning PnL",
        "Description": "Planning PnL",
        "type": "picklist",
        "fieldGroup": "Others",
        "selectionType": "multiple",
        "clearSearch": true,
        "source": "filter",
        "DimensionName": "PnL",
        "LevelAttributeName": "Planning PnL",
        "visible": true,
        "isEditable": true,
        "validation": {
          "maxLength": "0",
          "required": true
        }
      },
      {
        "fieldName": "DemandDomain",
        "title": "Planning Demand Domain",
        "Description": "Planning Demand Domain",
        "type": "picklist",
        "fieldGroup": "Others",
        "selectionType": "multiple",
        "clearSearch": true,
        "source": "filter",
        "DimensionName": "Demand Domain",
        "LevelAttributeName": "Planning Demand Domain",
        "visible": true,
        "isEditable": true,
        "validation": {
          "maxLength": "0",
          "required": true
        }
      },
      {
        "fieldName": "StartDate",
        "title": "Tournament Start Date",
        "type": "combobox",
        "selectionType": "single",
        "clearSearch": true,
        "source": "datasource",
        "key": "MLTrainingStartDate",
        "valueField": "ML Training Start Date",
        "textField": "ML Training Start Date",
        "visible": true,
        "isEditable": false,
        "cascadeFrom": "VersionName",
        "validation": {
          "maxLength": "0",
          "required": true
        },
        "overrideFieldBindingType": false,
        "fieldGroup": "Period Setup"
      },
      {
        "fieldName": "EndDate",
        "title": "Tournament End Date",
        "Description": "Tournament End Date",
        "type": "combobox",
        "selectionType": "single",
        "clearSearch": true,
        "source": "datasource",
        "key": "MLTrainingEndDate",
        "valueField": "ML Current Period",
        "textField": "ML Current Period",
        "visible": true,
        "isEditable": false,
        "cascadeFrom": "VersionName",
        "validation": {
          "maxLength": "0",
          "required": true
        },
        "overrideFieldBindingType": false,
        "fieldGroup": "Period Setup"
      },
      {
        "fieldName": "ValidationPeriod",
        "title": "ML Validation Period",
        "type": "combobox",
        "clearSearch": true,
        "source": "datasource",
        "key": "MLValidationPeriod",
        "valueField": "ML Validation Period",
        "overrideFieldBindingType": false,
        "visible": true,
        "isEditable": true,
        "cascadeFrom": "VersionName",
        "validation": {
          "maxLength": "0",
          "required": true
        },
        "selectionType": "single",
        "textField": "ML Validation Period",
        "fieldGroup": "Period Setup"
      },
      {
        "fieldName": "AIPPluginName",
        "title": "predict.ai Plugin Name",
        "type": "string",
        "selectionType": "single",
        "clearSearch": true,
        "source": "literal",
        "visible": false,
        "isEditable": false,
        "validation": {
          "maxLength": "0",
          "required": false
        }
      },
      {
        "fieldName": "M",
        "title": "Month",
        "type": "boolean",
        "selectionType": "single",
        "clearSearch": true,
        "source": "datasource",
        "key": "Month",
        "valueField": "Forecast Generation Time Bucket Month",
        "textField": "Forecast Generation Time Bucket Month",
        "visible": false,
        "isEditable": false,
        "cascadeFrom": "VersionName",
        "validation": {
          "maxLength": "0",
          "required": false
        },
        "defaultValue": false,
        "overrideFieldBindingType": false
      },
      {
        "fieldName": "W",
        "title": "Week",
        "type": "boolean",
        "selectionType": "single",
        "clearSearch": true,
        "source": "datasource",
        "key": "Week",
        "valueField": "Forecast Generation Time Bucket Week",
        "textField": "Forecast Generation Time Bucket Week",
        "visible": false,
        "isEditable": false,
        "cascadeFrom": "VersionName",
        "validation": {
          "maxLength": "0",
          "required": false
        },
        "defaultValue": false,
        "overrideFieldBindingType": false
      },
      {
        "fieldName": "PM",
        "title": "Planning Month",
        "type": "boolean",
        "selectionType": "single",
        "clearSearch": true,
        "source": "datasource",
        "key": "PlanningMonth",
        "valueField": "Forecast Generation Time Bucket Planning Month",
        "textField": "Forecast Generation Time Bucket Planning Month",
        "visible": false,
        "isEditable": false,
        "cascadeFrom": "VersionName",
        "validation": {
          "maxLength": "0",
          "required": false
        },
        "defaultValue": false,
        "overrideFieldBindingType": false
      }
    ],
    "Range": [],
    "DataSources": [
      {
        "Name": "MLTrainingStartDate",
        "IBPLRules": [
          {
            "template": "Select ([Version].[Version Name]{{#filter VersionName}} ) on row, \n({Measure.[ML Training Start Date]}) on column;"
          }
        ],
        "JavascriptRules": [],
        "IncludeDSFieldsOnly": false,
        "FieldBindings": []
      },
      {
        "Name": "MLTrainingEndDate",
        "IBPLRules": [
          {
            "template": "Select ([Version].[Version Name]{{#filter VersionName}} ) on row, \n({Measure.[ML Current Period]}) on column;"
          }
        ],
        "JavascriptRules": [],
        "IncludeDSFieldsOnly": false,
        "FieldBindings": []
      },
      {
        "Name": "Week",
        "IBPLRules": [
          {
            "template": "select([Version].[Version Name]{{#filter VersionName}} * [Forecast Iteration].[Forecast Iteration].[FI-Default] * {if (Measure.[Forecast Generation Time Bucket]==\"Week\") then (True) else (False) as transient.[Forecast Generation Time Bucket Week]});"
          }
        ],
        "JavascriptRules": [],
        "IncludeDSFieldsOnly": false,
        "FieldBindings": []
      },
      {
        "Name": "Month",
        "IBPLRules": [
          {
            "template": "select([Version].[Version Name]{{#filter VersionName}} * [Forecast Iteration].[Forecast Iteration].[FI-Default] * {if (Measure.[Forecast Generation Time Bucket]==\"Month\") then (True) else (False) as transient.[Forecast Generation Time Bucket Month]});"
          }
        ],
        "JavascriptRules": [],
        "IncludeDSFieldsOnly": false,
        "FieldBindings": []
      },
      {
        "Name": "PlanningMonth",
        "IBPLRules": [
          {
            "template": "select([Version].[Version Name]{{#filter VersionName}} * [Forecast Iteration].[Forecast Iteration].[FI-Default] * {if (Measure.[Forecast Generation Time Bucket]==\"Planning Month\") then (True) else (False) as transient.[Forecast Generation Time Bucket Planning Month]});"
          }
        ],
        "JavascriptRules": [],
        "IncludeDSFieldsOnly": true,
        "FieldBindings": []
      },
      {
        "Name": "MLValidationPeriod",
        "IBPLRules": [
          {
            "template": "Select ([Version].[Version Name]{{#filter VersionName}} ) on row, \n({Measure.[ML Validation Period]}) on column;"
          }
        ],
        "JavascriptRules": [],
        "IncludeDSFieldsOnly": false,
        "FieldBindings": []
      }
    ],
    "AutoExecute": false,
    "isAsync": true,
    "hasMembersUpdates": false,
    "Compact": false,
    "TwoColumn": true,
    "IsGlobalForExcelAddIn": false,
    "enableTransaction": false,
    "ReturnFilterByUpdate": false,
    "ExcludeFromNavLink": false,
    "FilterFieldBindings": []
  },
  "Widget": null,
  "Roles": []
}