{
  "Name": "PipelineSettings - Copy",
  "WidgetDefinitionName": "PipelineSettings - Copy",
  "IsPrimary": false,
  "ConfigJson": {
    "ContainerId": "e5bd3659-b423-4565-9e6e-81d093145e29",
    "CompositeContainerId": null,
    "Position": 1,
    "ShowInfoContext": {
      "ActionColumn": true,
      "RowInfo": true,
      "MemberInfo": true
    },
    "ShowHeader": {
      "Icon": "",
      "Color": null
    },
    "FilterPromotions": [],
    "FilterScopes": [
      {
        "LevelAttribute": {
          "Dimension": "o9MKPipelineSettings",
          "AttributeName": "PipelineSettingsName"
        },
        "Scope": "None"
      }
    ]
  },
  "ViewWidgetDefinitionId": "a637d806-df5b-ce33-1096-5fc1d912a8d5",
  "Title": "Keys"
}