{
  "MeasureName": "M WIP Priority Production Plugin Output",
  "MeasureId": "d094845b-6e01-4b5a-8642-da924eaaacb3",
  "MeasureDescription": "Priority sequence output generated from the WIP by the Plugin",
  "DataType": "number",
  "MeasureType": "Regular",
  "AggregateFunction": "Min",
  "FormatString": "#,##0",
  "MeasureColumnName": "MWIPPriorityProductionPluginOutput",
  "MeasureFormula": "",
  "IsEditable": false,
  "ApplyConversion": false,
  "ConversionFormula": null,
  "PickListName": null,
  "BgColorFormula": null,
  "FgColorFormula": null,
  "TrendFormula": null,
  "FormattingViewModel": null,
  "ParentMeasureName": null,
  "AssociationMeasure": false,
  "IsComputedByPlanningService": false,
  "ToolTip": "Priority sequence output generated from the WIP by the Plugin",
  "ConfigJson": {},
  "ApiName": null,
  "ApiDisabled": false,
  "IsReportingMeasure": false,
  "MeasureConditionalFormulaProperties": [],
  "PicklistSource": null
}