{
  "AttributeName": "Item UOM",
  "AttributeId": "7b299652-6df0-d4ba-3b34-fd2fc39159c8",
  "AttributeHierarchyEnabled": true,
  "IsKey": false,
  "Description": "Item UOM",
  "OrderBy": "Name",
  "KeyColumnName": "ItemUOMKey",
  "NameColumnName": "ItemUOMName",
  "KeyColumnDataType": "integer",
  "SeedTags": false,
  "KeyGenerationType": "Auto",
  "PickListName": null,
  "ConfigJson": {
    "ShowFilterAs": "TileView",
    "MemberDisplayNameEditable": true,
    "IsMultipleImage": false,
    "MemberDisplayColor": false
  },
  "FormatString": null,
  "Translation": null,
  "Aliases": [],
  "ApiName": null,
  "ApiDisabled": false,
  "FgColorFormula": "",
  "BgColorFormula": "",
  "IsReservedBySystem": false
}