{
  "AttributeName": "PackageType",
  "AttributeId": "03206f70-18ff-4d3f-b1d2-f12ba7aee832",
  "AttributeHierarchyEnabled": true,
  "IsKey": false,
  "Description": "Package Type",
  "OrderBy": "Name",
  "KeyColumnName": "PackageTypeKey",
  "NameColumnName": "PackageTypeName",
  "KeyColumnDataType": "integer",
  "SeedTags": false,
  "KeyGenerationType": "Auto",
  "PickListName": null,
  "ConfigJson": {
    "ShowFilterAs": "TileView",
    "MemberDisplayNameEditable": true
  },
  "FormatString": null,
  "Translation": null,
  "Aliases": [],
  "ApiName": null,
  "ApiDisabled": false
}