{
  "Name": "SupplyPlan210CreateNewBOMandRouting",
  "Description": "Create New BOM and Routing",
  "ActionButtonId": "f1b9107d-55bf-a38f-4bc7-7980b55f6539",
  "Tooltip": "Create New BOM and Routing",
  "ActionButtonType": "Widget",
  "Alignment": "right",
  "IsPopOver": true,
  "IsGlobal": true,
  "ActionClickHandler": null,
  "Icon": null,
  "Image": null,
  "ConfigJson": {
    "DisplayName": "Create New BOM and Routing",
    "icon": "check-square",
    "SubmitButton": {
      "Label": "Submit"
    },
    "ResetButton": {
      "Label": "Reset"
    },
    "CloseButton": {
      "Label": "Close",
      "ConfirmMessage": "Unsaved changes will be lost. Continue?"
    },
    "NotifyAll": false,
    "IBPLRules": [
      {
        "template": "CreateMember(Activity1.[Activity1]={,\"BOM-for-{{Item}}-at-{{Location}}\"}, Activity1.[Activity Type1] = {,\"Manufacturing\"} , Activity1.[Activity All1] = {,\"All\"},Activity1.[BOM Plan Type]={,\"MP and OP\"});\nCreateMember(Activity2.[Activity2]={,\"Routing-for-{{Item}}-{{AssociatedResource}}-at-{{Location}}\"}, Activity2.[Activity Type2] = {,\"Manufacturing\"} , Activity2.[Activity All2] = {,\"All\"}, Activity2.[Activity Resource]={,\"{{AssociatedResource}}\"},Activity2.[Routing Plan Type]={,\"MP and OP\"});\n"
      },
      {
        "template": "Cartesian scope: ([Activity1].[Activity1].[BOM-for-{{Item}}-at-{{Location}}] * [Location].[Location]{{#filter Location}}* [Item].[Item]{{#filter Item}} * [Version].[Version Name]{{#filter Version}});\nmeasure.[o9 BOM Association]=1;\nend scope;\n\nCartesian scope: ([Activity1].[Activity1].[BOM-for-{{Item}}-at-{{Location}}] * [Location].[Location]{{#filter Location}}* [Item].[Item]{{#filter Item}} * [Version].[Version Name]{{#filter Version}} * Activity2.[Activity2].[Routing-for-{{Item}}-{{AssociatedResource}}-at-{{Location}}]); \nMeasure.[o9 Item BOM Routing Association] = 1;\nend scope;\n\ncartesian scope :([Activity1].[Activity1].[BOM-for-{{Item}}-at-{{Location}}] * [Location].[Location]{{#filter Location}}* [Item].[Item]{{#filter Item}} * [Version].[Version Name]{{#filter Version}});\nmeasure.[o9 BOM Quantity Produced Per]=1;\nend scope;\n\ncartesian scope:([Resource].[Resource]{{#filter AssociatedResource}} * [Location].[Location]{{#filter Location}} * [Version].[Version Name]{{#filter Version}} * [Item].[Item]{{#filter Item}}*Activity2.[Activity2].[Routing-for-{{Item}}-{{AssociatedResource}}-at-{{Location}}]); \nMeasure.[o9 Resource Routing Association] =1;\nend scope;\n\ncartesian scope:([Resource].[Resource]{{#filter AssociatedResource}} * [Location].[Location]{{#filter Location}} *[Item].[Item]{{#filter Item}}*[Version].[Version Name]{{#filter Version}} * Activity2.[Activity2].[Routing-for-{{Item}}-{{AssociatedResource}}-at-{{Location}}]); \nMeasure.[o9 Resource Consumed Per Override] ={{ConsumptionResourceRate}}; \nend scope;\n\ncartesian scope: ([Activity2].[Activity2].[Routing-for-{{Item}}-{{AssociatedResource}}-at-{{Location}}] * [Version].[Version Name]{{#filter Version}} * [Location].[Location]{{#filter Location}}); \nMeasure.[o9 Routing Association]=1;\nend scope;\n\n\ncartesian scope:([Location].[Location]{{#filter Location}} *[Item].[Item]{{#filter Item}}*[Version].[Version Name]{{#filter Version}} * Activity2.[Activity2].[Routing-for-{{Item}}-{{AssociatedResource}}-at-{{Location}}]); \nMeasure.[o9 Routing Item Location Association] =1; \nend scope;\n"
      }
    ],
    "JavascriptRules": [],
    "FieldBindings": [
      {
        "fieldName": "Version",
        "title": "Version",
        "Description": "Version name",
        "type": "picklistDropdown",
        "selectionType": "single",
        "clearSearch": true,
        "source": "filter",
        "DimensionName": "Version",
        "LevelAttributeName": "Version Name",
        "visible": true,
        "isEditable": true,
        "validation": {
          "maxLength": "0",
          "required": true
        }
      },
      {
        "fieldName": "Item",
        "title": "Item",
        "Description": "Item for which a BOM needs to be created",
        "type": "picklistDropdown",
        "selectionType": "single",
        "clearSearch": true,
        "source": "parentAttribute",
        "DimensionName": "Item",
        "key": {
          "LevelAttribute": {
            "Name": "Item",
            "Property": "Name"
          }
        },
        "visible": true,
        "isEditable": true,
        "validation": {
          "maxLength": "0",
          "required": true
        }
      },
      {
        "fieldName": "Location",
        "title": "Location",
        "Description": "Location",
        "type": "picklistDropdown",
        "selectionType": "single",
        "clearSearch": true,
        "source": "parentAttribute",
        "DimensionName": "Location",
        "key": {
          "LevelAttribute": {
            "Name": "Location",
            "Property": "Name"
          }
        },
        "visible": true,
        "isEditable": true,
        "validation": {
          "maxLength": "0",
          "required": true
        }
      },
      {
        "fieldName": "AssociatedResource",
        "title": "Associated Resource",
        "Description": "Resource to be associated to the formed routing",
        "type": "picklistDropdown",
        "selectionType": "single",
        "clearSearch": true,
        "source": "datasource",
        "key": "ResourceDS",
        "valueField": "Name",
        "textField": "Name",
        "visible": true,
        "isEditable": true,
        "cascadeFrom": "Location",
        "validation": {
          "maxLength": "0",
          "required": true
        }
      },
      {
        "fieldName": "ConsumptionResourceRate",
        "title": "Consumption Resource Rate",
        "Description": "Consumption Rate for Resource",
        "type": "number",
        "displayFormat": "0.00",
        "selectionType": "single",
        "clearSearch": true,
        "source": "literal",
        "visible": true,
        "isEditable": true,
        "validation": {
          "maxLength": "0",
          "required": true
        }
      }
    ],
    "DataSources": [
      {
        "Name": "ResourceDS",
        "IBPLRules": [
          {
            "template": "Select (Resource.[Resource]) where{[Version].[Version Name]{{#filter Version}},Location.Location{{#filter Location}},Measure.[Resource Location Association] ==1};"
          }
        ],
        "JavascriptRules": [],
        "IncludeDSFieldsOnly": false,
        "FieldBindings": []
      }
    ],
    "AutoExecute": false,
    "isAsync": true,
    "hasMembersUpdates": false,
    "Compact": false,
    "TwoColumn": false,
    "IsGlobalForExcelAddIn": false,
    "ReturnFilterByUpdate": false,
    "ExcludeFromNavLink": false,
    "FilterFieldBindings": []
  },
  "Widget": null
}