{
  "AttributeName": "Entity Type",
  "AttributeId": "935be1e7-4a48-43a4-b94d-29afe9a662b2",
  "AttributeHierarchyEnabled": false,
  "IsKey": false,
  "Description": "Entity Type",
  "OrderBy": "Key",
  "KeyColumnName": "EntityTypeKey",
  "NameColumnName": null,
  "KeyColumnDataType": "string",
  "SeedTags": false,
  "KeyGenerationType": null,
  "PickListName": null,
  "ConfigJson": {
    "IsVisible": true,
    "IsEditable": true
  },
  "FormatString": "#,##0;(#,##0)",
  "Translation": null,
  "Aliases": [],
  "ApiName": null,
  "ApiDisabled": false
}