{
  "Name": "o9EKGNullIgnoredErrors",
  "Description": "Removes ignored error messages",
  "ActionButtonId": "747bed94-eb1a-7b08-8994-2ea32fbde018",
  "Tooltip": "Removes ignored error messages",
  "ActionButtonType": "Widget",
  "Alignment": "right",
  "IsPopOver": true,
  "IsGlobal": true,
  "ActionClickHandler": null,
  "Icon": null,
  "Image": null,
  "ConfigJson": {
    "DisplayName": "Clear All Ignored",
    "icon": "minus-square",
    "SubmitButton": {
      "Label": "Submit",
      "ConfirmMessage": "All the ignored errors will be cleared. Do you want to continue?"
    },
    "ResetButton": {},
    "CloseButton": {
      "Label": "Close"
    },
    "NotifyRoles": false,
    "NotifyAll": false,
    "IBPLRules": [
      {
        "template": "//Empty Ignored Errors//\n\nscope: ( &CWV *  [o9EKG Customer].[Project Name].[{{Project}}] * [o9EKG Table].[Table Name] * [o9EKGSequence].[o9EKGSequenceNumber] ) ;\n\nMeasure.[o9EKG Ignored Validation Error Text] = null ;\nMeasure.[o9EKG Ignore Validation Type] = null;\n\nend scope;\n\n\n"
      }
    ],
    "JavascriptRules": [],
    "FieldBindings": [
      {
        "fieldName": "Project",
        "title": "Selected Project",
        "type": "string",
        "selectionType": "single",
        "clearSearch": true,
        "source": "filter",
        "DimensionName": "o9EKG Customer",
        "LevelAttributeName": "Project Name",
        "visible": true,
        "isEditable": false,
        "validation": {
          "maxLength": "0",
          "required": true
        }
      }
    ],
    "Range": [],
    "DataSources": [],
    "AutoExecute": true,
    "isAsync": false,
    "hasMembersUpdates": true,
    "Compact": false,
    "TwoColumn": false,
    "IsGlobalForExcelAddIn": false,
    "ReturnFilterByUpdate": false,
    "ExcludeFromNavLink": false,
    "FilterFieldBindings": [],
    "enableTransaction": false
  },
  "Widget": null,
  "Roles": [
    "EKG_Intg_Arch",
    "EKG_SA",
    "EKG_PM",
    "EKG_DataDefault",
    "EKG_PMM_DI"
  ]
}