{
  "Name": "o9EKGDeleteSBtoFAssociation",
  "Description": null,
  "ActionButtonId": "b377570a-7693-66fe-17f2-e98f4cd246f9",
  "Tooltip": "Delete Association/s",
  "ActionButtonType": "Widget",
  "Alignment": "right",
  "IsPopOver": true,
  "IsGlobal": true,
  "ActionClickHandler": null,
  "Icon": null,
  "Image": null,
  "ConfigJson": {
    "icon": "trash",
    "SubmitButton": {
      "Label": "Submit"
    },
    "ResetButton": {
      "Label": "Reset"
    },
    "CloseButton": {
      "Label": "Close",
      "ConfirmMessage": "Unsaved changes will be lost. Continue?"
    },
    "NotifyAll": false,
    "IBPLRules": [
      {
        "template": "{{#each Tuple}}\n\nScope: (&CWV *  {{#entity ProjectName}} * {{#entity SubBlock}} *  {{#entity Field}} );\n\nMeasure.[o9EKG Field Sub Block Association] = NULL ; \n\nEnd Scope;\n\n{{/each}}"
      }
    ],
    "JavascriptRules": [],
    "FieldBindings": [
      {
        "fieldName": "Tuple",
        "title": "Combo",
        "type": "picklistDropdown",
        "select": "ALL",
        "clearSearch": true,
        "source": "parentTuple",
        "TuplesList": [
          {
            "Key": "ProjectName",
            "LevelAttribute": {
              "DimensionName": "o9EKG Customer",
              "Name": "Project Name",
              "textField": "Name"
            },
            "tuplesource": "LevelAttribute"
          },
          {
            "Key": "SubBlock",
            "LevelAttribute": {
              "DimensionName": "o9EKG Building Blocks",
              "Name": "Sub Block",
              "textField": "Name"
            },
            "tuplesource": "LevelAttribute"
          },
          {
            "Key": "Field",
            "LevelAttribute": {
              "DimensionName": "o9EKG Table",
              "Name": "Field ID",
              "textField": "Name"
            },
            "tuplesource": "LevelAttribute"
          }
        ],
        "visible": true,
        "isEditable": true,
        "validation": {
          "required": true
        }
      }
    ],
    "Range": [],
    "DataSources": [],
    "AutoExecute": false,
    "isAsync": false,
    "hasMembersUpdates": false,
    "Compact": true,
    "TwoColumn": false,
    "IsGlobalForExcelAddIn": false,
    "ReturnFilterByUpdate": false,
    "ExcludeFromNavLink": false,
    "FilterFieldBindings": []
  },
  "Widget": null,
  "Roles": []
}