{
  "MeasureName": "SP FP Sls Build % AP",
  "MeasureId": "9a36d4ea-3e6a-499f-8126-4fdd9bd07e79",
  "MeasureDescription": "SP Sls FP Build % Approved",
  "DataType": "number",
  "MeasureType": "Regular",
  "AggregateFunction": "Computed",
  "FormatString": "0.00%",
  "MeasureColumnName": "SPFPSlsBuild%AP",
  "MeasureFormula": "safedivide(Measure.[SP FP Sls Rtl AP]-Measure.[SP FP Sls Rtl AP]@(Time.#.LeadOffset(-1)),Measure.[SP FP Sls Rtl AP]@(Time.#.LeadOffset(-1)))",
  "IsEditable": false,
  "ApplyConversion": false,
  "ConversionFormula": "",
  "PickListName": null,
  "BgColorFormula": "",
  "FgColorFormula": "",
  "TrendFormula": "",
  "FormattingViewModel": null,
  "ParentMeasureName": null,
  "AssociationMeasure": false,
  "IsComputedByPlanningService": false,
  "ToolTip": "SP Sls FP Build % Approved",
  "ConfigJson": {},
  "ApiName": null,
  "ApiDisabled": false,
  "IsReportingMeasure": false,
  "MeasureConditionalFormulaProperties": [],
  "PicklistSource": null
}