{
  "MeasureName": "MN Custom Measure1 Mapping",
  "MeasureId": "160efee0-6a0c-4dc9-a960-25a84bec85a1",
  "MeasureDescription": "MN Custom Measure Mapping",
  "DataType": "string",
  "MeasureType": "Regular",
  "AggregateFunction": "Min",
  "FormatString": "#,##0;(#,##0)",
  "MeasureColumnName": "MNCustomMeasure1Mapping",
  "MeasureFormula": "",
  "IsEditable": true,
  "ApplyConversion": false,
  "ConversionFormula": "",
  "PickListName": null,
  "BgColorFormula": "",
  "FgColorFormula": "",
  "TrendFormula": "",
  "FormattingViewModel": null,
  "ParentMeasureName": null,
  "AssociationMeasure": false,
  "IsComputedByPlanningService": false,
  "ToolTip": "MN Custom Measure Mapping",
  "ConfigJson": {},
  "ApiName": null,
  "ApiDisabled": false,
  "IsReportingMeasure": false,
  "MeasureConditionalFormulaProperties": [],
  "PicklistSource": null
}