{
  "AttributeName": "Pallet Length",
  "AttributeId": "2bf9f6e9-a843-699b-5886-b2fd8863ea48",
  "AttributeHierarchyEnabled": false,
  "IsKey": false,
  "Description": "Length of the pallet in mm",
  "OrderBy": "Key",
  "KeyColumnName": "PalletLengthKey",
  "NameColumnName": null,
  "KeyColumnDataType": "number",
  "SeedTags": false,
  "KeyGenerationType": null,
  "PickListName": null,
  "ConfigJson": {
    "IsVisible": false
  },
  "FormatString": "#,##0; (#,##0)",
  "Translation": null,
  "Aliases": [],
  "ApiName": null,
  "ApiDisabled": false
}