{
  "MeasureName": "Is_Running",
  "MeasureId": "c9d06f5b-d4ec-4dc2-9a24-549fb22aadec",
  "MeasureDescription": "Is_Running",
  "DataType": "boolean",
  "MeasureType": "Regular",
  "AggregateFunction": "Sum",
  "FormatString": "",
  "MeasureColumnName": "Is_Running",
  "MeasureFormula": null,
  "IsEditable": false,
  "ApplyConversion": false,
  "ConversionFormula": "",
  "PickListName": null,
  "BgColorFormula": null,
  "FgColorFormula": null,
  "TrendFormula": null,
  "FormattingViewModel": null,
  "ParentMeasureName": null,
  "AssociationMeasure": false,
  "IsComputedByPlanningService": false,
  "ToolTip": "Is_Running",
  "ConfigJson": {},
  "ApiName": null,
  "ApiDisabled": false,
  "IsReportingMeasure": false,
  "MeasureConditionalFormulaProperties": [],
  "PicklistSource": null
}