{
  "Name": "o9EKGRenameProject",
  "Description": null,
  "ActionButtonId": "f253e1bb-b941-8c0e-f036-76fb2594f6e9",
  "Tooltip": "Rename Project",
  "ActionButtonType": "Widget",
  "Alignment": "right",
  "IsPopOver": true,
  "IsGlobal": true,
  "ActionClickHandler": null,
  "Icon": null,
  "Image": null,
  "ConfigJson": {
    "icon": "edit",
    "SubmitButton": {
      "Label": "Submit"
    },
    "ResetButton": {},
    "CloseButton": {
      "Label": "Close"
    },
    "NotifyRoles": false,
    "NotifyAll": false,
    "IBPLRules": [
      {
        "template": "//rename member//\n\nupdatemember( [o9EKG Customer].[Project Name]={{{Key}},\"{{Project}}\"},[o9EKG Customer].[Project Name$DisplayName]={\"{{Project}}\",});"
      }
    ],
    "JavascriptRules": [],
    "FieldBindings": [
      {
        "fieldName": "PN",
        "title": "Project Name",
        "type": "picklistDropdown",
        "selectionType": "single",
        "clearSearch": false,
        "source": "filter",
        "DimensionName": "o9EKG Customer",
        "LevelAttributeName": "Project Name",
        "visible": true,
        "isEditable": false,
        "validation": {
          "maxLength": "0",
          "required": true
        }
      },
      {
        "fieldName": "Project",
        "title": "New Name",
        "type": "string",
        "selectionType": "single",
        "clearSearch": false,
        "source": "literal",
        "visible": true,
        "isEditable": true,
        "validation": {
          "maxLength": "0",
          "required": true
        }
      },
      {
        "fieldName": "Key",
        "title": "Key",
        "type": "picklistDropdown",
        "selectionType": "single",
        "clearSearch": false,
        "source": "datasource",
        "key": "PK",
        "valueField": "Key",
        "textField": "Key",
        "overrideFieldBindingType": false,
        "visible": true,
        "isEditable": false,
        "cascadeFrom": "PN",
        "validation": {
          "maxLength": "0",
          "required": true
        }
      }
    ],
    "Range": [],
    "DataSources": [
      {
        "Name": "PK",
        "IBPLRules": [
          {
            "template": "Select [o9EKG Customer].[Project Name].[{{PN}}];"
          }
        ],
        "JavascriptRules": [],
        "IncludeDSFieldsOnly": false,
        "FieldBindings": []
      }
    ],
    "AutoExecute": false,
    "isAsync": false,
    "hasMembersUpdates": true,
    "Compact": true,
    "TwoColumn": false,
    "IsGlobalForExcelAddIn": false,
    "ReturnFilterByUpdate": false,
    "NavigateTo": {
      "TargetWorkspaceName": "EKG Configurator",
      "TargetPageName": "Model Explorer",
      "TargetViewName": "Table List"
    },
    "DataSourceForFilter": {
      "Name": "DataSourceForFilter",
      "IBPLRule": {
        "template": "Select (&CWV * [o9EKG Customer].[Project Name].[{{Project}}]);"
      },
      "IncludeDSFieldsOnly": false,
      "FieldBindings": []
    },
    "ExcludeFromNavLink": false,
    "FilterFieldBindings": [
      {
        "fieldName": "Project",
        "type": "picklist",
        "selectionType": "multiple",
        "select": "ALL",
        "source": "datasource",
        "key": "DataSourceForFilter",
        "DimensionName": "o9EKG Customer",
        "LevelAttributeName": "Project Name"
      }
    ]
  },
  "Widget": null,
  "Roles": [
    "admin"
  ]
}