{
  "Name": "SupplyPlan6106GeneratePlantProductionMinimums",
  "Description": "Add a Minimum Order target for a Plant",
  "ActionButtonId": "0a6d1c8f-aea4-e15c-6ccb-3a8740271d74",
  "Tooltip": "Populate Minimum Order Quantity Targets for Plants",
  "ActionButtonType": "Widget",
  "Alignment": "right",
  "IsPopOver": true,
  "IsGlobal": true,
  "ActionClickHandler": null,
  "Icon": null,
  "Image": null,
  "ConfigJson": {
    "DisplayName": "MOQ Targets",
    "icon": "plus",
    "SubmitButton": {
      "Label": "Submit"
    },
    "ResetButton": {
      "Label": "Reset"
    },
    "CloseButton": {
      "Label": "Close",
      "ConfirmMessage": "Unsaved changes will be lost. Continue?"
    },
    "NotifyRoles": true,
    "NotifyAll": false,
    "IBPLRules": [
      {
        "template": "//Rule to populate the Minimum values\n\nCartesian Scope: ([Version].[Version Name]{{#filter Version}} * [Location].[Location]{{#filter Location}} * [Item].[L3] {{#filter L3}}* [To Time].[To Week] {{#filter ToWeek}} * [Time].[Week]{{#filter FromWeek}}  );\nMeasure.[Plant Production Minimum Quantity]={{MinimumQuantity}};\nMeasure.[Production Minimum Include PO for Assessment Flag]={{POFlag}};\nend scope;"
      },
      {
        "template": "//Rule to handle Negative Values\n\nCartesian Scope: ([Version].[Version Name]{{#filter Version}} * [Location].[Location]{{#filter Location}} * [Item].[L3] {{#filter L3}}* [To Time].[To Week] {{#filter ToWeek}} * [Time].[Week]{{#filter FromWeek}}  );\n\n\nMeasure.[Plant Production Minimum Quantity] = if (Measure.[Plant Production Minimum Quantity] >= 0) then Measure.[Plant Production Minimum Quantity] else null;\n\n\nMeasure.[Production Minimum Include PO for Assessment Flag] = if (Measure.[Plant Production Minimum Quantity] >= 0) then Measure.[Production Minimum Include PO for Assessment Flag] else null;\n\nend scope;"
      }
    ],
    "JavascriptRules": [],
    "FieldBindings": [
      {
        "fieldName": "Version",
        "title": "Version",
        "type": "picklistDropdown",
        "selectionType": "single",
        "clearSearch": true,
        "source": "filter",
        "DimensionName": "Version",
        "LevelAttributeName": "Version Name",
        "visible": true,
        "isEditable": true,
        "validation": {
          "maxLength": "0",
          "required": true
        }
      },
      {
        "fieldName": "Location",
        "title": "Location",
        "type": "picklistDropdown",
        "selectionType": "single",
        "clearSearch": true,
        "select": "NONE",
        "source": "members",
        "DimensionName": "Location",
        "LevelAttributeName": "Location",
        "FilterExpression": "&AllPlantLocations",
        "sortBy": "Name",
        "sortOrder": "asc",
        "visible": true,
        "isEditable": true,
        "validation": {
          "maxLength": "0",
          "required": true
        }
      },
      {
        "fieldName": "L3",
        "title": "Item Class",
        "type": "picklistDropdown",
        "selectionType": "single",
        "clearSearch": true,
        "select": "NONE",
        "source": "members",
        "DimensionName": "Item",
        "LevelAttributeName": "L3",
        "FilterExpression": "&AllDemandHeaderItems.relatedmembers([L3])",
        "sortBy": "DisplayName",
        "sortOrder": "asc",
        "visible": true,
        "isEditable": true,
        "validation": {
          "maxLength": "0",
          "required": true
        }
      },
      {
        "fieldName": "FromQuarter",
        "title": "From Quarter",
        "type": "picklistDropdown",
        "selectionType": "single",
        "clearSearch": true,
        "select": "NONE",
        "source": "datasource",
        "key": "FromQuarterDS",
        "valueField": "Name",
        "textField": "DisplayName",
        "overrideFieldBindingType": false,
        "visible": true,
        "isEditable": true,
        "validation": {
          "maxLength": "0",
          "required": true
        }
      },
      {
        "fieldName": "FromMonth",
        "title": "From Month",
        "type": "picklistDropdown",
        "selectionType": "single",
        "clearSearch": true,
        "select": "ALL",
        "source": "datasource",
        "key": "FromMonthDS",
        "valueField": "Name",
        "textField": "DisplayName",
        "overrideFieldBindingType": false,
        "visible": true,
        "isEditable": true,
        "cascadeFrom": "FromQuarter",
        "validation": {
          "maxLength": "0",
          "required": true
        }
      },
      {
        "fieldName": "FromWeek",
        "title": "From Week",
        "type": "picklistDropdown",
        "selectionType": "single",
        "clearSearch": true,
        "select": "ALL",
        "source": "datasource",
        "key": "FromWeekDS",
        "valueField": "Name",
        "textField": "DisplayName",
        "overrideFieldBindingType": false,
        "visible": true,
        "isEditable": true,
        "cascadeFrom": "FromMonth",
        "validation": {
          "maxLength": "0",
          "required": true
        }
      },
      {
        "fieldName": "ToQuarter",
        "title": "To Quarter",
        "type": "picklistDropdown",
        "selectionType": "single",
        "clearSearch": true,
        "select": "NONE",
        "source": "datasource",
        "key": "ToQuarterDS",
        "valueField": "Name",
        "textField": "DisplayName",
        "overrideFieldBindingType": false,
        "visible": true,
        "isEditable": true,
        "validation": {
          "maxLength": "0",
          "required": true
        },
        "cascadeFrom": "FromQuarter"
      },
      {
        "fieldName": "ToMonth",
        "title": "To Month",
        "type": "picklistDropdown",
        "selectionType": "single",
        "clearSearch": true,
        "select": "ALL",
        "source": "datasource",
        "key": "ToMonthDS",
        "valueField": "Name",
        "textField": "DisplayName",
        "overrideFieldBindingType": false,
        "visible": true,
        "isEditable": true,
        "cascadeFrom": "ToQuarter",
        "validation": {
          "maxLength": "0",
          "required": true
        }
      },
      {
        "fieldName": "ToWeek",
        "title": "To Week",
        "type": "picklistDropdown",
        "selectionType": "single",
        "clearSearch": true,
        "select": "ALL",
        "source": "datasource",
        "key": "ToWeekDS",
        "valueField": "Name",
        "textField": "DisplayName",
        "overrideFieldBindingType": false,
        "visible": true,
        "isEditable": true,
        "cascadeFrom": "ToMonth",
        "validation": {
          "maxLength": "0",
          "required": true
        }
      },
      {
        "fieldName": "MinimumQuantity",
        "title": "MOQ Target",
        "type": "number",
        "selectionType": "single",
        "clearSearch": true,
        "source": "literal",
        "visible": true,
        "isEditable": true,
        "validation": {
          "maxLength": "0",
          "required": true
        }
      },
      {
        "fieldName": "POFlag",
        "title": "Include PO's",
        "type": "picklistDropdown",
        "selectionType": "single",
        "clearSearch": true,
        "select": "NONE",
        "source": "localPicklist",
        "values": [
          {
            "Key": "TRUE",
            "Name": "Yes"
          },
          {
            "Key": "FALSE",
            "Name": "No"
          }
        ],
        "valueField": "Key",
        "visible": true,
        "isEditable": true,
        "validation": {
          "maxLength": "0",
          "required": true
        }
      }
    ],
    "Range": [],
    "DataSources": [
      {
        "Name": "FromQuarterDS",
        "IBPLRules": [
          {
            "template": "select( &PlanningHorizon.relatedmembers([Planning Quarter])) ;"
          }
        ],
        "JavascriptRules": [],
        "IncludeDSFieldsOnly": false,
        "FieldBindings": []
      },
      {
        "Name": "FromMonthDS",
        "IBPLRules": [
          {
            "template": "Select([Time].[Planning Quarter]{{#filter FromQuarter}}.relatedmembers([Planning Month]));"
          }
        ],
        "JavascriptRules": [],
        "IncludeDSFieldsOnly": false,
        "FieldBindings": []
      },
      {
        "Name": "FromWeekDS",
        "IBPLRules": [
          {
            "template": "Select([Time].[Planning Month]{{#filter FromMonth}}.relatedmembers([Week]));"
          }
        ],
        "JavascriptRules": [],
        "IncludeDSFieldsOnly": false,
        "FieldBindings": []
      },
      {
        "Name": "ToQuarterDS",
        "IBPLRules": [
          {
            "template": "select( &PlanningHorizon.relatedmembers([Planning Quarter]).Filter(#.Key >= [To Time].[To Planning Quarter].Filter(#.Name in {\"{{FromQuarter}}\"}).element(0).LeadOffset(0).Key) ) ;"
          }
        ],
        "JavascriptRules": [],
        "IncludeDSFieldsOnly": false,
        "FieldBindings": []
      },
      {
        "Name": "ToMonthDS",
        "IBPLRules": [
          {
            "template": "Select([To Time].[To Planning Quarter]{{#filter ToQuarter}}.relatedmembers([To Planning Month]).Filter(#.Key >= [To Time].[To Planning Month]{{#filter FromMonth}}.element(0).LeadOffset(0).Key));"
          }
        ],
        "JavascriptRules": [],
        "IncludeDSFieldsOnly": false,
        "FieldBindings": []
      },
      {
        "Name": "ToWeekDS",
        "IBPLRules": [
          {
            "template": "Select([To Time].[To Planning Month]{{#filter ToMonth}}.relatedmembers([To Week]).Filter(#.Key >= [To Time].[To Week]{{#filter FromWeek}}.element(0).LeadOffset(0).Key));"
          }
        ],
        "JavascriptRules": [],
        "IncludeDSFieldsOnly": false,
        "FieldBindings": []
      }
    ],
    "AutoExecute": false,
    "isAsync": true,
    "hasMembersUpdates": false,
    "Compact": true,
    "TwoColumn": false,
    "IsGlobalForExcelAddIn": false,
    "ReturnFilterByUpdate": false,
    "ExcludeFromNavLink": false,
    "FilterFieldBindings": [],
    "enableTransaction": false
  },
  "Widget": null,
  "Roles": []
}