{
  "Name": "800AddNewItem",
  "Description": null,
  "ActionButtonId": "743296ca-eb45-4f33-a78b-bb90df5a1f1b",
  "Tooltip": "Add new item",
  "ActionButtonType": "Widget",
  "Alignment": "right",
  "IsPopOver": true,
  "IsGlobal": true,
  "ActionClickHandler": null,
  "Icon": null,
  "Image": null,
  "ConfigJson": {
    "DisplayName": "New Item",
    "icon": "plus-square-o",
    "SubmitButton": {
      "Label": "Submit",
      "ProgressMessage": "Executing...",
      "SuccessMessage": "Successfully Executed.",
      "ErrorMessage": "Error in Execution.",
      "ConfirmMessage": "Are you sure you want to go ahead with the changes?"
    },
    "ResetButton": {
      "Label": "Reset"
    },
    "CloseButton": {
      "Label": "Close",
      "ConfirmMessage": "Unsaved changes will be lost. Continue?"
    },
    "NotifyRoles": false,
    "NotifyAll": false,
    "IBPLRules": [
      {
        "template": "CreateMember([Item].[Item]={,\"{{Item}}\"}, [Item].[Item$DisplayName] = {\"{{ItemDisplayName}}\",}, [Item].[Item Intro Date]={\"{{ItemIntroDate}}\",}, [Item].[Item Disc Date]={\"{{ItemDiscDate}}\",}, [Item].[Item Status]={\"true\",}, [Item].[Is New Item]={\"true\",}, [Item].[Planning Item]={,\"{{PlanningItem}}\"}, [Item].[Planning Item$DisplayName] = {\"{{PlanningItemDisplayName}}\",},[Item].[Planning Item Intro Date]={\"{{ItemIntroDate}}\",}, [Item].[Planning Item Disc Date]={\"{{ItemDiscDate}}\",}, [Item].[Planning Item Locale]={\"{{PlanningItemLocale}}\",},  [Item].[Base UOM]={\"{{PlanningItemBaseUOM}}\",}, [Item].[UOM Type]={\"{{PlanningItemUOMType}}\",}, [Item].[L1]={,\"{{L1}}\"}, [Item].[Item Stage]={,\"{{ItemStage}}\"}, [Item].[Item Type]={,\"{{ItemType}}\"}, [Item].[PLC Status]={,\"{{PLCStatus}}\"}, [Item].[Item Class]={,\"{{ItemClass}}\"}, [Item].[Transition Group]={,\"{{TransitionGroup}}\"}, [Item].[Transition Item]={,\"T-{{PlanningItem}}\"}, [Item].[Transition Item$DisplayName]={\"T - {{PlanningItemDisplayName}}\",}, [Item].[Stat Item]={,\"{{StatItem}}\"}, [Item].[Reporting Item]={,\"{{Item}}\"}, [Item].[Reporting Item$DisplayName] = {\"{{ItemDisplayName}}\",}, [Item].[RGM1] = {,\"{{RGM1}}\"}, [Item].[RGM2] = {,\"{{RGM2}}\"}, [Item].[EAN ID]={,\"{{EANID}}\"}, [Item].[PPG]={,\"{{PPG}}\"}, [Item].[Pack Size]={,\"{{PackSize}}\"}, [Item].[Unit Size]={,\"{{UnitSize}}\"},[Item].[FN Item] = {,\"{{FNItem}}\"});\n\n{{#if A14}}\nUpdateMember([Item].[Item]={,\"{{Item}}\"}, [Item].[A14]={,\"{{A14}}\"});\n{{/if}}\n\n{{#if PlanningItemContainerSize}}\nupdatemember([Item].[Planning Item]={,\"{{PlanningItem}}\"}, [Item].[Container Size]={\"{{PlanningItemContainerSize}}\",});\n{{/if}}\n\n{{#if PlanningItemPackageSize}}\nupdatemember([Item].[Planning Item]={,\"{{PlanningItem}}\"}, [Item].[Package Size]={\"{{PlanningItemPackageSize}}\",});\n{{/if}}\n\n\n"
      },
      {
        "template": "{{#if UOMCheck}}\nCartesian Scope:(&CWVAndScenarios * [Item].[Planning Item].[{{PlanningItem}}] * [UOM].[UOM].[Base UOM]);\nMeasure.[UOM Conversion] = 1;\nend scope;\nCartesian scope:(&CWVAndScenarios * [Item].[Item].[{{Item}}]  * [UOM].[UOM].[Base UOM]);\nMeasure.[UOM Conversion Item] = 1;\nend scope;\n{{#else}}\nselect (&CWV);\n{{/if}}\n"
      }
    ],
    "JavascriptRules": [],
    "FieldBindings": [
      {
        "fieldName": "Item",
        "title": "Item",
        "Description": "Name of the new Item",
        "type": "string",
        "selectionType": "single",
        "clearSearch": true,
        "source": "literal",
        "visible": true,
        "isEditable": true,
        "validation": {
          "maxLength": "0",
          "required": true
        },
        "fieldGroup": "New Item Details"
      },
      {
        "fieldName": "ItemDisplayName",
        "title": "Item Display Name",
        "Description": "Display Name of the new Item",
        "type": "string",
        "selectionType": "single",
        "clearSearch": true,
        "source": "literal",
        "visible": true,
        "isEditable": true,
        "validation": {
          "maxLength": "0",
          "required": true
        },
        "fieldGroup": "New Item Details"
      },
      {
        "fieldName": "ItemIntroDate",
        "title": "Item Intro Date",
        "Description": "Introduction Date of the new Item",
        "type": "datetime",
        "fieldGroup": "New Item Details",
        "selectionType": "single",
        "clearSearch": true,
        "source": "literal",
        "visible": true,
        "isEditable": true,
        "validation": {
          "maxLength": "0",
          "required": true
        }
      },
      {
        "fieldName": "ItemDiscDate",
        "title": "Item Disc Date",
        "Description": "Discontinuation Date of the new Item",
        "type": "datetime",
        "fieldGroup": "New Item Details",
        "selectionType": "single",
        "clearSearch": true,
        "source": "literal",
        "visible": true,
        "isEditable": true,
        "validation": {
          "maxLength": "0",
          "required": true
        }
      },
      {
        "fieldName": "PlanningItem",
        "title": "Planning Item",
        "Description": "Name of the new Planning Item",
        "type": "string",
        "selectionType": "single",
        "clearSearch": true,
        "source": "literal",
        "visible": true,
        "isEditable": true,
        "validation": {
          "maxLength": "0",
          "required": true
        },
        "fieldGroup": "New Planning Item Details"
      },
      {
        "fieldName": "PlanningItemDisplayName",
        "title": "Planning Item Display Name",
        "Description": "Display Name of the new Planning Item",
        "type": "string",
        "selectionType": "single",
        "clearSearch": true,
        "source": "literal",
        "visible": true,
        "isEditable": true,
        "validation": {
          "maxLength": "0",
          "required": true
        },
        "fieldGroup": "New Planning Item Details"
      },
      {
        "fieldName": "PlanningItemLocale",
        "title": "Planning Item Locale",
        "Description": "Locale of the new Planning Item",
        "type": "string",
        "selectionType": "single",
        "clearSearch": true,
        "select": "ALL",
        "source": "picklist",
        "key": "Planning Item Locale",
        "visible": true,
        "isEditable": true,
        "validation": {
          "maxLength": "0",
          "required": true
        },
        "fieldGroup": "New Planning Item Details"
      },
      {
        "fieldName": "PlanningItemBaseUOM",
        "title": "Planning Item Base UOM",
        "Description": "Base UOM of the new Planning Item",
        "type": "string",
        "selectionType": "single",
        "clearSearch": true,
        "select": "ALL",
        "source": "picklist",
        "key": "Planning Item Base UOM",
        "visible": true,
        "isEditable": true,
        "validation": {
          "maxLength": "0",
          "required": true
        },
        "fieldGroup": "New Planning Item Details"
      },
      {
        "fieldName": "PlanningItemUOMType",
        "title": "Planning Item UOM Type",
        "Description": "UOM Type of the new Planning Item",
        "type": "string",
        "selectionType": "single",
        "clearSearch": true,
        "select": "ALL",
        "source": "picklist",
        "key": "Planning Item UOM Type",
        "visible": true,
        "isEditable": true,
        "validation": {
          "maxLength": "0",
          "required": true
        },
        "fieldGroup": "New Planning Item Details"
      },
      {
        "fieldName": "PlanningItemContainerSize",
        "title": "Planning Item Container Size",
        "Description": "Container Size of the new Planning Item",
        "type": "number",
        "fieldGroup": "New Planning Item Details",
        "selectionType": "single",
        "clearSearch": true,
        "source": "literal",
        "visible": true,
        "isEditable": true,
        "validation": {
          "maxLength": "0",
          "required": false
        }
      },
      {
        "fieldName": "PlanningItemPackageSize",
        "title": "Planning Item Package Size",
        "Description": "Package Size of the new Planning Item",
        "type": "number",
        "fieldGroup": "New Planning Item Details",
        "selectionType": "single",
        "clearSearch": true,
        "source": "literal",
        "visible": true,
        "isEditable": true,
        "validation": {
          "maxLength": "0",
          "required": false
        }
      },
      {
        "fieldName": "A14",
        "title": "A14",
        "Description": "A14",
        "type": "picklistDropdown",
        "fieldGroup": "Optional Attributes",
        "selectionType": "single",
        "clearSearch": true,
        "select": "NONE",
        "source": "members",
        "DimensionName": "Item",
        "LevelAttributeName": "A14",
        "visible": true,
        "isEditable": true,
        "validation": {
          "maxLength": "0",
          "required": false
        }
      },
      {
        "fieldName": "L1",
        "title": "L1",
        "Description": "L1",
        "type": "picklistDropdown",
        "fieldGroup": "Attributes",
        "selectionType": "single",
        "clearSearch": true,
        "source": "members",
        "DimensionName": "Item",
        "LevelAttributeName": "L1",
        "visible": true,
        "isEditable": true,
        "validation": {
          "maxLength": "0",
          "required": true
        },
        "select": "NONE"
      },
      {
        "fieldName": "StatItem",
        "title": "Stat Item",
        "Description": "Stat Item",
        "type": "picklistDropdown",
        "fieldGroup": "Attributes",
        "selectionType": "single",
        "clearSearch": true,
        "source": "members",
        "DimensionName": "Item",
        "LevelAttributeName": "Stat Item",
        "visible": true,
        "isEditable": true,
        "validation": {
          "maxLength": "0",
          "required": true
        },
        "select": "NONE"
      },
      {
        "fieldName": "ItemType",
        "title": "Item Type",
        "Description": "Item Type",
        "type": "picklistDropdown",
        "fieldGroup": "Attributes",
        "selectionType": "single",
        "clearSearch": true,
        "select": "NONE",
        "source": "members",
        "DimensionName": "Item",
        "LevelAttributeName": "Item Type",
        "visible": true,
        "isEditable": true,
        "validation": {
          "maxLength": "0",
          "required": true
        }
      },
      {
        "fieldName": "ItemStage",
        "title": "Item Stage",
        "Description": "Item Stage",
        "type": "picklistDropdown",
        "fieldGroup": "Attributes",
        "selectionType": "single",
        "clearSearch": true,
        "select": "NONE",
        "source": "members",
        "DimensionName": "Item",
        "LevelAttributeName": "Item Stage",
        "visible": true,
        "isEditable": true,
        "validation": {
          "maxLength": "0",
          "required": true
        }
      },
      {
        "fieldName": "ItemClass",
        "title": "Item Class",
        "Description": "Item Class",
        "type": "picklistDropdown",
        "fieldGroup": "Attributes",
        "selectionType": "single",
        "clearSearch": true,
        "source": "members",
        "DimensionName": "Item",
        "LevelAttributeName": "Item Class",
        "visible": true,
        "isEditable": true,
        "validation": {
          "maxLength": "0",
          "required": true
        },
        "select": "NONE"
      },
      {
        "fieldName": "TransitionGroup",
        "title": "Transition Group",
        "Description": "Transition Group",
        "type": "picklistDropdown",
        "fieldGroup": "Attributes",
        "selectionType": "single",
        "clearSearch": true,
        "source": "members",
        "DimensionName": "Item",
        "LevelAttributeName": "Transition Group",
        "visible": true,
        "isEditable": true,
        "validation": {
          "maxLength": "0",
          "required": true
        },
        "select": "NONE"
      },
      {
        "fieldName": "PLCStatus",
        "title": "PLC Status",
        "Description": "PLC Status",
        "type": "picklistDropdown",
        "fieldGroup": "Attributes",
        "selectionType": "single",
        "clearSearch": true,
        "select": "ALL",
        "source": "members",
        "DimensionName": "Item",
        "LevelAttributeName": "PLC Status",
        "FilterExpression": "Item.[PLC Status].filter(#.Name in {\"New\"})",
        "visible": false,
        "isEditable": false,
        "validation": {
          "maxLength": "0",
          "required": true
        }
      },
      {
        "fieldName": "RGM1",
        "title": "RGM1",
        "Description": "RGM1",
        "type": "picklistDropdown",
        "fieldGroup": "Attributes",
        "selectionType": "single",
        "clearSearch": true,
        "select": "NONE",
        "source": "members",
        "DimensionName": "Item",
        "LevelAttributeName": "RGM1",
        "visible": true,
        "isEditable": true,
        "validation": {
          "maxLength": "0",
          "required": true
        }
      },
      {
        "fieldName": "RGM2",
        "title": "RGM2",
        "Description": "RGM2",
        "type": "picklistDropdown",
        "fieldGroup": "Attributes",
        "selectionType": "single",
        "clearSearch": true,
        "select": "NONE",
        "source": "members",
        "DimensionName": "Item",
        "LevelAttributeName": "RGM2",
        "visible": true,
        "isEditable": true,
        "validation": {
          "maxLength": "0",
          "required": true
        }
      },
      {
        "fieldName": "RGM4",
        "title": "RGM4",
        "Description": "RGM4",
        "type": "picklistDropdown",
        "fieldGroup": "Attributes",
        "selectionType": "single",
        "clearSearch": true,
        "select": "NONE",
        "source": "members",
        "DimensionName": "Item",
        "LevelAttributeName": "RGM4",
        "visible": false,
        "isEditable": false,
        "validation": {
          "maxLength": "0",
          "required": true
        }
      },
      {
        "fieldName": "EANID",
        "title": "EAN ID",
        "Description": "EAN ID",
        "type": "picklistDropdown",
        "fieldGroup": "Attributes",
        "selectionType": "single",
        "clearSearch": true,
        "select": "NONE",
        "source": "members",
        "DimensionName": "Item",
        "LevelAttributeName": "EAN ID",
        "visible": true,
        "isEditable": true,
        "validation": {
          "maxLength": "0",
          "required": true
        }
      },
      {
        "fieldName": "PPG",
        "title": "PPG",
        "Description": "PPG",
        "type": "picklistDropdown",
        "fieldGroup": "Attributes",
        "selectionType": "single",
        "clearSearch": true,
        "select": "NONE",
        "source": "members",
        "DimensionName": "Item",
        "LevelAttributeName": "PPG",
        "visible": true,
        "isEditable": true,
        "validation": {
          "maxLength": "0",
          "required": true
        }
      },
      {
        "fieldName": "PackSize",
        "title": "Pack Size",
        "Description": "Pack Size",
        "type": "picklistDropdown",
        "fieldGroup": "Attributes",
        "selectionType": "single",
        "clearSearch": true,
        "select": "NONE",
        "source": "members",
        "DimensionName": "Item",
        "LevelAttributeName": "Pack Size",
        "visible": true,
        "isEditable": true,
        "validation": {
          "maxLength": "0",
          "required": true
        }
      },
      {
        "fieldName": "UnitSize",
        "title": "Unit Size",
        "Description": "Unit Size",
        "type": "picklistDropdown",
        "fieldGroup": "Attributes",
        "selectionType": "single",
        "clearSearch": true,
        "select": "NONE",
        "source": "members",
        "DimensionName": "Item",
        "LevelAttributeName": "Unit Size",
        "visible": true,
        "isEditable": true,
        "validation": {
          "maxLength": "0",
          "required": true
        }
      },
      {
        "fieldName": "FNItem",
        "title": "FN Item",
        "Description": "FN Item Attribute",
        "type": "picklistDropdown",
        "selectionType": "single",
        "clearSearch": true,
        "select": "NONE",
        "source": "members",
        "DimensionName": "Item",
        "LevelAttributeName": "FN Item",
        "visible": true,
        "isEditable": true,
        "validation": {
          "maxLength": "0",
          "required": true
        },
        "fieldGroup": "Attributes"
      },
      {
        "fieldName": "UOMCheck",
        "title": "UOMCheck",
        "Description": "UOMCheck",
        "type": "picklist",
        "selectionType": "single",
        "clearSearch": true,
        "select": "ALL",
        "source": "datasource",
        "key": "UOMFlag",
        "valueField": "UOM Enable Flag",
        "textField": "UOM Enable Flag",
        "overrideFieldBindingType": false,
        "visible": false,
        "isEditable": false,
        "cascadeFrom": "Version",
        "validation": {
          "maxLength": "0",
          "required": false
        }
      }
    ],
    "Range": [],
    "DataSources": [
      {
        "Name": "UOMFlag",
        "IBPLRules": [
          {
            "template": "Select (&CWV) on row, \n({Measure.[UOM Enable Flag]}) on column;"
          }
        ],
        "JavascriptRules": [],
        "IncludeDSFieldsOnly": false,
        "FieldBindings": []
      }
    ],
    "AutoExecute": false,
    "isAsync": false,
    "hasMembersUpdates": true,
    "Compact": true,
    "TwoColumn": true,
    "IsGlobalForExcelAddIn": false,
    "ReturnFilterByUpdate": false,
    "ExcludeFromNavLink": false,
    "FilterFieldBindings": [],
    "enableTransaction": false
  },
  "Widget": null,
  "Roles": []
}