{
  "RuleGroupId": "01cdbfb2-56c5-00e4-7a5b-7890a63625e3",
  "RuleGroupLabelName": null,
  "ScopeLabelName": null,
  "RuleGroupName": "AP17PopulateBenchmarks",
  "RuleGroupLabelPosition": 1.0,
  "ScopeLabelPosition": 0.0,
  "RuleGroupDescription": "Populating Benchmarks from Settings to the Heatmap",
  "IsEnabled": true,
  "RuleGroupContent": {
    "ScopeExpression": null,
    "IsParameterized": true,
    "ParameterJson": {
      "description": "AP17PopulateBenchmarks",
      "type": "object",
      "properties": {
        "Version": {
          "type": "string"
        },
        "Class": {
          "type": "array",
          "items": {
            "type": "string"
          }
        },
        "ProductSeason": {
          "type": "array",
          "items": {
            "type": "string"
          }
        },
        "Country": {
          "type": "array",
          "items": {
            "type": "string"
          }
        },
        "Channel": {
          "type": "array",
          "items": {
            "type": "string"
          }
        },
        "HistoricalPeriod": {
          "type": "array",
          "items": {
            "type": "string"
          }
        },
        "Execution": {
          "type": "boolean"
        }
      }
    },
    "IsParallel": false,
    "RuleGroupText": "//Nulling out to-be calculated measures\r\nBlock Scope: (&CWVAndScenarios{{#filter Version}} * &APClasses{{#filter Class}} * &APSellingSeasons{{#filter ProductSeason}} * &APCountries{{#filter Country}} * &APChannels{{#filter Channel}} );\r\nMeasure.[Sales $ Benchmark]= null;\r\nMeasure.[ROS Benchmark]= null;\r\nMeasure.[Margin % Benchmark]= null;\r\nMeasure.[Sales $ Benchmark Override]= null;\r\nMeasure.[ROS Benchmark Override]= null;\r\nMeasure.[Margin % Benchmark Override]= null;\r\nEnd Scope;\r\nBlock Scope: (&CWVAndScenarios{{#filter Version}} * &APClasses{{#filter Class}}.relatedmembers([Planning Item]) * &APSellingSeasons{{#filter ProductSeason}} * &APCountries{{#filter Country}} * &APChannels{{#filter Channel}} );\r\nMeasure.[Weeks Live]= null;\r\nMeasure.[Location Exposed]= null;\r\nMeasure.[ROS SC SS] = null ;\r\nMeasure.[Sales Units SC SS] = null;\r\nMeasure.[Sales Value SC SS] = null;\r\nMeasure.[Margin SC SS] = null;\r\nMeasure.[On Hand SC SS] = null;\r\nMeasure.[Heat Map Rank] = null;\r\nEnd Scope;\r\n//Calculating Heatmap Measures\r\n/*\r\nBlock Scope: (&CWVAndScenarios{{#filter Version}} * &APClasses{{#filter Class}}.relatedmembers([Planning Item]) * &APSellingSeasons{{#filter SellingSeason}} * &APCountries{{#filter Country}} * &APChannels{{#filter Channel}} );\r\nMeasure.[Weeks Live]= DistinctCount([Time].[Week]) using ~isnull(Measure.[Sales Units Actuals]);\r\nMeasure.[Location Exposed]= DistinctCount([Location].[Location]) using ~isnull(Measure.[Sales Units Actuals]);\r\nMeasure.[ROS SC SS] = safedivide(safedivide(Measure.[Sales Units SC SS],Measure.[Weeks Live]),Measure.[Location Exposed]);\r\nEnd Scope;\r\n*/\r\n// Calling Plugin to Populate Post Game Benchmarks\r\n\r\n{{#if Execution}}\r\nexec plugin instance [AP01PopulatePostGameBenchmarks] for measures {Measure.[Sales Value SC SS]} using scope (&CWVAndScenarios{{#filter Version}} * &APClasses{{#filter Class}} * &APCountries{{#filter Country}} * &APChannels{{#filter Channel}} * &APSellingSeasons{{#filter ProductSeason}} * &AllPastPlanningMonths{{#filter HistoricalPeriod}}) using arguments {([Param.o9_sys_log_level], \"INFO\"), (\"IncludeNullRows\", False), (ExecutionMode, \"MediumWeight\"), (DataTransferMode,\"csv\")};\r\n{{#else}}\r\n\r\nexec plugin instance [AP01PopulatePostGameBenchmarksDL] for measures {Measure.[Sales Value SC SS]} using scope (&CWVAndScenarios{{#filter Version}} * &APClasses{{#filter Class}} * &APCountries{{#filter Country}} * &APChannels{{#filter Channel}} * &APSellingSeasons{{#filter ProductSeason}} * &AllPastPlanningMonths{{#filter HistoricalPeriod}}) using arguments {([Param.o9_sys_log_level], \"INFO\"), (\"IncludeNullRows\", False), (DataTransferMode,\"csv\")};\r\n{{/if}}\r\n//Locking out Measures that are not used for KPI calculation\r\nBlock Scope: (&CWVAndScenarios{{#filter Version}} * &APClasses{{#filter Class}} * &APSellingSeasons{{#filter ProductSeason}} * &APCountries{{#filter Country}} * &APChannels{{#filter Channel}} );\r\nMeasure.[Sales $ Benchmark Override.Lock]=if (isnull(Measure.[Sales $ Benchmark])) then true else false;\r\nMeasure.[ROS Benchmark Override.Lock]=if (isnull(Measure.[ROS Benchmark])) then true else false;\r\nMeasure.[Margin % Benchmark Override.Lock]=if (isnull(Measure.[Margin % Benchmark])) then true else false;\r\nEnd Scope;",
    "NamedNodeName": null,
    "PluginInstanceName": null,
    "PluginScopes": null,
    "PluginArguments": null,
    "PluginModified": false
  },
  "RuleGroupType": "ParameterizedProcedure",
  "HasErrors": false,
  "ErrorMessage": null,
  "IgnoreErrors": false,
  "Translations": [],
  "DimensionUsages": [],
  "MeasureUsages": [
    {
      "MeasureName": "Heat Map Rank",
      "IsInput": false,
      "IsOutput": true
    },
    {
      "MeasureName": "Location Exposed",
      "IsInput": true,
      "IsOutput": true
    },
    {
      "MeasureName": "Margin % Benchmark",
      "IsInput": true,
      "IsOutput": true
    },
    {
      "MeasureName": "Margin % Benchmark Override",
      "IsInput": false,
      "IsOutput": true
    },
    {
      "MeasureName": "Margin SC SS",
      "IsInput": false,
      "IsOutput": true
    },
    {
      "MeasureName": "On Hand SC SS",
      "IsInput": false,
      "IsOutput": true
    },
    {
      "MeasureName": "ROS Benchmark",
      "IsInput": true,
      "IsOutput": true
    },
    {
      "MeasureName": "ROS Benchmark Override",
      "IsInput": false,
      "IsOutput": true
    },
    {
      "MeasureName": "ROS SC SS",
      "IsInput": false,
      "IsOutput": true
    },
    {
      "MeasureName": "Sales $ Benchmark",
      "IsInput": true,
      "IsOutput": true
    },
    {
      "MeasureName": "Sales $ Benchmark Override",
      "IsInput": false,
      "IsOutput": true
    },
    {
      "MeasureName": "Sales Units Actuals",
      "IsInput": true,
      "IsOutput": false
    },
    {
      "MeasureName": "Sales Units SC SS",
      "IsInput": true,
      "IsOutput": true
    },
    {
      "MeasureName": "Sales Value SC SS",
      "IsInput": false,
      "IsOutput": true
    },
    {
      "MeasureName": "Weeks Live",
      "IsInput": true,
      "IsOutput": true
    }
  ],
  "ActionButtonUsages": [],
  "RelationshipPropertyUsages": []
}