{
  "RuleGroupId": "78fac16a-6368-2516-ace3-2d1c3d8926bd",
  "RuleGroupLabelName": null,
  "ScopeLabelName": null,
  "RuleGroupName": "AP20AddAsPlaceholder",
  "RuleGroupLabelPosition": 1.0,
  "ScopeLabelPosition": 0.0,
  "RuleGroupDescription": "Add the Style Colors as Placeholder",
  "IsEnabled": true,
  "RuleGroupContent": {
    "ScopeExpression": null,
    "IsParameterized": true,
    "ParameterJson": {
      "description": "AP20AddAsPlaceholder",
      "type": "object",
      "properties": {
        "Version": {
          "type": "string"
        },
        "Prefix": {
          "type": "string"
        },
        "StyleColor": {
          "type": "array",
          "items": {
            "type": "string"
          }
        },
        "Style": {
          "type": "array",
          "items": {
            "type": "string"
          }
        },
        "SellingSeason": {
          "type": "string"
        },
        "PastSellingSeason": {
          "type": "string"
        },
        "Country": {
          "type": "array",
          "items": {
            "type": "string"
          }
        },
        "Channel": {
          "type": "array",
          "items": {
            "type": "string"
          }
        },
        "EmptyAttributeFillValue": {
          "type": "string"
        },
        "ItemConcurrencyGrain": {
          "type": "string"
        },
        "SeqDimPrefix": {
          "type": "string"
        },
        "Class": {
          "type": "string"
        },
        "RosOption": {
          "type": "string"
        },
        "PHSource": {
          "type": "string"
        },
        "LikeSC": {
          "type": "string"
        }
      }
    },
    "IsParallel": false,
    "RuleGroupText": "/*\n// Save choice of ROS for the style color\nCartesian Scope: (&CWVAndScenarios{{#filter Version}} * &APStylecolors{{#filter StyleColor}} * &APSellingSeasons{{#filter SellingSeason}} * &APCountries{{#filter Country}} * &APChannels{{#filter Channel}}) ;\nMeasure.[Choice of ROS]=\"{{RosOption}}\";\nend scope;\n*/\n\n\n//Set all the intermediate measures to null\n\nBlock Scope: (&CWVAndScenarios{{#filter Version}} *Item.[L3]{{#filter Class}}* [Sequence].[Sequence].filter(#.Name startswith(\"{{SeqDimPrefix}}\"))) ;\nMeasure.[L1 Intermediate] = null;\nMeasure.[Planning Item Intermediate] = null;\nMeasure.[A1 Intermediate] = null;\nMeasure.[A2 Intermediate] = null;\nMeasure.[A3 Intermediate] = null;\nMeasure.[A4 Intermediate] = null;\nMeasure.[A5 Intermediate] = null;\nMeasure.[A6 Intermediate] = null;\nMeasure.[PH Source Intermediate] = null;\nMeasure.[Planning Item DisplayName Intermediate] = null;\nMeasure.[L1 DisplayName Intermediate] = null;\nend scope;\n\n//Python Plugin to Populate the intermediate measures and associate Sequence Dimension\n\nEXEC plugin instance [CreateMultiplePlaceHolders] for measures {[L1 Intermediate]} \nusing scope (&CWVAndScenarios{{#filter Version}} *  &APStylecolors{{#filter StyleColor}}) \nusing arguments{(\"PH_PREFIX\", \"{{Prefix}}\"),(\"VERSION\", \"{{Version}}\"),(\"SEQDIM_PREFIX\", \"{{SeqDimPrefix}}\"),(\"ITEM_GRAIN\", \"{{ItemConcurrencyGrain}}\"),(\"EMPTY_VAL\", \"{{EmptyAttributeFillValue}}\"),(\"IncludeNullRows\", False), (ExecutionMode, \"MediumWeight\")};\n\n//Create Product attribute dimension from intermediate measures\n\nCREATEMEMBER(\n    Item.[Planning Item]={,Measure.[Planning Item Intermediate]},\n    Item.[Item]={,Measure.[Planning Item Intermediate]},\n    Item.[Reporting Item] ={,Measure.[Planning Item Intermediate]},\n    [Item].[A1] = {,Measure.[A1 Intermediate]},\n    [Item].[A2] = {,Measure.[A2 Intermediate]},\n    [Item].[A3] = {,Measure.[A3 Intermediate]},\n    [Item].[A4] = {,Measure.[A4 Intermediate]},\n    [Item].[A5] = {,Measure.[A5 Intermediate]},\n    [Item].[A6] = {,Measure.[A6 Intermediate]},\n    Item.[L1]={,Measure.[L1 Intermediate]},\n    Item.[Item Class]={,\"RetailE2E\"}, \n    Item.[Item Stage]={,\"RetailE2E\"}, \n    Item.[Item Type]={,\"RetailE2E\"},\n    Item.[All Item]={,\"All\"},\n    Item.[A10] = {,\"{{EmptyAttributeFillValue}}\"},\n    Item.[A11] = {,\"{{EmptyAttributeFillValue}}\"},\n    Item.[A12] = {,\"{{EmptyAttributeFillValue}}\"},\n    Item.[A13] = {,\"{{EmptyAttributeFillValue}}\"},\n    Item.[A14] = {,\"{{EmptyAttributeFillValue}}\"},\n    Item.[A15] = {,\"{{EmptyAttributeFillValue}}\"},\n    Item.[A7] = {,\"{{EmptyAttributeFillValue}}\"},\n    Item.[A8] = {,\"{{EmptyAttributeFillValue}}\"},\n    Item.[A9] = {,\"{{EmptyAttributeFillValue}}\"},\n    Item.[AltGroup1] = {,\"{{EmptyAttributeFillValue}}\"},\n    Item.[Commodity] = {,\"{{EmptyAttributeFillValue}}\"},\n    Item.[ContainerType] = {,\"{{EmptyAttributeFillValue}}\"},\n    Item.[ContainerTypeName] = {,\"{{EmptyAttributeFillValue}}\"},\n    Item.[EAN ID] = {,\"{{EmptyAttributeFillValue}}\"},\n    Item.[FN Item] = {,\"{{EmptyAttributeFillValue}}\"},\n    Item.[Item UOM] = {,\"{{EmptyAttributeFillValue}}\"},\n    Item.[Material Group] = {,\"{{EmptyAttributeFillValue}}\"},\n    Item.[Pack Size] = {,\"{{EmptyAttributeFillValue}}\"},\n    Item.[PackageType] = {,\"{{EmptyAttributeFillValue}}\"},\n    Item.[PLC Status] = {,\"{{EmptyAttributeFillValue}}\"},\n    Item.[PPG] = {,\"{{EmptyAttributeFillValue}}\"},\n    Item.[ProductType] = {,\"{{EmptyAttributeFillValue}}\"},\n    Item.[RGM1] = {,\"{{EmptyAttributeFillValue}}\"},\n    Item.[RGM10] = {,\"{{EmptyAttributeFillValue}}\"},\n    Item.[RGM11] = {,\"{{EmptyAttributeFillValue}}\"},\n    Item.[RGM12] = {,\"{{EmptyAttributeFillValue}}\"},\n    Item.[RGM13] = {,\"{{EmptyAttributeFillValue}}\"},\n    Item.[RGM14] = {,\"{{EmptyAttributeFillValue}}\"},\n    Item.[RGM15] = {,\"{{EmptyAttributeFillValue}}\"},\n    Item.[RGM16] = {,\"{{EmptyAttributeFillValue}}\"},\n    Item.[RGM17] = {,\"{{EmptyAttributeFillValue}}\"},\n    Item.[RGM18] = {,\"{{EmptyAttributeFillValue}}\"},\n    Item.[RGM19] = {,\"{{EmptyAttributeFillValue}}\"},\n    Item.[RGM2] = {,\"{{EmptyAttributeFillValue}}\"},\n    Item.[RGM20] = {,\"{{EmptyAttributeFillValue}}\"},\n    Item.[RGM3] = {,\"{{EmptyAttributeFillValue}}\"},\n    Item.[RGM4] = {,\"{{EmptyAttributeFillValue}}\"},\n    Item.[RGM5] = {,\"{{EmptyAttributeFillValue}}\"},\n    Item.[RGM6] = {,\"{{EmptyAttributeFillValue}}\"},\n    Item.[RGM7] = {,\"{{EmptyAttributeFillValue}}\"},\n    Item.[RGM8] = {,\"{{EmptyAttributeFillValue}}\"},\n    Item.[RGM9] = {,\"{{EmptyAttributeFillValue}}\"},\n    Item.[Segmentation Category] = {,\"{{EmptyAttributeFillValue}}\"},\n    Item.[Segmentation LOB] = {,\"{{EmptyAttributeFillValue}}\"},\n    Item.[Size] = {,\"Dummy\"},\n    Item.[Stat Item Group] = {,\"{{EmptyAttributeFillValue}}\"},\n    Item.[Stat Item] = {,\"{{EmptyAttributeFillValue}}\"},\n    Item.[Transition Group] = {,\"{{EmptyAttributeFillValue}}\"},\n    Item.[Transition Item] = {,\"{{EmptyAttributeFillValue}}\"},\n    Item.[Unit Size] = {,\"{{EmptyAttributeFillValue}}\"},\n    Item.[NPI Item] = {,\"{{EmptyAttributeFillValue}}\"},\n    [Item].[L1$DisplayName] = {Measure.[L1 DisplayName Intermediate],},\n    [Item].[Planning Item$DisplayName] = {Measure.[Planning Item DisplayName Intermediate],},\n    Item.[Is Placeholder]={1.0,},\n    Item.[Is Real Item]={0.0,},\n    Item.[Planning Item Status]={True,})\nUsing Scope(&CWVAndScenarios{{#filter Version}} *Item.[L3]{{#filter Class}}* [Sequence].[Sequence].filter(#.Name startswith(\"{{SeqDimPrefix}}\")));\n\n//Copy the properties to the attributes\nEXEC plugin instance [AP33UpdatePlaceholdersSC] for measures {[L1 Intermediate]} \nusing scope (&CWVAndScenarios{{#filter Version}} * &APClasses{{#filter Class}} * &APStylecolors{{#filter StyleColor}} * Location.[Location Country]{{#filter Country}}* [Sales Domain].[Sales Planning Channel]{{#filter Channel}} * [Sequence].[Sequence].filter(#.Name startswith(\"{{SeqDimPrefix}}\"))) \nusing arguments{(\"PLACEHOLDERPREFIX\", \"{{Prefix}}\"),(\"VERSION\", \"{{Version}}\"),(\"EMPTYATTRIBUTEVAL\", \"{{EmptyAttributeFillValue}}\"),(\"SEQDIMPREFIX\", \"{{SeqDimPrefix}}\"),(\"SS_PARAM\", \"{{SellingSeason}}\"),([Param.o9_sys_log_level], \"DEBUG\"),(\"IncludeNullRows\", False), (DataTransferMode, \"csv\"),(ExecutionMode, \"MediumWeight\"),(\"PH_SOURCE\",\"{{PHSource}}\"),(\"LIKESC\", \"{{LikeSC}}\"),(\"ROS_CHOICE\",\"{{RosOption}}\"),(\"PAST_SEASON\", \"{{PastSellingSeason}}\")};\n\n\n/* \n//Spreading Start and End Week from L3 to SC level\n\nspread scope:(&CWVAndScenarios{{#filter Version}} * Item.[L1]{{#filter Style}}.relatedmembers([L3]) * &APSellingSeasons * &APCountries * &APChannels{{#filter Channel}} );\nMeasure.[Start Week SC SS] = Measure.[Start Week L3 SS];\nMeasure.[End Week SC SS] = Measure.[End Week L3 SS];\nend scope;\n\n//Spreading Store Grade association from Cluster Level to SC level\n*/\n\nspread scope:(&CWVAndScenarios{{#filter Version}} * Item.[L1]{{#filter Style}}.relatedmembers([L3]) * &APCountries{{#filter Country}}.relatedmembers([Location]) * &APChannels{{#filter Channel}} * &APClusters * &APSellingSeasons{{#filter SellingSeason}});\nMeasure.[Store Grade Association SC] = Measure.[Store Grade Association];\nend scope;\n\n\n//Updating Wishlist SC SS Association\n/* \n{{#each StyleColor}}\nCartesian Scope: (&CWVAndScenarios{{#filter Version}} * &APStylecolors.[{{Prefix}}{{this}}] * &APSellingSeasons{{#filter SellingSeason}} * &APCountries{{#filter Country}} * &APChannels{{#filter Channel}}) ;\nMeasure.[Style Color Selling Season Wishlist Association]=1;\nend scope;\n{{/each}}\n// Adding the Prefix to planning item and Updating IS PLACEHOLDER, IS REAL ITEM Dim\n\n{{#each StyleColor}}\nupdatemember(\n[Item].[Planning Item] = {,[{{Prefix}}{{this}}]},\n[Item].[Is Placeholder]={1.0,},\n[Item].[Is Real Item]={0.0,},\nItem.[Planning Item Status]={True,});\n{{/each}}\n\n//Updating and creating intersections based on Placeholder Property  measures.\n\n{{#each StyleColor}}\nCartesian Scope: (&CWVAndScenarios{{#filter Version}} * &APStylecolors.[{{Prefix}}{{this}}] );\nMeasure.[Is Placeholder Property] = 1;\nMeasure.[Is Real Item Property] = 0;\nMeasure.[Planning Item Status Property] = True;\nEnd Scope;\n{{/each}}\n\n// To show planning items whose PAG association is not present\n/* \n{{#each StyleColor}}\nscope : (&CWVAndScenarios{{#filter Version}} * &APStyleColors.[{{Prefix}}{{this}}] * &APSellingSeasons{{#filter SellingSeason}});\nMeasure.[Is PAG Associated] = 0;\nend scope;\n{{/each}}\n*/\n\n//Updating Style Color Status\n\n{{#each StyleColor}}\nScope: (&CWVAndScenarios{{#filter Version}} * &APStylecolors.[{{this}}] * &APSellingSeasons{{#filter PastSellingSeason}} * &APCountries{{#filter Country}} * &APChannels{{#filter Channel}});\nMeasure.[Style Color Status] = if((Measure.[Style Color Status] == \"Added as Carry-Forward\") || (Measure.[Style Color Status] == \"Added as Carry-Forward and Placeholder\")) then \"Added as Carry-Forward and Placeholder\";\nEnd Scope;\n{{/each}}\n\n//Updating Style Color Status when previously null\n\n{{#each StyleColor}}\nCartesian Scope: (&CWVAndScenarios{{#filter Version}} * &APStylecolors.[{{this}}] * &APSellingSeasons{{#filter PastSellingSeason}} * &APCountries{{#filter Country}} * &APChannels{{#filter Channel}}) ;\nMeasure.[Style Color Status] = if(~isnull(Measure.[Style Color Status])) then Measure.[Style Color Status] else \"Added as Placeholder\";\nend scope;\n{{/each}}\n\n//Updating Placeholder source measure\n\n{{#each StyleColor}}\nScope:(&CWVAndScenarios{{#filter Version}}  * &APStyleColors.[{{Prefix}}{{this}}]);\nMeasure.[Placeholder Source] = \"Heatmap\";\nEnd Scope;\n{{/each}}",
    "NamedNodeName": null,
    "PluginInstanceName": null,
    "PluginScopes": null,
    "PluginArguments": null,
    "PluginModified": false
  },
  "RuleGroupType": "ParameterizedProcedure",
  "HasErrors": false,
  "ErrorMessage": null,
  "IgnoreErrors": false,
  "Translations": [],
  "DimensionUsages": [],
  "MeasureUsages": [
    {
      "MeasureName": "A1 Intermediate",
      "IsInput": true,
      "IsOutput": true
    },
    {
      "MeasureName": "A2 Intermediate",
      "IsInput": true,
      "IsOutput": true
    },
    {
      "MeasureName": "A3 Intermediate",
      "IsInput": true,
      "IsOutput": true
    },
    {
      "MeasureName": "A4 Intermediate",
      "IsInput": true,
      "IsOutput": true
    },
    {
      "MeasureName": "A5 Intermediate",
      "IsInput": true,
      "IsOutput": true
    },
    {
      "MeasureName": "A6 Intermediate",
      "IsInput": true,
      "IsOutput": true
    },
    {
      "MeasureName": "Choice of ROS",
      "IsInput": false,
      "IsOutput": true
    },
    {
      "MeasureName": "End Week L3 SS",
      "IsInput": true,
      "IsOutput": false
    },
    {
      "MeasureName": "End Week SC SS",
      "IsInput": false,
      "IsOutput": true
    },
    {
      "MeasureName": "Is PAG Associated",
      "IsInput": false,
      "IsOutput": true
    },
    {
      "MeasureName": "Is Placeholder Property",
      "IsInput": false,
      "IsOutput": true
    },
    {
      "MeasureName": "Is Real Item Property",
      "IsInput": false,
      "IsOutput": true
    },
    {
      "MeasureName": "L1 DisplayName Intermediate",
      "IsInput": true,
      "IsOutput": true
    },
    {
      "MeasureName": "L1 Intermediate",
      "IsInput": true,
      "IsOutput": true
    },
    {
      "MeasureName": "PH Source Intermediate",
      "IsInput": false,
      "IsOutput": true
    },
    {
      "MeasureName": "Placeholder Source",
      "IsInput": false,
      "IsOutput": true
    },
    {
      "MeasureName": "Planning Item DisplayName Intermediate",
      "IsInput": true,
      "IsOutput": true
    },
    {
      "MeasureName": "Planning Item Intermediate",
      "IsInput": true,
      "IsOutput": true
    },
    {
      "MeasureName": "Planning Item Status Property",
      "IsInput": false,
      "IsOutput": true
    },
    {
      "MeasureName": "Start Week L3 SS",
      "IsInput": true,
      "IsOutput": false
    },
    {
      "MeasureName": "Start Week SC SS",
      "IsInput": false,
      "IsOutput": true
    },
    {
      "MeasureName": "Store Grade Association",
      "IsInput": true,
      "IsOutput": false
    },
    {
      "MeasureName": "Store Grade Association SC",
      "IsInput": false,
      "IsOutput": true
    },
    {
      "MeasureName": "Style Color Selling Season Wishlist Association",
      "IsInput": false,
      "IsOutput": true
    },
    {
      "MeasureName": "Style Color Status",
      "IsInput": true,
      "IsOutput": true
    }
  ],
  "ActionButtonUsages": [],
  "RelationshipPropertyUsages": []
}