{
  "RuleGroupId": "8055417b-9ccd-2849-71f4-cc60592f2805",
  "RuleGroupLabelName": null,
  "ScopeLabelName": null,
  "RuleGroupName": "AP41AddtoLineBuild",
  "RuleGroupLabelPosition": 1.0,
  "ScopeLabelPosition": 0.0,
  "RuleGroupDescription": "Add Placeholder or Style Colors from Wishlist to Line Build",
  "IsEnabled": true,
  "RuleGroupContent": {
    "ScopeExpression": null,
    "IsParameterized": true,
    "ParameterJson": {
      "description": "AP41AddtoLineBuild",
      "type": "object",
      "properties": {
        "Version": {
          "type": "string"
        },
        "Country": {
          "type": "array",
          "items": {
            "type": "string"
          }
        },
        "StyleColor": {
          "type": "array",
          "items": {
            "type": "string"
          }
        },
        "Channel": {
          "type": "array",
          "items": {
            "type": "string"
          }
        },
        "Cluster": {
          "type": "array",
          "items": {
            "type": "string"
          }
        },
        "SellingSeason": {
          "type": "string"
        }
      }
    },
    "IsParallel": false,
    "RuleGroupText": "// Updating Assortment Basis Measure\n\nCartesian Scope:(&CWVAndScenarios{{#filter Version}} * &APStyleColors{{#filter StyleColor}} * &APCountries{{#filter Country}} * &APChannels{{#filter Channel}} * &APSellingSeasons{{#filter SellingSeason}});\nMeasure.[Assortment Basis]=1;\nend scope;\n\n//Updating Style Color Properties\n\nCartesian Scope: (&CWVAndScenarios{{#filter Version}} * &APStylecolors{{#filter StyleColor}});\nMeasure.[Current A4 Property] =  Item.[Planning Item].#.relatedmembers([A4]).first().Name;\nMeasure.[Current A5 Property] =  Item.[Planning Item].#.relatedmembers([A5]).first().Name;\nMeasure.[Current A2 Property] = Item.[Planning Item].#.relatedmembers([A2]).first().Name;\nMeasure.[Current A6 Property] = Item.[Planning Item].#.relatedmembers([A6]).first().Name;\nMeasure.[Current A3 Property] =  Item.[Planning Item].#.relatedmembers([A3]).first().Name;\nMeasure.[Current A1 Property] =  Item.[Planning Item].#.relatedmembers([A1]).first().Name;\nend scope;\n\n\n\n// Updating Assortment Basis Measure\n/*\nScope: (&CWVAndScenarios{{#filter Version}} * &APStyleColors{{#filter StyleColor}} * &APCountries{{#filter Country}}.relatedmembers(Location) * &APChannels{{#filter Channel}} * &APClusters{{#filter Cluster}} * &APSellingSeasons{{#filter SellingSeason}}) ;\nMeasure.[Assorted SC L]=if (Measure.[Store Grade Association SC] > 0 && Measure.[Assortment Basis]@([Location].#.AncestorsAtLevel([Location Country]).element(0))>0) then 1 else null;\nend scope;\n\n\n//Updating Start and End Weeks\n\nScope: (&CWVAndScenarios{{#filter Version}}  * &APStyleColors{{#filter StyleColor}} * &APCountries{{#filter Country}} * &APChannels{{#filter Channel}} * &APSellingSeasons{{#filter SellingSeason}}) ;\nMeasure.[Start Week SC LC]=\"{{StartWeek}}\";\nMeasure.[End Week SC LC]=\"{{EndWeek}}\";\nend scope;\n\n\n//Spreading WOS, CP and Sell through % from L3 to SC level base Measures\n\nSpread Scope:(&CWVAndScenarios{{#filter Version}}  * &APStyleColors{{#filter StyleColor}}.relatedmembers([L3]));\nMeasure.[WOS SC LC]=measure.[WOS L3];\nMeasure.[CP SC LC]=measure.[CP L3];\nMeasure.[Sell Through % SC LC]=measure.[Sell Through % L3];\nMeasure.[Display Stock SC LC]=measure.[Display Stock L3];\nend scope;\n*/\n\n\n//Updating Added to LineBuild measure\n\nscope: (&CWVAndScenarios{{#filter Version}} * &APStyleColors{{#filter StyleColor}} * &APCountries{{#filter Country}} * &APChannels{{#filter Channel}} * &APSellingSeasons{{#filter SellingSeason}});\nMeasure.[Added to LineBuild]=Measure.[Assortment Basis];\nend scope;\n\n// Nulling out the measures\nscope : ( &CWVAndScenarios{{#filter Version}} * &APStyleColors{{#filter StyleColor}});\nMeasure.[Create Item]= Null;\nMeasure.[Create Planning Item]= Null ;\nMeasure.[Update Planning Item]=Null;\nend scope;\n// Copy the Planning Items that are assorted into Item File\ncartesian scope : ( &CWVAndScenarios{{#filter Version}} * &APStyleColors{{#filter StyleColor}});\nMeasure.[Create Item]= Item.#.Name;\nMeasure.[Create Planning Item]= Item.#.Name;\nMeasure.[Update Planning Item]=\"Yes\";\nend scope;\n// Create the Master Data for assorted planning items\nCreateMember(\n[Item].[Item] ={,Measure.[Create Item]},\n[Item].[Planning Item] ={,Measure.[Create Planning Item]},\nItem.[Reporting Item] ={,Measure.[Create Planning Item]},\n[Item].[Is Planning Item] ={Measure.[Update Planning Item],}\n) using scope (&CWVAndScenarios{{#filter Version}} * &APStyleColors{{#filter StyleColor}}) ;",
    "NamedNodeName": null,
    "PluginInstanceName": null,
    "PluginScopes": null,
    "PluginArguments": null,
    "PluginModified": false
  },
  "RuleGroupType": "ParameterizedProcedure",
  "HasErrors": false,
  "ErrorMessage": null,
  "IgnoreErrors": false,
  "Translations": [],
  "DimensionUsages": [],
  "MeasureUsages": [
    {
      "MeasureName": "Added to LineBuild",
      "IsInput": false,
      "IsOutput": true
    },
    {
      "MeasureName": "Assorted SC L",
      "IsInput": false,
      "IsOutput": true
    },
    {
      "MeasureName": "Assortment Basis",
      "IsInput": true,
      "IsOutput": true
    },
    {
      "MeasureName": "CP L3",
      "IsInput": true,
      "IsOutput": false
    },
    {
      "MeasureName": "CP SC LC",
      "IsInput": false,
      "IsOutput": true
    },
    {
      "MeasureName": "Create Item",
      "IsInput": true,
      "IsOutput": true
    },
    {
      "MeasureName": "Create Planning Item",
      "IsInput": true,
      "IsOutput": true
    },
    {
      "MeasureName": "Current A1 Property",
      "IsInput": false,
      "IsOutput": true
    },
    {
      "MeasureName": "Current A2 Property",
      "IsInput": false,
      "IsOutput": true
    },
    {
      "MeasureName": "Current A3 Property",
      "IsInput": false,
      "IsOutput": true
    },
    {
      "MeasureName": "Current A4 Property",
      "IsInput": false,
      "IsOutput": true
    },
    {
      "MeasureName": "Current A5 Property",
      "IsInput": false,
      "IsOutput": true
    },
    {
      "MeasureName": "Current A6 Property",
      "IsInput": false,
      "IsOutput": true
    },
    {
      "MeasureName": "Display Stock L3",
      "IsInput": true,
      "IsOutput": false
    },
    {
      "MeasureName": "Display Stock SC LC",
      "IsInput": false,
      "IsOutput": true
    },
    {
      "MeasureName": "End Week SC LC",
      "IsInput": false,
      "IsOutput": true
    },
    {
      "MeasureName": "Sell Through % L3",
      "IsInput": true,
      "IsOutput": false
    },
    {
      "MeasureName": "Sell Through % SC LC",
      "IsInput": false,
      "IsOutput": true
    },
    {
      "MeasureName": "Start Week SC LC",
      "IsInput": false,
      "IsOutput": true
    },
    {
      "MeasureName": "Store Grade Association SC",
      "IsInput": true,
      "IsOutput": false
    },
    {
      "MeasureName": "Update Planning Item",
      "IsInput": true,
      "IsOutput": true
    },
    {
      "MeasureName": "WOS L3",
      "IsInput": true,
      "IsOutput": false
    },
    {
      "MeasureName": "WOS SC LC",
      "IsInput": false,
      "IsOutput": true
    }
  ],
  "ActionButtonUsages": [],
  "RelationshipPropertyUsages": []
}