{
  "RuleGroupId": "1ce3d481-d483-1d28-86e8-a0d6eec24cf4",
  "RuleGroupLabelName": null,
  "ScopeLabelName": null,
  "RuleGroupName": "AP42RemovefromLineBuild",
  "RuleGroupLabelPosition": 1.0,
  "ScopeLabelPosition": 0.0,
  "RuleGroupDescription": "Remove options from Line Build",
  "IsEnabled": true,
  "RuleGroupContent": {
    "ScopeExpression": null,
    "IsParameterized": true,
    "ParameterJson": {
      "description": "AP42RemovefromLineBuild",
      "type": "object",
      "properties": {
        "Version": {
          "type": "string"
        },
        "StyleColor": {
          "type": "array",
          "items": {
            "type": "string"
          }
        },
        "Country": {
          "type": "array",
          "items": {
            "type": "string"
          }
        },
        "Channel": {
          "type": "array",
          "items": {
            "type": "string"
          }
        },
        "Cluster": {
          "type": "array",
          "items": {
            "type": "string"
          }
        },
        "SellingSeason": {
          "type": "string"
        },
        "StartWeek": {
          "type": "string"
        },
        "EndWeek": {
          "type": "string"
        }
      }
    },
    "IsParallel": false,
    "RuleGroupText": "//Set Added to LineBuild measure as null\r\n\r\nscope: (&CWVAndScenarios{{#filter Version}} * &APStyleColors{{#filter StyleColor}} * &APCountries{{#filter Country}} * &APChannels{{#filter Channel}} * &APSellingSeasons{{#filter SellingSeason}});\r\nMeasure.[Added to LineBuild] = null;\r\nend scope;\r\n\r\n//Set Assortment Basis Measure null\r\n/*\r\nScope:(&CWVAndScenarios{{#filter Version}} * &APStyleColors{{#filter StyleColor}} * &APCountries{{#filter Country}} * &APChannels{{#filter Channel}} * &APSellingSeasons{{#filter SellingSeason}});\r\nMeasure.[Assortment Basis]=null;\r\nend scope;\r\n\r\n//Set End Week at SC level as null\r\n\r\nScope: (&CWVAndScenarios{{#filter Version}}  * &APStyleColors{{#filter StyleColor}} * &APCountries{{#filter Country}} * &APChannels{{#filter Channel}} * &APSellingSeasons{{#filter SellingSeason}}) ;\r\nMeasure.[Start Week SC LC]=null;\r\nMeasure.[End Week SC LC]=null;\r\nend scope;\r\n\r\n\r\n//Set Intermediate  Metrics as null\r\n\r\nScope:(&CWVAndScenarios{{#filter Version}}  * &APStyleColors{{#filter StyleColor}} * &APCountries{{#filter Country}} * &APSellingSeasons{{#filter SellingSeason}});\r\nMeasure.[WOS Intermediate]=null;\r\nMeasure.[ASP Intermediate]=null;\r\nMeasure.[CP Intermediate]=null;\r\nMeasure.[Sell Through % Intermediate]=null;\r\nend scope;\r\n\r\n//Set Assorted Status as false at SC level\r\nScope: (&CWVAndScenarios{{#filter Version}} * &APStyleColors{{#filter StyleColor}} * &APCountries{{#filter Country}}.relatedmembers(Location) * &APChannels{{#filter Channel}} * &APClusters{{#filter Cluster}} * &APSellingSeasons{{#filter SellingSeason}}) ;\r\nMeasure.[Assorted SC L]=false;\r\nend scope;\r\n\r\n\r\n\r\n//Set LineBuild Metrics as null\r\n\r\nScope:(&CWVAndScenarios{{#filter Version}} * &APStyleColors{{#filter StyleColor}} * &APCountries{{#filter Country}} * &APChannels{{#filter Channel}} * &APSellingSeasons{{#filter SellingSeason}});\r\nMeasure.[WOS SC LC]=null;\r\nMeasure.[ASP SC LC]=null;\r\nMeasure.[CP SC LC]=null;\r\nMeasure.[Sell Through % SC LC]=null;\r\nMeasure.[Collection Name]=null;\r\nend scope;\r\n*/\r\n//Set SC SS Cluster Country Channel Association as false\r\n\r\nscope:(&CWVAndScenarios{{#filter Version}} * &APStyleColors{{#filter StyleColor}} * &APCountries{{#filter Country}} * &APChannels{{#filter Channel}} * &APSellingSeasons{{#filter SellingSeason}} * &APClusters{{#filter Cluster}});\r\nMeasure.[Style Color Selling Season Cluster Country Channel Association] = false;\r\nend scope;\r\n\r\n// set wishlist association\r\ncartesian scope: (&CWVAndScenarios{{#filter Version}} * &APStyleColors{{#filter StyleColor}} * &APCountries{{#filter Country}} * &APChannels{{#filter Channel}} * &APSellingSeasons{{#filter SellingSeason}}) ;\r\nMeasure.[Style Color Selling Season Wishlist Association]=1;\r\nend scope;",
    "NamedNodeName": null,
    "PluginInstanceName": null,
    "PluginScopes": null,
    "PluginArguments": null,
    "PluginModified": false
  },
  "RuleGroupType": "ParameterizedProcedure",
  "HasErrors": false,
  "ErrorMessage": null,
  "IgnoreErrors": false,
  "Translations": [],
  "DimensionUsages": [],
  "MeasureUsages": [
    {
      "MeasureName": "Added to LineBuild",
      "IsInput": false,
      "IsOutput": true
    },
    {
      "MeasureName": "ASP Intermediate",
      "IsInput": false,
      "IsOutput": true
    },
    {
      "MeasureName": "ASP SC LC",
      "IsInput": false,
      "IsOutput": true
    },
    {
      "MeasureName": "Assorted SC L",
      "IsInput": false,
      "IsOutput": true
    },
    {
      "MeasureName": "Assortment Basis",
      "IsInput": false,
      "IsOutput": true
    },
    {
      "MeasureName": "Collection Name",
      "IsInput": false,
      "IsOutput": true
    },
    {
      "MeasureName": "CP Intermediate",
      "IsInput": false,
      "IsOutput": true
    },
    {
      "MeasureName": "CP SC LC",
      "IsInput": false,
      "IsOutput": true
    },
    {
      "MeasureName": "End Week SC LC",
      "IsInput": false,
      "IsOutput": true
    },
    {
      "MeasureName": "Sell Through % Intermediate",
      "IsInput": false,
      "IsOutput": true
    },
    {
      "MeasureName": "Sell Through % SC LC",
      "IsInput": false,
      "IsOutput": true
    },
    {
      "MeasureName": "Start Week SC LC",
      "IsInput": false,
      "IsOutput": true
    },
    {
      "MeasureName": "Style Color Selling Season Cluster Country Channel Association",
      "IsInput": false,
      "IsOutput": true
    },
    {
      "MeasureName": "Style Color Selling Season Wishlist Association",
      "IsInput": false,
      "IsOutput": true
    },
    {
      "MeasureName": "WOS Intermediate",
      "IsInput": false,
      "IsOutput": true
    },
    {
      "MeasureName": "WOS SC LC",
      "IsInput": false,
      "IsOutput": true
    }
  ],
  "ActionButtonUsages": [],
  "RelationshipPropertyUsages": []
}