{
  "RuleGroupId": "639327fa-5524-34ef-2c51-4d755b157ccf",
  "RuleGroupLabelName": null,
  "ScopeLabelName": null,
  "RuleGroupName": "AP44PlaceholderCreationStyle",
  "RuleGroupLabelPosition": 1.0,
  "ScopeLabelPosition": 0.0,
  "RuleGroupDescription": "Create Style",
  "IsEnabled": true,
  "RuleGroupContent": {
    "ScopeExpression": null,
    "IsParameterized": true,
    "ParameterJson": {
      "description": "AP44PlaceholderCreationStyle",
      "type": "object",
      "properties": {
        "Version": {
          "type": "string"
        },
        "ItemClass": {
          "type": "string"
        },
        "ItemProgram": {
          "type": "string"
        },
        "ItemStyle": {
          "type": "string"
        },
        "SellingSeason": {
          "type": "string"
        },
        "Prefix": {
          "type": "string"
        },
        "NumNewStyles": {
          "type": "number"
        },
        "NumNewSCPH": {
          "type": "number"
        },
        "Channel": {
          "type": "array",
          "items": {
            "type": "string"
          }
        },
        "Country": {
          "type": "array",
          "items": {
            "type": "string"
          }
        },
        "LikeSC": {
          "type": "string"
        },
        "SourceSC": {
          "type": "string"
        },
        "ProductNumStyleNumStyleColors": {
          "type": "number"
        },
        "PlaceholderSuffix": {
          "type": "string"
        },
        "StyleColorGrain": {
          "type": "string"
        },
        "StyleGrain": {
          "type": "string"
        },
        "SeqDimPrefix": {
          "type": "string"
        },
        "ItemConcurrencyGrain": {
          "type": "string"
        },
        "EmptyAttributeFillValue": {
          "type": "string"
        },
        "PHSource": {
          "type": "string"
        },
        "RosOption": {
          "type": "string"
        }
      }
    },
    "IsParallel": false,
    "RuleGroupText": "//Nulling out Intermediate Measures\n\nBlock Scope: (&CWVAndScenarios{{#filter Version}} *Item.[L3]{{#filter ItemClass}}* [Sequence].[Sequence].filter(#.Name startswith(\"{{SeqDimPrefix}}\"))) ;\nMeasure.[L1 Intermediate] = null;\nMeasure.[L2 Intermediate] = null;\nMeasure.[Planning Item Intermediate] = null;\nMeasure.[A1 Intermediate] = null;\nMeasure.[A2 Intermediate] = null;\nMeasure.[A3 Intermediate] = null;\nMeasure.[A4 Intermediate] = null;\nMeasure.[A5 Intermediate] = null;\nMeasure.[A6 Intermediate] = null;\nMeasure.[PH Source Intermediate] = null;\nMeasure.[Planning Item DisplayName Intermediate] = null;\nMeasure.[L1 DisplayName Intermediate] = null;\nend scope;\n\n//end scope;\n\n//Calling Create Placeholders Style Plugin\n\nEXEC plugin instance [AP36CreatePlaceholdersStyle] for measures {[L1 Intermediate]} \nusing scope (&CWVAndScenarios{{#filter Version}} *  Item.[L2]{{#filter ItemProgram}}) \nusing arguments{(\"PLACEHOLDERPREFIX\", \"{{Prefix}}\"),(\"SEQDIMPREFIX\", \"{{SeqDimPrefix}}\"),(\"SOURCESC\", \"{{SourceSC}}\"),(\"LIKESC\", \"{{LikeSC}}\"),(\"ITEMCONCURRENCYGRAIN\", \"{{ItemConcurrencyGrain}}\"),(\"EMPTYATTRIBUTEFILLVALUE\", \"{{EmptyAttributeFillValue}}\"),(\"NUMNEWSCPH\", \"{{NumNewSCPH}}\"),(\"NUMNEWSTYLES\", \"{{NumNewStyles}}\"),\n(\"PLACEHOLDERSUFFIX\", \"{{PlaceholderSuffix}}\"),(\"STYLECOLORGRAIN\", \"{{StyleColorGrain}}\"),(\"STYLEGRAIN\", \"{{StyleGrain}}\"),(\"VERSION\", \"{{Version}}\"),(\"IncludeNullRows\", False),([Param.o9_sys_log_level], \"DEBUG\"),(ExecutionMode, \"MediumWeight\")};\n\n//Creating Item attribute dimensions from Intermediate measures\n\nCREATEMEMBER(\n    Item.[Planning Item]={,Measure.[Planning Item Intermediate]},\n    Item.[Item]={,Measure.[Planning Item Intermediate]},\n    Item.[Reporting Item] ={,Measure.[Planning Item Intermediate]},\n    [Item].[A1] = {,Measure.[A1 Intermediate]},\n    [Item].[A2] = {,Measure.[A2 Intermediate]},\n    [Item].[A3] = {,Measure.[A3 Intermediate]},\n    [Item].[A4] = {,Measure.[A4 Intermediate]},\n    [Item].[A5] = {,Measure.[A5 Intermediate]},\n    [Item].[A6] = {,Measure.[A6 Intermediate]},\n    Item.[L1]={,Measure.[L1 Intermediate]},\n    Item.[L2]={,Measure.[L2 Intermediate]},\n    [Item].[Is Planning Item] ={,\"YES\"},\n    Item.[Item Class]={,\"RetailE2E\"}, \n    Item.[Item Stage]={,\"RetailE2E\"}, \n    Item.[Item Type]={,\"RetailE2E\"},\n    Item.[All Item]={,\"All\"},\n    Item.[A10] = {,\"{{EmptyAttributeFillValue}}\"},\n    Item.[A11] = {,\"{{EmptyAttributeFillValue}}\"},\n    Item.[A12] = {,\"{{EmptyAttributeFillValue}}\"},\n    Item.[A13] = {,\"{{EmptyAttributeFillValue}}\"},\n    Item.[A14] = {,\"{{EmptyAttributeFillValue}}\"},\n    Item.[A15] = {,\"{{EmptyAttributeFillValue}}\"},\n    Item.[A7] = {,\"{{EmptyAttributeFillValue}}\"},\n    Item.[A8] = {,\"{{EmptyAttributeFillValue}}\"},\n    Item.[A9] = {,\"{{EmptyAttributeFillValue}}\"},\n    Item.[AltGroup1] = {,\"{{EmptyAttributeFillValue}}\"},\n    Item.[Commodity] = {,\"{{EmptyAttributeFillValue}}\"},\n    Item.[ContainerType] = {,\"{{EmptyAttributeFillValue}}\"},\n    Item.[ContainerTypeName] = {,\"{{EmptyAttributeFillValue}}\"},\n    Item.[EAN ID] = {,\"{{EmptyAttributeFillValue}}\"},\n    Item.[FN Item] = {,\"{{EmptyAttributeFillValue}}\"},\n    Item.[Item UOM] = {,\"{{EmptyAttributeFillValue}}\"},\n    Item.[Material Group] = {,\"{{EmptyAttributeFillValue}}\"},\n    Item.[Pack Size] = {,\"{{EmptyAttributeFillValue}}\"},\n    Item.[PackageType] = {,\"{{EmptyAttributeFillValue}}\"},\n    Item.[PLC Status] = {,\"{{EmptyAttributeFillValue}}\"},\n    Item.[PPG] = {,\"{{EmptyAttributeFillValue}}\"},\n    Item.[ProductType] = {,\"{{EmptyAttributeFillValue}}\"},\n    Item.[RGM1] = {,\"{{EmptyAttributeFillValue}}\"},\n    Item.[RGM10] = {,\"{{EmptyAttributeFillValue}}\"},\n    Item.[RGM11] = {,\"{{EmptyAttributeFillValue}}\"},\n    Item.[RGM12] = {,\"{{EmptyAttributeFillValue}}\"},\n    Item.[RGM13] = {,\"{{EmptyAttributeFillValue}}\"},\n    Item.[RGM14] = {,\"{{EmptyAttributeFillValue}}\"},\n    Item.[RGM15] = {,\"{{EmptyAttributeFillValue}}\"},\n    Item.[RGM16] = {,\"{{EmptyAttributeFillValue}}\"},\n    Item.[RGM17] = {,\"{{EmptyAttributeFillValue}}\"},\n    Item.[RGM18] = {,\"{{EmptyAttributeFillValue}}\"},\n    Item.[RGM19] = {,\"{{EmptyAttributeFillValue}}\"},\n    Item.[RGM2] = {,\"{{EmptyAttributeFillValue}}\"},\n    Item.[RGM20] = {,\"{{EmptyAttributeFillValue}}\"},\n    Item.[RGM3] = {,\"{{EmptyAttributeFillValue}}\"},\n    Item.[RGM4] = {,\"{{EmptyAttributeFillValue}}\"},\n    Item.[RGM5] = {,\"{{EmptyAttributeFillValue}}\"},\n    Item.[RGM6] = {,\"{{EmptyAttributeFillValue}}\"},\n    Item.[RGM7] = {,\"{{EmptyAttributeFillValue}}\"},\n    Item.[RGM8] = {,\"{{EmptyAttributeFillValue}}\"},\n    Item.[RGM9] = {,\"{{EmptyAttributeFillValue}}\"},\n    Item.[Segmentation Category] = {,\"{{EmptyAttributeFillValue}}\"},\n    Item.[Segmentation LOB] = {,\"{{EmptyAttributeFillValue}}\"},\n    Item.[Size] = {,\"Dummy\"},\n    Item.[Stat Item Group] = {,\"{{EmptyAttributeFillValue}}\"},\n    Item.[Stat Item] = {,\"{{EmptyAttributeFillValue}}\"},\n    Item.[Transition Group] = {,\"{{EmptyAttributeFillValue}}\"},\n    Item.[Transition Item] = {,\"{{EmptyAttributeFillValue}}\"},\n    Item.[Unit Size] = {,\"{{EmptyAttributeFillValue}}\"},\n    Item.[NPI Item] = {,\"{{EmptyAttributeFillValue}}\"},\n    [Item].[L1$DisplayName] = {Measure.[L1 DisplayName Intermediate],},\n    [Item].[Planning Item$DisplayName] = {Measure.[Planning Item DisplayName Intermediate],},\n    Item.[Is Placeholder]={1.0,},\n    Item.[Is Real Item]={0.0,},\n    Item.[Planning Item Status]={True,})\n\nUsing Scope(&CWVAndScenarios{{#filter Version}} *Item.[L3]{{#filter ItemClass}}* [Sequence].[Sequence].filter(#.Name startswith(\"{{SeqDimPrefix}}\")));\n\n\n\n//null out the measure values from the previous run\nscope:(&CWVAndScenarios{{#filter Version}});\nMeasure.[Channel Param] = NULL;\nMeasure.[Country Param] = NULL;\nMeasure.[SellingSeason Param] = NULL;\nend scope;\n\n//populate the selling season parameter\ncartesian scope:(&CWVAndScenarios{{#filter Version}});\nMeasure.[SellingSeason Param] = {{SellingSeason}};\nend scope;\n\n\n//Spreading Store Grade association from L3 level to SC Channel level\n\nspread scope:(&CWVAndScenarios{{#filter Version}} * Item.[L1]{{#filter ItemStyle}}.relatedmembers([L3]) * &APStores * &APChannels * &APClusters * &APSellingSeasons{{#filter SellingSeason}});\nMeasure.[Store Grade Association SC] = Measure.[Store Grade Association];\nend scope;\n\n//Calling Plugin Update Placeholders SC\nEXEC plugin instance [AP33UpdatePlaceholdersSC] for measures {[L1 Intermediate]}\nusing scope (&CWVAndScenarios{{#filter Version}} * &APClasses{{#filter ItemClass}} * &APStylecolors{{#filter SourceSC}} * Location.[Location Country]{{#filter Country}} * [Selling Season].[Selling Season]{{#filter SellingSeason}}* [Sales Domain].[Sales Planning Channel]{{#filter Channel}} * &APSellingSeasons{{#filter SellingSeason}} * [Sequence].[Sequence].filter(#.Name startswith(\"{{SeqDimPrefix}}\")))\nusing arguments{(\"PLACEHOLDERPREFIX\", \"{{Prefix}}\"),(\"VERSION\", \"{{Version}}\"),(\"EMPTYATTRIBUTEVAL\", \"{{EmptyAttributeFillValue}}\"),(\"SEQDIMPREFIX\", \"{{SeqDimPrefix}}\"),(\"SS_PARAM\", \"{{SellingSeason}}\"),([Param.o9_sys_log_level], \"DEBUG\"),(\"IncludeNullRows\", False), (ExecutionMode, \"MediumWeight\"),(DataTransferMode, \"csv\"),(\"PH_SOURCE\",\"{{PHSource}}\"),(\"LIKESC\", \"{{LikeSC}}\"),(\"ROS_CHOICE\", \"{{RosOption}}\")};",
    "NamedNodeName": null,
    "PluginInstanceName": null,
    "PluginScopes": null,
    "PluginArguments": null,
    "PluginModified": false
  },
  "RuleGroupType": "ParameterizedProcedure",
  "HasErrors": false,
  "ErrorMessage": null,
  "IgnoreErrors": false,
  "Translations": [],
  "DimensionUsages": [],
  "MeasureUsages": [
    {
      "MeasureName": "A1 Intermediate",
      "IsInput": true,
      "IsOutput": true
    },
    {
      "MeasureName": "A2 Intermediate",
      "IsInput": true,
      "IsOutput": true
    },
    {
      "MeasureName": "A3 Intermediate",
      "IsInput": true,
      "IsOutput": true
    },
    {
      "MeasureName": "A4 Intermediate",
      "IsInput": true,
      "IsOutput": true
    },
    {
      "MeasureName": "A5 Intermediate",
      "IsInput": true,
      "IsOutput": true
    },
    {
      "MeasureName": "A6 Intermediate",
      "IsInput": true,
      "IsOutput": true
    },
    {
      "MeasureName": "Channel Param",
      "IsInput": false,
      "IsOutput": true
    },
    {
      "MeasureName": "Country Param",
      "IsInput": false,
      "IsOutput": true
    },
    {
      "MeasureName": "L1 DisplayName Intermediate",
      "IsInput": true,
      "IsOutput": true
    },
    {
      "MeasureName": "L1 Intermediate",
      "IsInput": true,
      "IsOutput": true
    },
    {
      "MeasureName": "L2 Intermediate",
      "IsInput": true,
      "IsOutput": true
    },
    {
      "MeasureName": "PH Source Intermediate",
      "IsInput": false,
      "IsOutput": true
    },
    {
      "MeasureName": "Planning Item DisplayName Intermediate",
      "IsInput": true,
      "IsOutput": true
    },
    {
      "MeasureName": "Planning Item Intermediate",
      "IsInput": true,
      "IsOutput": true
    },
    {
      "MeasureName": "SellingSeason Param",
      "IsInput": false,
      "IsOutput": true
    },
    {
      "MeasureName": "Store Grade Association",
      "IsInput": true,
      "IsOutput": false
    },
    {
      "MeasureName": "Store Grade Association SC",
      "IsInput": false,
      "IsOutput": true
    }
  ],
  "ActionButtonUsages": [],
  "RelationshipPropertyUsages": []
}