{
  "RuleGroupId": "365790c1-be81-3e84-0719-71b2c8313285",
  "RuleGroupLabelName": null,
  "ScopeLabelName": null,
  "RuleGroupName": "AP50RemoveLineAndRangePlan",
  "RuleGroupLabelPosition": 1.0,
  "ScopeLabelPosition": 0.0,
  "RuleGroupDescription": "Remove from Line Build and Range Plan",
  "IsEnabled": true,
  "RuleGroupContent": {
    "ScopeExpression": null,
    "IsParameterized": true,
    "ParameterJson": {
      "description": "AP50RemoveLineAndRangePlan",
      "type": "object",
      "properties": {
        "Version": {
          "type": "string"
        },
        "SellingSeason": {
          "type": "string"
        },
        "StartWeek": {
          "type": "string"
        },
        "EndWeek": {
          "type": "string"
        },
        "StyleColor": {
          "type": "array",
          "items": {
            "type": "string"
          }
        },
        "Country": {
          "type": "array",
          "items": {
            "type": "string"
          }
        },
        "Channel": {
          "type": "array",
          "items": {
            "type": "string"
          }
        },
        "Cluster": {
          "type": "array",
          "items": {
            "type": "string"
          }
        }
      }
    },
    "IsParallel": false,
    "RuleGroupText": "// Executing Remove from Line Build Procedure\nexec procedure AP42RemovefromLineBuild {\"Version\": \"{{Version}}\", \"StyleColor\": [{{#csv StyleColor}}], \"Country\": [{{#csv Country}}], \"Channel\" : [{{#csv Channel}}], \"SellingSeason\": \"{{SellingSeason}}\", \"Cluster\": [{{#csv Cluster}}], \"StartWeek\": \"{{StartWeek}}\", \"EndWeek\": \"{{EndWeek}}\"};\n\n// Executing Ranging Metric Null Out Procedure\nexec procedure AP33RangingMetricsNullOut {\"Version\": \"{{Version}}\", \"SellingSeason\": \"{{SellingSeason}}\", \"Channel\" : [{{#csv Channel}}], \"StyleColor\": [{{#csv StyleColor}}], \"Country\": [{{#csv Country}}], \"Cluster\": [{{#csv Cluster}}]};\n",
    "NamedNodeName": null,
    "PluginInstanceName": null,
    "PluginScopes": null,
    "PluginArguments": null,
    "PluginModified": false
  },
  "RuleGroupType": "ParameterizedProcedure",
  "HasErrors": false,
  "ErrorMessage": null,
  "IgnoreErrors": false,
  "Translations": [],
  "DimensionUsages": [],
  "MeasureUsages": [],
  "ActionButtonUsages": [],
  "RelationshipPropertyUsages": []
}