{
  "PickListName": "PC Setting Data Source",
  "PickListId": "36bcdbc6-7bc9-b180-159d-7e2ba37ee052",
  "PickListDescription": "Where the input/output from LS/HIVE/DeltaLake",
  "DataType": "string",
  "IsMultiSelectAllowed": false,
  "Values": [
    {
      "Value": "DeltaLake MeasureGroup",
      "DisplayName": "DeltaLake",
      "DisplayPosition": 1,
      "Icon": "align-justify",
      "Color": "#09b1fa",
      "Image": null
    },
    {
      "Value": "Query",
      "DisplayName": "IBPL Query",
      "DisplayPosition": 0,
      "Icon": null,
      "Color": null,
      "Image": null
    }
  ]
}