{
  "PickListName": "Process Execution Rule Name Rearchitecture",
  "PickListId": "4b1fd03c-5442-07ad-38c3-f09dfbc89d83",
  "PickListDescription": "Process Execution Rule Name Rearchitecture",
  "DataType": "string",
  "IsMultiSelectAllowed": false,
  "Values": [
    {
      "Value": "Data Tranformation",
      "DisplayName": "Data Tranformation",
      "DisplayPosition": 1,
      "Icon": null,
      "Color": null,
      "Image": null
    },
    {
      "Value": "Solver Run",
      "DisplayName": "Solver Run",
      "DisplayPosition": 2,
      "Icon": null,
      "Color": null,
      "Image": null
    },
    {
      "Value": "IBPL",
      "DisplayName": "Execute IBPL",
      "DisplayPosition": 3,
      "Icon": "code",
      "Color": null,
      "Image": null
    },
    {
      "Value": "Create Scenario",
      "DisplayName": "Create Scenario",
      "DisplayPosition": 0,
      "Icon": null,
      "Color": null,
      "Image": null
    },
    {
      "Value": "Procedure",
      "DisplayName": "Execute Procedure",
      "DisplayPosition": 4,
      "Icon": "file-text-o",
      "Color": null,
      "Image": null
    },
    {
      "Value": "Core",
      "DisplayName": "Core Process",
      "DisplayPosition": 5,
      "Icon": "file-code-o",
      "Color": null,
      "Image": null
    },
    {
      "Value": "Script",
      "DisplayName": "Execute Script",
      "DisplayPosition": 6,
      "Icon": "terminal",
      "Color": null,
      "Image": null
    }
  ]
}