{
  "PickListName": "SCDM ABDM Data Direction",
  "PickListId": "279cfb42-bee6-ac42-f93b-b14b6de2820a",
  "PickListDescription": "SCDM ABDM Data Direction",
  "DataType": "string",
  "IsMultiSelectAllowed": false,
  "Values": [
    {
      "Value": "Output",
      "DisplayName": "Output",
      "DisplayPosition": 0,
      "Icon": "download",
      "Color": null,
      "Image": null
    },
    {
      "Value": "Input",
      "DisplayName": "Input",
      "DisplayPosition": 0,
      "Icon": "upload",
      "Color": null,
      "Image": null
    }
  ]
}