{
  "PickListName": "Receipt Aggregation Level",
  "PickListId": "19fcd0a9-986b-9a0b-3851-693ee977e42b",
  "PickListDescription": "Receipt Aggregation Level",
  "DataType": "string",
  "IsMultiSelectAllowed": false,
  "Values": [
    {
      "Value": "Sales Domain.[Sales Planning Channel]",
      "DisplayName": "Channel",
      "DisplayPosition": 1,
      "Icon": null,
      "Color": null,
      "Image": null
    },
    {
      "Value": "Location.[Location Country]",
      "DisplayName": "Country",
      "DisplayPosition": 2,
      "Icon": null,
      "Color": null,
      "Image": null
    },
    {
      "Value": "DC",
      "DisplayName": "DC",
      "DisplayPosition": 0,
      "Icon": null,
      "Color": null,
      "Image": null
    },
    {
      "Value": "Location.[Location]",
      "DisplayName": "Store",
      "DisplayPosition": 0,
      "Icon": null,
      "Color": null,
      "Image": null
    }
  ]
}