{
  "PickListName": "Requirement Generation Policy",
  "PickListId": "91492ad8-c7fa-4029-8eed-99ba65ecac30",
  "PickListDescription": "Planner input to generate either WOS or Sell Thru based Assortment Buy Plan",
  "DataType": "string",
  "IsMultiSelectAllowed": false,
  "Values": [
    {
      "Value": "WOS",
      "DisplayName": "WOS",
      "DisplayPosition": 0,
      "Icon": null,
      "Color": null,
      "Image": null
    },
    {
      "Value": "Sell Thru",
      "DisplayName": "Sell Thru",
      "DisplayPosition": 1,
      "Icon": null,
      "Color": null,
      "Image": null
    }
  ]
}