{
  "PickListName": "WSSI Threshold (Under)",
  "PickListId": "f403de7e-cca8-a57c-a13e-109526b4cb95",
  "PickListDescription": "WSSI Threshold (Under)",
  "DataType": "string",
  "IsMultiSelectAllowed": false,
  "Values": [
    {
      "Value": "2",
      "DisplayName": "<80% of Planned",
      "DisplayPosition": 1,
      "Icon": null,
      "Color": null,
      "Image": null
    },
    {
      "Value": "3",
      "DisplayName": "<90% of Planned",
      "DisplayPosition": 2,
      "Icon": null,
      "Color": null,
      "Image": null
    },
    {
      "Value": "1",
      "DisplayName": "<70% of Planned",
      "DisplayPosition": 0,
      "Icon": null,
      "Color": null,
      "Image": null
    }
  ]
}