{
  "Name": "SupplyPlan190WDeleteProductionCycleCalendar",
  "Description": "Delete Production Cycle Calendar",
  "ActionButtonId": "baf733be-750c-933f-4e95-762ee45995db",
  "Tooltip": "Delete Production Cycle Calendar",
  "ActionButtonType": "Rule",
  "Alignment": "right",
  "IsPopOver": true,
  "IsGlobal": false,
  "ActionClickHandler": null,
  "Icon": null,
  "Image": null,
  "ConfigJson": {
    "icon": "minus",
    "Position": "0",
    "SubmitButton": {
      "Label": "Submit"
    },
    "ResetButton": {
      "Label": "Reset"
    },
    "CloseButton": {
      "Label": "Close",
      "ConfirmMessage": "Unsaved changes will be lost. Continue?"
    },
    "NotifyRoles": true,
    "NotifyAll": false,
    "IBPLRules": [
      {
        "template": "DELETE DATA FOR MODEL [190.001W Production Cycle Calendar] WHERE {Version.[Version Name]{{#filter Version}} , &CurrentAndFuturePlanningWeeks , [Calendar].[Calendar]{{#filter CalendarName}}};\n\nDELETE DATA FOR MODEL [400.002 Production Calendar Details] WHERE {Version.[Version Name]{{#filter Version}}, [Calendar].[Calendar]{{#filter CalendarName}}};"
      }
    ],
    "JavascriptRules": [],
    "FieldBindings": [
      {
        "fieldName": "Version",
        "title": "Version",
        "type": "string",
        "selectionType": "single",
        "clearSearch": true,
        "source": "parentAttribute",
        "DimensionName": "Version",
        "key": {
          "LevelAttribute": {
            "Name": "Version Name",
            "Property": "Name"
          }
        },
        "visible": true,
        "isEditable": false,
        "validation": {
          "maxLength": "0",
          "required": false
        }
      },
      {
        "fieldName": "CalendarName",
        "title": "Calendar Name",
        "type": "picklistDropdown",
        "selectionType": "multiple",
        "clearSearch": true,
        "source": "parentAttribute",
        "DimensionName": "Calendar",
        "key": {
          "LevelAttribute": {
            "Name": "Calendar",
            "Property": "Name"
          }
        },
        "visible": true,
        "isEditable": false,
        "validation": {
          "maxLength": "0",
          "required": false
        }
      }
    ],
    "Range": [],
    "DataSources": [],
    "AutoExecute": false,
    "isAsync": true,
    "hasMembersUpdates": false,
    "Compact": true,
    "TwoColumn": false,
    "IsGlobalForExcelAddIn": false,
    "ExcludeFromNavLink": false,
    "FilterFieldBindings": []
  },
  "Widget": null,
  "Roles": []
}