{
  "Name": "SupplyPlan0000CreateNetworkWeekly",
  "Description": "Network (Weekly)",
  "ActionButtonId": "d5317701-1a95-4ff4-36c5-1b620fe6bf9c",
  "Tooltip": "Network (Weekly)",
  "ActionButtonType": "Rule",
  "Alignment": "right",
  "IsPopOver": true,
  "IsGlobal": false,
  "ActionClickHandler": null,
  "Icon": null,
  "Image": null,
  "ConfigJson": {
    "DisplayName": "Network (Weekly)",
    "icon": "empire",
    "Position": "0",
    "SubmitButton": {
      "Label": "Submit"
    },
    "ResetButton": {
      "Label": "Reset"
    },
    "CloseButton": {
      "Label": "Close",
      "ConfirmMessage": "Unsaved changes will be lost. Continue?"
    },
    "NotifyRoles": true,
    "NotifyAll": false,
    "IBPLRules": [
      {
        "template": "exec procedure SupplyPlan0000ReplenPreProcessingCommon {\"Version\":\"{{Version}}\"};"
      },
      {
        "template": "exec procedure SupplyPlan0001PreProcessingCommon {\"Version\":\"{{Version}}\"};"
      },
      {
        "template": "exec procedure SupplyPlan0000CreateNetworkWeekly {\"Version\":\"{{Version}}\",\"spark\":{{sparkMode}}};"
      },
      {
        "template": "exec procedure SupplyPlan0300InventoryWeekly{\"Version\":\"{{Version}}\"};"
      },
      {
        "template": "exec procedure CreateSolverSeedMembers {\"Version\":\"{{Version}}\"};"
      },
      {
        "template": "{{#if TransitionFlag}}\n\nexec procedure CreateCommonNetworkForProductTransition {\"Version\":\"{{Version}}\"};\n\n{{/if}}\n\nselect 1 ;\n"
      }
    ],
    "JavascriptRules": [],
    "FieldBindings": [
      {
        "fieldName": "Version",
        "title": "Version",
        "type": "picklistDropdown",
        "selectionType": "single",
        "clearSearch": true,
        "source": "filter",
        "DimensionName": "Version",
        "LevelAttributeName": "Version Name",
        "visible": true,
        "isEditable": true,
        "validation": {
          "maxLength": "0",
          "required": true
        }
      },
      {
        "fieldName": "sparkMode",
        "title": "Big Data",
        "type": "boolean",
        "clearSearch": true,
        "source": "literal",
        "defaultValue": false,
        "visible": true,
        "isEditable": true,
        "validation": {
          "maxLength": "0",
          "required": true
        }
      },
      {
        "fieldName": "TransitionFlag",
        "title": "Product Transition",
        "Description": "Flag to Run Product Transition ",
        "type": "boolean",
        "clearSearch": true,
        "source": "literal",
        "defaultValue": false,
        "visible": true,
        "isEditable": true,
        "validation": {
          "maxLength": "0",
          "required": true
        }
      }
    ],
    "Range": [],
    "DataSources": [],
    "AutoExecute": false,
    "isAsync": true,
    "hasMembersUpdates": false,
    "Compact": false,
    "TwoColumn": false,
    "IsGlobalForExcelAddIn": false,
    "ExcludeFromNavLink": false,
    "FilterFieldBindings": []
  },
  "Widget": null,
  "Roles": []
}