{
  "Name": "Allocation Inbound Inventory Details",
  "WidgetDefinitionName": "Allocation Inbound Inventory Details",
  "IsPrimary": true,
  "ConfigJson": {
    "ContainerId": "bea56491-6b32-4438-a6b7-4c05a6cea45a",
    "CompositeContainerId": null,
    "Position": 0,
    "ShowInfoContext": {
      "ActionColumn": true,
      "RowInfo": true,
      "MemberInfo": true
    },
    "ShowHeader": {
      "Icon": "",
      "Color": null
    },
    "ActionButtonBindings": [
      {
        "ActionButtonName": "Allocation015POStepAllocation",
        "HotKey": "",
        "ExcludeHiddenAttributes": false
      }
    ],
    "FilterSharings": [
      {
        "LevelAttribute": {
          "Dimension": "Version",
          "AttributeName": "Version Name"
        },
        "DisableSelection": false
      },
      {
        "LevelAttribute": {
          "Dimension": "Documents",
          "AttributeName": "OrderlineID"
        },
        "Scope": "View"
      },
      {
        "LevelAttribute": {
          "Dimension": "Pack",
          "AttributeName": "PackID"
        },
        "Scope": "View"
      },
      {
        "LevelAttribute": {
          "Dimension": "Supplier",
          "AttributeName": "Supplier"
        },
        "Scope": "View"
      }
    ]
  },
  "ViewWidgetDefinitionId": "6f628c61-5fd5-c7fe-fe57-c4424bd1cd1f",
  "Title": "Inbound Inventory - Packs"
}