{
  "Name": "712RunPredictModelMLL1Fullscope",
  "Description": "Generate System ML (FullScope)",
  "ActionButtonId": "4f0e0694-cba9-2753-5085-555c5c9a2fc2",
  "Tooltip": "Generate system ML forecast (full scope)",
  "ActionButtonType": "Widget",
  "Alignment": "right",
  "IsPopOver": true,
  "IsGlobal": true,
  "ActionClickHandler": null,
  "Icon": null,
  "Image": null,
  "ConfigJson": {
    "DisplayName": "ML Forecast",
    "icon": "cog",
    "SubmitButton": {
      "Label": "Submit",
      "ProgressMessage": "Executing...",
      "SuccessMessage": "Successfully Executed.",
      "ErrorMessage": "Error in Execution.",
      "ConfirmMessage": "Are you sure you want to go ahead with the changes?"
    },
    "ResetButton": {
      "Label": "Reset"
    },
    "CloseButton": {
      "Label": "Close",
      "ConfirmMessage": "Unsaved changes will be lost. Continue?"
    },
    "NotifyRoles": true,
    "NotifyAll": false,
    "IBPLRules": [
      {
        "template": "Scope: (&CWVAndScenarios.filter(#.Name in{{#ibplList VersionName}}) * &AllLockedForecastIterations.filter(#.Name in{{#ibplList ForecastIteration}}) );\nMeasure.[CML Iteration Slice Level]= null;\nend scope;\n\n\nScope: (&CWVAndScenarios.filter(#.Name in{{#ibplList VersionName}}) * &AllLockedForecastIterations.filter(#.Name in{{#ibplList ForecastIteration}}) );\nMeasure.[CML Iteration Slice Level]= if (Measure.[CML Iteration Planner Slice Level] != Measure.[CML Iteration System Slice Level]) then Measure.[CML Iteration Planner Slice Level] else Measure.[CML Iteration System Slice Level];\nend scope;"
      },
      {
        "template": "{{#if IsSlicing}}\nexec procedure o9DP0168SliceAssociationCML {\"VersionName\" : [{{#csv VersionName}}],\"MediumWeight\" : {{MediumWeight}}, \"ForecastIteration\" : [{{#csv ForecastIteration}}]};\n{{/if}}\n{{#if IsContainer}}\nexec procedure o9DP0514RunForecastModelCMLContainerizationFullscope {\"VersionName\" : [{{#csv VersionName}}],\"ForecastIteration\" : [{{#csv ForecastIteration}}] , \"ForecastingBucket\": \"{{ForecastingBucket}}\" ,\"mode_validation\":false, \"mode_forecast\":\"{{mode_forecast}}\", \"Week\":{{W}},\"Month\":{{M}},\"PlanningMonth\":{{PM}}, \"MediumWeight\":{{MediumWeight}}};\n{{#else}}\nexec procedure o9DP512RunForecastModeCMLL1 {\"VersionName\" : [{{#csv VersionName}}],\"ForecastIteration\" : [{{#csv ForecastIteration}}] , \"ForecastingBucket\": \"{{ForecastingBucket}}\" ,\"mode_validation\":false, \"mode_forecast\":\"{{mode_forecast}}\", \"Week\":{{W}},\"Month\":{{M}},\"PlanningMonth\":{{PM}}, \"MediumWeight\":{{MediumWeight}}};\n{{/if}}"
      }
    ],
    "JavascriptRules": [],
    "FieldBindings": [
      {
        "fieldName": "Information",
        "title": "Information",
        "Description": "Information",
        "type": "info",
        "clearSearch": true,
        "source": "literal",
        "defaultValue": "Please Click on \"Submit\" to Generate CML Forecast at Stat Level for Fullscope.",
        "visible": true,
        "isEditable": true,
        "validation": {
          "maxLength": "0",
          "required": true
        }
      },
      {
        "fieldName": "MediumWeight",
        "title": "Medium Weight Run",
        "Description": "Only for Stat - Enable plugin run in Medium Weight execution mode (suitable for small scope).",
        "type": "boolean",
        "fieldGroup": "Execution Mode",
        "selectionType": "single",
        "clearSearch": true,
        "source": "literal",
        "defaultValue": false,
        "visible": true,
        "isEditable": true,
        "validation": {
          "maxLength": "0",
          "required": false
        }
      },
      {
        "fieldName": "mode_forecast",
        "title": "ML Execution Mode",
        "Description": "Only for ML Engine - To select a forecast mode execution for CML plugin from: 'train','train_predict', 'predict'",
        "type": "picklist",
        "fieldGroup": "Execution Mode",
        "selectionType": "single",
        "clearSearch": true,
        "source": "localPicklist",
        "values": [
          {
            "Key": "train_predict",
            "Name": "Training & Prediction"
          },
          {
            "Key": "train",
            "Name": "Training"
          },
          {
            "Key": "predict",
            "Name": "Prediction"
          }
        ],
        "valueField": "Key",
        "visible": true,
        "isEditable": true,
        "validation": {
          "maxLength": "0",
          "required": true
        }
      },
      {
        "fieldName": "IsContainer",
        "title": "Stat Archetype",
        "Description": "1.Spark (Default, Use to Generate Forecast with Standard CML) | 2. Container (Use to Generate Forecast with CML on Containers)",
        "type": "picklist",
        "fieldGroup": "Execution Mode",
        "clearSearch": true,
        "source": "picklist",
        "key": "Stat Archetype",
        "visible": true,
        "isEditable": true,
        "validation": {
          "maxLength": "0",
          "required": true
        }
      },
      {
        "fieldName": "VersionName",
        "title": "Version Name",
        "Description": "Version Name",
        "type": "picklist",
        "selectionType": "multiple",
        "clearSearch": true,
        "source": "filter",
        "DimensionName": "Version",
        "LevelAttributeName": "Version Name",
        "visible": true,
        "isEditable": true,
        "validation": {
          "maxLength": "0",
          "required": true
        }
      },
      {
        "fieldName": "ForecastIterationType",
        "title": "Forecast Iteration Type",
        "Description": "Forecast Iteration Type",
        "type": "picklist",
        "fieldGroup": "Forecast Iteration",
        "selectionType": "multiple",
        "clearSearch": true,
        "source": "members",
        "DimensionName": "Forecast Iteration",
        "LevelAttributeName": "Forecast Iteration Type",
        "visible": true,
        "isEditable": true,
        "validation": {
          "maxLength": "0",
          "required": true
        }
      },
      {
        "fieldName": "ForecastIteration",
        "title": "Forecast Iteration",
        "Description": "Forecast Iteration",
        "type": "picklist",
        "fieldGroup": "Forecast Iteration",
        "selectionType": "multiple",
        "clearSearch": true,
        "source": "datasource",
        "key": "DSForecastIteration",
        "valueField": "Name",
        "textField": "DisplayName",
        "overrideFieldBindingType": false,
        "visible": true,
        "isEditable": true,
        "cascadeFrom": "ForecastIterationType",
        "validation": {
          "maxLength": "0",
          "required": true
        },
        "select": "ALL"
      },
      {
        "fieldName": "ForecastingBucket",
        "title": "Forecast Generation Bucket",
        "Description": "Forecast Generation Bucket",
        "type": "combobox",
        "selectionType": "single",
        "clearSearch": true,
        "select": "ALL",
        "source": "datasource",
        "key": "ForecastGenerationBucket",
        "valueField": "Forecast Generation Time Bucket",
        "textField": "Forecast Generation Time Bucket",
        "overrideFieldBindingType": false,
        "visible": false,
        "isEditable": true,
        "cascadeFrom": "ForecastIteration",
        "validation": {
          "maxLength": "0",
          "required": false
        }
      },
      {
        "fieldName": "W",
        "title": "Week",
        "type": "boolean",
        "selectionType": "single",
        "clearSearch": true,
        "source": "datasource",
        "key": "Week",
        "valueField": "Forecast Generation Time Bucket Week",
        "textField": "Forecast Generation Time Bucket Week",
        "overrideFieldBindingType": false,
        "visible": false,
        "isEditable": false,
        "cascadeFrom": "ForecastIteration",
        "validation": {
          "maxLength": "0",
          "required": false
        },
        "defaultValue": false
      },
      {
        "fieldName": "M",
        "title": "Month",
        "type": "boolean",
        "selectionType": "single",
        "clearSearch": true,
        "source": "datasource",
        "key": "Month",
        "valueField": "Forecast Generation Time Bucket Month",
        "textField": "Forecast Generation Time Bucket Month",
        "overrideFieldBindingType": false,
        "visible": false,
        "isEditable": false,
        "cascadeFrom": "ForecastIteration",
        "validation": {
          "maxLength": "0",
          "required": false
        },
        "defaultValue": false
      },
      {
        "fieldName": "PM",
        "title": "Planning Month",
        "type": "boolean",
        "selectionType": "single",
        "clearSearch": true,
        "source": "datasource",
        "key": "PlanningMonth",
        "valueField": "Forecast Generation Time Bucket Planning Month",
        "textField": "Forecast Generation Time Bucket Planning Month",
        "overrideFieldBindingType": false,
        "visible": false,
        "isEditable": false,
        "cascadeFrom": "ForecastIteration",
        "validation": {
          "maxLength": "0",
          "required": false
        },
        "defaultValue": false
      },
      {
        "fieldName": "mode_validation",
        "title": "Calculate Validation Forecast for ML",
        "type": "boolean",
        "clearSearch": true,
        "source": "literal",
        "defaultValue": false,
        "visible": false,
        "isEditable": true,
        "validation": {
          "maxLength": "0",
          "required": true
        }
      },
      {
        "fieldName": "IsSlicing",
        "title": "IsSlicing",
        "Description": "IsSlicing",
        "type": "boolean",
        "clearSearch": true,
        "source": "datasource",
        "key": "DSIsSlicing",
        "valueField": "Is Slicing",
        "textField": "Is Slicing",
        "overrideFieldBindingType": false,
        "visible": false,
        "isEditable": false,
        "cascadeFrom": "ForecastIteration",
        "validation": {
          "maxLength": "0",
          "required": true
        },
        "defaultValue": false
      }
    ],
    "Range": [],
    "DataSources": [
      {
        "Name": "Week",
        "IBPLRules": [
          {
            "template": "select(&CWVAndScenarios{{#filter VersionName}} *&AllLockedForecastIterations{{#filter ForecastIteration}} * {if (Measure.[Forecast Generation Time Bucket]==\"Week\") then (true) else (false) as transient.[Forecast Generation Time Bucket Week]});"
          }
        ],
        "JavascriptRules": [],
        "IncludeDSFieldsOnly": false,
        "FieldBindings": []
      },
      {
        "Name": "Month",
        "IBPLRules": [
          {
            "template": "select(&CWVAndScenarios{{#filter VersionName}} *&AllLockedForecastIterations{{#filter ForecastIteration}} * {if (Measure.[Forecast Generation Time Bucket]==\"Month\") then (true) else (false) as transient.[Forecast Generation Time Bucket Month]});"
          }
        ],
        "JavascriptRules": [],
        "IncludeDSFieldsOnly": false,
        "FieldBindings": []
      },
      {
        "Name": "PlanningMonth",
        "IBPLRules": [
          {
            "template": "select(&CWVAndScenarios{{#filter VersionName}} *&AllLockedForecastIterations{{#filter ForecastIteration}} * {if (Measure.[Forecast Generation Time Bucket]==\"Planning Month\") then (true) else (false) as transient.[Forecast Generation Time Bucket Planning Month]});"
          }
        ],
        "JavascriptRules": [],
        "IncludeDSFieldsOnly": false,
        "FieldBindings": []
      },
      {
        "Name": "DSForecastIteration",
        "IBPLRules": [
          {
            "template": "\nSelect(&AllForecastIterationTypes{{#filter ForecastIterationType}}.relatedmembers([Forecast Iteration]).filter(#.[IsLocked] == 1));\n"
          }
        ],
        "JavascriptRules": [],
        "IncludeDSFieldsOnly": false,
        "FieldBindings": []
      },
      {
        "Name": "ForecastGenerationBucket",
        "IBPLRules": [
          {
            "template": "Select ([Version].[Version Name]{{#filter VersionName}} * [Forecast Iteration].[Forecast Iteration]{{#filter ForecastIteration}}) on row, ({Measure.[Forecast Generation Time Bucket]}) on column;"
          }
        ],
        "JavascriptRules": [],
        "IncludeDSFieldsOnly": false,
        "FieldBindings": []
      },
      {
        "Name": "DSIsSlicing",
        "IBPLRules": [
          {
            "template": "select(&CWVAndScenarios{{#filter VersionName}} *&AllLockedForecastIterations{{#filter ForecastIteration}} * {if (Measure.[CML Iteration Planner Slice Level]!=Measure.[CML Iteration System Slice Level]) then (true) else (false) as transient.[Is Slicing]});"
          }
        ],
        "JavascriptRules": [],
        "IncludeDSFieldsOnly": false,
        "FieldBindings": []
      }
    ],
    "AutoExecute": false,
    "isAsync": true,
    "hasMembersUpdates": false,
    "Compact": false,
    "TwoColumn": true,
    "IsGlobalForExcelAddIn": false,
    "ReturnFilterByUpdate": false,
    "ExcludeFromNavLink": false,
    "FilterFieldBindings": [],
    "enableTransaction": false
  },
  "Widget": null,
  "Roles": []
}