{
  "AttributeName": "Description IL4",
  "AttributeId": "d491785f-aff1-41a3-88c5-ad9541f63837",
  "AttributeHierarchyEnabled": false,
  "IsKey": false,
  "Description": "Description of L4",
  "OrderBy": "Key",
  "KeyColumnName": "Description4Key",
  "NameColumnName": null,
  "KeyColumnDataType": "string",
  "SeedTags": false,
  "KeyGenerationType": null,
  "PickListName": null,
  "ConfigJson": {
    "IsVisible": true,
    "IsEditable": true
  },
  "FormatString": "",
  "Translation": null,
  "Aliases": [],
  "ApiName": null,
  "ApiDisabled": false
}