{
  "AttributeName": "Ext ShipmentID",
  "AttributeId": "4e28c337-a8ed-4062-bacd-f0080d77d288",
  "AttributeHierarchyEnabled": true,
  "IsKey": false,
  "Description": "Stores Shipment ID for transactions",
  "OrderBy": "Key",
  "KeyColumnName": "ExtShipmentIDKey",
  "NameColumnName": "ExtShipmentIDName",
  "KeyColumnDataType": "integer",
  "SeedTags": false,
  "KeyGenerationType": "Auto",
  "PickListName": null,
  "ConfigJson": {
    "ShowFilterAs": "TileView"
  },
  "FormatString": null,
  "Translation": null,
  "Aliases": [],
  "ApiName": null,
  "ApiDisabled": false
}