{
  "MeasureName": "Supply Interaction User Specified Measure Table Name",
  "MeasureId": "8eaf87bf-fc7d-4757-8290-2b2b8fcd5059",
  "MeasureDescription": "Supply Interaction User Specified Measure Table Name",
  "DataType": "string",
  "MeasureType": "Regular",
  "AggregateFunction": "Max",
  "FormatString": "#,##0;(#,##0)",
  "MeasureColumnName": "SupplyInteractionUserSpecifiedMeasureTableName",
  "MeasureFormula": "",
  "IsEditable": true,
  "ApplyConversion": false,
  "ConversionFormula": "",
  "PickListName": null,
  "BgColorFormula": "",
  "FgColorFormula": "",
  "TrendFormula": "",
  "FormattingViewModel": null,
  "ParentMeasureName": null,
  "AssociationMeasure": false,
  "IsComputedByPlanningService": false,
  "ToolTip": "Supply Interaction User Specified Measure Table Name",
  "ConfigJson": {},
  "ApiName": null,
  "ApiDisabled": false,
  "IsReportingMeasure": false,
  "MeasureConditionalFormulaProperties": [],
  "PicklistSource": null
}