{
  "AttributeName": "Retail_AP_OS_NN",
  "AttributeId": "f9332736-53c0-2e06-e31e-17f35ae17cac",
  "AttributeHierarchyEnabled": true,
  "IsKey": false,
  "Description": "Options Strategy Product Attribute Group Percentage",
  "OrderBy": "Key",
  "KeyColumnName": "Retail_AP_OS_NNKey",
  "NameColumnName": "Retail_AP_OS_NNName",
  "KeyColumnDataType": "integer",
  "SeedTags": true,
  "KeyGenerationType": "Auto",
  "PickListName": null,
  "ConfigJson": {
    "ShowFilterAs": "TileView",
    "MemberDisplayNameEditable": true,
    "IsMultipleImage": false,
    "MemberDisplayColor": false
  },
  "FormatString": null,
  "Translation": null,
  "Aliases": [],
  "ApiName": null,
  "ApiDisabled": false,
  "ParentAttributeName": null,
  "NamedNodeUsages": [
    {
      "DimensionName": "Item",
      "AttributeName": "L3"
    },
    {
      "DimensionName": "Location",
      "AttributeName": "Location Country"
    },
    {
      "DimensionName": "Sales Domain",
      "AttributeName": "Sales Planning Channel"
    },
    {
      "DimensionName": "Selling Season",
      "AttributeName": "Selling Season"
    },
    {
      "DimensionName": "Product Attribute Group",
      "AttributeName": "Product Attribute Group"
    }
  ]
}