{
  "AttributeName": "Ext LoadID",
  "AttributeId": "d3b422d9-eb82-4ecc-a85c-7107f938ccba",
  "AttributeHierarchyEnabled": true,
  "IsKey": false,
  "Description": "Stores Load ID for transactions",
  "OrderBy": "Key",
  "KeyColumnName": "ExtLoadIDKey",
  "NameColumnName": "ExtLoadIDName",
  "KeyColumnDataType": "integer",
  "SeedTags": false,
  "KeyGenerationType": "Auto",
  "PickListName": null,
  "ConfigJson": {
    "ShowFilterAs": "TileView"
  },
  "FormatString": null,
  "Translation": null,
  "Aliases": [],
  "ApiName": null,
  "ApiDisabled": false
}