{
  "Name": "SupplyPlan167AddRule",
  "Description": null,
  "ActionButtonId": "02414aec-2bb2-4812-838b-e2521ed139f3",
  "Tooltip": "Add Rule to Mapping Table",
  "ActionButtonType": "Widget",
  "Alignment": "right",
  "IsPopOver": true,
  "IsGlobal": true,
  "ActionClickHandler": null,
  "Icon": null,
  "Image": null,
  "ConfigJson": {
    "DisplayName": "Add Rule",
    "icon": "plus",
    "SubmitButton": {
      "Label": "Submit"
    },
    "ResetButton": {
      "Label": "Reset"
    },
    "CloseButton": {
      "Label": "Close",
      "ConfirmMessage": "Unsaved changes will be lost. Continue?"
    },
    "NotifyRoles": true,
    "NotifyAll": false,
    "IBPLRules": [
      {
        "template": "cartesian scope :([Version].[Version Name].[{{Version}}] * [Data Object].[Data Object].[{{DataObject}}] * [DM Rule].[Rule].[{{Rule}}]); Measure.[Supply Interaction Mapping Table Association] = 1; end scope;"
      },
      {
        "template": "cartesian scope :([Version].[Version Name].[{{Version}}] * [Data Object].[Data Object].[{{DataObject}}] * [DM Rule].[Rule].[{{Rule}}] * [GraphCubeDim_Sequence].[GraphCubeAttr_Sequence].[1]); Measure.[Supply Interaction Sequence Table Association] = 1; end scope;"
      }
    ],
    "JavascriptRules": [],
    "FieldBindings": [
      {
        "fieldName": "Version",
        "title": "Version",
        "type": "picklistDropdown",
        "selectionType": "single",
        "clearSearch": true,
        "source": "filter",
        "DimensionName": "Version",
        "LevelAttributeName": "Version Name",
        "visible": true,
        "isEditable": true,
        "validation": {
          "maxLength": "0",
          "required": true
        }
      },
      {
        "fieldName": "DataObject",
        "title": "Data Object Name",
        "Description": "Data Object Name",
        "type": "picklistDropdown",
        "clearSearch": true,
        "source": "filter",
        "DimensionName": "Data Object",
        "LevelAttributeName": "Data Object",
        "visible": true,
        "isEditable": true,
        "validation": {
          "required": true,
          "maxLength": "0"
        },
        "selectionType": "single"
      },
      {
        "fieldName": "Rule",
        "title": "Rule",
        "type": "picklist",
        "clearSearch": true,
        "source": "members",
        "DimensionName": "DM Rule",
        "LevelAttributeName": "Rule",
        "visible": true,
        "isEditable": true,
        "validation": {
          "maxLength": "0",
          "required": true
        },
        "selectionType": "single"
      }
    ],
    "Range": [],
    "DataSources": [],
    "AutoExecute": false,
    "isAsync": false,
    "hasMembersUpdates": false,
    "Compact": false,
    "TwoColumn": false,
    "IsGlobalForExcelAddIn": false,
    "ReturnFilterByUpdate": false,
    "ExcludeFromNavLink": false,
    "FilterFieldBindings": []
  },
  "Widget": null,
  "Roles": []
}