{
  "MeasureGroupName": "006 Demand Node Association",
  "MeasureGroupId": "22302503-f9e7-40da-a90d-12fb57c193d3",
  "ParentMeasureGroupName": null,
  "HasShadow": false,
  "MeasureGroupDescription": "006 Demand Node Association",
  "MeasureGroupType": "Regular",
  "FactTableName": "Fact006DemandNodeAssociation",
  "SchemaMajorVersion": 0,
  "ConfigJson": {},
  "ApiName": null,
  "Repartition": false,
  "Unpartition": false,
  "ApiEnabled": false,
  "DimensionUsages": [
    {
      "DimensionName": "Version",
      "AttributeName": "Version Name",
      "SortOrder": 0,
      "DimensionType": "Regular"
    },
    {
      "DimensionName": "Demand Type",
      "AttributeName": "Demand Type",
      "SortOrder": 1,
      "DimensionType": "Regular"
    },
    {
      "DimensionName": "Demand",
      "AttributeName": "DemandID",
      "SortOrder": 2,
      "DimensionType": "Regular"
    }
  ]
}