{
  "Name": "SupplyPlan171DefineCapacityForStorageIDatLocation",
  "Description": "Define Capacity for Storage at a Location",
  "ActionButtonId": "96a360c4-586d-28d5-ab4c-076c75326250",
  "Tooltip": "Define Capacity for Storage at a Location",
  "ActionButtonType": "Widget",
  "Alignment": "right",
  "IsPopOver": true,
  "IsGlobal": true,
  "ActionClickHandler": null,
  "Icon": null,
  "Image": null,
  "ConfigJson": {
    "icon": "plus",
    "SubmitButton": {
      "Label": "Submit"
    },
    "ResetButton": {
      "Label": "Reset"
    },
    "CloseButton": {
      "Label": "Close",
      "ConfirmMessage": "Unsaved changes will be lost. Continue?"
    },
    "NotifyRoles": true,
    "NotifyAll": false,
    "IBPLRules": [
      {
        "template": "CreateMember(\nStorage.[Storage ID]={,\"{{StorageType}}\" + _ + \"{{Location}}\"},\nStorage.[Storage UOM]={\"{{StorageUOM}}\",},\nStorage.[Storage Description]={\"{{StorageDescription}}\",});"
      },
      {
        "template": "Cartesian Scope: ([Storage].[Storage ID].[{{StorageType}}_{{Location}}] * [Version].[Version Name]{{#filter Version}});\nMeasure.[Active for Storage MP]= true;\nMeasure.[Active for Storage OP]= true;\nMeasure.[Base Storage Capacity Static]= {{BaseCapacity}};\nend scope;\n\ncartesian scope: ([Version].[Version Name]{{#filter Version}} * [Storage].[Storage ID].[{{StorageType}}_{{Location}}] * [UOM].[UOM].[{{StorageUOM}}]);\nMeasure.[Storage ID UOM Association] = 1;\nend scope;\n\ncartesian scope: ([Version].[Version Name]{{#filter Version}} * [Storage].[Storage ID].[{{StorageType}}_{{Location}}] * [Location].[Location].[{{Location}}]);\nMeasure.[Storage ID Location Association] = 1;\nend scope;"
      }
    ],
    "JavascriptRules": [],
    "FieldBindings": [
      {
        "fieldName": "Version",
        "title": "Version",
        "type": "picklistTextOnly",
        "selectionType": "single",
        "clearSearch": true,
        "source": "filter",
        "DimensionName": "Version",
        "LevelAttributeName": "Version Name",
        "visible": true,
        "isEditable": true,
        "validation": {
          "maxLength": "0",
          "required": true
        }
      },
      {
        "fieldName": "StorageType",
        "title": "Storage Type",
        "type": "string",
        "clearSearch": true,
        "source": "literal",
        "visible": true,
        "isEditable": true,
        "validation": {
          "maxLength": "0",
          "required": true
        }
      },
      {
        "fieldName": "Location",
        "title": "Location",
        "type": "picklistDropdown",
        "clearSearch": true,
        "source": "members",
        "DimensionName": "Location",
        "LevelAttributeName": "Location",
        "visible": true,
        "isEditable": true,
        "validation": {
          "maxLength": "0",
          "required": true
        },
        "selectionType": "single"
      },
      {
        "fieldName": "StorageUOM",
        "title": "Storage UOM",
        "type": "picklistDropdown",
        "clearSearch": true,
        "source": "members",
        "DimensionName": "UOM",
        "LevelAttributeName": "UOM",
        "visible": true,
        "isEditable": true,
        "validation": {
          "maxLength": "0",
          "required": true
        },
        "selectionType": "single",
        "select": "NONE"
      },
      {
        "fieldName": "StorageDescription",
        "title": "Storage Description",
        "type": "string",
        "selectionType": "single",
        "clearSearch": true,
        "source": "literal",
        "visible": true,
        "isEditable": true,
        "validation": {
          "maxLength": "0",
          "required": true
        }
      },
      {
        "fieldName": "BaseCapacity",
        "title": "Base Capacity",
        "Description": "Base Storage Capacity",
        "type": "number",
        "showInLocalTimeZone": false,
        "selectionType": "single",
        "clearSearch": true,
        "source": "literal",
        "visible": true,
        "isEditable": true,
        "validation": {
          "maxLength": "0",
          "required": true
        }
      },
      {
        "fieldName": "StorageFlagMP",
        "title": "Active for Storage MP",
        "Description": "Active for Storage MP",
        "type": "boolean",
        "selectionType": "single",
        "clearSearch": true,
        "source": "literal",
        "defaultValue": true,
        "visible": true,
        "isEditable": false,
        "validation": {
          "maxLength": "0",
          "required": true
        }
      },
      {
        "fieldName": "StorageFlagOP",
        "title": "Active for Storage OP",
        "Description": "Active for Storage OP",
        "type": "boolean",
        "selectionType": "single",
        "clearSearch": true,
        "source": "literal",
        "defaultValue": true,
        "visible": true,
        "isEditable": false,
        "validation": {
          "maxLength": "0",
          "required": true
        }
      }
    ],
    "Range": [],
    "DataSources": [],
    "AutoExecute": false,
    "isAsync": false,
    "hasMembersUpdates": true,
    "Compact": true,
    "TwoColumn": false,
    "IsGlobalForExcelAddIn": false,
    "ReturnFilterByUpdate": true,
    "ExcludeFromNavLink": false,
    "FilterFieldBindings": []
  },
  "Widget": null,
  "Roles": []
}