{
  "Name": "Configurator Resource Node Setup",
  "WidgetDefinitionName": "Configurator Resource Node Setup",
  "IsPrimary": false,
  "ConfigJson": {
    "ContainerId": "ba64d559-95a0-48df-abf8-85d4c68a84c6",
    "CompositeContainerId": null,
    "Position": 0,
    "ShowInfoContext": {
      "ActionColumn": true,
      "RowInfo": true,
      "MemberInfo": true
    },
    "ShowHeader": {
      "Icon": "",
      "Color": null
    },
    "FilterScopes": [
      {
        "LevelAttribute": {
          "Dimension": "o9PC Setting",
          "AttributeName": "Setting"
        },
        "Scope": "None"
      }
    ],
    "ActionButtonBindings": [
      {
        "ActionButtonName": "PCSupplyPlan0000NetworkCG",
        "HotKey": "",
        "ExcludeHiddenAttributes": false,
        "ModuleId": "69c63dc5-4f82-4296-89e9-7839154cd5be"
      }
    ]
  },
  "ViewWidgetDefinitionId": "90d32782-43e6-c702-4912-c71874322436",
  "Title": "Capacity Node"
}