{
  "Name": "SupplyPlan143ApproveDailyProductionPlanRecommendation",
  "Description": "Approve Production Plan Recommendation",
  "ActionButtonId": "ba60d096-cbc7-4542-b23b-a9d61883f28e",
  "Tooltip": "Approve Production Plan Recommendation",
  "ActionButtonType": "Widget",
  "Alignment": "right",
  "IsPopOver": true,
  "IsGlobal": true,
  "ActionClickHandler": null,
  "Icon": null,
  "Image": null,
  "ConfigJson": {
    "DisplayName": "Approve ",
    "icon": "check-circle-o",
    "SubmitButton": {
      "Label": "Submit"
    },
    "ResetButton": {
      "Label": "Reset"
    },
    "CloseButton": {
      "Label": "Close",
      "ConfirmMessage": "Unsaved changes will be lost. Continue?"
    },
    "NotifyAll": false,
    "IBPLRules": [
      {
        "template": "/*\nscope :([Version].[Version Name].[{{Version}}] * &AllBOMs * &AllRoutings * &AllPlantLocations * &PlanningHorizon * &AllFinishedGoodsItems);\nMeasure.[MFG Production Plan Approval] = if(~IsNull(coalesce(Measure.[MFG Production Plan Recommendation In Release Window Over Ride],Measure.[MFG Production Plan Recommendation In Release Window]))) then TRUE;\nend scope;\n*/\n\n//exec plugin instance [SupplyPlan014DProductionPlanRecommendation] for measures {[D Final Production Plan Recommendation]} using scope ([Version].[Version Name]{{#filter Version}}) using arguments {([MaxMessageLength], 50000000),([DateFormat], \"d\")};\n\n\nexec plugin instance [SupplyPlan014DProductionPlanRecommendation_py] for measures {[D Final Production Plan Recommendation]} using scope ([Version].[Version Name]{{#filter Version}}) using arguments {(ExecutionMode, \"MediumWeight\"),([MaxMessageLength], 50000000),([DateFormat], \"d\")};"
      }
    ],
    "JavascriptRules": [],
    "FieldBindings": [
      {
        "fieldName": "Version",
        "title": "Version",
        "Description": "Version",
        "type": "picklistDropdown",
        "selectionType": "single",
        "clearSearch": true,
        "source": "filter",
        "DimensionName": "Version",
        "LevelAttributeName": "Version Name",
        "visible": true,
        "isEditable": true,
        "validation": {
          "maxLength": "0",
          "required": true
        }
      }
    ],
    "Range": [],
    "DataSources": [],
    "AutoExecute": false,
    "isAsync": true,
    "hasMembersUpdates": false,
    "Compact": false,
    "TwoColumn": false,
    "IsGlobalForExcelAddIn": false,
    "ReturnFilterByUpdate": false,
    "ExcludeFromNavLink": false,
    "FilterFieldBindings": []
  },
  "Widget": null,
  "Roles": []
}