{
  "MeasureName": "Allocation DILOP % NaN Met",
  "MeasureId": "3b8f2d98-0905-ae79-fab6-17a81cf80662",
  "MeasureDescription": "Allocation DILOP % NaN Met",
  "DataType": "number",
  "MeasureType": "Regular",
  "AggregateFunction": "AvgNonNull",
  "FormatString": "0.00%",
  "MeasureColumnName": "AllocationDILOP%NaNMet",
  "MeasureFormula": "",
  "IsEditable": false,
  "ApplyConversion": false,
  "ConversionFormula": "",
  "PickListName": null,
  "BgColorFormula": "",
  "FgColorFormula": "",
  "TrendFormula": " IF(Measure.[Allocation DILOP % NaN Met]==1) then [19] else  IF(Measure.[Allocation DILOP % NaN Met]>0.75&&Measure.[Allocation DILOP % NaN Met]<1) then [20] else  IF(Measure.[Allocation DILOP % NaN Met]<0.75) then [21]",
  "FormattingViewModel": "[\r\n  {\r\n    \"INDICATOR\": \"[19]\",\r\n    \"Condition\": \"Measure.[Allocation DILOP % NaN Met]==1\"\r\n  },\r\n  {\r\n    \"INDICATOR\": \"[20]\",\r\n    \"Condition\": \"Measure.[Allocation DILOP % NaN Met]>0.75&&Measure.[Allocation DILOP % NaN Met]<1\"\r\n  },\r\n  {\r\n    \"INDICATOR\": \"[21]\",\r\n    \"Condition\": \"Measure.[Allocation DILOP % NaN Met]<0.75\"\r\n  }\r\n]",
  "ParentMeasureName": null,
  "AssociationMeasure": false,
  "IsComputedByPlanningService": false,
  "ToolTip": "Allocation DILOP % NaN Met",
  "ConfigJson": {},
  "ApiName": null,
  "ApiDisabled": false,
  "IsReportingMeasure": false,
  "MeasureConditionalFormulaProperties": [
    {
      "MeasureName": null,
      "ConditionalFormula": "Measure.[Allocation DILOP % NaN Met]==1",
      "BGCOLOR": "",
      "LegendText": "",
      "DisplayOrder": 0
    },
    {
      "MeasureName": null,
      "ConditionalFormula": "Measure.[Allocation DILOP % NaN Met]>0.75&&Measure.[Allocation DILOP % NaN Met]<1",
      "BGCOLOR": "",
      "LegendText": "",
      "DisplayOrder": 1
    },
    {
      "MeasureName": null,
      "ConditionalFormula": "Measure.[Allocation DILOP % NaN Met]<0.75",
      "BGCOLOR": "",
      "LegendText": "",
      "DisplayOrder": 2
    }
  ],
  "PicklistSource": null
}