{
  "Name": "SupplyPlan144BulkApproveDailyProductionPlanRecommendationWidget",
  "Description": "Bulk Approve Production Plan Recommendation",
  "ActionButtonId": "719c3b8c-20c4-4d4c-68f3-d3eb5378126a",
  "Tooltip": "Bulk Approve Production Plan Recommendation",
  "ActionButtonType": "Widget",
  "Alignment": "right",
  "IsPopOver": true,
  "IsGlobal": true,
  "ActionClickHandler": null,
  "Icon": null,
  "Image": null,
  "ConfigJson": {
    "DisplayName": "Bulk Approve",
    "icon": "check",
    "SubmitButton": {
      "Label": "Submit"
    },
    "ResetButton": {
      "Label": "Reset"
    },
    "CloseButton": {
      "Label": "Close",
      "ConfirmMessage": "Unsaved changes will be lost. Continue?"
    },
    "NotifyRoles": true,
    "NotifyAll": false,
    "IBPLRules": [
      {
        "template": "Scope:([Activity2].[Activity2] * [Activity1].[Activity1] * [Location].[Location] * &DailyPlanningHorizon * [Item].[Item] * [Version].[Version Name].filter(#.Name in {\"{{Version}}\"}));\nMeasure.[D Production Plan Approval] = if (Measure.[D MFG Release Window TG] > 0) then true;\nend scope;"
      },
      {
        "template": "/*-- Plugin to populate the approved production plan*/\n\nexec plugin instance [SupplyPlan014DProductionPlanRecommendation_py] for measures {[D Final Production Plan Recommendation]} using scope ([Version].[Version Name]{{#filter Version}}) using arguments {(ExecutionMode, \"MediumWeight\"),([MaxMessageLength], 50000000),([DateFormat], \"d\")};\n\n\n/*---To Populate Adherence to Production Approved Production Plan*/\n\n/* Uncomment the below scope for Adherence to Production Approved Production Plan*/\n/* Scope: ([Version].[Version Name].filter(#.Name in {\"{{Version}}\"}) * &AllManufacturedItems * &AllPlantLocations * &CurrentAndNextFourWeeks); Measure.[D Adherence To Production Approved Production Plan] = if(coalesce(Measure.[MFG Release Window TG],0) > 0)  then Measure.[D Approved Production Plan] else Measure.[D Adherence To Production Approved Production Plan]; end scope;*/"
      }
    ],
    "JavascriptRules": [],
    "FieldBindings": [
      {
        "fieldName": "Version",
        "title": "Version",
        "Description": "Version",
        "type": "picklistDropdown",
        "selectionType": "single",
        "clearSearch": true,
        "source": "filter",
        "DimensionName": "Version",
        "LevelAttributeName": "Version Name",
        "visible": true,
        "isEditable": true,
        "validation": {
          "maxLength": "0",
          "required": true
        }
      }
    ],
    "Range": [],
    "DataSources": [],
    "AutoExecute": false,
    "isAsync": true,
    "hasMembersUpdates": false,
    "Compact": false,
    "TwoColumn": false,
    "IsGlobalForExcelAddIn": false,
    "ReturnFilterByUpdate": false,
    "ExcludeFromNavLink": false,
    "FilterFieldBindings": []
  },
  "Widget": null,
  "Roles": []
}