{
  "MeasureGroupName": "002.012 Inbound Inventory Status",
  "MeasureGroupId": "649cc889-43e5-9ede-580c-67ab4ee07a8c",
  "ParentMeasureGroupName": null,
  "HasShadow": false,
  "MeasureGroupDescription": "Inbound Inventory PO Status",
  "MeasureGroupType": "Regular",
  "FactTableName": "Fact002.012InboundInventoryStatus",
  "SchemaMajorVersion": 0,
  "ConfigJson": {},
  "ApiName": null,
  "Repartition": false,
  "Unpartition": false,
  "ApiEnabled": false,
  "DimensionUsages": [
    {
      "DimensionName": "Version",
      "AttributeName": "Version Name",
      "SortOrder": 0,
      "DimensionType": "Regular"
    },
    {
      "DimensionName": "Documents",
      "AttributeName": "OrderID",
      "SortOrder": 1,
      "DimensionType": "Regular"
    },
    {
      "DimensionName": "Pack",
      "AttributeName": "PackID",
      "SortOrder": 2,
      "DimensionType": "Regular"
    },
    {
      "DimensionName": "Location",
      "AttributeName": "Location",
      "SortOrder": 3,
      "DimensionType": "Regular"
    }
  ],
  "MeasureGroupSortOrders": [],
  "AutoIdEnabled": false
}