{
  "MeasureName": "Sales % PAG SS",
  "MeasureId": "23cf61a9-a11c-4c46-a7e9-d1e5f520b634",
  "MeasureDescription": "Sales % at Product Attribute Group - Selling Season",
  "DataType": "number",
  "MeasureType": "Regular",
  "AggregateFunction": "AvgNonNull",
  "FormatString": "0.00%",
  "MeasureColumnName": "Sales%PASS",
  "MeasureFormula": "",
  "IsEditable": false,
  "ApplyConversion": false,
  "ConversionFormula": "",
  "PickListName": null,
  "BgColorFormula": "",
  "FgColorFormula": "",
  "TrendFormula": "",
  "FormattingViewModel": "[]",
  "ParentMeasureName": null,
  "AssociationMeasure": false,
  "IsComputedByPlanningService": false,
  "ToolTip": "Sales % at Product Attribute Group - Selling Season",
  "ConfigJson": {},
  "ApiName": null,
  "ApiDisabled": false,
  "IsReportingMeasure": false,
  "MeasureConditionalFormulaProperties": [],
  "PicklistSource": null
}