{
  "MeasureName": "W WIP Priority Consumption Plugin Output",
  "MeasureId": "3e878737-1551-4b91-9c8c-76e25eec69eb",
  "MeasureDescription": "Priority sequence output generated from the WIP by the Plugin",
  "DataType": "number",
  "MeasureType": "Regular",
  "AggregateFunction": "Min",
  "FormatString": "#,##0",
  "MeasureColumnName": "WWIPPriorityConsumptionPluginOutput",
  "MeasureFormula": "",
  "IsEditable": false,
  "ApplyConversion": false,
  "ConversionFormula": "",
  "PickListName": null,
  "BgColorFormula": "",
  "FgColorFormula": "",
  "TrendFormula": "",
  "FormattingViewModel": "[]",
  "ParentMeasureName": null,
  "AssociationMeasure": false,
  "IsComputedByPlanningService": false,
  "ToolTip": "Priority sequence output generated from the WIP by the Plugin",
  "ConfigJson": {},
  "ApiName": null,
  "ApiDisabled": false,
  "IsReportingMeasure": false,
  "MeasureConditionalFormulaProperties": [],
  "PicklistSource": null
}