{
  "AttributeName": "o9EKG Navigate To",
  "AttributeId": "d77e772e-f08d-d7d5-6af5-10eebf023a58",
  "AttributeHierarchyEnabled": true,
  "IsKey": true,
  "Description": "Navigate To",
  "OrderBy": "Name",
  "KeyColumnName": "o9EKGNavigateToKey",
  "NameColumnName": "o9EKGNavigateToName",
  "KeyColumnDataType": "integer",
  "SeedTags": false,
  "KeyGenerationType": "Auto",
  "PickListName": null,
  "ConfigJson": {
    "ShowFilterAs": "TileView",
    "MemberDisplayNameEditable": true,
    "IsMultipleImage": false,
    "MemberDisplayColor": false
  },
  "FormatString": null,
  "Translation": null,
  "Aliases": [],
  "ApiName": null,
  "ApiDisabled": false,
  "ToolTip": "Navigate To",
  "FgColorFormula": "",
  "BgColorFormula": "",
  "IsReservedBySystem": false
}