{
  "MeasureName": "ASP L3 PAG C SS",
  "MeasureId": "a3e26eeb-daa4-c913-18f3-3c8bfe54038d",
  "MeasureDescription": "ASP at Class - Product Attribute Group - Cluster - Selling Season",
  "DataType": "number",
  "MeasureType": "Regular",
  "AggregateFunction": "AvgNonNull",
  "FormatString": "#,##0.00; (#,##0.00)",
  "MeasureColumnName": "ASPL3PAGCSS",
  "MeasureFormula": "",
  "IsEditable": false,
  "ApplyConversion": false,
  "ConversionFormula": "",
  "PickListName": null,
  "BgColorFormula": "",
  "FgColorFormula": "",
  "TrendFormula": "",
  "FormattingViewModel": "[]",
  "ParentMeasureName": null,
  "AssociationMeasure": false,
  "IsComputedByPlanningService": false,
  "ToolTip": "ASP at Class - Product Attribute Group - Cluster - Selling Season",
  "ConfigJson": {},
  "ApiName": null,
  "ApiDisabled": false,
  "IsReportingMeasure": false,
  "MeasureConditionalFormulaProperties": [],
  "PicklistSource": null
}