{
  "Name": "o9EKGAddProject",
  "Description": "Add Project",
  "ActionButtonId": "d14ae252-085e-fa6d-1865-7b0a0caebfa4",
  "Tooltip": "Add Project",
  "ActionButtonType": "Widget",
  "Alignment": "right",
  "IsPopOver": true,
  "IsGlobal": true,
  "ActionClickHandler": null,
  "Icon": null,
  "Image": null,
  "ConfigJson": {
    "DisplayName": "Add",
    "icon": "plus-square",
    "SubmitButton": {
      "Label": "Submit",
      "ProgressMessage": "Executing rules, please wait for 5 minutes approx. once you get a notification refresh the page and apply the filters for the new project."
    },
    "ResetButton": {},
    "CloseButton": {
      "Label": "Close"
    },
    "NotifyRoles": true,
    "NotifyAll": false,
    "IBPLRules": [
      {
        "template": "//New member//\n\ncreatemember( [o9EKG Customer].[Customer Name] = { , \"{{Cust}}\" }  , [o9EKG Customer].[Project Name] = { , \"{{Project}}\" });\n\nupdatemember([o9EKG Customer].[Project Name]={,\"{{Project}}\"},[o9EKG Customer].[Project Sub Industry]={\"{{SubInd}}\",});"
      },
      {
        "template": "//Project Level Settings// \n\ncartesian scope: (&CWV * [o9EKG Customer].[Project Name].[{{Project}}]  );\nMeasure.[o9EKG Default LSU File Delimiter]= \"{{Delimiter}}\" ;\nMeasure.[o9EKG Default Error File Delimiter]= \"{{Delimiter}}\" ;\nMeasure.[o9EKG Default LSU File Type]= \"{{Format}}\";\nMeasure.[o9EKG Source PMM Release]= \"{{PMM}}\";\nMeasure.[o9EKG Project Created By] = \"{{user}}\" ;\nMeasure.[o9EKG Project Creation Timestamp] = \"{{now}}\" ;\nend scope;\n\n\nspread scope: (&CWV * [o9EKG Customer].[Customer Name].[{{Cust}}] );\nMeasure.[o9EKG Project Implementer Key] = Measure.[o9EKG Implementer Key]  ; \nend scope;\n\nCOPYMEASURE([o9EKG Customer].[Project Name]={{\"{{PMM}}\",\"{{Project}}\"}},{Measure.[o9EKG Master Data Access]},true) WHERE {&CWV};\n"
      },
      {
        "template": "//Copy Subblock//\n\nCOPYMEASURE([o9EKG Customer].[Project Name]={{\"{{PMM}}\",\"{{Project}}\"}},{Measure.[o9EKG Project SubBlock Association]},true) WHERE {&CWV, [o9EKG Building Blocks].[Sub Block]{{#filter SubBB}} };"
      },
      {
        "template": "//Copy Business Char - Sub Ind//\n\nCOPYMEASURE([o9EKG Customer].[Project Name]={{\"{{PMM}}\",\"{{Project}}\"}},{Measure.[o9EKG Business Characteristics Sub Industry Association]},true) WHERE {&CWV, [o9EKG Business Characteristics].[Business Characteristics]{{#filter SubBM}}, [o9EKG Industry].[Sub Industry]{{#filter SubInd}} };\n"
      },
      {
        "template": "//Copy Sub blocks field associations//\n\nCOPYMEASURE([o9EKG Customer].[Project Name]={{\"{{PMM}}\",\"{{Project}}\"}},{Measure.[o9EKG Field Sub Block Association],Measure.[o9EKG Field Sub Block Association Name]},true) WHERE {&CWV};"
      },
      {
        "template": "//Copy business characteristics field associations//\n\nCOPYMEASURE([o9EKG Customer].[Project Name]={{\"{{PMM}}\",\"{{Project}}\"}},{Measure.[o9EKG Business Characteristics Field Association],Measure.[o9EKG Business Characteristics Field Association Name]},true) WHERE {&CWV};"
      },
      {
        "template": "//Intersection list for Field IDs//\n\ncartesian scope: ( &CWV * [o9EKG Customer].[Project Name].[{{Project}}] * [o9EKG Business Characteristics].[Business Characteristics]{{#filter SubBM}} * [o9EKG Building Blocks].[Sub Block]{{#filter SubBB}} * [o9EKG Table].[Field ID] );\nMeasure.[o9EKG BusinessChar SubBlock Field Association] =  0;\nend scope;\n\n\n\nscope: ( &CWV * [o9EKG Customer].[Project Name].[{{Project}}] * [o9EKG Business Characteristics].[Business Characteristics]{{#filter SubBM}} * [o9EKG Building Blocks].[Sub Block]{{#filter SubBB}} * [o9EKG Table].[Field ID] );\nMeasure.[o9EKG BusinessChar SubBlock Field Association] =  if ((coalesce(Measure.[o9EKG Business Characteristics Field Association],0) * coalesce(Measure.[o9EKG Field Sub Block Association],0))  > 0) then 1 else 0;\nend scope;\n"
      },
      {
        "template": "//Field Included//\n\nCOPYMEASURE([o9EKG Customer].[Project Name]={{\"{{PMM}}\",\"{{Project}}\"}},{Measure.[o9EKG Field Data Type], Measure.[o9EKG Field Default Value], Measure.[o9EKG Field Description], Measure.[o9EKG Field IsKey], Measure.[o9EKG Field Name], Measure.[o9EKG Field Position], Measure.[o9EKG Field Short Description], Measure.[o9EKG Field Placeholder 1], Measure.[o9EKG Field Placeholder 2], Measure.[o9EKG Field Placeholder 3], Measure.[o9EKG Field Placeholder 4], Measure.[o9EKG Field Placeholder 5], Measure.[o9EKG Date Time Format], Measure.[o9EKG Field Created By], Measure.[o9EKG Field Creation Timestamp], Measure.[o9EKG Field Included], Measure.[o9EKG Field Created Source Project]},false) WHERE {&CWV};\n\n\n\nscope: (&CWV * [o9EKG Customer].[Project Name].[{{Project}}] * [o9EKG Table].[Field ID] * [o9EKG Building Blocks].[Sub Block]{{#filter SubBB}} * [o9EKG Business Characteristics].[Business Characteristics]{{#filter SubBM}} );\nMeasure.[o9EKG Field Included] = if (isNull(Measure.[o9EKG Field Name])) then 0 else if (coalesce(Measure.[o9EKG BusinessChar SubBlock Field Association],0) * coalesce(Measure.[o9EKG Field Included], 0) > 0) then 1 else -1;\nend scope;"
      },
      {
        "template": "//Tables Included//\n\n\nscope: (&CWV * [o9EKG Customer].[Project Name].[{{Project}}]  * [o9EKG Table].[Table Name] );\nMeasure.[o9EKG Table Included] = if (Measure.[o9EKG Field Included] > 0) then 1 else -1 ;\nend scope;"
      },
      {
        "template": "//Copy File Table Associations//\n\nCOPYMEASURE([o9EKG Customer].[Project Name]={{\"{{PMM}}\",\"{{Project}}\"}},{Measure.[o9EKG File Delimiter], Measure.[o9EKG File Description], Measure.[o9EKG File Encryption], Measure.[o9EKG File Decryption], Measure.[o9EKG File Type], Measure.[o9EKG File Load Type], Measure.[o9EKG File Source Type], Measure.[o9EKG File Insert Methodology], Measure.[o9EKG File Target Path Param]},false) WHERE {&CWV};"
      },
      {
        "template": "//Copy Table Properties//\n\nCOPYMEASURE([o9EKG Customer].[Project Name]={{\"{{PMM}}\",\"{{Project}}\"}},{Measure.[o9EKG Duplicate Data Handling], Measure.[o9EKG Hierarchy Check Required], Measure.[o9EKG LS Dimension Name], Measure.[o9EKG LS Table Type], Measure.[o9EKG Table Description], Measure.[o9EKG Table Short Description], Measure.[o9EKG Planning Specific Data], Measure.[o9EKG Table Placeholder 1], Measure.[o9EKG Table Placeholder 2], Measure.[o9EKG Table Placeholder 3], Measure.[o9EKG Table Placeholder 4], Measure.[o9EKG Table Placeholder 5], Measure.[o9EKG LS External Table Flag], Measure.[o9EKG LS External Table Name], Measure.[o9EKG Table Created By], Measure.[o9EKG Table Creation Timestamp], Measure.[o9EKG LS GC Pipeline Target], Measure.[o9EKG LS GC Sync Direction], Measure.[o9EKG Table Locked],Measure.[o9EKG Table Created Source Project] },false) WHERE {&CWV};\n\n\n//Copy Tenant Data Download info//\n\nCOPYMEASURE([o9EKG Customer].[Project Name]={{\"{{PMM}}\",\"{{Project}}\"}},{Measure.[o9EKG Tenant Data Download IBPL Query], Measure.[o9EKG Tenant Data Download IBPL Delimiter] },false) WHERE {&CWV};\n\n\n//Copy LSU Net Change info//\n\nCOPYMEASURE([o9EKG Customer].[Project Name]={{\"{{PMM}}\",\"{{Project}}\"}},{Measure.[o9EKG LSU Net Change Deletion Measure], Measure.[o9EKG LSU Net Change Addition Measure], Measure.[o9EKG LSU Net Change Generate Flag Measures], Measure.[o9EKG LSU Net Change External Table Filter], Measure.[o9EKG LSU Net Change Type] },false) WHERE {&CWV};"
      },
      {
        "template": "//Copy Field Properties//\n\nCOPYMEASURE([o9EKG Customer].[Project Name]={{\"{{PMM}}\",\"{{Project}}\"}},{Measure.[o9EKG Field Data Type], Measure.[o9EKG Field Default Value], Measure.[o9EKG Field Description], Measure.[o9EKG Field IsKey], Measure.[o9EKG Field Name], Measure.[o9EKG Field Position], Measure.[o9EKG Field Short Description], Measure.[o9EKG Field Placeholder 1], Measure.[o9EKG Field Placeholder 2], Measure.[o9EKG Field Placeholder 3], Measure.[o9EKG Field Placeholder 4], Measure.[o9EKG Field Placeholder 5], Measure.[o9EKG Date Time Format], Measure.[o9EKG Field Created By], Measure.[o9EKG Field Creation Timestamp], Measure.[o9EKG Field Locked] },false) WHERE {&CWV};"
      },
      {
        "template": "//Copy Field Validations//\n\nCOPYMEASURE([o9EKG Customer].[Project Name]={{\"{{PMM}}\",\"{{Project}}\"}},{Measure.[o9EKG Custom Validation Rule 1], Measure.[o9EKG Custom Validation Rule 2], Measure.[o9EKG Custom Validation Rule 3], Measure.[o9EKG Custom Validation Rule 4], Measure.[o9EKG Custom Validation Rule 5], Measure.[o9EKG Field Data Validation], Measure.[o9EKG Field Data Validation Metadata], Measure.[o9EKG Field Mandatory], Measure.[o9EKG Foreign Key Relationship], Measure.[o9EKG Input Master Data Check], Measure.[o9EKG LS Dim Check], Measure.[o9EKG LS Dim Check DL Table], Measure.[o9EKG Field Lookup List Association]},false) WHERE {&CWV};"
      },
      {
        "template": "//Copy Field Mappings//\n\nCOPYMEASURE([o9EKG Customer].[Project Name]={{\"{{PMM}}\",\"{{Project}}\"}},{Measure.[o9EKG Source Field Mapping], Measure.[o9EKG SQL Join Anchor Table], Measure.[o9EKG Source Field Where Clause Filter], Measure.[o9EKG Auto Generate Group By], Measure.[o9EKG Group By Text] , Measure.[o9EKG Forward Flow Key Field], Measure.[o9EKG Backward Flow Key Field], Measure.[o9EKG Field Mapping Placeholder 1], Measure.[o9EKG Field Mapping Placeholder 2], Measure.[o9EKG Field Mapping Placeholder 3], Measure.[o9EKG Field Mapping Placeholder 4], Measure.[o9EKG Field Mapping Placeholder 5], Measure.[o9EKG Distinct Select], Measure.[o9EKG Source Field Where Clause Filter Metadata] },false) WHERE {&CWV};"
      },
      {
        "template": "//Copy Lookup Lists//\n\nCOPYMEASURE([o9EKG Customer].[Project Name]={{\"{{PMM}}\",\"{{Project}}\"}},{Measure.[o9EKG Lookup From Value], Measure.[o9EKG Lookup To Value], Measure.[o9EKG Lookup List Name] },false) WHERE {&CWV};\n\n//Copy Time Gen Inputs//\n\nCOPYMEASURE([o9EKG Customer].[Project Name]={{\"{{PMM}}\",\"{{Project}}\"}},{Measure.[o9EKG Time Generation Utility Inputs] },false) WHERE {&CWV};"
      },
      {
        "template": "//Update EKG Subs SQL Table//\n\nEXEC plugin instance o9EKGInsertProjectInfo for measures {[o9EKG Project Implementer Key]}  using scope (&CWV * [o9EKG Customer].[Project Name].[{{Project}}] );"
      },
      {
        "template": "// Copy table notes \n\nCOPYMEASURE([o9EKG Customer].[Project Name]={{\"{{PMM}}\",\"{{Project}}\"}},{Measure.[o9EKG Table Notes Editable], Measure.[o9EKG Table Notes Date], Measure.[o9EKG Table Notes Author], Measure.[o9EKG Table Notes], Measure.[o9EKG Table Notes Attachment] },false) WHERE {&CWV};\n\n\n// Copy Field Notes\n\nCOPYMEASURE([o9EKG Customer].[Project Name]={{\"{{PMM}}\",\"{{Project}}\"}},{Measure.[o9EKG Field Notes], Measure.[o9EKG Field Notes Author], Measure.[o9EKG Field Notes Date], Measure.[o9EKG Field Notes Attachment], Measure.[o9EKG Field Notes Editable] },false) WHERE {&CWV};\n"
      },
      {
        "template": "//update dummy metadata//\n\ncartesian scope: (&CWV * [o9EKG Customer].[Project Name].[{{Project}}] * [o9EKGSequence].[o9EKGSequenceNumber].[1] );\nMeasure.[o9EKG Project Metadata]=\"<dummy>\";\nMeasure.[o9EKG Project Metadata Created By]=\"{{user}}\";\nMeasure.[o9EKG Project Metadata Creation Timestamp]=\"{{now}}\";\nMeasure.[o9EKG Project Metadata IsLatest]=TRUE;\nend scope;"
      },
      {
        "template": "//Populate actual metadata//\n\nEXEC plugin instance o9EKGPipeline_Meta for measures {[o9EKG Field Name]} using scope (&CWV * [o9EKG Customer].[Project Name].[{{Project}}] );"
      }
    ],
    "JavascriptRules": [
      {
        "modulename": "o9.EKG.validateProject",
        "functionname": "validateProject"
      }
    ],
    "FieldBindings": [
      {
        "fieldName": "Cust",
        "title": "Customer Name",
        "type": "picklistDropdown",
        "selectionType": "single",
        "clearSearch": true,
        "select": "NONE",
        "source": "members",
        "DimensionName": "o9EKG Customer",
        "LevelAttributeName": "Customer Name",
        "visible": true,
        "isEditable": true,
        "validation": {
          "maxLength": "0",
          "required": true
        }
      },
      {
        "fieldName": "Project",
        "title": "Project Name",
        "type": "string",
        "selectionType": "single",
        "clearSearch": true,
        "source": "literal",
        "visible": true,
        "isEditable": true,
        "validation": {
          "maxLength": "0",
          "required": true
        }
      },
      {
        "fieldName": "PMM",
        "title": "PMM Release",
        "Description": "Copy associations from this release",
        "type": "picklistDropdown",
        "selectionType": "single",
        "clearSearch": false,
        "select": "NONE",
        "source": "members",
        "DimensionName": "o9EKG Customer",
        "LevelAttributeName": "Project Name",
        "FilterExpression": "[o9EKG Customer].[Project Name].filter(#.Name contains \"PMM\")",
        "visible": true,
        "isEditable": true,
        "validation": {
          "maxLength": "0",
          "required": true
        }
      },
      {
        "fieldName": "Format",
        "title": "Default File Format",
        "type": "picklistDropdown",
        "selectionType": "single",
        "clearSearch": false,
        "source": "picklist",
        "key": "o9EKG LSU File Format",
        "visible": true,
        "isEditable": true,
        "validation": {
          "maxLength": "0",
          "required": true
        }
      },
      {
        "fieldName": "Delimiter",
        "title": "Default File Delimiter",
        "type": "picklistDropdown",
        "selectionType": "single",
        "clearSearch": false,
        "source": "picklist",
        "key": "o9EKG Delimiter",
        "visible": true,
        "isEditable": true,
        "validation": {
          "maxLength": "0",
          "required": true
        }
      },
      {
        "fieldName": "BB",
        "title": "Solution Blocks",
        "type": "picklistDropdown",
        "fieldGroup": "Blocks",
        "selectionType": "multiple",
        "clearSearch": true,
        "source": "members",
        "DimensionName": "o9EKG Building Blocks",
        "LevelAttributeName": "Building Block",
        "visible": true,
        "isEditable": true,
        "validation": {
          "maxLength": "0",
          "required": true
        },
        "select": "NONE"
      },
      {
        "fieldName": "SubBB",
        "title": "Solution Sub Block",
        "type": "picklistDropdown",
        "fieldGroup": "Blocks",
        "selectionType": "multiple",
        "clearSearch": true,
        "source": "datasource",
        "key": "SubBB",
        "valueField": "Sub Block",
        "textField": "Sub Block",
        "visible": true,
        "isEditable": true,
        "cascadeFrom": "BB",
        "validation": {
          "maxLength": "0",
          "required": true
        },
        "overrideFieldBindingType": false,
        "select": "NONE"
      },
      {
        "fieldName": "Ind",
        "title": "Industry",
        "type": "picklistDropdown",
        "fieldGroup": "Industry",
        "selectionType": "single",
        "clearSearch": true,
        "source": "members",
        "DimensionName": "o9EKG Industry",
        "LevelAttributeName": "Industry",
        "visible": true,
        "isEditable": true,
        "validation": {
          "maxLength": "0",
          "required": true
        },
        "select": "NONE"
      },
      {
        "fieldName": "SubInd",
        "title": "Sub Industry",
        "type": "picklistDropdown",
        "fieldGroup": "Industry",
        "selectionType": "single",
        "clearSearch": true,
        "source": "datasource",
        "key": "SubInd",
        "valueField": "Sub Industry",
        "textField": "Sub Industry",
        "visible": true,
        "isEditable": true,
        "cascadeFrom": "Ind",
        "validation": {
          "maxLength": "0",
          "required": true
        },
        "overrideFieldBindingType": false,
        "select": "NONE"
      },
      {
        "fieldName": "BM",
        "title": "Capability Group",
        "type": "picklistDropdown",
        "fieldGroup": "Capabilities",
        "selectionType": "multiple",
        "clearSearch": false,
        "source": "datasource",
        "key": "BM",
        "valueField": "Business Model",
        "textField": "Business Model",
        "visible": true,
        "isEditable": true,
        "cascadeFrom": "SubInd",
        "validation": {
          "maxLength": "0",
          "required": true
        },
        "overrideFieldBindingType": false,
        "Description": "Capability Group",
        "select": "NONE"
      },
      {
        "fieldName": "SubBM",
        "title": "Capability",
        "type": "picklistDropdown",
        "fieldGroup": "Capabilities",
        "selectionType": "multiple",
        "clearSearch": false,
        "source": "datasource",
        "key": "SubBM",
        "valueField": "Business Characteristics",
        "textField": "Business Characteristics",
        "visible": true,
        "isEditable": true,
        "cascadeFrom": "BM",
        "validation": {
          "maxLength": "0",
          "required": true
        },
        "overrideFieldBindingType": false,
        "Description": "Capability",
        "select": "NONE"
      },
      {
        "fieldName": "user",
        "title": "user",
        "type": "string",
        "selectionType": "single",
        "clearSearch": false,
        "source": "datasource",
        "key": "USER",
        "valueField": "Name",
        "textField": "Name",
        "overrideFieldBindingType": false,
        "visible": false,
        "isEditable": false,
        "validation": {
          "maxLength": "0",
          "required": true
        }
      },
      {
        "fieldName": "now",
        "title": "now",
        "type": "string",
        "selectionType": "single",
        "clearSearch": true,
        "source": "datasource",
        "key": "NOW",
        "valueField": "result",
        "textField": "result",
        "overrideFieldBindingType": false,
        "visible": false,
        "isEditable": false,
        "validation": {
          "maxLength": "0",
          "required": true
        }
      }
    ],
    "Range": [],
    "DataSources": [
      {
        "Name": "SubBB",
        "IBPLRules": [
          {
            "template": "Select ([o9EKG Building Blocks].[Building Block]{{#filter BB}} * [o9EKG Building Blocks].[Sub Block]);"
          }
        ],
        "JavascriptRules": [],
        "IncludeDSFieldsOnly": false,
        "FieldBindings": []
      },
      {
        "Name": "SubInd",
        "IBPLRules": [
          {
            "template": "Select ( [o9EKG Industry].[Industry]{{#filter Ind}} * [o9EKG Industry].[Sub Industry] );"
          }
        ],
        "JavascriptRules": [],
        "IncludeDSFieldsOnly": false,
        "FieldBindings": []
      },
      {
        "Name": "BM",
        "IBPLRules": [
          {
            "template": "Select (&CWV * [o9EKG Customer].[Project Name].[{{PMM}}] * [o9EKG Industry].[Sub Industry]{{#filter SubInd}} * [o9EKG Business Characteristics].[Business Model]  ) on row, \n({Measure.[o9EKG Business Characteristics Sub Industry Association]}) on column;"
          }
        ],
        "JavascriptRules": [],
        "IncludeDSFieldsOnly": false,
        "FieldBindings": []
      },
      {
        "Name": "SubBM",
        "IBPLRules": [
          {
            "template": "Select (&CWV * [o9EKG Customer].[Project Name].[{{PMM}}] * [o9EKG Business Characteristics].[Business Model]{{#filter BM}} * [o9EKG Industry].[Sub Industry]{{#filter SubInd}} * [o9EKG Business Characteristics].[Business Characteristics] ) on row, \n({Measure.[o9EKG Business Characteristics Sub Industry Association]}) on column;\n"
          }
        ],
        "JavascriptRules": [],
        "IncludeDSFieldsOnly": false,
        "FieldBindings": []
      },
      {
        "Name": "SubBB_Fields",
        "IBPLRules": [
          {
            "template": "Select (&CWV * [o9EKG Building Blocks].[Sub Block]{{#filter SubBB}} * [o9EKG Customer].[Project Name].[{{PMM}}] * [o9EKG Table].[Table Name] * [o9EKG Table].[Field ID]  ) on row, \n({Measure.[o9EKG Field Sub Block Association]}) on column;"
          }
        ],
        "JavascriptRules": [],
        "IncludeDSFieldsOnly": false,
        "FieldBindings": []
      },
      {
        "Name": "SubBM_Fields",
        "IBPLRules": [
          {
            "template": "Select (&CWV * [o9EKG Customer].[Project Name].[{{PMM}}] * [o9EKG Business Characteristics].[Business Characteristics]{{#filter SubBM}} * [o9EKG Table].[Table Name] * [o9EKG Table].[Field ID] ) on row, \n({Measure.[o9EKG Business Characteristics Field Association]}) on column;"
          }
        ],
        "JavascriptRules": [],
        "IncludeDSFieldsOnly": false,
        "FieldBindings": []
      },
      {
        "Name": "NOW",
        "IBPLRules": [
          {
            "template": "Select (now());"
          }
        ],
        "JavascriptRules": [],
        "IncludeDSFieldsOnly": false,
        "FieldBindings": []
      },
      {
        "Name": "USER",
        "IBPLRules": [
          {
            "template": "Select (Currentuser());"
          }
        ],
        "JavascriptRules": [],
        "IncludeDSFieldsOnly": false,
        "FieldBindings": []
      }
    ],
    "AutoExecute": false,
    "isAsync": true,
    "hasMembersUpdates": true,
    "Compact": true,
    "TwoColumn": false,
    "IsGlobalForExcelAddIn": false,
    "ReturnFilterByUpdate": false,
    "NavigateTo": {
      "TargetWorkspaceName": "EKG Configurator",
      "TargetPageName": "Model Explorer",
      "TargetViewName": "Table List"
    },
    "DataSourceForFilter": {
      "Name": "DataSourceForFilter",
      "IBPLRule": {
        "template": "Select (&CWV * [o9EKG Customer].[Project Name].[{{Project}}]);"
      },
      "IncludeDSFieldsOnly": false,
      "FieldBindings": []
    },
    "ExcludeFromNavLink": false,
    "FilterFieldBindings": [
      {
        "fieldName": "Project",
        "type": "picklist",
        "selectionType": "multiple",
        "select": "ALL",
        "source": "datasource",
        "key": "DataSourceForFilter",
        "valueField": "Project Name",
        "DimensionName": "o9EKG Customer",
        "LevelAttributeName": "Project Name"
      }
    ],
    "enableTransaction": false
  },
  "Widget": null,
  "Roles": [
    "EKG_DataAdmin",
    "EKG_Intg_Arch"
  ]
}