{
  "MeasureGroupName": "o9EKG High Code Pipeline Status",
  "MeasureGroupId": "c7a842d3-e68c-3b6a-b7b4-34903eda07e3",
  "ParentMeasureGroupName": null,
  "HasShadow": false,
  "MeasureGroupDescription": "o9EKG High Code Pipeline Status",
  "MeasureGroupType": "Regular",
  "FactTableName": "Facto9EKGHighCodePipelineStatus",
  "SchemaMajorVersion": 0,
  "ConfigJson": {},
  "ApiName": null,
  "Repartition": false,
  "Unpartition": false,
  "ApiEnabled": false,
  "DimensionUsages": [
    {
      "DimensionName": "Version",
      "AttributeName": "Version Name",
      "SortOrder": 0,
      "DimensionType": "Regular"
    },
    {
      "DimensionName": "o9EKGPipelines",
      "AttributeName": "Pipeline Group",
      "SortOrder": 1,
      "DimensionType": "Regular"
    },
    {
      "DimensionName": "o9EKGSequence",
      "AttributeName": "o9EKGSequenceNumber",
      "SortOrder": 2,
      "DimensionType": "Regular"
    }
  ]
}