{
  "Name": "SupplyPlan066WDisableDemandSelection",
  "Description": "Unselect Demands",
  "ActionButtonId": "47c5bb7e-6933-4cf9-8384-dc5a70742699",
  "Tooltip": "Unselect Demands",
  "ActionButtonType": "Rule",
  "Alignment": "right",
  "IsPopOver": true,
  "IsGlobal": false,
  "ActionClickHandler": null,
  "Icon": null,
  "Image": null,
  "ConfigJson": {
    "icon": "minus-square-o",
    "Position": "0",
    "SubmitButton": {
      "Label": "Submit"
    },
    "ResetButton": {
      "Label": "Reset"
    },
    "CloseButton": {
      "Label": "Close",
      "ConfirmMessage": "Unsaved changes will be lost. Continue?"
    },
    "NotifyAll": false,
    "IBPLRules": [
      {
        "template": "scope: ([Version].[Version Name].[{{Version}}]*[Demand Type].[Demand Type].[{{DemandType}}] * [Demand].[DemandID]{{#filter DemandID}} * [Location].[Location]{{#filter Location}} * [Sales Domain].[Customer Group]{{#filter CustomerGroup}} * [Time].[Week]{{#filter DemandWeek}} * [Item].[Item]{{#filter Item}} );\nMeasure.[W Demand Incremental Flag Input]  = false;\nend scope;"
      }
    ],
    "JavascriptRules": [],
    "FieldBindings": [
      {
        "fieldName": "Version",
        "title": "Version Name",
        "Description": "Version Name",
        "type": "picklist",
        "selectionType": "single",
        "clearSearch": true,
        "source": "filter",
        "DimensionName": "Version",
        "LevelAttributeName": "Version Name",
        "visible": true,
        "isEditable": true,
        "validation": {
          "maxLength": "0",
          "required": true
        }
      },
      {
        "fieldName": "Item",
        "title": "Item",
        "Description": "Item",
        "type": "picklistDropdown",
        "selectionType": "multiple",
        "clearSearch": true,
        "select": "NONE",
        "source": "members",
        "DimensionName": "Item",
        "LevelAttributeName": "Item",
        "FilterExpression": "&AllDemandItems",
        "visible": true,
        "isEditable": true,
        "validation": {
          "maxLength": "0",
          "required": true
        }
      },
      {
        "fieldName": "Location",
        "title": "Location",
        "Description": "Location",
        "type": "picklistDropdown",
        "selectionType": "multiple",
        "clearSearch": true,
        "select": "NONE",
        "source": "datasource",
        "key": "DemandFlag",
        "valueField": "Location",
        "textField": "Location",
        "visible": true,
        "isEditable": true,
        "cascadeFrom": "Item",
        "validation": {
          "maxLength": "0",
          "required": true
        }
      },
      {
        "fieldName": "CustomerGroup",
        "title": "Customer Group",
        "Description": "Customer Group",
        "type": "picklistDropdown",
        "selectionType": "multiple",
        "clearSearch": true,
        "select": "NONE",
        "source": "datasource",
        "key": "DemandFlag",
        "valueField": "Customer Group",
        "textField": "Customer Group",
        "visible": true,
        "isEditable": true,
        "validation": {
          "maxLength": "0",
          "required": true
        },
        "cascadeFrom": "Item"
      },
      {
        "fieldName": "DemandID",
        "title": "DemandID",
        "Description": "DemandID",
        "type": "picklistDropdown",
        "selectionType": "single",
        "clearSearch": true,
        "source": "datasource",
        "key": "DemandFlag",
        "valueField": "DemandID",
        "textField": "DemandID",
        "visible": true,
        "isEditable": false,
        "validation": {
          "maxLength": "0",
          "required": true
        },
        "cascadeFrom": "Item"
      },
      {
        "fieldName": "DemandType",
        "title": "DemandType",
        "Description": "DemandType",
        "type": "picklistDropdown",
        "selectionType": "single",
        "clearSearch": true,
        "source": "datasource",
        "key": "DemandFlag",
        "valueField": "Demand Type",
        "textField": "Demand Type",
        "visible": true,
        "isEditable": true,
        "validation": {
          "maxLength": "0",
          "required": true
        },
        "cascadeFrom": "Item"
      },
      {
        "fieldName": "DemandWeek",
        "title": "Demand Week",
        "Description": "Demand Week",
        "type": "picklistDropdown",
        "selectionType": "multiple",
        "clearSearch": true,
        "select": "NONE",
        "source": "datasource",
        "key": "DemandFlag",
        "valueField": "Week",
        "textField": "Week",
        "visible": true,
        "isEditable": true,
        "validation": {
          "maxLength": "0",
          "required": true
        },
        "cascadeFrom": "Item"
      }
    ],
    "DataSources": [
      {
        "Name": "DemandFlag",
        "IBPLRules": [
          {
            "template": "Select ([Version].[Version Name].[{{Version}}]  * [Item].[Item]{{#filter Item}}  * [Location].[Location] * [Demand Type].[Demand Type] * [Demand].[DemandID] * [Sales Domain].[Customer Group] * [Time].[Week] ) on row, \n({Measure.[W Demand Incremental Flag Input]}) on column where {Measure.[W Demand Incremental Flag Input] == true };"
          }
        ],
        "JavascriptRules": [],
        "IncludeDSFieldsOnly": false,
        "FieldBindings": []
      },
      {
        "Name": "CountDS",
        "IBPLRules": [
          {
            "template": "(Select ([Version].[Version Name]{{#filter Version}}  * [Item].[Item]  * [Location].[Location] * [Demand Type].[Demand Type] * [Demand].[DemandID] * [Sales Domain].[Customer Group] * [Time].[Week] ) on row, \n({Measure.[W Demand Incremental Flag Input]}) on column where {Measure.[W Demand Incremental Flag Input] == true }).count;"
          }
        ],
        "JavascriptRules": [],
        "IncludeDSFieldsOnly": false,
        "FieldBindings": []
      }
    ],
    "AutoExecute": false,
    "isAsync": true,
    "hasMembersUpdates": false,
    "Compact": false,
    "TwoColumn": false,
    "IsGlobalForExcelAddIn": false,
    "FilterFieldBindings": []
  },
  "Widget": null
}