{
  "Name": "o9EKGBulkdAddFieldtoCapabilityAssoc",
  "Description": null,
  "ActionButtonId": "522eb8a2-8782-5b48-b607-2d4905e8e672",
  "Tooltip": "Associate Fields to Capability",
  "ActionButtonType": "Widget",
  "Alignment": "right",
  "IsPopOver": true,
  "IsGlobal": true,
  "ActionClickHandler": null,
  "Icon": null,
  "Image": null,
  "ConfigJson": {
    "icon": "link",
    "SubmitButton": {
      "Label": "Submit"
    },
    "ResetButton": {},
    "CloseButton": {
      "Label": "Close",
      "ConfirmMessage": "Unsaved changes will be lost. Continue?"
    },
    "NotifyAll": false,
    "IBPLRules": [
      {
        "template": "\n/* There is an active rule to populate measure o9EKG Business Characteristics Field Association Name which will get triggered after association is set. Nulling the string name measure here as active rule was unable to do so correctly for all cases*/\n\nscope: ( &CWV *  [o9EKG Customer].[Project Name].[{{ProjectName}}] * [o9EKG Business Characteristics].[Business Characteristics]{{#filter Capability}} * [o9EKG Table].[Field ID]{{#filter Field}} ) ;\nMeasure.[o9EKG Business Characteristics Field Association Name] = Null ;\nend scope ;  \n\n\n{{#if AddRemove}} \n\ncartesian scope: ( &CWV *  [o9EKG Customer].[Project Name].[{{ProjectName}}] * [o9EKG Business Characteristics].[Business Characteristics]{{#filter Capability}} * [o9EKG Table].[Field ID]{{#filter Field}} ) ;\nMeasure.[o9EKG Business Characteristics Field Association] = 1 ;\nend scope ;\n \n{{#else}}  \n\nscope: ( &CWV *  [o9EKG Customer].[Project Name].[{{ProjectName}}] * [o9EKG Business Characteristics].[Business Characteristics]{{#filter Capability}} * [o9EKG Table].[Field ID]{{#filter Field}} ) ;\nMeasure.[o9EKG Business Characteristics Field Association] = Null ;\nend scope ;  \n\n{{/if}}\n\n"
      }
    ],
    "JavascriptRules": [],
    "FieldBindings": [
      {
        "fieldName": "AddRemove",
        "title": "Check Box to Add Association (Default) ; Uncheck to Remove Association",
        "type": "boolean",
        "clearSearch": true,
        "source": "literal",
        "defaultValue": true,
        "visible": true,
        "isEditable": true,
        "validation": {
          "maxLength": "0",
          "required": true
        }
      },
      {
        "fieldName": "ProjectName",
        "title": "Project Name",
        "type": "picklistDropdown",
        "selectionType": "single",
        "clearSearch": true,
        "source": "filter",
        "DimensionName": "o9EKG Customer",
        "LevelAttributeName": "Project Name",
        "visible": true,
        "isEditable": false,
        "validation": {
          "maxLength": "0",
          "required": true
        }
      },
      {
        "fieldName": "Field",
        "title": "Field IDs",
        "type": "picklistDropdown",
        "clearSearch": true,
        "source": "parentAttribute",
        "DimensionName": "o9EKG Table",
        "key": {
          "LevelAttribute": {
            "Name": "Field ID",
            "Property": "Name"
          }
        },
        "visible": false,
        "isEditable": false,
        "validation": {
          "maxLength": "0",
          "required": true
        }
      },
      {
        "fieldName": "FieldNames",
        "title": "Selected Fields",
        "type": "picklistDropdown",
        "clearSearch": true,
        "source": "parentMeasure",
        "key": {
          "Measure": {
            "Name": "o9EKG Field Name"
          }
        },
        "visible": true,
        "isEditable": false,
        "validation": {
          "maxLength": "0",
          "required": true
        }
      },
      {
        "fieldName": "Capability",
        "title": "Capability",
        "type": "picklistDropdown",
        "selectionType": "multiple",
        "clearSearch": true,
        "select": "NONE",
        "source": "members",
        "DimensionName": "o9EKG Business Characteristics",
        "LevelAttributeName": "Business Characteristics",
        "visible": true,
        "isEditable": true,
        "validation": {
          "maxLength": "0",
          "required": true
        }
      }
    ],
    "Range": [],
    "DataSources": [],
    "AutoExecute": false,
    "isAsync": false,
    "hasMembersUpdates": true,
    "Compact": false,
    "TwoColumn": false,
    "IsGlobalForExcelAddIn": false,
    "ReturnFilterByUpdate": false,
    "ExcludeFromNavLink": false,
    "FilterFieldBindings": []
  },
  "Widget": null,
  "Roles": [
    "EKG_Intg_Arch",
    "PMM Super User"
  ]
}