{
  "AttributeName": "Parameter Name",
  "AttributeId": "bd6ef633-0062-419b-827f-de91557dce68",
  "AttributeHierarchyEnabled": true,
  "IsKey": false,
  "Description": "Parameter Name",
  "OrderBy": "Key",
  "KeyColumnName": "ParameterNameKey",
  "NameColumnName": "ParameterNameName",
  "KeyColumnDataType": "integer",
  "SeedTags": false,
  "KeyGenerationType": "Auto",
  "PickListName": null,
  "ConfigJson": {
    "ShowFilterAs": "TileView",
    "MemberDisplayNameEditable": true,
    "IsMultipleImage": false
  },
  "FormatString": null,
  "Translation": null,
  "Aliases": [],
  "ApiName": null,
  "ApiDisabled": false
}