{
  "HierarchyName": "To CT Telescopic Hierarchy",
  "HierarchyId": "caa81b04-3a94-4309-a881-6905245a59a9",
  "HierarchyDescription": "To CT Telescopic Hierarchy",
  "Translations": [],
  "Levels": [
    {
      "LevelName": "To All Time",
      "LevelId": "3ef0d8d7-0bc4-4274-b222-6e875fd30921",
      "SourceAttributeName": "To All Time",
      "LevelDescription": "All Time",
      "LevelPosition": 0,
      "Translations": []
    },
    {
      "LevelName": "To Planning Year",
      "LevelId": "f2d3a25b-0145-4e8b-970c-afd1069f6b78",
      "SourceAttributeName": "To Planning Year",
      "LevelDescription": "To Planning Year",
      "LevelPosition": 1,
      "Translations": []
    },
    {
      "LevelName": "To Planning Quarter",
      "LevelId": "6ed8e56e-98c8-4be9-a7ee-083ca0be15ba",
      "SourceAttributeName": "To Planning Quarter",
      "LevelDescription": "To Planning Quarter",
      "LevelPosition": 2,
      "Translations": []
    },
    {
      "LevelName": "To Planning Month",
      "LevelId": "ad0bf745-190a-4032-a224-bdf9ad8fcefb",
      "SourceAttributeName": "To Planning Month",
      "LevelDescription": "To Planning Month",
      "LevelPosition": 3,
      "Translations": []
    },
    {
      "LevelName": "To Week",
      "LevelId": "12dc7ae9-d5c1-4fd7-90a9-b973562a020c",
      "SourceAttributeName": "To Week",
      "LevelDescription": "To Week",
      "LevelPosition": 4,
      "Translations": []
    },
    {
      "LevelName": "To CT Telescopic Reporting",
      "LevelId": "e8e6dc16-fb27-48f5-bf23-3d8b8fbeff30",
      "SourceAttributeName": "To CT Telescopic Reporting",
      "LevelDescription": "Daily Telescopic Reporting",
      "LevelPosition": 5,
      "Translations": []
    },
    {
      "LevelName": "To CT Telescopic",
      "LevelId": "efe2230d-07e4-47ab-8995-05aaedb758e8",
      "SourceAttributeName": "To CT Telescopic",
      "LevelDescription": "Daily telecopic",
      "LevelPosition": 6,
      "Translations": []
    },
    {
      "LevelName": "To Day",
      "LevelId": "59bc5931-7ff4-4c11-bb42-aa65b4103f9d",
      "SourceAttributeName": "To Day",
      "LevelDescription": "Day level",
      "LevelPosition": 7,
      "Translations": []
    }
  ]
}