{
  "AttributeName": "Retail_AP_FD_Product_Location_NN",
  "AttributeId": "ef5fc0cb-4a05-c78a-065a-46e866f95eb5",
  "AttributeHierarchyEnabled": true,
  "IsKey": false,
  "Description": "Retail AP Product and Location Named Node",
  "OrderBy": "Key",
  "KeyColumnName": "Retail_AP_FD_Product_Location_NNKey",
  "NameColumnName": "Retail_AP_FD_Product_Location_NNName",
  "KeyColumnDataType": "integer",
  "SeedTags": true,
  "KeyGenerationType": "Auto",
  "PickListName": null,
  "ConfigJson": {
    "ShowFilterAs": "TileView",
    "MemberDisplayNameEditable": true,
    "IsMultipleImage": false,
    "MemberDisplayColor": false
  },
  "FormatString": null,
  "Translation": null,
  "Aliases": [],
  "ApiName": null,
  "ApiDisabled": false,
  "ParentAttributeName": null,
  "NamedNodeUsages": [
    {
      "DimensionName": "Item",
      "AttributeName": "Item"
    },
    {
      "DimensionName": "Location",
      "AttributeName": "Location"
    }
  ]
}