{
  "MeasureGroupName": "009 Style Color Selling Season",
  "MeasureGroupId": "87d04b1d-6769-48ef-a4cd-4f5dd170e9ac",
  "ParentMeasureGroupName": null,
  "HasShadow": false,
  "MeasureGroupDescription": "009 Style Color Selling Season",
  "MeasureGroupType": "Regular",
  "FactTableName": "Fact009StyleColorSellingSeason",
  "SchemaMajorVersion": 0,
  "ConfigJson": {},
  "ApiName": null,
  "Repartition": false,
  "Unpartition": false,
  "ApiEnabled": false,
  "DimensionUsages": [
    {
      "DimensionName": "Version",
      "AttributeName": "Version Name",
      "SortOrder": 0,
      "DimensionType": "Regular"
    },
    {
      "DimensionName": "NamedNode",
      "AttributeName": "Retail_AP_FD_Common_NN",
      "SortOrder": 1,
      "DimensionType": "NamedNode"
    },
    {
      "DimensionName": "NamedNode",
      "AttributeName": "Retail_AP_LP_Product_Location_NN",
      "SortOrder": 2,
      "DimensionType": "NamedNode"
    }
  ]
}