{
  "HierarchyName": "Opportunity Hierarchy",
  "HierarchyId": "7574a6c6-f391-d5cd-2f8d-45112697c18c",
  "HierarchyDescription": "Opportunity Hierarchy",
  "Translations": null,
  "Levels": [
    {
      "LevelName": "All Opportunity",
      "LevelId": "7586ec0a-6437-d827-2d0d-47e40b836bf8",
      "SourceAttributeName": "All Opportunity",
      "LevelDescription": "All Opportunity",
      "LevelPosition": 0,
      "Translations": null
    },
    {
      "LevelName": "Opportunity",
      "LevelId": "7b7b391d-e335-2c9e-56dd-acf725a193d2",
      "SourceAttributeName": "Opportunity",
      "LevelDescription": "Unique Identifier for an Opportunity",
      "LevelPosition": 1,
      "Translations": null
    },
    {
      "LevelName": "Opportunity Line",
      "LevelId": "da619e55-5dfd-0654-0af6-b804157dbc2f",
      "SourceAttributeName": "Opportunity Line",
      "LevelDescription": "Unique identified for every line item associated with an opportunity",
      "LevelPosition": 2,
      "Translations": null
    }
  ],
  "IsEnabled": true,
  "ErrorMessage": null
}