{
  "MeasureName": "W WIP Priority Consumption Plugin Output Rules Used Description",
  "MeasureId": "5804da60-16de-44bf-b3a4-2ebc1b0d2687",
  "MeasureDescription": "Descriptions of the priority rules used by the WIP",
  "DataType": "string",
  "MeasureType": "Regular",
  "AggregateFunction": "DistinctSum",
  "FormatString": "#",
  "MeasureColumnName": "WWIPPriorityConsumptionPluginOutputRulesUsedDescription",
  "MeasureFormula": "",
  "IsEditable": false,
  "ApplyConversion": false,
  "ConversionFormula": "",
  "PickListName": null,
  "BgColorFormula": "",
  "FgColorFormula": "",
  "TrendFormula": "",
  "FormattingViewModel": "[]",
  "ParentMeasureName": null,
  "AssociationMeasure": false,
  "IsComputedByPlanningService": false,
  "ToolTip": "Descriptions of the priority rules used by the WIP",
  "ConfigJson": {},
  "ApiName": null,
  "ApiDisabled": false,
  "IsReportingMeasure": false,
  "MeasureConditionalFormulaProperties": [],
  "PicklistSource": null
}