{
  "Name": "SupplyPlan502WtoDProcProfiling",
  "Description": "Populating Weekly to Daily Profiling Plan",
  "ActionButtonId": "9933ecb3-b67a-0430-0e86-ec79e1353197",
  "Tooltip": "Populating Weekly to Daily Profiling Plan",
  "ActionButtonType": "Rule",
  "Alignment": "right",
  "IsPopOver": true,
  "IsGlobal": false,
  "ActionClickHandler": null,
  "Icon": null,
  "Image": null,
  "ConfigJson": {
    "DisplayName": "Weekly to Daily Profiling",
    "icon": "sitemap",
    "Position": "0",
    "SubmitButton": {
      "Label": "Submit"
    },
    "ResetButton": {
      "Label": "Reset"
    },
    "CloseButton": {
      "Label": "Close",
      "ConfirmMessage": "Unsaved changes will be lost. Continue?"
    },
    "NotifyRoles": false,
    "NotifyAll": false,
    "IBPLRules": [
      {
        "template": "TRUNCATE DATA FOR MODEL [502.001 W to D Profiling Output] with Versionname[{{Version}}];"
      },
      {
        "template": "EXEC plugin instance [SupplyPlan505WtoDProcInflowProfiling] for measures {[W to D Profiled Material Production Quantity]} using scope ([Version].[Version Name].filter(#.Name in {\"{{Version}}\"}) )  using arguments {(\"IncludeNullRows\", \"False\"), ([ExecutionMode], \"MediumWeight\")};"
      }
    ],
    "JavascriptRules": [],
    "FieldBindings": [
      {
        "fieldName": "Version",
        "title": "Version",
        "type": "picklistDropdown",
        "selectionType": "single",
        "clearSearch": true,
        "source": "filter",
        "DimensionName": "Version",
        "LevelAttributeName": "Version Name",
        "visible": true,
        "isEditable": true,
        "validation": {
          "maxLength": "0",
          "required": true
        }
      }
    ],
    "Range": [],
    "DataSources": [],
    "AutoExecute": false,
    "isAsync": true,
    "hasMembersUpdates": false,
    "Compact": false,
    "TwoColumn": false,
    "IsGlobalForExcelAddIn": false,
    "ExcludeFromNavLink": false,
    "FilterFieldBindings": []
  },
  "Widget": null,
  "Roles": []
}