{
  "AttributeName": "Retail_AP_Strategy_Product_Cluster_NN",
  "AttributeId": "893b2710-6618-88ca-e211-7bd3ee3f3206",
  "AttributeHierarchyEnabled": true,
  "IsKey": false,
  "Description": "Retail AP Options Strategy Product and Cluster Named Node",
  "OrderBy": "Key",
  "KeyColumnName": "Retail_AP_Strategy_Product_Cluster_NNKey",
  "NameColumnName": "Retail_AP_Strategy_Product_Cluster_NNName",
  "KeyColumnDataType": "integer",
  "SeedTags": true,
  "KeyGenerationType": "Auto",
  "PickListName": null,
  "ConfigJson": {
    "ShowFilterAs": "TileView",
    "MemberDisplayNameEditable": true,
    "IsMultipleImage": false,
    "MemberDisplayColor": false
  },
  "FormatString": null,
  "Translation": null,
  "Aliases": [],
  "ApiName": null,
  "ApiDisabled": false,
  "ParentAttributeName": null,
  "NamedNodeUsages": [
    {
      "DimensionName": "Item",
      "AttributeName": "L3"
    },
    {
      "DimensionName": "Location",
      "AttributeName": "Location Country"
    },
    {
      "DimensionName": "Product Attribute Group",
      "AttributeName": "Product Attribute Group"
    },
    {
      "DimensionName": "Cluster",
      "AttributeName": "Cluster"
    }
  ]
}