{
  "Name": "AP34CreateCollections",
  "Description": "Create Collections",
  "ActionButtonId": "34840d79-f4b7-7d20-fc2b-e59e90475b08",
  "Tooltip": "Create Collections",
  "ActionButtonType": "Rule",
  "Alignment": "right",
  "IsPopOver": true,
  "IsGlobal": false,
  "ActionClickHandler": null,
  "Icon": null,
  "Image": null,
  "ConfigJson": {
    "DisplayName": "Create Collections",
    "icon": "tags",
    "Position": "0",
    "SubmitButton": {
      "Label": "Submit"
    },
    "ResetButton": {
      "Label": "Reset"
    },
    "CloseButton": {
      "Label": "Close",
      "ConfirmMessage": "Unsaved changes will be lost. Continue?"
    },
    "NotifyRoles": false,
    "NotifyAll": false,
    "IBPLRules": [
      {
        "template": "exec procedure AP46CreateCollections {\"Version\": \"{{Version}}\", \"StyleColor\": [{{#csv StyleColor}}], \"ActualStyleColor\": [{{#csv ActualStyleColor}}], \"CollectionName\" : [{{#csv CollectionName}}], \"SellingSeason\": \"{{SellingSeason}}\", \"Country\": [{{#csv Country}}], \"Cluster\": [{{#csv Cluster}}], \"CollectionStyleColorCount\": \"{{CollectionStyleColorCount}}\", \"Channel\": [{{#csv Channel}}], \"CollectionAllStyleColors\" : [{{#csv CollectionAllStyleColors}}] };"
      }
    ],
    "JavascriptRules": [],
    "FieldBindings": [
      {
        "fieldName": "StyleColor",
        "title": "Style Color",
        "Description": "Style Color",
        "type": "picklist",
        "selectionType": "multiple",
        "clearSearch": true,
        "source": "parentAttribute",
        "DimensionName": "Item",
        "key": {
          "LevelAttribute": {
            "Name": "Planning Item",
            "Property": "Name"
          }
        },
        "visible": false,
        "isEditable": true,
        "validation": {
          "maxLength": "0",
          "required": true
        }
      },
      {
        "fieldName": "ActualStyleColor",
        "title": "Style Color Name",
        "Description": "Style Color Name",
        "type": "picklist",
        "selectionType": "multiple",
        "clearSearch": true,
        "select": "ALL",
        "source": "datasource",
        "key": "ActualSCs",
        "valueField": "Planning Item",
        "textField": "Planning Item$DisplayName",
        "overrideFieldBindingType": false,
        "visible": true,
        "isEditable": true,
        "cascadeFrom": "StyleColor",
        "validation": {
          "maxLength": "0",
          "required": true
        }
      },
      {
        "fieldName": "CollectionName",
        "title": "Collection Name",
        "Description": "Collection Name",
        "type": "picklist",
        "selectionType": "multiple",
        "clearSearch": true,
        "source": "parentMeasure",
        "key": {
          "Measure": {
            "Name": "Collection Name"
          }
        },
        "visible": true,
        "isEditable": true,
        "validation": {
          "maxLength": "0",
          "required": true
        }
      },
      {
        "fieldName": "SellingSeason",
        "title": "Selling Season",
        "Description": "Selling Season",
        "type": "picklist",
        "selectionType": "single",
        "clearSearch": true,
        "source": "filter",
        "DimensionName": "Selling Season",
        "LevelAttributeName": "Selling Season",
        "visible": true,
        "isEditable": true,
        "validation": {
          "maxLength": "0",
          "required": true
        }
      },
      {
        "fieldName": "Country",
        "title": "Country",
        "Description": "Country",
        "type": "picklist",
        "selectionType": "multiple",
        "clearSearch": true,
        "source": "parentAttribute",
        "DimensionName": "Location",
        "key": {
          "LevelAttribute": {
            "Name": "Location Country",
            "Property": "Name"
          }
        },
        "visible": true,
        "isEditable": true,
        "validation": {
          "maxLength": "0",
          "required": true
        }
      },
      {
        "fieldName": "Cluster",
        "title": "Cluster",
        "Description": "Cluster",
        "type": "picklist",
        "selectionType": "multiple",
        "clearSearch": true,
        "select": "ALL",
        "source": "datasource",
        "key": "Cluster",
        "valueField": "Cluster",
        "textField": "Cluster",
        "overrideFieldBindingType": false,
        "visible": false,
        "isEditable": true,
        "cascadeFrom": "Country",
        "validation": {
          "maxLength": "0",
          "required": true
        }
      },
      {
        "fieldName": "CollectionStyleColorCount",
        "title": "Minimum Assorted Styles in the Collection",
        "Description": "Minimum # of Style Colors to be Assorted",
        "type": "string",
        "clearSearch": true,
        "source": "literal",
        "defaultValue": "2",
        "visible": true,
        "isEditable": true,
        "validation": {
          "maxLength": "0",
          "required": true
        }
      },
      {
        "fieldName": "Version",
        "title": "Version",
        "Description": "Version",
        "type": "picklist",
        "selectionType": "single",
        "clearSearch": true,
        "source": "filter",
        "DimensionName": "Version",
        "LevelAttributeName": "Version Name",
        "visible": false,
        "isEditable": true,
        "validation": {
          "maxLength": "0",
          "required": true
        }
      },
      {
        "fieldName": "Channel",
        "title": "Channel",
        "Description": "Channel",
        "type": "picklist",
        "selectionType": "multiple",
        "clearSearch": true,
        "source": "parentAttribute",
        "DimensionName": "Sales Domain",
        "key": {
          "LevelAttribute": {
            "Name": "Sales Planning Channel",
            "Property": "Name"
          }
        },
        "visible": true,
        "isEditable": true,
        "validation": {
          "maxLength": "0",
          "required": true
        }
      },
      {
        "fieldName": "CollectionAllStyleColors",
        "title": "Collection All Style Colors",
        "Description": "Collection All Style Colors",
        "type": "picklist",
        "selectionType": "multiple",
        "clearSearch": true,
        "select": "ALL",
        "source": "datasource",
        "key": "CollectionSCs",
        "valueField": "Planning Item",
        "textField": "Planning Item",
        "overrideFieldBindingType": false,
        "visible": false,
        "isEditable": false,
        "validation": {
          "maxLength": "0",
          "required": true
        }
      }
    ],
    "Range": [],
    "DataSources": [
      {
        "Name": "Cluster",
        "IBPLRules": [
          {
            "template": "Select (&CWVAndScenarios{{#filter Version}} * &APStyleColors{{#filter StyleColor}} * &APCountries{{#filter Country}} * &APClusters * &APChannels{{#filter Channel}}) on row, \n({Measure.[Store Grade Association SC]}) on column;"
          }
        ],
        "JavascriptRules": [],
        "IncludeDSFieldsOnly": false,
        "FieldBindings": []
      },
      {
        "Name": "ActualSCs",
        "IBPLRules": [
          {
            "template": "Select (&CWVAndScenarios{{#filter Version}} * &APCountries{{#filter Country}} * &APChannels{{#filter Channel}} * &APStyleColors{{#filter StyleColor}} * &APSellingSeasons{{#filter SellingSeason}} ) on row, \n({Measure.[Collection Name]}) on column include memberproperties {Item.[Planning Item],[Planning Item$DisplayName]};"
          }
        ],
        "JavascriptRules": [],
        "IncludeDSFieldsOnly": false,
        "FieldBindings": []
      },
      {
        "Name": "CollectionSCs",
        "IBPLRules": [
          {
            "template": "Select (&CWVAndScenarios{{#filter Version2}} * &APCountries{{#filter Country2}} * &APChannels{{#filter Channel2}} * &APStyleColors * &APSellingSeasons{{#filter SellingSeason2}} ) on row, \n({Measure.[Collection Name]}) on column where {Measure.[Collection Name] in {{#ibplList CollectionSelected}}};"
          }
        ],
        "JavascriptRules": [],
        "IncludeDSFieldsOnly": false,
        "FieldBindings": [
          {
            "fieldName": "Version2",
            "title": "Version2",
            "Description": "Version2",
            "type": "picklist",
            "selectionType": "single",
            "clearSearch": true,
            "source": "filter",
            "DimensionName": "Version",
            "LevelAttributeName": "Version Name",
            "visible": false,
            "isEditable": false,
            "validation": {
              "maxLength": "0",
              "required": true
            }
          },
          {
            "fieldName": "Country2",
            "title": "Country2",
            "Description": "Country2",
            "type": "picklist",
            "selectionType": "multiple",
            "clearSearch": true,
            "source": "filter",
            "DimensionName": "Location",
            "LevelAttributeName": "Location Country",
            "visible": false,
            "isEditable": false,
            "validation": {
              "maxLength": "0",
              "required": true
            }
          },
          {
            "fieldName": "Channel2",
            "title": "Channel2",
            "Description": "Channel2",
            "type": "picklist",
            "selectionType": "multiple",
            "clearSearch": true,
            "source": "filter",
            "DimensionName": "Sales Domain",
            "LevelAttributeName": "Sales Planning Channel",
            "visible": false,
            "isEditable": false,
            "validation": {
              "maxLength": "0",
              "required": true
            }
          },
          {
            "fieldName": "SellingSeason2",
            "title": "SellingSeason2",
            "Description": "SellingSeason2",
            "type": "picklist",
            "selectionType": "single",
            "clearSearch": true,
            "source": "filter",
            "DimensionName": "Selling Season",
            "LevelAttributeName": "Selling Season",
            "visible": false,
            "isEditable": false,
            "validation": {
              "maxLength": "0",
              "required": true
            }
          },
          {
            "fieldName": "CollectionSelected",
            "title": "CollectionSelected",
            "Description": "CollectionSelected",
            "type": "picklist",
            "selectionType": "multiple",
            "clearSearch": true,
            "source": "parentMeasure",
            "key": {
              "Measure": {
                "Name": "Collection Name"
              }
            },
            "visible": false,
            "isEditable": false,
            "validation": {
              "maxLength": "0",
              "required": true
            }
          }
        ]
      }
    ],
    "AutoExecute": false,
    "isAsync": true,
    "hasMembersUpdates": false,
    "Compact": true,
    "TwoColumn": false,
    "IsGlobalForExcelAddIn": false,
    "ExcludeFromNavLink": false,
    "FilterFieldBindings": [],
    "enableTransaction": false
  },
  "Widget": null,
  "Roles": []
}