{
  "MeasureName": "Aggregated Netting Forward Buckets Forecast MP Snapshot",
  "MeasureId": "03e52ffd-45a7-758f-1772-0e74f9b3975c",
  "MeasureDescription": "Aggregated Netting Forward Buckets Forecast MP Snapshot",
  "DataType": "number",
  "MeasureType": "Regular",
  "AggregateFunction": "Sum",
  "FormatString": "#",
  "MeasureColumnName": "AggregatedNettingForwardBucketsForecastMPSnapshot",
  "MeasureFormula": "",
  "IsEditable": false,
  "ApplyConversion": false,
  "ConversionFormula": "",
  "PickListName": null,
  "BgColorFormula": "",
  "FgColorFormula": "",
  "TrendFormula": "",
  "FormattingViewModel": "[]",
  "ParentMeasureName": null,
  "AssociationMeasure": false,
  "IsComputedByPlanningService": false,
  "ToolTip": "Aggregated Netting Forward Buckets Forecast MP Snapshot",
  "ConfigJson": {},
  "ApiName": null,
  "ApiDisabled": false,
  "IsReportingMeasure": false,
  "MeasureConditionalFormulaProperties": [],
  "PicklistSource": null
}