{
  "MeasureName": "LP Non-Comp Sls %",
  "MeasureId": "0d110c3e-b991-4620-bc39-8d0e058e7a0c",
  "MeasureDescription": "LP Non-Comp Sls %",
  "DataType": "number",
  "MeasureType": "Regular",
  "AggregateFunction": "Computed",
  "FormatString": "0.00%",
  "MeasureColumnName": "LPNon-CompSls%",
  "MeasureFormula": "Safedivide(Measure.[LP Non-Comp Sls Rtl], Measure.[LP Sls Rtl])",
  "IsEditable": false,
  "ApplyConversion": false,
  "ConversionFormula": "",
  "PickListName": null,
  "BgColorFormula": "",
  "FgColorFormula": "",
  "TrendFormula": "",
  "FormattingViewModel": null,
  "ParentMeasureName": null,
  "AssociationMeasure": false,
  "IsComputedByPlanningService": false,
  "ToolTip": "1 - LP Comp Sls %",
  "ConfigJson": {},
  "ApiName": null,
  "ApiDisabled": false,
  "IsReportingMeasure": false,
  "MeasureConditionalFormulaProperties": [],
  "PicklistSource": null
}