{
  "MeasureName": "Dimension Alias Description",
  "MeasureId": "63d253af-abdd-45fa-8624-f158002708f4",
  "MeasureDescription": "Dimension Alias Description",
  "DataType": "string",
  "MeasureType": "Regular",
  "AggregateFunction": "Null",
  "FormatString": "#,##0;(#,##0)",
  "MeasureColumnName": "DimensionAliasDescription",
  "MeasureFormula": "",
  "IsEditable": true,
  "ApplyConversion": false,
  "ConversionFormula": "",
  "PickListName": null,
  "BgColorFormula": "",
  "FgColorFormula": "",
  "TrendFormula": "",
  "FormattingViewModel": null,
  "ParentMeasureName": null,
  "AssociationMeasure": false,
  "IsComputedByPlanningService": false,
  "ToolTip": "Dimension Alias Description",
  "ConfigJson": {},
  "ApiName": null,
  "ApiDisabled": false,
  "IsReportingMeasure": false,
  "MeasureConditionalFormulaProperties": [],
  "PicklistSource": null
}