{
  "AttributeName": "Data Object",
  "AttributeId": "ee022910-813d-4354-98f7-c8bde5ee1a31",
  "AttributeHierarchyEnabled": true,
  "IsKey": true,
  "Description": "Data Object",
  "OrderBy": "Name",
  "KeyColumnName": "DataObjectKey",
  "NameColumnName": "DataObjectName",
  "KeyColumnDataType": "integer",
  "SeedTags": false,
  "KeyGenerationType": "Auto",
  "PickListName": null,
  "ConfigJson": {
    "ShowFilterAs": "TileView",
    "MemberDisplayNameEditable": true,
    "IsMultipleImage": false
  },
  "FormatString": null,
  "Translation": null,
  "Aliases": [],
  "ApiName": null,
  "ApiDisabled": false
}