{
  "AttributeName": "Retail_AP_Strategy_Product_Location_NN",
  "AttributeId": "9146c8d8-60af-054d-c531-60eb219b88bf",
  "AttributeHierarchyEnabled": true,
  "IsKey": false,
  "Description": "Retail_AP_Strategy_Product_Location_NN",
  "OrderBy": "Key",
  "KeyColumnName": "Retail_AP_Strategy_Product_Location_NNKey",
  "NameColumnName": "Retail_AP_Strategy_Product_Location_NNName",
  "KeyColumnDataType": "integer",
  "SeedTags": true,
  "KeyGenerationType": "Auto",
  "PickListName": null,
  "ConfigJson": {
    "ShowFilterAs": "TileView",
    "MemberDisplayNameEditable": true,
    "IsMultipleImage": false,
    "MemberDisplayColor": false
  },
  "FormatString": null,
  "Translation": null,
  "Aliases": [],
  "ApiName": null,
  "ApiDisabled": false,
  "ParentAttributeName": null,
  "NamedNodeUsages": [
    {
      "DimensionName": "Item",
      "AttributeName": "L3"
    },
    {
      "DimensionName": "Location",
      "AttributeName": "Location Country"
    },
    {
      "DimensionName": "Cluster",
      "AttributeName": "Cluster"
    }
  ]
}