{
  "MeasureGroupName": "010.003 Location Deletion Flags",
  "MeasureGroupId": "0a3ae76a-01d4-4f63-9386-e542268a01a3",
  "ParentMeasureGroupName": null,
  "HasShadow": false,
  "MeasureGroupDescription": "Measure group for Location member deletion flags",
  "MeasureGroupType": "Regular",
  "FactTableName": "Fact010.003LocationDeletionFlags",
  "SchemaMajorVersion": 0,
  "ConfigJson": {},
  "ApiName": null,
  "Repartition": false,
  "Unpartition": false,
  "ApiEnabled": false,
  "DimensionUsages": [
    {
      "DimensionName": "Version",
      "AttributeName": "Version Name",
      "SortOrder": 0,
      "DimensionType": "Regular"
    },
    {
      "DimensionName": "Location",
      "AttributeName": "Location",
      "SortOrder": 1,
      "DimensionType": "Regular"
    }
  ]
}