{
  "Name": "133SetInactiveAssortmentBulk",
  "Description": null,
  "ActionButtonId": "ecce9830-9602-0052-c023-7aef31e64c05",
  "Tooltip": "Set inactive assortment",
  "ActionButtonType": "Widget",
  "Alignment": "right",
  "IsPopOver": true,
  "IsGlobal": true,
  "ActionClickHandler": null,
  "Icon": null,
  "Image": null,
  "ConfigJson": {
    "DisplayName": "Set Inactive",
    "icon": "ban",
    "SubmitButton": {
      "Label": "Submit",
      "ProgressMessage": "Executing...",
      "SuccessMessage": "Successfully Executed.",
      "ErrorMessage": "Error in Execution.",
      "ConfirmMessage": "Are you sure you want to go ahead with the changes?"
    },
    "ResetButton": {
      "Label": "Reset"
    },
    "CloseButton": {
      "Label": "Close",
      "ConfirmMessage": "Unsaved changes will be lost. Continue?"
    },
    "NotifyRoles": false,
    "NotifyAll": false,
    "IBPLRules": [
      {
        "template": "scope:([Version].[Version Name]{{#filter Version}} * [Item].[{{ItemLevel}}].filter(#.Name in {{{#csv ItemScope}}}).relatedmembers([Item]) * [Account].[{{AccountLevel}}].filter(#.Name in {{{#csv AccountScope}}}).relatedmembers([Planning Account]) * [Channel].[{{ChannelLevel}}].filter(#.Name in {{{#csv ChannelScope}}}).relatedmembers([Planning Channel]) * [Region].[{{RegionLevel}}].filter(#.Name in {{{#csv RegionScope}}}).relatedmembers([Planning Region]) * [PnL].[{{PnLLevel}}].filter(#.Name in {{{#csv PnLScope}}}).relatedmembers([Planning PnL]) * [Demand Domain].[{{DemandDomainLevel}}].filter(#.Name in {{{#csv DemandDomainScope}}}).relatedmembers([Planning Demand Domain]) * [Location].[{{LocationLevel}}].filter(#.Name in {{{#csv LocationScope}}}).relatedmembers([Location]));\nMeasure.[Assortment Inactive] = if(sum(Measure.[Assortment System], Measure.[Assortment New]) >=1) then 1;\nEnd scope;\n\nscope:([Version].[Version Name]{{#filter Version}} * [Item].[{{ItemLevel}}].filter(#.Name in {{{#csv ItemScope}}}).relatedmembers([Item]) * [Account].[{{AccountLevel}}].filter(#.Name in {{{#csv AccountScope}}}).relatedmembers([Planning Account]) * [Channel].[{{ChannelLevel}}].filter(#.Name in {{{#csv ChannelScope}}}).relatedmembers([Planning Channel]) * [Region].[{{RegionLevel}}].filter(#.Name in {{{#csv RegionScope}}}).relatedmembers([Planning Region]) * [PnL].[{{PnLLevel}}].filter(#.Name in {{{#csv PnLScope}}}).relatedmembers([Planning PnL]) * [Demand Domain].[{{DemandDomainLevel}}].filter(#.Name in {{{#csv DemandDomainScope}}}).relatedmembers([Planning Demand Domain]) * [Location].[{{LocationLevel}}].filter(#.Name in {{{#csv LocationScope}}}).relatedmembers([Location]));\nMeasure.[Assortment Inactive Created By]=if(sum(Measure.[Assortment Inactive],0) >=1) then \"{{CreatedBy}}\";\nMeasure.[Assortment Inactive Created On]=if(sum(Measure.[Assortment Inactive],0) >=1) then todatetime(\"{{CreatedOn}}\");\nend scope;\n\n\nscope:([Version].[Version Name]{{#filter Version}} * [Item].[{{ItemLevel}}].filter(#.Name in {{{#csv ItemScope}}}).relatedmembers([Item]) * [Account].[{{AccountLevel}}].filter(#.Name in {{{#csv AccountScope}}}).relatedmembers([Planning Account]) * [Channel].[{{ChannelLevel}}].filter(#.Name in {{{#csv ChannelScope}}}).relatedmembers([Planning Channel]) * [Region].[{{RegionLevel}}].filter(#.Name in {{{#csv RegionScope}}}).relatedmembers([Planning Region]) * [PnL].[{{PnLLevel}}].filter(#.Name in {{{#csv PnLScope}}}).relatedmembers([Planning PnL]) * [Demand Domain].[{{DemandDomainLevel}}].filter(#.Name in {{{#csv DemandDomainScope}}}).relatedmembers([Planning Demand Domain]) * [Location].[{{LocationLevel}}].filter(#.Name in {{{#csv LocationScope}}}).relatedmembers([Location]));\n\nMeasure.[Assortment Final]= if(sum(Measure.[Assortment Inactive],0) >=1) then 0 else if(sum(Measure.[Assortment System], Measure.[Assortment New], Measure.[Assortment Location Split], Measure.[Assortment Forecast Realignment]) >=1) then 1;\nEnd scope;\n\n\nScope:([Version].[Version Name]{{#filter Version}} * [Item].[{{ItemLevel}}].filter(#.Name in {{{#csv ItemScope}}}).relatedmembers([Item]).Filter(#.[Is New Item] == TRUE).relatedmembers([Planning Item]) * [Account].[{{AccountLevel}}].filter(#.Name in {{{#csv AccountScope}}}).relatedmembers([Planning Account]) * [Channel].[{{ChannelLevel}}].filter(#.Name in {{{#csv ChannelScope}}}).relatedmembers([Planning Channel]) * [Region].[{{RegionLevel}}].filter(#.Name in {{{#csv RegionScope}}}).relatedmembers([Planning Region]) * [PnL].[{{PnLLevel}}].filter(#.Name in {{{#csv PnLScope}}}).relatedmembers([Planning PnL]) * [Demand Domain].[{{DemandDomainLevel}}].filter(#.Name in {{{#csv DemandDomainScope}}}).relatedmembers([Planning Demand Domain]) * [Location].[{{LocationLevel}}].filter(#.Name in {{{#csv LocationScope}}}).relatedmembers([Planning Location]));\nMeasure.[Is Assorted] = if(Measure.[Assortment Final] == 1) then 1 else null;\nEnd scope;\n\nScope:([Version].[Version Name]{{#filter Version}} * [Item].[{{ItemLevel}}].filter(#.Name in {{{#csv ItemScope}}}).relatedmembers([Item]).Filter(#.[Is New Item] == TRUE).relatedmembers([Planning Item]) * [Account].[{{AccountLevel}}].filter(#.Name in {{{#csv AccountScope}}}).relatedmembers([Planning Account]) * [Channel].[{{ChannelLevel}}].filter(#.Name in {{{#csv ChannelScope}}}).relatedmembers([Planning Channel]) * [Region].[{{RegionLevel}}].filter(#.Name in {{{#csv RegionScope}}}).relatedmembers([Planning Region]) * [PnL].[{{PnLLevel}}].filter(#.Name in {{{#csv PnLScope}}}).relatedmembers([Planning PnL]) * [Demand Domain].[{{DemandDomainLevel}}].filter(#.Name in {{{#csv DemandDomainScope}}}).relatedmembers([Planning Demand Domain]) * [Location].[{{LocationLevel}}].filter(#.Name in {{{#csv LocationScope}}}).relatedmembers([Planning Location]));\nMeasure.[Intro Date] = if(Measure.[Assortment Final] == 1) then Measure.[Intro Date] else null; \nMeasure.[Disco Date] = if(Measure.[Assortment Final] == 1) then Measure.[Disco Date] else null;\nEnd scope;"
      }
    ],
    "JavascriptRules": [],
    "FieldBindings": [
      {
        "fieldName": "Version",
        "title": "Version",
        "Description": "Version",
        "type": "picklist",
        "selectionType": "single",
        "clearSearch": true,
        "source": "filter",
        "DimensionName": "Version",
        "LevelAttributeName": "Version Name",
        "visible": false,
        "isEditable": false,
        "validation": {
          "maxLength": "0",
          "required": true
        }
      },
      {
        "fieldName": "ItemLevel",
        "title": "Item Level",
        "Description": "Select the Item Level at which Assortment will be set as inactive",
        "type": "string",
        "fieldGroup": "Item",
        "selectionType": "single",
        "clearSearch": true,
        "select": "NONE",
        "source": "picklist",
        "key": "Item Level",
        "visible": true,
        "isEditable": true,
        "validation": {
          "maxLength": "0",
          "required": true
        }
      },
      {
        "fieldName": "ItemScope",
        "title": "Item Scope",
        "Description": "Select the members for which Assortment will be set as inactive",
        "type": "picklistDropdown",
        "fieldGroup": "Item",
        "selectionType": "multiple",
        "clearSearch": true,
        "select": "NONE",
        "source": "datasource",
        "key": "ItemScope_DS",
        "valueField": "Name",
        "textField": "DisplayName",
        "overrideFieldBindingType": false,
        "visible": true,
        "isEditable": true,
        "cascadeFrom": "ItemLevel",
        "validation": {
          "maxLength": "0",
          "required": true
        }
      },
      {
        "fieldName": "AccountLevel",
        "title": "Account Level",
        "Description": "Select the Account Level at which Assortment will be set as inactive",
        "type": "picklist",
        "fieldGroup": "Customer",
        "selectionType": "single",
        "clearSearch": true,
        "select": "NONE",
        "source": "picklist",
        "key": "150 ABDM Account Level",
        "visible": true,
        "isEditable": true,
        "validation": {
          "maxLength": "0",
          "required": true
        }
      },
      {
        "fieldName": "AccountScope",
        "title": "Account Scope",
        "Description": "Select the members for which Assortment will be set as inactive",
        "type": "picklistDropdown",
        "fieldGroup": "Customer",
        "selectionType": "multiple",
        "clearSearch": true,
        "select": "NONE",
        "source": "datasource",
        "key": "AccountScope_DS",
        "valueField": "Name",
        "textField": "DisplayName",
        "overrideFieldBindingType": false,
        "visible": true,
        "isEditable": true,
        "cascadeFrom": "AccountLevel",
        "validation": {
          "maxLength": "0",
          "required": true
        }
      },
      {
        "fieldName": "ChannelLevel",
        "title": "Channel Level",
        "Description": "Select the Channel Level at which Assortment will be set as inactive",
        "type": "string",
        "fieldGroup": "Customer",
        "selectionType": "single",
        "clearSearch": true,
        "select": "ALL",
        "source": "picklist",
        "key": "150 ABDM Channel Level",
        "visible": true,
        "isEditable": true,
        "validation": {
          "maxLength": "0",
          "required": true
        }
      },
      {
        "fieldName": "ChannelScope",
        "title": "Channel Scope",
        "Description": "Select the members for which Assortment will be set as inactive",
        "type": "picklistDropdown",
        "fieldGroup": "Customer",
        "selectionType": "multiple",
        "clearSearch": true,
        "select": "ALL",
        "source": "datasource",
        "key": "ChannelScope_DS",
        "valueField": "Name",
        "textField": "DisplayName",
        "overrideFieldBindingType": false,
        "visible": true,
        "isEditable": true,
        "cascadeFrom": "ChannelLevel",
        "validation": {
          "maxLength": "0",
          "required": true
        }
      },
      {
        "fieldName": "RegionLevel",
        "title": "Region Level",
        "Description": "Select the Region Level at which Assortment will be set as inactive",
        "type": "string",
        "fieldGroup": "Customer",
        "selectionType": "single",
        "clearSearch": true,
        "select": "ALL",
        "source": "picklist",
        "key": "150 ABDM Region Level",
        "visible": true,
        "isEditable": true,
        "validation": {
          "maxLength": "0",
          "required": true
        }
      },
      {
        "fieldName": "RegionScope",
        "title": "Region Scope",
        "Description": "Select the members for which Assortment will be set as inactive",
        "type": "picklistDropdown",
        "fieldGroup": "Customer",
        "selectionType": "multiple",
        "clearSearch": true,
        "select": "ALL",
        "source": "datasource",
        "key": "RegionScope_DS",
        "valueField": "Name",
        "textField": "DisplayName",
        "overrideFieldBindingType": false,
        "visible": true,
        "isEditable": true,
        "cascadeFrom": "RegionLevel",
        "validation": {
          "maxLength": "0",
          "required": true
        }
      },
      {
        "fieldName": "LocationLevel",
        "title": "Location Level",
        "Description": "Select the Location Level at which Assortment will be set as inactive",
        "type": "picklist",
        "fieldGroup": "Location",
        "selectionType": "multiple",
        "clearSearch": true,
        "select": "ALL",
        "source": "picklist",
        "key": "150 ABDM Location Level",
        "visible": true,
        "isEditable": true,
        "validation": {
          "maxLength": "0",
          "required": true
        }
      },
      {
        "fieldName": "LocationScope",
        "title": "Location Scope",
        "Description": "Select the members for which Assortment will be set as inactive",
        "type": "picklistDropdown",
        "fieldGroup": "Location",
        "selectionType": "multiple",
        "clearSearch": true,
        "select": "ALL",
        "source": "datasource",
        "key": "LocationScope_DS",
        "valueField": "Name",
        "textField": "DisplayName",
        "overrideFieldBindingType": false,
        "visible": true,
        "isEditable": true,
        "cascadeFrom": "LocationLevel",
        "validation": {
          "maxLength": "0",
          "required": true
        }
      },
      {
        "fieldName": "PnLLevel",
        "title": "PnL Level",
        "Description": "Select the PnL Level at which Assortment will be set as inactive",
        "type": "string",
        "fieldGroup": "Others",
        "selectionType": "single",
        "clearSearch": true,
        "select": "ALL",
        "source": "picklist",
        "key": "150 ABDM PnL Level",
        "visible": true,
        "isEditable": true,
        "validation": {
          "maxLength": "0",
          "required": true
        }
      },
      {
        "fieldName": "PnLScope",
        "title": "PnL Scope",
        "Description": "Select the members for which Assortment will be set as inactive",
        "type": "picklistDropdown",
        "fieldGroup": "Others",
        "selectionType": "multiple",
        "clearSearch": true,
        "select": "ALL",
        "source": "datasource",
        "key": "PnLScope_DS",
        "valueField": "Name",
        "textField": "DisplayName",
        "overrideFieldBindingType": false,
        "visible": true,
        "isEditable": true,
        "cascadeFrom": "PnLLevel",
        "validation": {
          "maxLength": "0",
          "required": true
        }
      },
      {
        "fieldName": "DemandDomainLevel",
        "title": "Demand Domain Level",
        "Description": "Select the Demand Domain Level at which Assortment will be set as inactive",
        "type": "string",
        "fieldGroup": "Others",
        "selectionType": "single",
        "clearSearch": true,
        "select": "ALL",
        "source": "picklist",
        "key": "150 ABDM Demand Domain",
        "visible": true,
        "isEditable": true,
        "validation": {
          "maxLength": "0",
          "required": true
        }
      },
      {
        "fieldName": "DemandDomainScope",
        "title": "Demand Domain Scope",
        "Description": "Select the members for which Assortment will be set as inactive",
        "type": "picklistDropdown",
        "fieldGroup": "Others",
        "selectionType": "multiple",
        "clearSearch": true,
        "select": "ALL",
        "source": "datasource",
        "key": "DemandDomainScope_DS",
        "valueField": "Name",
        "textField": "DisplayName",
        "overrideFieldBindingType": false,
        "visible": true,
        "isEditable": true,
        "cascadeFrom": "DemandDomainLevel",
        "validation": {
          "maxLength": "0",
          "required": true
        }
      },
      {
        "fieldName": "CreatedBy",
        "title": "Created By",
        "Description": "Created By",
        "type": "string",
        "selectionType": "single",
        "clearSearch": true,
        "select": "ALL",
        "source": "datasource",
        "key": "User",
        "valueField": "result",
        "overrideFieldBindingType": false,
        "visible": false,
        "isEditable": true,
        "validation": {
          "maxLength": "0",
          "required": false
        }
      },
      {
        "fieldName": "CreatedOn",
        "title": "Created On",
        "Description": "Created On",
        "type": "string",
        "selectionType": "single",
        "clearSearch": true,
        "select": "ALL",
        "source": "datasource",
        "key": "Now",
        "valueField": "result",
        "overrideFieldBindingType": false,
        "visible": false,
        "isEditable": true,
        "validation": {
          "maxLength": "0",
          "required": false
        }
      }
    ],
    "Range": [],
    "DataSources": [
      {
        "Name": "ItemScope_DS",
        "IBPLRules": [
          {
            "template": "Select ([Item].[{{ItemLevel}}].filter(~(#.Name in {\"AI Clustering\"})));"
          }
        ],
        "JavascriptRules": [],
        "IncludeDSFieldsOnly": false,
        "FieldBindings": []
      },
      {
        "Name": "AccountScope_DS",
        "IBPLRules": [
          {
            "template": "Select ([Account].[{{AccountLevel}}].filter(~(#.Name in {\"AI Clustering\"})));"
          }
        ],
        "JavascriptRules": [],
        "IncludeDSFieldsOnly": false,
        "FieldBindings": []
      },
      {
        "Name": "ChannelScope_DS",
        "IBPLRules": [
          {
            "template": "Select ([Channel].[{{ChannelLevel}}].filter(~(#.Name in {\"AI Clustering\"})));"
          }
        ],
        "JavascriptRules": [],
        "IncludeDSFieldsOnly": false,
        "FieldBindings": []
      },
      {
        "Name": "RegionScope_DS",
        "IBPLRules": [
          {
            "template": "Select ([Region].[{{RegionLevel}}].filter(~(#.Name in {\"AI Clustering\"})));"
          }
        ],
        "JavascriptRules": [],
        "IncludeDSFieldsOnly": false,
        "FieldBindings": []
      },
      {
        "Name": "LocationScope_DS",
        "IBPLRules": [
          {
            "template": "Select ([Location].[{{LocationLevel}}].filter(~(#.Name in {\"AI Clustering\"})));"
          }
        ],
        "JavascriptRules": [],
        "IncludeDSFieldsOnly": false,
        "FieldBindings": []
      },
      {
        "Name": "PnLScope_DS",
        "IBPLRules": [
          {
            "template": "Select ([PnL].[{{PnLLevel}}]);"
          }
        ],
        "JavascriptRules": [],
        "IncludeDSFieldsOnly": false,
        "FieldBindings": []
      },
      {
        "Name": "DemandDomainScope_DS",
        "IBPLRules": [
          {
            "template": "Select ([Demand Domain].[{{DemandDomainLevel}}]);"
          }
        ],
        "JavascriptRules": [],
        "IncludeDSFieldsOnly": false,
        "FieldBindings": []
      },
      {
        "Name": "User",
        "IBPLRules": [
          {
            "template": "Select CurrentUser().Name;"
          }
        ],
        "JavascriptRules": [],
        "IncludeDSFieldsOnly": false,
        "FieldBindings": []
      },
      {
        "Name": "Now",
        "IBPLRules": [
          {
            "template": "Select Now();"
          }
        ],
        "JavascriptRules": [],
        "IncludeDSFieldsOnly": false,
        "FieldBindings": []
      }
    ],
    "AutoExecute": false,
    "isAsync": false,
    "hasMembersUpdates": false,
    "Compact": true,
    "TwoColumn": true,
    "IsGlobalForExcelAddIn": false,
    "ReturnFilterByUpdate": false,
    "ExcludeFromNavLink": false,
    "FilterFieldBindings": [],
    "enableTransaction": false
  },
  "Widget": null,
  "Roles": []
}