{
  "Name": "DI014AddingRowsTenantAttributeNameAliases",
  "Description": "Add Record",
  "ActionButtonId": "59e607f7-dc4b-4c09-971c-768f3fe9f699",
  "Tooltip": "Add Record",
  "ActionButtonType": "Rule",
  "Alignment": "right",
  "IsPopOver": true,
  "IsGlobal": false,
  "ActionClickHandler": null,
  "Icon": null,
  "Image": null,
  "ConfigJson": {
    "icon": "plus",
    "Position": "0",
    "SubmitButton": {
      "Label": "Submit"
    },
    "ResetButton": {
      "Label": "Reset"
    },
    "CloseButton": {
      "Label": "Close",
      "ConfirmMessage": "Unsaved changes will be lost. Continue?"
    },
    "NotifyAll": false,
    "IBPLRules": [
      {
        "template": "Createmember([Tenant Attribute Name Aliases].[Serial No] = {, \"{{SerialNo}}\"},[Tenant Attribute Name Aliases].[Dimension Name] = {,\"{{DimensionName}}\"},[Tenant Attribute Name Aliases].[Attribute Name] = {, \"{{AttributeName}}\"},[Tenant Attribute Name Aliases].[Alias Name] = {, \"{{AliasName}}\"});\n\ncartesian scope:([Version].[Version Name].[{{Version}}]*[Tenant Attribute Name Aliases].[Serial No].[{{SerialNo}}]*[Tenant Attribute Name Aliases].[Dimension Name].[{{DimensionName}}]*[Tenant Attribute Name Aliases].[Attribute Name].[{{AttributeName}}]*[Tenant Attribute Name Aliases].[Alias Name].[{{AliasName}}]);\nMeasure.[Attribute Alias Description] =\"{{AliasDescription}}\";\nend scope;"
      }
    ],
    "JavascriptRules": [],
    "FieldBindings": [
      {
        "fieldName": "Version",
        "title": "Version",
        "Description": "Version",
        "type": "picklistDropdown",
        "selectionType": "single",
        "clearSearch": true,
        "source": "members",
        "DimensionName": "Version",
        "LevelAttributeName": "Version Name",
        "visible": true,
        "isEditable": true,
        "validation": {
          "maxLength": "0",
          "required": true
        }
      },
      {
        "fieldName": "SerialNo",
        "title": "Serial No",
        "Description": "Serial No",
        "type": "number",
        "clearSearch": true,
        "source": "literal",
        "visible": true,
        "isEditable": true,
        "validation": {
          "maxLength": "0",
          "required": true
        }
      },
      {
        "fieldName": "DimensionName",
        "title": "Dimension Name",
        "Description": "The Dimension name in tenant",
        "type": "string",
        "clearSearch": true,
        "source": "literal",
        "visible": true,
        "isEditable": true,
        "validation": {
          "maxLength": "0",
          "required": true
        }
      },
      {
        "fieldName": "AttributeName",
        "title": "Attribute Name",
        "Description": "The Attribute Name for which an \"Alias\" exists",
        "type": "string",
        "clearSearch": true,
        "source": "literal",
        "visible": true,
        "isEditable": true,
        "validation": {
          "maxLength": "0",
          "required": true
        }
      },
      {
        "fieldName": "AliasName",
        "title": "Alias Name",
        "Description": "The \"Alias Name\" for the Dimension Atribute specified in tenant",
        "type": "string",
        "clearSearch": true,
        "source": "literal",
        "visible": true,
        "isEditable": true,
        "validation": {
          "maxLength": "0",
          "required": true
        }
      },
      {
        "fieldName": "AliasDescription",
        "title": "Alias Description",
        "Description": "Alias description as defined in tenant",
        "type": "string",
        "clearSearch": true,
        "source": "literal",
        "visible": true,
        "isEditable": true,
        "validation": {
          "maxLength": "0",
          "required": true
        }
      }
    ],
    "DataSources": [],
    "AutoExecute": false,
    "isAsync": false,
    "hasMembersUpdates": false,
    "Compact": false,
    "TwoColumn": false,
    "IsGlobalForExcelAddIn": false,
    "FilterFieldBindings": []
  },
  "Widget": null
}