{
  "EdgePropertyId": "24625f33-0a3c-477a-8288-05a59c9a1496",
  "PropertyName": "W Demand Attribute Resource Node Priority to NSR",
  "PropertyDescription": "Demand Attribute Resource Node Priority to NSR",
  "PropertyDataType": "integer",
  "PropertyDataSize": 0,
  "PropertyColumnName": "WDemandAttributeResourceNodePrioritytoNSR",
  "AggregateFunction": "Max",
  "PropertyFormula": "",
  "IsEditable": false,
  "FormatString": "#,##0; (#,##0)",
  "ActivationProperty": false,
  "IsComputedByPlanningService": false,
  "ToolTip": null,
  "ApiName": null,
  "ApiDisabled": false,
  "BgColorFormula": "",
  "FgColorFormula": "",
  "TrendFormula": "",
  "FormattingViewModel": "[]",
  "ConditionalFormulas": null
}