{
  "MeasureName": "o9EKG LSU Net Change Generate Flag Measures",
  "MeasureId": "2b725659-5de8-d590-402c-a50b3c8484f4",
  "MeasureDescription": "o9EKG LSU Net Change Generate Flag Measures",
  "DataType": "boolean",
  "MeasureType": "Regular",
  "AggregateFunction": "ModeNonNull",
  "FormatString": "#,##0;(#,##0)",
  "MeasureColumnName": "o9EKGLSUNetChangeGenerateFlagMeasures",
  "MeasureFormula": "",
  "IsEditable": false,
  "ApplyConversion": false,
  "ConversionFormula": "",
  "PickListName": null,
  "BgColorFormula": "",
  "FgColorFormula": "",
  "TrendFormula": "",
  "FormattingViewModel": "[]",
  "ParentMeasureName": null,
  "AssociationMeasure": false,
  "IsComputedByPlanningService": false,
  "ToolTip": "o9EKG LSU Net Change Generate Flag Measures",
  "ConfigJson": {},
  "ApiName": null,
  "ApiDisabled": false,
  "IsReportingMeasure": false,
  "MeasureConditionalFormulaProperties": [],
  "PicklistSource": null
}