{
  "Name": "SupplyPlan320Updateo9ExpiryRule",
  "Description": "Update Existing Rule O9 Expiry",
  "ActionButtonId": "393e64b1-020b-d4c9-2b15-207c35183f9b",
  "Tooltip": "Update Existing Rule O9 Expiry",
  "ActionButtonType": "Rule",
  "Alignment": "right",
  "IsPopOver": true,
  "IsGlobal": false,
  "ActionClickHandler": null,
  "Icon": null,
  "Image": null,
  "ConfigJson": {
    "icon": "pencil",
    "Position": "0",
    "SubmitButton": {
      "Label": "Submit"
    },
    "ResetButton": {
      "Label": "Reset"
    },
    "CloseButton": {
      "Label": "Close",
      "ConfirmMessage": "Unsaved changes will be lost. Continue?"
    },
    "NotifyAll": false,
    "IBPLRules": [
      {
        "template": "//Nulling out the existing Assoc's---------\nScope: ([Version].[Version Name].filter(#.Name in {\"{{Version}}\"}) * [Data Object].[Data Object].[Expiry days maintenance]*[DM Rule].[Rule]{{#filter DMRule}} * [Item].[L4]);\nMeasure.[ABDM Shelf Life L4 Association] = null;\nend scope;\n\n\nScope: ([Version].[Version Name].filter(#.Name in {\"{{Version}}\"}) * [Data Object].[Data Object].[Expiry days maintenance]*[DM Rule].[Rule]{{#filter DMRule}}* [Item].[ContainerType]);\nMeasure.[ABDM ContainerType Association] = null;\nend scope;\n\nScope: ([Version].[Version Name].filter(#.Name in {\"{{Version}}\"}) * [Data Object].[Data Object].[Expiry days maintenance]*[DM Rule].[Rule]{{#filter DMRule}} * [Item].[PackageType]);\nMeasure.[ABDM PackageType Association] = null;\nend scope;\n\nScope: ([Version].[Version Name].filter(#.Name in {\"{{Version}}\"}) * [Data Object].[Data Object].[Expiry days maintenance]*[DM Rule].[Rule]{{#filter DMRule}} * [Item].[L2]);\nMeasure.[ABDM L2 Association] = null;\nend scope;\n\n\nScope: ([Version].[Version Name].filter(#.Name in {\"{{Version}}\"}) * [Data Object].[Data Object].[Expiry days maintenance]*[DM Rule].[Rule]{{#filter DMRule}}* [Item].[Material Group]);\nMeasure.[ABDM Shelf Life Material Group Association] = null;\nend scope;"
      },
      {
        "template": "//Repopulating the Assoc's------------\n\nCartesian Scope: ([Version].[Version Name].filter(#.Name in {\"{{Version}}\"}) * [Data Object].[Data Object].[Expiry days maintenance]*[DM Rule].[Rule]{{#filter DMRule}} * [Item].[L4]{{#filter DMItemAttribute4}});\n\nMeasure.[ABDM Shelf Life L4 Association] = 1;\nend scope;\n\nCartesian Scope: ([Version].[Version Name].filter(#.Name in {\"{{Version}}\"}) * [Data Object].[Data Object].[Expiry days maintenance]*[DM Rule].[Rule]{{#filter DMRule}} * [Item].[ContainerType]{{#filter DMItemAttribute2}});\n\nMeasure.[ABDM ContainerType Association] = 1;\nend scope;\n\nCartesian Scope: ([Version].[Version Name].filter(#.Name in {\"{{Version}}\"}) * [Data Object].[Data Object].[Expiry days maintenance]*[DM Rule].[Rule]{{#filter DMRule}}* [Item].[PackageType]{{#filter DMItemAttribute1}});\n\nMeasure.[ABDM PackageType Association] = 1;\nend scope;\n\nCartesian Scope: ([Version].[Version Name].filter(#.Name in {\"{{Version}}\"}) * [Data Object].[Data Object].[Expiry days maintenance]*[DM Rule].[Rule]{{#filter DMRule}} * [Item].[L2]{{#filter DMItemAttribute3}});\n\nMeasure.[ABDM L2 Association] = 1;\nend scope;\n\n\nCartesian Scope: ([Version].[Version Name].filter(#.Name in {\"{{Version}}\"}) * [Data Object].[Data Object].[Expiry days maintenance]*[DM Rule].[Rule]{{#filter DMRule}} * [Item].[Material Group]{{#filter DMItemAttribute5}});\n\nMeasure.[ABDM Shelf Life Material Group Association] = 1;\nend scope;"
      },
      {
        "template": "Scope: ([Version].[Version Name]{{#filter Version}} * [Data Object].[Data Object].[Expiry days maintenance]*[DM Rule].[Rule]{{#filter DMRule}});\n\nMeasure.[o9 Expiry Days1]={{DMValue1}};\nMeasure.[Rule Sequence]={{RuleSequence}};\nend scope;\n\nScope: ([Version].[Version Name]{{#filter Version}} * [Data Object].[Data Object].[Expiry days maintenance]*[DM Rule].[Rule]{{#filter DMRule}});\nMeasure.[ABDM Updated TimeStamp]=todatetime(\"{{UpTimeStamp}}\");\nMeasure.[ABDM Updated User]=(\"{{UpUser}}\");\nMeasure.[Rule Comment] = (\"{{NewComment}}\");\nend scope;"
      }
    ],
    "JavascriptRules": [
      {
        "modulename": "o9.SupplyPlanningUpdateRule.ExpiryDays",
        "functionname": "ExpiryDays"
      }
    ],
    "FieldBindings": [
      {
        "fieldName": "Version",
        "title": "Version Name",
        "Description": "Version Name",
        "type": "picklistDropdown",
        "fieldGroup": "Version",
        "selectionType": "single",
        "clearSearch": true,
        "source": "parentAttribute",
        "DimensionName": "Version",
        "key": {
          "LevelAttribute": {
            "Name": "Version Name",
            "Property": "Name"
          }
        },
        "visible": true,
        "isEditable": true,
        "validation": {
          "maxLength": "0",
          "required": true
        }
      },
      {
        "fieldName": "DataObject",
        "title": "Data Object",
        "Description": "Data Object",
        "type": "picklistDropdown",
        "selectionType": "single",
        "clearSearch": true,
        "source": "parentAttribute",
        "DimensionName": "Data Object",
        "key": {
          "LevelAttribute": {
            "Name": "Data Object",
            "Property": "Name"
          }
        },
        "visible": false,
        "isEditable": false,
        "validation": {
          "maxLength": "0",
          "required": true
        }
      },
      {
        "fieldName": "DMRule",
        "title": "DMRule",
        "Description": "DMRule",
        "type": "picklistDropdown",
        "selectionType": "multiple",
        "clearSearch": true,
        "source": "parentAttribute",
        "DimensionName": "DM Rule",
        "key": {
          "LevelAttribute": {
            "Name": "Rule",
            "Property": "Name"
          }
        },
        "visible": false,
        "isEditable": false,
        "validation": {
          "maxLength": "0",
          "required": true
        }
      },
      {
        "fieldName": "o9ExpiryRuleFinal",
        "title": "o9ExpiryRuleFinal",
        "Description": "o9ExpiryRuleFinal",
        "type": "picklist",
        "selectionType": "single",
        "clearSearch": true,
        "source": "datasource",
        "key": "o9ExpiryRuleDS",
        "valueField": "Value",
        "textField": "Value",
        "overrideFieldBindingType": false,
        "visible": false,
        "isEditable": false,
        "cascadeFrom": "Version",
        "validation": {
          "maxLength": "0",
          "required": true
        }
      },
      {
        "fieldName": "ItemType",
        "title": "Item Type",
        "Description": "Select Item Type",
        "type": "picklistDropdown",
        "fieldGroup": "Item Attributes",
        "selectionType": "single",
        "clearSearch": true,
        "source": "parentMeasureWithDataSource",
        "key": {
          "Measure": {
            "Name": "Item ItemType"
          }
        },
        "visible": true,
        "isEditable": true,
        "validation": {
          "required": true
        },
        "dataSourceBinding": {
          "key": "DSItemType",
          "valueField": "Name",
          "textField": "Name"
        }
      },
      {
        "fieldName": "DMValue1",
        "title": "o9 Expiry Days",
        "Description": "Value of o9 Expiry Days",
        "type": "number",
        "fieldGroup": "Rule Values",
        "selectionType": "single",
        "clearSearch": true,
        "source": "parentMeasure",
        "key": {
          "Measure": {
            "Name": "o9 Expiry Days1"
          }
        },
        "visible": true,
        "isEditable": true,
        "validation": {
          "maxLength": "0",
          "required": true
        }
      },
      {
        "fieldName": "RuleSequence",
        "title": "Rule Sequence",
        "Description": "Rule Sequence",
        "type": "number",
        "fieldGroup": "Rule Values",
        "selectionType": "single",
        "clearSearch": true,
        "source": "parentMeasure",
        "key": {
          "Measure": {
            "Name": "Rule Sequence"
          }
        },
        "visible": true,
        "isEditable": true,
        "validation": {
          "maxLength": "0",
          "required": true
        }
      },
      {
        "fieldName": "NewComment",
        "title": "New Comment",
        "Description": "New Comment",
        "type": "string",
        "fieldGroup": "Comment",
        "selectionType": "single",
        "clearSearch": true,
        "source": "literal",
        "visible": true,
        "isEditable": true,
        "validation": {
          "maxLength": "0",
          "required": false
        }
      },
      {
        "fieldName": "UpUser",
        "title": "Updated User",
        "Description": "Updated User",
        "type": "string",
        "clearSearch": true,
        "select": "ALL",
        "source": "datasource",
        "key": "DSUpUser",
        "valueField": "Name",
        "textField": "Name",
        "visible": false,
        "isEditable": false,
        "validation": {
          "maxLength": "0",
          "required": true
        },
        "overrideFieldBindingType": false
      },
      {
        "fieldName": "UpTimeStamp",
        "title": "Updated Time Stamp",
        "Description": "Updated Time Stamp",
        "type": "datetime",
        "clearSearch": true,
        "select": "ALL",
        "source": "datasource",
        "key": "DSUpTimeStamp",
        "valueField": "result",
        "textField": "result",
        "visible": false,
        "isEditable": false,
        "validation": {
          "maxLength": "0",
          "required": true
        },
        "overrideFieldBindingType": false
      },
      {
        "fieldName": "DMItemAttribute1",
        "title": "Package Type",
        "Description": "Select Package Type",
        "type": "picklistDropdown",
        "fieldGroup": "Item Attributes",
        "selectionType": "multiple",
        "clearSearch": true,
        "source": "datasourceWithMember",
        "key": "DSItemPackageType",
        "columnName": "PackageType",
        "DimensionName": "Item",
        "memberKey": {
          "LevelAttribute": {
            "Name": "PackageType"
          }
        },
        "visible": true,
        "isEditable": true,
        "validation": {
          "required": true
        }
      },
      {
        "fieldName": "DMItemAttribute2",
        "title": "Container Type",
        "Description": "Select Container Type",
        "type": "picklistDropdown",
        "fieldGroup": "Item Attributes",
        "selectionType": "multiple",
        "clearSearch": true,
        "source": "datasourceWithMember",
        "key": "DSItemContainerType",
        "columnName": "ContainerType",
        "DimensionName": "Item",
        "memberKey": {
          "LevelAttribute": {
            "Name": "ContainerType"
          }
        },
        "visible": true,
        "isEditable": true,
        "validation": {
          "required": true
        }
      },
      {
        "fieldName": "DMItemAttribute3",
        "title": "Item L2",
        "Description": "Select Item L2",
        "type": "picklistDropdown",
        "fieldGroup": "Item Attributes",
        "selectionType": "multiple",
        "clearSearch": true,
        "source": "datasourceWithMember",
        "key": "DSItemL2",
        "columnName": "L2",
        "DimensionName": "Item",
        "memberKey": {
          "LevelAttribute": {
            "Name": "L2"
          }
        },
        "visible": true,
        "isEditable": true,
        "validation": {
          "required": true
        }
      },
      {
        "fieldName": "DMItemAttribute4",
        "title": "Item L4",
        "Description": "Item L4",
        "type": "picklistDropdown",
        "fieldGroup": "Item Attributes",
        "selectionType": "multiple",
        "clearSearch": true,
        "source": "datasourceWithMember",
        "key": "DSItemL4",
        "columnName": "L4",
        "DimensionName": "Item",
        "memberKey": {
          "LevelAttribute": {
            "Name": "L4"
          }
        },
        "visible": true,
        "isEditable": true,
        "validation": {
          "required": true
        }
      },
      {
        "fieldName": "DMItemAttribute5",
        "title": "Item Material Group",
        "Description": "Select Item Material Group",
        "type": "picklistDropdown",
        "fieldGroup": "Item Attributes",
        "selectionType": "multiple",
        "clearSearch": true,
        "source": "datasourceWithMember",
        "key": "DSItemMaterialGroup",
        "columnName": "Material Group",
        "DimensionName": "Item",
        "memberKey": {
          "LevelAttribute": {
            "Name": "Material Group"
          }
        },
        "visible": true,
        "isEditable": true,
        "validation": {
          "required": true
        }
      }
    ],
    "Range": [],
    "DataSources": [
      {
        "Name": "DSItemType",
        "IBPLRules": [
          {
            "template": "select [Item].[Item Type];"
          }
        ],
        "JavascriptRules": [],
        "IncludeDSFieldsOnly": false,
        "FieldBindings": []
      },
      {
        "Name": "DSItemPackageType",
        "IBPLRules": [
          {
            "template": "\n\nSelect ([Version].[Version Name]{{#filter Version}} * [Item].[PackageType] * [Data Object].[Data Object]{{#filter DataObject}} * [DM Rule].[Rule]{{#filter DMRule}} ) on row, \n({Measure.[ABDM PackageType Association]}) on column;"
          }
        ],
        "JavascriptRules": [],
        "IncludeDSFieldsOnly": false,
        "FieldBindings": [
          {
            "fieldName": "Version",
            "title": "Version",
            "Description": "Version",
            "type": "picklistDropdown",
            "clearSearch": true,
            "source": "filter",
            "DimensionName": "Version",
            "LevelAttributeName": "Version Name",
            "visible": true,
            "isEditable": true,
            "validation": {
              "maxLength": "0",
              "required": true
            }
          },
          {
            "fieldName": "DMRule",
            "title": "DMRule",
            "Description": "DMRule",
            "type": "picklistDropdown",
            "clearSearch": true,
            "source": "parentAttribute",
            "DimensionName": "DM Rule",
            "key": {
              "LevelAttribute": {
                "Name": "Rule",
                "Property": "Name"
              }
            },
            "visible": true,
            "isEditable": true,
            "validation": {
              "maxLength": "0",
              "required": true
            }
          },
          {
            "fieldName": "DataObject",
            "title": "Data Object",
            "Description": "Data Object",
            "type": "picklistDropdown",
            "clearSearch": true,
            "source": "parentAttribute",
            "DimensionName": "Data Object",
            "key": {
              "LevelAttribute": {
                "Name": "Data Object",
                "Property": "Name"
              }
            },
            "visible": true,
            "isEditable": false,
            "validation": {
              "maxLength": "0",
              "required": true
            }
          }
        ]
      },
      {
        "Name": "DSUpUser",
        "IBPLRules": [
          {
            "template": "select CurrentUser();"
          }
        ],
        "JavascriptRules": [],
        "IncludeDSFieldsOnly": false,
        "FieldBindings": []
      },
      {
        "Name": "DSUpTimeStamp",
        "IBPLRules": [
          {
            "template": "select now();"
          }
        ],
        "JavascriptRules": [],
        "IncludeDSFieldsOnly": false,
        "FieldBindings": []
      },
      {
        "Name": "o9ExpiryRuleDS",
        "IBPLRules": [
          {
            "template": "Select({Measure.[o9 Expiry Rule Final]}) where{[Version].[Version Name].filter(#.Name in {\"{{Version}}\"}),[Data Object].[Data Object].filter(#.Name in {[Expiry days maintenance]})};"
          }
        ],
        "JavascriptRules": [],
        "IncludeDSFieldsOnly": false,
        "FieldBindings": []
      },
      {
        "Name": "DSItemContainerType",
        "IBPLRules": [
          {
            "template": "\n\nSelect ([Version].[Version Name]{{#filter Version}} * [Item].[ContainerType] * [Data Object].[Data Object]{{#filter DataObject}} * [DM Rule].[Rule]{{#filter DMRule}} ) on row, \n({Measure.[ABDM ContainerType Association]}) on column;"
          }
        ],
        "JavascriptRules": [],
        "IncludeDSFieldsOnly": false,
        "FieldBindings": [
          {
            "fieldName": "Version",
            "title": "Version",
            "Description": "Version",
            "type": "picklistDropdown",
            "clearSearch": true,
            "source": "filter",
            "DimensionName": "Version",
            "LevelAttributeName": "Version Name",
            "visible": true,
            "isEditable": true,
            "validation": {
              "maxLength": "0",
              "required": true
            }
          },
          {
            "fieldName": "DMRule",
            "title": "DMRule",
            "Description": "DMRule",
            "type": "picklistDropdown",
            "clearSearch": true,
            "source": "parentAttribute",
            "DimensionName": "DM Rule",
            "key": {
              "LevelAttribute": {
                "Name": "Rule",
                "Property": "Name"
              }
            },
            "visible": true,
            "isEditable": true,
            "validation": {
              "maxLength": "0",
              "required": true
            }
          },
          {
            "fieldName": "DataObject",
            "title": "Data Object",
            "Description": "Data Object",
            "type": "picklistDropdown",
            "selectionType": "single",
            "clearSearch": true,
            "source": "parentAttribute",
            "DimensionName": "Data Object",
            "key": {
              "LevelAttribute": {
                "Name": "Data Object",
                "Property": "Name"
              }
            },
            "visible": true,
            "isEditable": false,
            "validation": {
              "maxLength": "0",
              "required": true
            }
          }
        ]
      },
      {
        "Name": "DSItemL2",
        "IBPLRules": [
          {
            "template": "Select ([Version].[Version Name]{{#filter Version}} * [Item].[L2] * [Data Object].[Data Object]{{#filter DataObject}} * [DM Rule].[Rule]{{#filter DMRule}} ) on row, \n({Measure.[ABDM L2 Association]}) on column;"
          }
        ],
        "JavascriptRules": [],
        "IncludeDSFieldsOnly": false,
        "FieldBindings": [
          {
            "fieldName": "Version",
            "title": "Version",
            "Description": "Version",
            "type": "picklistDropdown",
            "clearSearch": true,
            "source": "filter",
            "DimensionName": "Version",
            "LevelAttributeName": "Version Name",
            "visible": true,
            "isEditable": true,
            "validation": {
              "maxLength": "0",
              "required": true
            }
          },
          {
            "fieldName": "DMRule",
            "title": "DMRule",
            "Description": "DMRule",
            "type": "picklistDropdown",
            "clearSearch": true,
            "source": "parentAttribute",
            "DimensionName": "DM Rule",
            "key": {
              "LevelAttribute": {
                "Name": "Rule",
                "Property": "Name"
              }
            },
            "visible": true,
            "isEditable": true,
            "validation": {
              "maxLength": "0",
              "required": true
            }
          },
          {
            "fieldName": "DataObject",
            "title": "Data Object",
            "Description": "Data Object",
            "type": "picklistDropdown",
            "selectionType": "single",
            "clearSearch": true,
            "source": "parentAttribute",
            "DimensionName": "Data Object",
            "key": {
              "LevelAttribute": {
                "Name": "Data Object",
                "Property": "Name"
              }
            },
            "visible": true,
            "isEditable": false,
            "validation": {
              "maxLength": "0",
              "required": true
            }
          }
        ]
      },
      {
        "Name": "DSItemL4",
        "IBPLRules": [
          {
            "template": "\nSelect ([Version].[Version Name]{{#filter Version}} * [Item].[L4] * [Data Object].[Data Object]{{#filter DataObject}} * [DM Rule].[Rule]{{#filter DMRule}} ) on row, \n({Measure.[ABDM Shelf Life L4 Association]}) on column;"
          }
        ],
        "JavascriptRules": [],
        "IncludeDSFieldsOnly": false,
        "FieldBindings": [
          {
            "fieldName": "Version",
            "title": "Version",
            "Description": "Version",
            "type": "picklistDropdown",
            "clearSearch": true,
            "source": "filter",
            "DimensionName": "Version",
            "LevelAttributeName": "Version Name",
            "visible": true,
            "isEditable": true,
            "validation": {
              "maxLength": "0",
              "required": true
            }
          },
          {
            "fieldName": "DMRule",
            "title": "DMRule",
            "Description": "DMRule",
            "type": "picklistDropdown",
            "clearSearch": true,
            "source": "parentAttribute",
            "DimensionName": "DM Rule",
            "key": {
              "LevelAttribute": {
                "Name": "Rule",
                "Property": "Name"
              }
            },
            "visible": true,
            "isEditable": true,
            "validation": {
              "maxLength": "0",
              "required": true
            }
          },
          {
            "fieldName": "DataObject",
            "title": "Data Object",
            "Description": "Data Object",
            "type": "picklistDropdown",
            "selectionType": "single",
            "clearSearch": true,
            "source": "parentAttribute",
            "DimensionName": "Data Object",
            "key": {
              "LevelAttribute": {
                "Name": "Data Object",
                "Property": "Name"
              }
            },
            "visible": true,
            "isEditable": false,
            "validation": {
              "maxLength": "0",
              "required": true
            }
          }
        ]
      },
      {
        "Name": "DSItemMaterialGroup",
        "IBPLRules": [
          {
            "template": "select [Item].[Material Group];\n\nSelect ([Version].[Version Name]{{#filter Version}} * [Item].[Material Group] * [Data Object].[Data Object]{{#filter DataObject}} * [DM Rule].[Rule]{{#filter DMRule}} ) on row, \n({Measure.[ABDM Shelf Life Material Group Association]}) on column;"
          }
        ],
        "JavascriptRules": [],
        "IncludeDSFieldsOnly": false,
        "FieldBindings": [
          {
            "fieldName": "Version",
            "title": "Version",
            "Description": "Version",
            "type": "picklistDropdown",
            "clearSearch": true,
            "source": "filter",
            "DimensionName": "Version",
            "LevelAttributeName": "Version Name",
            "visible": true,
            "isEditable": true,
            "validation": {
              "maxLength": "0",
              "required": true
            }
          },
          {
            "fieldName": "DMRule",
            "title": "DMRule",
            "Description": "DMRule",
            "type": "picklistDropdown",
            "clearSearch": true,
            "source": "parentAttribute",
            "DimensionName": "DM Rule",
            "key": {
              "LevelAttribute": {
                "Name": "Rule",
                "Property": "Name"
              }
            },
            "visible": true,
            "isEditable": true,
            "validation": {
              "maxLength": "0",
              "required": true
            }
          },
          {
            "fieldName": "DataObject",
            "title": "Data Object",
            "Description": "Data Object",
            "type": "picklistDropdown",
            "selectionType": "single",
            "clearSearch": true,
            "source": "parentAttribute",
            "DimensionName": "Data Object",
            "key": {
              "LevelAttribute": {
                "Name": "Data Object",
                "Property": "Name"
              }
            },
            "visible": true,
            "isEditable": false,
            "validation": {
              "maxLength": "0",
              "required": true
            }
          }
        ]
      }
    ],
    "AutoExecute": false,
    "isAsync": true,
    "hasMembersUpdates": false,
    "Compact": false,
    "TwoColumn": true,
    "IsGlobalForExcelAddIn": false,
    "enableTransaction": false,
    "ExcludeFromNavLink": false,
    "FilterFieldBindings": []
  },
  "Widget": null,
  "Roles": []
}