{
  "AttributeName": "Retail_AP_FD_Segmentation_NN",
  "AttributeId": "cd5d3fe1-2800-947e-c5c4-6fee58082606",
  "AttributeHierarchyEnabled": true,
  "IsKey": false,
  "Description": "Retail AP Segmentation Handshake Named Node",
  "OrderBy": "Key",
  "KeyColumnName": "Retail_AP_FD_Segmentation_NNKey",
  "NameColumnName": "Retail_AP_FD_Segmentation_NNName",
  "KeyColumnDataType": "integer",
  "SeedTags": true,
  "KeyGenerationType": "Auto",
  "PickListName": null,
  "ConfigJson": {
    "ShowFilterAs": "TileView",
    "MemberDisplayNameEditable": true,
    "IsMultipleImage": false,
    "MemberDisplayColor": false
  },
  "FormatString": null,
  "Translation": null,
  "Aliases": [],
  "ApiName": null,
  "ApiDisabled": false,
  "ParentAttributeName": null,
  "NamedNodeUsages": [
    {
      "DimensionName": "Item",
      "AttributeName": "L3"
    },
    {
      "DimensionName": "Location",
      "AttributeName": "Location"
    },
    {
      "DimensionName": "Cluster",
      "AttributeName": "Cluster"
    }
  ]
}