{
  "MeasureName": "Location Delete Flag",
  "MeasureId": "d4fd0f2a-18d3-45a3-8b4d-97ecfa829d2c",
  "MeasureDescription": "Location Delete Flag",
  "DataType": "number",
  "MeasureType": "Regular",
  "AggregateFunction": "Min",
  "FormatString": "#,##0; (#,##0)",
  "MeasureColumnName": "LocationDeleteFlag",
  "MeasureFormula": "",
  "IsEditable": false,
  "ApplyConversion": false,
  "ConversionFormula": "",
  "PickListName": null,
  "BgColorFormula": "",
  "FgColorFormula": "",
  "TrendFormula": "",
  "FormattingViewModel": null,
  "ParentMeasureName": null,
  "AssociationMeasure": false,
  "IsComputedByPlanningService": false,
  "ToolTip": "Location Delete Flag",
  "ConfigJson": {},
  "ApiName": null,
  "ApiDisabled": false,
  "IsReportingMeasure": false,
  "MeasureConditionalFormulaProperties": [],
  "PicklistSource": null
}