{
  "MeasureName": "On - Trade Discount Actual",
  "MeasureId": "fc28fae2-710e-4f6e-b5a5-1a7b6be7d8be",
  "MeasureDescription": "Deduction from the listed price of goods allowed by a manufacturer or wholesaler to a retailer",
  "DataType": "number",
  "MeasureType": "Regular",
  "AggregateFunction": "Sum",
  "FormatString": "$#,##0;($#,##0)",
  "MeasureColumnName": "On-TradeDiscountActual",
  "MeasureFormula": "",
  "IsEditable": false,
  "ApplyConversion": false,
  "ConversionFormula": "",
  "PickListName": null,
  "BgColorFormula": "",
  "FgColorFormula": "",
  "TrendFormula": "",
  "FormattingViewModel": null,
  "ParentMeasureName": null,
  "AssociationMeasure": false,
  "IsComputedByPlanningService": false,
  "ToolTip": "Deduction from the listed price of goods allowed by a manufacturer or wholesaler to a retailer",
  "ConfigJson": {},
  "ApiName": null,
  "ApiDisabled": false,
  "IsReportingMeasure": false,
  "MeasureConditionalFormulaProperties": [],
  "PicklistSource": null
}