{
  "AttributeName": "Business Characteristics",
  "AttributeId": "55434306-1ff7-0134-ecd2-2cb8a96398cc",
  "AttributeHierarchyEnabled": true,
  "IsKey": true,
  "Description": "Business Characteristics",
  "OrderBy": "Name",
  "KeyColumnName": "BusinessCharKey",
  "NameColumnName": "BusinessCharName",
  "KeyColumnDataType": "integer",
  "SeedTags": false,
  "KeyGenerationType": "Auto",
  "PickListName": null,
  "ConfigJson": {
    "ShowFilterAs": "TileView",
    "MemberDisplayNameEditable": false,
    "IsMultipleImage": false,
    "MemberDisplayColor": false
  },
  "FormatString": null,
  "Translation": null,
  "Aliases": [],
  "ApiName": null,
  "ApiDisabled": false
}
