{
  "PickListName": "Integration Sync Direction",
  "PickListId": "a3dedef4-9e7f-4232-b618-cc4e2d82a534",
  "PickListDescription": "Integration Sync Direction",
  "DataType": "string",
  "IsMultiSelectAllowed": false,
  "Values": [
    {
      "Value": "External",
      "DisplayName": "External",
      "DisplayPosition": 0,
      "Icon": null,
      "Color": null,
      "Image": null
    },
    {
      "Value": "NA",
      "DisplayName": "NA",
      "DisplayPosition": 3,
      "Icon": null,
      "Color": null,
      "Image": null
    },
    {
      "Value": "Local",
      "DisplayName": "Local",
      "DisplayPosition": 1,
      "Icon": null,
      "Color": null,
      "Image": null
    },
    {
      "Value": "Both",
      "DisplayName": "Both",
      "DisplayPosition": 2,
      "Icon": null,
      "Color": null,
      "Image": null
    }
  ]
}