{
  "PickListName": "Integration Source Type",
  "PickListId": "f99cf64c-be26-4e18-b67b-06ac57a01bd0",
  "PickListDescription": "Integration Source Type",
  "DataType": "string",
  "IsMultiSelectAllowed": false,
  "Values": [
    {
      "Value": "SFTP",
      "DisplayName": "SFTP",
      "DisplayPosition": 0,
      "Icon": null,
      "Color": null,
      "Image": null
    },
    {
      "Value": "SingleInsertAPI",
      "DisplayName": "SingleInsertAPI",
      "DisplayPosition": 7,
      "Icon": null,
      "Color": null,
      "Image": null
    },
    {
      "Value": "BulkInsertAPI",
      "DisplayName": "BulkInsertAPI",
      "DisplayPosition": 2,
      "Icon": null,
      "Color": null,
      "Image": null
    },
    {
      "Value": "AzureBlob",
      "DisplayName": "AzureBlob",
      "DisplayPosition": 1,
      "Icon": null,
      "Color": null,
      "Image": null
    },
    {
      "Value": "ADLS",
      "DisplayName": "ADLS",
      "DisplayPosition": 6,
      "Icon": null,
      "Color": null,
      "Image": null
    },
    {
      "Value": "P44",
      "DisplayName": "P44",
      "DisplayPosition": 3,
      "Icon": null,
      "Color": null,
      "Image": null
    },
    {
      "Value": "SAPAdaptor_API",
      "DisplayName": "SAPAdaptor_API",
      "DisplayPosition": 4,
      "Icon": null,
      "Color": null,
      "Image": null
    },
    {
      "Value": "SAPAdaptor_SFTP",
      "DisplayName": "SAPAdaptor_SFTP",
      "DisplayPosition": 5,
      "Icon": null,
      "Color": null,
      "Image": null
    },
    {
      "Value": "Vizion",
      "DisplayName": "Vizion",
      "DisplayPosition": 8,
      "Icon": null,
      "Color": null,
      "Image": null
    },
    {
      "Value": "MSD365_AzureBlob",
      "DisplayName": "MSD365_AzureBlob",
      "DisplayPosition": 9,
      "Icon": null,
      "Color": null,
      "Image": null
    },
    {
      "Value": "MSD365_API",
      "DisplayName": "MSD365_API",
      "DisplayPosition": 10,
      "Icon": null,
      "Color": null,
      "Image": null
    },
    {
      "Value": "GCS",
      "DisplayName": "GCS",
      "DisplayPosition": 12,
      "Icon": null,
      "Color": null,
      "Image": null
    },
    {
      "Value": "AWS_S3",
      "DisplayName": "AWS_S3",
      "DisplayPosition": 11,
      "Icon": null,
      "Color": null,
      "Image": null
    },
    {
      "Value": "ExternalAPI",
      "DisplayName": "ExternalAPI",
      "DisplayPosition": 13,
      "Icon": null,
      "Color": null,
      "Image": null
    }
  ]
}