{
  "PickListName": "Integration Fact Target",
  "PickListId": "edd0d057-fac5-49b2-ab59-378740e25d82",
  "PickListDescription": "Integration Fact Target",
  "DataType": "string",
  "IsMultiSelectAllowed": false,
  "Values": [
    {
      "Value": "Hive",
      "DisplayName": "Hive",
      "DisplayPosition": 1,
      "Icon": null,
      "Color": null,
      "Image": null
    },
    {
      "Value": "LS",
      "DisplayName": "LS",
      "DisplayPosition": 0,
      "Icon": null,
      "Color": null,
      "Image": null
    }
  ]
}