{
  "PickListName": "Integration Netchange Enabled",
  "PickListId": "0f521244-3256-4089-adbc-d48faaf23d00",
  "PickListDescription": "Integration Netchange  Enabled",
  "DataType": "string",
  "IsMultiSelectAllowed": false,
  "Values": [
    {
      "Value": "Yes",
      "DisplayName": "Yes",
      "DisplayPosition": 0,
      "Icon": null,
      "Color": null,
      "Image": null
    },
    {
      "Value": "No",
      "DisplayName": "No",
      "DisplayPosition": 1,
      "Icon": null,
      "Color": null,
      "Image": null
    },
    {
      "Value": "NA",
      "DisplayName": "NA",
      "DisplayPosition": 2,
      "Icon": null,
      "Color": null,
      "Image": null
    }
  ]
}