{
  "PickListName": "Integration Files Category",
  "PickListId": "ccb292f4-233e-4c4f-b0ea-cfc4d5e00283",
  "PickListDescription": "Integration Files Category",
  "DataType": "string",
  "IsMultiSelectAllowed": false,
  "Values": [
    {
      "Value": "Fact",
      "DisplayName": "Fact",
      "DisplayPosition": 0,
      "Icon": null,
      "Color": null,
      "Image": null
    },
    {
      "Value": "Fact_DataValidations",
      "DisplayName": "Fact_DataValidations",
      "DisplayPosition": 1,
      "Icon": null,
      "Color": null,
      "Image": null
    },
    {
      "Value": "Dimension",
      "DisplayName": "Dimension",
      "DisplayPosition": 2,
      "Icon": null,
      "Color": null,
      "Image": null
    },
    {
      "Value": "Dimension_DataValidations",
      "DisplayName": "Dimension_DataValidations",
      "DisplayPosition": 3,
      "Icon": null,
      "Color": null,
      "Image": null
    },
    {
      "Value": "CreateNetworkFiles",
      "DisplayName": "CreateNetworkFiles",
      "DisplayPosition": 4,
      "Icon": null,
      "Color": null,
      "Image": null
    },
    {
      "Value": "Fact_NonIntegration",
      "DisplayName": "Fact_NonIntegration",
      "DisplayPosition": 5,
      "Icon": null,
      "Color": null,
      "Image": null
    }
  ]
}