{
  "PickListName": "Integration Solution Type",
  "PickListId": "00255e92-141e-40b0-9bd2-5b443b3ea787",
  "PickListDescription": "Integration Solution Type",
  "DataType": "string",
  "IsMultiSelectAllowed": false,
  "Values": [
    {
      "Value": "Mandatory",
      "DisplayName": "Mandatory",
      "DisplayPosition": 0,
      "Icon": null,
      "Color": null,
      "Image": null
    },
    {
      "Value": "Optional",
      "DisplayName": "Optional",
      "DisplayPosition": 1,
      "Icon": null,
      "Color": null,
      "Image": null
    }
  ]
}