{
  "PickListName": "Integration Staging Mandatory",
  "PickListId": "a0ffeccf-8ccb-4664-b991-02c760ddff3a",
  "PickListDescription": "Integration Staging Mandatory",
  "DataType": "string",
  "IsMultiSelectAllowed": false,
  "Values": [
    {
      "Value": "Conditional",
      "DisplayName": "Conditional",
      "DisplayPosition": 2,
      "Icon": null,
      "Color": null,
      "Image": null
    },
    {
      "Value": "Yes",
      "DisplayName": "Yes",
      "DisplayPosition": 0,
      "Icon": null,
      "Color": null,
      "Image": null
    },
    {
      "Value": "No",
      "DisplayName": "No",
      "DisplayPosition": 1,
      "Icon": null,
      "Color": null,
      "Image": null
    }
  ]
}