{
  "PickListName": "Integration Encryption",
  "PickListId": "f42d40f6-3d60-46c5-9d39-fd8354f123fb",
  "PickListDescription": "Integration Encryption",
  "DataType": "string",
  "IsMultiSelectAllowed": false,
  "Values": [
    {
      "Value": "None",
      "DisplayName": "None",
      "DisplayPosition": 0,
      "Icon": null,
      "Color": null,
      "Image": null
    },
    {
      "Value": "PGP",
      "DisplayName": "PGP",
      "DisplayPosition": 1,
      "Icon": null,
      "Color": null,
      "Image": null
    }
  ]
}