{
  "AttributeName": "Sub Industry",
  "AttributeId": "1879469a-a9a8-7e36-7755-dcdf49c9d5e8",
  "AttributeHierarchyEnabled": true,
  "IsKey": true,
  "Description": "Sub Industry",
  "OrderBy": "Name",
  "KeyColumnName": "SubIndustryKey",
  "NameColumnName": "SubIndustryName",
  "KeyColumnDataType": "integer",
  "SeedTags": false,
  "KeyGenerationType": "Auto",
  "PickListName": null,
  "ConfigJson": {
    "ShowFilterAs": "TileView",
    "MemberDisplayNameEditable": false,
    "IsMultipleImage": false,
    "MemberDisplayColor": false
  },
  "FormatString": null,
  "Translation": null,
  "Aliases": [],
  "ApiName": null,
  "ApiDisabled": false
}
