{
  "MeasureGroupName": "002.002D Storage RCA",
  "MeasureGroupId": "0cedcd2a-3a29-4ecb-ac75-d27cfc0b5ad9",
  "ParentMeasureGroupName": null,
  "HasShadow": false,
  "MeasureGroupDescription": "Retail RCA - Storage",
  "MeasureGroupType": "Regular",
  "FactTableName": "Fact002.005DRetailStorageRCA",
  "SchemaMajorVersion": 0,
  "ConfigJson": {},
  "ApiName": null,
  "Repartition": false,
  "Unpartition": false,
  "ApiEnabled": false,
  "DimensionUsages": [
    {
      "DimensionName": "Version",
      "AttributeName": "Version Name",
      "SortOrder": 0,
      "DimensionType": "Regular"
    },
    {
      "DimensionName": "Time",
      "AttributeName": "Day",
      "SortOrder": 0,
      "DimensionType": "Time"
    },
    {
      "DimensionName": "Item",
      "AttributeName": "Item",
      "SortOrder": 1,
      "DimensionType": "Regular"
    },
    {
      "DimensionName": "Location",
      "AttributeName": "Location",
      "SortOrder": 2,
      "DimensionType": "Regular"
    },
    {
      "DimensionName": "Demand",
      "AttributeName": "DemandID",
      "SortOrder": 3,
      "DimensionType": "Regular"
    },
    {
      "DimensionName": "RootCause",
      "AttributeName": "Problem Type",
      "SortOrder": 4,
      "DimensionType": "Regular"
    },
    {
      "DimensionName": "Demand Type",
      "AttributeName": "Demand Type",
      "SortOrder": 5,
      "DimensionType": "Regular"
    },
    {
      "DimensionName": "Sales Domain",
      "AttributeName": "Customer Group",
      "SortOrder": 6,
      "DimensionType": "Regular"
    }
  ]
}