{
  "AttributeName": "Retail_SZP_SRA_NN",
  "AttributeId": "e8c49e2c-363c-04c3-0f3c-2e9ce311c4b6",
  "AttributeHierarchyEnabled": true,
  "IsKey": false,
  "Description": "Item Size Range and Size Association",
  "OrderBy": "Key",
  "KeyColumnName": "Retail_SZP_SRA_NNKey",
  "NameColumnName": "Retail_SZP_SRA_NNName",
  "KeyColumnDataType": "integer",
  "SeedTags": true,
  "KeyGenerationType": "Auto",
  "PickListName": null,
  "ConfigJson": {
    "ShowFilterAs": "TileView",
    "MemberDisplayNameEditable": true,
    "IsMultipleImage": false,
    "MemberDisplayColor": false
  },
  "FormatString": null,
  "Translation": null,
  "Aliases": [],
  "ApiName": null,
  "ApiDisabled": false,
  "ParentAttributeName": null,
  "NamedNodeUsages": [
    {
      "DimensionName": "Size",
      "AttributeName": "Size"
    },
    {
      "DimensionName": "Item",
      "AttributeName": "Planning Item"
    },
    {
      "DimensionName": "Size Range",
      "AttributeName": "Size Range"
    }
  ]
}