{
  "AttributeName": "Stat Channel Group",
  "AttributeId": "4bc4c088-d3eb-6c70-bd2b-67e36bbdf999",
  "AttributeHierarchyEnabled": true,
  "IsKey": false,
  "Description": "Highest Level in Stat Hierarchy",
  "OrderBy": "Name",
  "KeyColumnName": "StatChannelGroupKey",
  "NameColumnName": "StatChannelGroupName",
  "KeyColumnDataType": "integer",
  "SeedTags": true,
  "KeyGenerationType": "Auto",
  "PickListName": null,
  "ConfigJson": {
    "ShowFilterAs": "TileView",
    "MemberDisplayNameEditable": true,
    "IsMultipleImage": false,
    "MemberDisplayColor": false
  },
  "FormatString": null,
  "Translation": null,
  "Aliases": [],
  "ApiName": null,
  "ApiDisabled": false,
  "FgColorFormula": null,
  "BgColorFormula": null,
  "IsReservedBySystem": false
}