{
  "Name": "SupplyPlan137EnableSharedResource",
  "Description": null,
  "ActionButtonId": "997b47ed-8640-4a91-a8e4-75b16f89de0b",
  "Tooltip": "Enable Shared Transportation Resource",
  "ActionButtonType": "Widget",
  "Alignment": "right",
  "IsPopOver": true,
  "IsGlobal": true,
  "ActionClickHandler": null,
  "Icon": null,
  "Image": null,
  "ConfigJson": {
    "icon": "plus",
    "SubmitButton": {
      "Label": "Submit"
    },
    "ResetButton": {
      "Label": "Reset"
    },
    "CloseButton": {
      "Label": "Close",
      "ConfirmMessage": "Unsaved changes will be lost. Continue?"
    },
    "NotifyAll": false,
    "IBPLRules": [
      {
        "template": "cartesian scope: ( Version.[Version Name]{{#filter Version}} * Location.Location{{#filter Location}} * [To Location].[To Location]{{#filter ToLocation}} * Activity2.Activity2{{#filter Transmode}} * Resource.Resource{{#filter Resource}} * Item.Item{{#filter Item}} );\nMeasure.[Lane Shared Resource Association] = 1;\nMeasure.[Lane Shared Resource Consumed Per] = {{ConsumedPer}}; \nend scope;\n\n//--Uncomment the below code to enable Net change functionality\n/*\ncartesian scope: ( Version.[Version Name]{{#filter Version}} * Location.Location{{#filter Location}} * [To Location].[To Location]{{#filter ToLocation}} * Activity2.Activity2{{#filter Transmode}} * Resource.Resource{{#filter Resource}} * Item.Item{{#filter Item}} ); \nMeasure.[Lane Shared Resource Association NC Addition] = 1;\nend scope;\n\nscope: ( Version.[Version Name]{{#filter Version}} * Location.Location{{#filter Location}} * [To Location].[To Location]{{#filter ToLocation}} * Activity2.Activity2{{#filter Transmode}} * Resource.Resource{{#filter Resource}} * Item.Item{{#filter Item}} );\nMeasure.[Lane Shared Resource Association NC Deletion] = Null;\nend scope;\n*/"
      }
    ],
    "JavascriptRules": [],
    "FieldBindings": [
      {
        "fieldName": "Version",
        "title": "Version",
        "Description": "Version",
        "type": "picklistDropdown",
        "selectionType": "single",
        "clearSearch": true,
        "source": "filter",
        "DimensionName": "Version",
        "LevelAttributeName": "Version Name",
        "visible": true,
        "isEditable": false,
        "validation": {
          "maxLength": "0",
          "required": true
        }
      },
      {
        "fieldName": "Location",
        "title": "Source Location",
        "type": "picklist",
        "selectionType": "single",
        "clearSearch": true,
        "select": "NONE",
        "source": "members",
        "DimensionName": "Location",
        "LevelAttributeName": "Location",
        "FilterExpression": "&AllShipmentLocations",
        "visible": true,
        "isEditable": true,
        "validation": {
          "maxLength": "0",
          "required": true
        }
      },
      {
        "fieldName": "ToLocation",
        "title": "Destination Location",
        "type": "picklistTextOnly",
        "selectionType": "single",
        "clearSearch": true,
        "select": "NONE",
        "source": "members",
        "DimensionName": "To Location",
        "LevelAttributeName": "To Location",
        "visible": true,
        "isEditable": true,
        "validation": {
          "maxLength": "0",
          "required": true
        },
        "FilterExpression": "&AllPlantAndDCToLocation"
      },
      {
        "fieldName": "Resource",
        "title": "Resource",
        "Description": "Resource",
        "type": "picklist",
        "selectionType": "single",
        "clearSearch": true,
        "select": "NONE",
        "source": "members",
        "DimensionName": "Resource",
        "LevelAttributeName": "Resource",
        "FilterExpression": "&DISTSharedResource",
        "visible": true,
        "isEditable": true,
        "validation": {
          "maxLength": "0",
          "required": true
        }
      },
      {
        "fieldName": "Transmode",
        "title": "TransMode",
        "type": "picklistDropdown",
        "selectionType": "single",
        "clearSearch": true,
        "select": "NONE",
        "source": "members",
        "DimensionName": "Activity2",
        "LevelAttributeName": "Activity2",
        "FilterExpression": "&AllTransModes",
        "visible": true,
        "isEditable": true,
        "validation": {
          "maxLength": "0",
          "required": true
        }
      },
      {
        "fieldName": "Item",
        "title": "Item",
        "Description": "Item",
        "type": "picklistDropdown",
        "selectionType": "single",
        "clearSearch": true,
        "select": "NONE",
        "source": "members",
        "DimensionName": "Item",
        "LevelAttributeName": "Item",
        "FilterExpression": "&AllShippedItems",
        "visible": true,
        "isEditable": true,
        "validation": {
          "maxLength": "0",
          "required": true
        }
      },
      {
        "fieldName": "ConsumedPer",
        "title": "Consumed Per",
        "type": "number",
        "displayFormat": "#,##0",
        "editFormat": "#,##0",
        "selectionType": "single",
        "clearSearch": true,
        "source": "literal",
        "defaultValue": "1",
        "visible": true,
        "isEditable": true,
        "validation": {
          "maxLength": "0",
          "required": true
        }
      }
    ],
    "DataSources": [],
    "AutoExecute": false,
    "isAsync": false,
    "hasMembersUpdates": false,
    "Compact": false,
    "TwoColumn": false,
    "IsGlobalForExcelAddIn": false,
    "ReturnFilterByUpdate": true,
    "FilterFieldBindings": []
  },
  "Widget": null
}