{
  "Name": "SupplyPlan002CommonAddBOM",
  "Description": null,
  "ActionButtonId": "37ad156b-716d-4253-9183-7a279d536783",
  "Tooltip": "Add BOM ",
  "ActionButtonType": "Widget",
  "Alignment": "right",
  "IsPopOver": true,
  "IsGlobal": true,
  "ActionClickHandler": null,
  "Icon": null,
  "Image": null,
  "ConfigJson": {
    "DisplayName": "Add BOM ",
    "icon": "plus",
    "SubmitButton": {
      "Label": "Submit"
    },
    "ResetButton": {
      "Label": "Reset"
    },
    "CloseButton": {
      "Label": "Close",
      "ConfirmMessage": "Unsaved changes will be lost. Continue?"
    },
    "NotifyAll": false,
    "IBPLRules": [
      {
        "template": "CREATEMEMBER(Activity1.Activity1={,\"{{Prefix}}-V{{BOMVersion}}-for-{{ProducedItem}}-at-{{Location}}\"}, Activity1.[BOM Plan Type] = {,\"{{PlanType}}\"}, Activity1.[BOM Status]={\"{{BOM Status}}\",},Activity1.[BOM Version]={\"{{BOM Version}}\",},Activity1.[Prefix]={\"{{Prefix}}\",} , Activity1.[Activity Type1]={,\"Manufacturing\"} , Activity1.[Activity All1] = {,\"All\"});"
      },
      {
        "template": "Cartesian Scope: (&AllBOMs.[{{Prefix}}-V{{BOMVersion}}-for-{{ProducedItem}}-at-{{Location}}] * [Location].[Location]{{#filter Location}} *[Item].[Item]{{#filter ProducedItem}}  * [Version].[Version Name]{{#filter Version}});\nMeasure.[o9 BOM Association] = 1;\nMeasure.[o9 BOM Quantity Produced Per]={{ProducedQtyPer}};\nend scope;\n\n\n//-- rules commented out will be included for incremental create network\n\n/*\nScope: (&AllRoutings * &AllBOMs.[{{Prefix}}-V{{BOMVersion}}-for-{{ProducedItem}}-at-{{Location}}] * [Location].[Location]{{#filter Location}} *[Item].[Item]{{#filter ProducedItem}}  * [Version].[Version Name]{{#filter Version}});\nMeasure.[W Item BOM Routing Association]=if( Measure.[Routing Item Location Association]>0 && Measure.[W BOM Quantity Produced Per]>0 ) then 1;\nMeasure.[W Item BOM Routing Priority]=if( Measure.[Routing Item Location Association]>0 && Measure.[W BOM Quantity Produced Per]>0 ) then 1;\nend scope;\n\n//-- populating Item BOM Routing Association\n\nscope:([Version].[Version Name]{{#filter Version}} * [Item].[Item]{{#filter ProducedItem}} );\nMeasure.[W Activity3]=if (Measure.[W BODLane Item TransMode Association]>0 || Measure.[W Item BOM Routing Association]>0 || Measure.[W Supplier Item Location Association]>0) then Item.#.Name;\nend scope;\n\n//--Creating Members for Activity3\n\nCreateMember(\nActivity3.[Activity3]={,Measure.[W Activity3]},\nActivity3.[Activity Type3]={,[Item]},\nActivity3.[Activity All3]={,[All]})\nusing scope ([Version].[Version Name]{{#filter Version}} * [Item].[Item]{{#filter ProducedItem}}) ;\n\n\n//-- Populating Item Activity 123 Association\n\nevaluatemember Scope :(&AllRoutings * &AllBOMs.[{{Prefix}}-V{{BOMVersion}}-for-{{ProducedItem}}-at-{{Location}}] * [Activity3].[Activity3]{{#filter ProducedItem}}*[Item].[Item]{{#filter ProducedItem}}* [Version].[Version Name]{{#filter Version}} );\nMeasure.[Item Activity 123 Association]=if(Measure.[W Item BOM Routing Association] >0 && [Activity3].[Activity3].#.Name == \"{{ProducedItem}}\") then 1;\nend scope;\n*/"
      },
      {
        "template": "//--Uncomment the below code to enable Net change functionality\n/*\nCartesian Scope: (&AllBOMs.[{{Prefix}}-V{{BOMVersion}}-for-{{ProducedItem}}-at-{{Location}}] * [Location].[Location]{{#filter Location}} *[Item].[Item]{{#filter ProducedItem}}  * [Version].[Version Name]{{#filter Version}});\nMeasure.[o9 BOM Produced NC Addition] = 1;\nend scope;\n\nScope: (&AllBOMs.[{{Prefix}}-V{{BOMVersion}}-for-{{ProducedItem}}-at-{{Location}}] * [Location].[Location]{{#filter Location}} *[Item].[Item]{{#filter ProducedItem}}  * [Version].[Version Name]{{#filter Version}});\nMeasure.[o9 BOM Produced NC Deletion] = Null;\nMeasure.[ERP BOM Produced NC Deletion] = Null;\nend scope;\n*/\nSelect 1;"
      }
    ],
    "JavascriptRules": [],
    "FieldBindings": [
      {
        "fieldName": "Version",
        "title": "Version",
        "type": "picklistDropdown",
        "selectionType": "single",
        "clearSearch": true,
        "source": "filter",
        "DimensionName": "Version",
        "LevelAttributeName": "Version Name",
        "visible": true,
        "isEditable": false,
        "validation": {
          "maxLength": "0",
          "required": true
        }
      },
      {
        "fieldName": "PlanType",
        "title": "Plan Type",
        "Description": "Plan Type",
        "type": "picklistDropdown",
        "selectionType": "single",
        "clearSearch": true,
        "select": "NONE",
        "source": "picklist",
        "key": "MFG Plan Type",
        "visible": true,
        "isEditable": true,
        "validation": {
          "maxLength": "0",
          "required": true
        }
      },
      {
        "fieldName": "Prefix",
        "title": "Prefix",
        "type": "string",
        "selectionType": "single",
        "clearSearch": true,
        "source": "literal",
        "visible": true,
        "isEditable": false,
        "validation": {
          "maxLength": "0",
          "required": true
        },
        "defaultValue": "BOM"
      },
      {
        "fieldName": "Location",
        "title": "Location",
        "type": "picklistDropdown",
        "selectionType": "single",
        "clearSearch": true,
        "select": "NONE",
        "source": "members",
        "DimensionName": "Location",
        "LevelAttributeName": "Location",
        "FilterExpression": "&AllPlantLocations",
        "visible": true,
        "isEditable": true,
        "validation": {
          "maxLength": "0",
          "required": true
        }
      },
      {
        "fieldName": "ProducedItem",
        "title": "Produced Item",
        "type": "picklistDropdown",
        "selectionType": "single",
        "clearSearch": true,
        "select": "NONE",
        "source": "members",
        "DimensionName": "Item",
        "LevelAttributeName": "Item",
        "FilterExpression": "&AllManufacturedItems",
        "visible": true,
        "isEditable": true,
        "validation": {
          "maxLength": "0",
          "required": true
        }
      },
      {
        "fieldName": "BOMStatus",
        "title": "BOM Status",
        "type": "picklistDropdown",
        "selectionType": "single",
        "clearSearch": true,
        "source": "picklist",
        "key": "BOM Status",
        "visible": true,
        "isEditable": true,
        "validation": {
          "maxLength": "0",
          "required": true
        }
      },
      {
        "fieldName": "ProducedQtyPer",
        "title": "Produced Qty Per",
        "type": "number",
        "selectionType": "single",
        "clearSearch": true,
        "source": "literal",
        "visible": true,
        "isEditable": true,
        "validation": {
          "maxLength": "0",
          "required": true
        }
      },
      {
        "fieldName": "BOMVersion",
        "title": "BOM Version",
        "type": "string",
        "clearSearch": true,
        "source": "literal",
        "visible": true,
        "isEditable": true,
        "validation": {
          "maxLength": 100,
          "required": true
        },
        "selectionType": "single"
      }
    ],
    "Range": [],
    "DataSources": [],
    "AutoExecute": false,
    "isAsync": true,
    "hasMembersUpdates": false,
    "Compact": true,
    "TwoColumn": false,
    "IsGlobalForExcelAddIn": false,
    "enableTransaction": false,
    "ReturnFilterByUpdate": false,
    "ExcludeFromNavLink": false,
    "FilterFieldBindings": []
  },
  "Widget": null,
  "Roles": []
}