{
  "Name": "Balance Plan",
  "ViewId": "74f6d609-4ac4-3424-8068-26030162c13d",
  "ContentType": "Regular",
  "Title": "Balance Plan",
  "Position": 0,
  "IsDefault": true,
  "Resource": null,
  "RazorViewTemplate": "_containers",
  "ConfigJson": {
    "WidgetContainers": {
      "Containers": [
        1
      ],
      "Key": 0,
      "IsModified": false,
      "ViewSpread": {
        "RowLevel": 60,
        "ColLevel": 12
      },
      "Data": [
        {
          "Id": "eb1be414-286a-4988-ad6e-dd562dbc0e56",
          "Col": 0,
          "Row": 0,
          "SizeX": 12,
          "SizeY": 60
        }
      ]
    }
  },
  "Roles": [
    "admin",
    "dataadmin",
    "public"
  ]
}