{
  "MeasureName": "Sales % Override PAG C SS",
  "MeasureId": "e930116d-fcb7-4d67-becb-9d26cbb4ba92",
  "MeasureDescription": "Sales % Override at Product Attribute Group - Cluster - Selling Season",
  "DataType": "number",
  "MeasureType": "Regular",
  "AggregateFunction": "Sum",
  "FormatString": "0.00%",
  "MeasureColumnName": "Sales%OverridePASSS",
  "MeasureFormula": "Measure.[Target Sales PAG C SS] / Measure.[Target Sales PAG SS]",
  "IsEditable": true,
  "ApplyConversion": false,
  "ConversionFormula": "",
  "PickListName": null,
  "BgColorFormula": "",
  "FgColorFormula": "",
  "TrendFormula": "",
  "FormattingViewModel": "[]",
  "ParentMeasureName": null,
  "AssociationMeasure": false,
  "IsComputedByPlanningService": false,
  "ToolTip": "Sales % Override at Product Attribute Group - Cluster - Selling Season",
  "ConfigJson": {},
  "ApiName": null,
  "ApiDisabled": false,
  "IsReportingMeasure": false,
  "MeasureConditionalFormulaProperties": [],
  "PicklistSource": null
}