{
  "Name": "SupplyPlan111WSupplierAssignment",
  "Description": "Assign Supplier to Plant location",
  "ActionButtonId": "c4aaf58b-5ad5-4b82-b060-2313e13f5b61",
  "Tooltip": "Assign Supplier to Plant location",
  "ActionButtonType": "Widget",
  "Alignment": "right",
  "IsPopOver": true,
  "IsGlobal": true,
  "ActionClickHandler": null,
  "Icon": null,
  "Image": null,
  "ConfigJson": {
    "DisplayName": "Assign Supplier to Plant location",
    "icon": "plus",
    "SubmitButton": {
      "Label": "Submit"
    },
    "ResetButton": {
      "Label": "Reset"
    },
    "CloseButton": {
      "Label": "Close",
      "ConfirmMessage": "Unsaved changes will be lost. Continue?"
    },
    "NotifyRoles": true,
    "NotifyAll": false,
    "IBPLRules": [
      {
        "template": "/*scope:([Version].[Version Name]{{#filter Version}} * Item.Item.[{{Item}}] * [Supplier].[Supplier Location].[{{Supplier}}] * Location.[Location]{{#filter ToLocation}});\nMeasure.[Item Location Supplier TransMode Association]=null;\nend scope;\n*/\nUpdate Measure.[o9 Item Location Supplier Association]@([Supplier].[Supplier Location].{{Supplier}},[Item].[Item].[{{Item}}],[Location].[Location].[{{ToLocation}}],[Version].[Version Name]{{#filter Version}})= 1;\n\nCartesian Scope: ([Item].[Item].[{{Item}}] * [Location].[Location].[{{ToLocation}}] *[Supplier].[Supplier Location].[{{Supplier}}] * [Version].[Version Name]{{#filter Version}});Measure.[PROC o9 Planned Delivery Time ILS]={{LeadTime}};end scope;\n\n//--Uncomment the below code to enable Net change functionality\n/*\nCartesian Scope: ([Item].[Item].[{{Item}}] * [Location].[Location].[{{ToLocation}}] *[Supplier].[Supplier Location].[{{Supplier}}] * [Version].[Version Name]{{#filter Version}});\nMeasure.[o9 Item Location Supplier Association NC Addition] = 1;\nend scope;\n\nScope: ([Item].[Item].[{{Item}}] * [Location].[Location].[{{ToLocation}}] *[Supplier].[Supplier Location].[{{Supplier}}] * [Version].[Version Name]{{#filter Version}});\nMeasure.[o9 Item Location Supplier Association NC Deletion] = Null;\nMeasure.[ERP Item Location Supplier Association NC Deletion] = Null;\nend scope;\n*/"
      },
      {
        "template": "//--Uncomment the below code to enable Net change functionality\n/*\n//-- populating measure to store supplier name\n\nscope:(Version.[Version Name]{{#filter Version}} * [Supplier].[Supplier Location]{{#filter Supplier}});\nMeasure.[W Location]=if (Measure.[Item Location Supplier TransMode Association]>0) then Supplier.#.Name;\nend scope;\n\n//--Populating the measure for Activity3 members\n\nscope:(Version.[Version Name]{{#filter Version}} * Item.[Item]{{#filter Item}} );\nMeasure.[W Activity3]=if (Measure.[Item Location Supplier TransMode Association]>0) then Item.#.Name;\nend scope;\n\n//--Populating the measure for PROCLane members\n\nscope:(Version.[Version Name]{{#filter Version}} * [Supplier].[Supplier Location]{{#filter Supplier}} * &AllTransModes * Location.[Location]{{#filter ToLocation}} );\nMeasure.[W Activity1]=if ( Measure.[Item Location Supplier TransMode Association]>0) then (\"LANE_From_{{Supplier}}_To_{{ToLocation}}\");\nMeasure.[W Activity1FromLocation]=if ( Measure.[Item Location Supplier TransMode Association]>0) then Supplier.#.Name;\nMeasure.[W Activity1ToLocation]=if ( Measure.[Item Location Supplier TransMode Association]>0) then Location.#.Name;\nend scope;\n\n//--Creating Members for Supplier Location as Location\n\nCreateMember(\nLocation.[Location]={,Measure.[W Location]},\nLocation.[Reporting Location]={,Measure.[W Location]},\nLocation.[Planning Location]={,Measure.[W Location]},\nLocation.[Stat Location]={,Measure.[W Location]},\nLocation.[FN Location]={,Measure.[W Location]},\nLocation.[All Location]={,[All Locations]},\nLocation.[Location Type]={,[Supplier]},\nLocation.[Location Region]={,[Supplier]},\nLocation.[Location Country]={,[Supplier]})\nusing scope (Version.[Version Name]{{#filter Version}} * [Supplier].[Supplier Location]{{#filter Supplier}}) ;\n\n//--Creating Members for Activity3\n\nCreateMember(\nActivity3.[Activity3]={,Measure.[W Activity3]},\nActivity3.[Activity Type3]={,[Item]},\nActivity3.[Activity All3]={,[All]})\nusing scope (Version.[Version Name]{{#filter Version}} * Item.[Item]{{#filter Item}}) ;\n\n\n//--Creating Members for Proclane Activity\n\nCreateMember(\nActivity1.[Activity1]={,Measure.[W Activity1]},\nActivity1.[From Location]={,Measure.[W Activity1FromLocation]},\nActivity1.[To Location]={,Measure.[W Activity1ToLocation]},\nActivity1.[Activity Type1]={,[Procurement]},\nActivity1.[Activity All1]={,[All]})\nusing scope (Version.[Version Name]{{#filter Version}} * [Supplier].[Supplier Location]{{#filter Supplier}} * Location.[Location]{{#filter ToLocation}} * &AllTransModes);\n\n\n//-- populating Item Activity123 association\n\n\nCartesian scope :(Item.[Item]{{#filter Item}} *  [Activity1].[Activity1].[LANE_From_{{Supplier}}_To_{{ToLocation}}] * &AllTransModes * [Activity3].[Activity3]{{#filter Item}} * Version.[Version Name]{{#filter Version}});\nMeasure.[Item Activity 123 Association]=1;\nend scope;\n\nscope :(Item.[Item]{{#filter Item}} *  [Activity1].[Activity1].[LANE_From_{{Supplier}}_To_{{ToLocation}}] * &AllTransModes * [Activity3].[Activity3]{{#filter Item}} * Version.[Version Name]{{#filter Version}});\nMeasure.[Item Activity 123 Association] = if(Measure.[Active for Procurement] > 0) then 1 else Null;\nend scope;\n\ncartesian scope:([Activity1].[Activity1].[LANE_From_{{Supplier}}_To_{{ToLocation}}] * Location.[Location]{{#filter Supplier}} * Version.[Version Name]{{#filter Version}});\nMeasure.[ProcLane From Location Association]=1;\nend scope;\n\ncartesian scope:(Location.[Location]{{#filter Supplier}} * Supplier.[Supplier Location]{{#filter Supplier}} * Version.[Version Name]{{#filter Version}});\nMeasure.[Supplier Location As Location Association]=1;\nend scope;\n\ncartesian scope:([Activity1].[Activity1].[LANE_From_{{Supplier}}_To_{{ToLocation}}] * Location.[Location]{{#filter ToLocation}} * Version.[Version Name]{{#filter Version}});\nMeasure.[ProcLane To Location Association]=1;\nend scope;\n\ncartesian scope:([Activity1].[Activity1].[LANE_From_{{Supplier}}_To_{{ToLocation}}] * Supplier.[Supplier Location]{{#filter Supplier}} * Version.[Version Name]{{#filter Version}});\nMeasure.[ProcLane Supplier Location Association]=1;\nend scope;\n*/\n\nSelect 1;"
      }
    ],
    "JavascriptRules": [],
    "FieldBindings": [
      {
        "fieldName": "Version",
        "title": "Version Name",
        "Description": "Version Name",
        "type": "picklistDropdown",
        "selectionType": "single",
        "clearSearch": true,
        "source": "filter",
        "DimensionName": "Version",
        "LevelAttributeName": "Version Name",
        "visible": true,
        "isEditable": false,
        "validation": {
          "maxLength": "0",
          "required": true
        }
      },
      {
        "fieldName": "Item",
        "title": "Procured Item",
        "Description": "Procured Item",
        "type": "picklistDropdown",
        "fieldGroup": "Select",
        "selectionType": "single",
        "clearSearch": true,
        "select": "NONE",
        "source": "datasource",
        "key": "Item",
        "valueField": "Name",
        "textField": "Name",
        "visible": true,
        "isEditable": true,
        "validation": {
          "maxLength": "0",
          "required": true
        },
        "overrideFieldBindingType": false
      },
      {
        "fieldName": "Supplier",
        "title": "Supplier Location",
        "Description": "Supplier Location",
        "type": "picklistDropdown",
        "fieldGroup": "Select",
        "selectionType": "single",
        "clearSearch": true,
        "select": "NONE",
        "source": "members",
        "DimensionName": "Supplier",
        "LevelAttributeName": "Supplier Location",
        "visible": true,
        "isEditable": true,
        "validation": {
          "maxLength": "0",
          "required": true
        }
      },
      {
        "fieldName": "ToLocation",
        "title": "Plant Location",
        "Description": "Plant Location",
        "type": "picklist",
        "selectionType": "single",
        "clearSearch": true,
        "select": "NONE",
        "source": "members",
        "DimensionName": "Location",
        "LevelAttributeName": "Location",
        "visible": true,
        "isEditable": true,
        "validation": {
          "maxLength": "0",
          "required": true
        },
        "FilterExpression": "&AllPlantLocations"
      },
      {
        "fieldName": "LeadTime",
        "title": "Planned Delivery Time",
        "type": "number",
        "fieldGroup": "Select",
        "clearSearch": true,
        "source": "literal",
        "defaultValue": "1",
        "visible": true,
        "isEditable": true,
        "validation": {
          "maxLength": "0",
          "required": false
        }
      }
    ],
    "Range": [],
    "DataSources": [
      {
        "Name": "Item",
        "IBPLRules": [
          {
            "template": "Select (&AllRawMaterials);"
          }
        ],
        "JavascriptRules": [],
        "FieldBindings": [],
        "IncludeDSFieldsOnly": false
      }
    ],
    "AutoExecute": false,
    "isAsync": false,
    "hasMembersUpdates": false,
    "Compact": false,
    "TwoColumn": true,
    "IsGlobalForExcelAddIn": false,
    "ReturnFilterByUpdate": false,
    "ExcludeFromNavLink": false,
    "FilterFieldBindings": []
  },
  "Widget": null,
  "Roles": []
}