{
  "Name": "SupplyPlan107WAddPriorityGroupRuleExisting",
  "Description": null,
  "ActionButtonId": "bd6a3b82-fc00-487c-8bbd-71a6dab8ea6a",
  "Tooltip": "Add Priority Rule using existing rule member",
  "ActionButtonType": "Rule",
  "Alignment": "right",
  "IsPopOver": true,
  "IsGlobal": false,
  "ActionClickHandler": null,
  "Icon": null,
  "Image": null,
  "ConfigJson": {
    "icon": "plus",
    "Position": "0",
    "SubmitButton": {
      "Label": "Submit"
    },
    "ResetButton": {
      "Label": "Reset"
    },
    "CloseButton": {
      "Label": "Close",
      "ConfirmMessage": "Unsaved changes will be lost. Continue?"
    },
    "NotifyRoles": true,
    "NotifyAll": false,
    "IBPLRules": [
      {
        "template": "select(\"Add Priority Rule\");\n{{#if PriorityRuleSequence}}\ncartesian scope:([Prioritization].[Priority Rule]{{#filter PriorityRuleName}} * [Demand Priority Group].[Priority Group].[{{PriorityGroup}}]  * [Plan Type].[Plan Type].{{PlanType}} * [Data Object].[Data Object].{{DataObject}} * [Version].[Version Name].[{{Version}}] );\nMeasure.[Priority Rule Sequence]={{PriorityRuleSequence}};\nend scope;\n\n{{#else}}\ncartesian scope:([Prioritization].[Priority Rule]{{#filter PriorityRuleName}} * [Demand Priority Group].[Priority Group].[{{PriorityGroup}}]  * [Plan Type].[Plan Type].{{PlanType}} * [Data Object].[Data Object].{{DataObject}} * [Version].[Version Name].[{{Version}}] );\nMeasure.[Priority Rule Sequence]=1;\nend scope;\n\n{{/if}}\n\n{{#if PriorityNumber}}\ncartesian scope:([Prioritization].[Priority Rule]{{#filter PriorityRuleName}} * [Demand Priority Group].[Priority Group].[{{PriorityGroup}}]  * [Plan Type].[Plan Type].{{PlanType}} * [Data Object].[Data Object].{{DataObject}} * [Version].[Version Name].[{{Version}}] );\nMeasure.[Priority Number] = {{PriorityNumber}};\nend scope;\n\n{{#else}}\n\ncartesian scope:([Prioritization].[Priority Rule]{{#filter PriorityRuleName}} * [Demand Priority Group].[Priority Group].[{{PriorityGroup}}]  * [Plan Type].[Plan Type].{{PlanType}} * [Data Object].[Data Object].{{DataObject}} * [Version].[Version Name].[{{Version}}] );\nMeasure.[Priority Number] = 1;\nend scope;\n\n{{/if}}"
      }
    ],
    "JavascriptRules": [],
    "FieldBindings": [
      {
        "fieldName": "Version",
        "title": "Version",
        "Description": "Version",
        "type": "picklistDropdown",
        "selectionType": "single",
        "clearSearch": true,
        "source": "filter",
        "DimensionName": "Version",
        "LevelAttributeName": "Version Name",
        "visible": true,
        "isEditable": true,
        "validation": {
          "maxLength": "0",
          "required": true
        }
      },
      {
        "fieldName": "PlanType",
        "title": "Plan Type",
        "Description": "Plan Type",
        "type": "picklistDropdown",
        "selectionType": "single",
        "clearSearch": true,
        "source": "filter",
        "DimensionName": "Plan Type",
        "LevelAttributeName": "Plan Type",
        "visible": true,
        "isEditable": true,
        "validation": {
          "maxLength": "0",
          "required": true
        }
      },
      {
        "fieldName": "DataObject",
        "title": "Data Object",
        "Description": "Data Object",
        "type": "picklistDropdown",
        "clearSearch": true,
        "source": "filter",
        "DimensionName": "Data Object",
        "LevelAttributeName": "Data Object",
        "visible": true,
        "isEditable": true,
        "validation": {
          "maxLength": "0",
          "required": true
        },
        "selectionType": "single"
      },
      {
        "fieldName": "PriorityGroup",
        "title": "Priority Group",
        "Description": "Priority Group",
        "type": "picklistDropdown",
        "selectionType": "single",
        "clearSearch": true,
        "source": "filter",
        "DimensionName": "Demand Priority Group",
        "LevelAttributeName": "Priority Group",
        "visible": true,
        "isEditable": true,
        "validation": {
          "maxLength": "0",
          "required": true
        }
      },
      {
        "fieldName": "PriorityRuleSequence",
        "title": "Priority Rule Sequence",
        "Description": "Priority Rule Sequence",
        "type": "combobox",
        "selectionType": "single",
        "clearSearch": true,
        "source": "datasource",
        "key": "PriorityRuleSequence",
        "valueField": "PriorityRuleSequenceplus1",
        "textField": "PriorityRuleSequenceplus1",
        "visible": true,
        "isEditable": true,
        "cascadeFrom": "PriorityGroup",
        "validation": {
          "maxLength": "0",
          "required": false
        },
        "select": "ALL",
        "overrideFieldBindingType": false
      },
      {
        "fieldName": "PriorityNumber",
        "title": "Priority Number",
        "Description": "Priority Number",
        "type": "combobox",
        "selectionType": "single",
        "clearSearch": true,
        "select": "ALL",
        "source": "datasource",
        "key": "PriorityRule",
        "valueField": "PriorityNumberplus1",
        "textField": "PriorityNumberplus1",
        "visible": true,
        "isEditable": true,
        "cascadeFrom": "PriorityGroup",
        "validation": {
          "maxLength": "0",
          "required": false
        },
        "overrideFieldBindingType": false
      },
      {
        "fieldName": "PriorityRuleName",
        "title": "Priority Rule member",
        "type": "picklistDropdown",
        "selectionType": "single",
        "clearSearch": true,
        "source": "members",
        "DimensionName": "Prioritization",
        "LevelAttributeName": "Priority Rule",
        "FilterExpression": "[Prioritization].[Priority Rule].filter(#.Name != \"GroupFilter\")",
        "visible": true,
        "isEditable": true,
        "validation": {
          "maxLength": "0",
          "required": true
        }
      }
    ],
    "Range": [],
    "DataSources": [
      {
        "Name": "PriorityRuleSequence",
        "IBPLRules": [
          {
            "template": "Select ([Demand Priority Group].[Priority Group].[{{PriorityGroup}}] * [Version].[Version Name].[{{Version}}] *{Measure.[Priority Rule Sequence], (Measure.[Priority Rule Sequence]+1) as Transient.PriorityRuleSequenceplus1});"
          }
        ],
        "JavascriptRules": [],
        "FieldBindings": [],
        "IncludeDSFieldsOnly": false
      },
      {
        "Name": "PriorityRule",
        "IBPLRules": [
          {
            "template": "Select ([Demand Priority Group].[Priority Group].[{{PriorityGroup}}] * [Version].[Version Name].[{{Version}}] *{Measure.[Priority Number], (Measure.[Priority Number]+1) as Transient.PriorityNumberplus1});"
          }
        ],
        "JavascriptRules": [],
        "FieldBindings": [],
        "IncludeDSFieldsOnly": false
      }
    ],
    "AutoExecute": false,
    "isAsync": false,
    "hasMembersUpdates": true,
    "Compact": false,
    "TwoColumn": true,
    "IsGlobalForExcelAddIn": false,
    "ExcludeFromNavLink": false,
    "FilterFieldBindings": [],
    "enableTransaction": false
  },
  "Widget": null,
  "Roles": []
}