{
  "Name": "o9EKG Table Error Details Chart",
  "WidgetDefinitionId": "104df6d5-d0eb-d707-9c70-b21cd7b7820b",
  "IsPrivate": false,
  "WidgetType": "o9.linechart",
  "ViewWidgetDefinition": null,
  "PageWidgetDefinition": null,
  "CreatedUserEmail": "sanjeev.singh@o9solutions.com",
  "ModifiedUserEmail": "sanjeev.singh@o9solutions.com",
  "Roles": [
    "public"
  ],
  "ConfigJson": {
    "Widget": {
      "Height": 550,
      "ActionButtons": []
    },
    "Presentation": {
      "FilterProperties": "",
      "Cumulative": "Enable",
      "EnableComparison": false,
      "EnableMultiVersionMultiMeasure": false,
      "Y1": {
        "Min": "0",
        "Max": "100",
        "Format": ""
      },
      "Y2": {
        "Min": "",
        "Max": "",
        "Format": ""
      },
      "XAxis": {
        "EnableSort": false,
        "SortDirection": "Descending",
        "SortLimit": "0"
      },
      "IsGraphReport": false,
      "IsMultiGraphReport": false,
      "LevelAttributes": [
        {
          "Id": "fddbd1b4-7489-a120-4b82-5e79f05c1985",
          "AttributeName": "Error Table",
          "Dimension": "o9EKG Delta Table",
          "Axis": "row",
          "ShowInfo": {
            "ShowDetail": true,
            "ShowPulse": true,
            "ShowTask": true,
            "ShowMarketIntelligence": true
          },
          "IsDefault": true,
          "ShortName": "Table Name",
          "XAxisSelectedMember": "",
          "SortBy": "",
          "SortOrder": ""
        }
      ],
      "FilterGroups": [
        {
          "GroupName": "Version Name",
          "HierarchyId": "",
          "Id": "e06f98ab-a053-4b9f-b9c8-b28f8045fc04",
          "Attributes": [
            "211b33d5-d91f-40ec-9668-20e0da2ae7b3"
          ]
        },
        {
          "GroupName": "Batch ID",
          "HierarchyId": "",
          "Id": "fe30b4d8-0b64-4cd4-b27a-bf85934f0218",
          "Attributes": [
            "f7839f47-2415-0deb-9ef3-5e04980b1086"
          ]
        },
        {
          "GroupName": "Error Table",
          "HierarchyId": "203234f9-1afe-a6df-6d73-60c3ea52250b",
          "Id": "e22e1e44-d8a4-4c0b-b984-640b135a6cca",
          "Attributes": [
            "fddbd1b4-7489-a120-4b82-5e79f05c1985"
          ]
        }
      ],
      "MeasureCollections": [
        {
          "Measures": [
            {
              "Name": "o9EKG Table Error Percentage",
              "Id": "2fb35ba8-c186-c3fc-365c-a506e17b7b27",
              "Visible": true,
              "Type": "Bar",
              "ShowPointLabel": false,
              "Color": "rgba(177, 81, 154, 1)",
              "ShowColorForNegVal": false,
              "Format": "",
              "ThresholdInfo": [
                {
                  "ThresholdVal": 0,
                  "ColorForNegVal": ""
                }
              ],
              "ShowMarker": false,
              "MarkerInfo": [
                {
                  "MarkerColor": "",
                  "MarkerSize": 10,
                  "MarkerLineWidth": 3,
                  "MarkerStyle": "circle"
                }
              ],
              "ShowPopover": true,
              "OtherMeasures": [
                "2fb35ba8-c186-c3fc-365c-a506e17b7b27"
              ],
              "ShowInfo": {
                "ShowDetail": true,
                "ShowPulse": true,
                "ShowTask": true,
                "ShowMarketIntelligence": true
              },
              "ChildMeasureCollections": null
            }
          ]
        }
      ],
      "MeasureCollections2": [],
      "AlwaysOnMeasureCollections": [],
      "GraphRelations": [],
      "Folders": []
    }
  },
  "WidgetKeywordTags": [],
  "DimensionAttributeUsages": [],
  "WidgetModel": {
    "WidgetModelId": "bc2b8124-0ca9-4db7-89a5-e0836be09c98",
    "ConfigJson": {
      "LevelAttributes": [
        {
          "Id": "fddbd1b4-7489-a120-4b82-5e79f05c1985",
          "AttributeName": "Error Table",
          "Dimension": "o9EKG Delta Table",
          "DimensionId": 3240696,
          "IsFilter": true,
          "Axis": "none",
          "IsDefault": true,
          "AllSelection": true,
          "SelectedMembers": [],
          "Name": "Error Table",
          "DimensionName": "o9EKG Delta Table",
          "OverrideFavSelection": false,
          "CurrencyFilter": false,
          "IsSingleSelect": false,
          "MemberFilterExpression": "",
          "DefaultValueExpression": "",
          "WorksheetLevelFilter": false,
          "HideDummyMembers": false,
          "SortBy": "",
          "SortOrder": "",
          "IsNarrowYourSelection": false,
          "Position": -860
        },
        {
          "Id": "f7839f47-2415-0deb-9ef3-5e04980b1086",
          "AttributeName": "Batch ID",
          "Dimension": "o9EKG Batch",
          "DimensionId": 3240703,
          "IsFilter": true,
          "Axis": "none",
          "IsDefault": true,
          "AllSelection": false,
          "SelectedMembers": [
            {
              "Name": "20240917_135643",
              "DisplayAlias": null
            }
          ],
          "Name": "Batch ID",
          "DimensionName": "o9EKG Batch",
          "OverrideFavSelection": false,
          "CurrencyFilter": false,
          "IsSingleSelect": false,
          "MemberFilterExpression": "",
          "DefaultValueExpression": "",
          "WorksheetLevelFilter": false,
          "HideDummyMembers": false,
          "SortBy": "",
          "SortOrder": "",
          "IsNarrowYourSelection": false,
          "Position": -830
        },
        {
          "Id": "211b33d5-d91f-40ec-9668-20e0da2ae7b3",
          "AttributeName": "Version Name",
          "Dimension": "Version",
          "DimensionId": 3240686,
          "IsFilter": true,
          "Axis": "none",
          "IsDefault": true,
          "AllSelection": false,
          "SelectedMembers": [
            {
              "Name": "CurrentWorkingView"
            }
          ],
          "Name": "Version Name",
          "DimensionName": "Version",
          "OverrideFavSelection": false,
          "IsSingleSelect": false,
          "MemberFilterExpression": "",
          "DefaultValueExpression": "",
          "WorksheetLevelFilter": false,
          "HideDummyMembers": false,
          "SortBy": "",
          "SortOrder": "",
          "IsNarrowYourSelection": false,
          "Position": 122
        },
        {
          "Id": "fddbd1b4-7489-a120-4b82-5e79f05c1985",
          "AttributeName": "Error Table",
          "Dimension": "o9EKG Delta Table",
          "EdgeDirection": null,
          "IsFilter": false,
          "Axis": "row",
          "IsDefault": true,
          "AllSelection": false,
          "SelectedMembers": [],
          "Name": "Error Table",
          "DimensionName": "o9EKG Delta Table",
          "ShortName": "Table Name",
          "XAxisSelectedMember": "",
          "SortBy": "",
          "SortOrder": ""
        }
      ],
      "PeggingAttributes": [],
      "FlowPlanAttributes": [],
      "Hierarchies": [],
      "NamedSets": [],
      "RegularMeasures": [
        {
          "Id": "2fb35ba8-c186-c3fc-365c-a506e17b7b27",
          "Name": "o9EKG Table Error Percentage"
        }
      ],
      "TransientMeasures": [],
      "GraphRelations": [],
      "Folders": [],
      "AssociationMeasures": [
        {
          "MeasureFilterIBPLExpression": "",
          "MeasureFilterScope": "Post Filter"
        }
      ],
      "AssociationMeasureExpressions": [
        {
          "Expression": ""
        }
      ],
      "DataProperties": {
        "IncludeInactiveMembers": false,
        "IncludeNulls": false,
        "NullsForFinerGrainSelect": false,
        "NullsForUnrelatedAttrSelect": false,
        "SubTotalsType": "NoSubtotals",
        "IncludeNullsForSeries": "",
        "AssociationMeasureExpression": "",
        "MeasureValueFilters": ""
      },
      "FilterProperties": {
        "VersionDependentFilter": false,
        "InterDependentMeasure": {},
        "ExcludeVersionInFavorite": false
      },
      "FilterGroups": [
        {
          "Id": "e06f98ab-a053-4b9f-b9c8-b28f8045fc04",
          "GroupName": "Version Name",
          "HierarchyId": "",
          "IsHierGroup": false,
          "Attributes": [
            {
              "AttributeId": 19397557,
              "AttributeName": "Version Name",
              "LevelPosition": 0,
              "AttributeGuid": "211b33d5-d91f-40ec-9668-20e0da2ae7b3",
              "IsKey": true,
              "GivenName": "Version Name",
              "PresentationName": "Version Name"
            }
          ],
          "IsNamedSet": false,
          "DimensionId": 3240686,
          "DimensionName": "Version"
        },
        {
          "Id": "fe30b4d8-0b64-4cd4-b27a-bf85934f0218",
          "GroupName": "Batch ID",
          "HierarchyId": "",
          "IsHierGroup": false,
          "Attributes": [
            {
              "AttributeId": 19397717,
              "AttributeName": "Batch ID",
              "LevelPosition": 0,
              "AttributeGuid": "f7839f47-2415-0deb-9ef3-5e04980b1086",
              "IsKey": true,
              "GivenName": "Batch ID",
              "PresentationName": "Batch ID"
            }
          ],
          "IsNamedSet": false,
          "DimensionId": 3240703,
          "DimensionName": "o9EKG Batch"
        },
        {
          "Id": "e22e1e44-d8a4-4c0b-b984-640b135a6cca",
          "DimensionId": 3240696,
          "DimensionName": "o9EKG Delta Table",
          "GroupName": "Error Table",
          "HierarchyId": "203234f9-1afe-a6df-6d73-60c3ea52250b",
          "HierarchyName": "Error Table Display",
          "IsHierGroup": false,
          "Attributes": [
            {
              "Id": 7443167,
              "LevelName": "Error Table",
              "LevelId": "76c09d96-2e5e-9af3-706c-428342ca38a4",
              "AttributeId": 19397703,
              "AttributeName": "Error Table",
              "LevelPosition": 0,
              "HierarchyId": 1734373,
              "AttributeGuid": "fddbd1b4-7489-a120-4b82-5e79f05c1985",
              "IsUIPrefAttr": false,
              "PresentationName": "Error Table",
              "GivenName": "Error Table",
              "TranslationName": "Table Name"
            }
          ],
          "IsNamedSet": false
        }
      ]
    }
  }
}