{
  "Name": "o9EKG BatchDurationChart",
  "WidgetDefinitionId": "9ad47697-3645-5df6-56c0-cf427522235d",
  "IsPrivate": false,
  "WidgetType": "o9.linechart",
  "ViewWidgetDefinition": null,
  "PageWidgetDefinition": null,
  "CreatedUserEmail": "sanjeev.singh@o9solutions.com",
  "ModifiedUserEmail": "shrey.mahant@o9solutions.com",
  "Roles": [
    "public"
  ],
  "ConfigJson": {
    "Widget": {
      "Height": 550,
      "ActionButtons": []
    },
    "Presentation": {
      "FilterProperties": "",
      "Cumulative": "Enable",
      "EnableComparison": false,
      "EnableMultiVersionMultiMeasure": false,
      "Y1": {
        "Min": "",
        "Max": "",
        "Format": ""
      },
      "Y2": {
        "Min": "",
        "Max": "",
        "Format": ""
      },
      "XAxis": {
        "EnableSort": false,
        "SortDirection": "Descending",
        "SortLimit": "0"
      },
      "IsGraphReport": false,
      "IsMultiGraphReport": false,
      "LevelAttributes": [
        {
          "Id": "f7839f47-2415-0deb-9ef3-5e04980b1086",
          "AttributeName": "Batch ID",
          "Dimension": "o9EKG Batch",
          "Axis": "row",
          "ShowInfo": {
            "ShowDetail": true,
            "ShowPulse": true,
            "ShowTask": true,
            "ShowMarketIntelligence": true
          },
          "IsDefault": true,
          "ShortName": "",
          "XAxisSelectedMember": "",
          "SortBy": "Name",
          "SortOrder": "Ascending"
        }
      ],
      "FilterGroups": [
        {
          "GroupName": "Batch ID",
          "HierarchyId": "",
          "Id": "a36d29d9-8392-461e-b53e-cfda01708283",
          "Attributes": [
            "f7839f47-2415-0deb-9ef3-5e04980b1086"
          ]
        },
        {
          "GroupName": "Version Name",
          "HierarchyId": "",
          "Id": "ec46093b-70e9-4dd1-ac85-6c2910b7a3c7",
          "Attributes": [
            "211b33d5-d91f-40ec-9668-20e0da2ae7b3"
          ]
        }
      ],
      "MeasureCollections": [
        {
          "Measures": [
            {
              "Name": "o9EKG Total Batch Duration (mins)",
              "Id": "1966a4c7-1395-f43f-a2f8-e1f83ff00f6e",
              "Visible": true,
              "Type": "Bar",
              "ShowPointLabel": false,
              "Color": "",
              "ShowColorForNegVal": false,
              "Format": "",
              "ThresholdInfo": [
                {
                  "ThresholdVal": 0,
                  "ColorForNegVal": ""
                }
              ],
              "ShowMarker": false,
              "MarkerInfo": [
                {
                  "MarkerColor": "",
                  "MarkerSize": 10,
                  "MarkerLineWidth": 3,
                  "MarkerStyle": "circle"
                }
              ],
              "ShowPopover": true,
              "OtherMeasures": [
                "1966a4c7-1395-f43f-a2f8-e1f83ff00f6e"
              ],
              "ShowInfo": {
                "ShowDetail": true,
                "ShowPulse": true,
                "ShowTask": true,
                "ShowMarketIntelligence": true
              },
              "ChildMeasureCollections": null
            }
          ]
        }
      ],
      "MeasureCollections2": [],
      "AlwaysOnMeasureCollections": [],
      "GraphRelations": [],
      "Folders": []
    }
  },
  "WidgetKeywordTags": [],
  "DimensionAttributeUsages": [],
  "WidgetModel": {
    "WidgetModelId": "96e46002-0999-4022-a647-4bc17b9e24a0",
    "ConfigJson": {
      "LevelAttributes": [
        {
          "Id": "f7839f47-2415-0deb-9ef3-5e04980b1086",
          "AttributeName": "Batch ID",
          "Dimension": "o9EKG Batch",
          "DimensionId": 2541945,
          "IsFilter": true,
          "Axis": "none",
          "IsDefault": true,
          "AllSelection": true,
          "SelectedMembers": [],
          "Name": "Batch ID",
          "DimensionName": "o9EKG Batch",
          "OverrideFavSelection": false,
          "CurrencyFilter": false,
          "IsSingleSelect": false,
          "MemberFilterExpression": "",
          "DefaultValueExpression": "",
          "WorksheetLevelFilter": false,
          "HideDummyMembers": false,
          "SortBy": "",
          "SortOrder": "",
          "IsNarrowYourSelection": false,
          "Position": -830
        },
        {
          "Id": "211b33d5-d91f-40ec-9668-20e0da2ae7b3",
          "AttributeName": "Version Name",
          "Dimension": "Version",
          "DimensionId": 2495993,
          "IsFilter": true,
          "Axis": "none",
          "IsDefault": true,
          "AllSelection": false,
          "SelectedMembers": [
            {
              "Name": "CurrentWorkingView"
            }
          ],
          "Name": "Version Name",
          "DimensionName": "Version",
          "OverrideFavSelection": false,
          "IsSingleSelect": false,
          "MemberFilterExpression": "",
          "DefaultValueExpression": "",
          "WorksheetLevelFilter": false,
          "HideDummyMembers": false,
          "SortBy": "",
          "SortOrder": "",
          "IsNarrowYourSelection": false,
          "Position": 122
        },
        {
          "Id": "f7839f47-2415-0deb-9ef3-5e04980b1086",
          "AttributeName": "Batch ID",
          "Dimension": "o9EKG Batch",
          "EdgeDirection": null,
          "IsFilter": false,
          "Axis": "row",
          "IsDefault": true,
          "AllSelection": false,
          "SelectedMembers": [],
          "Name": "Batch ID",
          "DimensionName": "o9EKG Batch",
          "ShortName": "",
          "XAxisSelectedMember": "",
          "SortBy": "Name",
          "SortOrder": "Ascending"
        }
      ],
      "PeggingAttributes": [],
      "FlowPlanAttributes": [],
      "Hierarchies": [],
      "NamedSets": [],
      "RegularMeasures": [
        {
          "Id": "1966a4c7-1395-f43f-a2f8-e1f83ff00f6e",
          "Name": "o9EKG Total Batch Duration (mins)"
        }
      ],
      "TransientMeasures": [],
      "GraphRelations": [],
      "Folders": [],
      "AssociationMeasures": [
        {
          "MeasureFilterIBPLExpression": "",
          "MeasureFilterScope": "Post Filter"
        }
      ],
      "AssociationMeasureExpressions": [
        {
          "Expression": ""
        }
      ],
      "DataProperties": {
        "IncludeInactiveMembers": false,
        "IncludeNulls": false,
        "NullsForFinerGrainSelect": false,
        "NullsForUnrelatedAttrSelect": false,
        "SubTotalsType": "NoSubtotals",
        "IncludeNullsForSeries": "",
        "AssociationMeasureExpression": "",
        "MeasureValueFilters": ""
      },
      "FilterProperties": {
        "VersionDependentFilter": false,
        "InterDependentMeasure": {},
        "ExcludeVersionInFavorite": false
      },
      "FilterGroups": [
        {
          "Id": "a36d29d9-8392-461e-b53e-cfda01708283",
          "GroupName": "Batch ID",
          "HierarchyId": "",
          "IsHierGroup": false,
          "Attributes": [
            {
              "AttributeId": 15145428,
              "AttributeName": "Batch ID",
              "LevelPosition": 0,
              "AttributeGuid": "f7839f47-2415-0deb-9ef3-5e04980b1086",
              "IsKey": true,
              "GivenName": "Batch ID",
              "PresentationName": "Batch ID"
            }
          ],
          "IsNamedSet": false,
          "DimensionId": 2541945,
          "DimensionName": "o9EKG Batch"
        },
        {
          "Id": "ec46093b-70e9-4dd1-ac85-6c2910b7a3c7",
          "GroupName": "Version Name",
          "HierarchyId": "",
          "IsHierGroup": false,
          "Attributes": [
            {
              "AttributeId": 14870204,
              "AttributeName": "Version Name",
              "LevelPosition": 0,
              "AttributeGuid": "211b33d5-d91f-40ec-9668-20e0da2ae7b3",
              "IsKey": true,
              "GivenName": "Version Name",
              "PresentationName": "Version Name"
            }
          ],
          "IsNamedSet": false,
          "DimensionId": 2495993,
          "DimensionName": "Version"
        }
      ]
    }
  }
}