{
  "Name": "MFPInfoBUAttrPlan",
  "Description": "Information",
  "ActionButtonId": "fde7e21a-946f-b20c-ed3a-269685c1329c",
  "Tooltip": "Report Information",
  "ActionButtonType": "Widget",
  "Alignment": "right",
  "IsPopOver": true,
  "IsGlobal": true,
  "ActionClickHandler": null,
  "Icon": null,
  "Image": null,
  "ConfigJson": {
    "icon": "info-circle",
    "SubmitButton": {
      "Label": " "
    },
    "ResetButton": {},
    "CloseButton": {
      "Label": " "
    },
    "NotifyRoles": false,
    "NotifyAll": false,
    "IBPLRules": [],
    "JavascriptRules": [],
    "FieldBindings": [
      {
        "fieldName": "Information",
        "title": "Information",
        "type": "info",
        "clearSearch": true,
        "source": "literal",
        "defaultValue": "<!DOCTYPE html> <html lang=\"en\"> <head>     <meta charset=\"UTF-8\">     <meta name=\"viewport\" content=\"width=device-width, initial-scale=1.0\">     <title>Attribute Plan Seeding</title> </head> <body style=\"text-align: left;\">     <p style=\"text-align: left;\"><strong>Overview</strong></p>     <p style=\"text-align: left;\">         Allows the merchandise planner to seed the Attribute Plan with historical sales data at the Attribute level. This enables them to plan          Sales, Margin, and key components for future seasons, using past trends as a foundation.     </p>      <p style=\"text-align: left;\"><strong>How to Use</strong></p>     <p style=\"text-align: left;\">         1. Click \"Seed plan\" to seed the plan with any of the options: LY (Last Year), LLY (Last Last Year), LLLY (Last Last Last Year),          LRP (Long Range Plan), Adj LY (Adjusted Last Year), or Weighted.<br><br>         (LRP- LY Actuals + Planned values for unrealized months, Adj LY- Based on week mapping present in the Planning Admin workspace.)<br><br>                  2. Planner plans Sales, Components of Sales, Growth, and Margin values for the planning season.<br><br>          3. Click \"Approve Plan\" to copy the values to the Approved set of measures, which can be seen in the next view \"Approved Plan\".     </p> </body> </html>",
        "visible": true,
        "isEditable": true,
        "validation": {
          "maxLength": "0",
          "required": true
        }
      }
    ],
    "Range": [],
    "DataSources": [],
    "AutoExecute": false,
    "isAsync": false,
    "hasMembersUpdates": false,
    "Compact": false,
    "TwoColumn": false,
    "IsGlobalForExcelAddIn": false,
    "ReturnFilterByUpdate": false,
    "ExcludeFromNavLink": false,
    "FilterFieldBindings": []
  },
  "Widget": null,
  "Roles": []
}