{
  "MeasureName": "TD Ttl Sls Build %",
  "MeasureId": "fc27f5d3-7a92-484e-b817-a5971b6e56f2",
  "MeasureDescription": "TD Total Sales Build %",
  "DataType": "number",
  "MeasureType": "Regular",
  "AggregateFunction": "Computed",
  "FormatString": "0.00%",
  "MeasureColumnName": "TDTtlSlsBuild%",
  "MeasureFormula": "safedivide(Measure.[TD Ttl Sls Rtl]-Measure.[TD Ttl Sls Rtl]@(Time.#.LeadOffset(-1)),Measure.[TD Ttl Sls Rtl]@(Time.#.LeadOffset(-1)))",
  "IsEditable": false,
  "ApplyConversion": false,
  "ConversionFormula": "",
  "PickListName": null,
  "BgColorFormula": "",
  "FgColorFormula": "",
  "TrendFormula": "",
  "FormattingViewModel": "[]",
  "ParentMeasureName": null,
  "AssociationMeasure": false,
  "IsComputedByPlanningService": false,
  "ToolTip": "TD Total Sales Rtl - (Previous planning period's TD Total Sales Rtl /Previous planning period's TD Total Sales Rtl)",
  "ConfigJson": {},
  "ApiName": null,
  "ApiDisabled": false,
  "IsReportingMeasure": false,
  "MeasureConditionalFormulaProperties": [],
  "PicklistSource": null
}