{
  "Name": "007RemoveRealignment",
  "Description": null,
  "ActionButtonId": "beb07857-cae6-62f4-43b9-11713e1d7901",
  "Tooltip": "Remove Realignment",
  "ActionButtonType": "Rule",
  "Alignment": "right",
  "IsPopOver": true,
  "IsGlobal": false,
  "ActionClickHandler": null,
  "Icon": null,
  "Image": null,
  "ConfigJson": {
    "DisplayName": "Realignment",
    "icon": "trash",
    "Position": "0",
    "SubmitButton": {
      "Label": "Submit"
    },
    "ResetButton": {
      "Label": "Reset"
    },
    "CloseButton": {
      "Label": "Close",
      "ConfirmMessage": "Unsaved changes will be lost. Continue?"
    },
    "NotifyRoles": true,
    "NotifyAll": false,
    "IBPLRules": [
      {
        "template": "exec procedure o9DP0921RemoveRealignment {\"VersionName\" : [{{#csv VersionName}}],  \"DataObject\" : [{{#csv DataObject}}], \"Rule\" : [{{#csv Rule}}], \"Sequence\" : [{{#csv Sequence}}]};"
      }
    ],
    "JavascriptRules": [],
    "FieldBindings": [
      {
        "fieldName": "VersionName",
        "title": "Version Name",
        "type": "picklist",
        "selectionType": "single",
        "clearSearch": true,
        "source": "filter",
        "DimensionName": "Version",
        "LevelAttributeName": "Version Name",
        "visible": true,
        "isEditable": false,
        "validation": {
          "maxLength": "0",
          "required": true
        }
      },
      {
        "fieldName": "DataObject",
        "title": "Data Object",
        "type": "picklist",
        "selectionType": "single",
        "clearSearch": true,
        "source": "parentAttribute",
        "DimensionName": "Data Object",
        "key": {
          "LevelAttribute": {
            "Name": "Data Object",
            "Property": "Name"
          }
        },
        "visible": false,
        "isEditable": false,
        "validation": {
          "maxLength": "0",
          "required": true
        }
      },
      {
        "fieldName": "Rule",
        "title": "Rule",
        "type": "picklist",
        "selectionType": "single",
        "clearSearch": true,
        "source": "parentAttribute",
        "DimensionName": "DM Rule",
        "key": {
          "LevelAttribute": {
            "Name": "Rule",
            "Property": "Name"
          }
        },
        "visible": false,
        "isEditable": false,
        "validation": {
          "maxLength": "0",
          "required": true
        }
      },
      {
        "fieldName": "Sequence",
        "title": "Sequence",
        "Description": "Sequence",
        "type": "picklist",
        "selectionType": "single",
        "clearSearch": true,
        "source": "parentAttribute",
        "DimensionName": "Sequence",
        "key": {
          "LevelAttribute": {
            "Name": "Sequence",
            "Property": "Name"
          }
        },
        "visible": false,
        "isEditable": false,
        "validation": {
          "maxLength": "0",
          "required": true
        }
      }
    ],
    "Range": [],
    "DataSources": [
      {
        "Name": "Itemlevel",
        "IBPLRules": [
          {
            "template": "Select([Version].[Version Name]{{#filter Version}} * [Data Object].[Data Object]{{#filter DataObject}}) on row,\n({Measure.[Data Object Item Level]}) on column;"
          }
        ],
        "JavascriptRules": [],
        "IncludeDSFieldsOnly": false,
        "FieldBindings": []
      },
      {
        "Name": "Accountlevel",
        "IBPLRules": [
          {
            "template": "Select([Version].[Version Name]{{#filter Version}} * [Data Object].[Data Object]{{#filter DataObject}}) on row,\n({Measure.[Data Object Account Level]}) on column;"
          }
        ],
        "JavascriptRules": [],
        "IncludeDSFieldsOnly": false,
        "FieldBindings": []
      },
      {
        "Name": "Channellevel",
        "IBPLRules": [
          {
            "template": "Select([Version].[Version Name]{{#filter Version}} * [Data Object].[Data Object]{{#filter DataObject}}) on row,\n({Measure.[Data Object Channel Level]}) on column;"
          }
        ],
        "JavascriptRules": [],
        "IncludeDSFieldsOnly": false,
        "FieldBindings": []
      },
      {
        "Name": "Regionlevel",
        "IBPLRules": [
          {
            "template": "Select([Version].[Version Name]{{#filter Version}} * [Data Object].[Data Object]{{#filter DataObject}}) on row,\n({Measure.[Data Object Region Level]}) on column;"
          }
        ],
        "JavascriptRules": [],
        "IncludeDSFieldsOnly": false,
        "FieldBindings": []
      },
      {
        "Name": "PnLlevel",
        "IBPLRules": [
          {
            "template": "Select([Version].[Version Name]{{#filter Version}} * [Data Object].[Data Object]{{#filter DataObject}}) on row,\n({Measure.[Data Object PnL Level]}) on column;"
          }
        ],
        "JavascriptRules": [],
        "IncludeDSFieldsOnly": false,
        "FieldBindings": []
      },
      {
        "Name": "DemandDomainlevel",
        "IBPLRules": [
          {
            "template": "Select([Version].[Version Name]{{#filter Version}} * [Data Object].[Data Object]{{#filter DataObject}}) on row,\n({Measure.[Data Object Demand Domain Level]}) on column;"
          }
        ],
        "JavascriptRules": [],
        "IncludeDSFieldsOnly": false,
        "FieldBindings": []
      }
    ],
    "AutoExecute": false,
    "isAsync": false,
    "hasMembersUpdates": false,
    "Compact": false,
    "TwoColumn": false,
    "IsGlobalForExcelAddIn": false,
    "ExcludeFromNavLink": false,
    "FilterFieldBindings": [],
    "enableTransaction": false
  },
  "Widget": null,
  "Roles": []
}