{
  "Name": "CampaignPlan05AddBlockItemAssociation",
  "Description": "Add Item Block Association",
  "ActionButtonId": "3dc21548-a46f-0a7a-78b6-1b3942130519",
  "Tooltip": "Add Item Block Association",
  "ActionButtonType": "Widget",
  "Alignment": "right",
  "IsPopOver": true,
  "IsGlobal": true,
  "ActionClickHandler": null,
  "Icon": null,
  "Image": null,
  "ConfigJson": {
    "DisplayName": "Add Item to Block",
    "icon": "plus",
    "SubmitButton": {
      "Label": "Submit"
    },
    "ResetButton": {
      "Label": "Reset"
    },
    "CloseButton": {
      "Label": "Close",
      "ConfirmMessage": "Unsaved changes will be lost. Continue?"
    },
    "NotifyAll": false,
    "IBPLRules": [
      {
        "template": "cartesian scope: ([Version].[Version Name]{{#filter Version}} * [Group].[Group ID]{{#filter Group}} * [Item].[Item]{{#filter Item}} * [Location].[Location]{{#filter Location}} * [Resource].[Resource]{{#filter Resource}} );\nMeasure.[Campaign Item Group Association o9 Input] = 1;\nend scope;"
      }
    ],
    "JavascriptRules": [],
    "FieldBindings": [
      {
        "fieldName": "Version",
        "title": "Version",
        "type": "picklistDropdown",
        "selectionType": "single",
        "clearSearch": true,
        "source": "filter",
        "DimensionName": "Version",
        "LevelAttributeName": "Version Name",
        "visible": true,
        "isEditable": true,
        "validation": {
          "maxLength": "0",
          "required": true
        }
      },
      {
        "fieldName": "Location",
        "title": "Plant location",
        "type": "picklistDropdown",
        "selectionType": "single",
        "clearSearch": true,
        "select": "NONE",
        "source": "members",
        "DimensionName": "Location",
        "LevelAttributeName": "Location",
        "FilterExpression": "&AllPlantLocations",
        "visible": true,
        "isEditable": true,
        "validation": {
          "maxLength": "0",
          "required": true
        }
      },
      {
        "fieldName": "Resource",
        "title": "Resource",
        "type": "picklist",
        "selectionType": "single",
        "clearSearch": true,
        "select": "NONE",
        "source": "datasource",
        "overrideFieldBindingType": false,
        "visible": true,
        "isEditable": true,
        "validation": {
          "maxLength": "0",
          "required": true
        },
        "cascadeFrom": "Location",
        "key": "Resource",
        "valueField": "Name",
        "textField": "DisplayName"
      },
      {
        "fieldName": "Group",
        "title": "Block",
        "type": "picklistDropdown",
        "selectionType": "single",
        "clearSearch": true,
        "select": "NONE",
        "source": "datasource",
        "overrideFieldBindingType": false,
        "visible": true,
        "isEditable": true,
        "validation": {
          "maxLength": "0",
          "required": true
        },
        "key": "Group",
        "valueField": "Name",
        "textField": "DisplayName",
        "cascadeFrom": "Resource"
      },
      {
        "fieldName": "Item",
        "title": "Item",
        "type": "picklistDropdown",
        "selectionType": "multiple",
        "clearSearch": true,
        "select": "NONE",
        "source": "datasource",
        "overrideFieldBindingType": false,
        "visible": true,
        "isEditable": true,
        "validation": {
          "maxLength": "0",
          "required": true
        },
        "key": "Item",
        "valueField": "Name",
        "textField": "DisplayName",
        "cascadeFrom": "Resource"
      }
    ],
    "Range": [],
    "DataSources": [
      {
        "Name": "Resource",
        "IBPLRules": [
          {
            "template": "Select([Resource].[Resource]) where{[Version].[Version Name].[{{Version}}], [Location].[Location].[{{Location}}], Measure.[Resource Location association] >0};"
          }
        ],
        "JavascriptRules": [],
        "IncludeDSFieldsOnly": false,
        "FieldBindings": []
      },
      {
        "Name": "Group",
        "IBPLRules": [
          {
            "template": "Select([Group].[Group ID]) where{[Version].[Version Name]{{#filter Version}}, [Location].[Location]{{#filter Location}}, [Resource].[Resource]{{#filter Resource}}, Measure.[Campaign Group Association Final Input] > 0};"
          }
        ],
        "JavascriptRules": [],
        "IncludeDSFieldsOnly": false,
        "FieldBindings": []
      },
      {
        "Name": "Item",
        "IBPLRules": [
          {
            "template": "Select([Item].[Item]) where{[Version].[Version Name].[{{Version}}], [Location].[Location].[{{Location}}], [Resource].[Resource].[{{Resource}}], Measure.[Final Resource Routing Association] > 0}; "
          }
        ],
        "JavascriptRules": [],
        "IncludeDSFieldsOnly": false,
        "FieldBindings": []
      }
    ],
    "AutoExecute": false,
    "isAsync": true,
    "hasMembersUpdates": true,
    "Compact": true,
    "TwoColumn": false,
    "IsGlobalForExcelAddIn": false,
    "enableTransaction": false,
    "ReturnFilterByUpdate": false,
    "ExcludeFromNavLink": false,
    "FilterFieldBindings": []
  },
  "Widget": null,
  "Roles": []
}