{
  "MeasureName": "Activity2 Delete Flag Override",
  "MeasureId": "3f93558d-b0d1-731f-6141-b6e1cfee0376",
  "MeasureDescription": "Activity2 Delete Flag Override",
  "DataType": "number",
  "MeasureType": "Regular",
  "AggregateFunction": "Sum",
  "FormatString": "#,##0;(#,##0)",
  "MeasureColumnName": "Activity2DeleteFlagOverride",
  "MeasureFormula": "",
  "IsEditable": true,
  "ApplyConversion": false,
  "ConversionFormula": "",
  "PickListName": null,
  "BgColorFormula": "",
  "FgColorFormula": "",
  "TrendFormula": "",
  "FormattingViewModel": "[]",
  "ParentMeasureName": null,
  "AssociationMeasure": false,
  "IsComputedByPlanningService": false,
  "ToolTip": "Activity2 Delete Flag Override",
  "ConfigJson": {},
  "ApiName": null,
  "ApiDisabled": false,
  "IsReportingMeasure": false,
  "MeasureConditionalFormulaProperties": [],
  "PicklistSource": null
}