{
  "MeasureGroupName": "001 Global Settings for Stock Plan",
  "MeasureGroupId": "1bba7615-3eb4-4c50-ac04-0dbde059177c",
  "ParentMeasureGroupName": null,
  "HasShadow": false,
  "MeasureGroupDescription": "001 Global Settings for Stock Plan",
  "MeasureGroupType": "Regular",
  "FactTableName": "Fact001GlobalSettingsforStockPlan",
  "SchemaMajorVersion": 0,
  "ConfigJson": {},
  "ApiName": null,
  "Repartition": false,
  "Unpartition": false,
  "ApiEnabled": false,
  "DimensionUsages": [
    {
      "DimensionName": "Version",
      "AttributeName": "Version Name",
      "SortOrder": 0,
      "DimensionType": "Regular"
    },
    {
      "DimensionName": "Item",
      "AttributeName": "L4",
      "SortOrder": 1,
      "DimensionType": "Regular"
    }
  ]
}