{
  "MeasureName": "TD Vs LY FP Sls Growth %",
  "MeasureId": "9e872777-1aa3-43b1-961a-7562afc727e1",
  "MeasureDescription": "TD Full Price Sales Growth Vs LY Full Price Sales",
  "DataType": "number",
  "MeasureType": "Regular",
  "AggregateFunction": "Computed",
  "FormatString": "0.00%",
  "MeasureColumnName": "TDVsLYSlsFPGrowth%",
  "MeasureFormula": "Safedivide(Measure.[TD FP Sls Rtl]-Measure.[LY FP Sls Rtl],Measure.[LY FP Sls Rtl])",
  "IsEditable": false,
  "ApplyConversion": false,
  "ConversionFormula": null,
  "PickListName": null,
  "BgColorFormula": "",
  "FgColorFormula": "",
  "TrendFormula": "",
  "FormattingViewModel": "[]",
  "ParentMeasureName": null,
  "AssociationMeasure": false,
  "IsComputedByPlanningService": false,
  "ToolTip": "(TD Full Price Sales Rtl - LY Full Price Sales Rtl)/LY Full Price Sales Rtl",
  "ConfigJson": {},
  "ApiName": null,
  "ApiDisabled": false,
  "IsReportingMeasure": true,
  "MeasureConditionalFormulaProperties": [],
  "PicklistSource": null
}