{
  "AttributeName": "Is Manual",
  "AttributeId": "55799c4d-ad04-adb4-a502-0216abb09205",
  "AttributeHierarchyEnabled": false,
  "IsKey": false,
  "Description": "Update the property to Manual if it is a Manual Initiative",
  "OrderBy": "Key",
  "KeyColumnName": "IsManualKey",
  "NameColumnName": null,
  "KeyColumnDataType": "string",
  "SeedTags": false,
  "KeyGenerationType": "UserSupplied",
  "PickListName": null,
  "ConfigJson": {},
  "FormatString": null,
  "Translation": null,
  "Aliases": [],
  "ApiName": null,
  "ApiDisabled": false,
  "FgColorFormula": null,
  "BgColorFormula": null,
  "IsReservedBySystem": false
}