{
  "Name": "AP41ApproveRanging",
  "Description": "Approve Ranging",
  "ActionButtonId": "337fe5b8-98df-d3d9-7880-e3e1e938c6fd",
  "Tooltip": "Approve Ranging",
  "ActionButtonType": "Rule",
  "Alignment": "right",
  "IsPopOver": true,
  "IsGlobal": false,
  "ActionClickHandler": null,
  "Icon": null,
  "Image": null,
  "ConfigJson": {
    "DisplayName": "Approve Ranging",
    "icon": "check-square-o",
    "Position": "0",
    "SubmitButton": {
      "Label": "Submit"
    },
    "ResetButton": {
      "Label": "Reset"
    },
    "CloseButton": {
      "Label": "Close",
      "ConfirmMessage": "Unsaved changes will be lost. Continue?"
    },
    "NotifyRoles": true,
    "NotifyAll": false,
    "IBPLRules": [
      {
        "template": "exec procedure AP41ApproveRanging {\"Version\": \"{{Version}}\", \"StyleColor\": [{{#csv StyleColor}}], \"Location\": [{{#csv Location}}], \"Channel\" : [{{#csv Channel}}], \"Seasons\":  \"{{Seasons}}\", \"Cluster\": [{{#csv Cluster}}]};"
      },
      {
        "template": "exec procedure AP25CalculateIntake{\"Version\" : \"{{Version}}\",  \"StyleColor\": [{{#csv StyleColor}}]  ,\"Seasons\": [{{#csv Seasons}}],\"Location\": [{{#csv Location}}], \"Channel\" : [{{#csv Channel}}],\"Cluster\": [{{#csv Cluster}}], \"Execution\" : {{Execution}} };"
      },
      {
        "template": "exec procedure AP39FetchProfileRanging {\"Version\": \"{{Version}}\", \"SellingSeason\": \"{{Seasons}}\", \"StyleColor\": [{{#csv StyleColor}}], \"Location\": [{{#csv Location}}] };"
      }
    ],
    "JavascriptRules": [],
    "FieldBindings": [
      {
        "fieldName": "Version",
        "title": "Version",
        "Description": "Version",
        "type": "picklistDropdown",
        "selectionType": "single",
        "clearSearch": true,
        "source": "filter",
        "DimensionName": "Version",
        "LevelAttributeName": "Version Name",
        "visible": true,
        "isEditable": true,
        "validation": {
          "maxLength": "0",
          "required": true
        }
      },
      {
        "fieldName": "StyleColor",
        "title": "StyleColor",
        "Description": "StyleColor",
        "type": "picklist",
        "selectionType": "multiple",
        "clearSearch": true,
        "source": "parentAttribute",
        "DimensionName": "Item",
        "key": {
          "LevelAttribute": {
            "Name": "Planning Item",
            "Property": "Name"
          }
        },
        "visible": true,
        "isEditable": true,
        "validation": {
          "maxLength": "0",
          "required": true
        }
      },
      {
        "fieldName": "Seasons",
        "title": "Selling Season",
        "Description": "Selling Season",
        "type": "picklistDropdown",
        "selectionType": "single",
        "clearSearch": true,
        "source": "parentAttribute",
        "DimensionName": "Selling Season",
        "key": {
          "LevelAttribute": {
            "Name": "Selling Season",
            "Property": "Name"
          }
        },
        "visible": true,
        "isEditable": true,
        "validation": {
          "maxLength": "0",
          "required": true
        }
      },
      {
        "fieldName": "Location",
        "title": "Location",
        "Description": "Location",
        "type": "picklistDropdown",
        "selectionType": "multiple",
        "clearSearch": true,
        "source": "parentAttribute",
        "DimensionName": "Location",
        "key": {
          "LevelAttribute": {
            "Name": "Location",
            "Property": "Name"
          }
        },
        "visible": true,
        "isEditable": true,
        "validation": {
          "maxLength": "0",
          "required": true
        }
      },
      {
        "fieldName": "Channel",
        "title": "Channel",
        "Description": "Channel",
        "type": "picklistDropdown",
        "selectionType": "multiple",
        "clearSearch": true,
        "source": "parentAttribute",
        "DimensionName": "Sales Domain",
        "key": {
          "LevelAttribute": {
            "Name": "Sales Planning Channel",
            "Property": "Name"
          }
        },
        "visible": true,
        "isEditable": true,
        "validation": {
          "maxLength": "0",
          "required": true
        }
      },
      {
        "fieldName": "Cluster",
        "title": "Cluster",
        "Description": "Cluster",
        "type": "picklistDropdown",
        "selectionType": "multiple",
        "clearSearch": true,
        "source": "parentAttribute",
        "DimensionName": "Cluster",
        "key": {
          "LevelAttribute": {
            "Name": "Cluster",
            "Property": "Name"
          }
        },
        "visible": true,
        "isEditable": true,
        "validation": {
          "maxLength": "0",
          "required": true
        }
      },
      {
        "fieldName": "Execution",
        "title": "Execution Mode (Only for WSSI Calculation)",
        "Description": "Execution Mode",
        "type": "radio",
        "selectionType": "single",
        "clearSearch": true,
        "select": "ALL",
        "source": "localPicklist",
        "values": [
          {
            "Key": "true",
            "Name": "Medium Weight"
          },
          {
            "Key": false,
            "Name": "Heavy Weight"
          }
        ],
        "valueField": "Key",
        "visible": false,
        "isEditable": true,
        "validation": {
          "maxLength": "0",
          "required": true
        }
      }
    ],
    "Range": [],
    "DataSources": [
      {
        "Name": "Cluster",
        "IBPLRules": [
          {
            "template": "\nSelect (&CWVAndScenarios{{#filter Version}} * &APClasses{{#filter Class}} * &APCountries{{#filter Country}} *&APSellingSeasons{{#filter Seasons}}* &APClusters * &APChannels{{#filter Channel}}) on row, \n({Measure.[Store Grade Association]}) on column;"
          }
        ],
        "JavascriptRules": [],
        "IncludeDSFieldsOnly": false,
        "FieldBindings": []
      }
    ],
    "AutoExecute": false,
    "isAsync": true,
    "hasMembersUpdates": false,
    "Compact": false,
    "TwoColumn": false,
    "IsGlobalForExcelAddIn": false,
    "ExcludeFromNavLink": false,
    "FilterFieldBindings": [],
    "enableTransaction": false
  },
  "Widget": null,
  "Roles": []
}