{
  "AttributeName": "Document Type",
  "AttributeId": "8fa9f4cc-aeac-4dd2-a9cc-9bccd2ed7751",
  "AttributeHierarchyEnabled": true,
  "IsKey": false,
  "Description": "Document Type for the Orders ",
  "OrderBy": "Key",
  "KeyColumnName": "DocumentTypeKey",
  "NameColumnName": "DocumentTypeName",
  "KeyColumnDataType": "integer",
  "SeedTags": false,
  "KeyGenerationType": "Auto",
  "PickListName": null,
  "ConfigJson": {},
  "FormatString": null,
  "Translation": null,
  "Aliases": [],
  "ApiName": null,
  "ApiDisabled": false,
  "FgColorFormula": "",
  "BgColorFormula": "",
  "IsReservedBySystem": false
}