{
  "Name": "SPNPIAssignLikeSKU",
  "Description": "Assigns a Like SKU to a New Product",
  "ActionButtonId": "b82295ea-a69f-1ae7-43a1-076bb85fb78e",
  "Tooltip": "Assigns a Like SKU to a New Product",
  "ActionButtonType": "Rule",
  "Alignment": "right",
  "IsPopOver": true,
  "IsGlobal": false,
  "ActionClickHandler": null,
  "Icon": null,
  "Image": null,
  "ConfigJson": {
    "DisplayName": "Assign Like SKU",
    "icon": "plus",
    "Position": "0",
    "SubmitButton": {
      "Label": "Submit"
    },
    "ResetButton": {
      "Label": "Reset"
    },
    "CloseButton": {
      "Label": "Close",
      "ConfirmMessage": "Unsaved changes will be lost. Continue?"
    },
    "NotifyRoles": true,
    "NotifyAll": false,
    "IBPLRules": [
      {
        "template": "Cartesian Scope: ([Item].[Item].[{{Item}}] * [Version].[Version Name]{{#filter Version}}); Measure.[NPI Like SKU]={{SKU}};\nMeasure.[NPI Like SKU Approved]={{IsApproved}}; Measure.[NPI LikeSKU Keep/Refresh]=\"{{KeepORRefresh}}\";\nend scope;\n"
      },
      {
        "template": "cartesian scope: ([Version].[Version Name]{{#filter Version}} * [Item].[Item]{{#filter Item}} * [Location].[Location]{{#filter LikeSKULocation}} * [Activity1].[Activity1]{{#filter LikeSKUActivity1}});\nMeasure.[NPI BOM New] =1;\nend scope;\n\nscope: ([Version].[Version Name]{{#filter Version}} * &AllNewItems * [Location].[Location] * [Activity1].[Activity1]);\nMeasure.[NPI BOM Name]= if (Measure.[NPI BOM New]>0) then \"o9-BOM-for-\"+Item.#.Name+\"-at-\"+Location.#.Name + \"-from-\" + Activity1.#.Name;\nend scope; \n\nCreateMember(\nActivity1.[Activity1]={,Measure.[NPI BOM Name]},\nActivity1.[BOM Plan Type]={,[MP and OP]},\nActivity1.[Activity Type1]={,[Manufacturing]},\nActivity1.[Activity All1]={,[All]})\nusing scope (Version.[Version Name]{{#filter Version}}* Item.[Item] * Location.[Location]* [Activity1].[Activity1]);\n\nblock Scope :([Version].[Version Name]{{#filter Version}} * &AllNewItems * [Location].[Location]* [Activity1].[Activity1]); \nMeasure.[NPI BOM Name] = null;\nMeasure.[NPI BOM New] = null; \nend scope;"
      },
      {
        "template": "cartesian scope:([Item].[Item].[{{Item}}] * [Version].[Version Name]{{#filter Version}} * [UOM].[UOM]);\nMeasure.[Supply Planning Final Conversion Rate] = 1;\nend scope;\n\nscope:([Item].[Item].[{{Item}}] * [Version].[Version Name]{{#filter Version}} * [UOM].[UOM]);\nMeasure.[Supply Planning Final Conversion Rate] = null;\nend scope;\n\nscope:([UOM].[UOM] * [Item].[Item].[{{Item}}] * [Version].[Version Name]{{#filter Version}});\nMeasure.[Supply Planning Final Conversion Rate] = Measure.[Supply Planning Final Conversion Rate]@([Item].[Item].[{{SKU}}]);\nEnd scope;\n"
      },
      {
        "template": "exec plugin instance [SupplyPlan340NPILikeSKUAssign] for measures {Measure.[Final Resource Routing Association]} using scope ([Version].[Version Name]{{#filter Version}}) using arguments\n{(WriteOutputsConcurrently, False), (MaxSliceTableCells, 8000000),(executionMode,\"MediumWeight\"),(DataTransferMode,\"csv\")};\n"
      }
    ],
    "JavascriptRules": [],
    "FieldBindings": [
      {
        "fieldName": "Version",
        "title": "Version",
        "Description": "Version",
        "type": "dropdown",
        "selectionType": "single",
        "clearSearch": true,
        "source": "filter",
        "DimensionName": "Version",
        "LevelAttributeName": "Version Name",
        "visible": true,
        "isEditable": true,
        "validation": {
          "maxLength": "0",
          "required": true
        }
      },
      {
        "fieldName": "Item",
        "title": "NPI Item",
        "Description": "NPI Item",
        "type": "picklistDropdown",
        "selectionType": "single",
        "clearSearch": true,
        "source": "parentAttribute",
        "DimensionName": "Item",
        "key": {
          "LevelAttribute": {
            "Name": "Item",
            "Property": "Name"
          }
        },
        "visible": true,
        "isEditable": true,
        "validation": {
          "maxLength": "0",
          "required": true
        }
      },
      {
        "fieldName": "SKU",
        "title": "Select Like SKU",
        "Description": "Select Like SKU",
        "type": "picklistDropdown",
        "selectionType": "single",
        "clearSearch": true,
        "source": "members",
        "DimensionName": "Item",
        "LevelAttributeName": "Item",
        "FilterExpression": "&AllFinishedGoodsItems.filter(#.[Is New Item] == False)",
        "visible": true,
        "isEditable": true,
        "validation": {
          "maxLength": "0",
          "required": true
        }
      },
      {
        "fieldName": "LikeSKULocation",
        "title": "LikeSKULocation",
        "Description": "LikeSKULocation",
        "type": "picklistDropdown",
        "selectionType": "multiple",
        "clearSearch": true,
        "select": "ALL",
        "source": "datasource",
        "key": "LocationDS",
        "valueField": "Name",
        "textField": "Name",
        "overrideFieldBindingType": false,
        "visible": false,
        "isEditable": true,
        "cascadeFrom": "SKU",
        "validation": {
          "maxLength": "0",
          "required": true
        }
      },
      {
        "fieldName": "IsApproved",
        "title": "IsApproved",
        "Description": "IsApproved",
        "type": "boolean",
        "selectionType": "single",
        "clearSearch": true,
        "source": "literal",
        "defaultValue": true,
        "visible": true,
        "isEditable": true,
        "validation": {
          "maxLength": "0",
          "required": true
        }
      },
      {
        "fieldName": "KeepORRefresh",
        "title": "Refresh the Network",
        "Description": "Keep/Refresh",
        "type": "picklistDropdown",
        "selectionType": "single",
        "clearSearch": true,
        "source": "picklist",
        "key": "Keep/Refresh",
        "visible": true,
        "isEditable": true,
        "validation": {
          "maxLength": "0",
          "required": true
        }
      },
      {
        "fieldName": "LikeSKUActivity1",
        "title": "LikeSKUActivity1",
        "Description": "LikeSKUActivity1",
        "type": "picklistDropdown",
        "selectionType": "multiple",
        "clearSearch": true,
        "select": "ALL",
        "source": "datasource",
        "key": "Activity1DS",
        "valueField": "Name",
        "textField": "Name",
        "overrideFieldBindingType": false,
        "visible": false,
        "isEditable": true,
        "cascadeFrom": "SKU",
        "validation": {
          "maxLength": "0",
          "required": true
        }
      }
    ],
    "Range": [],
    "DataSources": [
      {
        "Name": "LocationDS",
        "IBPLRules": [
          {
            "template": "Select([Location].[Location]) where{[Version].[Version Name]{{#filter Version}},Item.[Item]{{#filter SKU}},Measure.[Final BOM Quantity Produced Per]>0};"
          }
        ],
        "JavascriptRules": [],
        "IncludeDSFieldsOnly": false,
        "FieldBindings": []
      },
      {
        "Name": "Activity1DS",
        "IBPLRules": [
          {
            "template": "Select([Activity1].[Activity1]) where{[Version].[Version Name]{{#filter Version}},Item.[Item]{{#filter SKU}},Measure.[Final BOM Quantity Produced Per]>0};"
          }
        ],
        "JavascriptRules": [],
        "IncludeDSFieldsOnly": false,
        "FieldBindings": []
      }
    ],
    "AutoExecute": false,
    "isAsync": true,
    "hasMembersUpdates": false,
    "Compact": false,
    "TwoColumn": false,
    "IsGlobalForExcelAddIn": false,
    "ExcludeFromNavLink": false,
    "FilterFieldBindings": [],
    "enableTransaction": false
  },
  "Widget": null,
  "Roles": []
}