{
  "AttributeName": "Emission Category",
  "AttributeId": "d8d621a0-8a1f-4510-986b-721adf4ffef1",
  "AttributeHierarchyEnabled": true,
  "IsKey": true,
  "Description": "Emission Category",
  "OrderBy": "Key",
  "KeyColumnName": "EmissionCategoryKey",
  "NameColumnName": "EmissionCategoryName",
  "KeyColumnDataType": "integer",
  "SeedTags": false,
  "KeyGenerationType": "Auto",
  "PickListName": null,
  "ConfigJson": {
    "ShowFilterAs": "TileView",
    "MemberDisplayNameEditable": true,
    "IsMultipleImage": false,
    "MemberDisplayColor": false
  },
  "FormatString": null,
  "Translation": null,
  "Aliases": [],
  "ApiName": null,
  "ApiDisabled": false
}