{
  "EdgePropertyId": "003ffb5d-d36d-45dd-b9fa-64882fff56ad",
  "PropertyName": "ShipTo Realignment Created By",
  "PropertyDescription": "ShipTo Realignment Created By",
  "PropertyDataType": "string",
  "PropertyDataSize": 0,
  "PropertyColumnName": "ShipToRealignmentCreatedBy",
  "AggregateFunction": "DistinctSum",
  "PropertyFormula": null,
  "IsEditable": false,
  "FormatString": "#",
  "ActivationProperty": false,
  "IsComputedByPlanningService": false,
  "ToolTip": null,
  "ApiName": null,
  "ApiDisabled": false,
  "BgColorFormula": null,
  "FgColorFormula": null,
  "TrendFormula": null,
  "FormattingViewModel": null,
  "ConditionalFormulas": []
}