{
  "EdgePropertyId": "026b83e0-f0dc-40e4-b2bd-86c840130d62",
  "PropertyName": "Is Active for Batch",
  "PropertyDescription": "Flag to store if its a valid candidate",
  "PropertyDataType": "number",
  "PropertyDataSize": 0,
  "PropertyColumnName": "IsActiveforBatch",
  "AggregateFunction": "Sum",
  "PropertyFormula": "",
  "IsEditable": false,
  "FormatString": "#,##0; (#,##0)",
  "ActivationProperty": false,
  "IsComputedByPlanningService": false,
  "ToolTip": null,
  "ApiName": null,
  "ApiDisabled": false,
  "BgColorFormula": "",
  "FgColorFormula": "",
  "TrendFormula": "",
  "FormattingViewModel": null,
  "ConditionalFormulas": []
}