{
  "Name": "Log History",
  "WidgetDefinitionName": "EKG ActivityLog",
  "IsPrimary": false,
  "ConfigJson": {
    "ContainerId": "becbd397-3193-4edf-807f-c4affce1846c",
    "CompositeContainerId": null,
    "Position": 0,
    "ShowInfoContext": {
      "ActionColumn": true,
      "RowInfo": true,
      "MemberInfo": true
    },
    "ShowHeader": null,
    "ActionButtonBindings": [
      {
        "ActionButtonName": "__o9__BUILTIN__memberDisplayNameDownload",
        "HotKey": ""
      }
    ]
  },
  "ViewWidgetDefinitionId": "0173d616-4e27-918f-f4a0-2497c6390958",
  "Title": "Log History"
}