{
  "AttributeName": "Retail_AP_Strategy_Product_Attribute_NN",
  "AttributeId": "1623d4c5-4711-2624-b72e-53ff659cbcad",
  "AttributeHierarchyEnabled": true,
  "IsKey": false,
  "Description": "Retail AP Options Strategy Product and Attribute Group Named Node",
  "OrderBy": "Key",
  "KeyColumnName": "Retail_AP_Strategy_Product_Attribute_NNKey",
  "NameColumnName": "Retail_AP_Strategy_Product_Attribute_NNName",
  "KeyColumnDataType": "integer",
  "SeedTags": true,
  "KeyGenerationType": "Auto",
  "PickListName": null,
  "ConfigJson": {
    "ShowFilterAs": "TileView",
    "MemberDisplayNameEditable": true,
    "IsMultipleImage": false,
    "MemberDisplayColor": false
  },
  "FormatString": null,
  "Translation": null,
  "Aliases": [],
  "ApiName": null,
  "ApiDisabled": false,
  "ParentAttributeName": null,
  "NamedNodeUsages": [
    {
      "DimensionName": "Item",
      "AttributeName": "L3"
    },
    {
      "DimensionName": "Location",
      "AttributeName": "Location Country"
    },
    {
      "DimensionName": "Product Attribute Group",
      "AttributeName": "Product Attribute Group"
    }
  ]
}