{
  "MeasureName": "Receipt Threshold %",
  "MeasureId": "afb5511c-13d1-fd3e-2d63-a34c6c21ab3c",
  "MeasureDescription": "Percentage Threshold for Receipt Drops at Department Level",
  "DataType": "number",
  "MeasureType": "Regular",
  "AggregateFunction": "AvgNonNull",
  "FormatString": "00%",
  "MeasureColumnName": "ReceiptThreshold%",
  "MeasureFormula": "",
  "IsEditable": true,
  "ApplyConversion": false,
  "ConversionFormula": "",
  "PickListName": null,
  "BgColorFormula": "",
  "FgColorFormula": "",
  "TrendFormula": "",
  "FormattingViewModel": "[]",
  "ParentMeasureName": null,
  "AssociationMeasure": false,
  "IsComputedByPlanningService": false,
  "ToolTip": "Percentage Threshold for Receipt Drops at Department Level",
  "ConfigJson": {},
  "ApiName": null,
  "ApiDisabled": false,
  "IsReportingMeasure": false,
  "MeasureConditionalFormulaProperties": [],
  "PicklistSource": null
}