{
  "EdgePropertyId": "c62e9cc7-d6c6-4755-b98d-4bf956ca3a02",
  "PropertyName": "W Substitute Item Depth Item Input",
  "PropertyDescription": "Substitute Item Depth Intermediate",
  "PropertyDataType": "number",
  "PropertyDataSize": 0,
  "PropertyColumnName": "WSubstituteItemDepthItemInput",
  "AggregateFunction": "Max",
  "PropertyFormula": null,
  "IsEditable": false,
  "FormatString": "#,##0",
  "ActivationProperty": false,
  "IsComputedByPlanningService": false,
  "ToolTip": null,
  "ApiName": null,
  "ApiDisabled": false,
  "BgColorFormula": "",
  "FgColorFormula": "",
  "TrendFormula": "",
  "FormattingViewModel": null,
  "ConditionalFormulas": []
}