{
  "PreferenceName": "Data Management Selling Season UIPF",
  "PreferenceType": "o9.filter",
  "UiPreferenceId": "1125ce87-49f5-61d2-d476-e95abacb5eb2",
  "ConfigJson": {
    "ModelDefinition": {
      "LevelAttributes": [
        {
          "Id": "56b72eb0-2d21-d392-f36d-296d4e622245",
          "AttributeName": "Selling Season",
          "Dimension": "Selling Season",
          "DimensionId": 4110489,
          "IsFilter": true,
          "Axis": "none",
          "IsDefault": true,
          "AllSelection": true,
          "SelectedMembers": [],
          "Name": "Selling Season",
          "DimensionName": "Selling Season",
          "OverrideFavSelection": false,
          "CurrencyFilter": false,
          "IsSingleSelect": false,
          "MemberFilterExpression": "&APSellingSeasons",
          "DefaultValueExpression": "",
          "WorksheetLevelFilter": false,
          "HideDummyMembers": false,
          "SortBy": "Key",
          "SortOrder": "Ascending",
          "IsNarrowYourSelection": false,
          "Position": -550
        },
        {
          "Id": "3d422598-3d44-4f72-8064-770cb75be814",
          "AttributeName": "L5",
          "Dimension": "Item",
          "DimensionId": 4110426,
          "IsFilter": true,
          "Axis": "none",
          "IsDefault": true,
          "AllSelection": true,
          "SelectedMembers": [],
          "Name": "L5",
          "DimensionName": "Item",
          "AliasName": "Division",
          "AliasId": "29969393-8c9c-6e04-1796-fd59fe131c33",
          "AliasType": "AttributeAlias",
          "OverrideFavSelection": false,
          "CurrencyFilter": false,
          "IsSingleSelect": false,
          "MemberFilterExpression": "",
          "DefaultValueExpression": "",
          "WorksheetLevelFilter": false,
          "HideDummyMembers": false,
          "SortBy": "",
          "SortOrder": "",
          "IsNarrowYourSelection": false,
          "Position": 50
        },
        {
          "Id": "c8215069-c134-49e6-a1de-5f681eb07b83",
          "AttributeName": "L3",
          "Dimension": "Item",
          "DimensionId": 4110426,
          "IsFilter": true,
          "Axis": "none",
          "IsDefault": true,
          "AllSelection": false,
          "SelectedMembers": [
            {
              "Name": "Mens Shirts Long Sleeve"
            }
          ],
          "Name": "L3",
          "DimensionName": "Item",
          "OverrideFavSelection": false,
          "CurrencyFilter": false,
          "IsSingleSelect": true,
          "MemberFilterExpression": "&APClasses",
          "DefaultValueExpression": "",
          "WorksheetLevelFilter": false,
          "HideDummyMembers": false,
          "SortBy": "Name",
          "SortOrder": "Ascending",
          "IsNarrowYourSelection": false,
          "Position": 50
        }
      ],
      "PeggingAttributes": [],
      "NamedSets": [],
      "DataProperties": {}
    },
    "Presentation": {
      "LevelAttributes": []
    }
  }
}