{
  "PreferenceName": "Wishlist Thumbnail UIP",
  "PreferenceType": "o9.thumbnail",
  "UiPreferenceId": "624bb77b-f0b6-a52e-7ee6-7650474ddc5f",
  "ConfigJson": {
    "ModelDefinition": {
      "LevelAttributes": [
        {
          "Id": "304e572f-fe17-4be2-87bb-469f33bee496",
          "AttributeName": "Planning Item",
          "Dimension": "Item",
          "IsFilter": false,
          "Axis": "cell",
          "IsDefault": true,
          "AllSelection": false,
          "SelectedMembers": [],
          "Name": "Planning Item",
          "DimensionName": "Item",
          "AliasName": "Style Color",
          "AliasId": "dd46d259-a55d-adb2-838e-b27dd848d904",
          "AliasType": "AttributeAlias",
          "IsVisible": true,
          "DisplayName": "",
          "SortBy": "",
          "SortOrder": "",
          "MemberProperties": [
            {
              "Id": "58122946-36d4-e2d6-a60b-8a580cee07f9",
              "Name": "Planning Item Status",
              "IsVisible": false,
              "ShowInLocalTimeZone": false
            }
          ]
        },
        {
          "Id": "c8215069-c134-49e6-a1de-5f681eb07b83",
          "AttributeName": "L3",
          "Dimension": "Item",
          "EdgeDirection": null,
          "IsFilter": false,
          "Axis": "column",
          "IsDefault": true,
          "AllSelection": false,
          "SelectedMembers": [],
          "Name": "L3",
          "DimensionName": "Item",
          "AliasName": "Class",
          "AliasId": "f152462b-941f-7e6e-d0fe-ecd1c812239c",
          "AliasType": "AttributeAlias",
          "IsVisible": true,
          "DisplayName": "",
          "SortBy": "",
          "SortOrder": ""
        }
      ],
      "PeggingAttributes": [],
      "NamedSets": []
    },
    "Presentation": {
      "LevelAttributes": [
        {
          "Id": "c8215069-c134-49e6-a1de-5f681eb07b83",
          "AttributeName": "L3",
          "Dimension": "Item",
          "Axis": "column",
          "ShowInfo": {
            "ShowDetail": true,
            "ShowPulse": true,
            "ShowTask": true,
            "ShowMarketIntelligence": true
          },
          "IsVisible": true,
          "DisplayName": "",
          "SortBy": "",
          "SortOrder": ""
        }
      ]
    }
  }
}