{
  "Name": "SupplyPlan023MGlobalForwardPlanBasicJS",
  "Description": null,
  "ActionButtonId": "6a272a7d-eaa6-4a8a-b780-0acc968ecbc3",
  "Tooltip": "Run Plan Monthly JS",
  "ActionButtonType": "Rule",
  "Alignment": "right",
  "IsPopOver": true,
  "IsGlobal": false,
  "ActionClickHandler": null,
  "Icon": null,
  "Image": null,
  "ConfigJson": {
    "icon": "chevron-circle-right",
    "Position": -1,
    "SubmitButton": {
      "Label": "Submit"
    },
    "ResetButton": {
      "Label": "Reset"
    },
    "CloseButton": {
      "Label": "Close",
      "ConfirmMessage": "Unsaved changes will be lost. Continue?"
    },
    "NotifyAll": false,
    "IBPLRules": [],
    "JavascriptRules": [
      {
        "modulename": "o9.referencesupplyplanning.RunMonthlyPlanBatch",
        "functionname": "RunMonthlyPlanBatch"
      }
    ],
    "FieldBindings": [
      {
        "fieldName": "Version",
        "title": "Version",
        "type": "picklistDropdown",
        "selectionType": "single",
        "clearSearch": true,
        "source": "filter",
        "DimensionName": "Version",
        "LevelAttributeName": "Version Name",
        "visible": true,
        "isEditable": true,
        "validation": {
          "maxLength": "0",
          "required": true
        }
      },
      {
        "fieldName": "SolverCurrentBucket",
        "title": "SolverCurrentBucket",
        "type": "string",
        "selectionType": "single",
        "clearSearch": true,
        "select": "ALL",
        "source": "datasource",
        "key": "SolverCurrentBucket",
        "valueField": "Name",
        "textField": "Name",
        "visible": true,
        "isEditable": false,
        "validation": {
          "maxLength": "0",
          "required": true
        }
      },
      {
        "fieldName": "SolverStartingBucket",
        "title": "SolverStartingBucket",
        "type": "string",
        "selectionType": "single",
        "clearSearch": true,
        "select": "ALL",
        "source": "datasource",
        "key": "SolverStartingBucket",
        "valueField": "Name",
        "textField": "Name",
        "visible": true,
        "isEditable": false,
        "validation": {
          "maxLength": "0",
          "required": true
        }
      },
      {
        "fieldName": "SolverEndingBucket",
        "title": "SolverEndingBucket",
        "type": "string",
        "selectionType": "single",
        "clearSearch": true,
        "select": "ALL",
        "source": "datasource",
        "key": "SolverEndingBucket",
        "valueField": "Name",
        "textField": "Name",
        "visible": true,
        "isEditable": false,
        "validation": {
          "maxLength": "0",
          "required": true
        }
      },
      {
        "fieldName": "SolverDemandSliceFactor",
        "title": "Demand Slice Factor",
        "type": "picklistDropdown",
        "selectionType": "single",
        "clearSearch": true,
        "select": "ALL",
        "source": "datasource",
        "key": "SolverDemandSliceFactor",
        "valueField": "M Solver Demand Slice Factor",
        "textField": "M Solver Demand Slice Factor",
        "visible": true,
        "isEditable": false,
        "cascadeFrom": "Version",
        "validation": {
          "maxLength": "0",
          "required": true
        }
      },
      {
        "fieldName": "SolverFlagAllowNOH",
        "title": "M Solver Flag Allow NOH",
        "type": "picklistDropdown",
        "selectionType": "single",
        "clearSearch": true,
        "source": "datasource",
        "key": "SolverFlagAllowNOH",
        "valueField": "M Solver Flag Allow NOH",
        "textField": "M Solver Flag Allow NOH",
        "visible": false,
        "isEditable": false,
        "validation": {
          "maxLength": "0",
          "required": true
        },
        "cascadeFrom": "Version"
      },
      {
        "fieldName": "SolverFlagRespectFreezeWindowForWIPs",
        "title": "M Solver Flag Respect Freeze Window For WIPs",
        "Description": "M Solver Flag Respect Freeze Window For WIPs",
        "type": "picklistDropdown",
        "selectionType": "single",
        "clearSearch": true,
        "select": "ALL",
        "source": "datasource",
        "key": "SolverFlagRespectFreezeWindowForWIPs",
        "valueField": "M Solver Flag Respect Freeze Window For WIPs",
        "textField": "M Solver Flag Respect Freeze Window For WIPs",
        "visible": false,
        "isEditable": false,
        "cascadeFrom": "Version",
        "validation": {
          "maxLength": "0",
          "required": true
        }
      },
      {
        "fieldName": "SolverFlagInventoryPlanType",
        "title": "M Solver Flag Inventory Plan Type",
        "Description": "M Solver Flag Inventory Plan Type",
        "type": "picklistDropdown",
        "selectionType": "single",
        "clearSearch": true,
        "select": "ALL",
        "source": "datasource",
        "key": "SolverFlagInventoryPlanType",
        "valueField": "M Solver Flag Inventory Plan Type",
        "textField": "M Solver Flag Inventory Plan Type",
        "visible": false,
        "isEditable": false,
        "cascadeFrom": "Version",
        "validation": {
          "maxLength": "0",
          "required": true
        }
      },
      {
        "fieldName": "SolverInventoryPlanBands",
        "title": "M Solver Inventory Plan Bands",
        "Description": "M Solver Inventory Plan Bands",
        "type": "picklistDropdown",
        "selectionType": "single",
        "clearSearch": true,
        "select": "ALL",
        "source": "datasource",
        "key": "SolverInventoryPlanBands",
        "valueField": "M Solver Inventory Plan Bands",
        "textField": "M Solver Inventory Plan Bands",
        "visible": false,
        "isEditable": false,
        "cascadeFrom": "Version",
        "validation": {
          "maxLength": "0",
          "required": true
        }
      },
      {
        "fieldName": "SolverDeleteData",
        "title": "M Solver Delete Data",
        "type": "picklistDropdown",
        "selectionType": "single",
        "clearSearch": true,
        "select": "ALL",
        "source": "datasource",
        "key": "SolverDeleteData",
        "valueField": "M Solver Delete Data",
        "textField": "M Solver Delete Data",
        "visible": true,
        "isEditable": true,
        "cascadeFrom": "Version",
        "validation": {
          "maxLength": "0",
          "required": true
        }
      },
      {
        "fieldName": "SolverCapacityBandsToMinimizeLateness",
        "title": "Use Capacity Bands To Minimize Lateness",
        "Description": "Use Capacity Bands To Minimize Lateness",
        "type": "picklistDropdown",
        "selectionType": "single",
        "clearSearch": true,
        "select": "ALL",
        "source": "datasource",
        "key": "SolverCapacityBandsToMinimizeLateness",
        "valueField": "M Solver Capacity Bands To Minimize Lateness",
        "textField": "M Solver Capacity Bands To Minimize Lateness",
        "visible": false,
        "isEditable": false,
        "cascadeFrom": "Version",
        "validation": {
          "maxLength": "0",
          "required": true
        }
      },
      {
        "fieldName": "SolverFlagInventoryPlanPolicy",
        "title": "M Solver Flag Inventory Plan Policy",
        "Description": "M Solver Flag Inventory Plan Policy",
        "type": "picklistDropdown",
        "selectionType": "single",
        "clearSearch": true,
        "select": "ALL",
        "source": "datasource",
        "key": "SolverFlagInventoryPlanPolicy",
        "valueField": "M Solver Flag Inventory Plan Policy",
        "textField": "M Solver Flag Inventory Plan Policy",
        "visible": false,
        "isEditable": false,
        "cascadeFrom": "Version",
        "validation": {
          "maxLength": "0",
          "required": true
        }
      },
      {
        "fieldName": "SolverFlagMinimizeInventoryBuildAhead",
        "title": "M Solver Flag Minimize Inventory Build Ahead",
        "Description": "M Solver Flag Minimize Inventory Build Ahead",
        "type": "picklistDropdown",
        "selectionType": "single",
        "clearSearch": true,
        "select": "ALL",
        "source": "datasource",
        "key": "SolverFlagMinimizeInventoryBuildAhead",
        "valueField": "M Solver Flag Minimize Inventory Build Ahead",
        "textField": "M Solver Flag Minimize Inventory Build Ahead",
        "visible": false,
        "isEditable": false,
        "cascadeFrom": "Version",
        "validation": {
          "maxLength": "0",
          "required": true
        }
      },
      {
        "fieldName": "CapacityConstrained",
        "title": "Capacity Constrained Flag",
        "type": "picklistDropdown",
        "selectionType": "single",
        "clearSearch": true,
        "select": "ALL",
        "source": "datasource",
        "key": "SolverCapacityConstrained",
        "valueField": "M Capacity Constrained",
        "textField": "M Capacity Constrained",
        "visible": true,
        "isEditable": true,
        "cascadeFrom": "Version",
        "validation": {
          "maxLength": "0",
          "required": true
        }
      },
      {
        "fieldName": "MaterialConstrained",
        "title": "Material Constrained Flag",
        "type": "picklistDropdown",
        "selectionType": "single",
        "clearSearch": true,
        "select": "ALL",
        "source": "datasource",
        "key": "SolverMaterialConstrained",
        "valueField": "M Material Constrained",
        "textField": "M Material Constrained",
        "visible": true,
        "isEditable": true,
        "cascadeFrom": "Version",
        "validation": {
          "maxLength": "0",
          "required": true
        }
      },
      {
        "fieldName": "Now",
        "title": "Now",
        "Description": "Now",
        "type": "datetime",
        "selectionType": "single",
        "clearSearch": true,
        "select": "ALL",
        "source": "datasource",
        "key": "Now",
        "valueField": "result",
        "visible": false,
        "isEditable": false,
        "validation": {
          "maxLength": "0",
          "required": true
        }
      },
      {
        "fieldName": "Constrained",
        "title": "Constrained or Procurement",
        "type": "picklistDropdown",
        "selectionType": "single",
        "clearSearch": true,
        "select": "ALL",
        "source": "picklist",
        "key": "SolverRunType",
        "visible": false,
        "isEditable": true,
        "validation": {
          "maxLength": "0",
          "required": true
        }
      },
      {
        "fieldName": "SolverSSBuildAheadLimit",
        "title": "SS Build Ahead Limit",
        "Description": "SS Build Ahead Limit",
        "type": "picklistDropdown",
        "selectionType": "single",
        "clearSearch": true,
        "select": "ALL",
        "source": "datasource",
        "key": "SolverSSBuildAheadLimit",
        "valueField": "M Solver SS Build Ahead Limit",
        "textField": "M Solver SS Build Ahead Limit",
        "visible": false,
        "isEditable": false,
        "cascadeFrom": "Version",
        "validation": {
          "maxLength": "0",
          "required": true
        }
      },
      {
        "fieldName": "SolverFlagMinimizeNoCarryViolations",
        "title": "M Solver Flag Minimize No Carry Violations",
        "Description": "M Solver Flag Minimize No Carry Violations",
        "type": "picklistDropdown",
        "selectionType": "single",
        "clearSearch": true,
        "select": "ALL",
        "source": "datasource",
        "key": "SolverFlagMinimizeNoCarryViolations",
        "valueField": "M Solver Flag Minimize No Carry Violations",
        "textField": "M Solver Flag Minimize No Carry Violations",
        "visible": false,
        "isEditable": false,
        "cascadeFrom": "Version",
        "validation": {
          "maxLength": "0",
          "required": true
        }
      },
      {
        "fieldName": "SolverFlagTryMaterialReallocationInRCA",
        "title": "M Solver Flag Try Material Real location In RCA",
        "Description": "M Solver Flag Try Material Real location In RCA",
        "type": "picklistDropdown",
        "clearSearch": true,
        "source": "datasource",
        "key": "SolverFlagTryMaterialReallocationInRCA",
        "valueField": "M Solver Flag Try Material Reallocation In RCA",
        "textField": "M Solver Flag Try Material Reallocation In RCA",
        "visible": false,
        "isEditable": false,
        "cascadeFrom": "Version",
        "validation": {
          "maxLength": "0",
          "required": true
        },
        "selectionType": "single"
      },
      {
        "fieldName": "SolverFlagInventoryPlanStrategy",
        "title": "M Solver Flag Inventory Plan Strategy",
        "Description": "M Solver Flag Inventory Plan Strategy",
        "type": "picklistDropdown",
        "selectionType": "single",
        "clearSearch": true,
        "select": "ALL",
        "source": "datasource",
        "key": "SolverFlagInventoryPlanStrategy",
        "valueField": "M Solver Flag Inventory Plan Strategy",
        "textField": "M Solver Flag Inventory Plan Strategy",
        "visible": false,
        "isEditable": false,
        "cascadeFrom": "Version",
        "validation": {
          "maxLength": "0",
          "required": true
        }
      },
      {
        "fieldName": "SolverDemandBuildAheadLimit",
        "title": "Demand Build Ahead Limit",
        "Description": "Demand Build Ahead Limit",
        "type": "picklistDropdown",
        "selectionType": "single",
        "clearSearch": true,
        "select": "ALL",
        "source": "datasource",
        "key": "SolverDemandBuildAheadLimit",
        "valueField": "M Global Demand Build Ahead Limit",
        "textField": "M Global Demand Build Ahead Limit",
        "visible": false,
        "isEditable": false,
        "cascadeFrom": "Version",
        "validation": {
          "maxLength": "0",
          "required": true
        }
      },
      {
        "fieldName": "SolverDemandBuildLateLimit",
        "title": "Demand Build Late Limit",
        "Description": "Demand Build Late Limit",
        "type": "picklistDropdown",
        "selectionType": "single",
        "clearSearch": true,
        "select": "ALL",
        "source": "datasource",
        "key": "SolverDemandBuildLateLimit",
        "valueField": "M Global Demand Build Late Limit",
        "textField": "M Global Demand Build Late Limit",
        "visible": false,
        "isEditable": false,
        "cascadeFrom": "Version",
        "validation": {
          "maxLength": "0",
          "required": true
        }
      },
      {
        "fieldName": "SolverExpediteWIP",
        "title": "M Solver Expedite WIP",
        "Description": "M Solver Expedite WIP",
        "type": "picklistDropdown",
        "selectionType": "single",
        "clearSearch": true,
        "source": "datasource",
        "key": "SolverExpediteWIP",
        "valueField": "M Solver Flag Expedite WIP",
        "textField": "M Solver Flag Expedite WIP",
        "visible": false,
        "isEditable": false,
        "cascadeFrom": "Version",
        "validation": {
          "maxLength": "0",
          "required": true
        },
        "select": "ALL"
      },
      {
        "fieldName": "NoPeggings",
        "title": "No Peggings",
        "Description": "No Peggings",
        "type": "picklistDropdown",
        "selectionType": "single",
        "clearSearch": true,
        "select": "ALL",
        "source": "datasource",
        "key": "SolverNoPeggings",
        "valueField": "M Solver Flag No Peggings",
        "textField": "M Solver Flag No Peggings",
        "visible": false,
        "isEditable": false,
        "cascadeFrom": "Version",
        "validation": {
          "maxLength": "0",
          "required": true
        }
      },
      {
        "fieldName": "SupplyCodePlan",
        "title": "Supply Code Plan",
        "Description": "Supply Code Plan",
        "type": "picklistDropdown",
        "selectionType": "single",
        "clearSearch": true,
        "select": "ALL",
        "source": "datasource",
        "key": "SolverSupplyCodePlan",
        "valueField": "M Solver Flag SupplyCode Plan",
        "textField": "M Solver Flag SupplyCode Plan",
        "visible": false,
        "isEditable": false,
        "cascadeFrom": "Version",
        "validation": {
          "maxLength": "0",
          "required": true
        }
      },
      {
        "fieldName": "ShelfLifePlan",
        "title": "Shelf Life Plan",
        "Description": "Shelf Life Plan",
        "type": "picklistDropdown",
        "selectionType": "single",
        "clearSearch": true,
        "select": "ALL",
        "source": "datasource",
        "key": "SolverShelfLifePlan",
        "valueField": "M Solver Flag Shelf Life Plan",
        "textField": "M Solver Flag Shelf Life Plan",
        "visible": false,
        "isEditable": false,
        "cascadeFrom": "Version",
        "validation": {
          "maxLength": "0",
          "required": true
        }
      },
      {
        "fieldName": "PlanDateHardPeg",
        "title": "Plan Date Hard Peg",
        "Description": "Plan Date Hard Peg",
        "type": "picklistDropdown",
        "selectionType": "single",
        "clearSearch": true,
        "select": "ALL",
        "source": "datasource",
        "key": "SolverPlanDateHardPeg",
        "valueField": "M Plan Date Hard Peg",
        "textField": "M Plan Date Hard Peg",
        "visible": false,
        "isEditable": false,
        "cascadeFrom": "Version",
        "validation": {
          "maxLength": "0",
          "required": true
        }
      },
      {
        "fieldName": "MinTimeHardPeg",
        "title": "Min Time Hard Peg",
        "Description": "Min Time Hard Peg",
        "type": "picklistDropdown",
        "selectionType": "single",
        "clearSearch": true,
        "select": "ALL",
        "source": "datasource",
        "key": "SolverMinTimeHardPeg",
        "valueField": "M Min Time Hard Peg",
        "textField": "M Min Time Hard Peg",
        "visible": false,
        "isEditable": false,
        "cascadeFrom": "Version",
        "validation": {
          "maxLength": "0",
          "required": true
        }
      },
      {
        "fieldName": "LatePlanStrategy",
        "title": "Late Plan Strategy",
        "Description": "Late Plan Strategy",
        "type": "string",
        "selectionType": "single",
        "clearSearch": true,
        "select": "ALL",
        "source": "datasource",
        "key": "SolverLatePlanStrategy",
        "valueField": "M Late Plan Strategy",
        "textField": "M Late Plan Strategy",
        "visible": false,
        "isEditable": false,
        "cascadeFrom": "Version",
        "validation": {
          "maxLength": "0",
          "required": true
        }
      },
      {
        "fieldName": "DemandSliceThreshold",
        "title": "Demand Slice Threshold",
        "Description": "Demand Slice Threshold",
        "type": "picklistDropdown",
        "selectionType": "single",
        "clearSearch": true,
        "select": "ALL",
        "source": "datasource",
        "key": "SolverDemandSliceThreshold",
        "valueField": "M Solver Demand Slice Threshold",
        "textField": "M Solver Demand Slice Threshold",
        "visible": false,
        "isEditable": false,
        "cascadeFrom": "Version",
        "validation": {
          "maxLength": "0",
          "required": true
        }
      },
      {
        "fieldName": "User",
        "title": "User",
        "type": "picklistDropdown",
        "selectionType": "single",
        "clearSearch": true,
        "select": "ALL",
        "source": "datasource",
        "key": "CurrentUser",
        "valueField": "Name",
        "textField": "Name",
        "visible": false,
        "isEditable": false,
        "validation": {
          "maxLength": "0",
          "required": true
        }
      },
      {
        "fieldName": "ScenarioCount",
        "title": "Scenario Count",
        "type": "number",
        "selectionType": "single",
        "clearSearch": true,
        "select": "ALL",
        "source": "datasource",
        "key": "ScenarioCount",
        "valueField": "result",
        "textField": "result",
        "visible": false,
        "isEditable": false,
        "validation": {
          "maxLength": "0",
          "required": true
        }
      },
      {
        "fieldName": "VersionCount",
        "title": "Version Count",
        "type": "number",
        "selectionType": "single",
        "clearSearch": true,
        "select": "ALL",
        "source": "datasource",
        "key": "VersionCount",
        "valueField": "result",
        "textField": "result",
        "visible": false,
        "isEditable": false,
        "validation": {
          "maxLength": "0",
          "required": true
        }
      },
      {
        "fieldName": "ActionType",
        "title": "Action Type",
        "type": "string",
        "selectionType": "single",
        "clearSearch": true,
        "source": "literal",
        "defaultValue": "Constrained Plan Monthly",
        "visible": false,
        "isEditable": false,
        "validation": {
          "maxLength": "0",
          "required": true
        }
      },
      {
        "fieldName": "Product",
        "title": "Product",
        "type": "string",
        "selectionType": "single",
        "clearSearch": true,
        "source": "literal",
        "defaultValue": "Master Planning",
        "visible": false,
        "isEditable": false,
        "validation": {
          "maxLength": "0",
          "required": true
        }
      },
      {
        "fieldName": "RunID",
        "title": "RunID",
        "type": "string",
        "selectionType": "single",
        "clearSearch": true,
        "select": "ALL",
        "source": "datasource",
        "key": "RunID",
        "valueField": "Name",
        "textField": "Name",
        "visible": false,
        "isEditable": false,
        "validation": {
          "maxLength": "0",
          "required": true
        },
        "cascadeFrom": "RunIDParent"
      },
      {
        "fieldName": "RunIDParent",
        "title": "RunID Parent",
        "type": "picklistDropdown",
        "selectionType": "single",
        "clearSearch": true,
        "select": "ALL",
        "source": "datasource",
        "key": "RunIDParent",
        "valueField": "result",
        "textField": "result",
        "visible": false,
        "isEditable": false,
        "validation": {
          "maxLength": "0",
          "required": true
        }
      },
      {
        "fieldName": "SkipSSForUnviableBuckets",
        "title": "Skip SS For Unviable Buckets",
        "Description": "Skip SS For Unviable Buckets",
        "type": "picklistDropdown",
        "selectionType": "single",
        "clearSearch": true,
        "select": "ALL",
        "source": "datasource",
        "key": "SolverSkipSSForUnviableBuckets",
        "valueField": "M Skip SS For Unviable Buckets",
        "textField": "M Skip SS For Unviable Buckets",
        "visible": false,
        "isEditable": false,
        "validation": {
          "maxLength": "0",
          "required": true
        },
        "cascadeFrom": "Version"
      }
    ],
    "DataSources": [
      {
        "Name": "SolverEndingBucket",
        "IBPLRules": [
          {
            "template": "SELECT &MonthlySolverEndBucket.element(0);"
          }
        ],
        "JavascriptRules": [],
        "FieldBindings": [],
        "IncludeDSFieldsOnly": false
      },
      {
        "Name": "SolverStartingBucket",
        "IBPLRules": [
          {
            "template": "SELECT &MonthlySolverStartBucket.element(0);"
          }
        ],
        "JavascriptRules": [],
        "FieldBindings": [],
        "IncludeDSFieldsOnly": false
      },
      {
        "Name": "SolverDemandSliceFactor",
        "IBPLRules": [
          {
            "template": "Select ([Version].[Version Name]{{#filter Version}} * {Measure.[M Solver Demand Slice Factor]});"
          }
        ],
        "JavascriptRules": [],
        "FieldBindings": [],
        "IncludeDSFieldsOnly": false
      },
      {
        "Name": "SolverFlagAllowNOH",
        "IBPLRules": [
          {
            "template": "Select ([Version].[Version Name]{{#filter Version}} * {Measure.[M Solver Flag Allow NOH]});"
          }
        ],
        "JavascriptRules": [],
        "FieldBindings": [],
        "IncludeDSFieldsOnly": false
      },
      {
        "Name": "SolverFlagRespectFreezeWindowForWIPs",
        "IBPLRules": [
          {
            "template": "Select ([Version].[Version Name]{{#filter Version}} * {Measure.[M Solver Flag Respect Freeze Window For WIPs]});"
          }
        ],
        "JavascriptRules": [],
        "FieldBindings": [],
        "IncludeDSFieldsOnly": false
      },
      {
        "Name": "SolverFlagMinimizeInventoryBuildAhead",
        "IBPLRules": [
          {
            "template": "Select ([Version].[Version Name]{{#filter Version}} * {Measure.[M Solver Flag Minimize Inventory Build Ahead]});"
          }
        ],
        "JavascriptRules": [],
        "FieldBindings": [],
        "IncludeDSFieldsOnly": false
      },
      {
        "Name": "SolverFlagInventoryPlanType",
        "IBPLRules": [
          {
            "template": "Select ([Version].[Version Name]{{#filter Version}} * {Measure.[M Solver Flag Inventory Plan Type]});"
          }
        ],
        "JavascriptRules": [],
        "FieldBindings": [],
        "IncludeDSFieldsOnly": false
      },
      {
        "Name": "SolverFlagInventoryPlanPolicy",
        "IBPLRules": [
          {
            "template": "Select ([Version].[Version Name]{{#filter Version}} * {Measure.[M Solver Flag Inventory Plan Policy]});"
          }
        ],
        "JavascriptRules": [],
        "FieldBindings": [],
        "IncludeDSFieldsOnly": false
      },
      {
        "Name": "SolverInventoryPlanBands",
        "IBPLRules": [
          {
            "template": "Select ([Version].[Version Name]{{#filter Version}} * {Measure.[M Solver Inventory Plan Bands]});"
          }
        ],
        "JavascriptRules": [],
        "FieldBindings": [],
        "IncludeDSFieldsOnly": false
      },
      {
        "Name": "SolverCurrentBucket",
        "IBPLRules": [
          {
            "template": "SELECT &MonthlySolverCurrentBucket.element(0);"
          }
        ],
        "JavascriptRules": [],
        "FieldBindings": [],
        "IncludeDSFieldsOnly": false
      },
      {
        "Name": "Now",
        "IBPLRules": [
          {
            "template": "Select NOW();"
          }
        ],
        "JavascriptRules": [],
        "FieldBindings": [],
        "IncludeDSFieldsOnly": false
      },
      {
        "Name": "SolverMaterialConstrained",
        "IBPLRules": [
          {
            "template": "Select ([Version].[Version Name]{{#filter Version}} * {Measure.[M Material Constrained]});"
          }
        ],
        "JavascriptRules": [],
        "FieldBindings": [],
        "IncludeDSFieldsOnly": false
      },
      {
        "Name": "SolverCapacityConstrained",
        "IBPLRules": [
          {
            "template": "Select ([Version].[Version Name]{{#filter Version}} * {Measure.[M Capacity Constrained]});"
          }
        ],
        "JavascriptRules": [],
        "FieldBindings": [],
        "IncludeDSFieldsOnly": false
      },
      {
        "Name": "SolverCapacityBandsToMinimizeLateness",
        "IBPLRules": [
          {
            "template": "Select ([Version].[Version Name]{{#filter Version}} * {Measure.[M Solver Capacity Bands To Minimize Lateness]});"
          }
        ],
        "JavascriptRules": [],
        "FieldBindings": [],
        "IncludeDSFieldsOnly": false
      },
      {
        "Name": "SolverDeleteData",
        "IBPLRules": [
          {
            "template": "Select ([Version].[Version Name]{{#filter Version}} * {Measure.[M Solver Delete Data]});"
          }
        ],
        "JavascriptRules": [],
        "FieldBindings": [],
        "IncludeDSFieldsOnly": false
      },
      {
        "Name": "SolverRun",
        "IBPLRules": [
          {
            "template": "Select ([Version].[Version Name]{{#filter Version}} * {Measure.[M Solver Run Type Flag]});"
          }
        ],
        "JavascriptRules": [],
        "FieldBindings": [],
        "IncludeDSFieldsOnly": false
      },
      {
        "Name": "SolverSSBuildAheadLimit",
        "IBPLRules": [
          {
            "template": "Select ([Version].[Version Name]{{#filter Version}} * {Measure.[M Solver SS Build Ahead Limit]});"
          }
        ],
        "JavascriptRules": [],
        "FieldBindings": [],
        "IncludeDSFieldsOnly": false
      },
      {
        "Name": "SolverFlagMinimizeNoCarryViolations",
        "IBPLRules": [
          {
            "template": "Select ([Version].[Version Name]{{#filter Version}} * {Measure.[M Solver Flag Minimize No Carry Violations]});"
          }
        ],
        "JavascriptRules": [],
        "FieldBindings": [],
        "IncludeDSFieldsOnly": false
      },
      {
        "Name": "SolverFlagTryMaterialReallocationInRCA",
        "IBPLRules": [
          {
            "template": "Select ([Version].[Version Name]{{#filter Version}} * {Measure.[M Solver Flag Try Material Reallocation In RCA]});"
          }
        ],
        "JavascriptRules": [],
        "FieldBindings": [],
        "IncludeDSFieldsOnly": false
      },
      {
        "Name": "SolverFlagInventoryPlanStrategy",
        "IBPLRules": [
          {
            "template": "Select ([Version].[Version Name]{{#filter Version}} * {Measure.[M Solver Flag Inventory Plan Strategy]});"
          }
        ],
        "JavascriptRules": [],
        "FieldBindings": [],
        "IncludeDSFieldsOnly": false
      },
      {
        "Name": "SolverDemandBuildAheadLimit",
        "IBPLRules": [
          {
            "template": "Select ([Version].[Version Name]{{#filter Version}} * {Measure.[M Global Demand Build Ahead Limit]});"
          }
        ],
        "JavascriptRules": [],
        "FieldBindings": [],
        "IncludeDSFieldsOnly": false
      },
      {
        "Name": "SolverDemandBuildLateLimit",
        "IBPLRules": [
          {
            "template": "Select ([Version].[Version Name]{{#filter Version}} * {Measure.[M Global Demand Build Late Limit]});"
          }
        ],
        "JavascriptRules": [],
        "FieldBindings": [],
        "IncludeDSFieldsOnly": false
      },
      {
        "Name": "SolverExpediteWIP",
        "IBPLRules": [
          {
            "template": "Select ([Version].[Version Name]{{#filter Version}} * {Measure.[M Solver Flag Expedite WIP]});"
          }
        ],
        "JavascriptRules": [],
        "FieldBindings": [],
        "IncludeDSFieldsOnly": false
      },
      {
        "Name": "SolverNoPeggings",
        "IBPLRules": [
          {
            "template": "Select ([Version].[Version Name]{{#filter Version}} * {Measure.[M Solver Flag No Peggings]});"
          }
        ],
        "JavascriptRules": [],
        "FieldBindings": [],
        "IncludeDSFieldsOnly": false
      },
      {
        "Name": "SolverSupplyCodePlan",
        "IBPLRules": [
          {
            "template": "Select ([Version].[Version Name]{{#filter Version}} * {Measure.[M Solver Flag SupplyCode Plan]});"
          }
        ],
        "JavascriptRules": [],
        "FieldBindings": [],
        "IncludeDSFieldsOnly": false
      },
      {
        "Name": "SolverShelfLifePlan",
        "IBPLRules": [
          {
            "template": "Select ([Version].[Version Name]{{#filter Version}} * {Measure.[M Solver Flag Shelf Life Plan]});"
          }
        ],
        "JavascriptRules": [],
        "FieldBindings": [],
        "IncludeDSFieldsOnly": false
      },
      {
        "Name": "SolverPlanDateHardPeg",
        "IBPLRules": [
          {
            "template": "Select ([Version].[Version Name]{{#filter Version}} * {Measure.[M Plan Date Hard Peg]});"
          }
        ],
        "JavascriptRules": [],
        "FieldBindings": [],
        "IncludeDSFieldsOnly": false
      },
      {
        "Name": "SolverMinTimeHardPeg",
        "IBPLRules": [
          {
            "template": "Select ([Version].[Version Name]{{#filter Version}} * {Measure.[M Min Time Hard Peg]});"
          }
        ],
        "JavascriptRules": [],
        "FieldBindings": [],
        "IncludeDSFieldsOnly": false
      },
      {
        "Name": "SolverLatePlanStrategy",
        "IBPLRules": [
          {
            "template": "Select ([Version].[Version Name]{{#filter Version}} * {Measure.[M Late Plan Strategy]});"
          }
        ],
        "JavascriptRules": [],
        "FieldBindings": [],
        "IncludeDSFieldsOnly": false
      },
      {
        "Name": "SolverDemandSliceThreshold",
        "IBPLRules": [
          {
            "template": "Select ([Version].[Version Name]{{#filter Version}} * {Measure.[M Solver Demand Slice Threshold]});"
          }
        ],
        "JavascriptRules": [],
        "FieldBindings": [],
        "IncludeDSFieldsOnly": false
      },
      {
        "Name": "CurrentUser",
        "IBPLRules": [
          {
            "template": "Select CurrentUser();"
          }
        ],
        "JavascriptRules": [],
        "FieldBindings": [],
        "IncludeDSFieldsOnly": false
      },
      {
        "Name": "RunID",
        "IBPLRules": [
          {
            "template": "createmember ([Action].[RunID]={,\"{{RunIDParent}}-{{ActionType}}\"});"
          }
        ],
        "JavascriptRules": [],
        "FieldBindings": [],
        "IncludeDSFieldsOnly": false
      },
      {
        "Name": "ScenarioCount",
        "IBPLRules": [
          {
            "template": "Select ([Version].[Version Name].filter(#.Key <=0).count);"
          }
        ],
        "JavascriptRules": [],
        "FieldBindings": [],
        "IncludeDSFieldsOnly": false
      },
      {
        "Name": "VersionCount",
        "IBPLRules": [
          {
            "template": "Select ([Version].[Version Name].filter(#.Key >=0).count);"
          }
        ],
        "JavascriptRules": [],
        "FieldBindings": [],
        "IncludeDSFieldsOnly": false
      },
      {
        "Name": "RunIDParent",
        "IBPLRules": [
          {
            "template": "select NextLabel([RunID Parent]);"
          }
        ],
        "JavascriptRules": [],
        "FieldBindings": [],
        "IncludeDSFieldsOnly": false
      },
      {
        "Name": "SolverSkipSSForUnviableBuckets",
        "IBPLRules": [
          {
            "template": "Select ([Version].[Version Name]{{#filter Version}} * {Measure.[M Skip SS For Unviable Buckets]});"
          }
        ],
        "JavascriptRules": [],
        "FieldBindings": [],
        "IncludeDSFieldsOnly": false
      }
    ],
    "AutoExecute": false,
    "isAsync": true,
    "hasMembersUpdates": false,
    "Compact": true,
    "TwoColumn": true,
    "IsGlobalForExcelAddIn": false,
    "FilterFieldBindings": []
  },
  "Widget": null
}