{
  "AttributeName": "Serial No",
  "AttributeId": "154e3dc2-1c04-4abb-b06f-a80c86aad37d",
  "AttributeHierarchyEnabled": true,
  "IsKey": true,
  "Description": "Serial No",
  "OrderBy": "Name",
  "KeyColumnName": "SerialNoKey",
  "NameColumnName": "SerialNoName",
  "KeyColumnDataType": "integer",
  "SeedTags": false,
  "KeyGenerationType": "Auto",
  "PickListName": null,
  "ConfigJson": {
    "ShowFilterAs": "TileView",
    "MemberDisplayNameEditable": true,
    "IsMultipleImage": false
  },
  "FormatString": null,
  "Translation": null,
  "Aliases": [],
  "ApiName": null,
  "ApiDisabled": false
}