{
  "EdgePropertyId": "9391ce53-a20c-495b-902b-3d96f1a787c3",
  "PropertyName": "Exchange Rate Input",
  "PropertyDescription": "Exchange Rate Input",
  "PropertyDataType": "number",
  "PropertyDataSize": 0,
  "PropertyColumnName": "ExchangeRateInput",
  "AggregateFunction": "Sum",
  "PropertyFormula": null,
  "IsEditable": false,
  "FormatString": "#,##0.00; (#,##0.00)",
  "ActivationProperty": false,
  "IsComputedByPlanningService": false,
  "ToolTip": null,
  "ApiName": null,
  "ApiDisabled": false,
  "BgColorFormula": null,
  "FgColorFormula": null,
  "TrendFormula": null,
  "FormattingViewModel": null,
  "ConditionalFormulas": []
}