{
  "Name": "GenerateRowCount",
  "Description": null,
  "ActionButtonId": "31b29d39-9363-4a18-9c36-b4acc5b6f4da",
  "Tooltip": "Generate Row Count",
  "ActionButtonType": "Widget",
  "Alignment": "right",
  "IsPopOver": true,
  "IsGlobal": true,
  "ActionClickHandler": null,
  "Icon": null,
  "Image": null,
  "ConfigJson": {
    "DisplayName": "Generate Row Count",
    "icon": "calculator",
    "SubmitButton": {
      "Label": "Submit"
    },
    "ResetButton": {
      "Label": "Reset"
    },
    "CloseButton": {
      "Label": "Close",
      "ConfirmMessage": "Unsaved changes will be lost. Continue?"
    },
    "NotifyAll": false,
    "IBPLRules": [],
    "JavascriptRules": [
      {
        "modulename": "o9.referencemodel.GenerateRowCount",
        "functionname": "GenerateRowCount"
      }
    ],
    "FieldBindings": [
      {
        "fieldName": "Version",
        "title": "Version",
        "Description": "Version",
        "type": "picklistDropdown",
        "clearSearch": true,
        "source": "members",
        "DimensionName": "Version",
        "LevelAttributeName": "Version Name",
        "visible": false,
        "isEditable": false,
        "validation": {
          "maxLength": "0",
          "required": true
        },
        "FilterExpression": "&CWV"
      },
      {
        "fieldName": "RunIDParent",
        "title": "RunID Parent",
        "type": "picklistDropdown",
        "selectionType": "single",
        "clearSearch": true,
        "select": "ALL",
        "source": "datasource",
        "key": "RunIDParent",
        "valueField": "result",
        "textField": "result",
        "visible": false,
        "isEditable": false,
        "validation": {
          "maxLength": "0",
          "required": true
        }
      },
      {
        "fieldName": "ActionType",
        "title": "ActionType",
        "type": "picklistDropdown",
        "selectionType": "single",
        "clearSearch": true,
        "source": "members",
        "DimensionName": "Row Count",
        "LevelAttributeName": "Action Type",
        "visible": true,
        "isEditable": true,
        "validation": {
          "maxLength": "0",
          "required": true
        }
      },
      {
        "fieldName": "User",
        "title": "User",
        "type": "string",
        "selectionType": "single",
        "clearSearch": true,
        "select": "ALL",
        "source": "datasource",
        "key": "CurrentUser",
        "valueField": "Name",
        "textField": "Name",
        "visible": false,
        "isEditable": false,
        "validation": {
          "maxLength": "0",
          "required": true
        }
      },
      {
        "fieldName": "RunID",
        "title": "RunID",
        "type": "string",
        "selectionType": "single",
        "clearSearch": true,
        "select": "ALL",
        "source": "datasource",
        "key": "RunID",
        "valueField": "Name",
        "textField": "Name",
        "visible": false,
        "isEditable": false,
        "cascadeFrom": "RunIDParent",
        "validation": {
          "maxLength": "0",
          "required": true
        }
      },
      {
        "fieldName": "PerformanceFlag",
        "title": "Performance Flag",
        "type": "boolean",
        "selectionType": "single",
        "clearSearch": true,
        "source": "literal",
        "defaultValue": false,
        "visible": false,
        "isEditable": false,
        "validation": {
          "maxLength": "0",
          "required": true
        }
      },
      {
        "fieldName": "Product",
        "title": "Product",
        "type": "picklistDropdown",
        "selectionType": "single",
        "clearSearch": true,
        "source": "filter",
        "DimensionName": "Row Count",
        "LevelAttributeName": "Product",
        "visible": true,
        "isEditable": true,
        "validation": {
          "maxLength": "0",
          "required": true
        }
      }
    ],
    "DataSources": [
      {
        "Name": "CurrentUser",
        "IBPLRules": [
          {
            "template": "Select CurrentUser();"
          }
        ],
        "JavascriptRules": [],
        "FieldBindings": [],
        "IncludeDSFieldsOnly": false
      },
      {
        "Name": "RunIDParent",
        "IBPLRules": [
          {
            "template": "select NextLabel([RunID Parent]);"
          }
        ],
        "JavascriptRules": [],
        "FieldBindings": [],
        "IncludeDSFieldsOnly": false
      },
      {
        "Name": "RunID",
        "IBPLRules": [
          {
            "template": "createmember ([Action].[RunID]={,\"{{RunIDParent}}-{{ActionType}}\"});"
          }
        ],
        "JavascriptRules": [],
        "FieldBindings": [],
        "IncludeDSFieldsOnly": false
      }
    ],
    "AutoExecute": false,
    "isAsync": true,
    "hasMembersUpdates": false,
    "Compact": false,
    "TwoColumn": false,
    "IsGlobalForExcelAddIn": false,
    "ReturnFilterByUpdate": false,
    "FilterFieldBindings": []
  },
  "Widget": null
}