{
  "Name": "AddInputTransition",
  "Description": "Add an Input for transition",
  "ActionButtonId": "18b70f6a-7e39-8941-0dcf-b0a3facc9cff",
  "Tooltip": "Add an Input for transition",
  "ActionButtonType": "Widget",
  "Alignment": "right",
  "IsPopOver": true,
  "IsGlobal": true,
  "ActionClickHandler": null,
  "Icon": null,
  "Image": null,
  "ConfigJson": {
    "DisplayName": "Add Input",
    "icon": "plus",
    "SubmitButton": {
      "Label": "Submit"
    },
    "ResetButton": {
      "Label": "Reset"
    },
    "CloseButton": {
      "Label": "Close",
      "ConfirmMessage": "Unsaved changes will be lost. Continue?"
    },
    "NotifyRoles": true,
    "NotifyAll": false,
    "IBPLRules": [
      {
        "template": "cartesian scope:([010.001 Common Network Substitute Item Location Input Graph],Version.[Version Name]{{#filter Version}}, from [Resource Group].[Resource Group].[FG Transition] *[Location].[Location]{{#filter Location}} *[Item].[Item]{{#filter BaseItem}}, To [Item].[Item]{{#filter TransitionItem}} *[Resource Group].[Resource Group].[FG Transition]);\nEdge.[Substitute Item Association Item Location Input]=1;\nEdge.[Substitute Item WIP Sweep Priority Item Location Input]={{WIPSweepPriority}};\nEdge.[Substitute Item Depth Item Location Input]=1;\nEdge.[Substitute Item Consumed Per Item Location Input]=float({{TransitionItemconsumedPer}});\nEdge.[Transition Date Item Location Input]=todatetime(\"{{TransitionDate}}\");\nEdge.[Is Demand Node Item Location Input]=1;\nEdge.[Is Alternate within GroupID Item Location Input]=1;\nEdge.[IsBase Item Location Input]=true;\nEdge.[Block Substitute Item Upstream Item Location Input]={{BlockSubstituteItemUpstream}};\nEdge.[Block Fresh Production for SS Item Location Input]={{Blockfreshproductionforss}};\nend scope;\n\n\n{{#if TransitionType}}\n\ncartesian scope:([010.001 Common Network Substitute Item Location Input Graph],Version.[Version Name]{{#filter Version}}, from [Resource Group].[Resource Group].[FG Transition] *[Location].[Location]{{#filter Location}} *[Item].[Item]{{#filter BaseItem}}, To [Item].[Item]{{#filter TransitionItem}} *[Resource Group].[Resource Group].[FG Transition]);\n\nEdge.[Substitution OR Transition Item Location Input]=\"Soft\";\nend scope;\n\n{{#else}}\n\ncartesian scope:([010.001 Common Network Substitute Item Location Input Graph],Version.[Version Name]{{#filter Version}}, from [Resource Group].[Resource Group].[FG Transition] *[Location].[Location]{{#filter Location}} *[Item].[Item]{{#filter BaseItem}}, To [Item].[Item]{{#filter TransitionItem}} *[Resource Group].[Resource Group].[FG Transition]);\n\nEdge.[Substitution OR Transition Item Location Input]=\"Hard\";\nend scope;\n\n{{/if}}\n"
      }
    ],
    "JavascriptRules": [],
    "FieldBindings": [
      {
        "fieldName": "Version",
        "title": "Version",
        "Description": "Version",
        "type": "picklistDropdown",
        "selectionType": "single",
        "clearSearch": true,
        "source": "filter",
        "DimensionName": "Version",
        "LevelAttributeName": "Version Name",
        "visible": true,
        "isEditable": true,
        "validation": {
          "maxLength": "0",
          "required": true
        }
      },
      {
        "fieldName": "BaseItem",
        "title": "Base Item",
        "Description": "Item which needs to be transitioned",
        "type": "picklistDropdown",
        "selectionType": "single",
        "clearSearch": true,
        "source": "members",
        "DimensionName": "Item",
        "LevelAttributeName": "Item",
        "FilterExpression": "&AllFinishedGoodsItems",
        "visible": true,
        "isEditable": true,
        "validation": {
          "maxLength": "0",
          "required": true
        }
      },
      {
        "fieldName": "TransitionItem",
        "title": "Transition Item",
        "Description": "Transition Item",
        "type": "picklistDropdown",
        "selectionType": "single",
        "clearSearch": true,
        "source": "members",
        "DimensionName": "Item",
        "LevelAttributeName": "Item",
        "FilterExpression": "&AllFinishedGoodsItems",
        "visible": true,
        "isEditable": true,
        "validation": {
          "maxLength": "0",
          "required": true
        }
      },
      {
        "fieldName": "TransitionItemconsumedPer",
        "title": "Transition Item consumed Per",
        "Description": "No. of Transition Item required to produce 1base Item",
        "type": "number",
        "displayFormat": "0.0",
        "clearSearch": true,
        "source": "literal",
        "visible": true,
        "isEditable": true,
        "validation": {
          "maxLength": "0",
          "required": true
        }
      },
      {
        "fieldName": "Location",
        "title": "Location",
        "Description": "Location where transition will happen",
        "type": "picklistDropdown",
        "selectionType": "single",
        "clearSearch": true,
        "source": "members",
        "DimensionName": "Location",
        "LevelAttributeName": "Location",
        "FilterExpression": "&AllPlantAndDCLocations",
        "visible": true,
        "isEditable": true,
        "validation": {
          "maxLength": "0",
          "required": true
        }
      },
      {
        "fieldName": "TransitionType",
        "title": "TransitionType",
        "Description": "Type of Transition",
        "type": "string",
        "clearSearch": true,
        "source": "picklist",
        "key": "Transition",
        "visible": true,
        "isEditable": true,
        "validation": {
          "maxLength": "0",
          "required": true
        }
      },
      {
        "fieldName": "TransitionDate",
        "title": "Transition Date",
        "Description": "Bucket after which transition will start",
        "type": "datetime",
        "clearSearch": true,
        "source": "literal",
        "visible": true,
        "isEditable": true,
        "validation": {
          "maxLength": "0",
          "required": true
        },
        "selectionType": "single"
      },
      {
        "fieldName": "WIPSweepPriority",
        "title": "Transition Item Priority",
        "Description": "Transition Item Priority",
        "type": "number",
        "selectionType": "single",
        "clearSearch": true,
        "source": "literal",
        "visible": true,
        "isEditable": true,
        "validation": {
          "maxLength": "0",
          "required": true
        }
      },
      {
        "fieldName": "Blockfreshproductionforss",
        "title": "Block Fresh Production For Safety Stock Planning",
        "Description": "Block Fresh Production For Safety Stock Planning",
        "type": "boolean",
        "selectionType": "single",
        "clearSearch": true,
        "source": "literal",
        "defaultValue": true,
        "visible": true,
        "isEditable": true,
        "validation": {
          "maxLength": "0",
          "required": true
        }
      },
      {
        "fieldName": "BlockSubstituteItemUpstream",
        "title": "Block Substitute Item Upstream",
        "Description": "Block Substitute Item Upstream to fulfill Base Item demand",
        "type": "boolean",
        "selectionType": "single",
        "clearSearch": true,
        "source": "literal",
        "defaultValue": true,
        "visible": true,
        "isEditable": true,
        "validation": {
          "maxLength": "0",
          "required": true
        }
      }
    ],
    "Range": [],
    "DataSources": [],
    "AutoExecute": false,
    "isAsync": true,
    "hasMembersUpdates": false,
    "Compact": false,
    "TwoColumn": false,
    "IsGlobalForExcelAddIn": false,
    "ReturnFilterByUpdate": false,
    "ExcludeFromNavLink": false,
    "FilterFieldBindings": []
  },
  "Widget": null,
  "Roles": []
}