{
  "MeasureName": "LC Ttl MD Rtl",
  "MeasureId": "d3866094-c3d8-4010-88ac-4dbb4ea07f71",
  "MeasureDescription": "Last cycle Total Markdown Retail",
  "DataType": "number",
  "MeasureType": "Regular",
  "AggregateFunction": "Sum",
  "FormatString": "(0,000.00a)",
  "MeasureColumnName": "LCTtlMDRtl",
  "MeasureFormula": "",
  "IsEditable": false,
  "ApplyConversion": false,
  "ConversionFormula": "",
  "PickListName": null,
  "BgColorFormula": "",
  "FgColorFormula": "",
  "TrendFormula": "",
  "FormattingViewModel": null,
  "ParentMeasureName": null,
  "AssociationMeasure": false,
  "IsComputedByPlanningService": false,
  "ToolTip": "Last cycle Total Markdown Retail",
  "ConfigJson": {},
  "ApiName": null,
  "ApiDisabled": false,
  "IsReportingMeasure": false,
  "MeasureConditionalFormulaProperties": [],
  "PicklistSource": null
}