{
  "AttributeName": "Retail_AP_BP_Product_Location_NN",
  "AttributeId": "d1f11d2b-5d45-1f47-8a39-485d65cb85b6",
  "AttributeHierarchyEnabled": true,
  "IsKey": false,
  "Description": "Retail AP Buy Plan Product and Location Named Node",
  "OrderBy": "Key",
  "KeyColumnName": "Retail_AP_BP_Product_Location_NNKey",
  "NameColumnName": "Retail_AP_BP_Product_Location_NNName",
  "KeyColumnDataType": "integer",
  "SeedTags": true,
  "KeyGenerationType": "Auto",
  "PickListName": null,
  "ConfigJson": {
    "ShowFilterAs": "TileView",
    "MemberDisplayNameEditable": true,
    "IsMultipleImage": false,
    "MemberDisplayColor": false
  },
  "FormatString": null,
  "Translation": null,
  "Aliases": [],
  "ApiName": null,
  "ApiDisabled": false,
  "ParentAttributeName": null,
  "NamedNodeUsages": [
    {
      "DimensionName": "Item",
      "AttributeName": "Planning Item"
    },
    {
      "DimensionName": "Location",
      "AttributeName": "Location"
    }
  ]
}