{
  "AttributeName": "BOM Plan Type",
  "AttributeId": "5e65e35c-8d95-422e-9e2e-311d7568feaf",
  "AttributeHierarchyEnabled": true,
  "IsKey": false,
  "Description": "Plan Type to differentiate BOMs for MP and OP",
  "OrderBy": "Name",
  "KeyColumnName": "BOMPlanTypeKey",
  "NameColumnName": "BOMPlanTypeName",
  "KeyColumnDataType": "integer",
  "SeedTags": false,
  "KeyGenerationType": "Auto",
  "PickListName": null,
  "ConfigJson": {
    "ShowFilterAs": "TileView",
    "MemberDisplayNameEditable": true,
    "IsMultipleImage": false
  },
  "FormatString": null,
  "Translation": null,
  "Aliases": [],
  "ApiName": null,
  "ApiDisabled": false
}