{
  "MeasureName": "Planner Seasonality",
  "MeasureId": "22c4cd80-21c9-4bfa-89ce-ab74a22e6006",
  "MeasureDescription": "planner override to Seasonality values to be considered for rule definition",
  "DataType": "picklist",
  "MeasureType": "Regular",
  "AggregateFunction": "Null",
  "FormatString": "",
  "MeasureColumnName": "PlannerSeasonality",
  "MeasureFormula": "",
  "IsEditable": true,
  "ApplyConversion": false,
  "ConversionFormula": "",
  "PickListName": "Seasonality",
  "BgColorFormula": "",
  "FgColorFormula": "",
  "TrendFormula": "",
  "FormattingViewModel": "[]",
  "ParentMeasureName": null,
  "AssociationMeasure": false,
  "IsComputedByPlanningService": false,
  "ToolTip": "planner override to Seasonality values to be considered for rule definition",
  "ConfigJson": {},
  "ApiName": null,
  "ApiDisabled": false,
  "IsReportingMeasure": false,
  "MeasureConditionalFormulaProperties": [],
  "PicklistSource": null
}