{
  "AttributeName": "Item Stage",
  "AttributeId": "c08c7e82-7a6e-4655-8edf-74f6c3bb8c76",
  "AttributeHierarchyEnabled": true,
  "IsKey": false,
  "Description": "Production stage eg. Fab, Sort etc. ",
  "OrderBy": "Key",
  "KeyColumnName": "ItemStageKey",
  "NameColumnName": "ItemStageName",
  "KeyColumnDataType": "integer",
  "SeedTags": false,
  "KeyGenerationType": "Auto",
  "PickListName": null,
  "ConfigJson": {},
  "FormatString": null,
  "Translation": null,
  "Aliases": [],
  "ApiName": null,
  "ApiDisabled": false
}