{
  "Name": "SupplyPlan159RemoveItemLocAssociation",
  "Description": "Remove Item-Location",
  "ActionButtonId": "2564b389-1f01-4a95-9391-05a1c7bb725c",
  "Tooltip": "Remove Item-Location Association",
  "ActionButtonType": "Widget",
  "Alignment": "right",
  "IsPopOver": true,
  "IsGlobal": true,
  "ActionClickHandler": null,
  "Icon": null,
  "Image": null,
  "ConfigJson": {
    "DisplayName": "Remove Item-Location",
    "icon": "minus",
    "SubmitButton": {
      "Label": "Submit"
    },
    "ResetButton": {
      "Label": "Reset"
    },
    "CloseButton": {
      "Label": "Close",
      "ConfirmMessage": "Unsaved changes will be lost. Continue?"
    },
    "NotifyAll": false,
    "IBPLRules": [
      {
        "template": "\n{{#each Tuple}}\n\nScope: ([Version].[Version Name]{{#filter Version}}*{{#entity Location}} * {{#entity Item}} );\nMeasure.[o9 Item Location Association]=Null;\nMeasure.[o9 Goods Receipt Time IL]=Null;\nMeasure.[o9 Planned Delivery Time IL]=Null;\nMeasure.[o9 Min Lot size IL]=Null;\nMeasure.[o9 Max Lot size IL]=Null;\nMeasure.[o9 Lot Size Increment IL]=Null;\nMeasure.[o9 Soft Lot Size IL]=Null;\nMeasure.[o9 Procurement Type]=Null;\nMeasure.[o9 PROC Exclude For MP Flag]=Null;\nMeasure.[o9 PROC Exclude For OP Flag]=Null;\nend scope;\n\n{{/each}}\n\n{{#each Tuple}}\n\n//--Uncomment the below code to enable Net change functionality\n/*\nCartesian Scope: ([Version].[Version Name]{{#filter Version}}*{{#entity Location}} * {{#entity Item}} );\nMeasure.[o9 Item Location Association NC Deletion]=1;\nend scope;\n\nScope: ([Version].[Version Name]{{#filter Version}}*{{#entity Location}} * {{#entity Item}} );\nMeasure.[o9 Item Location Association NC Addition]=Null;\nMeasure.[ERP Item Location Association NC Addition]=Null;\nend scope;\n*/\n\n{{/each}}\n"
      }
    ],
    "JavascriptRules": [],
    "FieldBindings": [
      {
        "fieldName": "Version",
        "title": "Version",
        "Description": "Version",
        "type": "picklistDropdown",
        "selectionType": "single",
        "clearSearch": true,
        "source": "filter",
        "DimensionName": "Version",
        "LevelAttributeName": "Version Name",
        "visible": true,
        "isEditable": true,
        "validation": {
          "maxLength": "0",
          "required": true
        }
      },
      {
        "fieldName": "Tuple",
        "title": "Intersection",
        "type": "picklistDropdown",
        "select": "ALL",
        "clearSearch": true,
        "source": "parentTuple",
        "TuplesList": [
          {
            "Key": "Item",
            "LevelAttribute": {
              "DimensionName": "Item",
              "Name": "Item",
              "textField": "Name"
            },
            "tuplesource": "LevelAttribute"
          },
          {
            "Key": "Location",
            "LevelAttribute": {
              "DimensionName": "Location",
              "Name": "Location",
              "textField": "Name"
            },
            "tuplesource": "LevelAttribute"
          }
        ],
        "visible": true,
        "isEditable": true,
        "validation": {
          "required": true
        },
        "Description": "Intersection"
      }
    ],
    "DataSources": [],
    "AutoExecute": false,
    "isAsync": false,
    "hasMembersUpdates": false,
    "Compact": true,
    "TwoColumn": true,
    "IsGlobalForExcelAddIn": false,
    "ReturnFilterByUpdate": true,
    "FilterFieldBindings": []
  },
  "Widget": null
}