{
  "Name": "Demand Netting Parameter Inputs",
  "WidgetDefinitionName": "Demand Netting Parameter Inputs",
  "IsPrimary": true,
  "ConfigJson": {
    "ContainerId": "c03d66c2-f9e4-4c16-99db-26929c7a4bc9",
    "CompositeContainerId": null,
    "Position": 0,
    "ShowInfoContext": {
      "ActionColumn": true,
      "RowInfo": true,
      "MemberInfo": true
    },
    "ShowHeader": null,
    "FilterPromotions": [],
    "FilterSharings": [
      {
        "LevelAttribute": {
          "Dimension": "o9PC Setting",
          "AttributeName": "Setting Group"
        },
        "MemberFilterExpression": "[o9PC Setting].[Setting Group].filter(#.Name == \t[PSA RCA Inputs])"
      },
      {
        "LevelAttribute": {
          "Dimension": "o9PC Component",
          "AttributeName": "Component Instance"
        },
        "MemberFilterExpression": "[o9PC Component].[Component].filter(#.Name == [Post Solver Analytics RCA]).relatedmembers([Component Instance])"
      },
      {
        "LevelAttribute": {
          "Dimension": "Version",
          "AttributeName": "Version Name"
        },
        "DisableSelection": false
      }
    ]
  },
  "ViewWidgetDefinitionId": "6dfa2ab4-b3e7-fea9-09d8-03c0e79f316d",
  "Title": "Demand Netting Parameter Inputs"
}