{
  "WorkspaceId": "5348dfee-150c-0ada-09e5-cd01bc9b7254",
  "Title": "Allocation Planning",
  "Name": "Allocation Planning",
  "ShortTitle": "Allocation Planning",
  "HasIndicator": false,
  "IsHidden": false,
  "Image": "sitemap",
  "Controller": null,
  "DefaultPageName": "New Page",
  "PageNavType": "VerticalTiles",
  "Orientation": null,
  "ViewTemplateFolder": null,
  "Tooltip": "",
  "Position": 37,
  "FilterBindings": [],
  "ActionButtonBindings": [],
  "Roles": [
    "public"
  ]
}