{
  "Name": "Active Sizes",
  "ViewId": "5952891b-2abc-ac2b-d570-98d34526ad2d",
  "ContentType": "Regular",
  "Title": "Active Sizes",
  "Position": 0,
  "IsDefault": true,
  "Resource": null,
  "RazorViewTemplate": "_containers",
  "ConfigJson": {
    "WidgetContainers": {
      "Containers": [
        1
      ],
      "Key": 0,
      "IsModified": false,
      "ViewSpread": {
        "RowLevel": 60,
        "ColLevel": 12
      },
      "Data": [
        {
          "Id": "ea20f94a-050a-46e9-94b2-2f44e1b3f2c1",
          "Col": 0,
          "Row": 0,
          "SizeX": 12,
          "SizeY": 60
        }
      ]
    }
  },
  "Roles": [
    "public"
  ]
}