{
  "Name": "SupplyPlan138DisableSharedResource",
  "Description": null,
  "ActionButtonId": "63b226fb-46f8-4ae6-9949-782e46825f9e",
  "Tooltip": "Disable Shared Transportation Resource",
  "ActionButtonType": "Widget",
  "Alignment": "right",
  "IsPopOver": true,
  "IsGlobal": true,
  "ActionClickHandler": null,
  "Icon": null,
  "Image": null,
  "ConfigJson": {
    "icon": "minus",
    "SubmitButton": {
      "Label": "Submit"
    },
    "ResetButton": {
      "Label": "Reset"
    },
    "CloseButton": {
      "Label": "Close",
      "ConfirmMessage": "Unsaved changes will be lost. Continue?"
    },
    "NotifyAll": false,
    "IBPLRules": [
      {
        "template": "\n{{#each Tuple}}\n\nscope: ( Version.[Version Name]{{#filter Version}} * {{#entity Item}} * {{#entity Location}} *{{#entity ToLocation}} *{{#entity TransMode}} * {{#entity Resource}} );\nMeasure.[Lane Shared Resource Association] = null; \nend scope;\n\n{{/each}}\n\n{{#each Tuple}}\n\n\n//--Uncomment the below code to enable Net change functionality\n/*\ncartesian scope: ( Version.[Version Name]{{#filter Version}} * {{#entity Item}} * {{#entity Location}} *{{#entity ToLocation}} *{{#entity TransMode}} * {{#entity Resource}} );\nMeasure.[Lane Shared Resource Association NC Deletion] = 1;\nend scope;\n\nscope: ( Version.[Version Name]{{#filter Version}} * {{#entity Item}} * {{#entity Location}} *{{#entity ToLocation}} *{{#entity TransMode}} * {{#entity Resource}} );\nMeasure.[Lane Shared Resource Association NC Addition] = Null;\nend scope;\n*/\n\n{{/each}}"
      }
    ],
    "JavascriptRules": [],
    "FieldBindings": [
      {
        "fieldName": "Version",
        "title": "Version",
        "Description": "Version",
        "type": "picklistDropdown",
        "selectionType": "single",
        "clearSearch": true,
        "source": "filter",
        "DimensionName": "Version",
        "LevelAttributeName": "Version Name",
        "visible": true,
        "isEditable": false,
        "validation": {
          "maxLength": "0",
          "required": true
        }
      },
      {
        "fieldName": "Tuple",
        "title": "Intersections",
        "Description": "Intersections",
        "type": "picklistDropdown",
        "select": "ALL",
        "clearSearch": true,
        "source": "parentTuple",
        "TuplesList": [
          {
            "Key": "Item",
            "LevelAttribute": {
              "DimensionName": "Item",
              "Name": "Item",
              "textField": "Name"
            },
            "tuplesource": "LevelAttribute"
          },
          {
            "Key": "Location",
            "LevelAttribute": {
              "DimensionName": "Location",
              "Name": "Location",
              "textField": "Name"
            },
            "tuplesource": "LevelAttribute"
          },
          {
            "Key": "Resource",
            "LevelAttribute": {
              "DimensionName": "Resource",
              "Name": "Resource",
              "textField": "Name"
            },
            "tuplesource": "LevelAttribute"
          },
          {
            "Key": "ToLocation",
            "LevelAttribute": {
              "DimensionName": "To Location",
              "Name": "To Location",
              "textField": "Name"
            },
            "tuplesource": "LevelAttribute"
          },
          {
            "Key": "TransMode",
            "LevelAttribute": {
              "DimensionName": "Activity2",
              "Name": "Activity2",
              "textField": "Name"
            },
            "tuplesource": "LevelAttribute"
          }
        ],
        "visible": true,
        "isEditable": false,
        "validation": {
          "required": true
        }
      }
    ],
    "DataSources": [],
    "AutoExecute": false,
    "isAsync": false,
    "hasMembersUpdates": false,
    "Compact": false,
    "TwoColumn": false,
    "IsGlobalForExcelAddIn": false,
    "ReturnFilterByUpdate": true,
    "FilterFieldBindings": []
  },
  "Widget": null
}