{
  "MeasureGroupName": "001.011 Allocation OnHand for Packs",
  "MeasureGroupId": "4971c751-59a1-3be9-f2e9-2a0722fa6ab7",
  "ParentMeasureGroupName": null,
  "HasShadow": false,
  "MeasureGroupDescription": "001.011 Allocation OnHand for Packs",
  "MeasureGroupType": "Regular",
  "FactTableName": "Fact001.011AllocationOnHandforPacks",
  "SchemaMajorVersion": 0,
  "ConfigJson": {},
  "ApiName": null,
  "Repartition": false,
  "Unpartition": false,
  "ApiEnabled": false,
  "DimensionUsages": [
    {
      "DimensionName": "Version",
      "AttributeName": "Version Name",
      "SortOrder": 0,
      "DimensionType": "Regular"
    },
    {
      "DimensionName": "Time",
      "AttributeName": "Day",
      "SortOrder": 0,
      "DimensionType": null
    },
    {
      "DimensionName": "Item",
      "AttributeName": "Item",
      "SortOrder": 1,
      "DimensionType": null
    },
    {
      "DimensionName": "Location",
      "AttributeName": "Location",
      "SortOrder": 2,
      "DimensionType": null
    },
    {
      "DimensionName": "Pack",
      "AttributeName": "PackID",
      "SortOrder": 3,
      "DimensionType": null
    },
    {
      "DimensionName": "Documents",
      "AttributeName": "OrderlineID",
      "SortOrder": 4,
      "DimensionType": null
    }
  ]
}