{
  "Name": "150LocationGroupMaintanence",
  "Description": "Create Location Group Maintenance ",
  "ActionButtonId": "83e95ba0-55dc-192e-5ee8-88be8a6fc6e3",
  "Tooltip": "Create Location Group Maintenance ",
  "ActionButtonType": "Rule",
  "Alignment": "right",
  "IsPopOver": true,
  "IsGlobal": false,
  "ActionClickHandler": null,
  "Icon": null,
  "Image": null,
  "ConfigJson": {
    "DisplayName": "Add",
    "icon": "plus-circle",
    "Position": "0",
    "SubmitButton": {
      "Label": "Submit"
    },
    "ResetButton": {
      "Label": "Reset"
    },
    "CloseButton": {
      "Label": "Close",
      "ConfirmMessage": "Unsaved changes will be lost. Continue?"
    },
    "NotifyAll": false,
    "IBPLRules": [
      {
        "template": "/* Creating Rule member */\ncreatemember([DM Rule].[Rule] = { , \"{{Rule}}\"});\n\n\n/* Adding Rule Definition */\nCartesian Scope: ([Version].[Version Name]{{#filter Version}} *[Data Object].[Data Object].[Assortment Management L1] *[DM Rule].[Rule].filter(#.Name in{{#ibplList Rule}}));\nMeasure.[DP Item Level] = \"{{LGItemLevel}}\";\nMeasure.[DP Item Level UI] = \"{{LGItemLevelUI}}\";\nMeasure.[DP Location Group Level] = \"{{LGStoreGroupLevel}}\";\nMeasure.[DP Location Group Level UI] = \"{{LGStoreGroupLevelUI}}\";\nMeasure.[DP Location Level] = \"{{LGLocationLevel}}\";\nMeasure.[DP Location Level UI] = \"{{LGLocationLevelUI}}\";\nMeasure.[DP Rule Created By] = \"{{CreatedBy}}\";\nMeasure.[DP Rule Created Date] = \"{{CreatedDate}}\";\nMeasure.[DP Region Level] = \"{{RegionLevel}}\";\nMeasure.[DP Region Level UI] = \"{{RegionLevelUI}}\";\nMeasure.[DP Account Level] = \"{{AccountLevel}}\";\nMeasure.[DP Account Level UI] = \"{{AccountLevelUI}}\";\nMeasure.[DP Channel Level] = \"{{ChannelLevel}}\";\nMeasure.[DP Channel Level UI] = \"{{ChannelLevelUI}}\";\nMeasure.[DP PnL Level] = \"{{PnLLevel}}\" ;\nMeasure.[DP PnL Level UI] = \"{{PnLLevelUI}}\" ; \nMeasure.[DP Demand Domain Level] = \"{{DemandDomainLevel}}\";\nMeasure.[DP Demand Domain Level UI] = \"{{DemandDomainUI}}\";\n\n\nend scope;\n\n/* Item */\n{{#each LGItemScope}}\nCartesian Scope: ([Version].[Version Name]{{#filter Version}} *[Data Object].[Data Object].[Assortment Management L1] *[DM Rule].[Rule].filter(#.Name in{{#ibplList Rule}}));\nMeasure.[DP Item Scope]=  if (~isnull(Measure.[DP Item Scope])) then Measure.[DP Item Scope]  + \",\" + \"{{this}}\" else \"{{this}}\";\nend scope;\n{{/each}}\n\n{{#each LGItemScopeUI}}\nCartesian Scope: ([Version].[Version Name]{{#filter Version}} *[Data Object].[Data Object].[Assortment Management L1] *[DM Rule].[Rule].filter(#.Name in{{#ibplList Rule}}));\nMeasure.[DP Item Scope UI] = if (~isnull(Measure.[DP Item Scope UI])) then Measure.[DP Item Scope UI] + \",\" + \"{{this}}\" else \"{{this}}\";\nend scope;\n{{/each}}\n\n\n/* Location Group Scope*/\n\nCartesian Scope: ([Version].[Version Name]{{#filter Version}} *[Data Object].[Data Object].[Assortment Management L1] *[DM Rule].[Rule].filter(#.Name in{{#ibplList Rule}}));\nMeasure.[DP Location Group Scope] = {{LGStoreGroupScope}};\nend scope;\n\n/* Location Group Scope UI */\n\nCartesian Scope: ([Version].[Version Name]{{#filter Version}} *[Data Object].[Data Object].[Assortment Management L1] *[DM Rule].[Rule].filter(#.Name in{{#ibplList Rule}}));\nMeasure.[DP Location Group Scope UI] ={{LGStoreGroupScopeUI}};\nend scope;\n\n\n{{#each LGLocationScope}}\nCartesian Scope: ([Version].[Version Name]{{#filter Version}} *[Data Object].[Data Object].[Assortment Management L1] *[DM Rule].[Rule].filter(#.Name in{{#ibplList Rule}}));\nMeasure.[DP Location Scope] =  if (~isnull(Measure.[DP Location Scope])) then Measure.[DP Location Scope] + \",\" + \"{{this}}\" else \"{{this}}\";\nend scope;\n{{/each}}\n\n{{#each LGLocationScopeUI}}\nCartesian Scope: ([Version].[Version Name]{{#filter Version}} *[Data Object].[Data Object].[Assortment Management L1] *[DM Rule].[Rule].filter(#.Name in{{#ibplList Rule}}));\nMeasure.[DP Location Scope UI] =  if (~isnull(Measure.[DP Location Scope UI])) then Measure.[DP Location Scope UI] + \",\" + \"{{this}}\" else \"{{this}}\";\nend scope;\n{{/each}}\n\n{{#each RegionScope}}\nCartesian Scope: ([Version].[Version Name]{{#filter Version}} *[Data Object].[Data Object].[Assortment Management L1] *[DM Rule].[Rule].filter(#.Name in{{#ibplList Rule}}));\nMeasure.[DP Region Scope] =  if (~isnull(Measure.[DP Region Scope])) then Measure.[DP Region Scope] + \",\" + \"{{this}}\" else \"{{this}}\";\nend scope;\n{{/each}}\n\n{{#each RegionScopeUI}}\nCartesian Scope: ([Version].[Version Name]{{#filter Version}} *[Data Object].[Data Object].[Assortment Management L1] *[DM Rule].[Rule].filter(#.Name in{{#ibplList Rule}}));\nMeasure.[DP Region Scope UI] =  if (~isnull(Measure.[DP Region Scope UI])) then Measure.[DP Region Scope UI] + \",\" + \"{{this}}\" else \"{{this}}\";\nend scope;\n{{/each}}\n\n{{#each AccountScope}}\nCartesian Scope: ([Version].[Version Name]{{#filter Version}} *[Data Object].[Data Object].[Assortment Management L1] *[DM Rule].[Rule].filter(#.Name in{{#ibplList Rule}}));\nMeasure.[DP Account Scope] =  if (~isnull(Measure.[DP Account Scope])) then Measure.[DP Account Scope] + \",\" + \"{{this}}\" else \"{{this}}\";\nend scope;\n{{/each}}\n\n{{#each AccountScopeUI}}\nCartesian Scope: ([Version].[Version Name]{{#filter Version}} *[Data Object].[Data Object].[Assortment Management L1] *[DM Rule].[Rule].filter(#.Name in{{#ibplList Rule}}));\nMeasure.[DP Account Scope UI] =  if (~isnull(Measure.[DP Account Scope UI])) then Measure.[DP Account Scope UI] + \",\" + \"{{this}}\" else \"{{this}}\";\nend scope;\n{{/each}}\n\n{{#each ChannelScope}}\nCartesian Scope: ([Version].[Version Name]{{#filter Version}} *[Data Object].[Data Object].[Assortment Management L1] *[DM Rule].[Rule].filter(#.Name in{{#ibplList Rule}}));\nMeasure.[DP Channel Scope] =  if (~isnull(Measure.[DP Channel Scope])) then Measure.[DP Channel Scope] + \",\" + \"{{this}}\" else \"{{this}}\";\nend scope;\n{{/each}}\n\n{{#each ChannelScopeUI}}\nCartesian Scope: ([Version].[Version Name]{{#filter Version}} *[Data Object].[Data Object].[Assortment Management L1] *[DM Rule].[Rule].filter(#.Name in{{#ibplList Rule}}));\nMeasure.[DP Channel Scope UI] =  if (~isnull(Measure.[DP Channel Scope UI])) then Measure.[DP Channel Scope UI] + \",\" + \"{{this}}\" else \"{{this}}\";\nend scope;\n{{/each}}\n\n{{#each PnLScope}}\nCartesian Scope: ([Version].[Version Name]{{#filter Version}} *[Data Object].[Data Object].[Assortment Management L1] *[DM Rule].[Rule].filter(#.Name in{{#ibplList Rule}}));\nMeasure.[DP PnL Scope] =  if (~isnull(Measure.[DP PnL Scope])) then Measure.[DP PnL Scope] + \",\" + \"{{this}}\" else \"{{this}}\";\nend scope;\n{{/each}}\n\n{{#each PnLScopeUI}}\nCartesian Scope: ([Version].[Version Name]{{#filter Version}} *[Data Object].[Data Object].[Assortment Management L1] *[DM Rule].[Rule].filter(#.Name in{{#ibplList Rule}}));\nMeasure.[DP PnL Scope UI] =  if (~isnull(Measure.[DP PnL Scope UI])) then Measure.[DP PnL Scope UI] + \",\" + \"{{this}}\" else \"{{this}}\";\nend scope;\n{{/each}}\n\n\n{{#each DemandDomainScope}}\nCartesian Scope: ([Version].[Version Name]{{#filter Version}} *[Data Object].[Data Object].[Assortment Management L1] *[DM Rule].[Rule].filter(#.Name in{{#ibplList Rule}}));\nMeasure.[DP Demand Domain Scope] =  if (~isnull(Measure.[DP Demand Domain Scope])) then Measure.[DP Demand Domain Scope] + \",\" + \"{{this}}\" else \"{{this}}\";\nend scope;\n{{/each}}\n\n{{#each DemandDomainScopeUI}}\nCartesian Scope: ([Version].[Version Name]{{#filter Version}} *[Data Object].[Data Object].[Assortment Management L1] *[DM Rule].[Rule].filter(#.Name in{{#ibplList Rule}}));\nMeasure.[DP Demand Domain Scope UI] =  if (~isnull(Measure.[DP Demand Domain Scope UI])) then Measure.[DP Demand Domain Scope UI] + \",\" + \"{{this}}\" else \"{{this}}\";\nend scope;\n{{/each}}\n\n/* Increment Rule Group Count */\nScope:([Version].[Version Name]{{#filter Version}}*[Data Object].[Data Object].[Assortment Management L1]);\nMeasure.[Data Object Rule Count] = Measure.[Data Object Rule Count] +1;\nend scope;"
      }
    ],
    "JavascriptRules": [],
    "FieldBindings": [
      {
        "fieldName": "Version",
        "title": "Version Name",
        "Description": "Version Name",
        "type": "picklist",
        "selectionType": "single",
        "clearSearch": true,
        "source": "filter",
        "DimensionName": "Version",
        "LevelAttributeName": "Version Name",
        "visible": false,
        "isEditable": true,
        "validation": {
          "maxLength": "0",
          "required": true
        }
      },
      {
        "fieldName": "DataObject",
        "title": "Data Object",
        "Description": "Data Object",
        "type": "picklist",
        "fieldGroup": "Data Object",
        "selectionType": "single",
        "clearSearch": true,
        "source": "members",
        "DimensionName": "Data Object",
        "LevelAttributeName": "Data Object",
        "FilterExpression": "[Data Object].[Data Object].filter(#.Name in {[Assortment Management L1]})",
        "visible": false,
        "isEditable": true,
        "validation": {
          "maxLength": "0",
          "required": true
        }
      },
      {
        "fieldName": "Rule",
        "title": "Rule ID ",
        "type": "picklist",
        "selectionType": "single",
        "clearSearch": true,
        "select": "ALL",
        "source": "datasource",
        "key": "RuleID_DS",
        "valueField": "Rule Count",
        "textField": "Rule Count",
        "overrideFieldBindingType": false,
        "visible": true,
        "isEditable": true,
        "validation": {
          "maxLength": "0",
          "required": true
        },
        "fieldGroup": "Data Object",
        "cascadeFrom": "Version"
      },
      {
        "fieldName": "LGStoreGroupLevel",
        "title": "LG Store Group Level",
        "Description": "Select the Store Group Level",
        "type": "picklist",
        "fieldGroup": "Location Group",
        "selectionType": "single",
        "clearSearch": true,
        "select": "ALL",
        "source": "picklist",
        "key": "Cluster Level",
        "visible": false,
        "isEditable": true,
        "validation": {
          "maxLength": "0",
          "required": true
        }
      },
      {
        "fieldName": "LGStoreGroupLevelUI",
        "title": "StoreGroupLevelUI",
        "Description": "StoreGroupLevelUI",
        "type": "picklist",
        "fieldGroup": "Location Group",
        "selectionType": "single",
        "clearSearch": true,
        "select": "ALL",
        "source": "datasource",
        "key": "LGStoreGroupLevelUI_DS",
        "valueField": "result",
        "textField": "result",
        "overrideFieldBindingType": false,
        "visible": false,
        "isEditable": false,
        "validation": {
          "maxLength": "0",
          "required": true
        },
        "cascadeFrom": "LGStoreGroupLevel"
      },
      {
        "fieldName": "LGStoreGroupScope",
        "title": "Location Group",
        "Description": "Location Group Scope",
        "type": "picklist",
        "fieldGroup": "Location Group",
        "selectionType": "single",
        "clearSearch": true,
        "select": "NONE",
        "source": "datasource",
        "key": "LGStoreGroupScope_DS",
        "valueField": "Name",
        "textField": "DisplayName",
        "overrideFieldBindingType": false,
        "visible": true,
        "isEditable": true,
        "cascadeFrom": "LGStoreGroupLevel",
        "validation": {
          "maxLength": "0",
          "required": true
        }
      },
      {
        "fieldName": "LGStoreGroupScopeUI",
        "title": "StoreGroupScopeUI",
        "Description": "StoreGroupScopeUI",
        "type": "picklist",
        "selectionType": "single",
        "clearSearch": true,
        "select": "ALL",
        "source": "datasource",
        "key": "LGStoreGroupScopeUI_DS",
        "valueField": "DisplayName",
        "textField": "DisplayName",
        "overrideFieldBindingType": false,
        "visible": false,
        "isEditable": true,
        "validation": {
          "maxLength": "0",
          "required": true
        },
        "cascadeFrom": "LGStoreGroupScope",
        "fieldGroup": "Location Group"
      },
      {
        "fieldName": "LGItemLevel",
        "title": "Item Level",
        "Description": "Item Level",
        "type": "string",
        "fieldGroup": "Item",
        "selectionType": "single",
        "clearSearch": true,
        "select": "ALL",
        "source": "picklist",
        "key": "DP Item Level",
        "visible": true,
        "isEditable": true,
        "validation": {
          "maxLength": "0",
          "required": true
        }
      },
      {
        "fieldName": "LGItemLevelUI",
        "title": "Item Level UI",
        "Description": "Item Level UI",
        "type": "picklist",
        "fieldGroup": "Item",
        "selectionType": "single",
        "clearSearch": true,
        "select": "ALL",
        "source": "datasource",
        "key": "LGItemLevelUI_DS",
        "valueField": "result",
        "textField": "result",
        "overrideFieldBindingType": false,
        "visible": false,
        "isEditable": true,
        "cascadeFrom": "LGItemLevel",
        "validation": {
          "maxLength": "0",
          "required": true
        }
      },
      {
        "fieldName": "LGItemScope",
        "title": "Item Scope",
        "Description": "Item Scope",
        "type": "picklist",
        "fieldGroup": "Item",
        "selectionType": "multiple",
        "clearSearch": true,
        "select": "NONE",
        "source": "datasource",
        "key": "LGItemScope_DS",
        "valueField": "Name",
        "textField": "DisplayName",
        "overrideFieldBindingType": false,
        "visible": true,
        "isEditable": true,
        "cascadeFrom": "LGItemLevel",
        "validation": {
          "maxLength": "0",
          "required": true
        }
      },
      {
        "fieldName": "LGItemScopeUI",
        "title": "LGItemScopeUI",
        "Description": "LGItemScopeUI",
        "type": "picklist",
        "selectionType": "multiple",
        "clearSearch": true,
        "select": "ALL",
        "source": "datasource",
        "key": "LGItemScopeUI_DS",
        "valueField": "DisplayName",
        "textField": "DisplayName",
        "overrideFieldBindingType": false,
        "visible": false,
        "isEditable": true,
        "cascadeFrom": "LGItemScope",
        "validation": {
          "maxLength": "0",
          "required": true
        }
      },
      {
        "fieldName": "LGLocationLevel",
        "title": "Location Level",
        "Description": "Location Level",
        "type": "picklist",
        "fieldGroup": "Location",
        "selectionType": "single",
        "clearSearch": true,
        "select": "NONE",
        "source": "picklist",
        "key": "DP Location Level",
        "visible": true,
        "isEditable": true,
        "validation": {
          "maxLength": "0",
          "required": true
        }
      },
      {
        "fieldName": "LGLocationLevelUI",
        "title": "LGLocationLevelUI",
        "Description": "LGLocationLevelUI",
        "type": "picklist",
        "fieldGroup": "Location",
        "selectionType": "single",
        "clearSearch": true,
        "select": "ALL",
        "source": "datasource",
        "key": "LGLocationLevelUI_DS",
        "valueField": "result",
        "textField": "result",
        "overrideFieldBindingType": false,
        "visible": false,
        "isEditable": true,
        "validation": {
          "maxLength": "0",
          "required": true
        },
        "cascadeFrom": "LGLocationLevel"
      },
      {
        "fieldName": "LGLocationScope",
        "title": "Location Scope",
        "Description": "Location Scope",
        "type": "picklist",
        "fieldGroup": "Location",
        "selectionType": "multiple",
        "clearSearch": true,
        "select": "NONE",
        "source": "datasource",
        "key": "LGLocationScope_DS",
        "valueField": "Name",
        "textField": "DisplayName",
        "overrideFieldBindingType": false,
        "visible": true,
        "isEditable": true,
        "cascadeFrom": "LGLocationLevel",
        "validation": {
          "maxLength": "0",
          "required": true
        }
      },
      {
        "fieldName": "LGLocationScopeUI",
        "title": "LGLocationScopeUI",
        "Description": "LGLocationScopeUI",
        "type": "picklist",
        "selectionType": "multiple",
        "clearSearch": true,
        "select": "ALL",
        "source": "datasource",
        "key": "LGLocationScopeUI_DS",
        "valueField": "DisplayName",
        "textField": "DisplayName",
        "overrideFieldBindingType": false,
        "visible": false,
        "isEditable": true,
        "cascadeFrom": "LGLocationScope",
        "validation": {
          "maxLength": "0",
          "required": true
        }
      },
      {
        "fieldName": "CreatedBy",
        "title": "Created By",
        "Description": "Created By",
        "type": "picklist",
        "selectionType": "single",
        "clearSearch": true,
        "select": "ALL",
        "source": "datasource",
        "key": "CreatedBy_DS",
        "valueField": "User Name",
        "textField": "User Name",
        "overrideFieldBindingType": false,
        "visible": false,
        "isEditable": false,
        "validation": {
          "maxLength": "0",
          "required": true
        }
      },
      {
        "fieldName": "CreatedDate",
        "title": "Created On",
        "type": "date",
        "selectionType": "single",
        "clearSearch": true,
        "select": "ALL",
        "source": "datasource",
        "key": "CreatedDate_DS",
        "valueField": "Result",
        "textField": "Result",
        "overrideFieldBindingType": false,
        "visible": false,
        "isEditable": false,
        "validation": {
          "maxLength": "0",
          "required": true
        }
      },
      {
        "fieldName": "RegionLevel",
        "title": "Region Level",
        "Description": "Region Level",
        "type": "picklist",
        "fieldGroup": "Region",
        "selectionType": "single",
        "clearSearch": true,
        "select": "NONE",
        "source": "picklist",
        "key": "150 ABDM Region Level",
        "visible": true,
        "isEditable": true,
        "validation": {
          "maxLength": "0",
          "required": true
        }
      },
      {
        "fieldName": "RegionLevelUI",
        "title": "Region Level UI",
        "Description": "Region Level UI",
        "type": "picklist",
        "fieldGroup": "Region",
        "selectionType": "single",
        "clearSearch": true,
        "select": "ALL",
        "source": "datasource",
        "key": "RegionLevelUI_DS",
        "valueField": "result",
        "textField": "result",
        "overrideFieldBindingType": false,
        "visible": false,
        "isEditable": true,
        "cascadeFrom": "RegionLevel",
        "validation": {
          "maxLength": "0",
          "required": true
        }
      },
      {
        "fieldName": "RegionScope",
        "title": "Region Scope",
        "Description": "Region Scope",
        "type": "picklist",
        "fieldGroup": "Region",
        "selectionType": "multiple",
        "clearSearch": true,
        "select": "NONE",
        "source": "datasource",
        "key": "RegionScope_DS",
        "valueField": "Name",
        "textField": "DisplayName",
        "overrideFieldBindingType": false,
        "visible": true,
        "isEditable": true,
        "cascadeFrom": "RegionLevel",
        "validation": {
          "maxLength": "0",
          "required": true
        }
      },
      {
        "fieldName": "RegionScopeUI",
        "title": "RegionScopeUI",
        "Description": "RegionScopeUI",
        "type": "picklist",
        "selectionType": "multiple",
        "clearSearch": true,
        "select": "ALL",
        "source": "datasource",
        "key": "RegionScopeUI_DS",
        "valueField": "DisplayName",
        "textField": "DisplayName",
        "overrideFieldBindingType": false,
        "visible": false,
        "isEditable": true,
        "cascadeFrom": "RegionScope",
        "validation": {
          "maxLength": "0",
          "required": true
        }
      },
      {
        "fieldName": "ChannelLevel",
        "title": "Channel Level",
        "Description": "Channel Level",
        "type": "picklist",
        "fieldGroup": "Channel",
        "selectionType": "single",
        "clearSearch": true,
        "select": "NONE",
        "source": "picklist",
        "key": "150 ABDM Channel Level",
        "visible": true,
        "isEditable": true,
        "validation": {
          "maxLength": "0",
          "required": true
        }
      },
      {
        "fieldName": "ChannelLevelUI",
        "title": "Channel Level UI",
        "Description": "Channel Level UI",
        "type": "picklist",
        "fieldGroup": "Channel",
        "selectionType": "single",
        "clearSearch": true,
        "select": "ALL",
        "source": "datasource",
        "key": "ChannelLevelUI_DS",
        "valueField": "result",
        "textField": "result",
        "overrideFieldBindingType": false,
        "visible": false,
        "isEditable": true,
        "cascadeFrom": "ChannelLevel",
        "validation": {
          "maxLength": "0",
          "required": true
        }
      },
      {
        "fieldName": "ChannelScope",
        "title": "Channel Scope",
        "Description": "Channel Scope",
        "type": "picklist",
        "fieldGroup": "Channel",
        "selectionType": "multiple",
        "clearSearch": true,
        "select": "NONE",
        "source": "datasource",
        "key": "ChannelScope_DS",
        "valueField": "DisplayName",
        "overrideFieldBindingType": false,
        "visible": true,
        "isEditable": true,
        "cascadeFrom": "ChannelLevel",
        "validation": {
          "maxLength": "0",
          "required": true
        },
        "textField": "DisplayName"
      },
      {
        "fieldName": "ChannelScopeUI",
        "title": "Channel Scope UI",
        "Description": "Channel Scope UI",
        "type": "picklist",
        "selectionType": "multiple",
        "clearSearch": true,
        "select": "ALL",
        "source": "datasource",
        "key": "ChannelScopeUI_DS",
        "valueField": "DisplayName",
        "textField": "DisplayName",
        "overrideFieldBindingType": false,
        "visible": false,
        "isEditable": true,
        "cascadeFrom": "ChannelScope",
        "validation": {
          "maxLength": "0",
          "required": true
        }
      },
      {
        "fieldName": "AccountLevel",
        "title": "Account Level",
        "Description": "Account Level",
        "type": "picklist",
        "fieldGroup": "Account",
        "selectionType": "single",
        "clearSearch": true,
        "select": "NONE",
        "source": "picklist",
        "key": "150 ABDM Account Level",
        "visible": true,
        "isEditable": true,
        "validation": {
          "maxLength": "0",
          "required": true
        }
      },
      {
        "fieldName": "AccountLevelUI",
        "title": "Account Level UI",
        "Description": "Account Level UI",
        "type": "picklist",
        "fieldGroup": "Account",
        "selectionType": "single",
        "clearSearch": true,
        "select": "ALL",
        "source": "datasource",
        "key": "AccountLevelUI_DS",
        "valueField": "result",
        "textField": "result",
        "overrideFieldBindingType": false,
        "visible": false,
        "isEditable": true,
        "cascadeFrom": "AccountLevel",
        "validation": {
          "maxLength": "0",
          "required": true
        }
      },
      {
        "fieldName": "AccountScope",
        "title": "Account Scope",
        "Description": "Account Scope",
        "type": "picklist",
        "fieldGroup": "Account",
        "selectionType": "multiple",
        "clearSearch": true,
        "select": "NONE",
        "source": "datasource",
        "key": "AccountScope_DS",
        "valueField": "Name",
        "textField": "DisplayName",
        "overrideFieldBindingType": false,
        "visible": true,
        "isEditable": true,
        "cascadeFrom": "AccountLevel",
        "validation": {
          "maxLength": "0",
          "required": true
        }
      },
      {
        "fieldName": "AccountScopeUI",
        "title": "AccountScopeUI",
        "Description": "AccountScopeUI",
        "type": "picklist",
        "fieldGroup": "Account",
        "selectionType": "multiple",
        "clearSearch": true,
        "select": "ALL",
        "source": "datasource",
        "key": "AccountScopeUI_DS",
        "valueField": "DisplayName",
        "textField": "DisplayName",
        "overrideFieldBindingType": false,
        "visible": false,
        "isEditable": true,
        "cascadeFrom": "AccountScope",
        "validation": {
          "maxLength": "0",
          "required": true
        }
      },
      {
        "fieldName": "PnLLevel",
        "title": "PnL Level",
        "Description": "PnL Level",
        "type": "picklist",
        "fieldGroup": "Others",
        "selectionType": "single",
        "clearSearch": true,
        "select": "NONE",
        "source": "picklist",
        "key": "150 ABDM PnL Level",
        "visible": true,
        "isEditable": true,
        "validation": {
          "maxLength": "0",
          "required": true
        }
      },
      {
        "fieldName": "PnLLevelUI",
        "title": "PnL Level UI",
        "Description": "PnL Level UI",
        "type": "picklist",
        "fieldGroup": "Others",
        "selectionType": "single",
        "clearSearch": true,
        "select": "ALL",
        "source": "datasource",
        "key": "PnLLevelUI_DS",
        "valueField": "result",
        "textField": "result",
        "overrideFieldBindingType": false,
        "visible": false,
        "isEditable": true,
        "cascadeFrom": "PnLLevel",
        "validation": {
          "maxLength": "0",
          "required": true
        }
      },
      {
        "fieldName": "PnLScope",
        "title": "PnL Scope",
        "Description": "PnL Scope",
        "type": "picklist",
        "fieldGroup": "Others",
        "selectionType": "multiple",
        "clearSearch": true,
        "select": "NONE",
        "source": "datasource",
        "key": "PnLScope_DS",
        "valueField": "Name",
        "textField": "DisplayName",
        "overrideFieldBindingType": false,
        "visible": true,
        "isEditable": true,
        "cascadeFrom": "PnLLevel",
        "validation": {
          "maxLength": "0",
          "required": true
        }
      },
      {
        "fieldName": "PnLScopeUI",
        "title": "PnL Scope UI",
        "Description": "PnL Scope UI",
        "type": "picklist",
        "fieldGroup": "Others",
        "selectionType": "multiple",
        "clearSearch": true,
        "select": "ALL",
        "source": "datasource",
        "key": "PnLScopeUI_DS",
        "valueField": "DisplayName",
        "textField": "DisplayName",
        "overrideFieldBindingType": false,
        "visible": false,
        "isEditable": true,
        "cascadeFrom": "PnLScope",
        "validation": {
          "maxLength": "0",
          "required": true
        }
      },
      {
        "fieldName": "DemandDomainLevel",
        "title": "Demand Domain Level",
        "Description": "Demand Domain Level",
        "type": "picklist",
        "fieldGroup": "Others",
        "selectionType": "single",
        "clearSearch": true,
        "select": "NONE",
        "source": "picklist",
        "key": "150 ABDM Demand Domain",
        "visible": true,
        "isEditable": true,
        "validation": {
          "maxLength": "0",
          "required": true
        }
      },
      {
        "fieldName": "DemandDomainUI",
        "title": "Demand Domain UI",
        "Description": "Demand Domain UI",
        "type": "picklist",
        "fieldGroup": "Others",
        "selectionType": "single",
        "clearSearch": true,
        "select": "ALL",
        "source": "datasource",
        "key": "DemandDomainLevelUI_DS",
        "valueField": "result",
        "textField": "result",
        "overrideFieldBindingType": false,
        "visible": false,
        "isEditable": true,
        "cascadeFrom": "DemandDomainLevel",
        "validation": {
          "maxLength": "0",
          "required": true
        }
      },
      {
        "fieldName": "DemandDomainScope",
        "title": "Demand Domain Scope",
        "Description": "Demand Domain Scope",
        "type": "picklist",
        "fieldGroup": "Others",
        "selectionType": "multiple",
        "clearSearch": true,
        "select": "NONE",
        "source": "datasource",
        "key": "DemandDomianScope_DS",
        "valueField": "Name",
        "textField": "DisplayName",
        "overrideFieldBindingType": false,
        "visible": true,
        "isEditable": true,
        "cascadeFrom": "DemandDomainLevel",
        "validation": {
          "maxLength": "0",
          "required": true
        }
      },
      {
        "fieldName": "DemandDomainScopeUI",
        "title": "Demand Domain Scope UI",
        "Description": "Demand Domain Scope UI",
        "type": "picklist",
        "fieldGroup": "Others",
        "selectionType": "multiple",
        "clearSearch": true,
        "select": "ALL",
        "source": "datasource",
        "key": "DemandDomainScopeUI_DS",
        "valueField": "DisplayName",
        "textField": "DisplayName",
        "overrideFieldBindingType": false,
        "visible": false,
        "isEditable": true,
        "cascadeFrom": "DemandDomainScope",
        "validation": {
          "maxLength": "0",
          "required": true
        }
      }
    ],
    "Range": [],
    "DataSources": [
      {
        "Name": "RuleID_DS",
        "IBPLRules": [
          {
            "template": "Select ([Version].[Version Name]{{#filter Version}}*[Data Object].[Data Object].[Assortment Management L1]) on row, ({(\"Rule_\"+ToSTring(Measure.[Data Object Rule Count]))as Transient.[Rule Count]}) on column;"
          }
        ],
        "JavascriptRules": [],
        "IncludeDSFieldsOnly": false,
        "FieldBindings": []
      },
      {
        "Name": "LGItemLevelUI_DS",
        "IBPLRules": [
          {
            "template": "Select (if( \"{{LGItemLevel}}\" ==\"L3\") then \"L3\" else  \"NA\");"
          }
        ],
        "JavascriptRules": [],
        "IncludeDSFieldsOnly": false,
        "FieldBindings": []
      },
      {
        "Name": "LGItemScope_DS",
        "IBPLRules": [
          {
            "template": "Select ([Item].[{{LGItemLevel}}]);"
          }
        ],
        "JavascriptRules": [],
        "IncludeDSFieldsOnly": false,
        "FieldBindings": []
      },
      {
        "Name": "LGItemScopeUI_DS",
        "IBPLRules": [
          {
            "template": "select([Item].[{{LGItemLevel}}]{{#filter LGItemScope}} );"
          }
        ],
        "JavascriptRules": [],
        "IncludeDSFieldsOnly": false,
        "FieldBindings": []
      },
      {
        "Name": "LGLocationLevelUI_DS",
        "IBPLRules": [
          {
            "template": "Select (if( \"{{LGLocationLevel}}\" ==\"All Location\") then \"All Location\" else if( \"{{LGLocationLevel}}\" == \"Location Country\") then \"Location Country\" else if( \"{{LGLocationLevel}}\" ==\"Location Region\") then \"Location Region\" else if( \"{{LGLocationLevel}}\" ==\"Location\") then \"Location\" else  \"NA\");"
          }
        ],
        "JavascriptRules": [],
        "IncludeDSFieldsOnly": false,
        "FieldBindings": []
      },
      {
        "Name": "LGLocationScope_DS",
        "IBPLRules": [
          {
            "template": "Select ([Location].[{{LGLocationLevel}}]);"
          }
        ],
        "JavascriptRules": [],
        "IncludeDSFieldsOnly": false,
        "FieldBindings": []
      },
      {
        "Name": "LGLocationScopeUI_DS",
        "IBPLRules": [
          {
            "template": "select([Location].[{{LGLocationLevel}}]{{#filter LGLocationScope}} );"
          }
        ],
        "JavascriptRules": [],
        "IncludeDSFieldsOnly": false,
        "FieldBindings": []
      },
      {
        "Name": "LGStoreGroupLevelUI_DS",
        "IBPLRules": [
          {
            "template": "Select (if( \"{{LGStoreGroupLevel}}\" ==\"Cluster\") then \"Cluster\" else  \"NA\"); \n"
          }
        ],
        "JavascriptRules": [],
        "IncludeDSFieldsOnly": false,
        "FieldBindings": []
      },
      {
        "Name": "LGStoreGroupScope_DS",
        "IBPLRules": [
          {
            "template": "Select ([Cluster].[{{LGStoreGroupLevel}}]);"
          }
        ],
        "JavascriptRules": [],
        "IncludeDSFieldsOnly": false,
        "FieldBindings": []
      },
      {
        "Name": "LGStoreGroupScopeUI_DS",
        "IBPLRules": [
          {
            "template": "Select ([Cluster].[{{LGStoreGroupLevel}}]{{#filter LGStoreGroupScope}});"
          }
        ],
        "JavascriptRules": [],
        "IncludeDSFieldsOnly": false,
        "FieldBindings": []
      },
      {
        "Name": "CreatedBy_DS",
        "IBPLRules": [
          {
            "template": "select currentuser();"
          }
        ],
        "JavascriptRules": [],
        "IncludeDSFieldsOnly": false,
        "FieldBindings": []
      },
      {
        "Name": "CreatedDate_DS",
        "IBPLRules": [
          {
            "template": "select now();"
          }
        ],
        "JavascriptRules": [],
        "IncludeDSFieldsOnly": false,
        "FieldBindings": []
      },
      {
        "Name": "RegionLevelUI_DS",
        "IBPLRules": [
          {
            "template": "Select (if( \"{{RegionLevel}}\" ==\"All Region\") then \"All Region\" else if( \"{{RegionLevel}}\" == \"Region L4\") then \"Region L4\" else if( \"{{RegionLevel}}\" ==\"Region L3\") then \"Region L3\" else if( \"{{RegionLevel}}\" ==\"Region L2\") then \"Region L2\" else if( \"{{RegionLevel}}\" ==\"Region L1\") then \"Region L1\" else if( \"{{RegionLevel}}\" ==\"Planning Region\") then \"Planning Region\" else  \"NA\");"
          }
        ],
        "JavascriptRules": [],
        "IncludeDSFieldsOnly": false,
        "FieldBindings": []
      },
      {
        "Name": "RegionScope_DS",
        "IBPLRules": [
          {
            "template": "Select ([Region].[{{RegionLevel}}]);"
          }
        ],
        "JavascriptRules": [],
        "IncludeDSFieldsOnly": false,
        "FieldBindings": []
      },
      {
        "Name": "RegionScopeUI_DS",
        "IBPLRules": [
          {
            "template": "select([Region].[{{RegionLevel}}]{{#filter RegionScope}} );"
          }
        ],
        "JavascriptRules": [],
        "IncludeDSFieldsOnly": false,
        "FieldBindings": []
      },
      {
        "Name": "AccountLevelUI_DS",
        "IBPLRules": [
          {
            "template": "Select (if( \"{{AccountLevel}}\" ==\"All Account\") then \"All Account\" else if( \"{{AccountLevel}}\" == \"Account L4\") then \"Account L4\" else if( \"{{AccountLevel}}\" ==\"Account L3\") then \"Account L3\" else if( \"{{AccountLevel}}\" ==\"Account L2\") then \"Account L2\" else if( \"{{AccountLevel}}\" ==\"Account L1\") then \"Account L1\" else if( \"{{AccountLevel}}\" ==\"Planning Account\") then \"Planning Account\" else  \"NA\");"
          }
        ],
        "JavascriptRules": [],
        "IncludeDSFieldsOnly": false,
        "FieldBindings": []
      },
      {
        "Name": "AccountScope_DS",
        "IBPLRules": [
          {
            "template": "Select ([Account].[{{AccountLevel}}]);"
          }
        ],
        "JavascriptRules": [],
        "IncludeDSFieldsOnly": false,
        "FieldBindings": []
      },
      {
        "Name": "AccountScopeUI_DS",
        "IBPLRules": [
          {
            "template": "select([Account].[{{AccountLevel}}]{{#filter AccountScope}} );"
          }
        ],
        "JavascriptRules": [],
        "IncludeDSFieldsOnly": false,
        "FieldBindings": []
      },
      {
        "Name": "ChannelLevelUI_DS",
        "IBPLRules": [
          {
            "template": "Select (if( \"{{ChannelLevel}}\" ==\"All Channel\") then \"All Channel\" else if( \"{{ChannelLevel}}\" == \"Channel L2\") then \"Channel L2\" else if( \"{{ChannelLevel}}\" ==\"Channel L1\") then \"Channel L1\" else if( \"{{ChannelLevel}}\" ==\"Planning Channel\") then \"Planning Channel\" else  \"NA\");"
          }
        ],
        "JavascriptRules": [],
        "IncludeDSFieldsOnly": false,
        "FieldBindings": []
      },
      {
        "Name": "ChannelScope_DS",
        "IBPLRules": [
          {
            "template": "Select ([Channel].[{{ChannelLevel}}]);"
          }
        ],
        "JavascriptRules": [],
        "IncludeDSFieldsOnly": false,
        "FieldBindings": []
      },
      {
        "Name": "ChannelScopeUI_DS",
        "IBPLRules": [
          {
            "template": "select([Channel].[{{ChannelLevel}}]{{#filter ChannelScope}} );"
          }
        ],
        "JavascriptRules": [],
        "IncludeDSFieldsOnly": false,
        "FieldBindings": []
      },
      {
        "Name": "PnLLevelUI_DS",
        "IBPLRules": [
          {
            "template": "Select (if( \"{{PnLLevel}}\" ==\"All PnL\") then \"All PnL\" else if( \"{{PnLLevel}}\" == \"PnL L4\") then \"PnL L4\" else if( \"{{PnLLevel}}\" ==\"PnL L3\") then \"PnL L3\" else if( \"{{PnLLevel}}\" ==\"PnL L2\") then \"PnL L2\" else if( \"{{PnLLevel}}\" ==\"PnL L1\") then \"PnL L1\" else if( \"{{PnLLevel}}\" ==\"Planning PnL\") then \"Planning PnL\" else  \"NA\");"
          }
        ],
        "JavascriptRules": [],
        "IncludeDSFieldsOnly": false,
        "FieldBindings": []
      },
      {
        "Name": "PnLScope_DS",
        "IBPLRules": [
          {
            "template": "select([PnL].[{{PnLLevel}}]);"
          }
        ],
        "JavascriptRules": [],
        "IncludeDSFieldsOnly": false,
        "FieldBindings": []
      },
      {
        "Name": "PnLScopeUI_DS",
        "IBPLRules": [
          {
            "template": "select([PnL].[{{PnLLevel}}]{{#filter PnLScope}});"
          }
        ],
        "JavascriptRules": [],
        "IncludeDSFieldsOnly": false,
        "FieldBindings": []
      },
      {
        "Name": "DemandDomainLevelUI_DS",
        "IBPLRules": [
          {
            "template": "Select (if( \"{{DemandDomainLevel}}\" ==\"All Demand Domain\") then \"All Demand Domain\" else if( \"{{DemandDomainLevel}}\" == \"Demand Domain L4\") then \"Demand Domain L4\" else if( \"{{DemandDomainLevel}}\" ==\"Demand Domain L3\") then \"Demand Domain L3\" else if( \"{{DemandDomainLevel}}\" ==\"Demand Domain L2\") then \"Demand Domain L2\" else if( \"{{DemandDomainLevel}}\" ==\"Demand Domain L1\") then \"Demand Domain L1\" else if( \"{{DemandDomainLevel}}\" ==\"Planning Demand Domain\") then \"Planning Demand Domain\" else  \"NA\");"
          }
        ],
        "JavascriptRules": [],
        "IncludeDSFieldsOnly": false,
        "FieldBindings": []
      },
      {
        "Name": "DemandDomianScope_DS",
        "IBPLRules": [
          {
            "template": "select([Demand Domain].[{{DemandDomainLevel}}]);"
          }
        ],
        "JavascriptRules": [],
        "IncludeDSFieldsOnly": false,
        "FieldBindings": []
      },
      {
        "Name": "DemandDomainScopeUI_DS",
        "IBPLRules": [
          {
            "template": "select([Demand Domain].[{{DemandDomainLevel}}]{{#filter DemandDomainScope}});"
          }
        ],
        "JavascriptRules": [],
        "IncludeDSFieldsOnly": false,
        "FieldBindings": []
      }
    ],
    "AutoExecute": false,
    "isAsync": false,
    "hasMembersUpdates": true,
    "Compact": true,
    "TwoColumn": true,
    "IsGlobalForExcelAddIn": false,
    "enableTransaction": false,
    "ExcludeFromNavLink": false,
    "FilterFieldBindings": []
  },
  "Widget": null,
  "Roles": []
}