{
  "DimensionId": "5c716212-9552-54fa-152c-5efb2ac417db",
  "DimensionName": "Prioritization Instance",
  "DimensionTableName": "DimPrioritizationInstance",
  "DimensionType": "Regular",
  "DimensionKeyColumnName": "PrioritizationInstanceKey",
  "DimensionDescription": "Prioritization Instance",
  "Modifiable": true,
  "LockFree": false,
  "IsReservedBySystem": false,
  "ConfigJson": {
    "Position": -920
  },
  "ApiName": null,
  "ApiEnabled": false,
  "Translation": null,
  "Aliases": []
}