{
  "AttributeName": "PLC Status",
  "AttributeId": "51a15c03-5786-4806-b390-9f81dc2ab801",
  "AttributeHierarchyEnabled": true,
  "IsKey": false,
  "Description": "PLC Status",
  "OrderBy": "Name",
  "KeyColumnName": "PLCStatusKey",
  "NameColumnName": "PLCStatusName",
  "KeyColumnDataType": "integer",
  "SeedTags": true,
  "KeyGenerationType": "Auto",
  "PickListName": null,
  "ConfigJson": {},
  "FormatString": null,
  "Translation": null,
  "Aliases": [],
  "ApiName": null,
  "ApiDisabled": false
}