{
  "Name": "Markdown Summary",
  "WidgetDefinitionName": "Markdown Summary",
  "IsPrimary": false,
  "ConfigJson": {
    "ContainerId": "d5d31c63-a24d-45a0-ad9b-6baf7942cd8f",
    "CompositeContainerId": "b6f3d4c8-5167-471c-8b14-70a5f00e87f2",
    "Position": 0,
    "ShowInfoContext": {
      "MemberInfo": true
    },
    "ShowHeader": {},
    "ActionButtonBindings": [
      {
        "ActionButtonName": "",
        "HotKey": "",
        "ModuleId": ""
      }
    ]
  },
  "ViewWidgetDefinitionId": "80450353-5b5f-7309-2edf-5af017db20c9",
  "Title": null
}