{
  "Name": "GroupPlan05AddGroupAssociation",
  "Description": "Add Group Association",
  "ActionButtonId": "48fd34ce-ddeb-0833-d457-324e27cea86e",
  "Tooltip": "Add Group Association",
  "ActionButtonType": "Rule",
  "Alignment": "right",
  "IsPopOver": true,
  "IsGlobal": false,
  "ActionClickHandler": null,
  "Icon": null,
  "Image": null,
  "ConfigJson": {
    "DisplayName": "Add Group Association",
    "icon": "plus",
    "Position": "0",
    "SubmitButton": {
      "Label": "Submit"
    },
    "ResetButton": {
      "Label": "Reset"
    },
    "CloseButton": {
      "Label": "Close",
      "ConfirmMessage": "Unsaved changes will be lost. Continue?"
    },
    "NotifyRoles": false,
    "NotifyAll": false,
    "IBPLRules": [
      {
        "template": "//Createmember to create Group ID\n//Createmember([Group].[Group ID] = {,{{Group}}}, [Group].[Group Type] = {,\"GroupLotSizePlanning\"}); \n\nCartesian scope: ([Version].[Version Name].[{{Version}}] * [Location].[Location].[{{Location}}] * [Resource].[Resource].[{{Resource}}] * [Group].[Group ID].[{{Group}}]);\nMeasure.[Campaign Group Association o9 Input] = 1 ;\nend scope;"
      }
    ],
    "JavascriptRules": [],
    "FieldBindings": [
      {
        "fieldName": "Version",
        "title": "Version",
        "Description": "Version",
        "type": "picklistDropdown",
        "selectionType": "single",
        "clearSearch": true,
        "source": "filter",
        "DimensionName": "Version",
        "LevelAttributeName": "Version Name",
        "visible": true,
        "isEditable": true,
        "validation": {
          "maxLength": "0",
          "required": true
        }
      },
      {
        "fieldName": "Location",
        "title": "Location",
        "Description": "Location",
        "type": "picklistDropdown",
        "selectionType": "single",
        "clearSearch": true,
        "source": "members",
        "DimensionName": "Location",
        "LevelAttributeName": "Location",
        "FilterExpression": " &AllPlantLocations",
        "visible": true,
        "isEditable": true,
        "validation": {
          "maxLength": "0",
          "required": true
        },
        "select": "NONE"
      },
      {
        "fieldName": "Resource",
        "title": "Resource",
        "Description": "Resource",
        "type": "picklistDropdown",
        "selectionType": "single",
        "clearSearch": true,
        "source": "datasource",
        "key": "Resource",
        "valueField": "Name",
        "textField": "DisplayName",
        "overrideFieldBindingType": false,
        "visible": true,
        "isEditable": true,
        "cascadeFrom": "Location",
        "validation": {
          "maxLength": "0",
          "required": true
        },
        "select": "NONE"
      },
      {
        "fieldName": "Group",
        "title": "Group",
        "Description": "Group",
        "type": "picklistDropdown",
        "selectionType": "single",
        "clearSearch": true,
        "select": "NONE",
        "source": "datasource",
        "key": "DSGroup",
        "valueField": "Name",
        "textField": "DisplayName",
        "overrideFieldBindingType": false,
        "visible": true,
        "isEditable": true,
        "cascadeFrom": "Location",
        "validation": {
          "maxLength": "0",
          "required": true
        }
      }
    ],
    "Range": [],
    "DataSources": [
      {
        "Name": "Resource",
        "IBPLRules": [
          {
            "template": "Select([Resource].[Resource]) where{[Version].[Version Name].[{{Version}}], [Location].[Location].[{{Location}}], Measure.[Resource Location Association] >0};"
          }
        ],
        "JavascriptRules": [],
        "IncludeDSFieldsOnly": false,
        "FieldBindings": []
      },
      {
        "Name": "DSGroup",
        "IBPLRules": [
          {
            "template": "Select([Group].[Group ID]) where{[Version].[Version Name].[{{Version}}], [Location].[Location].[{{Location}}], Measure.[Final Group Location Association] > 0}; "
          }
        ],
        "JavascriptRules": [],
        "IncludeDSFieldsOnly": false,
        "FieldBindings": []
      }
    ],
    "AutoExecute": false,
    "isAsync": true,
    "hasMembersUpdates": false,
    "Compact": false,
    "TwoColumn": false,
    "IsGlobalForExcelAddIn": false,
    "ExcludeFromNavLink": false,
    "FilterFieldBindings": []
  },
  "Widget": null,
  "Roles": []
}