{
  "MeasureName": "Cascade Parent Deletion Dimension Attribute Object",
  "MeasureId": "2061743a-7d4e-421e-b2b8-033e48c43a21",
  "MeasureDescription": "Measure to inform the immediate Parent Attribute of the Level Attribute to be Deleted, in case Behavior is Parent Member Cascade",
  "DataType": "string",
  "MeasureType": "Regular",
  "AggregateFunction": "DistinctSum",
  "FormatString": "#,##0;(#,##0)",
  "MeasureColumnName": "CascadeParentDeletionDimensionAttributeObject",
  "MeasureFormula": "",
  "IsEditable": true,
  "ApplyConversion": false,
  "ConversionFormula": "",
  "PickListName": null,
  "BgColorFormula": "",
  "FgColorFormula": "",
  "TrendFormula": "",
  "FormattingViewModel": null,
  "ParentMeasureName": null,
  "AssociationMeasure": false,
  "IsComputedByPlanningService": false,
  "ToolTip": "Parent for Deletion if the Behavior is Cascade Delete",
  "ConfigJson": {},
  "ApiName": null,
  "ApiDisabled": false,
  "IsReportingMeasure": false,
  "MeasureConditionalFormulaProperties": [],
  "PicklistSource": null
}