{
  "AttributeName": "NPI Item",
  "AttributeId": "5a56c7a8-f453-4150-d8d4-3f6c6a3abf74",
  "AttributeHierarchyEnabled": true,
  "IsKey": false,
  "Description": "NPI Item",
  "OrderBy": "Name",
  "KeyColumnName": "NPIItemKey",
  "NameColumnName": "NPIItemName",
  "KeyColumnDataType": "integer",
  "SeedTags": true,
  "KeyGenerationType": "Auto",
  "PickListName": null,
  "ConfigJson": {
    "ShowFilterAs": "TileView",
    "MemberDisplayNameEditable": true,
    "IsMultipleImage": false,
    "MemberDisplayColor": false
  },
  "FormatString": null,
  "Translation": null,
  "Aliases": [],
  "ApiName": null,
  "ApiDisabled": false,
  "ToolTip": "NPI Item",
  "FgColorFormula": null,
  "BgColorFormula": null,
  "IsReservedBySystem": false
}