{
  "EdgePropertyId": "d83b2359-21d5-4f18-bd7e-d58ac5e59fe0",
  "PropertyName": "D Demand Attribute Resource Node Priority to NSR",
  "PropertyDescription": "Define the priority, if there is more than one preferred production path",
  "PropertyDataType": "integer",
  "PropertyDataSize": 0,
  "PropertyColumnName": "DDemandAttributeResourceNodePrioritytoNSR",
  "AggregateFunction": "Max",
  "PropertyFormula": "",
  "IsEditable": false,
  "FormatString": "#,##0; (#,##0)",
  "ActivationProperty": false,
  "IsComputedByPlanningService": false,
  "ToolTip": null,
  "ApiName": null,
  "ApiDisabled": false,
  "BgColorFormula": "",
  "FgColorFormula": "",
  "TrendFormula": "",
  "FormattingViewModel": null,
  "ConditionalFormulas": []
}