{
  "MeasureGroupName": "027 PROC Network Inputs",
  "MeasureGroupId": "892ff386-51de-3c27-d0a2-8f263c140d75",
  "ParentMeasureGroupName": null,
  "HasShadow": false,
  "MeasureGroupDescription": "027 PROC Network Inputs",
  "MeasureGroupType": "Regular",
  "FactTableName": "Fact027PROCNetworkInputs",
  "SchemaMajorVersion": 0,
  "ConfigJson": {},
  "ApiName": null,
  "Repartition": false,
  "Unpartition": false,
  "ApiEnabled": false,
  "DimensionUsages": [
    {
      "DimensionName": "Version",
      "AttributeName": "Version Name",
      "SortOrder": 0,
      "DimensionType": "Regular"
    },
    {
      "DimensionName": "Item",
      "AttributeName": "L3",
      "SortOrder": 1,
      "DimensionType": "Regular"
    },
    {
      "DimensionName": "Location",
      "AttributeName": "Location",
      "SortOrder": 2,
      "DimensionType": "Regular"
    },
    {
      "DimensionName": "Supplier",
      "AttributeName": "Supplier Location",
      "SortOrder": 3,
      "DimensionType": "Regular"
    }
  ]
}