{
  "MeasureName": "D WIP Priority Consumption Plugin Output Normalised",
  "MeasureId": "c71b1bc1-90dd-4c68-a19b-841e7ba1d2c7",
  "MeasureDescription": "WIP Priority Output Normalised",
  "DataType": "number",
  "MeasureType": "Regular",
  "AggregateFunction": "Max",
  "FormatString": "#,##0",
  "MeasureColumnName": "DWIPPriorityConsumptionPluginOutputNormalised",
  "MeasureFormula": "",
  "IsEditable": true,
  "ApplyConversion": false,
  "ConversionFormula": "",
  "PickListName": null,
  "BgColorFormula": "",
  "FgColorFormula": "",
  "TrendFormula": "",
  "FormattingViewModel": "[]",
  "ParentMeasureName": null,
  "AssociationMeasure": false,
  "IsComputedByPlanningService": false,
  "ToolTip": "WIP Priority Output Normalised",
  "ConfigJson": {},
  "ApiName": null,
  "ApiDisabled": false,
  "IsReportingMeasure": false,
  "MeasureConditionalFormulaProperties": [],
  "PicklistSource": null
}