{
  "HierarchyName": "Config Hierarchy",
  "HierarchyId": "deded5b5-2c17-48cc-d9e2-ca57535a50da",
  "HierarchyDescription": "Config Hierarchy",
  "Translations": null,
  "Levels": [
    {
      "LevelName": "All Config",
      "LevelId": "b78eba2f-9ebe-b904-f0aa-17129cc8fa43",
      "SourceAttributeName": "All Config",
      "LevelDescription": "All Config",
      "LevelPosition": 0,
      "Translations": null
    },
    {
      "LevelName": "Config L1",
      "LevelId": "903eddf5-79a0-c36e-5cbd-4c84d8fa53f7",
      "SourceAttributeName": "Config L1",
      "LevelDescription": "Config L1",
      "LevelPosition": 1,
      "Translations": null
    },
    {
      "LevelName": "Config",
      "LevelId": "32898d4e-23e0-68ea-d8ed-66534c5e15ed",
      "SourceAttributeName": "Config",
      "LevelDescription": "Config",
      "LevelPosition": 2,
      "Translations": null
    }
  ],
  "IsEnabled": true,
  "ErrorMessage": null
}