{
  "AttributeName": "Retail_AP_SZP_Product_Location_NN",
  "AttributeId": "71b8dc17-4f1c-7615-b25a-6dd9f8b643cc",
  "AttributeHierarchyEnabled": true,
  "IsKey": false,
  "Description": "Retail AP Size Profiler Product Location Named Node",
  "OrderBy": "Key",
  "KeyColumnName": "Retail_AP_SZP_Product_Location_NNKey",
  "NameColumnName": "Retail_AP_SZP_Product_Location_NNName",
  "KeyColumnDataType": "integer",
  "SeedTags": true,
  "KeyGenerationType": "Auto",
  "PickListName": null,
  "ConfigJson": {
    "ShowFilterAs": "TileView",
    "MemberDisplayNameEditable": true,
    "IsMultipleImage": false,
    "MemberDisplayColor": false
  },
  "FormatString": null,
  "Translation": null,
  "Aliases": [],
  "ApiName": null,
  "ApiDisabled": false,
  "ParentAttributeName": null,
  "NamedNodeUsages": [
    {
      "DimensionName": "Item",
      "AttributeName": "L3"
    },
    {
      "DimensionName": "Location",
      "AttributeName": "Location"
    }
  ]
}