{
  "Name": "Allocation Pack Classfication",
  "WidgetDefinitionName": "Allocation Pack Classfication",
  "IsPrimary": true,
  "ConfigJson": {
    "ContainerId": "cf92e0dc-34f9-4825-ae8a-f37454227152",
    "CompositeContainerId": null,
    "Position": 0,
    "ShowInfoContext": {
      "ActionColumn": true,
      "RowInfo": true,
      "MemberInfo": true
    },
    "ShowHeader": null
  },
  "ViewWidgetDefinitionId": "c1363107-9672-a8e7-03d7-26d25f9df778",
  "Title": "Pack Classfication"
}