{
  "MeasureName": "ASP SC LC Override",
  "MeasureId": "d42bf5da-0172-50ce-2ca7-4104fd169aec",
  "MeasureDescription": "ASP SC LC Override",
  "DataType": "number",
  "MeasureType": "Regular",
  "AggregateFunction": "AvgNonNullOrZero",
  "FormatString": "0.00",
  "MeasureColumnName": "ASPSCLCOverride",
  "MeasureFormula": "",
  "IsEditable": true,
  "ApplyConversion": false,
  "ConversionFormula": "",
  "PickListName": null,
  "BgColorFormula": "",
  "FgColorFormula": "",
  "TrendFormula": "",
  "FormattingViewModel": "[]",
  "ParentMeasureName": null,
  "AssociationMeasure": false,
  "IsComputedByPlanningService": false,
  "ToolTip": "ASP SC LC Override",
  "ConfigJson": {},
  "ApiName": null,
  "ApiDisabled": false,
  "IsReportingMeasure": false,
  "MeasureConditionalFormulaProperties": [],
  "PicklistSource": null
}