{
  "AttributeName": "CDT7",
  "AttributeId": "add08b81-5a06-ce8b-6d20-de93cc1b0f9c",
  "AttributeHierarchyEnabled": true,
  "IsKey": false,
  "Description": "Placeholder consumer decision tree attribute",
  "OrderBy": "Key",
  "KeyColumnName": "CDT7Key",
  "NameColumnName": "CDT7Name",
  "KeyColumnDataType": "integer",
  "SeedTags": false,
  "KeyGenerationType": "Auto",
  "PickListName": null,
  "ConfigJson": {
    "ShowFilterAs": "TileView",
    "MemberDisplayNameEditable": true,
    "IsMultipleImage": false,
    "MemberDisplayColor": false
  },
  "FormatString": null,
  "Translation": null,
  "Aliases": [],
  "ApiName": null,
  "ApiDisabled": false,
  "FgColorFormula": "",
  "BgColorFormula": "",
  "IsReservedBySystem": false
}