{
  "AttributeName": "Planning Channel",
  "AttributeId": "ad4e4074-9d2d-9a66-43c7-0b1dbb7bb931",
  "AttributeHierarchyEnabled": true,
  "IsKey": false,
  "Description": "Planning Channel",
  "OrderBy": "Key",
  "KeyColumnName": "PlanningChannelKey",
  "NameColumnName": "PlanningChannelName",
  "KeyColumnDataType": "integer",
  "SeedTags": true,
  "KeyGenerationType": "Auto",
  "PickListName": null,
  "ConfigJson": {
    "ShowFilterAs": "TileView",
    "MemberDisplayNameEditable": true,
    "IsMultipleImage": false,
    "MemberDisplayColor": false
  },
  "FormatString": null,
  "Translation": null,
  "Aliases": [],
  "ApiName": null,
  "ApiDisabled": false
}