{
  "Name": "Resource Shortage Details",
  "ViewId": "8be98f2a-d984-7cb6-3935-8df291846944",
  "ContentType": "Regular",
  "Title": "Resource Shortage Details",
  "Position": 2,
  "IsDefault": true,
  "Resource": null,
  "RazorViewTemplate": "_containers",
  "ConfigJson": {
    "WidgetContainers": {
      "Containers": [
        1
      ],
      "Key": 0,
      "IsModified": false,
      "ViewSpread": {
        "RowLevel": 60,
        "ColLevel": 12
      },
      "Data": [
        {
          "Id": "a7ce25db-1f35-4150-8ce9-39322125e4b0",
          "Col": 0,
          "Row": 0,
          "SizeX": 12,
          "SizeY": 60
        }
      ]
    },
    "CompactMode": false,
    "IsHidden": false
  },
  "Roles": [
    "public"
  ]
}