{
  "Name": "Exception Report",
  "ViewId": "7816ccbd-e6e3-f6c9-f661-9fd9a04a2469",
  "ContentType": "Regular",
  "Title": "Exception Report",
  "Position": 3,
  "IsDefault": false,
  "Resource": null,
  "RazorViewTemplate": "_containers",
  "ConfigJson": {
    "WidgetContainers": {
      "Containers": [
        1
      ],
      "Key": 0,
      "IsModified": false,
      "ViewSpread": {
        "RowLevel": 60,
        "ColLevel": 12
      },
      "Data": [
        {
          "Id": "b35ea22c-ca07-4f98-8847-2f0d418bf1c6",
          "Col": 0,
          "Row": 0,
          "SizeX": 12,
          "SizeY": 60
        }
      ]
    },
    "CompactMode": false,
    "IsHidden": false
  },
  "Roles": [
    "public"
  ]
}