{
  "Name": "Prioritization Input Data Mapping",
  "ViewId": "b5b1d526-7fba-a684-3bd4-342426af7e56",
  "ContentType": "Regular",
  "Title": "Input Data Mapping",
  "Position": 0,
  "IsDefault": false,
  "Resource": null,
  "RazorViewTemplate": "_containers",
  "ConfigJson": {
    "WidgetContainers": {
      "Containers": [
        1
      ],
      "Key": 0,
      "IsModified": false,
      "ViewSpread": {
        "RowLevel": 60,
        "ColLevel": 12
      },
      "Data": [
        {
          "Id": "ec85218b-9382-4da0-b90c-f7d5124d1c89",
          "Col": 0,
          "Row": 0,
          "SizeX": 12,
          "SizeY": 60
        }
      ]
    },
    "CompactMode": false,
    "IsHidden": false
  },
  "Roles": [
    "public"
  ]
}