{
  "AttributeName": "Priority Group",
  "AttributeId": "80e20fab-6884-411b-8a33-9034d9560d30",
  "AttributeHierarchyEnabled": true,
  "IsKey": true,
  "Description": "Priority Group",
  "OrderBy": "Name",
  "KeyColumnName": "PriorityGroupKey",
  "NameColumnName": "PriorityGroupName",
  "KeyColumnDataType": "integer",
  "SeedTags": true,
  "KeyGenerationType": "Auto",
  "PickListName": null,
  "ConfigJson": {
    "ShowFilterAs": "TileView"
  },
  "FormatString": null,
  "Translation": null,
  "Aliases": [],
  "ApiName": null,
  "ApiDisabled": false
}