{
  "MeasureName": "Netting Backward Buckets Order MP Snapshot",
  "MeasureId": "b8252ded-5d4d-4aea-abfb-8cd25add7ad9",
  "MeasureDescription": "Netting Backward Buckets for Orders during MP Run",
  "DataType": "number",
  "MeasureType": "Regular",
  "AggregateFunction": "Min",
  "FormatString": "#",
  "MeasureColumnName": "NettingBackwardBucketsOrderMPSnapshot",
  "MeasureFormula": "",
  "IsEditable": false,
  "ApplyConversion": false,
  "ConversionFormula": "",
  "PickListName": null,
  "BgColorFormula": "",
  "FgColorFormula": "",
  "TrendFormula": "",
  "FormattingViewModel": "[]",
  "ParentMeasureName": null,
  "AssociationMeasure": false,
  "IsComputedByPlanningService": false,
  "ToolTip": "Netting Backward Buckets for Orders during MP Run",
  "ConfigJson": {},
  "ApiName": null,
  "ApiDisabled": false,
  "IsReportingMeasure": false,
  "MeasureConditionalFormulaProperties": [],
  "PicklistSource": null
}