{
  "Name": "MFGAlternateItemsByLocationInfo",
  "Description": "Information",
  "ActionButtonId": "71cea574-bf1c-450f-9a4c-bb80513fa6ca",
  "Tooltip": "Information",
  "ActionButtonType": "Widget",
  "Alignment": "right",
  "IsPopOver": true,
  "IsGlobal": true,
  "ActionClickHandler": null,
  "Icon": null,
  "Image": null,
  "ConfigJson": {
    "icon": "info-circle",
    "SubmitButton": {
      "Label": "Submit"
    },
    "ResetButton": {
      "Label": "Reset"
    },
    "CloseButton": {
      "Label": "Close",
      "ConfirmMessage": "Unsaved changes will be lost. Continue?"
    },
    "NotifyAll": false,
    "IBPLRules": [],
    "JavascriptRules": [],
    "FieldBindings": [
      {
        "fieldName": "Information",
        "title": "Information",
        "type": "info",
        "clearSearch": true,
        "source": "literal",
        "defaultValue": "<b>Alternate Items by Location</b>  <p>This table shows the data for the Alternate/Substitute Items for a specific Location. It can be used for component or a grouped substitution. The association field specifies whether an item or a group is substituting a component.</p> <p> Priority can be defined if one component is being susbtituted by multiple components to define which item should be used first.  Consumed Per is used to define how many units of the substituting component has to be consumed to produce one unit of the component being substituted. Start and End Date can be used to specify the period in which the substituting component can be used for substitution</p><p> Is Alternate Within Group field is used to specify if the components within the group are alternates to each other or if all the components within the group are needed to produce the substituted component. Is Demand Node is used to specify if the substituted item has demand or not.</p>",
        "visible": true,
        "isEditable": false,
        "validation": {
          "maxLength": "0",
          "required": true
        }
      }
    ],
    "DataSources": [],
    "AutoExecute": false,
    "isAsync": false,
    "hasMembersUpdates": false,
    "Compact": false,
    "TwoColumn": false,
    "IsGlobalForExcelAddIn": false,
    "ReturnFilterByUpdate": false,
    "FilterFieldBindings": []
  },
  "Widget": null
}