{
  "Name": "AddSeedClass",
  "Description": "Add New Class",
  "ActionButtonId": "2e4a12b9-5a5c-2a4e-c953-24ed616ff70e",
  "Tooltip": "Add New Class",
  "ActionButtonType": "Widget",
  "Alignment": "right",
  "IsPopOver": true,
  "IsGlobal": true,
  "ActionClickHandler": null,
  "Icon": null,
  "Image": null,
  "ConfigJson": {
    "DisplayName": "Add New Class",
    "icon": "plus-square-o",
    "SubmitButton": {
      "Label": "Submit"
    },
    "ResetButton": {
      "Label": "Reset"
    },
    "CloseButton": {
      "Label": "Close",
      "ConfirmMessage": "Unsaved changes will be lost. Continue?"
    },
    "NotifyRoles": true,
    "NotifyAll": false,
    "IBPLRules": [
      {
        "template": "createmember(Item.L3 = {,\"{{Class}}\"},\nItem.L4 = {, \"{{Department}}\"});\n\n\n\ncartesian Scope: (&DynamicScenarios.filter(#.Name in {\"{{Version}}\"}) * &RE2EClasses.filter(#.Name in {\"{{Class}}\"}) * &RE2EChannels.filter(#.Name in {{#ibplList Channel}})* Time.[Planning Quarter].filter(#.Name in {{#ibplList Quarter}}).RelatedMembers([Week])  * &RE2ECountries.filter(#.Name in {{#ibplList Market}}) * &MFPSellingSeason.filter(#.Name in {{#ibplList Season}}));\nMeasure.[BU Sls Rtl]=  0 ;\nMeasure.[Create Class Association] = 1;\n\nend scope;\n\nSelect 1; {{#if SeedBoolean}}\n\nexec procedure AddSeedClass { \"Version\" : \"{{Version}}\" , \"Channel\" : [{{#csv Channel}}] , \"Quarter\" : [ {{#csv Quarter}} ] , \"Class\" :\"{{Class}}\", \"SourceClass\" :\"{{SourceClass}}\" , \"Season\" : [{{#csv Season}}], \"Market\" : [{{#csv Market}}], \"SeedBoolean\" : {{SeedBoolean}} };\n\n{{/if}}"
      }
    ],
    "JavascriptRules": [],
    "FieldBindings": [
      {
        "fieldName": "Class",
        "title": "Class",
        "Description": "Name the class that needs to be created",
        "type": "string",
        "clearSearch": true,
        "source": "literal",
        "visible": true,
        "isEditable": true,
        "validation": {
          "maxLength": 80,
          "required": true
        }
      },
      {
        "fieldName": "Department",
        "title": "Department",
        "Description": "Department",
        "type": "picklistDropdown",
        "selectionType": "single",
        "clearSearch": true,
        "select": "ALL",
        "source": "members",
        "DimensionName": "Item",
        "LevelAttributeName": "L4",
        "visible": false,
        "isEditable": true,
        "validation": {
          "maxLength": "0",
          "required": true
        },
        "filterBinding": "CurrentView"
      },
      {
        "fieldName": "Channel",
        "title": "Channel",
        "Description": "Sales Planning Channel i.e Online, Retail, Wholesale, Outlet",
        "type": "picklist",
        "fieldGroup": "Seed from Like Class",
        "selectionType": "multiple",
        "clearSearch": true,
        "source": "filter",
        "DimensionName": "Sales Domain",
        "LevelAttributeName": "Sales Planning Channel",
        "visible": false,
        "isEditable": true,
        "validation": {
          "maxLength": "0",
          "required": true
        }
      },
      {
        "fieldName": "Division",
        "title": "Division",
        "Description": "The division under which the selected departments fall",
        "type": "picklistDropdown",
        "selectionType": "single",
        "clearSearch": true,
        "select": "ALL",
        "source": "datasource",
        "key": "DivisionDS",
        "valueField": "Name",
        "textField": "DisplayName",
        "overrideFieldBindingType": false,
        "visible": false,
        "isEditable": false,
        "cascadeFrom": "Department",
        "validation": {
          "maxLength": "0",
          "required": true
        }
      },
      {
        "fieldName": "BusinessUnit",
        "title": "Business Unit",
        "Description": "The business unit under which the department falls",
        "type": "picklistDropdown",
        "selectionType": "single",
        "clearSearch": true,
        "select": "ALL",
        "source": "datasource",
        "key": "BusinessDS",
        "valueField": "Name",
        "textField": "DisplayName",
        "overrideFieldBindingType": false,
        "visible": false,
        "isEditable": false,
        "cascadeFrom": "Division",
        "validation": {
          "maxLength": "0",
          "required": true
        }
      },
      {
        "fieldName": "SeedBoolean",
        "title": "Do you want to Seed?",
        "Description": "Do you want to seed the values from source class to the new class?",
        "type": "boolean",
        "fieldGroup": "Seed from Like Class",
        "selectionType": "single",
        "clearSearch": true,
        "source": "literal",
        "defaultValue": true,
        "visible": true,
        "isEditable": true,
        "validation": {
          "maxLength": "0",
          "required": false
        }
      },
      {
        "fieldName": "Version",
        "title": "Version",
        "Description": "Version",
        "type": "picklist",
        "selectionType": "single",
        "clearSearch": true,
        "source": "filter",
        "DimensionName": "Version",
        "LevelAttributeName": "Version Name",
        "visible": false,
        "isEditable": false,
        "validation": {
          "maxLength": "0",
          "required": true
        },
        "fieldGroup": "Seed from Like Class"
      },
      {
        "fieldName": "SourceClass",
        "title": "Source Class",
        "Description": "Source class from which the values will be taken and seeded into the new class",
        "type": "picklistDropdown",
        "selectionType": "single",
        "clearSearch": true,
        "select": "NONE",
        "source": "members",
        "DimensionName": "Item",
        "LevelAttributeName": "L3",
        "visible": true,
        "isEditable": true,
        "validation": {
          "maxLength": "0",
          "required": false
        },
        "fieldGroup": "Seed from Like Class"
      },
      {
        "fieldName": "DestClass",
        "title": "Destination Class",
        "Description": "Class in which the values will be seeded",
        "type": "picklistDropdown",
        "selectionType": "single",
        "clearSearch": true,
        "select": "NONE",
        "source": "members",
        "DimensionName": "Item",
        "LevelAttributeName": "L3",
        "visible": false,
        "isEditable": true,
        "validation": {
          "maxLength": "0",
          "required": true
        },
        "fieldGroup": "Seed from Like Class"
      },
      {
        "fieldName": "Season",
        "title": "Season",
        "Description": "Selling Season",
        "type": "picklist",
        "fieldGroup": "Seed from Like Class",
        "selectionType": "multiple",
        "clearSearch": true,
        "source": "filter",
        "DimensionName": "Selling Season",
        "LevelAttributeName": "Selling Season",
        "visible": false,
        "isEditable": true,
        "validation": {
          "maxLength": "0",
          "required": true
        }
      },
      {
        "fieldName": "Market",
        "title": "Market",
        "Description": "Location Country from which the values will be seeded",
        "type": "picklist",
        "fieldGroup": "Seed from Like Class",
        "selectionType": "multiple",
        "clearSearch": true,
        "source": "filter",
        "DimensionName": "Location",
        "LevelAttributeName": "Location Country",
        "visible": false,
        "isEditable": true,
        "validation": {
          "maxLength": "0",
          "required": true
        }
      },
      {
        "fieldName": "Quarter",
        "title": "Quarter",
        "Description": "Time in terms of Quarter",
        "type": "picklistDropdown",
        "fieldGroup": "Seed from Like Class",
        "clearSearch": true,
        "source": "filter",
        "DimensionName": "Time",
        "LevelAttributeName": "Planning Quarter",
        "visible": false,
        "isEditable": true,
        "validation": {
          "maxLength": "0",
          "required": true
        }
      }
    ],
    "Range": [],
    "DataSources": [
      {
        "Name": "BusinessDS",
        "IBPLRules": [
          {
            "template": "select Item.[L4]{{#filter Department}}.relatedmembers([L6]);"
          }
        ],
        "JavascriptRules": [],
        "IncludeDSFieldsOnly": false,
        "FieldBindings": []
      },
      {
        "Name": "DivisionDS",
        "IBPLRules": [
          {
            "template": "select Item.[L4]{{#filter Department}}.relatedmembers([L5]);"
          }
        ],
        "JavascriptRules": [],
        "IncludeDSFieldsOnly": false,
        "FieldBindings": []
      }
    ],
    "AutoExecute": false,
    "isAsync": true,
    "hasMembersUpdates": true,
    "Compact": true,
    "TwoColumn": false,
    "IsGlobalForExcelAddIn": false,
    "ReturnFilterByUpdate": false,
    "ExcludeFromNavLink": false,
    "FilterFieldBindings": []
  },
  "Widget": null,
  "Roles": []
}