{
  "Override": [
    {
      "PageGroupName": "Input",
      "WorkspaceName": "Size Profiler",
      "DisplayOrder": 4,
      "ConfigBlockName": "o9 Retail Size Profiler"
    },
    {
      "PageGroupName": "Data Management",
      "WorkspaceName": "Size Profiler",
      "DisplayOrder": 3,
      "ConfigBlockName": "o9 Retail Size Profiler"
    },
    {
      "PageGroupName": "Create & Review Profile",
      "WorkspaceName": "Size Profiler",
      "DisplayOrder": 2,
      "ConfigBlockName": "o9 Retail Size Profiler"
    },
    {
      "PageGroupName": "Output",
      "WorkspaceName": "Size Profiler",
      "DisplayOrder": 1,
      "ConfigBlockName": "o9 Retail Size Profiler"
    }
  ]
}