{
  "AttributeName": "Sub Block",
  "AttributeId": "ab5cd30c-1801-61aa-d882-0d0cfebb0cd9",
  "AttributeHierarchyEnabled": true,
  "IsKey": true,
  "Description": "Sub Block",
  "OrderBy": "Name",
  "KeyColumnName": "SubBlockKey",
  "NameColumnName": "SubBlockName",
  "KeyColumnDataType": "integer",
  "SeedTags": false,
  "KeyGenerationType": "Auto",
  "PickListName": null,
  "ConfigJson": {
    "ShowFilterAs": "TileView",
    "MemberDisplayNameEditable": false,
    "IsMultipleImage": false,
    "MemberDisplayColor": false
  },
  "FormatString": null,
  "Translation": null,
  "Aliases": [],
  "ApiName": null,
  "ApiDisabled": false
}
