{
  "Override": [
    {
      "ViewName": "Performance Analysis",
      "PageName": "Performance Analysis",
      "WorkspaceName": "OTB Plan-V2Migrated",
      "Position": 0,
      "ConfigBlockName": "o9 Retail MFP RMA Product Plan"
    },
    {
      "ViewName": "Gross Margin Performance",
      "PageName": "Performance Analysis",
      "WorkspaceName": "OTB Plan-V2Migrated",
      "Position": 1,
      "ConfigBlockName": "o9 Retail MFP RMA Product Plan"
    },
    {
      "ViewName": "Inventory Turns Performance",
      "PageName": "Performance Analysis",
      "WorkspaceName": "OTB Plan-V2Migrated",
      "Position": 2,
      "ConfigBlockName": "o9 Retail MFP RMA Product Plan"
    }
  ]
}