{
  "AttributeName": "IL3",
  "AttributeId": "a865ed97-9d3e-44bc-b12d-784c2f19df80",
  "AttributeHierarchyEnabled": true,
  "IsKey": false,
  "Description": "L3 Initiatives",
  "OrderBy": "Name",
  "KeyColumnName": "L3Key",
  "NameColumnName": "L3Name",
  "KeyColumnDataType": "integer",
  "SeedTags": true,
  "KeyGenerationType": "Auto",
  "PickListName": null,
  "ConfigJson": {
    "ShowFilterAs": "TileView",
    "MemberDisplayNameEditable": true,
    "IsMultipleImage": false
  },
  "FormatString": null,
  "Translation": null,
  "Aliases": [],
  "ApiName": null,
  "ApiDisabled": false
}