{
  "Name": "Transformations",
  "ViewId": "890d70c5-ca8f-6fde-77cb-2842d509f2b0",
  "ContentType": "Regular",
  "Title": "Input & Output Setup",
  "Position": 1,
  "IsDefault": false,
  "Resource": null,
  "RazorViewTemplate": "_containers",
  "ConfigJson": {
    "WidgetContainers": {
      "Containers": [
        1,
        1
      ],
      "Key": 1,
      "IsModified": false,
      "ViewSpread": {
        "RowLevel": 60,
        "ColLevel": 12
      },
      "Data": [
        {
          "Id": "d84deae3-db55-4f18-9a94-acc32bd0bda1",
          "Col": 0,
          "Row": 0,
          "SizeX": 12,
          "SizeY": 30
        },
        {
          "Id": "c4a39b4b-1896-44ed-8659-66c995cc10e5",
          "Col": 0,
          "Row": 30,
          "SizeX": 12,
          "SizeY": 30
        }
      ],
      "Composites": {
        "d84deae3-db55-4f18-9a94-acc32bd0bda1": [
          {
            "Height": 50,
            "CompositeIds": [
              "a63432c1-331e-429a-b32f-6c57dd0a1570"
            ]
          }
        ]
      }
    },
    "CompactMode": false,
    "IsHidden": false
  },
  "Roles": [
    "public"
  ]
}