{
  "MeasureName": "Allocation DILOP Total NaN Met by PackID",
  "MeasureId": "7141078f-0bb1-feb4-9a5b-7a477bb1b2d7",
  "MeasureDescription": "Allocation DILOP Total NaN Met by PackID",
  "DataType": "number",
  "MeasureType": "Regular",
  "AggregateFunction": "Sum",
  "FormatString": "#,##0; (#,##0)",
  "MeasureColumnName": "AllocationDILOPTotalNaNMetbyPackID",
  "MeasureFormula": "",
  "IsEditable": false,
  "ApplyConversion": false,
  "ConversionFormula": "",
  "PickListName": null,
  "BgColorFormula": "",
  "FgColorFormula": "",
  "TrendFormula": "",
  "ParentMeasureName": null,
  "AssociationMeasure": false,
  "IsComputedByPlanningService": false,
  "ToolTip": "Allocation DILOP Total NaN Met by PackID",
  "ConfigJson": {},
  "ApiName": null,
  "ApiDisabled": false,
  "IsReportingMeasure": false,
  "MeasureConditionalFormulaProperties": [],
  "PicklistSource": null,
  "RecomputeSpreadComputation": false
}