{
  "HierarchyName": "Program Type Hierarchy",
  "HierarchyId": "b6b2dfe7-a00f-cc95-4f69-7e6100ea7d58",
  "HierarchyDescription": "Program Type Hierarchy",
  "Translations": null,
  "Levels": [
    {
      "LevelName": "A3",
      "LevelId": "4b9b5e0d-5dcc-a79a-da8c-53e56f624501",
      "SourceAttributeName": "A3",
      "LevelDescription": "A3",
      "LevelPosition": 0,
      "Translations": null
    },
    {
      "LevelName": "Planning Item",
      "LevelId": "616d4136-a189-6ecf-fc03-cb00a8225a50",
      "SourceAttributeName": "Planning Item",
      "LevelDescription": "Planning Item",
      "LevelPosition": 1,
      "Translations": null
    }
  ],
  "IsEnabled": true,
  "ErrorMessage": null
}