{
  "Name": "SupplyPlan134DisableUnloadingResource",
  "Description": null,
  "ActionButtonId": "4303440b-e2b9-41b4-9e8c-87daf09529dc",
  "Tooltip": "Disable Unloading Resource at a Destination Loc",
  "ActionButtonType": "Widget",
  "Alignment": "right",
  "IsPopOver": true,
  "IsGlobal": true,
  "ActionClickHandler": null,
  "Icon": null,
  "Image": null,
  "ConfigJson": {
    "icon": "minus",
    "SubmitButton": {
      "Label": "Submit"
    },
    "ResetButton": {
      "Label": "Reset"
    },
    "CloseButton": {
      "Label": "Close",
      "ConfirmMessage": "Unsaved changes will be lost. Continue?"
    },
    "NotifyAll": false,
    "IBPLRules": [
      {
        "template": "scope: (Version.[Version Name]{{#filter Version}} * Location.Location{{#filter Location}} ); \nMeasure.[DIST UnLoading Shared Resource Association] = null;\nMeasure.[DIST UnLoading Shared Resource Association NC Deletion] = 1;\nend scope;\n\n//--Uncomment the below code to enable Net change functionality\n/*\nCartesian scope: (Version.[Version Name]{{#filter Version}} * Location.Location{{#filter Location}} ); \nMeasure.[DIST UnLoading Shared Resource Association NC Deletion] = 1;\nend scope;\n\nscope: (Version.[Version Name]{{#filter Version}} * Location.Location{{#filter Location}} ); \nMeasure.[DIST UnLoading Shared Resource Association NC Addition] = Null;\nend scope;\n*/"
      }
    ],
    "JavascriptRules": [],
    "FieldBindings": [
      {
        "fieldName": "Version",
        "title": "Version",
        "type": "picklistDropdown",
        "selectionType": "single",
        "clearSearch": true,
        "source": "filter",
        "DimensionName": "Version",
        "LevelAttributeName": "Version Name",
        "visible": true,
        "isEditable": false,
        "validation": {
          "maxLength": "0",
          "required": true
        }
      },
      {
        "fieldName": "Location",
        "title": "Destination Location",
        "Description": "Location",
        "type": "picklistDropdown",
        "selectionType": "single",
        "clearSearch": true,
        "source": "parentAttribute",
        "DimensionName": "Location",
        "key": {
          "LevelAttribute": {
            "Name": "Location",
            "Property": "Name"
          }
        },
        "visible": true,
        "isEditable": true,
        "validation": {
          "maxLength": "0",
          "required": true
        }
      }
    ],
    "DataSources": [],
    "AutoExecute": false,
    "isAsync": false,
    "hasMembersUpdates": false,
    "Compact": false,
    "TwoColumn": false,
    "IsGlobalForExcelAddIn": false,
    "ReturnFilterByUpdate": true,
    "FilterFieldBindings": []
  },
  "Widget": null
}