{
  "PickListName": "ActivityIconColor",
  "PickListId": "6018c90d-f942-4fd3-b0e5-26c14f998454",
  "PickListDescription": "ActivityIconColor",
  "DataType": "string",
  "IsMultiSelectAllowed": false,
  "Values": [
    {
      "Value": "Manufacturing",
      "DisplayName": "Manufacturing",
      "DisplayPosition": 0,
      "Icon": "o9con-gears",
      "Color": "argb(1,255,0,238)",
      "Image": null
    },
    {
      "Value": "DistributionVessel",
      "DisplayName": "DistributionVessel",
      "DisplayPosition": 2,
      "Icon": "o9con-ship",
      "Color": "argb(1,0,115,255)",
      "Image": null
    },
    {
      "Value": "ProcurementTruck",
      "DisplayName": "ProcurementTruck",
      "DisplayPosition": 4,
      "Icon": "o9con-truck",
      "Color": "argb(1,165,161,161)",
      "Image": null
    },
    {
      "Value": "DistributionTruck",
      "DisplayName": "DistributionTruck",
      "DisplayPosition": 1,
      "Icon": "o9con-truck",
      "Color": "argb(1,157,148,148)",
      "Image": null
    },
    {
      "Value": "DistributionAir",
      "DisplayName": "DistributionAir",
      "DisplayPosition": 3,
      "Icon": "o9con-plane",
      "Color": "argb(1,255,81,0)",
      "Image": null
    },
    {
      "Value": "ProcurementVessel",
      "DisplayName": "ProcurementVessel",
      "DisplayPosition": 5,
      "Icon": "o9con-ship",
      "Color": "argb(1,0,115,255)",
      "Image": null
    },
    {
      "Value": "ProcurementAir",
      "DisplayName": "ProcurementAir",
      "DisplayPosition": 6,
      "Icon": "o9con-plane",
      "Color": "argb(1,255,81,0)",
      "Image": null
    }
  ]
}