{
  "PickListName": "AF Sales Domain Attribute Mapping",
  "PickListId": "a760cad7-be77-cbe7-fe34-00a4286b1975",
  "PickListDescription": "AF Sales Domain Attribute Mapping",
  "DataType": "string",
  "IsMultiSelectAllowed": false,
  "Values": [
    {
      "Value": "Sales Domain.[All Sales Domain]",
      "DisplayName": "All Sales Domain",
      "DisplayPosition": 0,
      "Icon": null,
      "Color": null,
      "Image": null
    },
    {
      "Value": "Sales Domain.[Division]",
      "DisplayName": "Division",
      "DisplayPosition": 1,
      "Icon": null,
      "Color": null,
      "Image": null
    },
    {
      "Value": "Sales Domain.[Channel Group]",
      "DisplayName": "Channel Group",
      "DisplayPosition": 2,
      "Icon": null,
      "Color": null,
      "Image": null
    },
    {
      "Value": "Sales Domain.[Customer Group]",
      "DisplayName": "Customer Group",
      "DisplayPosition": 3,
      "Icon": null,
      "Color": null,
      "Image": null
    },
    {
      "Value": "Sales Domain.[Channel]",
      "DisplayName": "Channel",
      "DisplayPosition": 4,
      "Icon": null,
      "Color": null,
      "Image": null
    }
  ]
}