{
  "PickListName": "Cluster Constraint",
  "PickListId": "8f06c713-0a13-b386-5592-700ec0aaf088",
  "PickListDescription": "TLB Cluster Constraint",
  "DataType": "string",
  "IsMultiSelectAllowed": false,
  "Values": [
    {
      "Value": "Volume",
      "DisplayName": "Volume Only",
      "DisplayPosition": 2,
      "Icon": null,
      "Color": null,
      "Image": null
    },
    {
      "Value": "Floor Space",
      "DisplayName": "Floor Space Only",
      "DisplayPosition": 3,
      "Icon": null,
      "Color": null,
      "Image": null
    },
    {
      "Value": "Weight + Floor Space",
      "DisplayName": "Weight and Floor Space",
      "DisplayPosition": 5,
      "Icon": null,
      "Color": null,
      "Image": null
    },
    {
      "Value": "Weight + Volume",
      "DisplayName": "Weight and Volume",
      "DisplayPosition": 4,
      "Icon": null,
      "Color": null,
      "Image": null
    },
    {
      "Value": "Volume + Floor Space",
      "DisplayName": "Volume and Floor Space",
      "DisplayPosition": 6,
      "Icon": null,
      "Color": null,
      "Image": null
    },
    {
      "Value": "Volumetric Weight",
      "DisplayName": "Volumetric Weight",
      "DisplayPosition": 8,
      "Icon": null,
      "Color": null,
      "Image": null
    },
    {
      "Value": "Weight",
      "DisplayName": "Weight Only",
      "DisplayPosition": 1,
      "Icon": null,
      "Color": null,
      "Image": null
    },
    {
      "Value": "Weight + Floor Spots",
      "DisplayName": "Weight and Floor Spots",
      "DisplayPosition": 7,
      "Icon": null,
      "Color": null,
      "Image": null
    },
    {
      "Value": "Floor Spots",
      "DisplayName": "Floor Spots Only",
      "DisplayPosition": 9,
      "Icon": null,
      "Color": null,
      "Image": null
    },
    {
      "Value": "Volume + Floor Spots",
      "DisplayName": "Volume and Floor Spots",
      "DisplayPosition": 10,
      "Icon": null,
      "Color": null,
      "Image": null
    }
  ]
}