{
  "PickListName": "IR_Excess_Item_Type",
  "PickListId": "43d8fa09-9b33-bd1f-c748-55e512de1608",
  "PickListDescription": "which item type is going into inventory rebalancing process",
  "DataType": "string",
  "IsMultiSelectAllowed": false,
  "Values": [
    {
      "Value": "FinishedGoods",
      "DisplayName": "FinishedGoods",
      "DisplayPosition": 2,
      "Icon": null,
      "Color": null,
      "Image": null
    },
    {
      "Value": "SubAssembly",
      "DisplayName": "SubAssembly",
      "DisplayPosition": 1,
      "Icon": "",
      "Color": null,
      "Image": null
    },
    {
      "Value": "RawMaterial",
      "DisplayName": "RawMaterial",
      "DisplayPosition": 0,
      "Icon": null,
      "Color": null,
      "Image": null
    }
  ]
}