{
  "PickListName": "IR_Need_Location_Type",
  "PickListId": "f5a0cfc2-b942-f057-e5ba-ebec9cd08bc7",
  "PickListDescription": "which need location type is going to take part in inventory rebalancing",
  "DataType": "string",
  "IsMultiSelectAllowed": false,
  "Values": [
    {
      "Value": "DC",
      "DisplayName": "DC",
      "DisplayPosition": 0,
      "Icon": null,
      "Color": null,
      "Image": null
    },
    {
      "Value": "Plant",
      "DisplayName": "Plant",
      "DisplayPosition": 1,
      "Icon": null,
      "Color": null,
      "Image": null
    },
    {
      "Value": "Supplier",
      "DisplayName": "Supplier",
      "DisplayPosition": 2,
      "Icon": null,
      "Color": null,
      "Image": null
    }
  ]
}