{
  "PickListName": "IR_Need_Condition",
  "PickListId": "5a730e63-bd8e-3ab6-0575-38a407aa5370",
  "PickListDescription": "Placeholder for storing the scenario by which rebalancing is required",
  "DataType": "string",
  "IsMultiSelectAllowed": false,
  "Values": [
    {
      "Value": "Under stock/ Available storage",
      "DisplayName": "Under stock/ Available storage",
      "DisplayPosition": 1,
      "Icon": null,
      "Color": null,
      "Image": null
    },
    {
      "Value": "Forecast Short/ Orders Short",
      "DisplayName": "Forecast Short/ Orders Short",
      "DisplayPosition": 0,
      "Icon": null,
      "Color": null,
      "Image": null
    }
  ]
}