{
  "PickListName": "IR_Relabeling",
  "PickListId": "0ed6e4e0-d58d-8bd7-c040-3e6bb7910e78",
  "PickListDescription": "Determines whether to solve for one location multiple items",
  "DataType": "boolean",
  "IsMultiSelectAllowed": false,
  "Values": [
    {
      "Value": "false",
      "DisplayName": "False",
      "DisplayPosition": 1,
      "Icon": null,
      "Color": null,
      "Image": null
    },
    {
      "Value": "true",
      "DisplayName": "True",
      "DisplayPosition": 0,
      "Icon": null,
      "Color": null,
      "Image": null
    }
  ]
}