{
  "PickListName": "NexprimeFixedPlanPropagationPolicy",
  "PickListId": "dac322ae-4962-bccf-7ba1-85fe29e9834b",
  "PickListDescription": "If the Fixed Plan is set to consume Item, it determine whether to make a propagation plan in the upstream process for the Item shortage.",
  "DataType": "string",
  "IsMultiSelectAllowed": false,
  "Values": [
    {
      "Value": "NOH_FORCED",
      "DisplayName": "NOH_FORCED",
      "DisplayPosition": 3,
      "Icon": null,
      "Color": null,
      "Image": null
    },
    {
      "Value": "PROPAGATION",
      "DisplayName": "PROPAGATION",
      "DisplayPosition": 2,
      "Icon": null,
      "Color": null,
      "Image": null
    },
    {
      "Value": "NONE",
      "DisplayName": "NONE",
      "DisplayPosition": 1,
      "Icon": null,
      "Color": null,
      "Image": null
    }
  ]
}