{
  "PickListName": "Operational Reason Code",
  "PickListId": "77c03a48-7c72-4cce-9925-1823e023c6fd",
  "PickListDescription": "Operational Reason Code",
  "DataType": "string",
  "IsMultiSelectAllowed": true,
  "Values": [
    {
      "Value": "Customer:Standard Order Violation",
      "DisplayName": "Customer:Standard Order Violation",
      "DisplayPosition": 0,
      "Icon": null,
      "Color": null,
      "Image": null
    },
    {
      "Value": "Customer:Transportation",
      "DisplayName": "Customer:Transportation",
      "DisplayPosition": 1,
      "Icon": null,
      "Color": null,
      "Image": null
    },
    {
      "Value": "Customer:Credit Block",
      "DisplayName": "Customer:Credit Block",
      "DisplayPosition": 2,
      "Icon": null,
      "Color": null,
      "Image": null
    },
    {
      "Value": "Distribution:Loading/Unloading",
      "DisplayName": "Distribution:Loading/Unloading",
      "DisplayPosition": 3,
      "Icon": null,
      "Color": null,
      "Image": null
    },
    {
      "Value": "Demand Planning:Sku Obsolete",
      "DisplayName": "Demand Planning:Sku Obsolete",
      "DisplayPosition": 4,
      "Icon": null,
      "Color": null,
      "Image": null
    },
    {
      "Value": "Demand Planning:Sales Exceeded Forecast",
      "DisplayName": "Demand Planning:Sales Exceeded Forecast",
      "DisplayPosition": 5,
      "Icon": null,
      "Color": null,
      "Image": null
    },
    {
      "Value": "Demand Planning:Planning Parameters",
      "DisplayName": "Demand Planning:Planning Parameters",
      "DisplayPosition": 6,
      "Icon": null,
      "Color": null,
      "Image": null
    },
    {
      "Value": "Distribution:Transportation",
      "DisplayName": "Distribution:Transportation",
      "DisplayPosition": 7,
      "Icon": null,
      "Color": null,
      "Image": null
    },
    {
      "Value": "Quality:Lab Release Late",
      "DisplayName": "Quality:Lab Release Late",
      "DisplayPosition": 8,
      "Icon": null,
      "Color": null,
      "Image": null
    },
    {
      "Value": "Manufacturing:Capacity Constraints",
      "DisplayName": "Manufacturing:Capacity Constraints",
      "DisplayPosition": 10,
      "Icon": null,
      "Color": null,
      "Image": null
    },
    {
      "Value": "Manufacturing:Equipment Malfunction",
      "DisplayName": "Manufacturing:Equipment Malfunction",
      "DisplayPosition": 11,
      "Icon": null,
      "Color": null,
      "Image": null
    },
    {
      "Value": "Quality:Off Spec",
      "DisplayName": "Quality:Off Spec",
      "DisplayPosition": 13,
      "Icon": null,
      "Color": null,
      "Image": null
    },
    {
      "Value": "Manufacturing:Shut Down",
      "DisplayName": "Manufacturing:Shut Down",
      "DisplayPosition": 14,
      "Icon": null,
      "Color": null,
      "Image": null
    },
    {
      "Value": "Supply:Supplier Short Order Notice",
      "DisplayName": "Supply:Supplier Short Order Notice",
      "DisplayPosition": 15,
      "Icon": null,
      "Color": null,
      "Image": null
    },
    {
      "Value": "Supply:Quality Issue",
      "DisplayName": "Supply:Quality Issue",
      "DisplayPosition": 16,
      "Icon": null,
      "Color": null,
      "Image": null
    },
    {
      "Value": "Supply:Shipping Delay",
      "DisplayName": "Supply:Shipping Delay",
      "DisplayPosition": 17,
      "Icon": null,
      "Color": null,
      "Image": null
    },
    {
      "Value": "Supply:Intransit Delay",
      "DisplayName": "Supply:Intransit Delay",
      "DisplayPosition": 18,
      "Icon": null,
      "Color": null,
      "Image": null
    },
    {
      "Value": "Supply:Contract Hold Up",
      "DisplayName": "Supply:Contract Hold Up",
      "DisplayPosition": 19,
      "Icon": null,
      "Color": null,
      "Image": null
    },
    {
      "Value": "Supply:Supplier Capacity Down",
      "DisplayName": "Supply:Supplier Capacity Down",
      "DisplayPosition": 20,
      "Icon": null,
      "Color": null,
      "Image": null
    }
  ]
}