{
  "PickListName": "ProductionPlanRecommendationOverrideReasonList",
  "PickListId": "c0f27e02-314c-4f28-a176-8b978dfee6d0",
  "PickListDescription": "Reasons for overriding the recommended production plan",
  "DataType": "string",
  "IsMultiSelectAllowed": false,
  "Values": [
    {
      "Value": "ProPlan Publish New Demand - New Demand",
      "DisplayName": "New Demand",
      "DisplayPosition": 1,
      "Icon": null,
      "Color": null,
      "Image": null
    },
    {
      "Value": "ProPlan Publish Line Change ",
      "DisplayName": "Line Change",
      "DisplayPosition": 3,
      "Icon": null,
      "Color": null,
      "Image": null
    },
    {
      "Value": "ProPlan Publish Machine Maintenance - Machine Maintenance",
      "DisplayName": "Machine Maintenance",
      "DisplayPosition": 2,
      "Icon": null,
      "Color": null,
      "Image": null
    }
  ]
}