{
  "PickListName": "Purchase Requirements Generation Type",
  "PickListId": "9afe91ea-adec-4185-91eb-6c94c59e88c7",
  "PickListDescription": "Purchase Requirements Generation Type",
  "DataType": "number",
  "IsMultiSelectAllowed": false,
  "Values": [
    {
      "Value": "1",
      "DisplayName": "Discrete POs At Release Window",
      "DisplayPosition": 1,
      "Icon": null,
      "Color": null,
      "Image": null
    },
    {
      "Value": "0",
      "DisplayName": "Discrete POs At Release Window and Within Release Fence",
      "DisplayPosition": 0,
      "Icon": null,
      "Color": null,
      "Image": null
    },
    {
      "Value": "2",
      "DisplayName": "Consolidated POs At Release Window",
      "DisplayPosition": 2,
      "Icon": null,
      "Color": null,
      "Image": null
    }
  ]
}