{
  "PickListName": "Requirements Plan Strategy",
  "PickListId": "8a506835-340c-4284-a2b9-cb3e2621fecd",
  "PickListDescription": "Requirements Plan Strategy",
  "DataType": "boolean",
  "IsMultiSelectAllowed": false,
  "Values": [
    {
      "Value": "true",
      "DisplayName": "Starts",
      "DisplayPosition": 0,
      "Icon": null,
      "Color": null,
      "Image": null
    },
    {
      "Value": "false",
      "DisplayName": "Outs",
      "DisplayPosition": 1,
      "Icon": null,
      "Color": null,
      "Image": null
    }
  ]
}