{
  "PickListName": "ShipmentPlanRecommendationOverrideReasonList",
  "PickListId": "0492ff61-74db-f335-dd4a-3f489752c56e",
  "PickListDescription": "Reasons for overriding the recommended shipment plan",
  "DataType": "string",
  "IsMultiSelectAllowed": false,
  "Values": [
    {
      "Value": "ShipPlan Publish Demand Change - Demand Change",
      "DisplayName": "Demand Change",
      "DisplayPosition": 1,
      "Icon": null,
      "Color": null,
      "Image": null
    },
    {
      "Value": "ShipPlan Publish Machine Maintenance - Machine Maintenance",
      "DisplayName": "Machine Maintenance",
      "DisplayPosition": 2,
      "Icon": null,
      "Color": null,
      "Image": null
    },
    {
      "Value": "ShipPlan Publish Expedite - Expedite",
      "DisplayName": "Expedite",
      "DisplayPosition": 3,
      "Icon": null,
      "Color": null,
      "Image": null
    }
  ]
}