{
  "PickListName": "SolverInventoryPlanPolicyList",
  "PickListId": "1840fb9f-f6f3-43ae-90d6-ca05dff017c9",
  "PickListDescription": "Solver Flag Inventory Plan Policy",
  "DataType": "string",
  "IsMultiSelectAllowed": false,
  "Values": [
    {
      "Value": "TARGET_LEVEL",
      "DisplayName": "Target Level Based",
      "DisplayPosition": 1,
      "Icon": null,
      "Color": null,
      "Image": null
    },
    {
      "Value": "MIN_MAX",
      "DisplayName": "Min Max Based",
      "DisplayPosition": 2,
      "Icon": null,
      "Color": null,
      "Image": null
    }
  ]
}