{
  "PickListName": "W Production Plan Handoff Flag",
  "PickListId": "a70b9089-79a0-7f84-8309-cc03edd3ab9b",
  "PickListDescription": "W Production Plan Handoff Flag",
  "DataType": "number",
  "IsMultiSelectAllowed": false,
  "Values": [
    {
      "Value": "7",
      "DisplayName": "Saturday",
      "DisplayPosition": 7,
      "Icon": null,
      "Color": null,
      "Image": null
    },
    {
      "Value": "4",
      "DisplayName": "Wednesday",
      "DisplayPosition": 4,
      "Icon": null,
      "Color": null,
      "Image": null
    },
    {
      "Value": "1",
      "DisplayName": "Sunday",
      "DisplayPosition": 1,
      "Icon": null,
      "Color": null,
      "Image": null
    },
    {
      "Value": "2",
      "DisplayName": "Monday",
      "DisplayPosition": 2,
      "Icon": null,
      "Color": null,
      "Image": null
    }
  ]
}