{
  "MeasureName": "Activity1 Delete Flag Override",
  "MeasureId": "58e909f8-0a35-823a-cc7d-9c7116f0c090",
  "MeasureDescription": "Activity1 Delete Flag Override",
  "DataType": "number",
  "MeasureType": "Regular",
  "AggregateFunction": "Sum",
  "FormatString": "#,##0;(#,##0)",
  "MeasureColumnName": "Activity1DeleteFlagOverride",
  "MeasureFormula": "",
  "IsEditable": true,
  "ApplyConversion": false,
  "ConversionFormula": "",
  "PickListName": null,
  "BgColorFormula": "",
  "FgColorFormula": "",
  "TrendFormula": "",
  "FormattingViewModel": "[]",
  "ParentMeasureName": null,
  "AssociationMeasure": false,
  "IsComputedByPlanningService": false,
  "ToolTip": "Activity1 Delete Flag Override",
  "ConfigJson": {},
  "ApiName": null,
  "ApiDisabled": false,
  "IsReportingMeasure": false,
  "MeasureConditionalFormulaProperties": [],
  "PicklistSource": null
}