{
  "AttributeName": "o9EKG Target Filter Info",
  "AttributeId": "47ba488d-d69d-353b-a4a2-301479bdca8b",
  "AttributeHierarchyEnabled": true,
  "IsKey": true,
  "Description": "Target Navigation View Filter",
  "OrderBy": "Name",
  "KeyColumnName": "o9EKGTargetFilterInfoKey",
  "NameColumnName": "o9EKGTargetFilterInfoName",
  "KeyColumnDataType": "integer",
  "SeedTags": false,
  "KeyGenerationType": "Auto",
  "PickListName": null,
  "ConfigJson": {
    "ShowFilterAs": "TileView",
    "MemberDisplayNameEditable": true,
    "IsMultipleImage": false,
    "MemberDisplayColor": false
  },
  "FormatString": null,
  "Translation": null,
  "Aliases": [],
  "ApiName": null,
  "ApiDisabled": false,
  "ToolTip": "Target Navigation View Filter",
  "FgColorFormula": "",
  "BgColorFormula": "",
  "IsReservedBySystem": false
}