{
  "Name": "SupplyPlan104BulkScenarioMerge",
  "Description": null,
  "ActionButtonId": "01117f59-c3b0-4498-85dc-1eaf882fe617",
  "Tooltip": "Bulk Scenario Merge",
  "ActionButtonType": "Rule",
  "Alignment": "right",
  "IsPopOver": true,
  "IsGlobal": false,
  "ActionClickHandler": null,
  "Icon": null,
  "Image": null,
  "ConfigJson": {
    "icon": "copy",
    "Position": "0",
    "SubmitButton": {
      "Label": "Submit"
    },
    "ResetButton": {
      "Label": "Reset"
    },
    "CloseButton": {
      "Label": "Close",
      "ConfirmMessage": "Unsaved changes will be lost. Continue?"
    },
    "NotifyAll": false,
    "IBPLRules": [
      {
        "template": "//Weekly merge WIP Plan overrides to base input overrides\n\n{{#if Transactional}}\n\n//Purchase Orders\nblock scope:(&InputSupplierLocation * &AllTransModes * &AllItems * &AllLocations * &PurchaseOrders * Version.[Version Name].[{{Target}}]);\n\tMeasure.[W PO Open Quantity Override] = if(Measure.[W PO Open Quantity Override Inc]@(Version.[Version Name].[{{Source}}]) >= 0) then Measure.[W PO Open Quantity Override Inc]@(Version.[Version Name].[{{Source}}]) else Measure.[W PO Open Quantity Override]@(Version.[Version Name].[{{Target}}]);\n\tMeasure.[W PO Delivery Date Override] = if(~Isnull(Measure.[W PO Delivery Date Override Inc]@(Version.[Version Name].[{{Source}}]))) then Measure.[W PO Delivery Date Override Inc]@(Version.[Version Name].[{{Source}}]) else Measure.[W PO Delivery Date Override]@(Version.[Version Name].[{{Target}}]);\nend scope;\n\n//Production Orders\nblock scope:(&AllBOMs * &AllRoutings * &AllManufacturedItems * &AllPlantLocations * &ProductionOrders * Version.[Version Name].[{{Target}}]);\n\tMeasure.[W MFG WIP Quantity Override] = if(Measure.[W MFG WIP Quantity Override Inc]@(Version.[Version Name].[{{Source}}]) >= 0) then Measure.[W MFG WIP Quantity Override Inc]@(Version.[Version Name].[{{Source}}]) else Measure.[W MFG WIP Quantity Override]@(Version.[Version Name].[{{Target}}]);\n\tMeasure.[W MFG WIP Finish Date Override] = if(~Isnull(Measure.[W MFG WIP Finish Date Override Inc]@(Version.[Version Name].[{{Source}}]))) then Measure.[W MFG WIP Finish Date Override Inc]@(Version.[Version Name].[{{Source}}]) else Measure.[W MFG WIP Finish Date Override]@(Version.[Version Name].[{{Target}}]);\nend scope;\n\n//Stock Transfer Orders\nblock scope:(&AllItems * &AllLocations*&AllBODLanes * &AllTransModes* &StockTransferOrders * Version.[Version Name].[{{Target}}]);\n\tMeasure.[W STO Quantity Override] = if(Measure.[W STO Quantity Override Inc]@(Version.[Version Name].[{{Source}}]) >= 0) then Measure.[W STO Quantity Override Inc]@(Version.[Version Name].[{{Source}}]) else Measure.[W STO Quantity Override]@(Version.[Version Name].[{{Target}}]);\n\tMeasure.[W STO Delivery Date Override] = if(~Isnull(Measure.[W STO Delivery Date Override Inc]@(Version.[Version Name].[{{Source}}]))) then Measure.[W STO Delivery Date Override Inc]@(Version.[Version Name].[{{Source}}]) else Measure.[W STO Delivery Date Override]@(Version.[Version Name].[{{Target}}]);\n\tend scope;\n\n\n{{/if}}\n\nSelect 1;"
      }
    ],
    "JavascriptRules": [
      {
        "modulename": "o9.SupplyPlan006.BulkScenarioMerge",
        "functionname": "BulkScenarioMerge"
      }
    ],
    "FieldBindings": [
      {
        "fieldName": "Target",
        "title": "Target Scenario",
        "Description": "Target Scenario",
        "type": "picklistDropdown",
        "selectionType": "single",
        "clearSearch": false,
        "select": "ALL",
        "source": "members",
        "DimensionName": "Version",
        "LevelAttributeName": "Version Name",
        "visible": true,
        "isEditable": true,
        "validation": {
          "maxLength": "0",
          "required": true
        },
        "FilterExpression": "&CWV"
      },
      {
        "fieldName": "Source",
        "title": "Source Scenario",
        "Description": "Source Scenario",
        "type": "picklistDropdown",
        "selectionType": "single",
        "clearSearch": true,
        "select": "NONE",
        "source": "members",
        "DimensionName": "Version",
        "LevelAttributeName": "Version Name",
        "visible": true,
        "isEditable": true,
        "validation": {
          "maxLength": "0",
          "required": true
        },
        "FilterExpression": "&Scenarios"
      },
      {
        "fieldName": "Demand",
        "title": "Include",
        "Description": "Demand Parameters",
        "type": "boolean",
        "fieldGroup": "1. Demand Parameters",
        "clearSearch": true,
        "source": "literal",
        "defaultValue": false,
        "visible": true,
        "isEditable": true,
        "validation": {
          "maxLength": "0",
          "required": true
        }
      },
      {
        "fieldName": "NetworkMFG",
        "title": "MFG Network",
        "Description": "MFG Network Parameters",
        "type": "boolean",
        "fieldGroup": "2. Network Parameters",
        "clearSearch": true,
        "source": "literal",
        "defaultValue": false,
        "visible": true,
        "isEditable": true,
        "validation": {
          "maxLength": "0",
          "required": true
        }
      },
      {
        "fieldName": "NetworkDIST",
        "title": "DIST Network",
        "Description": "DIST Network Parameters",
        "type": "boolean",
        "fieldGroup": "2. Network Parameters",
        "clearSearch": true,
        "source": "literal",
        "defaultValue": false,
        "visible": true,
        "isEditable": true,
        "validation": {
          "maxLength": "0",
          "required": true
        }
      },
      {
        "fieldName": "NetworkPROC",
        "title": "PROC Network",
        "Description": "PROC Network Parameters",
        "type": "boolean",
        "fieldGroup": "2. Network Parameters",
        "clearSearch": true,
        "source": "literal",
        "defaultValue": false,
        "visible": true,
        "isEditable": true,
        "validation": {
          "maxLength": "0",
          "required": true
        }
      },
      {
        "fieldName": "Transactional",
        "title": "Include",
        "Description": "Transactional Parameters",
        "type": "boolean",
        "fieldGroup": "3. Transactional Parameters",
        "clearSearch": true,
        "source": "literal",
        "defaultValue": false,
        "visible": true,
        "isEditable": true,
        "validation": {
          "maxLength": "0",
          "required": true
        }
      },
      {
        "fieldName": "CapacityMFG",
        "title": "MFG Capacity",
        "Description": "MFG Capacity Parameters",
        "type": "boolean",
        "fieldGroup": "4. Capacity Parameters",
        "clearSearch": true,
        "source": "literal",
        "defaultValue": false,
        "visible": true,
        "isEditable": true,
        "validation": {
          "maxLength": "0",
          "required": true
        }
      },
      {
        "fieldName": "CapacityDIST",
        "title": "DIST Capacity",
        "Description": "DIST Capacity Parameters",
        "type": "boolean",
        "fieldGroup": "4. Capacity Parameters",
        "clearSearch": true,
        "source": "literal",
        "defaultValue": false,
        "visible": true,
        "isEditable": true,
        "validation": {
          "maxLength": "0",
          "required": true
        }
      },
      {
        "fieldName": "CapacityPROC",
        "title": "PROC Capacity",
        "Description": "PROC Capacity Parameters",
        "type": "boolean",
        "fieldGroup": "4. Capacity Parameters",
        "clearSearch": true,
        "source": "literal",
        "defaultValue": false,
        "visible": true,
        "isEditable": true,
        "validation": {
          "maxLength": "0",
          "required": true
        }
      }
    ],
    "DataSources": [],
    "AutoExecute": false,
    "isAsync": true,
    "hasMembersUpdates": false,
    "Compact": true,
    "TwoColumn": false,
    "IsGlobalForExcelAddIn": false,
    "ExcludeFromNavLink": false,
    "FilterFieldBindings": []
  },
  "Widget": null
}