{
  "AttributeName": "Is Incremental",
  "AttributeId": "70dce861-df4c-b8ba-3198-3d64bf524f51",
  "AttributeHierarchyEnabled": false,
  "IsKey": false,
  "Description": "Is Incremental",
  "OrderBy": "Key",
  "KeyColumnName": "IsIncrementalKey",
  "NameColumnName": null,
  "KeyColumnDataType": "string",
  "SeedTags": false,
  "KeyGenerationType": null,
  "PickListName": null,
  "ConfigJson": {
    "IsVisible": true,
    "IsEditable": true
  },
  "FormatString": "",
  "Translation": null,
  "Aliases": [],
  "ApiName": null,
  "ApiDisabled": false
}