{
  "AttributeName": "Data Stream",
  "AttributeId": "7be8393a-ee83-466e-a333-6bea4e4f5729",
  "AttributeHierarchyEnabled": true,
  "IsKey": true,
  "Description": "Data Stream",
  "OrderBy": "Name",
  "KeyColumnName": "DataStreamKey",
  "NameColumnName": "DataStreamName",
  "KeyColumnDataType": "integer",
  "SeedTags": true,
  "KeyGenerationType": "Auto",
  "PickListName": null,
  "ConfigJson": {
    "ShowFilterAs": "TileView"
  },
  "FormatString": null,
  "Translation": null,
  "Aliases": [],
  "ApiName": null,
  "ApiDisabled": false
}