{
  "MeasureName": "Aggregated Netting Item Upward Levels Order MP Snapshot",
  "MeasureId": "1fa4f187-bc07-0a6a-9dd0-9154e02dabaa",
  "MeasureDescription": "Aggregated Netting Item Upward Levels Order MP Snapshot",
  "DataType": "number",
  "MeasureType": "Regular",
  "AggregateFunction": "Min",
  "FormatString": "#",
  "MeasureColumnName": "AggregatedNettingItemUpwardLevelsOrderMPSnapshot",
  "MeasureFormula": "",
  "IsEditable": false,
  "ApplyConversion": false,
  "ConversionFormula": "",
  "PickListName": null,
  "BgColorFormula": "",
  "FgColorFormula": "",
  "TrendFormula": "",
  "FormattingViewModel": "[]",
  "ParentMeasureName": null,
  "AssociationMeasure": false,
  "IsComputedByPlanningService": false,
  "ToolTip": "Aggregated Netting Item Upward Levels Order MP Snapshot",
  "ConfigJson": {},
  "ApiName": null,
  "ApiDisabled": false,
  "IsReportingMeasure": false,
  "MeasureConditionalFormulaProperties": [],
  "PicklistSource": null
}