{
  "Name": "o9EKGAddPipelineGroup",
  "Description": "Add Folder Group",
  "ActionButtonId": "e6fc6273-6c7a-9bd0-11cb-12f3c9d498af",
  "Tooltip": "Add Folder Group",
  "ActionButtonType": "Widget",
  "Alignment": "right",
  "IsPopOver": true,
  "IsGlobal": true,
  "ActionClickHandler": null,
  "Icon": null,
  "Image": null,
  "ConfigJson": {
    "icon": "plus-circle",
    "SubmitButton": {
      "Label": "Submit"
    },
    "ResetButton": {
      "Label": "Reset"
    },
    "CloseButton": {
      "Label": "Close",
      "ConfirmMessage": "Unsaved changes will be lost. Continue?"
    },
    "NotifyAll": false,
    "IBPLRules": [
      {
        "template": "// Add Value in Picklist 'Pipeline Group' //\n\nddl {\n  \"Action\": \"Create\",\n  \"ModelType\": \"PicklistValue\",\n  \"Payload\": {\n    \"PicklistName\": \"o9EKG Pipeline Groups\",\n    \"DisplayName\": \"{{folderPrefix}}{{PipelineGroup}}\",\n    \"Value\": \"{{folderPrefix}}{{PipelineGroup}}\",\n    \"DisplayPosition\": 50,\n    \"Icon\": null,\n    \"Color\": null,\n    \"Image\": null,\n    \"ModuleId\": \"b7824156-8448-4b9b-8b7e-6397b69f9391\"\n  }\n}; "
      }
    ],
    "JavascriptRules": [],
    "FieldBindings": [
      {
        "fieldName": "folderPrefix",
        "title": "Pipeline Folder Prefix",
        "Description": "Pipeline Folder Prefix",
        "type": "string",
        "clearSearch": true,
        "source": "literal",
        "defaultValue": "EKG_",
        "visible": true,
        "isEditable": false,
        "validation": {
          "maxLength": "0",
          "required": true
        }
      },
      {
        "fieldName": "PipelineGroup",
        "title": "Pipeline Folder",
        "Description": "Pipeline Folder",
        "type": "string",
        "clearSearch": true,
        "source": "literal",
        "visible": true,
        "isEditable": true,
        "validation": {
          "maxLength": "0",
          "required": true
        }
      }
    ],
    "Range": [],
    "DataSources": [],
    "AutoExecute": false,
    "isAsync": false,
    "hasMembersUpdates": true,
    "Compact": true,
    "TwoColumn": false,
    "IsGlobalForExcelAddIn": false,
    "enableTransaction": false,
    "ReturnFilterByUpdate": false,
    "ExcludeFromNavLink": false,
    "FilterFieldBindings": []
  },
  "Widget": null,
  "Roles": [
    "EKG_Intg_Arch"
  ]
}