{
  "MeasureName": "TD ASP AP",
  "MeasureId": "c5b1aafb-c3cd-44a5-9431-9bd81ca1e3c8",
  "MeasureDescription": "TD Avg Selling Price Approved",
  "DataType": "number",
  "MeasureType": "Currency",
  "AggregateFunction": "Computed",
  "FormatString": "($0,000.00a)",
  "MeasureColumnName": "TDASPAP",
  "MeasureFormula": "Safedivide(Measure.[TD Ttl Sls Rtl AP], Measure.[TD Ttl Sls Unt AP])",
  "IsEditable": false,
  "ApplyConversion": true,
  "ConversionFormula": "Exchange Rate Monthly",
  "PickListName": null,
  "BgColorFormula": "",
  "FgColorFormula": "",
  "TrendFormula": "",
  "FormattingViewModel": null,
  "ParentMeasureName": null,
  "AssociationMeasure": false,
  "IsComputedByPlanningService": false,
  "ToolTip": "TD Avg Selling Price Approved",
  "ConfigJson": {},
  "ApiName": null,
  "ApiDisabled": false,
  "IsReportingMeasure": false,
  "MeasureConditionalFormulaProperties": [],
  "PicklistSource": null
}