{
  "Name": "Ranging Store Summary",
  "WidgetDefinitionName": "Ranging Store Summary",
  "IsPrimary": false,
  "ConfigJson": {
    "ContainerId": "aa373925-8828-44d0-856f-209a0390fef7",
    "CompositeContainerId": null,
    "Position": 0,
    "ShowInfoContext": {
      "ActionColumn": true,
      "RowInfo": true,
      "MemberInfo": true
    },
    "ShowHeader": {
      "Icon": "",
      "Color": null
    },
    "FilterPromotions": [],
    "FilterScopes": [
      {
        "LevelAttribute": {
          "Dimension": "Selling Season"
        },
        "Scope": "Widget",
        "Type": "UIPref",
        "Widget": "42966120-5ef4-3371-c957-6a5abde32e79"
      },
      {
        "LevelAttribute": {
          "Dimension": "Item"
        },
        "Scope": "Widget",
        "Type": "UIPref",
        "Widget": "42966120-5ef4-3371-c957-6a5abde32e79"
      },
      {
        "LevelAttribute": {
          "Dimension": "Sales Domain"
        },
        "Scope": "Widget",
        "Type": "UIPref",
        "Widget": "42966120-5ef4-3371-c957-6a5abde32e79"
      },
      {
        "LevelAttribute": {
          "Dimension": "Location"
        },
        "Scope": "Widget",
        "Type": "UIPref",
        "Widget": "42966120-5ef4-3371-c957-6a5abde32e79"
      }
    ]
  },
  "ViewWidgetDefinitionId": "909241c3-18f8-b2c0-23c5-9d41e6d3aa8c",
  "Title": "Store Summary"
}