{
  "MeasureGroupName": "164 System Stat Parameter Association",
  "MeasureGroupId": "c8bf33f0-a812-48f2-929c-a9d60653050b",
  "ParentMeasureGroupName": null,
  "HasShadow": false,
  "MeasureGroupDescription": "Parameters for various algorithms at Stat Level x Channel Group",
  "MeasureGroupType": "Regular",
  "FactTableName": "Fact164SystemStatParameterAssociation",
  "SchemaMajorVersion": 0,
  "ConfigJson": {},
  "ApiName": null,
  "Repartition": false,
  "Unpartition": false,
  "ApiEnabled": false,
  "DimensionUsages": [
    {
      "DimensionName": "Version",
      "AttributeName": "Version Name",
      "SortOrder": 0,
      "DimensionType": "Regular"
    },
    {
      "DimensionName": "Forecast Iteration",
      "AttributeName": "Forecast Iteration",
      "SortOrder": 1,
      "DimensionType": "Regular"
    },
    {
      "DimensionName": "Stat Algorithm",
      "AttributeName": "Stat Algorithm",
      "SortOrder": 2,
      "DimensionType": "Regular"
    },
    {
      "DimensionName": "Stat Parameter",
      "AttributeName": "Stat Parameter",
      "SortOrder": 3,
      "DimensionType": "Regular"
    },
    {
      "DimensionName": "Item",
      "AttributeName": "Stat Item",
      "SortOrder": 4,
      "DimensionType": "Regular"
    },
    {
      "DimensionName": "Account",
      "AttributeName": "Stat Account",
      "SortOrder": 5,
      "DimensionType": "Regular"
    },
    {
      "DimensionName": "Channel",
      "AttributeName": "Stat Channel",
      "SortOrder": 6,
      "DimensionType": "Regular"
    },
    {
      "DimensionName": "Region",
      "AttributeName": "Stat Region",
      "SortOrder": 7,
      "DimensionType": "Regular"
    },
    {
      "DimensionName": "PnL",
      "AttributeName": "Stat PnL",
      "SortOrder": 8,
      "DimensionType": "Regular"
    },
    {
      "DimensionName": "Location",
      "AttributeName": "Stat Location",
      "SortOrder": 9,
      "DimensionType": "Regular"
    },
    {
      "DimensionName": "Demand Domain",
      "AttributeName": "Stat Demand Domain",
      "SortOrder": 10,
      "DimensionType": "Regular"
    }
  ]
}