{
  "Name": "DP008ResetScope",
  "Description": "To null out scope and stat actual",
  "ActionButtonId": "99ae8428-f51e-8754-6616-170e4ef3b903",
  "Tooltip": "Reset scope for iteration type",
  "ActionButtonType": "Rule",
  "Alignment": "right",
  "IsPopOver": true,
  "IsGlobal": false,
  "ActionClickHandler": null,
  "Icon": null,
  "Image": null,
  "ConfigJson": {
    "DisplayName": "Iteration Type",
    "icon": "rotate-left",
    "Position": "0",
    "SubmitButton": {
      "Label": "Submit",
      "ProgressMessage": "Executing...",
      "SuccessMessage": "Successfully Executed.",
      "ErrorMessage": "Error in Execution.",
      "ConfirmMessage": "Are you sure you want to reset the scope? Keep in mind that resetting the scope will result in losing the Stat workflow results for all Forecast Iterations linked to the chosen Iteration Type"
    },
    "ResetButton": {
      "Label": "Reset"
    },
    "CloseButton": {
      "Label": "Close",
      "ConfirmMessage": "Unsaved changes will be lost. Continue?"
    },
    "NotifyRoles": true,
    "NotifyAll": false,
    "IBPLRules": [
      {
        "template": "\nScope: ([Channel].[Stat Channel] * [Forecast Iteration].[Forecast Iteration Type]{{#filter ForecastIterationType}}.relatedmembers([Forecast Iteration]) * [Demand Domain].[Stat Demand Domain] *  &CWVAndScenarios{{#filter VersionName}} * [Region].[Stat Region] * [Account].[Stat Account] * [PnL].[Stat PnL] * [Location].[Stat Location] * [Time].[Partial Week] * [Item].[Stat Item] );\nMeasure.[Stat Actual] = null;\nend scope;\n\nscope: ( &CWVAndScenarios{{#filter VersionName}} * [Forecast Iteration].[Forecast Iteration Type]{{#filter ForecastIterationType}}.relatedmembers([Forecast Iteration]) * [Region].[Stat Region] * [Location].[Stat Location] * [Channel].[Stat Channel] * [PnL].[Stat PnL] * [Item].[Stat Item] * [Demand Domain].[Stat Demand Domain] * [Time].[Partial Week] * [Account].[Stat Account] );\nMeasure.[Count of Stat Intersections] = null;\nend scope;\n\n{{#each ForecastIteration}}\nscope : ([Channel].[Planning Channel] * [Forecast Iteration].[Forecast Iteration Type]{{#filter ForecastIterationType}} * [Demand Domain].[Planning Demand Domain] *  &CWVAndScenarios{{#filter VersionName}} * [Region].[Planning Region] * [Account].[Planning Account] * [PnL].[Planning PnL] * [Location].[Location] * [Item].[Planning Item] );\nMeasure.[Forecast Iteration Selection] = if (Measure.[Forecast Iteration Selection] == \"{{this}}\") then null else (Measure.[Forecast Iteration Selection]);\nend scope;\n\n\nexec procedure o9DP0054DeleteStatMG {\"VersionName\" : [\"{{VersionName}}\"], \"ForecastIteration\" : [\"{{this}}\"]};\n\n\nScope: ( &CWVAndScenarios{{#filter VersionName}} * [Region].[Planning Region] * [Item].[Planning Item] * [PnL].[Planning PnL] * [Location].[Location] * [Demand Domain].[Planning Demand Domain] * [Account].[Planning Account] * [Channel].[Planning Channel] * [Forecast Iteration].[Forecast Iteration Type]{{#filter ForecastIterationType}} );\nMeasure.[Stat Actual L0] = if (Measure.[Forecast Iteration Selection] == \"{{this}}\") then null else Measure.[Stat Actual L0];\nend scope;\n\n\n{{/each}}\n\nscope: ([Forecast Iteration].[Forecast Iteration Type]{{#filter ForecastIterationType}}.relatedmembers([Forecast Iteration]) *  &CWVAndScenarios{{#filter VersionName}});\nMeasure.[Is Scope Selected] = null;\nend scope;\n\n\n\n\n\n\n"
      }
    ],
    "JavascriptRules": [],
    "FieldBindings": [
      {
        "fieldName": "Information",
        "title": "Information",
        "type": "info",
        "clearSearch": true,
        "source": "literal",
        "defaultValue": "Please click on \"Submit\" to Reset the scope for the Forecast Iteration Type",
        "visible": true,
        "isEditable": false,
        "validation": {
          "maxLength": "0",
          "required": true
        }
      },
      {
        "fieldName": "VersionName",
        "title": "Version Name",
        "Description": "Version Name",
        "type": "picklist",
        "clearSearch": true,
        "source": "filter",
        "DimensionName": "Version",
        "LevelAttributeName": "Version Name",
        "visible": true,
        "isEditable": true,
        "validation": {
          "maxLength": "0",
          "required": true
        },
        "selectionType": "single"
      },
      {
        "fieldName": "ForecastIterationType",
        "title": "Forecast Iteration Type",
        "Description": "Forecast Iteration Type",
        "type": "picklist",
        "selectionType": "single",
        "clearSearch": true,
        "source": "parentAttribute",
        "DimensionName": "Forecast Iteration",
        "key": {
          "LevelAttribute": {
            "Name": "Forecast Iteration Type",
            "Property": "Name"
          }
        },
        "visible": true,
        "isEditable": false,
        "validation": {
          "maxLength": "0",
          "required": true
        }
      },
      {
        "fieldName": "ForecastIteration",
        "title": "Forecast Iteration",
        "Description": "Forecast Iteration",
        "type": "picklist",
        "selectionType": "multiple",
        "clearSearch": true,
        "source": "datasource",
        "key": "DSForecastIteration",
        "valueField": "Forecast Iteration",
        "textField": "Forecast Iteration",
        "overrideFieldBindingType": false,
        "visible": true,
        "isEditable": false,
        "cascadeFrom": "VersionName",
        "validation": {
          "maxLength": "0",
          "required": true
        },
        "select": "ALL"
      }
    ],
    "Range": [],
    "DataSources": [
      {
        "Name": "DSForecastIteration",
        "IBPLRules": [
          {
            "template": "Select ([Forecast Iteration].[Forecast Iteration Type]{{#filter ForecastIterationType}}.relatedmembers([Forecast Iteration]) * [Version].[Version Name]{{#filter VersionName}} *{Measure.[Is Iteration Scope Level Created]}) where {Measure.[Is Iteration Scope Level Created]==1};"
          }
        ],
        "JavascriptRules": [],
        "IncludeDSFieldsOnly": false,
        "FieldBindings": []
      }
    ],
    "AutoExecute": false,
    "isAsync": true,
    "hasMembersUpdates": false,
    "Compact": false,
    "TwoColumn": false,
    "IsGlobalForExcelAddIn": false,
    "ExcludeFromNavLink": false,
    "FilterFieldBindings": [],
    "enableTransaction": false
  },
  "Widget": null,
  "Roles": []
}