{
  "MeasureName": "WOC Calculated",
  "MeasureId": "b1c70a8d-d4fc-0d06-7adb-c4ff79ad025a",
  "MeasureDescription": "Units sold over a week",
  "DataType": "number",
  "MeasureType": "Regular",
  "AggregateFunction": "AvgNonNull",
  "FormatString": "0.0",
  "MeasureColumnName": "WOCCalculated",
  "MeasureFormula": "",
  "IsEditable": false,
  "ApplyConversion": false,
  "ConversionFormula": "",
  "PickListName": null,
  "BgColorFormula": " IF(abs(Measure.[WOC Calculated]-Measure.[Weeks of Cover Final])>=5) then argb( 1,246, 12, 12) else  IF(abs(Measure.[WOC Calculated]-Measure.[Weeks of Cover Final])>=2&&abs(Measure.[WOC Calculated]-Measure.[Weeks of Cover Final])<5) then argb( 1,239, 163, 163)",
  "FgColorFormula": " IF(abs(Measure.[WOC Calculated]-Measure.[Weeks of Cover Final])>=5) then argb( 1,255, 255, 255) else  IF(abs(Measure.[WOC Calculated]-Measure.[Weeks of Cover Final])>=2&&abs(Measure.[WOC Calculated]-Measure.[Weeks of Cover Final])<5) then argb( 1,255, 255, 255)",
  "TrendFormula": "",
  "FormattingViewModel": "[\r\n  {\r\n    \"BGCOLOR\": \"argb(1,246,12,12)\",\r\n    \"FGCOLOR\": \"argb(1,255,255,255)\",\r\n    \"Condition\": \"abs(Measure.[WOC Calculated]-Measure.[Weeks of Cover Final])>=5\"\r\n  },\r\n  {\r\n    \"BGCOLOR\": \"argb(1,239,163,163)\",\r\n    \"FGCOLOR\": \"argb(1,255,255,255)\",\r\n    \"Condition\": \"abs(Measure.[WOC Calculated]-Measure.[Weeks of Cover Final])>=2&&abs(Measure.[WOC Calculated]-Measure.[Weeks of Cover Final])<5\"\r\n  }\r\n]",
  "ParentMeasureName": null,
  "AssociationMeasure": false,
  "IsComputedByPlanningService": true,
  "ToolTip": "EOH/Ttl Sales Unit Final",
  "ConfigJson": {},
  "ApiName": null,
  "ApiDisabled": false,
  "IsReportingMeasure": false,
  "MeasureConditionalFormulaProperties": [
    {
      "MeasureName": null,
      "ConditionalFormula": "abs(Measure.[WOC Calculated]-Measure.[Weeks of Cover Final])>=5",
      "BGCOLOR": "argb(1,246,12,12)",
      "LegendText": "",
      "DisplayOrder": 0
    },
    {
      "MeasureName": null,
      "ConditionalFormula": "abs(Measure.[WOC Calculated]-Measure.[Weeks of Cover Final])>=2&&abs(Measure.[WOC Calculated]-Measure.[Weeks of Cover Final])<5",
      "BGCOLOR": "argb(1,239,163,163)",
      "LegendText": "",
      "DisplayOrder": 1
    }
  ],
  "PicklistSource": null
}