{
  "AttributeName": "Continent",
  "AttributeId": "8a368fb7-ab5e-43d9-8c8c-498768fcdedb",
  "AttributeHierarchyEnabled": true,
  "IsKey": false,
  "Description": "Continent",
  "OrderBy": "Name",
  "KeyColumnName": "ContinentKey",
  "NameColumnName": "ContinentName",
  "KeyColumnDataType": "integer",
  "SeedTags": true,
  "KeyGenerationType": "Auto",
  "PickListName": null,
  "ConfigJson": {
    "ShowFilterAs": "TileView",
    "MemberDisplayNameEditable": true,
    "IsMultipleImage": false
  },
  "FormatString": null,
  "Translation": null,
  "Aliases": [],
  "ApiName": null,
  "ApiDisabled": false
}