{
  "Name": "SupplyPlan170CreateDefaultBufferForecastNettingInputs",
  "Description": null,
  "ActionButtonId": "d1230f49-8a76-44ec-bd3e-c8cf35d80ddc",
  "Tooltip": "Default Buffer Forecast Inputs",
  "ActionButtonType": "Widget",
  "Alignment": "right",
  "IsPopOver": true,
  "IsGlobal": true,
  "ActionClickHandler": null,
  "Icon": null,
  "Image": null,
  "ConfigJson": {
    "DisplayName": "Default Buffer Forecast Inputs",
    "icon": "copy",
    "SubmitButton": {
      "Label": "Submit"
    },
    "ResetButton": {
      "Label": "Reset"
    },
    "CloseButton": {
      "Label": "Close",
      "ConfirmMessage": "Unsaved changes will be lost. Continue?"
    },
    "NotifyAll": false,
    "IBPLRules": [
      {
        "template": "createmember([DM Rule].[Rule] = {,[Rule_01]});\ncreatemember([DM Rule].[Rule] = {,[Rule_02]});\n\n\n\n\nCartesian scope:([DM Rule].[Rule].[Rule_01] * Version.[Version Name]{{#filter Version}});\nMeasure.[Forecast Stream] = \"Base Forecast Quantity\";\nMeasure.[Forecast Consumption Priority] = 1;\nMeasure.[Default Demand ID] = \"NetBaseForecast\";\nMeasure.[COM Demand Type] = \"COM_FCST\";\nMeasure.[NEW Demand Type] = \"NEW_FCST\";\nMeasure.[Is RTF Netting] = true;\nMeasure.[Is Order Netting] = true;\nend scope;\n\n\nCartesian scope:([DM Rule].[Rule].[Rule_02] * Version.[Version Name]{{#filter Version}});\nMeasure.[Forecast Stream] = \"Buff1 Forecast Quantity\";\nMeasure.[Forecast Consumption Priority] = 2;\nMeasure.[Default Demand ID] = \"NetBufferFcst1\";\nMeasure.[COM Demand Type] = \"COM_BUFF\";\nMeasure.[NEW Demand Type] = \"NEW_BUFF\";\nMeasure.[Is RTF Netting] = true;\nMeasure.[Is Order Netting] = false;\nend scope;\n\n{{#if NeedBuffer2}}\ncreatemember([DM Rule].[Rule] = {,[Rule_03]});\nCREATEMEMBER([Demand Type].[All Demand Type]={,\"All\"},[Demand Type].[Demand Type]={,\"COM_BUFF2\"});\nCREATEMEMBER([Demand Type].[All Demand Type]={,\"All\"},[Demand Type].[Demand Type]={,\"NEW_BUFF2\"});\nCartesian scope:([DM Rule].[Rule].[Rule_03] * Version.[Version Name]{{#filter Version}});\nMeasure.[Forecast Stream] = \"Buff2 Forecast Quantity\";\nMeasure.[Forecast Consumption Priority] = 3;\nMeasure.[Default Demand ID] = \"NetBufferFcst2\";\nMeasure.[COM Demand Type] = \"COM_BUFF2\";\nMeasure.[NEW Demand Type] = \"NEW_BUFF2\";\nMeasure.[Is RTF Netting] = true;\nMeasure.[Is Order Netting] = false;\nend scope;\n{{/if}}"
      }
    ],
    "JavascriptRules": [],
    "FieldBindings": [
      {
        "fieldName": "NeedBuffer2",
        "title": "Need Buffer 2 Forecast as well?",
        "type": "boolean",
        "clearSearch": true,
        "source": "literal",
        "defaultValue": false,
        "visible": true,
        "isEditable": true,
        "validation": {
          "maxLength": "0",
          "required": true
        }
      },
      {
        "fieldName": "Version",
        "title": "Version",
        "Description": "Version",
        "type": "picklistDropdown",
        "selectionType": "single",
        "clearSearch": true,
        "source": "filter",
        "DimensionName": "Version",
        "LevelAttributeName": "Version Name",
        "visible": true,
        "isEditable": true,
        "validation": {
          "maxLength": "0",
          "required": true
        }
      }
    ],
    "DataSources": [],
    "AutoExecute": false,
    "isAsync": false,
    "hasMembersUpdates": true,
    "Compact": true,
    "TwoColumn": false,
    "IsGlobalForExcelAddIn": false,
    "ReturnFilterByUpdate": false,
    "FilterFieldBindings": []
  },
  "Widget": null
}