{
  "Name": "No ROS Exception",
  "WidgetDefinitionName": "No ROS Exception",
  "IsPrimary": true,
  "ConfigJson": {
    "ContainerId": "b35ea22c-ca07-4f98-8847-2f0d418bf1c6",
    "CompositeContainerId": null,
    "Position": 0,
    "ShowInfoContext": {
      "ActionColumn": true,
      "RowInfo": true,
      "MemberInfo": true
    },
    "ShowHeader": {
      "Icon": "",
      "Color": "rgba(198, 60, 60, 1)"
    },
    "Navigations": {
      "ShowMemberSpecific": false,
      "RowNavigationList": {
        "AllowMultiRowSelection": true,
        "Views": [
          {
            "ViewId": "8d52c40f-6802-6d3d-cdf3-09dfb50eb763"
          }
        ],
        "ActionButtons": []
      }
    }
  },
  "ViewWidgetDefinitionId": "b41ce6b7-9683-1061-fedc-730b402d5efd",
  "Title": "No ROS Exception"
}