{
  "MeasureName": "Stat Fcst Product Accuracy L6P",
  "MeasureId": "22024306-ca3f-4d3f-8905-1cc9de445bf6",
  "MeasureDescription": "Stat Product Accuracy Last 6 Periods at Planning Item",
  "DataType": "number",
  "MeasureType": "Regular",
  "AggregateFunction": "AvgNonNull",
  "FormatString": "0%",
  "MeasureColumnName": "StatFcstProductAccuracyL6P",
  "MeasureFormula": "",
  "IsEditable": false,
  "ApplyConversion": false,
  "ConversionFormula": "",
  "PickListName": null,
  "BgColorFormula": "",
  "FgColorFormula": "",
  "TrendFormula": "",
  "FormattingViewModel": "[]",
  "ParentMeasureName": null,
  "AssociationMeasure": false,
  "IsComputedByPlanningService": false,
  "ToolTip": "Stat Product Accuracy Last 6 Periods at Planning Item",
  "ConfigJson": {},
  "ApiName": null,
  "ApiDisabled": false,
  "IsReportingMeasure": false,
  "MeasureConditionalFormulaProperties": [],
  "PicklistSource": null
}