{
  "RuleGroupId": "912ae70a-976a-2be9-b38e-e0d3e4e832be",
  "RuleGroupLabelName": null,
  "ScopeLabelName": null,
  "RuleGroupName": "AP15CalculateRateOfSale",
  "RuleGroupLabelPosition": 1.0,
  "ScopeLabelPosition": 0.0,
  "RuleGroupDescription": "Calculate PAG based Rate Of Sale",
  "IsEnabled": true,
  "RuleGroupContent": {
    "ScopeExpression": null,
    "IsParameterized": true,
    "ParameterJson": {
      "description": "AP15CalculateRateOfSale",
      "type": "object",
      "properties": {
        "Version": {
          "type": "string"
        },
        "Class": {
          "type": "array",
          "items": {
            "type": "string"
          }
        },
        "Country": {
          "type": "array",
          "items": {
            "type": "string"
          }
        },
        "Channel": {
          "type": "array",
          "items": {
            "type": "string"
          }
        },
        "SellingSeason": {
          "type": "array",
          "items": {
            "type": "string"
          }
        },
        "Cluster": {
          "type": "array",
          "items": {
            "type": "string"
          }
        },
        "Markdown": {
          "type": "string"
        },
        "HistoricalPeriod": {
          "type": "array",
          "items": {
            "type": "string"
          }
        },
        "ProductSeason": {
          "type": "array",
          "items": {
            "type": "string"
          }
        },
        "Execution": {
          "type": "boolean"
        },
        "userinputflag": {
          "type": "boolean"
        }
      }
    },
    "IsParallel": false,
    "RuleGroupText": "\r\n{{#if userinputflag}}\r\nscope: (&CWVAndScenarios{{#filter Version}} * &APClasses{{#filter Class}} * &APCountries{{#filter Country}} * &APChannels{{#filter Channel}} * &APSellingSeasons{{#filter SellingSeason}} ) ;\r\nMeasure.[ROS Execution Status] = \"In Progress\";\r\nEnd Scope;\r\n{{#else}}\r\n\r\n//Rule for the Measures present in ROS Input screen\r\n// cartesian scope: (&CWVAndScenarios{{#filter Version}} * &APClasses{{#filter Class}} * &APCountries{{#filter Country}} * &APChannels{{#filter Channel}} * &APSellingSeasons{{#filter SellingSeason}} ) ;\r\n// Measure.[Product Seasons] = \"\";\r\n// Measure.[Historical Period] = \"\";\r\n// End Scope;\r\n\r\nscope: (&CWVAndScenarios{{#filter Version}} * &APClasses{{#filter Class}} * &APCountries{{#filter Country}} * &APChannels{{#filter Channel}} * &APSellingSeasons{{#filter SellingSeason}} ) ;\r\nMeasure.[Product Seasons] = null ;\r\nMeasure.[Historical Period] = null;\r\nEnd Scope;\r\n\r\n{{#each ProductSeason}}\r\ncartesian scope:(&CWVAndScenarios{{#filter Version}} * &APClasses{{#filter Class}} * &APCountries{{#filter Country}} * &APChannels{{#filter Channel}} * &APSellingSeasons{{#filter SellingSeason}} );\r\nMeasure.[Product Seasons] = if((IsNull(Measure.[Product Seasons]))) then (\"{{this}}\") else Measure.[Product Seasons] + \",\" + \"{{this}}\";\r\nend scope;\r\n{{/each}}\r\n\r\n{{#each HistoricalPeriod}}\r\nscope:(&CWVAndScenarios{{#filter Version}} * &APClasses{{#filter Class}} * &APCountries{{#filter Country}} * &APChannels{{#filter Channel}} * &APSellingSeasons{{#filter SellingSeason}} );\r\nMeasure.[Historical Period] = if((IsNull(Measure.[Historical Period]))) then (\"{{this}}\") else Measure.[Historical Period] + \",\" + \"{{this}}\";\r\nend scope;\r\n{{/each}}\r\n\r\nscope: (&CWVAndScenarios{{#filter Version}} * &APClasses{{#filter Class}} * &APCountries{{#filter Country}} * &APChannels{{#filter Channel}} * &APSellingSeasons{{#filter SellingSeason}} ) ;\r\nMeasure.[ROS Execution Status] = \"In Progress\";\r\nEnd Scope;\r\n{{/if}}\r\n// Nulling out to-be calculated measures\r\n\r\nblock scope: (&CWVAndScenarios{{#filter Version}} * &APClasses{{#filter Class}} * &APCountries{{#filter Country}} * &APChannels{{#filter Channel}} * &APSellingSeasons{{#filter SellingSeason}} * &APProductAttributes * &APClusters ) ;\r\nMeasure.[ROS L3 PAG C SS] = Null;\r\nMeasure.[Options Count] = Null;\r\nMeasure.[Store Count PAG C SS] = Null;\r\nMeasure.[Time On Offer] = Null;\r\nMeasure.[Sales % PAG C SS] = Null;\r\nMeasure.[Sales Units Actuals PAG C SS] = Null;\r\nEnd Scope;\r\n\r\nScope: (&CWVAndScenarios{{#filter Version}} * &APClasses{{#filter Class}} * &APCountries{{#filter Country}} * &APChannels{{#filter Channel}} * &APSellingSeasons{{#filter SellingSeason}} * &APProductAttributes);\r\nMeasure.[Sales % PAG SS] = Null;\r\nEnd Scope;\r\n\r\n//Calling the plugin to calculate Rate Of Sale\r\n{{#if Execution}}\r\nexec plugin instance [AP08CalculateROS] for measures {Measure.[Sales Units Actuals PAG]} using scope (&CWVAndScenarios{{#filter Version}} * &APClasses{{#filter Class}} * &APCountries{{#filter Country}} * &APChannels{{#filter Channel}} * &AllPastPlanningMonths{{#filter HistoricalPeriod}}.relatedmembers([Week]) ) using arguments {([Param.o9_sys_log_level], \"INFO\"), (\"IncludeNullRows\", False), (INCLUDE_MARKDOWN, \"{{Markdown}}\"), (ExecutionMode, \"MediumWeight\"), (DataTransferMode,\"csv\")};\r\n{{#else}}\r\nexec plugin instance [AP08CalculateROSDL] for measures {Measure.[Sales Units Actuals PAG]} using scope (&CWVAndScenarios{{#filter Version}} * &APClasses{{#filter Class}} * &APCountries{{#filter Country}} * &APChannels{{#filter Channel}} * &AllPastPlanningMonths{{#filter HistoricalPeriod}}.relatedmembers([Week]) ) using arguments {([Param.o9_sys_log_level], \"INFO\"), (\"IncludeNullRows\", False), (INCLUDE_MARKDOWN, \"{{Markdown}}\"), (DataTransferMode,\"csv\")};\r\n{{/if}}\r\n\r\nscope: (&CWVAndScenarios{{#filter Version}} * &APClasses{{#filter Class}} * &APCountries{{#filter Country}} * &APChannels{{#filter Channel}} * &APSellingSeasons{{#filter SellingSeason}} ) ;\r\nMeasure.[ROS Execution Status] = \"Successful\";\r\nEnd Scope;\r\n",
    "NamedNodeName": null,
    "PluginInstanceName": null,
    "PluginScopes": null,
    "PluginArguments": null,
    "PluginModified": false
  },
  "RuleGroupType": "ParameterizedProcedure",
  "HasErrors": false,
  "ErrorMessage": null,
  "IgnoreErrors": false,
  "Translations": [],
  "DimensionUsages": [],
  "MeasureUsages": [
    {
      "MeasureName": "Historical Period",
      "IsInput": true,
      "IsOutput": true
    },
    {
      "MeasureName": "Options Count",
      "IsInput": false,
      "IsOutput": true
    },
    {
      "MeasureName": "Product Seasons",
      "IsInput": true,
      "IsOutput": true
    },
    {
      "MeasureName": "ROS Execution Status",
      "IsInput": false,
      "IsOutput": true
    },
    {
      "MeasureName": "ROS L3 PAG C SS",
      "IsInput": false,
      "IsOutput": true
    },
    {
      "MeasureName": "Sales % PAG C SS",
      "IsInput": false,
      "IsOutput": true
    },
    {
      "MeasureName": "Sales % PAG SS",
      "IsInput": false,
      "IsOutput": true
    },
    {
      "MeasureName": "Sales Units Actuals PAG",
      "IsInput": false,
      "IsOutput": true
    },
    {
      "MeasureName": "Sales Units Actuals PAG C SS",
      "IsInput": false,
      "IsOutput": true
    },
    {
      "MeasureName": "Store Count PAG C SS",
      "IsInput": false,
      "IsOutput": true
    },
    {
      "MeasureName": "Time On Offer",
      "IsInput": false,
      "IsOutput": true
    }
  ],
  "ActionButtonUsages": [],
  "RelationshipPropertyUsages": []
}