{
  "Name": "Inbound Capacity Setup",
  "WidgetDefinitionName": "DISTUnLoadingResources_Retail",
  "IsPrimary": false,
  "ConfigJson": {
    "ContainerId": "ffb4ac99-1904-40cd-b5cc-da85ae68df6a",
    "CompositeContainerId": null,
    "Position": 1,
    "ShowInfoContext": {
      "MemberInfo": true
    },
    "ShowHeader": {
      "Icon": "",
      "Color": null
    },
    "ActionButtonBindings": [
      {
        "ActionButtonName": "SupplyPlan0200CapacityDaily",
        "HotKey": "",
        "ExcludeHiddenAttributes": false
      },
      {
        "ActionButtonName": "SupplyPlan133EnableUnloadingResource",
        "HotKey": "",
        "ExcludeHiddenAttributes": false
      },
      {
        "ActionButtonName": "SupplyPlan134DisableUnloadingResource",
        "HotKey": "",
        "ExcludeHiddenAttributes": false
      }
    ]
  },
  "ViewWidgetDefinitionId": "5911dfe6-a43a-4d52-2ddf-7108979529b9",
  "Title": null
}