{
  "MeasureName": "LP Sls Rtl per Sqft",
  "MeasureId": "f61f1694-cb87-4b9e-b0e5-e2438a2e326d",
  "MeasureDescription": "LP Sls Rtl per Sqft",
  "DataType": "number",
  "MeasureType": "Currency",
  "AggregateFunction": "Computed",
  "FormatString": "($0,000.00a)",
  "MeasureColumnName": "LPSlsRtlperSqft",
  "MeasureFormula": "safedivide(Measure.[LP Ttl Sls Rtl],Measure.[LP Str Size])",
  "IsEditable": false,
  "ApplyConversion": true,
  "ConversionFormula": "Exchange Rate Monthly",
  "PickListName": null,
  "BgColorFormula": "",
  "FgColorFormula": "",
  "TrendFormula": "",
  "FormattingViewModel": null,
  "ParentMeasureName": null,
  "AssociationMeasure": false,
  "IsComputedByPlanningService": false,
  "ToolTip": "safedivide(LP Ttl Sls Rtl,LP Str Size)",
  "ConfigJson": {},
  "ApiName": null,
  "ApiDisabled": false,
  "IsReportingMeasure": false,
  "MeasureConditionalFormulaProperties": [],
  "PicklistSource": null
}