{
  "MeasureName": "Demand Netting Profiling For Telescopic Week",
  "MeasureId": "b8d19ae9-9d6c-4807-9020-02e06d8876f5",
  "MeasureDescription": "Assortment Basis for profiling telescopic week to week",
  "DataType": "number",
  "MeasureType": "Regular",
  "AggregateFunction": "Min",
  "FormatString": "#,##0; (#,##0)",
  "MeasureColumnName": "DemandNettingProfilingForTelescopicWeek",
  "MeasureFormula": "",
  "IsEditable": false,
  "ApplyConversion": false,
  "ConversionFormula": "",
  "PickListName": null,
  "BgColorFormula": "",
  "FgColorFormula": "",
  "TrendFormula": "",
  "FormattingViewModel": "[]",
  "ParentMeasureName": null,
  "AssociationMeasure": false,
  "IsComputedByPlanningService": false,
  "ToolTip": "Assortment Basis for profiling telescopic week to week",
  "ConfigJson": {},
  "ApiName": null,
  "ApiDisabled": false,
  "IsReportingMeasure": false,
  "MeasureConditionalFormulaProperties": [],
  "PicklistSource": null
}