{
  "AttributeName": "o9EKGService",
  "AttributeId": "b7d4bfaf-cd67-4b3c-27f7-c0954b179871",
  "AttributeHierarchyEnabled": true,
  "IsKey": true,
  "Description": "o9EKGService",
  "OrderBy": "Name",
  "KeyColumnName": "o9EKGServiceKey",
  "NameColumnName": "o9EKGServiceName",
  "KeyColumnDataType": "integer",
  "SeedTags": false,
  "KeyGenerationType": "Auto",
  "PickListName": null,
  "ConfigJson": {
    "ShowFilterAs": "TileView",
    "MemberDisplayNameEditable": true,
    "IsMultipleImage": false,
    "MemberDisplayColor": false
  },
  "FormatString": null,
  "Translation": null,
  "Aliases": [],
  "ApiName": null,
  "ApiDisabled": false,
  "FgColorFormula": "",
  "BgColorFormula": "",
  "IsReservedBySystem": false
}