{
  "MeasureGroupName": "001.006 Allocation Cluster Demand",
  "MeasureGroupId": "a2162741-7caa-972a-61f7-57a24fce22d9",
  "ParentMeasureGroupName": null,
  "HasShadow": false,
  "MeasureGroupDescription": "001.006 Allocation Cluster Demand",
  "MeasureGroupType": "Regular",
  "FactTableName": "001.006AllocationClusterDemand",
  "SchemaMajorVersion": 0,
  "ConfigJson": null,
  "ApiName": null,
  "Repartition": false,
  "Unpartition": false,
  "ApiEnabled": false,
  "DimensionUsages": [
    {
      "DimensionName": "Version",
      "AttributeName": "Version Name",
      "SortOrder": 0,
      "DimensionType": "Regular"
    },
    {
      "DimensionName": "Cluster",
      "AttributeName": "Cluster",
      "SortOrder": 2,
      "DimensionType": null
    },
    {
      "DimensionName": "Location",
      "AttributeName": "Location",
      "SortOrder": 3,
      "DimensionType": null
    },
    {
      "DimensionName": "Item",
      "AttributeName": "Item",
      "SortOrder": 4,
      "DimensionType": null
    }
  ]
}