{
  "MeasureGroupName": "001.010 Staging Table Structure With SAP",
  "MeasureGroupId": "92bdad9a-e416-44b9-ab77-871bf91feec8",
  "ParentMeasureGroupName": null,
  "HasShadow": false,
  "MeasureGroupDescription": "001.010 Staging Table Structure With SAP",
  "MeasureGroupType": "Regular",
  "FactTableName": "Fact001.010StagingTableStructureWithSAP",
  "SchemaMajorVersion": 0,
  "ConfigJson": {},
  "ApiName": null,
  "Repartition": false,
  "Unpartition": false,
  "ApiEnabled": false,
  "DimensionUsages": [
    {
      "DimensionName": "Version",
      "AttributeName": "Version Name",
      "SortOrder": 0,
      "DimensionType": "Regular"
    },
    {
      "DimensionName": "Staging Table Structure With SAP",
      "AttributeName": "Serial No",
      "SortOrder": 1,
      "DimensionType": "Regular"
    }
  ]
}