{
  "MeasureName": "SP PP Sls % AP",
  "MeasureId": "241de3e3-e07c-4994-aa23-4708c83e1aa7",
  "MeasureDescription": "SP Promo Price Sales Percent Approved",
  "DataType": "number",
  "MeasureType": "Regular",
  "AggregateFunction": "Computed",
  "FormatString": "0.00%",
  "MeasureColumnName": "SPPPSls%AP",
  "MeasureFormula": "safedivide(Measure.[SP PP Sls Rtl AP], Measure.[SP Sls Rtl AP])",
  "IsEditable": false,
  "ApplyConversion": false,
  "ConversionFormula": "",
  "PickListName": null,
  "BgColorFormula": "",
  "FgColorFormula": "",
  "TrendFormula": "",
  "FormattingViewModel": null,
  "ParentMeasureName": null,
  "AssociationMeasure": false,
  "IsComputedByPlanningService": false,
  "ToolTip": "SP Promo Price Sales Percent Approved",
  "ConfigJson": {},
  "ApiName": null,
  "ApiDisabled": false,
  "IsReportingMeasure": false,
  "MeasureConditionalFormulaProperties": [],
  "PicklistSource": null
}