{
  "AttributeName": "Planning Demand Domain",
  "AttributeId": "bb2fe047-1774-801f-3290-cfcf902d6fc1",
  "AttributeHierarchyEnabled": true,
  "IsKey": false,
  "Description": "Planning Demand Domain",
  "OrderBy": "Key",
  "KeyColumnName": "PlanningDemandDomainKey",
  "NameColumnName": "PlanningDemandDomainName",
  "KeyColumnDataType": "integer",
  "SeedTags": true,
  "KeyGenerationType": "Auto",
  "PickListName": null,
  "ConfigJson": {
    "ShowFilterAs": "TileView",
    "MemberDisplayNameEditable": true,
    "IsMultipleImage": false,
    "MemberDisplayColor": false
  },
  "FormatString": null,
  "Translation": null,
  "Aliases": [],
  "ApiName": null,
  "ApiDisabled": false
}