{
  "MeasureGroupName": "018 Line Build Final",
  "MeasureGroupId": "82d62ce5-db3c-f288-0d31-000b1867255f",
  "ParentMeasureGroupName": null,
  "HasShadow": false,
  "MeasureGroupDescription": "018 Line Build Final",
  "MeasureGroupType": "Regular",
  "FactTableName": "Fact018LineBuildFinal",
  "SchemaMajorVersion": 0,
  "ConfigJson": {},
  "ApiName": null,
  "Repartition": false,
  "Unpartition": false,
  "ApiEnabled": false,
  "DimensionUsages": [
    {
      "DimensionName": "Version",
      "AttributeName": "Version Name",
      "SortOrder": 0,
      "DimensionType": "Regular"
    },
    {
      "DimensionName": "NamedNode",
      "AttributeName": "Retail_AP_LP_Product_Location_NN",
      "SortOrder": 1,
      "DimensionType": "NamedNode"
    },
    {
      "DimensionName": "NamedNode",
      "AttributeName": "Retail_AP_FD_Common_NN",
      "SortOrder": 2,
      "DimensionType": "NamedNode"
    }
  ]
}