{
  "MeasureName": "Receipts  SC L",
  "MeasureId": "41943f2b-9f2f-c4c6-81f8-b719a19d06c0",
  "MeasureDescription": "To calculate receipts for assorted options",
  "DataType": "integer",
  "MeasureType": "Regular",
  "AggregateFunction": "Sum",
  "FormatString": "$#,##0; ($#,##0)",
  "MeasureColumnName": "ReceiptsSCL",
  "MeasureFormula": "If (Measure.[Assorted SC L Final]==true) then (Measure.[Buy Quantity SC L]* Measure.[CP SC L])",
  "IsEditable": false,
  "ApplyConversion": false,
  "ConversionFormula": "",
  "PickListName": null,
  "BgColorFormula": "",
  "FgColorFormula": "",
  "TrendFormula": "",
  "FormattingViewModel": "[]",
  "ParentMeasureName": null,
  "AssociationMeasure": false,
  "IsComputedByPlanningService": false,
  "ToolTip": "Receipts  SC L",
  "ConfigJson": {},
  "ApiName": null,
  "ApiDisabled": false,
  "IsReportingMeasure": false,
  "MeasureConditionalFormulaProperties": [],
  "PicklistSource": null
}