{
  "MeasureName": "TY Comp Sls %",
  "MeasureId": "eb54064d-d20a-4cee-a9ae-d5162a161ff1",
  "MeasureDescription": "TY Comp Sales Percentage",
  "DataType": "number",
  "MeasureType": "Regular",
  "AggregateFunction": "Computed",
  "FormatString": "0.00%",
  "MeasureColumnName": "TYCompSls%",
  "MeasureFormula": "Safedivide(Measure.[TY Comp Sls Rtl], Measure.[TY Sls Rtl])",
  "IsEditable": false,
  "ApplyConversion": false,
  "ConversionFormula": "",
  "PickListName": null,
  "BgColorFormula": "",
  "FgColorFormula": "",
  "TrendFormula": "",
  "FormattingViewModel": "[]",
  "ParentMeasureName": null,
  "AssociationMeasure": false,
  "IsComputedByPlanningService": false,
  "ToolTip": "TY Comp Sales Percentage",
  "ConfigJson": {},
  "ApiName": null,
  "ApiDisabled": false,
  "IsReportingMeasure": false,
  "MeasureConditionalFormulaProperties": [],
  "PicklistSource": null
}