{
  "MeasureGroupName": "001.009 Unique Priority Order",
  "MeasureGroupId": "ba2fc428-cbcf-4f5c-94b6-87d53c86fd97",
  "ParentMeasureGroupName": null,
  "HasShadow": false,
  "MeasureGroupDescription": "Unique Priority Order",
  "MeasureGroupType": "Regular",
  "FactTableName": "Fact001.009UniquePriorityOrder",
  "SchemaMajorVersion": 0,
  "ConfigJson": {},
  "ApiName": null,
  "Repartition": false,
  "Unpartition": false,
  "ApiEnabled": false,
  "DimensionUsages": [
    {
      "DimensionName": "Version",
      "AttributeName": "Version Name",
      "SortOrder": 0,
      "DimensionType": "Regular"
    },
    {
      "DimensionName": "Prioritization",
      "AttributeName": "Unique Priority Order",
      "SortOrder": 1,
      "DimensionType": "Regular"
    }
  ]
}