{
  "Name": "SupplyPlan118RemoveItemFromLocationToLocationAssociation",
  "Description": null,
  "ActionButtonId": "bbcaf3ee-1765-46d0-bd36-13a3abf14b0a",
  "Tooltip": "Remove Item Source Loc-Destination Loc Assoc",
  "ActionButtonType": "Widget",
  "Alignment": "right",
  "IsPopOver": true,
  "IsGlobal": true,
  "ActionClickHandler": null,
  "Icon": null,
  "Image": null,
  "ConfigJson": {
    "icon": "minus",
    "SubmitButton": {
      "Label": "Submit"
    },
    "ResetButton": {
      "Label": "Reset"
    },
    "CloseButton": {
      "Label": "Close",
      "ConfirmMessage": "Unsaved changes will be lost. Continue?"
    },
    "NotifyRoles": true,
    "NotifyAll": false,
    "IBPLRules": [
      {
        "template": "\n{{#each Tuple}}\n\nScope:( [Version].[Version Name]{{#filter Version}} * {{#entity Item}} * {{#entity Location}} * {{#entity ToLocation}});\nMeasure.[Item From Location To Location Association] = Null;\nMeasure.[Item From Location To Location Association Override] = Null;\nMeasure.[Item From Location To Location Priority] = Null;\nMeasure.[BODLane Start Date IL] = Null;\nMeasure.[BODLane Start Date IL Override] = Null;\nMeasure.[BODLane End Date IL] = Null;\nMeasure.[BODLane End Date IL Override] = Null;\nMeasure.[DIST Planned Delivery Time IL] = Null;\nMeasure.[DIST Planned Delivery Time IL Override] = Null;\nMeasure.[DIST Goods Receipt Time IL] = Null;\nMeasure.[DIST Goods Receipt Time IL Override] = Null;\nMeasure.[DIST Min Lot Size IL] = Null;\nMeasure.[DIST Max Lot Size IL] = Null;\nMeasure.[DIST Min Lot Size IL Override] = Null;\nMeasure.[DIST Max Lot Size IL Override] = Null;\nMeasure.[DIST Lot Size Increment IL] = Null;\nMeasure.[DIST Lot Size Increment IL Override] = Null;\nMeasure.[DIST Soft Lot Size IL] = Null;\nMeasure.[DIST Soft Lot Size IL Override] = Null;\nend scope;\n\n{{/each}}\n\n{{#each Tuple}}\n\n//--Uncomment the below code to enable Net change functionality\n/*\ncartesian scope:( [Version].[Version Name]{{#filter Version}} * {{#entity Item}} * {{#entity Location}} * {{#entity ToLocation}});\nMeasure.[Item From Location To Location Association Override NC Deletion] = 1;\nend scope;\n\nscope:( [Version].[Version Name]{{#filter Version}} * {{#entity Item}} * {{#entity Location}} * {{#entity ToLocation}});\nMeasure.[Item From Location To Location Association Override NC Addition] = Null;\nend scope;\n*/\n\n{{/each}}\n\n"
      }
    ],
    "JavascriptRules": [],
    "FieldBindings": [
      {
        "fieldName": "Version",
        "title": "Version",
        "Description": "Version",
        "type": "picklistDropdown",
        "selectionType": "single",
        "clearSearch": true,
        "source": "filter",
        "DimensionName": "Version",
        "LevelAttributeName": "Version Name",
        "visible": true,
        "isEditable": true,
        "validation": {
          "maxLength": "0",
          "required": true
        }
      },
      {
        "fieldName": "Tuple",
        "title": "Intersection",
        "Description": "Intersection",
        "type": "picklistDropdown",
        "select": "ALL",
        "clearSearch": true,
        "source": "parentTuple",
        "TuplesList": [
          {
            "Key": "Item",
            "LevelAttribute": {
              "DimensionName": "Item",
              "Name": "Item",
              "textField": "Name"
            },
            "tuplesource": "LevelAttribute"
          },
          {
            "Key": "Location",
            "LevelAttribute": {
              "DimensionName": "Location",
              "Name": "Location",
              "textField": "Name"
            },
            "tuplesource": "LevelAttribute"
          },
          {
            "Key": "ToLocation",
            "LevelAttribute": {
              "DimensionName": "To Location",
              "Name": "To Location",
              "textField": "Name"
            },
            "tuplesource": "LevelAttribute"
          }
        ],
        "visible": true,
        "isEditable": false,
        "validation": {
          "required": true
        }
      }
    ],
    "Range": [],
    "DataSources": [],
    "AutoExecute": false,
    "isAsync": false,
    "hasMembersUpdates": false,
    "Compact": true,
    "TwoColumn": true,
    "IsGlobalForExcelAddIn": false,
    "ReturnFilterByUpdate": true,
    "ExcludeFromNavLink": false,
    "FilterFieldBindings": []
  },
  "Widget": null,
  "Roles": []
}