{
  "Name": "SupplyPlan320CreateNewRuleCSSD",
  "Description": "Create New Rule for CSSD",
  "ActionButtonId": "d4777643-b2cd-4e39-06c2-41b3f7a81502",
  "Tooltip": "Create New Rule CSSD Maintenance ",
  "ActionButtonType": "Rule",
  "Alignment": "right",
  "IsPopOver": true,
  "IsGlobal": false,
  "ActionClickHandler": null,
  "Icon": null,
  "Image": null,
  "ConfigJson": {
    "icon": "plus",
    "Position": "0",
    "SubmitButton": {
      "Label": "Submit"
    },
    "ResetButton": {
      "Label": "Reset"
    },
    "CloseButton": {
      "Label": "Close",
      "ConfirmMessage": "Unsaved changes will be lost. Continue?"
    },
    "NotifyRoles": true,
    "NotifyAll": false,
    "IBPLRules": [
      {
        "template": "Cartesian Scope: ([Version].[Version Name].filter(#.Name in {\"{{Version}}\"}) * [Data Object].[Data Object].[CSSD Maintenance] * [DM Rule].[Rule].filter(#.Name in {\"{{o9CSSDRuleFinal}}\"}));\n\nMeasure.[Min Shippable Age %1]={{DMValue1}};\nMeasure.[Rule Sequence]={{RuleSequence}};\nend scope;\n\nCartesian Scope: ([Version].[Version Name].filter(#.Name in {\"{{Version}}\"}) * [Data Object].[Data Object].[CSSD Maintenance]*[DM Rule].[Rule].filter(#.Name in {\"{{o9CSSDRuleFinal}}\"}));\nMeasure.[ABDM TimeStamp]=todatetime(\"{{TimeStamp}}\");\nMeasure.[ABDM User]=(\"{{User}}\");\nMeasure.[Rule Comment]=(\"{{NewRuleDescription}}\");\nend scope;"
      },
      {
        "template": "Cartesian Scope: ([Version].[Version Name].filter(#.Name in {\"{{Version}}\"}) * [Data Object].[Data Object].[CSSD Maintenance]*[DM Rule].[Rule].filter(#.Name in {\"{{o9CSSDRuleFinal}}\"}) * [Location].[Location]{{#filter DMLocation}});\nMeasure.[ABDM Location Association] = 1;\nend Scope;\n\n\nCartesian Scope: ([Version].[Version Name].filter(#.Name in {\"{{Version}}\"}) * [Data Object].[Data Object].[CSSD Maintenance]*[DM Rule].[Rule].filter(#.Name in {\"{{o9CSSDRuleFinal}}\"})* [Item].[Item Type]{{#filter ItemType}});\nMeasure.[ABDM Item Type Association] = 1;\nend Scope;\n\nCartesian Scope: ([Version].[Version Name].filter(#.Name in {\"{{Version}}\"}) * [Data Object].[Data Object].[CSSD Maintenance]*[DM Rule].[Rule].filter(#.Name in {\"{{o9CSSDRuleFinal}}\"}) * [Item].[PackageType]{{#filter DMItemAttribute1}});\nMeasure.[ABDM PackageType Association] = 1;\nend Scope;\n\nCartesian Scope: ([Version].[Version Name].filter(#.Name in {\"{{Version}}\"}) * [Data Object].[Data Object].[CSSD Maintenance]*[DM Rule].[Rule].filter(#.Name in {\"{{o9CSSDRuleFinal}}\"}) * [Location].[Location Region]{{#filter DMLocationAttribute1}});\nMeasure.[ABDM Shelf Life Location Region Association] = 1;\nend Scope;\n\n\nCartesian Scope: ([Version].[Version Name].filter(#.Name in {\"{{Version}}\"}) * [Data Object].[Data Object].[CSSD Maintenance]*[DM Rule].[Rule].filter(#.Name in {\"{{o9CSSDRuleFinal}}\"})* [Sales Domain].[Customer Group]{{#filter DMSalesDomainCustomerGroup}});\nMeasure.[ABDM Shelf Life Sales Domain Customer Group Association] = 1;\nend Scope;"
      },
      {
        "template": "exec plugin instance [SupplyPlan320CSSDCountRule] for measures {[o9 CSSD Rule Final]} using scope ([Version].[Version Name].filter(#.Name in{\"{{Version}}\"})*[Data Object].[Data Object].[CSSD Maintenance]) using arguments {(WriteOutputsConcurrently, False), (\"IncludeNullRows\", \"False\"), (MaxSliceTableCells, 8000000),(ExecutionMode,\"LightWeight\")};"
      }
    ],
    "JavascriptRules": [
      {
        "modulename": "o9.SupplyPlanningCreateRule.MinimumShippableAge",
        "functionname": "MinimumShippableAge"
      }
    ],
    "FieldBindings": [
      {
        "fieldName": "Version",
        "title": "Version Name",
        "Description": "Version Name",
        "type": "picklistDropdown",
        "selectionType": "single",
        "clearSearch": true,
        "source": "filter",
        "DimensionName": "Version",
        "LevelAttributeName": "Version Name",
        "visible": true,
        "isEditable": true,
        "validation": {
          "maxLength": "0",
          "required": true
        }
      },
      {
        "fieldName": "DataObject",
        "title": "Data Object",
        "Description": "Data Object",
        "type": "picklistDropdown",
        "selectionType": "single",
        "clearSearch": true,
        "source": "members",
        "DimensionName": "Data Object",
        "LevelAttributeName": "Data Object",
        "FilterExpression": "[Data Object].[Data Object].[Expiry days maintenance]  ",
        "visible": false,
        "isEditable": false,
        "validation": {
          "maxLength": "0",
          "required": true
        }
      },
      {
        "fieldName": "o9CSSDRuleFinal",
        "title": "o9CSSDRuleFinal",
        "Description": "o9CSSDRuleFinal",
        "type": "picklistDropdown",
        "selectionType": "single",
        "clearSearch": true,
        "source": "datasource",
        "key": "o9CSSDRuleDS",
        "valueField": "Value",
        "textField": "Value",
        "visible": false,
        "isEditable": false,
        "cascadeFrom": "Version",
        "validation": {
          "maxLength": "0",
          "required": true
        },
        "overrideFieldBindingType": false
      },
      {
        "fieldName": "ItemType",
        "title": "Item Type",
        "Description": "Select Item Type",
        "type": "picklistDropdown",
        "selectionType": "multiple",
        "clearSearch": true,
        "source": "members",
        "DimensionName": "Item",
        "LevelAttributeName": "Item Type",
        "visible": true,
        "isEditable": true,
        "validation": {
          "maxLength": "0",
          "required": true
        },
        "fieldGroup": "Item Attributes",
        "FilterExpression": "Item.[Item Type].[FinishedGoods]",
        "select": "NONE"
      },
      {
        "fieldName": "DMItemAttribute1",
        "title": "Package Type",
        "Description": "Select Package Type",
        "type": "picklistDropdown",
        "selectionType": "multiple",
        "clearSearch": true,
        "source": "members",
        "DimensionName": "Item",
        "LevelAttributeName": "PackageType",
        "visible": true,
        "isEditable": true,
        "validation": {
          "maxLength": "0",
          "required": false
        },
        "fieldGroup": "Item Attributes",
        "FilterExpression": "Item.[Item Type].[FinishedGoods].relatedmembers([PackageType])",
        "select": "NONE"
      },
      {
        "fieldName": "DMLocationAttribute1",
        "title": "Location Region",
        "Description": "Select Location Region",
        "type": "picklistDropdown",
        "fieldGroup": "Location Attributes",
        "selectionType": "multiple",
        "clearSearch": true,
        "select": "NONE",
        "source": "members",
        "DimensionName": "Location",
        "LevelAttributeName": "Location Region",
        "visible": true,
        "isEditable": true,
        "validation": {
          "maxLength": "0",
          "required": false
        }
      },
      {
        "fieldName": "DMLocation",
        "title": "Location",
        "Description": "Select Location",
        "type": "picklistDropdown",
        "fieldGroup": "Location Attributes",
        "selectionType": "multiple",
        "clearSearch": true,
        "source": "datasource",
        "key": "LocationDS",
        "valueField": "Name",
        "textField": "Name",
        "visible": true,
        "isEditable": true,
        "cascadeFrom": "DMLocationAttribute1",
        "validation": {
          "maxLength": "0",
          "required": false
        },
        "select": "NONE",
        "overrideFieldBindingType": false
      },
      {
        "fieldName": "DMSalesDomainChannel",
        "title": "Sales Domain Channel L1",
        "Description": "Select Sales Domain Channel L1",
        "type": "picklistDropdown",
        "fieldGroup": "Sales Domain Attributes",
        "selectionType": "multiple",
        "clearSearch": true,
        "select": "NONE",
        "source": "members",
        "DimensionName": "Sales Domain",
        "LevelAttributeName": "Sales Channel L1",
        "visible": false,
        "isEditable": false,
        "validation": {
          "maxLength": "0",
          "required": false
        }
      },
      {
        "fieldName": "DMSalesDomainCustomerGroup",
        "title": "Sales Domain Customer Group",
        "Description": "Select Sales Domain Customer Group",
        "type": "picklistDropdown",
        "fieldGroup": "Sales Domain Attributes",
        "selectionType": "multiple",
        "clearSearch": true,
        "source": "datasource",
        "key": "ChannelDS",
        "valueField": "Name",
        "textField": "Name",
        "visible": true,
        "isEditable": true,
        "validation": {
          "maxLength": "0",
          "required": false
        },
        "select": "NONE",
        "overrideFieldBindingType": false
      },
      {
        "fieldName": "DMValue1",
        "title": "Min Shippable Age %",
        "Description": "Value of Min Shippable Age %",
        "type": "number",
        "fieldGroup": "Rule Values",
        "editFormat": "0.00%",
        "selectionType": "single",
        "clearSearch": true,
        "source": "literal",
        "visible": true,
        "isEditable": true,
        "validation": {
          "maxLength": "0",
          "required": true
        }
      },
      {
        "fieldName": "RuleSequence",
        "title": "Rule Sequence",
        "Description": "Rule Sequence",
        "type": "number",
        "selectionType": "single",
        "clearSearch": true,
        "source": "literal",
        "visible": true,
        "isEditable": true,
        "validation": {
          "maxLength": "0",
          "required": true
        }
      },
      {
        "fieldName": "NewRuleDescription",
        "title": "New Rule Comment",
        "Description": "Comment the reason for the new rule creation",
        "type": "string",
        "selectionType": "single",
        "clearSearch": true,
        "source": "literal",
        "visible": true,
        "isEditable": true,
        "validation": {
          "maxLength": "0",
          "required": false
        },
        "fieldGroup": "Comment"
      },
      {
        "fieldName": "User",
        "title": "User",
        "Description": "User who created the rule",
        "type": "string",
        "selectionType": "single",
        "clearSearch": true,
        "source": "datasource",
        "key": "DSUser",
        "valueField": "Name",
        "textField": "Name",
        "visible": false,
        "isEditable": false,
        "validation": {
          "maxLength": "0",
          "required": false
        },
        "overrideFieldBindingType": false
      },
      {
        "fieldName": "TimeStamp",
        "title": "TimeStamp",
        "Description": "TimeStamp",
        "type": "datetime",
        "selectionType": "single",
        "clearSearch": true,
        "select": "ALL",
        "source": "datasource",
        "key": "DSTimeStamp",
        "valueField": "result",
        "textField": "result",
        "visible": false,
        "isEditable": false,
        "validation": {
          "maxLength": "0",
          "required": false
        },
        "overrideFieldBindingType": false
      }
    ],
    "Range": [],
    "DataSources": [
      {
        "Name": "o9CSSDRuleDS",
        "IBPLRules": [
          {
            "template": "Select({Measure.[o9 CSSD Rule Final]}) where{[Version].[Version Name].filter(#.Name in {\"{{Version}}\"}),[Data Object].[Data Object].filter(#.Name in {[CSSD Maintenance]})};"
          }
        ],
        "JavascriptRules": [],
        "IncludeDSFieldsOnly": false,
        "FieldBindings": []
      },
      {
        "Name": "DSUser",
        "IBPLRules": [
          {
            "template": "select CurrentUser();"
          }
        ],
        "JavascriptRules": [],
        "IncludeDSFieldsOnly": false,
        "FieldBindings": []
      },
      {
        "Name": "DSTimeStamp",
        "IBPLRules": [
          {
            "template": "select now();"
          }
        ],
        "JavascriptRules": [],
        "IncludeDSFieldsOnly": false,
        "FieldBindings": []
      },
      {
        "Name": "LocationDS",
        "IBPLRules": [
          {
            "template": "select [Location].[Location Region]{{#filter DMLocationAttribute1}}.relatedmembers([Location]);"
          }
        ],
        "JavascriptRules": [],
        "IncludeDSFieldsOnly": false,
        "FieldBindings": []
      },
      {
        "Name": "ChannelDS",
        "IBPLRules": [
          {
            "template": "select [Sales Domain].[Customer Group];"
          }
        ],
        "JavascriptRules": [],
        "IncludeDSFieldsOnly": false,
        "FieldBindings": []
      }
    ],
    "AutoExecute": false,
    "isAsync": true,
    "hasMembersUpdates": false,
    "Compact": false,
    "TwoColumn": true,
    "IsGlobalForExcelAddIn": false,
    "ExcludeFromNavLink": false,
    "FilterFieldBindings": [],
    "enableTransaction": false
  },
  "Widget": null,
  "Roles": []
}