{
  "Name": "Allocation015POStepAllocation",
  "Description": "PO Allocation",
  "ActionButtonId": "7d92c774-c78a-3ffe-17bc-7e818d40c1c0",
  "Tooltip": "PO Allocation",
  "ActionButtonType": "Widget",
  "Alignment": "right",
  "IsPopOver": true,
  "IsGlobal": true,
  "ActionClickHandler": null,
  "Icon": null,
  "Image": null,
  "ConfigJson": {
    "DisplayName": "PO Allocation",
    "icon": "gears",
    "SubmitButton": {
      "Label": "Submit"
    },
    "ResetButton": {
      "Label": "Reset"
    },
    "CloseButton": {
      "Label": "Close",
      "ConfirmMessage": "Unsaved changes will be lost. Continue?"
    },
    "NotifyRoles": false,
    "NotifyAll": false,
    "IBPLRules": [
      {
        "template": "// Nullifying output data\n\nDELETE DATA FOR MODEL [002.002 Allocation Outputs in Packs],[002.007 Allocation Production Outputs in OrderlineID Packs] WHERE {[Version].[Version Name]{{#filter Version}},[Pack].[PackID]{{#filter POPackID}}};\n\nDELETE DATA FOR MODEL [002.003 Allocation Outputs in Orderline Units],[002.004 Allocation Outputs in Units] where { [Version].[Version Name]{{#filter Version}}};\n\nScope: (Version.[Version Name]{{#filter Version}} * [Item].[Item] * [Documents].[OrderlineID] * [Location].[Location] * [Supplier].[Supplier Location] * [Activity2].[Activity2] * [Pack].[PackID] );\nMeasure.[Remaining Packs after Allocation] = Null ;\nend scope;"
      },
      {
        "template": "// Manual Step Allocation Plugin Run //\n\nexec plugin instance [SupplyPlanMultiStepPOAllocation] for measures {[D Allocated Packs at Store]} using scope ([Version].[Version Name]{{#filter Version}} * [Pack].[PackID]{{#filter POPackID}} * [Documents].[OrderlineID]{{#filter PONos}} * [Cluster].[Cluster]{{#filter SelectedStoresClusters}} * [Demand Type].[Demand Type]{{#filter SelectDemand}}) using arguments {(DriverMemory,\"2g\"), (\"IncludeNullRows\", \"False\"),(DataTransferMode, \"csv\"),([FailedExecutionCount], 1),([FailedExecutionPercent], 0.0), ([ThrowExceptionOnFailure], true),([ExecutionMode],\"MediumWeight\")};\n"
      },
      {
        "template": "// Pack Status //\n\n\nScope : ([Version].[Version Name]{{#filter Version}} * [Pack].[PackID]{{#filter POPackID}} * [Location].[Location] * [Documents].[OrderID]{{#filter PONos}} );\nMeasure.[Inbound Order Status] = if (isnull(Measure.[Remaining Inbound Inventory by OrderID])) then \"Available\" else if (Measure.[Remaining Inbound Inventory by OrderID] > 0 ) then \"Partially Allocated\" else \"Allocated\"; \nend scope;\n"
      },
      {
        "template": "//Status after STO Approval//\n\nexec plugin instance [Allocation510InboundInventoryStatus] for measures {[Inbound Order Status]} using scope ([Version].[Version Name]{{#filter Version}} * [Documents].[OrderlineID]{{#filter PONos}} * [Pack].[PackID]{{#filter POPackID}}) using arguments {(DriverMemory,\"2g\"), (\"IncludeNullRows\", \"False\"),(DataTransferMode, \"csv\"),([FailedExecutionCount], 1),([FailedExecutionPercent], 0.0), ([ThrowExceptionOnFailure], true),([ExecutionMode],\"MediumWeight\")};"
      },
      {
        "template": "EXEC PROCEDURE AllocationDILOPPostProcessing {\"Version\" : \"{{Version}}\"};"
      }
    ],
    "JavascriptRules": [],
    "FieldBindings": [
      {
        "fieldName": "Version",
        "title": "Version",
        "Description": "Version",
        "type": "string",
        "selectionType": "single",
        "clearSearch": true,
        "source": "filter",
        "DimensionName": "Version",
        "LevelAttributeName": "Version Name",
        "visible": true,
        "isEditable": true,
        "validation": {
          "maxLength": "0",
          "required": true
        }
      },
      {
        "fieldName": "PONos",
        "title": "Select POs",
        "Description": "Selected POs will be allocated",
        "type": "picklist",
        "clearSearch": true,
        "source": "parentAttributeWithMember",
        "DimensionName": "Documents",
        "key": {
          "LevelAttribute": {
            "Name": "OrderID",
            "Property": "Name"
          }
        },
        "visible": true,
        "isEditable": true,
        "validation": {
          "required": true
        }
      },
      {
        "fieldName": "POPackID",
        "title": "PO Pack ID",
        "Description": "PO Pack ID",
        "type": "picklist",
        "selectionType": "multiple",
        "clearSearch": true,
        "source": "parentAttributeWithMember",
        "DimensionName": "Pack",
        "key": {
          "LevelAttribute": {
            "Name": "PackID",
            "Property": "Name"
          }
        },
        "visible": true,
        "isEditable": true,
        "validation": {
          "required": true
        }
      },
      {
        "fieldName": "SelectedStoresClusters",
        "title": "Select Store Clusters to allocate",
        "Description": "Select Store Clusters to allocate",
        "type": "picklist",
        "selectionType": "multiple",
        "clearSearch": true,
        "select": "ALL",
        "source": "datasource",
        "key": "StoreClusters",
        "valueField": "Name",
        "textField": "Name",
        "overrideFieldBindingType": false,
        "visible": true,
        "isEditable": true,
        "validation": {
          "maxLength": "0",
          "required": true
        }
      },
      {
        "fieldName": "SelectDemand",
        "title": "Select Demand Type",
        "type": "picklist",
        "selectionType": "multiple",
        "clearSearch": true,
        "select": "ALL",
        "source": "datasource",
        "key": "DemandType",
        "valueField": "Name",
        "textField": "Name",
        "overrideFieldBindingType": false,
        "visible": true,
        "isEditable": true,
        "validation": {
          "maxLength": "0",
          "required": true
        }
      }
    ],
    "Range": [],
    "DataSources": [
      {
        "Name": "POPackID",
        "IBPLRules": [
          {
            "template": "Select ([Version].[Version Name]{{#filter Version}} * [Documents].[OrderlineID]{{#filter PONos}} * [Location].[Location] * [Item].[Item] * [Supplier].[Supplier Location] * [Activity2].[Activity2] * [Pack].[PackID]{{#filter POPackID}} ) on row, \n({Measure.[Inbound Inventory DC in packs for Allocation]}) on column;"
          }
        ],
        "JavascriptRules": [],
        "IncludeDSFieldsOnly": false,
        "FieldBindings": []
      },
      {
        "Name": "StoreClusters",
        "IBPLRules": [
          {
            "template": "Select ([Cluster].[Cluster]);"
          }
        ],
        "JavascriptRules": [],
        "IncludeDSFieldsOnly": false,
        "FieldBindings": []
      },
      {
        "Name": "DemandType",
        "IBPLRules": [
          {
            "template": "select ([Demand Type].[Demand Type]);"
          }
        ],
        "JavascriptRules": [],
        "IncludeDSFieldsOnly": false,
        "FieldBindings": []
      }
    ],
    "AutoExecute": false,
    "isAsync": true,
    "hasMembersUpdates": false,
    "Compact": false,
    "TwoColumn": false,
    "IsGlobalForExcelAddIn": false,
    "ReturnFilterByUpdate": true,
    "ExcludeFromNavLink": false,
    "FilterFieldBindings": [],
    "enableTransaction": false
  },
  "Widget": null,
  "Roles": []
}