{
  "Name": "008TLBChangeItemsfromTrucks",
  "Description": "Change Items from Truck",
  "ActionButtonId": "4af85757-55f9-0737-a7b0-e950686f1938",
  "Tooltip": "Change Items from Truck",
  "ActionButtonType": "Rule",
  "Alignment": "right",
  "IsPopOver": true,
  "IsGlobal": false,
  "ActionClickHandler": null,
  "Icon": null,
  "Image": null,
  "ConfigJson": {
    "DisplayName": "Change Items from Truck",
    "icon": "arrows-h",
    "Position": "0",
    "SubmitButton": {
      "Label": "Submit"
    },
    "ResetButton": {
      "Label": "Reset"
    },
    "CloseButton": {
      "Label": "Close",
      "ConfirmMessage": "Unsaved changes will be lost. Continue?"
    },
    "NotifyRoles": true,
    "NotifyAll": false,
    "IBPLRules": [
      {
        "template": "cartesian scope:([Version].[Version Name]{{#filter Version}} * [Documents].[OrderlineID]{{#filter OrderLineID}} * [Cluster].[Cluster]{{#filter Cluster}}  * [Activity1].[Activity1]{{#filter Activity1}} * [Item].[Item]{{#filter Item}} * [Sequence].[Sequence]{{#filter FromTruckNumber}} * [Time].[Day]{{#filter Day}} * [Activity2].[Activity2]{{#filter Activity2}} * [Equipment].[Equipment ID]{{#filter FromEquipmentID}} * [UOM].[UOM]{{#filter UOM}});\nmeasure.[D TLB Plan Output Quantity Override Final]=if (measure.[D TLB Plan Output Quantity Final]>0) then 0;\nend scope;\n\ncartesian scope:([Version].[Version Name]{{#filter Version}} * [Documents].[OrderlineID]{{#filter OrderLineID}} * [Cluster].[Cluster]{{#filter Cluster}}  * [Activity1].[Activity1]{{#filter Activity1}} * [Item].[Item]{{#filter Item}} * [Sequence].[Sequence]{{#filter ToTruckNumber}} * [Time].[Day]{{#filter Day}} * [Activity2].[Activity2]{{#filter Activity2}} * [Equipment].[Equipment ID]{{#filter ToEquipmentID}} * [UOM].[UOM]{{#filter UOM}});\nmeasure.[D TLB Plan Output Quantity Override Final]=if(measure.[D TLB Plan Output Quantity Override Final]>=0 || ~IsNull(measure.[D TLB Plan Output Quantity Override Final])) then sum(measure.[D TLB Plan Output Quantity Override Final],{{PlanQuantity}}) else sum(measure.[D TLB Plan Output Quantity Final], measure.[D TLB Plan Output Quantity Override Final],{{PlanQuantity}}) ;\nend scope;"
      }
    ],
    "JavascriptRules": [],
    "FieldBindings": [
      {
        "fieldName": "Version",
        "title": "Version",
        "Description": "Version",
        "type": "picklistDropdown",
        "selectionType": "single",
        "clearSearch": true,
        "source": "filter",
        "DimensionName": "Version",
        "LevelAttributeName": "Version Name",
        "visible": true,
        "isEditable": true,
        "validation": {
          "maxLength": "0",
          "required": true
        }
      },
      {
        "fieldName": "Day",
        "title": "Day",
        "Description": "Day",
        "type": "picklistDropdown",
        "selectionType": "single",
        "clearSearch": true,
        "source": "parentAttribute",
        "DimensionName": "Time",
        "key": {
          "LevelAttribute": {
            "Name": "Day",
            "Property": "Name"
          }
        },
        "visible": true,
        "isEditable": false,
        "validation": {
          "maxLength": "0",
          "required": true
        }
      },
      {
        "fieldName": "FromTruckNumber",
        "title": "From Truck Number",
        "Description": "From Truck Number",
        "type": "picklistDropdown",
        "selectionType": "single",
        "clearSearch": true,
        "source": "parentAttribute",
        "DimensionName": "Sequence",
        "key": {
          "LevelAttribute": {
            "Name": "Sequence",
            "Property": "Name"
          }
        },
        "visible": true,
        "isEditable": false,
        "validation": {
          "maxLength": "0",
          "required": true
        }
      },
      {
        "fieldName": "FromEquipmentID",
        "title": "From Equipment ID",
        "Description": "Equipment ID",
        "type": "picklistDropdown",
        "clearSearch": true,
        "source": "parentAttribute",
        "DimensionName": "Equipment",
        "key": {
          "LevelAttribute": {
            "Name": "Equipment ID",
            "Property": "Name"
          }
        },
        "visible": true,
        "isEditable": false,
        "validation": {
          "maxLength": "0",
          "required": true
        },
        "selectionType": "single"
      },
      {
        "fieldName": "Cluster",
        "title": "Cluster",
        "type": "picklistDropdown",
        "selectionType": "single",
        "clearSearch": true,
        "source": "parentAttribute",
        "DimensionName": "Cluster",
        "key": {
          "LevelAttribute": {
            "Name": "Cluster",
            "Property": "Name"
          }
        },
        "visible": true,
        "isEditable": false,
        "validation": {
          "maxLength": "0",
          "required": true
        }
      },
      {
        "fieldName": "Activity1",
        "title": "Activity1",
        "Description": "Activity1",
        "type": "picklistDropdown",
        "selectionType": "single",
        "clearSearch": true,
        "source": "parentAttribute",
        "DimensionName": "Activity1",
        "key": {
          "LevelAttribute": {
            "Name": "Activity1",
            "Property": "Name"
          }
        },
        "visible": true,
        "isEditable": false,
        "validation": {
          "maxLength": "0",
          "required": true
        }
      },
      {
        "fieldName": "Activity2",
        "title": "Activity2",
        "Description": "Activity2",
        "type": "picklistDropdown",
        "selectionType": "single",
        "clearSearch": true,
        "source": "parentAttribute",
        "DimensionName": "Activity2",
        "key": {
          "LevelAttribute": {
            "Name": "Activity2",
            "Property": "Name"
          }
        },
        "visible": false,
        "isEditable": false,
        "validation": {
          "maxLength": "0",
          "required": true
        }
      },
      {
        "fieldName": "ToEquipmentID",
        "title": "To EquipmentID",
        "Description": "To EquipmentID",
        "type": "picklistDropdown",
        "selectionType": "single",
        "clearSearch": true,
        "source": "members",
        "DimensionName": "Equipment",
        "LevelAttributeName": "Equipment ID",
        "visible": true,
        "isEditable": true,
        "validation": {
          "maxLength": "0",
          "required": true
        }
      },
      {
        "fieldName": "ToTruckNumber",
        "title": "To Truck Number",
        "Description": "To Truck Number",
        "type": "picklistDropdown",
        "clearSearch": true,
        "source": "members",
        "DimensionName": "Sequence",
        "LevelAttributeName": "Sequence",
        "sortBy": "Key",
        "sortOrder": "asc",
        "visible": true,
        "isEditable": true,
        "validation": {
          "maxLength": "0",
          "required": true
        },
        "selectionType": "single"
      },
      {
        "fieldName": "Item",
        "title": "Item",
        "Description": "Item",
        "type": "picklistDropdown",
        "selectionType": "single",
        "clearSearch": true,
        "source": "parentAttribute",
        "DimensionName": "Item",
        "key": {
          "LevelAttribute": {
            "Name": "Item",
            "Property": "Name"
          }
        },
        "visible": true,
        "isEditable": false,
        "validation": {
          "maxLength": "0",
          "required": true
        }
      },
      {
        "fieldName": "UOM",
        "title": "UOM",
        "Description": "UOM",
        "type": "picklistDropdown",
        "selectionType": "single",
        "clearSearch": true,
        "source": "parentAttribute",
        "DimensionName": "UOM",
        "key": {
          "LevelAttribute": {
            "Name": "UOM",
            "Property": "Name"
          }
        },
        "visible": false,
        "isEditable": false,
        "validation": {
          "maxLength": "0",
          "required": true
        }
      },
      {
        "fieldName": "OrderLineID",
        "title": "OrderLineID",
        "Description": "OrderLineID",
        "type": "picklistDropdown",
        "selectionType": "single",
        "clearSearch": true,
        "source": "parentAttribute",
        "DimensionName": "Documents",
        "key": {
          "LevelAttribute": {
            "Name": "OrderlineID",
            "Property": "Name"
          }
        },
        "visible": true,
        "isEditable": false,
        "validation": {
          "maxLength": "0",
          "required": true
        }
      },
      {
        "fieldName": "PlanQuantity",
        "title": "Plan Quantity",
        "Description": "PlanQuantity",
        "type": "picklistDropdown",
        "selectionType": "single",
        "clearSearch": true,
        "source": "datasource",
        "key": "PlanQuantityDS",
        "valueField": "Plan Quantity",
        "textField": "Plan Quantity",
        "overrideFieldBindingType": false,
        "visible": true,
        "isEditable": true,
        "cascadeFrom": "Version",
        "validation": {
          "maxLength": "0",
          "required": true
        }
      }
    ],
    "Range": [],
    "DataSources": [
      {
        "Name": "PlanQuantityDS",
        "IBPLRules": [
          {
            "template": "Select ([Version].[Version Name]{{#filter Version}} * [Time].[Day]{{#filter Day}} * [Activity1].[Activity1]{{#filter Activity1}} * [Activity2].[Activity2]{{#filter Activity2}} * [Cluster].[Cluster]{{#filter Cluster}} * [Equipment].[Equipment ID]{{#filter FromEquipmentID}} * [Item].[Item]{{#filter Item}} * [Documents].[OrderlineID]{{#filter OrderLineID}} * [UOM].[UOM]{{#filter UOM}} * [Sequence].[Sequence]{{#filter FromTruckNumber}} ) on row, \n({coalesce(Measure.[D TLB Plan Output Quantity Override Final],measure.[D TLB Plan Output Quantity Final]) as transient.[Plan Quantity]}) on column;"
          }
        ],
        "JavascriptRules": [],
        "IncludeDSFieldsOnly": false,
        "FieldBindings": []
      }
    ],
    "AutoExecute": false,
    "isAsync": true,
    "hasMembersUpdates": false,
    "Compact": false,
    "TwoColumn": true,
    "IsGlobalForExcelAddIn": false,
    "ExcludeFromNavLink": false,
    "FilterFieldBindings": [],
    "enableTransaction": false
  },
  "Widget": null,
  "Roles": []
}