{
  "MeasureGroupName": "003 Sales and Buy Plan SC L TL",
  "MeasureGroupId": "3292de6a-8950-405d-9d5a-90ac7a45268a",
  "ParentMeasureGroupName": null,
  "HasShadow": false,
  "MeasureGroupDescription": "003 Sales and Buy Plan SC L TL",
  "MeasureGroupType": "Regular",
  "FactTableName": "Fact003SalesandBuyPlanSCLTL",
  "SchemaMajorVersion": 0,
  "ConfigJson": {},
  "ApiName": null,
  "Repartition": false,
  "Unpartition": false,
  "ApiEnabled": false,
  "DimensionUsages": [
    {
      "DimensionName": "Version",
      "AttributeName": "Version Name",
      "SortOrder": 2,
      "DimensionType": "Regular"
    },
    {
      "DimensionName": "NamedNode",
      "AttributeName": "Retail_AP_FD_Time_NN",
      "SortOrder": 3,
      "DimensionType": "NamedNode"
    },
    {
      "DimensionName": "NamedNode",
      "AttributeName": "Retail_AP_BP_Product_Location_NN",
      "SortOrder": 4,
      "DimensionType": "NamedNode"
    },
    {
      "DimensionName": "NamedNode",
      "AttributeName": "Retail_AP_FD_Channel_NN",
      "SortOrder": 5,
      "DimensionType": "NamedNode"
    },
    {
      "DimensionName": "To Location",
      "AttributeName": "To Location",
      "SortOrder": 6,
      "DimensionType": "Regular"
    }
  ]
}