{
  "Override": [
    {
      "ViewName": "Trend Analysis reports",
      "PageName": "b KPI",
      "WorkspaceName": "Seasonal Department Plan-V2Migrated",
      "Position": 0,
      "ConfigBlockName": "o9 Retail MFP RMA Product Plan"
    },
    {
      "ViewName": "Trend Analysis by Item",
      "PageName": "b KPI",
      "WorkspaceName": "Seasonal Department Plan-V2Migrated",
      "Position": 2,
      "ConfigBlockName": "o9 Retail MFP RMA Product Plan"
    },
    {
      "ViewName": "Trend Analysis Build",
      "PageName": "b KPI",
      "WorkspaceName": "Seasonal Department Plan-V2Migrated",
      "Position": 1,
      "ConfigBlockName": "o9 Retail MFP RMA Product Plan"
    }
  ]
}