{
  "PickListName": "Aggregated CTM Delivery Day",
  "PickListId": "2e2f659d-bc80-4eed-af9a-5a17699308c7",
  "PickListDescription": "CTM Aggregated Delivery Date\t",
  "DataType": "string",
  "IsMultiSelectAllowed": false,
  "Values": [
    {
      "Value": "1",
      "DisplayName": "First Day of Week",
      "DisplayPosition": 0,
      "Icon": null,
      "Color": null,
      "Image": null
    },
    {
      "Value": "0",
      "DisplayName": "Last Day of Week",
      "DisplayPosition": 1,
      "Icon": null,
      "Color": null,
      "Image": null
    }
  ]
}