{
  "PickListName": "DeleteObsoleteMembersBehaviorPicklist",
  "PickListId": "b1ae59b1-b534-4806-be7b-71a5ce7ee5bc",
  "PickListDescription": "Picklist to Choose Behaviour for DeleteObsolete Members",
  "DataType": "string",
  "IsMultiSelectAllowed": false,
  "Values": [
    {
      "Value": "Individual Delete Member",
      "DisplayName": "Individual Delete Member",
      "DisplayPosition": 0,
      "Icon": null,
      "Color": null,
      "Image": null
    },
    {
      "Value": "Parent Member Cascade",
      "DisplayName": "Parent Member Cascade",
      "DisplayPosition": 1,
      "Icon": null,
      "Color": null,
      "Image": null
    }
  ]
}