{
  "PickListName": "Demand Seed Aggregation",
  "PickListId": "4b10a1ac-e539-4b59-b3ec-858bd0372af3",
  "PickListDescription": "CTM aggregation for Demand",
  "DataType": "string",
  "IsMultiSelectAllowed": false,
  "Values": [
    {
      "Value": "true",
      "DisplayName": "Aggregate",
      "DisplayPosition": 0,
      "Icon": null,
      "Color": null,
      "Image": null
    },
    {
      "Value": "false",
      "DisplayName": "Do Not Aggregate",
      "DisplayPosition": 1,
      "Icon": null,
      "Color": null,
      "Image": null
    }
  ]
}