{
  "PickListName": "HandshakePluginRule",
  "PickListId": "934f5d91-fd1a-c249-fcb3-2a9f1017852a",
  "PickListDescription": "Handshake Plugin Rule Type Selection",
  "DataType": "string",
  "IsMultiSelectAllowed": false,
  "Values": [
    {
      "Value": "Constant",
      "DisplayName": "Constant",
      "DisplayPosition": 0,
      "Icon": null,
      "Color": null,
      "Image": null
    },
    {
      "Value": "Direct Mapping",
      "DisplayName": "Direct Mapping",
      "DisplayPosition": 1,
      "Icon": null,
      "Color": null,
      "Image": null
    },
    {
      "Value": "Concat",
      "DisplayName": "Concat",
      "DisplayPosition": 2,
      "Icon": null,
      "Color": null,
      "Image": null
    }
  ]
}