{
  "PickListName": "ProcessExecutionScopedScenario",
  "PickListId": "455a2b02-a4c9-0069-d6fe-4386e389b585",
  "PickListDescription": "Options to create various scopes of scenario",
  "DataType": "string",
  "IsMultiSelectAllowed": false,
  "Values": [
    {
      "Value": "Daily",
      "DisplayName": "Daily Scoped Scenario",
      "DisplayPosition": 0,
      "Icon": null,
      "Color": null,
      "Image": null
    },
    {
      "Value": "Monthly",
      "DisplayName": "Monthly Scoped Scenario",
      "DisplayPosition": 2,
      "Icon": null,
      "Color": null,
      "Image": null
    },
    {
      "Value": "Global",
      "DisplayName": "Global Scenario",
      "DisplayPosition": 3,
      "Icon": null,
      "Color": null,
      "Image": null
    },
    {
      "Value": "Weekly",
      "DisplayName": "Weekly Scoped Scenario",
      "DisplayPosition": 1,
      "Icon": null,
      "Color": null,
      "Image": null
    }
  ]
}