{
  "PickListName": "Supply Interaction Target Grain",
  "PickListId": "6f88aef5-e087-496e-873a-ecf56afe4e64",
  "PickListDescription": "Supply Interaction Target Grain",
  "DataType": "string",
  "IsMultiSelectAllowed": true,
  "Values": [
    {
      "Value": "Item.[Item]",
      "DisplayName": "Item.[Item]",
      "DisplayPosition": 1,
      "Icon": null,
      "Color": null,
      "Image": null
    },
    {
      "Value": "Activity1.[Activity1]",
      "DisplayName": "Activity1.[Activity1]",
      "DisplayPosition": 3,
      "Icon": null,
      "Color": null,
      "Image": null
    },
    {
      "Value": "Location.[Location]",
      "DisplayName": "Location.[Location]",
      "DisplayPosition": 2,
      "Icon": null,
      "Color": null,
      "Image": null
    },
    {
      "Value": "Time.[Partial Week]",
      "DisplayName": "Time.[Partial Week]",
      "DisplayPosition": 8,
      "Icon": null,
      "Color": null,
      "Image": null
    },
    {
      "Value": "Time.[Day]",
      "DisplayName": "Time.[Day]",
      "DisplayPosition": 6,
      "Icon": null,
      "Color": null,
      "Image": null
    },
    {
      "Value": "Activity3.[Activity3]",
      "DisplayName": "Activity3.[Activity3]",
      "DisplayPosition": 5,
      "Icon": null,
      "Color": null,
      "Image": null
    },
    {
      "Value": "Activity2.[Activity2]",
      "DisplayName": "Activity2.[Activity2]",
      "DisplayPosition": 4,
      "Icon": null,
      "Color": null,
      "Image": null
    },
    {
      "Value": "Time.[Week]",
      "DisplayName": "Time.[Week]",
      "DisplayPosition": 7,
      "Icon": null,
      "Color": null,
      "Image": null
    },
    {
      "Value": "Time.[Month]",
      "DisplayName": "Time.[Month]",
      "DisplayPosition": 9,
      "Icon": null,
      "Color": null,
      "Image": null
    },
    {
      "Value": "Sales Domain.[Customer Group]",
      "DisplayName": "Sales Domain.[Customer Group]",
      "DisplayPosition": 10,
      "Icon": null,
      "Color": null,
      "Image": null
    },
    {
      "Value": "Documents.[OrderlineID]",
      "DisplayName": "Documents.[OrderlineID]",
      "DisplayPosition": 11,
      "Icon": null,
      "Color": null,
      "Image": null
    },
    {
      "Value": "To Location.[To Location]",
      "DisplayName": "To Location.[To Location]",
      "DisplayPosition": 12,
      "Icon": null,
      "Color": null,
      "Image": null
    },
    {
      "Value": "Demand.[DemandID]",
      "DisplayName": "Demand.[DemandID]",
      "DisplayPosition": 14,
      "Icon": null,
      "Color": null,
      "Image": null
    },
    {
      "Value": "Demand Type.[Demand Type]",
      "DisplayName": "Demand Type.[Demand Type]",
      "DisplayPosition": 13,
      "Icon": null,
      "Color": null,
      "Image": null
    },
    {
      "Value": "Resource.[Resource]",
      "DisplayName": "Resource.[Resource]",
      "DisplayPosition": 15,
      "Icon": null,
      "Color": null,
      "Image": null
    },
    {
      "Value": "Time.[Planning Month]",
      "DisplayName": "Time.[Planning Month]",
      "DisplayPosition": 16,
      "Icon": null,
      "Color": null,
      "Image": null
    },
    {
      "Value": "Channel.[Channel]",
      "DisplayName": "Channel.[Channel]",
      "DisplayPosition": 18,
      "Icon": null,
      "Color": null,
      "Image": null
    },
    {
      "Value": "Account.[Account]",
      "DisplayName": "Account.[Account]",
      "DisplayPosition": 17,
      "Icon": null,
      "Color": null,
      "Image": null
    },
    {
      "Value": "Location.[FN Location]",
      "DisplayName": "Location.[FN Location]",
      "DisplayPosition": 2,
      "Icon": null,
      "Color": null,
      "Image": null
    },
    {
      "Value": "Item.[FN Item]",
      "DisplayName": "Item.[FN Item]",
      "DisplayPosition": 0,
      "Icon": null,
      "Color": null,
      "Image": null
    },
    {
      "Value": "Location.[All Location]",
      "DisplayName": "Location.[All Location]",
      "DisplayPosition": 2,
      "Icon": null,
      "Color": null,
      "Image": null
    }
  ]
}