{
  "PickListName": "Supply Interaction Target Output Type",
  "PickListId": "cd8673d4-ec91-4913-b89e-5843ae373e71",
  "PickListDescription": "Supply Interaction Target Output Type",
  "DataType": "number",
  "IsMultiSelectAllowed": false,
  "Values": [
    {
      "Value": "1",
      "DisplayName": "Output with the same LotID",
      "DisplayPosition": 0,
      "Icon": null,
      "Color": null,
      "Image": null
    },
    {
      "Value": "2",
      "DisplayName": "Unique LotID Based on Time",
      "DisplayPosition": 1,
      "Icon": null,
      "Color": null,
      "Image": null
    },
    {
      "Value": "3",
      "DisplayName": "Unique LotID Offset By Lead Time",
      "DisplayPosition": 2,
      "Icon": null,
      "Color": null,
      "Image": null
    },
    {
      "Value": "4",
      "DisplayName": "Month/Week Transformation",
      "DisplayPosition": 4,
      "Icon": null,
      "Color": null,
      "Image": null
    },
    {
      "Value": "5",
      "DisplayName": "Aggregation",
      "DisplayPosition": 5,
      "Icon": null,
      "Color": null,
      "Image": null
    },
    {
      "Value": "6",
      "DisplayName": "DIST Sourcing Proportions",
      "DisplayPosition": 6,
      "Icon": null,
      "Color": null,
      "Image": null
    },
    {
      "Value": "7",
      "DisplayName": "Sourcing Proportion",
      "DisplayPosition": 7,
      "Icon": null,
      "Color": null,
      "Image": null
    },
    {
      "Value": "8",
      "DisplayName": "DIST Sourcing Priority",
      "DisplayPosition": 8,
      "Icon": null,
      "Color": null,
      "Image": null
    },
    {
      "Value": "9",
      "DisplayName": "Disaggregation",
      "DisplayPosition": 9,
      "Icon": null,
      "Color": null,
      "Image": null
    }
  ]
}