{
  "PickListName": "Supply Interactions Rule Type",
  "PickListId": "dea75d43-a775-416b-9a6a-b1bcf2d98dab",
  "PickListDescription": "To describe various rules to populate the Target measures",
  "DataType": "number",
  "IsMultiSelectAllowed": false,
  "Values": [
    {
      "Value": "3",
      "DisplayName": "Disaggregate To Last Bucket",
      "DisplayPosition": 2,
      "Icon": null,
      "Color": null,
      "Image": null
    },
    {
      "Value": "2",
      "DisplayName": "Split Equally ",
      "DisplayPosition": 1,
      "Icon": null,
      "Color": null,
      "Image": null
    },
    {
      "Value": "1",
      "DisplayName": "Disaggregate To First Bucket",
      "DisplayPosition": 0,
      "Icon": null,
      "Color": null,
      "Image": null
    },
    {
      "Value": "4",
      "DisplayName": "Sum",
      "DisplayPosition": 5,
      "Icon": null,
      "Color": null,
      "Image": null
    },
    {
      "Value": "9",
      "DisplayName": "Last Child",
      "DisplayPosition": 9,
      "Icon": null,
      "Color": null,
      "Image": null
    },
    {
      "Value": "6",
      "DisplayName": "Max",
      "DisplayPosition": 6,
      "Icon": null,
      "Color": null,
      "Image": null
    },
    {
      "Value": "5",
      "DisplayName": "Copy To Leaves\t",
      "DisplayPosition": 4,
      "Icon": null,
      "Color": null,
      "Image": null
    },
    {
      "Value": "0",
      "DisplayName": "NONE",
      "DisplayPosition": 10,
      "Icon": null,
      "Color": null,
      "Image": null
    },
    {
      "Value": "8",
      "DisplayName": "First Child",
      "DisplayPosition": 8,
      "Icon": null,
      "Color": null,
      "Image": null
    },
    {
      "Value": "7",
      "DisplayName": "Min",
      "DisplayPosition": 7,
      "Icon": null,
      "Color": null,
      "Image": null
    }
  ]
}