{
  "PickListName": "Supply Interaction Data Rule Type",
  "PickListId": "d4c635c9-ddb6-40de-a18b-59f5d44172a1",
  "PickListDescription": "Supply Interaction Data Rule Type",
  "DataType": "number",
  "IsMultiSelectAllowed": false,
  "Values": [
    {
      "Value": "9",
      "DisplayName": "Last child",
      "DisplayPosition": 9,
      "Icon": null,
      "Color": null,
      "Image": null
    },
    {
      "Value": "51",
      "DisplayName": "Sourcing Priority",
      "DisplayPosition": 13,
      "Icon": null,
      "Color": null,
      "Image": null
    },
    {
      "Value": "32",
      "DisplayName": "Add time varying grain offset by LT",
      "DisplayPosition": 15,
      "Icon": null,
      "Color": null,
      "Image": null
    },
    {
      "Value": "7",
      "DisplayName": "Min",
      "DisplayPosition": 7,
      "Icon": null,
      "Color": null,
      "Image": null
    },
    {
      "Value": "31",
      "DisplayName": "Add time varying grain",
      "DisplayPosition": 14,
      "Icon": null,
      "Color": null,
      "Image": null
    },
    {
      "Value": "41",
      "DisplayName": "Add Grain",
      "DisplayPosition": 41,
      "Icon": null,
      "Color": null,
      "Image": null
    },
    {
      "Value": "4",
      "DisplayName": "Copy to Leaves",
      "DisplayPosition": 4,
      "Icon": null,
      "Color": null,
      "Image": null
    },
    {
      "Value": "5",
      "DisplayName": "Sum",
      "DisplayPosition": 5,
      "Icon": null,
      "Color": null,
      "Image": null
    },
    {
      "Value": "6",
      "DisplayName": "Max",
      "DisplayPosition": 6,
      "Icon": null,
      "Color": null,
      "Image": null
    },
    {
      "Value": "21",
      "DisplayName": "Merge with external",
      "DisplayPosition": 10,
      "Icon": null,
      "Color": null,
      "Image": null
    },
    {
      "Value": "2",
      "DisplayName": "Split equally",
      "DisplayPosition": 3,
      "Icon": null,
      "Color": null,
      "Image": null
    },
    {
      "Value": "8",
      "DisplayName": "First child",
      "DisplayPosition": 8,
      "Icon": null,
      "Color": null,
      "Image": null
    },
    {
      "Value": "1",
      "DisplayName": "Disaggregate to first bucket",
      "DisplayPosition": 1,
      "Icon": null,
      "Color": null,
      "Image": null
    },
    {
      "Value": "42",
      "DisplayName": "Header Change",
      "DisplayPosition": 12,
      "Icon": null,
      "Color": null,
      "Image": null
    },
    {
      "Value": "3",
      "DisplayName": "Disaggregate to last bucket\t",
      "DisplayPosition": 2,
      "Icon": null,
      "Color": null,
      "Image": null
    },
    {
      "Value": "61",
      "DisplayName": "Time Difference",
      "DisplayPosition": 16,
      "Icon": null,
      "Color": null,
      "Image": null
    },
    {
      "Value": "10",
      "DisplayName": "Distribute Integer",
      "DisplayPosition": 4,
      "Icon": null,
      "Color": null,
      "Image": null
    },
    {
      "Value": "43",
      "DisplayName": "Add Measure with Mapping",
      "DisplayPosition": 43,
      "Icon": null,
      "Color": null,
      "Image": null
    },
    {
      "Value": "44",
      "DisplayName": "Add Grain with Mapping",
      "DisplayPosition": 44,
      "Icon": null,
      "Color": null,
      "Image": null
    },
    {
      "Value": "11",
      "DisplayName": "Average",
      "DisplayPosition": 11,
      "Icon": null,
      "Color": null,
      "Image": null
    },
    {
      "Value": "45",
      "DisplayName": "Assing Value",
      "DisplayPosition": 45,
      "Icon": null,
      "Color": null,
      "Image": null
    },
    {
      "Value": "33",
      "DisplayName": "Round down",
      "DisplayPosition": 33,
      "Icon": null,
      "Color": null,
      "Image": null
    },
    {
      "Value": "34",
      "DisplayName": "Round",
      "DisplayPosition": 34,
      "Icon": null,
      "Color": null,
      "Image": null
    },
    {
      "Value": "35",
      "DisplayName": "Round Up",
      "DisplayPosition": 35,
      "Icon": null,
      "Color": null,
      "Image": null
    },
    {
      "Value": "36",
      "DisplayName": "Round Up Max Hit",
      "DisplayPosition": 36,
      "Icon": null,
      "Color": null,
      "Image": null
    },
    {
      "Value": "37",
      "DisplayName": "Round Max Hit",
      "DisplayPosition": 37,
      "Icon": null,
      "Color": null,
      "Image": null
    },
    {
      "Value": "38",
      "DisplayName": "Round Down Max Hit",
      "DisplayPosition": 38,
      "Icon": null,
      "Color": null,
      "Image": null
    }
  ]
}