{
  "PickListName": "Supply Interaction External Rule Name Type",
  "PickListId": "c531ae98-74a9-4d37-981e-ac47664b7d9c",
  "PickListDescription": "Supply Interaction External Rule Name Type",
  "DataType": "number",
  "IsMultiSelectAllowed": true,
  "Values": [
    {
      "Value": "5",
      "DisplayName": "Division",
      "DisplayPosition": 5,
      "Icon": null,
      "Color": null,
      "Image": null
    },
    {
      "Value": "6",
      "DisplayName": "Multiplication",
      "DisplayPosition": 6,
      "Icon": null,
      "Color": null,
      "Image": null
    },
    {
      "Value": "3",
      "DisplayName": "Sum",
      "DisplayPosition": 3,
      "Icon": null,
      "Color": null,
      "Image": null
    },
    {
      "Value": "1",
      "DisplayName": "Assortment Spreading",
      "DisplayPosition": 1,
      "Icon": null,
      "Color": null,
      "Image": null
    },
    {
      "Value": "2",
      "DisplayName": "Basis",
      "DisplayPosition": 2,
      "Icon": null,
      "Color": null,
      "Image": null
    },
    {
      "Value": "4",
      "DisplayName": "Subtraction",
      "DisplayPosition": 4,
      "Icon": null,
      "Color": null,
      "Image": null
    }
  ]
}