{
  "MeasureGroupName": "o9EKG Data Grid",
  "MeasureGroupId": "18bab826-c1da-632b-48d2-dfedd7a0dbc1",
  "ParentMeasureGroupName": null,
  "HasShadow": false,
  "MeasureGroupDescription": "o9EKG Data Grid",
  "MeasureGroupType": "Regular",
  "FactTableName": "Facto9EKGDataGrid",
  "SchemaMajorVersion": 0,
  "ConfigJson": {},
  "ApiName": null,
  "Repartition": false,
  "Unpartition": false,
  "ApiEnabled": false,
  "DimensionUsages": [
    {
      "DimensionName": "Version",
      "AttributeName": "Version Name",
      "SortOrder": 0,
      "DimensionType": "Regular"
    },
    {
      "DimensionName": "Sequence",
      "AttributeName": "Sequence",
      "SortOrder": 1,
      "DimensionType": null
    }
  ]
}