{
  "AttributeName": "EA Nameplate",
  "AttributeId": "b1ca021c-855b-473a-8b72-9be8e67370d2",
  "AttributeHierarchyEnabled": true,
  "IsKey": false,
  "Description": "EA Nameplate",
  "OrderBy": "Key",
  "KeyColumnName": "EANameplateKey",
  "NameColumnName": "EANameplateName",
  "KeyColumnDataType": "integer",
  "SeedTags": false,
  "KeyGenerationType": "Auto",
  "PickListName": null,
  "ConfigJson": {},
  "FormatString": null,
  "Translation": null,
  "Aliases": null,
  "ApiName": null,
  "ApiDisabled": false,
  "FgColorFormula": null,
  "BgColorFormula": null,
  "IsReservedBySystem": false
}