{
  "AttributeName": "Goods Receipt ID",
  "AttributeId": "1744a1ad-39bb-a92b-2912-123b1f573237",
  "AttributeHierarchyEnabled": true,
  "IsKey": true,
  "Description": "Goods Receipt ID",
  "OrderBy": "Name",
  "KeyColumnName": "GoodsReceiptIDKey",
  "NameColumnName": "GoodsReceiptIDName",
  "KeyColumnDataType": "integer",
  "SeedTags": true,
  "KeyGenerationType": "Auto",
  "PickListName": null,
  "ConfigJson": {
    "ShowFilterAs": "TileView",
    "MemberDisplayNameEditable": true,
    "IsMultipleImage": false,
    "MemberDisplayColor": false
  },
  "FormatString": null,
  "Translation": null,
  "Aliases": [],
  "ApiName": null,
  "ApiDisabled": false,
  "FgColorFormula": null,
  "BgColorFormula": null,
  "IsReservedBySystem": false
}