{
  "Name": "Ranging Attributes Summary",
  "WidgetDefinitionName": "Ranging Attributes Summary",
  "IsPrimary": true,
  "ConfigJson": {
    "ContainerId": "d05aae86-93f4-4c71-88d3-bdb0fbdefabf",
    "CompositeContainerId": null,
    "Position": 0,
    "ShowInfoContext": {
      "ActionColumn": true,
      "RowInfo": true,
      "MemberInfo": true
    },
    "ShowHeader": {
      "Icon": "",
      "Color": null
    },
    "ActionButtonBindings": [
      {
        "ActionButtonName": "",
        "HotKey": "",
        "ModuleId": ""
      },
      {
        "ActionButtonName": "",
        "HotKey": "",
        "ModuleId": ""
      }
    ]
  },
  "ViewWidgetDefinitionId": "42966120-5ef4-3371-c957-6a5abde32e79",
  "Title": "Attribute Summary"
}