{
  "Name": "Download",
  "Description": null,
  "ActionButtonId": "fc11721f-681a-48e4-95d4-6fb092082502",
  "Tooltip": "Download",
  "ActionButtonType": "Download",
  "Alignment": "right",
  "IsPopOver": true,
  "IsGlobal": true,
  "ActionClickHandler": null,
  "Icon": null,
  "Image": null,
  "ConfigJson": {
    "DisplayName": "Download",
    "icon": "download",
    "SubmitButton": {
      "Label": "Download",
      "ProgressMessage": "Preparing Download. Please wait...",
      "ErrorMessage": "Error during download"
    },
    "ResetButton": {
      "Label": "Reset"
    },
    "CloseButton": {
      "Label": "Cancel"
    },
    "UseTranslation": false,
    "UseMemberDisplayNames": false,
    "SkipDimensionPrefix": false,
    "IBPLRules": [],
    "JavascriptRules": [],
    "FieldBindings": [],
    "Range": [],
    "DataSources": [],
    "AutoExecute": false,
    "isAsync": false,
    "hasMembersUpdates": false,
    "IsGlobalForExcelAddIn": false
  },
  "Widget": null,
  "Roles": []
}