{
  "MeasureName": "Daily Planning Scenario Limit",
  "MeasureId": "f284419e-164c-4ba9-98c3-7dbc59ed7b2c",
  "MeasureDescription": "Scenario limit for Daily Planning scenarios",
  "DataType": "integer",
  "MeasureType": "Regular",
  "AggregateFunction": "Sum",
  "FormatString": "#,##0",
  "MeasureColumnName": "DailyPlanningScenarioLimit",
  "MeasureFormula": "",
  "IsEditable": true,
  "ApplyConversion": false,
  "ConversionFormula": "",
  "PickListName": null,
  "BgColorFormula": null,
  "FgColorFormula": null,
  "TrendFormula": null,
  "FormattingViewModel": null,
  "ParentMeasureName": null,
  "AssociationMeasure": false,
  "IsComputedByPlanningService": false,
  "ToolTip": "Scenario limit for Daily Planning scenarios",
  "ConfigJson": {},
  "ApiName": null,
  "ApiDisabled": false,
  "IsReportingMeasure": false,
  "MeasureConditionalFormulaProperties": [],
  "PicklistSource": null
}