{
  "MeasureGroupName": "050 Scenario Management User Level",
  "MeasureGroupId": "90131059-22f5-42f7-a5a7-cc11898138d6",
  "ParentMeasureGroupName": null,
  "HasShadow": false,
  "MeasureGroupDescription": "Scenario management measures at Version x Personnel ",
  "MeasureGroupType": "Regular",
  "FactTableName": "Fact050ScenarioManagementUserLevel",
  "SchemaMajorVersion": 0,
  "ConfigJson": {},
  "ApiName": null,
  "Repartition": false,
  "Unpartition": false,
  "ApiEnabled": false,
  "DimensionUsages": [
    {
      "DimensionName": "Version",
      "AttributeName": "Version Name",
      "SortOrder": 0,
      "DimensionType": "Regular"
    },
    {
      "DimensionName": "Personnel",
      "AttributeName": "Email",
      "SortOrder": 1,
      "DimensionType": "Regular"
    }
  ]
}