{
  "AttributeName": "CDT5",
  "AttributeId": "b556ea53-a05b-52a2-276d-7f6d8de1eba0",
  "AttributeHierarchyEnabled": true,
  "IsKey": false,
  "Description": "Placeholder consumer decision tree attribute",
  "OrderBy": "Key",
  "KeyColumnName": "CDT5Key",
  "NameColumnName": "CDT5Name",
  "KeyColumnDataType": "integer",
  "SeedTags": false,
  "KeyGenerationType": "Auto",
  "PickListName": null,
  "ConfigJson": {
    "ShowFilterAs": "TileView",
    "MemberDisplayNameEditable": true,
    "IsMultipleImage": false,
    "MemberDisplayColor": false
  },
  "FormatString": null,
  "Translation": null,
  "Aliases": [],
  "ApiName": null,
  "ApiDisabled": false,
  "FgColorFormula": "",
  "BgColorFormula": "",
  "IsReservedBySystem": false
}