{
  "Name": "MFPInfoWSGlobalSales",
  "Description": "Information",
  "ActionButtonId": "325c3cd2-0291-76a7-f670-209bdfcb1a99",
  "Tooltip": "Report Information",
  "ActionButtonType": "Widget",
  "Alignment": "right",
  "IsPopOver": true,
  "IsGlobal": true,
  "ActionClickHandler": null,
  "Icon": null,
  "Image": null,
  "ConfigJson": {
    "icon": "info-circle",
    "SubmitButton": {
      "Label": " "
    },
    "ResetButton": {},
    "CloseButton": {
      "Label": " "
    },
    "NotifyRoles": false,
    "NotifyAll": false,
    "IBPLRules": [],
    "JavascriptRules": [],
    "FieldBindings": [
      {
        "fieldName": "Information",
        "title": "Information",
        "type": "info",
        "clearSearch": true,
        "source": "literal",
        "defaultValue": "<!DOCTYPE html> <html lang=\"en\"> <head>     <meta charset=\"UTF-8\">     <meta name=\"viewport\" content=\"width=device-width, initial-scale=1.0\">     <title>Wholesale Plan – Global Sales & Margin Targets</title> </head> <body style=\"text-align: left;\">     <p style=\"text-align: left;\"><strong>Overview</strong></p>     <p style=\"text-align: left;\">         Allows the wholesale planner to set global sales and margin targets at the Business Unit level.          Using historical data as a starting point, planners can adjust these targets for future periods.     </p>      <p style=\"text-align: left;\"><strong>How to Use</strong></p>     <p style=\"text-align: left;\">         1. Click the \"Seeding Plan\" button to prefill the plan using one of the following options: LY, LLY, LLLY, LRP, Adj LY, or Weighted —          at the Business Unit, Quarter, and Selling Season level.<br><br>         2. Update planned sales metrics, including global sales and margin targets.<br><br>         3. Click \"Approve Plan\" to finalize and submit the plan for the selected Business Unit.<br><br>     </p> </body> </html>",
        "visible": true,
        "isEditable": true,
        "validation": {
          "maxLength": "0",
          "required": true
        }
      }
    ],
    "Range": [],
    "DataSources": [],
    "AutoExecute": false,
    "isAsync": false,
    "hasMembersUpdates": false,
    "Compact": false,
    "TwoColumn": false,
    "IsGlobalForExcelAddIn": false,
    "ReturnFilterByUpdate": false,
    "ExcludeFromNavLink": false,
    "FilterFieldBindings": []
  },
  "Widget": null,
  "Roles": []
}