{
  "AttributeName": "Ext Line CommitID",
  "AttributeId": "5a152d39-3d6e-44c0-bf68-edc893fbf765",
  "AttributeHierarchyEnabled": true,
  "IsKey": false,
  "Description": "Stores Commit ID for transactions",
  "OrderBy": "Key",
  "KeyColumnName": "ExtLineCommitIDKey",
  "NameColumnName": "ExtLineCommitIDName",
  "KeyColumnDataType": "integer",
  "SeedTags": false,
  "KeyGenerationType": "Auto",
  "PickListName": null,
  "ConfigJson": {
    "ShowFilterAs": "TileView"
  },
  "FormatString": null,
  "Translation": null,
  "Aliases": [],
  "ApiName": null,
  "ApiDisabled": false
}