{
  "MeasureName": "Activity Actual End Date",
  "MeasureId": "686e5c24-4c05-ae19-4e62-d4fe281dd824",
  "MeasureDescription": "Actual date of completion of activity",
  "DataType": "datetime",
  "MeasureType": "Regular",
  "AggregateFunction": "Min",
  "FormatString": "dd-MMM-yy",
  "MeasureColumnName": "ActivityActualEndDate",
  "MeasureFormula": "",
  "IsEditable": true,
  "ApplyConversion": false,
  "ConversionFormula": "",
  "PickListName": null,
  "BgColorFormula": "",
  "FgColorFormula": "",
  "TrendFormula": "",
  "FormattingViewModel": "[]",
  "ParentMeasureName": null,
  "AssociationMeasure": false,
  "IsComputedByPlanningService": true,
  "ToolTip": "Actual date of completion of activity",
  "ConfigJson": {},
  "ApiName": null,
  "ApiDisabled": false,
  "IsReportingMeasure": false,
  "MeasureConditionalFormulaProperties": [],
  "PicklistSource": null
}