{
  "HierarchyName": "ShipmentLineID",
  "HierarchyId": "8f604c41-376f-6f7f-023c-d0dfbd75132c",
  "HierarchyDescription": "ShipmentLineID",
  "Translations": null,
  "Levels": [
    {
      "LevelName": "Ext ShipmentID",
      "LevelId": "60587115-a7f4-49d0-ad70-7114a7d6cbba",
      "SourceAttributeName": "Ext ShipmentID",
      "LevelDescription": "Stores Shipment ID for transactions",
      "LevelPosition": 0,
      "Translations": null
    },
    {
      "LevelName": "ShipmentLineID",
      "LevelId": "2bebe388-e82b-ebaf-f532-dcbc006b6472",
      "SourceAttributeName": "ShipmentLineID",
      "LevelDescription": "ShipmentLineID",
      "LevelPosition": 1,
      "Translations": null
    }
  ],
  "IsEnabled": true,
  "ErrorMessage": null
}