{
  "Name": "AP45PlaceholderCreationSC",
  "Description": "Create Style Color",
  "ActionButtonId": "0748d565-cbdd-5e3c-b4b3-dbf4e2af0736",
  "Tooltip": "Create Style Color",
  "ActionButtonType": "Rule",
  "Alignment": "right",
  "IsPopOver": true,
  "IsGlobal": false,
  "ActionClickHandler": null,
  "Icon": null,
  "Image": null,
  "ConfigJson": {
    "DisplayName": "Style Color",
    "icon": "plus",
    "Position": "0",
    "SubmitButton": {
      "Label": "Submit"
    },
    "ResetButton": {
      "Label": "Reset"
    },
    "CloseButton": {
      "Label": "Close",
      "ConfirmMessage": "Unsaved changes will be lost. Continue?"
    },
    "NotifyRoles": true,
    "NotifyAll": false,
    "IBPLRules": [
      {
        "template": "\nexec procedure AP45PlaceholderCreationSC {\"Version\": \"{{Version}}\", \"ItemClass\": \"{{ItemClass}}\", \"ItemProgram\": \"{{ItemProgram}}\", \"ItemStyle\" : \"{{ItemStyle}}\", \"SellingSeason\": \"{{SellingSeason}}\", \"Prefix\": \"{{Prefix}}\",\"SeqDimPrefix\": \"{{SeqDimPrefix}}\",\"ItemConcurrencyGrain\": \"{{ItemConcurrencyGrain}}\",\n\"EmptyAttributeFillValue\": \"{{EmptyAttributeFillValue}}\", \"NumNewSCPH\": {{NumNewSCPH}} , \"LikeSC\": \"{{LikeSC}}\", \"SourceSC\": \"{{SourceSC}}\", \"Channel\": [{{#csv Channel}}], \"Country\": [{{#csv Country}}], \"MaxNumStyleColors\": {{MaxNumStyleColors}},\"PlaceholderSuffix\": \"{{PlaceholderSuffix}}\",\"StyleColorGrain\": \"{{StyleColorGrain}}\",\"PHSource\": \"{{PHSource}}\",\"RosOption\":\"{{RosOption}}\" };"
      }
    ],
    "JavascriptRules": [
      {
        "modulename": "o9.ValidateCreateStyleColorInput",
        "functionname": "ValidateCreateStyleColorInput"
      }
    ],
    "FieldBindings": [
      {
        "fieldName": "Version",
        "title": "Version",
        "Description": "Version",
        "type": "picklistDropdown",
        "fieldGroup": "Create SC PH",
        "selectionType": "single",
        "clearSearch": true,
        "source": "filter",
        "DimensionName": "Version",
        "LevelAttributeName": "Version Name",
        "visible": false,
        "isEditable": false,
        "validation": {
          "maxLength": "0",
          "required": true
        }
      },
      {
        "fieldName": "SellingSeason",
        "title": "SellingSeason",
        "Description": "SellingSeason",
        "type": "picklistDropdown",
        "fieldGroup": "Create SC PH",
        "selectionType": "single",
        "clearSearch": true,
        "source": "filter",
        "DimensionName": "Selling Season",
        "LevelAttributeName": "Selling Season",
        "visible": false,
        "isEditable": true,
        "validation": {
          "maxLength": "0",
          "required": true
        }
      },
      {
        "fieldName": "ItemClass",
        "title": "Class",
        "Description": "Item Class",
        "type": "picklist",
        "fieldGroup": "Create SC PH",
        "selectionType": "single",
        "clearSearch": true,
        "source": "filter",
        "DimensionName": "Item",
        "LevelAttributeName": "L3",
        "visible": true,
        "isEditable": true,
        "validation": {
          "maxLength": "0",
          "required": true
        }
      },
      {
        "fieldName": "ItemProgram",
        "title": "Program",
        "Description": "Item Sub-Class",
        "type": "picklistDropdown",
        "fieldGroup": "Create SC PH",
        "selectionType": "single",
        "clearSearch": true,
        "source": "datasource",
        "key": "SourceProgram",
        "valueField": "Name",
        "textField": "DisplayName",
        "overrideFieldBindingType": false,
        "visible": true,
        "isEditable": true,
        "cascadeFrom": "ItemClass",
        "validation": {
          "maxLength": "0",
          "required": true
        }
      },
      {
        "fieldName": "ItemStyle",
        "title": "Style",
        "Description": "Style Name",
        "type": "picklistDropdown",
        "fieldGroup": "Create SC PH",
        "selectionType": "single",
        "clearSearch": true,
        "source": "datasource",
        "key": "SourceStyle",
        "valueField": "Name",
        "textField": "DisplayName",
        "overrideFieldBindingType": false,
        "visible": true,
        "isEditable": true,
        "cascadeFrom": "ItemProgram",
        "validation": {
          "maxLength": "0",
          "required": true
        }
      },
      {
        "fieldName": "Prefix",
        "title": "Prefix For Placeholder Name",
        "Description": "Prefix For Placeholder Name",
        "type": "string",
        "fieldGroup": "Create SC PH",
        "clearSearch": true,
        "source": "literal",
        "defaultValue": "PH-",
        "visible": false,
        "isEditable": false,
        "validation": {
          "maxLength": "0",
          "required": true
        }
      },
      {
        "fieldName": "NumNewSCPH",
        "title": "No. of SCs per style",
        "Description": "No. of SCs per style",
        "type": "number",
        "fieldGroup": "Create SC PH",
        "clearSearch": true,
        "source": "literal",
        "visible": true,
        "isEditable": true,
        "validation": {
          "maxLength": "0",
          "required": true
        }
      },
      {
        "fieldName": "Channel",
        "title": "Channel",
        "Description": "Channel",
        "type": "picklist",
        "selectionType": "multiple",
        "clearSearch": true,
        "source": "filter",
        "DimensionName": "Sales Domain",
        "LevelAttributeName": "Sales Planning Channel",
        "visible": true,
        "isEditable": true,
        "validation": {
          "maxLength": "0",
          "required": true
        },
        "fieldGroup": "Create SC PH"
      },
      {
        "fieldName": "Country",
        "title": "Country",
        "Description": "Country",
        "type": "picklist",
        "selectionType": "multiple",
        "clearSearch": true,
        "source": "filter",
        "DimensionName": "Location",
        "LevelAttributeName": "Location Country",
        "visible": true,
        "isEditable": true,
        "validation": {
          "maxLength": "0",
          "required": true
        },
        "fieldGroup": "Create SC PH"
      },
      {
        "fieldName": "LikeSC",
        "title": "Like Style Color?",
        "Description": "Like Style Color?",
        "type": "picklistDropdown",
        "fieldGroup": "Select Like SC",
        "selectionType": "single",
        "clearSearch": true,
        "source": "localPicklist",
        "values": [
          {
            "Key": "0",
            "Name": "No"
          },
          {
            "Key": "1",
            "Name": "Yes"
          }
        ],
        "valueField": "Name",
        "visible": true,
        "isEditable": true,
        "validation": {
          "maxLength": "0",
          "required": true
        }
      },
      {
        "fieldName": "SourceSC",
        "title": "Source Style Color",
        "Description": "Source Style Color",
        "type": "picklistDropdown",
        "fieldGroup": "Select Like SC",
        "selectionType": "single",
        "clearSearch": true,
        "select": "ALL",
        "source": "datasource",
        "key": "SourceSCDS",
        "valueField": "Name",
        "textField": "DisplayName",
        "overrideFieldBindingType": false,
        "visible": true,
        "isEditable": true,
        "cascadeFrom": "ItemStyle",
        "validation": {
          "maxLength": "0",
          "required": false
        }
      },
      {
        "fieldName": "MaxNumStyleColors",
        "title": "MaxNumStyleColors",
        "Description": "Max number of style colors that can be created in a single run of the action button",
        "type": "number",
        "clearSearch": false,
        "source": "literal",
        "defaultValue": "100",
        "visible": false,
        "isEditable": false,
        "validation": {
          "maxLength": "0",
          "required": true
        }
      },
      {
        "fieldName": "SeqDimPrefix",
        "title": "SeqDimPrefix",
        "Description": "Prefix of the sequence dimension to be used in the creation of placeholders from heatmap",
        "type": "string",
        "clearSearch": true,
        "source": "literal",
        "defaultValue": "LPH-",
        "visible": false,
        "isEditable": false,
        "validation": {
          "maxLength": "0",
          "required": true
        }
      },
      {
        "fieldName": "ItemConcurrencyGrain",
        "title": "ItemConcurrencyGrain",
        "Description": "Item dimension grain to allow for concurrent creation of placeholders",
        "type": "string",
        "clearSearch": true,
        "source": "literal",
        "defaultValue": "Item.[L3]",
        "visible": false,
        "isEditable": false,
        "validation": {
          "maxLength": "0",
          "required": true
        }
      },
      {
        "fieldName": "EmptyAttributeFillValue",
        "title": "EmptyAttributeFillValue",
        "Description": "Member to be used to fill attributes which are empty",
        "type": "string",
        "clearSearch": true,
        "source": "literal",
        "visible": false,
        "isEditable": false,
        "validation": {
          "maxLength": "0",
          "required": true
        },
        "defaultValue": "Undefined"
      },
      {
        "fieldName": "PlaceholderSuffix",
        "title": "PlaceholderSuffix",
        "Description": "The string to be added to the end of the placeholder name",
        "type": "string",
        "clearSearch": true,
        "source": "literal",
        "defaultValue": "SC-",
        "visible": false,
        "isEditable": false,
        "validation": {
          "maxLength": "0",
          "required": true
        }
      },
      {
        "fieldName": "StyleColorGrain",
        "title": "StyleColorGrain",
        "Description": "The grain at which style colors are created",
        "type": "string",
        "clearSearch": true,
        "source": "literal",
        "defaultValue": "Item.[Planning Item]",
        "visible": false,
        "isEditable": false,
        "validation": {
          "maxLength": "0",
          "required": true
        }
      },
      {
        "fieldName": "PHSource",
        "title": "PHSource",
        "type": "string",
        "clearSearch": true,
        "source": "literal",
        "defaultValue": "Manual",
        "visible": false,
        "isEditable": false,
        "validation": {
          "maxLength": "0",
          "required": true
        }
      },
      {
        "fieldName": "RosOption",
        "title": "RosOption",
        "type": "string",
        "clearSearch": true,
        "source": "literal",
        "defaultValue": "PAG ROS",
        "visible": false,
        "isEditable": false,
        "validation": {
          "maxLength": "0",
          "required": true
        }
      }
    ],
    "Range": [],
    "DataSources": [
      {
        "Name": "SourceSCDS",
        "IBPLRules": [
          {
            "template": "\nselect [Item].[L1]{{#filter ItemStyle}}.relatedmembers([Planning Item]);\n"
          }
        ],
        "JavascriptRules": [],
        "IncludeDSFieldsOnly": false,
        "FieldBindings": []
      },
      {
        "Name": "SourceProgram",
        "IBPLRules": [
          {
            "template": "select &APClasses{{#filter ItemClass}}.relatedmembers([L2]);"
          }
        ],
        "JavascriptRules": [],
        "IncludeDSFieldsOnly": false,
        "FieldBindings": []
      },
      {
        "Name": "SourceStyle",
        "IBPLRules": [
          {
            "template": "select [Item].[L2]{{#filter ItemProgram}}.relatedmembers([L1]);"
          }
        ],
        "JavascriptRules": [],
        "IncludeDSFieldsOnly": false,
        "FieldBindings": []
      }
    ],
    "AutoExecute": false,
    "isAsync": true,
    "hasMembersUpdates": false,
    "Compact": true,
    "TwoColumn": true,
    "IsGlobalForExcelAddIn": false,
    "NavigateTo": {
      "TargetWorkspaceName": "Assortment",
      "TargetPageName": "Line Build",
      "TargetViewName": "Placeholder Management"
    },
    "ExcludeFromNavLink": false,
    "FilterFieldBindings": [
      {
        "fieldName": "SellingSeason",
        "source": "existingfield",
        "DimensionName": "Selling Season",
        "LevelAttributeName": "Selling Season"
      },
      {
        "fieldName": "ItemClass",
        "source": "existingfield",
        "DimensionName": "Item",
        "LevelAttributeName": "L3"
      }
    ],
    "enableTransaction": false
  },
  "Widget": null,
  "Roles": []
}