{
  "MeasureName": "Display Stock SC L Override",
  "MeasureId": "d4cb3978-dab3-c706-aeb0-138b93cfac2a",
  "MeasureDescription": "Presenation Stock Input Override in Ranging",
  "DataType": "number",
  "MeasureType": "Regular",
  "AggregateFunction": "AvgNonNull",
  "FormatString": "#,##0;(#,##0)",
  "MeasureColumnName": "DisplayStockSCLOverride",
  "MeasureFormula": "",
  "IsEditable": true,
  "ApplyConversion": false,
  "ConversionFormula": "",
  "PickListName": null,
  "BgColorFormula": "",
  "FgColorFormula": "",
  "TrendFormula": "",
  "FormattingViewModel": "[]",
  "ParentMeasureName": null,
  "AssociationMeasure": false,
  "IsComputedByPlanningService": false,
  "ToolTip": "Presenation Stock Input Override in Ranging",
  "ConfigJson": {},
  "ApiName": null,
  "ApiDisabled": false,
  "IsReportingMeasure": false,
  "MeasureConditionalFormulaProperties": [],
  "PicklistSource": null
}