{
  "AttributeName": "Equipment",
  "AttributeId": "d12eadda-ffff-4858-82f2-0db629de9e56",
  "AttributeHierarchyEnabled": true,
  "IsKey": false,
  "Description": "Equipment",
  "OrderBy": "Key",
  "KeyColumnName": "EquipmentKey",
  "NameColumnName": "EquipmentName",
  "KeyColumnDataType": "integer",
  "SeedTags": false,
  "KeyGenerationType": "Auto",
  "PickListName": null,
  "ConfigJson": {},
  "FormatString": null,
  "Translation": null,
  "Aliases": [],
  "ApiName": null,
  "ApiDisabled": false
}