{
  "AttributeName": "Data Stream Type",
  "AttributeId": "4b026ec2-f0b0-4622-9ba2-0b55312cf954",
  "AttributeHierarchyEnabled": true,
  "IsKey": false,
  "Description": "Data Stream Type",
  "OrderBy": "Name",
  "KeyColumnName": "DataStreamWeekKey",
  "NameColumnName": "DataStreamWeekName",
  "KeyColumnDataType": "integer",
  "SeedTags": true,
  "KeyGenerationType": "Auto",
  "PickListName": null,
  "ConfigJson": {
    "ShowFilterAs": "TileView"
  },
  "FormatString": null,
  "Translation": null,
  "Aliases": [],
  "ApiName": null,
  "ApiDisabled": false
}