{
  "AttributeName": "IL6",
  "AttributeId": "f9b3b979-39c2-4fde-b9f3-6b2abebc7028",
  "AttributeHierarchyEnabled": true,
  "IsKey": false,
  "Description": "L6 Initiatives",
  "OrderBy": "Name",
  "KeyColumnName": "L6Key",
  "NameColumnName": "L6Name",
  "KeyColumnDataType": "integer",
  "SeedTags": true,
  "KeyGenerationType": "Auto",
  "PickListName": null,
  "ConfigJson": {
    "ShowFilterAs": "TileView",
    "MemberDisplayNameEditable": true,
    "IsMultipleImage": false
  },
  "FormatString": null,
  "Translation": null,
  "Aliases": [],
  "ApiName": null,
  "ApiDisabled": false
}