{
  "Name": "Network Parameters",
  "WidgetDefinitionName": "Network Parameters",
  "IsPrimary": true,
  "ConfigJson": {
    "ContainerId": "fe7e58d9-90d9-4cfa-8ba4-638cb1a77736",
    "CompositeContainerId": null,
    "Position": 0,
    "ShowInfoContext": {
      "ActionColumn": true,
      "RowInfo": true,
      "MemberInfo": true
    },
    "ShowHeader": {},
    "FilterPromotions": [],
    "FilterSharings": [
      {
        "LevelAttribute": {
          "Dimension": "o9PC Setting",
          "AttributeName": "Setting Group"
        },
        "MemberFilterExpression": "[o9PC Setting].[Setting Group].filter(#.Name == [Supply Model Aggregation])"
      },
      {
        "LevelAttribute": {
          "Dimension": "o9PC Component",
          "AttributeName": "Component Instance"
        },
        "MemberFilterExpression": "[o9PC Component].[Component].filter(#.Name == [Supply Model]).relatedmembers([Component Instance])"
      },
      {
        "LevelAttribute": {
          "Dimension": "Version",
          "AttributeName": "Version Name"
        },
        "DisableSelection": false
      }
    ],
    "ActionButtonBindings": [
      {
        "ActionButtonName": "PCSupplyPlan0400TransactionalCG",
        "HotKey": "",
        "ExcludeHiddenAttributes": false,
        "ModuleId": "69c63dc5-4f82-4296-89e9-7839154cd5be"
      }
    ]
  },
  "ViewWidgetDefinitionId": "67ac4422-5960-47d6-d272-3703f4c46aad",
  "Title": null
}