{
  "MeasureName": "Gross Margin %",
  "MeasureId": "0e81c6e6-f719-4f4c-b755-0fdc784d2b1b",
  "MeasureDescription": "Gross Margin %",
  "DataType": "number",
  "MeasureType": "Regular",
  "AggregateFunction": "Computed",
  "FormatString": "0.00%",
  "MeasureColumnName": "GrossMargin%",
  "MeasureFormula": "Safedivide(Measure.[VT Gross Margin Rtl],Measure.[Ttl Sls Rtl])",
  "IsEditable": false,
  "ApplyConversion": false,
  "ConversionFormula": "",
  "PickListName": null,
  "BgColorFormula": "",
  "FgColorFormula": "",
  "TrendFormula": "",
  "FormattingViewModel": "[]",
  "ParentMeasureName": null,
  "AssociationMeasure": false,
  "IsComputedByPlanningService": false,
  "ToolTip": "Gross Margin %",
  "ConfigJson": {},
  "ApiName": null,
  "ApiDisabled": false,
  "IsReportingMeasure": true,
  "MeasureConditionalFormulaProperties": [],
  "PicklistSource": null
}