{
  "MeasureGroupName": "007 Week Association",
  "MeasureGroupId": "a9247c0e-5adf-5794-efb2-d7371e8b1a63",
  "ParentMeasureGroupName": null,
  "HasShadow": false,
  "MeasureGroupDescription": "Week Association",
  "MeasureGroupType": "Regular",
  "FactTableName": "Fact007WeekAssociation",
  "SchemaMajorVersion": 0,
  "ConfigJson": {},
  "ApiName": null,
  "Repartition": false,
  "Unpartition": false,
  "ApiEnabled": false,
  "DimensionUsages": [
    {
      "DimensionName": "Version",
      "AttributeName": "Version Name",
      "SortOrder": 0,
      "DimensionType": "Regular"
    },
    {
      "DimensionName": "NamedNode",
      "AttributeName": "Retail_AP_FD_Time_NN",
      "SortOrder": 1,
      "DimensionType": "NamedNode"
    }
  ]
}