{
  "EdgePropertyId": "b7470c18-2115-48c9-aab1-8d97c37710af",
  "PropertyName": "D Substitute Item Depth Item Input",
  "PropertyDescription": "Substitute Item Depth Intermediate",
  "PropertyDataType": "number",
  "PropertyDataSize": 0,
  "PropertyColumnName": "DSubstituteItemDepthItemInput",
  "AggregateFunction": "Max",
  "PropertyFormula": null,
  "IsEditable": false,
  "FormatString": "#,##0",
  "ActivationProperty": false,
  "IsComputedByPlanningService": false,
  "ToolTip": null,
  "ApiName": null,
  "ApiDisabled": false,
  "BgColorFormula": null,
  "FgColorFormula": null,
  "TrendFormula": null,
  "FormattingViewModel": null,
  "ConditionalFormulas": []
}