{
  "Name": "81RunBacktestAttentionModel",
  "Description": null,
  "ActionButtonId": "2b4a6503-8d54-4515-8b18-0c28de11e2fb",
  "Tooltip": "Backtest Attention Model",
  "ActionButtonType": "Widget",
  "Alignment": "right",
  "IsPopOver": true,
  "IsGlobal": true,
  "ActionClickHandler": null,
  "Icon": null,
  "Image": null,
  "ConfigJson": {
    "icon": "angle-double-left",
    "SubmitButton": {
      "Label": "Submit",
      "ProgressMessage": "Executing...",
      "SuccessMessage": "Successfully Executed.",
      "ErrorMessage": "Error in Execution.",
      "ConfirmMessage": "Are you sure you want to go ahead with the changes?"
    },
    "ResetButton": {
      "Label": "Reset"
    },
    "CloseButton": {
      "Label": "Close",
      "ConfirmMessage": "Unsaved changes will be lost. Continue?"
    },
    "NotifyAll": false,
    "IBPLRules": [],
    "JavascriptRules": [
      {
        "modulename": "o9.DemandPlanning.BackTestAttention",
        "functionname": "BackTestAttention"
      }
    ],
    "FieldBindings": [
      {
        "fieldName": "PredictNoOfCycles",
        "title": "BackTest Cycles",
        "Description": "BackTest Cycles",
        "type": "number",
        "clearSearch": true,
        "source": "literal",
        "defaultValue": "6",
        "visible": true,
        "isEditable": false,
        "validation": {
          "maxLength": "0",
          "required": true
        }
      },
      {
        "fieldName": "VersionName",
        "title": "Version",
        "type": "picklist",
        "selectionType": "multiple",
        "clearSearch": true,
        "source": "filter",
        "DimensionName": "Version",
        "LevelAttributeName": "Version Name",
        "visible": true,
        "isEditable": true,
        "validation": {
          "maxLength": "0",
          "required": true
        }
      },
      {
        "fieldName": "SalesDomain",
        "title": "Stat Customer Group",
        "type": "picklist",
        "selectionType": "multiple",
        "clearSearch": true,
        "select": "ALL",
        "source": "members",
        "DimensionName": "Sales Domain",
        "LevelAttributeName": "Stat Customer Group",
        "visible": true,
        "isEditable": true,
        "validation": {
          "maxLength": "0",
          "required": true
        }
      },
      {
        "fieldName": "Item",
        "title": "Stat Item",
        "Description": "Item",
        "type": "picklist",
        "selectionType": "multiple",
        "clearSearch": true,
        "select": "ALL",
        "source": "members",
        "DimensionName": "Item",
        "LevelAttributeName": "Stat Item",
        "visible": true,
        "isEditable": true,
        "validation": {
          "maxLength": "0",
          "required": true
        }
      },
      {
        "fieldName": "Location",
        "title": "Stat Location",
        "Description": "Location",
        "type": "picklist",
        "selectionType": "multiple",
        "clearSearch": true,
        "select": "ALL",
        "source": "members",
        "DimensionName": "Location",
        "LevelAttributeName": "Stat Location",
        "visible": true,
        "isEditable": true,
        "validation": {
          "maxLength": "0",
          "required": true
        }
      },
      {
        "fieldName": "TID",
        "title": "Tournament ID",
        "type": "picklistDropdown",
        "selectionType": "single",
        "clearSearch": true,
        "source": "datasource",
        "key": "TID",
        "valueField": "AI Predict Tournament Execution Id",
        "textField": "AI Predict Tournament Execution Id",
        "visible": false,
        "isEditable": false,
        "cascadeFrom": "VersionName",
        "validation": {
          "maxLength": "0",
          "required": true
        }
      },
      {
        "fieldName": "RID",
        "title": "Recipe ID",
        "type": "picklist",
        "selectionType": "single",
        "clearSearch": false,
        "source": "datasource",
        "key": "RID",
        "valueField": "RID Placeholder Attention L1",
        "textField": "RID Placeholder Attention L1",
        "visible": true,
        "isEditable": true,
        "cascadeFrom": "VersionName",
        "validation": {
          "maxLength": "0",
          "required": true
        }
      },
      {
        "fieldName": "NoOfLags",
        "title": "Lag",
        "type": "number",
        "selectionType": "single",
        "clearSearch": true,
        "source": "literal",
        "defaultValue": "11",
        "visible": false,
        "isEditable": false,
        "validation": {
          "maxLength": "0",
          "required": true
        }
      },
      {
        "fieldName": "ForecastGenerationTimeLevel",
        "title": "Forecast Generation Time Bucket",
        "Description": "Forecast Generation Time Bucket",
        "type": "picklistDropdown",
        "selectionType": "single",
        "clearSearch": true,
        "select": "ALL",
        "source": "datasource",
        "key": "ForecastGenerationTimeLevel",
        "valueField": "Forecast Generation Time Bucket",
        "textField": "Forecast Generation Time Bucket",
        "visible": false,
        "isEditable": false,
        "cascadeFrom": "VersionName",
        "validation": {
          "maxLength": "0",
          "required": true
        }
      }
    ],
    "DataSources": [
      {
        "Name": "TID",
        "IBPLRules": [
          {
            "template": "Select ([Version].[Version Name]{{#filter VersionName}} * [AI Predict].[Predict Tournament].[DP033AIPredictAttentionAtL1Level] ) on row, \n({ Measure.[AI Predict Tournament Execution Id]}) on column;"
          }
        ],
        "JavascriptRules": [],
        "IncludeDSFieldsOnly": false,
        "FieldBindings": []
      },
      {
        "Name": "PredictCycles",
        "IBPLRules": [
          {
            "template": "Select &AllLags.filter(#.Key > 1 && #.Key <= 7);"
          }
        ],
        "JavascriptRules": [],
        "IncludeDSFieldsOnly": false,
        "FieldBindings": []
      },
      {
        "Name": "RID",
        "IBPLRules": [
          {
            "template": "Select ([Version].[Version Name]{{#filter VersionName}} ) on row, \n({Measure.[RID Placeholder Attention L1]}) on column;"
          }
        ],
        "JavascriptRules": [],
        "IncludeDSFieldsOnly": true,
        "FieldBindings": []
      },
      {
        "Name": "ForecastGenerationTimeLevel",
        "IBPLRules": [
          {
            "template": "Select ([Version].[Version Name]{{#filter VersionName}} ) on row, \n({Measure.[Forecast Generation Time Bucket]}) on column;"
          }
        ],
        "JavascriptRules": [],
        "IncludeDSFieldsOnly": false,
        "FieldBindings": []
      }
    ],
    "AutoExecute": false,
    "isAsync": true,
    "hasMembersUpdates": false,
    "Compact": false,
    "TwoColumn": false,
    "IsGlobalForExcelAddIn": false,
    "ReturnFilterByUpdate": false,
    "NavigateTo": {
      "TargetWorkspaceName": "Data Scientist_2",
      "TargetPageName": "Forecast Review",
      "TargetViewName": "Review"
    },
    "FilterFieldBindings": []
  },
  "Widget": null
}