{
  "Name": "CampaignPlan02AddItemLevelTransitionLoss",
  "Description": "Add Item Level Transition Loss",
  "ActionButtonId": "a08b8f2b-10cb-628f-3428-9916569de4db",
  "Tooltip": "Add Item Level Transition Loss",
  "ActionButtonType": "Widget",
  "Alignment": "right",
  "IsPopOver": true,
  "IsGlobal": true,
  "ActionClickHandler": null,
  "Icon": null,
  "Image": null,
  "ConfigJson": {
    "DisplayName": "Add Transition Loss",
    "icon": "plus",
    "SubmitButton": {
      "Label": "Submit"
    },
    "ResetButton": {
      "Label": "Reset"
    },
    "CloseButton": {
      "Label": "Close",
      "ConfirmMessage": "Unsaved changes will be lost. Continue?"
    },
    "NotifyAll": false,
    "IBPLRules": [
      {
        "template": "Cartesian scope: ([Version].[Version Name]{{#filter Version}} * [Location].[Location]{{#filter Location}} * [Resource].[Resource]{{#filter Resource}} * [Item].[Item]{{#filter Item}} * [To Item].[To Item]{{#filter ToItem}});\nMeasure.[Campaign Item Level Transition Loss o9 Input] = {{Input}} ;\nend scope ;"
      }
    ],
    "JavascriptRules": [],
    "FieldBindings": [
      {
        "fieldName": "Version",
        "title": "Version",
        "type": "picklistDropdown",
        "selectionType": "single",
        "clearSearch": true,
        "source": "filter",
        "DimensionName": "Version",
        "LevelAttributeName": "Version Name",
        "visible": true,
        "isEditable": true,
        "validation": {
          "maxLength": "0",
          "required": true
        }
      },
      {
        "fieldName": "Location",
        "title": "Plant Location",
        "type": "picklistDropdown",
        "selectionType": "single",
        "clearSearch": true,
        "select": "NONE",
        "source": "members",
        "DimensionName": "Location",
        "LevelAttributeName": "Location",
        "FilterExpression": "&AllPlantLocations",
        "visible": true,
        "isEditable": true,
        "validation": {
          "maxLength": "0",
          "required": true
        }
      },
      {
        "fieldName": "Resource",
        "title": "Resource",
        "type": "picklistDropdown",
        "selectionType": "single",
        "clearSearch": true,
        "select": "NONE",
        "source": "datasource",
        "overrideFieldBindingType": false,
        "visible": true,
        "isEditable": true,
        "cascadeFrom": "Location",
        "validation": {
          "maxLength": "0",
          "required": true
        },
        "key": "Resource",
        "valueField": "Name",
        "textField": "DisplayName"
      },
      {
        "fieldName": "Item",
        "title": "From Item",
        "type": "picklistDropdown",
        "selectionType": "single",
        "clearSearch": true,
        "select": "NONE",
        "source": "datasource",
        "overrideFieldBindingType": false,
        "visible": true,
        "isEditable": true,
        "cascadeFrom": "Resource",
        "validation": {
          "maxLength": "0",
          "required": true
        },
        "key": "Item",
        "valueField": "Name",
        "textField": "DisplayName"
      },
      {
        "fieldName": "ToItem",
        "title": "To Item",
        "type": "picklistDropdown",
        "selectionType": "single",
        "clearSearch": true,
        "select": "NONE",
        "source": "datasource",
        "overrideFieldBindingType": false,
        "visible": true,
        "isEditable": true,
        "cascadeFrom": "Resource",
        "validation": {
          "maxLength": "0",
          "required": true
        },
        "key": "ToItem",
        "valueField": "Name",
        "textField": "DisplayName"
      },
      {
        "fieldName": "Input",
        "title": "Transition Loss",
        "type": "number",
        "selectionType": "single",
        "clearSearch": true,
        "source": "literal",
        "visible": true,
        "isEditable": true,
        "validation": {
          "maxLength": "0",
          "required": true
        }
      }
    ],
    "Range": [],
    "DataSources": [
      {
        "Name": "Item",
        "IBPLRules": [
          {
            "template": "Select([Item].[Item]) where{[Version].[Version Name].[{{Version}}], [Location].[Location].[{{Location}}], [Resource].[Resource].[{{Resource}}], Measure.[Final Resource Routing Association] > 0}; "
          }
        ],
        "JavascriptRules": [],
        "IncludeDSFieldsOnly": false,
        "FieldBindings": []
      },
      {
        "Name": "ToItem",
        "IBPLRules": [
          {
            "template": "Select([Item].[Item]) where{[Version].[Version Name].[{{Version}}], [Location].[Location].[{{Location}}], [Resource].[Resource].[{{Resource}}], Measure.[Final Resource Routing Association] > 0}; "
          }
        ],
        "JavascriptRules": [],
        "IncludeDSFieldsOnly": false,
        "FieldBindings": []
      },
      {
        "Name": "Resource",
        "IBPLRules": [
          {
            "template": "Select([Resource].[Resource]) where{[Version].[Version Name].[{{Version}}], [Location].[Location].[{{Location}}], Measure.[Resource Location association] >0};"
          }
        ],
        "JavascriptRules": [],
        "IncludeDSFieldsOnly": false,
        "FieldBindings": []
      }
    ],
    "AutoExecute": false,
    "isAsync": true,
    "hasMembersUpdates": true,
    "Compact": true,
    "TwoColumn": false,
    "IsGlobalForExcelAddIn": false,
    "enableTransaction": false,
    "ReturnFilterByUpdate": false,
    "ExcludeFromNavLink": false,
    "FilterFieldBindings": []
  },
  "Widget": null,
  "Roles": []
}