{
  "Name": "ScopedScenarioCreation",
  "Description": null,
  "ActionButtonId": "859b29b0-6ef8-4eef-b127-8a66a8cc46b9",
  "Tooltip": "Scoped Scenario Creation",
  "ActionButtonType": "Widget",
  "Alignment": "right",
  "IsPopOver": true,
  "IsGlobal": true,
  "ActionClickHandler": null,
  "Icon": null,
  "Image": null,
  "ConfigJson": {
    "DisplayName": "Create Scenario",
    "icon": "sign-in",
    "SubmitButton": {
      "Label": "Submit"
    },
    "ResetButton": {
      "Label": "Reset"
    },
    "CloseButton": {
      "Label": "Close",
      "ConfirmMessage": "Unsaved changes will be lost. Continue?"
    },
    "NotifyAll": false,
    "IBPLRules": [
      {
        "template": "select Version.[Version Name].[{{sourcescenario}}].Key;",
        "output": {
          "name": "sourcescenariokey",
          "type": "memberpairs"
        }
      },
      {
        "template": "CreateScenario({{sourcescenariokey}},\"{{scenarioname}}\") using scope (&PlanningWeeks) include model [021 Bottom Up Plan], [031 Open To Buy Plan];",
        "input": {
          "name": "sourcescenariokey"
        }
      }
    ],
    "JavascriptRules": [],
    "FieldBindings": [
      {
        "fieldName": "scenarioname",
        "title": "New Scenario Name",
        "type": "string",
        "source": "literal",
        "visible": true,
        "isEditable": true,
        "validation": {
          "required": true,
          "maxLength": "0"
        },
        "clearSearch": true
      },
      {
        "fieldName": "sourcescenario",
        "title": "Source scenario",
        "type": "picklist",
        "selectionType": "single",
        "source": "filter",
        "key": "Version",
        "visible": true,
        "isEditable": true,
        "validation": {
          "required": true,
          "maxLength": "0"
        },
        "clearSearch": true,
        "DimensionName": "Version",
        "LevelAttributeName": "Version Name"
      }
    ],
    "DataSources": [],
    "AutoExecute": false,
    "isAsync": true,
    "hasMembersUpdates": false,
    "Compact": true,
    "TwoColumn": false,
    "IsGlobalForExcelAddIn": false,
    "ReturnFilterByUpdate": false,
    "FilterFieldBindings": []
  },
  "Widget": null
}