{
  "MeasureGroupName": "004 Style Color Selling Season Cluster Store Channel Association",
  "MeasureGroupId": "723e384f-3093-c4af-4bf7-b16cf2ee7e3f",
  "ParentMeasureGroupName": null,
  "HasShadow": false,
  "MeasureGroupDescription": "004 Style Color Selling Season Cluster Store Channel Association",
  "MeasureGroupType": "Regular",
  "FactTableName": "Fact004StyleColorSellingSeasonClusterStoreChannelAssociation",
  "SchemaMajorVersion": 0,
  "ConfigJson": {},
  "ApiName": null,
  "Repartition": false,
  "Unpartition": false,
  "ApiEnabled": false,
  "DimensionUsages": [
    {
      "DimensionName": "Version",
      "AttributeName": "Version Name",
      "SortOrder": 0,
      "DimensionType": "Regular"
    },
    {
      "DimensionName": "NamedNode",
      "AttributeName": "Retail_AP_FD_Common_NN",
      "SortOrder": 1,
      "DimensionType": "NamedNode"
    },
    {
      "DimensionName": "NamedNode",
      "AttributeName": "Retail_AP_RP_Product_Cluster_NN",
      "SortOrder": 2,
      "DimensionType": "NamedNode"
    }
  ]
}