{
  "PickListName": "CommonNetworkDISTParameters",
  "PickListId": "e635eb7b-ffe3-4853-8739-33454165b458",
  "PickListDescription": "DIST Network Parameters for Bulk Merge",
  "DataType": "string",
  "IsMultiSelectAllowed": false,
  "Values": [
    {
      "Value": "Item BODLane TransMode Lead Time Override",
      "DisplayName": "Item BODLane TransMode Lead Time",
      "DisplayPosition": 2,
      "Icon": null,
      "Color": null,
      "Image": null
    },
    {
      "Value": "Item BODLane TransMode Override Start Date",
      "DisplayName": "Item BODLane TransMode Start Date",
      "DisplayPosition": 3,
      "Icon": null,
      "Color": null,
      "Image": null
    },
    {
      "Value": "Item BODLane TransMode Override End Date",
      "DisplayName": "Item BODLane TransMode End Date",
      "DisplayPosition": 4,
      "Icon": null,
      "Color": null,
      "Image": null
    },
    {
      "Value": "Item BODLane TransMode Min Lot Size Override",
      "DisplayName": "Item BODLane TransMode Min LotSize",
      "DisplayPosition": 5,
      "Icon": null,
      "Color": null,
      "Image": null
    },
    {
      "Value": "Item BODLane TransMode Lot Size Increment Override",
      "DisplayName": "Item BODLane TransMode LotSize Increment",
      "DisplayPosition": 6,
      "Icon": null,
      "Color": null,
      "Image": null
    },
    {
      "Value": "Item BODLane TransMode Priority Override",
      "DisplayName": "Item BODLane TransMode Priority",
      "DisplayPosition": 7,
      "Icon": null,
      "Color": null,
      "Image": null
    },
    {
      "Value": "Item BODLane TransMode Association Override",
      "DisplayName": "Item BODLane TransMode Association",
      "DisplayPosition": 8,
      "Icon": null,
      "Color": null,
      "Image": null
    },
    {
      "Value": "Item BODLane TransMode Soft Lot Size Override",
      "DisplayName": "Item BODLane TransMode Soft Lot Size",
      "DisplayPosition": 9,
      "Icon": null,
      "Color": null,
      "Image": null
    },
    {
      "Value": "Deactivate BODLane",
      "DisplayName": "Deactivate BODLane",
      "DisplayPosition": 10,
      "Icon": null,
      "Color": null,
      "Image": null
    },
    {
      "Value": "From Location To Location Association Override",
      "DisplayName": "From Location To Location Association",
      "DisplayPosition": 0,
      "Icon": null,
      "Color": null,
      "Image": null
    },
    {
      "Value": "BODLane End Date IL Override",
      "DisplayName": "BODLane End Date IL Override",
      "DisplayPosition": 11,
      "Icon": null,
      "Color": null,
      "Image": null
    },
    {
      "Value": "BODLane Start Date IL Override",
      "DisplayName": "BODLane Start Date IL Override",
      "DisplayPosition": 12,
      "Icon": null,
      "Color": null,
      "Image": null
    },
    {
      "Value": "DIST Goods Receipt Time IL Override",
      "DisplayName": "DIST Goods Receipt Time IL Override",
      "DisplayPosition": 13,
      "Icon": null,
      "Color": null,
      "Image": null
    },
    {
      "Value": "DIST Planned Delivery Time IL Override",
      "DisplayName": "DIST Planned Delivery Time IL Override",
      "DisplayPosition": 14,
      "Icon": null,
      "Color": null,
      "Image": null
    },
    {
      "Value": "DIST Min Lot Size IL Override",
      "DisplayName": "DIST Min Lot Size IL Override",
      "DisplayPosition": 15,
      "Icon": null,
      "Color": null,
      "Image": null
    },
    {
      "Value": "DIST Lot Size Increment IL Override",
      "DisplayName": "DIST Lot Size Increment IL Override",
      "DisplayPosition": 16,
      "Icon": null,
      "Color": null,
      "Image": null
    },
    {
      "Value": "DIST Soft Lot Size IL Override",
      "DisplayName": "DIST Soft Lot Size IL Override",
      "DisplayPosition": 17,
      "Icon": null,
      "Color": null,
      "Image": null
    },
    {
      "Value": "Item From Location To Location Association Override",
      "DisplayName": "Item From Location To Location Association Override",
      "DisplayPosition": 1,
      "Icon": null,
      "Color": null,
      "Image": null
    },
    {
      "Value": "DIST Region TransMode Priority Override",
      "DisplayName": "DIST Region TransMode Priority Override",
      "DisplayPosition": 18,
      "Icon": null,
      "Color": null,
      "Image": null
    },
    {
      "Value": "W DIST Activity Priority Time Varying Override",
      "DisplayName": "W DIST Activity Priority Time Varying Override",
      "DisplayPosition": 19,
      "Icon": null,
      "Color": null,
      "Image": null
    },
    {
      "Value": "BOD Inbound Item Resource Location Consumed Per Override",
      "DisplayName": "BOD Inbound Item Resource Location Consumed Per Override",
      "DisplayPosition": 20,
      "Icon": null,
      "Color": null,
      "Image": null
    },
    {
      "Value": "BOD Outbound Item Resource Location Consumed Per Override",
      "DisplayName": "BOD Outbound Item Resource Location Consumed Per Override",
      "DisplayPosition": 21,
      "Icon": null,
      "Color": null,
      "Image": null
    }
  ]
}