{
  "PickListName": "CommonCapacityPROCParameters",
  "PickListId": "759e2443-5fa6-44db-871e-7aa0597dc9f0",
  "PickListDescription": "Capacity PROC Measures",
  "DataType": "string",
  "IsMultiSelectAllowed": false,
  "Values": [
    {
      "Value": "Flex2 Item Shared Supplier Capacity By Day",
      "DisplayName": "Flex2 Item Shared Supplier Capacity Daily",
      "DisplayPosition": 14,
      "Icon": null,
      "Color": null,
      "Image": null
    },
    {
      "Value": "Flex1 Item Supplier Capacity By Day",
      "DisplayName": "Flex1 Item Supplier Capacity Daily",
      "DisplayPosition": 10,
      "Icon": null,
      "Color": null,
      "Image": null
    },
    {
      "Value": "Flex1 Item Shared Supplier Capacity By Day",
      "DisplayName": "Flex1 Item Shared Supplier Capacity",
      "DisplayPosition": 4,
      "Icon": null,
      "Color": null,
      "Image": null
    },
    {
      "Value": "Flex2 Item Supplier Capacity By Day",
      "DisplayName": "Flex2 Item Supplier Capacity Daily",
      "DisplayPosition": 11,
      "Icon": null,
      "Color": null,
      "Image": null
    },
    {
      "Value": "Base Item Shared Supplier Capacity By Day",
      "DisplayName": "Base Item Shared Supplier Capacity Daily",
      "DisplayPosition": 12,
      "Icon": null,
      "Color": null,
      "Image": null
    },
    {
      "Value": "Base Item Supplier Capacity By Day",
      "DisplayName": "Base Item Supplier Capacity Daily",
      "DisplayPosition": 9,
      "Icon": null,
      "Color": null,
      "Image": null
    },
    {
      "Value": "Flex2 Item Supplier Capacity By Week",
      "DisplayName": "Flex2 Item Supplier Capacity Weekly",
      "DisplayPosition": 2,
      "Icon": null,
      "Color": null,
      "Image": null
    },
    {
      "Value": "Flex2 Item Supplier Location TransMode Capacity By Day",
      "DisplayName": "Flex2 Item Supplier Location TransMode Capacity Daily",
      "DisplayPosition": 17,
      "Icon": null,
      "Color": null,
      "Image": null
    },
    {
      "Value": "Flex2 Item Supplier Location TransMode Capacity By Week",
      "DisplayName": "Flex2 Item Supplier Location TransMode Capacity Weekly",
      "DisplayPosition": 8,
      "Icon": null,
      "Color": null,
      "Image": null
    },
    {
      "Value": "Flex1 Item Supplier Location TransMode Capacity By Day",
      "DisplayName": "Flex1 Item Supplier Location TransMode Capacity Daily",
      "DisplayPosition": 16,
      "Icon": null,
      "Color": null,
      "Image": null
    },
    {
      "Value": "Base Item Shared Supplier Capacity By Week",
      "DisplayName": "Base Item Shared Supplier Capacity Weekly",
      "DisplayPosition": 3,
      "Icon": null,
      "Color": null,
      "Image": null
    },
    {
      "Value": "Flex1 Item Supplier Location TransMode Capacity By Week",
      "DisplayName": "Flex1 Item Supplier Location TransMode Capacity Weekly",
      "DisplayPosition": 7,
      "Icon": null,
      "Color": null,
      "Image": null
    },
    {
      "Value": "\tFlex1 Item Shared Supplier Capacity By Week",
      "DisplayName": "Flex1 Item Share Supplier Capacity Weekly",
      "DisplayPosition": 4,
      "Icon": null,
      "Color": null,
      "Image": null
    },
    {
      "Value": "Flex1 Item Supplier Capacity By Week",
      "DisplayName": "Flex1 Item Supplier Capacity Weekly",
      "DisplayPosition": 1,
      "Icon": null,
      "Color": null,
      "Image": null
    },
    {
      "Value": "Flex2 Item Shared Supplier Capacity By Week",
      "DisplayName": "Flex2 Item Share Supplier Capacity Weekly",
      "DisplayPosition": 5,
      "Icon": null,
      "Color": null,
      "Image": null
    }
  ]
}