{
  "PickListName": "D CapacityMFGMeasuresCommon",
  "PickListId": "b8368998-a254-4451-91b4-9e4f1a633f09",
  "PickListDescription": "MFG Capacity at Location x Resource x Day",
  "DataType": "string",
  "IsMultiSelectAllowed": true,
  "Values": [
    {
      "Value": "CM Daily Flex Capacity Band1 Override",
      "DisplayName": "Flex Capacity Band1",
      "DisplayPosition": 1,
      "Icon": null,
      "Color": null,
      "Image": null
    },
    {
      "Value": "CM Daily Base Working Hrs Per Day Override Band1",
      "DisplayName": "Base Working Hrs Per Day Band 1",
      "DisplayPosition": 4,
      "Icon": null,
      "Color": null,
      "Image": null
    },
    {
      "Value": "CM Daily Maintenance Hours Override",
      "DisplayName": "Maintenance Hours",
      "DisplayPosition": 7,
      "Icon": null,
      "Color": null,
      "Image": null
    },
    {
      "Value": "CM Daily Flex Capacity Band2 Override",
      "DisplayName": "Flex Capacity Band2",
      "DisplayPosition": 2,
      "Icon": null,
      "Color": null,
      "Image": null
    },
    {
      "Value": "CM Daily Base Working Hrs Per Day Override",
      "DisplayName": "Base Working Hrs Per Day",
      "DisplayPosition": 3,
      "Icon": null,
      "Color": null,
      "Image": null
    },
    {
      "Value": "CM Daily Efficiency Override",
      "DisplayName": "Efficiency",
      "DisplayPosition": 6,
      "Icon": null,
      "Color": null,
      "Image": null
    },
    {
      "Value": "CM Daily Base Working Hrs Per Day Override Band2",
      "DisplayName": "Base Working Hrs Per Day Band 2",
      "DisplayPosition": 5,
      "Icon": null,
      "Color": null,
      "Image": null
    },
    {
      "Value": "CM Daily Artificial Base Capacity Override",
      "DisplayName": "Units Capacity",
      "DisplayPosition": 0,
      "Icon": null,
      "Color": null,
      "Image": null
    },
    {
      "Value": "CM Daily Run Down Hours Override",
      "DisplayName": "Run Down Hours",
      "DisplayPosition": 8,
      "Icon": null,
      "Color": null,
      "Image": null
    }
  ]
}