{
  "PickListName": "D CapacityPROCParameters",
  "PickListId": "de44fbc3-2146-4c4a-a334-6da8759b4540",
  "PickListDescription": "PROC Capacity Parameters for Bulk Merge",
  "DataType": "string",
  "IsMultiSelectAllowed": true,
  "Values": [
    {
      "Value": "D Base Item Shared Supplier Capacity Override",
      "DisplayName": "Base Item Shared Supplier Capacity Override",
      "DisplayPosition": 0,
      "Icon": null,
      "Color": null,
      "Image": null
    },
    {
      "Value": "D Flex2 Item Shared Supplier Capacity Override",
      "DisplayName": "Flex2 Item Shared Supplier Capacity Override",
      "DisplayPosition": 1,
      "Icon": null,
      "Color": null,
      "Image": null
    },
    {
      "Value": "D Base Item Supplier Capacity Override",
      "DisplayName": "Base Item Supplier Capacity Override",
      "DisplayPosition": 2,
      "Icon": null,
      "Color": null,
      "Image": null
    },
    {
      "Value": "D Flex1 Item Supplier Capacity Override",
      "DisplayName": "Flex1 Item Supplier Capacity Override",
      "DisplayPosition": 3,
      "Icon": null,
      "Color": null,
      "Image": null
    },
    {
      "Value": "D Flex2 Item Supplier Capacity Override",
      "DisplayName": "Flex2 Item Supplier Capacity Override",
      "DisplayPosition": 4,
      "Icon": null,
      "Color": null,
      "Image": null
    },
    {
      "Value": "D Flex1 Item Shared Supplier Capacity Override",
      "DisplayName": "Flex1 Item Shared Supplier Capacity Override",
      "DisplayPosition": 5,
      "Icon": null,
      "Color": null,
      "Image": null
    }
  ]
}