{
  "PickListName": "D CapacityDISTParameters",
  "PickListId": "c35a1877-32ee-4eda-abcf-cd8c6a979528",
  "PickListDescription": "DIST Capacity Parameters for Bulk Merge",
  "DataType": "string",
  "IsMultiSelectAllowed": true,
  "Values": [
    {
      "Value": "D BODLane Flex Capacity Band2 Override",
      "DisplayName": "BODLane Flex Capacity Band2 Override",
      "DisplayPosition": 0,
      "Icon": null,
      "Color": null,
      "Image": null
    },
    {
      "Value": "D BODLane Base Capacity Override",
      "DisplayName": "BODLane Base Capacity Override",
      "DisplayPosition": 1,
      "Icon": null,
      "Color": null,
      "Image": null
    },
    {
      "Value": "D BOD Shared Capacity Override",
      "DisplayName": "BOD Shared Capacity Override",
      "DisplayPosition": 2,
      "Icon": null,
      "Color": null,
      "Image": null
    },
    {
      "Value": "D BODLane Flex Capacity Band1 Override",
      "DisplayName": "BODLane Flex Capacity Band1 Override",
      "DisplayPosition": 3,
      "Icon": null,
      "Color": null,
      "Image": null
    },
    {
      "Value": "D BOD Shared Flex Capacity Band1 Override",
      "DisplayName": "BOD Shared Flex Capacity Band1 Override",
      "DisplayPosition": 4,
      "Icon": null,
      "Color": null,
      "Image": null
    },
    {
      "Value": "D BOD Shared Flex Capacity Band2 Override",
      "DisplayName": "BOD Shared Flex Capacity Band2 Override",
      "DisplayPosition": 5,
      "Icon": null,
      "Color": null,
      "Image": null
    }
  ]
}