{
  "PickListName": "D DemandParameters",
  "PickListId": "7bfeb2c8-092f-4203-8ceb-cd6bd65edff3",
  "PickListDescription": "Demand Parameters for Bulk Merge",
  "DataType": "string",
  "IsMultiSelectAllowed": false,
  "Values": [
    {
      "Value": "D Demand Quantity Override",
      "DisplayName": "Demand Quantity Override",
      "DisplayPosition": 0,
      "Icon": null,
      "Color": null,
      "Image": null
    },
    {
      "Value": "D Demand Build Ahead Limit Override",
      "DisplayName": "Demand Build Ahead Limit Override",
      "DisplayPosition": 1,
      "Icon": null,
      "Color": null,
      "Image": null
    },
    {
      "Value": "D Demand Build Late Limit Override",
      "DisplayName": "Demand Build Late Limit Override",
      "DisplayPosition": 2,
      "Icon": null,
      "Color": null,
      "Image": null
    },
    {
      "Value": "D Demand Priority Override",
      "DisplayName": "Demand Priority Override",
      "DisplayPosition": 3,
      "Icon": null,
      "Color": null,
      "Image": null
    }
  ]
}