{
  "PickListName": "D NetworkMFGParameters",
  "PickListId": "132001b1-2344-48b4-a93f-6f89b8d65206",
  "PickListDescription": "MFG Network Parameters for Bulk Merge",
  "DataType": "string",
  "IsMultiSelectAllowed": true,
  "Values": [
    {
      "Value": "D BOM Quantity Produced Per",
      "DisplayName": "BOM Quantity Produced Per",
      "DisplayPosition": 0,
      "Icon": null,
      "Color": null,
      "Image": null
    },
    {
      "Value": "D Item BOM Routing Association",
      "DisplayName": "Item BOM Routing Association",
      "DisplayPosition": 1,
      "Icon": null,
      "Color": null,
      "Image": null
    },
    {
      "Value": "D Item BOM Routing Priority",
      "DisplayName": "Item BOM Routing Priority",
      "DisplayPosition": 2,
      "Icon": null,
      "Color": null,
      "Image": null
    },
    {
      "Value": "D Item BOM Routing Min LotSize",
      "DisplayName": "Item BOM Routing Min LotSize",
      "DisplayPosition": 3,
      "Icon": null,
      "Color": null,
      "Image": null
    },
    {
      "Value": "D Item BOM Routing LotSize Increment",
      "DisplayName": "Item BOM Routing LotSize Increment",
      "DisplayPosition": 4,
      "Icon": null,
      "Color": null,
      "Image": null
    },
    {
      "Value": "D Routing Item Group Association",
      "DisplayName": "Routing Item Group Association",
      "DisplayPosition": 5,
      "Icon": null,
      "Color": null,
      "Image": null
    },
    {
      "Value": "D Routing Start Date Override",
      "DisplayName": "Routing Start Date Override",
      "DisplayPosition": 6,
      "Icon": null,
      "Color": null,
      "Image": null
    },
    {
      "Value": "D Routing End Date Override",
      "DisplayName": "Routing End Date Override",
      "DisplayPosition": 7,
      "Icon": null,
      "Color": null,
      "Image": null
    },
    {
      "Value": "D Routing Lead Time Override",
      "DisplayName": "Routing Lead Time Override",
      "DisplayPosition": 8,
      "Icon": null,
      "Color": null,
      "Image": null
    },
    {
      "Value": "D BOM Quantity Consumed Per",
      "DisplayName": "BOM Quantity Consumed Per",
      "DisplayPosition": 9,
      "Icon": null,
      "Color": null,
      "Image": null
    },
    {
      "Value": "D Consumed Resource Per",
      "DisplayName": "Consumed Resource Per",
      "DisplayPosition": 10,
      "Icon": null,
      "Color": null,
      "Image": null
    },
    {
      "Value": "D Resource Priority",
      "DisplayName": "Resource Priority",
      "DisplayPosition": 11,
      "Icon": null,
      "Color": null,
      "Image": null
    },
    {
      "Value": "D Resource Routing Association",
      "DisplayName": "Resource Routing Association",
      "DisplayPosition": 12,
      "Icon": null,
      "Color": null,
      "Image": null
    },
    {
      "Value": "D MFG Consumed Yield Static Override",
      "DisplayName": "MFG Consumed Yield Static Override",
      "DisplayPosition": 13,
      "Icon": null,
      "Color": null,
      "Image": null
    },
    {
      "Value": "D MFG Produced Yield Static Override",
      "DisplayName": "MFG Produced Yield Static Override",
      "DisplayPosition": 14,
      "Icon": null,
      "Color": null,
      "Image": null
    },
    {
      "Value": "D MFG Consumed Yield Time Varying Override",
      "DisplayName": "MFG Consumed Yield Time Varying Override",
      "DisplayPosition": 15,
      "Icon": null,
      "Color": null,
      "Image": null
    },
    {
      "Value": "D MFG Produced Yield Time Varying Override",
      "DisplayName": "MFG Produced Yield Time Varying Override",
      "DisplayPosition": 16,
      "Icon": null,
      "Color": null,
      "Image": null
    }
  ]
}