{
  "PickListName": "D TransactionalParameters",
  "PickListId": "03e5807d-0ca8-404c-ad28-8ac44cc80046",
  "PickListDescription": "Transactional Parameters for Bulk Merge",
  "DataType": "string",
  "IsMultiSelectAllowed": false,
  "Values": [
    {
      "Value": "PO ASN Delivery Quantity Override",
      "DisplayName": "PO ASN Delivery Quantity Override",
      "DisplayPosition": 0,
      "Icon": null,
      "Color": null,
      "Image": null
    },
    {
      "Value": "PO ASN Delivery Date Override",
      "DisplayName": "PO ASN Delivery Date Override",
      "DisplayPosition": 1,
      "Icon": null,
      "Color": null,
      "Image": null
    },
    {
      "Value": "STO Line Detail Quantity Override",
      "DisplayName": "STO Line Detail Quantity Override",
      "DisplayPosition": 2,
      "Icon": null,
      "Color": null,
      "Image": null
    },
    {
      "Value": "STO Line Detail Delivery Date Override",
      "DisplayName": "STO Line Detail Delivery Date Override",
      "DisplayPosition": 3,
      "Icon": null,
      "Color": null,
      "Image": null
    },
    {
      "Value": "PrO WIP Operation Quantity Override",
      "DisplayName": "MFG WIP Quantity Override",
      "DisplayPosition": 4,
      "Icon": null,
      "Color": null,
      "Image": null
    },
    {
      "Value": "PrO WIP Delivery Date Override",
      "DisplayName": "MFG WIP Finish Date Override",
      "DisplayPosition": 6,
      "Icon": null,
      "Color": null,
      "Image": null
    },
    {
      "Value": "InTransit Quantity Override",
      "DisplayName": "InTransit Quantity Override",
      "DisplayPosition": 7,
      "Icon": null,
      "Color": null,
      "Image": null
    },
    {
      "Value": "InTransit Delivery Date Override",
      "DisplayName": "InTransit Delivery Date Override",
      "DisplayPosition": 9,
      "Icon": null,
      "Color": null,
      "Image": null
    },
    {
      "Value": "PO Commit Delivered Quantity Override",
      "DisplayName": "PO Shipped Quantity Override",
      "DisplayPosition": 10,
      "Icon": null,
      "Color": null,
      "Image": null
    },
    {
      "Value": "PO Commit Quantity Override",
      "DisplayName": "PO Open Quantity Override",
      "DisplayPosition": 11,
      "Icon": null,
      "Color": null,
      "Image": null
    },
    {
      "Value": "PO Committed Delivery Date Override",
      "DisplayName": "PO Delivery Date Override",
      "DisplayPosition": 12,
      "Icon": null,
      "Color": null,
      "Image": null
    },
    {
      "Value": "D OnHand Quantity Override",
      "DisplayName": "OnHand Quantity Override",
      "DisplayPosition": 13,
      "Icon": null,
      "Color": null,
      "Image": null
    },
    {
      "Value": "PrO Detail Delivered Quantity Override",
      "DisplayName": "PrO Detail Delivered Quantity Override",
      "DisplayPosition": 14,
      "Icon": null,
      "Color": null,
      "Image": null
    },
    {
      "Value": "PrO Detail Quantity Override",
      "DisplayName": "PrO Detail Quantity Override",
      "DisplayPosition": 15,
      "Icon": null,
      "Color": null,
      "Image": null
    },
    {
      "Value": "PrO Detail Finish Date Override",
      "DisplayName": "PrO Detail Finish Date Override",
      "DisplayPosition": 16,
      "Icon": null,
      "Color": null,
      "Image": null
    }
  ]
}