{
  "PickListName": "D TransactionalMeasures5",
  "PickListId": "a8de71a8-250e-453e-ae06-026f2edeb627",
  "PickListDescription": "Purchase Orders Commits & ASN",
  "DataType": "string",
  "IsMultiSelectAllowed": true,
  "Values": [
    {
      "Value": "PO Commit Delivered Quantity Override",
      "DisplayName": "PO Commit Delivered Quantity",
      "DisplayPosition": 0,
      "Icon": null,
      "Color": null,
      "Image": null
    },
    {
      "Value": "PO Commit Quantity Override",
      "DisplayName": "PO Commit Quantity",
      "DisplayPosition": 1,
      "Icon": null,
      "Color": null,
      "Image": null
    },
    {
      "Value": "PO Committed Delivery Date Override",
      "DisplayName": "PO Committed Delivery Date",
      "DisplayPosition": 2,
      "Icon": null,
      "Color": null,
      "Image": null
    },
    {
      "Value": "PO ASN Delivery Quantity Override",
      "DisplayName": "PO ASN Delivery Quantity",
      "DisplayPosition": 3,
      "Icon": null,
      "Color": null,
      "Image": null
    },
    {
      "Value": "PO ASN Delivery Date Override",
      "DisplayName": "PO ASN Delivery Date",
      "DisplayPosition": 4,
      "Icon": null,
      "Color": null,
      "Image": null
    }
  ]
}