{
  "PickListName": "DemandParameters",
  "PickListId": "c93c142c-3ff5-4771-a7be-30969a62a8b1",
  "PickListDescription": "Demand Parameters for Bulk Merge",
  "DataType": "string",
  "IsMultiSelectAllowed": false,
  "Values": [
    {
      "Value": "W Demand Quantity Override",
      "DisplayName": "Demand Quantity Override",
      "DisplayPosition": 0,
      "Icon": null,
      "Color": null,
      "Image": null
    },
    {
      "Value": "W Demand Build Ahead Limit Override",
      "DisplayName": "Demand Build Ahead Limit Override",
      "DisplayPosition": 1,
      "Icon": null,
      "Color": null,
      "Image": null
    },
    {
      "Value": "W Demand Build Late Limit Override",
      "DisplayName": "Demand Build Late Limit Override",
      "DisplayPosition": 2,
      "Icon": null,
      "Color": null,
      "Image": null
    },
    {
      "Value": "W Demand Priority Override",
      "DisplayName": "Demand Priority Override",
      "DisplayPosition": 3,
      "Icon": null,
      "Color": null,
      "Image": null
    }
  ]
}