{
  "PickListName": "Keep/Refresh",
  "PickListId": "98ff06ca-eaee-226c-56d0-0c1379348fbb",
  "PickListDescription": "SP - Keep/Refresh",
  "DataType": "string",
  "IsMultiSelectAllowed": false,
  "Values": [
    {
      "Value": "Keep",
      "DisplayName": "Keep",
      "DisplayPosition": 1,
      "Icon": null,
      "Color": null,
      "Image": null
    },
    {
      "Value": "Refresh",
      "DisplayName": "Refresh",
      "DisplayPosition": 0,
      "Icon": null,
      "Color": null,
      "Image": null
    }
  ]
}