{
  "PickListName": "NetworkMFGMeasure3",
  "PickListId": "1f96a255-5cde-4aa9-a4bd-68d91a024729",
  "PickListDescription": "Item x Location x Routing",
  "DataType": "string",
  "IsMultiSelectAllowed": true,
  "Values": [
    {
      "Value": "o9 Routing End Date Override",
      "DisplayName": "Routing End Date Override",
      "DisplayPosition": 2,
      "Icon": null,
      "Color": null,
      "Image": null
    },
    {
      "Value": "o9 Routing Item Location Association",
      "DisplayName": "Routing Item Group Association",
      "DisplayPosition": 0,
      "Icon": null,
      "Color": null,
      "Image": null
    },
    {
      "Value": "o9 Routing Lead Time Override",
      "DisplayName": "Routing Lead Time Override",
      "DisplayPosition": 3,
      "Icon": null,
      "Color": null,
      "Image": null
    },
    {
      "Value": "o9 Routing Start Date Override",
      "DisplayName": "Routing Start Date Override",
      "DisplayPosition": 1,
      "Icon": null,
      "Color": null,
      "Image": null
    },
    {
      "Value": "o9 MFG Produced Yield Static",
      "DisplayName": "MFG Produced Yield Static Override",
      "DisplayPosition": 5,
      "Icon": null,
      "Color": null,
      "Image": null
    },
    {
      "Value": "o9 MFG Consumed Yield Static",
      "DisplayName": "MFG Consumed Yield Static Override",
      "DisplayPosition": 4,
      "Icon": null,
      "Color": null,
      "Image": null
    }
  ]
}