{
  "PickListName": "NetworkMFGMeasure1",
  "PickListId": "980bb400-df65-4c09-bcfc-bd4c8be3fffb",
  "PickListDescription": "BOM x Item x Location",
  "DataType": "string",
  "IsMultiSelectAllowed": true,
  "Values": [
    {
      "Value": "o9 BOM Quantity Produced Per",
      "DisplayName": "BOM Quantity Produced Per",
      "DisplayPosition": 0,
      "Icon": null,
      "Color": null,
      "Image": null
    },
    {
      "Value": "o9 BOM Quantity Consumed Per",
      "DisplayName": "BOM Quantity Consumed Per",
      "DisplayPosition": 1,
      "Icon": null,
      "Color": null,
      "Image": null
    }
  ]
}