{
  "PickListName": "NetworkMFGMeasure5",
  "PickListId": "21fa2916-f10c-44ac-96bb-9e424b4bb40a",
  "PickListDescription": "ItemxLocationxRoutingxWeek",
  "DataType": "string",
  "IsMultiSelectAllowed": true,
  "Values": [
    {
      "Value": "MFG Consumed Yield Time Varying",
      "DisplayName": "MFG Consumed Yield Time Varying Override",
      "DisplayPosition": 0,
      "Icon": null,
      "Color": null,
      "Image": null
    },
    {
      "Value": "MFG Produced Yield Time Varying Override",
      "DisplayName": "MFG Produced Yield Time Varying",
      "DisplayPosition": 1,
      "Icon": null,
      "Color": null,
      "Image": null
    }
  ]
}