{
  "PickListName": "PROCType",
  "PickListId": "df028409-6c37-475d-bd25-5b7aacd40024",
  "PickListDescription": "Procurement Type",
  "DataType": "string",
  "IsMultiSelectAllowed": false,
  "Values": [
    {
      "Value": "PROC",
      "DisplayName": "PROC",
      "DisplayPosition": 0,
      "Icon": null,
      "Color": null,
      "Image": null
    },
    {
      "Value": "MFG_PROC",
      "DisplayName": "MFG_PROC",
      "DisplayPosition": 0,
      "Icon": null,
      "Color": null,
      "Image": null
    },
    {
      "Value": "PROC_DIST",
      "DisplayName": "PROC_DIST",
      "DisplayPosition": 0,
      "Icon": null,
      "Color": null,
      "Image": null
    },
    {
      "Value": "DIST_MFG_PROC",
      "DisplayName": "DIST_MFG_PROC",
      "DisplayPosition": 0,
      "Icon": null,
      "Color": null,
      "Image": null
    },
    {
      "Value": "MFG",
      "DisplayName": "MFG",
      "DisplayPosition": 0,
      "Icon": null,
      "Color": null,
      "Image": null
    },
    {
      "Value": "DIST",
      "DisplayName": "DIST",
      "DisplayPosition": 0,
      "Icon": null,
      "Color": null,
      "Image": null
    },
    {
      "Value": "DIST_MFG",
      "DisplayName": "DIST_MFG",
      "DisplayPosition": 0,
      "Icon": null,
      "Color": null,
      "Image": null
    }
  ]
}