{
  "PickListName": "PROCFrozenWindowFlag",
  "PickListId": "9081a414-559a-45f8-b93e-0800e5dca1d0",
  "PickListDescription": "PROCFrozenWindowFlag",
  "DataType": "string",
  "IsMultiSelectAllowed": false,
  "Values": [
    {
      "Value": "Lead Time",
      "DisplayName": "Lead Time",
      "DisplayPosition": 0,
      "Icon": null,
      "Color": null,
      "Image": null
    },
    {
      "Value": "Supplier Commits",
      "DisplayName": "Supplier Commits",
      "DisplayPosition": 1,
      "Icon": null,
      "Color": null,
      "Image": null
    },
    {
      "Value": "Purchase Orders",
      "DisplayName": "Purchase Orders",
      "DisplayPosition": 2,
      "Icon": null,
      "Color": null,
      "Image": null
    },
    {
      "Value": "Expected Receipts",
      "DisplayName": "Expected Receipts",
      "DisplayPosition": 4,
      "Icon": null,
      "Color": null,
      "Image": null
    },
    {
      "Value": "User Input",
      "DisplayName": "User Input",
      "DisplayPosition": 5,
      "Icon": null,
      "Color": null,
      "Image": null
    }
  ]
}