{
  "PickListName": "Sort By",
  "PickListId": "6ea06faf-fde7-4f04-b286-dabc3505ebb7",
  "PickListDescription": "Sort By for Cello Plan Parameters",
  "DataType": "string",
  "IsMultiSelectAllowed": false,
  "Values": [
    {
      "Value": "Ascending",
      "DisplayName": "Ascending",
      "DisplayPosition": 0,
      "Icon": null,
      "Color": null,
      "Image": null
    },
    {
      "Value": "Descending",
      "DisplayName": "Descending",
      "DisplayPosition": 1,
      "Icon": null,
      "Color": null,
      "Image": null
    }
  ]
}