{
  "PickListName": "TransactionalParameters",
  "PickListId": "ebbe741a-2b0d-4a61-9a1b-a1c8ccc0bff7",
  "PickListDescription": "Transactional Parameters for Bulk Merge",
  "DataType": "string",
  "IsMultiSelectAllowed": false,
  "Values": [
    {
      "Value": "W MFG WIP Start Date Override",
      "DisplayName": "MFG WIP Start Date Override",
      "DisplayPosition": 1,
      "Icon": null,
      "Color": null,
      "Image": null
    },
    {
      "Value": "W STO Delivery Date Override",
      "DisplayName": "STO Delivery Date Override",
      "DisplayPosition": 9,
      "Icon": null,
      "Color": null,
      "Image": null
    },
    {
      "Value": "W MFG WIP Operation Quantity Override",
      "DisplayName": "MFG WIP Operation Quantity Override",
      "DisplayPosition": 4,
      "Icon": null,
      "Color": null,
      "Image": null
    },
    {
      "Value": "W InTransit Delivery Date Override",
      "DisplayName": "InTransit Delivery Date Override",
      "DisplayPosition": 6,
      "Icon": null,
      "Color": null,
      "Image": null
    },
    {
      "Value": "W InTransit Quantity Override",
      "DisplayName": "InTransit Quantity Override",
      "DisplayPosition": 5,
      "Icon": null,
      "Color": null,
      "Image": null
    },
    {
      "Value": "W PO Shipped Quantity Override",
      "DisplayName": "PO Shipped Quantity Override",
      "DisplayPosition": 13,
      "Icon": null,
      "Color": null,
      "Image": null
    },
    {
      "Value": "W STO Quantity Override",
      "DisplayName": "STO Quantity Override",
      "DisplayPosition": 10,
      "Icon": null,
      "Color": null,
      "Image": null
    },
    {
      "Value": "W MFG WIP Operation Delivery Date Override",
      "DisplayName": "MFG WIP Operation Delivery Date Override",
      "DisplayPosition": 3,
      "Icon": null,
      "Color": null,
      "Image": null
    },
    {
      "Value": "W PO Shipped Quantity Delivery Date Override",
      "DisplayName": "PO Shipped Quantity Delivery Date",
      "DisplayPosition": 14,
      "Icon": null,
      "Color": null,
      "Image": null
    },
    {
      "Value": "W PO Open Quantity Override",
      "DisplayName": "PO Open Quantity Override",
      "DisplayPosition": 11,
      "Icon": null,
      "Color": null,
      "Image": null
    },
    {
      "Value": "W MFG WIP Finish Date Override",
      "DisplayName": "MFG WIP Finish Date Override",
      "DisplayPosition": 2,
      "Icon": null,
      "Color": null,
      "Image": null
    },
    {
      "Value": "W Sched Receipt Delivery Date Override",
      "DisplayName": "Sched Receipt Delivery Date Override",
      "DisplayPosition": 8,
      "Icon": null,
      "Color": null,
      "Image": null
    },
    {
      "Value": "W PO Delivery Date Override",
      "DisplayName": "PO Delivery Date Override",
      "DisplayPosition": 12,
      "Icon": null,
      "Color": null,
      "Image": null
    },
    {
      "Value": "W Sched Receipt Quantity Override",
      "DisplayName": "Sched Receipt Quantity Override",
      "DisplayPosition": 7,
      "Icon": null,
      "Color": null,
      "Image": null
    },
    {
      "Value": "W OnHand Quantity Override",
      "DisplayName": "OnHand Quantity Override",
      "DisplayPosition": 15,
      "Icon": null,
      "Color": null,
      "Image": null
    },
    {
      "Value": "W MFG WIP Quantity Override",
      "DisplayName": "MFG WIP Quantity Override",
      "DisplayPosition": 0,
      "Icon": null,
      "Color": null,
      "Image": null
    }
  ]
}