{
  "PickListName": "Unit Of Measurement",
  "PickListId": "e71226b6-7dfd-5ff9-316f-15cce4527991",
  "PickListDescription": "List Of UOMs",
  "DataType": "string",
  "IsMultiSelectAllowed": false,
  "Values": [
    {
      "Value": "Pallet",
      "DisplayName": "Pallet",
      "DisplayPosition": 1,
      "Icon": null,
      "Color": null,
      "Image": null
    },
    {
      "Value": "Carton",
      "DisplayName": "Carton",
      "DisplayPosition": 2,
      "Icon": null,
      "Color": null,
      "Image": null
    },
    {
      "Value": "Each",
      "DisplayName": "Each",
      "DisplayPosition": 0,
      "Icon": null,
      "Color": null,
      "Image": null
    }
  ]
}