{
  "Name": "o9EKGDeleteProject",
  "Description": "Delete Project",
  "ActionButtonId": "ad0fb6e6-d915-32e6-8a61-f974691fa3cb",
  "Tooltip": "Delete Project",
  "ActionButtonType": "Widget",
  "Alignment": "right",
  "IsPopOver": true,
  "IsGlobal": true,
  "ActionClickHandler": null,
  "Icon": null,
  "Image": null,
  "ConfigJson": {
    "DisplayName": "Delete",
    "icon": "close",
    "SubmitButton": {
      "Label": "Submit",
      "ConfirmMessage": "This action will permanently delete the selected project and all related info and not recoverable. Are you sure you want to continue?",
      "ProgressMessage": "Executing rules, please wait for 2 minutes approx. for each project."
    },
    "ResetButton": {},
    "CloseButton": {
      "Label": "Close"
    },
    "NotifyRoles": false,
    "NotifyAll": false,
    "IBPLRules": [
      {
        "template": "//clear EKGSubscription table//\n{{#each Project}}\nEXEC plugin instance o9EKGDeleteProjectInfo for measures {[o9EKG Project Implementer Key]}  using scope (&CWV * [o9EKG Customer].[Project Name].[{{this}}] ); \n{{/each}}"
      },
      {
        "template": "//Delete//\n\n{{#each Project}}\ndeletemember ([o9EKG Customer].[Project Name] = {, \"{{this}}\" }) cascade;\n{{/each}}\n"
      },
      {
        "template": "purge members ();"
      }
    ],
    "JavascriptRules": [],
    "FieldBindings": [
      {
        "fieldName": "Info",
        "title": "Info",
        "type": "info",
        "clearSearch": true,
        "source": "literal",
        "defaultValue": "Selected project will be deleted permanently. This action is Irreversible.",
        "visible": true,
        "isEditable": true,
        "validation": {
          "maxLength": "0",
          "required": true
        }
      },
      {
        "fieldName": "user",
        "title": "user",
        "type": "picklistDropdown",
        "selectionType": "single",
        "clearSearch": true,
        "source": "datasource",
        "key": "CurrentUserDSR",
        "valueField": "Name",
        "textField": "Name",
        "overrideFieldBindingType": false,
        "visible": false,
        "isEditable": false,
        "validation": {
          "maxLength": "0",
          "required": true
        }
      },
      {
        "fieldName": "Project",
        "title": "Project",
        "type": "picklistDropdown",
        "selectionType": "multiple",
        "clearSearch": true,
        "source": "datasource",
        "key": "CurrentProject",
        "valueField": "Project Name",
        "textField": "Project Name",
        "overrideFieldBindingType": false,
        "visible": true,
        "isEditable": true,
        "cascadeFrom": "user",
        "validation": {
          "maxLength": "0",
          "required": true
        },
        "select": "NONE"
      }
    ],
    "Range": [],
    "DataSources": [
      {
        "Name": "CurrentUserDSR",
        "IBPLRules": [
          {
            "template": "select currentuser();"
          }
        ],
        "JavascriptRules": [],
        "IncludeDSFieldsOnly": false,
        "FieldBindings": []
      },
      {
        "Name": "CurrentProject",
        "IBPLRules": [
          {
            "template": "//my projects// \n\nselect ([o9EKG Customer].[Project Name]*&CWV*{Measure.[o9EKG Project Created By]}) where {Measure.[o9EKG Project Created By]==\"{{user}}\"};"
          }
        ],
        "JavascriptRules": [],
        "IncludeDSFieldsOnly": false,
        "FieldBindings": []
      }
    ],
    "AutoExecute": false,
    "isAsync": true,
    "hasMembersUpdates": true,
    "Compact": true,
    "TwoColumn": false,
    "IsGlobalForExcelAddIn": false,
    "ReturnFilterByUpdate": false,
    "ExcludeFromNavLink": false,
    "FilterFieldBindings": [],
    "enableTransaction": false
  },
  "Widget": null,
  "Roles": [
    "EKG_DataAdmin",
    "EKG_Intg_Arch"
  ]
}