{
  "Name": "SupplyPlan145DisablePROCLoadingResource",
  "Description": "SupplyPlan145DisablePROCLoadingResource",
  "ActionButtonId": "b5284b0f-102a-9c25-6b7f-536a8b1c4175",
  "Tooltip": "Disable Loading Resource at a Destination Loc",
  "ActionButtonType": "Widget",
  "Alignment": "right",
  "IsPopOver": true,
  "IsGlobal": true,
  "ActionClickHandler": null,
  "Icon": null,
  "Image": null,
  "ConfigJson": {
    "icon": "minus",
    "SubmitButton": {
      "Label": "Submit"
    },
    "ResetButton": {
      "Label": "Reset"
    },
    "CloseButton": {
      "Label": "Close",
      "ConfirmMessage": "Unsaved changes will be lost. Continue?"
    },
    "NotifyAll": false,
    "IBPLRules": [
      {
        "template": "scope: (Version.[Version Name]{{#filter Version}} * Location.Location{{#filter Location}} ); \nMeasure.[PROC Loading Shared Resource Association] = Null; \nend scope;\n\nscope: (Version.[Version Name]{{#filter Version}} * Location.Location{{#filter Location}} ); \nMeasure.[PROC Loading Shared Resource Association] = null;\nMeasure.[PROC Loading Shared Resource Association NC Deletion] = 1;\nend scope;\n\n\nCartesian scope: (Version.[Version Name]{{#filter Version}} * Location.Location{{#filter Location}} ); \nMeasure.[PROC Loading Shared Resource Association NC Deletion] = 1;\nend scope;\n\nscope: (Version.[Version Name]{{#filter Version}} * Location.Location{{#filter Location}} ); \nMeasure.[PROC Loading Shared Resource Association NC Addition] = Null;\nend scope;"
      }
    ],
    "JavascriptRules": [],
    "FieldBindings": [
      {
        "fieldName": "Version",
        "title": "Version",
        "Description": "Version Name",
        "type": "picklistDropdown",
        "selectionType": "single",
        "clearSearch": true,
        "source": "filter",
        "DimensionName": "Version",
        "LevelAttributeName": "Version Name",
        "visible": true,
        "isEditable": true,
        "validation": {
          "maxLength": "0",
          "required": true
        }
      },
      {
        "fieldName": "Location",
        "title": "Destination Location",
        "Description": "Location",
        "type": "picklistDropdown",
        "selectionType": "single",
        "clearSearch": true,
        "source": "parentAttribute",
        "DimensionName": "Location",
        "key": {
          "LevelAttribute": {
            "Name": "Location",
            "Property": "Name"
          }
        },
        "visible": true,
        "isEditable": true,
        "validation": {
          "maxLength": "0",
          "required": true
        }
      }
    ],
    "DataSources": [],
    "AutoExecute": false,
    "isAsync": false,
    "hasMembersUpdates": false,
    "Compact": false,
    "TwoColumn": false,
    "IsGlobalForExcelAddIn": false,
    "ReturnFilterByUpdate": false,
    "ExcludeFromNavLink": false,
    "FilterFieldBindings": []
  },
  "Widget": null
}