{
  "MeasureGroupName": "015 Product Attribute Group Selling Season Level Inputs",
  "MeasureGroupId": "e350f6fe-7825-fd47-c7ef-5898808552f8",
  "ParentMeasureGroupName": null,
  "HasShadow": false,
  "MeasureGroupDescription": "015 Product Attribute Group Selling Season Level Inputs",
  "MeasureGroupType": "Regular",
  "FactTableName": "Fact015ProductAttributeGroupSellingSeasonLevelInputs",
  "SchemaMajorVersion": 0,
  "ConfigJson": {},
  "ApiName": null,
  "Repartition": false,
  "Unpartition": false,
  "ApiEnabled": false,
  "DimensionUsages": [
    {
      "DimensionName": "Version",
      "AttributeName": "Version Name",
      "SortOrder": 0,
      "DimensionType": "Regular"
    },
    {
      "DimensionName": "NamedNode",
      "AttributeName": "Retail_AP_FD_Product_NN",
      "SortOrder": 1,
      "DimensionType": "NamedNode"
    },
    {
      "DimensionName": "NamedNode",
      "AttributeName": "Retail_AP_FD_Season_NN",
      "SortOrder": 2,
      "DimensionType": "NamedNode"
    }
  ]
}