{
  "EdgePropertyId": "9c0a0085-0be1-4773-b486-d5154d44ff41",
  "PropertyName": "Location Realignment Percentage Weighted",
  "PropertyDescription": "Edge carrying the weighted percentage of shipments to be realigned for Location Realignment",
  "PropertyDataType": "number",
  "PropertyDataSize": 0,
  "PropertyColumnName": "LocationRealignmentPercentageWeighted",
  "AggregateFunction": "AvgNonNull",
  "PropertyFormula": "",
  "IsEditable": false,
  "FormatString": "0%",
  "ActivationProperty": false,
  "IsComputedByPlanningService": false,
  "ToolTip": null,
  "ApiName": null,
  "ApiDisabled": false,
  "BgColorFormula": "",
  "FgColorFormula": "",
  "TrendFormula": "",
  "FormattingViewModel": null,
  "ConditionalFormulas": []
}