{
  "Name": "AP13ProcHolidayCalendar",
  "Description": "Populate Procurement Holiday Calendar",
  "ActionButtonId": "877e1594-786f-4145-9326-6ac5f56ab6f9",
  "Tooltip": "Populate Procurement Holiday Calendar",
  "ActionButtonType": "Rule",
  "Alignment": "right",
  "IsPopOver": true,
  "IsGlobal": false,
  "ActionClickHandler": null,
  "Icon": null,
  "Image": null,
  "ConfigJson": {
    "DisplayName": "Retail Procurement Holiday Calendar",
    "icon": "calendar",
    "Position": "0",
    "SubmitButton": {
      "Label": "Submit"
    },
    "ResetButton": {
      "Label": "Reset"
    },
    "CloseButton": {
      "Label": "Close",
      "ConfirmMessage": "Unsaved changes will be lost. Continue?"
    },
    "NotifyAll": false,
    "IBPLRules": [
      {
        "template": "DELETE DATA FOR MODEL [001.005 Holiday Calendar PROC Holiday] where {&CWVAndScenarios.filter(#.Name in {\"{{Version}}\"}) };\n\n\n\nexec plugin instance [AP21RetailABDMProcurementHolidayCalendar] for measures {Measure.[HC PROC Receiving Holiday], Measure.[HC PROC Shipping Holiday]} using scope (&CWVAndScenarios.filter(#.Name in {\"{{Version}}\"})) using arguments { (ExecutionMode, \"MediumWeight\")};"
      }
    ],
    "JavascriptRules": [],
    "FieldBindings": [
      {
        "fieldName": "Version",
        "title": "Version",
        "type": "picklistDropdown",
        "selectionType": "single",
        "clearSearch": true,
        "source": "filter",
        "DimensionName": "Version",
        "LevelAttributeName": "Version Name",
        "visible": true,
        "isEditable": true,
        "validation": {
          "maxLength": "0",
          "required": true
        }
      }
    ],
    "DataSources": [],
    "AutoExecute": false,
    "isAsync": true,
    "hasMembersUpdates": false,
    "Compact": false,
    "TwoColumn": false,
    "IsGlobalForExcelAddIn": false,
    "ExcludeFromNavLink": false,
    "FilterFieldBindings": []
  },
  "Widget": null
}