{
  "MeasureGroupName": "028 DIST Network Inputs",
  "MeasureGroupId": "8fb9ed93-a6d4-bd9e-f405-a43fb5d6c2a8",
  "ParentMeasureGroupName": null,
  "HasShadow": false,
  "MeasureGroupDescription": "028 DIST Network Inputs",
  "MeasureGroupType": "Regular",
  "FactTableName": "Fact028DISTNetworkInputs",
  "SchemaMajorVersion": 0,
  "ConfigJson": {},
  "ApiName": null,
  "Repartition": false,
  "Unpartition": false,
  "ApiEnabled": false,
  "DimensionUsages": [
    {
      "DimensionName": "Version",
      "AttributeName": "Version Name",
      "SortOrder": 0,
      "DimensionType": "Regular"
    },
    {
      "DimensionName": "Item",
      "AttributeName": "Item",
      "SortOrder": 1,
      "DimensionType": "Regular"
    },
    {
      "DimensionName": "Location",
      "AttributeName": "Location",
      "SortOrder": 2,
      "DimensionType": "Regular"
    },
    {
      "DimensionName": "To Location",
      "AttributeName": "To Location",
      "SortOrder": 3,
      "DimensionType": "Regular"
    }
  ]
}