{
  "MeasureGroupName": "AI Predict Tournaments",
  "MeasureGroupId": "9b5ac84c-78d7-471e-8439-252f5923154f",
  "ParentMeasureGroupName": null,
  "HasShadow": false,
  "MeasureGroupDescription": "AI Predict Tournaments",
  "MeasureGroupType": "Regular",
  "FactTableName": "FactAIPredictTournaments",
  "SchemaMajorVersion": 0,
  "ConfigJson": {},
  "ApiName": null,
  "Repartition": false,
  "Unpartition": false,
  "ApiEnabled": false,
  "DimensionUsages": [
    {
      "DimensionName": "Version",
      "AttributeName": "Version Name",
      "SortOrder": 0,
      "DimensionType": "Regular"
    },
    {
      "DimensionName": "AI Predict",
      "AttributeName": "Predict Tournament",
      "SortOrder": 1,
      "DimensionType": "Regular"
    }
  ]
}