{
  "MeasureGroupName": "004.001 Seed Inputs Demand Types",
  "MeasureGroupId": "ed79a15b-428f-48ba-984f-a424ac05c2e6",
  "ParentMeasureGroupName": null,
  "HasShadow": false,
  "MeasureGroupDescription": "Netting Demand Type Association",
  "MeasureGroupType": "Regular",
  "FactTableName": "Fact004.001SeedInputsDemandTypes",
  "SchemaMajorVersion": 0,
  "ConfigJson": {},
  "ApiName": null,
  "Repartition": false,
  "Unpartition": false,
  "ApiEnabled": false,
  "DimensionUsages": [
    {
      "DimensionName": "Version",
      "AttributeName": "Version Name",
      "SortOrder": 0,
      "DimensionType": "Regular"
    },
    {
      "DimensionName": "Demand Type",
      "AttributeName": "Demand Type",
      "SortOrder": 1,
      "DimensionType": "Regular"
    }
  ]
}