{
  "MeasureName": "SP Ttl All Sls Rtl LY",
  "MeasureId": "cc4fd9ba-052b-454f-9529-c128fe3bb852",
  "MeasureDescription": "SP Ttl All Sls Rtl LY",
  "DataType": "number",
  "MeasureType": "Regular",
  "AggregateFunction": "Computed",
  "FormatString": "#,##0;(#,##0)",
  "MeasureColumnName": "SPTotalAllSalesLYRtl",
  "MeasureFormula": "Measure.[LY Ttl Sls Rtl]@([Item].#.ancestorsatlevel([All Item]).element(0))",
  "IsEditable": false,
  "ApplyConversion": false,
  "ConversionFormula": "",
  "PickListName": null,
  "BgColorFormula": "",
  "FgColorFormula": "",
  "TrendFormula": "",
  "FormattingViewModel": null,
  "ParentMeasureName": null,
  "AssociationMeasure": false,
  "IsComputedByPlanningService": false,
  "ToolTip": "SP Total All Sales LY Rtl",
  "ConfigJson": {},
  "ApiName": null,
  "ApiDisabled": false,
  "IsReportingMeasure": false,
  "MeasureConditionalFormulaProperties": [],
  "PicklistSource": null
}