{
  "Name": "SupplyPlan031ManualUOMConversionDeletion",
  "Description": "Delete Manual UOM Conversion",
  "ActionButtonId": "e855b186-f612-74dc-87ee-b10b961ac65a",
  "Tooltip": "Delete Manual UOM Conversion",
  "ActionButtonType": "Rule",
  "Alignment": "right",
  "IsPopOver": true,
  "IsGlobal": false,
  "ActionClickHandler": null,
  "Icon": null,
  "Image": null,
  "ConfigJson": {
    "icon": "minus",
    "Position": "0",
    "SubmitButton": {
      "Label": "Submit"
    },
    "ResetButton": {
      "Label": "Reset"
    },
    "CloseButton": {
      "Label": "Close",
      "ConfirmMessage": "Unsaved changes will be lost. Continue?"
    },
    "NotifyRoles": true,
    "NotifyAll": false,
    "IBPLRules": [
      {
        "template": "DELETE DATA FOR MODEL [106.003 ERP UOM Conversion] WHERE {[Version].[Version Name]{{#filter Version}} , [Item].[Item]{{#filter ItemList}} , [UOM].[UOM]{{#filter UOMList}}};\nDELETE DATA FOR MODEL [106.004 o9 Maintained UOM Input] WHERE {[Version].[Version Name]{{#filter Version}} , [Item].[Item]{{#filter ItemList}} , [UOM].[UOM]{{#filter UOMList}}};\nDELETE DATA FOR MODEL [106.001 UOM Conversion] WHERE {[Version].[Version Name]{{#filter Version}} , [Item].[Item]{{#filter ItemList}} , [UOM].[UOM]{{#filter UOMList}}};"
      }
    ],
    "JavascriptRules": [],
    "FieldBindings": [
      {
        "fieldName": "Version",
        "title": "Version",
        "type": "picklistDropdown",
        "selectionType": "single",
        "clearSearch": true,
        "source": "filter",
        "DimensionName": "Version",
        "LevelAttributeName": "Version Name",
        "visible": true,
        "isEditable": false,
        "validation": {
          "maxLength": "0",
          "required": true
        }
      },
      {
        "fieldName": "ItemList",
        "title": "ItemList",
        "type": "picklistDropdown",
        "selectionType": "multiple",
        "clearSearch": true,
        "source": "parentAttribute",
        "DimensionName": "Item",
        "key": {
          "LevelAttribute": {
            "Name": "Item",
            "Property": "Name"
          }
        },
        "visible": false,
        "isEditable": false,
        "validation": {
          "maxLength": "0",
          "required": false
        }
      },
      {
        "fieldName": "UOMList",
        "title": "UOM List",
        "type": "picklistDropdown",
        "selectionType": "multiple",
        "clearSearch": true,
        "source": "parentAttribute",
        "DimensionName": "UOM",
        "key": {
          "LevelAttribute": {
            "Name": "UOM",
            "Property": "Name"
          }
        },
        "visible": false,
        "isEditable": false,
        "validation": {
          "maxLength": "0",
          "required": false
        }
      }
    ],
    "Range": [],
    "DataSources": [],
    "AutoExecute": false,
    "isAsync": true,
    "hasMembersUpdates": false,
    "Compact": true,
    "TwoColumn": false,
    "IsGlobalForExcelAddIn": false,
    "ExcludeFromNavLink": false,
    "FilterFieldBindings": []
  },
  "Widget": null,
  "Roles": []
}