{
  "Name": "SupplyPlan171CommonCreateNewStorage",
  "Description": "Create New Storage",
  "ActionButtonId": "cd903a29-ad31-4d98-ab87-f889125136d7",
  "Tooltip": "Create New Storage",
  "ActionButtonType": "Widget",
  "Alignment": "right",
  "IsPopOver": true,
  "IsGlobal": true,
  "ActionClickHandler": null,
  "Icon": null,
  "Image": null,
  "ConfigJson": {
    "icon": "plus",
    "SubmitButton": {
      "Label": "Submit"
    },
    "ResetButton": {
      "Label": "Reset"
    },
    "CloseButton": {
      "Label": "Close",
      "ConfirmMessage": "Unsaved changes will be lost. Continue?"
    },
    "NotifyRoles": true,
    "NotifyAll": false,
    "IBPLRules": [
      {
        "template": "CREATEMEMBER(Storage.[Storage ID] = {,\"{{StorageName}}\"}, Storage.[Storage Description]={\"{{StorageDescription}}\",}, Storage.[Storage UOM] = {\"{{BaseUOM}}\",});\n"
      },
      {
        "template": "Cartesian Scope: ([Storage].[Storage ID].[{{StorageName}}] * [Version].[Version Name]{{#filter Version}});\nMeasure.[Active for Storage MP]= true;\nMeasure.[Active for Storage OP]= true;\nMeasure.[Base Storage Capacity Static]= {{BaseCapacity}};\nend scope;"
      }
    ],
    "JavascriptRules": [],
    "FieldBindings": [
      {
        "fieldName": "Version",
        "title": "Version",
        "type": "picklistTextOnly",
        "selectionType": "single",
        "clearSearch": true,
        "source": "filter",
        "DimensionName": "Version",
        "LevelAttributeName": "Version Name",
        "visible": true,
        "isEditable": true,
        "validation": {
          "maxLength": "0",
          "required": true
        }
      },
      {
        "fieldName": "StorageName",
        "title": "Storage Name",
        "type": "string",
        "clearSearch": true,
        "source": "literal",
        "visible": true,
        "isEditable": true,
        "validation": {
          "maxLength": "0",
          "required": true
        }
      },
      {
        "fieldName": "StorageDescription",
        "title": "Storage Description",
        "type": "string",
        "selectionType": "single",
        "clearSearch": true,
        "source": "literal",
        "visible": true,
        "isEditable": true,
        "validation": {
          "maxLength": "0",
          "required": true
        }
      },
      {
        "fieldName": "BaseCapacity",
        "title": "Base Capacity",
        "Description": "Base Storage Capacity",
        "type": "number",
        "showInLocalTimeZone": false,
        "selectionType": "single",
        "clearSearch": true,
        "source": "literal",
        "visible": true,
        "isEditable": true,
        "validation": {
          "maxLength": "0",
          "required": true
        }
      },
      {
        "fieldName": "StorageFlagMP",
        "title": "Active for Storage MP",
        "Description": "Active for Storage MP",
        "type": "boolean",
        "selectionType": "single",
        "clearSearch": true,
        "source": "literal",
        "defaultValue": true,
        "visible": true,
        "isEditable": false,
        "validation": {
          "maxLength": "0",
          "required": true
        }
      },
      {
        "fieldName": "StorageFlagOP",
        "title": "Active for Storage OP",
        "Description": "Active for Storage OP",
        "type": "boolean",
        "selectionType": "single",
        "clearSearch": true,
        "source": "literal",
        "defaultValue": true,
        "visible": true,
        "isEditable": false,
        "validation": {
          "maxLength": "0",
          "required": true
        }
      },
      {
        "fieldName": "BaseUOM",
        "title": "Base Unit of Measure",
        "Description": "Base Unit of Measure",
        "type": "picklistDropdown",
        "selectionType": "single",
        "clearSearch": true,
        "source": "datasource",
        "key": "DSBaseUOM",
        "valueField": "Value",
        "textField": "Value",
        "overrideFieldBindingType": false,
        "visible": false,
        "isEditable": false,
        "cascadeFrom": "Version",
        "validation": {
          "maxLength": "0",
          "required": true
        }
      }
    ],
    "Range": [],
    "DataSources": [
      {
        "Name": "DSBaseUOM",
        "IBPLRules": [
          {
            "template": "Select () on row, \n({Measure.[Supply Planning Base Unit Of Measure]}) on column where {[Version].[Version Name]{{#filter Version}} };"
          }
        ],
        "JavascriptRules": [],
        "IncludeDSFieldsOnly": false,
        "FieldBindings": []
      }
    ],
    "AutoExecute": false,
    "isAsync": false,
    "hasMembersUpdates": true,
    "Compact": true,
    "TwoColumn": false,
    "IsGlobalForExcelAddIn": false,
    "ReturnFilterByUpdate": true,
    "ExcludeFromNavLink": false,
    "FilterFieldBindings": []
  },
  "Widget": null,
  "Roles": []
}