{
  "MeasureGroupName": "008 Process Activity BUPP Status Measures",
  "MeasureGroupId": "6f85edce-c235-7061-3c61-02cd83aa9733",
  "ParentMeasureGroupName": null,
  "HasShadow": false,
  "MeasureGroupDescription": "Measures to capture and associate the approval status and date at Class level",
  "MeasureGroupType": "Regular",
  "FactTableName": "Fact008ProcessActivityBUPPStatusMeasures",
  "SchemaMajorVersion": 0,
  "ConfigJson": {},
  "ApiName": null,
  "Repartition": false,
  "Unpartition": false,
  "ApiEnabled": false,
  "DimensionUsages": [
    {
      "DimensionName": "Version",
      "AttributeName": "Version Name",
      "SortOrder": 0,
      "DimensionType": "Regular"
    },
    {
      "DimensionName": "Process",
      "AttributeName": "Process",
      "SortOrder": 1,
      "DimensionType": "Regular"
    },
    {
      "DimensionName": "Item",
      "AttributeName": "L3",
      "SortOrder": 2,
      "DimensionType": "Regular"
    }
  ]
}