{
  "HierarchyName": "o9EKG Table Group",
  "HierarchyId": "5c30f977-4ebf-822c-f4e7-49a09b3c4ce4",
  "HierarchyDescription": "o9EKG Table Group",
  "Translations": [],
  "Levels": [
    {
      "LevelName": "Table Group",
      "LevelId": "acc259e9-5904-8fd0-3245-53652ecf4a5b",
      "SourceAttributeName": "Table Group",
      "LevelDescription": "TableGroup",
      "LevelPosition": 0,
      "Translations": []
    },
    {
      "LevelName": "Table Name",
      "LevelId": "1d7fffb4-fc81-09c2-9a1c-55918495098b",
      "SourceAttributeName": "Table Name",
      "LevelDescription": "TableName",
      "LevelPosition": 1,
      "Translations": []
    },
    {
      "LevelName": "Field ID",
      "LevelId": "08d28b7f-26dd-a1e8-ad59-1de5ed8fee78",
      "SourceAttributeName": "Field ID",
      "LevelDescription": "FieldID",
      "LevelPosition": 2,
      "Translations": []
    }
  ],
  "IsEnabled": true,
  "ErrorMessage": null
}
