{
  "HierarchyName": "o9EKG Table Type",
  "HierarchyId": "6567e93a-7d97-52df-4ca3-728b65d47b69",
  "HierarchyDescription": "o9EKG Table Type",
  "Translations": [],
  "Levels": [
    {
      "LevelName": "Table Type",
      "LevelId": "26c6a6ab-5114-f1c1-b0e4-ceda7827c078",
      "SourceAttributeName": "Table Type",
      "LevelDescription": "TableType",
      "LevelPosition": 0,
      "Translations": []
    },
    {
      "LevelName": "Table Name",
      "LevelId": "c920f093-6e0d-9337-fde7-fc1ec71caa7f",
      "SourceAttributeName": "Table Name",
      "LevelDescription": "TableName",
      "LevelPosition": 1,
      "Translations": []
    },
    {
      "LevelName": "Field ID",
      "LevelId": "aeffa52d-c871-26ae-74a2-c9ce7648d393",
      "SourceAttributeName": "Field ID",
      "LevelDescription": "FieldID",
      "LevelPosition": 2,
      "Translations": []
    }
  ],
  "IsEnabled": true,
  "ErrorMessage": null
}
