{
  "AttributeName": "SSIS Task Name",
  "AttributeId": "856e087c-3fa8-451b-90e5-3809e5c9447d",
  "AttributeHierarchyEnabled": true,
  "IsKey": false,
  "Description": "SSIS Task Name",
  "OrderBy": "Key",
  "KeyColumnName": "SSISTaskNameKey",
  "NameColumnName": "SSISTaskNameName",
  "KeyColumnDataType": "integer",
  "SeedTags": false,
  "KeyGenerationType": "Auto",
  "PickListName": null,
  "ConfigJson": {
    "ShowFilterAs": "TileView",
    "MemberDisplayNameEditable": true,
    "IsMultipleImage": false
  },
  "FormatString": null,
  "Translation": null,
  "Aliases": [],
  "ApiName": null,
  "ApiDisabled": false
}