{
  "HierarchyName": "To Calendar Hierarchy",
  "HierarchyId": "9b4132b3-3f7c-4dc2-9aa0-3f20a9469c39",
  "HierarchyDescription": "To Calendar Hierarchy",
  "Translations": [],
  "Levels": [
    {
      "LevelName": "To All Time",
      "LevelId": "e38ee49a-469a-46ca-a680-88967a229986",
      "SourceAttributeName": "To All Time",
      "LevelDescription": "All Time",
      "LevelPosition": 0,
      "Translations": []
    },
    {
      "LevelName": "To Year",
      "LevelId": "728e1c4e-b0c4-4dcb-818e-43a439e84a58",
      "SourceAttributeName": "To Year",
      "LevelDescription": "To Year",
      "LevelPosition": 1,
      "Translations": []
    },
    {
      "LevelName": "To Half",
      "LevelId": "3e665c10-530a-4191-afa9-70b167b56d06",
      "SourceAttributeName": "To Half",
      "LevelDescription": "Half",
      "LevelPosition": 2,
      "Translations": []
    },
    {
      "LevelName": "To Quarter",
      "LevelId": "952ce61c-bec6-41b4-9e70-942a74b88200",
      "SourceAttributeName": "To Quarter",
      "LevelDescription": "Quarter",
      "LevelPosition": 3,
      "Translations": []
    },
    {
      "LevelName": "To Month",
      "LevelId": "927cd139-adca-425f-825f-e5d3174916ea",
      "SourceAttributeName": "To Month",
      "LevelDescription": "To Month",
      "LevelPosition": 4,
      "Translations": []
    },
    {
      "LevelName": "To Partial Week",
      "LevelId": "8243e882-99b3-412b-b6a8-52fe42496537",
      "SourceAttributeName": "To Partial Week",
      "LevelDescription": "To Partial Week",
      "LevelPosition": 5,
      "Translations": []
    },
    {
      "LevelName": "To Day",
      "LevelId": "1da110c2-b280-41c9-895d-9bd411fb8898",
      "SourceAttributeName": "To Day",
      "LevelDescription": "Day level",
      "LevelPosition": 6,
      "Translations": []
    }
  ]
}