{
  "HierarchyName": "To Planning Hierarchy",
  "HierarchyId": "a951ecd3-b098-4f78-a0d3-d602dbd2ad79",
  "HierarchyDescription": "To Planning Hierarchy",
  "Translations": [],
  "Levels": [
    {
      "LevelName": "To All Time",
      "LevelId": "f8d60687-b687-40e5-8dc3-25bea86b371f",
      "SourceAttributeName": "To All Time",
      "LevelDescription": "All Time",
      "LevelPosition": 0,
      "Translations": []
    },
    {
      "LevelName": "To Planning Year",
      "LevelId": "850d56b7-ca94-4cd2-b6db-f0784d302bf0",
      "SourceAttributeName": "To Planning Year",
      "LevelDescription": "To Planning Year",
      "LevelPosition": 1,
      "Translations": []
    },
    {
      "LevelName": "To Planning Quarter",
      "LevelId": "c9778d6f-ea55-4f24-aecc-002e4ac37cdc",
      "SourceAttributeName": "To Planning Quarter",
      "LevelDescription": "To Planning Quarter",
      "LevelPosition": 2,
      "Translations": []
    },
    {
      "LevelName": "To Planning Month",
      "LevelId": "819e062b-d400-4ca6-9389-7661512bb205",
      "SourceAttributeName": "To Planning Month",
      "LevelDescription": "To Planning Month",
      "LevelPosition": 3,
      "Translations": []
    },
    {
      "LevelName": "To Week",
      "LevelId": "d48b276e-bc41-4948-b683-628ccad76010",
      "SourceAttributeName": "To Week",
      "LevelDescription": "To Week",
      "LevelPosition": 4,
      "Translations": []
    },
    {
      "LevelName": "To Partial Week",
      "LevelId": "a0daa256-a399-4a81-83a7-c02e2f8fb057",
      "SourceAttributeName": "To Partial Week",
      "LevelDescription": "To Partial Week",
      "LevelPosition": 5,
      "Translations": []
    },
    {
      "LevelName": "To Day",
      "LevelId": "0d8cc26d-b160-4cbf-8a0e-0bc6540c5f83",
      "SourceAttributeName": "To Day",
      "LevelDescription": "Day level",
      "LevelPosition": 6,
      "Translations": []
    }
  ]
}