{
  "HierarchyName": "To Planning YTD Hierarchy",
  "HierarchyId": "ce6e754f-a268-453a-b55b-5807d622a9c4",
  "HierarchyDescription": "To Planning YTD Hierarchy",
  "Translations": [],
  "Levels": [
    {
      "LevelName": "To All Time",
      "LevelId": "bfef2a56-6614-42bf-8148-2934a3992ec0",
      "SourceAttributeName": "To All Time",
      "LevelDescription": "All Time",
      "LevelPosition": 0,
      "Translations": []
    },
    {
      "LevelName": "To Planning Year",
      "LevelId": "77fc774c-828e-4a67-a16a-c0cac61f49b0",
      "SourceAttributeName": "To Planning Year",
      "LevelDescription": "To Planning Year",
      "LevelPosition": 1,
      "Translations": []
    },
    {
      "LevelName": "To Planning YTD",
      "LevelId": "497a1889-6051-4b9c-b7fe-e79b82b960d2",
      "SourceAttributeName": "To Planning YTD",
      "LevelDescription": "To Planning YTD",
      "LevelPosition": 2,
      "Translations": []
    },
    {
      "LevelName": "To Planning Month",
      "LevelId": "8e6dc103-aad3-4cec-bb86-36301f3e1e5f",
      "SourceAttributeName": "To Planning Month",
      "LevelDescription": "To Planning Month",
      "LevelPosition": 3,
      "Translations": []
    },
    {
      "LevelName": "To Week",
      "LevelId": "50b7d023-ffac-4221-8b5e-9fb0e0b3a218",
      "SourceAttributeName": "To Week",
      "LevelDescription": "To Week",
      "LevelPosition": 4,
      "Translations": []
    },
    {
      "LevelName": "To Partial Week",
      "LevelId": "e0e6b197-f72c-4ae3-af64-d7594c81c176",
      "SourceAttributeName": "To Partial Week",
      "LevelDescription": "To Partial Week",
      "LevelPosition": 5,
      "Translations": []
    },
    {
      "LevelName": "To Day",
      "LevelId": "218599b6-56a0-4cde-a160-62932b97bf4a",
      "SourceAttributeName": "To Day",
      "LevelDescription": "Day level",
      "LevelPosition": 6,
      "Translations": []
    }
  ]
}