{
  "AttributeName": "Industry",
  "AttributeId": "10c48cd7-5c57-6369-bc95-6fa359154f74",
  "AttributeHierarchyEnabled": true,
  "IsKey": false,
  "Description": "Industry",
  "OrderBy": "Name",
  "KeyColumnName": "IndustryKey",
  "NameColumnName": "IndustryName",
  "KeyColumnDataType": "integer",
  "SeedTags": false,
  "KeyGenerationType": "Auto",
  "PickListName": null,
  "ConfigJson": {
    "ShowFilterAs": "TileView",
    "MemberDisplayNameEditable": false,
    "IsMultipleImage": false,
    "MemberDisplayColor": false
  },
  "FormatString": null,
  "Translation": null,
  "Aliases": [],
  "ApiName": null,
  "ApiDisabled": false
}
