{
  "Name": "AP38ProductRanking",
  "Description": "Product Ranking and Recommendation",
  "ActionButtonId": "d1344be4-9482-3838-faac-9d9c29bce075",
  "Tooltip": "Product Ranking and Recommendation",
  "ActionButtonType": "Rule",
  "Alignment": "right",
  "IsPopOver": true,
  "IsGlobal": false,
  "ActionClickHandler": null,
  "Icon": null,
  "Image": null,
  "ConfigJson": {
    "DisplayName": "Auto Assort",
    "icon": "calculator",
    "Position": "0",
    "SubmitButton": {
      "Label": "Submit"
    },
    "ResetButton": {
      "Label": "Reset"
    },
    "CloseButton": {
      "Label": "Close",
      "ConfirmMessage": "Unsaved changes will be lost. Continue?"
    },
    "NotifyAll": false,
    "IBPLRules": [
      {
        "template": "exec procedure AP38ProductRanking {\"Version\": \"{{Version}}\", \"SellingSeason\": \"{{SellingSeason}}\", \"ProductRankAndRecommendationLevel\": \"{{ProductRankAndRecommendationLevel}}\", \"Channel\" : [{{#csv Channel}}], \"Class\": [{{#csv Class}}], \"LocationCountry\": [{{#csv LocationCountry}}], \"Cluster\": [{{#csv Cluster}}]};"
      }
    ],
    "JavascriptRules": [],
    "FieldBindings": [
      {
        "fieldName": "Version",
        "title": "Version",
        "Description": "Version",
        "type": "picklistDropdown",
        "selectionType": "single",
        "clearSearch": true,
        "source": "filter",
        "DimensionName": "Version",
        "LevelAttributeName": "Version Name",
        "visible": true,
        "isEditable": true,
        "validation": {
          "maxLength": "0",
          "required": true
        }
      },
      {
        "fieldName": "SellingSeason",
        "title": "Selling Season",
        "Description": "Selling Season",
        "type": "picklistDropdown",
        "selectionType": "single",
        "clearSearch": true,
        "source": "filter",
        "DimensionName": "Selling Season",
        "LevelAttributeName": "Selling Season",
        "visible": true,
        "isEditable": true,
        "validation": {
          "maxLength": "0",
          "required": true
        }
      },
      {
        "fieldName": "ProductRankAndRecommendationLevel",
        "title": "Product Rank And Recommendation Level",
        "Description": "Product Rank And Recommendation Level",
        "type": "radio",
        "selectionType": "single",
        "clearSearch": true,
        "select": "ALL",
        "source": "localPicklist",
        "values": [
          {
            "Key": "1",
            "Name": "Class"
          },
          {
            "Key": "2",
            "Name": "PAG"
          }
        ],
        "visible": true,
        "isEditable": true,
        "validation": {
          "maxLength": "0",
          "required": true
        },
        "valueField": "Name"
      },
      {
        "fieldName": "Class",
        "title": "Class",
        "Description": "Class",
        "type": "picklistDropdown",
        "selectionType": "multiple",
        "clearSearch": true,
        "source": "filter",
        "DimensionName": "Item",
        "LevelAttributeName": "L3",
        "visible": true,
        "isEditable": true,
        "validation": {
          "maxLength": "0",
          "required": true
        }
      },
      {
        "fieldName": "LocationCountry",
        "title": "Country",
        "Description": "Country",
        "type": "picklistDropdown",
        "selectionType": "multiple",
        "clearSearch": true,
        "source": "filter",
        "DimensionName": "Location",
        "LevelAttributeName": "Location Country",
        "visible": true,
        "isEditable": true,
        "validation": {
          "maxLength": "0",
          "required": true
        }
      },
      {
        "fieldName": "Cluster",
        "title": "Cluster",
        "Description": "Cluster",
        "type": "picklistDropdown",
        "selectionType": "multiple",
        "clearSearch": true,
        "select": "ALL",
        "source": "datasource",
        "key": "Cluster",
        "valueField": "Cluster",
        "textField": "Cluster",
        "overrideFieldBindingType": false,
        "visible": true,
        "isEditable": true,
        "cascadeFrom": "LocationCountry",
        "validation": {
          "maxLength": "0",
          "required": true
        }
      },
      {
        "fieldName": "Channel",
        "title": "Channel",
        "Description": "Channel",
        "type": "picklistDropdown",
        "selectionType": "multiple",
        "clearSearch": true,
        "source": "filter",
        "DimensionName": "Sales Domain",
        "LevelAttributeName": "Sales Planning Channel",
        "visible": true,
        "isEditable": true,
        "validation": {
          "maxLength": "0",
          "required": true
        }
      }
    ],
    "Range": [],
    "DataSources": [
      {
        "Name": "Cluster",
        "IBPLRules": [
          {
            "template": "Select (&CWVAndScenarios{{#filter Version}} * &APClasses{{#filter Class}} * &APCountries{{#filter LocationCountry}} *&APSellingSeasons{{#filter SellingSeason}}* &APClusters * &APChannels{{#filter Channel}}) on row, \n({Measure.[Store Grade Association]}) on column;"
          }
        ],
        "JavascriptRules": [],
        "IncludeDSFieldsOnly": false,
        "FieldBindings": []
      }
    ],
    "AutoExecute": false,
    "isAsync": true,
    "hasMembersUpdates": false,
    "Compact": false,
    "TwoColumn": false,
    "IsGlobalForExcelAddIn": false,
    "enableTransaction": false,
    "ExcludeFromNavLink": false,
    "FilterFieldBindings": []
  },
  "Widget": null,
  "Roles": []
}