{
  "MeasureName": "Style Color Selling Season Channel Store Association",
  "MeasureId": "8a66abef-cf61-4017-9571-2644d8ea87e9",
  "MeasureDescription": "Style Color Selling Season Channel Store Association",
  "DataType": "number",
  "MeasureType": "Regular",
  "AggregateFunction": "AvgNonNull",
  "FormatString": "#,##0; (#,##0)",
  "MeasureColumnName": "SC-SS-CH-StrAssociation",
  "MeasureFormula": "",
  "IsEditable": false,
  "ApplyConversion": false,
  "ConversionFormula": "",
  "PickListName": null,
  "BgColorFormula": "",
  "FgColorFormula": "",
  "TrendFormula": "",
  "FormattingViewModel": null,
  "ParentMeasureName": null,
  "AssociationMeasure": false,
  "IsComputedByPlanningService": true,
  "ToolTip": "Style Color Selling Season Channel Store Association",
  "ConfigJson": {},
  "ApiName": null,
  "ApiDisabled": false,
  "IsReportingMeasure": false,
  "MeasureConditionalFormulaProperties": [],
  "PicklistSource": null
}