{
  "Name": "90GenerateBackTest",
  "Description": null,
  "ActionButtonId": "5e190f38-049c-4111-bdd6-ca71314b2578",
  "Tooltip": "Generate back test",
  "ActionButtonType": "Widget",
  "Alignment": "right",
  "IsPopOver": true,
  "IsGlobal": true,
  "ActionClickHandler": null,
  "Icon": null,
  "Image": null,
  "ConfigJson": {
    "DisplayName": "Backtest",
    "icon": "rotate-left",
    "SubmitButton": {
      "Label": "Submit",
      "ProgressMessage": "Executing...",
      "SuccessMessage": "Successfully Executed.",
      "ErrorMessage": "Error in Execution.",
      "ConfirmMessage": "Are you sure you want to go ahead with the changes?"
    },
    "ResetButton": {
      "Label": "Reset"
    },
    "CloseButton": {
      "Label": "Close",
      "ConfirmMessage": "Unsaved changes will be lost. Continue?"
    },
    "NotifyAll": false,
    "IBPLRules": [
      {
        "template": "\nselect 1; {{#if HistoryBucketW}}\nexec procedure o9DP0159StatBacktestW\t {\"VersionName\" : [{{#csv VersionName}}],\"MediumWeight\" : {{MediumWeight}}, \"BackTestCyclePeriod\": \"{{BackTestCyclePeriod}}\", \"ForecastIteration\":\"{{ForecastIteration}}\"};\n\n\n{{/if}}\n\nselect 2; {{#if HistoryBucketM}}\nexec procedure o9DP0164StatBacktestM\t {\"VersionName\" : [{{#csv VersionName}}],\"MediumWeight\" : {{MediumWeight}}, \"BackTestCyclePeriod\": \"{{BackTestCyclePeriod}}\", \"ForecastIteration\":\"{{ForecastIteration}}\"};\n\n\n{{/if}}\n\nselect 3; {{#if HistoryBucketPM}}\nexec procedure o9DP0165StatBacktestPM\t {\"VersionName\" : [{{#csv VersionName}}], \"MediumWeight\" : {{MediumWeight}}, \"BackTestCyclePeriod\": \"{{BackTestCyclePeriod}}\", \"ForecastIteration\":\"{{ForecastIteration}}\"};\n\n\n\n{{/if}}\n\nselect 4; {{#if HistoryBucketQ}}\nexec procedure o9DP0172StatBacktestQ\t {\"VersionName\" : [{{#csv VersionName}}], \"MediumWeight\" : {{MediumWeight}}, \"BackTestCyclePeriod\": \"{{BackTestCyclePeriod}}\", \"ForecastIteration\":\"{{ForecastIteration}}\"};\n{{/if}}\n\nselect 5; {{#if HistoryBucketPQ}}\nexec procedure o9DP0173StatBacktestPQ\t {\"VersionName\" : [{{#csv VersionName}}], \"MediumWeight\" : {{MediumWeight}}, \"BackTestCyclePeriod\": \"{{BackTestCyclePeriod}}\", \"ForecastIteration\":\"{{ForecastIteration}}\"};\n{{/if}}"
      }
    ],
    "JavascriptRules": [
      {
        "modulename": "o9.DemandPlanning.ValidateTimeBucketSetup",
        "functionname": "validation"
      }
    ],
    "FieldBindings": [
      {
        "fieldName": "Information",
        "title": "Information",
        "Description": "Information",
        "type": "info",
        "clearSearch": true,
        "source": "literal",
        "defaultValue": "Please click on \"Submit\" to generate back test",
        "visible": true,
        "isEditable": false,
        "validation": {
          "maxLength": "0",
          "required": true
        }
      },
      {
        "fieldName": "MediumWeight",
        "title": "Medium Weight Run",
        "Description": "Enable plugin run in Medium Weight execution mode (suitable for small scope).",
        "type": "boolean",
        "fieldGroup": "Execution Mode",
        "selectionType": "single",
        "clearSearch": true,
        "source": "literal",
        "defaultValue": false,
        "visible": true,
        "isEditable": true,
        "validation": {
          "maxLength": "0",
          "required": true
        }
      },
      {
        "fieldName": "VersionName",
        "title": "Version Name",
        "type": "picklist",
        "clearSearch": true,
        "source": "filter",
        "DimensionName": "Version",
        "LevelAttributeName": "Version Name",
        "visible": true,
        "isEditable": true,
        "validation": {
          "maxLength": "0",
          "required": true
        },
        "Description": "Version Name",
        "selectionType": "multiple"
      },
      {
        "fieldName": "HistoryBucketPM",
        "title": "HistoryBucketPM",
        "Description": "HistoryBucketPM",
        "type": "picklistDropdown",
        "selectionType": "single",
        "clearSearch": true,
        "select": "ALL",
        "source": "datasource",
        "key": "HistoryBucketPM",
        "valueField": "Forecast Generation Time Bucket Planning Month",
        "textField": "Forecast Generation Time Bucket Planning Month",
        "visible": false,
        "isEditable": false,
        "cascadeFrom": "ForecastIteration",
        "validation": {
          "maxLength": "0",
          "required": false
        },
        "overrideFieldBindingType": false
      },
      {
        "fieldName": "HistoryBucketM",
        "title": "HistoryBucketM",
        "Description": "HistoryBucketM",
        "type": "picklistDropdown",
        "selectionType": "single",
        "clearSearch": true,
        "select": "ALL",
        "source": "datasource",
        "key": "HistoryBucketM",
        "valueField": "Forecast Generation Time Bucket Month",
        "textField": "Forecast Generation Time Bucket Month",
        "visible": false,
        "isEditable": false,
        "cascadeFrom": "ForecastIteration",
        "validation": {
          "maxLength": "0",
          "required": false
        },
        "overrideFieldBindingType": false
      },
      {
        "fieldName": "HistoryBucketW",
        "title": "HistoryBucketW",
        "Description": "HistoryBucketW",
        "type": "picklistDropdown",
        "selectionType": "single",
        "clearSearch": true,
        "select": "ALL",
        "source": "datasource",
        "key": "HistoryBucketW",
        "valueField": "Forecast Generation Time Bucket Week",
        "textField": "Forecast Generation Time Bucket Week",
        "visible": false,
        "isEditable": false,
        "cascadeFrom": "ForecastIteration",
        "validation": {
          "maxLength": "0",
          "required": false
        },
        "overrideFieldBindingType": false
      },
      {
        "fieldName": "ForecastIterationType",
        "title": "Forecast Iteration Type",
        "Description": "Forecast Iteration Type",
        "type": "picklist",
        "fieldGroup": "Forecast Iteration",
        "selectionType": "single",
        "clearSearch": true,
        "source": "members",
        "DimensionName": "Forecast Iteration",
        "LevelAttributeName": "Forecast Iteration Type",
        "visible": true,
        "isEditable": true,
        "validation": {
          "maxLength": "0",
          "required": true
        }
      },
      {
        "fieldName": "ForecastIteration",
        "title": "Forecast Iteration",
        "Description": "Forecast Iteration",
        "type": "picklist",
        "fieldGroup": "Forecast Iteration",
        "selectionType": "single",
        "clearSearch": true,
        "source": "datasource",
        "key": "DSForecastIteration",
        "valueField": "Name",
        "textField": "DisplayName",
        "overrideFieldBindingType": false,
        "visible": true,
        "isEditable": true,
        "cascadeFrom": "ForecastIterationType",
        "validation": {
          "maxLength": "0",
          "required": true
        }
      },
      {
        "fieldName": "BackTestCyclePeriod",
        "title": "BackTest Cycles",
        "type": "string",
        "clearSearch": true,
        "source": "literal",
        "defaultValue": "2,4,6",
        "visible": true,
        "isEditable": true,
        "validation": {
          "maxLength": "0",
          "required": true
        },
        "Description": "BackTest Cycles"
      },
      {
        "fieldName": "HistoryBucketQ",
        "title": "HistoryBucketQ",
        "Description": "HistoryBucketQ",
        "type": "picklistDropdown",
        "selectionType": "single",
        "clearSearch": true,
        "select": "ALL",
        "source": "datasource",
        "key": "HistoryBucketQ",
        "valueField": "Forecast Generation Time Bucket Quarter",
        "textField": "Forecast Generation Time Bucket Quarter",
        "overrideFieldBindingType": false,
        "visible": false,
        "isEditable": false,
        "cascadeFrom": "ForecastIteration",
        "validation": {
          "maxLength": "0",
          "required": true
        }
      },
      {
        "fieldName": "HistoryBucketPQ",
        "title": "HistoryBucketPQ",
        "Description": "HistoryBucketPQ",
        "type": "picklistDropdown",
        "selectionType": "single",
        "clearSearch": true,
        "select": "ALL",
        "source": "datasource",
        "key": "HistoryBucketPQ",
        "valueField": "Forecast Generation Time Bucket Planning Quarter",
        "textField": "Forecast Generation Time Bucket Planning Quarter",
        "overrideFieldBindingType": false,
        "visible": true,
        "isEditable": true,
        "cascadeFrom": "ForecastIteration",
        "validation": {
          "maxLength": "0",
          "required": true
        }
      }
    ],
    "Range": [],
    "DataSources": [
      {
        "Name": "HistoryBucketW",
        "IBPLRules": [
          {
            "template": "select(&CWVAndScenarios{{#filter VersionName}} *&AllLockedForecastIterations{{#filter ForecastIteration}} * {if (Measure.[Forecast Generation Time Bucket]==\"Week\") then (True) else (False) as transient.[Forecast Generation Time Bucket Week]});"
          }
        ],
        "JavascriptRules": [],
        "IncludeDSFieldsOnly": false,
        "FieldBindings": []
      },
      {
        "Name": "HistoryBucketM",
        "IBPLRules": [
          {
            "template": "select(&CWVAndScenarios{{#filter VersionName}} *&AllLockedForecastIterations{{#filter ForecastIteration}} * {if (Measure.[Forecast Generation Time Bucket]==\"Month\") then (True) else (False) as transient.[Forecast Generation Time Bucket Month]});"
          }
        ],
        "JavascriptRules": [],
        "IncludeDSFieldsOnly": false,
        "FieldBindings": []
      },
      {
        "Name": "HistoryBucketPM",
        "IBPLRules": [
          {
            "template": "select(&CWVAndScenarios{{#filter VersionName}} *&AllLockedForecastIterations{{#filter ForecastIteration}} * {if (Measure.[Forecast Generation Time Bucket]==\"Planning Month\") then (True) else (False) as transient.[Forecast Generation Time Bucket Planning Month]});"
          }
        ],
        "JavascriptRules": [],
        "IncludeDSFieldsOnly": false,
        "FieldBindings": []
      },
      {
        "Name": "DSForecastIteration",
        "IBPLRules": [
          {
            "template": "\nSelect(&AllForecastIterationTypes{{#filter ForecastIterationType}}.relatedmembers([Forecast Iteration]).filter(#.[IsLocked] == 1));\n"
          }
        ],
        "JavascriptRules": [],
        "IncludeDSFieldsOnly": false,
        "FieldBindings": []
      },
      {
        "Name": "DSItem",
        "IBPLRules": [
          {
            "template": "\nSelect (&CWVAndScenarios{{#filter VersionName}} *&AllLockedForecastIterations{{#filter ForecastIteration}}* [Item].[Stat Item]  ) on row, \n({Measure.[Stat Actual]}) on column include memberproperties {[Item].[Stat Item], DisplayName} where {~isnull(Measure.[Stat Actual]) };\n"
          }
        ],
        "JavascriptRules": [],
        "IncludeDSFieldsOnly": false,
        "FieldBindings": []
      },
      {
        "Name": "DSAccount",
        "IBPLRules": [
          {
            "template": "Select (&CWVAndScenarios{{#filter VersionName}} *&AllLockedForecastIterations{{#filter ForecastIteration}}* [Account].[Stat Account]) on row, \n({Measure.[Stat Actual]}) on column include memberproperties {[Account].[Stat Account], DisplayName} where {~isnull(Measure.[Stat Actual])};"
          }
        ],
        "JavascriptRules": [],
        "IncludeDSFieldsOnly": false,
        "FieldBindings": []
      },
      {
        "Name": "DSChannel",
        "IBPLRules": [
          {
            "template": "Select ( [Channel].[Stat Channel] * &CWVAndScenarios{{#filter VersionName}} *&AllLockedForecastIterations{{#filter ForecastIteration}}) on row, \n({Measure.[Stat Actual]}) on column  include memberproperties {[Channel].[Stat Channel], DisplayName} where {~isnull(Measure.[Stat Actual])};"
          }
        ],
        "JavascriptRules": [],
        "IncludeDSFieldsOnly": false,
        "FieldBindings": []
      },
      {
        "Name": "DSRegion",
        "IBPLRules": [
          {
            "template": "Select ( [Region].[Stat Region] * &CWVAndScenarios{{#filter VersionName}} *&AllLockedForecastIterations{{#filter ForecastIteration}} ) on row, \n({Measure.[Stat Actual]}) on column  include memberproperties {[Region].[Stat Region], DisplayName} where {~isnull(Measure.[Stat Actual])};"
          }
        ],
        "JavascriptRules": [],
        "IncludeDSFieldsOnly": false,
        "FieldBindings": []
      },
      {
        "Name": "DSLocation",
        "IBPLRules": [
          {
            "template": "Select ( [Location].[Stat Location] *&CWVAndScenarios{{#filter VersionName}} *&AllLockedForecastIterations{{#filter ForecastIteration}}) on row, \n({Measure.[Stat Actual]}) on column include memberproperties {[Location].[Stat Location], DisplayName} where {~isnull(Measure.[Stat Actual])};"
          }
        ],
        "JavascriptRules": [],
        "IncludeDSFieldsOnly": false,
        "FieldBindings": []
      },
      {
        "Name": "DSPnL",
        "IBPLRules": [
          {
            "template": "Select (  [PnL].[Stat PnL] * &CWVAndScenarios{{#filter VersionName}} *&AllLockedForecastIterations{{#filter ForecastIteration}} ) on row, \n({Measure.[Stat Actual]}) on column include memberproperties {[PnL].[Stat PnL], DisplayName} where {~isnull(Measure.[Stat Actual])};"
          }
        ],
        "JavascriptRules": [],
        "IncludeDSFieldsOnly": false,
        "FieldBindings": []
      },
      {
        "Name": "DSDemandDomain",
        "IBPLRules": [
          {
            "template": "Select ([Demand Domain].[Stat Demand Domain] * &CWVAndScenarios{{#filter VersionName}} *&AllLockedForecastIterations{{#filter ForecastIteration}}) on row, \n({Measure.[Stat Actual]}) on column include memberproperties {[Demand Domain].[Stat Demand Domain] , DisplayName} where {~isnull(Measure.[Stat Actual])};"
          }
        ],
        "JavascriptRules": [],
        "IncludeDSFieldsOnly": false,
        "FieldBindings": []
      },
      {
        "Name": "HistoryBucketQ",
        "IBPLRules": [
          {
            "template": "select(&CWVAndScenarios{{#filter VersionName}} *&AllLockedForecastIterations{{#filter ForecastIteration}} * {if (Measure.[Forecast Generation Time Bucket]==\"Quarter\") then (True) else (False) as transient.[Forecast Generation Time Bucket Quarter]});"
          }
        ],
        "JavascriptRules": [],
        "IncludeDSFieldsOnly": false,
        "FieldBindings": []
      },
      {
        "Name": "HistoryBucketPQ",
        "IBPLRules": [
          {
            "template": "select(&CWVAndScenarios{{#filter VersionName}} *&AllLockedForecastIterations{{#filter ForecastIteration}} * {if (Measure.[Forecast Generation Time Bucket]==\"Planning Quarter\") then (True) else (False) as transient.[Forecast Generation Time Bucket Planning Quarter]});"
          }
        ],
        "JavascriptRules": [],
        "IncludeDSFieldsOnly": false,
        "FieldBindings": []
      }
    ],
    "AutoExecute": false,
    "isAsync": true,
    "hasMembersUpdates": false,
    "Compact": false,
    "TwoColumn": true,
    "IsGlobalForExcelAddIn": false,
    "enableTransaction": false,
    "ReturnFilterByUpdate": true,
    "ExcludeFromNavLink": false,
    "FilterFieldBindings": []
  },
  "Widget": null,
  "Roles": []
}