{
  "MeasureGroupName": "005 Size Ratio",
  "MeasureGroupId": "91b3fdad-89c7-8696-8ddc-e2a5b106be3c",
  "ParentMeasureGroupName": null,
  "HasShadow": false,
  "MeasureGroupDescription": "Size Ratio",
  "MeasureGroupType": "Regular",
  "FactTableName": "Fact005SizeRatio",
  "SchemaMajorVersion": 0,
  "ConfigJson": {},
  "ApiName": null,
  "Repartition": false,
  "Unpartition": false,
  "ApiEnabled": false,
  "DimensionUsages": [
    {
      "DimensionName": "Version",
      "AttributeName": "Version Name",
      "SortOrder": 0,
      "DimensionType": "Regular"
    },
    {
      "DimensionName": "NamedNode",
      "AttributeName": "Retail_AP_SZP_Product_Cluster_NN",
      "SortOrder": 1,
      "DimensionType": "NamedNode"
    },
    {
      "DimensionName": "NamedNode",
      "AttributeName": "Retail_AP_FD_Channel_NN",
      "SortOrder": 2,
      "DimensionType": "NamedNode"
    },
    {
      "DimensionName": "NamedNode",
      "AttributeName": "Retail_AP_SZP_Size_Range_NN",
      "SortOrder": 3,
      "DimensionType": "NamedNode"
    },
    {
      "DimensionName": "Sequence",
      "AttributeName": "Sequence",
      "SortOrder": 4,
      "DimensionType": "Regular"
    }
  ]
}