{
  "Name": "030SetAsActiveNPIInitiative",
  "Description": null,
  "ActionButtonId": "6cbb27a6-2469-3b96-8ce7-4c9b8d753beb",
  "Tooltip": "Set Active Initiative",
  "ActionButtonType": "Widget",
  "Alignment": "right",
  "IsPopOver": true,
  "IsGlobal": true,
  "ActionClickHandler": null,
  "Icon": null,
  "Image": null,
  "ConfigJson": {
    "DisplayName": "Set Active",
    "icon": "undo",
    "Validate": {
      "DataSource": {
        "IBPLRules": [
          {
            "template": "select (if (\"{{InitiativeStatus}}\" != \"Inactive\") then True else False);"
          }
        ],
        "JavascriptRules": [],
        "FieldBindings": [
          {
            "fieldName": "InitiativeStatus",
            "title": "InitiativeStatus",
            "type": "picklist",
            "clearSearch": true,
            "source": "parentMeasure",
            "key": {
              "Measure": {
                "Name": "NPI Initiative Status"
              }
            },
            "visible": true,
            "isEditable": true,
            "validation": {
              "maxLength": "0",
              "required": true
            },
            "selectionType": "single"
          }
        ]
      },
      "Message": "Please select only inactive initiatives."
    },
    "SubmitButton": {
      "Label": "Submit"
    },
    "ResetButton": {
      "Label": "Reset"
    },
    "CloseButton": {
      "Label": "Close",
      "ConfirmMessage": "Unsaved changes will be lost. Continue?"
    },
    "NotifyRoles": false,
    "NotifyAll": false,
    "IBPLRules": [
      {
        "template": "exec procedure o9DP030SetAsActiveNPIInitiative {\"Version\" : [{{#csv Version}}], \"Initiative\" : [{{#csv Initiative}}]};"
      }
    ],
    "JavascriptRules": [],
    "FieldBindings": [
      {
        "fieldName": "Version",
        "title": "Selected Version",
        "Description": "Selected Version",
        "type": "picklistDropdown",
        "selectionType": "single",
        "clearSearch": true,
        "source": "filter",
        "DimensionName": "Version",
        "LevelAttributeName": "Version Name",
        "visible": false,
        "isEditable": false,
        "validation": {
          "maxLength": "0",
          "required": true
        }
      },
      {
        "fieldName": "Initiative",
        "title": "Selected Initiative",
        "type": "picklistDropdown",
        "selectionType": "single",
        "clearSearch": true,
        "source": "parentAttribute",
        "DimensionName": "Initiative",
        "key": {
          "LevelAttribute": {
            "Name": "Initiative",
            "Property": "Name"
          }
        },
        "visible": true,
        "isEditable": false,
        "validation": {
          "maxLength": "0",
          "required": true
        }
      }
    ],
    "Range": [],
    "DataSources": [],
    "AutoExecute": false,
    "isAsync": false,
    "hasMembersUpdates": true,
    "Compact": false,
    "TwoColumn": false,
    "IsGlobalForExcelAddIn": false,
    "ReturnFilterByUpdate": true,
    "ExcludeFromNavLink": false,
    "FilterFieldBindings": []
  },
  "Widget": null,
  "Roles": []
}