{
  "AttributeName": "RunID",
  "AttributeId": "215a80b6-c210-4d7e-b490-fa758cf66768",
  "AttributeHierarchyEnabled": true,
  "IsKey": true,
  "Description": "Models the unique idenfier for each of the action",
  "OrderBy": "Key",
  "KeyColumnName": "RunIDKey",
  "NameColumnName": "RunIDName",
  "KeyColumnDataType": "integer",
  "SeedTags": false,
  "KeyGenerationType": "Auto",
  "PickListName": null,
  "ConfigJson": {},
  "FormatString": null,
  "Translation": null,
  "Aliases": [],
  "ApiName": null,
  "ApiDisabled": false
}