{
  "AttributeName": "Ext ASNID",
  "AttributeId": "75d1752f-2e3f-4a50-94d4-303f8b78ba95",
  "AttributeHierarchyEnabled": true,
  "IsKey": false,
  "Description": "Stores Advanced Shipment Notification ID for transactions",
  "OrderBy": "Key",
  "KeyColumnName": "ExtASNIDKey",
  "NameColumnName": "ExtASNIDName",
  "KeyColumnDataType": "integer",
  "SeedTags": false,
  "KeyGenerationType": "Auto",
  "PickListName": null,
  "ConfigJson": {
    "ShowFilterAs": "TileView"
  },
  "FormatString": null,
  "Translation": null,
  "Aliases": [],
  "ApiName": null,
  "ApiDisabled": false
}