{
  "LabelName": "Assortment Ranging",
  "LabelDescription": "Assortment Ranging",
  "LabelType": "Procedure",
  "Position": 0.0,
  "LabelId": "8bc27762-a78f-4aab-ab60-81474301fc71",
  "ActiveRules": null,
  "NamedSets": null,
  "Procedures": [
    {
      "RuleGroupId": "0bd129fd-a388-d25a-ff22-42856f54908b",
      "RuleGroupLabelName": null,
      "ScopeLabelName": null,
      "RuleGroupName": "AP31CalculateRangedOptions",
      "RuleGroupLabelPosition": 1.0,
      "ScopeLabelPosition": 0.0,
      "RuleGroupDescription": "Calculating Ranged Options Count",
      "IsEnabled": true,
      "RuleGroupContent": {
        "ScopeExpression": null,
        "IsParameterized": true,
        "ParameterJson": {
          "description": "AP31CalculateRangedOptions",
          "type": "object",
          "properties": {
            "Version": {
              "type": "string"
            },
            "SellingSeason": {
              "type": "string"
            },
            "Cluster": {
              "type": "array",
              "items": {
                "type": "string"
              }
            },
            "Class": {
              "type": "array",
              "items": {
                "type": "string"
              }
            },
            "Channel": {
              "type": "array",
              "items": {
                "type": "string"
              }
            },
            "Country": {
              "type": "array",
              "items": {
                "type": "string"
              }
            },
            "ProductAG": {
              "type": "array",
              "items": {
                "type": "string"
              }
            }
          }
        },
        "IsParallel": false,
        "RuleGroupText": "// Nulling Out Ranged Options Count\n\nscope: ( &CWVAndScenarios{{#filter Version}} * &APClasses{{#filter Class}}.relatedmembers([Planning Item]) * &APCountries{{#filter Country}} * &APChannels{{#filter Channel}} * &APSellingSeasons{{#filter SellingSeason}} * &APProductAttributes{{#filter ProductAG}}  *  &APClusters{{#filter Cluster}} );\nMeasure.[Ranged Options Count]=null;\nend scope;\n\n// Calculation Ranged Options Count\n\nexec plugin instance [AP11RangedOptionsCount] for measures {Measure.[Assorted SC L],Measure.[Style Color PAG Association]} using scope (&CWVAndScenarios{{#filter Version}} * &APClasses{{#filter Class}}.relatedmembers([Planning Item]) * &APCountries{{#filter Country}} * &APChannels{{#filter Channel}} * &APSellingSeasons{{#filter SellingSeason}} * &APProductAttributes{{#filter ProductAG}} * &APClusters{{#filter Cluster}}) using arguments {([Param.o9_sys_log_level], \"INFO\"), (\"IncludeNullRows\", False), (ExecutionMode, \"MediumWeight\") };\n\n// scope: ( &CWVAndScenarios{{#filter Version}} * &APClasses{{#filter Class}}.relatedmembers([Planning Item]) * &APCountries{{#filter Country}} * &APChannels{{#filter Channel}} * &APSellingSeasons{{#filter SellingSeason}} *  &APProductAttributes{{#filter ProductAG}} * &APClusters{{#filter Cluster}} );\n// Measure.[Ranged Options Count] = if (Measure.[Assorted SC L]==true && Measure.[Style Color PAG Association] == 1) then (Measure.[Style Color Selling Season Channel Country Association] *coalesce(Measure.[Store Grade Association SC],0) ) else null; \n// end scope;",
        "NamedNodeName": null,
        "PluginInstanceName": null,
        "PluginScopes": null,
        "PluginArguments": null,
        "PluginModified": false
      },
      "RuleGroupType": "ParameterizedProcedure",
      "HasErrors": false,
      "ErrorMessage": null,
      "IgnoreErrors": false,
      "Translations": [],
      "DimensionUsages": [],
      "MeasureUsages": [
        {
          "MeasureName": "Assorted SC L",
          "IsInput": true,
          "IsOutput": true
        },
        {
          "MeasureName": "Ranged Options Count",
          "IsInput": false,
          "IsOutput": true
        },
        {
          "MeasureName": "Store Grade Association SC",
          "IsInput": true,
          "IsOutput": false
        },
        {
          "MeasureName": "Style Color PAG Association",
          "IsInput": true,
          "IsOutput": true
        },
        {
          "MeasureName": "Style Color Selling Season Channel Country Association",
          "IsInput": true,
          "IsOutput": false
        }
      ],
      "ActionButtonUsages": [],
      "RelationshipPropertyUsages": []
    }
  ],
  "InverseRules": null
}