{
  "Name": "CampaignPlan14WApproveCampaignPlan",
  "Description": "Publish Weekly Campaign Plan",
  "ActionButtonId": "007687a0-61ba-fae2-bf7e-2b17d772b562",
  "Tooltip": "Publish Weekly Campaign Plan",
  "ActionButtonType": "Widget",
  "Alignment": "right",
  "IsPopOver": true,
  "IsGlobal": true,
  "ActionClickHandler": null,
  "Icon": null,
  "Image": null,
  "ConfigJson": {
    "DisplayName": "Publish",
    "icon": "check",
    "SubmitButton": {
      "Label": "Submit"
    },
    "ResetButton": {
      "Label": "Reset"
    },
    "CloseButton": {
      "Label": "Close",
      "ConfirmMessage": "Unsaved changes will be lost. Continue?"
    },
    "NotifyAll": false,
    "IBPLRules": [
      {
        "template": "exec procedure ApprovedCampaignPlanWeekly {\"TargetVersion\" : \"{{TargetVersion}}\",\"BaseVersion\" : \"{{BaseVersion}}\"};\t\t\t\t\t\t"
      },
      {
        "template": "exec procedure WeeklyCampaignPlantoWeeklyMasterPlanning {\"BaseVersion\" : \"{{BaseVersion}}\"};\t\t\t\t\t\t"
      }
    ],
    "JavascriptRules": [],
    "FieldBindings": [
      {
        "fieldName": "TargetVersion",
        "title": "Source Version",
        "Description": "Campaign Run Version",
        "type": "picklistDropdown",
        "selectionType": "single",
        "clearSearch": true,
        "source": "filter",
        "DimensionName": "Version",
        "LevelAttributeName": "Version Name",
        "visible": true,
        "isEditable": true,
        "validation": {
          "maxLength": "0",
          "required": true
        }
      },
      {
        "fieldName": "BaseVersion",
        "title": "Master Plan Version",
        "Description": "Master Plan Version",
        "type": "picklistDropdown",
        "selectionType": "single",
        "clearSearch": true,
        "select": "NONE",
        "source": "members",
        "DimensionName": "Version",
        "LevelAttributeName": "Version Name",
        "visible": true,
        "isEditable": true,
        "validation": {
          "maxLength": "0",
          "required": true
        }
      }
    ],
    "Range": [],
    "DataSources": [],
    "AutoExecute": false,
    "isAsync": true,
    "hasMembersUpdates": false,
    "Compact": false,
    "TwoColumn": false,
    "IsGlobalForExcelAddIn": false,
    "enableTransaction": false,
    "ReturnFilterByUpdate": false,
    "ExcludeFromNavLink": false,
    "FilterFieldBindings": []
  },
  "Widget": null,
  "Roles": []
}