{
  "EdgePropertyId": "56ca21ca-a0e2-4c93-af95-6b3d6db628de",
  "PropertyName": "W Substitute Item WIP Sweep Priority Item Location Input",
  "PropertyDescription": "Substitute Item WIP Sweep Priority Input",
  "PropertyDataType": "number",
  "PropertyDataSize": 0,
  "PropertyColumnName": "WSubstituteItemWIPSweepPriorityItemLocationInput",
  "AggregateFunction": "Max",
  "PropertyFormula": null,
  "IsEditable": false,
  "FormatString": "#,##0",
  "ActivationProperty": false,
  "IsComputedByPlanningService": false,
  "ToolTip": null,
  "ApiName": null,
  "ApiDisabled": false,
  "BgColorFormula": "",
  "FgColorFormula": "",
  "TrendFormula": "",
  "FormattingViewModel": null,
  "ConditionalFormulas": []
}