{
  "MeasureGroupName": "004.005W Demand Netting Telescopic Assortment Input by Week",
  "MeasureGroupId": "15b693eb-760c-40ec-bbf9-b11394d585b5",
  "ParentMeasureGroupName": null,
  "HasShadow": false,
  "MeasureGroupDescription": "Assortment Basis for profiling demand from Telescopic week to week",
  "MeasureGroupType": "Regular",
  "FactTableName": "Fact004.005WDemandNettingTelescopicAssortmentInputbyWeek",
  "SchemaMajorVersion": 0,
  "ConfigJson": {},
  "ApiName": null,
  "Repartition": false,
  "Unpartition": false,
  "ApiEnabled": false,
  "DimensionUsages": [
    {
      "DimensionName": "Version",
      "AttributeName": "Version Name",
      "SortOrder": 0,
      "DimensionType": "Regular"
    },
    {
      "DimensionName": "Time",
      "AttributeName": "Week",
      "SortOrder": 1,
      "DimensionType": "Time"
    }
  ]
}