{
  "AttributeName": "BOR",
  "AttributeId": "6dfdb041-33c4-4cfc-81ad-240b38f00701",
  "AttributeHierarchyEnabled": true,
  "IsKey": true,
  "Description": "Represents generalized alternate resources",
  "OrderBy": "Key",
  "KeyColumnName": "BORKey",
  "NameColumnName": "BORName",
  "KeyColumnDataType": "integer",
  "SeedTags": false,
  "KeyGenerationType": "Auto",
  "PickListName": null,
  "ConfigJson": {},
  "FormatString": null,
  "Translation": null,
  "Aliases": [],
  "ApiName": null,
  "ApiDisabled": false
}