[
  {
    "MeasureName": null,
    "ConditionalFormula": "Measure.[Holiday Spikes]>0.60",
    "BGCOLOR": "argb(1,102,176,50)",
    "LegendText": "",
    "DisplayOrder": 0
  },
  {
    "MeasureName": null,
    "ConditionalFormula": "Measure.[Holiday Spikes]>0.40&&Measure.[Holiday Spikes]<=0.60",
    "BGCOLOR": "argb(1,178,215,50)",
    "LegendText": "",
    "DisplayOrder": 1
  },
  {
    "MeasureName": null,
    "ConditionalFormula": "Measure.[Holiday Spikes]>0.20&&Measure.[Holiday Spikes]<=0.40",
    "BGCOLOR": "argb(1,240,247,212)",
    "LegendText": "",
    "DisplayOrder": 2
  },
  {
    "MeasureName": null,
    "ConditionalFormula": "Measure.[Holiday Spikes]<=0.20",
    "BGCOLOR": "argb(1,255,255,240)",
    "LegendText": "",
    "DisplayOrder": 3
  }
]