{
  "MeasureName": "Holiday Spikes",
  "MeasureId": "d51608da-998b-4276-8f0b-5b1b3661ee9d",
  "MeasureDescription": "Percentage of Spikes which align with Holiday data",
  "DataType": "number",
  "MeasureType": "Regular",
  "AggregateFunction": "Sum",
  "FormatString": "0%",
  "MeasureColumnName": "HolidaySpikes",
  "MeasureFormula": "",
  "IsEditable": false,
  "ApplyConversion": false,
  "ConversionFormula": "",
  "PickListName": null,
  "BgColorFormula": " IF(Measure.[Holiday Spikes]>0.60) then argb( 1,102, 176, 50) else  IF(Measure.[Holiday Spikes]>0.40&&Measure.[Holiday Spikes]<=0.60) then argb( 1,178, 215, 50) else  IF(Measure.[Holiday Spikes]>0.20&&Measure.[Holiday Spikes]<=0.40) then argb( 1,240, 247, 212) else  IF(Measure.[Holiday Spikes]<=0.20) then argb( 1,255, 255, 240)",
  "FgColorFormula": " IF(Measure.[Holiday Spikes]>0.60) then argb( 1,0, 0, 0) else  IF(Measure.[Holiday Spikes]>0.40&&Measure.[Holiday Spikes]<=0.60) then argb( 1,0, 0, 0) else  IF(Measure.[Holiday Spikes]>0.20&&Measure.[Holiday Spikes]<=0.40) then argb( 1,0, 0, 0) else  IF(Measure.[Holiday Spikes]<=0.20) then argb( 1,0, 0, 0)",
  "TrendFormula": "",
  "FormattingViewModel": "[\r\n  {\r\n    \"BGCOLOR\": \"argb(1,102,176,50)\",\r\n    \"FGCOLOR\": \"argb(1,0,0,0)\",\r\n    \"Condition\": \"Measure.[Holiday Spikes]>0.60\"\r\n  },\r\n  {\r\n    \"BGCOLOR\": \"argb(1,178,215,50)\",\r\n    \"FGCOLOR\": \"argb(1,0,0,0)\",\r\n    \"Condition\": \"Measure.[Holiday Spikes]>0.40&&Measure.[Holiday Spikes]<=0.60\"\r\n  },\r\n  {\r\n    \"BGCOLOR\": \"argb(1,240,247,212)\",\r\n    \"FGCOLOR\": \"argb(1,0,0,0)\",\r\n    \"Condition\": \"Measure.[Holiday Spikes]>0.20&&Measure.[Holiday Spikes]<=0.40\"\r\n  },\r\n  {\r\n    \"BGCOLOR\": \"argb(1,255,255,240)\",\r\n    \"FGCOLOR\": \"argb(1,0,0,0)\",\r\n    \"Condition\": \"Measure.[Holiday Spikes]<=0.20\"\r\n  }\r\n]",
  "ParentMeasureName": null,
  "AssociationMeasure": false,
  "IsComputedByPlanningService": false,
  "ToolTip": "Percentage of Spikes which align with Holiday data",
  "ConfigJson": {},
  "ApiName": null,
  "ApiDisabled": false,
  "IsReportingMeasure": false,
  "MeasureConditionalFormulaProperties": [
    {
      "MeasureName": null,
      "ConditionalFormula": "Measure.[Holiday Spikes]>0.60",
      "BGCOLOR": "rgba(102,176,50,1)",
      "LegendText": "",
      "DisplayOrder": 0
    },
    {
      "MeasureName": null,
      "ConditionalFormula": "Measure.[Holiday Spikes]>0.40&&Measure.[Holiday Spikes]<=0.60",
      "BGCOLOR": "rgba(178,215,50,1)",
      "LegendText": "",
      "DisplayOrder": 1
    },
    {
      "MeasureName": null,
      "ConditionalFormula": "Measure.[Holiday Spikes]>0.20&&Measure.[Holiday Spikes]<=0.40",
      "BGCOLOR": "rgba(240,247,212,1)",
      "LegendText": "",
      "DisplayOrder": 2
    },
    {
      "MeasureName": null,
      "ConditionalFormula": "Measure.[Holiday Spikes]<=0.20",
      "BGCOLOR": "rgba(255,255,240,1)",
      "LegendText": "",
      "DisplayOrder": 3
    }
  ],
  "PicklistSource": null
}