{
  "Name": "SupplyPlan082MNAddPriorityGroup",
  "Description": null,
  "ActionButtonId": "dcd810a5-4602-466b-b520-54174d8c8917",
  "Tooltip": "Add Priority Group",
  "ActionButtonType": "Rule",
  "Alignment": "right",
  "IsPopOver": true,
  "IsGlobal": false,
  "ActionClickHandler": null,
  "Icon": null,
  "Image": null,
  "ConfigJson": {
    "icon": "plus",
    "Position": "0",
    "SubmitButton": {
      "Label": "Submit"
    },
    "ResetButton": {
      "Label": "Reset"
    },
    "CloseButton": {
      "Label": "Close",
      "ConfirmMessage": "Unsaved changes will be lost. Continue?"
    },
    "NotifyRoles": true,
    "NotifyAll": false,
    "IBPLRules": [
      {
        "template": "createmember ([Prioritization].[Priority Rule] ={,\"GroupFilter\"}, [Prioritization].[All Priority Rule] = {,[All]});\n\ncreatemember ([Demand Priority Group].[Priority Group]={,\"Group-{{PriorityGroup}}\"},/*[Demand Priority Group].[MN Priority Group Description]={\"{{PriorityGroupDescription}}\",},*/ [Demand Priority Group].[All Priority Group] = {,[All]});\n\n{{#if DemandPriorityGroupSequence}}\n\ncartesian scope:([Demand Priority Group].[Priority Group].[Group-{{PriorityGroup}}]  * [Version].[Version Name].[{{Version}}] );\nMeasure.[MN Priority Group Sequence]= {{DemandPriorityGroupSequence}};\nMeasure.[MN Priority Group Description] = \"{{PriorityGroupDescription}}\";\nend scope;\n\n{{#else}}\n\ncartesian scope:([Demand Priority Group].[Priority Group].[Group-{{PriorityGroup}}]  * [Version].[Version Name].[{{Version}}] );\nMeasure.[MN Priority Group Sequence]= 1;\nMeasure.[MN Priority Group Description] = \"{{PriorityGroupDescription}}\";\nend scope;\n\n{{/if}}\n\n{{#if GroupPriorityNumber}}\n\ncartesian scope:([Demand Priority Group].[Priority Group].[Group-{{PriorityGroup}}]  * [Version].[Version Name].[{{Version}}] );\nMeasure.[MN Priority Group Number]={{GroupPriorityNumber}};\nend scope;\n\n{{#else}}\n\ncartesian scope:([Demand Priority Group].[Priority Group].[Group-{{PriorityGroup}}]  * [Version].[Version Name].[{{Version}}] );\nMeasure.[MN Priority Group Number]=1;\nend scope;\n\n{{/if}}\n\ncartesian scope:([Prioritization].[Priority Rule].[GroupFilter] * [Demand Priority Group].[Priority Group].[Group-{{PriorityGroup}}]  * [Version].[Version Name].[{{Version}}] );\nMeasure.[MN Priority Rule Sequence]=0;\nMeasure.[MN Priority Rule Description] = \"{{PriorityGroupDescription}}\";\nend scope;\n\ncartesian scope:(&CWV);\nMeasure.[Helper Measure For Material Node Priority 2]={{PriorityGroup}};\nend scope;"
      }
    ],
    "JavascriptRules": [],
    "FieldBindings": [
      {
        "fieldName": "Version",
        "title": "Version",
        "Description": "Version",
        "type": "picklistDropdown",
        "selectionType": "single",
        "clearSearch": true,
        "source": "filter",
        "DimensionName": "Version",
        "LevelAttributeName": "Version Name",
        "visible": true,
        "isEditable": true,
        "validation": {
          "maxLength": "0",
          "required": true
        }
      },
      {
        "fieldName": "PriorityGroup",
        "title": "Priority Group",
        "Description": "Priority Group",
        "type": "picklistDropdown",
        "selectionType": "single",
        "clearSearch": true,
        "select": "ALL",
        "source": "datasource",
        "key": "PriorityGroup",
        "valueField": "Helperplus1",
        "textField": "Helperplus1",
        "visible": true,
        "isEditable": false,
        "cascadeFrom": "Version",
        "validation": {
          "maxLength": "0",
          "required": true
        },
        "overrideFieldBindingType": false
      },
      {
        "fieldName": "PriorityGroupDescription",
        "title": "Priority Group Description",
        "type": "string",
        "selectionType": "single",
        "clearSearch": true,
        "source": "literal",
        "visible": true,
        "isEditable": true,
        "validation": {
          "maxLength": "0",
          "required": true
        }
      },
      {
        "fieldName": "DemandPriorityGroupSequence",
        "title": "Group Sequence Number",
        "Description": "Group Sequence Number",
        "type": "number",
        "selectionType": "single",
        "clearSearch": true,
        "source": "datasource",
        "key": "DemandPriorityGroupSequence",
        "valueField": "DemandPriorityGroupSequenceplus1",
        "textField": "DemandPriorityGroupSequenceplus1",
        "visible": false,
        "isEditable": false,
        "cascadeFrom": "Version",
        "validation": {
          "maxLength": "0",
          "required": false
        },
        "select": "ALL",
        "overrideFieldBindingType": false
      },
      {
        "fieldName": "GroupPriorityNumber",
        "title": "Group Priority Number",
        "type": "number",
        "clearSearch": true,
        "select": "ALL",
        "source": "datasource",
        "key": "GroupPriorityNumber",
        "valueField": "GroupPriorityNumberplus1",
        "textField": "GroupPriorityNumberplus1",
        "visible": false,
        "isEditable": false,
        "cascadeFrom": "Version",
        "validation": {
          "maxLength": "0",
          "required": false
        },
        "overrideFieldBindingType": false
      }
    ],
    "Range": [],
    "DataSources": [
      {
        "Name": "DemandPriorityGroupSequence",
        "IBPLRules": [
          {
            "template": "Select (Version.[Version Name].[{{Version}}]*{Measure.[MN Priority Group Sequence], (Measure.[MN Priority Group Sequence]+1) as Transient.DemandPriorityGroupSequenceplus1});"
          }
        ],
        "JavascriptRules": [],
        "FieldBindings": [],
        "IncludeDSFieldsOnly": false
      },
      {
        "Name": "GroupPriorityNumber",
        "IBPLRules": [
          {
            "template": "Select (Version.[Version Name].[{{Version}}]*{Measure.[MN Priority Group Number], (Measure.[MN Priority Group Number]+1) as Transient.GroupPriorityNumberplus1});"
          }
        ],
        "JavascriptRules": [],
        "FieldBindings": [],
        "IncludeDSFieldsOnly": false
      },
      {
        "Name": "PriorityGroup",
        "IBPLRules": [
          {
            "template": "Select (&CWV *{Measure.[MN Priority Group Sequence], (Measure.[MN Priority Group Sequence]+1) as Transient.DemandPriorityGroupSequenceplus1, Measure.[MN Priority Group Number], (Measure.[MN Priority Group Number]+1) as Transient.GroupPriorityNumberplus1, Measure.[Helper Measure For Material Node Priority 2], (Measure.[Helper Measure For Material Node Priority 2]+1) as Transient.Helperplus1});"
          }
        ],
        "JavascriptRules": [],
        "FieldBindings": [],
        "IncludeDSFieldsOnly": false
      }
    ],
    "AutoExecute": false,
    "isAsync": false,
    "hasMembersUpdates": true,
    "Compact": false,
    "TwoColumn": true,
    "IsGlobalForExcelAddIn": false,
    "ExcludeFromNavLink": false,
    "FilterFieldBindings": []
  },
  "Widget": null,
  "Roles": []
}