{
  "Name": "AP51WSSICopyFinaltoApproved",
  "Description": "Copy Final to Approved/Revised",
  "ActionButtonId": "8aa38331-000b-a6f0-7881-814940db127d",
  "Tooltip": "Copy Final to Approved/Revised",
  "ActionButtonType": "Widget",
  "Alignment": "right",
  "IsPopOver": true,
  "IsGlobal": true,
  "ActionClickHandler": null,
  "Icon": null,
  "Image": null,
  "ConfigJson": {
    "DisplayName": "Update Plan",
    "icon": "thumbs-o-up",
    "SubmitButton": {
      "Label": "Submit"
    },
    "ResetButton": {
      "Label": "Reset"
    },
    "CloseButton": {
      "Label": "Close",
      "ConfirmMessage": "Unsaved changes will be lost. Continue?"
    },
    "NotifyRoles": false,
    "NotifyAll": false,
    "IBPLRules": [
      {
        "template": "\n{{#if ApprovePlan}}\nexec procedure AP27WSSICopyFinaltoApproved{\"Version\" : \"{{Version}}\", \"StyleColor\": [{{#csv StyleColor}}] ,\"Seasons\": [{{#csv Seasons}}] }; \n{{/if}}\n\n{{#if RevisePlan}}\nexec procedure AP28WSSICopyFinaltoRevised{\"Version\" : \"{{Version}}\",  \"StyleColor\": [{{#csv StyleColor}}]  ,\"Seasons\": [{{#csv Seasons}}] }; \n{{/if}}\n"
      }
    ],
    "JavascriptRules": [],
    "FieldBindings": [
      {
        "fieldName": "Version",
        "title": "Version",
        "Description": "Version",
        "type": "picklistDropdown",
        "selectionType": "single",
        "clearSearch": true,
        "source": "filter",
        "DimensionName": "Version",
        "LevelAttributeName": "Version Name",
        "visible": true,
        "isEditable": true,
        "validation": {
          "maxLength": "0",
          "required": true
        }
      },
      {
        "fieldName": "Seasons",
        "title": "Selling Season",
        "Description": "Selling Season",
        "type": "picklistDropdown",
        "selectionType": "multiple",
        "clearSearch": true,
        "source": "filter",
        "DimensionName": "Selling Season",
        "LevelAttributeName": "Selling Season",
        "visible": true,
        "isEditable": true,
        "validation": {
          "maxLength": "0",
          "required": true
        }
      },
      {
        "fieldName": "Class",
        "title": "Class",
        "Description": "Class",
        "type": "picklist",
        "selectionType": "single",
        "clearSearch": true,
        "select": "ALL",
        "source": "members",
        "DimensionName": "Item",
        "LevelAttributeName": "L3",
        "FilterExpression": "&APClasses",
        "sortBy": "DisplayName",
        "sortOrder": "asc",
        "visible": true,
        "isEditable": true,
        "validation": {
          "maxLength": "0",
          "required": true
        }
      },
      {
        "fieldName": "ApprovePlan",
        "title": "Copy Final Plan to Approved Plan",
        "Description": "Copy Final Plan to Approved Plan",
        "type": "boolean",
        "clearSearch": true,
        "source": "literal",
        "defaultValue": false,
        "visible": true,
        "isEditable": true,
        "validation": {
          "maxLength": "0",
          "required": true
        },
        "fieldGroup": "Select any one"
      },
      {
        "fieldName": "RevisePlan",
        "title": "Copy Final Plan to Revised Plan",
        "Description": "Copy Final Plan to Revised Plan",
        "type": "boolean",
        "clearSearch": true,
        "source": "literal",
        "defaultValue": false,
        "visible": true,
        "isEditable": true,
        "validation": {
          "maxLength": "0",
          "required": true
        },
        "fieldGroup": "Select any one"
      },
      {
        "fieldName": "StyleColor",
        "title": "Style Color",
        "Description": "Style Color",
        "type": "picklistDropdown",
        "selectionType": "multiple",
        "clearSearch": true,
        "select": "ALL",
        "source": "datasource",
        "key": "StyleDS",
        "valueField": "Name",
        "textField": "Name",
        "overrideFieldBindingType": false,
        "visible": false,
        "isEditable": false,
        "cascadeFrom": "Class",
        "validation": {
          "maxLength": "0",
          "required": true
        }
      }
    ],
    "Range": [],
    "DataSources": [
      {
        "Name": "StyleDS",
        "IBPLRules": [
          {
            "template": "Select (&APStyleColors) where {&CWVAndScenarios{{#filter Version}} ,&PlanningHorizon , &APStores , &APClusters ,  &APSellingSeasons{{#filter Seasons}} , Measure.[Assorted SC L W]==1};"
          }
        ],
        "JavascriptRules": [],
        "IncludeDSFieldsOnly": false,
        "FieldBindings": []
      }
    ],
    "AutoExecute": false,
    "isAsync": true,
    "hasMembersUpdates": false,
    "Compact": false,
    "TwoColumn": false,
    "IsGlobalForExcelAddIn": false,
    "ReturnFilterByUpdate": false,
    "ExcludeFromNavLink": false,
    "FilterFieldBindings": []
  },
  "Widget": null,
  "Roles": []
}