{
  "Name": "SupplyPlan160AddGroupTransition",
  "Description": "To transition a component of multiple BOMs with a new component",
  "ActionButtonId": "3639472b-983e-ff82-0860-e461ca33f7a9",
  "Tooltip": "Group Transition",
  "ActionButtonType": "Widget",
  "Alignment": "right",
  "IsPopOver": true,
  "IsGlobal": true,
  "ActionClickHandler": null,
  "Icon": null,
  "Image": null,
  "ConfigJson": {
    "DisplayName": "Add Group Transition",
    "icon": "bolt",
    "SubmitButton": {
      "Label": "Submit"
    },
    "ResetButton": {
      "Label": "Reset"
    },
    "CloseButton": {
      "Label": "Close",
      "ConfirmMessage": "Unsaved changes will be lost. Continue?"
    },
    "NotifyRoles": true,
    "NotifyAll": false,
    "IBPLRules": [
      {
        "template": "{{#each BOMvisible}}\n\nCartesian Scope: (&AllBOMs.[{{this}}]* [Item].[Item].[{{NewComponent}}] * [Location]. [Location]{{#filter Location}} * [Version].[Version Name]{{#filter Version}});\nMeasure.[o9 BOM Consumed Item Association]=1;\nMeasure.[o9 BOM Quantity Consumed Per]={{ConsumedQtyPer}};\nend scope;\n\n{{/each}}"
      },
      {
        "template": "{{#each BOMvisible}}\n\nScope: (&AllBOMs.[{{this}}]* [Item].[Item].[{{NewComponent}}] * [Location]. [Location]{{#filter Location}} * [Version].[Version Name]{{#filter Version}});\nMeasure.[o9 BOM Component Start Date]=if(measure.[o9 BOM Consumed Item Association]>0) then todatetime(\"{{ValidFrom}}\");\nmeasure.[o9 BOM Component End Date]=if(measure.[o9 BOM Consumed Item Association]>0) then todatetime(\"{{ValidTo}}\");\nend scope;\n\nscope: (&AllBOMs.[{{this}}]* [Item].[Item].[{{OldComponent}}] * [Location]. [Location]{{#filter Location}} * [Version].[Version Name]{{#filter Version}});\nmeasure.[o9 BOM Component End Date]=todatetime(\"{{ValidFrom}}\");\nend scope;\n\n{{/each}}"
      }
    ],
    "JavascriptRules": [],
    "FieldBindings": [
      {
        "fieldName": "Version",
        "title": "Version",
        "Description": "Version",
        "type": "picklistDropdown",
        "clearSearch": true,
        "source": "filter",
        "DimensionName": "Version",
        "LevelAttributeName": "Version Name",
        "visible": true,
        "isEditable": true,
        "validation": {
          "maxLength": "0",
          "required": true
        },
        "selectionType": "single"
      },
      {
        "fieldName": "Location",
        "title": "Plant Location",
        "Description": "Location",
        "type": "picklistDropdown",
        "selectionType": "single",
        "clearSearch": true,
        "select": "NONE",
        "source": "members",
        "DimensionName": "Location",
        "LevelAttributeName": "Location",
        "FilterExpression": "&AllPlantLocations",
        "visible": true,
        "isEditable": true,
        "validation": {
          "maxLength": "0",
          "required": true
        }
      },
      {
        "fieldName": "OldComponent",
        "title": "Old Component",
        "Description": "The component to be transitioned",
        "type": "picklistDropdown",
        "selectionType": "single",
        "clearSearch": false,
        "source": "datasource",
        "key": "ItemDS",
        "valueField": "DisplayName",
        "textField": "DisplayName",
        "visible": true,
        "isEditable": true,
        "cascadeFrom": "Location",
        "validation": {
          "maxLength": "0",
          "required": true
        },
        "overrideFieldBindingType": false
      },
      {
        "fieldName": "BOMID",
        "title": "BOM ID",
        "Description": "BOMs which consist of the old component",
        "type": "picklistDropdown",
        "selectionType": "multiple",
        "clearSearch": true,
        "select": "ALL",
        "source": "datasource",
        "key": "BOMDS",
        "valueField": "Name",
        "textField": "Name",
        "visible": false,
        "isEditable": true,
        "cascadeFrom": "OldComponent",
        "validation": {
          "maxLength": "0",
          "required": false
        },
        "overrideFieldBindingType": false
      },
      {
        "fieldName": "FinishedItemsorSFGs",
        "title": "Finished Items or SFGs",
        "Description": "Items in which the old component is being consumed",
        "type": "picklistDropdown",
        "clearSearch": true,
        "source": "datasource",
        "visible": true,
        "isEditable": true,
        "validation": {
          "maxLength": "0",
          "required": true
        },
        "key": "FinishedItemDS",
        "valueField": "DisplayName",
        "textField": "DisplayName",
        "cascadeFrom": "BOMID",
        "overrideFieldBindingType": false
      },
      {
        "fieldName": "BOMvisible",
        "title": "BOM",
        "Description": "ALL BOMs In which Old Component is present",
        "type": "picklistDropdown",
        "selectionType": "multiple",
        "clearSearch": true,
        "select": "ALL",
        "source": "datasource",
        "key": "BOMVISIBLEDS",
        "valueField": "Name",
        "textField": "Name",
        "visible": true,
        "isEditable": false,
        "cascadeFrom": "FinishedItemsorSFGs",
        "validation": {
          "maxLength": "0",
          "required": true
        },
        "overrideFieldBindingType": false
      },
      {
        "fieldName": "NewComponent",
        "title": "New Component",
        "Description": "Component which replaces old component",
        "type": "picklistDropdown",
        "selectionType": "single",
        "clearSearch": true,
        "select": "NONE",
        "source": "datasource",
        "key": "NewComponentDS",
        "valueField": "Name",
        "textField": "Name",
        "visible": true,
        "isEditable": true,
        "cascadeFrom": "Location",
        "validation": {
          "maxLength": "0",
          "required": true
        },
        "overrideFieldBindingType": false
      },
      {
        "fieldName": "ConsumedQtyPer",
        "title": "Consumed Qty Per",
        "Description": "New Component consumed to produce One finsihed good",
        "type": "number",
        "displayFormat": "0.000",
        "selectionType": "single",
        "clearSearch": true,
        "source": "literal",
        "visible": true,
        "isEditable": true,
        "validation": {
          "maxLength": "0",
          "required": true
        }
      },
      {
        "fieldName": "UOM",
        "title": "New Component UOM",
        "Description": "New Component Unit of Measure",
        "type": "picklistDropdown",
        "selectionType": "single",
        "clearSearch": true,
        "source": "datasource",
        "key": "UOMDS",
        "valueField": "Item Base UOM",
        "textField": "Item Base UOM",
        "visible": false,
        "isEditable": false,
        "cascadeFrom": "NewComponent",
        "validation": {
          "maxLength": "0",
          "required": false
        },
        "overrideFieldBindingType": false
      },
      {
        "fieldName": "ValidFrom",
        "title": "Valid From",
        "Description": "Start Date of New Component",
        "type": "datetime",
        "clearSearch": true,
        "source": "literal",
        "visible": true,
        "isEditable": true,
        "validation": {
          "maxLength": "0",
          "required": true
        }
      },
      {
        "fieldName": "ValidTo",
        "title": "Valid To",
        "Description": "End Date of New Component",
        "type": "datetime",
        "clearSearch": true,
        "source": "literal",
        "visible": true,
        "isEditable": true,
        "validation": {
          "maxLength": "0",
          "required": true
        }
      }
    ],
    "Range": [],
    "DataSources": [
      {
        "Name": "ItemDS",
        "IBPLRules": [
          {
            "template": "Select (&ALLRMsAndSAs) where{\n[Version].[Version Name]{{#filter Version}},[Location].[Location]{{#filter Location}},Measure.[Final BOM Consumed Item Association]>0};"
          }
        ],
        "JavascriptRules": [],
        "IncludeDSFieldsOnly": false,
        "FieldBindings": []
      },
      {
        "Name": "BOMDS",
        "IBPLRules": [
          {
            "template": "Select (&ALLBOMs) where{\n[Version].[Version Name]{{#filter Version}},[Location].[Location]{{#filter Location}},&ALLRMsAndSAs{{#filter OldComponent}},Measure.[Final BOM Consumed Item Association]==1};"
          }
        ],
        "JavascriptRules": [],
        "IncludeDSFieldsOnly": false,
        "FieldBindings": []
      },
      {
        "Name": "FinishedItemDS",
        "IBPLRules": [
          {
            "template": "Select(Item.Item) where{[Version].[Version Name]{{#filter Version}},[Location].[Location]{{#filter Location}},\n[Activity1].[Activity1]{{#filter BOMID}},Measure.[Final BOM Association]>0};"
          }
        ],
        "JavascriptRules": [],
        "IncludeDSFieldsOnly": false,
        "FieldBindings": []
      },
      {
        "Name": "UOMDS",
        "IBPLRules": [
          {
            "template": "select ([Item].[Item]{{#filter NewComponent}}) include memberproperties {[Item].[Item],[Item Base UOM]};"
          }
        ],
        "JavascriptRules": [],
        "IncludeDSFieldsOnly": false,
        "FieldBindings": []
      },
      {
        "Name": "NewComponentDS",
        "IBPLRules": [
          {
            "template": "Select (&ALLRMsAndSAs);"
          }
        ],
        "JavascriptRules": [],
        "IncludeDSFieldsOnly": false,
        "FieldBindings": []
      },
      {
        "Name": "BOMVISIBLEDS",
        "IBPLRules": [
          {
            "template": "Select (&ALLBOMs) where{\n[Version].[Version Name]{{#filter Version}},[Location].[Location]{{#filter Location}},Item.[Item]{{#filter FinishedItemsorSFGs}},Measure.[Final BOM Association]>0};"
          }
        ],
        "JavascriptRules": [],
        "IncludeDSFieldsOnly": false,
        "FieldBindings": []
      }
    ],
    "AutoExecute": false,
    "isAsync": true,
    "hasMembersUpdates": true,
    "Compact": false,
    "TwoColumn": false,
    "IsGlobalForExcelAddIn": false,
    "ReturnFilterByUpdate": false,
    "ExcludeFromNavLink": false,
    "FilterFieldBindings": []
  },
  "Widget": null,
  "Roles": []
}