{
  "Name": "Auto Rollup Profiles",
  "ViewId": "163a86ee-327b-5ded-6e61-18c83c5ad16b",
  "ContentType": "Regular",
  "Title": "Auto Rollup Profiles",
  "Position": 1,
  "IsDefault": false,
  "Resource": null,
  "RazorViewTemplate": "_containers",
  "ConfigJson": {
    "WidgetContainers": {
      "Containers": [
        1
      ],
      "Key": 0,
      "IsModified": false,
      "ViewSpread": {
        "RowLevel": 60,
        "ColLevel": 12
      },
      "Data": [
        {
          "Id": "c1bba359-b35c-474b-bf05-9a71a8b3e86d",
          "Col": 0,
          "Row": 0,
          "SizeX": 12,
          "SizeY": 60
        }
      ]
    },
    "CompactMode": false,
    "IsHidden": false
  },
  "Roles": [
    "public"
  ]
}