{
  "MeasureGroupName": "022 Size Profile Summary",
  "MeasureGroupId": "88072a07-21be-74c6-a6ac-478d6a460d62",
  "ParentMeasureGroupName": null,
  "HasShadow": false,
  "MeasureGroupDescription": "Size Profile Summary",
  "MeasureGroupType": "Regular",
  "FactTableName": "Fact022SizeProfileSummary",
  "SchemaMajorVersion": 0,
  "ConfigJson": {},
  "ApiName": null,
  "Repartition": false,
  "Unpartition": false,
  "ApiEnabled": false,
  "DimensionUsages": [
    {
      "DimensionName": "Version",
      "AttributeName": "Version Name",
      "SortOrder": 0,
      "DimensionType": "Regular"
    },
    {
      "DimensionName": "Time",
      "AttributeName": "Planning Month",
      "SortOrder": 0,
      "DimensionType": "Time"
    },
    {
      "DimensionName": "NamedNode",
      "AttributeName": "Retail_AP_FD_Product_Location_Setup_NN",
      "SortOrder": 1,
      "DimensionType": "NamedNode"
    },
    {
      "DimensionName": "NamedNode",
      "AttributeName": "Retail_AP_SZP_Size_Range_NN",
      "SortOrder": 4,
      "DimensionType": "NamedNode"
    },
    {
      "DimensionName": "NamedNode",
      "AttributeName": "Retail_AP_FD_Common_NN",
      "SortOrder": 5,
      "DimensionType": "NamedNode"
    }
  ]
}