{
  "AttributeName": "o9EKG Project Diff Generation Timestamp",
  "AttributeId": "d1cedfac-d842-c138-df5e-4891c4eef677",
  "AttributeHierarchyEnabled": false,
  "IsKey": false,
  "Description": "Generation Timestamp",
  "OrderBy": "Key",
  "KeyColumnName": "o9EKGProjectDiffGenerationTimestampKey",
  "NameColumnName": null,
  "KeyColumnDataType": "string",
  "SeedTags": false,
  "KeyGenerationType": null,
  "PickListName": null,
  "ConfigJson": {
    "IsVisible": true,
    "IsEditable": false
  },
  "FormatString": "",
  "Translation": null,
  "Aliases": [],
  "ApiName": null,
  "ApiDisabled": false,
  "FgColorFormula": null,
  "BgColorFormula": null,
  "IsReservedBySystem": false
}