{
  "Name": "APInfoBuyPlan04",
  "Description": "Information",
  "ActionButtonId": "5f623642-6bc0-842a-a8bb-2e09207c4f12",
  "Tooltip": "Report Information",
  "ActionButtonType": "Widget",
  "Alignment": "right",
  "IsPopOver": true,
  "IsGlobal": true,
  "ActionClickHandler": null,
  "Icon": null,
  "Image": null,
  "ConfigJson": {
    "icon": "info-circle",
    "SubmitButton": {
      "Label": " "
    },
    "ResetButton": {},
    "CloseButton": {
      "Label": " "
    },
    "NotifyAll": false,
    "IBPLRules": [],
    "JavascriptRules": [],
    "FieldBindings": [
      {
        "fieldName": "Information",
        "title": "Information",
        "type": "info",
        "clearSearch": true,
        "source": "literal",
        "defaultValue": "<!DOCTYPE html> <html lang=\"en\"> <head>     <meta charset=\"UTF-8\">     <meta name=\"viewport\" content=\"width=device-width, initial-scale=1.0\">     <title>Assign Size Profiles</title> </head> <body style=\"text-align: left;\">     <p align=\"left\"><strong>Overview</strong></p>     <p align=\"left\">This report maps size profiles at a Style Color - Store from the list of approved size profiles. <Br> You can assign size profiles to each Style Color at a store level. The \"Fetch Profiles\" action button maps the size profiles to each Style Color based on the size ranges defined in Ranging. Only the approved size profiles in Size Profiler will be mapped as a result of executing Fetch Profiles. The mapped profiles can be overridden if necessary, using the picklist that displays all approved profiles. Once the profiles are finalized, use the \"Approve Profiles\" action button to approve the size profiles, which will then be applied in size-level receipts. The profile mapping logic operates as follows: <Br> 1. Approved profiles are fetched based on the Class - Store - PAG combination. <Br> 2. For Style Colors without a mapping profile in Step 1, approved profiles are fetched based on the Class-Store combination. <Br> 3. For Style Colors without a mapping profile in step 2, approved profiles are fetched based on the Class - PAG combination. <Br> 4. For Style Colors without a mapping profile in step 3, approved profiles are fetched at the Class level. </p>      <p align=\"left\"><strong>How to Use</strong></p>     <p align=\"left\">1. Approve relevant profiles in size proflier. <Br> 2. Assign relevant profiles at Style Color - Store level in Ranging. <Br> 3. Execute the \"Fetch Profiles\" action button. <Br> 4. Execute the \"Approve Profiles\" action button. </p>         <p align=\"left\"><strong>Output</strong></p>     <p align=\"left\">1. Size Profiles will be mapped at a Style Color - Store level based on the size range mapping in Ranging. <Br> 2. You can override the size profile from the picklist if required. The picklist shows the list of all the approved profiles within the filtered Class. <Br> 3. Approved size profiles will be used for generating size level receipts.</p> </body> </html>",
        "visible": true,
        "isEditable": true,
        "validation": {
          "maxLength": "0",
          "required": true
        }
      }
    ],
    "Range": [],
    "DataSources": [],
    "AutoExecute": false,
    "isAsync": false,
    "hasMembersUpdates": false,
    "Compact": false,
    "TwoColumn": false,
    "IsGlobalForExcelAddIn": false,
    "enableTransaction": false,
    "ReturnFilterByUpdate": false,
    "ExcludeFromNavLink": false,
    "FilterFieldBindings": []
  },
  "Widget": null,
  "Roles": []
}