{
  "MeasureName": "Process Active?",
  "MeasureId": "28b5edf5-181c-4eb5-b7d3-edf162c22c2a",
  "MeasureDescription": "Process Active?",
  "DataType": "boolean",
  "MeasureType": "Regular",
  "AggregateFunction": "Null",
  "FormatString": "#,##0.00; (#,##0.00)",
  "MeasureColumnName": "ProcessActive",
  "MeasureFormula": "",
  "IsEditable": false,
  "ApplyConversion": false,
  "ConversionFormula": "",
  "PickListName": null,
  "BgColorFormula": null,
  "FgColorFormula": null,
  "TrendFormula": null,
  "FormattingViewModel": null,
  "ParentMeasureName": null,
  "AssociationMeasure": false,
  "IsComputedByPlanningService": false,
  "ToolTip": "Process Active?",
  "ConfigJson": {},
  "ApiName": null,
  "ApiDisabled": false,
  "IsReportingMeasure": false,
  "MeasureConditionalFormulaProperties": [],
  "PicklistSource": null
}