{
  "AttributeName": "Serial Number",
  "AttributeId": "043fda1f-dd01-4fed-b6b6-ffa6e27e256b",
  "AttributeHierarchyEnabled": true,
  "IsKey": true,
  "Description": "Serial Number",
  "OrderBy": "Name",
  "KeyColumnName": "SerialNumberKey",
  "NameColumnName": "SerialNumberName",
  "KeyColumnDataType": "integer",
  "SeedTags": false,
  "KeyGenerationType": "Auto",
  "PickListName": null,
  "ConfigJson": {
    "ShowFilterAs": "TileView",
    "MemberDisplayNameEditable": true,
    "IsMultipleImage": false,
    "MemberDisplayColor": false
  },
  "FormatString": null,
  "Translation": null,
  "Aliases": [],
  "ApiName": null,
  "ApiDisabled": false
}