{
  "Name": "o9EKGDeleteCustomer",
  "Description": "Delete Customer",
  "ActionButtonId": "63456b0f-75a9-c92f-39ca-836d25062059",
  "Tooltip": "Delete Customer",
  "ActionButtonType": "Widget",
  "Alignment": "right",
  "IsPopOver": true,
  "IsGlobal": true,
  "ActionClickHandler": null,
  "Icon": null,
  "Image": null,
  "ConfigJson": {
    "DisplayName": "Delete",
    "icon": "trash",
    "SubmitButton": {
      "Label": "Submit",
      "ConfirmMessage": "This action will permanently delete the selected customer and all related info and not recoverable. Are you sure you want to continue?"
    },
    "ResetButton": {},
    "CloseButton": {
      "Label": "Close"
    },
    "NotifyRoles": false,
    "NotifyAll": false,
    "IBPLRules": [
      {
        "template": "//Delete member//\n\ndeletemember ([o9EKG Customer].[Customer Name]={, \"{{Cust}}\" }) cascade;\n\n"
      },
      {
        "template": "purge members ();"
      }
    ],
    "JavascriptRules": [],
    "FieldBindings": [
      {
        "fieldName": "Cust",
        "title": "Customer Name",
        "type": "picklistDropdown",
        "selectionType": "single",
        "clearSearch": true,
        "select": "NONE",
        "source": "members",
        "DimensionName": "o9EKG Customer",
        "LevelAttributeName": "Customer Name",
        "visible": true,
        "isEditable": true,
        "validation": {
          "maxLength": "0",
          "required": true
        }
      },
      {
        "fieldName": "Info",
        "title": "Info",
        "type": "info",
        "clearSearch": true,
        "source": "literal",
        "defaultValue": "Selected Customer will be deleted permanently. This action is Irreversible.",
        "visible": true,
        "isEditable": true,
        "validation": {
          "maxLength": "0",
          "required": true
        }
      }
    ],
    "Range": [],
    "DataSources": [],
    "AutoExecute": false,
    "isAsync": false,
    "hasMembersUpdates": true,
    "Compact": true,
    "TwoColumn": false,
    "IsGlobalForExcelAddIn": false,
    "ReturnFilterByUpdate": false,
    "ExcludeFromNavLink": false,
    "FilterFieldBindings": []
  },
  "Widget": null,
  "Roles": [
    "admin",
    "System Architect"
  ]
}