{
  "HierarchyName": "Rule Hierarchies",
  "HierarchyId": "7d361068-94e4-4219-9c68-eb53474513b8",
  "HierarchyDescription": "Rule Hierarchies",
  "Translations": null,
  "Levels": [
    {
      "LevelName": "Rule Set",
      "LevelId": "f4b754c8-d07c-484d-c379-1a5addf617ef",
      "SourceAttributeName": "Rule Set",
      "LevelDescription": "Rule Set",
      "LevelPosition": 0,
      "Translations": null
    },
    {
      "LevelName": "Rule",
      "LevelId": "3cd06eba-7fad-8bf0-f453-9a782a3bf480",
      "SourceAttributeName": "Rule",
      "LevelDescription": "Rule",
      "LevelPosition": 1,
      "Translations": null
    }
  ],
  "IsEnabled": true,
  "ErrorMessage": null
}