{
  "IbplRuleId": "a20c6866-00cb-4ab6-9df8-e5bb3d203800",
  "Script": "// Add rules here...\r\n// EKG DEPLOYMENT\r\n\r\n// SETUP\r\ngrant write access rule_6_EKG_Data_Admin to roles [EKG_DataAdmin],[EKG_Intg_Arch] for dimension [o9MKPipelineSettings];\r\ngrant write access rule_7_EKG_Data_Admin to roles [EKG_DataAdmin],[EKG_Intg_Arch] for dimension [o9MKTime];\r\ngrant write access rule_16_EKG_Data_Admin to roles [EKG_DataAdmin],[EKG_Intg_Arch] for Plan [EKGDeployment];\r\n\r\n// PIPELINE LIST\r\ngrant write access rule_4_EKG_Data_Admin to roles [EKG_DataAdmin],[EKG_Intg_Arch] for dimension [o9EKGPipelines];\r\ngrant write access rule_5_EKG_Data_Admin to roles [EKG_DataAdmin],[EKG_Intg_Arch] for dimension [o9EKGSequence];\r\n\r\n// DATA LINEAGE\r\ngrant write access rule_1_EKG_Data_Admin to roles [EKG_DataAdmin],[EKG_Intg_Arch] for Plan [o9EKG Configurator];\r\n\r\ngrant write access rule_2_EKG_Data_Admin to roles [EKG_DataAdmin],[EKG_Intg_Arch] for dimension [o9EKG Table];\r\ngrant write access rule_3_EKG_Data_Admin to roles [EKG_DataAdmin],[EKG_Intg_Arch] for dimension [Sequence];\r\n\r\n\r\n\r\n// Admin EKG Configurator\r\n\r\n// ADMIN SETTING\r\n     // SUBSCRIPTION MANAGEMENT\r\n// grant write access rule_1_EKG_Data_Admin to roles [EKG_DataAdmin] for Plan [o9EKG Configurator];\r\ngrant write access rule_8_EKG_Data_Admin to roles [EKG_DataAdmin] for dimension [Version];\r\n\r\n\r\n// PMM ADMIN\r\n//   MANAGE BUILDING BLOCK\r\ngrant write access rule_9_EKG_Data_Admin to roles [EKG_DataAdmin] for dimension [o9EKG Building Blocks];\r\n\r\n  // MANAGE CAPABILITIES\r\ngrant write access rule_10_EKG_Data_Admin to roles [EKG_DataAdmin] for dimension [o9EKG Business Characteristics];\r\ngrant write access rule_11_EKG_Data_Admin to roles [EKG_DataAdmin] for dimension [o9EKG Customer];\r\ngrant write access rule_12_EKG_Data_Admin to roles [EKG_DataAdmin] for dimension [o9EKG Industry];\r\n\r\n// Dimension Data\r\ngrant write access rule_13_EKG_Data_Admin to roles [EKG_DataAdmin] for dimension [o9EKG User];\r\n\r\n// DOCUMENTS/FILES\r\ngrant write access rule_14_EKG_Data_Admin to roles [EKG_DataAdmin] for dimension [o9EKG Documents];\r\n\r\n// FACT DATA\r\n// grant write access rule_15_EKG_Data_Admin to roles [EKG_DataAdmin] for Measure [o9EKG LS Table Type];\r\n\r\n\r\n\r\n\r\n\r\n\r\n\r\n",
  "Name": "o9_EKG_Deployment_+_Admin_EKG_Configurator",
  "ScriptType": "DataSecurity",
  "Position": 0,
  "IsActive": true,
  "IsMigrated": false,
  "MigrationTime": null
}