{
  "AttributeName": "Emission Scope",
  "AttributeId": "4337d0c0-9d8d-4c13-a79f-9801bb151465",
  "AttributeHierarchyEnabled": true,
  "IsKey": false,
  "Description": "Emission Scope",
  "OrderBy": "Key",
  "KeyColumnName": "EmissionScopeKey",
  "NameColumnName": "EmissionScopeName",
  "KeyColumnDataType": "integer",
  "SeedTags": false,
  "KeyGenerationType": "Auto",
  "PickListName": null,
  "ConfigJson": {
    "ShowFilterAs": "TileView",
    "MemberDisplayNameEditable": true,
    "IsMultipleImage": false,
    "MemberDisplayColor": false
  },
  "FormatString": null,
  "Translation": null,
  "Aliases": [],
  "ApiName": null,
  "ApiDisabled": false
}