{
  "Name": "CopyPlan",
  "Description": null,
  "ActionButtonId": "82d455ee-6b74-413f-b19a-5898b536df28",
  "Tooltip": "Publish Scenario",
  "ActionButtonType": "Widget",
  "Alignment": "right",
  "IsPopOver": true,
  "IsGlobal": true,
  "ActionClickHandler": null,
  "Icon": null,
  "Image": null,
  "ConfigJson": {
    "DisplayName": "Publish Scenario",
    "icon": "copy",
    "SubmitButton": {
      "Label": "Submit"
    },
    "ResetButton": {
      "Label": "Reset"
    },
    "CloseButton": {
      "Label": "Close",
      "ConfirmMessage": "Unsaved changes will be lost. Continue?"
    },
    "NotifyAll": false,
    "IBPLRules": [
      {
        "template": "scope:([Item].[L3] * [Sales Domain].[Channel] * [Location].[Location Country] * &PlanningWeeks * [Version].[Version Name].[{{Destination}}] * [Selling Season].[Selling Season]);\nMeasure.[BU POS MD %]= Measure.[BU POS MD %]@([Version].[Version Name].[{{Source}}]);\nMeasure.[BU Perm MD %]= Measure.[BU Perm MD %]@([Version].[Version Name].[{{Source}}]);\nMeasure.[BU Rec Rtl]= Measure.[BU Rec Rtl]@([Version].[Version Name].[{{Source}}]);\nend scope;"
      }
    ],
    "JavascriptRules": [],
    "FieldBindings": [
      {
        "fieldName": "Source",
        "title": "Source Scenario",
        "Description": "Source Scenario",
        "type": "picklistDropdown",
        "selectionType": "single",
        "clearSearch": true,
        "source": "members",
        "DimensionName": "Version",
        "LevelAttributeName": "Version Name",
        "visible": true,
        "isEditable": true,
        "validation": {
          "maxLength": "0",
          "required": true
        },
        "select": "NONE"
      },
      {
        "fieldName": "Destination",
        "title": "Destination Scenario",
        "Description": "Destination Scenario",
        "type": "picklistDropdown",
        "selectionType": "single",
        "clearSearch": true,
        "source": "members",
        "DimensionName": "Version",
        "LevelAttributeName": "Version Name",
        "visible": true,
        "isEditable": true,
        "validation": {
          "maxLength": "0",
          "required": true
        },
        "select": "NONE"
      }
    ],
    "DataSources": [],
    "AutoExecute": false,
    "isAsync": true,
    "hasMembersUpdates": false,
    "Compact": false,
    "TwoColumn": false,
    "IsGlobalForExcelAddIn": false,
    "ReturnFilterByUpdate": false,
    "FilterFieldBindings": []
  },
  "Widget": null
}