{
  "AttributeName": "Sequence ID",
  "AttributeId": "45c30abb-8fe0-4482-9518-8c985b2c20c9",
  "AttributeHierarchyEnabled": true,
  "IsKey": true,
  "Description": "Sequence ID",
  "OrderBy": "Name",
  "KeyColumnName": "SequenceIDKey",
  "NameColumnName": "SequenceIDName",
  "KeyColumnDataType": "integer",
  "SeedTags": false,
  "KeyGenerationType": "Auto",
  "PickListName": null,
  "ConfigJson": {
    "ShowFilterAs": "TileView",
    "MemberDisplayNameEditable": true,
    "IsMultipleImage": false,
    "MemberDisplayColor": false
  },
  "FormatString": null,
  "Translation": null,
  "Aliases": [],
  "ApiName": null,
  "ApiDisabled": false,
  "ToolTip": "Sequence ID",
  "FgColorFormula": "",
  "BgColorFormula": "",
  "IsReservedBySystem": false
}