{
  "AttributeName": "Retail_AP_FD_Channel_NN",
  "AttributeId": "7e7a147d-2911-475c-6811-fc79bd33f0f7",
  "AttributeHierarchyEnabled": true,
  "IsKey": false,
  "Description": "Retail AP Channel Named Node",
  "OrderBy": "Key",
  "KeyColumnName": "Retail_AP_FD_Channel_NNKey",
  "NameColumnName": "Retail_AP_FD_Channel_NNName",
  "KeyColumnDataType": "integer",
  "SeedTags": true,
  "KeyGenerationType": "Auto",
  "PickListName": null,
  "ConfigJson": {
    "ShowFilterAs": "TileView",
    "MemberDisplayNameEditable": true,
    "IsMultipleImage": false,
    "MemberDisplayColor": false
  },
  "FormatString": null,
  "Translation": null,
  "Aliases": [],
  "ApiName": null,
  "ApiDisabled": false,
  "ParentAttributeName": null,
  "NamedNodeUsages": [
    {
      "DimensionName": "Sales Domain",
      "AttributeName": "Sales Planning Channel"
    }
  ]
}