{
  "EdgePropertyId": "89a51300-47f1-44f1-8138-a88d15f18d37",
  "PropertyName": "ShipTo Realignment Created On",
  "PropertyDescription": "ShipTo Realignment Created On",
  "PropertyDataType": "datetime",
  "PropertyDataSize": 0,
  "PropertyColumnName": "ShipToRealignmentCreatedOn",
  "AggregateFunction": "Min",
  "PropertyFormula": null,
  "IsEditable": false,
  "FormatString": "dd-MMM-yy",
  "ActivationProperty": false,
  "IsComputedByPlanningService": false,
  "ToolTip": null,
  "ApiName": null,
  "ApiDisabled": false,
  "BgColorFormula": null,
  "FgColorFormula": null,
  "TrendFormula": null,
  "FormattingViewModel": null,
  "ConditionalFormulas": []
}