{
  "Name": "ABDM Transformations",
  "WidgetDefinitionName": "ABDM Transformations",
  "IsPrimary": true,
  "ConfigJson": {
    "ContainerId": "a844ec55-4b9d-4fe6-b863-ddbd6b9947f4",
    "CompositeContainerId": null,
    "Position": 0,
    "ShowInfoContext": {
      "ActionColumn": true,
      "RowInfo": true,
      "MemberInfo": true
    },
    "ShowHeader": {
      "Icon": "",
      "Color": null
    },
    "ActionButtonBindings": [
      {
        "ActionButtonName": "Common0000ABDM",
        "HotKey": "",
        "ExcludeHiddenAttributes": false,
        "ModuleId": "69c63dc5-4f82-4296-89e9-7839154cd5be"
      },
      {
        "ActionButtonName": "SCDMABDMGeneratePlugins",
        "HotKey": "",
        "ExcludeHiddenAttributes": false,
        "ModuleId": "ee3ceee4-2b28-4b41-9b7f-25ab52c9a322"
      },
      {
        "ActionButtonName": "SCDMABDMTransformationsCreateRow",
        "HotKey": "",
        "ExcludeHiddenAttributes": false,
        "ModuleId": "ee3ceee4-2b28-4b41-9b7f-25ab52c9a322"
      },
      {
        "ActionButtonName": "SCDMABDMTransformationsDeleteRow",
        "HotKey": "",
        "ExcludeHiddenAttributes": false,
        "ModuleId": "ee3ceee4-2b28-4b41-9b7f-25ab52c9a322"
      }
    ]
  },
  "ViewWidgetDefinitionId": "5da8a672-b86f-38f7-6d45-5e3bcb081308",
  "Title": "Transformation Rules"
}