{
  "Name": "64DeleteObsoleteMembersDeletion",
  "Description": null,
  "ActionButtonId": "df69f857-13c1-434a-91d0-f5ba328b3450",
  "Tooltip": "It will delete the Measures based on Final Flag",
  "ActionButtonType": "Widget",
  "Alignment": "right",
  "IsPopOver": true,
  "IsGlobal": true,
  "ActionClickHandler": null,
  "Icon": null,
  "Image": null,
  "ConfigJson": {
    "DisplayName": "Members Deletion",
    "icon": "minus",
    "SubmitButton": {
      "Label": "Delete Members!",
      "ConfirmMessage": "Members will be deleted now. Please Make sure sure Delete Final Measures have correct values"
    },
    "ResetButton": {
      "Label": "Reset"
    },
    "CloseButton": {
      "Label": "Close",
      "ConfirmMessage": "Unsaved changes will be lost. Continue?"
    },
    "NotifyRoles": true,
    "NotifyAll": false,
    "IBPLRules": [],
    "JavascriptRules": [
      {
        "modulename": "o9.referencemodel.DeleteObsoleteMembersDeletion",
        "functionname": "DeleteObsoleteMembersDeletion"
      }
    ],
    "FieldBindings": [],
    "Range": [],
    "DataSources": [],
    "AutoExecute": false,
    "isAsync": true,
    "hasMembersUpdates": false,
    "Compact": false,
    "TwoColumn": false,
    "IsGlobalForExcelAddIn": false,
    "ReturnFilterByUpdate": false,
    "ExcludeFromNavLink": false,
    "FilterFieldBindings": []
  },
  "Widget": null,
  "Roles": []
}