{
  "AttributeName": "Retail_MFP_LP_Time_NN",
  "AttributeId": "43cc05ff-fcb0-73ff-0941-d0e906f7a5e8",
  "AttributeHierarchyEnabled": true,
  "IsKey": false,
  "Description": "Retail MFP Location Plan Time Namednode",
  "OrderBy": "Key",
  "KeyColumnName": "Retail_MFP_LP_Time_NNKey",
  "NameColumnName": "Retail_MFP_LP_Time_NNName",
  "KeyColumnDataType": "integer",
  "SeedTags": true,
  "KeyGenerationType": "Auto",
  "PickListName": null,
  "ConfigJson": {
    "ShowFilterAs": "TileView",
    "MemberDisplayNameEditable": true,
    "IsMultipleImage": false,
    "MemberDisplayColor": false
  },
  "FormatString": null,
  "Translation": null,
  "Aliases": [],
  "ApiName": null,
  "ApiDisabled": false,
  "ParentAttributeName": null,
  "NamedNodeUsages": [
    {
      "DimensionName": "Time",
      "AttributeName": "Planning Month"
    }
  ]
}