{
  "MeasureName": "ASP SC LC",
  "MeasureId": "1eff7fae-106c-489f-899a-0e5c2bbe382b",
  "MeasureDescription": "Average Selling Price at Style Color - Location Country",
  "DataType": "number",
  "MeasureType": "Regular",
  "AggregateFunction": "AvgNonNullOrZero",
  "FormatString": "0.00",
  "MeasureColumnName": "APRetailPrice",
  "MeasureFormula": "",
  "IsEditable": false,
  "ApplyConversion": false,
  "ConversionFormula": "",
  "PickListName": null,
  "BgColorFormula": "",
  "FgColorFormula": "",
  "TrendFormula": "",
  "FormattingViewModel": "[]",
  "ParentMeasureName": null,
  "AssociationMeasure": false,
  "IsComputedByPlanningService": true,
  "ToolTip": "Average Selling Price at Style Color - Location Country",
  "ConfigJson": {},
  "ApiName": null,
  "ApiDisabled": false,
  "IsReportingMeasure": false,
  "MeasureConditionalFormulaProperties": [],
  "PicklistSource": null
}