{
  "Name": "922AddItemLocationRealignment",
  "Description": "Add Realignment",
  "ActionButtonId": "061758b5-a068-488f-9b56-a2854ba005b7",
  "Tooltip": "Add Realignment",
  "ActionButtonType": "Rule",
  "Alignment": "right",
  "IsPopOver": true,
  "IsGlobal": false,
  "ActionClickHandler": null,
  "Icon": null,
  "Image": null,
  "ConfigJson": {
    "icon": "plus",
    "Position": "0",
    "SubmitButton": {
      "Label": "Submit"
    },
    "ResetButton": {
      "Label": "Reset"
    },
    "CloseButton": {
      "Label": "Close",
      "ConfirmMessage": "Unsaved changes will be lost. Continue?"
    },
    "NotifyAll": false,
    "IBPLRules": [
      {
        "template": "/*Rule to create Graph record*/\ncartesian scope: ([920 Item Location Realignment], [Version].[Version Name]{{#filter Version}},from &AllItem{{#filter FromItem}} * &AllLocation{{#filter FromLocation}} ,to &AllLocation{{#filter ToLocation}} * &AllDays{{#filter TransitionDate}} );\nEdge.[Item Location Realignment Percentage] =  {{RealignmentPercentage}}/100.00;\nEdge.[Item Location Realignment Created By] =  \"{{CreatedBy}}\";\nEdge.[Item Location Realignment Created On] =  todatetime(\"{{CreatedOn}}\");\nend scope;"
      }
    ],
    "JavascriptRules": [],
    "FieldBindings": [
      {
        "fieldName": "Version",
        "title": "Version",
        "Description": "Version",
        "type": "picklist",
        "selectionType": "single",
        "clearSearch": true,
        "source": "filter",
        "DimensionName": "Version",
        "LevelAttributeName": "Version Name",
        "visible": true,
        "isEditable": true,
        "validation": {
          "maxLength": "0",
          "required": true
        }
      },
      {
        "fieldName": "FromItem",
        "title": "FromItem",
        "Description": "FromItem",
        "type": "picklist",
        "selectionType": "multiple",
        "clearSearch": true,
        "source": "members",
        "DimensionName": "Item",
        "LevelAttributeName": "Item",
        "visible": true,
        "isEditable": true,
        "validation": {
          "maxLength": "0",
          "required": true
        },
        "select": "NONE"
      },
      {
        "fieldName": "FromLocation",
        "title": "FromLocation",
        "Description": "FromLocation",
        "type": "picklist",
        "selectionType": "multiple",
        "clearSearch": true,
        "source": "members",
        "DimensionName": "Location",
        "LevelAttributeName": "Location",
        "visible": true,
        "isEditable": true,
        "validation": {
          "maxLength": "0",
          "required": true
        },
        "select": "NONE"
      },
      {
        "fieldName": "ToLocation",
        "title": "ToLocation",
        "Description": "ToLocation",
        "type": "picklist",
        "selectionType": "multiple",
        "clearSearch": true,
        "source": "members",
        "DimensionName": "Location",
        "LevelAttributeName": "Location",
        "visible": true,
        "isEditable": true,
        "validation": {
          "maxLength": "0",
          "required": true
        },
        "select": "NONE"
      },
      {
        "fieldName": "TransitionDate",
        "title": "Transition Date",
        "Description": "Transition Date",
        "type": "picklist",
        "selectionType": "single",
        "clearSearch": true,
        "source": "datasource",
        "key": "TransitionDate",
        "valueField": "Name",
        "textField": "Name",
        "visible": true,
        "isEditable": true,
        "validation": {
          "maxLength": "0",
          "required": true
        },
        "select": "NONE"
      },
      {
        "fieldName": "RealignmentPercentage",
        "title": "Realignment Percentage",
        "Description": "Realignment Percentage",
        "type": "number",
        "displayFormat": "0.00",
        "selectionType": "single",
        "clearSearch": true,
        "source": "literal",
        "visible": true,
        "isEditable": true,
        "validation": {
          "maxLength": "0",
          "required": true
        }
      },
      {
        "fieldName": "CreatedBy",
        "title": "Created By",
        "type": "string",
        "selectionType": "single",
        "clearSearch": true,
        "select": "ALL",
        "source": "datasource",
        "key": "User",
        "valueField": "result",
        "visible": true,
        "isEditable": false,
        "validation": {
          "maxLength": "0",
          "required": true
        }
      },
      {
        "fieldName": "CreatedOn",
        "title": "Created On",
        "type": "string",
        "selectionType": "single",
        "clearSearch": true,
        "select": "ALL",
        "source": "datasource",
        "key": "Now",
        "valueField": "result",
        "visible": true,
        "isEditable": false,
        "validation": {
          "maxLength": "0",
          "required": true
        }
      }
    ],
    "DataSources": [
      {
        "Name": "TransitionDate",
        "IBPLRules": [
          {
            "template": "Select &AllDays;"
          }
        ],
        "JavascriptRules": [],
        "IncludeDSFieldsOnly": false,
        "FieldBindings": []
      },
      {
        "Name": "User",
        "IBPLRules": [
          {
            "template": "Select CurrentUser().Name;"
          }
        ],
        "JavascriptRules": [],
        "IncludeDSFieldsOnly": false,
        "FieldBindings": []
      },
      {
        "Name": "Now",
        "IBPLRules": [
          {
            "template": "Select Now();"
          }
        ],
        "JavascriptRules": [],
        "IncludeDSFieldsOnly": false,
        "FieldBindings": []
      }
    ],
    "AutoExecute": false,
    "isAsync": true,
    "hasMembersUpdates": false,
    "Compact": false,
    "TwoColumn": false,
    "IsGlobalForExcelAddIn": false,
    "FilterFieldBindings": []
  },
  "Widget": null
}