{
  "Name": "AP46PlaceholderDeletionSC",
  "Description": "Delete Placeholders",
  "ActionButtonId": "a8a0b5f8-338c-55ed-7814-8cfe38f280bf",
  "Tooltip": "Delete Placeholders",
  "ActionButtonType": "Widget",
  "Alignment": "right",
  "IsPopOver": true,
  "IsGlobal": true,
  "ActionClickHandler": null,
  "Icon": null,
  "Image": null,
  "ConfigJson": {
    "DisplayName": "Delete Placeholders",
    "icon": "remove",
    "SubmitButton": {
      "Label": "Submit"
    },
    "ResetButton": {
      "Label": "Reset"
    },
    "CloseButton": {
      "Label": "Close",
      "ConfirmMessage": "Unsaved changes will be lost. Continue?"
    },
    "NotifyAll": false,
    "IBPLRules": [
      {
        "template": "deletemember ([Item].[Planning Item] = {,\"{{StyleColor}}\"}) ;\n"
      }
    ],
    "JavascriptRules": [],
    "FieldBindings": [
      {
        "fieldName": "Version",
        "title": "Version",
        "Description": "Version",
        "type": "picklistDropdown",
        "selectionType": "single",
        "clearSearch": true,
        "source": "filter",
        "DimensionName": "Version",
        "LevelAttributeName": "Version Name",
        "visible": true,
        "isEditable": true,
        "validation": {
          "maxLength": "0",
          "required": true
        },
        "fieldGroup": "Create SC PH"
      },
      {
        "fieldName": "ItemProgram",
        "title": "Program",
        "Description": "Item Sub-Class",
        "type": "picklistDropdown",
        "clearSearch": true,
        "source": "parentAttribute",
        "DimensionName": "Item",
        "key": {
          "LevelAttribute": {
            "Name": "L2",
            "Property": "Name"
          }
        },
        "visible": true,
        "isEditable": true,
        "validation": {
          "maxLength": "0",
          "required": true
        },
        "fieldGroup": "Create SC PH"
      },
      {
        "fieldName": "ItemStyle",
        "title": "Style",
        "Description": "Style Name",
        "type": "picklistDropdown",
        "clearSearch": true,
        "source": "parentAttribute",
        "DimensionName": "Item",
        "key": {
          "LevelAttribute": {
            "Name": "L1",
            "Property": "Name"
          }
        },
        "visible": true,
        "isEditable": true,
        "validation": {
          "maxLength": "0",
          "required": true
        },
        "selectionType": "single",
        "fieldGroup": "Create SC PH"
      },
      {
        "fieldName": "SellingSeason",
        "title": "SellingSeason",
        "Description": "SellingSeason",
        "type": "picklistDropdown",
        "selectionType": "single",
        "clearSearch": true,
        "source": "filter",
        "DimensionName": "Selling Season",
        "LevelAttributeName": "Selling Season",
        "visible": true,
        "isEditable": false,
        "validation": {
          "maxLength": "0",
          "required": true
        },
        "fieldGroup": "Create SC PH"
      },
      {
        "fieldName": "StyleColor",
        "title": "Style Color",
        "Description": "Style Color",
        "type": "picklistDropdown",
        "clearSearch": true,
        "source": "parentAttribute",
        "DimensionName": "Item",
        "key": {
          "LevelAttribute": {
            "Name": "Planning Item",
            "Property": "Name"
          }
        },
        "visible": true,
        "isEditable": true,
        "validation": {
          "maxLength": "0",
          "required": true
        },
        "selectionType": "single"
      }
    ],
    "Range": [],
    "DataSources": [
      {
        "Name": "SourceSCDS",
        "IBPLRules": [
          {
            "template": "{{#if LikeSC}}\n\nselect (Item.[L1]{{#filter ItemStyle}} *  Item.[Planning Item]) ;\n\n{{/if}}"
          }
        ],
        "JavascriptRules": [],
        "IncludeDSFieldsOnly": false,
        "FieldBindings": []
      }
    ],
    "AutoExecute": false,
    "isAsync": true,
    "hasMembersUpdates": false,
    "Compact": true,
    "TwoColumn": false,
    "IsGlobalForExcelAddIn": false,
    "ReturnFilterByUpdate": false,
    "ExcludeFromNavLink": false,
    "FilterFieldBindings": []
  },
  "Widget": null,
  "Roles": []
}