{
  "EdgePropertyId": "f839fca7-c01c-46b6-8be8-b0f66ccd1f4f",
  "PropertyName": "Item ShipTo Location Realignment Created On",
  "PropertyDescription": "Item ShipTo Location Realignment Created On",
  "PropertyDataType": "datetime",
  "PropertyDataSize": 0,
  "PropertyColumnName": "ItemShipToLocationRealignmentCreatedOn",
  "AggregateFunction": "Min",
  "PropertyFormula": null,
  "IsEditable": false,
  "FormatString": "dd-MMM-yy",
  "ActivationProperty": false,
  "IsComputedByPlanningService": false,
  "ToolTip": null,
  "ApiName": null,
  "ApiDisabled": false,
  "BgColorFormula": null,
  "FgColorFormula": null,
  "TrendFormula": null,
  "FormattingViewModel": null,
  "ConditionalFormulas": []
}