{
  "Name": "SupplyPlan400DDeleteRule",
  "Description": "Delete Rule",
  "ActionButtonId": "48585550-b845-31c2-e641-ed62d785cb7c",
  "Tooltip": "Delete Rule",
  "ActionButtonType": "Rule",
  "Alignment": "right",
  "IsPopOver": true,
  "IsGlobal": false,
  "ActionClickHandler": null,
  "Icon": null,
  "Image": null,
  "ConfigJson": {
    "icon": "minus",
    "Position": "0",
    "SubmitButton": {
      "Label": "Submit"
    },
    "ResetButton": {
      "Label": "Reset"
    },
    "CloseButton": {
      "Label": "Close",
      "ConfirmMessage": "Unsaved changes will be lost. Continue?"
    },
    "NotifyRoles": true,
    "NotifyAll": false,
    "IBPLRules": [
      {
        "template": "DELETE DATA FOR MODEL [001.001 ABDM Rules] WHERE {[Version].[Version Name]{{#filter Version}} , [DM Rule].[Rule]{{#filter DMRule}} , [Data Object].[Data Object]{{#filter DataObject}}};\n\nDELETE DATA FOR MODEL [410.003 ABDM Rules] WHERE {[Version].[Version Name]{{#filter Version}} , [DM Rule].[Rule]{{#filter DMRule}} , [Data Object].[Data Object]{{#filter DataObject}}};\n\n"
      }
    ],
    "JavascriptRules": [],
    "FieldBindings": [
      {
        "fieldName": "Version",
        "title": "Version",
        "Description": "Version",
        "type": "picklistDropdown",
        "clearSearch": true,
        "source": "parentAttribute",
        "DimensionName": "Version",
        "key": {
          "LevelAttribute": {
            "Name": "Version Name",
            "Property": "Name"
          }
        },
        "visible": true,
        "isEditable": false,
        "validation": {
          "maxLength": "0",
          "required": false
        }
      },
      {
        "fieldName": "DataObject",
        "title": "DataObject",
        "Description": "DataObject",
        "type": "string",
        "selectionType": "single",
        "clearSearch": true,
        "source": "parentAttribute",
        "DimensionName": "Data Object",
        "key": {
          "LevelAttribute": {
            "Name": "Data Object",
            "Property": "Name"
          }
        },
        "visible": true,
        "isEditable": false,
        "validation": {
          "maxLength": "0",
          "required": false
        }
      },
      {
        "fieldName": "DMRule",
        "title": "Rule",
        "Description": "Rule",
        "type": "picklistDropdown",
        "selectionType": "multiple",
        "clearSearch": true,
        "source": "parentAttribute",
        "DimensionName": "DM Rule",
        "key": {
          "LevelAttribute": {
            "Name": "Rule",
            "Property": "Name"
          }
        },
        "visible": true,
        "isEditable": false,
        "validation": {
          "maxLength": "0",
          "required": false
        }
      }
    ],
    "Range": [],
    "DataSources": [],
    "AutoExecute": false,
    "isAsync": true,
    "hasMembersUpdates": false,
    "Compact": true,
    "TwoColumn": false,
    "IsGlobalForExcelAddIn": false,
    "ExcludeFromNavLink": false,
    "FilterFieldBindings": []
  },
  "Widget": null,
  "Roles": []
}