{
  "MeasureGroupName": "o9EKG Business Characteristics Field Association",
  "MeasureGroupId": "75e015dc-1e62-fa77-ca73-4004b0c9d67d",
  "ParentMeasureGroupName": null,
  "HasShadow": false,
  "MeasureGroupDescription": "o9EKG Business Characteristics Field Association",
  "MeasureGroupType": "Regular",
  "FactTableName": "Facto9EKGBusinessCharFieldAssociation",
  "SchemaMajorVersion": 0,
  "ConfigJson": {},
  "ApiName": null,
  "Repartition": false,
  "Unpartition": false,
  "ApiEnabled": false,
  "DimensionUsages": [
    {
      "DimensionName": "Version",
      "AttributeName": "Version Name",
      "SortOrder": 0,
      "DimensionType": "Regular"
    },
    {
      "DimensionName": "o9EKG Customer",
      "AttributeName": "Project Name",
      "SortOrder": 1,
      "DimensionType": "Regular"
    },
    {
      "DimensionName": "o9EKG Business Characteristics",
      "AttributeName": "Business Characteristics",
      "SortOrder": 2,
      "DimensionType": "Regular"
    },
    {
      "DimensionName": "o9EKG Table",
      "AttributeName": "Field ID",
      "SortOrder": 3,
      "DimensionType": "Regular"
    }
  ]
}
