{
  "MeasureName": "Margin % Benchmark",
  "MeasureId": "de9c3c27-90d8-9f24-5689-ee995d02474d",
  "MeasureDescription": "Margin Benchmark for top selling products",
  "DataType": "number",
  "MeasureType": "Regular",
  "AggregateFunction": "Avg",
  "FormatString": "0.00%",
  "MeasureColumnName": "Margin%Benchmark",
  "MeasureFormula": "",
  "IsEditable": false,
  "ApplyConversion": false,
  "ConversionFormula": "",
  "PickListName": null,
  "BgColorFormula": "",
  "FgColorFormula": "",
  "TrendFormula": "",
  "FormattingViewModel": "[]",
  "ParentMeasureName": null,
  "AssociationMeasure": false,
  "IsComputedByPlanningService": false,
  "ToolTip": "Margin Benchmark for top selling products",
  "ConfigJson": {},
  "ApiName": null,
  "ApiDisabled": false,
  "IsReportingMeasure": false,
  "MeasureConditionalFormulaProperties": [],
  "PicklistSource": null
}