{
  "MeasureName": "Demand Calculation Strategy",
  "MeasureId": "9032a452-3866-45dc-b9fa-48b8570ec482",
  "MeasureDescription": "Planner input to use either Sum or Max of Weekly Sales & Presentation Stock to calculate Intake",
  "DataType": "picklist",
  "MeasureType": "Regular",
  "AggregateFunction": "DistinctSum",
  "FormatString": "",
  "MeasureColumnName": "DemandCalculationStrategy",
  "MeasureFormula": "",
  "IsEditable": true,
  "ApplyConversion": false,
  "ConversionFormula": "",
  "PickListName": "Demand Calculation Strategy",
  "BgColorFormula": "",
  "FgColorFormula": "",
  "TrendFormula": "",
  "FormattingViewModel": "[]",
  "ParentMeasureName": null,
  "AssociationMeasure": false,
  "IsComputedByPlanningService": false,
  "ToolTip": "Planner input to use either Sum or Max of Weekly Sales & Presentation Stock to calculate Intake",
  "ConfigJson": {},
  "ApiName": null,
  "ApiDisabled": false,
  "IsReportingMeasure": false,
  "MeasureConditionalFormulaProperties": [],
  "PicklistSource": null
}