{
  "Name": "SupplyPlan018CommonCreateResourceGroup",
  "Description": null,
  "ActionButtonId": "54960f80-304c-4472-8298-b2226ae034a0",
  "Tooltip": "Create Resource Group",
  "ActionButtonType": "Widget",
  "Alignment": "right",
  "IsPopOver": true,
  "IsGlobal": true,
  "ActionClickHandler": null,
  "Icon": null,
  "Image": null,
  "ConfigJson": {
    "DisplayName": "Create Resource Group",
    "icon": "plus",
    "SubmitButton": {
      "Label": "Submit"
    },
    "ResetButton": {
      "Label": "Reset"
    },
    "CloseButton": {
      "Label": "Close",
      "ConfirmMessage": "Unsaved changes will be lost. Continue?"
    },
    "NotifyAll": false,
    "IBPLRules": [
      {
        "template": "createmember([Resource Group].[Resource Group] = {, \"{{ResourceGroup}}\"});\n\ncartesian scope:( [Resource Group].[Resource Group]{{#filter ResourceGroup}} * [Location].[Location]{{#filter Location}}* Version.[Version Name]{{#filter Version}});\nMeasure.[o9 Resource Group Location Association] = 1;\nend scope;\n\n//--Uncomment the below code to enable Net change functionality\n/*\ncartesian scope:( [Resource Group].[Resource Group]{{#filter ResourceGroup}} * [Location].[Location]{{#filter Location}}* Version.[Version Name]{{#filter Version}});\nMeasure.[o9 Resource Group Location Association NC Addition] = 1; \nend scope;\n\nscope:( [Resource Group].[Resource Group]{{#filter ResourceGroup}} * [Location].[Location]{{#filter Location}}* Version.[Version Name]{{#filter Version}});\nMeasure.[ERP Resource Group Location Association NC Deletion] = Null;\nMeasure.[o9 Resource Group Location Association NC Deletion] = Null; \nend scope;\n*/"
      }
    ],
    "JavascriptRules": [],
    "FieldBindings": [
      {
        "fieldName": "Version",
        "title": "Version",
        "type": "picklistDropdown",
        "selectionType": "single",
        "clearSearch": true,
        "source": "filter",
        "DimensionName": "Version",
        "LevelAttributeName": "Version Name",
        "visible": true,
        "isEditable": true,
        "validation": {
          "maxLength": "0",
          "required": true
        }
      },
      {
        "fieldName": "Location",
        "title": "Location",
        "type": "picklistDropdown",
        "selectionType": "single",
        "clearSearch": true,
        "source": "filter",
        "DimensionName": "Location",
        "LevelAttributeName": "Location",
        "visible": true,
        "isEditable": true,
        "validation": {
          "maxLength": "0",
          "required": true
        }
      },
      {
        "fieldName": "ResourceGroup",
        "title": "Resource Group",
        "type": "string",
        "clearSearch": true,
        "source": "literal",
        "visible": true,
        "isEditable": true,
        "validation": {
          "maxLength": "0",
          "required": true
        },
        "selectionType": "single"
      }
    ],
    "DataSources": [],
    "AutoExecute": false,
    "isAsync": true,
    "hasMembersUpdates": true,
    "Compact": false,
    "TwoColumn": false,
    "IsGlobalForExcelAddIn": false,
    "ReturnFilterByUpdate": false,
    "FilterFieldBindings": []
  },
  "Widget": null
}