{
  "AttributeName": "AIModel",
  "AttributeId": "189a3a65-7f37-441f-8ae1-ab877c75ee96",
  "AttributeHierarchyEnabled": true,
  "IsKey": true,
  "Description": "Model use-case",
  "OrderBy": "Name",
  "KeyColumnName": "AIModelKey",
  "NameColumnName": "AIModelName",
  "KeyColumnDataType": "integer",
  "SeedTags": true,
  "KeyGenerationType": "Auto",
  "PickListName": null,
  "ConfigJson": {
    "ShowFilterAs": "TileView",
    "MemberDisplayNameEditable": true
  },
  "FormatString": null,
  "Translation": null,
  "Aliases": [],
  "ApiName": null,
  "ApiDisabled": false
}