{
  "Name": "Allocation Output - Units",
  "WidgetDefinitionName": "Allocation Output - Units",
  "IsPrimary": true,
  "ConfigJson": {
    "ContainerId": "a6229d7b-d035-4630-92b8-6cd65527da84",
    "CompositeContainerId": null,
    "Position": 0,
    "ShowInfoContext": {
      "ActionColumn": true,
      "RowInfo": true,
      "MemberInfo": true
    },
    "ShowHeader": null,
    "ActionButtonBindings": [
      {
        "ActionButtonName": "Allocation006ApprovePOUnits",
        "HotKey": "",
        "ExcludeHiddenAttributes": false
      },
      {
        "ActionButtonName": "Allocation008ResetPOUnits",
        "HotKey": "",
        "ExcludeHiddenAttributes": false
      }
    ],
    "FilterSharings": [
      {
        "LevelAttribute": {
          "Dimension": "Version",
          "AttributeName": "Version Name"
        },
        "DisableSelection": false
      }
    ]
  },
  "ViewWidgetDefinitionId": "3380eeb8-6c3f-9943-bf4a-b6b8ef8a1e08",
  "Title": "Shipment Plan - Units"
}