{
  "MeasureName": "SP Ttl MD Rtl",
  "MeasureId": "0a9540d2-c49b-db04-b423-1d477f77d4df",
  "MeasureDescription": "SP Total Mark Down Retail",
  "DataType": "number",
  "MeasureType": "Currency",
  "AggregateFunction": "Sum",
  "FormatString": "($0,000.00a)",
  "MeasureColumnName": "SPTtlMDRtl",
  "MeasureFormula": "",
  "IsEditable": true,
  "ApplyConversion": true,
  "ConversionFormula": "Exchange Rate Monthly",
  "PickListName": null,
  "BgColorFormula": "",
  "FgColorFormula": "",
  "TrendFormula": "",
  "FormattingViewModel": null,
  "ParentMeasureName": null,
  "AssociationMeasure": false,
  "IsComputedByPlanningService": false,
  "ToolTip": "(SP POS Mark Down Rtl + SP Permanent Mark Down Rtl)",
  "ConfigJson": {},
  "ApiName": null,
  "ApiDisabled": false,
  "IsReportingMeasure": false,
  "MeasureConditionalFormulaProperties": [],
  "PicklistSource": null
}