{
  "Name": "Outputs",
  "ViewId": "fb541b51-a7c3-baff-6f70-518b909f1914",
  "ContentType": "Regular",
  "Title": "Outputs",
  "Position": 1,
  "IsDefault": true,
  "Resource": null,
  "RazorViewTemplate": "_containers",
  "ConfigJson": {
    "WidgetContainers": {
      "Containers": [
        1
      ],
      "Key": 0,
      "IsModified": false,
      "ViewSpread": {
        "RowLevel": 60,
        "ColLevel": 12
      },
      "Data": [
        {
          "Id": "c03d66c2-f9e4-4c16-99db-26929c7a4bc9",
          "Col": 0,
          "Row": 0,
          "SizeX": 12,
          "SizeY": 60
        }
      ]
    },
    "CompactMode": false,
    "IsHidden": false
  },
  "Roles": [
    "public"
  ]
}