{
  "Name": "AP_ROS",
  "WidgetDefinitionId": "c51f9aea-7401-4dc4-b332-8d6757c28c65",
  "IsPrivate": false,
  "WidgetType": "o9.pivot",
  "ViewWidgetDefinition": null,
  "PageWidgetDefinition": null,
  "CreatedUserEmail": "janhavi.sunil@o9solutions.com",
  "ModifiedUserEmail": "suhil.samiulla@o9solutions.com",
  "Roles": [
    "public"
  ],
  "ConfigJson": {
    "Widget": {
      "Height": 550,
      "ActionButtons": []
    },
    "Presentation": {
      "DataColumnBeforeMembers": false,
      "ShowQuickToggleBar": false,
      "IsEditable": true,
      "EnableExpandCollapse": true,
      "EnableOnGridFilter": true,
      "EnableSort": true,
      "EnableColumnReorder": true,
      "DisableBulkEdit": false,
      "DisableCopyOption": false,
      "DisableAdjustOption": false,
      "DisableApplyOption": false,
      "DisableNullifyOption": false,
      "EnableColumnResize": true,
      "ClearColumnFilterOnScopeFilter": false,
      "EnableJitColumns": false,
      "EnableAuditTrail": false,
      "EnableAutoCollapseColumns": false,
      "EnableSparsifyRowSelection": false,
      "UseConditionalFormatting": false,
      "EnablePastDifferentiation": false,
      "SuppressMessageHeader": false,
      "HideActionButtons": true,
      "ShowImage": true,
      "ShowMeasureGroupAsColumn": false,
      "DefaultLinkFiltersAutoSelection": true,
      "RowHeight": "25",
      "ShowServerConditionalFormating": false,
      "InterDependentFilter": false,
      "UseOutlineFormLayout": false,
      "DisableFieldList": false,
      "ShowComments": false,
      "HideNullRows": false,
      "HideNullColumns": false,
      "HideReadOnlyNullRows": false,
      "DisableBulkEditMeasures": false,
      "EnableMeasureReposition": false,
      "AllowExcelDownload": false,
      "EnableExportPivot": "",
      "DownloadButton": "System Setting",
      "AbovePivotFilterLevelAttribute": "",
      "AbovePivotFilterValue": "",
      "LayoutColumnWidth": "System Setting",
      "IsSummary": false,
      "ActionButtonBindings": "",
      "ExcelActionButtons": "",
      "CollabFolders": "",
      "ColumnProp": {
        "ColumnSubtotalsAtEnd": false,
        "TimeColumnSubTotalAtEnd": false
      },
      "RowProp": {
        "ShowMultiDimensionProperty": false,
        "RowSubtotalsAtEnd": false
      },
      "FilterProperties": "",
      "ReportMeasureSet": "",
      "IsGraphReport": false,
      "IsMultiGraphReport": false,
      "LevelAttributes": [
        {
          "Id": "74110699-f52f-e7fe-0f4d-99507fa35ff9",
          "AttributeName": "Rate of Sale UIP",
          "Dimension": "UIPreference",
          "ConfigJson": {
            "ModelDefinition": {
              "LevelAttributes": [
                {
                  "Id": "c8215069-c134-49e6-a1de-5f681eb07b83",
                  "AttributeName": "L3",
                  "Dimension": "Item",
                  "EdgeDirection": null,
                  "IsFilter": false,
                  "Axis": "row",
                  "IsDefault": true,
                  "AllSelection": false,
                  "SelectedMembers": [],
                  "Name": "L3",
                  "DimensionName": "Item",
                  "AliasName": "Class",
                  "AliasId": "f152462b-941f-7e6e-d0fe-ecd1c812239c",
                  "AliasType": "AttributeAlias",
                  "IsVisible": true,
                  "IsAttributeRequired": false,
                  "ShowSubtotal": false,
                  "ShowMemberConditionalFormatting": false,
                  "DisplayName": "",
                  "ShortName": "",
                  "SortBy": "",
                  "JoinWithGraph": false,
                  "JoinGraphName": null,
                  "JoinWithNode": "FROM",
                  "UIPreferenceId": "74110699-f52f-e7fe-0f4d-99507fa35ff9",
                  "UIPreferenceName": "Rate of Sale UIP"
                },
                {
                  "Id": "d14ad722-e28d-71af-f63d-6cc77a8e6d68",
                  "AttributeName": "Product Attribute Group",
                  "Dimension": "Product Attribute Group",
                  "EdgeDirection": null,
                  "IsFilter": false,
                  "Axis": "row",
                  "IsDefault": true,
                  "AllSelection": false,
                  "SelectedMembers": [],
                  "Name": "Product Attribute Group",
                  "DimensionName": "Product Attribute Group",
                  "IsVisible": true,
                  "IsAttributeRequired": false,
                  "ShowSubtotal": false,
                  "ShowMemberConditionalFormatting": false,
                  "DisplayName": "",
                  "ShortName": "",
                  "SortBy": "",
                  "JoinWithGraph": false,
                  "JoinGraphName": null,
                  "JoinWithNode": "FROM",
                  "UIPreferenceId": "74110699-f52f-e7fe-0f4d-99507fa35ff9",
                  "UIPreferenceName": "Rate of Sale UIP"
                },
                {
                  "Id": "d00b8ae3-4077-4366-87b7-cf97749f44db",
                  "AttributeName": "Location Country",
                  "Dimension": "Location",
                  "EdgeDirection": null,
                  "IsFilter": false,
                  "Axis": "row",
                  "IsDefault": true,
                  "AllSelection": false,
                  "SelectedMembers": [],
                  "Name": "Location Country",
                  "DimensionName": "Location",
                  "AliasName": "Country",
                  "AliasId": "47690e8c-bf7f-abdd-8250-0bc27e856388",
                  "AliasType": "AttributeAlias",
                  "IsVisible": true,
                  "IsAttributeRequired": false,
                  "ShowSubtotal": false,
                  "ShowMemberConditionalFormatting": false,
                  "DisplayName": "",
                  "ShortName": "",
                  "SortBy": "",
                  "JoinWithGraph": false,
                  "JoinGraphName": null,
                  "JoinWithNode": "FROM",
                  "UIPreferenceId": "74110699-f52f-e7fe-0f4d-99507fa35ff9",
                  "UIPreferenceName": "Rate of Sale UIP"
                },
                {
                  "Id": "56b72eb0-2d21-d392-f36d-296d4e622245",
                  "AttributeName": "Selling Season",
                  "Dimension": "Selling Season",
                  "EdgeDirection": null,
                  "IsFilter": false,
                  "Axis": "row",
                  "IsDefault": true,
                  "AllSelection": false,
                  "SelectedMembers": [],
                  "Name": "Selling Season",
                  "DimensionName": "Selling Season",
                  "IsVisible": true,
                  "IsAttributeRequired": false,
                  "ShowSubtotal": false,
                  "ShowMemberConditionalFormatting": false,
                  "DisplayName": "",
                  "ShortName": "",
                  "SortBy": "",
                  "JoinWithGraph": false,
                  "JoinGraphName": null,
                  "JoinWithNode": "FROM",
                  "UIPreferenceId": "74110699-f52f-e7fe-0f4d-99507fa35ff9",
                  "UIPreferenceName": "Rate of Sale UIP"
                },
                {
                  "Id": "1e5a008a-7c3a-4516-a1f6-a8df32bf3be7",
                  "AttributeName": "Cluster",
                  "Dimension": "Cluster",
                  "EdgeDirection": null,
                  "IsFilter": false,
                  "Axis": "row",
                  "IsDefault": true,
                  "AllSelection": false,
                  "SelectedMembers": [],
                  "Name": "Cluster",
                  "DimensionName": "Cluster",
                  "IsVisible": true,
                  "IsAttributeRequired": false,
                  "ShowSubtotal": false,
                  "ShowMemberConditionalFormatting": false,
                  "DisplayName": "",
                  "ShortName": "",
                  "SortBy": "",
                  "JoinWithGraph": false,
                  "JoinGraphName": null,
                  "JoinWithNode": "FROM",
                  "UIPreferenceId": "74110699-f52f-e7fe-0f4d-99507fa35ff9",
                  "UIPreferenceName": "Rate of Sale UIP"
                },
                {
                  "Id": "0c4d82ca-2fbe-c1e8-f6c5-51ffdcf84efc",
                  "AttributeName": "Sales Planning Channel",
                  "Dimension": "Sales Domain",
                  "EdgeDirection": null,
                  "IsFilter": false,
                  "Axis": "row",
                  "IsDefault": true,
                  "AllSelection": false,
                  "SelectedMembers": [],
                  "Name": "Sales Planning Channel",
                  "DimensionName": "Sales Domain",
                  "IsVisible": true,
                  "IsAttributeRequired": false,
                  "ShowSubtotal": false,
                  "ShowMemberConditionalFormatting": false,
                  "SortBy": "",
                  "JoinWithGraph": false,
                  "DisplayName": "",
                  "ShortName": "",
                  "UIPreferenceId": "74110699-f52f-e7fe-0f4d-99507fa35ff9",
                  "UIPreferenceName": "Rate of Sale UIP"
                }
              ],
              "NamedSets": []
            },
            "Presentation": {
              "LevelAttributes": [
                {
                  "Id": "c8215069-c134-49e6-a1de-5f681eb07b83",
                  "AttributeName": "L3",
                  "Dimension": "Item",
                  "Axis": "row",
                  "ShowInfo": {
                    "ShowDetail": true,
                    "ShowPulse": true,
                    "ShowTask": true,
                    "ShowMarketIntelligence": true
                  },
                  "IsVisible": true,
                  "IsAttributeRequired": false,
                  "ShowSubtotal": false,
                  "ShowMemberConditionalFormatting": false,
                  "UOMMember": null,
                  "DisplayName": "",
                  "ShortName": "",
                  "SortBy": "",
                  "JoinWithGraph": false,
                  "JoinGraphName": null,
                  "JoinWithNode": "FROM",
                  "UIPreferenceId": "74110699-f52f-e7fe-0f4d-99507fa35ff9",
                  "UIPreferenceName": "Rate of Sale UIP",
                  "Name": "L3",
                  "DimensionName": "Item"
                },
                {
                  "Id": "d14ad722-e28d-71af-f63d-6cc77a8e6d68",
                  "AttributeName": "Product Attribute Group",
                  "Dimension": "Product Attribute Group",
                  "Axis": "row",
                  "ShowInfo": {
                    "ShowDetail": true,
                    "ShowPulse": true,
                    "ShowTask": true,
                    "ShowMarketIntelligence": true
                  },
                  "IsVisible": true,
                  "IsAttributeRequired": false,
                  "ShowSubtotal": false,
                  "ShowMemberConditionalFormatting": false,
                  "UOMMember": null,
                  "DisplayName": "",
                  "ShortName": "",
                  "SortBy": "",
                  "JoinWithGraph": false,
                  "JoinGraphName": null,
                  "JoinWithNode": "FROM",
                  "UIPreferenceId": "74110699-f52f-e7fe-0f4d-99507fa35ff9",
                  "UIPreferenceName": "Rate of Sale UIP",
                  "Name": "Product Attribute Group",
                  "DimensionName": "Product Attribute Group"
                },
                {
                  "Id": "d00b8ae3-4077-4366-87b7-cf97749f44db",
                  "AttributeName": "Location Country",
                  "Dimension": "Location",
                  "Axis": "row",
                  "ShowInfo": {
                    "ShowDetail": true,
                    "ShowPulse": true,
                    "ShowTask": true,
                    "ShowMarketIntelligence": true
                  },
                  "IsVisible": true,
                  "IsAttributeRequired": false,
                  "ShowSubtotal": false,
                  "ShowMemberConditionalFormatting": false,
                  "UOMMember": null,
                  "DisplayName": "",
                  "ShortName": "",
                  "SortBy": "",
                  "JoinWithGraph": false,
                  "JoinGraphName": null,
                  "JoinWithNode": "FROM",
                  "UIPreferenceId": "74110699-f52f-e7fe-0f4d-99507fa35ff9",
                  "UIPreferenceName": "Rate of Sale UIP",
                  "Name": "Location Country",
                  "DimensionName": "Location"
                },
                {
                  "Id": "56b72eb0-2d21-d392-f36d-296d4e622245",
                  "AttributeName": "Selling Season",
                  "Dimension": "Selling Season",
                  "Axis": "row",
                  "ShowInfo": {
                    "ShowDetail": true,
                    "ShowPulse": true,
                    "ShowTask": true,
                    "ShowMarketIntelligence": true
                  },
                  "IsVisible": true,
                  "IsAttributeRequired": false,
                  "ShowSubtotal": false,
                  "ShowMemberConditionalFormatting": false,
                  "UOMMember": null,
                  "DisplayName": "",
                  "ShortName": "",
                  "SortBy": "",
                  "JoinWithGraph": false,
                  "JoinGraphName": null,
                  "JoinWithNode": "FROM",
                  "UIPreferenceId": "74110699-f52f-e7fe-0f4d-99507fa35ff9",
                  "UIPreferenceName": "Rate of Sale UIP",
                  "Name": "Selling Season",
                  "DimensionName": "Selling Season"
                },
                {
                  "Id": "1e5a008a-7c3a-4516-a1f6-a8df32bf3be7",
                  "AttributeName": "Cluster",
                  "Dimension": "Cluster",
                  "Axis": "row",
                  "ShowInfo": {
                    "ShowDetail": true,
                    "ShowPulse": true,
                    "ShowTask": true,
                    "ShowMarketIntelligence": true
                  },
                  "IsVisible": true,
                  "IsAttributeRequired": false,
                  "ShowSubtotal": false,
                  "ShowMemberConditionalFormatting": false,
                  "UOMMember": null,
                  "DisplayName": "",
                  "ShortName": "",
                  "SortBy": "",
                  "JoinWithGraph": false,
                  "JoinGraphName": null,
                  "JoinWithNode": "FROM",
                  "UIPreferenceId": "74110699-f52f-e7fe-0f4d-99507fa35ff9",
                  "UIPreferenceName": "Rate of Sale UIP",
                  "Name": "Cluster",
                  "DimensionName": "Cluster"
                },
                {
                  "Id": "0c4d82ca-2fbe-c1e8-f6c5-51ffdcf84efc",
                  "AttributeName": "Sales Planning Channel",
                  "Dimension": "Sales Domain",
                  "Axis": "row",
                  "ShowInfo": {
                    "ShowDetail": true,
                    "ShowPulse": true,
                    "ShowTask": true,
                    "ShowMarketIntelligence": true
                  },
                  "IsVisible": true,
                  "IsAttributeRequired": false,
                  "ShowSubtotal": false,
                  "ShowMemberConditionalFormatting": false,
                  "SortBy": "",
                  "JoinWithGraph": false,
                  "DisplayName": "",
                  "ShortName": "",
                  "UOMMember": "",
                  "UIPreferenceId": "74110699-f52f-e7fe-0f4d-99507fa35ff9",
                  "UIPreferenceName": "Rate of Sale UIP",
                  "Name": "Sales Planning Channel",
                  "DimensionName": "Sales Domain"
                }
              ]
            }
          },
          "Axis": "row",
          "ShowInfo": {
            "ShowDetail": true,
            "ShowPulse": true,
            "ShowTask": true,
            "ShowMarketIntelligence": true
          },
          "IsVisible": true,
          "IsAttributeRequired": false,
          "ShowSubtotal": false,
          "ShowMemberConditionalFormatting": false,
          "UOMMember": null,
          "DisplayName": "",
          "ShortName": "",
          "SortBy": "",
          "JoinWithGraph": false,
          "JoinGraphName": null,
          "JoinWithNode": "FROM"
        },
        {
          "Id": "eb523223-bc8f-4373-826b-235a358fd4fb",
          "AttributeName": "Measure",
          "Dimension": "Measure",
          "Axis": "column",
          "ShowInfo": {
            "ShowDetail": true,
            "ShowPulse": true,
            "ShowTask": true,
            "ShowMarketIntelligence": true
          },
          "IsVisible": true,
          "IsAttributeRequired": false,
          "ShowSubtotal": false,
          "ShowMemberConditionalFormatting": false,
          "SortBy": "",
          "JoinWithGraph": false,
          "DisplayName": "",
          "ShortName": "",
          "UOMMember": ""
        }
      ],
      "FilterGroups": [
        {
          "GroupName": "Selling Season",
          "HierarchyId": "",
          "Id": "ffa31e4a-9167-43a8-b582-0b86a764f9fd",
          "Attributes": [
            "56b72eb0-2d21-d392-f36d-296d4e622245"
          ]
        },
        {
          "GroupName": "L3",
          "HierarchyId": "3a9dfac3-b140-44c3-93b2-35103814b24d",
          "Id": "a3e90667-578a-400c-b650-ef5109fc3d32",
          "Attributes": [
            "c8215069-c134-49e6-a1de-5f681eb07b83"
          ]
        },
        {
          "GroupName": "Sales Planning Channel",
          "HierarchyId": "8b997c33-e641-8ddd-be78-021f7472f22f",
          "Id": "d55a56cb-15c9-4011-9e74-9765a796ea5f",
          "Attributes": [
            "0c4d82ca-2fbe-c1e8-f6c5-51ffdcf84efc"
          ]
        },
        {
          "GroupName": "Location Country",
          "HierarchyId": "1f68f135-2c92-4f44-8722-a8a3e921eb8e",
          "Id": "d2d7d69e-f5e0-475d-9b46-11ca2746d6b5",
          "Attributes": [
            "d00b8ae3-4077-4366-87b7-cf97749f44db"
          ]
        },
        {
          "GroupName": "Version Name",
          "HierarchyId": "",
          "Id": "efdd8014-1869-4acc-986f-880f2a025cb9",
          "Attributes": [
            "211b33d5-d91f-40ec-9668-20e0da2ae7b3"
          ]
        }
      ],
      "MeasureCollections": [
        {
          "Measures": [
            {
              "Name": "ROS L3 PAG C SS",
              "Id": "b063d584-e609-4e5c-ab49-a011461d644f",
              "IsVisible": true,
              "IsEditable": false,
              "IsMultiFileUpload": false,
              "ShowInLocalTimeZone": false,
              "RenderType": "Value",
              "Alignment": "MiddleRight",
              "FormatString": "",
              "ColumnWidth": 0,
              "Sort": "",
              "UseExcelAggregation": false,
              "MeasureFormatting": [
                {
                  "BGCOLOR": "",
                  "FGCOLOR": "",
                  "ApplyForData": false,
                  "ApplyForHeader": false
                }
              ],
              "TimeHorizon": "",
              "ShowInfo": {
                "ShowDetail": true,
                "ShowPulse": true,
                "ShowTask": true,
                "ShowMarketIntelligence": true
              },
              "ChildMeasureCollections": null,
              "IsMultiDimensionProperty": false
            }
          ]
        }
      ],
      "MeasureCollections2": [],
      "AlwaysOnMeasureCollections": [],
      "GraphRelations": [],
      "Folders": []
    }
  },
  "WidgetKeywordTags": [],
  "DimensionAttributeUsages": [],
  "WidgetModel": {
    "WidgetModelId": "ffafce40-7427-4f42-adf5-d8726d0cf82c",
    "ConfigJson": {
      "LevelAttributes": [
        {
          "Id": "bedd2125-cd98-5b34-630e-fec8178d1b41",
          "AttributeName": "Rate of Sale UIPF",
          "Dimension": "UIPreference",
          "IsFilter": true,
          "Axis": "none",
          "IsDefault": true,
          "AllSelection": false,
          "SelectedMembers": [],
          "Name": "Rate of Sale UIPF",
          "DimensionName": "UIPreference",
          "ConfigJson": {
            "ModelDefinition": {
              "LevelAttributes": [
                {
                  "Id": "56b72eb0-2d21-d392-f36d-296d4e622245",
                  "AttributeName": "Selling Season",
                  "Dimension": "Selling Season",
                  "DimensionId": 3312808,
                  "IsFilter": true,
                  "Axis": "none",
                  "IsDefault": true,
                  "AllSelection": false,
                  "SelectedMembers": [
                    {
                      "Name": "SP21"
                    }
                  ],
                  "Name": "Selling Season",
                  "DimensionName": "Selling Season",
                  "OverrideFavSelection": false,
                  "CurrencyFilter": false,
                  "IsSingleSelect": true,
                  "MemberFilterExpression": "&APCurrentAndFutureSeasons",
                  "DefaultValueExpression": "",
                  "WorksheetLevelFilter": false,
                  "HideDummyMembers": false,
                  "SortBy": "Key",
                  "SortOrder": "Ascending",
                  "IsNarrowYourSelection": false,
                  "Position": -550,
                  "UIPreferenceId": "bedd2125-cd98-5b34-630e-fec8178d1b41",
                  "UIPreferenceName": "Rate of Sale UIPF",
                  "IsAnchorAttribute": false,
                  "IsMemberSpecificAttribute": false,
                  "IsUIPrefAttr": true,
                  "GivenName": "Selling Season",
                  "PresentationName": "Selling Season",
                  "IsKey": true
                },
                {
                  "Id": "c8215069-c134-49e6-a1de-5f681eb07b83",
                  "AttributeName": "L3",
                  "Dimension": "Item",
                  "DimensionId": 3312746,
                  "IsFilter": true,
                  "Axis": "none",
                  "IsDefault": true,
                  "AllSelection": true,
                  "SelectedMembers": [],
                  "Name": "L3",
                  "DimensionName": "Item",
                  "AliasName": "Class",
                  "AliasId": "f152462b-941f-7e6e-d0fe-ecd1c812239c",
                  "AliasType": "AttributeAlias",
                  "OverrideFavSelection": false,
                  "CurrencyFilter": false,
                  "IsSingleSelect": false,
                  "MemberFilterExpression": "&APClasses",
                  "DefaultValueExpression": "",
                  "WorksheetLevelFilter": false,
                  "HideDummyMembers": false,
                  "SortBy": "Name",
                  "SortOrder": "Ascending",
                  "IsNarrowYourSelection": false,
                  "Position": 50,
                  "UIPreferenceId": "bedd2125-cd98-5b34-630e-fec8178d1b41",
                  "UIPreferenceName": "Rate of Sale UIPF",
                  "IsAnchorAttribute": false,
                  "IsMemberSpecificAttribute": false,
                  "IsUIPrefAttr": true,
                  "GivenName": "L3",
                  "PresentationName": "L3",
                  "IsKey": false
                },
                {
                  "Id": "0c4d82ca-2fbe-c1e8-f6c5-51ffdcf84efc",
                  "AttributeName": "Sales Planning Channel",
                  "Dimension": "Sales Domain",
                  "DimensionId": 3312743,
                  "IsFilter": true,
                  "Axis": "none",
                  "IsDefault": true,
                  "AllSelection": true,
                  "SelectedMembers": [],
                  "Name": "Sales Planning Channel",
                  "DimensionName": "Sales Domain",
                  "OverrideFavSelection": false,
                  "CurrencyFilter": false,
                  "IsSingleSelect": false,
                  "MemberFilterExpression": "&APChannels",
                  "DefaultValueExpression": "",
                  "WorksheetLevelFilter": false,
                  "HideDummyMembers": false,
                  "SortBy": "",
                  "SortOrder": "",
                  "IsNarrowYourSelection": false,
                  "Position": 60,
                  "UIPreferenceId": "bedd2125-cd98-5b34-630e-fec8178d1b41",
                  "UIPreferenceName": "Rate of Sale UIPF",
                  "IsAnchorAttribute": false,
                  "IsMemberSpecificAttribute": false,
                  "IsUIPrefAttr": true,
                  "GivenName": "Sales Planning Channel",
                  "PresentationName": "Sales Planning Channel",
                  "IsKey": false
                },
                {
                  "Id": "d00b8ae3-4077-4366-87b7-cf97749f44db",
                  "AttributeName": "Location Country",
                  "Dimension": "Location",
                  "DimensionId": 3312729,
                  "IsFilter": true,
                  "Axis": "none",
                  "IsDefault": true,
                  "AllSelection": true,
                  "SelectedMembers": [],
                  "Name": "Location Country",
                  "DimensionName": "Location",
                  "AliasName": "Country",
                  "AliasId": "47690e8c-bf7f-abdd-8250-0bc27e856388",
                  "AliasType": "AttributeAlias",
                  "OverrideFavSelection": false,
                  "CurrencyFilter": false,
                  "IsSingleSelect": false,
                  "MemberFilterExpression": "&APLocationCountries",
                  "DefaultValueExpression": "",
                  "WorksheetLevelFilter": false,
                  "HideDummyMembers": false,
                  "SortBy": "",
                  "SortOrder": "",
                  "IsNarrowYourSelection": false,
                  "Position": 70,
                  "UIPreferenceId": "bedd2125-cd98-5b34-630e-fec8178d1b41",
                  "UIPreferenceName": "Rate of Sale UIPF",
                  "IsAnchorAttribute": false,
                  "IsMemberSpecificAttribute": false,
                  "IsUIPrefAttr": true,
                  "GivenName": "Location Country",
                  "PresentationName": "Location Country",
                  "IsKey": false
                }
              ],
              "NamedSets": []
            },
            "Presentation": {
              "LevelAttributes": []
            }
          },
          "CurrencyFilter": false,
          "IsSingleSelect": false,
          "MemberFilterExpression": "",
          "DefaultValueExpression": "",
          "OverrideFavSelection": false,
          "WorksheetLevelFilter": false,
          "HideDummyMembers": false,
          "SortBy": "",
          "SortOrder": "",
          "IsNarrowYourSelection": false
        },
        {
          "Id": "211b33d5-d91f-40ec-9668-20e0da2ae7b3",
          "AttributeName": "Version Name",
          "Dimension": "Version",
          "DimensionId": 3742104,
          "IsFilter": true,
          "Axis": "none",
          "IsDefault": true,
          "AllSelection": false,
          "SelectedMembers": [
            {
              "Name": "CurrentWorkingView"
            }
          ],
          "Name": "Version Name",
          "DimensionName": "Version",
          "OverrideFavSelection": false,
          "IsSingleSelect": true,
          "MemberFilterExpression": "&CWVAndScenarios",
          "DefaultValueExpression": "",
          "WorksheetLevelFilter": false,
          "HideDummyMembers": false,
          "SortBy": "",
          "SortOrder": "",
          "IsNarrowYourSelection": false,
          "Position": 120
        },
        {
          "Id": "74110699-f52f-e7fe-0f4d-99507fa35ff9",
          "AttributeName": "Rate of Sale UIP",
          "Dimension": "UIPreference",
          "IsFilter": false,
          "Axis": "row",
          "IsDefault": true,
          "AllSelection": false,
          "SelectedMembers": [],
          "Name": "Rate of Sale UIP",
          "DimensionName": "UIPreference",
          "ConfigJson": {
            "ModelDefinition": {
              "LevelAttributes": [
                {
                  "Id": "c8215069-c134-49e6-a1de-5f681eb07b83",
                  "AttributeName": "L3",
                  "Dimension": "Item",
                  "EdgeDirection": null,
                  "IsFilter": false,
                  "Axis": "row",
                  "IsDefault": true,
                  "AllSelection": false,
                  "SelectedMembers": [],
                  "Name": "L3",
                  "DimensionName": "Item",
                  "AliasName": "Class",
                  "AliasId": "f152462b-941f-7e6e-d0fe-ecd1c812239c",
                  "AliasType": "AttributeAlias",
                  "IsVisible": true,
                  "IsAttributeRequired": false,
                  "ShowSubtotal": false,
                  "ShowMemberConditionalFormatting": false,
                  "DisplayName": "",
                  "ShortName": "",
                  "SortBy": "",
                  "JoinWithGraph": false,
                  "JoinGraphName": null,
                  "JoinWithNode": "FROM",
                  "UIPreferenceId": "74110699-f52f-e7fe-0f4d-99507fa35ff9",
                  "UIPreferenceName": "Rate of Sale UIP"
                },
                {
                  "Id": "d14ad722-e28d-71af-f63d-6cc77a8e6d68",
                  "AttributeName": "Product Attribute Group",
                  "Dimension": "Product Attribute Group",
                  "EdgeDirection": null,
                  "IsFilter": false,
                  "Axis": "row",
                  "IsDefault": true,
                  "AllSelection": false,
                  "SelectedMembers": [],
                  "Name": "Product Attribute Group",
                  "DimensionName": "Product Attribute Group",
                  "IsVisible": true,
                  "IsAttributeRequired": false,
                  "ShowSubtotal": false,
                  "ShowMemberConditionalFormatting": false,
                  "DisplayName": "",
                  "ShortName": "",
                  "SortBy": "",
                  "JoinWithGraph": false,
                  "JoinGraphName": null,
                  "JoinWithNode": "FROM",
                  "UIPreferenceId": "74110699-f52f-e7fe-0f4d-99507fa35ff9",
                  "UIPreferenceName": "Rate of Sale UIP"
                },
                {
                  "Id": "d00b8ae3-4077-4366-87b7-cf97749f44db",
                  "AttributeName": "Location Country",
                  "Dimension": "Location",
                  "EdgeDirection": null,
                  "IsFilter": false,
                  "Axis": "row",
                  "IsDefault": true,
                  "AllSelection": false,
                  "SelectedMembers": [],
                  "Name": "Location Country",
                  "DimensionName": "Location",
                  "AliasName": "Country",
                  "AliasId": "47690e8c-bf7f-abdd-8250-0bc27e856388",
                  "AliasType": "AttributeAlias",
                  "IsVisible": true,
                  "IsAttributeRequired": false,
                  "ShowSubtotal": false,
                  "ShowMemberConditionalFormatting": false,
                  "DisplayName": "",
                  "ShortName": "",
                  "SortBy": "",
                  "JoinWithGraph": false,
                  "JoinGraphName": null,
                  "JoinWithNode": "FROM",
                  "UIPreferenceId": "74110699-f52f-e7fe-0f4d-99507fa35ff9",
                  "UIPreferenceName": "Rate of Sale UIP"
                },
                {
                  "Id": "56b72eb0-2d21-d392-f36d-296d4e622245",
                  "AttributeName": "Selling Season",
                  "Dimension": "Selling Season",
                  "EdgeDirection": null,
                  "IsFilter": false,
                  "Axis": "row",
                  "IsDefault": true,
                  "AllSelection": false,
                  "SelectedMembers": [],
                  "Name": "Selling Season",
                  "DimensionName": "Selling Season",
                  "IsVisible": true,
                  "IsAttributeRequired": false,
                  "ShowSubtotal": false,
                  "ShowMemberConditionalFormatting": false,
                  "DisplayName": "",
                  "ShortName": "",
                  "SortBy": "",
                  "JoinWithGraph": false,
                  "JoinGraphName": null,
                  "JoinWithNode": "FROM",
                  "UIPreferenceId": "74110699-f52f-e7fe-0f4d-99507fa35ff9",
                  "UIPreferenceName": "Rate of Sale UIP"
                },
                {
                  "Id": "1e5a008a-7c3a-4516-a1f6-a8df32bf3be7",
                  "AttributeName": "Cluster",
                  "Dimension": "Cluster",
                  "EdgeDirection": null,
                  "IsFilter": false,
                  "Axis": "row",
                  "IsDefault": true,
                  "AllSelection": false,
                  "SelectedMembers": [],
                  "Name": "Cluster",
                  "DimensionName": "Cluster",
                  "IsVisible": true,
                  "IsAttributeRequired": false,
                  "ShowSubtotal": false,
                  "ShowMemberConditionalFormatting": false,
                  "DisplayName": "",
                  "ShortName": "",
                  "SortBy": "",
                  "JoinWithGraph": false,
                  "JoinGraphName": null,
                  "JoinWithNode": "FROM",
                  "UIPreferenceId": "74110699-f52f-e7fe-0f4d-99507fa35ff9",
                  "UIPreferenceName": "Rate of Sale UIP"
                },
                {
                  "Id": "0c4d82ca-2fbe-c1e8-f6c5-51ffdcf84efc",
                  "AttributeName": "Sales Planning Channel",
                  "Dimension": "Sales Domain",
                  "EdgeDirection": null,
                  "IsFilter": false,
                  "Axis": "row",
                  "IsDefault": true,
                  "AllSelection": false,
                  "SelectedMembers": [],
                  "Name": "Sales Planning Channel",
                  "DimensionName": "Sales Domain",
                  "IsVisible": true,
                  "IsAttributeRequired": false,
                  "ShowSubtotal": false,
                  "ShowMemberConditionalFormatting": false,
                  "SortBy": "",
                  "JoinWithGraph": false,
                  "DisplayName": "",
                  "ShortName": "",
                  "UIPreferenceId": "74110699-f52f-e7fe-0f4d-99507fa35ff9",
                  "UIPreferenceName": "Rate of Sale UIP"
                }
              ],
              "NamedSets": []
            },
            "Presentation": {
              "LevelAttributes": [
                {
                  "Id": "c8215069-c134-49e6-a1de-5f681eb07b83",
                  "AttributeName": "L3",
                  "Dimension": "Item",
                  "Axis": "row",
                  "ShowInfo": {
                    "ShowDetail": true,
                    "ShowPulse": true,
                    "ShowTask": true,
                    "ShowMarketIntelligence": true
                  },
                  "IsVisible": true,
                  "IsAttributeRequired": false,
                  "ShowSubtotal": false,
                  "ShowMemberConditionalFormatting": false,
                  "UOMMember": null,
                  "DisplayName": "",
                  "ShortName": "",
                  "SortBy": "",
                  "JoinWithGraph": false,
                  "JoinGraphName": null,
                  "JoinWithNode": "FROM",
                  "UIPreferenceId": "74110699-f52f-e7fe-0f4d-99507fa35ff9",
                  "UIPreferenceName": "Rate of Sale UIP",
                  "Name": "L3",
                  "DimensionName": "Item"
                },
                {
                  "Id": "d14ad722-e28d-71af-f63d-6cc77a8e6d68",
                  "AttributeName": "Product Attribute Group",
                  "Dimension": "Product Attribute Group",
                  "Axis": "row",
                  "ShowInfo": {
                    "ShowDetail": true,
                    "ShowPulse": true,
                    "ShowTask": true,
                    "ShowMarketIntelligence": true
                  },
                  "IsVisible": true,
                  "IsAttributeRequired": false,
                  "ShowSubtotal": false,
                  "ShowMemberConditionalFormatting": false,
                  "UOMMember": null,
                  "DisplayName": "",
                  "ShortName": "",
                  "SortBy": "",
                  "JoinWithGraph": false,
                  "JoinGraphName": null,
                  "JoinWithNode": "FROM",
                  "UIPreferenceId": "74110699-f52f-e7fe-0f4d-99507fa35ff9",
                  "UIPreferenceName": "Rate of Sale UIP",
                  "Name": "Product Attribute Group",
                  "DimensionName": "Product Attribute Group"
                },
                {
                  "Id": "d00b8ae3-4077-4366-87b7-cf97749f44db",
                  "AttributeName": "Location Country",
                  "Dimension": "Location",
                  "Axis": "row",
                  "ShowInfo": {
                    "ShowDetail": true,
                    "ShowPulse": true,
                    "ShowTask": true,
                    "ShowMarketIntelligence": true
                  },
                  "IsVisible": true,
                  "IsAttributeRequired": false,
                  "ShowSubtotal": false,
                  "ShowMemberConditionalFormatting": false,
                  "UOMMember": null,
                  "DisplayName": "",
                  "ShortName": "",
                  "SortBy": "",
                  "JoinWithGraph": false,
                  "JoinGraphName": null,
                  "JoinWithNode": "FROM",
                  "UIPreferenceId": "74110699-f52f-e7fe-0f4d-99507fa35ff9",
                  "UIPreferenceName": "Rate of Sale UIP",
                  "Name": "Location Country",
                  "DimensionName": "Location"
                },
                {
                  "Id": "56b72eb0-2d21-d392-f36d-296d4e622245",
                  "AttributeName": "Selling Season",
                  "Dimension": "Selling Season",
                  "Axis": "row",
                  "ShowInfo": {
                    "ShowDetail": true,
                    "ShowPulse": true,
                    "ShowTask": true,
                    "ShowMarketIntelligence": true
                  },
                  "IsVisible": true,
                  "IsAttributeRequired": false,
                  "ShowSubtotal": false,
                  "ShowMemberConditionalFormatting": false,
                  "UOMMember": null,
                  "DisplayName": "",
                  "ShortName": "",
                  "SortBy": "",
                  "JoinWithGraph": false,
                  "JoinGraphName": null,
                  "JoinWithNode": "FROM",
                  "UIPreferenceId": "74110699-f52f-e7fe-0f4d-99507fa35ff9",
                  "UIPreferenceName": "Rate of Sale UIP",
                  "Name": "Selling Season",
                  "DimensionName": "Selling Season"
                },
                {
                  "Id": "1e5a008a-7c3a-4516-a1f6-a8df32bf3be7",
                  "AttributeName": "Cluster",
                  "Dimension": "Cluster",
                  "Axis": "row",
                  "ShowInfo": {
                    "ShowDetail": true,
                    "ShowPulse": true,
                    "ShowTask": true,
                    "ShowMarketIntelligence": true
                  },
                  "IsVisible": true,
                  "IsAttributeRequired": false,
                  "ShowSubtotal": false,
                  "ShowMemberConditionalFormatting": false,
                  "UOMMember": null,
                  "DisplayName": "",
                  "ShortName": "",
                  "SortBy": "",
                  "JoinWithGraph": false,
                  "JoinGraphName": null,
                  "JoinWithNode": "FROM",
                  "UIPreferenceId": "74110699-f52f-e7fe-0f4d-99507fa35ff9",
                  "UIPreferenceName": "Rate of Sale UIP",
                  "Name": "Cluster",
                  "DimensionName": "Cluster"
                },
                {
                  "Id": "0c4d82ca-2fbe-c1e8-f6c5-51ffdcf84efc",
                  "AttributeName": "Sales Planning Channel",
                  "Dimension": "Sales Domain",
                  "Axis": "row",
                  "ShowInfo": {
                    "ShowDetail": true,
                    "ShowPulse": true,
                    "ShowTask": true,
                    "ShowMarketIntelligence": true
                  },
                  "IsVisible": true,
                  "IsAttributeRequired": false,
                  "ShowSubtotal": false,
                  "ShowMemberConditionalFormatting": false,
                  "SortBy": "",
                  "JoinWithGraph": false,
                  "DisplayName": "",
                  "ShortName": "",
                  "UOMMember": "",
                  "UIPreferenceId": "74110699-f52f-e7fe-0f4d-99507fa35ff9",
                  "UIPreferenceName": "Rate of Sale UIP",
                  "Name": "Sales Planning Channel",
                  "DimensionName": "Sales Domain"
                }
              ]
            }
          },
          "IsVisible": true,
          "IsAttributeRequired": false,
          "ShowSubtotal": false,
          "ShowMemberConditionalFormatting": false,
          "DisplayName": "",
          "ShortName": "",
          "SortBy": "",
          "JoinWithGraph": false,
          "JoinGraphName": null,
          "JoinWithNode": "FROM"
        },
        {
          "Id": "eb523223-bc8f-4373-826b-235a358fd4fb",
          "AttributeName": "Measure",
          "Dimension": "Measure",
          "IsFilter": false,
          "Axis": "column",
          "IsDefault": true,
          "AllSelection": false,
          "SelectedMembers": [],
          "Name": "Measure",
          "DimensionName": "Measure",
          "IsVisible": true,
          "IsAttributeRequired": false,
          "ShowSubtotal": false,
          "ShowMemberConditionalFormatting": false,
          "SortBy": "",
          "JoinWithGraph": false,
          "DisplayName": "",
          "ShortName": "",
          "UOMMember": ""
        }
      ],
      "PeggingAttributes": [],
      "FlowPlanAttributes": [],
      "Hierarchies": [],
      "NamedSets": [],
      "RegularMeasures": [
        {
          "Id": "b063d584-e609-4e5c-ab49-a011461d644f",
          "Name": "ROS L3 PAG C SS"
        }
      ],
      "TransientMeasures": [],
      "GraphRelations": [],
      "Folders": [],
      "AssociationMeasures": [
        {
          "MeasureFilterIBPLExpression": "",
          "MeasureFilterScope": "Post Filter"
        }
      ],
      "AssociationMeasureExpressions": [
        {
          "Expression": ""
        }
      ],
      "MeasureValueFilters": [],
      "DataProperties": {
        "IncludeInactiveMembers": false,
        "IncludeNulls": false,
        "NullsForFinerGrainSelect": false,
        "NullsForUnrelatedAttrSelect": false,
        "RequireEditValidation": false,
        "SubTotalsType": "NoSubtotals",
        "IncludeNullsForSeries": "",
        "AssociationMeasureExpression": ""
      },
      "FilterProperties": {
        "VersionDependentFilter": false,
        "InterDependentMeasure": {
          "Id": "a7802d8b-c077-4576-1601-67e0e8720c1a",
          "Name": "Current Future L3 SS Association"
        },
        "ExcludeVersionInFavorite": false,
        "StickyDimensionsOnAlwaysOnPane": [
          {
            "DimensionName": "Version",
            "DimensionId": "0d40e77b-9527-489d-a3c9-f8275cd8b0dc",
            "AlwaysShow": false
          }
        ]
      },
      "SortByMeasure": [
        {
          "Measure": null,
          "SortOrder": ""
        }
      ]
    }
  }
}