{
  "Name": "ROS Setup",
  "WidgetDefinitionId": "dfea94f4-2c79-5fd6-09d0-b9e2a7c78439",
  "IsPrivate": false,
  "WidgetType": "o9.pivot",
  "ViewWidgetDefinition": null,
  "PageWidgetDefinition": null,
  "CreatedUserEmail": "siya.gurjar@o9solutions.com",
  "ModifiedUserEmail": "hariprasad.n@o9solutions.com",
  "Roles": [
    "public"
  ],
  "ConfigJson": {
    "Widget": {
      "Height": 550,
      "ActionButtons": []
    },
    "Presentation": {
      "DataColumnBeforeMembers": false,
      "ShowQuickToggleBar": false,
      "IsEditable": true,
      "EnableExpandCollapse": true,
      "EnableOnGridFilter": true,
      "EnableSort": true,
      "EnableColumnReorder": true,
      "DisableBulkEdit": false,
      "DisableCopyOption": false,
      "DisableAdjustOption": false,
      "DisableApplyOption": false,
      "DisableNullifyOption": false,
      "EnableColumnResize": true,
      "ClearColumnFilterOnScopeFilter": false,
      "EnableJitColumns": false,
      "EnableAuditTrail": false,
      "EnableAutoCollapseColumns": false,
      "EnableSparsifyRowSelection": false,
      "UseConditionalFormatting": false,
      "EnablePastDifferentiation": false,
      "SuppressMessageHeader": false,
      "HideActionButtons": true,
      "ShowImage": true,
      "ShowMeasureGroupAsColumn": false,
      "DefaultLinkFiltersAutoSelection": true,
      "RowHeight": "25",
      "ShowServerConditionalFormating": false,
      "InterDependentFilter": false,
      "UseOutlineFormLayout": false,
      "DisableFieldList": false,
      "ShowComments": false,
      "HideNullRows": false,
      "HideNullColumns": false,
      "UserScrollToCurrentBucket": false,
      "HideReadOnlyNullRows": false,
      "DisableBulkEditMeasures": false,
      "EnableMeasureReposition": false,
      "AllowExcelDownload": false,
      "EnableExportPivot": "",
      "DownloadButton": "System Setting",
      "AbovePivotFilterLevelAttribute": "",
      "AbovePivotFilterValue": "",
      "LayoutColumnWidth": "System Setting",
      "LayoutMeasureColumnWidth": "System Setting",
      "IsSummary": false,
      "ActionButtonBindings": "",
      "ExcelActionButtons": "",
      "CollabFolders": "",
      "ColumnProp": {
        "ColumnSubtotalsAtEnd": false,
        "TimeColumnSubTotalAtEnd": false
      },
      "RowProp": {
        "ShowMultiDimensionProperty": false,
        "RowSubtotalsAtEnd": false
      },
      "FilterProperties": "",
      "ReportMeasureSet": "",
      "IsGraphReport": false,
      "IsMultiGraphReport": false,
      "LevelAttributes": [
        {
          "Id": "d00b8ae3-4077-4366-87b7-cf97749f44db",
          "AttributeName": "Location Country",
          "Dimension": "Location",
          "Axis": "row",
          "ShowInfo": {
            "ShowDetail": true,
            "ShowPulse": true,
            "ShowTask": true,
            "ShowMarketIntelligence": true
          },
          "IsVisible": true,
          "IsAttributeRequired": false,
          "ShowSubtotal": false,
          "ShowMemberConditionalFormatting": false,
          "UOMMember": null,
          "DisplayName": "",
          "ShortName": "",
          "SortBy": "",
          "JoinWithGraph": false,
          "JoinGraphName": null,
          "JoinWithNode": "FROM"
        },
        {
          "Id": "0c4d82ca-2fbe-c1e8-f6c5-51ffdcf84efc",
          "AttributeName": "Sales Planning Channel",
          "Dimension": "Sales Domain",
          "Axis": "row",
          "ShowInfo": {
            "ShowDetail": true,
            "ShowPulse": true,
            "ShowTask": true,
            "ShowMarketIntelligence": true
          },
          "IsVisible": true,
          "IsAttributeRequired": false,
          "ShowSubtotal": false,
          "ShowMemberConditionalFormatting": false,
          "UOMMember": null,
          "DisplayName": "",
          "ShortName": "",
          "SortBy": "",
          "JoinWithGraph": false,
          "JoinGraphName": null,
          "JoinWithNode": "FROM"
        },
        {
          "Id": "c8215069-c134-49e6-a1de-5f681eb07b83",
          "AttributeName": "L3",
          "Dimension": "Item",
          "Axis": "row",
          "ShowInfo": {
            "ShowDetail": true,
            "ShowPulse": true,
            "ShowTask": true,
            "ShowMarketIntelligence": true
          },
          "IsVisible": true,
          "IsAttributeRequired": false,
          "ShowSubtotal": false,
          "ShowMemberConditionalFormatting": false,
          "UOMMember": null,
          "DisplayName": "",
          "ShortName": "",
          "SortBy": "",
          "JoinWithGraph": false,
          "JoinGraphName": null,
          "JoinWithNode": "FROM"
        },
        {
          "Id": "56b72eb0-2d21-d392-f36d-296d4e622245",
          "AttributeName": "Selling Season",
          "Dimension": "Selling Season",
          "Axis": "row",
          "ShowInfo": {
            "ShowDetail": true,
            "ShowPulse": true,
            "ShowTask": true,
            "ShowMarketIntelligence": true
          },
          "IsVisible": true,
          "IsAttributeRequired": false,
          "ShowSubtotal": false,
          "ShowMemberConditionalFormatting": false,
          "UOMMember": null,
          "DisplayName": "",
          "ShortName": "",
          "SortBy": "",
          "JoinWithGraph": false,
          "JoinGraphName": null,
          "JoinWithNode": "FROM"
        },
        {
          "Id": "eef9b1f7-e773-4580-a579-0b7211affbe3",
          "AttributeName": "Measure",
          "Dimension": "Measure",
          "Axis": "column",
          "ShowInfo": {
            "ShowDetail": true,
            "ShowPulse": true,
            "ShowTask": true,
            "ShowMarketIntelligence": true
          },
          "IsVisible": true,
          "IsAttributeRequired": false,
          "ShowSubtotal": false,
          "ShowMemberConditionalFormatting": false,
          "SortBy": "",
          "JoinWithGraph": false,
          "DisplayName": "",
          "ShortName": "",
          "UOMMember": ""
        }
      ],
      "FilterGroups": [
        {
          "GroupName": "Version Name",
          "HierarchyId": "",
          "Id": "b0051456-b531-440e-9009-172a812a3522",
          "Attributes": [
            "211b33d5-d91f-40ec-9668-20e0da2ae7b3"
          ]
        },
        {
          "GroupName": "L3",
          "HierarchyId": "3a9dfac3-b140-44c3-93b2-35103814b24d",
          "Id": "cb61ba0e-8264-4bcd-96d5-8041d14a069a",
          "Attributes": [
            "c8215069-c134-49e6-a1de-5f681eb07b83"
          ]
        },
        {
          "GroupName": "Sales Planning Channel",
          "HierarchyId": "8b997c33-e641-8ddd-be78-021f7472f22f",
          "Id": "a6933647-8c27-492b-ac81-3d20406adfbe",
          "Attributes": [
            "0c4d82ca-2fbe-c1e8-f6c5-51ffdcf84efc"
          ]
        },
        {
          "GroupName": "Location Country",
          "HierarchyId": "1f68f135-2c92-4f44-8722-a8a3e921eb8e",
          "Id": "ee29472a-757f-48f8-adb6-e93839281c2d",
          "Attributes": [
            "d00b8ae3-4077-4366-87b7-cf97749f44db"
          ]
        },
        {
          "GroupName": "Selling Season",
          "HierarchyId": "",
          "Id": "b783d5ac-d570-44d2-aaad-42ec981df0e8",
          "Attributes": [
            "56b72eb0-2d21-d392-f36d-296d4e622245"
          ]
        }
      ],
      "MeasureCollections": [
        {
          "Measures": [
            {
              "Name": "Product Seasons",
              "Id": "974c3b84-f322-b89a-4ae1-444f0fa44b46",
              "IsVisible": true,
              "IsEditable": true,
              "IsMultiFileUpload": false,
              "ShowInLocalTimeZone": false,
              "RenderType": "Value",
              "Alignment": "MiddleLeft",
              "FormatString": "",
              "ColumnWidth": 0,
              "Sort": "",
              "UseExcelAggregation": false,
              "MeasureFormatting": [
                {
                  "BGCOLOR": "",
                  "FGCOLOR": "",
                  "ApplyForData": false,
                  "ApplyForHeader": false
                }
              ],
              "TimeHorizon": "",
              "ShowInfo": {
                "ShowDetail": true,
                "ShowPulse": true,
                "ShowTask": true,
                "ShowMarketIntelligence": true
              },
              "ChildMeasureCollections": null,
              "IsMultiDimensionProperty": false
            }
          ]
        },
        {
          "Measures": [
            {
              "Name": "Historical Period",
              "Id": "a83b88a6-f33a-dbf4-31d6-310fd1ddd24c",
              "IsVisible": true,
              "IsEditable": true,
              "IsMultiFileUpload": false,
              "ShowInLocalTimeZone": false,
              "RenderType": "Value",
              "Alignment": "MiddleLeft",
              "FormatString": "",
              "ColumnWidth": 0,
              "Sort": "",
              "UseExcelAggregation": false,
              "MeasureFormatting": [
                {
                  "BGCOLOR": "",
                  "FGCOLOR": "",
                  "ApplyForData": false,
                  "ApplyForHeader": false
                }
              ],
              "TimeHorizon": "",
              "ShowInfo": {
                "ShowDetail": true,
                "ShowPulse": true,
                "ShowTask": true,
                "ShowMarketIntelligence": true
              },
              "ChildMeasureCollections": null,
              "IsMultiDimensionProperty": false
            }
          ]
        }
      ],
      "MeasureCollections2": [],
      "AlwaysOnMeasureCollections": [],
      "GraphRelations": [],
      "Folders": []
    }
  },
  "WidgetKeywordTags": [],
  "DimensionAttributeUsages": [],
  "WidgetModel": {
    "WidgetModelId": "f5fafcc4-6066-43b6-afbe-e6b80a5a6a35",
    "ConfigJson": {
      "LevelAttributes": [
        {
          "Id": "56b72eb0-2d21-d392-f36d-296d4e622245",
          "AttributeName": "Selling Season",
          "Dimension": "Selling Season",
          "DimensionId": 4094866,
          "IsFilter": true,
          "Axis": "none",
          "IsDefault": true,
          "AllSelection": false,
          "SelectedMembers": [
            {
              "Name": "SU24",
              "DisplayAlias": null
            }
          ],
          "Name": "Selling Season",
          "DimensionName": "Selling Season",
          "OverrideFavSelection": false,
          "CurrencyFilter": false,
          "IsSingleSelect": true,
          "MemberFilterExpression": "&APSellingSeasons",
          "DefaultValueExpression": "",
          "WorksheetLevelFilter": false,
          "HideDummyMembers": false,
          "SortBy": "Key",
          "SortOrder": "Ascending",
          "IsNarrowYourSelection": false,
          "Position": -550
        },
        {
          "Id": "c8215069-c134-49e6-a1de-5f681eb07b83",
          "AttributeName": "L3",
          "Dimension": "Item",
          "DimensionId": 4094803,
          "IsFilter": true,
          "Axis": "none",
          "IsDefault": true,
          "AllSelection": true,
          "SelectedMembers": [],
          "Name": "L3",
          "DimensionName": "Item",
          "AliasName": "Class",
          "AliasId": "f152462b-941f-7e6e-d0fe-ecd1c812239c",
          "AliasType": "AttributeAlias",
          "OverrideFavSelection": false,
          "CurrencyFilter": false,
          "IsSingleSelect": false,
          "MemberFilterExpression": "&APClasses",
          "DefaultValueExpression": "",
          "WorksheetLevelFilter": false,
          "HideDummyMembers": false,
          "SortBy": "",
          "SortOrder": "",
          "IsNarrowYourSelection": false,
          "Position": 50
        },
        {
          "Id": "0c4d82ca-2fbe-c1e8-f6c5-51ffdcf84efc",
          "AttributeName": "Sales Planning Channel",
          "Dimension": "Sales Domain",
          "DimensionId": 4094800,
          "IsFilter": true,
          "Axis": "none",
          "IsDefault": true,
          "AllSelection": true,
          "SelectedMembers": [],
          "Name": "Sales Planning Channel",
          "DimensionName": "Sales Domain",
          "OverrideFavSelection": false,
          "CurrencyFilter": false,
          "IsSingleSelect": false,
          "MemberFilterExpression": "&APChannels",
          "DefaultValueExpression": "",
          "WorksheetLevelFilter": false,
          "HideDummyMembers": false,
          "SortBy": "",
          "SortOrder": "",
          "IsNarrowYourSelection": false,
          "Position": 60
        },
        {
          "Id": "d00b8ae3-4077-4366-87b7-cf97749f44db",
          "AttributeName": "Location Country",
          "Dimension": "Location",
          "DimensionId": 4094785,
          "IsFilter": true,
          "Axis": "none",
          "IsDefault": true,
          "AllSelection": true,
          "SelectedMembers": [],
          "Name": "Location Country",
          "DimensionName": "Location",
          "AliasName": "Country",
          "AliasId": "47690e8c-bf7f-abdd-8250-0bc27e856388",
          "AliasType": "AttributeAlias",
          "OverrideFavSelection": false,
          "CurrencyFilter": false,
          "IsSingleSelect": false,
          "MemberFilterExpression": "&APCountries",
          "DefaultValueExpression": "",
          "WorksheetLevelFilter": false,
          "HideDummyMembers": false,
          "SortBy": "",
          "SortOrder": "",
          "IsNarrowYourSelection": false,
          "Position": 70
        },
        {
          "Id": "211b33d5-d91f-40ec-9668-20e0da2ae7b3",
          "AttributeName": "Version Name",
          "Dimension": "Version",
          "DimensionId": 4094714,
          "IsFilter": true,
          "Axis": "none",
          "IsDefault": true,
          "AllSelection": false,
          "SelectedMembers": [
            {
              "Name": "CurrentWorkingView",
              "DisplayAlias": null
            }
          ],
          "Name": "Version Name",
          "DimensionName": "Version",
          "OverrideFavSelection": false,
          "IsSingleSelect": true,
          "MemberFilterExpression": "",
          "DefaultValueExpression": "",
          "WorksheetLevelFilter": false,
          "HideDummyMembers": false,
          "SortBy": "",
          "SortOrder": "",
          "IsNarrowYourSelection": false,
          "Position": 120
        },
        {
          "Id": "d00b8ae3-4077-4366-87b7-cf97749f44db",
          "AttributeName": "Location Country",
          "Dimension": "Location",
          "EdgeDirection": null,
          "IsFilter": false,
          "Axis": "row",
          "IsDefault": true,
          "AllSelection": false,
          "SelectedMembers": [],
          "Name": "Location Country",
          "DimensionName": "Location",
          "AliasName": "Country",
          "AliasId": "47690e8c-bf7f-abdd-8250-0bc27e856388",
          "AliasType": "AttributeAlias",
          "IsVisible": true,
          "IsAttributeRequired": false,
          "ShowSubtotal": false,
          "ShowMemberConditionalFormatting": false,
          "DisplayName": "",
          "ShortName": "",
          "SortBy": "",
          "JoinWithGraph": false,
          "JoinGraphName": null,
          "JoinWithNode": "FROM"
        },
        {
          "Id": "0c4d82ca-2fbe-c1e8-f6c5-51ffdcf84efc",
          "AttributeName": "Sales Planning Channel",
          "Dimension": "Sales Domain",
          "EdgeDirection": null,
          "IsFilter": false,
          "Axis": "row",
          "IsDefault": true,
          "AllSelection": false,
          "SelectedMembers": [],
          "Name": "Sales Planning Channel",
          "DimensionName": "Sales Domain",
          "IsVisible": true,
          "IsAttributeRequired": false,
          "ShowSubtotal": false,
          "ShowMemberConditionalFormatting": false,
          "DisplayName": "",
          "ShortName": "",
          "SortBy": "",
          "JoinWithGraph": false,
          "JoinGraphName": null,
          "JoinWithNode": "FROM"
        },
        {
          "Id": "c8215069-c134-49e6-a1de-5f681eb07b83",
          "AttributeName": "L3",
          "Dimension": "Item",
          "EdgeDirection": null,
          "IsFilter": false,
          "Axis": "row",
          "IsDefault": true,
          "AllSelection": false,
          "SelectedMembers": [],
          "Name": "L3",
          "DimensionName": "Item",
          "AliasName": "Class",
          "AliasId": "f152462b-941f-7e6e-d0fe-ecd1c812239c",
          "AliasType": "AttributeAlias",
          "IsVisible": true,
          "IsAttributeRequired": false,
          "ShowSubtotal": false,
          "ShowMemberConditionalFormatting": false,
          "DisplayName": "",
          "ShortName": "",
          "SortBy": "",
          "JoinWithGraph": false,
          "JoinGraphName": null,
          "JoinWithNode": "FROM"
        },
        {
          "Id": "56b72eb0-2d21-d392-f36d-296d4e622245",
          "AttributeName": "Selling Season",
          "Dimension": "Selling Season",
          "EdgeDirection": null,
          "IsFilter": false,
          "Axis": "row",
          "IsDefault": true,
          "AllSelection": false,
          "SelectedMembers": [],
          "Name": "Selling Season",
          "DimensionName": "Selling Season",
          "IsVisible": true,
          "IsAttributeRequired": false,
          "ShowSubtotal": false,
          "ShowMemberConditionalFormatting": false,
          "DisplayName": "",
          "ShortName": "",
          "SortBy": "",
          "JoinWithGraph": false,
          "JoinGraphName": null,
          "JoinWithNode": "FROM"
        },
        {
          "Id": "eef9b1f7-e773-4580-a579-0b7211affbe3",
          "AttributeName": "Measure",
          "Dimension": "Measure",
          "IsFilter": false,
          "Axis": "column",
          "IsDefault": true,
          "AllSelection": false,
          "SelectedMembers": [],
          "Name": "Measure",
          "DimensionName": "Measure",
          "IsVisible": true,
          "IsAttributeRequired": false,
          "ShowSubtotal": false,
          "ShowMemberConditionalFormatting": false,
          "SortBy": "",
          "JoinWithGraph": false,
          "DisplayName": "",
          "ShortName": "",
          "UOMMember": ""
        }
      ],
      "PeggingAttributes": [],
      "FlowPlanAttributes": [],
      "Hierarchies": [],
      "NamedSets": [],
      "RegularMeasures": [
        {
          "Id": "974c3b84-f322-b89a-4ae1-444f0fa44b46",
          "Name": "Product Seasons"
        },
        {
          "Id": "a83b88a6-f33a-dbf4-31d6-310fd1ddd24c",
          "Name": "Historical Period"
        }
      ],
      "TransientMeasures": [],
      "GraphRelations": [],
      "Folders": [],
      "AssociationMeasures": [
        {
          "MeasureFilterIBPLExpression": "",
          "MeasureFilterScope": "Post Filter"
        }
      ],
      "AssociationMeasureExpressions": [
        {
          "Expression": ""
        }
      ],
      "MeasureValueFilters": [],
      "DataProperties": {
        "IncludeInactiveMembers": false,
        "IncludeNulls": true,
        "NullsForFinerGrainSelect": false,
        "NullsForUnrelatedAttrSelect": false,
        "RequireEditValidation": false,
        "SubTotalsType": "NoSubtotals",
        "IncludeNullsForSeries": "",
        "AssociationMeasureExpression": ""
      },
      "FilterProperties": {
        "VersionDependentFilter": false,
        "InterDependentMeasure": {
          "Id": "a7802d8b-c077-4576-1601-67e0e8720c1a",
          "Name": "Current Future L3 SS Association",
          "DataType": "number"
        },
        "ExcludeVersionInFavorite": false,
        "StickyDimensionsOnAlwaysOnPane": [
          {
            "DimensionName": "Version",
            "DimensionId": "0d40e77b-9527-489d-a3c9-f8275cd8b0dc",
            "AlwaysShow": false
          }
        ]
      },
      "SortByMeasure": [
        {
          "Measure": null,
          "SortOrder": ""
        }
      ]
    }
  }
}