{
  "Name": "DP012MasterIterationSetup",
  "Description": null,
  "ActionButtonId": "42dfe6c7-76df-07ec-76cd-f58b7e627cde",
  "Tooltip": "Master Iteration Setup",
  "ActionButtonType": "Widget",
  "Alignment": "right",
  "IsPopOver": true,
  "IsGlobal": true,
  "ActionClickHandler": null,
  "Icon": null,
  "Image": null,
  "ConfigJson": {
    "DisplayName": "Master Iteration",
    "icon": "cog",
    "SubmitButton": {
      "Label": "Submit",
      "SuccessMessage": "Successfully Executed.",
      "ErrorMessage": "Error in Execution.",
      "ConfirmMessage": "Are you sure you want to go ahead with the changes?"
    },
    "ResetButton": {
      "Label": "Reset"
    },
    "CloseButton": {
      "Label": "Close",
      "ConfirmMessage": "Unsaved changes will be lost. Continue?"
    },
    "NotifyAll": false,
    "IBPLRules": [
      {
        "template": "exec procedure o9DP007DefaultIterationSetup {\"VersionName\":[{{#csv VersionName}}],\"GenerationTimeBucket\":\"{{GenTimeBucket}}\", \"StorageTimeBucket\":\"{{StorTimeBucket}}\", \"ForecastIterationCreatedBy\":\"{{CreatedBy}}\", \"Disaggregation\":\"{{Disaggregation}}\",\"DisplayName\":\"{{DisplayName}}\",\"ItemLevel\":\"{{Item}}\",\"AccountLevel\":\"{{Account}}\",\"ChannelLevel\":\"{{Channel}}\",\"RegionLevel\":\"{{Region}}\",\"LocationLevel\":\"{{Location}}\",\"PnLLevel\":\"{{PnL}}\",\"DemandDomainLevel\":\"{{DemandDomain}}\",\"SegmentationLOB\":\"{{SegmentationLOB}}\",\"MediumWeight\":{{MediumWeight}}, \"InputStream\":\"{{InputStream}}\" };"
      }
    ],
    "JavascriptRules": [],
    "FieldBindings": [
      {
        "fieldName": "MediumWeight",
        "title": "Medium Weight",
        "Description": "Enable plugin run in Medium Weight execution mode (suitable for small scope).",
        "type": "boolean",
        "selectionType": "single",
        "clearSearch": true,
        "source": "literal",
        "defaultValue": true,
        "visible": true,
        "isEditable": true,
        "validation": {
          "maxLength": "0",
          "required": true
        },
        "fieldGroup": "Execution Mode"
      },
      {
        "fieldName": "VersionName",
        "title": "Version Name",
        "Description": "Version Name",
        "type": "picklist",
        "fieldGroup": "Version",
        "selectionType": "multiple",
        "clearSearch": true,
        "source": "filter",
        "DimensionName": "Version",
        "LevelAttributeName": "Version Name",
        "visible": true,
        "isEditable": true,
        "validation": {
          "maxLength": "0",
          "required": true
        }
      },
      {
        "fieldName": "InputStream",
        "title": "Input Stream",
        "Description": "Type of Input Stream",
        "type": "picklist",
        "fieldGroup": "Iteration Setup",
        "selectionType": "single",
        "clearSearch": true,
        "source": "picklist",
        "key": "Forecast Input Stream",
        "visible": true,
        "isEditable": false,
        "validation": {
          "maxLength": "0",
          "required": true
        }
      },
      {
        "fieldName": "DisplayName",
        "title": "Display Name",
        "Description": "Display Name for the forecast Iteration",
        "type": "string",
        "fieldGroup": "Iteration Setup",
        "clearSearch": true,
        "source": "literal",
        "visible": true,
        "isEditable": true,
        "validation": {
          "maxLength": "0",
          "required": true
        }
      },
      {
        "fieldName": "CreatedBy",
        "title": "Created By",
        "type": "string",
        "fieldGroup": "Iteration Setup",
        "clearSearch": true,
        "source": "datasource",
        "key": "DSOwner",
        "valueField": "User Name",
        "textField": "User Name",
        "overrideFieldBindingType": false,
        "visible": true,
        "isEditable": false,
        "validation": {
          "maxLength": "0",
          "required": true
        }
      },
      {
        "fieldName": "Disaggregation",
        "title": "Disaggregation",
        "type": "picklist",
        "fieldGroup": "Iteration Setup",
        "selectionType": "single",
        "clearSearch": true,
        "source": "picklist",
        "key": "Disagg Type",
        "visible": true,
        "isEditable": true,
        "validation": {
          "maxLength": "0",
          "required": true
        }
      },
      {
        "fieldName": "GenTimeBucket",
        "title": "Generation Time Bucket",
        "Description": "Forecast Generation Time Bucket",
        "type": "picklist",
        "fieldGroup": "Time Bucket Setup",
        "selectionType": "single",
        "clearSearch": true,
        "source": "picklist",
        "key": "Generation Level",
        "visible": true,
        "isEditable": true,
        "validation": {
          "maxLength": "0",
          "required": true
        }
      },
      {
        "fieldName": "StorTimeBucket",
        "title": "Storage Time Bucket",
        "Description": "Forecast Storage Time Bucket",
        "type": "picklist",
        "fieldGroup": "Time Bucket Setup",
        "selectionType": "single",
        "clearSearch": true,
        "source": "picklist",
        "key": "Storage Time Bucket",
        "visible": true,
        "isEditable": false,
        "validation": {
          "maxLength": "0",
          "required": true
        }
      },
      {
        "fieldName": "Info",
        "title": "Info",
        "type": "info",
        "clearSearch": true,
        "source": "literal",
        "defaultValue": "Please select the Stat Level as set within the uploaded Master Data",
        "visible": true,
        "isEditable": false,
        "validation": {
          "maxLength": "0",
          "required": true
        }
      },
      {
        "fieldName": "SegmentationLOB",
        "title": "Segmentation LOB Level",
        "Description": "Segmentation LOB Level set at master data",
        "type": "picklist",
        "fieldGroup": "Item",
        "selectionType": "single",
        "clearSearch": true,
        "source": "picklist",
        "key": "FI Item Level",
        "visible": true,
        "isEditable": true,
        "validation": {
          "maxLength": "0",
          "required": true
        }
      },
      {
        "fieldName": "Item",
        "title": "Item Level",
        "Description": "Item Level set as Stat Item in master data",
        "type": "picklist",
        "fieldGroup": "Item",
        "selectionType": "single",
        "clearSearch": true,
        "source": "picklist",
        "key": "FI Item Level",
        "visible": true,
        "isEditable": true,
        "validation": {
          "maxLength": "0",
          "required": true
        }
      },
      {
        "fieldName": "Account",
        "title": "Account Level",
        "Description": "Account level set as Stat Account in master data",
        "type": "string",
        "fieldGroup": "Customer",
        "selectionType": "single",
        "clearSearch": true,
        "source": "picklist",
        "key": "FI Account Level",
        "visible": true,
        "isEditable": true,
        "validation": {
          "maxLength": "0",
          "required": true
        }
      },
      {
        "fieldName": "Channel",
        "title": "Channel Level",
        "Description": "Channel Level set as Stat Channel in master data",
        "type": "string",
        "fieldGroup": "Customer",
        "selectionType": "single",
        "clearSearch": true,
        "source": "picklist",
        "key": "FI Channel Level",
        "visible": true,
        "isEditable": true,
        "validation": {
          "maxLength": "0",
          "required": true
        }
      },
      {
        "fieldName": "Region",
        "title": "Region Level",
        "Description": "Region Level set as Stat Region in the master data",
        "type": "string",
        "fieldGroup": "Customer",
        "selectionType": "single",
        "clearSearch": true,
        "source": "picklist",
        "key": "FI Region Level",
        "visible": true,
        "isEditable": true,
        "validation": {
          "maxLength": "0",
          "required": true
        }
      },
      {
        "fieldName": "Location",
        "title": "Location Level",
        "Description": "Location Level set as Stat Location in master data",
        "type": "string",
        "fieldGroup": "Location",
        "selectionType": "single",
        "clearSearch": true,
        "source": "picklist",
        "key": "FI Location Level",
        "visible": true,
        "isEditable": true,
        "validation": {
          "maxLength": "0",
          "required": true
        }
      },
      {
        "fieldName": "PnL",
        "title": "PnL Level",
        "Description": "PnL Level set at Stat PnL in master data",
        "type": "string",
        "fieldGroup": "Others",
        "selectionType": "single",
        "clearSearch": true,
        "source": "picklist",
        "key": "FI PnL Level",
        "visible": true,
        "isEditable": true,
        "validation": {
          "maxLength": "0",
          "required": true
        }
      },
      {
        "fieldName": "DemandDomain",
        "title": "Demand Domain Level",
        "Description": "Demand Domain Level  set as Stat Demand Domain in master data",
        "type": "string",
        "fieldGroup": "Others",
        "selectionType": "single",
        "clearSearch": true,
        "select": "ALL",
        "source": "picklist",
        "key": "FI Demand Domain Level",
        "visible": true,
        "isEditable": true,
        "validation": {
          "maxLength": "0",
          "required": true
        }
      }
    ],
    "Range": [],
    "DataSources": [
      {
        "Name": "DSOwner",
        "IBPLRules": [
          {
            "template": "select currentuser();"
          }
        ],
        "JavascriptRules": [],
        "IncludeDSFieldsOnly": false,
        "FieldBindings": []
      }
    ],
    "AutoExecute": false,
    "isAsync": true,
    "hasMembersUpdates": true,
    "Compact": false,
    "TwoColumn": true,
    "IsGlobalForExcelAddIn": false,
    "enableTransaction": false,
    "ReturnFilterByUpdate": false,
    "ExcludeFromNavLink": false,
    "FilterFieldBindings": [],
    "Validate": {
      "DataSource": {
        "IBPLRules": [],
        "JavascriptRules": [
          {
            "modulename": "o9.DemandPlanning.ExistingIterationValidation",
            "functionname": "validation"
          }
        ],
        "FieldBindings": []
      }
    }
  },
  "Widget": null,
  "Roles": []
}