{
  "AttributeName": "Is Approved",
  "AttributeId": "60635efc-e41c-417b-83cd-e3c28bc7eeef",
  "AttributeHierarchyEnabled": false,
  "IsKey": false,
  "Description": "Flag which tells whether a Doc is approved or not",
  "OrderBy": "Key",
  "KeyColumnName": "IsApprovedKey",
  "NameColumnName": null,
  "KeyColumnDataType": "boolean",
  "SeedTags": false,
  "KeyGenerationType": null,
  "PickListName": null,
  "ConfigJson": {},
  "FormatString": null,
  "Translation": null,
  "Aliases": [],
  "ApiName": null,
  "ApiDisabled": false
}