{
  "Name": "SupplyPlan0900GenericPrioritization",
  "Description": "Generic Prioritization",
  "ActionButtonId": "fab045b5-9519-723b-94b9-f95c77e7d5e4",
  "Tooltip": "Generic Prioritization",
  "ActionButtonType": "Rule",
  "Alignment": "right",
  "IsPopOver": true,
  "IsGlobal": false,
  "ActionClickHandler": null,
  "Icon": null,
  "Image": null,
  "ConfigJson": {
    "DisplayName": "Generic Prioritization",
    "icon": "empire",
    "Position": "0",
    "SubmitButton": {
      "Label": "Submit"
    },
    "ResetButton": {
      "Label": "Reset"
    },
    "CloseButton": {
      "Label": "Close",
      "ConfirmMessage": "Unsaved changes will be lost. Continue?"
    },
    "NotifyRoles": false,
    "NotifyAll": false,
    "IBPLRules": [
      {
        "template": "exec plugin instance [SupplyPlan0900GenericPrioritizationResource] for measures {[W Demand Priority Plugin Output]} using scope (Version.[Version Name].[{{version}}]*[Plan Type].[Plan Type]) arguments {(\"IncludeNullRows\", \"False\"),([DriverMemory],\"10G\"),(NumExecutors,1 ),(ExecutorMemory, \"4g\"),(ExecutorCores, 4),([IgnoreMissingOutputs], true),(EnableWebApiCalls, \"true\"),(DataTransferMode, \"csv\")};"
      }
    ],
    "JavascriptRules": [],
    "FieldBindings": [
      {
        "fieldName": "version",
        "title": "Version Name",
        "Description": "Version",
        "type": "picklistDropdown",
        "clearSearch": true,
        "source": "filter",
        "DimensionName": "Version",
        "LevelAttributeName": "Version Name",
        "visible": true,
        "isEditable": true,
        "validation": {
          "maxLength": "0",
          "required": true
        },
        "selectionType": "single"
      },
      {
        "fieldName": "sparkMode",
        "title": "Big Data",
        "type": "boolean",
        "clearSearch": true,
        "source": "literal",
        "defaultValue": true,
        "visible": true,
        "isEditable": true,
        "validation": {
          "maxLength": "0",
          "required": true
        }
      }
    ],
    "Range": [],
    "DataSources": [],
    "AutoExecute": false,
    "isAsync": true,
    "hasMembersUpdates": false,
    "Compact": false,
    "TwoColumn": false,
    "IsGlobalForExcelAddIn": false,
    "ExcludeFromNavLink": false,
    "FilterFieldBindings": []
  },
  "Widget": null,
  "Roles": []
}