{
  "Name": "AddNewClass",
  "Description": null,
  "ActionButtonId": "f6c3bdf2-0f5a-45ee-bbdb-56abee0d5587",
  "Tooltip": "Add Class",
  "ActionButtonType": "Widget",
  "Alignment": "right",
  "IsPopOver": true,
  "IsGlobal": true,
  "ActionClickHandler": null,
  "Icon": null,
  "Image": null,
  "ConfigJson": {
    "DisplayName": "Add Class",
    "icon": "plus-square-o",
    "SubmitButton": {
      "Label": "Submit"
    },
    "ResetButton": {
      "Label": "Reset"
    },
    "CloseButton": {
      "Label": "Close",
      "ConfirmMessage": "Unsaved changes will be lost. Continue?"
    },
    "NotifyAll": false,
    "IBPLRules": [
      {
        "template": "createmember(Item.L3 = {,\"{{Class}}\"},\nItem.L4 = {, \"{{Department}}\"},\nItem.L5 = {,\"{{Division}}\"},\nItem.[L6] = {,\"{{BusinessUnit}}\"});"
      }
    ],
    "JavascriptRules": [],
    "FieldBindings": [
      {
        "fieldName": "BusinessUnit",
        "title": "Business Unit",
        "Description": "Business Unit",
        "type": "picklistDropdown",
        "selectionType": "single",
        "clearSearch": true,
        "select": "ALL",
        "source": "datasource",
        "key": "BusinessDS",
        "valueField": "Name",
        "textField": "DisplayName",
        "visible": true,
        "isEditable": true,
        "cascadeFrom": "Division",
        "validation": {
          "maxLength": "0",
          "required": true
        },
        "overrideFieldBindingType": false
      },
      {
        "fieldName": "Division",
        "title": "Division",
        "Description": "Division",
        "type": "picklistDropdown",
        "selectionType": "single",
        "clearSearch": true,
        "select": "ALL",
        "source": "datasource",
        "key": "DivisionDS",
        "valueField": "Name",
        "textField": "DisplayName",
        "visible": true,
        "isEditable": true,
        "cascadeFrom": "Department",
        "validation": {
          "maxLength": "0",
          "required": true
        },
        "overrideFieldBindingType": false
      },
      {
        "fieldName": "Department",
        "title": "Department",
        "Description": "Department",
        "type": "picklist",
        "selectionType": "single",
        "clearSearch": true,
        "select": "NONE",
        "source": "members",
        "DimensionName": "Item",
        "LevelAttributeName": "L4",
        "visible": true,
        "isEditable": true,
        "validation": {
          "maxLength": "0",
          "required": true
        }
      },
      {
        "fieldName": "Class",
        "title": "Class",
        "Description": "Class",
        "type": "string",
        "clearSearch": true,
        "source": "literal",
        "visible": true,
        "isEditable": true,
        "validation": {
          "maxLength": 80,
          "required": true
        }
      }
    ],
    "Range": [],
    "DataSources": [
      {
        "Name": "BusinessDS",
        "IBPLRules": [
          {
            "template": "select Item.[L4]{{#filter Department}}.relatedmembers([L6]);"
          }
        ],
        "JavascriptRules": [],
        "FieldBindings": [],
        "IncludeDSFieldsOnly": false
      },
      {
        "Name": "DivisionDS",
        "IBPLRules": [
          {
            "template": "select Item.[L4]{{#filter Department}}.relatedmembers([L5]);"
          }
        ],
        "JavascriptRules": [],
        "FieldBindings": [],
        "IncludeDSFieldsOnly": false
      }
    ],
    "AutoExecute": false,
    "isAsync": true,
    "hasMembersUpdates": true,
    "Compact": true,
    "TwoColumn": false,
    "IsGlobalForExcelAddIn": false,
    "ReturnFilterByUpdate": false,
    "ExcludeFromNavLink": false,
    "FilterFieldBindings": []
  },
  "Widget": null,
  "Roles": []
}