{
  "Name": "o9EKGGenerateDependencyNew",
  "Description": null,
  "ActionButtonId": "7e1b59a8-eced-0592-b5c1-73359567f524",
  "Tooltip": "Generate Pipeline Dependency",
  "ActionButtonType": "Widget",
  "Alignment": "right",
  "IsPopOver": true,
  "IsGlobal": true,
  "ActionClickHandler": null,
  "Icon": null,
  "Image": null,
  "ConfigJson": {
    "icon": "angle-double-right",
    "SubmitButton": {
      "Label": "Generate",
      "ProgressMessage": "Please wait for 5 mins for the dependencies to be generated"
    },
    "ResetButton": {
      "Label": "Reset"
    },
    "CloseButton": {
      "Label": "Close",
      "ConfirmMessage": "Unsaved changes will be lost. Continue?"
    },
    "NotifyRoles": true,
    "NotifyAll": false,
    "IBPLRules": [
      {
        "template": "//Run Generate Dependency Plugin//\n\nEXEC plugin instance o9EKGGenerateDependencyDPlugin for measures {[o9EKG Project Implementer Key]}  using scope (&CWV * [o9EKG Customer].[Project Name].[{{projectname}}] );"
      }
    ],
    "JavascriptRules": [],
    "FieldBindings": [
      {
        "fieldName": "projectname",
        "title": "Project Name",
        "type": "picklistDropdown",
        "selectionType": "single",
        "clearSearch": true,
        "source": "filter",
        "DimensionName": "o9EKG Customer",
        "LevelAttributeName": "Project Name",
        "visible": true,
        "isEditable": false,
        "validation": {
          "maxLength": "0",
          "required": true
        }
      }
    ],
    "Range": [],
    "DataSources": [],
    "AutoExecute": true,
    "isAsync": true,
    "hasMembersUpdates": false,
    "Compact": true,
    "TwoColumn": false,
    "IsGlobalForExcelAddIn": false,
    "ReturnFilterByUpdate": false,
    "ExcludeFromNavLink": false,
    "FilterFieldBindings": []
  },
  "Widget": null,
  "Roles": []
}