{
  "HierarchyName": "To Type Hierarchy",
  "HierarchyId": "5ff7c82d-9b09-4931-8d10-068f819b01cb",
  "HierarchyDescription": "To Type",
  "Translations": [],
  "Levels": [
    {
      "LevelName": "To All Item",
      "LevelId": "5c2079ad-598e-46b6-958b-e8544c777add",
      "SourceAttributeName": "To All Item",
      "LevelDescription": "All To Item",
      "LevelPosition": 0,
      "Translations": []
    },
    {
      "LevelName": "To Item Type",
      "LevelId": "4c8b8a46-098d-43c5-b90c-fbebbab1c4e2",
      "SourceAttributeName": "To Item Type",
      "LevelDescription": "To Item Type",
      "LevelPosition": 1,
      "Translations": []
    },
    {
      "LevelName": "To Planning Item",
      "LevelId": "782935b0-e01d-4b9a-b39f-0fc3c322626c",
      "SourceAttributeName": "To Planning Item",
      "LevelDescription": "Planning To Item",
      "LevelPosition": 2,
      "Translations": []
    },
    {
      "LevelName": "To Item",
      "LevelId": "d8cf0076-70ac-48a1-a6d6-b45bea619161",
      "SourceAttributeName": "To Item",
      "LevelDescription": "Represents the To.SCSItem.Item",
      "LevelPosition": 3,
      "Translations": []
    }
  ]
}