{
  "Name": "o9EKGGeneratePipelines",
  "Description": "Generate Int 3.0 Pipelines",
  "ActionButtonId": "427614f4-8ea8-c94a-f738-1a43f771ee4b",
  "Tooltip": "Generate Int 3.0 Pipelines",
  "ActionButtonType": "Rule",
  "Alignment": "right",
  "IsPopOver": true,
  "IsGlobal": false,
  "ActionClickHandler": null,
  "Icon": null,
  "Image": null,
  "ConfigJson": {
    "icon": "link",
    "Position": 1,
    "SubmitButton": {
      "Label": "Submit",
      "ErrorMessage": "Failed during pipeline generation. Please check error logs."
    },
    "ResetButton": {
      "Label": "Reset"
    },
    "CloseButton": {
      "Label": "Close",
      "ConfirmMessage": "Unsaved changes will be lost. Continue?"
    },
    "NotifyAll": false,
    "IBPLRules": [
      {
        "template": "//Removing Previous `Latest Log` //\n\nscope: (&CWV *[o9MKTime].[Day] * [o9EKGServices].[o9EKGService] * [o9EKGSequence].[o9EKGSequenceNumber]);\nMeasure.[o9EKGLogLatest] = 0 ;\nend scope;"
      },
      {
        "template": "// Pipeline Generation Method //\n\ncartesian scope: ([Version].[Version Name].[CurrentWorkingView] * [o9MKPipelineSettings].[PipelineSettingsName].[Incremental Pipeline Generation]);\nMeasure.[Value]={{Pipeline_Creation_Method}};\nend scope;"
      },
      {
        "template": "//Pipeline Generation Plugin Execution //\n\nEXEC plugin instance o9_EKG_Bulk_Api_v1 for measures {[Value]} using scope (Version.[Version Name].[CurrentWorkingView]);"
      }
    ],
    "JavascriptRules": [],
    "FieldBindings": [
      {
        "fieldName": "Pipeline_Creation_Method",
        "title": "Pipeline Generation Method",
        "type": "picklistDropdown",
        "selectionType": "single",
        "clearSearch": true,
        "source": "localPicklist",
        "values": [
          {
            "Key": true,
            "Name": "Incremental Create"
          },
          {
            "Key": false,
            "Name": "Delete & Recreate"
          }
        ],
        "valueField": "Key",
        "visible": true,
        "isEditable": true,
        "validation": {
          "maxLength": "0",
          "required": true
        }
      }
    ],
    "Range": [],
    "DataSources": [],
    "AutoExecute": false,
    "isAsync": true,
    "hasMembersUpdates": false,
    "Compact": true,
    "TwoColumn": false,
    "IsGlobalForExcelAddIn": false,
    "enableTransaction": false,
    "ExcludeFromNavLink": false,
    "FilterFieldBindings": []
  },
  "Widget": null,
  "Roles": []
}