{
  "Name": "CopyBUPlanToLocalCurrency",
  "Description": null,
  "ActionButtonId": "33efe21b-81b2-48d4-818a-f0f3788711c5",
  "Tooltip": "Copy plan to Local Currency",
  "ActionButtonType": "Widget",
  "Alignment": "right",
  "IsPopOver": true,
  "IsGlobal": true,
  "ActionClickHandler": null,
  "Icon": null,
  "Image": null,
  "ConfigJson": {
    "DisplayName": "Copy plan to Local Currency",
    "icon": "chevron-circle-right",
    "SubmitButton": {
      "Label": "Submit"
    },
    "ResetButton": {
      "Label": "Reset"
    },
    "CloseButton": {
      "Label": "Close",
      "ConfirmMessage": "Unsaved changes will be lost. Continue?"
    },
    "NotifyAll": false,
    "IBPLRules": [
      {
        "template": "Scope:(Version.[Version Name]{{#filter Version}}*Item.[L3]{{#filter Class}}*[Sales Domain].[Sales Planning Channel]* &PlanningWeeks* Location.[Location Country] * [Selling Season].[Selling Season]); \nMeasure.[BU Sales-Local Currency Rtl]=Measure.[BU Ttl Sls Rtl];\nend scope;"
      }
    ],
    "JavascriptRules": [],
    "FieldBindings": [
      {
        "fieldName": "Version",
        "title": "Version",
        "source": "filter",
        "type": "string",
        "key": "LA-Version",
        "visible": true,
        "isEditable": false,
        "validation": {
          "required": true,
          "maxLength": "0"
        },
        "DimensionName": "Version",
        "LevelAttributeName": "Version Name",
        "clearSearch": true
      },
      {
        "fieldName": "Class",
        "title": "Class",
        "Description": "Class",
        "type": "picklistDropdown",
        "selectionType": "multiple",
        "clearSearch": true,
        "source": "filter",
        "DimensionName": "Item",
        "LevelAttributeName": "L3",
        "visible": true,
        "isEditable": true,
        "validation": {
          "maxLength": "0",
          "required": true
        }
      }
    ],
    "DataSources": [],
    "AutoExecute": false,
    "isAsync": true,
    "hasMembersUpdates": false,
    "Compact": false,
    "TwoColumn": false,
    "IsGlobalForExcelAddIn": false,
    "ReturnFilterByUpdate": false,
    "FilterFieldBindings": []
  },
  "Widget": null
}