{
  "Name": "SupplyPlan6007RunGlobalForwardPlanBasicItemScoped",
  "Description": null,
  "ActionButtonId": "b0692af5-0cc1-ee72-5765-8a2158b7a1f5",
  "Tooltip": "AF Run Plan Weekly",
  "ActionButtonType": "Rule",
  "Alignment": "right",
  "IsPopOver": true,
  "IsGlobal": false,
  "ActionClickHandler": null,
  "Icon": null,
  "Image": null,
  "ConfigJson": {
    "DisplayName": "AF Run Plan Weekly",
    "icon": "arrow-circle-right",
    "Position": -1,
    "SubmitButton": {
      "Label": "Submit"
    },
    "ResetButton": {
      "Label": "Reset"
    },
    "CloseButton": {
      "Label": "Close",
      "ConfirmMessage": "Unsaved changes will be lost. Continue?"
    },
    "NotifyRoles": true,
    "NotifyAll": false,
    "IBPLRules": [
      {
        "template": "//--For tracking the start time\nexec procedure ActionStart {\"User\" : \"{{User}}\" , \"RunID\" : \"{{RunID}}\",\"RunIDParent\" : \"{{RunIDParent}}\", \"ActionType\" : \"{{ActionType}}\", \"Product\" : \"{{Product}}\",\"ScenarioCount\" : {{ScenarioCount}},\"VersionCount\" : {{VersionCount}},\"ScenarioName\" : \"{{Version}}\"};"
      },
      {
        "template": "// Populating Solver inputs for Sourcing Proportions\n\n/* exec procedure PopulateSourcingProportionsToWeeklySolver {\"Version\" : \"{{Version}}\"}; */\n\nselect 1;"
      },
      {
        "template": "// Deployment Plan Aggregation\n\n\n/* exec procedure DeploymentPlanAggregationToWeek {\"SourceVersion\" : \"{{DeploymentSourceVersion}}\", \"TargetVersion\" : \"{{Version}}\", \"DPAggPrefix\" : \"{{DPAggPrefix}}\", \"DataObject\" : \"{{DeploymentPlanAggDataObject}}\"}; */\n\nSelect 1;\n"
      },
      {
        "template": "// Pre Solver steps for Material Requirements Plan - Enable for generating a Constrained MRP\n\n/* exec procedure PreSolverConstrainedRequirementsPlanGenerationBeyondSupplierleadTimes {\"Version\" : [{{#csv Version}}]}; */\n\nSelect 1;\n"
      },
      {
        "template": "exec procedure RunConstrainedPlanWeeklyItemScoped{\"Version\" : [{{#csv Version}}] , \"WSolverCurrentBucket\" : \"{{SolverCurrentBucket}}\" , \"WSolverStartingBucket\" : \"{{SolverStartingBucket}}\", \"WSolverEndingBucket\" : \"{{SolverEndingBucket}}\",\"WSolverDemandSliceFactor\" : {{SolverDemandSliceFactor}},\"WSolverFlagAllowNOH\" : \"{{SolverFlagAllowNOH}}\",\"WSolverFlagRespectFreezeWindowForWIPs\" : \"{{SolverFlagRespectFreezeWindowForWIPs}}\",\"WSolverFlagMinimizeInventoryBuildAhead\" : \"{{SolverFlagMinimizeInventoryBuildAhead}}\",\"WSolverFlagInventoryPlanType\" : \"{{SolverFlagInventoryPlanType}}\" ,\"WSolverFlagInventoryPlanPolicy\" : \"{{SolverFlagInventoryPlanPolicy}}\",\"WSolverInventoryPlanBands\" : \"{{SolverInventoryPlanBands}}\",\"WMaterialConstrained\" : \"{{MaterialConstrained}}\",\"WCapacityConstrained\" : \"{{CapacityConstrained}}\",\"WStorageConstrained\" : \"{{StorageConstrained}}\",\"WSolverDeleteData\" : \"{{SolverDeleteData}}\",\"WSolverCapacityBandsToMinimizeLateness\" : \"{{SolverCapacityBandsToMinimizeLateness}}\",\"WSolverSSBuildAheadLimit\" : {{SolverSSBuildAheadLimit}},\"WSolverFlagMinimizeNoCarryViolations\" : \"{{SolverFlagMinimizeNoCarryViolations}}\",\"WSolverFlagTryMaterialReallocationInRCA\" : \"{{SolverFlagTryMaterialReallocationInRCA}}\",\"WSolverFlagInventoryPlanStrategy\" : \"{{SolverFlagInventoryPlanStrategy}}\",\"WSolverGlobalBuildAheadLimit\" : {{SolverDemandBuildAheadLimit}},\"WSolverGlobalBuildLateLimit\" : {{SolverDemandBuildLateLimit}},\"SolverNoPeggings\" : \"{{NoPeggings}}\",\"SolverSupplyCodePlan\" : \"{{SupplyCodePlan}}\",\"SolverShelfLifePlan\" : \"{{ShelfLifePlan}}\",\"SolverPlanDateHardPeg\" : \"{{PlanDateHardPeg}}\",\"SolverMinTimeHardPeg\" : \"{{MinTimeHardPeg}}\",\"SolverLatePlanStrategy\" : \"{{LatePlanStrategy}}\",\"SolverSkipSSForUnviableBuckets\" : \"{{SkipSSForUnviableBuckets}}\",\"SolverDemandSliceThreshold\" : {{DemandSliceThreshold}} ,\"Item\" : \"{{Item}}\"};\n\n\n{{#if Plan}}\n\nexec procedure RunMPFinancialPreProcess {\"Version\" : {{#csv Version}}};\n\nexec procedure RunMPFinancialPostProcess {\"Version\" : {{#csv Version}}};\n\n\n{{/if}}"
      },
      {
        "template": "// Post Solver steps for Material Requirements Plan - Enable for generating a Constrained MRP\n\n/* exec procedure PostSolverConstrainedRequirementsPlanGenerationBeyondSupplierleadTimes {\"Version\" : [{{#csv Version}}]}; */\n\nSelect 1;"
      },
      {
        "template": "// --- Run the following procedure for populating Shipment Truck and Storage Requirements at Weekly level\n\n//exec procedure WMasterShipmentTruckStorageRequirements {\"Version\" : \"{{Version}}\"};\n\nselect 1;"
      },
      {
        "template": "// Sourcing Attainment\n//exec procedure SourcingAttainmentReportWeekly {\"Version\" : \"{{Version}}\", \"DataObject\":\"{{SourcingDataObject}}\"};\n\nselect 1;"
      },
      {
        "template": "exec procedure SupplyPlan0600PostAnalytics_Weekly {\"Version\" : \"{{Version}}\"};\n\n// behaviour before R2024.12.00\n/* exec procedure ExceptionsPlanningMasterProcedure {\"Version\" : [{{#csv Version}}]};*/"
      },
      {
        "template": "// Procedure to populate the BTG Report\n\n// exec procedure BTG_WMSPMasterProcedure {\"Version\" : \"{{Version}}\", \"EnableBTG\": {{EnableBTG}}};\n\nselect 1;"
      },
      {
        "template": "//--For tracking the end time\nexec procedure ActionEnd {\"User\" : \"{{User}}\" , \"RunID\" : \"{{RunID}}\"};"
      }
    ],
    "JavascriptRules": [],
    "FieldBindings": [
      {
        "fieldName": "Version",
        "title": "Version",
        "type": "picklistDropdown",
        "selectionType": "single",
        "clearSearch": true,
        "source": "filter",
        "DimensionName": "Version",
        "LevelAttributeName": "Version Name",
        "visible": true,
        "isEditable": true,
        "validation": {
          "maxLength": "0",
          "required": true
        }
      },
      {
        "fieldName": "SolverCurrentBucket",
        "title": "SolverCurrentBucket",
        "type": "string",
        "selectionType": "single",
        "clearSearch": true,
        "select": "ALL",
        "source": "datasource",
        "key": "SolverCurrentBucket",
        "valueField": "Name",
        "textField": "Name",
        "visible": true,
        "isEditable": false,
        "validation": {
          "maxLength": "0",
          "required": true
        },
        "overrideFieldBindingType": false
      },
      {
        "fieldName": "SolverStartingBucket",
        "title": "SolverStartingBucket",
        "type": "string",
        "selectionType": "single",
        "clearSearch": true,
        "select": "ALL",
        "source": "datasource",
        "key": "SolverStartingBucket",
        "valueField": "Name",
        "textField": "Name",
        "visible": true,
        "isEditable": false,
        "validation": {
          "maxLength": "0",
          "required": true
        },
        "overrideFieldBindingType": false
      },
      {
        "fieldName": "SolverEndingBucket",
        "title": "SolverEndingBucket",
        "type": "string",
        "selectionType": "single",
        "clearSearch": true,
        "select": "ALL",
        "source": "datasource",
        "key": "SolverEndingBucket",
        "valueField": "Name",
        "textField": "Name",
        "visible": true,
        "isEditable": false,
        "validation": {
          "maxLength": "0",
          "required": true
        },
        "overrideFieldBindingType": false
      },
      {
        "fieldName": "SolverDemandSliceFactor",
        "title": "Demand Slice Factor",
        "type": "picklistDropdown",
        "selectionType": "single",
        "clearSearch": true,
        "select": "ALL",
        "source": "datasource",
        "key": "SolverDemandSliceFactor",
        "valueField": "W Solver Demand Slice Factor",
        "textField": "W Solver Demand Slice Factor",
        "visible": true,
        "isEditable": false,
        "cascadeFrom": "Version",
        "validation": {
          "maxLength": "0",
          "required": true
        },
        "overrideFieldBindingType": false
      },
      {
        "fieldName": "SolverFlagAllowNOH",
        "title": "W Solver Flag Allow NOH",
        "type": "picklistDropdown",
        "selectionType": "single",
        "clearSearch": true,
        "source": "datasource",
        "key": "SolverFlagAllowNOH",
        "valueField": "W Solver Flag Allow NOH",
        "textField": "W Solver Flag Allow NOH",
        "visible": false,
        "isEditable": false,
        "validation": {
          "maxLength": "0",
          "required": true
        },
        "cascadeFrom": "Version",
        "overrideFieldBindingType": false
      },
      {
        "fieldName": "SolverFlagRespectFreezeWindowForWIPs",
        "title": "W Solver Flag Respect Freeze Window For WIPs",
        "Description": "W Solver Flag Respect Freeze Window For WIPs",
        "type": "picklistDropdown",
        "selectionType": "single",
        "clearSearch": true,
        "select": "ALL",
        "source": "datasource",
        "key": "SolverFlagRespectFreezeWindowForWIPs",
        "valueField": "W Solver Flag Respect Freeze Window For WIPs",
        "textField": "W Solver Flag Respect Freeze Window For WIPs",
        "visible": false,
        "isEditable": false,
        "cascadeFrom": "Version",
        "validation": {
          "maxLength": "0",
          "required": true
        },
        "overrideFieldBindingType": false
      },
      {
        "fieldName": "SolverFlagInventoryPlanType",
        "title": "W Solver Flag Inventory Plan Type",
        "Description": "W Solver Flag Inventory Plan Type",
        "type": "picklistDropdown",
        "selectionType": "single",
        "clearSearch": true,
        "select": "ALL",
        "source": "datasource",
        "key": "SolverFlagInventoryPlanType",
        "valueField": "W Solver Flag Inventory Plan Type Modified",
        "textField": "W Solver Flag Inventory Plan Type Modified",
        "visible": true,
        "isEditable": false,
        "cascadeFrom": "Version",
        "validation": {
          "maxLength": "0",
          "required": true
        },
        "overrideFieldBindingType": false
      },
      {
        "fieldName": "SolverInventoryPlanBands",
        "title": "W Solver Inventory Plan Bands",
        "Description": "W Solver Inventory Plan Bands",
        "type": "picklistDropdown",
        "selectionType": "single",
        "clearSearch": true,
        "select": "ALL",
        "source": "datasource",
        "key": "SolverInventoryPlanBands",
        "valueField": "W Solver Inventory Plan Bands",
        "textField": "W Solver Inventory Plan Bands",
        "visible": false,
        "isEditable": false,
        "cascadeFrom": "Version",
        "validation": {
          "maxLength": "0",
          "required": true
        },
        "overrideFieldBindingType": false
      },
      {
        "fieldName": "SolverDeleteData",
        "title": "W Solver Delete Data",
        "type": "picklistDropdown",
        "selectionType": "single",
        "clearSearch": true,
        "select": "ALL",
        "source": "datasource",
        "key": "SolverDeleteData",
        "valueField": "W Solver Delete Data",
        "textField": "W Solver Delete Data",
        "visible": true,
        "isEditable": true,
        "cascadeFrom": "Version",
        "validation": {
          "maxLength": "0",
          "required": true
        },
        "overrideFieldBindingType": false
      },
      {
        "fieldName": "SolverCapacityBandsToMinimizeLateness",
        "title": "Use Capacity Bands To Minimize Lateness",
        "Description": "Use Capacity Bands To Minimize Lateness",
        "type": "picklistDropdown",
        "selectionType": "single",
        "clearSearch": true,
        "select": "ALL",
        "source": "datasource",
        "key": "SolverCapacityBandsToMinimizeLateness",
        "valueField": "W Solver Capacity Bands To Minimize Lateness",
        "textField": "W Solver Capacity Bands To Minimize Lateness",
        "visible": false,
        "isEditable": false,
        "cascadeFrom": "Version",
        "validation": {
          "maxLength": "0",
          "required": true
        },
        "overrideFieldBindingType": false
      },
      {
        "fieldName": "SolverFlagInventoryPlanPolicy",
        "title": "W Solver Flag Inventory Plan Policy",
        "Description": "W Solver Flag Inventory Plan Policy",
        "type": "picklistDropdown",
        "selectionType": "single",
        "clearSearch": true,
        "select": "ALL",
        "source": "datasource",
        "key": "SolverFlagInventoryPlanPolicy",
        "valueField": "W Solver Flag Inventory Plan Policy",
        "textField": "W Solver Flag Inventory Plan Policy",
        "visible": false,
        "isEditable": false,
        "cascadeFrom": "Version",
        "validation": {
          "maxLength": "0",
          "required": true
        },
        "overrideFieldBindingType": false
      },
      {
        "fieldName": "SolverFlagMinimizeInventoryBuildAhead",
        "title": "W Solver Flag Minimize Inventory Build Ahead",
        "Description": "W Solver Flag Minimize Inventory Build Ahead",
        "type": "picklistDropdown",
        "selectionType": "single",
        "clearSearch": true,
        "select": "ALL",
        "source": "datasource",
        "key": "SolverFlagMinimizeInventoryBuildAhead",
        "valueField": "W Solver Flag Minimize Inventory Build Ahead",
        "textField": "W Solver Flag Minimize Inventory Build Ahead",
        "visible": false,
        "isEditable": false,
        "cascadeFrom": "Version",
        "validation": {
          "maxLength": "0",
          "required": true
        },
        "overrideFieldBindingType": false
      },
      {
        "fieldName": "CapacityConstrained",
        "title": "Capacity Constrained Flag",
        "type": "picklistDropdown",
        "selectionType": "single",
        "clearSearch": true,
        "select": "ALL",
        "source": "datasource",
        "key": "SolverCapacityConstrained",
        "valueField": "W Capacity Constrained",
        "textField": "W Capacity Constrained",
        "visible": true,
        "isEditable": true,
        "cascadeFrom": "Version",
        "validation": {
          "maxLength": "0",
          "required": true
        },
        "overrideFieldBindingType": false
      },
      {
        "fieldName": "MaterialConstrained",
        "title": "Material Constrained Flag",
        "type": "picklistDropdown",
        "selectionType": "single",
        "clearSearch": true,
        "select": "ALL",
        "source": "datasource",
        "key": "SolverMaterialConstrained",
        "valueField": "W Material Constrained",
        "textField": "W Material Constrained",
        "visible": true,
        "isEditable": true,
        "cascadeFrom": "Version",
        "validation": {
          "maxLength": "0",
          "required": true
        },
        "overrideFieldBindingType": false
      },
      {
        "fieldName": "StorageConstrained",
        "title": "Storage Constrained Flag",
        "type": "picklistDropdown",
        "selectionType": "single",
        "clearSearch": true,
        "select": "ALL",
        "source": "datasource",
        "key": "SolverStorageConstrained",
        "valueField": "W Storage Constrained",
        "textField": "W Storage Constrained",
        "visible": true,
        "isEditable": true,
        "validation": {
          "maxLength": "0",
          "required": true
        },
        "cascadeFrom": "Version",
        "overrideFieldBindingType": false
      },
      {
        "fieldName": "Now",
        "title": "Now",
        "Description": "Now",
        "type": "datetime",
        "selectionType": "single",
        "clearSearch": true,
        "select": "ALL",
        "source": "datasource",
        "key": "Now",
        "valueField": "result",
        "visible": false,
        "isEditable": false,
        "validation": {
          "maxLength": "0",
          "required": true
        },
        "overrideFieldBindingType": false
      },
      {
        "fieldName": "Constrained",
        "title": "Constrained or Procurement",
        "type": "picklistDropdown",
        "selectionType": "single",
        "clearSearch": true,
        "select": "ALL",
        "source": "picklist",
        "key": "SolverRunType",
        "visible": false,
        "isEditable": true,
        "validation": {
          "maxLength": "0",
          "required": true
        }
      },
      {
        "fieldName": "SolverSSBuildAheadLimit",
        "title": "SS Build Ahead Limit",
        "Description": "SS Build Ahead Limit",
        "type": "picklistDropdown",
        "selectionType": "single",
        "clearSearch": true,
        "select": "ALL",
        "source": "datasource",
        "key": "SolverSSBuildAheadLimit",
        "valueField": "W Solver SS Build Ahead Limit",
        "textField": "W Solver SS Build Ahead Limit",
        "visible": false,
        "isEditable": false,
        "cascadeFrom": "Version",
        "validation": {
          "maxLength": "0",
          "required": true
        },
        "overrideFieldBindingType": false
      },
      {
        "fieldName": "SolverFlagMinimizeNoCarryViolations",
        "title": "W Solver Flag Minimize No Carry Violations",
        "Description": "W Solver Flag Minimize No Carry Violations",
        "type": "picklistDropdown",
        "selectionType": "single",
        "clearSearch": true,
        "select": "ALL",
        "source": "datasource",
        "key": "SolverFlagMinimizeNoCarryViolations",
        "valueField": "W Solver Flag Minimize No Carry Violations",
        "textField": "W Solver Flag Minimize No Carry Violations",
        "visible": false,
        "isEditable": false,
        "cascadeFrom": "Version",
        "validation": {
          "maxLength": "0",
          "required": true
        },
        "overrideFieldBindingType": false
      },
      {
        "fieldName": "SolverFlagTryMaterialReallocationInRCA",
        "title": "W Solver Flag Try Material Real location In RCA",
        "Description": "W Solver Flag Try Material Real location In RCA",
        "type": "picklistDropdown",
        "clearSearch": true,
        "source": "datasource",
        "key": "SolverFlagTryMaterialReallocationInRCA",
        "valueField": "W Solver Flag Try Material Reallocation In RCA",
        "textField": "W Solver Flag Try Material Reallocation In RCA",
        "visible": false,
        "isEditable": false,
        "cascadeFrom": "Version",
        "validation": {
          "maxLength": "0",
          "required": true
        },
        "selectionType": "single",
        "overrideFieldBindingType": false
      },
      {
        "fieldName": "SolverFlagInventoryPlanStrategy",
        "title": "W Solver Flag Inventory Plan Strategy",
        "Description": "W Solver Flag Inventory Plan Strategy",
        "type": "picklistDropdown",
        "selectionType": "single",
        "clearSearch": true,
        "select": "ALL",
        "source": "datasource",
        "key": "SolverFlagInventoryPlanStrategy",
        "valueField": "W Solver Flag Inventory Plan Strategy",
        "textField": "W Solver Flag Inventory Plan Strategy",
        "visible": false,
        "isEditable": false,
        "cascadeFrom": "Version",
        "validation": {
          "maxLength": "0",
          "required": true
        },
        "overrideFieldBindingType": false
      },
      {
        "fieldName": "SolverDemandBuildAheadLimit",
        "title": "Demand Build Ahead Limit",
        "Description": "Demand Build Ahead Limit",
        "type": "picklistDropdown",
        "selectionType": "single",
        "clearSearch": true,
        "select": "ALL",
        "source": "datasource",
        "key": "SolverDemandBuildAheadLimit",
        "valueField": "W Global Demand Build Ahead Limit",
        "textField": "W Global Demand Build Ahead Limit",
        "visible": false,
        "isEditable": false,
        "cascadeFrom": "Version",
        "validation": {
          "maxLength": "0",
          "required": true
        },
        "overrideFieldBindingType": false
      },
      {
        "fieldName": "SolverDemandBuildLateLimit",
        "title": "Demand Build Late Limit",
        "Description": "Demand Build Late Limit",
        "type": "picklistDropdown",
        "selectionType": "single",
        "clearSearch": true,
        "select": "ALL",
        "source": "datasource",
        "key": "SolverDemandBuildLateLimit",
        "valueField": "W Global Demand Build Late Limit",
        "textField": "W Global Demand Build Late Limit",
        "visible": false,
        "isEditable": false,
        "cascadeFrom": "Version",
        "validation": {
          "maxLength": "0",
          "required": true
        },
        "overrideFieldBindingType": false
      },
      {
        "fieldName": "SolverExpediteWIP",
        "title": "W Solver Expedite WIP",
        "Description": "W Solver Expedite WIP",
        "type": "picklistDropdown",
        "selectionType": "single",
        "clearSearch": true,
        "source": "datasource",
        "key": "SolverExpediteWIP",
        "valueField": "W Solver Flag Expedite WIP",
        "textField": "W Solver Flag Expedite WIP",
        "visible": false,
        "isEditable": false,
        "cascadeFrom": "Version",
        "validation": {
          "maxLength": "0",
          "required": true
        },
        "select": "ALL",
        "overrideFieldBindingType": false
      },
      {
        "fieldName": "NoPeggings",
        "title": "No Peggings",
        "Description": "No Peggings",
        "type": "picklistDropdown",
        "selectionType": "single",
        "clearSearch": true,
        "select": "ALL",
        "source": "datasource",
        "key": "SolverNoPeggings",
        "valueField": "W Solver Flag No Peggings",
        "textField": "W Solver Flag No Peggings",
        "visible": false,
        "isEditable": false,
        "cascadeFrom": "Version",
        "validation": {
          "maxLength": "0",
          "required": true
        },
        "overrideFieldBindingType": false
      },
      {
        "fieldName": "SupplyCodePlan",
        "title": "Supply Code Plan",
        "Description": "Supply Code Plan",
        "type": "picklistDropdown",
        "selectionType": "single",
        "clearSearch": true,
        "select": "ALL",
        "source": "datasource",
        "key": "SolverSupplyCodePlan",
        "valueField": "W Solver Flag SupplyCode Plan",
        "textField": "W Solver Flag SupplyCode Plan",
        "visible": false,
        "isEditable": false,
        "cascadeFrom": "Version",
        "validation": {
          "maxLength": "0",
          "required": true
        },
        "overrideFieldBindingType": false
      },
      {
        "fieldName": "ShelfLifePlan",
        "title": "Shelf Life Plan",
        "Description": "Shelf Life Plan",
        "type": "picklistDropdown",
        "selectionType": "single",
        "clearSearch": true,
        "select": "ALL",
        "source": "datasource",
        "key": "SolverShelfLifePlan",
        "valueField": "W Solver Flag Shelf Life Plan",
        "textField": "W Solver Flag Shelf Life Plan",
        "visible": false,
        "isEditable": false,
        "cascadeFrom": "Version",
        "validation": {
          "maxLength": "0",
          "required": true
        },
        "overrideFieldBindingType": false
      },
      {
        "fieldName": "PlanDateHardPeg",
        "title": "Plan Date Hard Peg",
        "Description": "Plan Date Hard Peg",
        "type": "picklistDropdown",
        "selectionType": "single",
        "clearSearch": true,
        "select": "ALL",
        "source": "datasource",
        "key": "SolverPlanDateHardPeg",
        "valueField": "W Plan Date Hard Peg",
        "textField": "W Plan Date Hard Peg",
        "visible": false,
        "isEditable": false,
        "cascadeFrom": "Version",
        "validation": {
          "maxLength": "0",
          "required": true
        },
        "overrideFieldBindingType": false
      },
      {
        "fieldName": "MinTimeHardPeg",
        "title": "Min Time Hard Peg",
        "Description": "Min Time Hard Peg",
        "type": "picklistDropdown",
        "selectionType": "single",
        "clearSearch": true,
        "select": "ALL",
        "source": "datasource",
        "key": "SolverMinTimeHardPeg",
        "valueField": "W Min Time Hard Peg",
        "textField": "W Min Time Hard Peg",
        "visible": false,
        "isEditable": false,
        "cascadeFrom": "Version",
        "validation": {
          "maxLength": "0",
          "required": true
        },
        "overrideFieldBindingType": false
      },
      {
        "fieldName": "LatePlanStrategy",
        "title": "Late Plan Strategy",
        "Description": "Late Plan Strategy",
        "type": "string",
        "selectionType": "single",
        "clearSearch": true,
        "select": "ALL",
        "source": "datasource",
        "key": "SolverLatePlanStrategy",
        "valueField": "W Late Plan Strategy",
        "textField": "W Late Plan Strategy",
        "visible": false,
        "isEditable": false,
        "cascadeFrom": "Version",
        "validation": {
          "maxLength": "0",
          "required": true
        },
        "overrideFieldBindingType": false
      },
      {
        "fieldName": "DemandSliceThreshold",
        "title": "Demand Slice Threshold",
        "Description": "Demand Slice Threshold",
        "type": "picklistDropdown",
        "selectionType": "single",
        "clearSearch": true,
        "select": "ALL",
        "source": "datasource",
        "key": "SolverDemandSliceThreshold",
        "valueField": "W Solver Demand Slice Threshold",
        "textField": "W Solver Demand Slice Threshold",
        "visible": false,
        "isEditable": false,
        "cascadeFrom": "Version",
        "validation": {
          "maxLength": "0",
          "required": true
        },
        "overrideFieldBindingType": false
      },
      {
        "fieldName": "User",
        "title": "User",
        "type": "picklistDropdown",
        "selectionType": "single",
        "clearSearch": true,
        "select": "ALL",
        "source": "datasource",
        "key": "CurrentUser",
        "valueField": "Name",
        "textField": "Name",
        "visible": false,
        "isEditable": false,
        "validation": {
          "maxLength": "0",
          "required": true
        },
        "overrideFieldBindingType": false
      },
      {
        "fieldName": "ScenarioCount",
        "title": "Scenario Count",
        "type": "number",
        "selectionType": "single",
        "clearSearch": true,
        "select": "ALL",
        "source": "datasource",
        "key": "ScenarioCount",
        "valueField": "result",
        "textField": "result",
        "visible": false,
        "isEditable": false,
        "validation": {
          "maxLength": "0",
          "required": true
        },
        "overrideFieldBindingType": false
      },
      {
        "fieldName": "VersionCount",
        "title": "Version Count",
        "type": "number",
        "selectionType": "single",
        "clearSearch": true,
        "select": "ALL",
        "source": "datasource",
        "key": "VersionCount",
        "valueField": "result",
        "textField": "result",
        "visible": false,
        "isEditable": false,
        "validation": {
          "maxLength": "0",
          "required": true
        },
        "overrideFieldBindingType": false
      },
      {
        "fieldName": "ActionType",
        "title": "Action Type",
        "type": "string",
        "selectionType": "single",
        "clearSearch": true,
        "source": "literal",
        "defaultValue": "Constrained Plan + Exceptions Plan Weekly",
        "visible": false,
        "isEditable": false,
        "validation": {
          "maxLength": "0",
          "required": true
        }
      },
      {
        "fieldName": "Product",
        "title": "Product",
        "type": "string",
        "selectionType": "single",
        "clearSearch": true,
        "source": "literal",
        "defaultValue": "Master Planning",
        "visible": false,
        "isEditable": false,
        "validation": {
          "maxLength": "0",
          "required": true
        }
      },
      {
        "fieldName": "RunID",
        "title": "RunID",
        "type": "string",
        "selectionType": "single",
        "clearSearch": true,
        "select": "ALL",
        "source": "datasource",
        "key": "RunID",
        "valueField": "Name",
        "textField": "Name",
        "visible": false,
        "isEditable": false,
        "validation": {
          "maxLength": "0",
          "required": true
        },
        "cascadeFrom": "RunIDParent",
        "overrideFieldBindingType": false
      },
      {
        "fieldName": "RunIDParent",
        "title": "RunID Parent",
        "type": "picklistDropdown",
        "selectionType": "single",
        "clearSearch": true,
        "select": "ALL",
        "source": "datasource",
        "key": "RunIDParent",
        "valueField": "result",
        "textField": "result",
        "visible": false,
        "isEditable": false,
        "validation": {
          "maxLength": "0",
          "required": true
        },
        "overrideFieldBindingType": false
      },
      {
        "fieldName": "SkipSSForUnviableBuckets",
        "title": "Skip SS For Unviable Buckets",
        "Description": "Skip SS For Unviable Buckets",
        "type": "picklistDropdown",
        "selectionType": "single",
        "clearSearch": true,
        "select": "ALL",
        "source": "datasource",
        "key": "SolverSkipSSForUnviableBuckets",
        "valueField": "W Skip SS For Unviable Buckets",
        "textField": "W Skip SS For Unviable Buckets",
        "visible": false,
        "isEditable": false,
        "validation": {
          "maxLength": "0",
          "required": true
        },
        "cascadeFrom": "Version",
        "overrideFieldBindingType": false
      },
      {
        "fieldName": "DPAggPrefix",
        "title": "DPAggPrefix",
        "Description": "DPAggPrefix",
        "type": "string",
        "selectionType": "single",
        "clearSearch": true,
        "source": "literal",
        "defaultValue": "DPAggPrefix",
        "visible": false,
        "isEditable": false,
        "validation": {
          "maxLength": "0",
          "required": true
        }
      },
      {
        "fieldName": "DeploymentPlanAggDataObject",
        "title": "DataObject",
        "Description": "DataObject",
        "type": "string",
        "selectionType": "single",
        "clearSearch": true,
        "source": "literal",
        "defaultValue": "Deployment Plan Aggregation",
        "visible": false,
        "isEditable": false,
        "validation": {
          "maxLength": "0",
          "required": true
        }
      },
      {
        "fieldName": "DeploymentSourceVersion",
        "title": "DeploymentSourceVersion",
        "Description": "DeploymentSourceVersion",
        "type": "picklistDropdown",
        "selectionType": "single",
        "clearSearch": true,
        "source": "datasource",
        "key": "DeploymentSourceVersion",
        "valueField": "Supply Interaction Source Version Name",
        "textField": "Supply Interaction Source Version Name",
        "visible": false,
        "isEditable": false,
        "validation": {
          "maxLength": "0",
          "required": false
        },
        "overrideFieldBindingType": false
      },
      {
        "fieldName": "SourcingDataObject",
        "title": "DataObject",
        "type": "string",
        "selectionType": "single",
        "clearSearch": true,
        "source": "literal",
        "defaultValue": "Week To Month",
        "visible": false,
        "isEditable": false,
        "validation": {
          "maxLength": "0",
          "required": true
        }
      },
      {
        "fieldName": "Plan",
        "title": "Run Financial Plan",
        "type": "boolean",
        "clearSearch": true,
        "source": "literal",
        "defaultValue": false,
        "visible": true,
        "isEditable": true,
        "validation": {
          "maxLength": "0",
          "required": true
        }
      },
      {
        "fieldName": "EnableBTG",
        "title": "EnableBTG",
        "type": "picklist",
        "selectionType": "single",
        "clearSearch": true,
        "source": "datasource",
        "key": "EnableBTG",
        "valueField": "Param Value",
        "textField": "Param Value",
        "visible": false,
        "isEditable": false,
        "cascadeFrom": "Version",
        "validation": {
          "maxLength": "0",
          "required": false
        },
        "overrideFieldBindingType": false
      },
      {
        "fieldName": "Item",
        "title": "Item",
        "Description": "Item",
        "type": "picklistDropdown",
        "selectionType": "single",
        "clearSearch": true,
        "select": "ALL",
        "source": "localPicklist",
        "values": [
          {
            "Key": "AllDemandDetailItems",
            "Name": "AllDemandDetailItems"
          },
          {
            "Key": "AllDemandHeaderItems",
            "Name": "AllDemandHeaderItems"
          }
        ],
        "visible": true,
        "isEditable": true,
        "validation": {
          "maxLength": "0",
          "required": true
        }
      }
    ],
    "Range": [],
    "DataSources": [
      {
        "Name": "SolverEndingBucket",
        "IBPLRules": [
          {
            "template": "SELECT &SolverEndBucket.element(0);"
          }
        ],
        "JavascriptRules": [],
        "FieldBindings": [],
        "IncludeDSFieldsOnly": false
      },
      {
        "Name": "SolverStartingBucket",
        "IBPLRules": [
          {
            "template": "SELECT &SolverStartBucket.element(0);"
          }
        ],
        "JavascriptRules": [],
        "FieldBindings": [],
        "IncludeDSFieldsOnly": false
      },
      {
        "Name": "SolverDemandSliceFactor",
        "IBPLRules": [
          {
            "template": "Select ([Version].[Version Name]{{#filter Version}} * {Measure.[W Solver Demand Slice Factor]});"
          }
        ],
        "JavascriptRules": [],
        "FieldBindings": [],
        "IncludeDSFieldsOnly": false
      },
      {
        "Name": "SolverFlagAllowNOH",
        "IBPLRules": [
          {
            "template": "Select ([Version].[Version Name]{{#filter Version}} * {Measure.[W Solver Flag Allow NOH]});"
          }
        ],
        "JavascriptRules": [],
        "FieldBindings": [],
        "IncludeDSFieldsOnly": false
      },
      {
        "Name": "SolverFlagRespectFreezeWindowForWIPs",
        "IBPLRules": [
          {
            "template": "Select ([Version].[Version Name]{{#filter Version}} * {Measure.[W Solver Flag Respect Freeze Window For WIPs]});"
          }
        ],
        "JavascriptRules": [],
        "FieldBindings": [],
        "IncludeDSFieldsOnly": false
      },
      {
        "Name": "SolverFlagMinimizeInventoryBuildAhead",
        "IBPLRules": [
          {
            "template": "Select ([Version].[Version Name]{{#filter Version}} * {Measure.[W Solver Flag Minimize Inventory Build Ahead]});"
          }
        ],
        "JavascriptRules": [],
        "FieldBindings": [],
        "IncludeDSFieldsOnly": false
      },
      {
        "Name": "SolverFlagInventoryPlanType",
        "IBPLRules": [
          {
            "template": "Select ([Version].[Version Name]{{#filter Version}} * { (if    (Measure.[W Solver Flag Inventory Plan Type] == \"BOS_TO_QUANTITY\") then \"QUANTITY\" else Measure.[W Solver Flag Inventory Plan Type]) as Transient.[W Solver Flag Inventory Plan Type Modified]});"
          }
        ],
        "JavascriptRules": [],
        "FieldBindings": [],
        "IncludeDSFieldsOnly": false
      },
      {
        "Name": "SolverFlagInventoryPlanPolicy",
        "IBPLRules": [
          {
            "template": "Select ([Version].[Version Name]{{#filter Version}} * {Measure.[W Solver Flag Inventory Plan Policy]});"
          }
        ],
        "JavascriptRules": [],
        "FieldBindings": [],
        "IncludeDSFieldsOnly": false
      },
      {
        "Name": "SolverInventoryPlanBands",
        "IBPLRules": [
          {
            "template": "Select ([Version].[Version Name]{{#filter Version}} * {Measure.[W Solver Inventory Plan Bands]});"
          }
        ],
        "JavascriptRules": [],
        "FieldBindings": [],
        "IncludeDSFieldsOnly": false
      },
      {
        "Name": "SolverCurrentBucket",
        "IBPLRules": [
          {
            "template": "SELECT &SolverCurrentBucket.element(0);"
          }
        ],
        "JavascriptRules": [],
        "FieldBindings": [],
        "IncludeDSFieldsOnly": false
      },
      {
        "Name": "Now",
        "IBPLRules": [
          {
            "template": "Select NOW();"
          }
        ],
        "JavascriptRules": [],
        "FieldBindings": [],
        "IncludeDSFieldsOnly": false
      },
      {
        "Name": "SolverMaterialConstrained",
        "IBPLRules": [
          {
            "template": "Select ([Version].[Version Name]{{#filter Version}} * {Measure.[W Material Constrained]});"
          }
        ],
        "JavascriptRules": [],
        "FieldBindings": [],
        "IncludeDSFieldsOnly": false
      },
      {
        "Name": "SolverCapacityConstrained",
        "IBPLRules": [
          {
            "template": "Select ([Version].[Version Name]{{#filter Version}} * {Measure.[W Capacity Constrained]});"
          }
        ],
        "JavascriptRules": [],
        "FieldBindings": [],
        "IncludeDSFieldsOnly": false
      },
      {
        "Name": "SolverStorageConstrained",
        "IBPLRules": [
          {
            "template": "Select ([Version].[Version Name]{{#filter Version}} * {Measure.[W Storage Constrained]});"
          }
        ],
        "JavascriptRules": [],
        "IncludeDSFieldsOnly": false,
        "FieldBindings": []
      },
      {
        "Name": "SolverCapacityBandsToMinimizeLateness",
        "IBPLRules": [
          {
            "template": "Select ([Version].[Version Name]{{#filter Version}} * {Measure.[W Solver Capacity Bands To Minimize Lateness]});"
          }
        ],
        "JavascriptRules": [],
        "FieldBindings": [],
        "IncludeDSFieldsOnly": false
      },
      {
        "Name": "SolverDeleteData",
        "IBPLRules": [
          {
            "template": "Select ([Version].[Version Name]{{#filter Version}} * {Measure.[W Solver Delete Data]});"
          }
        ],
        "JavascriptRules": [],
        "FieldBindings": [],
        "IncludeDSFieldsOnly": false
      },
      {
        "Name": "SolverRun",
        "IBPLRules": [
          {
            "template": "Select ([Version].[Version Name]{{#filter Version}} * {Measure.[W Solver Run Type Flag]});"
          }
        ],
        "JavascriptRules": [],
        "FieldBindings": [],
        "IncludeDSFieldsOnly": false
      },
      {
        "Name": "SolverSSBuildAheadLimit",
        "IBPLRules": [
          {
            "template": "Select ([Version].[Version Name]{{#filter Version}} * {Measure.[W Solver SS Build Ahead Limit]});"
          }
        ],
        "JavascriptRules": [],
        "FieldBindings": [],
        "IncludeDSFieldsOnly": false
      },
      {
        "Name": "SolverFlagMinimizeNoCarryViolations",
        "IBPLRules": [
          {
            "template": "Select ([Version].[Version Name]{{#filter Version}} * {Measure.[W Solver Flag Minimize No Carry Violations]});"
          }
        ],
        "JavascriptRules": [],
        "FieldBindings": [],
        "IncludeDSFieldsOnly": false
      },
      {
        "Name": "SolverFlagTryMaterialReallocationInRCA",
        "IBPLRules": [
          {
            "template": "Select ([Version].[Version Name]{{#filter Version}} * {Measure.[W Solver Flag Try Material Reallocation In RCA]});"
          }
        ],
        "JavascriptRules": [],
        "FieldBindings": [],
        "IncludeDSFieldsOnly": false
      },
      {
        "Name": "SolverFlagInventoryPlanStrategy",
        "IBPLRules": [
          {
            "template": "Select ([Version].[Version Name]{{#filter Version}} * {Measure.[W Solver Flag Inventory Plan Strategy]});"
          }
        ],
        "JavascriptRules": [],
        "FieldBindings": [],
        "IncludeDSFieldsOnly": false
      },
      {
        "Name": "SolverDemandBuildAheadLimit",
        "IBPLRules": [
          {
            "template": "Select ([Version].[Version Name]{{#filter Version}} * {Measure.[W Global Demand Build Ahead Limit]});"
          }
        ],
        "JavascriptRules": [],
        "FieldBindings": [],
        "IncludeDSFieldsOnly": false
      },
      {
        "Name": "SolverDemandBuildLateLimit",
        "IBPLRules": [
          {
            "template": "Select ([Version].[Version Name]{{#filter Version}} * {Measure.[W Global Demand Build Late Limit]});"
          }
        ],
        "JavascriptRules": [],
        "FieldBindings": [],
        "IncludeDSFieldsOnly": false
      },
      {
        "Name": "SolverExpediteWIP",
        "IBPLRules": [
          {
            "template": "Select ([Version].[Version Name]{{#filter Version}} * {Measure.[W Solver Flag Expedite WIP]});"
          }
        ],
        "JavascriptRules": [],
        "FieldBindings": [],
        "IncludeDSFieldsOnly": false
      },
      {
        "Name": "SolverNoPeggings",
        "IBPLRules": [
          {
            "template": "Select ([Version].[Version Name]{{#filter Version}} * {Measure.[W Solver Flag No Peggings]});"
          }
        ],
        "JavascriptRules": [],
        "FieldBindings": [],
        "IncludeDSFieldsOnly": false
      },
      {
        "Name": "SolverSupplyCodePlan",
        "IBPLRules": [
          {
            "template": "Select ([Version].[Version Name]{{#filter Version}} * {Measure.[W Solver Flag SupplyCode Plan]});"
          }
        ],
        "JavascriptRules": [],
        "FieldBindings": [],
        "IncludeDSFieldsOnly": false
      },
      {
        "Name": "SolverShelfLifePlan",
        "IBPLRules": [
          {
            "template": "Select ([Version].[Version Name]{{#filter Version}} * {Measure.[W Solver Flag Shelf Life Plan]});"
          }
        ],
        "JavascriptRules": [],
        "FieldBindings": [],
        "IncludeDSFieldsOnly": false
      },
      {
        "Name": "SolverPlanDateHardPeg",
        "IBPLRules": [
          {
            "template": "Select ([Version].[Version Name]{{#filter Version}} * {Measure.[W Plan Date Hard Peg]});"
          }
        ],
        "JavascriptRules": [],
        "FieldBindings": [],
        "IncludeDSFieldsOnly": false
      },
      {
        "Name": "SolverMinTimeHardPeg",
        "IBPLRules": [
          {
            "template": "Select ([Version].[Version Name]{{#filter Version}} * {Measure.[W Min Time Hard Peg]});"
          }
        ],
        "JavascriptRules": [],
        "FieldBindings": [],
        "IncludeDSFieldsOnly": false
      },
      {
        "Name": "SolverLatePlanStrategy",
        "IBPLRules": [
          {
            "template": "Select ([Version].[Version Name]{{#filter Version}} * {Measure.[W Late Plan Strategy]});"
          }
        ],
        "JavascriptRules": [],
        "FieldBindings": [],
        "IncludeDSFieldsOnly": false
      },
      {
        "Name": "SolverDemandSliceThreshold",
        "IBPLRules": [
          {
            "template": "Select ([Version].[Version Name]{{#filter Version}} * {Measure.[W Solver Demand Slice Threshold]});"
          }
        ],
        "JavascriptRules": [],
        "FieldBindings": [],
        "IncludeDSFieldsOnly": false
      },
      {
        "Name": "CurrentUser",
        "IBPLRules": [
          {
            "template": "Select CurrentUser();"
          }
        ],
        "JavascriptRules": [],
        "FieldBindings": [],
        "IncludeDSFieldsOnly": false
      },
      {
        "Name": "RunID",
        "IBPLRules": [
          {
            "template": "createmember ([Action].[RunID]={,\"{{RunIDParent}}-{{ActionType}}\"});"
          }
        ],
        "JavascriptRules": [],
        "FieldBindings": [],
        "IncludeDSFieldsOnly": false
      },
      {
        "Name": "ScenarioCount",
        "IBPLRules": [
          {
            "template": "Select ([Version].[Version Name].filter(#.Key <=0).count);"
          }
        ],
        "JavascriptRules": [],
        "FieldBindings": [],
        "IncludeDSFieldsOnly": false
      },
      {
        "Name": "VersionCount",
        "IBPLRules": [
          {
            "template": "Select ([Version].[Version Name].filter(#.Key >=0).count);"
          }
        ],
        "JavascriptRules": [],
        "FieldBindings": [],
        "IncludeDSFieldsOnly": false
      },
      {
        "Name": "RunIDParent",
        "IBPLRules": [
          {
            "template": "select NextLabel([RunID Parent]);"
          }
        ],
        "JavascriptRules": [],
        "FieldBindings": [],
        "IncludeDSFieldsOnly": false
      },
      {
        "Name": "SolverSkipSSForUnviableBuckets",
        "IBPLRules": [
          {
            "template": "Select ([Version].[Version Name]{{#filter Version}} * {Measure.[W Skip SS For Unviable Buckets]});"
          }
        ],
        "JavascriptRules": [],
        "FieldBindings": [],
        "IncludeDSFieldsOnly": false
      },
      {
        "Name": "DeploymentSourceVersion",
        "IBPLRules": [
          {
            "template": "Select ([DM Rule].[Rule].[Rule_01] * [Data Object].[Data Object].[Deployment Plan Aggregation] * &CWV ) on row, \n({Measure.[Supply Interaction Source Version Name]}) on column;"
          }
        ],
        "JavascriptRules": [],
        "IncludeDSFieldsOnly": false,
        "FieldBindings": []
      },
      {
        "Name": "EnableBTG",
        "IBPLRules": [
          {
            "template": "Select ([Version].[Version Name]{{#filter Version}} ) on row, ({(if(coalesce(Measure.[W BTG Enable Report],false) == true) then \"true\" else \"false\") as transient.[Param Value]}) on column;"
          }
        ],
        "JavascriptRules": [],
        "IncludeDSFieldsOnly": false,
        "FieldBindings": []
      }
    ],
    "AutoExecute": false,
    "isAsync": true,
    "hasMembersUpdates": false,
    "Compact": true,
    "TwoColumn": true,
    "IsGlobalForExcelAddIn": false,
    "ExcludeFromNavLink": false,
    "FilterFieldBindings": [],
    "enableTransaction": false
  },
  "Widget": null,
  "Roles": []
}