{
  "AttributeName": "CDT10",
  "AttributeId": "ac78d0cf-9c81-03c4-50d2-5f0146710bff",
  "AttributeHierarchyEnabled": true,
  "IsKey": false,
  "Description": "Placeholder consumer decision tree attribute",
  "OrderBy": "Key",
  "KeyColumnName": "CDT10Key",
  "NameColumnName": "CDT10Name",
  "KeyColumnDataType": "integer",
  "SeedTags": false,
  "KeyGenerationType": "Auto",
  "PickListName": null,
  "ConfigJson": {
    "ShowFilterAs": "TileView",
    "MemberDisplayNameEditable": true,
    "IsMultipleImage": false,
    "MemberDisplayColor": false
  },
  "FormatString": null,
  "Translation": null,
  "Aliases": [],
  "ApiName": null,
  "ApiDisabled": false,
  "FgColorFormula": "",
  "BgColorFormula": "",
  "IsReservedBySystem": false
}