{
  "ModuleId": "c928002a-6e25-4e69-af62-e9065f3a8b31",
  "ModuleName": "o9 Retail Assortment Sales and Buy Plan",
  "Description": "Retail Assortment Sales and Buy Plan",
  "URL": "https://dev.azure.com/o9git/ec07b4e6-de11-4c3d-988e-d2ed5a5a28e9/_apis/git/repositories/c928002a-6e25-4e69-af62-e9065f3a8b31",
  "ParentModule": null,
  "Dependencies": null,
  "Type": "Regular",
  "Category": null,
  "Project": {
    "Id": "ec07b4e6-de11-4c3d-988e-d2ed5a5a28e9",
    "Name": "RefDev",
    "Url": "https://dev.azure.com/o9git/_apis/projects/ec07b4e6-de11-4c3d-988e-d2ed5a5a28e9"
  },
  "VersionType": "branch",
  "Version": null,
  "IsReadOnlyModule": false,
  "CreatorEmail": "janhavi.sunil@o9solutions.com",
  "CreationTime": "2023-07-31T05:13:33.0789168+00:00",
  "IsMergedModule": false,
  "MergedModuleParentModule": null,
  "IsSolutionBlock": false,
  "NameSpace": ""
}