{
  "ModuleId": "eb48e7fa-4ec8-45bf-a965-ccd035a00872",
  "ModuleName": "o9 Retail Assortment Options Strategy",
  "Description": "Retail Assortment Options Strategy",
  "URL": "https://dev.azure.com/o9git/ec07b4e6-de11-4c3d-988e-d2ed5a5a28e9/_apis/git/repositories/eb48e7fa-4ec8-45bf-a965-ccd035a00872",
  "ParentModule": null,
  "Dependencies": null,
  "Type": "Regular",
  "Category": null,
  "Project": {
    "Id": "ec07b4e6-de11-4c3d-988e-d2ed5a5a28e9",
    "Name": "RefDev",
    "Url": "https://dev.azure.com/o9git/_apis/projects/ec07b4e6-de11-4c3d-988e-d2ed5a5a28e9"
  },
  "VersionType": "branch",
  "Version": null,
  "IsReadOnlyModule": false,
  "CreatorEmail": "janhavi.sunil@o9solutions.com",
  "CreationTime": "2023-07-31T05:14:43.3327949+00:00",
  "IsMergedModule": false,
  "MergedModuleParentModule": null,
  "IsSolutionBlock": false,
  "NameSpace": ""
}