{
  "Name": "SeedAttrPlan",
  "Description": "Seed Attribute Plan",
  "ActionButtonId": "76a9bce8-7290-5380-dafc-6e6df0d9c930",
  "Tooltip": "Seed Attribute Plan",
  "ActionButtonType": "Widget",
  "Alignment": "right",
  "IsPopOver": true,
  "IsGlobal": true,
  "ActionClickHandler": null,
  "Icon": null,
  "Image": null,
  "ConfigJson": {
    "DisplayName": "Seed Plan",
    "icon": "arrow-circle-o-right",
    "SubmitButton": {
      "Label": "Submit"
    },
    "ResetButton": {
      "Label": "Reset"
    },
    "CloseButton": {
      "Label": "Close",
      "ConfirmMessage": "Unsaved changes will be lost. Continue?"
    },
    "NotifyRoles": false,
    "NotifyAll": false,
    "IBPLRules": [],
    "JavascriptRules": [
      {
        "modulename": "o9.referencemodelretailmfp.SeedAttr",
        "functionname": "SeedAttr"
      }
    ],
    "FieldBindings": [
      {
        "fieldName": "Version",
        "title": "Version",
        "Description": "Version",
        "type": "picklistDropdown",
        "clearSearch": true,
        "source": "filter",
        "DimensionName": "Version",
        "LevelAttributeName": "Version Name",
        "visible": true,
        "isEditable": false,
        "validation": {
          "maxLength": "0",
          "required": true
        },
        "selectionType": "single"
      },
      {
        "fieldName": "Select",
        "title": "Select Seed Option",
        "Description": "Select Seed Option",
        "type": "picklistDropdown",
        "selectionType": "single",
        "clearSearch": true,
        "source": "localPicklist",
        "values": [
          {
            "Key": "1",
            "Name": "LY"
          },
          {
            "Key": "2",
            "Name": "LLY"
          },
          {
            "Key": "3",
            "Name": "LLLY"
          },
          {
            "Key": "6",
            "Name": "Weighted"
          }
        ],
        "visible": true,
        "isEditable": true,
        "validation": {
          "maxLength": "0",
          "required": true
        },
        "valueField": "Key"
      },
      {
        "fieldName": "Class",
        "title": "Class",
        "Description": "Class",
        "type": "picklistDropdown",
        "selectionType": "multiple",
        "clearSearch": true,
        "source": "filter",
        "DimensionName": "Item",
        "LevelAttributeName": "L3",
        "visible": true,
        "isEditable": true,
        "validation": {
          "maxLength": "0",
          "required": true
        }
      },
      {
        "fieldName": "ProductAttributeGroup",
        "title": "Product Attribute Group",
        "Description": "Product Attribute Group",
        "type": "picklistDropdown",
        "selectionType": "multiple",
        "clearSearch": true,
        "select": "ALL",
        "source": "datasource",
        "key": "ProdAG",
        "valueField": "Product Attribute Group",
        "textField": "Product Attribute Group",
        "overrideFieldBindingType": false,
        "visible": false,
        "isEditable": false,
        "cascadeFrom": "Class",
        "validation": {
          "maxLength": "0",
          "required": true
        }
      },
      {
        "fieldName": "Attribute1",
        "title": "Attribute 1",
        "Description": "Attribute 1",
        "type": "picklist",
        "selectionType": "multiple",
        "clearSearch": true,
        "select": "ALL",
        "source": "datasource",
        "key": "PAG1",
        "valueField": "Attribute1",
        "textField": "Attribute1",
        "overrideFieldBindingType": false,
        "visible": false,
        "isEditable": false,
        "cascadeFrom": "Class",
        "validation": {
          "maxLength": "0",
          "required": true
        }
      },
      {
        "fieldName": "Attribute2",
        "title": "Attribute 2",
        "Description": "Attribute 2",
        "type": "picklistTextOnly",
        "clearSearch": true,
        "select": "ALL",
        "source": "datasource",
        "key": "PAG2",
        "valueField": "Attribute2",
        "textField": "Attribute2",
        "overrideFieldBindingType": false,
        "visible": false,
        "isEditable": false,
        "cascadeFrom": "Class",
        "validation": {
          "maxLength": "0",
          "required": true
        }
      },
      {
        "fieldName": "Channel",
        "title": "Channel",
        "Description": "Channel",
        "type": "picklistDropdown",
        "clearSearch": true,
        "source": "filter",
        "DimensionName": "Sales Domain",
        "LevelAttributeName": "Sales Planning Channel",
        "visible": true,
        "isEditable": true,
        "validation": {
          "maxLength": "0",
          "required": true
        }
      },
      {
        "fieldName": "Market",
        "title": "Market",
        "Description": "Market",
        "type": "picklistDropdown",
        "clearSearch": true,
        "source": "filter",
        "DimensionName": "Location",
        "LevelAttributeName": "Location Country",
        "visible": true,
        "isEditable": true,
        "validation": {
          "maxLength": "0",
          "required": true
        }
      },
      {
        "fieldName": "Quarter",
        "title": "Quarter",
        "Description": "Quarter",
        "type": "picklistDropdown",
        "selectionType": "multiple",
        "clearSearch": true,
        "source": "filter",
        "DimensionName": "Time",
        "LevelAttributeName": "Planning Quarter",
        "visible": true,
        "isEditable": true,
        "validation": {
          "maxLength": "0",
          "required": true
        }
      },
      {
        "fieldName": "SellingSeason",
        "title": "Selling Season",
        "Description": "Selling Season",
        "type": "picklistDropdown",
        "selectionType": "multiple",
        "clearSearch": true,
        "source": "filter",
        "DimensionName": "Selling Season",
        "LevelAttributeName": "Selling Season",
        "visible": true,
        "isEditable": true,
        "validation": {
          "maxLength": "0",
          "required": true
        }
      }
    ],
    "Range": [],
    "DataSources": [
      {
        "Name": "ProdAG",
        "IBPLRules": [
          {
            "template": "Select ([Product Attribute Group].[Product Attribute Group] * [Version].[Version Name]{{#filter Version}} * [Item].[L3]{{#filter Class}} ) on row, \n({Measure.[Style Color PAG Association]}) on column;"
          }
        ],
        "JavascriptRules": [],
        "IncludeDSFieldsOnly": false,
        "FieldBindings": []
      },
      {
        "Name": "PAG1",
        "IBPLRules": [
          {
            "template": "Select ([Product Attribute Group].[Attribute1] * [Version].[Version Name]{{#filter Version}} * [Item].[L3]{{#filter Class}} ) on row, \n({Measure.[Style Color PAG Association]}) on column;"
          }
        ],
        "JavascriptRules": [],
        "IncludeDSFieldsOnly": false,
        "FieldBindings": []
      },
      {
        "Name": "PAG2",
        "IBPLRules": [
          {
            "template": "Select ([Product Attribute Group].[Attribute2] * [Version].[Version Name]{{#filter Version}} * [Item].[L3]{{#filter Class}} ) on row, \n({Measure.[Style Color PAG Association]}) on column;"
          }
        ],
        "JavascriptRules": [],
        "IncludeDSFieldsOnly": false,
        "FieldBindings": []
      }
    ],
    "AutoExecute": false,
    "isAsync": true,
    "hasMembersUpdates": false,
    "Compact": true,
    "TwoColumn": false,
    "IsGlobalForExcelAddIn": false,
    "ReturnFilterByUpdate": false,
    "ExcludeFromNavLink": false,
    "FilterFieldBindings": [],
    "enableTransaction": false
  },
  "Widget": null,
  "Roles": []
}