{
  "MeasureName": "o9EKG Lookup To Value",
  "MeasureId": "0dc3ae54-49d9-c553-036e-57a9111c0fdc",
  "MeasureDescription": "o9EKG Lookup To Value",
  "DataType": "string",
  "MeasureType": "Regular",
  "AggregateFunction": "Sum",
  "FormatString": "#,##0;(#,##0)",
  "MeasureColumnName": "o9EKGLookupToValue",
  "MeasureFormula": "",
  "IsEditable": true,
  "ApplyConversion": false,
  "ConversionFormula": "",
  "PickListName": null,
  "BgColorFormula": " IF(Measure.[o9EKG Lookup To Value]==\"<NULL>\") then argb( 1,241, 182, 133)",
  "FgColorFormula": "",
  "TrendFormula": "",
  "FormattingViewModel": "[\r\n  {\r\n    \"BGCOLOR\": \"argb(1,241,182,133)\",\r\n    \"Condition\": \"Measure.[o9EKG Lookup To Value]==\\\"<NULL>\\\"\"\r\n  }\r\n]",
  "ParentMeasureName": null,
  "AssociationMeasure": false,
  "IsComputedByPlanningService": false,
  "ToolTip": "o9EKG Lookup To Value",
  "ConfigJson": {},
  "ApiName": null,
  "ApiDisabled": false,
  "IsReportingMeasure": false,
  "MeasureConditionalFormulaProperties": [
    {
      "MeasureName": null,
      "ConditionalFormula": "Measure.[o9EKG Lookup To Value]==\"<NULL>\"",
      "BGCOLOR": "argb(1,241,182,133)",
      "LegendText": "",
      "DisplayOrder": 0
    }
  ],
  "PicklistSource": null
}