{
  "MeasureGroupName": "DBNS Validity",
  "MeasureGroupId": "9cfa5568-ef13-97e1-9f43-cbcd6d9d431d",
  "ParentMeasureGroupName": null,
  "HasShadow": false,
  "MeasureGroupDescription": "Measures specifying the validity of restricted path for demand fulfillment",
  "MeasureGroupType": "Regular",
  "FactTableName": "FactDBNSValidity",
  "SchemaMajorVersion": 0,
  "ConfigJson": {},
  "ApiName": null,
  "Repartition": false,
  "Unpartition": false,
  "ApiEnabled": false,
  "DimensionUsages": [
    {
      "DimensionName": "Version",
      "AttributeName": "Version Name",
      "SortOrder": 0,
      "DimensionType": null
    },
    {
      "DimensionName": "Sales Domain",
      "AttributeName": "Customer Group",
      "SortOrder": 1,
      "DimensionType": "Regular"
    },
    {
      "DimensionName": "Item",
      "AttributeName": "Item",
      "SortOrder": 2,
      "DimensionType": "Regular"
    },
    {
      "DimensionName": "Location",
      "AttributeName": "Location",
      "SortOrder": 3,
      "DimensionType": "Regular"
    },
    {
      "DimensionName": "To Item",
      "AttributeName": "To Item",
      "SortOrder": 5,
      "DimensionType": "Regular"
    }
  ]
}