{
  "LabelId": "c3d26dde-4ef0-9e16-ee0a-eee7952c72b1",
  "LabelName": "1b3a34dd-6319-44a3-be94-13344769866a",
  "LabelDescription": "Inverse Rule to Calculate End Date based on Duration and vice versa",
  "Position": 1.0,
  "RuleGroupType": "Regular",
  "IgnoreErrors": false,
  "HasErrors": false,
  "ErrorMessage": null,
  "ScopeExpression": {
    "AttributeMemberScopes": [
      {
        "FilterExpression": "&CWVAndScenarios"
      },
      {
        "FilterExpression": "&APStyleColors"
      },
      {
        "FilterExpression": "&APCountries"
      },
      {
        "FilterExpression": "&APChannels"
      },
      {
        "FilterExpression": "&APSellingSeasons"
      }
    ]
  },
  "InverseRuleGroupSets": [
    {
      "SetId": "765495c1-1c95-84a4-5030-a5ed28d87894",
      "Name": "5c1d5993-ae59-4ac7-9d80-cbcc60632d07",
      "Description": "",
      "IsEnabled": true,
      "InverseRuleGroups": [
        {
          "GroupId": "fb536a85-f845-640f-fbd8-bebf661d26db",
          "Name": "9ea2b867-af85-4b97-bf99-fce727d50384",
          "Description": "",
          "Priority": 1.0,
          "IsEnabled": true,
          "InverseRules": [
            {
              "RuleId": "a4c58843-e339-63d1-1033-a2803f3e93a2",
              "Name": "a307a629-d50f-405a-b6da-e2416183358d",
              "RuleText": "Measure.[End Week SC LC]=DateADD(Measure.[Start Week SC LC],Measure.[Duration SC LC],\"week\")",
              "Priority": 1.0,
              "IsEnabled": true
            },
            {
              "RuleId": "fbcb81d0-f77e-305b-21ed-7abe7fe6d7fb",
              "Name": "48983410-61f5-44b0-ab10-c8f02dd06329",
              "RuleText": "Measure.[Duration SC LC]=DateDiff(Measure.[Start Week SC LC],Measure.[End Week SC LC],\"week\")",
              "Priority": 2.0,
              "IsEnabled": true
            }
          ]
        }
      ]
    }
  ]
}