{
  "Name": "o9EKGAddCustomFieldPrefix",
  "Description": "Add Custom Field Prefix",
  "ActionButtonId": "a4057bec-ff67-dacf-6756-7093773e0941",
  "Tooltip": "Add Custom Field Prefix",
  "ActionButtonType": "Widget",
  "Alignment": "right",
  "IsPopOver": true,
  "IsGlobal": true,
  "ActionClickHandler": null,
  "Icon": null,
  "Image": null,
  "ConfigJson": {
    "icon": "plus-square-o",
    "SubmitButton": {
      "Label": "Submit",
      "SuccessMessage": "Custom Field ID Prefix is added successfully!"
    },
    "ResetButton": {
      "Label": "Reset"
    },
    "CloseButton": {
      "Label": "Close",
      "ConfirmMessage": "Unsaved changes will be lost. Continue?"
    },
    "NotifyRoles": false,
    "NotifyAll": false,
    "IBPLRules": [],
    "JavascriptRules": [
      {
        "modulename": "o9.EKG.validateCustomFieldID",
        "functionname": "validateCustomFieldID"
      }
    ],
    "FieldBindings": [
      {
        "fieldName": "Project",
        "title": "Project",
        "type": "picklistDropdown",
        "selectionType": "single",
        "clearSearch": true,
        "source": "filter",
        "DimensionName": "o9EKG Customer",
        "LevelAttributeName": "Project Name",
        "visible": false,
        "isEditable": false,
        "validation": {
          "maxLength": "0",
          "required": true
        }
      },
      {
        "fieldName": "CustomFieldPrefix",
        "title": "Field ID Prefix",
        "type": "string",
        "clearSearch": true,
        "source": "literal",
        "visible": true,
        "isEditable": true,
        "validation": {
          "maxLength": 15,
          "required": true
        }
      }
    ],
    "Range": [],
    "DataSources": [],
    "AutoExecute": false,
    "isAsync": false,
    "hasMembersUpdates": true,
    "Compact": false,
    "TwoColumn": false,
    "IsGlobalForExcelAddIn": false,
    "ReturnFilterByUpdate": false,
    "ExcludeFromNavLink": false,
    "FilterFieldBindings": []
  },
  "Widget": null,
  "Roles": [
    "EKG_Intg_Arch",
    "EKG_PM",
    "EKG_SA",
    "EKG_PMM_DI"
  ]
}