{
  "Name": "711GenerateCMLBacktestL1",
  "Description": "Generate CML Backtest L1",
  "ActionButtonId": "84f1b075-914d-4d3a-a4b4-a7e85c99c0aa",
  "Tooltip": "Generate CML Backtest L1",
  "ActionButtonType": "Widget",
  "Alignment": "right",
  "IsPopOver": true,
  "IsGlobal": true,
  "ActionClickHandler": null,
  "Icon": null,
  "Image": null,
  "ConfigJson": {
    "icon": "step-backward",
    "SubmitButton": {
      "Label": "Submit",
      "ProgressMessage": "Executing...",
      "SuccessMessage": "Successfully Executed.",
      "ErrorMessage": "Error in Execution.",
      "ConfirmMessage": "Are you sure you want to go ahead with the changes?"
    },
    "ResetButton": {
      "Label": "Reset"
    },
    "CloseButton": {
      "Label": "Close",
      "ConfirmMessage": "Unsaved changes will be lost. Continue?"
    },
    "NotifyAll": false,
    "IBPLRules": [
      {
        "template": "{{#if HistoryBucketW}}\nexec procedure o9DP511StatCMLBacktestW{\"VersionName\" : [{{#csv VersionName}}],\"ForecastIteration\":\"{{ForecastIteration}}\", \"BackTestCyclePeriod\":\"{{BackTestCyclePeriod}}\"};\n{{/if}}\n{{#if HistoryBucketM}}\nexec procedure o9DP511StatCMLBacktestM{\"VersionName\" : [{{#csv VersionName}}],\"ForecastIteration\":\"{{ForecastIteration}}\", \"BackTestCyclePeriod\":\"{{BackTestCyclePeriod}}\"};\n{{/if}}\n{{#if HistoryBucketPM}}\nexec procedure o9DP511StatCMLBacktestPM{\"VersionName\" : [{{#csv VersionName}}],\"ForecastIteration\":\"{{ForecastIteration}}\", \"BackTestCyclePeriod\":\"{{BackTestCyclePeriod}}\"};\n{{/if}}\n{{#if HistoryBucketQ}}\nexec procedure o9DP511StatCMLBacktestQ{\"VersionName\" : [{{#csv VersionName}}],\"ForecastIteration\":\"{{ForecastIteration}}\", \"BackTestCyclePeriod\":\"{{BackTestCyclePeriod}}\"};\n{{/if}}\n{{#if HistoryBucketPQ}}\nexec procedure o9DP511StatCMLBacktestPQ{\"VersionName\" : [{{#csv VersionName}}],\"ForecastIteration\":\"{{ForecastIteration}}\", \"BackTestCyclePeriod\":\"{{BackTestCyclePeriod}}\"};\n{{/if}}"
      }
    ],
    "JavascriptRules": [],
    "FieldBindings": [
      {
        "fieldName": "Information",
        "title": "Information",
        "Description": "Information",
        "type": "info",
        "clearSearch": true,
        "source": "literal",
        "defaultValue": "Please click on \"Submit\" to generate back test at stat level",
        "visible": true,
        "isEditable": true,
        "validation": {
          "maxLength": "0",
          "required": true
        }
      },
      {
        "fieldName": "MediumWeight",
        "title": "Medium Weight Run",
        "Description": "Enable plugin run in Medium Weight execution mode (suitable for small scope).",
        "type": "boolean",
        "fieldGroup": "Execution Mode",
        "selectionType": "single",
        "clearSearch": true,
        "source": "literal",
        "defaultValue": false,
        "visible": true,
        "isEditable": true,
        "validation": {
          "maxLength": "0",
          "required": true
        }
      },
      {
        "fieldName": "VersionName",
        "title": "Version Name",
        "Description": "Version Name",
        "type": "picklist",
        "selectionType": "multiple",
        "clearSearch": true,
        "source": "filter",
        "DimensionName": "Version",
        "LevelAttributeName": "Version Name",
        "visible": true,
        "isEditable": true,
        "validation": {
          "maxLength": "0",
          "required": true
        }
      },
      {
        "fieldName": "ForecastIteration",
        "title": "Forecast Iteration",
        "Description": "Forecast Iteration",
        "type": "picklist",
        "fieldGroup": "Forecast Iteration",
        "selectionType": "single",
        "clearSearch": true,
        "source": "datasource",
        "key": "DSForecastIteration",
        "valueField": "Name",
        "textField": "DisplayName",
        "overrideFieldBindingType": false,
        "visible": true,
        "isEditable": true,
        "cascadeFrom": "ForecastIterationType",
        "validation": {
          "maxLength": "0",
          "required": true
        }
      },
      {
        "fieldName": "ForecastIterationType",
        "title": "Forecast Iteration Type",
        "Description": "Forecast Iteration Type",
        "type": "picklist",
        "fieldGroup": "Forecast Iteration",
        "selectionType": "single",
        "clearSearch": true,
        "source": "members",
        "DimensionName": "Forecast Iteration",
        "LevelAttributeName": "Forecast Iteration Type",
        "visible": true,
        "isEditable": true,
        "validation": {
          "maxLength": "0",
          "required": true
        }
      },
      {
        "fieldName": "HistoryBucketW",
        "title": "HistoryBucketW",
        "Description": "HistoryBucketW",
        "type": "boolean",
        "selectionType": "single",
        "clearSearch": true,
        "select": "ALL",
        "source": "datasource",
        "key": "HistoryBucketW",
        "valueField": "Forecast Generation Time Bucket Week",
        "textField": "Forecast Generation Time Bucket Week",
        "overrideFieldBindingType": false,
        "visible": true,
        "isEditable": true,
        "validation": {
          "maxLength": "0",
          "required": true
        },
        "fieldGroup": "Forecast Generation Time Bucket ",
        "defaultValue": false
      },
      {
        "fieldName": "HistoryBucketM",
        "title": "HistoryBucketM",
        "Description": "HistoryBucketM",
        "type": "boolean",
        "selectionType": "single",
        "clearSearch": true,
        "select": "ALL",
        "source": "datasource",
        "key": "HistoryBucketM",
        "valueField": "Forecast Generation Time Bucket Month",
        "textField": "Forecast Generation Time Bucket Month",
        "overrideFieldBindingType": false,
        "visible": true,
        "isEditable": true,
        "cascadeFrom": "ForecastIteration",
        "validation": {
          "maxLength": "0",
          "required": true
        },
        "fieldGroup": "Forecast Generation Time Bucket ",
        "defaultValue": false
      },
      {
        "fieldName": "HistoryBucketPM",
        "title": "HistoryBucketPM",
        "Description": "HistoryBucketPM",
        "type": "boolean",
        "selectionType": "single",
        "clearSearch": true,
        "select": "ALL",
        "source": "datasource",
        "key": "HistoryBucketPM",
        "valueField": "Forecast Generation Time Bucket Planning Month",
        "textField": "Forecast Generation Time Bucket Planning Month",
        "overrideFieldBindingType": false,
        "visible": true,
        "isEditable": true,
        "validation": {
          "maxLength": "0",
          "required": true
        },
        "fieldGroup": "Forecast Generation Time Bucket ",
        "defaultValue": false
      },
      {
        "fieldName": "HistoryBucketQ",
        "title": "HistoryBucketQ",
        "Description": "HistoryBucketQ",
        "type": "boolean",
        "selectionType": "single",
        "clearSearch": true,
        "select": "ALL",
        "source": "datasource",
        "key": "HistoryBucketQ",
        "valueField": "Forecast Generation Time Bucket Quarter",
        "textField": "Forecast Generation Time Bucket Quarter",
        "overrideFieldBindingType": false,
        "visible": true,
        "isEditable": true,
        "validation": {
          "maxLength": "0",
          "required": true
        },
        "fieldGroup": "Forecast Generation Time Bucket ",
        "defaultValue": false
      },
      {
        "fieldName": "HistoryBucketPQ",
        "title": "HistoryBucketPQ",
        "Description": "HistoryBucketPQ",
        "type": "boolean",
        "selectionType": "single",
        "clearSearch": true,
        "select": "ALL",
        "source": "datasource",
        "key": "HistoryBucketPQ",
        "valueField": "Forecast Generation Time Bucket Planning Quarter",
        "textField": "Forecast Generation Time Bucket Planning Quarter",
        "overrideFieldBindingType": false,
        "visible": true,
        "isEditable": true,
        "validation": {
          "maxLength": "0",
          "required": true
        },
        "fieldGroup": "Forecast Generation Time Bucket ",
        "defaultValue": false
      },
      {
        "fieldName": "ForecastingBucket",
        "title": "Forecast Generation Bucket",
        "Description": "Forecast Generation Bucket",
        "type": "combobox",
        "fieldGroup": "Generation Time Bucket",
        "selectionType": "single",
        "clearSearch": true,
        "select": "ALL",
        "source": "datasource",
        "key": "ForecastGenerationBucket",
        "valueField": "Forecast Generation Time Bucket",
        "textField": "Forecast Generation Time Bucket",
        "overrideFieldBindingType": false,
        "visible": true,
        "isEditable": true,
        "cascadeFrom": "ForecastIteration",
        "validation": {
          "maxLength": "0",
          "required": true
        }
      },
      {
        "fieldName": "BackTestCyclePeriod",
        "title": "BackTest Cycles",
        "Description": "Öffset from selected planning cycles",
        "type": "string",
        "fieldGroup": "Backtest Params",
        "clearSearch": true,
        "source": "literal",
        "defaultValue": "2,4,6",
        "visible": true,
        "isEditable": true,
        "validation": {
          "maxLength": "0",
          "required": true
        }
      },
      {
        "fieldName": "BacktestRefit",
        "title": "Backtest Refit",
        "Description": "Whether refit of model required during all the backtest cycles",
        "type": "boolean",
        "fieldGroup": "Backtest Params",
        "clearSearch": true,
        "source": "literal",
        "defaultValue": true,
        "visible": true,
        "isEditable": true,
        "validation": {
          "maxLength": "0",
          "required": true
        }
      },
      {
        "fieldName": "LagList",
        "title": "CML Lag List",
        "Description": "Comma, separated list of lags",
        "type": "combobox",
        "fieldGroup": "CML Parameters",
        "clearSearch": true,
        "source": "datasource",
        "key": "LagList",
        "valueField": "CML Iteration Lag List",
        "textField": "CML Iteration Lag List",
        "overrideFieldBindingType": false,
        "visible": true,
        "isEditable": true,
        "cascadeFrom": "ForecastIteration",
        "validation": {
          "maxLength": "0",
          "required": true
        }
      },
      {
        "fieldName": "Slicing",
        "title": "CML Slicing Level",
        "Description": "Determines how data will be sliced in subsets to benefit from group modeling",
        "type": "combobox",
        "fieldGroup": "CML Parameters",
        "selectionType": "single",
        "clearSearch": true,
        "source": "datasource",
        "key": "Slicing",
        "valueField": "CML Iteration Slice Level",
        "textField": "CML Iteration Slice Level",
        "overrideFieldBindingType": false,
        "visible": true,
        "isEditable": true,
        "cascadeFrom": "ForecastIteration",
        "validation": {
          "maxLength": "0",
          "required": true
        }
      },
      {
        "fieldName": "Leaves",
        "title": "CML Leaves",
        "Description": "Tree model related parameter",
        "type": "combobox",
        "fieldGroup": "CML Parameters",
        "clearSearch": true,
        "source": "datasource",
        "key": "Leaves",
        "valueField": "CML Iteration Leaves",
        "textField": "CML Iteration Leaves",
        "overrideFieldBindingType": false,
        "visible": true,
        "isEditable": true,
        "cascadeFrom": "ForecastIteration",
        "validation": {
          "maxLength": "0",
          "required": true
        }
      },
      {
        "fieldName": "TotalLag",
        "title": "CML Total Lag",
        "Description": "Number of recent lags created by CML feature engineering",
        "type": "combobox",
        "fieldGroup": "CML Parameters",
        "clearSearch": true,
        "source": "datasource",
        "key": "TotalLag",
        "valueField": "CML Iteration Total Lag",
        "textField": "CML Iteration Total Lag",
        "overrideFieldBindingType": false,
        "visible": true,
        "isEditable": true,
        "cascadeFrom": "ForecastIteration",
        "validation": {
          "maxLength": "0",
          "required": true
        }
      },
      {
        "fieldName": "ModelHorizon",
        "title": "CML Model Horizon",
        "Description": "Groups multiple time buckets into one group instead of creating one model for each time bucket",
        "type": "combobox",
        "fieldGroup": "CML Parameters",
        "selectionType": "single",
        "clearSearch": true,
        "select": "ALL",
        "source": "datasource",
        "key": "ModelHorizon",
        "valueField": "CML Iteration Model Horizon",
        "textField": "CML Iteration Model Horizon",
        "overrideFieldBindingType": false,
        "visible": true,
        "isEditable": true,
        "cascadeFrom": "ForecastIteration",
        "validation": {
          "maxLength": "0",
          "required": true
        }
      },
      {
        "fieldName": "ObjectiveFunction",
        "title": "CML Objective Function",
        "Description": "Parameter to flexibly choose a objective function on the target variable",
        "type": "combobox",
        "fieldGroup": "CML Parameters",
        "selectionType": "single",
        "clearSearch": true,
        "select": "ALL",
        "source": "datasource",
        "key": "ObjectiveFunction",
        "valueField": "CML Iteration Objective Function",
        "textField": "CML Iteration Objective Function",
        "overrideFieldBindingType": false,
        "visible": true,
        "isEditable": true,
        "cascadeFrom": "ForecastIteration",
        "validation": {
          "maxLength": "0",
          "required": true
        }
      },
      {
        "fieldName": "Estimators",
        "title": "CML Estimators",
        "Description": "Number of boosted trees to fit.",
        "type": "combobox",
        "fieldGroup": "CML Parameters",
        "clearSearch": true,
        "source": "datasource",
        "key": "Estimator",
        "valueField": "CML Iteration Estimators",
        "textField": "CML Iteration Estimators",
        "overrideFieldBindingType": false,
        "visible": true,
        "isEditable": true,
        "cascadeFrom": "ForecastIteration",
        "validation": {
          "maxLength": "0",
          "required": true
        }
      }
    ],
    "Range": [],
    "DataSources": [
      {
        "Name": "LagList",
        "IBPLRules": [
          {
            "template": "Select ([Version].[Version Name]{{#filter VersionName}}*[Forecast Iteration].[Forecast Iteration]{{#filter ForecastIteration}}) on row, ({Measure.[CML Iteration Lag List]}) on column;"
          }
        ],
        "JavascriptRules": [],
        "IncludeDSFieldsOnly": false,
        "FieldBindings": []
      },
      {
        "Name": "Slicing",
        "IBPLRules": [
          {
            "template": "Select ([Version].[Version Name]{{#filter VersionName}}*[Forecast Iteration].[Forecast Iteration]{{#filter ForecastIteration}}) on row,  ({Measure.[CML Iteration Slice Level]}) on column;"
          }
        ],
        "JavascriptRules": [],
        "IncludeDSFieldsOnly": false,
        "FieldBindings": []
      },
      {
        "Name": "Leaves",
        "IBPLRules": [
          {
            "template": "Select ([Version].[Version Name]{{#filter VersionName}}*[Forecast Iteration].[Forecast Iteration]{{#filter ForecastIteration}}) on row, ({Measure.[CML Iteration Leaves]}) on column;"
          }
        ],
        "JavascriptRules": [],
        "IncludeDSFieldsOnly": false,
        "FieldBindings": []
      },
      {
        "Name": "TotalLag",
        "IBPLRules": [
          {
            "template": "Select ([Version].[Version Name]{{#filter VersionName}}*[Forecast Iteration].[Forecast Iteration]{{#filter ForecastIteration}}) on row,  ({Measure.[CML Iteration Total Lag]}) on column;"
          }
        ],
        "JavascriptRules": [],
        "IncludeDSFieldsOnly": false,
        "FieldBindings": []
      },
      {
        "Name": "ModelHorizon",
        "IBPLRules": [
          {
            "template": "Select ([Version].[Version Name]{{#filter VersionName}}*[Forecast Iteration].[Forecast Iteration]{{#filter ForecastIteration}}) on row,  ({Measure.[CML Iteration Model Horizon]}) on column;"
          }
        ],
        "JavascriptRules": [],
        "IncludeDSFieldsOnly": false,
        "FieldBindings": []
      },
      {
        "Name": "ObjectiveFunction",
        "IBPLRules": [
          {
            "template": "Select ([Version].[Version Name]{{#filter VersionName}}*[Forecast Iteration].[Forecast Iteration]{{#filter ForecastIteration}}) on row, ({Measure.[CML Iteration Objective Function]}) on column;"
          }
        ],
        "JavascriptRules": [],
        "IncludeDSFieldsOnly": false,
        "FieldBindings": []
      },
      {
        "Name": "Estimator",
        "IBPLRules": [
          {
            "template": "Select ([Version].[Version Name]{{#filter VersionName}}*[Forecast Iteration].[Forecast Iteration]{{#filter ForecastIteration}}) on row,  ({Measure.[CML Iteration Estimators]}) on column;"
          }
        ],
        "JavascriptRules": [],
        "IncludeDSFieldsOnly": false,
        "FieldBindings": []
      },
      {
        "Name": "HistoryBucketW",
        "IBPLRules": [
          {
            "template": "select(&CWVAndScenarios{{#filter VersionName}} *&AllLockedForecastIterations{{#filter ForecastIteration}} * {if (Measure.[Forecast Generation Time Bucket]==\"Week\") then (True) else (False) as transient.[Forecast Generation Time Bucket Week]});"
          }
        ],
        "JavascriptRules": [],
        "IncludeDSFieldsOnly": false,
        "FieldBindings": []
      },
      {
        "Name": "HistoryBucketM",
        "IBPLRules": [
          {
            "template": "select(&CWVAndScenarios{{#filter VersionName}} *&AllLockedForecastIterations{{#filter ForecastIteration}} * {if (Measure.[Forecast Generation Time Bucket]==\"Month\") then (True) else (False) as transient.[Forecast Generation Time Bucket Month]});"
          }
        ],
        "JavascriptRules": [],
        "IncludeDSFieldsOnly": false,
        "FieldBindings": []
      },
      {
        "Name": "HistoryBucketPM",
        "IBPLRules": [
          {
            "template": "select(&CWVAndScenarios{{#filter VersionName}} *&AllLockedForecastIterations{{#filter ForecastIteration}} * {if (Measure.[Forecast Generation Time Bucket]==\"Planning Month\") then (True) else (False) as transient.[Forecast Generation Time Bucket Planning Month]});"
          }
        ],
        "JavascriptRules": [],
        "IncludeDSFieldsOnly": false,
        "FieldBindings": []
      },
      {
        "Name": "DSForecastIteration",
        "IBPLRules": [
          {
            "template": "\nSelect(&AllForecastIterationTypes{{#filter ForecastIterationType}}.relatedmembers([Forecast Iteration]).filter(#.[IsLocked] == 1));\n"
          }
        ],
        "JavascriptRules": [],
        "IncludeDSFieldsOnly": false,
        "FieldBindings": []
      },
      {
        "Name": "ForecastGenerationBucket",
        "IBPLRules": [
          {
            "template": "Select ([Version].[Version Name]{{#filter VersionName}} * [Forecast Iteration].[Forecast Iteration]{{#filter ForecastIteration}}) on row, ({Measure.[Forecast Generation Time Bucket]}) on column;"
          }
        ],
        "JavascriptRules": [],
        "IncludeDSFieldsOnly": false,
        "FieldBindings": []
      },
      {
        "Name": "HistoryBucketQ",
        "IBPLRules": [
          {
            "template": "select(&CWVAndScenarios{{#filter VersionName}} *&AllLockedForecastIterations{{#filter ForecastIteration}} * {if (Measure.[Forecast Generation Time Bucket]==\"Quarter\") then (True) else (False) as transient.[Forecast Generation Time Bucket Quarter]});"
          }
        ],
        "JavascriptRules": [],
        "IncludeDSFieldsOnly": false,
        "FieldBindings": []
      },
      {
        "Name": "HistoryBucketPQ",
        "IBPLRules": [
          {
            "template": "select(&CWVAndScenarios{{#filter VersionName}} *&AllLockedForecastIterations{{#filter ForecastIteration}} * {if (Measure.[Forecast Generation Time Bucket]==\"Planning Quarter\") then (True) else (False) as transient.[Forecast Generation Time Bucket Planning Quarter]});"
          }
        ],
        "JavascriptRules": [],
        "IncludeDSFieldsOnly": false,
        "FieldBindings": []
      }
    ],
    "AutoExecute": false,
    "isAsync": true,
    "hasMembersUpdates": false,
    "Compact": false,
    "TwoColumn": true,
    "IsGlobalForExcelAddIn": false,
    "ReturnFilterByUpdate": false,
    "ExcludeFromNavLink": false,
    "FilterFieldBindings": []
  },
  "Widget": null,
  "Roles": []
}