{
  "Name": "DIOB004OutboundSalesOrder",
  "Description": "DIOB004OutboundSalesOrder",
  "ActionButtonId": "9c88255a-bc97-d962-195a-21ff3a3ff548",
  "Tooltip": "OutboundSalesOrder",
  "ActionButtonType": "Rule",
  "Alignment": "right",
  "IsPopOver": true,
  "IsGlobal": false,
  "ActionClickHandler": null,
  "Icon": null,
  "Image": null,
  "ConfigJson": {
    "DisplayName": "DIOB004OutboundSalesOrder",
    "icon": "chain-broken",
    "Position": "0",
    "SubmitButton": {
      "Label": "Submit"
    },
    "ResetButton": {
      "Label": "Reset"
    },
    "CloseButton": {
      "Label": "Close",
      "ConfirmMessage": "Unsaved changes will be lost. Continue?"
    },
    "NotifyAll": false,
    "IBPLRules": [
      {
        "template": "EXEC plugin instance [DataIntegration002OutboundOrchestrator] for measures {[PrO Detail Status]} using scope ([Version].[Version Name].filter(#.Name in {\"CurrentWorkingView\"})) using arguments {([JobName], \"Outbound_SalesOrder\"), ([ExecutionMode], \"LightWeight\")};"
      },
      {
        "template": "scope: ([Location].[Location] * &CWV * [Demand].[DemandID] * [Sales Domain].[Ship To] * [Item].[Item]);\nMeasure.[SO Commit Selection] = False;\nend scope;"
      }
    ],
    "JavascriptRules": [],
    "FieldBindings": [],
    "DataSources": [],
    "AutoExecute": false,
    "isAsync": true,
    "hasMembersUpdates": false,
    "Compact": false,
    "TwoColumn": false,
    "IsGlobalForExcelAddIn": false,
    "FilterFieldBindings": [],
    "NiFi": {
      "NifiResourceName": "ItemResource"
    }
  },
  "Widget": null
}