{
  "DimensionId": "d11e1463-e374-5254-2995-caeb8a8abed3",
  "DimensionName": "Prioritization Mapping",
  "DimensionTableName": "DimPrioritizationMapping",
  "DimensionType": "Time",
  "DimensionKeyColumnName": "PrioritizationMappingKey",
  "DimensionDescription": "Mappings used for defining Prioritization  schema",
  "Modifiable": true,
  "LockFree": false,
  "IsReservedBySystem": false,
  "ConfigJson": {
    "Position": -860
  },
  "ApiName": null,
  "ApiEnabled": false,
  "Translation": null,
  "Aliases": []
}