{
  "AttributeName": "Setting Aggregation Method Description",
  "AttributeId": "f90ee951-3280-f65b-c7da-ec0ae39f13a7",
  "AttributeHierarchyEnabled": false,
  "IsKey": false,
  "Description": "Setting Aggregation Method Description",
  "OrderBy": "Key",
  "KeyColumnName": "SettingAggregationMethodDescriptionKey",
  "NameColumnName": null,
  "KeyColumnDataType": "string",
  "SeedTags": false,
  "KeyGenerationType": null,
  "PickListName": null,
  "ConfigJson": {
    "IsVisible": true,
    "IsEditable": true
  },
  "FormatString": "",
  "Translation": null,
  "Aliases": [],
  "ApiName": null,
  "ApiDisabled": false,
  "FgColorFormula": null,
  "BgColorFormula": null,
  "IsReservedBySystem": false
}