{
  "Name": "MFPInfoOTBSC02",
  "Description": "Information",
  "ActionButtonId": "b46606c4-d411-583a-cddc-cb7cd0cd0414",
  "Tooltip": "Report Information",
  "ActionButtonType": "Widget",
  "Alignment": "right",
  "IsPopOver": true,
  "IsGlobal": true,
  "ActionClickHandler": null,
  "Icon": null,
  "Image": null,
  "ConfigJson": {
    "icon": "info-circle",
    "SubmitButton": {
      "Label": " "
    },
    "ResetButton": {},
    "CloseButton": {
      "Label": " "
    },
    "NotifyAll": false,
    "IBPLRules": [],
    "JavascriptRules": [],
    "FieldBindings": [
      {
        "fieldName": "Information",
        "title": "Information",
        "type": "info",
        "clearSearch": true,
        "source": "literal",
        "defaultValue": "<!DOCTYPE html> <html lang=\"en\"> <head>     <meta charset=\"UTF-8\">     <meta name=\"viewport\" content=\"width=device-width, initial-scale=1.0\">     <title>Performance Report - Receipt Rtl</title> </head> <body style=\"text-align: left;\">     <p style=\"text-align: left;\"><strong>Overview</strong></p>     <p style=\"text-align: left;\">         Scenario Analysis page lets the planner compare different scenarios.     </p>     <p style=\"text-align: left;\"><strong>How to Use</strong></p>     <p style=\"text-align: left;\">         1. Select the desired Selling Season, Class, Channel, Country, Working plan + scenario in the filters.<br>         2. Planner can plan using editable metrics like Sales, Receipts, Markup %, etc., and compare the scenario with the working plan.     </p>     <p style=\"text-align: left;\"><strong>Output</strong></p>     <p style=\"text-align: left;\">         <!-- No content provided for the Output section in the original text -->     </p>     <p style=\"text-align: left;\"><strong>Formulae</strong></p>     <p style=\"text-align: left;\">         <a href=\"https://docs.google.com/spreadsheets/d/1tSgrtH5liR_Qf97iDbit1EWhxqxeBjat/edit?gid=166037295#gid=166037295\">Link</a><br>         <a href=\"https://docs.google.com/spreadsheets/d/11Xh0xjpU1SEp6Y04rakIfkNTp_Arq4k9/edit?gid=1839484686#gid=1839484686\">Inverse Rules</a>     </p> </body> </html>",
        "visible": true,
        "isEditable": true,
        "validation": {
          "maxLength": "0",
          "required": true
        }
      }
    ],
    "Range": [],
    "DataSources": [],
    "AutoExecute": false,
    "isAsync": false,
    "hasMembersUpdates": false,
    "Compact": false,
    "TwoColumn": false,
    "IsGlobalForExcelAddIn": false,
    "enableTransaction": false,
    "ReturnFilterByUpdate": false,
    "ExcludeFromNavLink": false,
    "FilterFieldBindings": []
  },
  "Widget": null,
  "Roles": []
}