{
  "DimensionId": "68861af1-9252-bcc0-7ce9-66369bd291ad",
  "DimensionName": "Staging Table Structure",
  "DimensionTableName": "DimStagingTableStructure",
  "DimensionType": "Regular",
  "DimensionKeyColumnName": "StagingTableStructureKey",
  "DimensionDescription": "Staging Table Structure",
  "Modifiable": false,
  "LockFree": false,
  "IsReservedBySystem": false,
  "ConfigJson": {
    "Position": -540
  },
  "ApiName": null,
  "ApiEnabled": false,
  "Translation": null,
  "Aliases": []
}