{
  "MeasureGroupName": "003.010D SS Priority Plugin Output",
  "MeasureGroupId": "56246e75-cd00-4961-a669-8d56e7e2ceaa",
  "ParentMeasureGroupName": null,
  "HasShadow": false,
  "MeasureGroupDescription": "Outputs from Prioritization Plugin",
  "MeasureGroupType": "Regular",
  "FactTableName": "Fact003.010DSSPriorityPluginOutput",
  "SchemaMajorVersion": 0,
  "ConfigJson": {},
  "ApiName": null,
  "Repartition": false,
  "Unpartition": false,
  "ApiEnabled": false,
  "DimensionUsages": [
    {
      "DimensionName": "Time",
      "AttributeName": "Day",
      "SortOrder": 0,
      "DimensionType": "Time"
    },
    {
      "DimensionName": "Item",
      "AttributeName": "Item",
      "SortOrder": 1,
      "DimensionType": "Regular"
    },
    {
      "DimensionName": "Location",
      "AttributeName": "Location",
      "SortOrder": 2,
      "DimensionType": "Regular"
    },
    {
      "DimensionName": "Version",
      "AttributeName": "Version Name",
      "SortOrder": 3,
      "DimensionType": "Regular"
    }
  ]
}