{
  "AttributeName": "Quarter",
  "AttributeId": "27beaf7c-601b-cdce-f0b9-555a0f469de8",
  "AttributeHierarchyEnabled": true,
  "IsKey": false,
  "Description": "Quarter",
  "OrderBy": "Key",
  "KeyColumnName": "QuarterKey",
  "NameColumnName": "QuarterName",
  "KeyColumnDataType": "datetime",
  "SeedTags": false,
  "KeyGenerationType": "UserSupplied",
  "PickListName": null,
  "ConfigJson": {},
  "FormatString": null,
  "Translation": null,
  "Aliases": [],
  "ApiName": null,
  "ApiDisabled": false
}