{
  "MeasureName": "LP PP Sls %",
  "MeasureId": "537cc45b-e4da-4e72-a33d-ca9af49445bf",
  "MeasureDescription": "LP Promo Price Sales Percentage",
  "DataType": "number",
  "MeasureType": "Regular",
  "AggregateFunction": "Computed",
  "FormatString": "0.00%",
  "MeasureColumnName": "LPPPSls%",
  "MeasureFormula": "safedivide(Measure.[LP PP Sls Rtl], Measure.[LP Sls Rtl])",
  "IsEditable": false,
  "ApplyConversion": false,
  "ConversionFormula": "",
  "PickListName": null,
  "BgColorFormula": "",
  "FgColorFormula": "",
  "TrendFormula": "",
  "FormattingViewModel": null,
  "ParentMeasureName": null,
  "AssociationMeasure": false,
  "IsComputedByPlanningService": false,
  "ToolTip": "(1-LP FP Sls %)",
  "ConfigJson": {},
  "ApiName": null,
  "ApiDisabled": false,
  "IsReportingMeasure": false,
  "MeasureConditionalFormulaProperties": [],
  "PicklistSource": null
}