{
  "MeasureGroupName": "001 Options Plan",
  "MeasureGroupId": "6e7505be-0322-4c63-b955-e976919f4a2b",
  "ParentMeasureGroupName": null,
  "HasShadow": false,
  "MeasureGroupDescription": "001 Options Plan",
  "MeasureGroupType": "Regular",
  "FactTableName": "Fact001OptionsPlan",
  "SchemaMajorVersion": 0,
  "ConfigJson": {},
  "ApiName": null,
  "Repartition": false,
  "Unpartition": false,
  "ApiEnabled": false,
  "DimensionUsages": [
    {
      "DimensionName": "Version",
      "AttributeName": "Version Name",
      "SortOrder": 1,
      "DimensionType": "Regular"
    },
    {
      "DimensionName": "NamedNode",
      "AttributeName": "Retail_AP_FD_Common_NN",
      "SortOrder": 2,
      "DimensionType": "NamedNode"
    },
    {
      "DimensionName": "NamedNode",
      "AttributeName": "Retail_AP_Strategy_Product_Cluster_NN",
      "SortOrder": 3,
      "DimensionType": "NamedNode"
    }
  ]
}