{
  "AttributeName": "Case Length",
  "AttributeId": "124ae374-14c6-80b2-9f9f-75fbb657754c",
  "AttributeHierarchyEnabled": false,
  "IsKey": false,
  "Description": "Length of the case in mm",
  "OrderBy": "Key",
  "KeyColumnName": "CaseLengthKey",
  "NameColumnName": null,
  "KeyColumnDataType": "number",
  "SeedTags": false,
  "KeyGenerationType": null,
  "PickListName": null,
  "ConfigJson": {
    "IsVisible": true,
    "IsEditable": true
  },
  "FormatString": "#,##0; (#,##0)",
  "Translation": null,
  "Aliases": [],
  "ApiName": null,
  "ApiDisabled": false
}