{
  "Name": "o9EKGCloneProjectTest",
  "Description": null,
  "ActionButtonId": "cc6b217e-b960-ca03-7d10-9397482f229b",
  "Tooltip": "Clone Project",
  "ActionButtonType": "Widget",
  "Alignment": "right",
  "IsPopOver": true,
  "IsGlobal": true,
  "ActionClickHandler": null,
  "Icon": null,
  "Image": null,
  "ConfigJson": {
    "icon": "copy",
    "SubmitButton": {
      "Label": "Submit"
    },
    "ResetButton": {},
    "CloseButton": {
      "Label": "Close"
    },
    "NotifyAll": false,
    "IBPLRules": [
      {
        "template": "//New member//\n\ncreatemember( [o9EKG Customer].[Customer Name] = { , \"{{Cust}}\" }  , [o9EKG Customer].[Project Name] = { , \"{{Project}}\" });\n\nupdatemember([o9EKG Customer].[Project Name]={,\"{{Project}}\"},[o9EKG Customer].[Project Sub Industry]={\"Cloned Project\",});\n"
      },
      {
        "template": "//Copy Data//\n\n//Project Settings//\n\nCOPYMEASURE([o9EKG Customer].[Project Name]={{\"{{SourceProject}}\",\"{{Project}}\"}},{ Measure.[o9EKG Project Implementer Key], Measure.[o9EKG Default Error File Delimiter], Measure.[o9EKG Default LSU File Delimiter], Measure.[o9EKG Default LSU File Type] },false) WHERE {&CWV};\n\n//Table Properties//\n\nCOPYMEASURE([o9EKG Customer].[Project Name]={{\"{{SourceProject}}\", \"{{Project}}\"}},{ Measure.[o9EKG Duplicate Data Handling], Measure.[o9EKG Hierarchy Check Required], Measure.[o9EKG LS Dimension Name], Measure.[o9EKG LS External Table Flag], Measure.[o9EKG LS External Table Name], Measure.[o9EKG LS Table Type], Measure.[o9EKG Override LSU File Delimiter], Measure.[o9EKG Override LSU File Type], Measure.[o9EKG Planning Specific Data], Measure.[o9EKG Table Created By], Measure.[o9EKG Table Creation Timestamp], Measure.[o9EKG Table Description], Measure.[o9EKG Table Included], Measure.[o9EKG Table Short Description] },false) WHERE {&CWV,[o9EKG Table].[Table Name]{{#filter TableList}}};\n\n//File Table Associations//\n\nCOPYMEASURE([o9EKG Customer].[Project Name]={{\"{{SourceProject}}\", \"{{Project}}\"}},{ Measure.[o9EKG File Delimiter], Measure.[o9EKG File Description], Measure.[o9EKG File Encryption], Measure.[o9EKG File Insert Methodology], Measure.[o9EKG File Load Type], Measure.[o9EKG File Source Type], Measure.[o9EKG File Type] },false) WHERE {&CWV,[o9EKG Table].[Table Name]{{#filter TableList}}};\n\n//Field Properties//\n\nCOPYMEASURE([o9EKG Customer].[Project Name]={{\"{{SourceProject}}\", \"{{Project}}\"}},{ Measure.[o9EKG Date Time Format], Measure.[o9EKG Field Created By], Measure.[o9EKG Field Creation Timestamp], Measure.[o9EKG Field Data Type], Measure.[o9EKG Field Default Value], Measure.[o9EKG Field Description], Measure.[o9EKG Field Included], Measure.[o9EKG Field IsKey], Measure.[o9EKG Field Name], Measure.[o9EKG Field Position], Measure.[o9EKG Field Short Description] },false) WHERE {&CWV,[o9EKG Table].[Table Name]{{#filter TableList}}.relatedmembers([Field ID])};\n\n//Field Validations//\n\nCOPYMEASURE([o9EKG Customer].[Project Name]={{\"{{SourceProject}}\", \"{{Project}}\"}},{ Measure.[o9EKG Field Data Validation], Measure.[o9EKG Field Data Validation Metadata], Measure.[o9EKG Field Mandatory], Measure.[o9EKG Foreign Key Relationship], Measure.[o9EKG Input Master Data Check], Measure.[o9EKG LS Dim Check], Measure.[o9EKG LS Dim Check DL Table] },false) WHERE {&CWV,[o9EKG Table].[Table Name]{{#filter TableList}}.relatedmembers([Field ID])};\n\n//Field Mappings//\n\nCOPYMEASURE([o9EKG Customer].[Project Name]={{\"{{SourceProject}}\", \"{{Project}}\"}},{ Measure.[o9EKG Auto Generate Group By], Measure.[o9EKG Distinct Select], Measure.[o9EKG Group By Text], Measure.[o9EKG SQL Join Anchor Table], Measure.[o9EKG Source Field Mapping], Measure.[o9EKG Source Field Where Clause Filter] },false) WHERE {&CWV,[o9EKG Table].[Table Name]{{#filter TableList}}.relatedmembers([Field ID])};\n\n//Business Characteristics Field Association//\n\nCOPYMEASURE([o9EKG Customer].[Project Name]={{\"{{SourceProject}}\", \"{{Project}}\"}},{ Measure.[o9EKG Autogenerated Business Characteristics Field Association], Measure.[o9EKG Business Characteristics Field Association], Measure.[o9EKG Business Characteristics Field Association Name] },false) WHERE {&CWV,[o9EKG Table].[Table Name]{{#filter TableList}}.relatedmembers([Field ID])};\n\n//Field Sub Block Association//\n\nCOPYMEASURE([o9EKG Customer].[Project Name]={{\"{{SourceProject}}\", \"{{Project}}\"}},{ Measure.[o9EKG Autogenerated Field Sub Block Association], Measure.[o9EKG Field Sub Block Association], Measure.[o9EKG Field Sub Block Association Name] },false) WHERE {&CWV,[o9EKG Table].[Table Name]{{#filter TableList}}.relatedmembers([Field ID])};\n\n//BusinessChar SubBlock Field Association//\n\nCOPYMEASURE([o9EKG Customer].[Project Name]={{\"{{SourceProject}}\", \"{{Project}}\"}},{ Measure.[o9EKG BusinessChar SubBlock Field Association] },false) WHERE {&CWV,[o9EKG Table].[Table Name]{{#filter TableList}}.relatedmembers([Field ID])};\n"
      },
      {
        "template": "//Project creation stats\n\ncartesian scope: (&CWV * [o9EKG Customer].[Project Name].[{{Project}}]  );\nMeasure.[o9EKG Project Created By] = \"{{user}}\" ;\nMeasure.[o9EKG Project Creation Timestamp] = \"{{now}}\" ;\nMeasure.[o9EKG Source PMM Release] = \"Cloned from '{{SourceProject}}'\" ;\nend scope;"
      },
      {
        "template": "//Copy Associations//\n\n\n//Copy Subblock//\n\nCOPYMEASURE([o9EKG Customer].[Project Name]={{\"{{SourceProject}}\",\"{{Project}}\"}},{Measure.[o9EKG Project SubBlock Association]},true) WHERE {&CWV};\n\n\n//Copy Business Char - Sub Ind//\n\nCOPYMEASURE([o9EKG Customer].[Project Name]={{\"{{SourceProject}}\",\"{{Project}}\"}},{Measure.[o9EKG Business Characteristics Sub Industry Association]},true) WHERE {&CWV };\n\n//Copy Sub blocks field associations//\n\nCOPYMEASURE([o9EKG Customer].[Project Name]={{\"{{SourceProject}}\",\"{{Project}}\"}},{Measure.[o9EKG Field Sub Block Association],Measure.[o9EKG Field Sub Block Association Name]},true) WHERE {&CWV};\n\n//Copy business characteristics field associations//\n\nCOPYMEASURE([o9EKG Customer].[Project Name]={{\"{{SourceProject}}\",\"{{Project}}\"}},{Measure.[o9EKG Business Characteristics Field Association],Measure.[o9EKG Business Characteristics Field Association Name]},true) WHERE {&CWV };\n\n//Copy business characteristics sub blocks field associations//\n\nCOPYMEASURE([o9EKG Customer].[Project Name]={{\"{{SourceProject}}\",\"{{Project}}\"}},{Measure.[o9EKG BusinessChar SubBlock Field Association]},true) WHERE {&CWV };\n"
      },
      {
        "template": "//Update EKG Subs SQL Table//\n\nEXEC plugin instance o9EKGInsertProjectInfo for measures {[o9EKG Project Implementer Key]}  using scope (&CWV * [o9EKG Customer].[Project Name].[{{Project}}] ) using arguments {([ExecutionMode], \"MediumWeight\")};"
      },
      {
        "template": "exec procedure EKG_Lock_AllEditableMeasures {\"ProjectName\" : \"{{Project}}\" , \"Lock\" : true } ; \n"
      }
    ],
    "JavascriptRules": [
      {
        "modulename": "o9.EKG.validateProject",
        "functionname": "validateProject"
      }
    ],
    "FieldBindings": [
      {
        "fieldName": "SourceProject",
        "title": "Source Project",
        "type": "picklistDropdown",
        "selectionType": "single",
        "clearSearch": false,
        "source": "filter",
        "DimensionName": "o9EKG Customer",
        "LevelAttributeName": "Project Name",
        "visible": true,
        "isEditable": false,
        "validation": {
          "maxLength": "0",
          "required": true
        }
      },
      {
        "fieldName": "Cust",
        "title": "Customer Name",
        "type": "picklistDropdown",
        "selectionType": "single",
        "clearSearch": true,
        "select": "ALL",
        "source": "datasource",
        "key": "DSCustomer",
        "valueField": "Customer Name",
        "textField": "Customer Name",
        "overrideFieldBindingType": false,
        "visible": false,
        "isEditable": false,
        "cascadeFrom": "SourceProject",
        "validation": {
          "maxLength": "0",
          "required": true
        }
      },
      {
        "fieldName": "Project",
        "title": "New Project Name",
        "type": "string",
        "clearSearch": true,
        "source": "literal",
        "visible": true,
        "isEditable": true,
        "validation": {
          "maxLength": "0",
          "required": true
        }
      },
      {
        "fieldName": "TableList",
        "title": "Selected Tables",
        "type": "picklistDropdown",
        "selectionType": "multiple",
        "clearSearch": true,
        "select": "ALL",
        "source": "datasource",
        "key": "DSTableList",
        "valueField": "Table Name",
        "textField": "Table Name",
        "overrideFieldBindingType": false,
        "visible": false,
        "isEditable": false,
        "cascadeFrom": "SourceProject",
        "validation": {
          "maxLength": "0",
          "required": true
        }
      },
      {
        "fieldName": "now",
        "title": "now",
        "type": "string",
        "selectionType": "single",
        "clearSearch": true,
        "source": "datasource",
        "key": "NOW",
        "valueField": "result",
        "textField": "result",
        "overrideFieldBindingType": false,
        "visible": false,
        "isEditable": false,
        "validation": {
          "maxLength": "0",
          "required": true
        }
      },
      {
        "fieldName": "user",
        "title": "user",
        "type": "string",
        "selectionType": "single",
        "clearSearch": true,
        "source": "datasource",
        "key": "USER",
        "valueField": "Name",
        "textField": "Name",
        "overrideFieldBindingType": false,
        "visible": false,
        "isEditable": false,
        "validation": {
          "maxLength": "0",
          "required": true
        }
      }
    ],
    "Range": [],
    "DataSources": [
      {
        "Name": "DSCustomer",
        "IBPLRules": [
          {
            "template": "Select ([o9EKG Customer].[Project Name].[{{SourceProject}}] * [o9EKG Customer].[Customer Name] ) ; "
          }
        ],
        "JavascriptRules": [],
        "IncludeDSFieldsOnly": false,
        "FieldBindings": []
      },
      {
        "Name": "DSTableList",
        "IBPLRules": [
          {
            "template": "Select (&CWV * [o9EKG Customer].[Project Name].[{{SourceProject}}] * [o9EKG Table].[Table Name] ) on row, \n({Measure.[o9EKG Table Included]}) on column;"
          }
        ],
        "JavascriptRules": [],
        "IncludeDSFieldsOnly": false,
        "FieldBindings": []
      },
      {
        "Name": "NOW",
        "IBPLRules": [
          {
            "template": "Select (now());"
          }
        ],
        "JavascriptRules": [],
        "IncludeDSFieldsOnly": false,
        "FieldBindings": []
      },
      {
        "Name": "USER",
        "IBPLRules": [
          {
            "template": "Select (Currentuser());"
          }
        ],
        "JavascriptRules": [],
        "IncludeDSFieldsOnly": false,
        "FieldBindings": []
      }
    ],
    "AutoExecute": false,
    "isAsync": false,
    "hasMembersUpdates": true,
    "Compact": true,
    "TwoColumn": false,
    "IsGlobalForExcelAddIn": false,
    "ReturnFilterByUpdate": false,
    "NavigateTo": {
      "TargetWorkspaceName": "EKG Configurator",
      "TargetPageName": "Model Explorer",
      "TargetViewName": "Table List"
    },
    "DataSourceForFilter": {
      "Name": "DataSourceForFilter",
      "IBPLRule": {
        "template": "Select (&CWV * [o9EKG Customer].[Project Name].[{{Project}}] * [o9EKG Table].[Table Name]);\n"
      },
      "IncludeDSFieldsOnly": false,
      "FieldBindings": []
    },
    "ExcludeFromNavLink": false,
    "FilterFieldBindings": [
      {
        "fieldName": "Project",
        "type": "picklist",
        "selectionType": "multiple",
        "select": "ALL",
        "source": "datasource",
        "key": "DataSourceForFilter",
        "valueField": "Project Name",
        "DimensionName": "o9EKG Customer",
        "LevelAttributeName": "Project Name"
      }
    ]
  },
  "Widget": null,
  "Roles": []
}