{
  "Name": "NettingMultiStreamForecastInfo",
  "Description": "Information",
  "ActionButtonId": "ecfdeb2d-244d-4066-957e-a640ec25802e",
  "Tooltip": "Information",
  "ActionButtonType": "Widget",
  "Alignment": "right",
  "IsPopOver": true,
  "IsGlobal": true,
  "ActionClickHandler": null,
  "Icon": null,
  "Image": null,
  "ConfigJson": {
    "icon": "info-circle",
    "SubmitButton": {
      "Label": "Submit"
    },
    "ResetButton": {},
    "CloseButton": {
      "Label": "Close",
      "ConfirmMessage": "Unsaved changes will be lost. Continue?"
    },
    "NotifyAll": false,
    "IBPLRules": [],
    "JavascriptRules": [],
    "FieldBindings": [
      {
        "fieldName": "Information",
        "title": "Information",
        "type": "info",
        "clearSearch": true,
        "source": "literal",
        "defaultValue": "<b>Multi Stream Netting Inputs</b>   <p align=\"left\">If you have multi level Orders or Forecast use this UI to manage them. Forecast Measure Name should come under Forecast Stream. Sequence determines the order in which the forecast consumption will happen. Forecast Demand ID is the ID assigned to demands to forecast type. RTF Netting Flag controls if the Forecast to be consumed against RTF</p>  <ui type=\"circle\", style=\"text-align: left;\">         <li><b>Committed Forecast</b>: After covering for Order, Remaining forecast within RTF (Forecast - Order <= RTF - Order)</li>         <li><b>New Forecast</b>: Forecast Quantity above RTF (Forecast - Order > RTF - Order)</li> </ui>",
        "visible": true,
        "isEditable": false,
        "validation": {
          "maxLength": "0",
          "required": true
        }
      }
    ],
    "DataSources": [],
    "AutoExecute": false,
    "isAsync": false,
    "hasMembersUpdates": false,
    "Compact": false,
    "TwoColumn": false,
    "IsGlobalForExcelAddIn": false,
    "ReturnFilterByUpdate": false,
    "FilterFieldBindings": []
  },
  "Widget": null
}