{
  "MeasureGroupName": "001.009 Staging Table Structure Without SAP",
  "MeasureGroupId": "3efc0d05-306f-4293-9f41-9d322131b689",
  "ParentMeasureGroupName": null,
  "HasShadow": false,
  "MeasureGroupDescription": "001.009 Staging Table Structure Without SAP",
  "MeasureGroupType": "Regular",
  "FactTableName": "Fact001.009StagingTableStructureWithoutSAP",
  "SchemaMajorVersion": 0,
  "ConfigJson": {},
  "ApiName": null,
  "Repartition": false,
  "Unpartition": false,
  "ApiEnabled": false,
  "DimensionUsages": [
    {
      "DimensionName": "Version",
      "AttributeName": "Version Name",
      "SortOrder": 0,
      "DimensionType": "Regular"
    },
    {
      "DimensionName": "Staging Table Structure Without SAP",
      "AttributeName": "Serial No",
      "SortOrder": 1,
      "DimensionType": "Regular"
    }
  ]
}