{
  "MeasureName": "Netting Split - Historical Brand Channel",
  "MeasureId": "e47893a4-a4c4-4a86-b3e5-160a6b6b1e3e",
  "MeasureDescription": "Netting Spread Profile derived from past sales",
  "DataType": "number",
  "MeasureType": "Regular",
  "AggregateFunction": "Sum",
  "FormatString": "#,##0.0%;(#,##0.0%);",
  "MeasureColumnName": "NettingSplit-HistoricalBrandChannel",
  "MeasureFormula": "",
  "IsEditable": false,
  "ApplyConversion": false,
  "ConversionFormula": "",
  "PickListName": null,
  "BgColorFormula": "",
  "FgColorFormula": "",
  "TrendFormula": "",
  "FormattingViewModel": null,
  "ParentMeasureName": null,
  "AssociationMeasure": false,
  "IsComputedByPlanningService": false,
  "ToolTip": "Netting Spread Profile derived from past sales",
  "ConfigJson": {},
  "ApiName": null,
  "ApiDisabled": false,
  "IsReportingMeasure": false,
  "MeasureConditionalFormulaProperties": [],
  "PicklistSource": null
}