{
  "Name": "Allocation Behavior Optimization",
  "WidgetDefinitionName": "Allocation Behavior Optimization",
  "IsPrimary": false,
  "ConfigJson": {
    "ContainerId": "bd56a1bc-9f96-4809-b39e-8cfd812550a5",
    "CompositeContainerId": null,
    "Position": 0,
    "ShowInfoContext": {
      "ActionColumn": true,
      "RowInfo": true,
      "MemberInfo": true
    },
    "ShowHeader": {
      "Icon": "",
      "Color": null
    },
    "ActionButtonBindings": [
      {
        "ActionButtonName": "Allocation017Parameters",
        "HotKey": "",
        "ExcludeHiddenAttributes": false,
        "ModuleId": "2c346251-8901-4f55-8032-8ca23d6a079d"
      }
    ]
  },
  "ViewWidgetDefinitionId": "8e41c376-86ac-d457-10bb-2587f7b99b3f",
  "Title": "Behavior Optimization"
}