{
  "Name": "LP Vs TD Reconciliation",
  "WidgetDefinitionName": "LP Vs TD Reconciliation",
  "IsPrimary": false,
  "ConfigJson": {
    "ContainerId": "d52a8ee4-49f5-4a5d-8732-c5bcc233bc4a",
    "CompositeContainerId": null,
    "Position": 0,
    "ShowInfoContext": {
      "ActionColumn": true,
      "RowInfo": true,
      "MemberInfo": true
    },
    "ShowHeader": {
      "Icon": "",
      "Color": null
    }
  },
  "ViewWidgetDefinitionId": "99a8c699-9645-2584-1969-0387d9a9acdb",
  "Title": "LP & TD Reconciliation"
}