{
  "Name": "APInfoRanging01",
  "Description": "Information",
  "ActionButtonId": "6b0c1420-8794-ab58-713d-6bb5f4c4d879",
  "Tooltip": "Report Information",
  "ActionButtonType": "Widget",
  "Alignment": "right",
  "IsPopOver": true,
  "IsGlobal": true,
  "ActionClickHandler": null,
  "Icon": null,
  "Image": null,
  "ConfigJson": {
    "icon": "info-circle",
    "SubmitButton": {
      "Label": " "
    },
    "ResetButton": {},
    "CloseButton": {
      "Label": " "
    },
    "NotifyRoles": false,
    "NotifyAll": false,
    "IBPLRules": [],
    "JavascriptRules": [],
    "FieldBindings": [
      {
        "fieldName": "Information",
        "title": "Information",
        "type": "info",
        "clearSearch": true,
        "source": "literal",
        "defaultValue": "<!DOCTYPE html> <html lang=\"en\"> <head>     <meta charset=\"UTF-8\">     <meta name=\"viewport\" content=\"width=device-width, initial-scale=1.0\">     <title>Heat Map Inputs Process</title> </head> <body style=\"text-align: left;\">     <p align=\"left\"><strong>Overview</strong></p>     <p align=\"left\">Ranging helps to further refine the Cluster assortment at Store Level.  Planner can overview different Retail metrics at aggregated level i.e Attribute level and Store Level and filter the particular Style Color to edit in the below Store Ranging report.Once all metrics are finalized, selecting Approve Ranging action button will approve the Ranging metrics and move them into the WSSI flow. </p>      <p align=\"left\"><strong>How to Use</strong></p>     <p align=\"left\">1. Flter the particualr Style Color and    edit the \"Is Assorted\" Flag and other planning parameters, at store-cluster level if needed.<Br>2.The \"Copy Metrics\" action button allows copying Ranging metrics such as Start Week,End Week,ROS, ASP, Sell Through %, and WOS from a Real Item to a Placeholder Item.<Br>3.Execute the \"Approve Ranging\" action button to finalize and move all Ranging metrics into the WSSI plan. </p>            <p align=\"left\"><strong>Output</strong></p>     <p align=\"left\">1. All the approved Ranging metrics will populate in the Review Approval view <Br>2. WSSI report also gets populated. </p> </body> </html>",
        "visible": true,
        "isEditable": true,
        "validation": {
          "maxLength": "0",
          "required": true
        }
      }
    ],
    "Range": [],
    "DataSources": [],
    "AutoExecute": false,
    "isAsync": false,
    "hasMembersUpdates": false,
    "Compact": false,
    "TwoColumn": false,
    "IsGlobalForExcelAddIn": false,
    "ReturnFilterByUpdate": false,
    "ExcludeFromNavLink": false,
    "FilterFieldBindings": [],
    "enableTransaction": false
  },
  "Widget": null,
  "Roles": []
}