{
  "Name": "AP14CalculateRateofSale",
  "Description": "Calculate ROS",
  "ActionButtonId": "0d9eec6d-8212-a824-423f-abc38711b4b0",
  "Tooltip": "Calculate ROS",
  "ActionButtonType": "Rule",
  "Alignment": "right",
  "IsPopOver": true,
  "IsGlobal": false,
  "ActionClickHandler": null,
  "Icon": null,
  "Image": null,
  "ConfigJson": {
    "DisplayName": "Calculate ROS",
    "icon": "calculator",
    "Position": "0",
    "SubmitButton": {
      "Label": "Submit"
    },
    "ResetButton": {
      "Label": "Reset"
    },
    "CloseButton": {
      "Label": "Close",
      "ConfirmMessage": "Unsaved changes will be lost. Continue?"
    },
    "NotifyRoles": false,
    "NotifyAll": false,
    "IBPLRules": [
      {
        "template": "exec procedure AP15CalculateRateOfSale {\"Version\": \"{{Version}}\", \"Class\": [{{#csv Class}}], \"Country\": [{{#csv Country}}], \"Channel\" : [{{#csv Channel}}], \"SellingSeason\": [{{#csv SellingSeason}}] ,\"Markdown\" : \"{{Markdown}}\", \"HistoricalPeriod\" : [{{#csv HistoricalPeriod}}], \"ProductSeason\" : [{{#csv ProductSeason}}], \"Execution\": {{Execution}}, \"userinputflag\": {{userinputflag}} };"
      }
    ],
    "JavascriptRules": [],
    "FieldBindings": [
      {
        "fieldName": "Version",
        "title": "Version",
        "type": "picklistDropdown",
        "clearSearch": true,
        "source": "filter",
        "DimensionName": "Version",
        "LevelAttributeName": "Version Name",
        "visible": true,
        "isEditable": true,
        "validation": {
          "maxLength": "0",
          "required": true
        },
        "selectionType": "single"
      },
      {
        "fieldName": "SellingSeason",
        "title": "Planning Season",
        "type": "picklistDropdown",
        "selectionType": "single",
        "clearSearch": true,
        "source": "filter",
        "DimensionName": "Selling Season",
        "LevelAttributeName": "Selling Season",
        "visible": true,
        "isEditable": true,
        "validation": {
          "maxLength": "0",
          "required": true
        },
        "Description": "Selling Season"
      },
      {
        "fieldName": "Class",
        "title": "Class",
        "type": "picklistDropdown",
        "selectionType": "multiple",
        "clearSearch": true,
        "source": "parentAttribute",
        "DimensionName": "Item",
        "key": {
          "LevelAttribute": {
            "Name": "L3",
            "Property": "Name"
          }
        },
        "visible": true,
        "isEditable": true,
        "validation": {
          "maxLength": "0",
          "required": true
        }
      },
      {
        "fieldName": "Channel",
        "title": "Channel",
        "type": "picklistDropdown",
        "clearSearch": true,
        "source": "parentAttribute",
        "DimensionName": "Sales Domain",
        "key": {
          "LevelAttribute": {
            "Name": "Sales Planning Channel",
            "Property": "Name"
          }
        },
        "visible": true,
        "isEditable": true,
        "validation": {
          "maxLength": "0",
          "required": true
        }
      },
      {
        "fieldName": "Country",
        "title": "Country",
        "type": "picklistDropdown",
        "selectionType": "multiple",
        "clearSearch": true,
        "source": "parentAttribute",
        "DimensionName": "Location",
        "key": {
          "LevelAttribute": {
            "Name": "Location Country",
            "Property": "Name"
          }
        },
        "visible": true,
        "isEditable": true,
        "validation": {
          "maxLength": "0",
          "required": true
        }
      },
      {
        "fieldName": "ProductSeason",
        "title": "Product Season",
        "type": "picklistDropdown",
        "selectionType": "multiple",
        "clearSearch": true,
        "source": "parentMeasure",
        "key": {
          "Measure": {
            "Name": "Product Seasons"
          }
        },
        "visible": false,
        "isEditable": false,
        "validation": {
          "maxLength": "0",
          "required": true
        }
      },
      {
        "fieldName": "HistoricalPeriod",
        "title": "Historical Period",
        "Description": "Historical Period",
        "type": "picklistDropdown",
        "selectionType": "multiple",
        "clearSearch": true,
        "source": "parentMeasure",
        "key": {
          "Measure": {
            "Name": "Historical Period"
          }
        },
        "visible": false,
        "isEditable": false,
        "validation": {
          "maxLength": "0",
          "required": true
        }
      },
      {
        "fieldName": "Markdown",
        "title": "Include Markdown Period for ROS Calculation",
        "Description": "Checked (Yes)",
        "type": "boolean",
        "selectionType": "single",
        "clearSearch": true,
        "source": "literal",
        "defaultValue": true,
        "visible": true,
        "isEditable": true,
        "validation": {
          "maxLength": "0",
          "required": true
        }
      },
      {
        "fieldName": "Execution",
        "title": "Execution Mode",
        "Description": "Execution Mode",
        "type": "radio",
        "selectionType": "single",
        "clearSearch": true,
        "select": "ALL",
        "source": "localPicklist",
        "values": [
          {
            "Key": "true",
            "Name": "Medium Weight"
          },
          {
            "Key": false,
            "Name": "Heavy Weight"
          }
        ],
        "valueField": "Key",
        "visible": false,
        "isEditable": true,
        "validation": {
          "maxLength": "0",
          "required": true
        }
      },
      {
        "fieldName": "Cluster",
        "title": "Cluster",
        "type": "picklistDropdown",
        "selectionType": "multiple",
        "clearSearch": true,
        "source": "filter",
        "DimensionName": "Cluster",
        "LevelAttributeName": "Cluster",
        "visible": false,
        "isEditable": true,
        "validation": {
          "maxLength": "0",
          "required": true
        },
        "Description": "Cluster"
      },
      {
        "fieldName": "userinputflag",
        "title": "userinputflag",
        "type": "boolean",
        "clearSearch": true,
        "source": "literal",
        "defaultValue": true,
        "visible": false,
        "isEditable": true,
        "validation": {
          "maxLength": "0",
          "required": true
        }
      }
    ],
    "Range": [],
    "DataSources": [
      {
        "Name": "Historical",
        "IBPLRules": [
          {
            "template": "Select (&CWVAndScenarios{{#filter Version}} * &AllPastPlanningMonths * &APClasses{{#filter Class}} * &APCountries{{#filter Country}} * &APChannels{{#filter Channel}} * &APPastSeasons{{#filter ProductSeason}} ) on row, \n({Measure.[Sales Units Actuals]}) on column;\n\n\n\n"
          }
        ],
        "JavascriptRules": [],
        "IncludeDSFieldsOnly": false,
        "FieldBindings": []
      },
      {
        "Name": "ProdSeason",
        "IBPLRules": [
          {
            "template": "Select (&CWVAndScenarios{{#filter Version}} * &APCountries{{#filter Country}} * &APChannels{{#filter Channel}} * &APClasses{{#filter Class}} * &APFutureSeasons{{#filter SellingSeason}}) on row, \n({Measure.[Product Seasons]}) on column;"
          }
        ],
        "JavascriptRules": [],
        "IncludeDSFieldsOnly": false,
        "FieldBindings": []
      }
    ],
    "AutoExecute": false,
    "isAsync": true,
    "hasMembersUpdates": false,
    "Compact": true,
    "TwoColumn": false,
    "IsGlobalForExcelAddIn": false,
    "ExcludeFromNavLink": false,
    "FilterFieldBindings": [],
    "enableTransaction": false
  },
  "Widget": null,
  "Roles": []
}