{
  "Name": "SupplyPlan141ApproveProductionPlanRecommendationWidget",
  "Description": "Approve Production Plan Recommendation",
  "ActionButtonId": "19d1be55-9d95-4e5e-934f-bafdd12ffb7f",
  "Tooltip": "Approve Production Plan Recommendation",
  "ActionButtonType": "Widget",
  "Alignment": "right",
  "IsPopOver": true,
  "IsGlobal": true,
  "ActionClickHandler": null,
  "Icon": null,
  "Image": null,
  "ConfigJson": {
    "DisplayName": "Approve ",
    "icon": "check-circle-o",
    "SubmitButton": {
      "Label": "Submit"
    },
    "ResetButton": {
      "Label": "Reset"
    },
    "CloseButton": {
      "Label": "Close",
      "ConfirmMessage": "Unsaved changes will be lost. Continue?"
    },
    "NotifyAll": false,
    "IBPLRules": [
      {
        "template": "//-- Plugin to populate the approved production plan\n\n//exec plugin instance [SupplyPlan014WProductionPlanRecommendation] for measures {[W Final Production Plan Recommendation]} using scope ([Version].[Version Name]{{#filter Version}}) using arguments {([MaxMessageLength], 50000000),([DateFormat], \"d\")};\n\n\nexec plugin instance [SupplyPlan014WProductionPlanRecommendation_py] for measures {[W Final Production Plan Recommendation]} using scope ([Version].[Version Name]{{#filter Version}}) using arguments {(ExecutionMode, \"MediumWeight\"),([MaxMessageLength], 50000000),([DateFormat], \"d\")};\n\n//---To Populate Adherence to Production Approved Production Plan\n\n//---Uncomment the below scope to populate Adherence to Production Approved Production Plan\n/* Scope: ([Version].[Version Name].filter(#.Name in {\"{{Version}}\"}) * &AllManufacturedItems * &AllPlantLocations * &CurrentAndNextFourWeeks); Measure.[W Adherence To Production Approved Production Plan] = if(coalesce(Measure.[MFG Release Window TG],0) > 0)  then Measure.[W Approved Production Plan] else Measure.[W Adherence To Production Approved Production Plan]; end scope;*/"
      }
    ],
    "JavascriptRules": [],
    "FieldBindings": [
      {
        "fieldName": "Version",
        "title": "Version",
        "Description": "Version",
        "type": "picklistDropdown",
        "selectionType": "single",
        "clearSearch": true,
        "source": "filter",
        "DimensionName": "Version",
        "LevelAttributeName": "Version Name",
        "visible": true,
        "isEditable": true,
        "validation": {
          "maxLength": "0",
          "required": true
        }
      }
    ],
    "Range": [],
    "DataSources": [],
    "AutoExecute": false,
    "isAsync": true,
    "hasMembersUpdates": false,
    "Compact": false,
    "TwoColumn": false,
    "IsGlobalForExcelAddIn": false,
    "ReturnFilterByUpdate": false,
    "ExcludeFromNavLink": false,
    "FilterFieldBindings": []
  },
  "Widget": null,
  "Roles": []
}