{
  "MeasureName": "Minimum Allocation Depth",
  "MeasureId": "c26fd473-1c53-b95b-81d3-adc2d3a6e406",
  "MeasureDescription": "Minimum Qty of an item planned at Location Level",
  "DataType": "number",
  "MeasureType": "Regular",
  "AggregateFunction": "AvgNonNull",
  "FormatString": "#,##0;(#,##0)",
  "MeasureColumnName": null,
  "MeasureFormula": "",
  "IsEditable": true,
  "ApplyConversion": false,
  "ConversionFormula": "",
  "PickListName": null,
  "BgColorFormula": "",
  "FgColorFormula": "",
  "TrendFormula": "",
  "FormattingViewModel": "[]",
  "ParentMeasureName": null,
  "AssociationMeasure": false,
  "IsComputedByPlanningService": false,
  "ToolTip": "Minimum Depth",
  "ConfigJson": null,
  "ApiName": null,
  "ApiDisabled": false,
  "IsReportingMeasure": false,
  "MeasureConditionalFormulaProperties": [],
  "PicklistSource": null
}