{
  "MeasureName": "Offer Week",
  "MeasureId": "ae01d2ec-f2ab-4822-ae11-e778e718e7f9",
  "MeasureDescription": "Offer Week",
  "DataType": "integer",
  "MeasureType": "Regular",
  "AggregateFunction": "Min",
  "FormatString": "#,##0;(#,##0)",
  "MeasureColumnName": "OfferWeek",
  "MeasureFormula": "",
  "IsEditable": false,
  "ApplyConversion": false,
  "ConversionFormula": "",
  "PickListName": null,
  "BgColorFormula": "",
  "FgColorFormula": "",
  "TrendFormula": "",
  "FormattingViewModel": "[]",
  "ParentMeasureName": null,
  "AssociationMeasure": false,
  "IsComputedByPlanningService": false,
  "ToolTip": "Offer Week",
  "ConfigJson": {},
  "ApiName": null,
  "ApiDisabled": false,
  "IsReportingMeasure": false,
  "MeasureConditionalFormulaProperties": [],
  "PicklistSource": null
}