{
  "AttributeName": "Retail_AP_BP_Department_NN",
  "AttributeId": "89310a7f-0165-22e8-4eaa-5ee332b74c1a",
  "AttributeHierarchyEnabled": true,
  "IsKey": false,
  "Description": "Retail AP Buy Plan Department Named Node",
  "OrderBy": "Key",
  "KeyColumnName": "Retail_AP_BP_Department_NNKey",
  "NameColumnName": "Retail_AP_BP_Department_NNName",
  "KeyColumnDataType": "integer",
  "SeedTags": true,
  "KeyGenerationType": "Auto",
  "PickListName": null,
  "ConfigJson": {
    "ShowFilterAs": "TileView",
    "MemberDisplayNameEditable": true,
    "IsMultipleImage": false,
    "MemberDisplayColor": false
  },
  "FormatString": null,
  "Translation": null,
  "Aliases": [],
  "ApiName": null,
  "ApiDisabled": false,
  "ParentAttributeName": null,
  "NamedNodeUsages": [
    {
      "DimensionName": "Item",
      "AttributeName": "L4",
      "Sequence": 0
    }
  ]
}