{
  "Name": "MFPInfoLPSalesPlan",
  "Description": "Information",
  "ActionButtonId": "793b54ee-9e4c-eae0-838a-0c55844c3aed",
  "Tooltip": "Report Information",
  "ActionButtonType": "Widget",
  "Alignment": "right",
  "IsPopOver": true,
  "IsGlobal": true,
  "ActionClickHandler": null,
  "Icon": null,
  "Image": null,
  "ConfigJson": {
    "icon": "info-circle",
    "SubmitButton": {
      "Label": " "
    },
    "ResetButton": {},
    "CloseButton": {
      "Label": " "
    },
    "NotifyRoles": false,
    "NotifyAll": false,
    "IBPLRules": [],
    "JavascriptRules": [],
    "FieldBindings": [
      {
        "fieldName": "Information",
        "title": "Information",
        "type": "info",
        "clearSearch": true,
        "source": "literal",
        "defaultValue": "<!DOCTYPE html> <html lang=\"en\"> <head>     <meta charset=\"UTF-8\">     <meta name=\"viewport\" content=\"width=device-width, initial-scale=1.0\">     <title>Location Plan Seeding - Department × Store/Region Level</title>     <style>         body {             text-align: left;         }         p, a, strong, span {             text-align: left;             display: block;         }     </style> </head> <body>     <p><strong>Overview</strong></p>     <p>         Allows the merchandise planner to seed the Location Plan with historical sales data at the Department × Store/Region level.          This enables them to plan Sales, Margin, Receipts, Store Size, and other key components for future seasons, using past trends as a foundation.     </p>     <p>         <a href=\"https://docs.google.com/spreadsheets/d/1Lpofne7zD4myBYE_IqogQP-6cwPyoLz0UzOreS4NT8U/edit?gid=1167015010#gid=1167015010\" target=\"_blank\">             Sales Calculation         </a>     </p>      <p><strong>How to Use</strong></p>     <p>         1. Click \"Seed plan\" to seed 'BU Ttl Sls Rtl' with any of the options - LY, LLY, LLLY, LRP, Adj LY.<br>         <span style=\"padding-left: 20px;\">(LRP - LY Actuals + Planned values for unrealized months,<br>           Adj LY - Based on week mapping present in Planning Admin workspace)</span><br><br>          2. Planner plans Sales, Components of Sales, Growth, and Margin values for the planning season.<br><br>          3. Click \"Approve Plan\" to copy the values to the Approved set of measures which can be seen in the next view \"Approved Plan\".<br><br>          4. Click \"Add New Store\" to create a placeholder store by entering the store name and selecting the reporting location.<br><br>          5. Use \"Seed From Like Stores\" to copy data from an existing store to a new store, based on Department, Quarter, Channel, and Selling Season.<br><br>     </p> </body> </html>",
        "visible": true,
        "isEditable": true,
        "validation": {
          "maxLength": "0",
          "required": true
        }
      }
    ],
    "Range": [],
    "DataSources": [],
    "AutoExecute": false,
    "isAsync": false,
    "hasMembersUpdates": false,
    "Compact": false,
    "TwoColumn": false,
    "IsGlobalForExcelAddIn": false,
    "ReturnFilterByUpdate": false,
    "ExcludeFromNavLink": false,
    "FilterFieldBindings": []
  },
  "Widget": null,
  "Roles": []
}