{
  "MeasureName": "o9EKG Task Duration",
  "MeasureId": "d395f997-2f19-df76-d535-97686ea516da",
  "MeasureDescription": "o9EKG Task Duration",
  "DataType": "number",
  "MeasureType": "Regular",
  "AggregateFunction": "Median",
  "FormatString": "#,##0; (#,##0)",
  "MeasureColumnName": "o9EKGTaskDuration",
  "MeasureFormula": "",
  "IsEditable": false,
  "ApplyConversion": false,
  "ConversionFormula": "",
  "PickListName": null,
  "BgColorFormula": "",
  "FgColorFormula": "",
  "TrendFormula": "",
  "FormattingViewModel": "[]",
  "ParentMeasureName": null,
  "AssociationMeasure": false,
  "IsComputedByPlanningService": false,
  "ToolTip": "o9EKG Task Duration",
  "ConfigJson": {},
  "ApiName": null,
  "ApiDisabled": false,
  "IsReportingMeasure": false,
  "MeasureConditionalFormulaProperties": [],
  "PicklistSource": null
}