{
  "EdgePropertyId": "83c56ca7-f91d-4fbd-9c57-9bee6b62f7aa",
  "PropertyName": "D Substitute Item Consumed Per Item Input",
  "PropertyDescription": "Substitute Item Consumed Per Intermediate",
  "PropertyDataType": "number",
  "PropertyDataSize": 0,
  "PropertyColumnName": "DSubstituteItemConsumedPerItemInput",
  "AggregateFunction": "Max",
  "PropertyFormula": null,
  "IsEditable": false,
  "FormatString": "#,##0",
  "ActivationProperty": false,
  "IsComputedByPlanningService": false,
  "ToolTip": null,
  "ApiName": null,
  "ApiDisabled": false,
  "BgColorFormula": null,
  "FgColorFormula": null,
  "TrendFormula": null,
  "FormattingViewModel": null,
  "ConditionalFormulas": []
}