{
  "MeasureGroupName": "020.006 Material Node Priority Helpers",
  "MeasureGroupId": "4be8704e-264b-4feb-9abb-399442ab5879",
  "ParentMeasureGroupName": null,
  "HasShadow": false,
  "MeasureGroupDescription": "Material Node Priority Helpers",
  "MeasureGroupType": "Regular",
  "FactTableName": "Fact020.006MaterialNodePriorityHelpers",
  "SchemaMajorVersion": 0,
  "ConfigJson": {},
  "ApiName": null,
  "Repartition": false,
  "Unpartition": false,
  "ApiEnabled": false,
  "DimensionUsages": [
    {
      "DimensionName": "Version",
      "AttributeName": "Version Name",
      "SortOrder": 0,
      "DimensionType": "Regular"
    }
  ]
}