{
  "MeasureName": "Off - Impulse Fund Actual Input",
  "MeasureId": "65d53e73-ab4f-4c64-a16b-688c7931eacd",
  "MeasureDescription": "Off - Impulse Fund Actual Input (used by interfaces to populate data in o9 system)",
  "DataType": "number",
  "MeasureType": "Regular",
  "AggregateFunction": "Sum",
  "FormatString": "$#,##0;($#,##0)",
  "MeasureColumnName": "Off-ImpulseFundActualInput",
  "MeasureFormula": "",
  "IsEditable": false,
  "ApplyConversion": false,
  "ConversionFormula": "",
  "PickListName": null,
  "BgColorFormula": null,
  "FgColorFormula": null,
  "TrendFormula": null,
  "FormattingViewModel": null,
  "ParentMeasureName": null,
  "AssociationMeasure": false,
  "IsComputedByPlanningService": false,
  "ToolTip": "Off - Impulse Fund Actual Input (used by interfaces to populate data in o9 system)",
  "ConfigJson": {},
  "ApiName": null,
  "ApiDisabled": false,
  "IsReportingMeasure": false,
  "MeasureConditionalFormulaProperties": [],
  "PicklistSource": null
}