{
  "MeasureName": "End Week SC L",
  "MeasureId": "aad87599-4cf1-4109-b040-ec51523eea1a",
  "MeasureDescription": "End Week",
  "DataType": "datetime",
  "MeasureType": "Regular",
  "AggregateFunction": "Max",
  "FormatString": "dd-MMM-yyyy",
  "MeasureColumnName": "APEndWeekRR",
  "MeasureFormula": "",
  "IsEditable": true,
  "ApplyConversion": false,
  "ConversionFormula": "",
  "PickListName": null,
  "BgColorFormula": " IF(Measure.[End Week SC L]<Measure.[Start Week SC L]) then argb( 1,255, 0, 0)",
  "FgColorFormula": "",
  "TrendFormula": "",
  "FormattingViewModel": "[\r\n  {\r\n    \"BGCOLOR\": \"argb(1,255,0,0)\",\r\n    \"Condition\": \"Measure.[End Week SC L]<Measure.[Start Week SC L]\"\r\n  }\r\n]",
  "ParentMeasureName": null,
  "AssociationMeasure": false,
  "IsComputedByPlanningService": true,
  "ToolTip": "End Week",
  "ConfigJson": {},
  "ApiName": null,
  "ApiDisabled": false,
  "IsReportingMeasure": false,
  "MeasureConditionalFormulaProperties": [
    {
      "MeasureName": null,
      "ConditionalFormula": "Measure.[End Week SC L]<Measure.[Start Week SC L]",
      "BGCOLOR": "argb(1,255,0,0)",
      "LegendText": "",
      "DisplayOrder": 0
    }
  ],
  "PicklistSource": null
}