{
  "MeasureName": "Corrected Sales Percentage",
  "MeasureId": "1dedba9d-2031-f9fe-0a29-e6446a82d4b7",
  "MeasureDescription": "Corrected Sales Percentage",
  "DataType": "number",
  "MeasureType": "Regular",
  "AggregateFunction": "Computed",
  "FormatString": "#.##%",
  "MeasureColumnName": "CorrectedSalesPercentage",
  "MeasureFormula": "(Measure.[Sales After Correction] - Measure.[Sales Before Correction])/Measure.[Sales Before Correction]",
  "IsEditable": false,
  "ApplyConversion": false,
  "ConversionFormula": "",
  "PickListName": null,
  "BgColorFormula": " IF(Measure.[Corrected Sales Percentage]>0.20 || Measure.[Corrected Sales Percentage]<-0.20) then argb( 1,255, 169, 169)",
  "FgColorFormula": "",
  "TrendFormula": "",
  "FormattingViewModel": "[\r\n  {\r\n    \"BGCOLOR\": \"argb(1,255,169,169)\",\r\n    \"Condition\": \"Measure.[Corrected Sales Percentage]>0.20||Measure.[Corrected Sales Percentage]<-0.20\"\r\n  }\r\n]",
  "ParentMeasureName": null,
  "AssociationMeasure": false,
  "IsComputedByPlanningService": false,
  "ToolTip": "Corrected Sales Percentage",
  "ConfigJson": {},
  "ApiName": null,
  "ApiDisabled": false,
  "IsReportingMeasure": false,
  "MeasureConditionalFormulaProperties": [
    {
      "MeasureName": null,
      "ConditionalFormula": "Measure.[Corrected Sales Percentage]>0.20 || Measure.[Corrected Sales Percentage]<-0.20",
      "BGCOLOR": "rgba(255,169,169,1)",
      "LegendText": "",
      "DisplayOrder": 0
    }
  ],
  "PicklistSource": null
}