{
  "Name": "Ranging",
  "WidgetDefinitionName": "Assortment-Store Ranging",
  "IsPrimary": false,
  "ConfigJson": {
    "ContainerId": "edf93345-99e7-4949-89fd-d40a07cd352a",
    "CompositeContainerId": null,
    "Position": 0,
    "ShowInfoContext": {
      "MemberInfo": true
    },
    "ShowHeader": {
      "Icon": "",
      "Color": null
    },
    "ActionButtonBindings": [
      {
        "ActionButtonName": "AP53CopyRangeMetrics",
        "HotKey": "",
        "ExcludeHiddenAttributes": false,
        "ModuleId": "97428148-218e-4b85-81d1-68ef84f70b05"
      },
      {
        "ActionButtonName": "AP41ApproveRanging",
        "HotKey": "",
        "ExcludeHiddenAttributes": false,
        "ModuleId": "97428148-218e-4b85-81d1-68ef84f70b05"
      },
      {
        "ActionButtonName": "APInfoRanging01",
        "HotKey": "",
        "ExcludeHiddenAttributes": false,
        "ModuleId": "97428148-218e-4b85-81d1-68ef84f70b05"
      }
    ],
    "Navigations": {
      "ShowMemberSpecific": false,
      "RowNavigationList": {
        "AllowMultiRowSelection": true,
        "Views": [
          {
            "ViewId": "de83ee27-1d80-70a1-c15b-76cadf91c982"
          },
          {
            "ViewId": "7816ccbd-e6e3-f6c9-f661-9fd9a04a2469"
          },
          {
            "ViewId": "2e2a8937-2948-7390-13ca-69851d2431ba"
          },
          {
            "ViewId": "e7cc8f79-87d3-dec8-29c4-6c76a05c55aa"
          }
        ],
        "ActionButtons": []
      },
      "MemberNavigationList": [
        {
          "LevelAttribute": {
            "Id": "c8215069-c134-49e6-a1de-5f681eb07b83"
          },
          "Views": [
            {
              "ViewId": "de83ee27-1d80-70a1-c15b-76cadf91c982"
            },
            {
              "ViewId": "2e2a8937-2948-7390-13ca-69851d2431ba"
            },
            {
              "ViewId": "e7cc8f79-87d3-dec8-29c4-6c76a05c55aa"
            },
            {
              "ViewId": "7816ccbd-e6e3-f6c9-f661-9fd9a04a2469"
            }
          ],
          "ActionButtons": []
        }
      ]
    },
    "FilterPromotions": [],
    "FilterScopes": [
      {
        "LevelAttribute": {
          "Dimension": "Selling Season"
        },
        "Scope": "Widget",
        "Type": "UIPref",
        "Widget": "42966120-5ef4-3371-c957-6a5abde32e79"
      },
      {
        "LevelAttribute": {
          "Dimension": "Item"
        },
        "Scope": "Widget",
        "Type": "UIPref",
        "Widget": "42966120-5ef4-3371-c957-6a5abde32e79"
      },
      {
        "LevelAttribute": {
          "Dimension": "Sales Domain"
        },
        "Scope": "Widget",
        "Type": "UIPref",
        "Widget": "42966120-5ef4-3371-c957-6a5abde32e79"
      }
    ]
  },
  "ViewWidgetDefinitionId": "79d3ce8a-f3e2-48b5-b7e8-7b5b1a6c6658",
  "Title": "Store Ranging"
}