{
  "AttributeName": "EXT Sub Category",
  "AttributeId": "9a3b4c4f-0974-e274-3bc6-b441d63f14a1",
  "AttributeHierarchyEnabled": true,
  "IsKey": false,
  "Description": "External Sub Category derived from syndicated data sources",
  "OrderBy": "Key",
  "KeyColumnName": "EXTSubCategoryKey",
  "NameColumnName": "EXTSubCategoryName",
  "KeyColumnDataType": "integer",
  "SeedTags": false,
  "KeyGenerationType": "Auto",
  "PickListName": null,
  "ConfigJson": {
    "ShowFilterAs": "TileView",
    "MemberDisplayNameEditable": true,
    "IsMultipleImage": false,
    "MemberDisplayColor": false
  },
  "FormatString": null,
  "Translation": null,
  "Aliases": [],
  "ApiName": null,
  "ApiDisabled": false,
  "FgColorFormula": "",
  "BgColorFormula": "",
  "IsReservedBySystem": false
}