{
  "MeasureGroupName": "001.006 Data Reconciliation Metric",
  "MeasureGroupId": "53177d5f-d746-4f23-b6cf-2217125d272f",
  "ParentMeasureGroupName": null,
  "HasShadow": false,
  "MeasureGroupDescription": "001.006 Data Reconciliation Metric",
  "MeasureGroupType": "Regular",
  "FactTableName": "Fact001.006DataReconciliationMetric",
  "SchemaMajorVersion": 0,
  "ConfigJson": {},
  "ApiName": null,
  "Repartition": false,
  "Unpartition": false,
  "ApiEnabled": false,
  "DimensionUsages": [
    {
      "DimensionName": "Version",
      "AttributeName": "Version Name",
      "SortOrder": 0,
      "DimensionType": "Regular"
    },
    {
      "DimensionName": "Source",
      "AttributeName": "Source Type",
      "SortOrder": 2,
      "DimensionType": "Regular"
    },
    {
      "DimensionName": "Batch ID",
      "AttributeName": "Batch ID Solution Name",
      "SortOrder": 3,
      "DimensionType": "Regular"
    },
    {
      "DimensionName": "Entity",
      "AttributeName": "Entity Name",
      "SortOrder": 5,
      "DimensionType": "Regular"
    },
    {
      "DimensionName": "Sequence ID",
      "AttributeName": "Sequence ID",
      "SortOrder": 6,
      "DimensionType": "Regular"
    },
    {
      "DimensionName": "Integration Batch ID",
      "AttributeName": "Integration Batch ID Solution Name",
      "SortOrder": 7,
      "DimensionType": null
    }
  ]
}