{
  "Name": "Attribute2-Ranging Assorted Thumbnail",
  "WidgetDefinitionName": "Attribute2-Ranging Assorted Thumbnail",
  "IsPrimary": false,
  "ConfigJson": {
    "ContainerId": "ee5ee87d-9206-4942-beec-f638163a19c0",
    "CompositeContainerId": null,
    "Position": 2,
    "ShowInfoContext": {
      "ActionColumn": true,
      "RowInfo": true,
      "MemberInfo": true
    },
    "ShowHeader": {
      "Icon": "",
      "Color": null
    }
  },
  "ViewWidgetDefinitionId": "103c87b2-115c-ae2f-7114-aad8a3dc35a6",
  "Title": "By Price Point"
}