{
  "Name": "o9EKGTotalErrorCount",
  "Description": "Displays Total errors",
  "ActionButtonId": "f6053d18-e958-7a45-b073-96403d9bb4f6",
  "Tooltip": "Displays Total errors",
  "ActionButtonType": "Info",
  "Alignment": "right",
  "IsPopOver": true,
  "IsGlobal": true,
  "ActionClickHandler": null,
  "Icon": null,
  "Image": null,
  "ConfigJson": {
    "SubmitButton": {},
    "Info": {
      "Text": "select (\"Total error count for the Project : {{ErrorMessage}} \");"
    },
    "FieldBindings": [
      {
        "fieldName": "ErrorMessage",
        "title": "ErrorMessage",
        "type": "string",
        "selectionType": "single",
        "clearSearch": false,
        "source": "datasource",
        "key": "ErrorList",
        "valueField": "result",
        "textField": "result",
        "overrideFieldBindingType": false,
        "visible": true,
        "isEditable": true,
        "validation": {
          "maxLength": "0",
          "required": true
        }
      }
    ],
    "Range": [],
    "DataSources": [
      {
        "Name": "ErrorList",
        "IBPLRules": [
          {
            "template": "((Select (&CWV * [Sequence].[Sequence] * [o9EKG Table].[Table Name] * [o9EKG Customer].[Project Name].[{{Project}}]) on row, ({Measure.[o9EKG Table Included], Measure.[o9EKG Total errors]}) on column).filter( Measure.[o9EKG Table Included] == 1 )).count;"
          }
        ],
        "JavascriptRules": [],
        "IncludeDSFieldsOnly": true,
        "FieldBindings": [
          {
            "fieldName": "Project",
            "title": "Project",
            "type": "string",
            "selectionType": "single",
            "clearSearch": true,
            "source": "filter",
            "DimensionName": "o9EKG Customer",
            "LevelAttributeName": "Project Name",
            "visible": true,
            "isEditable": true,
            "validation": {
              "maxLength": "0",
              "required": true
            }
          }
        ]
      }
    ]
  },
  "Widget": null,
  "Roles": []
}