{
  "Name": "o9EKGAddIndustry",
  "Description": null,
  "ActionButtonId": "f67d1456-2c1d-6121-8cbe-924fe7d49420",
  "Tooltip": "Add Industry",
  "ActionButtonType": "Widget",
  "Alignment": "right",
  "IsPopOver": true,
  "IsGlobal": true,
  "ActionClickHandler": null,
  "Icon": null,
  "Image": null,
  "ConfigJson": {
    "icon": "plus-square-o",
    "SubmitButton": {
      "Label": "Submit"
    },
    "ResetButton": {},
    "CloseButton": {
      "Label": "Close"
    },
    "NotifyAll": false,
    "IBPLRules": [
      {
        "template": "// New Member //\n\ncreatemember( [o9EKG Industry].[Industry] = { , \"{{AddInd}}\" } );"
      }
    ],
    "JavascriptRules": [],
    "FieldBindings": [
      {
        "fieldName": "AddInd",
        "title": "Industry",
        "type": "string",
        "clearSearch": true,
        "source": "literal",
        "visible": true,
        "isEditable": true,
        "validation": {
          "maxLength": "0",
          "required": true
        }
      }
    ],
    "DataSources": [],
    "AutoExecute": false,
    "isAsync": false,
    "hasMembersUpdates": true,
    "Compact": true,
    "TwoColumn": false,
    "IsGlobalForExcelAddIn": false,
    "ReturnFilterByUpdate": false,
    "ExcludeFromNavLink": false,
    "FilterFieldBindings": []
  },
  "Widget": null
}