{
  "HierarchyName": "Sales Account Customer Group Hierarchy",
  "HierarchyId": "4cc07316-1edb-54a0-bde3-ec9cee470fec",
  "HierarchyDescription": "Sales Account Customer Group Hierarchy",
  "Translations": null,
  "Levels": [
    {
      "LevelName": "All Sales Domain",
      "LevelId": "a9b976c1-4617-192e-13f4-cff03a0dc333",
      "SourceAttributeName": "All Sales Domain",
      "LevelDescription": "All Sales Domain",
      "LevelPosition": 0,
      "Translations": null
    },
    {
      "LevelName": "Sales Account L4",
      "LevelId": "8beaaeca-df4c-56a3-1b64-8a70fcf38ef5",
      "SourceAttributeName": "Sales Account L4",
      "LevelDescription": "Sales Account L4",
      "LevelPosition": 1,
      "Translations": null
    },
    {
      "LevelName": "Sales Account L3",
      "LevelId": "c1cc6951-c5ea-b6da-75c0-f1fa59f8dd2d",
      "SourceAttributeName": "Sales Account L3",
      "LevelDescription": "Sales Account L3",
      "LevelPosition": 2,
      "Translations": null
    },
    {
      "LevelName": "Sales Account L2",
      "LevelId": "dcd0a1c2-0dfe-6060-162e-d925531f94e1",
      "SourceAttributeName": "Sales Account L2",
      "LevelDescription": "Sales Account L2",
      "LevelPosition": 3,
      "Translations": null
    },
    {
      "LevelName": "Sales Account L1",
      "LevelId": "79d6b682-1927-5fc5-87a6-b08e3e1880e5",
      "SourceAttributeName": "Sales Account L1",
      "LevelDescription": "Sales Account L1",
      "LevelPosition": 4,
      "Translations": null
    },
    {
      "LevelName": "Sales Planning Account",
      "LevelId": "1fee0868-e773-4393-9ece-7e26937e6f2c",
      "SourceAttributeName": "Sales Planning Account",
      "LevelDescription": "Sales Planning Account",
      "LevelPosition": 5,
      "Translations": null
    },
    {
      "LevelName": "Customer Group",
      "LevelId": "e84fa5f3-7d31-7c5d-9916-a2ea85d870f6",
      "SourceAttributeName": "Customer Group",
      "LevelDescription": "SubChannel",
      "LevelPosition": 6,
      "Translations": null
    }
  ],
  "IsEnabled": true,
  "ErrorMessage": null
}