{
  "HierarchyName": "Sales Channel Customer Group Hierarchy",
  "HierarchyId": "cf8d15b2-444c-29fa-d4ba-622fb5db6ae8",
  "HierarchyDescription": "Sales Channel Customer Group Hierarchy",
  "Translations": null,
  "Levels": [
    {
      "LevelName": "All Sales Domain",
      "LevelId": "db63b681-93a4-cd0e-699c-09626af3ef22",
      "SourceAttributeName": "All Sales Domain",
      "LevelDescription": "All Sales Domain",
      "LevelPosition": 0,
      "Translations": null
    },
    {
      "LevelName": "Sales Channel L2",
      "LevelId": "fe5b3fa9-4563-1109-974f-2cffc3abf714",
      "SourceAttributeName": "Sales Channel L2",
      "LevelDescription": "Sales Channel L2",
      "LevelPosition": 1,
      "Translations": null
    },
    {
      "LevelName": "Sales Channel L1",
      "LevelId": "72aeff04-a842-8934-2b90-41afed1b0b4e",
      "SourceAttributeName": "Sales Channel L1",
      "LevelDescription": "Sales Channel L1",
      "LevelPosition": 2,
      "Translations": null
    },
    {
      "LevelName": "Sales Planning Channel",
      "LevelId": "68131d99-9b04-8b56-31bf-da547958d92a",
      "SourceAttributeName": "Sales Planning Channel",
      "LevelDescription": "Sales Planning Channel",
      "LevelPosition": 3,
      "Translations": null
    },
    {
      "LevelName": "Customer Group",
      "LevelId": "eff12983-823e-1c09-43ac-0548cd269710",
      "SourceAttributeName": "Customer Group",
      "LevelDescription": "SubChannel",
      "LevelPosition": 4,
      "Translations": null
    }
  ],
  "IsEnabled": true,
  "ErrorMessage": null
}