{
  "MeasureGroupName": "001.014 Allocation Cluster Level Input",
  "MeasureGroupId": "95b5886e-9de1-c06b-9ec4-7757714d56c9",
  "ParentMeasureGroupName": null,
  "HasShadow": false,
  "MeasureGroupDescription": "001.014 Allocation Cluster Level Input",
  "MeasureGroupType": "Regular",
  "FactTableName": "Fact001.014AllocationClusterLevelInput",
  "SchemaMajorVersion": 0,
  "ConfigJson": {},
  "ApiName": null,
  "Repartition": false,
  "Unpartition": false,
  "ApiEnabled": false,
  "DimensionUsages": [
    {
      "DimensionName": "Version",
      "AttributeName": "Version Name",
      "SortOrder": 0,
      "DimensionType": "Regular"
    },
    {
      "DimensionName": "Item",
      "AttributeName": "Planning Item",
      "SortOrder": 1,
      "DimensionType": null
    },
    {
      "DimensionName": "Cluster",
      "AttributeName": "Cluster",
      "SortOrder": 2,
      "DimensionType": null
    }
  ]
}