{
  "Name": "Demand Netting Parameter Inputs",
  "WidgetDefinitionName": "Demand Netting Parameter Inputs",
  "IsPrimary": true,
  "ConfigJson": {
    "ContainerId": "a2a110dc-6550-43c4-bd20-69581bc34d91",
    "CompositeContainerId": null,
    "Position": 0,
    "ShowInfoContext": {
      "ActionColumn": true,
      "RowInfo": true,
      "MemberInfo": true
    },
    "ShowHeader": null,
    "ActionButtonBindings": [
      {
        "ActionButtonName": "PCSupplyPlan0100NettingCG",
        "HotKey": "N",
        "ExcludeHiddenAttributes": false,
        "ModuleId": "69c63dc5-4f82-4296-89e9-7839154cd5be"
      }
    ]
  },
  "ViewWidgetDefinitionId": "47da1a32-f146-f8d5-e09f-8c7016c6631d",
  "Title": "Demand Netting Parameter Inputs"
}