{
  "AttributeName": "UserName",
  "AttributeId": "656f0f2b-6257-436d-3a25-c7c013e9bbfb",
  "AttributeHierarchyEnabled": false,
  "IsKey": false,
  "Description": "UserName",
  "OrderBy": "Key",
  "KeyColumnName": "UserNameKey",
  "NameColumnName": null,
  "KeyColumnDataType": "string",
  "SeedTags": false,
  "KeyGenerationType": null,
  "PickListName": null,
  "ConfigJson": {
    "IsVisible": true,
    "IsEditable": true
  },
  "FormatString": "",
  "Translation": null,
  "Aliases": [],
  "ApiName": null,
  "ApiDisabled": false
}
