{
  "MeasureName": "TD Vs LLLY FP Sls Growth %",
  "MeasureId": "542a337f-50c6-4bc8-bc69-97b77e9abc58",
  "MeasureDescription": "TD Full Price Sales Growth Vs 3LY Full Price Sales",
  "DataType": "number",
  "MeasureType": "Regular",
  "AggregateFunction": "Computed",
  "FormatString": "0.00%",
  "MeasureColumnName": "TDVsLLLYSlsFPGrowth%",
  "MeasureFormula": "Safedivide (Measure.[TD FP Sls Rtl]- Measure.[LLLY FP Sls Rtl],Measure.[LLLY FP Sls Rtl])",
  "IsEditable": false,
  "ApplyConversion": false,
  "ConversionFormula": "",
  "PickListName": null,
  "BgColorFormula": "",
  "FgColorFormula": "",
  "TrendFormula": "",
  "FormattingViewModel": "[]",
  "ParentMeasureName": null,
  "AssociationMeasure": false,
  "IsComputedByPlanningService": false,
  "ToolTip": "(TD Sales Full Price Rtl - 3LY Sales Full Price Rtl)/3LY Sales Full Price Rtl",
  "ConfigJson": {},
  "ApiName": null,
  "ApiDisabled": false,
  "IsReportingMeasure": true,
  "MeasureConditionalFormulaProperties": [],
  "PicklistSource": null
}