{
  "MeasureName": "TD Stock Turn",
  "MeasureId": "e76ea1f1-ac64-4b96-84bb-624f31280192",
  "MeasureDescription": "TD Stock Turn",
  "DataType": "number",
  "MeasureType": "Regular",
  "AggregateFunction": "Computed",
  "FormatString": "(0,000.00a)",
  "MeasureColumnName": "TDTargetTurns",
  "MeasureFormula": "Safedivide(Measure.[TD Ttl Sls Rtl], Measure.[TD Avg Stock Rtl])",
  "IsEditable": true,
  "ApplyConversion": false,
  "ConversionFormula": "",
  "PickListName": null,
  "BgColorFormula": "",
  "FgColorFormula": "",
  "TrendFormula": "",
  "FormattingViewModel": "[]",
  "ParentMeasureName": null,
  "AssociationMeasure": false,
  "IsComputedByPlanningService": false,
  "ToolTip": "TD Stock Turn",
  "ConfigJson": {},
  "ApiName": null,
  "ApiDisabled": false,
  "IsReportingMeasure": false,
  "MeasureConditionalFormulaProperties": [],
  "PicklistSource": null
}