{
  "MeasureName": "Net REV Actual vs LY Gap",
  "MeasureId": "a34442a5-a1ab-4b3c-981b-18e63a7ee283",
  "MeasureDescription": "Net REV Actual - Net REV Actual LY",
  "DataType": "number",
  "MeasureType": "Regular",
  "AggregateFunction": "Computed",
  "FormatString": "$#,##0;($#,##0)",
  "MeasureColumnName": "NetREVActualvsLYGap",
  "MeasureFormula": "sum(Measure.[Net REV Actual], -1 * Measure.[Net REV Actual LY])",
  "IsEditable": false,
  "ApplyConversion": false,
  "ConversionFormula": "",
  "PickListName": null,
  "BgColorFormula": "",
  "FgColorFormula": "",
  "TrendFormula": "",
  "FormattingViewModel": null,
  "ParentMeasureName": null,
  "AssociationMeasure": false,
  "IsComputedByPlanningService": false,
  "ToolTip": "Net REV Actual - Net REV Actual LY",
  "ConfigJson": {},
  "ApiName": null,
  "ApiDisabled": false,
  "IsReportingMeasure": true,
  "MeasureConditionalFormulaProperties": [],
  "PicklistSource": null
}