{
  "AttributeName": "Event Creation Date",
  "AttributeId": "d7246618-1ec3-4512-a6fe-c360d7e86005",
  "AttributeHierarchyEnabled": false,
  "IsKey": false,
  "Description": "Event Creation Date",
  "OrderBy": "Key",
  "KeyColumnName": "EventCreationDateKey",
  "NameColumnName": null,
  "KeyColumnDataType": "datetime",
  "SeedTags": false,
  "KeyGenerationType": null,
  "PickListName": null,
  "ConfigJson": {
    "IsVisible": true,
    "IsEditable": false
  },
  "FormatString": "MM-dd-yyyy",
  "Translation": null,
  "Aliases": [],
  "ApiName": null,
  "ApiDisabled": false
}