{
  "AttributeName": "Profile",
  "AttributeId": "ab1175d9-f3a8-7125-51c2-d587d7f10628",
  "AttributeHierarchyEnabled": true,
  "IsKey": false,
  "Description": "Profile",
  "OrderBy": "Name",
  "KeyColumnName": "ProfileKey",
  "NameColumnName": "ProfileName",
  "KeyColumnDataType": "integer",
  "SeedTags": false,
  "KeyGenerationType": "Auto",
  "PickListName": null,
  "ConfigJson": {
    "ShowFilterAs": "TileView",
    "MemberDisplayNameEditable": true,
    "IsMultipleImage": false,
    "MemberDisplayColor": false
  },
  "FormatString": null,
  "Translation": null,
  "Aliases": [],
  "ApiName": null,
  "ApiDisabled": false,
  "FgColorFormula": null,
  "BgColorFormula": null,
  "IsReservedBySystem": false
}