{
  "MeasureGroupName": "001.002D Seed Inputs Demand Types",
  "MeasureGroupId": "563f7c0b-cf18-42a8-b160-8a414b4996d1",
  "ParentMeasureGroupName": null,
  "HasShadow": false,
  "MeasureGroupDescription": "Netting Demand Type Association",
  "MeasureGroupType": "Regular",
  "FactTableName": "Fact001.002DSeedInputsDemandTypes",
  "SchemaMajorVersion": 0,
  "ConfigJson": {},
  "ApiName": null,
  "Repartition": false,
  "Unpartition": false,
  "ApiEnabled": false,
  "DimensionUsages": [
    {
      "DimensionName": "Version",
      "AttributeName": "Version Name",
      "SortOrder": 0,
      "DimensionType": "Regular"
    },
    {
      "DimensionName": "Demand Type",
      "AttributeName": "Demand Type",
      "SortOrder": 1,
      "DimensionType": "Regular"
    }
  ]
}