{
  "MeasureName": "TD Vs LLLY Ttl Sls Rtl Growth %",
  "MeasureId": "316b13a3-6290-9efe-e362-4c188af81cdd",
  "MeasureDescription": "TD Vs LLLY Ttl Sls Rtl Growth %",
  "DataType": "number",
  "MeasureType": "Regular",
  "AggregateFunction": "Computed",
  "FormatString": "0.00%",
  "MeasureColumnName": "TDVsLLLYTtlSlsRtlGrowth%",
  "MeasureFormula": "safedivide((Measure.[TD Ttl Sls Rtl] - Measure.[LLLY Ttl Sls Rtl]),Measure.[LLLY Ttl Sls Rtl])",
  "IsEditable": false,
  "ApplyConversion": false,
  "ConversionFormula": null,
  "PickListName": null,
  "BgColorFormula": "",
  "FgColorFormula": "",
  "TrendFormula": "",
  "FormattingViewModel": "[]",
  "ParentMeasureName": null,
  "AssociationMeasure": false,
  "IsComputedByPlanningService": false,
  "ToolTip": "(TD Total Sales Rtl - LLLY Total Sales Rtl)/LLLY Total Sales Rtl",
  "ConfigJson": {},
  "ApiName": null,
  "ApiDisabled": false,
  "IsReportingMeasure": true,
  "MeasureConditionalFormulaProperties": [],
  "PicklistSource": null
}