{
  "MeasureName": "Tenant Order Promising",
  "MeasureId": "4e4d95f2-b935-3910-691a-6db0c5ed3461",
  "MeasureDescription": "Tenant Order Promising",
  "DataType": "picklist",
  "MeasureType": "Regular",
  "AggregateFunction": "Null",
  "FormatString": "",
  "MeasureColumnName": "TenantOrderPromising_1",
  "MeasureFormula": "",
  "IsEditable": true,
  "ApplyConversion": false,
  "ConversionFormula": "",
  "PickListName": "Integration Yes",
  "BgColorFormula": "",
  "FgColorFormula": "",
  "TrendFormula": "",
  "FormattingViewModel": "[]",
  "ParentMeasureName": null,
  "AssociationMeasure": false,
  "IsComputedByPlanningService": false,
  "ToolTip": "Tenant Order Promising",
  "ConfigJson": {},
  "ApiName": null,
  "ApiDisabled": false,
  "IsReportingMeasure": false,
  "MeasureConditionalFormulaProperties": [],
  "PicklistSource": null
}