{
  "Name": "Error Metrics",
  "ViewId": "9d17d111-b6b5-516a-0299-2f4b1feeb6bd",
  "ContentType": "Regular",
  "Title": "Error Metrics",
  "Position": 0,
  "IsDefault": true,
  "Resource": null,
  "RazorViewTemplate": "_containers",
  "ConfigJson": {
    "WidgetContainers": {
      "Containers": [
        1
      ],
      "Key": 0,
      "IsModified": false,
      "ViewSpread": {
        "RowLevel": 60,
        "ColLevel": 12
      },
      "Data": [
        {
          "Id": "d4c06872-285a-4a00-88f5-0c1afff1ebf0",
          "Col": 0,
          "Row": 0,
          "SizeX": 12,
          "SizeY": 60
        }
      ],
      "Composites": {
        "d4c06872-285a-4a00-88f5-0c1afff1ebf0": [
          {
            "Height": 50,
            "CompositeIds": [
              "e43b101d-9cad-4ec8-b309-b7b73b0def57"
            ]
          },
          {
            "Height": 50,
            "CompositeIds": [
              "ff3c3fce-dd61-40e9-b086-99d223b9365a"
            ]
          }
        ]
      }
    }
  },
  "Roles": [
    "admin",
    "dataadmin",
    "public",
    "EKG_DataAdmin",
    "EKG_DataDefault",
    "EKG_Intg_Arch"
  ]
}