{
  "EdgePropertyId": "66361de2-c67a-4bfc-b033-94257d3c80df",
  "PropertyName": "D Dependent FG Item",
  "PropertyDescription": "Dependent FG Item",
  "PropertyDataType": "string",
  "PropertyDataSize": 0,
  "PropertyColumnName": "DDependentFGItem",
  "AggregateFunction": "Sum",
  "PropertyFormula": null,
  "IsEditable": false,
  "FormatString": "(0,000 a)",
  "ActivationProperty": false,
  "IsComputedByPlanningService": false,
  "ToolTip": null,
  "ApiName": null,
  "ApiDisabled": false,
  "BgColorFormula": "",
  "FgColorFormula": "",
  "TrendFormula": "",
  "FormattingViewModel": null,
  "ConditionalFormulas": []
}