{
  "Name": "CopyClass",
  "Description": null,
  "ActionButtonId": "14881212-1542-4b2d-b22e-a87f9e7ab5cc",
  "Tooltip": "Seed With Like Class",
  "ActionButtonType": "Widget",
  "Alignment": "right",
  "IsPopOver": true,
  "IsGlobal": true,
  "ActionClickHandler": null,
  "Icon": null,
  "Image": null,
  "ConfigJson": {
    "DisplayName": "Seed With Like Class",
    "icon": "copy",
    "SubmitButton": {
      "Label": "Submit"
    },
    "ResetButton": {
      "Label": "Reset"
    },
    "CloseButton": {
      "Label": "Close",
      "ConfirmMessage": "Unsaved changes will be lost. Continue?"
    },
    "NotifyAll": false,
    "IBPLRules": [
      {
        "template": "cartesian scope:(Version.[Version Name]{{#filter Version}}*Item.[L3]{{#filter DestClass}}*[Sales Domain].[Sales Planning Channel]{{#filter Channel}}*Time.[Planning Quarter]{{#filter Season}}.relatedmembers([Week]) * Location.[Location Country]{{#filter Market}} * [Selling Season].[Selling Season]);\n\nMeasure.[BU Rec Rtl]= 0;\nMeasure.[BU Ttl Sls Rtl]= 0;\nend scope;\n\nscope:(Version.[Version Name]{{#filter Version}}*Item.[L3]{{#filter DestClass}}*[Sales Domain].[Sales Planning Channel]{{#filter Channel}}*Time.[Planning Quarter]{{#filter Season}}.relatedmembers([Week]) * Location.[Location Country]{{#filter Market}} * [Selling Season].[Selling Season]);\n\nMeasure.[BU Rec Rtl]= Measure.[BU Rec Rtl]@(Item.[L3]{{#filter SourceClass}});\nMeasure.[BU Returns %] = Measure.[BU Returns %]@(Item.[L3]{{#filter SourceClass}});\nMeasure.[BU Sls Rtl] = Measure.[BU Sls Rtl]@(Item.[L3]{{#filter SourceClass}});\nMeasure.[BU FP Sls %] = Measure.[BU FP Sls %]@(Item.[L3]{{#filter SourceClass}});\nMeasure.[LY Sls Rtl] = Measure.[LY Sls Rtl]@(Item.[L3]{{#filter SourceClass}});\nend scope;\n\n\nscope:(Version.[Version Name]{{#filter Version}}*Item.[L3]{{#filter DestClass}}*[Sales Domain].[Sales Planning Channel]{{#filter Channel}}*Time.[Planning Quarter]{{#filter Season}}.relatedmembers([Week]) * Location.[Location Country]{{#filter Market}} * [Selling Season].[Selling Season]);\nMeasure.[BU POS MD Rtl] = Measure.[BU POS MD Rtl]@(Item.[L3]{{#filter SourceClass}});\nMeasure.[BU Perm MD Rtl] = Measure.[BU Perm MD Rtl]@(Item.[L3]{{#filter SourceClass}});\nend scope;"
      }
    ],
    "JavascriptRules": [],
    "FieldBindings": [
      {
        "fieldName": "Version",
        "title": "Version",
        "Description": "Version",
        "type": "picklist",
        "selectionType": "single",
        "clearSearch": true,
        "source": "filter",
        "DimensionName": "Version",
        "LevelAttributeName": "Version Name",
        "visible": true,
        "isEditable": false,
        "validation": {
          "maxLength": "0",
          "required": true
        }
      },
      {
        "fieldName": "SourceClass",
        "title": "Source Class",
        "Description": "Source Class",
        "type": "picklistDropdown",
        "selectionType": "single",
        "clearSearch": true,
        "select": "NONE",
        "source": "members",
        "DimensionName": "Item",
        "LevelAttributeName": "L3",
        "visible": true,
        "isEditable": true,
        "validation": {
          "maxLength": "0",
          "required": true
        }
      },
      {
        "fieldName": "DestClass",
        "title": "Destination Class",
        "Description": "Destination Class",
        "type": "picklistDropdown",
        "selectionType": "single",
        "clearSearch": true,
        "select": "NONE",
        "source": "members",
        "DimensionName": "Item",
        "LevelAttributeName": "L3",
        "visible": true,
        "isEditable": true,
        "validation": {
          "maxLength": "0",
          "required": true
        }
      },
      {
        "fieldName": "Channel",
        "title": "Channel",
        "Description": "Channel",
        "type": "picklist",
        "selectionType": "multiple",
        "clearSearch": true,
        "select": "NONE",
        "source": "members",
        "DimensionName": "Sales Domain",
        "LevelAttributeName": "Sales Planning Channel",
        "visible": true,
        "isEditable": true,
        "validation": {
          "maxLength": "0",
          "required": true
        }
      },
      {
        "fieldName": "Market",
        "title": "Market",
        "Description": "Market",
        "type": "picklist",
        "selectionType": "multiple",
        "clearSearch": true,
        "select": "NONE",
        "source": "members",
        "DimensionName": "Location",
        "LevelAttributeName": "Location Country",
        "visible": true,
        "isEditable": true,
        "validation": {
          "maxLength": "0",
          "required": true
        }
      },
      {
        "fieldName": "Season",
        "title": "Season",
        "Description": "Season",
        "type": "picklist",
        "selectionType": "multiple",
        "clearSearch": true,
        "select": "NONE",
        "source": "members",
        "DimensionName": "Time",
        "LevelAttributeName": "Planning Quarter",
        "FilterExpression": "[Time].[Planning Quarter]",
        "visible": true,
        "isEditable": true,
        "validation": {
          "maxLength": "0",
          "required": true
        }
      }
    ],
    "Range": [],
    "DataSources": [],
    "AutoExecute": false,
    "isAsync": true,
    "hasMembersUpdates": false,
    "Compact": false,
    "TwoColumn": false,
    "IsGlobalForExcelAddIn": false,
    "ReturnFilterByUpdate": false,
    "ExcludeFromNavLink": false,
    "FilterFieldBindings": []
  },
  "Widget": null,
  "Roles": []
}