[
  {
    "Id": 315019,
    "TenantId": 7493,
    "DimensionAttributeId": 4777799,
    "AliasName": "DA Line",
    "AliasDescription": "DA Line",
    "AliasId": "35bb9123-c86a-06bc-1d4b-006d210d2779",
    "DimensionGuid": "00000000-0000-0000-0000-000000000000",
    "DimensionAttributeGuid": "00000000-0000-0000-0000-000000000000",
    "ModuleId": "40787334-d114-4118-82e3-eec1fce692eb"
  },
  {
    "Id": 315044,
    "TenantId": 7493,
    "DimensionAttributeId": 4778088,
    "AliasName": "Destination Location Type",
    "AliasDescription": "Destination Location Type",
    "AliasId": "7ce34e01-eb12-4494-80ee-02d2b434bb07",
    "DimensionGuid": "00000000-0000-0000-0000-000000000000",
    "DimensionAttributeGuid": "00000000-0000-0000-0000-000000000000",
    "ModuleId": "40787334-d114-4118-82e3-eec1fce692eb"
  },
  {
    "Id": 314969,
    "TenantId": 7493,
    "DimensionAttributeId": 4777444,
    "AliasName": "EKG Activity",
    "AliasDescription": "EKG Activity",
    "AliasId": "df758972-fbc9-8646-0fc1-0340a8775cae",
    "DimensionGuid": "00000000-0000-0000-0000-000000000000",
    "DimensionAttributeGuid": "00000000-0000-0000-0000-000000000000",
    "ModuleId": "c5dfb0f8-a9ea-4208-a148-5e7adb4dad96"
  },
  {
    "Id": 315057,
    "TenantId": 7493,
    "DimensionAttributeId": 4778274,
    "AliasName": "Order Header ID",
    "AliasDescription": "Header ID of the Sales Order",
    "AliasId": "b52ded69-69e1-f6f5-81aa-03bcc297783d",
    "DimensionGuid": "00000000-0000-0000-0000-000000000000",
    "DimensionAttributeGuid": "00000000-0000-0000-0000-000000000000",
    "ModuleId": "40787334-d114-4118-82e3-eec1fce692eb"
  },
  {
    "Id": 315027,
    "TenantId": 7493,
    "DimensionAttributeId": 4777852,
    "AliasName": "Source Location",
    "AliasDescription": "Location from which bod lane originates",
    "AliasId": "fdd06ccd-b17f-4997-921d-045745fcada1",
    "DimensionGuid": "00000000-0000-0000-0000-000000000000",
    "DimensionAttributeGuid": "00000000-0000-0000-0000-000000000000",
    "ModuleId": "40787334-d114-4118-82e3-eec1fce692eb"
  },
  {
    "Id": 314988,
    "TenantId": 7493,
    "DimensionAttributeId": 4777600,
    "AliasName": "Serial Number",
    "AliasDescription": "Serial Number",
    "AliasId": "90eb5785-3d04-4606-8fb7-0502b9d1d3d1",
    "DimensionGuid": "00000000-0000-0000-0000-000000000000",
    "DimensionAttributeGuid": "00000000-0000-0000-0000-000000000000",
    "ModuleId": "40787334-d114-4118-82e3-eec1fce692eb"
  },
  {
    "Id": 315009,
    "TenantId": 7493,
    "DimensionAttributeId": 4777642,
    "AliasName": "Plant Locations",
    "AliasDescription": "Plant Locations",
    "AliasId": "3927729b-be60-4856-8132-0928bc4def92",
    "DimensionGuid": "00000000-0000-0000-0000-000000000000",
    "DimensionAttributeGuid": "00000000-0000-0000-0000-000000000000",
    "ModuleId": "40787334-d114-4118-82e3-eec1fce692eb"
  },
  {
    "Id": 314977,
    "TenantId": 7493,
    "DimensionAttributeId": 4777578,
    "AliasName": "PO Line ID",
    "AliasDescription": "Stores Order Header ID and Line ID concatenated for transactions",
    "AliasId": "84e1b748-a43d-4f87-9ce8-095cbdadd87b",
    "DimensionGuid": "00000000-0000-0000-0000-000000000000",
    "DimensionAttributeGuid": "00000000-0000-0000-0000-000000000000",
    "ModuleId": "40787334-d114-4118-82e3-eec1fce692eb"
  },
  {
    "Id": 314991,
    "TenantId": 7493,
    "DimensionAttributeId": 4777600,
    "AliasName": "Bin Size",
    "AliasDescription": "Bin Size",
    "AliasId": "7f8f6752-56ba-4503-b163-0e04227c1a62",
    "DimensionGuid": "00000000-0000-0000-0000-000000000000",
    "DimensionAttributeGuid": "00000000-0000-0000-0000-000000000000",
    "ModuleId": "40787334-d114-4118-82e3-eec1fce692eb"
  },
  {
    "Id": 314979,
    "TenantId": 7493,
    "DimensionAttributeId": 4777579,
    "AliasName": "PO Header ID",
    "AliasDescription": "Stores Order Header ID for transactions",
    "AliasId": "1c0c9bb8-bead-497a-b985-11167f3110da",
    "DimensionGuid": "00000000-0000-0000-0000-000000000000",
    "DimensionAttributeGuid": "00000000-0000-0000-0000-000000000000",
    "ModuleId": "40787334-d114-4118-82e3-eec1fce692eb"
  },
  {
    "Id": 315052,
    "TenantId": 7493,
    "DimensionAttributeId": 4778159,
    "AliasName": "RoutingID",
    "AliasDescription": "Routing modelled as activity2",
    "AliasId": "65c2fe64-1f52-4947-8076-165f1a93489c",
    "DimensionGuid": "00000000-0000-0000-0000-000000000000",
    "DimensionAttributeGuid": "00000000-0000-0000-0000-000000000000",
    "ModuleId": "40787334-d114-4118-82e3-eec1fce692eb"
  },
  {
    "Id": 314997,
    "TenantId": 7493,
    "DimensionAttributeId": 4777604,
    "AliasName": "Constraint Location",
    "AliasDescription": "Constraint Location",
    "AliasId": "9fcbc904-97d9-4323-aaf9-1b805af367b7",
    "DimensionGuid": "00000000-0000-0000-0000-000000000000",
    "DimensionAttributeGuid": "00000000-0000-0000-0000-000000000000",
    "ModuleId": "40787334-d114-4118-82e3-eec1fce692eb"
  },
  {
    "Id": 315055,
    "TenantId": 7493,
    "DimensionAttributeId": 4778167,
    "AliasName": "Plan Type",
    "AliasDescription": "Routing Plan Type",
    "AliasId": "2b82bf23-3884-4743-81b9-1c7906167ae2",
    "DimensionGuid": "00000000-0000-0000-0000-000000000000",
    "DimensionAttributeGuid": "00000000-0000-0000-0000-000000000000",
    "ModuleId": "40787334-d114-4118-82e3-eec1fce692eb"
  },
  {
    "Id": 314974,
    "TenantId": 7493,
    "DimensionAttributeId": 4777570,
    "AliasName": "Supply ID",
    "AliasDescription": "Used to mark the incoming supply IDs of ATP Quantity for Order Promising",
    "AliasId": "07838879-e2c2-983f-9673-1d73a01b7696",
    "DimensionGuid": "00000000-0000-0000-0000-000000000000",
    "DimensionAttributeGuid": "00000000-0000-0000-0000-000000000000",
    "ModuleId": "40787334-d114-4118-82e3-eec1fce692eb"
  },
  {
    "Id": 315002,
    "TenantId": 7493,
    "DimensionAttributeId": 4777637,
    "AliasName": "From Location Type",
    "AliasDescription": "From Location Type",
    "AliasId": "87401f1d-132b-41be-a4d9-1e6abd3eb5ef",
    "DimensionGuid": "00000000-0000-0000-0000-000000000000",
    "DimensionAttributeGuid": "00000000-0000-0000-0000-000000000000",
    "ModuleId": "40787334-d114-4118-82e3-eec1fce692eb"
  },
  {
    "Id": 314975,
    "TenantId": 7493,
    "DimensionAttributeId": 4777577,
    "AliasName": "PO Ext ShipmentID",
    "AliasDescription": "Stores Shipment ID for transactions",
    "AliasId": "b3a9d1e7-5291-478b-8192-20d566a820cc",
    "DimensionGuid": "00000000-0000-0000-0000-000000000000",
    "DimensionAttributeGuid": "00000000-0000-0000-0000-000000000000",
    "ModuleId": "40787334-d114-4118-82e3-eec1fce692eb"
  },
  {
    "Id": 315013,
    "TenantId": 7493,
    "DimensionAttributeId": 4777786,
    "AliasName": "DA Category",
    "AliasDescription": "DA Category",
    "AliasId": "582ed36f-c84e-a087-a79e-212da2b797a6",
    "DimensionGuid": "00000000-0000-0000-0000-000000000000",
    "DimensionAttributeGuid": "00000000-0000-0000-0000-000000000000",
    "ModuleId": "40787334-d114-4118-82e3-eec1fce692eb"
  },
  {
    "Id": 315016,
    "TenantId": 7493,
    "DimensionAttributeId": 4777792,
    "AliasName": "R&O",
    "AliasDescription": "R&O",
    "AliasId": "545ebc4f-247a-545b-f0f8-2dc19e4ac7b6",
    "DimensionGuid": "00000000-0000-0000-0000-000000000000",
    "DimensionAttributeGuid": "00000000-0000-0000-0000-000000000000",
    "ModuleId": "40787334-d114-4118-82e3-eec1fce692eb"
  },
  {
    "Id": 315010,
    "TenantId": 7493,
    "DimensionAttributeId": 4777642,
    "AliasName": "Source Locations",
    "AliasDescription": "Source Location",
    "AliasId": "385fb4a7-a51f-499f-b474-2ea8108dfb09",
    "DimensionGuid": "00000000-0000-0000-0000-000000000000",
    "DimensionAttributeGuid": "00000000-0000-0000-0000-000000000000",
    "ModuleId": "40787334-d114-4118-82e3-eec1fce692eb"
  },
  {
    "Id": 315037,
    "TenantId": 7493,
    "DimensionAttributeId": 4777986,
    "AliasName": "Produced Items",
    "AliasDescription": "Produced Items",
    "AliasId": "43953e1f-49b7-44b3-a8f9-305e45f0b109",
    "DimensionGuid": "00000000-0000-0000-0000-000000000000",
    "DimensionAttributeGuid": "00000000-0000-0000-0000-000000000000",
    "ModuleId": "40787334-d114-4118-82e3-eec1fce692eb"
  },
  {
    "Id": 315042,
    "TenantId": 7493,
    "DimensionAttributeId": 4778064,
    "AliasName": "Order Type",
    "AliasDescription": "Type of order in Order Promising",
    "AliasId": "37f6a414-56be-0d0e-1568-31c997e17933",
    "DimensionGuid": "00000000-0000-0000-0000-000000000000",
    "DimensionAttributeGuid": "00000000-0000-0000-0000-000000000000",
    "ModuleId": "40787334-d114-4118-82e3-eec1fce692eb"
  },
  {
    "Id": 315047,
    "TenantId": 7493,
    "DimensionAttributeId": 4778094,
    "AliasName": "To Locations",
    "AliasDescription": "To Locations",
    "AliasId": "d99aeecb-4632-48f6-b4bc-32df8d37e945",
    "DimensionGuid": "00000000-0000-0000-0000-000000000000",
    "DimensionAttributeGuid": "00000000-0000-0000-0000-000000000000",
    "ModuleId": "40787334-d114-4118-82e3-eec1fce692eb"
  },
  {
    "Id": 315036,
    "TenantId": 7493,
    "DimensionAttributeId": 4777986,
    "AliasName": "Shipped Items",
    "AliasDescription": "Shipped Items",
    "AliasId": "14cb170d-98ef-413e-964a-341daddc4ef2",
    "DimensionGuid": "00000000-0000-0000-0000-000000000000",
    "DimensionAttributeGuid": "00000000-0000-0000-0000-000000000000",
    "ModuleId": "40787334-d114-4118-82e3-eec1fce692eb"
  },
  {
    "Id": 315017,
    "TenantId": 7493,
    "DimensionAttributeId": 4777792,
    "AliasName": "DA",
    "AliasDescription": "DA",
    "AliasId": "b0f7d4a8-4d07-7bb4-1a50-383ae3b9b204",
    "DimensionGuid": "00000000-0000-0000-0000-000000000000",
    "DimensionAttributeGuid": "00000000-0000-0000-0000-000000000000",
    "ModuleId": "40787334-d114-4118-82e3-eec1fce692eb"
  },
  {
    "Id": 315021,
    "TenantId": 7493,
    "DimensionAttributeId": 4777846,
    "AliasName": "Receiving Location",
    "AliasDescription": "Location which serves as destination for bodlane",
    "AliasId": "8f485758-65db-452d-bffa-395c07cf17de",
    "DimensionGuid": "00000000-0000-0000-0000-000000000000",
    "DimensionAttributeGuid": "00000000-0000-0000-0000-000000000000",
    "ModuleId": "40787334-d114-4118-82e3-eec1fce692eb"
  },
  {
    "Id": 315051,
    "TenantId": 7493,
    "DimensionAttributeId": 4778159,
    "AliasName": "Routing ID",
    "AliasDescription": "Routing ID",
    "AliasId": "d8a1716a-9996-debe-0cf2-3971964ef7b2",
    "DimensionGuid": "00000000-0000-0000-0000-000000000000",
    "DimensionAttributeGuid": "00000000-0000-0000-0000-000000000000",
    "ModuleId": "40787334-d114-4118-82e3-eec1fce692eb"
  },
  {
    "Id": 314990,
    "TenantId": 7493,
    "DimensionAttributeId": 4777600,
    "AliasName": "Parameter",
    "AliasDescription": "Parameter",
    "AliasId": "a329d106-61c8-5b9a-7e00-3e8f86dfaf5c",
    "DimensionGuid": "00000000-0000-0000-0000-000000000000",
    "DimensionAttributeGuid": "00000000-0000-0000-0000-000000000000",
    "ModuleId": "40787334-d114-4118-82e3-eec1fce692eb"
  },
  {
    "Id": 315053,
    "TenantId": 7493,
    "DimensionAttributeId": 4778159,
    "AliasName": "TransMode",
    "AliasDescription": "TransMode modelled as activity2",
    "AliasId": "fe9ee9cb-4ed4-404e-b1cb-3fa555ada14d",
    "DimensionGuid": "00000000-0000-0000-0000-000000000000",
    "DimensionAttributeGuid": "00000000-0000-0000-0000-000000000000",
    "ModuleId": "40787334-d114-4118-82e3-eec1fce692eb"
  },
  {
    "Id": 314976,
    "TenantId": 7493,
    "DimensionAttributeId": 4777578,
    "AliasName": "PO Line Request ID",
    "AliasDescription": "Stores Order Header ID and Line ID concatenated for transactions",
    "AliasId": "91b78d72-be6d-40da-afb9-43e7e97e823f",
    "DimensionGuid": "00000000-0000-0000-0000-000000000000",
    "DimensionAttributeGuid": "00000000-0000-0000-0000-000000000000",
    "ModuleId": "40787334-d114-4118-82e3-eec1fce692eb"
  },
  {
    "Id": 315026,
    "TenantId": 7493,
    "DimensionAttributeId": 4777847,
    "AliasName": "BODLane",
    "AliasDescription": "BODLane modelled as activity1",
    "AliasId": "7468d09f-bb09-4885-bb5c-451236b71913",
    "DimensionGuid": "00000000-0000-0000-0000-000000000000",
    "DimensionAttributeGuid": "00000000-0000-0000-0000-000000000000",
    "ModuleId": "40787334-d114-4118-82e3-eec1fce692eb"
  },
  {
    "Id": 314985,
    "TenantId": 7493,
    "DimensionAttributeId": 4777585,
    "AliasName": "PO Ext LoadID",
    "AliasDescription": "Stores Load ID for transactions",
    "AliasId": "e53016d2-2188-46eb-a864-46b28c5de017",
    "DimensionGuid": "00000000-0000-0000-0000-000000000000",
    "DimensionAttributeGuid": "00000000-0000-0000-0000-000000000000",
    "ModuleId": "40787334-d114-4118-82e3-eec1fce692eb"
  },
  {
    "Id": 315011,
    "TenantId": 7493,
    "DimensionAttributeId": 4777642,
    "AliasName": "Constraint Locations",
    "AliasDescription": "Constraint Location",
    "AliasId": "9d054d8f-7f94-4175-81b2-4aabb0dca300",
    "DimensionGuid": "00000000-0000-0000-0000-000000000000",
    "DimensionAttributeGuid": "00000000-0000-0000-0000-000000000000",
    "ModuleId": "40787334-d114-4118-82e3-eec1fce692eb"
  },
  {
    "Id": 315039,
    "TenantId": 7493,
    "DimensionAttributeId": 4777986,
    "AliasName": "Items",
    "AliasDescription": "Items",
    "AliasId": "36e42d7b-7dde-4b59-b7c5-4ecbe3026611",
    "DimensionGuid": "00000000-0000-0000-0000-000000000000",
    "DimensionAttributeGuid": "00000000-0000-0000-0000-000000000000",
    "ModuleId": "40787334-d114-4118-82e3-eec1fce692eb"
  },
  {
    "Id": 315038,
    "TenantId": 7493,
    "DimensionAttributeId": 4777986,
    "AliasName": "Demand Items",
    "AliasDescription": "Demand Items",
    "AliasId": "8e4df062-7996-426a-81d0-51240262a328",
    "DimensionGuid": "00000000-0000-0000-0000-000000000000",
    "DimensionAttributeGuid": "00000000-0000-0000-0000-000000000000",
    "ModuleId": "40787334-d114-4118-82e3-eec1fce692eb"
  },
  {
    "Id": 315006,
    "TenantId": 7493,
    "DimensionAttributeId": 4777642,
    "AliasName": "Locations",
    "AliasDescription": "Locations",
    "AliasId": "fab30930-052d-4b68-81ea-5787ba61ff72",
    "DimensionGuid": "00000000-0000-0000-0000-000000000000",
    "DimensionAttributeGuid": "00000000-0000-0000-0000-000000000000",
    "ModuleId": "40787334-d114-4118-82e3-eec1fce692eb"
  },
  {
    "Id": 315008,
    "TenantId": 7493,
    "DimensionAttributeId": 4777642,
    "AliasName": "Demand Locations",
    "AliasDescription": "Demand Locations",
    "AliasId": "af594d7e-ec32-4f77-8c41-5c6df04c2b85",
    "DimensionGuid": "00000000-0000-0000-0000-000000000000",
    "DimensionAttributeGuid": "00000000-0000-0000-0000-000000000000",
    "ModuleId": "40787334-d114-4118-82e3-eec1fce692eb"
  },
  {
    "Id": 315020,
    "TenantId": 7493,
    "DimensionAttributeId": 4777799,
    "AliasName": "R&O Line",
    "AliasDescription": "Risk & Opportunity",
    "AliasId": "ddbccd47-7645-8e24-2d84-5d6db1acac13",
    "DimensionGuid": "00000000-0000-0000-0000-000000000000",
    "DimensionAttributeGuid": "00000000-0000-0000-0000-000000000000",
    "ModuleId": "40787334-d114-4118-82e3-eec1fce692eb"
  },
  {
    "Id": 315018,
    "TenantId": 7493,
    "DimensionAttributeId": 4777794,
    "AliasName": "R&O Probability",
    "AliasDescription": "R&O Probability",
    "AliasId": "6767807e-3ab2-d087-f03f-660f2308c003",
    "DimensionGuid": "00000000-0000-0000-0000-000000000000",
    "DimensionAttributeGuid": "00000000-0000-0000-0000-000000000000",
    "ModuleId": "40787334-d114-4118-82e3-eec1fce692eb"
  },
  {
    "Id": 315048,
    "TenantId": 7493,
    "DimensionAttributeId": 4778095,
    "AliasName": "All Destination Location",
    "AliasDescription": "All Destination Location",
    "AliasId": "c0f8b011-20e6-400d-b626-68986f5f42fe",
    "DimensionGuid": "00000000-0000-0000-0000-000000000000",
    "DimensionAttributeGuid": "00000000-0000-0000-0000-000000000000",
    "ModuleId": "40787334-d114-4118-82e3-eec1fce692eb"
  },
  {
    "Id": 315015,
    "TenantId": 7493,
    "DimensionAttributeId": 4777787,
    "AliasName": "R&O Type",
    "AliasDescription": "R&O Type",
    "AliasId": "495f8095-980d-fe40-c80f-68cacc65f852",
    "DimensionGuid": "00000000-0000-0000-0000-000000000000",
    "DimensionAttributeGuid": "00000000-0000-0000-0000-000000000000",
    "ModuleId": "40787334-d114-4118-82e3-eec1fce692eb"
  },
  {
    "Id": 314972,
    "TenantId": 7493,
    "DimensionAttributeId": 4777541,
    "AliasName": "To Region",
    "AliasDescription": "To Region",
    "AliasId": "99140a28-f5a0-2aa2-d3b4-6a13097948b3",
    "DimensionGuid": "00000000-0000-0000-0000-000000000000",
    "DimensionAttributeGuid": "00000000-0000-0000-0000-000000000000",
    "ModuleId": "40787334-d114-4118-82e3-eec1fce692eb"
  },
  {
    "Id": 315023,
    "TenantId": 7493,
    "DimensionAttributeId": 4777847,
    "AliasName": "BOM ID",
    "AliasDescription": "BOM ID",
    "AliasId": "708a1408-aad0-5614-2554-6f31728a7a4a",
    "DimensionGuid": "00000000-0000-0000-0000-000000000000",
    "DimensionAttributeGuid": "00000000-0000-0000-0000-000000000000",
    "ModuleId": "40787334-d114-4118-82e3-eec1fce692eb"
  },
  {
    "Id": 314986,
    "TenantId": 7493,
    "DimensionAttributeId": 4777588,
    "AliasName": "Location Group",
    "AliasDescription": "Location Group",
    "AliasId": "5c8277b3-bae6-d2f2-4ed2-73316df61644",
    "DimensionGuid": "00000000-0000-0000-0000-000000000000",
    "DimensionAttributeGuid": "00000000-0000-0000-0000-000000000000",
    "ModuleId": "40787334-d114-4118-82e3-eec1fce692eb"
  },
  {
    "Id": 315005,
    "TenantId": 7493,
    "DimensionAttributeId": 4777642,
    "AliasName": "From Locations",
    "AliasDescription": "From Locations",
    "AliasId": "3ff91448-23f1-42a0-ab28-7c701c0857f7",
    "DimensionGuid": "00000000-0000-0000-0000-000000000000",
    "DimensionAttributeGuid": "00000000-0000-0000-0000-000000000000",
    "ModuleId": "40787334-d114-4118-82e3-eec1fce692eb"
  },
  {
    "Id": 314980,
    "TenantId": 7493,
    "DimensionAttributeId": 4777579,
    "AliasName": "PrO Header ID",
    "AliasDescription": "Stores Order Header ID for transactions",
    "AliasId": "23fdcb34-d767-40dc-9c0a-7cc42e38b208",
    "DimensionGuid": "00000000-0000-0000-0000-000000000000",
    "DimensionAttributeGuid": "00000000-0000-0000-0000-000000000000",
    "ModuleId": "40787334-d114-4118-82e3-eec1fce692eb"
  },
  {
    "Id": 314992,
    "TenantId": 7493,
    "DimensionAttributeId": 4777600,
    "AliasName": "Policy Parameter",
    "AliasDescription": "Policy Parameter",
    "AliasId": "f472bdf4-70fb-4dbf-a98c-7d5783ae6d5e",
    "DimensionGuid": "00000000-0000-0000-0000-000000000000",
    "DimensionAttributeGuid": "00000000-0000-0000-0000-000000000000",
    "ModuleId": "40787334-d114-4118-82e3-eec1fce692eb"
  },
  {
    "Id": 315054,
    "TenantId": 7493,
    "DimensionAttributeId": 4778163,
    "AliasName": "All TransMode",
    "AliasDescription": "All TransMode",
    "AliasId": "f8362466-9b0e-41b2-8bae-7fe969acc3b4",
    "DimensionGuid": "00000000-0000-0000-0000-000000000000",
    "DimensionAttributeGuid": "00000000-0000-0000-0000-000000000000",
    "ModuleId": "40787334-d114-4118-82e3-eec1fce692eb"
  },
  {
    "Id": 314987,
    "TenantId": 7493,
    "DimensionAttributeId": 4777600,
    "AliasName": "Order Interval",
    "AliasDescription": "Order Interval",
    "AliasId": "bc421a93-6fdd-4780-9045-8b6eb8638e91",
    "DimensionGuid": "00000000-0000-0000-0000-000000000000",
    "DimensionAttributeGuid": "00000000-0000-0000-0000-000000000000",
    "ModuleId": "40787334-d114-4118-82e3-eec1fce692eb"
  },
  {
    "Id": 314995,
    "TenantId": 7493,
    "DimensionAttributeId": 4777604,
    "AliasName": "Source Location",
    "AliasDescription": "Source location with respect to BODLane",
    "AliasId": "4948e290-3940-4bb5-ae13-8bf6a1e3c8a9",
    "DimensionGuid": "00000000-0000-0000-0000-000000000000",
    "DimensionAttributeGuid": "00000000-0000-0000-0000-000000000000",
    "ModuleId": "40787334-d114-4118-82e3-eec1fce692eb"
  },
  {
    "Id": 314996,
    "TenantId": 7493,
    "DimensionAttributeId": 4777604,
    "AliasName": "From Location",
    "AliasDescription": "From Location",
    "AliasId": "19781e5b-8bf2-4117-83c9-8c7d1708f5a7",
    "DimensionGuid": "00000000-0000-0000-0000-000000000000",
    "DimensionAttributeGuid": "00000000-0000-0000-0000-000000000000",
    "ModuleId": "40787334-d114-4118-82e3-eec1fce692eb"
  },
  {
    "Id": 314994,
    "TenantId": 7493,
    "DimensionAttributeId": 4777604,
    "AliasName": "Destination Location",
    "AliasDescription": "Destination Location with respect to BODLane",
    "AliasId": "9e5d32cf-a95d-461d-a205-911f3656a874",
    "DimensionGuid": "00000000-0000-0000-0000-000000000000",
    "DimensionAttributeGuid": "00000000-0000-0000-0000-000000000000",
    "ModuleId": "40787334-d114-4118-82e3-eec1fce692eb"
  },
  {
    "Id": 315012,
    "TenantId": 7493,
    "DimensionAttributeId": 4777786,
    "AliasName": "R&O Category",
    "AliasDescription": "R&O Category",
    "AliasId": "76168a91-d287-ff6f-0cc4-91cbd4a1dcff",
    "DimensionGuid": "00000000-0000-0000-0000-000000000000",
    "DimensionAttributeGuid": "00000000-0000-0000-0000-000000000000",
    "ModuleId": "40787334-d114-4118-82e3-eec1fce692eb"
  },
  {
    "Id": 315004,
    "TenantId": 7493,
    "DimensionAttributeId": 4777640,
    "AliasName": "All Source Location",
    "AliasDescription": "All Source Location",
    "AliasId": "7e22ef24-eeb2-471a-b2ad-9322fc2d6187",
    "DimensionGuid": "00000000-0000-0000-0000-000000000000",
    "DimensionAttributeGuid": "00000000-0000-0000-0000-000000000000",
    "ModuleId": "40787334-d114-4118-82e3-eec1fce692eb"
  },
  {
    "Id": 315025,
    "TenantId": 7493,
    "DimensionAttributeId": 4777847,
    "AliasName": "BOMID",
    "AliasDescription": "BOM modelled as activity1",
    "AliasId": "8a3b38df-9cd5-45e2-9dc4-9645736519f5",
    "DimensionGuid": "00000000-0000-0000-0000-000000000000",
    "DimensionAttributeGuid": "00000000-0000-0000-0000-000000000000",
    "ModuleId": "40787334-d114-4118-82e3-eec1fce692eb"
  },
  {
    "Id": 315035,
    "TenantId": 7493,
    "DimensionAttributeId": 4777940,
    "AliasName": "Procured Item",
    "AliasDescription": "Item which is getting procured",
    "AliasId": "20ec983d-38e2-419f-a47c-98d8bbc29889",
    "DimensionGuid": "00000000-0000-0000-0000-000000000000",
    "DimensionAttributeGuid": "00000000-0000-0000-0000-000000000000",
    "ModuleId": "40787334-d114-4118-82e3-eec1fce692eb"
  },
  {
    "Id": 315001,
    "TenantId": 7493,
    "DimensionAttributeId": 4777633,
    "AliasName": "Source Location Country",
    "AliasDescription": "Source Location Country",
    "AliasId": "ecf61358-c08a-435f-9b5b-99b1f2f80f3f",
    "DimensionGuid": "00000000-0000-0000-0000-000000000000",
    "DimensionAttributeGuid": "00000000-0000-0000-0000-000000000000",
    "ModuleId": "40787334-d114-4118-82e3-eec1fce692eb"
  },
  {
    "Id": 314973,
    "TenantId": 7493,
    "DimensionAttributeId": 4777541,
    "AliasName": "From Region",
    "AliasDescription": "From Region",
    "AliasId": "c7f92cc1-ae0f-6706-c3dd-9a36d3b915f7",
    "DimensionGuid": "00000000-0000-0000-0000-000000000000",
    "DimensionAttributeGuid": "00000000-0000-0000-0000-000000000000",
    "ModuleId": "40787334-d114-4118-82e3-eec1fce692eb"
  },
  {
    "Id": 314971,
    "TenantId": 7493,
    "DimensionAttributeId": 4777507,
    "AliasName": "Pallet Position",
    "AliasDescription": "Position of the pallet",
    "AliasId": "26fd1121-170c-c701-c249-9a9addd99e5c",
    "DimensionGuid": "00000000-0000-0000-0000-000000000000",
    "DimensionAttributeGuid": "00000000-0000-0000-0000-000000000000",
    "ModuleId": "4c075c57-6f44-464e-a1ec-c23fe53c4d44"
  },
  {
    "Id": 315028,
    "TenantId": 7493,
    "DimensionAttributeId": 4777855,
    "AliasName": "Plan Type",
    "AliasDescription": "Plan Type for different BOMs",
    "AliasId": "04dd96c6-09b2-4f08-a86a-9b6747f07615",
    "DimensionGuid": "00000000-0000-0000-0000-000000000000",
    "DimensionAttributeGuid": "00000000-0000-0000-0000-000000000000",
    "ModuleId": "40787334-d114-4118-82e3-eec1fce692eb"
  },
  {
    "Id": 315032,
    "TenantId": 7493,
    "DimensionAttributeId": 4777940,
    "AliasName": "Shipped Item",
    "AliasDescription": "Item which is getting shipped",
    "AliasId": "41448a4b-a012-4f72-a1b2-9bd0c2396da7",
    "DimensionGuid": "00000000-0000-0000-0000-000000000000",
    "DimensionAttributeGuid": "00000000-0000-0000-0000-000000000000",
    "ModuleId": "40787334-d114-4118-82e3-eec1fce692eb"
  },
  {
    "Id": 315022,
    "TenantId": 7493,
    "DimensionAttributeId": 4777846,
    "AliasName": "Destination Location",
    "AliasDescription": "Destination Location",
    "AliasId": "b032bd91-7d7e-4ac2-a35f-9c6ca96e18d1",
    "DimensionGuid": "00000000-0000-0000-0000-000000000000",
    "DimensionAttributeGuid": "00000000-0000-0000-0000-000000000000",
    "ModuleId": "40787334-d114-4118-82e3-eec1fce692eb"
  },
  {
    "Id": 315058,
    "TenantId": 7493,
    "DimensionAttributeId": 4778275,
    "AliasName": "Order Request ID",
    "AliasDescription": "Sales Order Header ID and Sales Order Line ID concatenated.",
    "AliasId": "4a5ae2a1-4771-7feb-6a39-9ce1e0713569",
    "DimensionGuid": "00000000-0000-0000-0000-000000000000",
    "DimensionAttributeGuid": "00000000-0000-0000-0000-000000000000",
    "ModuleId": "40787334-d114-4118-82e3-eec1fce692eb"
  },
  {
    "Id": 314981,
    "TenantId": 7493,
    "DimensionAttributeId": 4777580,
    "AliasName": "PO Ext LineID",
    "AliasDescription": "Stores Line ID for transactions",
    "AliasId": "9b2d0dd4-294a-4d2b-9b2a-9d44e486b287",
    "DimensionGuid": "00000000-0000-0000-0000-000000000000",
    "DimensionAttributeGuid": "00000000-0000-0000-0000-000000000000",
    "ModuleId": "40787334-d114-4118-82e3-eec1fce692eb"
  },
  {
    "Id": 315041,
    "TenantId": 7493,
    "DimensionAttributeId": 4777986,
    "AliasName": "Consumed Items",
    "AliasDescription": "Consumed Items",
    "AliasId": "ad61760f-8671-40da-b03c-9f03c2154df4",
    "DimensionGuid": "00000000-0000-0000-0000-000000000000",
    "DimensionAttributeGuid": "00000000-0000-0000-0000-000000000000",
    "ModuleId": "40787334-d114-4118-82e3-eec1fce692eb"
  },
  {
    "Id": 315031,
    "TenantId": 7493,
    "DimensionAttributeId": 4777940,
    "AliasName": "Consumed Item",
    "AliasDescription": "Item which is getting consumed",
    "AliasId": "9646a27d-f207-4cd1-b67b-a1a1c49cdd77",
    "DimensionGuid": "00000000-0000-0000-0000-000000000000",
    "DimensionAttributeGuid": "00000000-0000-0000-0000-000000000000",
    "ModuleId": "40787334-d114-4118-82e3-eec1fce692eb"
  },
  {
    "Id": 314984,
    "TenantId": 7493,
    "DimensionAttributeId": 4777583,
    "AliasName": "PO Ext Line CommitID",
    "AliasDescription": "Stores Commit ID for transactions",
    "AliasId": "91336922-4d25-4e9f-8ac0-a6511aead984",
    "DimensionGuid": "00000000-0000-0000-0000-000000000000",
    "DimensionAttributeGuid": "00000000-0000-0000-0000-000000000000",
    "ModuleId": "40787334-d114-4118-82e3-eec1fce692eb"
  },
  {
    "Id": 314999,
    "TenantId": 7493,
    "DimensionAttributeId": 4777630,
    "AliasName": "Source Location Region",
    "AliasDescription": "Source Location Region",
    "AliasId": "8763f371-d3c0-4347-b039-ad1c72e33eea",
    "DimensionGuid": "00000000-0000-0000-0000-000000000000",
    "DimensionAttributeGuid": "00000000-0000-0000-0000-000000000000",
    "ModuleId": "40787334-d114-4118-82e3-eec1fce692eb"
  },
  {
    "Id": 315062,
    "TenantId": 7493,
    "DimensionAttributeId": 4778427,
    "AliasName": "Carrier SCAC",
    "AliasDescription": "Carrier SCAC",
    "AliasId": "2ef8ed09-5b21-40e4-9a0a-ae7d0492caa8",
    "DimensionGuid": "00000000-0000-0000-0000-000000000000",
    "DimensionAttributeGuid": "00000000-0000-0000-0000-000000000000",
    "ModuleId": "40787334-d114-4118-82e3-eec1fce692eb"
  },
  {
    "Id": 315007,
    "TenantId": 7493,
    "DimensionAttributeId": 4777642,
    "AliasName": "Destination Locations",
    "AliasDescription": "Destination Locations",
    "AliasId": "5cadefc5-b6f1-440c-ab7b-af46317cc5de",
    "DimensionGuid": "00000000-0000-0000-0000-000000000000",
    "DimensionAttributeGuid": "00000000-0000-0000-0000-000000000000",
    "ModuleId": "40787334-d114-4118-82e3-eec1fce692eb"
  },
  {
    "Id": 315034,
    "TenantId": 7493,
    "DimensionAttributeId": 4777940,
    "AliasName": "Produced Item",
    "AliasDescription": "Item which is getting produced by a manufacturing process",
    "AliasId": "18382bbc-49a1-4955-81fc-b541524b6fc1",
    "DimensionGuid": "00000000-0000-0000-0000-000000000000",
    "DimensionAttributeGuid": "00000000-0000-0000-0000-000000000000",
    "ModuleId": "40787334-d114-4118-82e3-eec1fce692eb"
  },
  {
    "Id": 315046,
    "TenantId": 7493,
    "DimensionAttributeId": 4778093,
    "AliasName": "Destination Location Region",
    "AliasDescription": "Destination Location Region",
    "AliasId": "e5d7c0c7-d229-498c-8eec-b7859572fbae",
    "DimensionGuid": "00000000-0000-0000-0000-000000000000",
    "DimensionAttributeGuid": "00000000-0000-0000-0000-000000000000",
    "ModuleId": "40787334-d114-4118-82e3-eec1fce692eb"
  },
  {
    "Id": 314978,
    "TenantId": 7493,
    "DimensionAttributeId": 4777579,
    "AliasName": "STO Header ID",
    "AliasDescription": "Stores Order Header ID for transactions",
    "AliasId": "acbe920e-a21e-4d3d-8dd6-bb23f95dba96",
    "DimensionGuid": "00000000-0000-0000-0000-000000000000",
    "DimensionAttributeGuid": "00000000-0000-0000-0000-000000000000",
    "ModuleId": "40787334-d114-4118-82e3-eec1fce692eb"
  },
  {
    "Id": 315024,
    "TenantId": 7493,
    "DimensionAttributeId": 4777847,
    "AliasName": "ProcLane",
    "AliasDescription": "ProcLane modelled as activity1",
    "AliasId": "6a5c8e96-38ee-47c0-8b0e-bf3fc733b38f",
    "DimensionGuid": "00000000-0000-0000-0000-000000000000",
    "DimensionAttributeGuid": "00000000-0000-0000-0000-000000000000",
    "ModuleId": "40787334-d114-4118-82e3-eec1fce692eb"
  },
  {
    "Id": 314993,
    "TenantId": 7493,
    "DimensionAttributeId": 4777604,
    "AliasName": "Demand Location",
    "AliasDescription": "Locations at which the forecast or order is incident",
    "AliasId": "deb50964-7439-42df-aec3-c455066a6c5e",
    "DimensionGuid": "00000000-0000-0000-0000-000000000000",
    "DimensionAttributeGuid": "00000000-0000-0000-0000-000000000000",
    "ModuleId": "40787334-d114-4118-82e3-eec1fce692eb"
  },
  {
    "Id": 314998,
    "TenantId": 7493,
    "DimensionAttributeId": 4777604,
    "AliasName": "Plant Location",
    "AliasDescription": "Plant Location with respect to Manufacturing operation",
    "AliasId": "e1299fe9-8faf-4592-a8f7-c49b3a7580f8",
    "DimensionGuid": "00000000-0000-0000-0000-000000000000",
    "DimensionAttributeGuid": "00000000-0000-0000-0000-000000000000",
    "ModuleId": "40787334-d114-4118-82e3-eec1fce692eb"
  },
  {
    "Id": 314989,
    "TenantId": 7493,
    "DimensionAttributeId": 4777600,
    "AliasName": "Stats Parameter",
    "AliasDescription": "Stats Parameter",
    "AliasId": "45cd1594-bb6d-70fc-ba3d-c58ab7398054",
    "DimensionGuid": "00000000-0000-0000-0000-000000000000",
    "DimensionAttributeGuid": "00000000-0000-0000-0000-000000000000",
    "ModuleId": "40787334-d114-4118-82e3-eec1fce692eb"
  },
  {
    "Id": 315061,
    "TenantId": 7493,
    "DimensionAttributeId": 4778357,
    "AliasName": "ProducedItem",
    "AliasDescription": "ProducedItem details",
    "AliasId": "5fd8b611-aa5b-4050-956e-c84b7d56a00f",
    "DimensionGuid": "00000000-0000-0000-0000-000000000000",
    "DimensionAttributeGuid": "00000000-0000-0000-0000-000000000000",
    "ModuleId": "40787334-d114-4118-82e3-eec1fce692eb"
  },
  {
    "Id": 315000,
    "TenantId": 7493,
    "DimensionAttributeId": 4777630,
    "AliasName": "From Location Region",
    "AliasDescription": "From Location Region",
    "AliasId": "477719b4-9f94-4554-9df7-c9a4a4651170",
    "DimensionGuid": "00000000-0000-0000-0000-000000000000",
    "DimensionAttributeGuid": "00000000-0000-0000-0000-000000000000",
    "ModuleId": "40787334-d114-4118-82e3-eec1fce692eb"
  },
  {
    "Id": 315050,
    "TenantId": 7493,
    "DimensionAttributeId": 4778121,
    "AliasName": "Exception",
    "AliasDescription": "Exception",
    "AliasId": "19cd8a42-5130-45d3-948b-cb797227f473",
    "DimensionGuid": "00000000-0000-0000-0000-000000000000",
    "DimensionAttributeGuid": "00000000-0000-0000-0000-000000000000",
    "ModuleId": "40787334-d114-4118-82e3-eec1fce692eb"
  },
  {
    "Id": 315014,
    "TenantId": 7493,
    "DimensionAttributeId": 4777787,
    "AliasName": "DA Type",
    "AliasDescription": "DA Type",
    "AliasId": "5187d9b3-9a28-346d-6bc3-ccb1845521d0",
    "DimensionGuid": "00000000-0000-0000-0000-000000000000",
    "DimensionAttributeGuid": "00000000-0000-0000-0000-000000000000",
    "ModuleId": "40787334-d114-4118-82e3-eec1fce692eb"
  },
  {
    "Id": 314982,
    "TenantId": 7493,
    "DimensionAttributeId": 4777581,
    "AliasName": "PO PO Ext ASNID",
    "AliasDescription": "Stores Advanced Shipment Notification ID for transactions",
    "AliasId": "fed06c5d-8d2a-4714-bc95-cf020cbed69f",
    "DimensionGuid": "00000000-0000-0000-0000-000000000000",
    "DimensionAttributeGuid": "00000000-0000-0000-0000-000000000000",
    "ModuleId": "40787334-d114-4118-82e3-eec1fce692eb"
  },
  {
    "Id": 315040,
    "TenantId": 7493,
    "DimensionAttributeId": 4777986,
    "AliasName": "Procured Items",
    "AliasDescription": "Procured Items",
    "AliasId": "7882d266-ae43-462c-a625-d075a720289e",
    "DimensionGuid": "00000000-0000-0000-0000-000000000000",
    "DimensionAttributeGuid": "00000000-0000-0000-0000-000000000000",
    "ModuleId": "40787334-d114-4118-82e3-eec1fce692eb"
  },
  {
    "Id": 315049,
    "TenantId": 7493,
    "DimensionAttributeId": 4778097,
    "AliasName": "Destination Location Country",
    "AliasDescription": "Destination Location Country",
    "AliasId": "1725e43b-2726-48bd-a2da-d5eae19960a4",
    "DimensionGuid": "00000000-0000-0000-0000-000000000000",
    "DimensionAttributeGuid": "00000000-0000-0000-0000-000000000000",
    "ModuleId": "40787334-d114-4118-82e3-eec1fce692eb"
  },
  {
    "Id": 315059,
    "TenantId": 7493,
    "DimensionAttributeId": 4778277,
    "AliasName": "Order ID",
    "AliasDescription": "Internally generated ID, used by Order Promising to enable easy filtering and analysis for each individual order.",
    "AliasId": "87d4fca3-68d7-501a-efe4-e4fb9a8d7ab4",
    "DimensionGuid": "00000000-0000-0000-0000-000000000000",
    "DimensionAttributeGuid": "00000000-0000-0000-0000-000000000000",
    "ModuleId": "40787334-d114-4118-82e3-eec1fce692eb"
  },
  {
    "Id": 314983,
    "TenantId": 7493,
    "DimensionAttributeId": 4777582,
    "AliasName": "Supply Type",
    "AliasDescription": "Used to mark the incoming supply type of ATP Quantity for Order Promising",
    "AliasId": "d669ebbd-a781-cd06-69b9-e56e890a50f0",
    "DimensionGuid": "00000000-0000-0000-0000-000000000000",
    "DimensionAttributeGuid": "00000000-0000-0000-0000-000000000000",
    "ModuleId": "40787334-d114-4118-82e3-eec1fce692eb"
  },
  {
    "Id": 315056,
    "TenantId": 7493,
    "DimensionAttributeId": 4778265,
    "AliasName": "Feature",
    "AliasDescription": "Feature",
    "AliasId": "660bb0a1-cea2-4ad6-bfad-e58ddf2d84b6",
    "DimensionGuid": "00000000-0000-0000-0000-000000000000",
    "DimensionAttributeGuid": "00000000-0000-0000-0000-000000000000",
    "ModuleId": "40787334-d114-4118-82e3-eec1fce692eb"
  },
  {
    "Id": 315033,
    "TenantId": 7493,
    "DimensionAttributeId": 4777940,
    "AliasName": "Demand Item",
    "AliasDescription": "Item for which orders or forecast is placed",
    "AliasId": "ccd8ea38-e6a4-4bc3-9adc-eb25d0deaa9e",
    "DimensionGuid": "00000000-0000-0000-0000-000000000000",
    "DimensionAttributeGuid": "00000000-0000-0000-0000-000000000000",
    "ModuleId": "40787334-d114-4118-82e3-eec1fce692eb"
  },
  {
    "Id": 315029,
    "TenantId": 7493,
    "DimensionAttributeId": 4777876,
    "AliasName": "Accounts",
    "AliasDescription": "Accounts",
    "AliasId": "6f73c5eb-6b33-ae92-0e48-ecefb0fbc84a",
    "DimensionGuid": "00000000-0000-0000-0000-000000000000",
    "DimensionAttributeGuid": "00000000-0000-0000-0000-000000000000",
    "ModuleId": "40787334-d114-4118-82e3-eec1fce692eb"
  },
  {
    "Id": 315043,
    "TenantId": 7493,
    "DimensionAttributeId": 4778064,
    "AliasName": "Allocation Layer",
    "AliasDescription": "Layer of Allocation that'd be used to consume allocation",
    "AliasId": "22b2baa9-731d-f38d-eb5c-ef1d2ed7c76c",
    "DimensionGuid": "00000000-0000-0000-0000-000000000000",
    "DimensionAttributeGuid": "00000000-0000-0000-0000-000000000000",
    "ModuleId": "40787334-d114-4118-82e3-eec1fce692eb"
  },
  {
    "Id": 315030,
    "TenantId": 7493,
    "DimensionAttributeId": 4777888,
    "AliasName": "Channel",
    "AliasDescription": "Channel",
    "AliasId": "a0a58347-1855-b393-6076-f4180ac413b2",
    "DimensionGuid": "00000000-0000-0000-0000-000000000000",
    "DimensionAttributeGuid": "00000000-0000-0000-0000-000000000000",
    "ModuleId": "40787334-d114-4118-82e3-eec1fce692eb"
  },
  {
    "Id": 315003,
    "TenantId": 7493,
    "DimensionAttributeId": 4777637,
    "AliasName": "Source Location Type",
    "AliasDescription": "Source Location Type",
    "AliasId": "6ba76758-e1cf-4967-9a6a-f57c37644c0e",
    "DimensionGuid": "00000000-0000-0000-0000-000000000000",
    "DimensionAttributeGuid": "00000000-0000-0000-0000-000000000000",
    "ModuleId": "40787334-d114-4118-82e3-eec1fce692eb"
  },
  {
    "Id": 315045,
    "TenantId": 7493,
    "DimensionAttributeId": 4778089,
    "AliasName": "Destination Location",
    "AliasDescription": "Destination Location",
    "AliasId": "baca2b50-e469-4909-9b56-f5df3f2d5ad2",
    "DimensionGuid": "00000000-0000-0000-0000-000000000000",
    "DimensionAttributeGuid": "00000000-0000-0000-0000-000000000000",
    "ModuleId": "40787334-d114-4118-82e3-eec1fce692eb"
  },
  {
    "Id": 314970,
    "TenantId": 7493,
    "DimensionAttributeId": 4777507,
    "AliasName": "Allocation ID",
    "AliasDescription": "Used for allocation confirmation for Order Promising",
    "AliasId": "39b9d732-78d3-970a-0bd4-f61a56248ee2",
    "DimensionGuid": "00000000-0000-0000-0000-000000000000",
    "DimensionAttributeGuid": "00000000-0000-0000-0000-000000000000",
    "ModuleId": "4c075c57-6f44-464e-a1ec-c23fe53c4d44"
  },
  {
    "Id": 315060,
    "TenantId": 7493,
    "DimensionAttributeId": 4778280,
    "AliasName": "Order Group",
    "AliasDescription": "Grouping of the order that each of individual order belongs to",
    "AliasId": "5c19f64a-f3e2-2f49-445f-fb7192ff57ac",
    "DimensionGuid": "00000000-0000-0000-0000-000000000000",
    "DimensionAttributeGuid": "00000000-0000-0000-0000-000000000000",
    "ModuleId": "40787334-d114-4118-82e3-eec1fce692eb"
  }
]