[
  {
    "Id": 100537,
    "TenantId": 7493,
    "DimensionAttributeId": 4777422,
    "DimensionAttributeGuid": "00000000-0000-0000-0000-000000000000",
    "DimensionGuid": "00000000-0000-0000-0000-000000000000",
    "LCID": 1033,
    "Language": null,
    "AttributeName": "Grains",
    "Description": "Grains",
    "ModuleId": "69c63dc5-4f82-4296-89e9-7839154cd5be"
  },
  {
    "Id": 100538,
    "TenantId": 7493,
    "DimensionAttributeId": 4777423,
    "DimensionAttributeGuid": "00000000-0000-0000-0000-000000000000",
    "DimensionGuid": "00000000-0000-0000-0000-000000000000",
    "LCID": 1033,
    "Language": null,
    "AttributeName": "Description",
    "Description": "Description",
    "ModuleId": "69c63dc5-4f82-4296-89e9-7839154cd5be"
  },
  {
    "Id": 100539,
    "TenantId": 7493,
    "DimensionAttributeId": 4777424,
    "DimensionAttributeGuid": "00000000-0000-0000-0000-000000000000",
    "DimensionGuid": "00000000-0000-0000-0000-000000000000",
    "LCID": 1033,
    "Language": null,
    "AttributeName": "Aggregation Applicable",
    "Description": "Aggregation Applicable",
    "ModuleId": "69c63dc5-4f82-4296-89e9-7839154cd5be"
  },
  {
    "Id": 100540,
    "TenantId": 7493,
    "DimensionAttributeId": 4777430,
    "DimensionAttributeGuid": "00000000-0000-0000-0000-000000000000",
    "DimensionGuid": "00000000-0000-0000-0000-000000000000",
    "LCID": 1033,
    "Language": null,
    "AttributeName": "Task Name",
    "Description": "Task Name",
    "ModuleId": "c5dfb0f8-a9ea-4208-a148-5e7adb4dad96"
  },
  {
    "Id": 100541,
    "TenantId": 7493,
    "DimensionAttributeId": 4777431,
    "DimensionAttributeGuid": "00000000-0000-0000-0000-000000000000",
    "DimensionGuid": "00000000-0000-0000-0000-000000000000",
    "LCID": 1033,
    "Language": null,
    "AttributeName": "Sequence No.",
    "Description": "Sequence No.",
    "ModuleId": "c5dfb0f8-a9ea-4208-a148-5e7adb4dad96"
  },
  {
    "Id": 100542,
    "TenantId": 7493,
    "DimensionAttributeId": 4777432,
    "DimensionAttributeGuid": "00000000-0000-0000-0000-000000000000",
    "DimensionGuid": "00000000-0000-0000-0000-000000000000",
    "LCID": 1033,
    "Language": null,
    "AttributeName": "Generation Timestamp",
    "Description": "Generation Timestamp",
    "ModuleId": "c5dfb0f8-a9ea-4208-a148-5e7adb4dad96"
  },
  {
    "Id": 100543,
    "TenantId": 7493,
    "DimensionAttributeId": 4777433,
    "DimensionAttributeGuid": "00000000-0000-0000-0000-000000000000",
    "DimensionGuid": "00000000-0000-0000-0000-000000000000",
    "LCID": 1033,
    "Language": null,
    "AttributeName": "Reference Project",
    "Description": "Reference Project",
    "ModuleId": "c5dfb0f8-a9ea-4208-a148-5e7adb4dad96"
  },
  {
    "Id": 100544,
    "TenantId": 7493,
    "DimensionAttributeId": 4777434,
    "DimensionAttributeGuid": "00000000-0000-0000-0000-000000000000",
    "DimensionGuid": "00000000-0000-0000-0000-000000000000",
    "LCID": 1033,
    "Language": null,
    "AttributeName": "Current Project",
    "Description": "Current Project",
    "ModuleId": "c5dfb0f8-a9ea-4208-a148-5e7adb4dad96"
  },
  {
    "Id": 100545,
    "TenantId": 7493,
    "DimensionAttributeId": 4777435,
    "DimensionAttributeGuid": "00000000-0000-0000-0000-000000000000",
    "DimensionGuid": "00000000-0000-0000-0000-000000000000",
    "LCID": 1033,
    "Language": null,
    "AttributeName": "Generated By",
    "Description": "Generated By",
    "ModuleId": "c5dfb0f8-a9ea-4208-a148-5e7adb4dad96"
  },
  {
    "Id": 100546,
    "TenantId": 7493,
    "DimensionAttributeId": 4777443,
    "DimensionAttributeGuid": "00000000-0000-0000-0000-000000000000",
    "DimensionGuid": "00000000-0000-0000-0000-000000000000",
    "LCID": 1033,
    "Language": null,
    "AttributeName": "Table Name",
    "Description": "Table Name",
    "ModuleId": "c5dfb0f8-a9ea-4208-a148-5e7adb4dad96"
  },
  {
    "Id": 100547,
    "TenantId": 7493,
    "DimensionAttributeId": 4777445,
    "DimensionAttributeGuid": "00000000-0000-0000-0000-000000000000",
    "DimensionGuid": "00000000-0000-0000-0000-000000000000",
    "LCID": 1033,
    "Language": null,
    "AttributeName": "Error Reason",
    "Description": "Error Reason",
    "ModuleId": "c5dfb0f8-a9ea-4208-a148-5e7adb4dad96"
  },
  {
    "Id": 100548,
    "TenantId": 7493,
    "DimensionAttributeId": 4777449,
    "DimensionAttributeGuid": "00000000-0000-0000-0000-000000000000",
    "DimensionGuid": "00000000-0000-0000-0000-000000000000",
    "LCID": 1033,
    "Language": null,
    "AttributeName": "Batch ID",
    "Description": "Batch ID",
    "ModuleId": "c5dfb0f8-a9ea-4208-a148-5e7adb4dad96"
  },
  {
    "Id": 100549,
    "TenantId": 7493,
    "DimensionAttributeId": 4777460,
    "DimensionAttributeGuid": "00000000-0000-0000-0000-000000000000",
    "DimensionGuid": "00000000-0000-0000-0000-000000000000",
    "LCID": 1033,
    "Language": null,
    "AttributeName": "Field ID",
    "Description": "Global Unique ID",
    "ModuleId": "b7824156-8448-4b9b-8b7e-6397b69f9391"
  },
  {
    "Id": 100550,
    "TenantId": 7493,
    "DimensionAttributeId": 4777467,
    "DimensionAttributeGuid": "00000000-0000-0000-0000-000000000000",
    "DimensionGuid": "00000000-0000-0000-0000-000000000000",
    "LCID": 1033,
    "Language": null,
    "AttributeName": "Capability Group",
    "Description": "Capability Group",
    "ModuleId": "b7824156-8448-4b9b-8b7e-6397b69f9391"
  },
  {
    "Id": 100551,
    "TenantId": 7493,
    "DimensionAttributeId": 4777468,
    "DimensionAttributeGuid": "00000000-0000-0000-0000-000000000000",
    "DimensionGuid": "00000000-0000-0000-0000-000000000000",
    "LCID": 1033,
    "Language": null,
    "AttributeName": "Capability",
    "Description": "Capability",
    "ModuleId": "b7824156-8448-4b9b-8b7e-6397b69f9391"
  },
  {
    "Id": 100552,
    "TenantId": 7493,
    "DimensionAttributeId": 4777542,
    "DimensionAttributeGuid": "00000000-0000-0000-0000-000000000000",
    "DimensionGuid": "00000000-0000-0000-0000-000000000000",
    "LCID": 1033,
    "Language": null,
    "AttributeName": "Store Size (Sq. Ft)",
    "Description": "Store Size in Sq. Ft",
    "ModuleId": "40787334-d114-4118-82e3-eec1fce692eb"
  },
  {
    "Id": 100553,
    "TenantId": 7493,
    "DimensionAttributeId": 4777670,
    "DimensionAttributeGuid": "00000000-0000-0000-0000-000000000000",
    "DimensionGuid": "00000000-0000-0000-0000-000000000000",
    "LCID": 1033,
    "Language": null,
    "AttributeName": "Planning Unit",
    "Description": "Planning Unit",
    "ModuleId": "40787334-d114-4118-82e3-eec1fce692eb"
  },
  {
    "Id": 100554,
    "TenantId": 7493,
    "DimensionAttributeId": 4777808,
    "DimensionAttributeGuid": "00000000-0000-0000-0000-000000000000",
    "DimensionGuid": "00000000-0000-0000-0000-000000000000",
    "LCID": 1033,
    "Language": null,
    "AttributeName": "Container",
    "Description": "Container",
    "ModuleId": "40787334-d114-4118-82e3-eec1fce692eb"
  },
  {
    "Id": 100555,
    "TenantId": 7493,
    "DimensionAttributeId": 4777809,
    "DimensionAttributeGuid": "00000000-0000-0000-0000-000000000000",
    "DimensionGuid": "00000000-0000-0000-0000-000000000000",
    "LCID": 1033,
    "Language": null,
    "AttributeName": "No of Pallets",
    "Description": "No of Pallets",
    "ModuleId": "40787334-d114-4118-82e3-eec1fce692eb"
  },
  {
    "Id": 100556,
    "TenantId": 7493,
    "DimensionAttributeId": 4777810,
    "DimensionAttributeGuid": "00000000-0000-0000-0000-000000000000",
    "DimensionGuid": "00000000-0000-0000-0000-000000000000",
    "LCID": 1033,
    "Language": null,
    "AttributeName": "Date of Manufacture",
    "Description": "Date of Manufacture",
    "ModuleId": "40787334-d114-4118-82e3-eec1fce692eb"
  },
  {
    "Id": 100557,
    "TenantId": 7493,
    "DimensionAttributeId": 4777811,
    "DimensionAttributeGuid": "00000000-0000-0000-0000-000000000000",
    "DimensionGuid": "00000000-0000-0000-0000-000000000000",
    "LCID": 1033,
    "Language": null,
    "AttributeName": "Length",
    "Description": "Length",
    "ModuleId": "40787334-d114-4118-82e3-eec1fce692eb"
  },
  {
    "Id": 100558,
    "TenantId": 7493,
    "DimensionAttributeId": 4777812,
    "DimensionAttributeGuid": "00000000-0000-0000-0000-000000000000",
    "DimensionGuid": "00000000-0000-0000-0000-000000000000",
    "LCID": 1033,
    "Language": null,
    "AttributeName": "Maintain Temperature (deg C)",
    "Description": "Maintain Temperature (deg C)",
    "ModuleId": "40787334-d114-4118-82e3-eec1fce692eb"
  },
  {
    "Id": 100559,
    "TenantId": 7493,
    "DimensionAttributeId": 4777813,
    "DimensionAttributeGuid": "00000000-0000-0000-0000-000000000000",
    "DimensionGuid": "00000000-0000-0000-0000-000000000000",
    "LCID": 1033,
    "Language": null,
    "AttributeName": "Brand",
    "Description": "Brand",
    "ModuleId": "40787334-d114-4118-82e3-eec1fce692eb"
  },
  {
    "Id": 100560,
    "TenantId": 7493,
    "DimensionAttributeId": 4777814,
    "DimensionAttributeGuid": "00000000-0000-0000-0000-000000000000",
    "DimensionGuid": "00000000-0000-0000-0000-000000000000",
    "LCID": 1033,
    "Language": null,
    "AttributeName": "Total Capacity",
    "Description": "Total Capacity",
    "ModuleId": "40787334-d114-4118-82e3-eec1fce692eb"
  },
  {
    "Id": 100561,
    "TenantId": 7493,
    "DimensionAttributeId": 4777815,
    "DimensionAttributeGuid": "00000000-0000-0000-0000-000000000000",
    "DimensionGuid": "00000000-0000-0000-0000-000000000000",
    "LCID": 1033,
    "Language": null,
    "AttributeName": "Height",
    "Description": "Height",
    "ModuleId": "40787334-d114-4118-82e3-eec1fce692eb"
  },
  {
    "Id": 100562,
    "TenantId": 7493,
    "DimensionAttributeId": 4777816,
    "DimensionAttributeGuid": "00000000-0000-0000-0000-000000000000",
    "DimensionGuid": "00000000-0000-0000-0000-000000000000",
    "LCID": 1033,
    "Language": null,
    "AttributeName": "Width",
    "Description": "Width",
    "ModuleId": "40787334-d114-4118-82e3-eec1fce692eb"
  },
  {
    "Id": 100563,
    "TenantId": 7493,
    "DimensionAttributeId": 4777817,
    "DimensionAttributeGuid": "00000000-0000-0000-0000-000000000000",
    "DimensionGuid": "00000000-0000-0000-0000-000000000000",
    "LCID": 1033,
    "Language": null,
    "AttributeName": "Type of Container",
    "Description": "Type of Container",
    "ModuleId": "40787334-d114-4118-82e3-eec1fce692eb"
  },
  {
    "Id": 100564,
    "TenantId": 7493,
    "DimensionAttributeId": 4777847,
    "DimensionAttributeGuid": "00000000-0000-0000-0000-000000000000",
    "DimensionGuid": "00000000-0000-0000-0000-000000000000",
    "LCID": 1033,
    "Language": null,
    "AttributeName": "BODLanes",
    "Description": "Distribution Lanes",
    "ModuleId": "40787334-d114-4118-82e3-eec1fce692eb"
  },
  {
    "Id": 100565,
    "TenantId": 7493,
    "DimensionAttributeId": 4777938,
    "DimensionAttributeGuid": "00000000-0000-0000-0000-000000000000",
    "DimensionGuid": "00000000-0000-0000-0000-000000000000",
    "LCID": 1033,
    "Language": null,
    "AttributeName": "Base UOM",
    "Description": "Base UOM",
    "ModuleId": "40787334-d114-4118-82e3-eec1fce692eb"
  },
  {
    "Id": 100566,
    "TenantId": 7493,
    "DimensionAttributeId": 4777978,
    "DimensionAttributeGuid": "00000000-0000-0000-0000-000000000000",
    "DimensionGuid": "00000000-0000-0000-0000-000000000000",
    "LCID": 1033,
    "Language": null,
    "AttributeName": "Sub Category",
    "Description": "Sub Category",
    "ModuleId": "40787334-d114-4118-82e3-eec1fce692eb"
  },
  {
    "Id": 100567,
    "TenantId": 7493,
    "DimensionAttributeId": 4777982,
    "DimensionAttributeGuid": "00000000-0000-0000-0000-000000000000",
    "DimensionGuid": "00000000-0000-0000-0000-000000000000",
    "LCID": 1033,
    "Language": null,
    "AttributeName": "Category",
    "Description": "Category",
    "ModuleId": "40787334-d114-4118-82e3-eec1fce692eb"
  },
  {
    "Id": 100568,
    "TenantId": 7493,
    "DimensionAttributeId": 4778014,
    "DimensionAttributeGuid": "00000000-0000-0000-0000-000000000000",
    "DimensionGuid": "00000000-0000-0000-0000-000000000000",
    "LCID": 1033,
    "Language": null,
    "AttributeName": "Subcat + Brand",
    "Description": "Subcat + Brand",
    "ModuleId": "40787334-d114-4118-82e3-eec1fce692eb"
  },
  {
    "Id": 100569,
    "TenantId": 7493,
    "DimensionAttributeId": 4778039,
    "DimensionAttributeGuid": "00000000-0000-0000-0000-000000000000",
    "DimensionGuid": "00000000-0000-0000-0000-000000000000",
    "LCID": 1033,
    "Language": null,
    "AttributeName": "Segmentation Category",
    "Description": "Segmentation Category Dimension",
    "ModuleId": "40787334-d114-4118-82e3-eec1fce692eb"
  },
  {
    "Id": 100570,
    "TenantId": 7493,
    "DimensionAttributeId": 4778040,
    "DimensionAttributeGuid": "00000000-0000-0000-0000-000000000000",
    "DimensionGuid": "00000000-0000-0000-0000-000000000000",
    "LCID": 1033,
    "Language": null,
    "AttributeName": "Sub Brand",
    "Description": "Sub Brand",
    "ModuleId": "40787334-d114-4118-82e3-eec1fce692eb"
  },
  {
    "Id": 100571,
    "TenantId": 7493,
    "DimensionAttributeId": 4778041,
    "DimensionAttributeGuid": "00000000-0000-0000-0000-000000000000",
    "DimensionGuid": "00000000-0000-0000-0000-000000000000",
    "LCID": 1033,
    "Language": null,
    "AttributeName": "Brand",
    "Description": "Brand",
    "ModuleId": "40787334-d114-4118-82e3-eec1fce692eb"
  },
  {
    "Id": 100572,
    "TenantId": 7493,
    "DimensionAttributeId": 4778045,
    "DimensionAttributeGuid": "00000000-0000-0000-0000-000000000000",
    "DimensionGuid": "00000000-0000-0000-0000-000000000000",
    "LCID": 1033,
    "Language": null,
    "AttributeName": "Sub Category",
    "Description": "Sub Category",
    "ModuleId": "40787334-d114-4118-82e3-eec1fce692eb"
  },
  {
    "Id": 100573,
    "TenantId": 7493,
    "DimensionAttributeId": 4778048,
    "DimensionAttributeGuid": "00000000-0000-0000-0000-000000000000",
    "DimensionGuid": "00000000-0000-0000-0000-000000000000",
    "LCID": 1033,
    "Language": null,
    "AttributeName": "Sub Cat N Brand",
    "Description": "Sub Cat N Brand",
    "ModuleId": "40787334-d114-4118-82e3-eec1fce692eb"
  },
  {
    "Id": 100574,
    "TenantId": 7493,
    "DimensionAttributeId": 4778159,
    "DimensionAttributeGuid": "00000000-0000-0000-0000-000000000000",
    "DimensionGuid": "00000000-0000-0000-0000-000000000000",
    "LCID": 1033,
    "Language": null,
    "AttributeName": "Transmode",
    "Description": "Equipment Mode of Transportation",
    "ModuleId": "40787334-d114-4118-82e3-eec1fce692eb"
  },
  {
    "Id": 100575,
    "TenantId": 7493,
    "DimensionAttributeId": 4778196,
    "DimensionAttributeGuid": "00000000-0000-0000-0000-000000000000",
    "DimensionGuid": "00000000-0000-0000-0000-000000000000",
    "LCID": 1033,
    "Language": null,
    "AttributeName": "Customer L1",
    "Description": "Customer L1",
    "ModuleId": "40787334-d114-4118-82e3-eec1fce692eb"
  },
  {
    "Id": 100576,
    "TenantId": 7493,
    "DimensionAttributeId": 4778198,
    "DimensionAttributeGuid": "00000000-0000-0000-0000-000000000000",
    "DimensionGuid": "00000000-0000-0000-0000-000000000000",
    "LCID": 1033,
    "Language": null,
    "AttributeName": "Customer L3",
    "Description": "Customer L3",
    "ModuleId": "40787334-d114-4118-82e3-eec1fce692eb"
  },
  {
    "Id": 100577,
    "TenantId": 7493,
    "DimensionAttributeId": 4778203,
    "DimensionAttributeGuid": "00000000-0000-0000-0000-000000000000",
    "DimensionGuid": "00000000-0000-0000-0000-000000000000",
    "LCID": 1033,
    "Language": null,
    "AttributeName": "Customer",
    "Description": "Customer",
    "ModuleId": "40787334-d114-4118-82e3-eec1fce692eb"
  },
  {
    "Id": 100578,
    "TenantId": 7493,
    "DimensionAttributeId": 4778204,
    "DimensionAttributeGuid": "00000000-0000-0000-0000-000000000000",
    "DimensionGuid": "00000000-0000-0000-0000-000000000000",
    "LCID": 1033,
    "Language": null,
    "AttributeName": "Customer L2",
    "Description": "Customer L2",
    "ModuleId": "40787334-d114-4118-82e3-eec1fce692eb"
  },
  {
    "Id": 100579,
    "TenantId": 7493,
    "DimensionAttributeId": 4778404,
    "DimensionAttributeGuid": "00000000-0000-0000-0000-000000000000",
    "DimensionGuid": "00000000-0000-0000-0000-000000000000",
    "LCID": 1033,
    "Language": null,
    "AttributeName": "Objective KPI",
    "Description": "KPI that is part of the scheduling Objective Function",
    "ModuleId": "40787334-d114-4118-82e3-eec1fce692eb"
  },
  {
    "Id": 100580,
    "TenantId": 7493,
    "DimensionAttributeId": 4778432,
    "DimensionAttributeGuid": "00000000-0000-0000-0000-000000000000",
    "DimensionGuid": "00000000-0000-0000-0000-000000000000",
    "LCID": 1033,
    "Language": null,
    "AttributeName": "Pallet number",
    "Description": "Pallet number",
    "ModuleId": "40787334-d114-4118-82e3-eec1fce692eb"
  }
]