[
  {
    "Id": 1432259,
    "TenantId": 7493,
    "FromAttributeId": 4777291,
    "ToAttributeId": 4777292,
    "ModuleId": null
  },
  {
    "Id": 1432260,
    "TenantId": 7493,
    "FromAttributeId": 4777293,
    "ToAttributeId": 4777294,
    "ModuleId": null
  },
  {
    "Id": 1432261,
    "TenantId": 7493,
    "FromAttributeId": 4777293,
    "ToAttributeId": 4777295,
    "ModuleId": null
  },
  {
    "Id": 1432262,
    "TenantId": 7493,
    "FromAttributeId": 4777293,
    "ToAttributeId": 4777296,
    "ModuleId": null
  },
  {
    "Id": 1432263,
    "TenantId": 7493,
    "FromAttributeId": 4777297,
    "ToAttributeId": 4777298,
    "ModuleId": null
  },
  {
    "Id": 1432264,
    "TenantId": 7493,
    "FromAttributeId": 4777297,
    "ToAttributeId": 4777299,
    "ModuleId": null
  },
  {
    "Id": 1432265,
    "TenantId": 7493,
    "FromAttributeId": 4777297,
    "ToAttributeId": 4777300,
    "ModuleId": null
  },
  {
    "Id": 1432266,
    "TenantId": 7493,
    "FromAttributeId": 4777297,
    "ToAttributeId": 4777301,
    "ModuleId": null
  },
  {
    "Id": 1432267,
    "TenantId": 7493,
    "FromAttributeId": 4777297,
    "ToAttributeId": 4777302,
    "ModuleId": null
  },
  {
    "Id": 1432268,
    "TenantId": 7493,
    "FromAttributeId": 4777297,
    "ToAttributeId": 4777303,
    "ModuleId": null
  },
  {
    "Id": 1432269,
    "TenantId": 7493,
    "FromAttributeId": 4777297,
    "ToAttributeId": 4777304,
    "ModuleId": null
  },
  {
    "Id": 1432270,
    "TenantId": 7493,
    "FromAttributeId": 4777297,
    "ToAttributeId": 4777305,
    "ModuleId": null
  },
  {
    "Id": 1432271,
    "TenantId": 7493,
    "FromAttributeId": 4777297,
    "ToAttributeId": 4777306,
    "ModuleId": null
  },
  {
    "Id": 1432272,
    "TenantId": 7493,
    "FromAttributeId": 4777297,
    "ToAttributeId": 4777307,
    "ModuleId": null
  },
  {
    "Id": 1432273,
    "TenantId": 7493,
    "FromAttributeId": 4777297,
    "ToAttributeId": 4777308,
    "ModuleId": null
  },
  {
    "Id": 1432274,
    "TenantId": 7493,
    "FromAttributeId": 4777297,
    "ToAttributeId": 4777309,
    "ModuleId": null
  },
  {
    "Id": 1432275,
    "TenantId": 7493,
    "FromAttributeId": 4777297,
    "ToAttributeId": 4777310,
    "ModuleId": null
  },
  {
    "Id": 1432276,
    "TenantId": 7493,
    "FromAttributeId": 4777297,
    "ToAttributeId": 4777311,
    "ModuleId": null
  },
  {
    "Id": 1432277,
    "TenantId": 7493,
    "FromAttributeId": 4777297,
    "ToAttributeId": 4777312,
    "ModuleId": null
  },
  {
    "Id": 1432278,
    "TenantId": 7493,
    "FromAttributeId": 4777297,
    "ToAttributeId": 4777313,
    "ModuleId": null
  },
  {
    "Id": 1432279,
    "TenantId": 7493,
    "FromAttributeId": 4777297,
    "ToAttributeId": 4777314,
    "ModuleId": null
  },
  {
    "Id": 1432280,
    "TenantId": 7493,
    "FromAttributeId": 4777297,
    "ToAttributeId": 4777315,
    "ModuleId": null
  },
  {
    "Id": 1432281,
    "TenantId": 7493,
    "FromAttributeId": 4777297,
    "ToAttributeId": 4777316,
    "ModuleId": null
  },
  {
    "Id": 1432282,
    "TenantId": 7493,
    "FromAttributeId": 4777317,
    "ToAttributeId": 4777318,
    "ModuleId": null
  },
  {
    "Id": 1432283,
    "TenantId": 7493,
    "FromAttributeId": 4777317,
    "ToAttributeId": 4777319,
    "ModuleId": null
  },
  {
    "Id": 1432284,
    "TenantId": 7493,
    "FromAttributeId": 4777317,
    "ToAttributeId": 4777320,
    "ModuleId": null
  },
  {
    "Id": 1432285,
    "TenantId": 7493,
    "FromAttributeId": 4777317,
    "ToAttributeId": 4777321,
    "ModuleId": null
  },
  {
    "Id": 1432286,
    "TenantId": 7493,
    "FromAttributeId": 4777317,
    "ToAttributeId": 4777322,
    "ModuleId": null
  },
  {
    "Id": 1432287,
    "TenantId": 7493,
    "FromAttributeId": 4777323,
    "ToAttributeId": 4777324,
    "ModuleId": null
  },
  {
    "Id": 1432288,
    "TenantId": 7493,
    "FromAttributeId": 4777323,
    "ToAttributeId": 4777325,
    "ModuleId": null
  },
  {
    "Id": 1432289,
    "TenantId": 7493,
    "FromAttributeId": 4777323,
    "ToAttributeId": 4777326,
    "ModuleId": null
  },
  {
    "Id": 1432290,
    "TenantId": 7493,
    "FromAttributeId": 4777323,
    "ToAttributeId": 4777327,
    "ModuleId": null
  },
  {
    "Id": 1432291,
    "TenantId": 7493,
    "FromAttributeId": 4777323,
    "ToAttributeId": 4777328,
    "ModuleId": null
  },
  {
    "Id": 1432292,
    "TenantId": 7493,
    "FromAttributeId": 4777329,
    "ToAttributeId": 4777330,
    "ModuleId": null
  },
  {
    "Id": 1432293,
    "TenantId": 7493,
    "FromAttributeId": 4777329,
    "ToAttributeId": 4777331,
    "ModuleId": null
  },
  {
    "Id": 1432294,
    "TenantId": 7493,
    "FromAttributeId": 4777329,
    "ToAttributeId": 4777332,
    "ModuleId": null
  },
  {
    "Id": 1432295,
    "TenantId": 7493,
    "FromAttributeId": 4777329,
    "ToAttributeId": 4777333,
    "ModuleId": null
  },
  {
    "Id": 1432296,
    "TenantId": 7493,
    "FromAttributeId": 4777329,
    "ToAttributeId": 4777334,
    "ModuleId": null
  },
  {
    "Id": 1432297,
    "TenantId": 7493,
    "FromAttributeId": 4777329,
    "ToAttributeId": 4777335,
    "ModuleId": null
  },
  {
    "Id": 1432298,
    "TenantId": 7493,
    "FromAttributeId": 4777329,
    "ToAttributeId": 4777336,
    "ModuleId": null
  },
  {
    "Id": 1432299,
    "TenantId": 7493,
    "FromAttributeId": 4777329,
    "ToAttributeId": 4777337,
    "ModuleId": null
  },
  {
    "Id": 1432300,
    "TenantId": 7493,
    "FromAttributeId": 4777329,
    "ToAttributeId": 4777338,
    "ModuleId": null
  },
  {
    "Id": 1432301,
    "TenantId": 7493,
    "FromAttributeId": 4777329,
    "ToAttributeId": 4777339,
    "ModuleId": null
  },
  {
    "Id": 1432302,
    "TenantId": 7493,
    "FromAttributeId": 4777329,
    "ToAttributeId": 4777340,
    "ModuleId": null
  },
  {
    "Id": 1432303,
    "TenantId": 7493,
    "FromAttributeId": 4777341,
    "ToAttributeId": 4777342,
    "ModuleId": null
  },
  {
    "Id": 1432304,
    "TenantId": 7493,
    "FromAttributeId": 4777343,
    "ToAttributeId": 4777344,
    "ModuleId": null
  },
  {
    "Id": 1432305,
    "TenantId": 7493,
    "FromAttributeId": 4777343,
    "ToAttributeId": 4777345,
    "ModuleId": null
  },
  {
    "Id": 1432306,
    "TenantId": 7493,
    "FromAttributeId": 4777343,
    "ToAttributeId": 4777346,
    "ModuleId": null
  },
  {
    "Id": 1432307,
    "TenantId": 7493,
    "FromAttributeId": 4777347,
    "ToAttributeId": 4777348,
    "ModuleId": null
  },
  {
    "Id": 1432308,
    "TenantId": 7493,
    "FromAttributeId": 4777347,
    "ToAttributeId": 4777349,
    "ModuleId": null
  },
  {
    "Id": 1432309,
    "TenantId": 7493,
    "FromAttributeId": 4777347,
    "ToAttributeId": 4777350,
    "ModuleId": null
  },
  {
    "Id": 1432310,
    "TenantId": 7493,
    "FromAttributeId": 4777347,
    "ToAttributeId": 4777351,
    "ModuleId": null
  },
  {
    "Id": 1432311,
    "TenantId": 7493,
    "FromAttributeId": 4777347,
    "ToAttributeId": 4777352,
    "ModuleId": null
  },
  {
    "Id": 1432312,
    "TenantId": 7493,
    "FromAttributeId": 4777347,
    "ToAttributeId": 4777353,
    "ModuleId": null
  },
  {
    "Id": 1432313,
    "TenantId": 7493,
    "FromAttributeId": 4777347,
    "ToAttributeId": 4777354,
    "ModuleId": null
  },
  {
    "Id": 1432314,
    "TenantId": 7493,
    "FromAttributeId": 4777347,
    "ToAttributeId": 4777355,
    "ModuleId": null
  },
  {
    "Id": 1432315,
    "TenantId": 7493,
    "FromAttributeId": 4777347,
    "ToAttributeId": 4777356,
    "ModuleId": null
  },
  {
    "Id": 1432316,
    "TenantId": 7493,
    "FromAttributeId": 4777347,
    "ToAttributeId": 4777357,
    "ModuleId": null
  },
  {
    "Id": 1432317,
    "TenantId": 7493,
    "FromAttributeId": 4777359,
    "ToAttributeId": 4777360,
    "ModuleId": null
  },
  {
    "Id": 1432318,
    "TenantId": 7493,
    "FromAttributeId": 4777359,
    "ToAttributeId": 4777361,
    "ModuleId": null
  },
  {
    "Id": 1432319,
    "TenantId": 7493,
    "FromAttributeId": 4777359,
    "ToAttributeId": 4777362,
    "ModuleId": null
  },
  {
    "Id": 1432320,
    "TenantId": 7493,
    "FromAttributeId": 4777359,
    "ToAttributeId": 4777363,
    "ModuleId": null
  },
  {
    "Id": 1432321,
    "TenantId": 7493,
    "FromAttributeId": 4777364,
    "ToAttributeId": 4777365,
    "ModuleId": null
  },
  {
    "Id": 1432322,
    "TenantId": 7493,
    "FromAttributeId": 4777364,
    "ToAttributeId": 4777366,
    "ModuleId": null
  },
  {
    "Id": 1432323,
    "TenantId": 7493,
    "FromAttributeId": 4777364,
    "ToAttributeId": 4777367,
    "ModuleId": null
  },
  {
    "Id": 1432324,
    "TenantId": 7493,
    "FromAttributeId": 4777364,
    "ToAttributeId": 4777368,
    "ModuleId": null
  },
  {
    "Id": 1432325,
    "TenantId": 7493,
    "FromAttributeId": 4777364,
    "ToAttributeId": 4777369,
    "ModuleId": null
  },
  {
    "Id": 1432326,
    "TenantId": 7493,
    "FromAttributeId": 4777364,
    "ToAttributeId": 4777370,
    "ModuleId": null
  },
  {
    "Id": 1432327,
    "TenantId": 7493,
    "FromAttributeId": 4777364,
    "ToAttributeId": 4777371,
    "ModuleId": null
  },
  {
    "Id": 1432328,
    "TenantId": 7493,
    "FromAttributeId": 4777364,
    "ToAttributeId": 4777372,
    "ModuleId": null
  },
  {
    "Id": 1432329,
    "TenantId": 7493,
    "FromAttributeId": 4777373,
    "ToAttributeId": 4777374,
    "ModuleId": null
  },
  {
    "Id": 1432330,
    "TenantId": 7493,
    "FromAttributeId": 4777373,
    "ToAttributeId": 4777375,
    "ModuleId": null
  },
  {
    "Id": 1432331,
    "TenantId": 7493,
    "FromAttributeId": 4777373,
    "ToAttributeId": 4777376,
    "ModuleId": null
  },
  {
    "Id": 1432332,
    "TenantId": 7493,
    "FromAttributeId": 4777373,
    "ToAttributeId": 4777377,
    "ModuleId": null
  },
  {
    "Id": 1432333,
    "TenantId": 7493,
    "FromAttributeId": 4777373,
    "ToAttributeId": 4777378,
    "ModuleId": null
  },
  {
    "Id": 1432334,
    "TenantId": 7493,
    "FromAttributeId": 4777379,
    "ToAttributeId": 4777380,
    "ModuleId": null
  },
  {
    "Id": 1432335,
    "TenantId": 7493,
    "FromAttributeId": 4777379,
    "ToAttributeId": 4777381,
    "ModuleId": null
  },
  {
    "Id": 1432336,
    "TenantId": 7493,
    "FromAttributeId": 4777379,
    "ToAttributeId": 4777382,
    "ModuleId": null
  },
  {
    "Id": 1432337,
    "TenantId": 7493,
    "FromAttributeId": 4777379,
    "ToAttributeId": 4777383,
    "ModuleId": null
  },
  {
    "Id": 1432338,
    "TenantId": 7493,
    "FromAttributeId": 4777379,
    "ToAttributeId": 4777384,
    "ModuleId": null
  },
  {
    "Id": 1432339,
    "TenantId": 7493,
    "FromAttributeId": 4777385,
    "ToAttributeId": 4777386,
    "ModuleId": null
  },
  {
    "Id": 1432340,
    "TenantId": 7493,
    "FromAttributeId": 4777385,
    "ToAttributeId": 4777387,
    "ModuleId": null
  },
  {
    "Id": 1432341,
    "TenantId": 7493,
    "FromAttributeId": 4777385,
    "ToAttributeId": 4777388,
    "ModuleId": null
  },
  {
    "Id": 1432342,
    "TenantId": 7493,
    "FromAttributeId": 4777385,
    "ToAttributeId": 4777389,
    "ModuleId": null
  },
  {
    "Id": 1432343,
    "TenantId": 7493,
    "FromAttributeId": 4777390,
    "ToAttributeId": 4777391,
    "ModuleId": null
  },
  {
    "Id": 1432344,
    "TenantId": 7493,
    "FromAttributeId": 4777390,
    "ToAttributeId": 4777392,
    "ModuleId": null
  },
  {
    "Id": 1432345,
    "TenantId": 7493,
    "FromAttributeId": 4777390,
    "ToAttributeId": 4777393,
    "ModuleId": null
  },
  {
    "Id": 1432346,
    "TenantId": 7493,
    "FromAttributeId": 4777390,
    "ToAttributeId": 4777394,
    "ModuleId": null
  },
  {
    "Id": 1432347,
    "TenantId": 7493,
    "FromAttributeId": 4777548,
    "ToAttributeId": 4777549,
    "ModuleId": "40787334-d114-4118-82e3-eec1fce692eb"
  },
  {
    "Id": 1432348,
    "TenantId": 7493,
    "FromAttributeId": 4777552,
    "ToAttributeId": 4777553,
    "ModuleId": "40787334-d114-4118-82e3-eec1fce692eb"
  },
  {
    "Id": 1432349,
    "TenantId": 7493,
    "FromAttributeId": 4777630,
    "ToAttributeId": 4777631,
    "ModuleId": "40787334-d114-4118-82e3-eec1fce692eb"
  },
  {
    "Id": 1432350,
    "TenantId": 7493,
    "FromAttributeId": 4777633,
    "ToAttributeId": 4777634,
    "ModuleId": "40787334-d114-4118-82e3-eec1fce692eb"
  },
  {
    "Id": 1432351,
    "TenantId": 7493,
    "FromAttributeId": 4777637,
    "ToAttributeId": 4777638,
    "ModuleId": "40787334-d114-4118-82e3-eec1fce692eb"
  },
  {
    "Id": 1432352,
    "TenantId": 7493,
    "FromAttributeId": 4777640,
    "ToAttributeId": 4777641,
    "ModuleId": "40787334-d114-4118-82e3-eec1fce692eb"
  },
  {
    "Id": 1432353,
    "TenantId": 7493,
    "FromAttributeId": 4777670,
    "ToAttributeId": 4777671,
    "ModuleId": "40787334-d114-4118-82e3-eec1fce692eb"
  },
  {
    "Id": 1432354,
    "TenantId": 7493,
    "FromAttributeId": 4777679,
    "ToAttributeId": 4777680,
    "ModuleId": "40787334-d114-4118-82e3-eec1fce692eb"
  },
  {
    "Id": 1432355,
    "TenantId": 7493,
    "FromAttributeId": 4777706,
    "ToAttributeId": 4777707,
    "ModuleId": "40787334-d114-4118-82e3-eec1fce692eb"
  },
  {
    "Id": 1432356,
    "TenantId": 7493,
    "FromAttributeId": 4777706,
    "ToAttributeId": 4777708,
    "ModuleId": "40787334-d114-4118-82e3-eec1fce692eb"
  },
  {
    "Id": 1432357,
    "TenantId": 7493,
    "FromAttributeId": 4777706,
    "ToAttributeId": 4777709,
    "ModuleId": "40787334-d114-4118-82e3-eec1fce692eb"
  },
  {
    "Id": 1432358,
    "TenantId": 7493,
    "FromAttributeId": 4777706,
    "ToAttributeId": 4777710,
    "ModuleId": "40787334-d114-4118-82e3-eec1fce692eb"
  },
  {
    "Id": 1432359,
    "TenantId": 7493,
    "FromAttributeId": 4777706,
    "ToAttributeId": 4777711,
    "ModuleId": "40787334-d114-4118-82e3-eec1fce692eb"
  },
  {
    "Id": 1432360,
    "TenantId": 7493,
    "FromAttributeId": 4777706,
    "ToAttributeId": 4777712,
    "ModuleId": "40787334-d114-4118-82e3-eec1fce692eb"
  },
  {
    "Id": 1432361,
    "TenantId": 7493,
    "FromAttributeId": 4777706,
    "ToAttributeId": 4777713,
    "ModuleId": "40787334-d114-4118-82e3-eec1fce692eb"
  },
  {
    "Id": 1432362,
    "TenantId": 7493,
    "FromAttributeId": 4777706,
    "ToAttributeId": 4777714,
    "ModuleId": "40787334-d114-4118-82e3-eec1fce692eb"
  },
  {
    "Id": 1432363,
    "TenantId": 7493,
    "FromAttributeId": 4777706,
    "ToAttributeId": 4777715,
    "ModuleId": "40787334-d114-4118-82e3-eec1fce692eb"
  },
  {
    "Id": 1432364,
    "TenantId": 7493,
    "FromAttributeId": 4777706,
    "ToAttributeId": 4777716,
    "ModuleId": "40787334-d114-4118-82e3-eec1fce692eb"
  },
  {
    "Id": 1432365,
    "TenantId": 7493,
    "FromAttributeId": 4777740,
    "ToAttributeId": 4777741,
    "ModuleId": "40787334-d114-4118-82e3-eec1fce692eb"
  },
  {
    "Id": 1432366,
    "TenantId": 7493,
    "FromAttributeId": 4777740,
    "ToAttributeId": 4777742,
    "ModuleId": "40787334-d114-4118-82e3-eec1fce692eb"
  },
  {
    "Id": 1432367,
    "TenantId": 7493,
    "FromAttributeId": 4777740,
    "ToAttributeId": 4777743,
    "ModuleId": "40787334-d114-4118-82e3-eec1fce692eb"
  },
  {
    "Id": 1432368,
    "TenantId": 7493,
    "FromAttributeId": 4777740,
    "ToAttributeId": 4777744,
    "ModuleId": "40787334-d114-4118-82e3-eec1fce692eb"
  },
  {
    "Id": 1432369,
    "TenantId": 7493,
    "FromAttributeId": 4777740,
    "ToAttributeId": 4777745,
    "ModuleId": "40787334-d114-4118-82e3-eec1fce692eb"
  },
  {
    "Id": 1432370,
    "TenantId": 7493,
    "FromAttributeId": 4777740,
    "ToAttributeId": 4777746,
    "ModuleId": "40787334-d114-4118-82e3-eec1fce692eb"
  },
  {
    "Id": 1432371,
    "TenantId": 7493,
    "FromAttributeId": 4777740,
    "ToAttributeId": 4777747,
    "ModuleId": "40787334-d114-4118-82e3-eec1fce692eb"
  },
  {
    "Id": 1432372,
    "TenantId": 7493,
    "FromAttributeId": 4777740,
    "ToAttributeId": 4777748,
    "ModuleId": "40787334-d114-4118-82e3-eec1fce692eb"
  },
  {
    "Id": 1432373,
    "TenantId": 7493,
    "FromAttributeId": 4777758,
    "ToAttributeId": 4777759,
    "ModuleId": "40787334-d114-4118-82e3-eec1fce692eb"
  },
  {
    "Id": 1432374,
    "TenantId": 7493,
    "FromAttributeId": 4777758,
    "ToAttributeId": 4777760,
    "ModuleId": "40787334-d114-4118-82e3-eec1fce692eb"
  },
  {
    "Id": 1432375,
    "TenantId": 7493,
    "FromAttributeId": 4777758,
    "ToAttributeId": 4777761,
    "ModuleId": "40787334-d114-4118-82e3-eec1fce692eb"
  },
  {
    "Id": 1432376,
    "TenantId": 7493,
    "FromAttributeId": 4777758,
    "ToAttributeId": 4777762,
    "ModuleId": "40787334-d114-4118-82e3-eec1fce692eb"
  },
  {
    "Id": 1432377,
    "TenantId": 7493,
    "FromAttributeId": 4777758,
    "ToAttributeId": 4777763,
    "ModuleId": "40787334-d114-4118-82e3-eec1fce692eb"
  },
  {
    "Id": 1432378,
    "TenantId": 7493,
    "FromAttributeId": 4777758,
    "ToAttributeId": 4777764,
    "ModuleId": "40787334-d114-4118-82e3-eec1fce692eb"
  },
  {
    "Id": 1432379,
    "TenantId": 7493,
    "FromAttributeId": 4777766,
    "ToAttributeId": 4777767,
    "ModuleId": "40787334-d114-4118-82e3-eec1fce692eb"
  },
  {
    "Id": 1432380,
    "TenantId": 7493,
    "FromAttributeId": 4777783,
    "ToAttributeId": 4777784,
    "ModuleId": "40787334-d114-4118-82e3-eec1fce692eb"
  },
  {
    "Id": 1432381,
    "TenantId": 7493,
    "FromAttributeId": 4777783,
    "ToAttributeId": 4777785,
    "ModuleId": "40787334-d114-4118-82e3-eec1fce692eb"
  },
  {
    "Id": 1432382,
    "TenantId": 7493,
    "FromAttributeId": 4777788,
    "ToAttributeId": 4777789,
    "ModuleId": "40787334-d114-4118-82e3-eec1fce692eb"
  },
  {
    "Id": 1432383,
    "TenantId": 7493,
    "FromAttributeId": 4777790,
    "ToAttributeId": 4777791,
    "ModuleId": "40787334-d114-4118-82e3-eec1fce692eb"
  },
  {
    "Id": 1432384,
    "TenantId": 7493,
    "FromAttributeId": 4777792,
    "ToAttributeId": 4777793,
    "ModuleId": "40787334-d114-4118-82e3-eec1fce692eb"
  },
  {
    "Id": 1432385,
    "TenantId": 7493,
    "FromAttributeId": 4777795,
    "ToAttributeId": 4777796,
    "ModuleId": "40787334-d114-4118-82e3-eec1fce692eb"
  },
  {
    "Id": 1432386,
    "TenantId": 7493,
    "FromAttributeId": 4777797,
    "ToAttributeId": 4777798,
    "ModuleId": "40787334-d114-4118-82e3-eec1fce692eb"
  },
  {
    "Id": 1432387,
    "TenantId": 7493,
    "FromAttributeId": 4777802,
    "ToAttributeId": 4777803,
    "ModuleId": "40787334-d114-4118-82e3-eec1fce692eb"
  },
  {
    "Id": 1432388,
    "TenantId": 7493,
    "FromAttributeId": 4777804,
    "ToAttributeId": 4777805,
    "ModuleId": "40787334-d114-4118-82e3-eec1fce692eb"
  },
  {
    "Id": 1432389,
    "TenantId": 7493,
    "FromAttributeId": 4777857,
    "ToAttributeId": 4777858,
    "ModuleId": "40787334-d114-4118-82e3-eec1fce692eb"
  },
  {
    "Id": 1432390,
    "TenantId": 7493,
    "FromAttributeId": 4777871,
    "ToAttributeId": 4777872,
    "ModuleId": "40787334-d114-4118-82e3-eec1fce692eb"
  },
  {
    "Id": 1432391,
    "TenantId": 7493,
    "FromAttributeId": 4777871,
    "ToAttributeId": 4777873,
    "ModuleId": "40787334-d114-4118-82e3-eec1fce692eb"
  },
  {
    "Id": 1432392,
    "TenantId": 7493,
    "FromAttributeId": 4777871,
    "ToAttributeId": 4777874,
    "ModuleId": "40787334-d114-4118-82e3-eec1fce692eb"
  },
  {
    "Id": 1432393,
    "TenantId": 7493,
    "FromAttributeId": 4777879,
    "ToAttributeId": 4777880,
    "ModuleId": "40787334-d114-4118-82e3-eec1fce692eb"
  },
  {
    "Id": 1432394,
    "TenantId": 7493,
    "FromAttributeId": 4777895,
    "ToAttributeId": 4777896,
    "ModuleId": "40787334-d114-4118-82e3-eec1fce692eb"
  },
  {
    "Id": 1432395,
    "TenantId": 7493,
    "FromAttributeId": 4777897,
    "ToAttributeId": 4777898,
    "ModuleId": "40787334-d114-4118-82e3-eec1fce692eb"
  },
  {
    "Id": 1432396,
    "TenantId": 7493,
    "FromAttributeId": 4777899,
    "ToAttributeId": 4777900,
    "ModuleId": "40787334-d114-4118-82e3-eec1fce692eb"
  },
  {
    "Id": 1432397,
    "TenantId": 7493,
    "FromAttributeId": 4777901,
    "ToAttributeId": 4777902,
    "ModuleId": "40787334-d114-4118-82e3-eec1fce692eb"
  },
  {
    "Id": 1432398,
    "TenantId": 7493,
    "FromAttributeId": 4777905,
    "ToAttributeId": 4777906,
    "ModuleId": "40787334-d114-4118-82e3-eec1fce692eb"
  },
  {
    "Id": 1432399,
    "TenantId": 7493,
    "FromAttributeId": 4777907,
    "ToAttributeId": 4777908,
    "ModuleId": "40787334-d114-4118-82e3-eec1fce692eb"
  },
  {
    "Id": 1432400,
    "TenantId": 7493,
    "FromAttributeId": 4777910,
    "ToAttributeId": 4777911,
    "ModuleId": "40787334-d114-4118-82e3-eec1fce692eb"
  },
  {
    "Id": 1432401,
    "TenantId": 7493,
    "FromAttributeId": 4777918,
    "ToAttributeId": 4777919,
    "ModuleId": "40787334-d114-4118-82e3-eec1fce692eb"
  },
  {
    "Id": 1432402,
    "TenantId": 7493,
    "FromAttributeId": 4777918,
    "ToAttributeId": 4777920,
    "ModuleId": "40787334-d114-4118-82e3-eec1fce692eb"
  },
  {
    "Id": 1432403,
    "TenantId": 7493,
    "FromAttributeId": 4777918,
    "ToAttributeId": 4777921,
    "ModuleId": "40787334-d114-4118-82e3-eec1fce692eb"
  },
  {
    "Id": 1432404,
    "TenantId": 7493,
    "FromAttributeId": 4777918,
    "ToAttributeId": 4777922,
    "ModuleId": "40787334-d114-4118-82e3-eec1fce692eb"
  },
  {
    "Id": 1432405,
    "TenantId": 7493,
    "FromAttributeId": 4777918,
    "ToAttributeId": 4777923,
    "ModuleId": "40787334-d114-4118-82e3-eec1fce692eb"
  },
  {
    "Id": 1432406,
    "TenantId": 7493,
    "FromAttributeId": 4777918,
    "ToAttributeId": 4777924,
    "ModuleId": "40787334-d114-4118-82e3-eec1fce692eb"
  },
  {
    "Id": 1432407,
    "TenantId": 7493,
    "FromAttributeId": 4777918,
    "ToAttributeId": 4777925,
    "ModuleId": "40787334-d114-4118-82e3-eec1fce692eb"
  },
  {
    "Id": 1432408,
    "TenantId": 7493,
    "FromAttributeId": 4777918,
    "ToAttributeId": 4777926,
    "ModuleId": "40787334-d114-4118-82e3-eec1fce692eb"
  },
  {
    "Id": 1432409,
    "TenantId": 7493,
    "FromAttributeId": 4777918,
    "ToAttributeId": 4777927,
    "ModuleId": "40787334-d114-4118-82e3-eec1fce692eb"
  },
  {
    "Id": 1432410,
    "TenantId": 7493,
    "FromAttributeId": 4777918,
    "ToAttributeId": 4777928,
    "ModuleId": "40787334-d114-4118-82e3-eec1fce692eb"
  },
  {
    "Id": 1432411,
    "TenantId": 7493,
    "FromAttributeId": 4777918,
    "ToAttributeId": 4777929,
    "ModuleId": "40787334-d114-4118-82e3-eec1fce692eb"
  },
  {
    "Id": 1432412,
    "TenantId": 7493,
    "FromAttributeId": 4777918,
    "ToAttributeId": 4777930,
    "ModuleId": "40787334-d114-4118-82e3-eec1fce692eb"
  },
  {
    "Id": 1432413,
    "TenantId": 7493,
    "FromAttributeId": 4777918,
    "ToAttributeId": 4777931,
    "ModuleId": "40787334-d114-4118-82e3-eec1fce692eb"
  },
  {
    "Id": 1432414,
    "TenantId": 7493,
    "FromAttributeId": 4777918,
    "ToAttributeId": 4777932,
    "ModuleId": "40787334-d114-4118-82e3-eec1fce692eb"
  },
  {
    "Id": 1432415,
    "TenantId": 7493,
    "FromAttributeId": 4777918,
    "ToAttributeId": 4777933,
    "ModuleId": "40787334-d114-4118-82e3-eec1fce692eb"
  },
  {
    "Id": 1432416,
    "TenantId": 7493,
    "FromAttributeId": 4777918,
    "ToAttributeId": 4777934,
    "ModuleId": "40787334-d114-4118-82e3-eec1fce692eb"
  },
  {
    "Id": 1432417,
    "TenantId": 7493,
    "FromAttributeId": 4777918,
    "ToAttributeId": 4777935,
    "ModuleId": "40787334-d114-4118-82e3-eec1fce692eb"
  },
  {
    "Id": 1432418,
    "TenantId": 7493,
    "FromAttributeId": 4777918,
    "ToAttributeId": 4777936,
    "ModuleId": "40787334-d114-4118-82e3-eec1fce692eb"
  },
  {
    "Id": 1432419,
    "TenantId": 7493,
    "FromAttributeId": 4777918,
    "ToAttributeId": 4777937,
    "ModuleId": "40787334-d114-4118-82e3-eec1fce692eb"
  },
  {
    "Id": 1432420,
    "TenantId": 7493,
    "FromAttributeId": 4777971,
    "ToAttributeId": 4777972,
    "ModuleId": "40787334-d114-4118-82e3-eec1fce692eb"
  },
  {
    "Id": 1432421,
    "TenantId": 7493,
    "FromAttributeId": 4777971,
    "ToAttributeId": 4777973,
    "ModuleId": "40787334-d114-4118-82e3-eec1fce692eb"
  },
  {
    "Id": 1432422,
    "TenantId": 7493,
    "FromAttributeId": 4777971,
    "ToAttributeId": 4777974,
    "ModuleId": "40787334-d114-4118-82e3-eec1fce692eb"
  },
  {
    "Id": 1432423,
    "TenantId": 7493,
    "FromAttributeId": 4777971,
    "ToAttributeId": 4777975,
    "ModuleId": "40787334-d114-4118-82e3-eec1fce692eb"
  },
  {
    "Id": 1432424,
    "TenantId": 7493,
    "FromAttributeId": 4777971,
    "ToAttributeId": 4777976,
    "ModuleId": "40787334-d114-4118-82e3-eec1fce692eb"
  },
  {
    "Id": 1432425,
    "TenantId": 7493,
    "FromAttributeId": 4777971,
    "ToAttributeId": 4777977,
    "ModuleId": "40787334-d114-4118-82e3-eec1fce692eb"
  },
  {
    "Id": 1432426,
    "TenantId": 7493,
    "FromAttributeId": 4777979,
    "ToAttributeId": 4777980,
    "ModuleId": "40787334-d114-4118-82e3-eec1fce692eb"
  },
  {
    "Id": 1432427,
    "TenantId": 7493,
    "FromAttributeId": 4777979,
    "ToAttributeId": 4777981,
    "ModuleId": "40787334-d114-4118-82e3-eec1fce692eb"
  },
  {
    "Id": 1432428,
    "TenantId": 7493,
    "FromAttributeId": 4777987,
    "ToAttributeId": 4777988,
    "ModuleId": "40787334-d114-4118-82e3-eec1fce692eb"
  },
  {
    "Id": 1432429,
    "TenantId": 7493,
    "FromAttributeId": 4777991,
    "ToAttributeId": 4777992,
    "ModuleId": "40787334-d114-4118-82e3-eec1fce692eb"
  },
  {
    "Id": 1432430,
    "TenantId": 7493,
    "FromAttributeId": 4777993,
    "ToAttributeId": 4777994,
    "ModuleId": "40787334-d114-4118-82e3-eec1fce692eb"
  },
  {
    "Id": 1432431,
    "TenantId": 7493,
    "FromAttributeId": 4778001,
    "ToAttributeId": 4778002,
    "ModuleId": "40787334-d114-4118-82e3-eec1fce692eb"
  },
  {
    "Id": 1432432,
    "TenantId": 7493,
    "FromAttributeId": 4778003,
    "ToAttributeId": 4778004,
    "ModuleId": "40787334-d114-4118-82e3-eec1fce692eb"
  },
  {
    "Id": 1432433,
    "TenantId": 7493,
    "FromAttributeId": 4778005,
    "ToAttributeId": 4778006,
    "ModuleId": "40787334-d114-4118-82e3-eec1fce692eb"
  },
  {
    "Id": 1432434,
    "TenantId": 7493,
    "FromAttributeId": 4778007,
    "ToAttributeId": 4778008,
    "ModuleId": "40787334-d114-4118-82e3-eec1fce692eb"
  },
  {
    "Id": 1432435,
    "TenantId": 7493,
    "FromAttributeId": 4778009,
    "ToAttributeId": 4778010,
    "ModuleId": "40787334-d114-4118-82e3-eec1fce692eb"
  },
  {
    "Id": 1432436,
    "TenantId": 7493,
    "FromAttributeId": 4778011,
    "ToAttributeId": 4778012,
    "ModuleId": "40787334-d114-4118-82e3-eec1fce692eb"
  },
  {
    "Id": 1432437,
    "TenantId": 7493,
    "FromAttributeId": 4778108,
    "ToAttributeId": 4778109,
    "ModuleId": "40787334-d114-4118-82e3-eec1fce692eb"
  },
  {
    "Id": 1432438,
    "TenantId": 7493,
    "FromAttributeId": 4778194,
    "ToAttributeId": 4778195,
    "ModuleId": "40787334-d114-4118-82e3-eec1fce692eb"
  },
  {
    "Id": 1432439,
    "TenantId": 7493,
    "FromAttributeId": 4778224,
    "ToAttributeId": 4778225,
    "ModuleId": "40787334-d114-4118-82e3-eec1fce692eb"
  },
  {
    "Id": 1432440,
    "TenantId": 7493,
    "FromAttributeId": 4778224,
    "ToAttributeId": 4778226,
    "ModuleId": "40787334-d114-4118-82e3-eec1fce692eb"
  },
  {
    "Id": 1432441,
    "TenantId": 7493,
    "FromAttributeId": 4778224,
    "ToAttributeId": 4778227,
    "ModuleId": "40787334-d114-4118-82e3-eec1fce692eb"
  },
  {
    "Id": 1432442,
    "TenantId": 7493,
    "FromAttributeId": 4778224,
    "ToAttributeId": 4778228,
    "ModuleId": "40787334-d114-4118-82e3-eec1fce692eb"
  },
  {
    "Id": 1432443,
    "TenantId": 7493,
    "FromAttributeId": 4778224,
    "ToAttributeId": 4778229,
    "ModuleId": "40787334-d114-4118-82e3-eec1fce692eb"
  },
  {
    "Id": 1432444,
    "TenantId": 7493,
    "FromAttributeId": 4778224,
    "ToAttributeId": 4778230,
    "ModuleId": "40787334-d114-4118-82e3-eec1fce692eb"
  },
  {
    "Id": 1432445,
    "TenantId": 7493,
    "FromAttributeId": 4778224,
    "ToAttributeId": 4778231,
    "ModuleId": "40787334-d114-4118-82e3-eec1fce692eb"
  },
  {
    "Id": 1432446,
    "TenantId": 7493,
    "FromAttributeId": 4778224,
    "ToAttributeId": 4778232,
    "ModuleId": "40787334-d114-4118-82e3-eec1fce692eb"
  },
  {
    "Id": 1432447,
    "TenantId": 7493,
    "FromAttributeId": 4778224,
    "ToAttributeId": 4778233,
    "ModuleId": "40787334-d114-4118-82e3-eec1fce692eb"
  },
  {
    "Id": 1432448,
    "TenantId": 7493,
    "FromAttributeId": 4778224,
    "ToAttributeId": 4778234,
    "ModuleId": "40787334-d114-4118-82e3-eec1fce692eb"
  },
  {
    "Id": 1432449,
    "TenantId": 7493,
    "FromAttributeId": 4778224,
    "ToAttributeId": 4778235,
    "ModuleId": "40787334-d114-4118-82e3-eec1fce692eb"
  },
  {
    "Id": 1432450,
    "TenantId": 7493,
    "FromAttributeId": 4778270,
    "ToAttributeId": 4778271,
    "ModuleId": "40787334-d114-4118-82e3-eec1fce692eb"
  },
  {
    "Id": 1432451,
    "TenantId": 7493,
    "FromAttributeId": 4778286,
    "ToAttributeId": 4778287,
    "ModuleId": "40787334-d114-4118-82e3-eec1fce692eb"
  },
  {
    "Id": 1432452,
    "TenantId": 7493,
    "FromAttributeId": 4778318,
    "ToAttributeId": 4778319,
    "ModuleId": "40787334-d114-4118-82e3-eec1fce692eb"
  },
  {
    "Id": 1432453,
    "TenantId": 7493,
    "FromAttributeId": 4778318,
    "ToAttributeId": 4778320,
    "ModuleId": "40787334-d114-4118-82e3-eec1fce692eb"
  },
  {
    "Id": 1432454,
    "TenantId": 7493,
    "FromAttributeId": 4778318,
    "ToAttributeId": 4778321,
    "ModuleId": "40787334-d114-4118-82e3-eec1fce692eb"
  },
  {
    "Id": 1432455,
    "TenantId": 7493,
    "FromAttributeId": 4778318,
    "ToAttributeId": 4778322,
    "ModuleId": "40787334-d114-4118-82e3-eec1fce692eb"
  }
]