[
  {
    "Id": 120409,
    "TenantId": 7493,
    "Name": "Tenant-Filter",
    "Title": "Tenant",
    "Image": null,
    "FilterType": "DbSet",
    "DimensionId": "00000000-0000-0000-0000-000000000000",
    "DimensionName": "Tenants",
    "AttributeId": "00000000-0000-0000-0000-000000000000",
    "LevelAttributeName": "Name",
    "DefaultValue": "optimal",
    "SelectedValue": null,
    "ConfigJson": {
      "ImageAttributeName": "Product Segment Image"
    },
    "LevelProperties": null,
    "ModuleId": null
  }
]