[
  {
    "Id": 43615,
    "TenantId": 7493,
    "PrimaryMeasureId": 29466506,
    "PrimaryMeasureGuid": "00000000-0000-0000-0000-000000000000",
    "TwinMeasureId": 29466486,
    "TwinMeasureGuid": "00000000-0000-0000-0000-000000000000",
    "TwinToPrimaryFormula": "(Measure.[W PO Shipped Quantity] * Measure.[W PO Shipped Quantity Increment %]) + Measure.[W PO Shipped Quantity]",
    "PrimaryMeasureName": null,
    "TwinMeasureName": "W PO Shipped Quantity Increment %",
    "ExternalChangeUpdatesPrimary": false,
    "ModuleId": "0f784411-720c-4319-bc9a-c0994d2eb20e"
  },
  {
    "Id": 43618,
    "TenantId": 7493,
    "PrimaryMeasureId": 29467211,
    "PrimaryMeasureGuid": "00000000-0000-0000-0000-000000000000",
    "TwinMeasureId": 29467197,
    "TwinMeasureGuid": "00000000-0000-0000-0000-000000000000",
    "TwinToPrimaryFormula": "(Measure.[InTransit Quantity] * Measure.[InTransit Quantity Increment %]) + Measure.[InTransit Quantity]",
    "PrimaryMeasureName": null,
    "TwinMeasureName": "InTransit Quantity Increment %",
    "ExternalChangeUpdatesPrimary": null,
    "ModuleId": "ddab5036-c377-42df-a830-e56e77624e89"
  },
  {
    "Id": 43620,
    "TenantId": 7493,
    "PrimaryMeasureId": 29467648,
    "PrimaryMeasureGuid": "00000000-0000-0000-0000-000000000000",
    "TwinMeasureId": 29467535,
    "TwinMeasureGuid": "00000000-0000-0000-0000-000000000000",
    "TwinToPrimaryFormula": "(Measure.[PrO Detail Quantity] * Measure.[PrO Detail Quantity Increment %]) + Measure.[PrO Detail Quantity]",
    "PrimaryMeasureName": null,
    "TwinMeasureName": "PrO Detail Quantity Increment %",
    "ExternalChangeUpdatesPrimary": false,
    "ModuleId": "ddab5036-c377-42df-a830-e56e77624e89"
  },
  {
    "Id": 43622,
    "TenantId": 7493,
    "PrimaryMeasureId": 29468369,
    "PrimaryMeasureGuid": "00000000-0000-0000-0000-000000000000",
    "TwinMeasureId": 29468347,
    "TwinMeasureGuid": "00000000-0000-0000-0000-000000000000",
    "TwinToPrimaryFormula": "(Measure.[W Demand Quantity] * Measure.[W Demand Quantity Increment %]) + Measure.[W Demand Quantity]",
    "PrimaryMeasureName": null,
    "TwinMeasureName": "W Demand Quantity Increment %",
    "ExternalChangeUpdatesPrimary": false,
    "ModuleId": "0f784411-720c-4319-bc9a-c0994d2eb20e"
  },
  {
    "Id": 43623,
    "TenantId": 7493,
    "PrimaryMeasureId": 29468505,
    "PrimaryMeasureGuid": "00000000-0000-0000-0000-000000000000",
    "TwinMeasureId": 29468548,
    "TwinMeasureGuid": "00000000-0000-0000-0000-000000000000",
    "TwinToPrimaryFormula": "(Measure.[PO Commit Quantity] * Measure.[PO Commit Quantity Increment %]) + Measure.[PO Commit Quantity]",
    "PrimaryMeasureName": null,
    "TwinMeasureName": "PO Commit Quantity Increment %",
    "ExternalChangeUpdatesPrimary": false,
    "ModuleId": "ddab5036-c377-42df-a830-e56e77624e89"
  },
  {
    "Id": 43624,
    "TenantId": 7493,
    "PrimaryMeasureId": 29468810,
    "PrimaryMeasureGuid": "00000000-0000-0000-0000-000000000000",
    "TwinMeasureId": 29468807,
    "TwinMeasureGuid": "00000000-0000-0000-0000-000000000000",
    "TwinToPrimaryFormula": "(Measure.[D Demand Quantity] * Measure.[D Demand Quantity Increment %]) + Measure.[D Demand Quantity]",
    "PrimaryMeasureName": null,
    "TwinMeasureName": "D Demand Quantity Increment %",
    "ExternalChangeUpdatesPrimary": false,
    "ModuleId": "0f784411-720c-4319-bc9a-c0994d2eb20e"
  },
  {
    "Id": 43625,
    "TenantId": 7493,
    "PrimaryMeasureId": 29470230,
    "PrimaryMeasureGuid": "00000000-0000-0000-0000-000000000000",
    "TwinMeasureId": 29470237,
    "TwinMeasureGuid": "00000000-0000-0000-0000-000000000000",
    "TwinToPrimaryFormula": "(Measure.[STO Line Detail Quantity BODLane Location] * Measure.[STO Line Detail Quantity Increment %]) + Measure.[STO Line Detail Quantity BODLane Location]",
    "PrimaryMeasureName": null,
    "TwinMeasureName": "STO Line Detail Quantity Increment %",
    "ExternalChangeUpdatesPrimary": false,
    "ModuleId": "ddab5036-c377-42df-a830-e56e77624e89"
  },
  {
    "Id": 43617,
    "TenantId": 7493,
    "PrimaryMeasureId": 29470394,
    "PrimaryMeasureGuid": "00000000-0000-0000-0000-000000000000",
    "TwinMeasureId": 29470387,
    "TwinMeasureGuid": "00000000-0000-0000-0000-000000000000",
    "TwinToPrimaryFormula": "(Measure.[PO ASN Delivery Quantity] * Measure.[PO ASN Delivery Quantity Increment %]) + Measure.[PO ASN Delivery Quantity]",
    "PrimaryMeasureName": null,
    "TwinMeasureName": "PO ASN Delivery Quantity Increment %",
    "ExternalChangeUpdatesPrimary": false,
    "ModuleId": "ddab5036-c377-42df-a830-e56e77624e89"
  },
  {
    "Id": 43626,
    "TenantId": 7493,
    "PrimaryMeasureId": 29470565,
    "PrimaryMeasureGuid": "00000000-0000-0000-0000-000000000000",
    "TwinMeasureId": 29470576,
    "TwinMeasureGuid": "00000000-0000-0000-0000-000000000000",
    "TwinToPrimaryFormula": "(Measure.[W InTransit Quantity] * Measure.[W InTransit Quantity Increment %]) + Measure.[W InTransit Quantity]",
    "PrimaryMeasureName": null,
    "TwinMeasureName": "W InTransit Quantity Increment %",
    "ExternalChangeUpdatesPrimary": false,
    "ModuleId": "0f784411-720c-4319-bc9a-c0994d2eb20e"
  },
  {
    "Id": 43627,
    "TenantId": 7493,
    "PrimaryMeasureId": 29471245,
    "PrimaryMeasureGuid": "00000000-0000-0000-0000-000000000000",
    "TwinMeasureId": 29471244,
    "TwinMeasureGuid": "00000000-0000-0000-0000-000000000000",
    "TwinToPrimaryFormula": "(Measure.[W MFG WIP Operation Quantity] * Measure.[W MFG WIP Operation Quantity Increment %]) + Measure.[W MFG WIP Operation Quantity]",
    "PrimaryMeasureName": null,
    "TwinMeasureName": "W MFG WIP Operation Quantity Increment %",
    "ExternalChangeUpdatesPrimary": false,
    "ModuleId": "0f784411-720c-4319-bc9a-c0994d2eb20e"
  },
  {
    "Id": 43621,
    "TenantId": 7493,
    "PrimaryMeasureId": 29471595,
    "PrimaryMeasureGuid": "00000000-0000-0000-0000-000000000000",
    "TwinMeasureId": 29471594,
    "TwinMeasureGuid": "00000000-0000-0000-0000-000000000000",
    "TwinToPrimaryFormula": "Measure.[W Supplier Commits Flex %] * Measure.[W Supplier Commits]",
    "PrimaryMeasureName": null,
    "TwinMeasureName": "W Supplier Commits Flex %",
    "ExternalChangeUpdatesPrimary": false,
    "ModuleId": "0f784411-720c-4319-bc9a-c0994d2eb20e"
  },
  {
    "Id": 43628,
    "TenantId": 7493,
    "PrimaryMeasureId": 29471757,
    "PrimaryMeasureGuid": "00000000-0000-0000-0000-000000000000",
    "TwinMeasureId": 29471767,
    "TwinMeasureGuid": "00000000-0000-0000-0000-000000000000",
    "TwinToPrimaryFormula": "(Measure.[PrO WIP Operation Quantity] * Measure.[PrO WIP Operation Quantity Increment %]) + Measure.[PrO WIP Operation Quantity]",
    "PrimaryMeasureName": null,
    "TwinMeasureName": "PrO WIP Operation Quantity Increment %",
    "ExternalChangeUpdatesPrimary": false,
    "ModuleId": "0f784411-720c-4319-bc9a-c0994d2eb20e"
  },
  {
    "Id": 43616,
    "TenantId": 7493,
    "PrimaryMeasureId": 29474026,
    "PrimaryMeasureGuid": "00000000-0000-0000-0000-000000000000",
    "TwinMeasureId": 29474044,
    "TwinMeasureGuid": "00000000-0000-0000-0000-000000000000",
    "TwinToPrimaryFormula": "(Measure.[W OnHand Quantity Input] * Measure.[W OnHand Quantity Increment %]) + Measure.[W OnHand Quantity Input]",
    "PrimaryMeasureName": null,
    "TwinMeasureName": "W OnHand Quantity Increment %",
    "ExternalChangeUpdatesPrimary": false,
    "ModuleId": "0f784411-720c-4319-bc9a-c0994d2eb20e"
  },
  {
    "Id": 43619,
    "TenantId": 7493,
    "PrimaryMeasureId": 29474330,
    "PrimaryMeasureGuid": "00000000-0000-0000-0000-000000000000",
    "TwinMeasureId": 29474333,
    "TwinMeasureGuid": "00000000-0000-0000-0000-000000000000",
    "TwinToPrimaryFormula": "(Measure.[D OnHand Quantity] * Measure.[D OnHand Quantity Increment %]) + Measure.[D OnHand Quantity]",
    "PrimaryMeasureName": null,
    "TwinMeasureName": "D OnHand Quantity Increment %",
    "ExternalChangeUpdatesPrimary": false,
    "ModuleId": "0f784411-720c-4319-bc9a-c0994d2eb20e"
  }
]