[
  {
    "Id": 656167,
    "TenantId": 7493,
    "MemberRelationshipPropertysKey": 1910802,
    "PropertyName": "Constraint Quantity",
    "PropertyDescription": "Constraint Quantity",
    "LCID": 1033,
    "Language": null,
    "ToolTip": null,
    "ModuleId": "0f784411-720c-4319-bc9a-c0994d2eb20e"
  },
  {
    "Id": 656168,
    "TenantId": 7493,
    "MemberRelationshipPropertysKey": 1910805,
    "PropertyName": "Capacity Root Cause Quantity",
    "PropertyDescription": "Capacity Root Cause Quantity",
    "LCID": 1033,
    "Language": null,
    "ToolTip": null,
    "ModuleId": "0f784411-720c-4319-bc9a-c0994d2eb20e"
  },
  {
    "Id": 656169,
    "TenantId": 7493,
    "MemberRelationshipPropertysKey": 1910796,
    "PropertyName": "Pegged COGS",
    "PropertyDescription": "COGS By Demand",
    "LCID": 1033,
    "Language": null,
    "ToolTip": null,
    "ModuleId": "0f784411-720c-4319-bc9a-c0994d2eb20e"
  },
  {
    "Id": 656170,
    "TenantId": 7493,
    "MemberRelationshipPropertysKey": 1910808,
    "PropertyName": "COC Material Production Quantity Change %",
    "PropertyDescription": "Load Plan Material Production Quantity COC%",
    "LCID": 1033,
    "Language": null,
    "ToolTip": "Load Plan Material Production Quantity COC%",
    "ModuleId": "0f784411-720c-4319-bc9a-c0994d2eb20e"
  },
  {
    "Id": 656171,
    "TenantId": 7493,
    "MemberRelationshipPropertysKey": 1910812,
    "PropertyName": "Material Production Quantity",
    "PropertyDescription": "Load Plan Material Production Quantity UI",
    "LCID": 1033,
    "Language": null,
    "ToolTip": "Load Plan Material Production Quantity UI",
    "ModuleId": "0f784411-720c-4319-bc9a-c0994d2eb20e"
  },
  {
    "Id": 656172,
    "TenantId": 7493,
    "MemberRelationshipPropertysKey": 1910819,
    "PropertyName": "Resource Consumption Quantity",
    "PropertyDescription": "Load Plan Resource Consumption Quantity UI",
    "LCID": 1033,
    "Language": null,
    "ToolTip": "Load Plan Resource Consumption Quantity UI",
    "ModuleId": "0f784411-720c-4319-bc9a-c0994d2eb20e"
  },
  {
    "Id": 656173,
    "TenantId": 7493,
    "MemberRelationshipPropertysKey": 1910821,
    "PropertyName": "Pegged Mfg Variable Cost",
    "PropertyDescription": "Mfg Cost By Demand",
    "LCID": 1033,
    "Language": null,
    "ToolTip": null,
    "ModuleId": "0f784411-720c-4319-bc9a-c0994d2eb20e"
  },
  {
    "Id": 656174,
    "TenantId": 7493,
    "MemberRelationshipPropertysKey": 1910824,
    "PropertyName": "Resource Consumption Quantity LC",
    "PropertyDescription": "Load Plan Resource Consumption Quantity LC",
    "LCID": 1033,
    "Language": null,
    "ToolTip": "Load Plan Resource Consumption Quantity LC",
    "ModuleId": "0f784411-720c-4319-bc9a-c0994d2eb20e"
  },
  {
    "Id": 656175,
    "TenantId": 7493,
    "MemberRelationshipPropertysKey": 1910835,
    "PropertyName": "COC Resource Consumption Quantity Change %",
    "PropertyDescription": "Load Plan Resource Consumption Quantity COC%",
    "LCID": 1033,
    "Language": null,
    "ToolTip": "Load Plan Resource Consumption Quantity COC%",
    "ModuleId": "0f784411-720c-4319-bc9a-c0994d2eb20e"
  },
  {
    "Id": 656176,
    "TenantId": 7493,
    "MemberRelationshipPropertysKey": 1910837,
    "PropertyName": "Pegged Logistics Cost",
    "PropertyDescription": "Logistics Cost By Demand",
    "LCID": 1033,
    "Language": null,
    "ToolTip": null,
    "ModuleId": "0f784411-720c-4319-bc9a-c0994d2eb20e"
  },
  {
    "Id": 656177,
    "TenantId": 7493,
    "MemberRelationshipPropertysKey": 1910838,
    "PropertyName": "Material Production Quantity LC",
    "PropertyDescription": "Load Plan Material Production Quantity LC",
    "LCID": 1033,
    "Language": null,
    "ToolTip": "Load Plan Material Production Quantity LC",
    "ModuleId": "0f784411-720c-4319-bc9a-c0994d2eb20e"
  },
  {
    "Id": 656178,
    "TenantId": 7493,
    "MemberRelationshipPropertysKey": 1910839,
    "PropertyName": "Pegged Material Cost",
    "PropertyDescription": "Domain Material Cost By Demand",
    "LCID": 1033,
    "Language": null,
    "ToolTip": null,
    "ModuleId": "0f784411-720c-4319-bc9a-c0994d2eb20e"
  },
  {
    "Id": 656179,
    "TenantId": 7493,
    "MemberRelationshipPropertysKey": 1910843,
    "PropertyName": "Material Production Quantity LC",
    "PropertyDescription": "Material Production Pegged Quantity LC",
    "LCID": 1033,
    "Language": null,
    "ToolTip": "Material Production Pegged Quantity LC",
    "ModuleId": "0f784411-720c-4319-bc9a-c0994d2eb20e"
  },
  {
    "Id": 656180,
    "TenantId": 7493,
    "MemberRelationshipPropertysKey": 1910844,
    "PropertyName": "DIST Outbound Quantity",
    "PropertyDescription": "DIST Outbound Quantity",
    "LCID": 1033,
    "Language": null,
    "ToolTip": null,
    "ModuleId": "0f784411-720c-4319-bc9a-c0994d2eb20e"
  },
  {
    "Id": 656181,
    "TenantId": 7493,
    "MemberRelationshipPropertysKey": 1910848,
    "PropertyName": "Material Production Quantity",
    "PropertyDescription": "Material Production Pegged Quantity UI",
    "LCID": 1033,
    "Language": null,
    "ToolTip": "Material Production Pegged Quantity UI",
    "ModuleId": "0f784411-720c-4319-bc9a-c0994d2eb20e"
  },
  {
    "Id": 656182,
    "TenantId": 7493,
    "MemberRelationshipPropertysKey": 1910850,
    "PropertyName": "Material Production Change Reason",
    "PropertyDescription": "Material Production Pegged Quantity COC Change Reason",
    "LCID": 1033,
    "Language": null,
    "ToolTip": "Material Production Pegged Quantity COC Change Reason",
    "ModuleId": "0f784411-720c-4319-bc9a-c0994d2eb20e"
  },
  {
    "Id": 656183,
    "TenantId": 7493,
    "MemberRelationshipPropertysKey": 1910851,
    "PropertyName": "COC Material Production Change %",
    "PropertyDescription": "Material Production Pegged Quantity COC%",
    "LCID": 1033,
    "Language": null,
    "ToolTip": "Material Production Pegged Quantity COC%",
    "ModuleId": "0f784411-720c-4319-bc9a-c0994d2eb20e"
  },
  {
    "Id": 656184,
    "TenantId": 7493,
    "MemberRelationshipPropertysKey": 1910863,
    "PropertyName": "Consumed Per",
    "PropertyDescription": "Substitute Item Consumed Per",
    "LCID": 1033,
    "Language": null,
    "ToolTip": null,
    "ModuleId": "0f784411-720c-4319-bc9a-c0994d2eb20e"
  },
  {
    "Id": 656185,
    "TenantId": 7493,
    "MemberRelationshipPropertysKey": 1910865,
    "PropertyName": "Inbound Qty",
    "PropertyDescription": "Pegging report which stores DIST Inbound/Produced Quantity",
    "LCID": 1033,
    "Language": null,
    "ToolTip": null,
    "ModuleId": "0f784411-720c-4319-bc9a-c0994d2eb20e"
  },
  {
    "Id": 656186,
    "TenantId": 7493,
    "MemberRelationshipPropertysKey": 1910872,
    "PropertyName": "Priority",
    "PropertyDescription": "Substitute Item Priority",
    "LCID": 1033,
    "Language": null,
    "ToolTip": null,
    "ModuleId": "0f784411-720c-4319-bc9a-c0994d2eb20e"
  },
  {
    "Id": 656187,
    "TenantId": 7493,
    "MemberRelationshipPropertysKey": 1910875,
    "PropertyName": "Association",
    "PropertyDescription": "Substitute Item Association",
    "LCID": 1033,
    "Language": null,
    "ToolTip": null,
    "ModuleId": "0f784411-720c-4319-bc9a-c0994d2eb20e"
  },
  {
    "Id": 656188,
    "TenantId": 7493,
    "MemberRelationshipPropertysKey": 1910876,
    "PropertyName": "Substitute Item Consumed Per",
    "PropertyDescription": "Substitute Item Consumed Per",
    "LCID": 1033,
    "Language": null,
    "ToolTip": null,
    "ModuleId": "0f784411-720c-4319-bc9a-c0994d2eb20e"
  },
  {
    "Id": 656189,
    "TenantId": 7493,
    "MemberRelationshipPropertysKey": 1910878,
    "PropertyName": "Substitute Item Association",
    "PropertyDescription": "Substitute Item Association",
    "LCID": 1033,
    "Language": null,
    "ToolTip": null,
    "ModuleId": "0f784411-720c-4319-bc9a-c0994d2eb20e"
  },
  {
    "Id": 656190,
    "TenantId": 7493,
    "MemberRelationshipPropertysKey": 1910879,
    "PropertyName": "End Date",
    "PropertyDescription": "End Date",
    "LCID": 1033,
    "Language": null,
    "ToolTip": null,
    "ModuleId": "0f784411-720c-4319-bc9a-c0994d2eb20e"
  },
  {
    "Id": 656191,
    "TenantId": 7493,
    "MemberRelationshipPropertysKey": 1910881,
    "PropertyName": "Start Date",
    "PropertyDescription": "Start Date",
    "LCID": 1033,
    "Language": null,
    "ToolTip": null,
    "ModuleId": "0f784411-720c-4319-bc9a-c0994d2eb20e"
  },
  {
    "Id": 656192,
    "TenantId": 7493,
    "MemberRelationshipPropertysKey": 1910882,
    "PropertyName": "WIP Sweep Priority",
    "PropertyDescription": "WIP Sweep Priority",
    "LCID": 1033,
    "Language": null,
    "ToolTip": null,
    "ModuleId": "0f784411-720c-4319-bc9a-c0994d2eb20e"
  },
  {
    "Id": 656193,
    "TenantId": 7493,
    "MemberRelationshipPropertysKey": 1910884,
    "PropertyName": "Priority",
    "PropertyDescription": "Priority",
    "LCID": 1033,
    "Language": null,
    "ToolTip": null,
    "ModuleId": "0f784411-720c-4319-bc9a-c0994d2eb20e"
  },
  {
    "Id": 656194,
    "TenantId": 7493,
    "MemberRelationshipPropertysKey": 1910887,
    "PropertyName": "Is Demand Node",
    "PropertyDescription": "Is Demand Node",
    "LCID": 1033,
    "Language": null,
    "ToolTip": null,
    "ModuleId": "0f784411-720c-4319-bc9a-c0994d2eb20e"
  },
  {
    "Id": 656195,
    "TenantId": 7493,
    "MemberRelationshipPropertysKey": 1910889,
    "PropertyName": "Is Alternate Within Group",
    "PropertyDescription": "Is Alternate Within Group",
    "LCID": 1033,
    "Language": null,
    "ToolTip": null,
    "ModuleId": "0f784411-720c-4319-bc9a-c0994d2eb20e"
  },
  {
    "Id": 656196,
    "TenantId": 7493,
    "MemberRelationshipPropertysKey": 1910892,
    "PropertyName": "WIP Sweep Depth",
    "PropertyDescription": "WIP Sweep Depth",
    "LCID": 1033,
    "Language": null,
    "ToolTip": null,
    "ModuleId": "0f784411-720c-4319-bc9a-c0994d2eb20e"
  },
  {
    "Id": 656197,
    "TenantId": 7493,
    "MemberRelationshipPropertysKey": 1910894,
    "PropertyName": "Flex2 Capacity Pegged Quantity",
    "PropertyDescription": "Flex2 Capacity Pegged Quantity",
    "LCID": 1033,
    "Language": null,
    "ToolTip": null,
    "ModuleId": "0f784411-720c-4319-bc9a-c0994d2eb20e"
  },
  {
    "Id": 656198,
    "TenantId": 7493,
    "MemberRelationshipPropertysKey": 1910877,
    "PropertyName": "Is Demand Node",
    "PropertyDescription": "Is Demand Node",
    "LCID": 1033,
    "Language": null,
    "ToolTip": null,
    "ModuleId": "0f784411-720c-4319-bc9a-c0994d2eb20e"
  },
  {
    "Id": 656199,
    "TenantId": 7493,
    "MemberRelationshipPropertysKey": 1910895,
    "PropertyName": "Capacity Pegged Quantity",
    "PropertyDescription": "Capacity Pegged Quantity",
    "LCID": 1033,
    "Language": null,
    "ToolTip": null,
    "ModuleId": "0f784411-720c-4319-bc9a-c0994d2eb20e"
  },
  {
    "Id": 656200,
    "TenantId": 7493,
    "MemberRelationshipPropertysKey": 1910896,
    "PropertyName": "Capacity Changed Demands Local",
    "PropertyDescription": "Related Demands for Capacity Change Local",
    "LCID": 1033,
    "Language": null,
    "ToolTip": null,
    "ModuleId": "0f784411-720c-4319-bc9a-c0994d2eb20e"
  },
  {
    "Id": 656201,
    "TenantId": 7493,
    "MemberRelationshipPropertysKey": 1910898,
    "PropertyName": "Start Date",
    "PropertyDescription": "Substitute Item Start Date",
    "LCID": 1033,
    "Language": null,
    "ToolTip": null,
    "ModuleId": "0f784411-720c-4319-bc9a-c0994d2eb20e"
  },
  {
    "Id": 656202,
    "TenantId": 7493,
    "MemberRelationshipPropertysKey": 1910899,
    "PropertyName": "Flex1 Capacity Pegged Quantity",
    "PropertyDescription": "Flex1 Capacity Pegged Quantity",
    "LCID": 1033,
    "Language": null,
    "ToolTip": null,
    "ModuleId": "0f784411-720c-4319-bc9a-c0994d2eb20e"
  },
  {
    "Id": 656203,
    "TenantId": 7493,
    "MemberRelationshipPropertysKey": 1910905,
    "PropertyName": "Capacity Changed Demands Global",
    "PropertyDescription": "Demands for Capacity Changed Global",
    "LCID": 1033,
    "Language": null,
    "ToolTip": null,
    "ModuleId": "0f784411-720c-4319-bc9a-c0994d2eb20e"
  },
  {
    "Id": 656204,
    "TenantId": 7493,
    "MemberRelationshipPropertysKey": 1910907,
    "PropertyName": "End Date",
    "PropertyDescription": "Substitute Item End Date",
    "LCID": 1033,
    "Language": null,
    "ToolTip": null,
    "ModuleId": "0f784411-720c-4319-bc9a-c0994d2eb20e"
  },
  {
    "Id": 656205,
    "TenantId": 7493,
    "MemberRelationshipPropertysKey": 1910912,
    "PropertyName": "Item Depth",
    "PropertyDescription": "Item Depth",
    "LCID": 1033,
    "Language": null,
    "ToolTip": null,
    "ModuleId": "0f784411-720c-4319-bc9a-c0994d2eb20e"
  },
  {
    "Id": 656206,
    "TenantId": 7493,
    "MemberRelationshipPropertysKey": 1910916,
    "PropertyName": "WIP Sweep Priority",
    "PropertyDescription": "Substitute Item WIP Sweep Priority",
    "LCID": 1033,
    "Language": null,
    "ToolTip": null,
    "ModuleId": "0f784411-720c-4319-bc9a-c0994d2eb20e"
  },
  {
    "Id": 656207,
    "TenantId": 7493,
    "MemberRelationshipPropertysKey": 1910918,
    "PropertyName": "Inbound Shipment Quantity",
    "PropertyDescription": "Produced Quantity UI",
    "LCID": 1033,
    "Language": null,
    "ToolTip": "Produced Quantity UI",
    "ModuleId": "0f784411-720c-4319-bc9a-c0994d2eb20e"
  },
  {
    "Id": 656208,
    "TenantId": 7493,
    "MemberRelationshipPropertysKey": 1910919,
    "PropertyName": "Outbound Shipment Quantity LC",
    "PropertyDescription": "Consumed Quantity LC",
    "LCID": 1033,
    "Language": null,
    "ToolTip": "Consumed Quantity LC",
    "ModuleId": "0f784411-720c-4319-bc9a-c0994d2eb20e"
  },
  {
    "Id": 656209,
    "TenantId": 7493,
    "MemberRelationshipPropertysKey": 1910920,
    "PropertyName": "Resource Consumption Quantity LC",
    "PropertyDescription": "Load Plan Resource Consumption Quantity LC",
    "LCID": 1033,
    "Language": null,
    "ToolTip": "Load Plan Resource Consumption Quantity LC",
    "ModuleId": "0f784411-720c-4319-bc9a-c0994d2eb20e"
  },
  {
    "Id": 656210,
    "TenantId": 7493,
    "MemberRelationshipPropertysKey": 1910921,
    "PropertyName": "COC Outbound Shipment Quantity Change %",
    "PropertyDescription": "Consumed Quantity COC%",
    "LCID": 1033,
    "Language": null,
    "ToolTip": "Consumed Quantity COC%",
    "ModuleId": "0f784411-720c-4319-bc9a-c0994d2eb20e"
  },
  {
    "Id": 656211,
    "TenantId": 7493,
    "MemberRelationshipPropertysKey": 1910925,
    "PropertyName": "Material Production Quantity LC",
    "PropertyDescription": "Load Plan Material Production Quantity LC",
    "LCID": 1033,
    "Language": null,
    "ToolTip": "Load Plan Material Production Quantity LC",
    "ModuleId": "0f784411-720c-4319-bc9a-c0994d2eb20e"
  },
  {
    "Id": 656212,
    "TenantId": 7493,
    "MemberRelationshipPropertysKey": 1910927,
    "PropertyName": "Inbound Shipment Quantity LC",
    "PropertyDescription": "Produced Quantity LC",
    "LCID": 1033,
    "Language": null,
    "ToolTip": "Produced Quantity LC",
    "ModuleId": "0f784411-720c-4319-bc9a-c0994d2eb20e"
  },
  {
    "Id": 656213,
    "TenantId": 7493,
    "MemberRelationshipPropertysKey": 1910931,
    "PropertyName": "Material Production Quantity",
    "PropertyDescription": "Load Plan Material Production Quantity UI",
    "LCID": 1033,
    "Language": null,
    "ToolTip": "Load Plan Material Production Quantity UI",
    "ModuleId": "0f784411-720c-4319-bc9a-c0994d2eb20e"
  },
  {
    "Id": 656214,
    "TenantId": 7493,
    "MemberRelationshipPropertysKey": 1910932,
    "PropertyName": "COC Inbound Shipment Quantity Change %",
    "PropertyDescription": "Produced Quantity COC%",
    "LCID": 1033,
    "Language": null,
    "ToolTip": "Produced Quantity COC%",
    "ModuleId": "0f784411-720c-4319-bc9a-c0994d2eb20e"
  },
  {
    "Id": 656215,
    "TenantId": 7493,
    "MemberRelationshipPropertysKey": 1910936,
    "PropertyName": "COC Resource Consumption Change %",
    "PropertyDescription": "Load Plan Resource Consumption Quantity COC%",
    "LCID": 1033,
    "Language": null,
    "ToolTip": "Load Plan Resource Consumption Quantity COC%",
    "ModuleId": "0f784411-720c-4319-bc9a-c0994d2eb20e"
  },
  {
    "Id": 656216,
    "TenantId": 7493,
    "MemberRelationshipPropertysKey": 1910938,
    "PropertyName": "Outbound Shipment Quantity",
    "PropertyDescription": "Consumed Quantity UI",
    "LCID": 1033,
    "Language": null,
    "ToolTip": "Consumed Quantity UI",
    "ModuleId": "0f784411-720c-4319-bc9a-c0994d2eb20e"
  },
  {
    "Id": 656217,
    "TenantId": 7493,
    "MemberRelationshipPropertysKey": 1910939,
    "PropertyName": "Resource Consumption Quantity",
    "PropertyDescription": "Load Plan Resource Consumption Quantity UI",
    "LCID": 1033,
    "Language": null,
    "ToolTip": "Load Plan Resource Consumption Quantity UI",
    "ModuleId": "0f784411-720c-4319-bc9a-c0994d2eb20e"
  },
  {
    "Id": 656218,
    "TenantId": 7493,
    "MemberRelationshipPropertysKey": 1910940,
    "PropertyName": "Is Alternate Within Group",
    "PropertyDescription": "Is Alternate Within Group",
    "LCID": 1033,
    "Language": null,
    "ToolTip": null,
    "ModuleId": "0f784411-720c-4319-bc9a-c0994d2eb20e"
  },
  {
    "Id": 656219,
    "TenantId": 7493,
    "MemberRelationshipPropertysKey": 1910941,
    "PropertyName": "Load Plan Change Reason",
    "PropertyDescription": "Load Plan Change Reason",
    "LCID": 1033,
    "Language": null,
    "ToolTip": "Load Plan Change Reason",
    "ModuleId": "0f784411-720c-4319-bc9a-c0994d2eb20e"
  },
  {
    "Id": 656220,
    "TenantId": 7493,
    "MemberRelationshipPropertysKey": 1910942,
    "PropertyName": "Substitute Item Association",
    "PropertyDescription": "Substitute Item Association",
    "LCID": 1033,
    "Language": null,
    "ToolTip": null,
    "ModuleId": "0f784411-720c-4319-bc9a-c0994d2eb20e"
  },
  {
    "Id": 656221,
    "TenantId": 7493,
    "MemberRelationshipPropertysKey": 1910943,
    "PropertyName": "COC Material Production Change %",
    "PropertyDescription": "Load Plan Material Production Quantity COC%",
    "LCID": 1033,
    "Language": null,
    "ToolTip": "Load Plan Material Production Quantity COC%",
    "ModuleId": "0f784411-720c-4319-bc9a-c0994d2eb20e"
  },
  {
    "Id": 656222,
    "TenantId": 7493,
    "MemberRelationshipPropertysKey": 1910945,
    "PropertyName": "WIP Sweep Priority",
    "PropertyDescription": "WIP Sweep Priority",
    "LCID": 1033,
    "Language": null,
    "ToolTip": null,
    "ModuleId": "0f784411-720c-4319-bc9a-c0994d2eb20e"
  },
  {
    "Id": 656223,
    "TenantId": 7493,
    "MemberRelationshipPropertysKey": 1910947,
    "PropertyName": "WIP Sweep Depth",
    "PropertyDescription": "WIP Sweep Depth",
    "LCID": 1033,
    "Language": null,
    "ToolTip": null,
    "ModuleId": "0f784411-720c-4319-bc9a-c0994d2eb20e"
  },
  {
    "Id": 656224,
    "TenantId": 7493,
    "MemberRelationshipPropertysKey": 1910948,
    "PropertyName": "End Date",
    "PropertyDescription": "End Date",
    "LCID": 1033,
    "Language": null,
    "ToolTip": null,
    "ModuleId": "0f784411-720c-4319-bc9a-c0994d2eb20e"
  },
  {
    "Id": 656225,
    "TenantId": 7493,
    "MemberRelationshipPropertysKey": 1910949,
    "PropertyName": "Start Date",
    "PropertyDescription": "Start Date",
    "LCID": 1033,
    "Language": null,
    "ToolTip": null,
    "ModuleId": "0f784411-720c-4319-bc9a-c0994d2eb20e"
  },
  {
    "Id": 656226,
    "TenantId": 7493,
    "MemberRelationshipPropertysKey": 1910950,
    "PropertyName": "Priority",
    "PropertyDescription": "Priority",
    "LCID": 1033,
    "Language": null,
    "ToolTip": null,
    "ModuleId": "0f784411-720c-4319-bc9a-c0994d2eb20e"
  },
  {
    "Id": 656227,
    "TenantId": 7493,
    "MemberRelationshipPropertysKey": 1910951,
    "PropertyName": "Is Demand Node",
    "PropertyDescription": "Is Demand Node",
    "LCID": 1033,
    "Language": null,
    "ToolTip": null,
    "ModuleId": "0f784411-720c-4319-bc9a-c0994d2eb20e"
  },
  {
    "Id": 656228,
    "TenantId": 7493,
    "MemberRelationshipPropertysKey": 1910952,
    "PropertyName": "Substitute Item Consumed Per",
    "PropertyDescription": "Substitute Item Consumed Per",
    "LCID": 1033,
    "Language": null,
    "ToolTip": null,
    "ModuleId": "0f784411-720c-4319-bc9a-c0994d2eb20e"
  },
  {
    "Id": 656229,
    "TenantId": 7493,
    "MemberRelationshipPropertysKey": 1910966,
    "PropertyName": "Start Date",
    "PropertyDescription": "Substitute Item Start Date",
    "LCID": 1033,
    "Language": null,
    "ToolTip": null,
    "ModuleId": "0f784411-720c-4319-bc9a-c0994d2eb20e"
  },
  {
    "Id": 656230,
    "TenantId": 7493,
    "MemberRelationshipPropertysKey": 1910968,
    "PropertyName": "Priority",
    "PropertyDescription": "Substitute Item Priority",
    "LCID": 1033,
    "Language": null,
    "ToolTip": null,
    "ModuleId": "0f784411-720c-4319-bc9a-c0994d2eb20e"
  },
  {
    "Id": 656231,
    "TenantId": 7493,
    "MemberRelationshipPropertysKey": 1910969,
    "PropertyName": "End Date",
    "PropertyDescription": "Substitute Item End Date",
    "LCID": 1033,
    "Language": null,
    "ToolTip": null,
    "ModuleId": "0f784411-720c-4319-bc9a-c0994d2eb20e"
  },
  {
    "Id": 656232,
    "TenantId": 7493,
    "MemberRelationshipPropertysKey": 1910976,
    "PropertyName": "Item Depth",
    "PropertyDescription": "Substitute Item Depth",
    "LCID": 1033,
    "Language": null,
    "ToolTip": null,
    "ModuleId": "0f784411-720c-4319-bc9a-c0994d2eb20e"
  },
  {
    "Id": 656233,
    "TenantId": 7493,
    "MemberRelationshipPropertysKey": 1910977,
    "PropertyName": "Consumed Per",
    "PropertyDescription": "Substitute Item Consumed Per",
    "LCID": 1033,
    "Language": null,
    "ToolTip": null,
    "ModuleId": "0f784411-720c-4319-bc9a-c0994d2eb20e"
  },
  {
    "Id": 656234,
    "TenantId": 7493,
    "MemberRelationshipPropertysKey": 1910978,
    "PropertyName": "Distribution Planner",
    "PropertyDescription": "Distribution Capacity constraint.",
    "LCID": 1033,
    "Language": null,
    "ToolTip": "Distribution Capacity constraint.",
    "ModuleId": "0f784411-720c-4319-bc9a-c0994d2eb20e"
  },
  {
    "Id": 656235,
    "TenantId": 7493,
    "MemberRelationshipPropertysKey": 1910980,
    "PropertyName": "WIP Sweep Priority",
    "PropertyDescription": "Substitute Item WIP Sweep Priority",
    "LCID": 1033,
    "Language": null,
    "ToolTip": null,
    "ModuleId": "0f784411-720c-4319-bc9a-c0994d2eb20e"
  },
  {
    "Id": 656236,
    "TenantId": 7493,
    "MemberRelationshipPropertysKey": 1910982,
    "PropertyName": "D capacity Root Cause LC",
    "PropertyDescription": "D capacity Root Cause LC",
    "LCID": 1033,
    "Language": null,
    "ToolTip": null,
    "ModuleId": "0f784411-720c-4319-bc9a-c0994d2eb20e"
  },
  {
    "Id": 656237,
    "TenantId": 7493,
    "MemberRelationshipPropertysKey": 1910983,
    "PropertyName": "Is Demand Node",
    "PropertyDescription": "Is Demand Node",
    "LCID": 1033,
    "Language": null,
    "ToolTip": null,
    "ModuleId": "0f784411-720c-4319-bc9a-c0994d2eb20e"
  },
  {
    "Id": 656238,
    "TenantId": 7493,
    "MemberRelationshipPropertysKey": 1910984,
    "PropertyName": "Capacity Constraint Baseline",
    "PropertyDescription": "Capacity Root Cause Quantity Baseline",
    "LCID": 1033,
    "Language": null,
    "ToolTip": "Capacity Root Cause Quantity Baseline",
    "ModuleId": "0f784411-720c-4319-bc9a-c0994d2eb20e"
  },
  {
    "Id": 656239,
    "TenantId": 7493,
    "MemberRelationshipPropertysKey": 1910985,
    "PropertyName": "Is Alternate within GroupID",
    "PropertyDescription": "Is Alternate within GroupID",
    "LCID": 1033,
    "Language": null,
    "ToolTip": null,
    "ModuleId": "0f784411-720c-4319-bc9a-c0994d2eb20e"
  },
  {
    "Id": 656240,
    "TenantId": 7493,
    "MemberRelationshipPropertysKey": 1910987,
    "PropertyName": "Storage Capacity Constraint Qty",
    "PropertyDescription": "Stores Additive Storage Capacity Root Cause Qty",
    "LCID": 1033,
    "Language": null,
    "ToolTip": null,
    "ModuleId": "0f784411-720c-4319-bc9a-c0994d2eb20e"
  },
  {
    "Id": 656241,
    "TenantId": 7493,
    "MemberRelationshipPropertysKey": 1910988,
    "PropertyName": "Association",
    "PropertyDescription": "Substitute Item Association",
    "LCID": 1033,
    "Language": null,
    "ToolTip": null,
    "ModuleId": "0f784411-720c-4319-bc9a-c0994d2eb20e"
  },
  {
    "Id": 656242,
    "TenantId": 7493,
    "MemberRelationshipPropertysKey": 1910986,
    "PropertyName": "COC Capacity Constraint Change %",
    "PropertyDescription": "Cycle on Cycle capacity RCA Change %",
    "LCID": 1033,
    "Language": null,
    "ToolTip": "Cycle on Cycle capacity RCA Change %",
    "ModuleId": "0f784411-720c-4319-bc9a-c0994d2eb20e"
  },
  {
    "Id": 656243,
    "TenantId": 7493,
    "MemberRelationshipPropertysKey": 1910994,
    "PropertyName": "Capacity Demand Late Short Quantity",
    "PropertyDescription": "Stores Demand Late Short Qty for comparison with constraint qty(Aggregation:Max)",
    "LCID": 1033,
    "Language": null,
    "ToolTip": "Stores Demand Late Short Qty for comparison with constraint qty(Aggregation:Max)",
    "ModuleId": "0f784411-720c-4319-bc9a-c0994d2eb20e"
  },
  {
    "Id": 656244,
    "TenantId": 7493,
    "MemberRelationshipPropertysKey": 1910995,
    "PropertyName": "Factory Planner",
    "PropertyDescription": "Manufacturing Capacity constraint.",
    "LCID": 1033,
    "Language": null,
    "ToolTip": "Manufacturing Capacity constraint.",
    "ModuleId": "0f784411-720c-4319-bc9a-c0994d2eb20e"
  },
  {
    "Id": 656245,
    "TenantId": 7493,
    "MemberRelationshipPropertysKey": 1910996,
    "PropertyName": "Capacity Constraint",
    "PropertyDescription": "Copy of solver output capacity RCA",
    "LCID": 1033,
    "Language": null,
    "ToolTip": "Copy of solver output capacity RCA",
    "ModuleId": "0f784411-720c-4319-bc9a-c0994d2eb20e"
  },
  {
    "Id": 656246,
    "TenantId": 7493,
    "MemberRelationshipPropertysKey": 1910997,
    "PropertyName": "RM Planner",
    "PropertyDescription": "Procurement Capacity constraint.",
    "LCID": 1033,
    "Language": null,
    "ToolTip": "Procurement Capacity constraint.",
    "ModuleId": "0f784411-720c-4319-bc9a-c0994d2eb20e"
  },
  {
    "Id": 656247,
    "TenantId": 7493,
    "MemberRelationshipPropertysKey": 1911007,
    "PropertyName": "Material Production Quantity",
    "PropertyDescription": "Producer To Producer To Pegged Quantity UI",
    "LCID": 1033,
    "Language": null,
    "ToolTip": "Producer To Producer To Pegged Quantity UI",
    "ModuleId": "0f784411-720c-4319-bc9a-c0994d2eb20e"
  },
  {
    "Id": 656248,
    "TenantId": 7493,
    "MemberRelationshipPropertysKey": 1911008,
    "PropertyName": "Material Production Quantity LC",
    "PropertyDescription": "Producer To Producer To Pegged Quantity LC",
    "LCID": 1033,
    "Language": null,
    "ToolTip": "Producer To Producer To Pegged Quantity LC",
    "ModuleId": "0f784411-720c-4319-bc9a-c0994d2eb20e"
  },
  {
    "Id": 656249,
    "TenantId": 7493,
    "MemberRelationshipPropertysKey": 1911011,
    "PropertyName": "COC Upstream Material Production Quantity Change%",
    "PropertyDescription": "Producer To Producer From Pegged Quantity COC%",
    "LCID": 1033,
    "Language": null,
    "ToolTip": "Producer To Producer From Pegged Quantity COC%",
    "ModuleId": "0f784411-720c-4319-bc9a-c0994d2eb20e"
  },
  {
    "Id": 656250,
    "TenantId": 7493,
    "MemberRelationshipPropertysKey": 1911013,
    "PropertyName": "COC Material Production Quantity Change%",
    "PropertyDescription": "Producer To Producer To Pegged Quantity COC%",
    "LCID": 1033,
    "Language": null,
    "ToolTip": "Producer To Producer To Pegged Quantity COC%",
    "ModuleId": "0f784411-720c-4319-bc9a-c0994d2eb20e"
  },
  {
    "Id": 656251,
    "TenantId": 7493,
    "MemberRelationshipPropertysKey": 1911017,
    "PropertyName": "Upstream Material Production Quantity LC",
    "PropertyDescription": "Producer To Producer From Pegged Quantity LC",
    "LCID": 1033,
    "Language": null,
    "ToolTip": "Producer To Producer From Pegged Quantity LC",
    "ModuleId": "0f784411-720c-4319-bc9a-c0994d2eb20e"
  },
  {
    "Id": 656252,
    "TenantId": 7493,
    "MemberRelationshipPropertysKey": 1911020,
    "PropertyName": "Upstream Material Production Quantity",
    "PropertyDescription": "Producer To Producer From Pegged Quantity UI",
    "LCID": 1033,
    "Language": null,
    "ToolTip": "Producer To Producer From Pegged Quantity UI",
    "ModuleId": "0f784411-720c-4319-bc9a-c0994d2eb20e"
  },
  {
    "Id": 656253,
    "TenantId": 7493,
    "MemberRelationshipPropertysKey": 1911053,
    "PropertyName": "Outbound Shipment LC",
    "PropertyDescription": "Consumed Quantity LC",
    "LCID": 1033,
    "Language": null,
    "ToolTip": "Consumed Quantity LC",
    "ModuleId": "0f784411-720c-4319-bc9a-c0994d2eb20e"
  },
  {
    "Id": 656254,
    "TenantId": 7493,
    "MemberRelationshipPropertysKey": 1911061,
    "PropertyName": "Inbound Shipment",
    "PropertyDescription": "Produced Quantity UI",
    "LCID": 1033,
    "Language": null,
    "ToolTip": "Produced Quantity UI",
    "ModuleId": "0f784411-720c-4319-bc9a-c0994d2eb20e"
  },
  {
    "Id": 656255,
    "TenantId": 7493,
    "MemberRelationshipPropertysKey": 1911064,
    "PropertyName": "COC Inbound Shipment Change %",
    "PropertyDescription": "Produced Quantity COC%",
    "LCID": 1033,
    "Language": null,
    "ToolTip": "Produced Quantity COC%",
    "ModuleId": "0f784411-720c-4319-bc9a-c0994d2eb20e"
  },
  {
    "Id": 656256,
    "TenantId": 7493,
    "MemberRelationshipPropertysKey": 1911067,
    "PropertyName": "Inbound Shipment LC",
    "PropertyDescription": "Produced Quantity LC",
    "LCID": 1033,
    "Language": null,
    "ToolTip": "Produced Quantity LC",
    "ModuleId": "0f784411-720c-4319-bc9a-c0994d2eb20e"
  },
  {
    "Id": 656257,
    "TenantId": 7493,
    "MemberRelationshipPropertysKey": 1911069,
    "PropertyName": "COC Outbound Shipment Change %",
    "PropertyDescription": "Consumed Quantity COC%",
    "LCID": 1033,
    "Language": null,
    "ToolTip": "Consumed Quantity COC%",
    "ModuleId": "0f784411-720c-4319-bc9a-c0994d2eb20e"
  },
  {
    "Id": 656258,
    "TenantId": 7493,
    "MemberRelationshipPropertysKey": 1911070,
    "PropertyName": "Outbound Shipment",
    "PropertyDescription": "Consumed Quantity UI",
    "LCID": 1033,
    "Language": null,
    "ToolTip": "Consumed Quantity UI",
    "ModuleId": "0f784411-720c-4319-bc9a-c0994d2eb20e"
  },
  {
    "Id": 656259,
    "TenantId": 7493,
    "MemberRelationshipPropertysKey": 1911090,
    "PropertyName": "COC Material RCA Change %",
    "PropertyDescription": "Cycle on Cycle Material RCA Change %",
    "LCID": 1033,
    "Language": null,
    "ToolTip": "Cycle on Cycle Material RCA Change %",
    "ModuleId": "0f784411-720c-4319-bc9a-c0994d2eb20e"
  },
  {
    "Id": 656260,
    "TenantId": 7493,
    "MemberRelationshipPropertysKey": 1911095,
    "PropertyName": "Material Constraint Quantity",
    "PropertyDescription": "Copy of solver output material RCA",
    "LCID": 1033,
    "Language": null,
    "ToolTip": null,
    "ModuleId": "0f784411-720c-4319-bc9a-c0994d2eb20e"
  },
  {
    "Id": 656261,
    "TenantId": 7493,
    "MemberRelationshipPropertysKey": 1911100,
    "PropertyName": "RM Planner Flag",
    "PropertyDescription": "Planner assigned material constraints Raw materials",
    "LCID": 1033,
    "Language": null,
    "ToolTip": null,
    "ModuleId": "0f784411-720c-4319-bc9a-c0994d2eb20e"
  },
  {
    "Id": 656262,
    "TenantId": 7493,
    "MemberRelationshipPropertysKey": 1911105,
    "PropertyName": "Material Constraint Quantity Baseline",
    "PropertyDescription": "Material Root Cause Quantity Baseline",
    "LCID": 1033,
    "Language": null,
    "ToolTip": "Material Root Cause Quantity Baseline",
    "ModuleId": "0f784411-720c-4319-bc9a-c0994d2eb20e"
  },
  {
    "Id": 656263,
    "TenantId": 7493,
    "MemberRelationshipPropertysKey": 1911107,
    "PropertyName": "Factory Planner Flag",
    "PropertyDescription": "Planner assigned material constraints at Plant",
    "LCID": 1033,
    "Language": null,
    "ToolTip": null,
    "ModuleId": "0f784411-720c-4319-bc9a-c0994d2eb20e"
  },
  {
    "Id": 656264,
    "TenantId": 7493,
    "MemberRelationshipPropertysKey": 1911122,
    "PropertyName": "Material Constraint Quantity LC",
    "PropertyDescription": "Last cycle Material RCA value",
    "LCID": 1033,
    "Language": null,
    "ToolTip": null,
    "ModuleId": "0f784411-720c-4319-bc9a-c0994d2eb20e"
  },
  {
    "Id": 656265,
    "TenantId": 7493,
    "MemberRelationshipPropertysKey": 1911126,
    "PropertyName": "Distribution Planner Flag",
    "PropertyDescription": "Material constraints at DC",
    "LCID": 1033,
    "Language": null,
    "ToolTip": null,
    "ModuleId": "0f784411-720c-4319-bc9a-c0994d2eb20e"
  },
  {
    "Id": 656266,
    "TenantId": 7493,
    "MemberRelationshipPropertysKey": 1911147,
    "PropertyName": "Upstream Network Lead Time",
    "PropertyDescription": "Upstream Network Lead Time",
    "LCID": 1033,
    "Language": null,
    "ToolTip": null,
    "ModuleId": "0f784411-720c-4319-bc9a-c0994d2eb20e"
  },
  {
    "Id": 656267,
    "TenantId": 7493,
    "MemberRelationshipPropertysKey": 1911155,
    "PropertyName": "Upstream Network Association",
    "PropertyDescription": "Association with the upstream node.",
    "LCID": 1033,
    "Language": null,
    "ToolTip": "Association with the upstream node.",
    "ModuleId": "0f784411-720c-4319-bc9a-c0994d2eb20e"
  },
  {
    "Id": 656268,
    "TenantId": 7493,
    "MemberRelationshipPropertysKey": 1911159,
    "PropertyName": "Material Production Quantity LC",
    "PropertyDescription": "Producer To Producer To Pegged Quantity LC",
    "LCID": 1033,
    "Language": null,
    "ToolTip": "Producer To Producer To Pegged Quantity LC",
    "ModuleId": "0f784411-720c-4319-bc9a-c0994d2eb20e"
  },
  {
    "Id": 656269,
    "TenantId": 7493,
    "MemberRelationshipPropertysKey": 1911160,
    "PropertyName": "COC Material Production Change%",
    "PropertyDescription": "Producer To Producer To Pegged Quantity COC%",
    "LCID": 1033,
    "Language": null,
    "ToolTip": "Producer To Producer To Pegged Quantity COC%",
    "ModuleId": "0f784411-720c-4319-bc9a-c0994d2eb20e"
  },
  {
    "Id": 656270,
    "TenantId": 7493,
    "MemberRelationshipPropertysKey": 1911161,
    "PropertyName": "Intermediate Pegging Change Reason",
    "PropertyDescription": "Intermediate Pegging Change Reason",
    "LCID": 1033,
    "Language": null,
    "ToolTip": "Intermediate Pegging Change Reason",
    "ModuleId": "0f784411-720c-4319-bc9a-c0994d2eb20e"
  },
  {
    "Id": 656271,
    "TenantId": 7493,
    "MemberRelationshipPropertysKey": 1911162,
    "PropertyName": "Upstream Material Production LC",
    "PropertyDescription": "Producer To Producer From Pegged Quantity LC",
    "LCID": 1033,
    "Language": null,
    "ToolTip": "Producer To Producer From Pegged Quantity LC",
    "ModuleId": "0f784411-720c-4319-bc9a-c0994d2eb20e"
  },
  {
    "Id": 656272,
    "TenantId": 7493,
    "MemberRelationshipPropertysKey": 1911183,
    "PropertyName": "Upstream Material Production Quantity",
    "PropertyDescription": "Producer To Producer From Pegged Quantity UI",
    "LCID": 1033,
    "Language": null,
    "ToolTip": "Producer To Producer From Pegged Quantity UI",
    "ModuleId": "0f784411-720c-4319-bc9a-c0994d2eb20e"
  },
  {
    "Id": 656273,
    "TenantId": 7493,
    "MemberRelationshipPropertysKey": 1911186,
    "PropertyName": "Material Production Quantity",
    "PropertyDescription": "Producer To Producer To Pegged Quantity UI",
    "LCID": 1033,
    "Language": null,
    "ToolTip": "Producer To Producer To Pegged Quantity UI",
    "ModuleId": "0f784411-720c-4319-bc9a-c0994d2eb20e"
  },
  {
    "Id": 656274,
    "TenantId": 7493,
    "MemberRelationshipPropertysKey": 1911189,
    "PropertyName": "Capacity Constraint Quantity LC",
    "PropertyDescription": "Last cycle capacity RCA value",
    "LCID": 1033,
    "Language": null,
    "ToolTip": null,
    "ModuleId": "0f784411-720c-4319-bc9a-c0994d2eb20e"
  },
  {
    "Id": 656275,
    "TenantId": 7493,
    "MemberRelationshipPropertysKey": 1911190,
    "PropertyName": "RM Planner Flag",
    "PropertyDescription": "Planner assigned capacity constraints flag",
    "LCID": 1033,
    "Language": null,
    "ToolTip": null,
    "ModuleId": "0f784411-720c-4319-bc9a-c0994d2eb20e"
  },
  {
    "Id": 656276,
    "TenantId": 7493,
    "MemberRelationshipPropertysKey": 1911191,
    "PropertyName": "Factory Planner Flag",
    "PropertyDescription": "Planner assigned capacity constraints at plant",
    "LCID": 1033,
    "Language": null,
    "ToolTip": null,
    "ModuleId": "0f784411-720c-4319-bc9a-c0994d2eb20e"
  },
  {
    "Id": 656277,
    "TenantId": 7493,
    "MemberRelationshipPropertysKey": 1911192,
    "PropertyName": "COC Capacity RCA Change %",
    "PropertyDescription": "Cycle on Cycle capacity RCA Change %",
    "LCID": 1033,
    "Language": null,
    "ToolTip": "Cycle on Cycle capacity RCA Change %",
    "ModuleId": "0f784411-720c-4319-bc9a-c0994d2eb20e"
  },
  {
    "Id": 656278,
    "TenantId": 7493,
    "MemberRelationshipPropertysKey": 1911194,
    "PropertyName": "Distribution Planner Flag",
    "PropertyDescription": "Planner assigned capacity constrained flag",
    "LCID": 1033,
    "Language": null,
    "ToolTip": null,
    "ModuleId": "0f784411-720c-4319-bc9a-c0994d2eb20e"
  },
  {
    "Id": 656279,
    "TenantId": 7493,
    "MemberRelationshipPropertysKey": 1911196,
    "PropertyName": "Capacity Constraint Quantity Baseline",
    "PropertyDescription": "Capacity Root Cause Quantity Baseline",
    "LCID": 1033,
    "Language": null,
    "ToolTip": null,
    "ModuleId": "0f784411-720c-4319-bc9a-c0994d2eb20e"
  },
  {
    "Id": 656280,
    "TenantId": 7493,
    "MemberRelationshipPropertysKey": 1911197,
    "PropertyName": "Material Production Pegged Quantity",
    "PropertyDescription": "Material Production Pegged Quantity",
    "LCID": 1033,
    "Language": null,
    "ToolTip": null,
    "ModuleId": "0f784411-720c-4319-bc9a-c0994d2eb20e"
  },
  {
    "Id": 656281,
    "TenantId": 7493,
    "MemberRelationshipPropertysKey": 1911198,
    "PropertyName": "Capacity Constraint Quantity",
    "PropertyDescription": "Copy of solver output capacity RCA",
    "LCID": 1033,
    "Language": null,
    "ToolTip": null,
    "ModuleId": "0f784411-720c-4319-bc9a-c0994d2eb20e"
  },
  {
    "Id": 656282,
    "TenantId": 7493,
    "MemberRelationshipPropertysKey": 1911188,
    "PropertyName": "COC Upstream Material Production Change%",
    "PropertyDescription": "Producer To Producer From Pegged Quantity COC%",
    "LCID": 1033,
    "Language": null,
    "ToolTip": "Producer To Producer From Pegged Quantity COC%",
    "ModuleId": "0f784411-720c-4319-bc9a-c0994d2eb20e"
  },
  {
    "Id": 656283,
    "TenantId": 7493,
    "MemberRelationshipPropertysKey": 1911204,
    "PropertyName": "Is Alternate Within Group",
    "PropertyDescription": "Is Alternate Within Group",
    "LCID": 1033,
    "Language": null,
    "ToolTip": null,
    "ModuleId": "0f784411-720c-4319-bc9a-c0994d2eb20e"
  },
  {
    "Id": 656284,
    "TenantId": 7493,
    "MemberRelationshipPropertysKey": 1911215,
    "PropertyName": "Priority",
    "PropertyDescription": "Priority",
    "LCID": 1033,
    "Language": null,
    "ToolTip": null,
    "ModuleId": "0f784411-720c-4319-bc9a-c0994d2eb20e"
  },
  {
    "Id": 656285,
    "TenantId": 7493,
    "MemberRelationshipPropertysKey": 1911217,
    "PropertyName": "Substitute Item Association",
    "PropertyDescription": "Substitute Item Association",
    "LCID": 1033,
    "Language": null,
    "ToolTip": null,
    "ModuleId": "0f784411-720c-4319-bc9a-c0994d2eb20e"
  },
  {
    "Id": 656286,
    "TenantId": 7493,
    "MemberRelationshipPropertysKey": 1911218,
    "PropertyName": "End Date",
    "PropertyDescription": "End Date",
    "LCID": 1033,
    "Language": null,
    "ToolTip": null,
    "ModuleId": "0f784411-720c-4319-bc9a-c0994d2eb20e"
  },
  {
    "Id": 656287,
    "TenantId": 7493,
    "MemberRelationshipPropertysKey": 1911219,
    "PropertyName": "SS Material Constraint Quantity",
    "PropertyDescription": "SS Material Constraint Quantity",
    "LCID": 1033,
    "Language": null,
    "ToolTip": null,
    "ModuleId": "0f784411-720c-4319-bc9a-c0994d2eb20e"
  },
  {
    "Id": 656288,
    "TenantId": 7493,
    "MemberRelationshipPropertysKey": 1911224,
    "PropertyName": "Start Date",
    "PropertyDescription": "Start Date",
    "LCID": 1033,
    "Language": null,
    "ToolTip": null,
    "ModuleId": "0f784411-720c-4319-bc9a-c0994d2eb20e"
  },
  {
    "Id": 656289,
    "TenantId": 7493,
    "MemberRelationshipPropertysKey": 1911225,
    "PropertyName": "WIP Sweep Depth",
    "PropertyDescription": "WIP Sweep Depth",
    "LCID": 1033,
    "Language": null,
    "ToolTip": null,
    "ModuleId": "0f784411-720c-4319-bc9a-c0994d2eb20e"
  },
  {
    "Id": 656290,
    "TenantId": 7493,
    "MemberRelationshipPropertysKey": 1911226,
    "PropertyName": "Is Demand Node",
    "PropertyDescription": "Is Demand Node",
    "LCID": 1033,
    "Language": null,
    "ToolTip": null,
    "ModuleId": "0f784411-720c-4319-bc9a-c0994d2eb20e"
  },
  {
    "Id": 656291,
    "TenantId": 7493,
    "MemberRelationshipPropertysKey": 1911227,
    "PropertyName": "WIP Sweep Priority",
    "PropertyDescription": "WIP Sweep Priority",
    "LCID": 1033,
    "Language": null,
    "ToolTip": null,
    "ModuleId": "0f784411-720c-4319-bc9a-c0994d2eb20e"
  },
  {
    "Id": 656292,
    "TenantId": 7493,
    "MemberRelationshipPropertysKey": 1911228,
    "PropertyName": "Substitute Item Consumed Per",
    "PropertyDescription": "Substitute Item Consumed Per",
    "LCID": 1033,
    "Language": null,
    "ToolTip": null,
    "ModuleId": "0f784411-720c-4319-bc9a-c0994d2eb20e"
  },
  {
    "Id": 656293,
    "TenantId": 7493,
    "MemberRelationshipPropertysKey": 1911233,
    "PropertyName": "Shipment Plan",
    "PropertyDescription": "Pegging report which stores DIST Outbound/Consumed Quantity",
    "LCID": 1033,
    "Language": null,
    "ToolTip": null,
    "ModuleId": "0f784411-720c-4319-bc9a-c0994d2eb20e"
  },
  {
    "Id": 656294,
    "TenantId": 7493,
    "MemberRelationshipPropertysKey": 1911254,
    "PropertyName": "Material Constraint",
    "PropertyDescription": "Copy of solver output material RCA",
    "LCID": 1033,
    "Language": null,
    "ToolTip": "Copy of solver output material RCA",
    "ModuleId": "0f784411-720c-4319-bc9a-c0994d2eb20e"
  },
  {
    "Id": 656295,
    "TenantId": 7493,
    "MemberRelationshipPropertysKey": 1911256,
    "PropertyName": "COC Material Constraint Change %",
    "PropertyDescription": "Cycle on Cycle Material RCA Change %",
    "LCID": 1033,
    "Language": null,
    "ToolTip": "Cycle on Cycle Material RCA Change %",
    "ModuleId": "0f784411-720c-4319-bc9a-c0994d2eb20e"
  },
  {
    "Id": 656296,
    "TenantId": 7493,
    "MemberRelationshipPropertysKey": 1911257,
    "PropertyName": "Upstream Network Resource Lead Time",
    "PropertyDescription": "Upstream Network Resource Lead Time",
    "LCID": 1033,
    "Language": null,
    "ToolTip": "Upstream Network Resource Lead Time",
    "ModuleId": "0f784411-720c-4319-bc9a-c0994d2eb20e"
  },
  {
    "Id": 656297,
    "TenantId": 7493,
    "MemberRelationshipPropertysKey": 1911259,
    "PropertyName": "Factory Planner Flag",
    "PropertyDescription": "FG/SA Material constraints at plant.",
    "LCID": 1033,
    "Language": null,
    "ToolTip": null,
    "ModuleId": "0f784411-720c-4319-bc9a-c0994d2eb20e"
  },
  {
    "Id": 656298,
    "TenantId": 7493,
    "MemberRelationshipPropertysKey": 1911261,
    "PropertyName": "Material Demand Late Short Quantity",
    "PropertyDescription": "Stores Demand Late Short Qty for comparison with constraint Quantity(Aggreagation:Max)",
    "LCID": 1033,
    "Language": null,
    "ToolTip": "Stores Demand Late Short Qty for comparison with constraint Quantity(Aggreagation:Max)",
    "ModuleId": "0f784411-720c-4319-bc9a-c0994d2eb20e"
  },
  {
    "Id": 656299,
    "TenantId": 7493,
    "MemberRelationshipPropertysKey": 1911262,
    "PropertyName": "RM Planner Flag",
    "PropertyDescription": "Planner assigned material constraints Raw materials",
    "LCID": 1033,
    "Language": null,
    "ToolTip": null,
    "ModuleId": "0f784411-720c-4319-bc9a-c0994d2eb20e"
  },
  {
    "Id": 656300,
    "TenantId": 7493,
    "MemberRelationshipPropertysKey": 1911263,
    "PropertyName": "Material Constraint Baseline",
    "PropertyDescription": "Material Root Cause Quantity Baseline",
    "LCID": 1033,
    "Language": null,
    "ToolTip": "Material Root Cause Quantity Baseline",
    "ModuleId": "0f784411-720c-4319-bc9a-c0994d2eb20e"
  },
  {
    "Id": 656301,
    "TenantId": 7493,
    "MemberRelationshipPropertysKey": 1911265,
    "PropertyName": "Distribution Planner Flag",
    "PropertyDescription": "Material constraints at DC.",
    "LCID": 1033,
    "Language": null,
    "ToolTip": null,
    "ModuleId": "0f784411-720c-4319-bc9a-c0994d2eb20e"
  },
  {
    "Id": 656302,
    "TenantId": 7493,
    "MemberRelationshipPropertysKey": 1911266,
    "PropertyName": "Upstream Network Resource Cum Yield",
    "PropertyDescription": "Upstream Network Resource Cum Yield",
    "LCID": 1033,
    "Language": null,
    "ToolTip": "Upstream Network Resource Cum Yield",
    "ModuleId": "0f784411-720c-4319-bc9a-c0994d2eb20e"
  },
  {
    "Id": 656303,
    "TenantId": 7493,
    "MemberRelationshipPropertysKey": 1911268,
    "PropertyName": "Upstream Network Resource Primary Path Flag",
    "PropertyDescription": "Upstream Network Resource Primary Path Flag",
    "LCID": 1033,
    "Language": null,
    "ToolTip": "Upstream Network Resource Primary Path Flag",
    "ModuleId": "0f784411-720c-4319-bc9a-c0994d2eb20e"
  },
  {
    "Id": 656304,
    "TenantId": 7493,
    "MemberRelationshipPropertysKey": 1911279,
    "PropertyName": "Material Production Pegged Qty",
    "PropertyDescription": "Solver output which stores material received/produced to a node",
    "LCID": 1033,
    "Language": null,
    "ToolTip": null,
    "ModuleId": "0f784411-720c-4319-bc9a-c0994d2eb20e"
  },
  {
    "Id": 656305,
    "TenantId": 7493,
    "MemberRelationshipPropertysKey": 1911292,
    "PropertyName": "COC Material Production Pegged Quantity Change %",
    "PropertyDescription": "Material Production Pegged Quantity COC%",
    "LCID": 1033,
    "Language": null,
    "ToolTip": "Material Production Pegged Quantity COC%",
    "ModuleId": "0f784411-720c-4319-bc9a-c0994d2eb20e"
  },
  {
    "Id": 656306,
    "TenantId": 7493,
    "MemberRelationshipPropertysKey": 1911294,
    "PropertyName": "Material Production Pegged Quantity LC",
    "PropertyDescription": "Material Production Pegged Quantity LC",
    "LCID": 1033,
    "Language": null,
    "ToolTip": "Material Production Pegged Quantity LC",
    "ModuleId": "0f784411-720c-4319-bc9a-c0994d2eb20e"
  },
  {
    "Id": 656307,
    "TenantId": 7493,
    "MemberRelationshipPropertysKey": 1911295,
    "PropertyName": "Material Production Pegged Quantity",
    "PropertyDescription": "Material Production Pegged Quantity UI",
    "LCID": 1033,
    "Language": null,
    "ToolTip": "Material Production Pegged Quantity UI",
    "ModuleId": "0f784411-720c-4319-bc9a-c0994d2eb20e"
  },
  {
    "Id": 656308,
    "TenantId": 7493,
    "MemberRelationshipPropertysKey": 1911307,
    "PropertyName": "Flex2 Capacity Pegged Quantity",
    "PropertyDescription": "Solver output Flex2 Capacity Pegged Quantity",
    "LCID": 1033,
    "Language": null,
    "ToolTip": null,
    "ModuleId": "0f784411-720c-4319-bc9a-c0994d2eb20e"
  },
  {
    "Id": 656309,
    "TenantId": 7493,
    "MemberRelationshipPropertysKey": 1911308,
    "PropertyName": "Flex1 Capacity Pegged Quantity",
    "PropertyDescription": "Solver output Flex1 Capacity Pegged Quantity",
    "LCID": 1033,
    "Language": null,
    "ToolTip": null,
    "ModuleId": "0f784411-720c-4319-bc9a-c0994d2eb20e"
  },
  {
    "Id": 656310,
    "TenantId": 7493,
    "MemberRelationshipPropertysKey": 1911309,
    "PropertyName": "Capacity Pegged Quantity",
    "PropertyDescription": "Solver output capacity pegged quantity",
    "LCID": 1033,
    "Language": null,
    "ToolTip": null,
    "ModuleId": "0f784411-720c-4319-bc9a-c0994d2eb20e"
  },
  {
    "Id": 656311,
    "TenantId": 7493,
    "MemberRelationshipPropertysKey": 1911310,
    "PropertyName": "Late Short Demand Qty",
    "PropertyDescription": "Total Late and Short Qty",
    "LCID": 1033,
    "Language": null,
    "ToolTip": "",
    "ModuleId": "0f784411-720c-4319-bc9a-c0994d2eb20e"
  },
  {
    "Id": 656312,
    "TenantId": 7493,
    "MemberRelationshipPropertysKey": 1911313,
    "PropertyName": "Material Root Cause Qty",
    "PropertyDescription": "Material Root Cause Quantity",
    "LCID": 1033,
    "Language": null,
    "ToolTip": "",
    "ModuleId": "0f784411-720c-4319-bc9a-c0994d2eb20e"
  },
  {
    "Id": 656313,
    "TenantId": 7493,
    "MemberRelationshipPropertysKey": 1911314,
    "PropertyName": "End Date",
    "PropertyDescription": "End Date",
    "LCID": 1033,
    "Language": null,
    "ToolTip": null,
    "ModuleId": "0f784411-720c-4319-bc9a-c0994d2eb20e"
  },
  {
    "Id": 656314,
    "TenantId": 7493,
    "MemberRelationshipPropertysKey": 1911316,
    "PropertyName": "Late Short Demand Value",
    "PropertyDescription": "Value of the late and short demands",
    "LCID": 1033,
    "Language": null,
    "ToolTip": "",
    "ModuleId": "0f784411-720c-4319-bc9a-c0994d2eb20e"
  },
  {
    "Id": 656315,
    "TenantId": 7493,
    "MemberRelationshipPropertysKey": 1911317,
    "PropertyName": "Priority",
    "PropertyDescription": "Priority",
    "LCID": 1033,
    "Language": null,
    "ToolTip": null,
    "ModuleId": "0f784411-720c-4319-bc9a-c0994d2eb20e"
  },
  {
    "Id": 656316,
    "TenantId": 7493,
    "MemberRelationshipPropertysKey": 1911319,
    "PropertyName": "WIP Sweep Depth",
    "PropertyDescription": "WIP Sweep Depth",
    "LCID": 1033,
    "Language": null,
    "ToolTip": null,
    "ModuleId": "0f784411-720c-4319-bc9a-c0994d2eb20e"
  },
  {
    "Id": 656317,
    "TenantId": 7493,
    "MemberRelationshipPropertysKey": 1911320,
    "PropertyName": "Demand Qty Impacted",
    "PropertyDescription": "Quantity Demands Impacted due to Components",
    "LCID": 1033,
    "Language": null,
    "ToolTip": "",
    "ModuleId": "0f784411-720c-4319-bc9a-c0994d2eb20e"
  },
  {
    "Id": 656318,
    "TenantId": 7493,
    "MemberRelationshipPropertysKey": 1911321,
    "PropertyName": "Is Demand Node",
    "PropertyDescription": "Is Demand Node",
    "LCID": 1033,
    "Language": null,
    "ToolTip": null,
    "ModuleId": "0f784411-720c-4319-bc9a-c0994d2eb20e"
  },
  {
    "Id": 656319,
    "TenantId": 7493,
    "MemberRelationshipPropertysKey": 1911322,
    "PropertyName": "Late Demand Qty",
    "PropertyDescription": "Quantity of Late Demands",
    "LCID": 1033,
    "Language": null,
    "ToolTip": "",
    "ModuleId": "0f784411-720c-4319-bc9a-c0994d2eb20e"
  },
  {
    "Id": 656320,
    "TenantId": 7493,
    "MemberRelationshipPropertysKey": 1911323,
    "PropertyName": "Substitute Item Association",
    "PropertyDescription": "Substitute Item Association",
    "LCID": 1033,
    "Language": null,
    "ToolTip": null,
    "ModuleId": "0f784411-720c-4319-bc9a-c0994d2eb20e"
  },
  {
    "Id": 656321,
    "TenantId": 7493,
    "MemberRelationshipPropertysKey": 1911324,
    "PropertyName": "Short Demand Qty",
    "PropertyDescription": "Quantity of Short Demands",
    "LCID": 1033,
    "Language": null,
    "ToolTip": "",
    "ModuleId": "0f784411-720c-4319-bc9a-c0994d2eb20e"
  },
  {
    "Id": 656322,
    "TenantId": 7493,
    "MemberRelationshipPropertysKey": 1911325,
    "PropertyName": "Start Date",
    "PropertyDescription": "Start Date",
    "LCID": 1033,
    "Language": null,
    "ToolTip": null,
    "ModuleId": "0f784411-720c-4319-bc9a-c0994d2eb20e"
  },
  {
    "Id": 656323,
    "TenantId": 7493,
    "MemberRelationshipPropertysKey": 1911326,
    "PropertyName": "Substitute Item Consumed Per",
    "PropertyDescription": "Substitute Item Consumed Per",
    "LCID": 1033,
    "Language": null,
    "ToolTip": null,
    "ModuleId": "0f784411-720c-4319-bc9a-c0994d2eb20e"
  },
  {
    "Id": 656324,
    "TenantId": 7493,
    "MemberRelationshipPropertysKey": 1911329,
    "PropertyName": "Is Alternate Within Group",
    "PropertyDescription": "Is Alternate Within Group",
    "LCID": 1033,
    "Language": null,
    "ToolTip": null,
    "ModuleId": "0f784411-720c-4319-bc9a-c0994d2eb20e"
  },
  {
    "Id": 656325,
    "TenantId": 7493,
    "MemberRelationshipPropertysKey": 1911330,
    "PropertyName": "WIP Sweep Priority",
    "PropertyDescription": "WIP Sweep Priority",
    "LCID": 1033,
    "Language": null,
    "ToolTip": null,
    "ModuleId": "0f784411-720c-4319-bc9a-c0994d2eb20e"
  },
  {
    "Id": 656326,
    "TenantId": 7493,
    "MemberRelationshipPropertysKey": 1911332,
    "PropertyName": "RM Cost",
    "PropertyDescription": "Raw Material Cost",
    "LCID": 1033,
    "Language": null,
    "ToolTip": "",
    "ModuleId": "0f784411-720c-4319-bc9a-c0994d2eb20e"
  },
  {
    "Id": 656327,
    "TenantId": 7493,
    "MemberRelationshipPropertysKey": 1911336,
    "PropertyName": "Constraint Quantity",
    "PropertyDescription": "Constraint Quantity",
    "LCID": 1033,
    "Language": null,
    "ToolTip": null,
    "ModuleId": "0f784411-720c-4319-bc9a-c0994d2eb20e"
  },
  {
    "Id": 656328,
    "TenantId": 7493,
    "MemberRelationshipPropertysKey": 1911339,
    "PropertyName": "Material Production Pegged Qty",
    "PropertyDescription": "Material Production Pegged Qty",
    "LCID": 1033,
    "Language": null,
    "ToolTip": null,
    "ModuleId": "0f784411-720c-4319-bc9a-c0994d2eb20e"
  },
  {
    "Id": 656329,
    "TenantId": 7493,
    "MemberRelationshipPropertysKey": 1911340,
    "PropertyName": "Transaction has changed post plan run",
    "PropertyDescription": "Transaction has changed post plan run",
    "LCID": 1033,
    "Language": null,
    "ToolTip": null,
    "ModuleId": "0f784411-720c-4319-bc9a-c0994d2eb20e"
  },
  {
    "Id": 656330,
    "TenantId": 7493,
    "MemberRelationshipPropertysKey": 1911349,
    "PropertyName": "Material Constraint Qty",
    "PropertyDescription": "Stores Additive Material Root Cause Qty",
    "LCID": 1033,
    "Language": null,
    "ToolTip": null,
    "ModuleId": "0f784411-720c-4319-bc9a-c0994d2eb20e"
  },
  {
    "Id": 656331,
    "TenantId": 7493,
    "MemberRelationshipPropertysKey": 1911350,
    "PropertyName": "Demand Late Short Revenue Impact",
    "PropertyDescription": "Stores Demand Late Short Revenue Impact",
    "LCID": 1033,
    "Language": null,
    "ToolTip": null,
    "ModuleId": "0f784411-720c-4319-bc9a-c0994d2eb20e"
  },
  {
    "Id": 656332,
    "TenantId": 7493,
    "MemberRelationshipPropertysKey": 1911358,
    "PropertyName": "Demand Late Short Qty",
    "PropertyDescription": "Stores Demand Late Short Qty for comparison with constraint Quantity",
    "LCID": 1033,
    "Language": null,
    "ToolTip": null,
    "ModuleId": "0f784411-720c-4319-bc9a-c0994d2eb20e"
  },
  {
    "Id": 656333,
    "TenantId": 7493,
    "MemberRelationshipPropertysKey": 1911361,
    "PropertyName": "Inbound Qty",
    "PropertyDescription": "Inbound Qty",
    "LCID": 1033,
    "Language": null,
    "ToolTip": null,
    "ModuleId": "0f784411-720c-4319-bc9a-c0994d2eb20e"
  },
  {
    "Id": 656334,
    "TenantId": 7493,
    "MemberRelationshipPropertysKey": 1911362,
    "PropertyName": "Upstream Network Item Cum Yield Platform",
    "PropertyDescription": "Upstream Network Item Cum Yield Platform",
    "LCID": 1033,
    "Language": null,
    "ToolTip": "Upstream Network Item Cum Yield Platform",
    "ModuleId": "0f784411-720c-4319-bc9a-c0994d2eb20e"
  },
  {
    "Id": 656335,
    "TenantId": 7493,
    "MemberRelationshipPropertysKey": 1911363,
    "PropertyName": "D Upstream Network Item Primary Path Flag Platform",
    "PropertyDescription": "D Upstream Network Item Primary Path Flag Platform",
    "LCID": 1033,
    "Language": null,
    "ToolTip": "D Upstream Network Item Primary Path Flag Platform",
    "ModuleId": "0f784411-720c-4319-bc9a-c0994d2eb20e"
  },
  {
    "Id": 656336,
    "TenantId": 7493,
    "MemberRelationshipPropertysKey": 1911364,
    "PropertyName": "Upstream Network Item Lead Time",
    "PropertyDescription": "Upstream Network Item Lead Time",
    "LCID": 1033,
    "Language": null,
    "ToolTip": "Upstream Network Item Lead Time",
    "ModuleId": "0f784411-720c-4319-bc9a-c0994d2eb20e"
  },
  {
    "Id": 656337,
    "TenantId": 7493,
    "MemberRelationshipPropertysKey": 1911376,
    "PropertyName": "Dist Plan",
    "PropertyDescription": "Dist Plan",
    "LCID": 1033,
    "Language": null,
    "ToolTip": null,
    "ModuleId": "0f784411-720c-4319-bc9a-c0994d2eb20e"
  },
  {
    "Id": 656338,
    "TenantId": 7493,
    "MemberRelationshipPropertysKey": 1911383,
    "PropertyName": "Material Root Cause Quantity",
    "PropertyDescription": "Material Root Cause Quantity",
    "LCID": 1033,
    "Language": null,
    "ToolTip": null,
    "ModuleId": "0f784411-720c-4319-bc9a-c0994d2eb20e"
  },
  {
    "Id": 656339,
    "TenantId": 7493,
    "MemberRelationshipPropertysKey": 1911415,
    "PropertyName": "Upstream Network Primary Path Flag",
    "PropertyDescription": "Upstream Network Primary Path Flag",
    "LCID": 1033,
    "Language": null,
    "ToolTip": "Upstream Network Primary Path Flag",
    "ModuleId": "0f784411-720c-4319-bc9a-c0994d2eb20e"
  },
  {
    "Id": 656340,
    "TenantId": 7493,
    "MemberRelationshipPropertysKey": 1911419,
    "PropertyName": "Upstream Network Item Lead Time",
    "PropertyDescription": "Upstream Network Item Lead Time",
    "LCID": 1033,
    "Language": null,
    "ToolTip": "Upstream Network Item Lead Time",
    "ModuleId": "0f784411-720c-4319-bc9a-c0994d2eb20e"
  },
  {
    "Id": 656341,
    "TenantId": 7493,
    "MemberRelationshipPropertysKey": 1911425,
    "PropertyName": "Upstream Network Item Cum Yield",
    "PropertyDescription": "Upstream Network Item Cum Yield",
    "LCID": 1033,
    "Language": null,
    "ToolTip": "Upstream Network Item Cum Yield",
    "ModuleId": "0f784411-720c-4319-bc9a-c0994d2eb20e"
  },
  {
    "Id": 656342,
    "TenantId": 7493,
    "MemberRelationshipPropertysKey": 1911446,
    "PropertyName": "Upstream Network Lead Time",
    "PropertyDescription": "Upstream Network Lead Time",
    "LCID": 1033,
    "Language": null,
    "ToolTip": null,
    "ModuleId": "0f784411-720c-4319-bc9a-c0994d2eb20e"
  },
  {
    "Id": 656343,
    "TenantId": 7493,
    "MemberRelationshipPropertysKey": 1911449,
    "PropertyName": "Flex2 Capacity Pegged Quantity",
    "PropertyDescription": "D Flex2 Capacity Pegged Quantity",
    "LCID": 1033,
    "Language": null,
    "ToolTip": null,
    "ModuleId": "0f784411-720c-4319-bc9a-c0994d2eb20e"
  },
  {
    "Id": 656344,
    "TenantId": 7493,
    "MemberRelationshipPropertysKey": 1911452,
    "PropertyName": "Capacity Pegged Quantity",
    "PropertyDescription": "Capacity Pegged Quantity",
    "LCID": 1033,
    "Language": null,
    "ToolTip": null,
    "ModuleId": "0f784411-720c-4319-bc9a-c0994d2eb20e"
  },
  {
    "Id": 656345,
    "TenantId": 7493,
    "MemberRelationshipPropertysKey": 1911455,
    "PropertyName": "Flex1 Capacity Pegged Quantity",
    "PropertyDescription": "D Flex1 Capacity Pegged Quantity",
    "LCID": 1033,
    "Language": null,
    "ToolTip": null,
    "ModuleId": "0f784411-720c-4319-bc9a-c0994d2eb20e"
  },
  {
    "Id": 656346,
    "TenantId": 7493,
    "MemberRelationshipPropertysKey": 1911476,
    "PropertyName": "Supply Pegged Quantity",
    "PropertyDescription": "Supply Pegged Quantity",
    "LCID": 1033,
    "Language": null,
    "ToolTip": "",
    "ModuleId": "0f784411-720c-4319-bc9a-c0994d2eb20e"
  },
  {
    "Id": 656347,
    "TenantId": 7493,
    "MemberRelationshipPropertysKey": 1911478,
    "PropertyName": "Component Supply Type",
    "PropertyDescription": "Component Supply Type",
    "LCID": 1033,
    "Language": null,
    "ToolTip": "",
    "ModuleId": "0f784411-720c-4319-bc9a-c0994d2eb20e"
  },
  {
    "Id": 656348,
    "TenantId": 7493,
    "MemberRelationshipPropertysKey": 1911530,
    "PropertyName": "Where Used Broken Network Node",
    "PropertyDescription": "Where Used Broken Network Node",
    "LCID": 1033,
    "Language": null,
    "ToolTip": null,
    "ModuleId": "0f784411-720c-4319-bc9a-c0994d2eb20e"
  },
  {
    "Id": 656349,
    "TenantId": 7493,
    "MemberRelationshipPropertysKey": 1911548,
    "PropertyName": "Upstream Network Resource Cum Yield",
    "PropertyDescription": "Upstream Network Resource Cum Yield",
    "LCID": 1033,
    "Language": null,
    "ToolTip": "Upstream Network Resource Cum Yield",
    "ModuleId": "0f784411-720c-4319-bc9a-c0994d2eb20e"
  },
  {
    "Id": 656350,
    "TenantId": 7493,
    "MemberRelationshipPropertysKey": 1911550,
    "PropertyName": "Upstream Network Resource Lead Time",
    "PropertyDescription": "Upstream Network Resource Lead Time",
    "LCID": 1033,
    "Language": null,
    "ToolTip": "Upstream Network Resource Lead Time",
    "ModuleId": "0f784411-720c-4319-bc9a-c0994d2eb20e"
  },
  {
    "Id": 656351,
    "TenantId": 7493,
    "MemberRelationshipPropertysKey": 1911583,
    "PropertyName": "Inbound Shipment",
    "PropertyDescription": "Inbound shipment to a meaterial node",
    "LCID": 1033,
    "Language": null,
    "ToolTip": "Inbound shipment to a meaterial node",
    "ModuleId": "0f784411-720c-4319-bc9a-c0994d2eb20e"
  },
  {
    "Id": 656352,
    "TenantId": 7493,
    "MemberRelationshipPropertysKey": 1911584,
    "PropertyName": "Outbound Shipment",
    "PropertyDescription": "Outbound shipment from a material node",
    "LCID": 1033,
    "Language": null,
    "ToolTip": "Outbound shipment from a material node",
    "ModuleId": "0f784411-720c-4319-bc9a-c0994d2eb20e"
  },
  {
    "Id": 656353,
    "TenantId": 7493,
    "MemberRelationshipPropertysKey": 1911593,
    "PropertyName": "Material Consumption Pegged Qty",
    "PropertyDescription": "Solver output which stores material shipped/consumed from a node",
    "LCID": 1033,
    "Language": null,
    "ToolTip": null,
    "ModuleId": "0f784411-720c-4319-bc9a-c0994d2eb20e"
  },
  {
    "Id": 656354,
    "TenantId": 7493,
    "MemberRelationshipPropertysKey": 1911595,
    "PropertyName": "Demand Late Short Qty",
    "PropertyDescription": "CapacityLateShortQty",
    "LCID": 1033,
    "Language": null,
    "ToolTip": null,
    "ModuleId": "0f784411-720c-4319-bc9a-c0994d2eb20e"
  },
  {
    "Id": 656355,
    "TenantId": 7493,
    "MemberRelationshipPropertysKey": 1911596,
    "PropertyName": "Demand Late Short Revenue Impact",
    "PropertyDescription": "CapacityDemandLateShortRevenueImpact",
    "LCID": 1033,
    "Language": null,
    "ToolTip": null,
    "ModuleId": "0f784411-720c-4319-bc9a-c0994d2eb20e"
  },
  {
    "Id": 656356,
    "TenantId": 7493,
    "MemberRelationshipPropertysKey": 1911604,
    "PropertyName": "Capacity Constraint Qty",
    "PropertyDescription": "Capacity Constraint Qty",
    "LCID": 1033,
    "Language": null,
    "ToolTip": null,
    "ModuleId": "0f784411-720c-4319-bc9a-c0994d2eb20e"
  },
  {
    "Id": 656357,
    "TenantId": 7493,
    "MemberRelationshipPropertysKey": 1911607,
    "PropertyName": "Storage Capacity Constraint Qty",
    "PropertyDescription": "Stores Additive Storage Capacity Root Cause Qty",
    "LCID": 1033,
    "Language": null,
    "ToolTip": null,
    "ModuleId": "0f784411-720c-4319-bc9a-c0994d2eb20e"
  },
  {
    "Id": 656358,
    "TenantId": 7493,
    "MemberRelationshipPropertysKey": 1911619,
    "PropertyName": "Capacity Constraint Qty",
    "PropertyDescription": "Stores Additive Capacity Root Cause Qty",
    "LCID": 1033,
    "Language": null,
    "ToolTip": null,
    "ModuleId": "0f784411-720c-4319-bc9a-c0994d2eb20e"
  },
  {
    "Id": 656359,
    "TenantId": 7493,
    "MemberRelationshipPropertysKey": 1911623,
    "PropertyName": "Demand Late Short Revenue Impact",
    "PropertyDescription": "Stores Demand Late Short Revenue Impact",
    "LCID": 1033,
    "Language": null,
    "ToolTip": null,
    "ModuleId": "0f784411-720c-4319-bc9a-c0994d2eb20e"
  },
  {
    "Id": 656360,
    "TenantId": 7493,
    "MemberRelationshipPropertysKey": 1911624,
    "PropertyName": "Demand Late Short Qty",
    "PropertyDescription": "Stores Demand Late Short Qty for comparison with constraint Quantity",
    "LCID": 1033,
    "Language": null,
    "ToolTip": null,
    "ModuleId": "0f784411-720c-4319-bc9a-c0994d2eb20e"
  },
  {
    "Id": 656361,
    "TenantId": 7493,
    "MemberRelationshipPropertysKey": 1911640,
    "PropertyName": "SS Capacity Constraint Quantity",
    "PropertyDescription": "SS Capacity Constraint Quantity",
    "LCID": 1033,
    "Language": null,
    "ToolTip": null,
    "ModuleId": "0f784411-720c-4319-bc9a-c0994d2eb20e"
  },
  {
    "Id": 656362,
    "TenantId": 7493,
    "MemberRelationshipPropertysKey": 1911655,
    "PropertyName": "Demand Fulfilled Qty",
    "PropertyDescription": "Solver output which stores the demand fullfilment quantity",
    "LCID": 1033,
    "Language": null,
    "ToolTip": null,
    "ModuleId": "0f784411-720c-4319-bc9a-c0994d2eb20e"
  },
  {
    "Id": 656363,
    "TenantId": 7493,
    "MemberRelationshipPropertysKey": 1911659,
    "PropertyName": "Material Constraint Qty",
    "PropertyDescription": "Material Constraint Qty",
    "LCID": 1033,
    "Language": null,
    "ToolTip": null,
    "ModuleId": "0f784411-720c-4319-bc9a-c0994d2eb20e"
  },
  {
    "Id": 656364,
    "TenantId": 7493,
    "MemberRelationshipPropertysKey": 1911661,
    "PropertyName": "Demand Late Short Revenue Impact",
    "PropertyDescription": "MaterialDemandLateShortRevenueImpact",
    "LCID": 1033,
    "Language": null,
    "ToolTip": null,
    "ModuleId": "0f784411-720c-4319-bc9a-c0994d2eb20e"
  },
  {
    "Id": 656365,
    "TenantId": 7493,
    "MemberRelationshipPropertysKey": 1911667,
    "PropertyName": "Demand Late Short Qty",
    "PropertyDescription": "MaterialDemandLateShortQty",
    "LCID": 1033,
    "Language": null,
    "ToolTip": null,
    "ModuleId": "0f784411-720c-4319-bc9a-c0994d2eb20e"
  },
  {
    "Id": 656366,
    "TenantId": 7493,
    "MemberRelationshipPropertysKey": 1911703,
    "PropertyName": "Storage Capacity Pegged Quantity",
    "PropertyDescription": "Solver output storage capacity pegged quantity",
    "LCID": 1033,
    "Language": null,
    "ToolTip": null,
    "ModuleId": "0f784411-720c-4319-bc9a-c0994d2eb20e"
  },
  {
    "Id": 656367,
    "TenantId": 7493,
    "MemberRelationshipPropertysKey": 1911727,
    "PropertyName": "Outbound Shipment",
    "PropertyDescription": "Outbound shipment from a material node",
    "LCID": 1033,
    "Language": null,
    "ToolTip": "Outbound shipment from a material node",
    "ModuleId": "0f784411-720c-4319-bc9a-c0994d2eb20e"
  },
  {
    "Id": 656368,
    "TenantId": 7493,
    "MemberRelationshipPropertysKey": 1911728,
    "PropertyName": "Inbound Shipment",
    "PropertyDescription": "Inbound shipment to a meaterial node",
    "LCID": 1033,
    "Language": null,
    "ToolTip": "Inbound shipment to a meaterial node",
    "ModuleId": "0f784411-720c-4319-bc9a-c0994d2eb20e"
  },
  {
    "Id": 656369,
    "TenantId": 7493,
    "MemberRelationshipPropertysKey": 1911745,
    "PropertyName": "SS Material Constraint Quantity",
    "PropertyDescription": "SS Material Constraint Quantity",
    "LCID": 1033,
    "Language": null,
    "ToolTip": null,
    "ModuleId": "0f784411-720c-4319-bc9a-c0994d2eb20e"
  },
  {
    "Id": 656370,
    "TenantId": 7493,
    "MemberRelationshipPropertysKey": 1911774,
    "PropertyName": "SS Capacity Constraint Quantity",
    "PropertyDescription": "SS Capacity Constraint Quantity",
    "LCID": 1033,
    "Language": null,
    "ToolTip": null,
    "ModuleId": "0f784411-720c-4319-bc9a-c0994d2eb20e"
  },
  {
    "Id": 656371,
    "TenantId": 7493,
    "MemberRelationshipPropertysKey": 1911776,
    "PropertyName": "Material Consumption Pegged Qty",
    "PropertyDescription": "Material Consumption Pegged Qty",
    "LCID": 1033,
    "Language": null,
    "ToolTip": null,
    "ModuleId": "0f784411-720c-4319-bc9a-c0994d2eb20e"
  },
  {
    "Id": 656372,
    "TenantId": 7493,
    "MemberRelationshipPropertysKey": 1911780,
    "PropertyName": "Storage Capacity Pegged Quantity",
    "PropertyDescription": "Solver output storage capacity pegged quantity",
    "LCID": 1033,
    "Language": null,
    "ToolTip": null,
    "ModuleId": "0f784411-720c-4319-bc9a-c0994d2eb20e"
  },
  {
    "Id": 656373,
    "TenantId": 7493,
    "MemberRelationshipPropertysKey": 1911785,
    "PropertyName": "Demand Fulfilled Qty",
    "PropertyDescription": "Demand Fulfilled Qty",
    "LCID": 1033,
    "Language": null,
    "ToolTip": null,
    "ModuleId": "0f784411-720c-4319-bc9a-c0994d2eb20e"
  }
]