[
  {
    "Id": 138103,
    "TenantId": 7493,
    "MemberRelNodeId": 4935664,
    "LCID": 9,
    "AttributeName": "Constraint Resource",
    "Description": "Constraint Resource",
    "Language": null,
    "ModuleId": "0f784411-720c-4319-bc9a-c0994d2eb20e"
  },
  {
    "Id": 138104,
    "TenantId": 7493,
    "MemberRelNodeId": 4935671,
    "LCID": 1033,
    "AttributeName": "Domain",
    "Description": "Domain",
    "Language": null,
    "ModuleId": "0f784411-720c-4319-bc9a-c0994d2eb20e"
  },
  {
    "Id": 138105,
    "TenantId": 7493,
    "MemberRelNodeId": 4935678,
    "LCID": 1033,
    "AttributeName": "Consumed Location",
    "Description": "Consumed Location",
    "Language": null,
    "ModuleId": "0f784411-720c-4319-bc9a-c0994d2eb20e"
  },
  {
    "Id": 138106,
    "TenantId": 7493,
    "MemberRelNodeId": 4935673,
    "LCID": 9,
    "AttributeName": "Routing",
    "Description": "Routing",
    "Language": null,
    "ModuleId": "0f784411-720c-4319-bc9a-c0994d2eb20e"
  },
  {
    "Id": 138107,
    "TenantId": 7493,
    "MemberRelNodeId": 4935680,
    "LCID": 1033,
    "AttributeName": "Consumed Item",
    "Description": "Consumed Item",
    "Language": null,
    "ModuleId": "0f784411-720c-4319-bc9a-c0994d2eb20e"
  },
  {
    "Id": 138108,
    "TenantId": 7493,
    "MemberRelNodeId": 4935683,
    "LCID": 9,
    "AttributeName": "BOMID",
    "Description": "BOMID",
    "Language": null,
    "ModuleId": "0f784411-720c-4319-bc9a-c0994d2eb20e"
  },
  {
    "Id": 138109,
    "TenantId": 7493,
    "MemberRelNodeId": 4935684,
    "LCID": 1033,
    "AttributeName": "Consumption Week",
    "Description": "Consumption Week",
    "Language": null,
    "ModuleId": "0f784411-720c-4319-bc9a-c0994d2eb20e"
  },
  {
    "Id": 138110,
    "TenantId": 7493,
    "MemberRelNodeId": 4935696,
    "LCID": 1033,
    "AttributeName": "Demand Location",
    "Description": "Demand Location",
    "Language": null,
    "ModuleId": "0f784411-720c-4319-bc9a-c0994d2eb20e"
  },
  {
    "Id": 138111,
    "TenantId": 7493,
    "MemberRelNodeId": 4935709,
    "LCID": 9,
    "AttributeName": "Constraint Profile",
    "Description": "Constraint Profile",
    "Language": null,
    "ModuleId": "0f784411-720c-4319-bc9a-c0994d2eb20e"
  },
  {
    "Id": 138112,
    "TenantId": 7493,
    "MemberRelNodeId": 4935715,
    "LCID": 1033,
    "AttributeName": "Demand Type",
    "Description": "Demand Type",
    "Language": null,
    "ModuleId": "0f784411-720c-4319-bc9a-c0994d2eb20e"
  },
  {
    "Id": 138113,
    "TenantId": 7493,
    "MemberRelNodeId": 4935722,
    "LCID": 1033,
    "AttributeName": "Demand ID",
    "Description": "Demand ID",
    "Language": null,
    "ModuleId": "0f784411-720c-4319-bc9a-c0994d2eb20e"
  },
  {
    "Id": 138114,
    "TenantId": 7493,
    "MemberRelNodeId": 4935726,
    "LCID": 1033,
    "AttributeName": "Account",
    "Description": "Account",
    "Language": null,
    "ModuleId": "0f784411-720c-4319-bc9a-c0994d2eb20e"
  },
  {
    "Id": 138115,
    "TenantId": 7493,
    "MemberRelNodeId": 4935732,
    "LCID": 1033,
    "AttributeName": "Demand Week",
    "Description": "Demand Week",
    "Language": null,
    "ModuleId": "0f784411-720c-4319-bc9a-c0994d2eb20e"
  },
  {
    "Id": 138116,
    "TenantId": 7493,
    "MemberRelNodeId": 4935737,
    "LCID": 1033,
    "AttributeName": "Demand Item",
    "Description": "Demand Item",
    "Language": null,
    "ModuleId": "0f784411-720c-4319-bc9a-c0994d2eb20e"
  },
  {
    "Id": 138117,
    "TenantId": 7493,
    "MemberRelNodeId": 4935787,
    "LCID": 1033,
    "AttributeName": "Source Location",
    "Description": "Source Location",
    "Language": null,
    "ModuleId": "0f784411-720c-4319-bc9a-c0994d2eb20e"
  },
  {
    "Id": 138118,
    "TenantId": 7493,
    "MemberRelNodeId": 4935803,
    "LCID": 1033,
    "AttributeName": "Destination Location",
    "Description": "Destination Location",
    "Language": null,
    "ModuleId": "0f784411-720c-4319-bc9a-c0994d2eb20e"
  },
  {
    "Id": 138119,
    "TenantId": 7493,
    "MemberRelNodeId": 4935817,
    "LCID": 1033,
    "AttributeName": "Material",
    "Description": "Material",
    "Language": null,
    "ModuleId": "0f784411-720c-4319-bc9a-c0994d2eb20e"
  },
  {
    "Id": 138120,
    "TenantId": 7493,
    "MemberRelNodeId": 4935835,
    "LCID": 1033,
    "AttributeName": "TransMode",
    "Description": "TransMode",
    "Language": null,
    "ModuleId": "0f784411-720c-4319-bc9a-c0994d2eb20e"
  },
  {
    "Id": 138121,
    "TenantId": 7493,
    "MemberRelNodeId": 4936540,
    "LCID": 1033,
    "AttributeName": "Location",
    "Description": "Location",
    "Language": null,
    "ModuleId": "0f784411-720c-4319-bc9a-c0994d2eb20e"
  },
  {
    "Id": 138122,
    "TenantId": 7493,
    "MemberRelNodeId": 4936544,
    "LCID": 1033,
    "AttributeName": "Consumed Week",
    "Description": "Consumed Week",
    "Language": null,
    "ModuleId": "0f784411-720c-4319-bc9a-c0994d2eb20e"
  },
  {
    "Id": 138123,
    "TenantId": 7493,
    "MemberRelNodeId": 4936547,
    "LCID": 1033,
    "AttributeName": "Resource",
    "Description": "Resource",
    "Language": null,
    "ModuleId": "0f784411-720c-4319-bc9a-c0994d2eb20e"
  },
  {
    "Id": 138124,
    "TenantId": 7493,
    "MemberRelNodeId": 4936557,
    "LCID": 1033,
    "AttributeName": "Produced Item",
    "Description": "Produced Item",
    "Language": null,
    "ModuleId": "0f784411-720c-4319-bc9a-c0994d2eb20e"
  },
  {
    "Id": 138125,
    "TenantId": 7493,
    "MemberRelNodeId": 4936560,
    "LCID": 1033,
    "AttributeName": "Consumption Location",
    "Description": "Consumption Location",
    "Language": null,
    "ModuleId": "0f784411-720c-4319-bc9a-c0994d2eb20e"
  },
  {
    "Id": 138126,
    "TenantId": 7493,
    "MemberRelNodeId": 4936564,
    "LCID": 1033,
    "AttributeName": "Item",
    "Description": "Item",
    "Language": null,
    "ModuleId": "0f784411-720c-4319-bc9a-c0994d2eb20e"
  },
  {
    "Id": 138127,
    "TenantId": 7493,
    "MemberRelNodeId": 4936572,
    "LCID": 1033,
    "AttributeName": "TransMode",
    "Description": "TransMode",
    "Language": null,
    "ModuleId": "0f784411-720c-4319-bc9a-c0994d2eb20e"
  },
  {
    "Id": 138128,
    "TenantId": 7493,
    "MemberRelNodeId": 4936608,
    "LCID": 1033,
    "AttributeName": "Production Location",
    "Description": "Production Location",
    "Language": null,
    "ModuleId": "0f784411-720c-4319-bc9a-c0994d2eb20e"
  },
  {
    "Id": 138129,
    "TenantId": 7493,
    "MemberRelNodeId": 4936857,
    "LCID": 1033,
    "AttributeName": "Consumed Location",
    "Description": "Consumed Location",
    "Language": null,
    "ModuleId": "0f784411-720c-4319-bc9a-c0994d2eb20e"
  },
  {
    "Id": 138130,
    "TenantId": 7493,
    "MemberRelNodeId": 4936862,
    "LCID": 1033,
    "AttributeName": "Constraint Week",
    "Description": "Constraint Week",
    "Language": null,
    "ModuleId": "0f784411-720c-4319-bc9a-c0994d2eb20e"
  },
  {
    "Id": 138131,
    "TenantId": 7493,
    "MemberRelNodeId": 4936872,
    "LCID": 1033,
    "AttributeName": "Item",
    "Description": "Item",
    "Language": null,
    "ModuleId": "0f784411-720c-4319-bc9a-c0994d2eb20e"
  },
  {
    "Id": 138132,
    "TenantId": 7493,
    "MemberRelNodeId": 4936884,
    "LCID": 1033,
    "AttributeName": "Demand Type",
    "Description": "Demand Type",
    "Language": null,
    "ModuleId": "0f784411-720c-4319-bc9a-c0994d2eb20e"
  },
  {
    "Id": 138133,
    "TenantId": 7493,
    "MemberRelNodeId": 4936886,
    "LCID": 1033,
    "AttributeName": "Customer",
    "Description": "Customer",
    "Language": null,
    "ModuleId": "0f784411-720c-4319-bc9a-c0994d2eb20e"
  },
  {
    "Id": 138134,
    "TenantId": 7493,
    "MemberRelNodeId": 4936889,
    "LCID": 1033,
    "AttributeName": "Demand Week",
    "Description": "Demand Week",
    "Language": null,
    "ModuleId": "0f784411-720c-4319-bc9a-c0994d2eb20e"
  },
  {
    "Id": 138135,
    "TenantId": 7493,
    "MemberRelNodeId": 4936892,
    "LCID": 1033,
    "AttributeName": "DemandID",
    "Description": "DemandID",
    "Language": null,
    "ModuleId": "0f784411-720c-4319-bc9a-c0994d2eb20e"
  },
  {
    "Id": 138136,
    "TenantId": 7493,
    "MemberRelNodeId": 4936899,
    "LCID": 1033,
    "AttributeName": "End Location",
    "Description": "End Location",
    "Language": null,
    "ModuleId": "0f784411-720c-4319-bc9a-c0994d2eb20e"
  },
  {
    "Id": 138137,
    "TenantId": 7493,
    "MemberRelNodeId": 4936903,
    "LCID": 1033,
    "AttributeName": "End Item",
    "Description": "End Item",
    "Language": null,
    "ModuleId": "0f784411-720c-4319-bc9a-c0994d2eb20e"
  },
  {
    "Id": 138138,
    "TenantId": 7493,
    "MemberRelNodeId": 4937585,
    "LCID": 1033,
    "AttributeName": "Constraint Week",
    "Description": "Constraint Week",
    "Language": null,
    "ModuleId": "0f784411-720c-4319-bc9a-c0994d2eb20e"
  },
  {
    "Id": 138139,
    "TenantId": 7493,
    "MemberRelNodeId": 4937598,
    "LCID": 1033,
    "AttributeName": "Consumed Location",
    "Description": "Consumed Location",
    "Language": null,
    "ModuleId": "0f784411-720c-4319-bc9a-c0994d2eb20e"
  },
  {
    "Id": 138140,
    "TenantId": 7493,
    "MemberRelNodeId": 4937617,
    "LCID": 1033,
    "AttributeName": "Demand Type",
    "Description": "Demand Type",
    "Language": null,
    "ModuleId": "0f784411-720c-4319-bc9a-c0994d2eb20e"
  },
  {
    "Id": 138141,
    "TenantId": 7493,
    "MemberRelNodeId": 4937620,
    "LCID": 1033,
    "AttributeName": "End Location",
    "Description": "End Location",
    "Language": null,
    "ModuleId": "0f784411-720c-4319-bc9a-c0994d2eb20e"
  },
  {
    "Id": 138142,
    "TenantId": 7493,
    "MemberRelNodeId": 4937623,
    "LCID": 1033,
    "AttributeName": "Customer",
    "Description": "Customer",
    "Language": null,
    "ModuleId": "0f784411-720c-4319-bc9a-c0994d2eb20e"
  },
  {
    "Id": 138143,
    "TenantId": 7493,
    "MemberRelNodeId": 4937624,
    "LCID": 1033,
    "AttributeName": "End Item",
    "Description": "End Item",
    "Language": null,
    "ModuleId": "0f784411-720c-4319-bc9a-c0994d2eb20e"
  },
  {
    "Id": 138144,
    "TenantId": 7493,
    "MemberRelNodeId": 4937629,
    "LCID": 1033,
    "AttributeName": "Demand Week",
    "Description": "Demand Week",
    "Language": null,
    "ModuleId": "0f784411-720c-4319-bc9a-c0994d2eb20e"
  },
  {
    "Id": 138145,
    "TenantId": 7493,
    "MemberRelNodeId": 4937631,
    "LCID": 1033,
    "AttributeName": "DemandID",
    "Description": "DemandID",
    "Language": null,
    "ModuleId": "0f784411-720c-4319-bc9a-c0994d2eb20e"
  }
]