[
  {
    "Id": 28341,
    "TenantId": 7493,
    "ProjectId": "958a7655-91f2-41a8-8b8f-8443d15b8412",
    "ProjectName": "ChinaDelivery",
    "ModuleId": "53784e66-5759-41f8-9b14-1872f2353d81",
    "ModuleName": "Carter_SP",
    "ModuleUrl": "https://dev.azure.com/o9delivery/958a7655-91f2-41a8-8b8f-8443d15b8412/_apis/git/repositories/53784e66-5759-41f8-9b14-1872f2353d81",
    "IsReadOnlyModule": false,
    "VersionType": "branch",
    "Version": "Tenant_gcpconsultdevsb_CarterDemo",
    "ParentModuleId": null,
    "Type": "Regular",
    "IsSolutionBlock": true,
    "SolutionBlockId": null,
    "NameSpace": null,
    "Org": "o9Delivery",
    "IsPromoteDisabled": false,
    "PackageName": null,
    "PackagePublishType": null
  },
  {
    "Id": 28357,
    "TenantId": 7493,
    "ProjectId": "958a7655-91f2-41a8-8b8f-8443d15b8412",
    "ProjectName": "ChinaDelivery",
    "ModuleId": "29c856d0-72be-40bd-9ee1-1979c5a3ecc0",
    "ModuleName": "o9 SP Planning",
    "ModuleUrl": "https://dev.azure.com/o9delivery/958a7655-91f2-41a8-8b8f-8443d15b8412/_apis/git/repositories/29c856d0-72be-40bd-9ee1-1979c5a3ecc0",
    "IsReadOnlyModule": false,
    "VersionType": "branch",
    "Version": "Tenant_gcpconsultdevsb_CarterDemo",
    "ParentModuleId": "0f784411-720c-4319-bc9a-c0994d2eb20e",
    "Type": "RegularDelta",
    "IsSolutionBlock": false,
    "SolutionBlockId": null,
    "NameSpace": "",
    "Org": "o9Delivery",
    "IsPromoteDisabled": false,
    "PackageName": null,
    "PackagePublishType": null
  },
  {
    "Id": 28348,
    "TenantId": 7493,
    "ProjectId": "ec07b4e6-de11-4c3d-988e-d2ed5a5a28e9",
    "ProjectName": "RefDev",
    "ModuleId": "c5dfb0f8-a9ea-4208-a148-5e7adb4dad96",
    "ModuleName": "o9 EKG Deployment",
    "ModuleUrl": "https://dev.azure.com/o9git/ec07b4e6-de11-4c3d-988e-d2ed5a5a28e9/_apis/git/repositories/c5dfb0f8-a9ea-4208-a148-5e7adb4dad96",
    "IsReadOnlyModule": true,
    "VersionType": "tag",
    "Version": "R2025.04.00",
    "ParentModuleId": null,
    "Type": "Regular",
    "IsSolutionBlock": false,
    "SolutionBlockId": null,
    "NameSpace": "",
    "Org": "RefDev",
    "IsPromoteDisabled": false,
    "PackageName": null,
    "PackagePublishType": null
  },
  {
    "Id": 28346,
    "TenantId": 7493,
    "ProjectId": "ec07b4e6-de11-4c3d-988e-d2ed5a5a28e9",
    "ProjectName": "RefDev",
    "ModuleId": "b7824156-8448-4b9b-8b7e-6397b69f9391",
    "ModuleName": "o9 EKG Configurator",
    "ModuleUrl": "https://dev.azure.com/o9git/ec07b4e6-de11-4c3d-988e-d2ed5a5a28e9/_apis/git/repositories/b7824156-8448-4b9b-8b7e-6397b69f9391",
    "IsReadOnlyModule": true,
    "VersionType": "tag",
    "Version": "R2025.04.00",
    "ParentModuleId": null,
    "Type": "Regular",
    "IsSolutionBlock": false,
    "SolutionBlockId": null,
    "NameSpace": "",
    "Org": "RefDev",
    "IsPromoteDisabled": false,
    "PackageName": null,
    "PackagePublishType": null
  },
  {
    "Id": 28349,
    "TenantId": 7493,
    "ProjectId": "958a7655-91f2-41a8-8b8f-8443d15b8412",
    "ProjectName": "ChinaDelivery",
    "ModuleId": "13ece2b0-a0be-47bb-8172-64e3f6a66bd5",
    "ModuleName": "o9 EKG Deployment",
    "ModuleUrl": "https://dev.azure.com/o9delivery/958a7655-91f2-41a8-8b8f-8443d15b8412/_apis/git/repositories/13ece2b0-a0be-47bb-8172-64e3f6a66bd5",
    "IsReadOnlyModule": false,
    "VersionType": "branch",
    "Version": "Tenant_gcpconsultdevsb_CarterDemo",
    "ParentModuleId": "c5dfb0f8-a9ea-4208-a148-5e7adb4dad96",
    "Type": "RegularDelta",
    "IsSolutionBlock": false,
    "SolutionBlockId": null,
    "NameSpace": "",
    "Org": "o9Delivery",
    "IsPromoteDisabled": false,
    "PackageName": null,
    "PackagePublishType": null
  },
  {
    "Id": 28361,
    "TenantId": 7493,
    "ProjectId": "958a7655-91f2-41a8-8b8f-8443d15b8412",
    "ProjectName": "ChinaDelivery",
    "ModuleId": "5ca1fab1-d512-4878-b7a6-651e7753c980",
    "ModuleName": "o9 Shared",
    "ModuleUrl": "https://dev.azure.com/o9delivery/958a7655-91f2-41a8-8b8f-8443d15b8412/_apis/git/repositories/5ca1fab1-d512-4878-b7a6-651e7753c980",
    "IsReadOnlyModule": false,
    "VersionType": "branch",
    "Version": "Tenant_gcpconsultdevsb_CarterDemo",
    "ParentModuleId": "ddab5036-c377-42df-a830-e56e77624e89",
    "Type": "RegularDelta",
    "IsSolutionBlock": false,
    "SolutionBlockId": null,
    "NameSpace": "",
    "Org": "o9Delivery",
    "IsPromoteDisabled": false,
    "PackageName": null,
    "PackagePublishType": null
  },
  {
    "Id": 28343,
    "TenantId": 7493,
    "ProjectId": "958a7655-91f2-41a8-8b8f-8443d15b8412",
    "ProjectName": "ChinaDelivery",
    "ModuleId": "35976705-acd8-44f1-bf8a-6ae2265dbc61",
    "ModuleName": "o9 Common",
    "ModuleUrl": "https://dev.azure.com/o9delivery/958a7655-91f2-41a8-8b8f-8443d15b8412/_apis/git/repositories/35976705-acd8-44f1-bf8a-6ae2265dbc61",
    "IsReadOnlyModule": false,
    "VersionType": "branch",
    "Version": "Tenant_gcpconsultdevsb_CarterDemo",
    "ParentModuleId": "40787334-d114-4118-82e3-eec1fce692eb",
    "Type": "CommonDelta",
    "IsSolutionBlock": false,
    "SolutionBlockId": null,
    "NameSpace": null,
    "Org": "o9Delivery",
    "IsPromoteDisabled": false,
    "PackageName": null,
    "PackagePublishType": null
  },
  {
    "Id": 28352,
    "TenantId": 7493,
    "ProjectId": "ec07b4e6-de11-4c3d-988e-d2ed5a5a28e9",
    "ProjectName": "RefDev",
    "ModuleId": "89ea750b-98c6-4aa1-aee2-7136e4f17745",
    "ModuleName": "o9 SP Foundation",
    "ModuleUrl": "https://dev.azure.com/o9git/ec07b4e6-de11-4c3d-988e-d2ed5a5a28e9/_apis/git/repositories/89ea750b-98c6-4aa1-aee2-7136e4f17745",
    "IsReadOnlyModule": true,
    "VersionType": "tag",
    "Version": "R2025.04.00",
    "ParentModuleId": null,
    "Type": "Regular",
    "IsSolutionBlock": false,
    "SolutionBlockId": null,
    "NameSpace": "",
    "Org": "RefDev",
    "IsPromoteDisabled": false,
    "PackageName": null,
    "PackagePublishType": null
  },
  {
    "Id": 28350,
    "TenantId": 7493,
    "ProjectId": "ec07b4e6-de11-4c3d-988e-d2ed5a5a28e9",
    "ProjectName": "RefDev",
    "ModuleId": "69c63dc5-4f82-4296-89e9-7839154cd5be",
    "ModuleName": "o9 Product Configurator",
    "ModuleUrl": "https://dev.azure.com/o9git/ec07b4e6-de11-4c3d-988e-d2ed5a5a28e9/_apis/git/repositories/69c63dc5-4f82-4296-89e9-7839154cd5be",
    "IsReadOnlyModule": true,
    "VersionType": "tag",
    "Version": "R2025.04.00",
    "ParentModuleId": null,
    "Type": "Regular",
    "IsSolutionBlock": false,
    "SolutionBlockId": null,
    "NameSpace": "",
    "Org": "RefDev",
    "IsPromoteDisabled": false,
    "PackageName": null,
    "PackagePublishType": null
  },
  {
    "Id": 28359,
    "TenantId": 7493,
    "ProjectId": "958a7655-91f2-41a8-8b8f-8443d15b8412",
    "ProjectName": "ChinaDelivery",
    "ModuleId": "ba85f490-2ad9-4398-952e-785c4cdb94b5",
    "ModuleName": "o9 SP Prioritization",
    "ModuleUrl": "https://dev.azure.com/o9delivery/958a7655-91f2-41a8-8b8f-8443d15b8412/_apis/git/repositories/ba85f490-2ad9-4398-952e-785c4cdb94b5",
    "IsReadOnlyModule": false,
    "VersionType": "branch",
    "Version": "Tenant_gcpconsultdevsb_CarterDemo",
    "ParentModuleId": "dfd29ee1-c395-4d07-9049-787d4af6b3c5",
    "Type": "RegularDelta",
    "IsSolutionBlock": false,
    "SolutionBlockId": null,
    "NameSpace": "",
    "Org": "o9Delivery",
    "IsPromoteDisabled": false,
    "PackageName": null,
    "PackagePublishType": null
  },
  {
    "Id": 28358,
    "TenantId": 7493,
    "ProjectId": "ec07b4e6-de11-4c3d-988e-d2ed5a5a28e9",
    "ProjectName": "RefDev",
    "ModuleId": "dfd29ee1-c395-4d07-9049-787d4af6b3c5",
    "ModuleName": "o9 SP Prioritization",
    "ModuleUrl": "https://dev.azure.com/o9git/ec07b4e6-de11-4c3d-988e-d2ed5a5a28e9/_apis/git/repositories/dfd29ee1-c395-4d07-9049-787d4af6b3c5",
    "IsReadOnlyModule": true,
    "VersionType": "tag",
    "Version": "R2025.04.00",
    "ParentModuleId": null,
    "Type": "Regular",
    "IsSolutionBlock": false,
    "SolutionBlockId": null,
    "NameSpace": "",
    "Org": "RefDev",
    "IsPromoteDisabled": false,
    "PackageName": null,
    "PackagePublishType": null
  },
  {
    "Id": 28351,
    "TenantId": 7493,
    "ProjectId": "958a7655-91f2-41a8-8b8f-8443d15b8412",
    "ProjectName": "ChinaDelivery",
    "ModuleId": "12507679-c809-42ab-8f87-7b975312161a",
    "ModuleName": "o9 Product Configurator",
    "ModuleUrl": "https://dev.azure.com/o9delivery/958a7655-91f2-41a8-8b8f-8443d15b8412/_apis/git/repositories/12507679-c809-42ab-8f87-7b975312161a",
    "IsReadOnlyModule": false,
    "VersionType": "branch",
    "Version": "Tenant_gcpconsultdevsb_CarterDemo",
    "ParentModuleId": "69c63dc5-4f82-4296-89e9-7839154cd5be",
    "Type": "RegularDelta",
    "IsSolutionBlock": false,
    "SolutionBlockId": null,
    "NameSpace": "",
    "Org": "o9Delivery",
    "IsPromoteDisabled": false,
    "PackageName": null,
    "PackagePublishType": null
  },
  {
    "Id": 28355,
    "TenantId": 7493,
    "ProjectId": "958a7655-91f2-41a8-8b8f-8443d15b8412",
    "ProjectName": "ChinaDelivery",
    "ModuleId": "7a700f0e-18ba-4037-9b02-9b09e1526bd6",
    "ModuleName": "o9 SP Netting",
    "ModuleUrl": "https://dev.azure.com/o9delivery/958a7655-91f2-41a8-8b8f-8443d15b8412/_apis/git/repositories/7a700f0e-18ba-4037-9b02-9b09e1526bd6",
    "IsReadOnlyModule": false,
    "VersionType": "branch",
    "Version": "Tenant_gcpconsultdevsb_CarterDemo",
    "ParentModuleId": "b66fe052-0040-4772-865c-db0a8cee8da2",
    "Type": "RegularDelta",
    "IsSolutionBlock": false,
    "SolutionBlockId": null,
    "NameSpace": "",
    "Org": "o9Delivery",
    "IsPromoteDisabled": false,
    "PackageName": null,
    "PackagePublishType": null
  },
  {
    "Id": 28347,
    "TenantId": 7493,
    "ProjectId": "958a7655-91f2-41a8-8b8f-8443d15b8412",
    "ProjectName": "ChinaDelivery",
    "ModuleId": "1d465193-9700-40c0-9d92-9e81d764a45b",
    "ModuleName": "o9 EKG Configurator",
    "ModuleUrl": "https://dev.azure.com/o9delivery/958a7655-91f2-41a8-8b8f-8443d15b8412/_apis/git/repositories/1d465193-9700-40c0-9d92-9e81d764a45b",
    "IsReadOnlyModule": false,
    "VersionType": "branch",
    "Version": "Tenant_gcpconsultdevsb_CarterDemo",
    "ParentModuleId": "b7824156-8448-4b9b-8b7e-6397b69f9391",
    "Type": "RegularDelta",
    "IsSolutionBlock": false,
    "SolutionBlockId": null,
    "NameSpace": "",
    "Org": "o9Delivery",
    "IsPromoteDisabled": false,
    "PackageName": null,
    "PackagePublishType": null
  },
  {
    "Id": 28353,
    "TenantId": 7493,
    "ProjectId": "958a7655-91f2-41a8-8b8f-8443d15b8412",
    "ProjectName": "ChinaDelivery",
    "ModuleId": "51d2b9c0-4669-464a-8928-b06dcd774475",
    "ModuleName": "o9 SP Foundation",
    "ModuleUrl": "https://dev.azure.com/o9delivery/958a7655-91f2-41a8-8b8f-8443d15b8412/_apis/git/repositories/51d2b9c0-4669-464a-8928-b06dcd774475",
    "IsReadOnlyModule": false,
    "VersionType": "branch",
    "Version": "Tenant_gcpconsultdevsb_CarterDemo",
    "ParentModuleId": "89ea750b-98c6-4aa1-aee2-7136e4f17745",
    "Type": "RegularDelta",
    "IsSolutionBlock": false,
    "SolutionBlockId": null,
    "NameSpace": "",
    "Org": "o9Delivery",
    "IsPromoteDisabled": false,
    "PackageName": null,
    "PackagePublishType": null
  },
  {
    "Id": 28345,
    "TenantId": 7493,
    "ProjectId": "958a7655-91f2-41a8-8b8f-8443d15b8412",
    "ProjectName": "ChinaDelivery",
    "ModuleId": "85c8858b-5399-48a3-bede-c038e8c98ff9",
    "ModuleName": "o9 Data Integration",
    "ModuleUrl": "https://dev.azure.com/o9delivery/958a7655-91f2-41a8-8b8f-8443d15b8412/_apis/git/repositories/85c8858b-5399-48a3-bede-c038e8c98ff9",
    "IsReadOnlyModule": false,
    "VersionType": "branch",
    "Version": "Tenant_gcpconsultdevsb_CarterDemo",
    "ParentModuleId": "4c075c57-6f44-464e-a1ec-c23fe53c4d44",
    "Type": "RegularDelta",
    "IsSolutionBlock": false,
    "SolutionBlockId": null,
    "NameSpace": null,
    "Org": "o9Delivery",
    "IsPromoteDisabled": false,
    "PackageName": null,
    "PackagePublishType": null
  },
  {
    "Id": 28356,
    "TenantId": 7493,
    "ProjectId": "ec07b4e6-de11-4c3d-988e-d2ed5a5a28e9",
    "ProjectName": "RefDev",
    "ModuleId": "0f784411-720c-4319-bc9a-c0994d2eb20e",
    "ModuleName": "o9 SP Planning",
    "ModuleUrl": "https://dev.azure.com/o9git/ec07b4e6-de11-4c3d-988e-d2ed5a5a28e9/_apis/git/repositories/0f784411-720c-4319-bc9a-c0994d2eb20e",
    "IsReadOnlyModule": true,
    "VersionType": "tag",
    "Version": "R2025.04.00",
    "ParentModuleId": null,
    "Type": "Regular",
    "IsSolutionBlock": false,
    "SolutionBlockId": null,
    "NameSpace": "",
    "Org": "RefDev",
    "IsPromoteDisabled": false,
    "PackageName": null,
    "PackagePublishType": null
  },
  {
    "Id": 28344,
    "TenantId": 7493,
    "ProjectId": "ec07b4e6-de11-4c3d-988e-d2ed5a5a28e9",
    "ProjectName": "RefDev",
    "ModuleId": "4c075c57-6f44-464e-a1ec-c23fe53c4d44",
    "ModuleName": "o9 Data Integration",
    "ModuleUrl": "https://dev.azure.com/o9git/ec07b4e6-de11-4c3d-988e-d2ed5a5a28e9/_apis/git/repositories/4c075c57-6f44-464e-a1ec-c23fe53c4d44",
    "IsReadOnlyModule": true,
    "VersionType": "tag",
    "Version": "R2025.04.01",
    "ParentModuleId": null,
    "Type": "Regular",
    "IsSolutionBlock": false,
    "SolutionBlockId": null,
    "NameSpace": null,
    "Org": "RefDev",
    "IsPromoteDisabled": false,
    "PackageName": null,
    "PackagePublishType": null
  },
  {
    "Id": 28354,
    "TenantId": 7493,
    "ProjectId": "ec07b4e6-de11-4c3d-988e-d2ed5a5a28e9",
    "ProjectName": "RefDev",
    "ModuleId": "b66fe052-0040-4772-865c-db0a8cee8da2",
    "ModuleName": "o9 SP Netting",
    "ModuleUrl": "https://dev.azure.com/o9git/ec07b4e6-de11-4c3d-988e-d2ed5a5a28e9/_apis/git/repositories/b66fe052-0040-4772-865c-db0a8cee8da2",
    "IsReadOnlyModule": true,
    "VersionType": "tag",
    "Version": "R2025.04.00",
    "ParentModuleId": null,
    "Type": "Regular",
    "IsSolutionBlock": false,
    "SolutionBlockId": null,
    "NameSpace": "",
    "Org": "RefDev",
    "IsPromoteDisabled": false,
    "PackageName": null,
    "PackagePublishType": null
  },
  {
    "Id": 28360,
    "TenantId": 7493,
    "ProjectId": "ec07b4e6-de11-4c3d-988e-d2ed5a5a28e9",
    "ProjectName": "RefDev",
    "ModuleId": "ddab5036-c377-42df-a830-e56e77624e89",
    "ModuleName": "o9 Shared",
    "ModuleUrl": "https://dev.azure.com/o9git/ec07b4e6-de11-4c3d-988e-d2ed5a5a28e9/_apis/git/repositories/ddab5036-c377-42df-a830-e56e77624e89",
    "IsReadOnlyModule": true,
    "VersionType": "tag",
    "Version": "R2025.04.01",
    "ParentModuleId": null,
    "Type": "Regular",
    "IsSolutionBlock": false,
    "SolutionBlockId": null,
    "NameSpace": "",
    "Org": "RefDev",
    "IsPromoteDisabled": false,
    "PackageName": null,
    "PackagePublishType": null
  },
  {
    "Id": 28342,
    "TenantId": 7493,
    "ProjectId": "ec07b4e6-de11-4c3d-988e-d2ed5a5a28e9",
    "ProjectName": "RefDev",
    "ModuleId": "40787334-d114-4118-82e3-eec1fce692eb",
    "ModuleName": "o9 Common",
    "ModuleUrl": "https://dev.azure.com/o9git/ec07b4e6-de11-4c3d-988e-d2ed5a5a28e9/_apis/git/repositories/40787334-d114-4118-82e3-eec1fce692eb",
    "IsReadOnlyModule": true,
    "VersionType": "tag",
    "Version": "R2025.04.01",
    "ParentModuleId": null,
    "Type": "Common",
    "IsSolutionBlock": false,
    "SolutionBlockId": null,
    "NameSpace": null,
    "Org": "RefDev",
    "IsPromoteDisabled": false,
    "PackageName": null,
    "PackagePublishType": null
  }
]