[
  {
    "Id": 24697,
    "Name": "Demands Replanning",
    "TenantId": 7493,
    "PageId": 1728269,
    "WidgetDefinitionId": 5603572,
    "ConfigJson": {
      "Position": 0
    },
    "PageWidgetDefinitionId": "a381b396-1a35-4661-9470-030155ecfe22",
    "ModuleId": "0f784411-720c-4319-bc9a-c0994d2eb20e",
    "Title": null
  },
  {
    "Id": 24698,
    "Name": "Demands Replanning",
    "TenantId": 7493,
    "PageId": 1728279,
    "WidgetDefinitionId": 5604150,
    "ConfigJson": {
      "Position": 0,
      "FilterScopes": [
        {
          "Scope": "Workspace",
          "LevelAttribute": {
            "AttributeName": "Version Name",
            "Dimension": "Version"
          },
          "FilterId": "427c302e3e3c501445df9c53278ae925"
        }
      ]
    },
    "PageWidgetDefinitionId": "0c476d00-2597-41ac-8e38-951e8da9fb89",
    "ModuleId": "0f784411-720c-4319-bc9a-c0994d2eb20e",
    "Title": null
  },
  {
    "Id": 24699,
    "Name": "Demands Replanning",
    "TenantId": 7493,
    "PageId": 1728521,
    "WidgetDefinitionId": 5603572,
    "ConfigJson": {
      "Position": 0
    },
    "PageWidgetDefinitionId": "ea6e531a-fe8c-4c7b-bfef-5bc7cc4c87f8",
    "ModuleId": "0f784411-720c-4319-bc9a-c0994d2eb20e",
    "Title": null
  }
]