[
  {
    "Id": 157334,
    "TenantId": 7493,
    "PlanId": "550eb46e-6815-6131-4d1c-22658d18b2de",
    "PlanName": "Algorithm Parameters",
    "PlanDescription": "mPower planning parameters",
    "PlanType": "Regular",
    "ModuleId": null
  },
  {
    "Id": 157335,
    "TenantId": 7493,
    "PlanId": "ff8c855c-d1cd-4678-b5d1-98036da7d2a9",
    "PlanName": "Common Transaction Model",
    "PlanDescription": "Common Transaction Model",
    "PlanType": "Regular",
    "ModuleId": "ddab5036-c377-42df-a830-e56e77624e89"
  },
  {
    "Id": 157336,
    "TenantId": 7493,
    "PlanId": "1a7b2c76-88c3-43ff-b483-7ccf849374cb",
    "PlanName": "Common Framework",
    "PlanDescription": "Common Framework",
    "PlanType": "Regular",
    "ModuleId": "ddab5036-c377-42df-a830-e56e77624e89"
  },
  {
    "Id": 157337,
    "TenantId": 7493,
    "PlanId": "1d0a5e5b-d81a-1305-f652-e4ee650ac5f5",
    "PlanName": "Common Analytics Outputs",
    "PlanDescription": "Common Analytics Outputs",
    "PlanType": "Regular",
    "ModuleId": "ddab5036-c377-42df-a830-e56e77624e89"
  },
  {
    "Id": 157338,
    "TenantId": 7493,
    "PlanId": "ff8aebf0-ecf1-8cf5-0a2c-79575fda67d8",
    "PlanName": "Inventory Rebalancing",
    "PlanDescription": "Inventory Rebalancing",
    "PlanType": "Regular",
    "ModuleId": "0f784411-720c-4319-bc9a-c0994d2eb20e"
  },
  {
    "Id": 157339,
    "TenantId": 7493,
    "PlanId": "83802ad7-a4ef-42d0-bb0f-faf4c6f1d1b1",
    "PlanName": "Supply Plan Daily Nexprime Inputs",
    "PlanDescription": "Supply Plan Daily Nexprime Inputs",
    "PlanType": "Regular",
    "ModuleId": "0f784411-720c-4319-bc9a-c0994d2eb20e"
  },
  {
    "Id": 157340,
    "TenantId": 7493,
    "PlanId": "6d41c74c-1e56-430c-b657-31c2cf094f0f",
    "PlanName": "Supply Plan Daily Reports",
    "PlanDescription": "Contains all the MGs related to post solver rules used for reporting",
    "PlanType": "Regular",
    "ModuleId": "0f784411-720c-4319-bc9a-c0994d2eb20e"
  },
  {
    "Id": 157341,
    "TenantId": 7493,
    "PlanId": "bd74d535-e87d-4db1-bfa8-c15c34f49d35",
    "PlanName": "Prioritization Plan",
    "PlanDescription": "Prioritization Plan",
    "PlanType": "Regular",
    "ModuleId": "dfd29ee1-c395-4d07-9049-787d4af6b3c5"
  },
  {
    "Id": 157342,
    "TenantId": 7493,
    "PlanId": "eead21bf-cda1-4a81-a7e0-9a9d4dcbe11c",
    "PlanName": "Supply Plan Weekly Solver Inputs and Outputs",
    "PlanDescription": "Contains all the MGs for solver inputs and outputs",
    "PlanType": "Regular",
    "ModuleId": "0f784411-720c-4319-bc9a-c0994d2eb20e"
  },
  {
    "Id": 157343,
    "TenantId": 7493,
    "PlanId": "1bf5ab7e-4115-46d1-9ac5-390e778876a0",
    "PlanName": "Supply Plan Weekly Reports",
    "PlanDescription": "Contains all the MGs related to post solver rules used for reporting",
    "PlanType": "Regular",
    "ModuleId": "0f784411-720c-4319-bc9a-c0994d2eb20e"
  },
  {
    "Id": 157344,
    "TenantId": 7493,
    "PlanId": "4f8b73fe-65a0-3cc6-4e32-d1b7305fc6c1",
    "PlanName": "Load Builder Common Inputs",
    "PlanDescription": "Common inputs for load builder",
    "PlanType": "Regular",
    "ModuleId": "0f784411-720c-4319-bc9a-c0994d2eb20e"
  },
  {
    "Id": 157345,
    "TenantId": 7493,
    "PlanId": "ae962545-43cd-4294-8953-41212b202839",
    "PlanName": "Supply Plan Common Nexprime Inputs",
    "PlanDescription": "Nexprime Common Inputs",
    "PlanType": "Regular",
    "ModuleId": "0f784411-720c-4319-bc9a-c0994d2eb20e"
  },
  {
    "Id": 157346,
    "TenantId": 7493,
    "PlanId": "c442a650-90bb-4a40-4ad4-4204ac434697",
    "PlanName": "Generic Prioritization Plan",
    "PlanDescription": "Contains MGs for Genric Priortization",
    "PlanType": "Regular",
    "ModuleId": "dfd29ee1-c395-4d07-9049-787d4af6b3c5"
  },
  {
    "Id": 157347,
    "TenantId": 7493,
    "PlanId": "e9702258-7c05-4662-992c-4ed041b7988e",
    "PlanName": "Supply Plan Weekly Scenario Planning",
    "PlanDescription": "Contains all the MGs for Incremental and scenario planning",
    "PlanType": "Regular",
    "ModuleId": "0f784411-720c-4319-bc9a-c0994d2eb20e"
  },
  {
    "Id": 157348,
    "TenantId": 7493,
    "PlanId": "334f9105-e53f-496d-b63c-73376a903f16",
    "PlanName": "GraphPlan",
    "PlanDescription": "GraphPlan",
    "PlanType": "Regular",
    "ModuleId": "4c075c57-6f44-464e-a1ec-c23fe53c4d44"
  },
  {
    "Id": 157349,
    "TenantId": 7493,
    "PlanId": "13981ec4-aeef-4089-883f-6928682e2a4e",
    "PlanName": "Supply Plan Monthly Reports",
    "PlanDescription": "Contains all the MGs for Monthly Reports",
    "PlanType": "Regular",
    "ModuleId": "0f784411-720c-4319-bc9a-c0994d2eb20e"
  },
  {
    "Id": 157350,
    "TenantId": 7493,
    "PlanId": "5817f6b0-cfe4-dd0e-adff-6ad2206202e6",
    "PlanName": "Supply Plan Financial Reports",
    "PlanDescription": "Supply Plan Financial Reports",
    "PlanType": "Regular",
    "ModuleId": "0f784411-720c-4319-bc9a-c0994d2eb20e"
  },
  {
    "Id": 157351,
    "TenantId": 7493,
    "PlanId": "3436478d-7832-18e3-6f01-24dcaf5f728c",
    "PlanName": "Supply Plan Handoffs",
    "PlanDescription": "Supply Plan Handoffs",
    "PlanType": "Regular",
    "ModuleId": "0f784411-720c-4319-bc9a-c0994d2eb20e"
  },
  {
    "Id": 157352,
    "TenantId": 7493,
    "PlanId": "2f2d7d3d-ff4b-0a0f-28c8-7c65ce45fd87",
    "PlanName": "Load Builder Daily Outputs",
    "PlanDescription": "Daily outputs for load builder",
    "PlanType": "Regular",
    "ModuleId": "0f784411-720c-4319-bc9a-c0994d2eb20e"
  },
  {
    "Id": 157353,
    "TenantId": 7493,
    "PlanId": "987fec55-2c0e-bb72-e4a2-d4bc96216817",
    "PlanName": "Common Solver Inputs and Outputs Multi Step Routing",
    "PlanDescription": "For Multi Step Routing, the inputs and outputs fetched up to the solver",
    "PlanType": "Regular",
    "ModuleId": "0f784411-720c-4319-bc9a-c0994d2eb20e"
  },
  {
    "Id": 157354,
    "TenantId": 7493,
    "PlanId": "d573be94-2bc2-4ddd-8aef-56a1ee02351f",
    "PlanName": "Supply Plan Monthly Solver Inputs and Outputs",
    "PlanDescription": "Supply Plan Monthly Solver Inputs and Outputs",
    "PlanType": "Regular",
    "ModuleId": "0f784411-720c-4319-bc9a-c0994d2eb20e"
  },
  {
    "Id": 157355,
    "TenantId": 7493,
    "PlanId": "ccf09f89-7570-49b1-846a-ae4983eedfc5",
    "PlanName": "Supply Plan Daily Scenario Planning",
    "PlanDescription": "Models the daily scenario planning workflows",
    "PlanType": "Regular",
    "ModuleId": "0f784411-720c-4319-bc9a-c0994d2eb20e"
  },
  {
    "Id": 157356,
    "TenantId": 7493,
    "PlanId": "0a19b47d-8644-bee1-2654-a21cdf0d94d2",
    "PlanName": "Supply Plan Where Used",
    "PlanDescription": "Supply Plan Where Used",
    "PlanType": "Regular",
    "ModuleId": "0f784411-720c-4319-bc9a-c0994d2eb20e"
  },
  {
    "Id": 157357,
    "TenantId": 7493,
    "PlanId": "851d4ea7-d3a2-4832-8540-0dd4f123543e",
    "PlanName": "Supply Plan Common Inputs",
    "PlanDescription": "Supply Plan Common Inputs",
    "PlanType": "Regular",
    "ModuleId": "89ea750b-98c6-4aa1-aee2-7136e4f17745"
  },
  {
    "Id": 157358,
    "TenantId": 7493,
    "PlanId": "697901ea-c6f9-4306-a8c5-24c792a6e3f9",
    "PlanName": "Supply Plan Daily Solver Inputs and Outputs",
    "PlanDescription": "Contains all the MGs for solver inputs and outputs",
    "PlanType": "Regular",
    "ModuleId": "0f784411-720c-4319-bc9a-c0994d2eb20e"
  },
  {
    "Id": 157359,
    "TenantId": 7493,
    "PlanId": "50e6382c-5af0-4241-99d5-75604b4de4a5",
    "PlanName": "Supply Plan Daily Inputs",
    "PlanDescription": "Contains all the core inputs of the Ref Model via flat files and also the intermediate measures used in create network, Netting etc",
    "PlanType": "Regular",
    "ModuleId": "89ea750b-98c6-4aa1-aee2-7136e4f17745"
  },
  {
    "Id": 157360,
    "TenantId": 7493,
    "PlanId": "6b1c0a7e-a450-423b-916f-cd028d6f2350",
    "PlanName": "Supply Plan Common Data Validation",
    "PlanDescription": "Supply Plan Common Data Validation",
    "PlanType": "Regular",
    "ModuleId": "0f784411-720c-4319-bc9a-c0994d2eb20e"
  },
  {
    "Id": 157361,
    "TenantId": 7493,
    "PlanId": "1a7b7a9e-7d7c-4f63-acc0-2be72d37cdca",
    "PlanName": "Supply Plan Weekly Nexprime Inputs",
    "PlanDescription": "Supply Plan Weekly Nexprime Inputs",
    "PlanType": "Regular",
    "ModuleId": "0f784411-720c-4319-bc9a-c0994d2eb20e"
  },
  {
    "Id": 157362,
    "TenantId": 7493,
    "PlanId": "f338171f-a5c0-4fc3-93da-b12e8de67e0f",
    "PlanName": "Supply Plan Weekly Inputs",
    "PlanDescription": "Contains all the core inputs of the Ref Model via flat files and also the intermediate measures used in create network, Netting etc",
    "PlanType": "Regular",
    "ModuleId": "89ea750b-98c6-4aa1-aee2-7136e4f17745"
  },
  {
    "Id": 157363,
    "TenantId": 7493,
    "PlanId": "9de886de-c043-c8e2-88b3-e43bd1ceab92",
    "PlanName": "Demand Based Network Selection",
    "PlanDescription": "Demand Based Network Selection at demand nodes",
    "PlanType": "Regular",
    "ModuleId": "0f784411-720c-4319-bc9a-c0994d2eb20e"
  },
  {
    "Id": 157364,
    "TenantId": 7493,
    "PlanId": "9acc1524-5fd6-27f7-cd23-7517a7fea6f1",
    "PlanName": "Supply Plan Common Solver Inputs and Outputs",
    "PlanDescription": "Common Solver Inputs and Outputs",
    "PlanType": "Regular",
    "ModuleId": "0f784411-720c-4319-bc9a-c0994d2eb20e"
  },
  {
    "Id": 157365,
    "TenantId": 7493,
    "PlanId": "09a77d40-be79-4fe4-a0ad-801df4ba0bd2",
    "PlanName": "Supply Plan Weekly Data Validation",
    "PlanDescription": "Contains all the MGs required for weekly Supply Plan data validations",
    "PlanType": "Regular",
    "ModuleId": "0f784411-720c-4319-bc9a-c0994d2eb20e"
  },
  {
    "Id": 157366,
    "TenantId": 7493,
    "PlanId": "f037c360-77c5-c18e-ac6b-49b3bdc86ece",
    "PlanName": "Supply Plan Planning Transactional Inputs",
    "PlanDescription": "Supply Plan Planning Transactional Inputs",
    "PlanType": "Regular",
    "ModuleId": "0f784411-720c-4319-bc9a-c0994d2eb20e"
  },
  {
    "Id": 157367,
    "TenantId": 7493,
    "PlanId": "1fb74228-abcc-b923-b46f-32898c55531a",
    "PlanName": "Supply Plan Common Network Substitution",
    "PlanDescription": "Network Substitution",
    "PlanType": "Regular",
    "ModuleId": "0f784411-720c-4319-bc9a-c0994d2eb20e"
  },
  {
    "Id": 157368,
    "TenantId": 7493,
    "PlanId": "d3a6bda2-2ba0-1fb0-66d8-7bc6d195a15a",
    "PlanName": "Supply Plan Weekly Inventory Rebalance",
    "PlanDescription": "Weekly Inventory Rebalance Inputs Outputs",
    "PlanType": "Regular",
    "ModuleId": "0f784411-720c-4319-bc9a-c0994d2eb20e"
  },
  {
    "Id": 157369,
    "TenantId": 7493,
    "PlanId": "ccd7a882-f559-08c1-547c-d15710cb5c55",
    "PlanName": "Load Builder Weekly Outputs",
    "PlanDescription": "Weekly outputs for load builder",
    "PlanType": "Regular",
    "ModuleId": "0f784411-720c-4319-bc9a-c0994d2eb20e"
  },
  {
    "Id": 157370,
    "TenantId": 7493,
    "PlanId": "bd2b8f7b-4c7b-47ae-8b0f-ec55f9ebdf97",
    "PlanName": "Supply Plan Daily Inventory Rebalance",
    "PlanDescription": "Inventory Rebalance Inputs Outputs",
    "PlanType": "Regular",
    "ModuleId": "0f784411-720c-4319-bc9a-c0994d2eb20e"
  },
  {
    "Id": 157371,
    "TenantId": 7493,
    "PlanId": "6dac9e25-8a4c-421f-9cc8-45b6241ef91a",
    "PlanName": "Supply Plan Weekly Procurement Planning",
    "PlanDescription": "Contains measures for the procurement planning",
    "PlanType": "Regular",
    "ModuleId": "0f784411-720c-4319-bc9a-c0994d2eb20e"
  },
  {
    "Id": 157372,
    "TenantId": 7493,
    "PlanId": "1a179103-044a-4374-8eba-d9c09d7aaff2",
    "PlanName": "Supply Plan Monthly Inputs",
    "PlanDescription": "Supply Plan Monthly Inputs",
    "PlanType": "Regular",
    "ModuleId": "0f784411-720c-4319-bc9a-c0994d2eb20e"
  },
  {
    "Id": 157373,
    "TenantId": 7493,
    "PlanId": "151ba3dd-4213-4787-5d00-b8bdb46e516e",
    "PlanName": "Load Builder Weekly Inputs",
    "PlanDescription": "Weekly inputs for load builder",
    "PlanType": "Regular",
    "ModuleId": "0f784411-720c-4319-bc9a-c0994d2eb20e"
  },
  {
    "Id": 157374,
    "TenantId": 7493,
    "PlanId": "0024d0bc-fc04-4f4f-bc23-22777b929233",
    "PlanName": "Supply Plan Daily Data Validation",
    "PlanDescription": "Contains all the MGs required for Daily Supply Plan data validations",
    "PlanType": "Regular",
    "ModuleId": "0f784411-720c-4319-bc9a-c0994d2eb20e"
  },
  {
    "Id": 157375,
    "TenantId": 7493,
    "PlanId": "1737bdda-50a5-f54f-50bb-9ed2091ff1f7",
    "PlanName": "Load Builder Daily Inputs",
    "PlanDescription": "Daily inputs for load builder",
    "PlanType": "Regular",
    "ModuleId": "0f784411-720c-4319-bc9a-c0994d2eb20e"
  },
  {
    "Id": 157376,
    "TenantId": 7493,
    "PlanId": "488a82d1-d093-4546-8b16-cfd7af1ead5e",
    "PlanName": "Supply Planning Process Interactions",
    "PlanDescription": "Supply Planning Process Interactions",
    "PlanType": "Regular",
    "ModuleId": "0f784411-720c-4319-bc9a-c0994d2eb20e"
  },
  {
    "Id": 157377,
    "TenantId": 7493,
    "PlanId": "94a0412c-eeac-7722-32cd-fc9bf5f338d9",
    "PlanName": "Load Builder Monthly Inputs",
    "PlanDescription": "Monthly inputs for load builder",
    "PlanType": "Regular",
    "ModuleId": "0f784411-720c-4319-bc9a-c0994d2eb20e"
  },
  {
    "Id": 157378,
    "TenantId": 7493,
    "PlanId": "61d95418-32ea-401a-a823-0888c1b3139d",
    "PlanName": "Supply Plan Monthly Scenario Planning",
    "PlanDescription": "Supply Plan Monthly Scenario Planning",
    "PlanType": "Regular",
    "ModuleId": "0f784411-720c-4319-bc9a-c0994d2eb20e"
  },
  {
    "Id": 157379,
    "TenantId": 7493,
    "PlanId": "4d9bfff4-34e9-4356-b05d-775f3fd20cca",
    "PlanName": "Supply Plan Daily Procurement Planning",
    "PlanDescription": "Supply Plan Daily Procurement Planning",
    "PlanType": "Regular",
    "ModuleId": "0f784411-720c-4319-bc9a-c0994d2eb20e"
  },
  {
    "Id": 157380,
    "TenantId": 7493,
    "PlanId": "4a9a0814-773c-388e-c68a-634574ab3100",
    "PlanName": "Load Builder Monthly Outputs",
    "PlanDescription": "Monthly outputs for load builder",
    "PlanType": "Regular",
    "ModuleId": "0f784411-720c-4319-bc9a-c0994d2eb20e"
  },
  {
    "Id": 157381,
    "TenantId": 7493,
    "PlanId": "271c69e7-d05c-46ca-863c-1e4b01e535db",
    "PlanName": "Supply Plan Common Reports",
    "PlanDescription": "Supply Plan Common Reports",
    "PlanType": "Regular",
    "ModuleId": "89ea750b-98c6-4aa1-aee2-7136e4f17745"
  },
  {
    "Id": 157382,
    "TenantId": 7493,
    "PlanId": "49729856-9fdd-5759-1abf-edba17c305da",
    "PlanName": "Supply Plan Foundation Data Validations",
    "PlanDescription": "Supply Plan Foundation Data Validations",
    "PlanType": "Regular",
    "ModuleId": "89ea750b-98c6-4aa1-aee2-7136e4f17745"
  },
  {
    "Id": 157383,
    "TenantId": 7493,
    "PlanId": "32411c9b-b943-131b-a3e6-36a66301a192",
    "PlanName": "IDB Framework",
    "PlanDescription": "IDB Framework",
    "PlanType": "Regular",
    "ModuleId": "89ea750b-98c6-4aa1-aee2-7136e4f17745"
  },
  {
    "Id": 157384,
    "TenantId": 7493,
    "PlanId": "9af9b76b-66f9-4ef6-b2cc-e733c9ec2986",
    "PlanName": "Supply Plan Financial Inputs",
    "PlanDescription": "Supply Plan Financial Inputs",
    "PlanType": "Regular",
    "ModuleId": "89ea750b-98c6-4aa1-aee2-7136e4f17745"
  },
  {
    "Id": 157385,
    "TenantId": 7493,
    "PlanId": "f3b51177-9749-4dde-8745-ffad8c7116ab",
    "PlanName": "Supply Plan Common Outputs",
    "PlanDescription": "Common Outputs",
    "PlanType": "Regular",
    "ModuleId": "89ea750b-98c6-4aa1-aee2-7136e4f17745"
  },
  {
    "Id": 157386,
    "TenantId": 7493,
    "PlanId": "384e6de3-bd23-3ae4-432b-6a68ab6d985e",
    "PlanName": "Supply Plan Daily MRP Common Inputs",
    "PlanDescription": "Supply Plan Daily MRP Common Inputs",
    "PlanType": "Regular",
    "ModuleId": "89ea750b-98c6-4aa1-aee2-7136e4f17745"
  },
  {
    "Id": 157387,
    "TenantId": 7493,
    "PlanId": "7a456be3-7752-4f7b-add6-c597e98934da",
    "PlanName": "Common Demand Netting",
    "PlanDescription": "Plan for Forecast Netting",
    "PlanType": "Regular",
    "ModuleId": "b66fe052-0040-4772-865c-db0a8cee8da2"
  },
  {
    "Id": 157388,
    "TenantId": 7493,
    "PlanId": "f80ab063-f22e-9783-9347-25181526805f",
    "PlanName": "o9EKG Configurator",
    "PlanDescription": "o9EKG Configurator",
    "PlanType": "Regular",
    "ModuleId": "b7824156-8448-4b9b-8b7e-6397b69f9391"
  },
  {
    "Id": 157389,
    "TenantId": 7493,
    "PlanId": "e5f59e47-feaf-f14f-08c6-73dc76e21688",
    "PlanName": "o9 Report Configurator",
    "PlanDescription": "o9 Report Configurator",
    "PlanType": "Regular",
    "ModuleId": "b7824156-8448-4b9b-8b7e-6397b69f9391"
  },
  {
    "Id": 157390,
    "TenantId": 7493,
    "PlanId": "4ea17145-acbc-ec19-0fa5-dc3c55fe2be7",
    "PlanName": "Common Product Configuration Plan",
    "PlanDescription": "Common Product Configuration Plan",
    "PlanType": "Regular",
    "ModuleId": "69c63dc5-4f82-4296-89e9-7839154cd5be"
  },
  {
    "Id": 157391,
    "TenantId": 7493,
    "PlanId": "6ae9bd66-a39f-465e-8529-2746be6f2aa1",
    "PlanName": "EKGDeployment",
    "PlanDescription": "EKGDeployment",
    "PlanType": "Regular",
    "ModuleId": "c5dfb0f8-a9ea-4208-a148-5e7adb4dad96"
  },
  {
    "Id": 157392,
    "TenantId": 7493,
    "PlanId": "54407e0c-adec-169c-c355-c614b89b64a7",
    "PlanName": "Line Speed Flag",
    "PlanDescription": "Line Speed Flag",
    "PlanType": "Regular",
    "ModuleId": "89ea750b-98c6-4aa1-aee2-7136e4f17745"
  },
  {
    "Id": 157393,
    "TenantId": 7493,
    "PlanId": "0c62c02a-ab01-23c2-6726-3d8373dec384",
    "PlanName": "Integration Outbound Parameters",
    "PlanDescription": "Integration Outbound Parameters",
    "PlanType": "Regular",
    "ModuleId": "4c075c57-6f44-464e-a1ec-c23fe53c4d44"
  },
  {
    "Id": 157394,
    "TenantId": 7493,
    "PlanId": "1b54d87b-c2c7-4596-85d4-d2a6ba2a88f2",
    "PlanName": "Integration Database Designer",
    "PlanDescription": "Integration Database Designer",
    "PlanType": "Regular",
    "ModuleId": "4c075c57-6f44-464e-a1ec-c23fe53c4d44"
  },
  {
    "Id": 157395,
    "TenantId": 7493,
    "PlanId": "20b63752-180d-40e8-9b44-6bc038dc828c",
    "PlanName": "Integration Batch Metric",
    "PlanDescription": "Integration Batch Metric",
    "PlanType": "Regular",
    "ModuleId": "4c075c57-6f44-464e-a1ec-c23fe53c4d44"
  }
]