[
  {
    "Id": 1810449,
    "TenantId": 7493,
    "Name": "admin",
    "RoleType": "UISecurityGroup",
    "Description": "admin",
    "RoleId": "eedd97c9-a3f9-4b71-b258-34872fdf08bb",
    "ModuleId": null
  },
  {
    "Id": 1810461,
    "TenantId": 7493,
    "Name": "BDPAdmin",
    "RoleType": "DataSecurityGroup",
    "Description": "Admin Role for BDP Authorization",
    "RoleId": "09c3eebc-9c25-4b67-9376-f841ee88b970",
    "ModuleId": null
  },
  {
    "Id": 1810463,
    "TenantId": 7493,
    "Name": "BDPReader",
    "RoleType": "DataSecurityGroup",
    "Description": "Reader Role for BDP Authorization",
    "RoleId": "8ba8b938-e6d1-44f3-935c-4c4f741eb6fd",
    "ModuleId": null
  },
  {
    "Id": 1810462,
    "TenantId": 7493,
    "Name": "BDPUser",
    "RoleType": "DataSecurityGroup",
    "Description": "User Role for BDP Authorization",
    "RoleId": "558dc6ce-2d80-4a94-90cb-c3a9c0aed43f",
    "ModuleId": null
  },
  {
    "Id": 1810460,
    "TenantId": 7493,
    "Name": "Company Admin",
    "RoleType": "UISecurityGroup",
    "Description": "Role for accessing User Management features of a company",
    "RoleId": "55a15255-fee6-4a96-88e3-98fc2f6ada9f",
    "ModuleId": null
  },
  {
    "Id": 1810450,
    "TenantId": 7493,
    "Name": "dataadmin",
    "RoleType": "DataSecurityGroup",
    "Description": "Role for datasecurity",
    "RoleId": "80e27eb1-8689-4b1f-bb2b-726853e90b2b",
    "ModuleId": null
  },
  {
    "Id": 1810459,
    "TenantId": 7493,
    "Name": "DSR Modifier",
    "RoleType": "UISecurityGroup",
    "Description": "Role for editing DSR rules",
    "RoleId": "d65bb1a3-b1f3-41d5-8b32-864e5b2fa55d",
    "ModuleId": null
  },
  {
    "Id": 1810455,
    "TenantId": 7493,
    "Name": "External Users",
    "RoleType": "UISecurityGroup",
    "Description": "Role for External users",
    "RoleId": "4fece68a-7304-4177-bcca-846fa3a38e88",
    "ModuleId": null
  },
  {
    "Id": 1810465,
    "TenantId": 7493,
    "Name": "Integration Operator",
    "RoleType": "DataSecurityGroup",
    "Description": "Operator Role for Integration Authorization",
    "RoleId": "cdbacd7a-df83-49a1-acc5-b98a8ca46471",
    "ModuleId": null
  },
  {
    "Id": 1810464,
    "TenantId": 7493,
    "Name": "Integration Viewer",
    "RoleType": "DataSecurityGroup",
    "Description": "Reader Role for Integration Authorization",
    "RoleId": "45510fc9-7b17-4a81-9db2-dcbc7ec6f2aa",
    "ModuleId": null
  },
  {
    "Id": 1810456,
    "TenantId": 7493,
    "Name": "Login Auditor",
    "RoleType": "UISecurityGroup",
    "Description": "Role for accessing user login report",
    "RoleId": "66cc21aa-0190-44b0-881f-f0a385630dbd",
    "ModuleId": null
  },
  {
    "Id": 1810466,
    "TenantId": 7493,
    "Name": "public",
    "RoleType": "UISecurityGroup",
    "Description": "public",
    "RoleId": "3c945ad6-186b-47d8-926b-d25c131139a9",
    "ModuleId": null
  },
  {
    "Id": 1810451,
    "TenantId": 7493,
    "Name": "readonly",
    "RoleType": "DataSecurityGroup",
    "Description": "Super ReadOnly Admin for data",
    "RoleId": "3d3a36cf-e236-4797-9aaf-29806a0a5ab5",
    "ModuleId": null
  },
  {
    "Id": 1810457,
    "TenantId": 7493,
    "Name": "SRM Manager",
    "RoleType": "UISecurityGroup",
    "Description": "Role for accessing SRM specific features",
    "RoleId": "0402b5fe-9e54-44ef-aed0-4690e15e395d",
    "ModuleId": null
  },
  {
    "Id": 1810452,
    "TenantId": 7493,
    "Name": "System Architect",
    "RoleType": "UISecurityGroup",
    "Description": "Model and UI designer full privilege.",
    "RoleId": "7745847a-272d-463a-bb61-bbc79f59445a",
    "ModuleId": null
  },
  {
    "Id": 1810458,
    "TenantId": 7493,
    "Name": "TaskViewer",
    "RoleType": "CollabSecurityGroup",
    "Description": "Role for viewing all tasks",
    "RoleId": "a36b3a65-2579-4e81-b924-b50ee6e18c2a",
    "ModuleId": null
  },
  {
    "Id": 1810467,
    "TenantId": 7493,
    "Name": "TenantUIAdmin",
    "RoleType": "UISecurityGroup",
    "Description": "User Management Group",
    "RoleId": "b9ef29d4-6c35-46d7-914b-d784adb24d22",
    "ModuleId": null
  },
  {
    "Id": 1810454,
    "TenantId": 7493,
    "Name": "UI Designer - Private",
    "RoleType": "UISecurityGroup",
    "Description": "UI designer full privilege to create Private reports.",
    "RoleId": "f571f99d-21ef-49b6-b48b-b91f44bc021e",
    "ModuleId": null
  },
  {
    "Id": 1810453,
    "TenantId": 7493,
    "Name": "UI Designer - Public",
    "RoleType": "UISecurityGroup",
    "Description": "UI designer full privilege to create Public & Private reports.",
    "RoleId": "cd311fe6-6462-47bc-87d8-5d51760355a1",
    "ModuleId": null
  },
  {
    "Id": 1815437,
    "TenantId": 7493,
    "Name": "UI Designer - Public Controlled",
    "RoleType": "UISecurityGroup",
    "Description": "UI Access for public reports and workspaces",
    "RoleId": "174e79b0-f58d-4a1f-9bbb-689d909d6678",
    "ModuleId": null
  }
]