[
  {
    "Id": 7493,
    "OrganisationName": null,
    "CustomDomainName": null,
    "SSOServiceProviderName": null,
    "OrgId": 11,
    "Name": "CarterDemo",
    "ContactEmail": "prem.kouru@o9solutions.com",
    "Theme": "o9theme",
    "DefaultLocale": "en-US",
    "IsInternal": false,
    "TenantType": "Customer",
    "IconUrl": "none",
    "TemplateTenantName": null,
    "MaxCellsPerExcelSheet": 250000,
    "IsActive": true,
    "AutoCommitForWebUI": true,
    "SaveUserCredential": false,
    "IsModelDesignerForExcelEnabled": false,
    "Status": null,
    "ConfigJson": {},
    "FlexibleMappingEnabled": false,
    "CreatedAt": "2025-07-03T03:31:47.969Z",
    "LastUpdatedTime": "0001-01-01T00:00:00",
    "LastAccessedTime": "0001-01-01T00:00:00",
    "PropagateNullValues": false,
    "TrialMode": false,
    "ConfigAuditEnabled": false,
    "ConfigVersion": 2,
    "NeedByDate": "2025-07-03T03:31:27.898",
    "IsKubernetes": false,
    "GraphCubeVersion": "2001.25.0801.1"
  }
]