[
  {
    "Id": 18170,
    "Email": "owen.ouyang@o9solutions.com"
  },
  {
    "Id": 18210,
    "Email": "sean.fan@o9solutions.com"
  },
  {
    "Id": 18392,
    "Email": "yongqin.wang@o9solutions.com"
  },
  {
    "Id": 18469,
    "Email": "ying.zhang@o9solutions.com"
  },
  {
    "Id": 69957,
    "Email": "alan.fan@o9solutions.com"
  },
  {
    "Id": 71258,
    "Email": "prem.kouru@o9solutions.com"
  },
  {
    "Id": 78562,
    "Email": "shelley.xie@o9solutions.com"
  },
  {
    "Id": 78910,
    "Email": "siyuan.he@o9solutions.com"
  },
  {
    "Id": 79624,
    "Email": "etluser@CarterDemo.com"
  },
  {
    "Id": 79629,
    "Email": "wentao.wang@o9solutions.com"
  },
  {
    "Id": 79630,
    "Email": "anqi.liang@o9solutions.com"
  },
  {
    "Id": 79631,
    "Email": "tommy.wang@o9solutions.com"
  },
  {
    "Id": 79632,
    "Email": "yifan.xia@o9solutions.com"
  }
]