[
  {
    "Id": 9891,
    "XLFolderId": "5f83f2db-7012-4f5c-9a13-d330fa9efe61",
    "TenantId": 7493,
    "AclElementId": "13610587",
    "CreatedUserId": 71258,
    "ModifiedUserId": 71258,
    "CreatedTime": "2025-07-03T03:33:59.84",
    "ModifiedTime": "2025-07-03T03:33:59.84",
    "FolderName": "Private Workbooks",
    "IsPublished": true,
    "DisplayOrder": 0,
    "XLWorkbooks": null,
    "Roles": [],
    "IsPrivate": true,
    "ConfigJson": {},
    "TranslatedName": "Private Workbooks",
    "ModuleId": null
  },
  {
    "Id": 9898,
    "XLFolderId": "462d65c8-1bed-4625-bf9a-6646801914e8",
    "TenantId": 7493,
    "AclElementId": "13627468",
    "CreatedUserId": 79629,
    "ModifiedUserId": 79629,
    "CreatedTime": "2025-07-03T06:37:21.317",
    "ModifiedTime": "2025-07-03T06:37:21.317",
    "FolderName": "Private Workbooks",
    "IsPublished": true,
    "DisplayOrder": 0,
    "XLWorkbooks": null,
    "Roles": [
      "admin"
    ],
    "IsPrivate": true,
    "ConfigJson": {},
    "TranslatedName": "Private Workbooks",
    "ModuleId": null
  },
  {
    "Id": 9913,
    "XLFolderId": "462d65c8-1bed-4625-bf9a-6646801914e8",
    "TenantId": 7493,
    "AclElementId": "13718721",
    "CreatedUserId": 79629,
    "ModifiedUserId": 79629,
    "CreatedTime": "2025-07-04T07:09:18.553",
    "ModifiedTime": "2025-07-04T07:09:18.553",
    "FolderName": "Private Workbooks",
    "IsPublished": true,
    "DisplayOrder": 0,
    "XLWorkbooks": null,
    "Roles": [
      "admin"
    ],
    "IsPrivate": true,
    "ConfigJson": {},
    "TranslatedName": "Private Workbooks",
    "ModuleId": null
  },
  {
    "Id": 9917,
    "XLFolderId": "462d65c8-1bed-4625-bf9a-6646801914e8",
    "TenantId": 7493,
    "AclElementId": "13740098",
    "CreatedUserId": 79629,
    "ModifiedUserId": 79629,
    "CreatedTime": "2025-07-04T09:42:03.797",
    "ModifiedTime": "2025-07-04T09:42:03.797",
    "FolderName": "Private Workbooks",
    "IsPublished": true,
    "DisplayOrder": 0,
    "XLWorkbooks": null,
    "Roles": [
      "admin"
    ],
    "IsPrivate": true,
    "ConfigJson": {},
    "TranslatedName": "Private Workbooks",
    "ModuleId": null
  },
  {
    "Id": 9969,
    "XLFolderId": "462d65c8-1bed-4625-bf9a-6646801914e8",
    "TenantId": 7493,
    "AclElementId": "13964451",
    "CreatedUserId": 79629,
    "ModifiedUserId": 79629,
    "CreatedTime": "2025-07-15T07:15:37.873",
    "ModifiedTime": "2025-07-15T07:15:37.873",
    "FolderName": "Private Workbooks",
    "IsPublished": true,
    "DisplayOrder": 0,
    "XLWorkbooks": null,
    "Roles": [
      "admin"
    ],
    "IsPrivate": true,
    "ConfigJson": {},
    "TranslatedName": "Private Workbooks",
    "ModuleId": null
  },
  {
    "Id": 9973,
    "XLFolderId": "462d65c8-1bed-4625-bf9a-6646801914e8",
    "TenantId": 7493,
    "AclElementId": "13992386",
    "CreatedUserId": 79629,
    "ModifiedUserId": 79629,
    "CreatedTime": "2025-07-16T01:46:23.373",
    "ModifiedTime": "2025-07-16T01:46:23.373",
    "FolderName": "Private Workbooks",
    "IsPublished": true,
    "DisplayOrder": 0,
    "XLWorkbooks": null,
    "Roles": [
      "admin"
    ],
    "IsPrivate": true,
    "ConfigJson": {},
    "TranslatedName": "Private Workbooks",
    "ModuleId": null
  },
  {
    "Id": 9974,
    "XLFolderId": "462d65c8-1bed-4625-bf9a-6646801914e8",
    "TenantId": 7493,
    "AclElementId": "13995793",
    "CreatedUserId": 79629,
    "ModifiedUserId": 79629,
    "CreatedTime": "2025-07-16T05:31:27.677",
    "ModifiedTime": "2025-07-16T05:31:27.677",
    "FolderName": "Private Workbooks",
    "IsPublished": true,
    "DisplayOrder": 0,
    "XLWorkbooks": null,
    "Roles": [
      "admin"
    ],
    "IsPrivate": true,
    "ConfigJson": {},
    "TranslatedName": "Private Workbooks",
    "ModuleId": null
  },
  {
    "Id": 9975,
    "XLFolderId": "462d65c8-1bed-4625-bf9a-6646801914e8",
    "TenantId": 7493,
    "AclElementId": "14000460",
    "CreatedUserId": 79629,
    "ModifiedUserId": 79629,
    "CreatedTime": "2025-07-16T07:20:26.257",
    "ModifiedTime": "2025-07-16T07:20:26.257",
    "FolderName": "Private Workbooks",
    "IsPublished": true,
    "DisplayOrder": 0,
    "XLWorkbooks": null,
    "Roles": [
      "admin"
    ],
    "IsPrivate": true,
    "ConfigJson": {},
    "TranslatedName": "Private Workbooks",
    "ModuleId": null
  },
  {
    "Id": 10139,
    "XLFolderId": "462d65c8-1bed-4625-bf9a-6646801914e8",
    "TenantId": 7493,
    "AclElementId": "14799607",
    "CreatedUserId": 18170,
    "ModifiedUserId": 18170,
    "CreatedTime": "2025-08-28T03:55:48.14",
    "ModifiedTime": "2025-08-28T03:55:48.14",
    "FolderName": "Private Workbooks",
    "IsPublished": true,
    "DisplayOrder": 0,
    "XLWorkbooks": null,
    "Roles": [
      "admin"
    ],
    "IsPrivate": true,
    "ConfigJson": {},
    "TranslatedName": "Private Workbooks",
    "ModuleId": null
  },
  {
    "Id": 10154,
    "XLFolderId": "462d65c8-1bed-4625-bf9a-6646801914e8",
    "TenantId": 7493,
    "AclElementId": "14909720",
    "CreatedUserId": 18170,
    "ModifiedUserId": 18170,
    "CreatedTime": "2025-09-01T08:01:28.05",
    "ModifiedTime": "2025-09-01T08:01:28.05",
    "FolderName": "Private Workbooks",
    "IsPublished": true,
    "DisplayOrder": 0,
    "XLWorkbooks": null,
    "Roles": [
      "admin"
    ],
    "IsPrivate": true,
    "ConfigJson": {},
    "TranslatedName": "Private Workbooks",
    "ModuleId": null
  },
  {
    "Id": 10159,
    "XLFolderId": "462d65c8-1bed-4625-bf9a-6646801914e8",
    "TenantId": 7493,
    "AclElementId": "14960321",
    "CreatedUserId": 18170,
    "ModifiedUserId": 18170,
    "CreatedTime": "2025-09-01T16:12:50.24",
    "ModifiedTime": "2025-09-01T16:12:50.24",
    "FolderName": "Private Workbooks",
    "IsPublished": true,
    "DisplayOrder": 0,
    "XLWorkbooks": null,
    "Roles": [
      "admin"
    ],
    "IsPrivate": true,
    "ConfigJson": {},
    "TranslatedName": "Private Workbooks",
    "ModuleId": "4c075c57-6f44-464e-a1ec-c23fe53c4d44"
  }
]