{
  "Name": "DP803CreateHMLNPIFeature",
  "Description": "Create HML NPI Features",
  "ActionButtonId": "fd220627-ab6e-52eb-d99d-6c906dfb3e5e",
  "Tooltip": "Create HML NPI Features",
  "ActionButtonType": "Rule",
  "Alignment": "right",
  "IsPopOver": true,
  "IsGlobal": false,
  "ActionClickHandler": null,
  "Icon": null,
  "Image": null,
  "ConfigJson": {
    "DisplayName": "HML NPI Features",
    "icon": "plus-square-o",
    "Position": "0",
    "SubmitButton": {
      "Label": "Submit"
    },
    "ResetButton": {
      "Label": "Reset"
    },
    "CloseButton": {
      "Label": "Close",
      "ConfirmMessage": "Unsaved changes will be lost. Continue?"
    },
    "NotifyAll": false,
    "IBPLRules": [
      {
        "template": "cartesian scope: ( [Version].[Version Name]{{#filter VersionName}} * [Forecast Iteration].[Forecast Iteration].[FI-HML] *  [Item].[L2] .filter(#.Name in {{#ibplList L2}})  );\nMeasure.[HML NPI Feature] = {{#ibplList HMLNPIFeature}};\nend scope;"
      }
    ],
    "JavascriptRules": [],
    "FieldBindings": [
      {
        "fieldName": "VersionName",
        "title": "Version Name",
        "Description": "Version Name",
        "type": "picklist",
        "selectionType": "single",
        "clearSearch": true,
        "source": "filter",
        "DimensionName": "Version",
        "LevelAttributeName": "Version Name",
        "visible": true,
        "isEditable": true,
        "validation": {
          "maxLength": "0",
          "required": true
        }
      },
      {
        "fieldName": "L2",
        "title": "L2",
        "Description": "L2",
        "type": "picklist",
        "selectionType": "multiple",
        "clearSearch": true,
        "select": "NONE",
        "source": "datasource",
        "key": "L2",
        "valueField": "Name",
        "textField": "DisplayName",
        "overrideFieldBindingType": false,
        "visible": true,
        "isEditable": true,
        "validation": {
          "maxLength": "0",
          "required": true
        }
      },
      {
        "fieldName": "HMLNPIFeature",
        "title": "HML NPI Feature",
        "Description": "HML NPI Feature",
        "type": "string",
        "selectionType": "multiple",
        "clearSearch": true,
        "select": "NONE",
        "source": "picklist",
        "key": "HML NPI Feature",
        "visible": true,
        "isEditable": true,
        "validation": {
          "maxLength": "0",
          "required": true
        }
      }
    ],
    "Range": [],
    "DataSources": [
      {
        "Name": "L2",
        "IBPLRules": [
          {
            "template": "SELECT [Item].[L2];"
          }
        ],
        "JavascriptRules": [],
        "IncludeDSFieldsOnly": false,
        "FieldBindings": []
      }
    ],
    "AutoExecute": false,
    "isAsync": true,
    "hasMembersUpdates": false,
    "Compact": false,
    "TwoColumn": false,
    "IsGlobalForExcelAddIn": false,
    "enableTransaction": false,
    "ExcludeFromNavLink": false,
    "FilterFieldBindings": []
  },
  "Widget": null,
  "Roles": []
}