{
  "MeasureGroupName": "037  Frequency",
  "MeasureGroupId": "2e87f2b7-4d1d-a676-84e7-d4065e982105",
  "ParentMeasureGroupName": null,
  "HasShadow": false,
  "MeasureGroupDescription": "Frequency",
  "MeasureGroupType": "Regular",
  "FactTableName": "Fact037Frequency",
  "SchemaMajorVersion": 0,
  "ConfigJson": {},
  "ApiName": null,
  "Repartition": false,
  "Unpartition": false,
  "ApiEnabled": false,
  "DimensionUsages": [
    {
      "DimensionName": "Version",
      "AttributeName": "Version Name",
      "SortOrder": 0,
      "DimensionType": "Regular"
    },
    {
      "DimensionName": "Forecast Iteration",
      "AttributeName": "Forecast Iteration",
      "SortOrder": 1,
      "DimensionType": "Regular"
    },
    {
      "DimensionName": "Item",
      "AttributeName": "Segmentation LOB",
      "SortOrder": 2,
      "DimensionType": "Regular"
    }
  ]
}