{
  "Name": "90GenerateBackTestStatAndML",
  "Description": null,
  "ActionButtonId": "7c62f81f-9f35-5e55-b16b-21b31395813d",
  "Tooltip": "Generate backtest",
  "ActionButtonType": "Widget",
  "Alignment": "right",
  "IsPopOver": true,
  "IsGlobal": true,
  "ActionClickHandler": null,
  "Icon": null,
  "Image": null,
  "ConfigJson": {
    "DisplayName": "Backtest",
    "icon": "rotate-left",
    "SubmitButton": {
      "Label": "Submit",
      "ProgressMessage": "Executing...",
      "SuccessMessage": "Successfully Executed.",
      "ErrorMessage": "Error in Execution.",
      "ConfirmMessage": "Are you sure you want to go ahead with the changes?"
    },
    "ResetButton": {
      "Label": "Reset"
    },
    "CloseButton": {
      "Label": "Close",
      "ConfirmMessage": "Unsaved changes will be lost. Continue?"
    },
    "NotifyRoles": false,
    "NotifyAll": false,
    "IBPLRules": [
      {
        "template": "{{#if ForecastEngineStatAndML}}\n\n  {{#if HistoryBucketW}}\n   exec procedure o9DP512StatCMLBacktestW{\"VersionName\" : [{{#csv VersionName}}],\"ForecastIteration\":\"{{ForecastIteration}}\", \"mode_backtest_cycles\":\"{{BackTestCyclePeriod}}\",\"mode_forecast\":\"{{ForecastMode}}\", \"Item\": [{{#csv Item}}], \"Account\": [{{#csv Account}}], \"Channel\": [{{#csv Channel}}], \"Region\" : [{{#csv Region}}], \"Location\" : [{{#csv Location}}], \"PnL\" : [{{#csv PnL}}], \"DemandDomain\" : [{{#csv DemandDomain}}]};\n   {{/if}}\n  {{#if HistoryBucketM}}\n   exec procedure o9DP511StatCMLBacktestM{\"VersionName\" : [{{#csv VersionName}}],\"ForecastIteration\":\"{{ForecastIteration}}\", \"mode_backtest_cycles\":\"{{BackTestCyclePeriod}}\",\"mode_forecast\":\"{{ForecastMode}}\", \"Item\": [{{#csv Item}}], \"Account\": [{{#csv Account}}], \"Channel\": [{{#csv Channel}}], \"Region\" : [{{#csv Region}}], \"Location\" : [{{#csv Location}}], \"PnL\" : [{{#csv PnL}}], \"DemandDomain\" : [{{#csv DemandDomain}}]};\n   {{/if}}\n  {{#if HistoryBucketPM}}\n   exec procedure o9DP511StatCMLBacktestPM{\"VersionName\" : [{{#csv VersionName}}],\"ForecastIteration\":\"{{ForecastIteration}}\", \"mode_backtest_cycles\":\"{{BackTestCyclePeriod}}\",\"mode_forecast\":\"{{ForecastMode}}\", \"Item\": [{{#csv Item}}], \"Account\": [{{#csv Account}}], \"Channel\": [{{#csv Channel}}], \"Region\" : [{{#csv Region}}], \"Location\" : [{{#csv Location}}], \"PnL\" : [{{#csv PnL}}], \"DemandDomain\" : [{{#csv DemandDomain}}]};\n   {{/if}}\n\n{{/if}}\n\n\n  {{#if HistoryBucketW}}\n    exec procedure o9DP0159StatBacktestW\t {\"VersionName\" : [{{#csv VersionName}}],\"MediumWeight\" : {{MediumWeight}}, \"BackTestCyclePeriod\": \"{{BackTestCyclePeriod}}\", \"ForecastIteration\":\"{{ForecastIteration}}\", \"Item\": [{{#csv Item}}], \"Account\": [{{#csv Account}}], \"Channel\": [{{#csv Channel}}], \"Region\" : [{{#csv Region}}], \"Location\" : [{{#csv Location}}], \"PnL\" : [{{#csv PnL}}], \"DemandDomain\" : [{{#csv DemandDomain}}], \"ItemLevel\": \"{{ItemLevel}}\", \"AccountLevel\": \"{{AccountLevel}}\", \"ChannelLevel\": \"{{ChannelLevel}}\", \"RegionLevel\" : \"{{RegionLevel}}\", \"LocationLevel\" : \"{{LocationLevel}}\", \"PnLLevel\" : \"{{PnLLevel}}\", \"DemandDomainLevel\" : \"{{DemandDomainLevel}}\"};\n   {{/if}}\n  {{#if HistoryBucketM}}\n   exec procedure o9DP0164StatBacktestM\t {\"VersionName\" : [{{#csv VersionName}}],\"MediumWeight\" : {{MediumWeight}}, \"BackTestCyclePeriod\": \"{{BackTestCyclePeriod}}\", \"ForecastIteration\":\"{{ForecastIteration}}\", \"Item\": [{{#csv Item}}], \"Account\": [{{#csv Account}}], \"Channel\": [{{#csv Channel}}], \"Region\" : [{{#csv Region}}], \"Location\" : [{{#csv Location}}], \"PnL\" : [{{#csv PnL}}], \"DemandDomain\" : [{{#csv DemandDomain}}], \"ItemLevel\": \"{{ItemLevel}}\", \"AccountLevel\": \"{{AccountLevel}}\", \"ChannelLevel\": \"{{ChannelLevel}}\", \"RegionLevel\" : \"{{RegionLevel}}\", \"LocationLevel\" : \"{{LocationLevel}}\", \"PnLLevel\" : \"{{PnLLevel}}\", \"DemandDomainLevel\" : \"{{DemandDomainLevel}}\"};\n   {{/if}}\n  {{#if HistoryBucketPM}}\n   exec procedure o9DP0165StatBacktestPM\t {\"VersionName\" : [{{#csv VersionName}}], \"MediumWeight\" : {{MediumWeight}}, \"BackTestCyclePeriod\": \"{{BackTestCyclePeriod}}\", \"ForecastIteration\":\"{{ForecastIteration}}\", \"Item\": [{{#csv Item}}], \"Account\": [{{#csv Account}}], \"Channel\": [{{#csv Channel}}], \"Region\" : [{{#csv Region}}], \"Location\" : [{{#csv Location}}], \"PnL\" : [{{#csv PnL}}], \"DemandDomain\" : [{{#csv DemandDomain}}], \"ItemLevel\": \"{{ItemLevel}}\", \"AccountLevel\": \"{{AccountLevel}}\", \"ChannelLevel\": \"{{ChannelLevel}}\", \"RegionLevel\" : \"{{RegionLevel}}\", \"LocationLevel\" : \"{{LocationLevel}}\", \"PnLLevel\" : \"{{PnLLevel}}\", \"DemandDomainLevel\" : \"{{DemandDomainLevel}}\"};\n   {{/if}}\n\n  {{#if HistoryBucketQ}}\n  exec procedure o9DP0172StatBacktestQ\t {\"VersionName\" : [{{#csv VersionName}}], \"MediumWeight\" : {{MediumWeight}}, \"BackTestCyclePeriod\": \"{{BackTestCyclePeriod}}\", \"ForecastIteration\":\"{{ForecastIteration}}\", \"Item\": [{{#csv Item}}], \"Account\": [{{#csv Account}}], \"Channel\": [{{#csv Channel}}], \"Region\" : [{{#csv Region}}], \"Location\" : [{{#csv Location}}], \"PnL\" : [{{#csv PnL}}], \"DemandDomain\" : [{{#csv DemandDomain}}], \"ItemLevel\": \"{{ItemLevel}}\", \"AccountLevel\": \"{{AccountLevel}}\", \"ChannelLevel\": \"{{ChannelLevel}}\", \"RegionLevel\" : \"{{RegionLevel}}\", \"LocationLevel\" : \"{{LocationLevel}}\", \"PnLLevel\" : \"{{PnLLevel}}\", \"DemandDomainLevel\" : \"{{DemandDomainLevel}}\"};\n  {{/if}}\n  {{#if HistoryBucketPQ}}\n  exec procedure o9DP0173StatBacktestPQ\t {\"VersionName\" : [{{#csv VersionName}}], \"MediumWeight\" : {{MediumWeight}}, \"BackTestCyclePeriod\": \"{{BackTestCyclePeriod}}\", \"ForecastIteration\":\"{{ForecastIteration}}\", \"Item\": [{{#csv Item}}], \"Account\": [{{#csv Account}}], \"Channel\": [{{#csv Channel}}], \"Region\" : [{{#csv Region}}], \"Location\" : [{{#csv Location}}], \"PnL\" : [{{#csv PnL}}], \"DemandDomain\" : [{{#csv DemandDomain}}], \"ItemLevel\": \"{{ItemLevel}}\", \"AccountLevel\": \"{{AccountLevel}}\", \"ChannelLevel\": \"{{ChannelLevel}}\", \"RegionLevel\" : \"{{RegionLevel}}\", \"LocationLevel\" : \"{{LocationLevel}}\", \"PnLLevel\" : \"{{PnLLevel}}\", \"DemandDomainLevel\" : \"{{DemandDomainLevel}}\"};\n  {{/if}}\n\n"
      }
    ],
    "JavascriptRules": [],
    "FieldBindings": [
      {
        "fieldName": "Information",
        "title": "Information",
        "Description": "Information",
        "type": "info",
        "clearSearch": true,
        "source": "literal",
        "defaultValue": "Please click on \"Submit\" to generate back test at planning level",
        "visible": true,
        "isEditable": true,
        "validation": {
          "maxLength": "0",
          "required": true
        }
      },
      {
        "fieldName": "MediumWeight",
        "title": "Medium Weight Run",
        "Description": "Only for Stat Engine- Enable plugin run in Medium Weight execution mode (suitable for small scope).",
        "type": "boolean",
        "fieldGroup": "Execution Mode",
        "editFormat": "single",
        "clearSearch": true,
        "source": "literal",
        "defaultValue": false,
        "visible": true,
        "isEditable": true,
        "validation": {
          "maxLength": "0",
          "required": true
        }
      },
      {
        "fieldName": "ForecastMode",
        "title": "ML Execution Mode",
        "Description": "Only for ML Engine - To select a forecast mode execution for CML plugin from: 'train','train_predict', 'predict'",
        "type": "picklist",
        "selectionType": "single",
        "clearSearch": true,
        "source": "localPicklist",
        "values": [
          {
            "Key": "train_predict",
            "Name": "Training & Prediction"
          },
          {
            "Key": "train",
            "Name": "Training"
          },
          {
            "Key": "predict",
            "Name": "Prediction"
          }
        ],
        "valueField": "Key",
        "visible": true,
        "isEditable": false,
        "validation": {
          "maxLength": "0",
          "required": true
        },
        "fieldGroup": "Execution Mode"
      },
      {
        "fieldName": "VersionName",
        "title": "Version Name",
        "Description": "Version Name",
        "type": "picklist",
        "selectionType": "multiple",
        "clearSearch": true,
        "source": "filter",
        "DimensionName": "Version",
        "LevelAttributeName": "Version Name",
        "visible": true,
        "isEditable": true,
        "validation": {
          "maxLength": "0",
          "required": true
        }
      },
      {
        "fieldName": "ForecastIterationType",
        "title": "Forecast Iteration Type",
        "type": "picklist",
        "fieldGroup": "Forecast Iteration",
        "selectionType": "single",
        "clearSearch": true,
        "source": "parentAttribute",
        "DimensionName": "Forecast Iteration",
        "key": {
          "LevelAttribute": {
            "Name": "Forecast Iteration Type",
            "Property": "Name"
          }
        },
        "visible": true,
        "isEditable": true,
        "validation": {
          "maxLength": "0",
          "required": true
        }
      },
      {
        "fieldName": "ForecastIteration",
        "title": "Forecast Iteration",
        "Description": "Forecast Iteration",
        "type": "picklist",
        "fieldGroup": "Forecast Iteration",
        "selectionType": "single",
        "clearSearch": true,
        "source": "datasource",
        "key": "DSForecastIteration",
        "valueField": "Name",
        "textField": "DisplayName",
        "overrideFieldBindingType": false,
        "visible": true,
        "isEditable": true,
        "cascadeFrom": "ForecastIterationType",
        "validation": {
          "maxLength": "0",
          "required": true
        }
      },
      {
        "fieldName": "HistoryBucketW",
        "title": "HistoryBucketW",
        "Description": "HistoryBucketW",
        "type": "boolean",
        "selectionType": "single",
        "clearSearch": true,
        "select": "ALL",
        "source": "datasource",
        "key": "HistoryBucketW",
        "valueField": "Forecast Generation Time Bucket Week",
        "textField": "Forecast Generation Time Bucket Week",
        "overrideFieldBindingType": false,
        "visible": false,
        "isEditable": false,
        "cascadeFrom": "ForecastIteration",
        "validation": {
          "maxLength": "0",
          "required": false
        },
        "defaultValue": false
      },
      {
        "fieldName": "HistoryBucketPM",
        "title": "HistoryBucketPM",
        "Description": "HistoryBucketPM",
        "type": "boolean",
        "selectionType": "single",
        "clearSearch": true,
        "source": "datasource",
        "key": "HistoryBucketPM",
        "valueField": "Forecast Generation Time Bucket Planning Month",
        "textField": "Forecast Generation Time Bucket Planning Month",
        "overrideFieldBindingType": false,
        "visible": false,
        "isEditable": false,
        "cascadeFrom": "ForecastIteration",
        "validation": {
          "maxLength": "0",
          "required": false
        },
        "defaultValue": false
      },
      {
        "fieldName": "ForecastEngineStat",
        "title": "Forecast Engine Stat",
        "type": "boolean",
        "clearSearch": true,
        "source": "datasource",
        "key": "DSForecastEngineStat",
        "valueField": "Forecast Engine Stat",
        "textField": "Forecast Engine Stat",
        "overrideFieldBindingType": false,
        "visible": false,
        "isEditable": false,
        "cascadeFrom": "ForecastIteration",
        "validation": {
          "maxLength": "0",
          "required": true
        },
        "defaultValue": false,
        "selectionType": "single"
      },
      {
        "fieldName": "HistoryBucketM",
        "title": "HistoryBucketM",
        "Description": "HistoryBucketM",
        "type": "boolean",
        "selectionType": "single",
        "clearSearch": true,
        "source": "datasource",
        "key": "HistoryBucketM",
        "valueField": "Forecast Generation Time Bucket Month",
        "textField": "Forecast Generation Time Bucket Month",
        "overrideFieldBindingType": false,
        "visible": false,
        "isEditable": false,
        "cascadeFrom": "ForecastIteration",
        "validation": {
          "maxLength": "0",
          "required": false
        },
        "defaultValue": false
      },
      {
        "fieldName": "BackTestCyclePeriod",
        "title": "BackTest Cycles",
        "Description": "Öffset from selected planning cycles",
        "type": "string",
        "clearSearch": true,
        "source": "literal",
        "defaultValue": "1,2,3,4,5,6",
        "visible": true,
        "isEditable": true,
        "validation": {
          "maxLength": "0",
          "required": true
        }
      },
      {
        "fieldName": "BacktestRefit",
        "title": "Backtest Refit",
        "Description": "Whether refit of model required during all the backtest cycles",
        "type": "boolean",
        "clearSearch": true,
        "source": "literal",
        "defaultValue": true,
        "visible": false,
        "isEditable": true,
        "validation": {
          "maxLength": "0",
          "required": true
        }
      },
      {
        "fieldName": "ForecastEngineStatAndML",
        "title": "Forecast Engine ML",
        "type": "boolean",
        "clearSearch": true,
        "source": "datasource",
        "key": "DSForecastEngineStatAndML",
        "valueField": "Forecast Engine ML",
        "textField": "Forecast Engine ML",
        "overrideFieldBindingType": false,
        "visible": false,
        "isEditable": false,
        "cascadeFrom": "ForecastIteration",
        "validation": {
          "maxLength": "0",
          "required": true
        },
        "defaultValue": false,
        "selectionType": "single"
      },
      {
        "fieldName": "HistoryBucketQ",
        "title": "HistoryBucketQ",
        "Description": "HistoryBucketQ",
        "type": "boolean",
        "selectionType": "single",
        "clearSearch": true,
        "select": "ALL",
        "source": "datasource",
        "key": "HistoryBucketQ",
        "valueField": "Forecast Generation Time Bucket Quarter",
        "textField": "Forecast Generation Time Bucket Quarter",
        "overrideFieldBindingType": false,
        "visible": false,
        "isEditable": false,
        "cascadeFrom": "ForecastIteration",
        "validation": {
          "maxLength": "0",
          "required": true
        },
        "defaultValue": false
      },
      {
        "fieldName": "HistoryBucketPQ",
        "title": "HistoryBucketPQ",
        "Description": "HistoryBucketPQ",
        "type": "boolean",
        "selectionType": "single",
        "clearSearch": true,
        "select": "ALL",
        "source": "datasource",
        "key": "HistoryBucketPQ",
        "valueField": "Forecast Generation Time Bucket Planning Quarter",
        "textField": "Forecast Generation Time Bucket Planning Quarter",
        "overrideFieldBindingType": false,
        "visible": false,
        "isEditable": false,
        "cascadeFrom": "ForecastIteration",
        "validation": {
          "maxLength": "0",
          "required": true
        },
        "defaultValue": false
      },
      {
        "fieldName": "Item",
        "title": "Stat Item",
        "type": "picklist",
        "fieldGroup": "Item",
        "selectionType": "multiple",
        "clearSearch": true,
        "source": "parentAttribute",
        "DimensionName": "Item",
        "key": {
          "LevelAttribute": {
            "Name": "Stat Item",
            "Property": "Name"
          }
        },
        "visible": true,
        "isEditable": true,
        "validation": {
          "maxLength": "0",
          "required": true
        }
      },
      {
        "fieldName": "Account",
        "title": "Stat Account",
        "type": "picklist",
        "fieldGroup": "Customer",
        "selectionType": "multiple",
        "clearSearch": true,
        "source": "parentAttribute",
        "key": {
          "LevelAttribute": {
            "Name": "Stat Account",
            "Property": "Name"
          }
        },
        "visible": true,
        "isEditable": true,
        "validation": {
          "maxLength": "0",
          "required": true
        },
        "DimensionName": "Account"
      },
      {
        "fieldName": "Channel",
        "title": "Stat Channel",
        "type": "picklist",
        "selectionType": "multiple",
        "clearSearch": true,
        "source": "parentAttribute",
        "DimensionName": "Channel",
        "key": {
          "LevelAttribute": {
            "Name": "Stat Channel",
            "Property": "Name"
          }
        },
        "visible": true,
        "isEditable": true,
        "validation": {
          "maxLength": "0",
          "required": true
        }
      },
      {
        "fieldName": "Region",
        "title": "Stat Region",
        "type": "picklist",
        "selectionType": "multiple",
        "clearSearch": true,
        "source": "parentAttribute",
        "DimensionName": "Region",
        "key": {
          "LevelAttribute": {
            "Name": "Stat Region",
            "Property": "Name"
          }
        },
        "visible": true,
        "isEditable": true,
        "validation": {
          "maxLength": "0",
          "required": true
        }
      },
      {
        "fieldName": "Location",
        "title": "Stat Location",
        "type": "picklist",
        "fieldGroup": "Location",
        "selectionType": "multiple",
        "clearSearch": true,
        "source": "parentAttribute",
        "DimensionName": "Location",
        "key": {
          "LevelAttribute": {
            "Name": "Stat Location",
            "Property": "Name"
          }
        },
        "visible": true,
        "isEditable": true,
        "validation": {
          "maxLength": "0",
          "required": true
        }
      },
      {
        "fieldName": "PnL",
        "title": "Stat PnL",
        "type": "picklist",
        "fieldGroup": "Others",
        "selectionType": "multiple",
        "clearSearch": true,
        "source": "parentAttribute",
        "DimensionName": "PnL",
        "key": {
          "LevelAttribute": {
            "Name": "Stat PnL",
            "Property": "Name"
          }
        },
        "visible": true,
        "isEditable": true,
        "validation": {
          "maxLength": "0",
          "required": true
        }
      },
      {
        "fieldName": "DemandDomain",
        "title": "Stat Demand Domain",
        "type": "picklist",
        "fieldGroup": "Others",
        "selectionType": "multiple",
        "clearSearch": true,
        "source": "parentAttribute",
        "DimensionName": "Demand Domain",
        "key": {
          "LevelAttribute": {
            "Name": "Stat Demand Domain",
            "Property": "Name"
          }
        },
        "visible": true,
        "isEditable": true,
        "validation": {
          "maxLength": "0",
          "required": true
        }
      },
      {
        "fieldName": "ItemLevel",
        "title": "ItemLevel",
        "type": "picklist",
        "selectionType": "single",
        "clearSearch": true,
        "select": "ALL",
        "source": "datasource",
        "key": "DSLevel",
        "valueField": "Item Level",
        "textField": "Item Level",
        "overrideFieldBindingType": false,
        "visible": false,
        "isEditable": true,
        "cascadeFrom": "ForecastIteration",
        "validation": {
          "maxLength": "0",
          "required": true
        }
      },
      {
        "fieldName": "AccountLevel",
        "title": "AccountLevel",
        "type": "picklist",
        "selectionType": "single",
        "clearSearch": true,
        "select": "ALL",
        "source": "datasource",
        "key": "DSLevel",
        "valueField": "Account Level",
        "textField": "Account Level",
        "overrideFieldBindingType": false,
        "visible": false,
        "isEditable": true,
        "cascadeFrom": "ForecastIteration",
        "validation": {
          "maxLength": "0",
          "required": true
        }
      },
      {
        "fieldName": "ChannelLevel",
        "title": "ChannelLevel",
        "type": "picklist",
        "selectionType": "single",
        "clearSearch": true,
        "select": "ALL",
        "source": "datasource",
        "key": "DSLevel",
        "valueField": "Channel Level",
        "textField": "Channel Level",
        "overrideFieldBindingType": false,
        "visible": false,
        "isEditable": true,
        "cascadeFrom": "ForecastIteration",
        "validation": {
          "maxLength": "0",
          "required": true
        }
      },
      {
        "fieldName": "RegionLevel",
        "title": "RegionLevel",
        "type": "picklist",
        "selectionType": "single",
        "clearSearch": true,
        "select": "ALL",
        "source": "datasource",
        "key": "DSLevel",
        "valueField": "Region Level",
        "textField": "Region Level",
        "overrideFieldBindingType": false,
        "visible": false,
        "isEditable": true,
        "cascadeFrom": "ForecastIteration",
        "validation": {
          "maxLength": "0",
          "required": true
        }
      },
      {
        "fieldName": "LocationLevel",
        "title": "LocationLevel",
        "type": "picklist",
        "selectionType": "single",
        "clearSearch": true,
        "select": "ALL",
        "source": "datasource",
        "key": "DSLevel",
        "valueField": "Location Level",
        "textField": "Location Level",
        "overrideFieldBindingType": false,
        "visible": false,
        "isEditable": true,
        "cascadeFrom": "ForecastIteration",
        "validation": {
          "maxLength": "0",
          "required": true
        }
      },
      {
        "fieldName": "PnLLevel",
        "title": "PnLLevel",
        "type": "picklist",
        "selectionType": "single",
        "clearSearch": true,
        "select": "ALL",
        "source": "datasource",
        "key": "DSLevel",
        "valueField": "PnL Level",
        "textField": "PnL Level",
        "overrideFieldBindingType": false,
        "visible": false,
        "isEditable": true,
        "cascadeFrom": "ForecastIteration",
        "validation": {
          "maxLength": "0",
          "required": true
        }
      },
      {
        "fieldName": "DemandDomainLevel",
        "title": "DemandDomainLevel",
        "type": "picklist",
        "selectionType": "single",
        "clearSearch": true,
        "select": "ALL",
        "source": "datasource",
        "key": "DSLevel",
        "valueField": "Demand Domain Level",
        "textField": "Demand Domain Level",
        "overrideFieldBindingType": false,
        "visible": false,
        "isEditable": true,
        "cascadeFrom": "ForecastIteration",
        "validation": {
          "maxLength": "0",
          "required": true
        }
      }
    ],
    "Range": [],
    "DataSources": [
      {
        "Name": "HistoryBucketW",
        "IBPLRules": [
          {
            "template": "select(&CWVAndScenarios{{#filter VersionName}} *&AllLockedForecastIterations{{#filter ForecastIteration}} * {if (Measure.[Forecast Generation Time Bucket]==\"Week\") then (true) else (false) as transient.[Forecast Generation Time Bucket Week]});"
          }
        ],
        "JavascriptRules": [],
        "IncludeDSFieldsOnly": false,
        "FieldBindings": []
      },
      {
        "Name": "HistoryBucketM",
        "IBPLRules": [
          {
            "template": "select(&CWVAndScenarios{{#filter VersionName}} *&AllLockedForecastIterations{{#filter ForecastIteration}} * {if (Measure.[Forecast Generation Time Bucket]==\"Month\") then (true) else (false) as transient.[Forecast Generation Time Bucket Month]});"
          }
        ],
        "JavascriptRules": [],
        "IncludeDSFieldsOnly": false,
        "FieldBindings": []
      },
      {
        "Name": "HistoryBucketPM",
        "IBPLRules": [
          {
            "template": "select(&CWVAndScenarios{{#filter VersionName}} *&AllLockedForecastIterations{{#filter ForecastIteration}} * {if (Measure.[Forecast Generation Time Bucket]==\"Planning Month\") then (true) else (false) as transient.[Forecast Generation Time Bucket Planning Month]});"
          }
        ],
        "JavascriptRules": [],
        "IncludeDSFieldsOnly": false,
        "FieldBindings": []
      },
      {
        "Name": "DSForecastIteration",
        "IBPLRules": [
          {
            "template": "\nSelect(&AllForecastIterationTypes{{#filter ForecastIterationType}}.relatedmembers([Forecast Iteration]).filter(#.[IsLocked] == 1));\n"
          }
        ],
        "JavascriptRules": [],
        "IncludeDSFieldsOnly": false,
        "FieldBindings": []
      },
      {
        "Name": "ForecastGenerationBucket",
        "IBPLRules": [
          {
            "template": "Select ([Version].[Version Name]{{#filter VersionName}} * [Forecast Iteration].[Forecast Iteration]{{#filter ForecastIteration}}) on row, ({Measure.[Forecast Generation Time Bucket]}) on column;"
          }
        ],
        "JavascriptRules": [],
        "IncludeDSFieldsOnly": false,
        "FieldBindings": []
      },
      {
        "Name": "DSForecastEngineStat",
        "IBPLRules": [
          {
            "template": "select(&CWVAndScenarios{{#filter VersionName}} *&AllLockedForecastIterations{{#filter ForecastIteration}} * {if(Measure.[Forecast Engine]==\"Stat\") then (true) else (false) as transient.[Forecast Engine Stat]});"
          }
        ],
        "JavascriptRules": [],
        "IncludeDSFieldsOnly": false,
        "FieldBindings": []
      },
      {
        "Name": "DSForecastEngineStatAndML",
        "IBPLRules": [
          {
            "template": "select(&CWVAndScenarios{{#filter VersionName}} *&AllLockedForecastIterations{{#filter ForecastIteration}} * {if( (Measure.[Forecast Engine]==\"ML\") || (Measure.[Forecast Engine] == \"Stat & ML\"))then (true) else (false) as transient.[Forecast Engine ML]});"
          }
        ],
        "JavascriptRules": [],
        "IncludeDSFieldsOnly": false,
        "FieldBindings": []
      },
      {
        "Name": "HistoryBucketQ",
        "IBPLRules": [
          {
            "template": "select(&CWVAndScenarios{{#filter VersionName}} *&AllLockedForecastIterations{{#filter ForecastIteration}} * {if (Measure.[Forecast Generation Time Bucket]==\"Quarter\") then (True) else (False) as transient.[Forecast Generation Time Bucket Quarter]});"
          }
        ],
        "JavascriptRules": [],
        "IncludeDSFieldsOnly": false,
        "FieldBindings": []
      },
      {
        "Name": "HistoryBucketPQ",
        "IBPLRules": [
          {
            "template": "select(&CWVAndScenarios{{#filter VersionName}} *&AllLockedForecastIterations{{#filter ForecastIteration}} * {if (Measure.[Forecast Generation Time Bucket]==\"Planning Quarter\") then (True) else (False) as transient.[Forecast Generation Time Bucket Planning Quarter]});"
          }
        ],
        "JavascriptRules": [],
        "IncludeDSFieldsOnly": false,
        "FieldBindings": []
      },
      {
        "Name": "DSLevel",
        "IBPLRules": [
          {
            "template": "Select ([Version].[Version Name]{{#filter VersionName}} * [Forecast Iteration].[Forecast Iteration]{{#filter ForecastIteration}}) on row, ({Measure.[Item Level], Measure.[Account Level], Measure.[Channel Level], Measure.[PnL Level], Measure.[Region Level], Measure.[Demand Domain Level], Measure.[Location Level]}) on column;"
          }
        ],
        "JavascriptRules": [],
        "IncludeDSFieldsOnly": false,
        "FieldBindings": []
      }
    ],
    "AutoExecute": false,
    "isAsync": true,
    "hasMembersUpdates": false,
    "Compact": false,
    "TwoColumn": true,
    "IsGlobalForExcelAddIn": false,
    "ReturnFilterByUpdate": false,
    "ExcludeFromNavLink": false,
    "FilterFieldBindings": [],
    "enableTransaction": false
  },
  "Widget": null,
  "Roles": []
}