{
  "Name": "SupplyPlan136RemoveFromLocationTypeToLocationTypeAssociation",
  "Description": null,
  "ActionButtonId": "f3187d47-dbb4-4f28-bc50-1607a8747af4",
  "Tooltip": "Remove Source Loc Type-Destination Loc Type Assoc",
  "ActionButtonType": "Widget",
  "Alignment": "right",
  "IsPopOver": true,
  "IsGlobal": true,
  "ActionClickHandler": null,
  "Icon": null,
  "Image": null,
  "ConfigJson": {
    "icon": "minus",
    "SubmitButton": {
      "Label": "Submit"
    },
    "ResetButton": {
      "Label": "Reset"
    },
    "CloseButton": {
      "Label": "Close",
      "ConfirmMessage": "Unsaved changes will be lost. Continue?"
    },
    "NotifyRoles": true,
    "NotifyAll": false,
    "IBPLRules": [
      {
        "template": "\n{{#each Tuple}}\n\nScope:( [Version].[Version Name]{{#filter Version}} * {{#entity LocationType}} * {{#entity ToLocationType}});\nMeasure.[o9 Location Types BODLane Is Active]=0;\nend scope;\n\n{{/each}}\n"
      }
    ],
    "JavascriptRules": [],
    "FieldBindings": [
      {
        "fieldName": "Version",
        "title": "Version",
        "type": "picklistDropdown",
        "selectionType": "single",
        "clearSearch": true,
        "source": "filter",
        "DimensionName": "Version",
        "LevelAttributeName": "Version Name",
        "visible": true,
        "isEditable": true,
        "validation": {
          "maxLength": "0",
          "required": true
        }
      },
      {
        "fieldName": "Tuple",
        "title": "Intersections",
        "Description": "Intersections",
        "type": "picklistDropdown",
        "select": "ALL",
        "clearSearch": true,
        "source": "parentTuple",
        "TuplesList": [
          {
            "Key": "LocationType",
            "LevelAttribute": {
              "DimensionName": "Location",
              "Name": "Location Type",
              "textField": "Name"
            },
            "tuplesource": "LevelAttribute"
          },
          {
            "Key": "ToLocationType",
            "LevelAttribute": {
              "DimensionName": "To Location",
              "Name": "To Location Type",
              "textField": "Name"
            },
            "tuplesource": "LevelAttribute"
          }
        ],
        "visible": true,
        "isEditable": false,
        "validation": {
          "required": true
        }
      }
    ],
    "Range": [],
    "DataSources": [],
    "AutoExecute": false,
    "isAsync": false,
    "hasMembersUpdates": false,
    "Compact": false,
    "TwoColumn": true,
    "IsGlobalForExcelAddIn": false,
    "ReturnFilterByUpdate": true,
    "ExcludeFromNavLink": false,
    "FilterFieldBindings": []
  },
  "Widget": null,
  "Roles": []
}