{
  "Name": "SupplyPlan190WUpdateRuleProductionCycle",
  "Description": "Update Existing Rule for Production Cycle",
  "ActionButtonId": "3b7a4240-a0bc-42c8-d768-e482baabaf91",
  "Tooltip": "Update Existing Rule for Production Cycle",
  "ActionButtonType": "Rule",
  "Alignment": "right",
  "IsPopOver": true,
  "IsGlobal": false,
  "ActionClickHandler": null,
  "Icon": null,
  "Image": null,
  "ConfigJson": {
    "icon": "pencil",
    "Position": "0",
    "SubmitButton": {
      "Label": "Submit"
    },
    "ResetButton": {
      "Label": "Reset"
    },
    "CloseButton": {
      "Label": "Close",
      "ConfirmMessage": "Unsaved changes will be lost. Continue?"
    },
    "NotifyAll": false,
    "IBPLRules": [
      {
        "template": "//Nulling out the existing Assoc's---------\nScope: ([Version].[Version Name].filter(#.Name in {\"{{Version}}\"}) * [Data Object].[Data Object].[Weekly Production Cycle Maintenance]*[DM Rule].[Rule]{{#filter DMRule}} * [Location].[Location]);\nMeasure.[ABDM Location Association] = null;\nend scope;\n\n\nScope: ([Version].[Version Name].filter(#.Name in {\"{{Version}}\"}) * [Data Object].[Data Object].[Weekly Production Cycle Maintenance]*[DM Rule].[Rule]{{#filter DMRule}}* [Item].[ContainerType]);\nMeasure.[ABDM ContainerType Association] = null;\nend scope;\n\nScope: ([Version].[Version Name].filter(#.Name in {\"{{Version}}\"}) * [Data Object].[Data Object].[Weekly Production Cycle Maintenance]*[DM Rule].[Rule]{{#filter DMRule}} * [Item].[PackageType]);\nMeasure.[ABDM PackageType Association] = null;\nend scope;\n\nScope: ([Version].[Version Name].filter(#.Name in {\"{{Version}}\"}) * [Data Object].[Data Object].[Weekly Production Cycle Maintenance]*[DM Rule].[Rule]{{#filter DMRule}} * [Item].[L2]);\nMeasure.[ABDM L2 Association] = null;\nend scope;\n\n\nScope: ([Version].[Version Name].filter(#.Name in {\"{{Version}}\"}) * [Data Object].[Data Object].[Weekly Production Cycle Maintenance]*[DM Rule].[Rule]{{#filter DMRule}}* [Resource].[Resource]);\nMeasure.[ABDM Resource Association] = null;\nend scope;"
      },
      {
        "template": "//Repopulating the Assoc's------------\n\nCartesian Scope: ([Version].[Version Name].filter(#.Name in {\"{{Version}}\"}) * [Data Object].[Data Object].[Weekly Production Cycle Maintenance]*[DM Rule].[Rule]{{#filter DMRule}} * [Location].[Location]{{#filter DMLocation}});\n\nMeasure.[ABDM Location Association] = 1;\nend scope;\n\nCartesian Scope: ([Version].[Version Name].filter(#.Name in {\"{{Version}}\"}) * [Data Object].[Data Object].[Weekly Production Cycle Maintenance]*[DM Rule].[Rule]{{#filter DMRule}} * [Item].[ContainerType]{{#filter DMItemAttribute3}});\n\nMeasure.[ABDM ContainerType Association] = 1;\nend scope;\n\nCartesian Scope: ([Version].[Version Name].filter(#.Name in {\"{{Version}}\"}) * [Data Object].[Data Object].[Weekly Production Cycle Maintenance]*[DM Rule].[Rule]{{#filter DMRule}}* [Item].[PackageType]{{#filter DMItemAttribute1}});\n\nMeasure.[ABDM PackageType Association] = 1;\nend scope;\n\nCartesian Scope: ([Version].[Version Name].filter(#.Name in {\"{{Version}}\"}) * [Data Object].[Data Object].[Weekly Production Cycle Maintenance]*[DM Rule].[Rule]{{#filter DMRule}} * [Item].[L2]{{#filter DMItemAttribute2}});\n\nMeasure.[ABDM L2 Association] = 1;\nend scope;\n\n\nCartesian Scope: ([Version].[Version Name].filter(#.Name in {\"{{Version}}\"}) * [Data Object].[Data Object].[Weekly Production Cycle Maintenance]*[DM Rule].[Rule]{{#filter DMRule}} * [Resource].[Resource]{{#filter DMResource}});\n\nMeasure.[ABDM Resource Association] = 1;\nend scope;"
      },
      {
        "template": "//Default Rule------\nScope: ([Version].[Version Name]{{#filter Version}} * [Data Object].[Data Object].[Weekly Production Cycle Maintenance]*[DM Rule].[Rule]{{#filter DMRule}});\nMeasure.[W Production Cycle Calendar Association1]=\"{{DMValue1}}\";\nMeasure.[Rule Sequence]={{RuleSequence}};\nend scope;\n\nScope: ([Version].[Version Name]{{#filter Version}} * [Data Object].[Data Object].[Weekly Production Cycle Maintenance]*[DM Rule].[Rule]{{#filter DMRule}});\nMeasure.[ABDM Updated TimeStamp]=todatetime(\"{{UpdatedTimeStamp}}\");\nMeasure.[ABDM Updated User]=(\"{{UpdatedUser}}\");\nMeasure.[Rule Comment] = (\"{{NewComment}}\");\nend scope;"
      }
    ],
    "JavascriptRules": [
      {
        "modulename": "o9.SupplyPlanningUpdateRule.SupplyPlan190WProductionCycles",
        "functionname": "SupplyPlan190WProductionCycles"
      }
    ],
    "FieldBindings": [
      {
        "fieldName": "Version",
        "title": "Version Name",
        "Description": "Version Name",
        "type": "picklistDropdown",
        "selectionType": "single",
        "clearSearch": true,
        "source": "parentAttribute",
        "DimensionName": "Version",
        "key": {
          "LevelAttribute": {
            "Name": "Version Name",
            "Property": "Name"
          }
        },
        "visible": true,
        "isEditable": true,
        "validation": {
          "maxLength": "0",
          "required": true
        }
      },
      {
        "fieldName": "DMRule",
        "title": "DMRule",
        "Description": "DMRule",
        "type": "picklistDropdown",
        "selectionType": "multiple",
        "clearSearch": true,
        "source": "parentAttribute",
        "DimensionName": "DM Rule",
        "key": {
          "LevelAttribute": {
            "Name": "Rule",
            "Property": "Name"
          }
        },
        "visible": true,
        "isEditable": false,
        "validation": {
          "maxLength": "0",
          "required": true
        }
      },
      {
        "fieldName": "DataObject",
        "title": "Data Object",
        "Description": "Data Object",
        "type": "picklistDropdown",
        "selectionType": "single",
        "clearSearch": true,
        "source": "parentAttribute",
        "DimensionName": "Data Object",
        "key": {
          "LevelAttribute": {
            "Name": "Data Object",
            "Property": "Name"
          }
        },
        "visible": true,
        "isEditable": false,
        "validation": {
          "maxLength": "0",
          "required": true
        }
      },
      {
        "fieldName": "o9ProductionCycleRuleFinal",
        "title": "o9 Production Cycle Rule Final",
        "Description": "o9 Production Cycle Rule Final",
        "type": "picklist",
        "selectionType": "single",
        "clearSearch": true,
        "source": "datasource",
        "key": "o9ProductionCycleRuleDS",
        "valueField": "Value",
        "textField": "Value",
        "visible": false,
        "isEditable": false,
        "validation": {
          "maxLength": "0",
          "required": true
        },
        "cascadeFrom": "Version",
        "overrideFieldBindingType": false
      },
      {
        "fieldName": "DMItemAttribute5",
        "title": "Item Type",
        "Description": "Select Item Type",
        "type": "picklistDropdown",
        "fieldGroup": "Item Attributes",
        "selectionType": "single",
        "clearSearch": true,
        "source": "parentMeasureWithDataSource",
        "key": {
          "Measure": {
            "Name": "Item ItemType"
          }
        },
        "visible": true,
        "isEditable": true,
        "validation": {
          "required": true
        },
        "dataSourceBinding": {
          "key": "DSItemType",
          "valueField": "Name",
          "textField": "Name"
        }
      },
      {
        "fieldName": "DMItemAttribute1",
        "title": "Package Type",
        "Description": "Select Package Type",
        "type": "picklistDropdown",
        "fieldGroup": "Item Attributes",
        "selectionType": "multiple",
        "clearSearch": true,
        "source": "datasourceWithMember",
        "key": "DSItemPackageType",
        "columnName": "PackageType",
        "DimensionName": "Item",
        "memberKey": {
          "LevelAttribute": {
            "Name": "PackageType"
          }
        },
        "visible": true,
        "isEditable": true,
        "validation": {
          "required": true
        }
      },
      {
        "fieldName": "DMItemAttribute2",
        "title": "Item L2",
        "Description": "Select Item L2",
        "type": "picklistDropdown",
        "fieldGroup": "Item Attributes",
        "selectionType": "multiple",
        "clearSearch": true,
        "source": "datasourceWithMember",
        "key": "DSItemL2",
        "columnName": "L2",
        "DimensionName": "Item",
        "memberKey": {
          "LevelAttribute": {
            "Name": "L2"
          }
        },
        "visible": true,
        "isEditable": true,
        "validation": {
          "required": true
        }
      },
      {
        "fieldName": "DMItemAttribute3",
        "title": "Container Type",
        "Description": "Select Container Type",
        "type": "picklistDropdown",
        "fieldGroup": "Item Attributes",
        "selectionType": "multiple",
        "clearSearch": true,
        "source": "datasourceWithMember",
        "key": "DSItemContainerType",
        "columnName": "ContainerType",
        "DimensionName": "Item",
        "memberKey": {
          "LevelAttribute": {
            "Name": "ContainerType"
          }
        },
        "visible": true,
        "isEditable": true,
        "validation": {
          "required": true
        }
      },
      {
        "fieldName": "DMLocation",
        "title": "Location",
        "Description": "Select Location",
        "type": "picklistDropdown",
        "selectionType": "multiple",
        "clearSearch": true,
        "source": "datasourceWithMember",
        "key": "DSLocation",
        "columnName": "Location",
        "DimensionName": "Location",
        "memberKey": {
          "LevelAttribute": {
            "Name": "Location"
          }
        },
        "visible": true,
        "isEditable": true,
        "validation": {
          "required": true
        }
      },
      {
        "fieldName": "DMResource",
        "title": "Resource",
        "Description": "Select Resource",
        "type": "picklistDropdown",
        "selectionType": "multiple",
        "clearSearch": true,
        "source": "datasourceWithMember",
        "key": "DSResource",
        "columnName": "Resource",
        "DimensionName": "Resource",
        "memberKey": {
          "LevelAttribute": {
            "Name": "Resource"
          }
        },
        "visible": true,
        "isEditable": true,
        "validation": {
          "required": true
        }
      },
      {
        "fieldName": "DMValue1",
        "title": "Calendar Association",
        "Description": "Select the Production Calendar",
        "type": "picklistDropdown",
        "selectionType": "single",
        "clearSearch": true,
        "source": "parentMeasureWithDataSource",
        "key": {
          "Measure": {
            "Name": "W Production Cycle Calendar Association1"
          }
        },
        "visible": true,
        "isEditable": true,
        "validation": {
          "required": true
        },
        "dataSourceBinding": {
          "key": "DSCalendar",
          "valueField": "Name",
          "textField": "Name"
        }
      },
      {
        "fieldName": "RuleSequence",
        "title": "Rule Sequence",
        "Description": "Rule Sequence",
        "type": "number",
        "selectionType": "single",
        "clearSearch": true,
        "source": "parentMeasure",
        "key": {
          "Measure": {
            "Name": "Rule Sequence"
          }
        },
        "visible": true,
        "isEditable": true,
        "validation": {
          "maxLength": "0",
          "required": true
        }
      },
      {
        "fieldName": "UpdatedTimeStamp",
        "title": "Updated TimeStamp",
        "Description": "Updated TimeStamp",
        "type": "datetime",
        "selectionType": "single",
        "clearSearch": true,
        "select": "ALL",
        "source": "datasource",
        "key": "DSTimeStamp",
        "valueField": "result",
        "textField": "result",
        "visible": false,
        "isEditable": false,
        "validation": {
          "maxLength": "0",
          "required": false
        },
        "overrideFieldBindingType": false
      },
      {
        "fieldName": "UpdatedUser",
        "title": "Updated User",
        "Description": "Updated User",
        "type": "string",
        "selectionType": "single",
        "clearSearch": true,
        "select": "ALL",
        "source": "datasource",
        "key": "DSUser",
        "valueField": "Name",
        "textField": "Name",
        "visible": false,
        "isEditable": false,
        "validation": {
          "maxLength": "0",
          "required": false
        },
        "overrideFieldBindingType": false
      },
      {
        "fieldName": "NewComment",
        "title": "New Comment",
        "Description": "Description about the Rule",
        "type": "string",
        "clearSearch": true,
        "source": "literal",
        "visible": true,
        "isEditable": true,
        "validation": {
          "maxLength": "0",
          "required": false
        }
      }
    ],
    "Range": [],
    "DataSources": [
      {
        "Name": "o9ProductionCycleRuleDS",
        "IBPLRules": [
          {
            "template": "//**DS1**//\n\nSelect({Measure.[o9 Production Cycle Rule Final]}) where{[Version].[Version Name].filter(#.Name in {\"{{Version}}\"}),[Data Object].[Data Object].filter(#.Name in {[Weekly Production Cycle Maintenance]})};"
          }
        ],
        "JavascriptRules": [],
        "IncludeDSFieldsOnly": false,
        "FieldBindings": []
      },
      {
        "Name": "DSItemPackageType",
        "IBPLRules": [
          {
            "template": "//**DS2**//\n\nSelect ([Version].[Version Name]{{#filter Version}} * [Item].[PackageType] * [Data Object].[Data Object]{{#filter DataObject}} * [DM Rule].[Rule]{{#filter DMRule}} ) on row, \n({Measure.[ABDM PackageType Association]}) on column;"
          }
        ],
        "JavascriptRules": [],
        "IncludeDSFieldsOnly": false,
        "FieldBindings": [
          {
            "fieldName": "Version",
            "title": "Version",
            "Description": "Version",
            "type": "picklistDropdown",
            "clearSearch": true,
            "source": "filter",
            "DimensionName": "Version",
            "LevelAttributeName": "Version Name",
            "visible": true,
            "isEditable": true,
            "validation": {
              "maxLength": "0",
              "required": true
            }
          },
          {
            "fieldName": "DMRule",
            "title": "DMRule",
            "Description": "DMRule",
            "type": "picklistDropdown",
            "clearSearch": true,
            "source": "parentAttribute",
            "DimensionName": "DM Rule",
            "key": {
              "LevelAttribute": {
                "Name": "Rule",
                "Property": "Name"
              }
            },
            "visible": true,
            "isEditable": true,
            "validation": {
              "maxLength": "0",
              "required": true
            }
          },
          {
            "fieldName": "DataObject",
            "title": "Data Object",
            "Description": "Data Object",
            "type": "picklistDropdown",
            "selectionType": "single",
            "clearSearch": true,
            "source": "parentAttribute",
            "DimensionName": "Data Object",
            "key": {
              "LevelAttribute": {
                "Name": "Data Object",
                "Property": "Name"
              }
            },
            "visible": true,
            "isEditable": false,
            "validation": {
              "maxLength": "0",
              "required": true
            }
          }
        ]
      },
      {
        "Name": "DSItemL2",
        "IBPLRules": [
          {
            "template": "//**DS5**//\n\nSelect ([Version].[Version Name]{{#filter Version}} * [Item].[L2] * [Data Object].[Data Object]{{#filter DataObject}} * [DM Rule].[Rule]{{#filter DMRule}} ) on row, \n({Measure.[ABDM L2 Association]}) on column;\n\n"
          }
        ],
        "JavascriptRules": [],
        "IncludeDSFieldsOnly": false,
        "FieldBindings": [
          {
            "fieldName": "Version",
            "title": "Version",
            "Description": "Version",
            "type": "picklistDropdown",
            "clearSearch": true,
            "source": "filter",
            "DimensionName": "Version",
            "LevelAttributeName": "Version Name",
            "visible": true,
            "isEditable": true,
            "validation": {
              "maxLength": "0",
              "required": true
            }
          },
          {
            "fieldName": "DMRule",
            "title": "DMRule",
            "Description": "DMRule",
            "type": "picklistDropdown",
            "clearSearch": true,
            "source": "parentAttribute",
            "DimensionName": "DM Rule",
            "key": {
              "LevelAttribute": {
                "Name": "Rule",
                "Property": "Name"
              }
            },
            "visible": true,
            "isEditable": true,
            "validation": {
              "maxLength": "0",
              "required": true
            }
          },
          {
            "fieldName": "DataObject",
            "title": "Data Object",
            "Description": "Data Object",
            "type": "picklistDropdown",
            "selectionType": "single",
            "clearSearch": true,
            "source": "parentAttribute",
            "DimensionName": "Data Object",
            "key": {
              "LevelAttribute": {
                "Name": "Data Object",
                "Property": "Name"
              }
            },
            "visible": true,
            "isEditable": false,
            "validation": {
              "maxLength": "0",
              "required": true
            }
          }
        ]
      },
      {
        "Name": "DSItemContainerType",
        "IBPLRules": [
          {
            "template": "//**DS3**//\n\nSelect ([Version].[Version Name]{{#filter Version}} * [Item].[ContainerType] * [Data Object].[Data Object]{{#filter DataObject}} * [DM Rule].[Rule]{{#filter DMRule}} ) on row, \n({Measure.[ABDM ContainerType Association]}) on column;"
          }
        ],
        "JavascriptRules": [],
        "IncludeDSFieldsOnly": false,
        "FieldBindings": [
          {
            "fieldName": "Version",
            "title": "Version",
            "Description": "Version",
            "type": "picklistDropdown",
            "clearSearch": true,
            "source": "filter",
            "DimensionName": "Version",
            "LevelAttributeName": "Version Name",
            "visible": true,
            "isEditable": true,
            "validation": {
              "maxLength": "0",
              "required": true
            }
          },
          {
            "fieldName": "DMRule",
            "title": "DMRule",
            "Description": "DMRule",
            "type": "picklistDropdown",
            "clearSearch": true,
            "source": "parentAttribute",
            "DimensionName": "DM Rule",
            "key": {
              "LevelAttribute": {
                "Name": "Rule",
                "Property": "Name"
              }
            },
            "visible": true,
            "isEditable": true,
            "validation": {
              "maxLength": "0",
              "required": true
            }
          },
          {
            "fieldName": "DataObject",
            "title": "Data Object",
            "Description": "Data Object",
            "type": "picklistDropdown",
            "clearSearch": true,
            "source": "parentAttribute",
            "DimensionName": "Data Object",
            "key": {
              "LevelAttribute": {
                "Name": "Data Object",
                "Property": "Name"
              }
            },
            "visible": true,
            "isEditable": false,
            "validation": {
              "maxLength": "0",
              "required": true
            }
          }
        ]
      },
      {
        "Name": "DSItemContainerTypeName",
        "IBPLRules": [
          {
            "template": "select Item.[ContainerTypeName];"
          }
        ],
        "JavascriptRules": [],
        "IncludeDSFieldsOnly": false,
        "FieldBindings": []
      },
      {
        "Name": "DSResource",
        "IBPLRules": [
          {
            "template": "\n\nSelect ([Version].[Version Name]{{#filter Version}} * [Resource].[Resource] * [Data Object].[Data Object]{{#filter DataObject}} * [DM Rule].[Rule]{{#filter DMRule}} ) on row, \n({Measure.[ABDM Resource Association]}) on column;"
          }
        ],
        "JavascriptRules": [],
        "IncludeDSFieldsOnly": false,
        "FieldBindings": [
          {
            "fieldName": "Version",
            "title": "Version",
            "type": "picklistDropdown",
            "clearSearch": true,
            "source": "filter",
            "DimensionName": "Version",
            "LevelAttributeName": "Version Name",
            "visible": true,
            "isEditable": true,
            "validation": {
              "maxLength": "0",
              "required": true
            }
          },
          {
            "fieldName": "DMRule",
            "title": "DMRule",
            "type": "picklistDropdown",
            "clearSearch": true,
            "source": "parentAttribute",
            "DimensionName": "DM Rule",
            "key": {
              "LevelAttribute": {
                "Name": "Rule",
                "Property": "Name"
              }
            },
            "visible": true,
            "isEditable": true,
            "validation": {
              "maxLength": "0",
              "required": true
            }
          },
          {
            "fieldName": "DataObject",
            "title": "Data Object",
            "Description": "Data Object",
            "type": "picklistDropdown",
            "selectionType": "single",
            "clearSearch": true,
            "source": "parentAttribute",
            "DimensionName": "Data Object",
            "key": {
              "LevelAttribute": {
                "Name": "Data Object",
                "Property": "Name"
              }
            },
            "visible": true,
            "isEditable": false,
            "validation": {
              "maxLength": "0",
              "required": true
            }
          }
        ]
      },
      {
        "Name": "DSLocation",
        "IBPLRules": [
          {
            "template": "Select ([Version].[Version Name]{{#filter Version}} * [Location].[Location] * [Data Object].[Data Object]{{#filter DataObject}} * [DM Rule].[Rule]{{#filter DMRule}} ) on row, \n({Measure.[ABDM Location Association]}) on column;"
          }
        ],
        "JavascriptRules": [],
        "IncludeDSFieldsOnly": false,
        "FieldBindings": [
          {
            "fieldName": "Version",
            "title": "Version",
            "type": "picklistDropdown",
            "clearSearch": true,
            "source": "filter",
            "DimensionName": "Version",
            "LevelAttributeName": "Version Name",
            "visible": true,
            "isEditable": true,
            "validation": {
              "maxLength": "0",
              "required": true
            }
          },
          {
            "fieldName": "DMRule",
            "title": "DMRule",
            "type": "picklistDropdown",
            "clearSearch": true,
            "source": "parentAttribute",
            "DimensionName": "DM Rule",
            "key": {
              "LevelAttribute": {
                "Name": "Rule",
                "Property": "Name"
              }
            },
            "visible": true,
            "isEditable": true,
            "validation": {
              "maxLength": "0",
              "required": true
            }
          },
          {
            "fieldName": "DataObject",
            "title": "Data Object",
            "type": "picklistDropdown",
            "selectionType": "single",
            "clearSearch": true,
            "source": "parentAttribute",
            "DimensionName": "Data Object",
            "key": {
              "LevelAttribute": {
                "Name": "Data Object",
                "Property": "Name"
              }
            },
            "visible": true,
            "isEditable": false,
            "validation": {
              "maxLength": "0",
              "required": true
            }
          }
        ]
      },
      {
        "Name": "DSItemType",
        "IBPLRules": [
          {
            "template": "select Item.[Item Type];"
          }
        ],
        "JavascriptRules": [],
        "IncludeDSFieldsOnly": false,
        "FieldBindings": []
      },
      {
        "Name": "DSCalendar",
        "IBPLRules": [
          {
            "template": "select Calendar.[Calendar Type].[Weekly Production Cycle].relatedmembers(Calendar);"
          }
        ],
        "JavascriptRules": [],
        "IncludeDSFieldsOnly": false,
        "FieldBindings": []
      },
      {
        "Name": "DSTimeStamp",
        "IBPLRules": [
          {
            "template": "select now();"
          }
        ],
        "JavascriptRules": [],
        "IncludeDSFieldsOnly": false,
        "FieldBindings": []
      },
      {
        "Name": "DSUser",
        "IBPLRules": [
          {
            "template": "select CurrentUser();"
          }
        ],
        "JavascriptRules": [],
        "IncludeDSFieldsOnly": false,
        "FieldBindings": []
      }
    ],
    "AutoExecute": false,
    "isAsync": true,
    "hasMembersUpdates": false,
    "Compact": false,
    "TwoColumn": true,
    "IsGlobalForExcelAddIn": false,
    "enableTransaction": false,
    "ExcludeFromNavLink": false,
    "FilterFieldBindings": []
  },
  "Widget": null,
  "Roles": []
}