{
  "PickListName": "Allocation Pattern",
  "PickListId": "2c001abf-03e5-f585-856a-e4fb54f33ea7",
  "PickListDescription": "Allocation Pattern",
  "DataType": "string",
  "IsMultiSelectAllowed": false,
  "Values": [
    {
      "Value": "Max",
      "DisplayName": "Max",
      "DisplayPosition": 1,
      "Icon": null,
      "Color": null,
      "Image": null
    },
    {
      "Value": "Min",
      "DisplayName": "Min",
      "DisplayPosition": 0,
      "Icon": null,
      "Color": null,
      "Image": null
    }
  ]
}