{
  "Name": "SupplyPlan125AddSupplierSharedResourceAssociation",
  "Description": null,
  "ActionButtonId": "3d006b7c-21f4-4466-9cac-a8723eabf8ef",
  "Tooltip": "Add Supplier Shared Resource",
  "ActionButtonType": "Widget",
  "Alignment": "right",
  "IsPopOver": true,
  "IsGlobal": true,
  "ActionClickHandler": null,
  "Icon": null,
  "Image": null,
  "ConfigJson": {
    "DisplayName": "Add Resource",
    "icon": "plus",
    "SubmitButton": {
      "Label": "Submit"
    },
    "ResetButton": {
      "Label": "Reset"
    },
    "CloseButton": {
      "Label": "Close",
      "ConfirmMessage": "Unsaved changes will be lost. Continue?"
    },
    "NotifyAll": false,
    "IBPLRules": [
      {
        "template": "Cartesian Scope: ([Supplier].[Supplier Location]{{#filter Supplier}} * [Resource].[Resource]{{#filter Resource}} * [Version].[Version Name]{{#filter Version}} );\nMeasure.[PROC Supplier Shared Resource Association]=1;\nMeasure.[PROC Supplier Shared Resource Consumed Quantity Per]={{ConsumedQty}};\nend scope;\n\n//--Uncomment the below code to enable Net change functionality\n/*\nCartesian Scope: ([Supplier].[Supplier Location]{{#filter Supplier}} * [Resource].[Resource]{{#filter Resource}} * [Version].[Version Name]{{#filter Version}} );\nMeasure.[PROC Supplier Shared Resource Association NC Addition] = 1;\nend scope;\n\nScope: ([Supplier].[Supplier Location]{{#filter Supplier}} * [Resource].[Resource]{{#filter Resource}} * [Version].[Version Name]{{#filter Version}} );\nMeasure.[PROC Supplier Shared Resource Association NC Deletion] = Null;\nend scope;\n*/"
      }
    ],
    "JavascriptRules": [],
    "FieldBindings": [
      {
        "fieldName": "Version",
        "title": "Version",
        "Description": "Version",
        "type": "picklist",
        "selectionType": "single",
        "clearSearch": true,
        "source": "filter",
        "DimensionName": "Version",
        "LevelAttributeName": "Version Name",
        "visible": true,
        "isEditable": true,
        "validation": {
          "maxLength": "0",
          "required": true
        }
      },
      {
        "fieldName": "Resource",
        "title": "Resource",
        "type": "picklist",
        "selectionType": "single",
        "clearSearch": true,
        "source": "members",
        "DimensionName": "Resource",
        "LevelAttributeName": "Resource",
        "FilterExpression": "&PROCSharedResource",
        "visible": true,
        "isEditable": true,
        "validation": {
          "maxLength": "0",
          "required": true
        },
        "select": "NONE"
      },
      {
        "fieldName": "Supplier",
        "title": "Supplier Location",
        "Description": "Supplier Location",
        "type": "picklist",
        "selectionType": "single",
        "clearSearch": true,
        "select": "NONE",
        "source": "members",
        "DimensionName": "Supplier",
        "LevelAttributeName": "Supplier Location",
        "visible": true,
        "isEditable": true,
        "validation": {
          "maxLength": "0",
          "required": true
        }
      },
      {
        "fieldName": "ConsumedQty",
        "title": "Consumption Quantity Per",
        "Description": "Consumption Quantity Per",
        "type": "number",
        "selectionType": "single",
        "clearSearch": true,
        "source": "literal",
        "defaultValue": "1",
        "visible": true,
        "isEditable": true,
        "validation": {
          "maxLength": "0",
          "required": true
        }
      }
    ],
    "DataSources": [],
    "AutoExecute": false,
    "isAsync": false,
    "hasMembersUpdates": false,
    "Compact": false,
    "TwoColumn": true,
    "IsGlobalForExcelAddIn": false,
    "ReturnFilterByUpdate": false,
    "FilterFieldBindings": []
  },
  "Widget": null
}