{
  "MeasureName": "Rec Rtl Change %",
  "MeasureId": "4d892861-b38c-170d-3a01-ae20c24d49e1",
  "MeasureDescription": "Rec Rtl Change %",
  "DataType": "number",
  "MeasureType": "Regular",
  "AggregateFunction": "Computed",
  "FormatString": "0.00%",
  "MeasureColumnName": "RecRtlChange%",
  "MeasureFormula": "safedivide((Measure.[Rec Rtl]-Measure.[LC Rec Rtl]),Measure.[LC Rec Rtl])",
  "IsEditable": false,
  "ApplyConversion": false,
  "ConversionFormula": "",
  "PickListName": null,
  "BgColorFormula": "",
  "FgColorFormula": "",
  "TrendFormula": " IF(Measure.[Rec Rtl Change %]>0) then 10 else  IF(Measure.[Rec Rtl Change %]<0) then 13",
  "FormattingViewModel": "[\r\n  {\r\n    \"INDICATOR\": \"10\",\r\n    \"Condition\": \"Measure.[Rec Rtl Change %]>0\"\r\n  },\r\n  {\r\n    \"INDICATOR\": \"13\",\r\n    \"Condition\": \"Measure.[Rec Rtl Change %]<0\"\r\n  }\r\n]",
  "ParentMeasureName": null,
  "AssociationMeasure": false,
  "IsComputedByPlanningService": false,
  "ToolTip": "Rec Rtl Change %",
  "ConfigJson": {},
  "ApiName": null,
  "ApiDisabled": false,
  "IsReportingMeasure": true,
  "MeasureConditionalFormulaProperties": [
    {
      "MeasureName": null,
      "ConditionalFormula": "Measure.[Rec Rtl Change %]>0",
      "BGCOLOR": "",
      "LegendText": "",
      "DisplayOrder": 0
    },
    {
      "MeasureName": null,
      "ConditionalFormula": "Measure.[Rec Rtl Change %]<0",
      "BGCOLOR": "",
      "LegendText": "",
      "DisplayOrder": 1
    }
  ],
  "PicklistSource": null
}