{
  "MeasureName": "ROS Benchmark Final",
  "MeasureId": "461ac0b2-8edc-6f8f-b553-c06b8be33a0e",
  "MeasureDescription": "ROS Benchmark Final for top selling products",
  "DataType": "number",
  "MeasureType": "Regular",
  "AggregateFunction": "Avg",
  "FormatString": "0.00",
  "MeasureColumnName": "ROSBenchmarkFinal",
  "MeasureFormula": "",
  "IsEditable": false,
  "ApplyConversion": false,
  "ConversionFormula": "",
  "PickListName": null,
  "BgColorFormula": "",
  "FgColorFormula": "",
  "TrendFormula": "",
  "FormattingViewModel": "[]",
  "ParentMeasureName": null,
  "AssociationMeasure": false,
  "IsComputedByPlanningService": true,
  "ToolTip": "ROS Benchmark Final for top selling products",
  "ConfigJson": {},
  "ApiName": null,
  "ApiDisabled": false,
  "IsReportingMeasure": false,
  "MeasureConditionalFormulaProperties": [],
  "PicklistSource": null
}