{
  "EdgePropertyId": "3c334be0-2ae6-4d50-81b1-0f1427a173b6",
  "PropertyName": "W Is Demand Node Item Input",
  "PropertyDescription": "Whether primary node is demand node or not",
  "PropertyDataType": "number",
  "PropertyDataSize": 0,
  "PropertyColumnName": "WIsDemandNodeItemInput",
  "AggregateFunction": "Max",
  "PropertyFormula": null,
  "IsEditable": false,
  "FormatString": "#,##0",
  "ActivationProperty": false,
  "IsComputedByPlanningService": false,
  "ToolTip": null,
  "ApiName": null,
  "ApiDisabled": false,
  "BgColorFormula": "",
  "FgColorFormula": "",
  "TrendFormula": "",
  "FormattingViewModel": null,
  "ConditionalFormulas": []
}