{
  "MeasureName": "Net REV Actual vs LY Abs Gap",
  "MeasureId": "f8e2e5e2-663a-4d2f-8057-a8dd37df7082",
  "MeasureDescription": "abs(Net REV Actual - Net REV Actual LY)",
  "DataType": "number",
  "MeasureType": "Regular",
  "AggregateFunction": "Computed",
  "FormatString": "$#,##0;($#,##0)",
  "MeasureColumnName": "NetREVActualvsLYAbsGap",
  "MeasureFormula": "abs(sum(Measure.[Net REV Actual], -1 * Measure.[Net REV Actual LY]))",
  "IsEditable": false,
  "ApplyConversion": false,
  "ConversionFormula": "",
  "PickListName": null,
  "BgColorFormula": "",
  "FgColorFormula": "",
  "TrendFormula": "",
  "FormattingViewModel": null,
  "ParentMeasureName": null,
  "AssociationMeasure": false,
  "IsComputedByPlanningService": false,
  "ToolTip": "abs(Net REV Actual - Net REV Actual LY)",
  "ConfigJson": {},
  "ApiName": null,
  "ApiDisabled": false,
  "IsReportingMeasure": true,
  "MeasureConditionalFormulaProperties": [],
  "PicklistSource": null
}