{
  "Name": "MFPInfoOTBPlanning02",
  "Description": "Information",
  "ActionButtonId": "dfa6d5e0-e6d9-5a96-ac31-59a0279f11fd",
  "Tooltip": "Report Information",
  "ActionButtonType": "Widget",
  "Alignment": "right",
  "IsPopOver": true,
  "IsGlobal": true,
  "ActionClickHandler": null,
  "Icon": null,
  "Image": null,
  "ConfigJson": {
    "icon": "info-circle",
    "SubmitButton": {
      "Label": " "
    },
    "ResetButton": {},
    "CloseButton": {
      "Label": " "
    },
    "NotifyAll": false,
    "IBPLRules": [],
    "JavascriptRules": [],
    "FieldBindings": [
      {
        "fieldName": "Information",
        "title": "Information",
        "type": "info",
        "clearSearch": true,
        "source": "literal",
        "defaultValue": "<!DOCTYPE html> <html lang=\"en\"> <head>     <meta charset=\"UTF-8\">     <meta name=\"viewport\" content=\"width=device-width, initial-scale=1.0\">     <title>OTB Rtl Report US</title> </head> <body style=\"text-align: left;\">     <p style=\"text-align: left;\"><strong>Overview</strong></p>     <p style=\"text-align: left;\">         Planner can plan the Sales, Receipts, and Inventory metrics for the in-season horizon. It is a working plan report where a detailed plan can be seen for the in-season.     </p>     <p style=\"text-align: left;\"><strong>How to Use</strong></p>     <p style=\"text-align: left;\">         Planner can notice the highlighted cells which require attention in the report. For any particular classes, if any change in plan is required, the planner can modify the plan using this report. The planner can apply filters on Channel, Class, Country, and Selling Season and can work on the plan.     </p>     <p style=\"text-align: left;\"><strong>Output</strong></p>     <p style=\"text-align: left;\">         Planner will see the real-time Ending on Hand Rtl visibility and Open to Buy Budget for respective classes.<br>         All balance set metrics can be reviewed for the current season and var % can also be reviewed. Once all changes are done in the working plan, the plan can be submitted to the revised plan version.     </p>     <p style=\"text-align: left;\"><strong>Formulae</strong></p>     <p style=\"text-align: left;\">         <a href=\"https://docs.google.com/spreadsheets/d/1tSgrtH5liR_Qf97iDbit1EWhxqxeBjat/edit?gid=166037295#gid=166037295\">Link</a><br>         <a href=\"https://docs.google.com/spreadsheets/d/11Xh0xjpU1SEp6Y04rakIfkNTp_Arq4k9/edit?gid=1839484686#gid=1839484686\">Inverse Rules</a>     </p> </body> </html>",
        "visible": true,
        "isEditable": true,
        "validation": {
          "maxLength": "0",
          "required": true
        }
      }
    ],
    "Range": [],
    "DataSources": [],
    "AutoExecute": false,
    "isAsync": false,
    "hasMembersUpdates": false,
    "Compact": false,
    "TwoColumn": false,
    "IsGlobalForExcelAddIn": false,
    "enableTransaction": false,
    "ReturnFilterByUpdate": false,
    "ExcludeFromNavLink": false,
    "FilterFieldBindings": []
  },
  "Widget": null,
  "Roles": []
}