{
  "MeasureName": "LP APS Sls Unt",
  "MeasureId": "e6fffdc6-2758-4f0d-938d-3dbb3b63e702",
  "MeasureDescription": "LP Averagae per store sales unit",
  "DataType": "number",
  "MeasureType": "Regular",
  "AggregateFunction": "Computed",
  "FormatString": "(0,000.00a)",
  "MeasureColumnName": "LPAPSSlsUnt",
  "MeasureFormula": "Safedivide(Measure.[LP APS Sls Rtl],Measure.[LP ASP])",
  "IsEditable": false,
  "ApplyConversion": false,
  "ConversionFormula": "",
  "PickListName": null,
  "BgColorFormula": "",
  "FgColorFormula": "",
  "TrendFormula": "",
  "FormattingViewModel": "[]",
  "ParentMeasureName": null,
  "AssociationMeasure": false,
  "IsComputedByPlanningService": true,
  "ToolTip": "LP APS Sls Rtl / LP ASP",
  "ConfigJson": {},
  "ApiName": null,
  "ApiDisabled": false,
  "IsReportingMeasure": false,
  "MeasureConditionalFormulaProperties": [],
  "PicklistSource": null
}