{
  "Name": "Storage Capacity",
  "WidgetDefinitionName": "Storage Quantity Input",
  "IsPrimary": true,
  "ConfigJson": {
    "ContainerId": "f38756c4-2d91-4076-bc37-7540ddcd839b",
    "CompositeContainerId": null,
    "Position": 0,
    "ShowInfoContext": {
      "MemberInfo": true
    },
    "ShowHeader": {
      "Icon": "",
      "Color": null
    },
    "ActionButtonBindings": [
      {
        "ActionButtonName": "__o9__BUILTIN__memberDisplayNameDownload",
        "HotKey": ""
      }
    ]
  },
  "ViewWidgetDefinitionId": "bca23c98-2edd-e86e-e3f9-d5c23f5eee26",
  "Title": null
}