{
  "AttributeName": "Error ID",
  "AttributeId": "85184164-e1da-4f44-a0b0-d4260d063a70",
  "AttributeHierarchyEnabled": true,
  "IsKey": false,
  "Description": "Error ID",
  "OrderBy": "Name",
  "KeyColumnName": "ErrorIDKey",
  "NameColumnName": "ErrorIDName",
  "KeyColumnDataType": "integer",
  "SeedTags": false,
  "KeyGenerationType": "Auto",
  "PickListName": null,
  "ConfigJson": {
    "ShowFilterAs": "TileView",
    "MemberDisplayNameEditable": true,
    "IsMultipleImage": false
  },
  "FormatString": null,
  "Translation": null,
  "Aliases": [],
  "ApiName": null,
  "ApiDisabled": false
}