{
  "Name": "SupplyPlan0000SetupSeedData",
  "Description": "Seed Data for Supply planning",
  "ActionButtonId": "2264979d-2126-3cf6-ecaa-e2aea4485374",
  "Tooltip": "Seed Data for Supply planning",
  "ActionButtonType": "Rule",
  "Alignment": "right",
  "IsPopOver": true,
  "IsGlobal": false,
  "ActionClickHandler": null,
  "Icon": null,
  "Image": null,
  "ConfigJson": {
    "DisplayName": "Seed Data for Supply planning",
    "icon": "caret-square-o-up",
    "Position": "0",
    "SubmitButton": {
      "Label": "Submit"
    },
    "ResetButton": {
      "Label": "Reset"
    },
    "CloseButton": {
      "Label": "Close",
      "ConfirmMessage": "Unsaved changes will be lost. Continue?"
    },
    "NotifyRoles": true,
    "NotifyAll": false,
    "IBPLRules": [
      {
        "template": "exec plugin instance [SupplyPlan0000SeedSPData] using arguments {(ExecutionMode,\"MediumWeight\"),(EnableWebApiCalls,True),  (\"branch\",\"{{branch}}\"), (\"AF\",\"0\")};"
      }
    ],
    "JavascriptRules": [],
    "FieldBindings": [
      {
        "fieldName": "branch",
        "title": "Default Data Source",
        "Description": "Template seed to be loaded",
        "type": "picklistDropdown",
        "selectionType": "single",
        "clearSearch": true,
        "select": "ALL",
        "source": "localPicklist",
        "values": [
          {
            "Key": "master",
            "Name": "SP Core"
          }
        ],
        "valueField": "Key",
        "visible": true,
        "isEditable": true,
        "validation": {
          "maxLength": "0",
          "required": true
        }
      }
    ],
    "Range": [],
    "DataSources": [],
    "AutoExecute": false,
    "isAsync": true,
    "hasMembersUpdates": false,
    "Compact": false,
    "TwoColumn": false,
    "IsGlobalForExcelAddIn": false,
    "ExcludeFromNavLink": false,
    "FilterFieldBindings": []
  },
  "Widget": null,
  "Roles": []
}