{
  "Name": "SupplyPlan151WShipmentPlanManualTransfer",
  "Description": "Add Shipment Recommendations",
  "ActionButtonId": "7de84116-e4a6-4d72-946d-9e587109d98f",
  "Tooltip": "Add Shipment Recommendations",
  "ActionButtonType": "Widget",
  "Alignment": "right",
  "IsPopOver": true,
  "IsGlobal": true,
  "ActionClickHandler": null,
  "Icon": null,
  "Image": null,
  "ConfigJson": {
    "DisplayName": "Add Shipment Recommendations",
    "icon": "plus",
    "SubmitButton": {
      "Label": "Submit"
    },
    "ResetButton": {
      "Label": "Reset"
    },
    "CloseButton": {
      "Label": "Close",
      "ConfirmMessage": "Unsaved changes will be lost. Continue?"
    },
    "NotifyRoles": true,
    "NotifyAll": false,
    "IBPLRules": [
      {
        "template": "cartesian scope:([RunID].[RunID].[{{RunID}}] * [Planned OrderID].[Planned OrderID].[{{PlannedOrderID}}] * [Activity2].[Activity2].[{{Activity2}}] * [Activity1].[Activity1].[{{Activity1}}] * [Location].[Location].[{{Location}}] * [Version].[Version Name].[{{Version}}] * [Time].[Week].[{{Week}}] * [Item].[Item].[{{Item}}] );\nMeasure.[W Approved Shipment Delivery Date] = todatetime(\"{{DeliveryDate}}\");\nMeasure.[W Approved Shipment Plan] = {{ShipmentPlan}} ;\nend scope;"
      }
    ],
    "JavascriptRules": [],
    "FieldBindings": [
      {
        "fieldName": "Version",
        "title": "Version",
        "Description": "Version",
        "type": "picklistDropdown",
        "selectionType": "single",
        "clearSearch": true,
        "source": "filter",
        "DimensionName": "Version",
        "LevelAttributeName": "Version Name",
        "visible": true,
        "isEditable": true,
        "validation": {
          "maxLength": "0",
          "required": true
        }
      },
      {
        "fieldName": "Activity1",
        "title": "BODLane",
        "Description": "BODLane",
        "type": "picklistDropdown",
        "selectionType": "single",
        "clearSearch": true,
        "select": "NONE",
        "source": "datasource",
        "key": "DS",
        "valueField": "Activity1",
        "textField": "Activity1",
        "visible": true,
        "isEditable": true,
        "cascadeFrom": "Version",
        "validation": {
          "maxLength": "0",
          "required": true
        },
        "overrideFieldBindingType": false
      },
      {
        "fieldName": "Location",
        "title": "Location",
        "Description": "Location",
        "type": "picklistDropdown",
        "selectionType": "single",
        "clearSearch": true,
        "select": "NONE",
        "source": "datasource",
        "key": "DS",
        "valueField": "Location",
        "textField": "Location",
        "visible": true,
        "isEditable": true,
        "cascadeFrom": "Version",
        "validation": {
          "maxLength": "0",
          "required": true
        },
        "overrideFieldBindingType": false
      },
      {
        "fieldName": "Item",
        "title": "Shipped Item",
        "Description": "Shipped Item",
        "type": "picklistDropdown",
        "selectionType": "single",
        "clearSearch": true,
        "select": "NONE",
        "source": "datasource",
        "key": "DS",
        "valueField": "Item",
        "textField": "Item",
        "visible": true,
        "isEditable": true,
        "cascadeFrom": "Version",
        "validation": {
          "maxLength": "0",
          "required": true
        },
        "overrideFieldBindingType": false
      },
      {
        "fieldName": "Week",
        "title": "Week",
        "Description": "Week",
        "type": "picklistDropdown",
        "selectionType": "single",
        "clearSearch": true,
        "select": "NONE",
        "source": "datasource",
        "key": "DS",
        "valueField": "Week",
        "textField": "Week",
        "visible": true,
        "isEditable": true,
        "cascadeFrom": "Version",
        "validation": {
          "maxLength": "0",
          "required": true
        },
        "overrideFieldBindingType": false
      },
      {
        "fieldName": "Activity2",
        "title": "TransMode",
        "Description": "TransMode",
        "type": "picklistDropdown",
        "selectionType": "single",
        "clearSearch": true,
        "select": "NONE",
        "source": "datasource",
        "key": "DS",
        "valueField": "Activity2",
        "textField": "Activity2",
        "visible": true,
        "isEditable": true,
        "cascadeFrom": "Version",
        "validation": {
          "maxLength": "0",
          "required": true
        },
        "overrideFieldBindingType": false
      },
      {
        "fieldName": "RunID",
        "title": "RunID",
        "Description": "RunID",
        "type": "picklist",
        "selectionType": "single",
        "clearSearch": true,
        "select": "NONE",
        "source": "members",
        "DimensionName": "RunID",
        "LevelAttributeName": "RunID",
        "visible": true,
        "isEditable": true,
        "validation": {
          "maxLength": "0",
          "required": true
        }
      },
      {
        "fieldName": "PlannedOrderID",
        "title": "PlannedOrderID",
        "Description": "PlannedOrderID",
        "type": "picklist",
        "selectionType": "single",
        "clearSearch": true,
        "select": "NONE",
        "source": "members",
        "DimensionName": "Planned OrderID",
        "LevelAttributeName": "Planned OrderID",
        "visible": true,
        "isEditable": true,
        "validation": {
          "maxLength": "0",
          "required": true
        }
      },
      {
        "fieldName": "ShipmentPlan",
        "title": "Shipment Plan Quantity",
        "Description": "Shipment Plan Quantity",
        "type": "number",
        "selectionType": "single",
        "clearSearch": true,
        "source": "literal",
        "visible": true,
        "isEditable": true,
        "validation": {
          "maxLength": "0",
          "required": true
        }
      },
      {
        "fieldName": "DeliveryDate",
        "title": "Shipment Delivery Date",
        "Description": "Shipment Delivery Date",
        "type": "datetime",
        "selectionType": "single",
        "clearSearch": true,
        "source": "literal",
        "visible": true,
        "isEditable": true,
        "validation": {
          "maxLength": "0",
          "required": true
        }
      }
    ],
    "Range": [],
    "DataSources": [
      {
        "Name": "DS",
        "IBPLRules": [
          {
            "template": "Select ([Activity2].[Activity2] * [Activity1].[Activity1] * [Location].[Location] * [Version].[Version Name]{{#filter Version}} * [Time].[Week] * [Item].[Item] ) on row, ({Measure.[W Shipment Plan Solver Output]}) on column;\n"
          }
        ],
        "JavascriptRules": [],
        "IncludeDSFieldsOnly": false,
        "FieldBindings": []
      }
    ],
    "AutoExecute": false,
    "isAsync": false,
    "hasMembersUpdates": false,
    "Compact": false,
    "TwoColumn": true,
    "IsGlobalForExcelAddIn": false,
    "ReturnFilterByUpdate": false,
    "ExcludeFromNavLink": false,
    "FilterFieldBindings": []
  },
  "Widget": null,
  "Roles": []
}