{
  "MeasureName": "D Netting Unforecasted Orders",
  "MeasureId": "6415d60c-ec88-4527-817f-184946a62b2d",
  "MeasureDescription": "Netting Unforecasted Orders",
  "DataType": "number",
  "MeasureType": "Regular",
  "AggregateFunction": "Sum",
  "FormatString": "#,##0;(#,##0)",
  "MeasureColumnName": "DNettingUnforecastedOrders",
  "MeasureFormula": "",
  "IsEditable": false,
  "ApplyConversion": true,
  "ConversionFormula": "Supply Planning Final Conversion Rate",
  "PickListName": null,
  "BgColorFormula": "",
  "FgColorFormula": "",
  "TrendFormula": "",
  "FormattingViewModel": "[]",
  "ParentMeasureName": null,
  "AssociationMeasure": false,
  "IsComputedByPlanningService": false,
  "ToolTip": "Unforecasted orders",
  "ConfigJson": {},
  "ApiName": null,
  "ApiDisabled": false,
  "IsReportingMeasure": false,
  "MeasureConditionalFormulaProperties": [],
  "PicklistSource": null
}