{
  "Name": "SupplyPlanNavigate001ToEKGUsingToLocation",
  "Description": "Navigating to EKG",
  "ActionButtonId": "995ebadd-2465-4af6-a43f-65b65d23f3bb",
  "Tooltip": "Navigating to EKG",
  "ActionButtonType": "Widget",
  "Alignment": "right",
  "IsPopOver": true,
  "IsGlobal": true,
  "ActionClickHandler": null,
  "Icon": null,
  "Image": null,
  "ConfigJson": {
    "DisplayName": "Navigating to EKG",
    "SubmitButton": {
      "Label": "Submit"
    },
    "ResetButton": {
      "Label": "Reset"
    },
    "CloseButton": {
      "Label": "Close",
      "ConfirmMessage": "Unsaved changes will be lost. Continue?"
    },
    "NotifyAll": false,
    "IBPLRules": [],
    "JavascriptRules": [],
    "FieldBindings": [
      {
        "fieldName": "ToLocation",
        "title": "To Location",
        "type": "picklistDropdown",
        "selectionType": "multiple",
        "clearSearch": true,
        "source": "parentAttribute",
        "DimensionName": "To Location",
        "key": {
          "LevelAttribute": {
            "Name": "To Location",
            "Property": "Name"
          }
        },
        "visible": true,
        "isEditable": true,
        "validation": {
          "maxLength": "0",
          "required": true
        }
      },
      {
        "fieldName": "Version",
        "title": "Version",
        "type": "picklistDropdown",
        "selectionType": "single",
        "clearSearch": true,
        "source": "filter",
        "DimensionName": "Version",
        "LevelAttributeName": "Version Name",
        "visible": true,
        "isEditable": true,
        "validation": {
          "maxLength": "0",
          "required": true
        }
      }
    ],
    "DataSources": [],
    "AutoExecute": true,
    "isAsync": false,
    "hasMembersUpdates": false,
    "Compact": false,
    "TwoColumn": false,
    "IsGlobalForExcelAddIn": false,
    "ReturnFilterByUpdate": false,
    "FilterFieldBindings": [
      {
        "fieldName": "ToLocation",
        "source": "existingfield",
        "DimensionName": "Location",
        "LevelAttributeName": "Location"
      },
      {
        "fieldName": "Version",
        "source": "existingfield"
      }
    ],
    "NavigateTo": {
      "TargetWorkspaceName": "EKG",
      "TargetPageName": "Supply Chain Visualization",
      "TargetViewName": "Upstream"
    }
  },
  "Widget": null
}