{
  "MeasureName": "Netting Time Aggregate Levels",
  "MeasureId": "977a8572-0b7c-234c-abed-0fcb85c65c1f",
  "MeasureDescription": "Netting Time Aggregate Levels",
  "DataType": "number",
  "MeasureType": "Regular",
  "AggregateFunction": "Max",
  "FormatString": "#,##0;(#,##0)",
  "MeasureColumnName": "NettingTimeAggregateLevels",
  "MeasureFormula": "",
  "IsEditable": true,
  "ApplyConversion": false,
  "ConversionFormula": "",
  "PickListName": null,
  "BgColorFormula": "",
  "FgColorFormula": "",
  "TrendFormula": "",
  "FormattingViewModel": null,
  "ParentMeasureName": null,
  "AssociationMeasure": false,
  "IsComputedByPlanningService": false,
  "ToolTip": "Specify Time Parent as Netting Level, The level needs to be specified as Netting Input",
  "ConfigJson": {},
  "ApiName": null,
  "ApiDisabled": false,
  "IsReportingMeasure": false,
  "MeasureConditionalFormulaProperties": [],
  "PicklistSource": null
}