{
  "MeasureGroupName": "410.001 ABDM Data Objects",
  "MeasureGroupId": "ccabbccf-50ea-5c5c-dbcd-b19e85adde9b",
  "ParentMeasureGroupName": null,
  "HasShadow": false,
  "MeasureGroupDescription": "410.001 ABDM Data Objects",
  "MeasureGroupType": "Regular",
  "FactTableName": "Fact410.001ABDMDataObjects",
  "SchemaMajorVersion": 0,
  "ConfigJson": {},
  "ApiName": null,
  "Repartition": false,
  "Unpartition": false,
  "ApiEnabled": false,
  "DimensionUsages": [
    {
      "DimensionName": "Version",
      "AttributeName": "Version Name",
      "SortOrder": 0,
      "DimensionType": "Regular"
    },
    {
      "DimensionName": "Data Object",
      "AttributeName": "Data Object",
      "SortOrder": 1,
      "DimensionType": null
    }
  ]
}