{
  "Name": "DeleteSizeRange",
  "Description": null,
  "ActionButtonId": "0bfcfc16-d094-d022-e00d-e30d05f8bffd",
  "Tooltip": "Delete Size Range",
  "ActionButtonType": "Widget",
  "Alignment": "right",
  "IsPopOver": true,
  "IsGlobal": true,
  "ActionClickHandler": null,
  "Icon": null,
  "Image": null,
  "ConfigJson": {
    "DisplayName": "Delete Size Range",
    "icon": "minus-square",
    "SubmitButton": {
      "Label": "Submit",
      "ConfirmMessage": "This will delete all the data associated with the selected Size Range(s)"
    },
    "ResetButton": {
      "Label": "Reset"
    },
    "CloseButton": {
      "Label": "Close",
      "ConfirmMessage": "Unsaved changes will be lost. Continue?"
    },
    "NotifyAll": false,
    "IBPLRules": [
      {
        "template": "{{#each SizeRange}}\ndeletemember([Size Range].[Size Range] = {,[{{this}}]});\n{{/each}}\n\npurge members([Size Range].[Size Range]);"
      }
    ],
    "JavascriptRules": [],
    "FieldBindings": [
      {
        "fieldName": "SizeRange",
        "title": "Size Range to be deleted",
        "type": "picklistDropdown",
        "selectionType": "multiple",
        "clearSearch": true,
        "source": "parentAttribute",
        "DimensionName": "Size Range",
        "key": {
          "LevelAttribute": {
            "Name": "Size Range",
            "Property": "Name"
          }
        },
        "visible": true,
        "isEditable": true,
        "validation": {
          "maxLength": "0",
          "required": true
        }
      }
    ],
    "Range": [],
    "DataSources": [],
    "AutoExecute": false,
    "isAsync": true,
    "hasMembersUpdates": true,
    "Compact": false,
    "TwoColumn": false,
    "IsGlobalForExcelAddIn": false,
    "enableTransaction": false,
    "ReturnFilterByUpdate": true,
    "ExcludeFromNavLink": false,
    "FilterFieldBindings": []
  },
  "Widget": null,
  "Roles": []
}