{
  "AttributeName": "Predict Feature",
  "AttributeId": "289aeb25-f288-4699-a9dd-1d01a45a5121",
  "AttributeHierarchyEnabled": true,
  "IsKey": true,
  "Description": "Predict Feature",
  "OrderBy": "Key",
  "KeyColumnName": "PredictFeatureKey",
  "NameColumnName": "PredictFeatureName",
  "KeyColumnDataType": "integer",
  "SeedTags": false,
  "KeyGenerationType": "Auto",
  "PickListName": null,
  "ConfigJson": {
    "ShowFilterAs": "TileView"
  },
  "FormatString": null,
  "Translation": null,
  "Aliases": [],
  "ApiName": null,
  "ApiDisabled": false
}