{
  "Name": "AP09PopulateBenchmarks",
  "Description": "Benchmarks for Heat Map",
  "ActionButtonId": "efd6ec0e-b793-0a81-6d3b-d10d8c60bc43",
  "Tooltip": "Benchmarks for Heat Map",
  "ActionButtonType": "Rule",
  "Alignment": "right",
  "IsPopOver": true,
  "IsGlobal": false,
  "ActionClickHandler": null,
  "Icon": null,
  "Image": null,
  "ConfigJson": {
    "DisplayName": "Populate Benchmarks",
    "icon": "dashboard",
    "Position": "0",
    "SubmitButton": {
      "Label": "Submit"
    },
    "ResetButton": {
      "Label": "Reset"
    },
    "CloseButton": {
      "Label": "Close",
      "ConfirmMessage": "Unsaved changes will be lost. Continue?"
    },
    "NotifyRoles": false,
    "NotifyAll": false,
    "IBPLRules": [
      {
        "template": "exec procedure AP17PopulateBenchmarks {\"Version\": \"{{Version}}\", \"Class\": [{{#csv Class}}], \"Country\": [{{#csv Country}}], \"Channel\" : [{{#csv Channel}}], \"SellingSeason\": \"{{SellingSeason}}\", \"Month\" : [{{#csv Month}}]};"
      }
    ],
    "JavascriptRules": [],
    "FieldBindings": [
      {
        "fieldName": "Version",
        "title": "Version",
        "Description": "Version",
        "type": "picklistDropdown",
        "selectionType": "single",
        "clearSearch": true,
        "source": "filter",
        "DimensionName": "Version",
        "LevelAttributeName": "Version Name",
        "visible": false,
        "isEditable": true,
        "validation": {
          "maxLength": "0",
          "required": true
        }
      },
      {
        "fieldName": "Class",
        "title": "Class",
        "Description": "Class",
        "type": "picklistDropdown",
        "selectionType": "multiple",
        "clearSearch": true,
        "source": "filter",
        "DimensionName": "Item",
        "LevelAttributeName": "L3",
        "visible": true,
        "isEditable": true,
        "validation": {
          "maxLength": "0",
          "required": true
        }
      },
      {
        "fieldName": "SellingSeason",
        "title": "Selling Season",
        "Description": "Selling Season",
        "type": "picklistDropdown",
        "selectionType": "single",
        "clearSearch": true,
        "source": "filter",
        "DimensionName": "Selling Season",
        "LevelAttributeName": "Selling Season",
        "visible": true,
        "isEditable": true,
        "validation": {
          "maxLength": "0",
          "required": true
        }
      },
      {
        "fieldName": "Country",
        "title": "Country",
        "Description": "Country",
        "type": "picklistDropdown",
        "selectionType": "multiple",
        "clearSearch": true,
        "source": "filter",
        "DimensionName": "Location",
        "LevelAttributeName": "Location Country",
        "visible": true,
        "isEditable": true,
        "validation": {
          "maxLength": "0",
          "required": true
        }
      },
      {
        "fieldName": "Channel",
        "title": "Channel",
        "Description": "Channel",
        "type": "picklistDropdown",
        "selectionType": "multiple",
        "clearSearch": true,
        "source": "filter",
        "DimensionName": "Sales Domain",
        "LevelAttributeName": "Sales Planning Channel",
        "visible": true,
        "isEditable": true,
        "validation": {
          "maxLength": "0",
          "required": true
        }
      },
      {
        "fieldName": "Month",
        "title": "Month",
        "type": "picklistDropdown",
        "selectionType": "multiple",
        "clearSearch": true,
        "select": "ALL",
        "source": "datasource",
        "key": "MonthDS",
        "valueField": "Planning Month",
        "textField": "Planning Month",
        "overrideFieldBindingType": false,
        "visible": true,
        "isEditable": true,
        "validation": {
          "maxLength": "0",
          "required": true
        }
      }
    ],
    "Range": [],
    "DataSources": [
      {
        "Name": "MonthDS",
        "IBPLRules": [
          {
            "template": "select (&CWVAndScenarios.[{{Version2}}] * &APClasses{{#filter Class2}} * &APLocationCountries{{#filter Country2}} * &APChannels{{#filter Channel2}} * &APSellingSeasons.[{{SellingSeason2}}] * &AllPastPlanningMonths) on row, ({Measure.[Sales Units Actuals]}) on column;"
          }
        ],
        "JavascriptRules": [],
        "IncludeDSFieldsOnly": false,
        "FieldBindings": [
          {
            "fieldName": "Version2",
            "title": "Version",
            "Description": "Version2",
            "type": "picklistDropdown",
            "selectionType": "single",
            "clearSearch": true,
            "source": "filter",
            "DimensionName": "Version",
            "LevelAttributeName": "Version Name",
            "visible": true,
            "isEditable": true,
            "validation": {
              "maxLength": "0",
              "required": true
            }
          },
          {
            "fieldName": "Class2",
            "title": "Class",
            "Description": "Class2",
            "type": "picklistDropdown",
            "selectionType": "multiple",
            "clearSearch": true,
            "source": "filter",
            "DimensionName": "Item",
            "LevelAttributeName": "L3",
            "visible": true,
            "isEditable": true,
            "validation": {
              "maxLength": "0",
              "required": true
            }
          },
          {
            "fieldName": "Country2",
            "title": "Country",
            "type": "picklistDropdown",
            "selectionType": "multiple",
            "clearSearch": true,
            "source": "filter",
            "DimensionName": "Location",
            "LevelAttributeName": "Location Country",
            "visible": true,
            "isEditable": true,
            "validation": {
              "maxLength": "0",
              "required": true
            }
          },
          {
            "fieldName": "Channel2",
            "title": "Channel",
            "type": "picklistDropdown",
            "selectionType": "multiple",
            "clearSearch": true,
            "source": "filter",
            "DimensionName": "Sales Domain",
            "LevelAttributeName": "Sales Planning Channel",
            "visible": true,
            "isEditable": true,
            "validation": {
              "maxLength": "0",
              "required": true
            }
          },
          {
            "fieldName": "SellingSeason2",
            "title": "SellingSeason",
            "type": "picklistDropdown",
            "selectionType": "single",
            "clearSearch": true,
            "source": "filter",
            "DimensionName": "Selling Season",
            "LevelAttributeName": "Selling Season",
            "visible": true,
            "isEditable": true,
            "validation": {
              "maxLength": "0",
              "required": true
            }
          }
        ]
      }
    ],
    "AutoExecute": false,
    "isAsync": true,
    "hasMembersUpdates": false,
    "Compact": false,
    "TwoColumn": false,
    "IsGlobalForExcelAddIn": false,
    "ExcludeFromNavLink": false,
    "FilterFieldBindings": [],
    "enableTransaction": false
  },
  "Widget": null,
  "Roles": []
}