{
  "MeasureGroupName": "001.001 Transformation Interactions Rule Mapping",
  "MeasureGroupId": "69eeaf21-ce3b-4221-8000-3154d850cd30",
  "ParentMeasureGroupName": null,
  "HasShadow": false,
  "MeasureGroupDescription": "001.001 Transformation Interactions Rule Mapping",
  "MeasureGroupType": "Regular",
  "FactTableName": "Fact001.001TransformationInteractionsRuleMapping",
  "SchemaMajorVersion": 0,
  "ConfigJson": {},
  "ApiName": null,
  "Repartition": false,
  "Unpartition": false,
  "ApiEnabled": false,
  "DimensionUsages": [
    {
      "DimensionName": "Version",
      "AttributeName": "Version Name",
      "SortOrder": 0,
      "DimensionType": "Regular"
    },
    {
      "DimensionName": "Data Object",
      "AttributeName": "Data Object",
      "SortOrder": 1,
      "DimensionType": "Regular"
    },
    {
      "DimensionName": "DM Rule",
      "AttributeName": "Rule",
      "SortOrder": 2,
      "DimensionType": "Regular"
    }
  ]
}