{
  "LabelId": "a4af8bbb-5969-00fe-804d-7adc855a3097",
  "LabelName": "074554f4-8d09-4557-ada7-fb4bbf00c95b",
  "LabelDescription": " ",
  "Position": 1.0,
  "RuleGroupType": "Regular",
  "IgnoreErrors": false,
  "HasErrors": false,
  "ErrorMessage": null,
  "ScopeExpression": {
    "AttributeMemberScopes": [
      {
        "FilterExpression": "&CwvAndScenarios"
      },
      {
        "FilterExpression": "&PlanningMonths"
      },
      {
        "FilterExpression": "&RE2EChannels"
      },
      {
        "FilterExpression": "&MFPSellingSeason"
      },
      {
        "FilterExpression": "&RE2EDepartments"
      },
      {
        "FilterExpression": "&RE2ELocations"
      }
    ]
  },
  "InverseRuleGroupSets": [
    {
      "SetId": "f2eb69ad-bcc6-c460-18a8-6b29c48a1a95",
      "Name": "1f13384b-f07f-4e9b-bfec-d3fa016b9092",
      "Description": "",
      "IsEnabled": true,
      "InverseRuleGroups": [
        {
          "GroupId": "3649e712-74bc-429c-aa6a-da726e1ae3ae",
          "Name": "ce5bf93e-9917-498d-8402-003f93f84f8d",
          "Description": "",
          "Priority": 1.0,
          "IsEnabled": true,
          "InverseRules": [
            {
              "RuleId": "b5494849-7fa9-389c-e159-0b00174917e8",
              "Name": "f90ff3a6-a129-4977-a6dd-f9890da7d4e3",
              "RuleText": "Measure.[LP Perm MD Rtl] = Measure.[LP Perm MD %] * Measure.[LP Ttl Sls Rtl]",
              "Priority": 1.0,
              "IsEnabled": true
            },
            {
              "RuleId": "6a4f1936-5b5f-61ca-f2ab-42817c85b963",
              "Name": "e07c068e-f72a-46ca-9002-825f12ba1db5",
              "RuleText": "Measure.[LP Perm MD Rtl] = sum(Measure.[LP Ttl MD Rtl],-1*Measure.[LP POS MD Rtl])",
              "Priority": 2.0,
              "IsEnabled": true
            }
          ]
        },
        {
          "GroupId": "8c4202c2-b188-b6a0-a5e4-25358e59fcff",
          "Name": "f3191c05-ee34-49fc-9947-00c1ce906ebf",
          "Description": "",
          "Priority": 2.0,
          "IsEnabled": true,
          "InverseRules": [
            {
              "RuleId": "04d44046-db70-b58a-e0eb-8b3d97eb7994",
              "Name": "52697bc7-692e-4951-8ab4-81e1d6ac8e0c",
              "RuleText": "Measure.[LP POS MD Rtl] = Measure.[LP POS MD %] * Measure.[LP Ttl Sls Rtl]",
              "Priority": 1.0,
              "IsEnabled": true
            },
            {
              "RuleId": "2fae3bb4-d508-16d3-dd1b-19a1d3e98308",
              "Name": "50034698-10dc-49e1-a5a8-4cbb873d5856",
              "RuleText": "Measure.[LP POS MD Rtl] = sum(Measure.[LP Ttl MD Rtl],-1*Measure.[LP Perm MD Rtl])",
              "Priority": 2.0,
              "IsEnabled": true
            }
          ]
        },
        {
          "GroupId": "88760e66-78e3-5e9b-673e-418b499610ff",
          "Name": "9cb61c19-210d-4d7d-9f5d-fe05fba2d2ad",
          "Description": "",
          "Priority": 3.0,
          "IsEnabled": true,
          "InverseRules": [
            {
              "RuleId": "c99f589f-33ce-d27f-363d-b489d0eb7981",
              "Name": "e819a1e6-9a3b-4be9-8c20-efb6b928d06e",
              "RuleText": "Measure.[LP Ttl MD Rtl] = Measure.[LP Ttl MD %] * Measure.[LP Ttl Sls Rtl]",
              "Priority": 1.0,
              "IsEnabled": true
            },
            {
              "RuleId": "f34f3ef1-66ce-7c78-c12c-c817545d2c9f",
              "Name": "4e45cad3-0b68-4d8f-b341-0fd131a11871",
              "RuleText": "Measure.[LP Ttl MD Rtl] = sum(Measure.[LP Ttl Sls Rtl],-1*Measure.[LP Sls Rtl])",
              "Priority": 2.0,
              "IsEnabled": true
            }
          ]
        },
        {
          "GroupId": "5f1c8027-eec0-d360-80bf-00ed5ae8fc96",
          "Name": "ba39abde-748a-4eff-a777-786ad40d53be",
          "Description": "",
          "Priority": 4.0,
          "IsEnabled": true,
          "InverseRules": [
            {
              "RuleId": "e5b84133-a9ca-c625-f147-30a2dfc92b6f",
              "Name": "0fa4ddfa-c828-414f-943b-65a844a6644b",
              "RuleText": "Measure.[LP Sls Rtl] = Measure.[LP Sls %] * Measure.[LP Ttl Sls Rtl]",
              "Priority": 1.0,
              "IsEnabled": true
            },
            {
              "RuleId": "26235c85-c66c-d8ec-9461-7f01b2f68c4c",
              "Name": "2061c65f-7aec-40c6-a316-251b27c1b8c3",
              "RuleText": "Measure.[LP Sls Rtl] = sum(Measure.[LP Ttl Sls Rtl],-1*Measure.[LP Ttl MD Rtl])",
              "Priority": 2.0,
              "IsEnabled": true
            }
          ]
        },
        {
          "GroupId": "959c9809-8bcf-79cb-fe1a-66001411ae7a",
          "Name": "26384ca1-e77e-4434-933c-584ad63c74a4",
          "Description": "",
          "Priority": 5.0,
          "IsEnabled": true,
          "InverseRules": [
            {
              "RuleId": "a771db59-23e8-b943-3153-3dd41669fcc0",
              "Name": "a6d59919-9ef1-4df6-8cf1-ce6832dfa619",
              "RuleText": "Measure.[LP Ttl Sls Rtl] = Sum(Measure.[LP Sls Rtl], Measure.[LP Ttl MD Rtl])",
              "Priority": 1.0,
              "IsEnabled": true
            }
          ]
        },
        {
          "GroupId": "7b044ac2-177f-8481-cf85-5ba8597e8848",
          "Name": "41770af1-40c9-4697-9bb4-7359c5167230",
          "Description": "",
          "Priority": 0.5,
          "IsEnabled": true,
          "InverseRules": [
            {
              "RuleId": "0d16c237-c9b2-a7f4-b6d9-415e92cd0efa",
              "Name": "38154d1b-9857-4d79-af4b-b3ae24ea8339",
              "RuleText": "Measure.[LP Ttl MD Rtl] = Sum(Measure.[LP Perm MD Rtl], Measure.[LP POS MD Rtl])",
              "Priority": 1.0,
              "IsEnabled": true
            }
          ]
        },
        {
          "GroupId": "0b7a2a47-f1e8-83c3-5404-ddb87f5a330d",
          "Name": "117287ef-5d4c-4ea2-a6e2-fe86c79fd702",
          "Description": "",
          "Priority": 6.0,
          "IsEnabled": true,
          "InverseRules": null
        }
      ]
    }
  ]
}