{
  "MeasureName": "Netting Time Upward Levels Order",
  "MeasureId": "c1b98bde-0326-41ec-b3f9-8bd945c75bc4",
  "MeasureDescription": "Netting Time Upward Levels Order",
  "DataType": "number",
  "MeasureType": "Regular",
  "AggregateFunction": "Max",
  "FormatString": "#,##0; (#,##0)",
  "MeasureColumnName": "NettingTimeUpwardLevelsOrder",
  "MeasureFormula": "",
  "IsEditable": true,
  "ApplyConversion": false,
  "ConversionFormula": "",
  "PickListName": null,
  "BgColorFormula": "",
  "FgColorFormula": "",
  "TrendFormula": "",
  "FormattingViewModel": "[]",
  "ParentMeasureName": null,
  "AssociationMeasure": false,
  "IsComputedByPlanningService": false,
  "ToolTip": "Netting Time Upward Levels Order",
  "ConfigJson": {},
  "ApiName": null,
  "ApiDisabled": false,
  "IsReportingMeasure": false,
  "MeasureConditionalFormulaProperties": [],
  "PicklistSource": null
}