{
  "MeasureName": "Aggregated MOQ",
  "MeasureId": "81887d4c-1232-262b-82b3-6414331e0903",
  "MeasureDescription": "MOQ checks the Receipt Drops aggregated at Department * Season level",
  "DataType": "integer",
  "MeasureType": "Regular",
  "AggregateFunction": "Max",
  "FormatString": "#,##0; (#,##0)",
  "MeasureColumnName": "AggregatedMOQ",
  "MeasureFormula": "",
  "IsEditable": true,
  "ApplyConversion": false,
  "ConversionFormula": "",
  "PickListName": null,
  "BgColorFormula": "",
  "FgColorFormula": "",
  "TrendFormula": "",
  "FormattingViewModel": "[]",
  "ParentMeasureName": null,
  "AssociationMeasure": false,
  "IsComputedByPlanningService": false,
  "ToolTip": "MOQ checks the Receipt Drops aggregated at Department * Season level",
  "ConfigJson": {},
  "ApiName": null,
  "ApiDisabled": false,
  "IsReportingMeasure": false,
  "MeasureConditionalFormulaProperties": [],
  "PicklistSource": null
}