{
  "MeasureName": "TD PP Sls %",
  "MeasureId": "fdc3dbe0-d27c-fb15-01c9-f300cfc85b9c",
  "MeasureDescription": "Top Down Promo Price Sales %",
  "DataType": "number",
  "MeasureType": "Regular",
  "AggregateFunction": "Computed",
  "FormatString": "0.00%",
  "MeasureColumnName": "TDPPSls%",
  "MeasureFormula": "safedivide(Measure.[TD PP Sls Rtl], Measure.[TD Sls Rtl])",
  "IsEditable": false,
  "ApplyConversion": false,
  "ConversionFormula": "",
  "PickListName": null,
  "BgColorFormula": "",
  "FgColorFormula": "",
  "TrendFormula": "",
  "FormattingViewModel": "[]",
  "ParentMeasureName": null,
  "AssociationMeasure": false,
  "IsComputedByPlanningService": false,
  "ToolTip": "1-TD Full Price Sales %",
  "ConfigJson": {},
  "ApiName": null,
  "ApiDisabled": false,
  "IsReportingMeasure": false,
  "MeasureConditionalFormulaProperties": [],
  "PicklistSource": null
}