{
  "AttributeName": "Calendar",
  "AttributeId": "2f138616-9974-4349-b632-99d8cf6688c5",
  "AttributeHierarchyEnabled": true,
  "IsKey": true,
  "Description": "Represents general calendars - such as capacity calendars",
  "OrderBy": "Key",
  "KeyColumnName": "CalendarKey",
  "NameColumnName": "CalendarName",
  "KeyColumnDataType": "integer",
  "SeedTags": false,
  "KeyGenerationType": "Auto",
  "PickListName": null,
  "ConfigJson": {},
  "FormatString": null,
  "Translation": null,
  "Aliases": [],
  "ApiName": null,
  "ApiDisabled": false
}