{
  "MeasureName": "Stat Batch End Time",
  "MeasureId": "1a04ac28-2eda-c9d8-49c8-ed03123f4c24",
  "MeasureDescription": "Timestamp for Stat Batch End",
  "DataType": "datetime",
  "MeasureType": "Regular",
  "AggregateFunction": "Max",
  "FormatString": "dd-mmm-yy hh:mm:ss",
  "MeasureColumnName": "StatBatchEndTime",
  "MeasureFormula": "",
  "IsEditable": false,
  "ApplyConversion": false,
  "ConversionFormula": "",
  "PickListName": null,
  "BgColorFormula": "",
  "FgColorFormula": "",
  "TrendFormula": "",
  "FormattingViewModel": "[]",
  "ParentMeasureName": null,
  "AssociationMeasure": false,
  "IsComputedByPlanningService": false,
  "ToolTip": "Timestamp for Stat Batch End",
  "ConfigJson": {},
  "ApiName": null,
  "ApiDisabled": false,
  "IsReportingMeasure": false,
  "MeasureConditionalFormulaProperties": [],
  "PicklistSource": null
}