{
  "Name": "New Size and Size Range",
  "ViewId": "695c6a6e-71d0-f2ef-137d-de40833e44bf",
  "ContentType": "Regular",
  "Title": "New Size & Size Range",
  "Position": 0,
  "IsDefault": true,
  "Resource": null,
  "RazorViewTemplate": "_containers",
  "ConfigJson": {
    "WidgetContainers": {
      "Containers": [
        2
      ],
      "Key": 4,
      "IsModified": false,
      "ViewSpread": {
        "RowLevel": 60,
        "ColLevel": 12
      },
      "Data": [
        {
          "Id": "edb939b2-d32b-420c-a8fe-3d06e3827f2d",
          "Col": 0,
          "Row": 0,
          "SizeX": 6,
          "SizeY": 60
        },
        {
          "Id": "dda756cb-7206-4935-963a-75e19573db07",
          "Col": 6,
          "Row": 0,
          "SizeX": 6,
          "SizeY": 60
        }
      ]
    },
    "CompactMode": false,
    "IsHidden": false
  },
  "Roles": [
    "public"
  ]
}