{
  "MeasureGroupName": "001.003 Batch Failure",
  "MeasureGroupId": "747570db-9e55-45fa-8a4f-e891eedafb35",
  "ParentMeasureGroupName": null,
  "HasShadow": false,
  "MeasureGroupDescription": "001.003 Batch Failure",
  "MeasureGroupType": "Regular",
  "FactTableName": "Fact001.003BatchFailure",
  "SchemaMajorVersion": 0,
  "ConfigJson": {},
  "ApiName": null,
  "Repartition": false,
  "Unpartition": false,
  "ApiEnabled": false,
  "DimensionUsages": [
    {
      "DimensionName": "Version",
      "AttributeName": "Version Name",
      "SortOrder": 0,
      "DimensionType": "Regular"
    },
    {
      "DimensionName": "Time",
      "AttributeName": "Day",
      "SortOrder": 0,
      "DimensionType": "Time"
    },
    {
      "DimensionName": "Solution",
      "AttributeName": "Solution Name",
      "SortOrder": 1,
      "DimensionType": "Regular"
    },
    {
      "DimensionName": "Batch ID",
      "AttributeName": "Batch ID Solution Name",
      "SortOrder": 2,
      "DimensionType": "Regular"
    },
    {
      "DimensionName": "Integration Batch ID",
      "AttributeName": "Integration Batch ID Solution Name",
      "SortOrder": 2,
      "DimensionType": null
    }
  ]
}