{
  "Name": "SupplyPlan164SourcingProportionPublishToWeekJS",
  "Description": "Publish Sourcing Proportion To Week JS",
  "ActionButtonId": "237b6447-1ae3-43d7-b8e6-22046c3a9f90",
  "Tooltip": "Publish Sourcing Proportion To Week JS",
  "ActionButtonType": "Widget",
  "Alignment": "right",
  "IsPopOver": true,
  "IsGlobal": true,
  "ActionClickHandler": null,
  "Icon": null,
  "Image": null,
  "ConfigJson": {
    "DisplayName": "Publish Sourcing Proportion To Week JS",
    "icon": "arrow-circle-up",
    "SubmitButton": {
      "Label": "Submit"
    },
    "ResetButton": {
      "Label": "Reset"
    },
    "CloseButton": {
      "Label": "Close",
      "ConfirmMessage": "Unsaved changes will be lost. Continue?"
    },
    "NotifyAll": false,
    "IBPLRules": [],
    "JavascriptRules": [
      {
        "modulename": "o9.referencesupplyplanning.PublishProportionMonthToWeek",
        "functionname": "PublishProportionMonthToWeek"
      }
    ],
    "FieldBindings": [
      {
        "fieldName": "SourceVersion",
        "title": "Source Version",
        "Description": "Source Version",
        "type": "picklistDropdown",
        "selectionType": "single",
        "clearSearch": true,
        "source": "filter",
        "DimensionName": "Version",
        "LevelAttributeName": "Version Name",
        "visible": true,
        "isEditable": true,
        "validation": {
          "maxLength": "0",
          "required": true
        }
      },
      {
        "fieldName": "TargetVersion",
        "title": "Target Version",
        "Description": "Target Version",
        "type": "picklistDropdown",
        "selectionType": "single",
        "clearSearch": true,
        "source": "filter",
        "DimensionName": "Version",
        "LevelAttributeName": "Version Name",
        "visible": true,
        "isEditable": true,
        "validation": {
          "maxLength": "0",
          "required": true
        }
      },
      {
        "fieldName": "FreezeWindowOffset",
        "title": "FreezeWindowOffset",
        "Description": "FreezeWindowOffset",
        "type": "picklistDropdown",
        "selectionType": "single",
        "clearSearch": true,
        "source": "datasource",
        "key": "FreezeWindowOffset",
        "valueField": "M Publish Freeze Window",
        "textField": "M Publish Freeze Window",
        "visible": false,
        "isEditable": false,
        "cascadeFrom": "SourceVersion",
        "validation": {
          "maxLength": "0",
          "required": false
        }
      },
      {
        "fieldName": "CurrentMonth",
        "title": "CurrentMonth",
        "Description": "CurrentMonth",
        "type": "picklistDropdown",
        "selectionType": "single",
        "clearSearch": true,
        "select": "ALL",
        "source": "datasource",
        "key": "CurrentMonth",
        "valueField": "Name",
        "textField": "Name",
        "visible": false,
        "isEditable": false,
        "validation": {
          "maxLength": "0",
          "required": false
        }
      },
      {
        "fieldName": "FromMonth",
        "title": "Publish From",
        "Description": "Publish From",
        "type": "picklistDropdown",
        "selectionType": "single",
        "clearSearch": true,
        "select": "ALL",
        "source": "datasource",
        "key": "FromMonth",
        "valueField": "Name",
        "textField": "Name",
        "visible": true,
        "isEditable": false,
        "cascadeFrom": "FreezeWindowOffset",
        "validation": {
          "maxLength": "0",
          "required": true
        }
      },
      {
        "fieldName": "ToMonth",
        "title": "Publish To",
        "Description": "Publish To",
        "type": "picklistDropdown",
        "selectionType": "single",
        "clearSearch": true,
        "select": "ALL",
        "source": "datasource",
        "key": "ToMonth",
        "valueField": "Name",
        "textField": "Name",
        "visible": true,
        "isEditable": false,
        "validation": {
          "maxLength": "0",
          "required": true
        }
      },
      {
        "fieldName": "FromWeek",
        "title": "FromWeek",
        "Description": "FromWeek",
        "type": "picklistDropdown",
        "selectionType": "single",
        "clearSearch": true,
        "select": "ALL",
        "source": "datasource",
        "key": "FromWeek",
        "valueField": "Name",
        "textField": "Name",
        "visible": false,
        "isEditable": false,
        "cascadeFrom": "FromMonth",
        "validation": {
          "maxLength": "0",
          "required": true
        }
      },
      {
        "fieldName": "ToWeek",
        "title": "ToWeek",
        "Description": "Name",
        "type": "picklistDropdown",
        "selectionType": "single",
        "clearSearch": true,
        "select": "ALL",
        "source": "datasource",
        "key": "ToWeek",
        "valueField": "Name",
        "textField": "Name",
        "visible": false,
        "isEditable": false,
        "cascadeFrom": "ToMonth",
        "validation": {
          "maxLength": "0",
          "required": true
        }
      }
    ],
    "DataSources": [
      {
        "Name": "FromMonth",
        "IBPLRules": [
          {
            "template": "select Time.[Month].[{{CurrentMonth}}].leadoffset({{FreezeWindowOffset}});"
          }
        ],
        "JavascriptRules": [],
        "IncludeDSFieldsOnly": false,
        "FieldBindings": []
      },
      {
        "Name": "CurrentMonth",
        "IBPLRules": [
          {
            "template": "select &MonthlySolverCurrentBucket.element(0);"
          }
        ],
        "JavascriptRules": [],
        "IncludeDSFieldsOnly": false,
        "FieldBindings": []
      },
      {
        "Name": "FreezeWindowOffset",
        "IBPLRules": [
          {
            "template": "Select ([Version].[Version Name]{{#filter SourceVersion}} * {Measure.[M Publish Freeze Window]});"
          }
        ],
        "JavascriptRules": [],
        "IncludeDSFieldsOnly": false,
        "FieldBindings": []
      },
      {
        "Name": "ToMonth",
        "IBPLRules": [
          {
            "template": "select &PlanningHorizon.last().relatedmembers([Month]).element(0);"
          }
        ],
        "JavascriptRules": [],
        "IncludeDSFieldsOnly": false,
        "FieldBindings": []
      },
      {
        "Name": "FromWeek",
        "IBPLRules": [
          {
            "template": "select (TO.[Time].[Week]) where {Version.[Version Name]{{#filter SourceVersion}}, FROM.[Time].[Month].[{{FromMonth}}], RelationshipType.[014.001 Supply Interaction Month to Week Association]} orderby To.[Time].[Week].Key Asc limit 1;\n"
          }
        ],
        "JavascriptRules": [],
        "IncludeDSFieldsOnly": false,
        "FieldBindings": []
      },
      {
        "Name": "ToWeek",
        "IBPLRules": [
          {
            "template": "select (TO.[Time].[Week]) where {Version.[Version Name]{{#filter SourceVersion}}, FROM.[Time].[Month].[{{ToMonth}}], RelationshipType.[014.001 Supply Interaction Month to Week Association]} orderby To.[Time].[Week].Key Desc limit 1;\n"
          }
        ],
        "JavascriptRules": [],
        "IncludeDSFieldsOnly": false,
        "FieldBindings": []
      }
    ],
    "AutoExecute": false,
    "isAsync": true,
    "hasMembersUpdates": false,
    "Compact": true,
    "TwoColumn": false,
    "IsGlobalForExcelAddIn": false,
    "ReturnFilterByUpdate": false,
    "FilterFieldBindings": []
  },
  "Widget": null
}