{
  "MeasureGroupName": "012 Size Ratio Cluster",
  "MeasureGroupId": "b1fa6331-4c75-5343-c496-fa7c4ce1b309",
  "ParentMeasureGroupName": null,
  "HasShadow": false,
  "MeasureGroupDescription": "Size Ratios at Cluster Level",
  "MeasureGroupType": "Regular",
  "FactTableName": "Fact012SizeRatioCluster",
  "SchemaMajorVersion": 0,
  "ConfigJson": {},
  "ApiName": null,
  "Repartition": false,
  "Unpartition": false,
  "ApiEnabled": false,
  "DimensionUsages": [
    {
      "DimensionName": "Version",
      "AttributeName": "Version Name",
      "SortOrder": 0,
      "DimensionType": "Regular"
    },
    {
      "DimensionName": "NamedNode",
      "AttributeName": "Retail_AP_SZP_Product_Cluster_NN",
      "SortOrder": 1,
      "DimensionType": "NamedNode"
    },
    {
      "DimensionName": "NamedNode",
      "AttributeName": "Retail_AP_FD_Channel_NN",
      "SortOrder": 2,
      "DimensionType": "NamedNode"
    },
    {
      "DimensionName": "NamedNode",
      "AttributeName": "Retail_AP_SZP_Size_Range_NN",
      "SortOrder": 3,
      "DimensionType": "NamedNode"
    },
    {
      "DimensionName": "Sequence",
      "AttributeName": "Sequence",
      "SortOrder": 4,
      "DimensionType": "Regular"
    }
  ]
}