{
  "HierarchyName": "Pipeline Group",
  "HierarchyId": "029ecd63-6313-0b57-ae07-d6a858ca459a",
  "HierarchyDescription": "Pipeline Group",
  "Translations": null,
  "Levels": [
    {
      "LevelName": "Pipeline Group",
      "LevelId": "4523253a-64e0-3ca6-e90d-4adc8fb50c43",
      "SourceAttributeName": "Pipeline Group",
      "LevelDescription": "Pipeline Group",
      "LevelPosition": 0,
      "Translations": null
    },
    {
      "LevelName": "Pipeline Name",
      "LevelId": "9fcc247b-a66b-862e-cded-dcc71270feec",
      "SourceAttributeName": "Pipeline Name",
      "LevelDescription": "Pipeline Name",
      "LevelPosition": 1,
      "Translations": null
    }
  ],
  "IsEnabled": true,
  "ErrorMessage": null
}