{
  "MeasureGroupName": "020 Line Build Plan Status",
  "MeasureGroupId": "6972ebd5-cc7a-a48c-2e41-76bc7eb7033d",
  "ParentMeasureGroupName": null,
  "HasShadow": false,
  "MeasureGroupDescription": "020 Line Build Plan Status",
  "MeasureGroupType": "Regular",
  "FactTableName": "Fact020LineBuildPlanStatus",
  "SchemaMajorVersion": 0,
  "ConfigJson": {},
  "ApiName": null,
  "Repartition": false,
  "Unpartition": false,
  "ApiEnabled": false,
  "DimensionUsages": [
    {
      "DimensionName": "Version",
      "AttributeName": "Version Name",
      "SortOrder": 0,
      "DimensionType": "Regular"
    },
    {
      "DimensionName": "Item",
      "AttributeName": "L3",
      "SortOrder": 1,
      "DimensionType": "Regular"
    },
    {
      "DimensionName": "Sales Domain",
      "AttributeName": "Sales Planning Channel",
      "SortOrder": 2,
      "DimensionType": "Regular"
    },
    {
      "DimensionName": "Location",
      "AttributeName": "Location Country",
      "SortOrder": 3,
      "DimensionType": "Regular"
    },
    {
      "DimensionName": "Selling Season",
      "AttributeName": "Selling Season",
      "SortOrder": 4,
      "DimensionType": "Regular"
    },
    {
      "DimensionName": "Process",
      "AttributeName": "Process",
      "SortOrder": 5,
      "DimensionType": "Regular"
    }
  ]
}