{
  "MeasureName": "SP Ttl Sls Build %",
  "MeasureId": "24eea17d-4e2e-4417-a5df-abb0937784a6",
  "MeasureDescription": "SP Ttl Sls Build %",
  "DataType": "number",
  "MeasureType": "Regular",
  "AggregateFunction": "Computed",
  "FormatString": "0.00%",
  "MeasureColumnName": "SPTtlSlsBuild%",
  "MeasureFormula": "safedivide(Measure.[SP Ttl Sls Rtl]-Measure.[SP Ttl Sls Rtl]@(Time.#.LeadOffset(-1)),Measure.[SP Ttl Sls Rtl]@(Time.#.LeadOffset(-1)))",
  "IsEditable": false,
  "ApplyConversion": false,
  "ConversionFormula": "",
  "PickListName": null,
  "BgColorFormula": "",
  "FgColorFormula": "",
  "TrendFormula": "",
  "FormattingViewModel": null,
  "ParentMeasureName": null,
  "AssociationMeasure": false,
  "IsComputedByPlanningService": false,
  "ToolTip": "(SP Total Sales Rtl - Previous planning period's SP Total Sales Rtl) /Previous planning period's SP Total Sales Rtl",
  "ConfigJson": {},
  "ApiName": null,
  "ApiDisabled": false,
  "IsReportingMeasure": false,
  "MeasureConditionalFormulaProperties": [],
  "PicklistSource": null
}