{
  "AttributeName": "PipelineSettingsName",
  "AttributeId": "6ae98248-e304-2323-fc3b-7d4d3bc2f24f",
  "AttributeHierarchyEnabled": true,
  "IsKey": true,
  "Description": "PipelineSettingsName",
  "OrderBy": "Name",
  "KeyColumnName": "PipelineSettingsNameKey",
  "NameColumnName": "PipelineSettingsNameName",
  "KeyColumnDataType": "integer",
  "SeedTags": false,
  "KeyGenerationType": "Auto",
  "PickListName": null,
  "ConfigJson": {
    "ShowFilterAs": "TileView",
    "MemberDisplayNameEditable": true,
    "IsMultipleImage": false,
    "MemberDisplayColor": false
  },
  "FormatString": null,
  "Translation": null,
  "Aliases": [],
  "ApiName": null,
  "ApiDisabled": false
}