{
  "Name": "AP54ApprovePlan",
  "Description": "Approve Plan",
  "ActionButtonId": "af9efab3-4b1c-d25d-de81-6a29b5cb3096",
  "Tooltip": "Approve Plan",
  "ActionButtonType": "Widget",
  "Alignment": "right",
  "IsPopOver": true,
  "IsGlobal": true,
  "ActionClickHandler": null,
  "Icon": null,
  "Image": null,
  "ConfigJson": {
    "DisplayName": "Approve Plan",
    "icon": "check-square-o",
    "SubmitButton": {
      "Label": "Submit"
    },
    "ResetButton": {
      "Label": "Reset"
    },
    "CloseButton": {
      "Label": "Close",
      "ConfirmMessage": "Unsaved changes will be lost. Continue?"
    },
    "NotifyRoles": false,
    "NotifyAll": false,
    "IBPLRules": [
      {
        "template": "exec procedure AP27WSSICopyFinaltoApproved{\"Version\" : \"{{Version}}\", \"StyleColor\": [{{#csv StyleColor}}] ,\"Season\": \"{{Seasons}}\" ,\"Country\": [{{#csv Country}}], \"Channel\" : [{{#csv Channel}}],\"Cluster\": [{{#csv Cluster}}]};"
      }
    ],
    "JavascriptRules": [],
    "FieldBindings": [
      {
        "fieldName": "Version",
        "title": "Version",
        "Description": "Version",
        "type": "picklistDropdown",
        "selectionType": "single",
        "clearSearch": true,
        "source": "filter",
        "DimensionName": "Version",
        "LevelAttributeName": "Version Name",
        "visible": true,
        "isEditable": true,
        "validation": {
          "maxLength": "0",
          "required": true
        }
      },
      {
        "fieldName": "Class",
        "title": "Class",
        "Description": "Class",
        "type": "picklist",
        "selectionType": "single",
        "clearSearch": true,
        "select": "ALL",
        "source": "members",
        "DimensionName": "Item",
        "LevelAttributeName": "L3",
        "FilterExpression": "&APClasses",
        "sortBy": "DisplayName",
        "sortOrder": "asc",
        "visible": true,
        "isEditable": true,
        "validation": {
          "maxLength": "0",
          "required": true
        },
        "filterBinding": "CurrentView"
      },
      {
        "fieldName": "Seasons",
        "title": "Selling Season",
        "Description": "Selling Season",
        "type": "picklistDropdown",
        "selectionType": "single",
        "clearSearch": true,
        "source": "filter",
        "DimensionName": "Selling Season",
        "LevelAttributeName": "Selling Season",
        "visible": true,
        "isEditable": true,
        "validation": {
          "maxLength": "0",
          "required": true
        }
      },
      {
        "fieldName": "StyleColor",
        "title": "Style Color",
        "Description": "Style Color",
        "type": "picklistDropdown",
        "selectionType": "multiple",
        "clearSearch": true,
        "select": "ALL",
        "source": "datasource",
        "key": "StyleDS",
        "valueField": "Name",
        "textField": "Name",
        "overrideFieldBindingType": false,
        "visible": false,
        "isEditable": false,
        "cascadeFrom": "Class",
        "validation": {
          "maxLength": "0",
          "required": true
        }
      },
      {
        "fieldName": "Country",
        "title": "Country",
        "Description": "Country",
        "type": "picklistDropdown",
        "selectionType": "multiple",
        "clearSearch": true,
        "select": "ALL",
        "source": "members",
        "DimensionName": "Location",
        "LevelAttributeName": "Location Country",
        "FilterExpression": "&APcountries",
        "sortBy": "DisplayName",
        "sortOrder": "asc",
        "visible": true,
        "isEditable": true,
        "validation": {
          "maxLength": "0",
          "required": true
        },
        "filterBinding": "CurrentView"
      },
      {
        "fieldName": "Cluster",
        "title": "Cluster",
        "Description": "Cluster",
        "type": "picklist",
        "selectionType": "multiple",
        "clearSearch": true,
        "source": "filter",
        "DimensionName": "Cluster",
        "LevelAttributeName": "Cluster",
        "visible": true,
        "isEditable": true,
        "validation": {
          "maxLength": "0",
          "required": true
        }
      },
      {
        "fieldName": "Channel",
        "title": "Channel",
        "Description": "Channel",
        "type": "picklistDropdown",
        "selectionType": "multiple",
        "clearSearch": true,
        "source": "filter",
        "DimensionName": "Sales Domain",
        "LevelAttributeName": "Sales Planning Channel",
        "visible": true,
        "isEditable": true,
        "validation": {
          "maxLength": "0",
          "required": true
        }
      }
    ],
    "Range": [],
    "DataSources": [
      {
        "Name": "StyleDS",
        "IBPLRules": [
          {
            "template": "Select (&APStyleColors) where {&CWVAndScenarios{{#filter Version}} ,&PlanningHorizon , &APStores , &APClusters ,  &APSellingSeasons{{#filter Seasons}} , Measure.[Assorted SC L W]==1};"
          }
        ],
        "JavascriptRules": [],
        "IncludeDSFieldsOnly": false,
        "FieldBindings": []
      }
    ],
    "AutoExecute": false,
    "isAsync": true,
    "hasMembersUpdates": false,
    "Compact": false,
    "TwoColumn": false,
    "IsGlobalForExcelAddIn": false,
    "ReturnFilterByUpdate": false,
    "ExcludeFromNavLink": false,
    "FilterFieldBindings": [],
    "enableTransaction": false
  },
  "Widget": null,
  "Roles": []
}