{
  "MeasureGroupName": "003 Bottum Up Plan Intermediate",
  "MeasureGroupId": "6e7f5231-54d9-48f6-b77e-bcd4cc75f923",
  "ParentMeasureGroupName": null,
  "HasShadow": false,
  "MeasureGroupDescription": "003 Bottum Up Plan Intermediate",
  "MeasureGroupType": "Regular",
  "FactTableName": "Fact003BottumUpPlanIntermediate",
  "SchemaMajorVersion": 0,
  "ConfigJson": {},
  "ApiName": null,
  "Repartition": false,
  "Unpartition": false,
  "ApiEnabled": false,
  "DimensionUsages": [
    {
      "DimensionName": "Version",
      "AttributeName": "Version Name",
      "SortOrder": 0,
      "DimensionType": "Regular"
    },
    {
      "DimensionName": "NamedNode",
      "AttributeName": "Retail_AP_FD_Time_NN",
      "SortOrder": 1,
      "DimensionType": "NamedNode"
    },
    {
      "DimensionName": "NamedNode",
      "AttributeName": "Retail_AP_FD_Product_Location_Setup_NN",
      "SortOrder": 2,
      "DimensionType": "NamedNode"
    },
    {
      "DimensionName": "NamedNode",
      "AttributeName": "Retail_AP_FD_Common_NN",
      "SortOrder": 3,
      "DimensionType": "NamedNode"
    }
  ]
}