{
  "MeasureName": "o9EKG Field Data Type",
  "MeasureId": "1b5ec4a0-1f98-479f-5daf-b10dc0edba1c",
  "MeasureDescription": "o9EKG Field Data Type",
  "DataType": "picklist",
  "MeasureType": "Regular",
  "AggregateFunction": "DistinctSum",
  "FormatString": "",
  "MeasureColumnName": "o9EKGFieldDataType",
  "MeasureFormula": "",
  "IsEditable": true,
  "ApplyConversion": false,
  "ConversionFormula": "",
  "PickListName": "o9EKG DataType",
  "BgColorFormula": "",
  "FgColorFormula": "",
  "TrendFormula": "",
  "FormattingViewModel": "[]",
  "ParentMeasureName": null,
  "AssociationMeasure": false,
  "IsComputedByPlanningService": false,
  "ToolTip": "o9EKG Field Data Type",
  "ConfigJson": {},
  "ApiName": null,
  "ApiDisabled": false,
  "IsReportingMeasure": false,
  "MeasureConditionalFormulaProperties": [],
  "PicklistSource": null
}