{
  "Name": "APInfoRanging02",
  "Description": "Information",
  "ActionButtonId": "8bea2684-474a-cada-4a1b-18a62a1db47d",
  "Tooltip": "Report Information",
  "ActionButtonType": "Widget",
  "Alignment": "right",
  "IsPopOver": true,
  "IsGlobal": true,
  "ActionClickHandler": null,
  "Icon": null,
  "Image": null,
  "ConfigJson": {
    "icon": "info-circle",
    "SubmitButton": {
      "Label": " "
    },
    "ResetButton": {},
    "CloseButton": {
      "Label": " "
    },
    "NotifyRoles": false,
    "NotifyAll": false,
    "IBPLRules": [],
    "JavascriptRules": [],
    "FieldBindings": [
      {
        "fieldName": "Information",
        "title": "Information",
        "type": "info",
        "clearSearch": true,
        "source": "literal",
        "defaultValue": "<!DOCTYPE html> <html lang=\"en\">  <head>     <meta charset=\"UTF-8\">     <meta name=\"viewport\" content=\"width=device-width, initial-scale=1.0\">     <title>Options Strategy Overview</title> </head>  <body style=\"text-align: left;\">     <p align=\"left\"><strong>Overview</strong></p>     <p align=\"left\">Cluster Assortment is used to refine the assortment of Style Color  at Country level in Line Build to Cluster level in Ranging.             <br>       Upon executing \"Update Store Cluster\" action button Auto-Assort logic kicks in which automatically assorts the optimal Style Color recommended by Options Strategy based on the ranking provided at Store level based. It takes the Planner Priority, Rate of Sale and Margin in the same order of precedence for ranking. If the Product Rank and recommendation level is Class, Assortment and Product Rank are calculated at the Cluster-Channel-Store-Class-PAG level and if recommendation level is PAG, PAG grained is added for ranking and assortment.        <br>        <br>           </p>     <p align=\"left\"><strong>How to Use</strong></p>     <p align=\"left\">        1.Select the required Style Color and  execute \"Update Store Cluster\" action button          <br>     2. Select \"Calculate Product Rank and Recommendation\" checkbox, if Auto-Assort needs to be run        <br> 3. Select the basis on which auto-assort needs to run i.e Class or PAG level     <br>              </p>     <p align=\"left\"><strong>Output</strong></p>     <p align=\"left\">1. Style Color * Cluster combination gets updated based on Auto-Assort logic. <br> </body>  </html>",
        "visible": true,
        "isEditable": true,
        "validation": {
          "maxLength": "0",
          "required": true
        }
      }
    ],
    "Range": [],
    "DataSources": [],
    "AutoExecute": false,
    "isAsync": false,
    "hasMembersUpdates": false,
    "Compact": false,
    "TwoColumn": false,
    "IsGlobalForExcelAddIn": false,
    "ReturnFilterByUpdate": false,
    "ExcludeFromNavLink": false,
    "FilterFieldBindings": [],
    "enableTransaction": false
  },
  "Widget": null,
  "Roles": []
}