{
  "DimensionId": "dd996a70-ffe6-9167-0b1b-156319cd91f9",
  "DimensionName": "o9EKG Navigation Filters",
  "DimensionTableName": "Dimo9EKGNavigationFilters",
  "DimensionType": "Regular",
  "DimensionKeyColumnName": "o9EKGNavigationFiltersKey",
  "DimensionDescription": "Navigation Filters",
  "Modifiable": true,
  "LockFree": false,
  "IsReservedBySystem": false,
  "ConfigJson": {
    "Position": -940
  },
  "ApiName": null,
  "ApiEnabled": false,
  "Translation": null,
  "Aliases": []
}