{
  "Name": "o9EKGClearConfigMappings",
  "Description": null,
  "ActionButtonId": "d5fbf1a6-8d13-d452-ff54-9f903e00c777",
  "Tooltip": "Clear Associations",
  "ActionButtonType": "Widget",
  "Alignment": "right",
  "IsPopOver": true,
  "IsGlobal": true,
  "ActionClickHandler": null,
  "Icon": null,
  "Image": null,
  "ConfigJson": {
    "icon": "undo",
    "SubmitButton": {
      "Label": "Submit"
    },
    "ResetButton": {},
    "CloseButton": {
      "Label": "Close"
    },
    "NotifyAll": false,
    "IBPLRules": [
      {
        "template": "// 1. Clear Output Assoc. //\n\nscope: (&CWV * [o9EKG Customer].[Project Name].[{{Project}}] * [o9EKG Table].[Field ID] * [o9EKG Business Characteristics].[Business Characteristics] );\nMeasure.[o9EKG Autogenerated Business Characteristics Field Association] = null ; \nend scope;\n\nscope: (&CWV * [o9EKG Customer].[Project Name].[{{Project}}] * [o9EKG Table].[Field ID] * [o9EKG Building Blocks].[Sub Block] );\nMeasure.[o9EKG Autogenerated Field Sub Block Association] = null  ; \nend scope;"
      }
    ],
    "JavascriptRules": [],
    "FieldBindings": [
      {
        "fieldName": "Project",
        "title": "Project",
        "type": "picklistDropdown",
        "selectionType": "single",
        "clearSearch": false,
        "source": "filter",
        "DimensionName": "o9EKG Customer",
        "LevelAttributeName": "Project Name",
        "visible": true,
        "isEditable": false,
        "validation": {
          "maxLength": "0",
          "required": true
        }
      }
    ],
    "Range": [],
    "DataSources": [],
    "AutoExecute": true,
    "isAsync": false,
    "hasMembersUpdates": false,
    "Compact": true,
    "TwoColumn": false,
    "IsGlobalForExcelAddIn": false,
    "ReturnFilterByUpdate": false,
    "ExcludeFromNavLink": false,
    "FilterFieldBindings": []
  },
  "Widget": null,
  "Roles": []
}