{
  "MeasureName": "Planning Item DisplayName Intermediate",
  "MeasureId": "9408b6d4-6855-27ec-2f15-2873e97df4b9",
  "MeasureDescription": "Planning Item DisplayName Intermediate",
  "DataType": "string",
  "MeasureType": "Regular",
  "AggregateFunction": "DistinctSum",
  "FormatString": "#,##0;(#,##0)",
  "MeasureColumnName": "PlanningItemDisplayNameIntermediate",
  "MeasureFormula": "",
  "IsEditable": false,
  "ApplyConversion": false,
  "ConversionFormula": "",
  "PickListName": null,
  "BgColorFormula": "",
  "FgColorFormula": "",
  "TrendFormula": "",
  "FormattingViewModel": "[]",
  "ParentMeasureName": null,
  "AssociationMeasure": false,
  "IsComputedByPlanningService": false,
  "ToolTip": "Planning Item DisplayName Intermediate",
  "ConfigJson": {},
  "ApiName": null,
  "ApiDisabled": false,
  "IsReportingMeasure": false,
  "MeasureConditionalFormulaProperties": [],
  "PicklistSource": null
}