{
  "MeasureGroupName": "029 Sales and Buy Plan Final",
  "MeasureGroupId": "19ce28cb-6a5b-53e2-a13d-c317c29cfb82",
  "ParentMeasureGroupName": null,
  "HasShadow": false,
  "MeasureGroupDescription": "029 Sales and Buy Plan Final",
  "MeasureGroupType": "Regular",
  "FactTableName": "Fact029SalesandBuyPlanFinal",
  "SchemaMajorVersion": 0,
  "ConfigJson": {},
  "ApiName": null,
  "Repartition": false,
  "Unpartition": false,
  "ApiEnabled": false,
  "DimensionUsages": [
    {
      "DimensionName": "Version",
      "AttributeName": "Version Name",
      "SortOrder": 0,
      "DimensionType": "Regular"
    },
    {
      "DimensionName": "NamedNode",
      "AttributeName": "Retail_AP_FD_Time_NN",
      "SortOrder": 1,
      "DimensionType": "NamedNode"
    },
    {
      "DimensionName": "NamedNode",
      "AttributeName": "Retail_AP_RP_Product_Cluster_NN",
      "SortOrder": 2,
      "DimensionType": "NamedNode"
    },
    {
      "DimensionName": "NamedNode",
      "AttributeName": "Retail_AP_FD_Common_NN",
      "SortOrder": 3,
      "DimensionType": "NamedNode"
    }
  ]
}