{
  "MeasureName": "Size Range Association",
  "MeasureId": "f6a98424-a607-e033-3bbe-e24d5b436e34",
  "MeasureDescription": "Approved Size Ranges for Class",
  "DataType": "picklist",
  "MeasureType": "Regular",
  "AggregateFunction": "Max",
  "FormatString": "",
  "MeasureColumnName": "SizeRangeAssociation",
  "MeasureFormula": "",
  "IsEditable": true,
  "ApplyConversion": false,
  "ConversionFormula": "",
  "PickListName": "Size Range Master",
  "BgColorFormula": "",
  "FgColorFormula": "",
  "TrendFormula": "",
  "FormattingViewModel": "[]",
  "ParentMeasureName": null,
  "AssociationMeasure": false,
  "IsComputedByPlanningService": false,
  "ToolTip": "Size Range Association",
  "ConfigJson": {},
  "ApiName": null,
  "ApiDisabled": false,
  "IsReportingMeasure": false,
  "MeasureConditionalFormulaProperties": [],
  "PicklistSource": null
}