{
  "MeasureName": "MN Priority Number",
  "MeasureId": "6753c009-5c07-4277-a6e1-4ef614625354",
  "MeasureDescription": "Priority Number",
  "DataType": "number",
  "MeasureType": "Regular",
  "AggregateFunction": "Max",
  "FormatString": "#,##0; (#,##0)",
  "MeasureColumnName": "MNPriorityNumber",
  "MeasureFormula": "",
  "IsEditable": true,
  "ApplyConversion": false,
  "ConversionFormula": "",
  "PickListName": null,
  "BgColorFormula": "",
  "FgColorFormula": "",
  "TrendFormula": "",
  "FormattingViewModel": null,
  "ParentMeasureName": null,
  "AssociationMeasure": false,
  "IsComputedByPlanningService": false,
  "ToolTip": "Priority Number",
  "ConfigJson": {},
  "ApiName": null,
  "ApiDisabled": false,
  "IsReportingMeasure": false,
  "MeasureConditionalFormulaProperties": [],
  "PicklistSource": null
}