{
  "AttributeName": "External Unit Size",
  "AttributeId": "0a859e8c-476d-787e-c19c-8558ad5261f0",
  "AttributeHierarchyEnabled": true,
  "IsKey": false,
  "Description": "Size, volume, weight of a single individual item within the pack (500 ml, 2 KG etc)",
  "OrderBy": "Key",
  "KeyColumnName": "ExternalUnitSizeKey",
  "NameColumnName": "ExternalUnitSizeName",
  "KeyColumnDataType": "integer",
  "SeedTags": false,
  "KeyGenerationType": "Auto",
  "PickListName": null,
  "ConfigJson": {
    "ShowFilterAs": "TileView",
    "MemberDisplayNameEditable": true,
    "IsMultipleImage": false,
    "MemberDisplayColor": false
  },
  "FormatString": null,
  "Translation": null,
  "Aliases": [],
  "ApiName": null,
  "ApiDisabled": false,
  "FgColorFormula": "",
  "BgColorFormula": "",
  "IsReservedBySystem": false
}