{
  "Name": "Allocation Policy",
  "WidgetDefinitionId": "53c1b00e-4c6b-ed5a-0e23-b376c37e175c",
  "IsPrivate": false,
  "WidgetType": "o9.pivot",
  "ViewWidgetDefinition": null,
  "PageWidgetDefinition": null,
  "CreatedUserEmail": "varaha.sudheer@o9solutions.com",
  "ModifiedUserEmail": "varaha.sudheer@o9solutions.com",
  "Roles": [
    "public"
  ],
  "ConfigJson": {
    "Widget": {
      "Height": 550,
      "ActionButtons": []
    },
    "Presentation": {
      "DataColumnBeforeMembers": false,
      "ShowQuickToggleBar": false,
      "IsEditable": true,
      "EnableExpandCollapse": true,
      "EnableOnGridFilter": true,
      "EnableSort": true,
      "EnableColumnReorder": true,
      "DisableBulkEdit": false,
      "DisableCopyOption": false,
      "DisableAdjustOption": false,
      "DisableApplyOption": false,
      "DisableNullifyOption": false,
      "EnableColumnResize": true,
      "ClearColumnFilterOnScopeFilter": false,
      "EnableJitColumns": false,
      "EnableAuditTrail": false,
      "EnableAutoCollapseColumns": false,
      "EnableSparsifyRowSelection": false,
      "UseConditionalFormatting": false,
      "EnablePastDifferentiation": false,
      "SuppressMessageHeader": false,
      "HideActionButtons": true,
      "ShowImage": true,
      "ShowMeasureGroupAsColumn": false,
      "DefaultLinkFiltersAutoSelection": true,
      "RowHeight": "25",
      "ShowServerConditionalFormating": false,
      "InterDependentFilter": false,
      "UseOutlineFormLayout": false,
      "DisableFieldList": false,
      "ShowComments": false,
      "HideNullRows": false,
      "HideNullColumns": false,
      "HideReadOnlyNullRows": false,
      "DisableBulkEditMeasures": false,
      "EnableMeasureReposition": false,
      "AllowExcelDownload": false,
      "EnableExportPivot": "",
      "DownloadButton": "System Setting",
      "AbovePivotFilterLevelAttribute": "",
      "AbovePivotFilterValue": "",
      "LayoutColumnWidth": "System Setting",
      "IsSummary": false,
      "ActionButtonBindings": "",
      "ExcelActionButtons": "",
      "CollabFolders": "",
      "ColumnProp": {
        "ColumnSubtotalsAtEnd": false,
        "TimeColumnSubTotalAtEnd": false
      },
      "RowProp": {
        "ShowMultiDimensionProperty": false,
        "RowSubtotalsAtEnd": false
      },
      "FilterProperties": "",
      "ReportMeasureSet": "",
      "IsGraphReport": false,
      "IsMultiGraphReport": false,
      "LevelAttributes": [
        {
          "Id": "304e572f-fe17-4be2-87bb-469f33bee496",
          "AttributeName": "Planning Item",
          "Dimension": "Item",
          "Axis": "row",
          "ShowInfo": {
            "ShowDetail": true,
            "ShowPulse": true,
            "ShowTask": true,
            "ShowMarketIntelligence": true
          },
          "IsVisible": true,
          "IsAttributeRequired": false,
          "ShowSubtotal": false,
          "ShowMemberConditionalFormatting": false,
          "SortBy": "",
          "JoinWithGraph": false,
          "DisplayName": "",
          "ShortName": "",
          "UOMMember": ""
        },
        {
          "Id": "667ed008-53b6-4824-9b09-9aa4abe0d2bd",
          "AttributeName": "Demand Type",
          "Dimension": "Demand Type",
          "Axis": "row",
          "ShowInfo": {
            "ShowDetail": true,
            "ShowPulse": true,
            "ShowTask": true,
            "ShowMarketIntelligence": true
          },
          "IsVisible": true,
          "IsAttributeRequired": false,
          "ShowSubtotal": false,
          "ShowMemberConditionalFormatting": false,
          "SortBy": "",
          "JoinWithGraph": false,
          "DisplayName": "",
          "ShortName": "",
          "UOMMember": ""
        },
        {
          "Id": "a6228560-3400-42fb-bca3-1e57f3242d07",
          "AttributeName": "Measure",
          "Dimension": "Measure",
          "Axis": "column",
          "ShowInfo": {
            "ShowDetail": true,
            "ShowPulse": true,
            "ShowTask": true,
            "ShowMarketIntelligence": true
          },
          "IsVisible": true,
          "IsAttributeRequired": false,
          "ShowSubtotal": false,
          "ShowMemberConditionalFormatting": false,
          "SortBy": "",
          "JoinWithGraph": false,
          "DisplayName": "",
          "ShortName": "",
          "UOMMember": ""
        }
      ],
      "FilterGroups": [
        {
          "GroupName": "Planning Item",
          "HierarchyId": "4bb869a7-f20e-62cd-44a9-bd7a8fdb97e0",
          "Id": "e21e796d-80a2-46c4-be4e-d3dd5aa13d7c",
          "Attributes": [
            "c8215069-c134-49e6-a1de-5f681eb07b83",
            "304e572f-fe17-4be2-87bb-469f33bee496"
          ]
        },
        {
          "GroupName": "Demand Type",
          "HierarchyId": "",
          "Id": "f11e241f-c5ff-4ab2-abcb-9c7d6c8b0b8c",
          "Attributes": [
            "667ed008-53b6-4824-9b09-9aa4abe0d2bd"
          ]
        },
        {
          "GroupName": "Version Name",
          "HierarchyId": "",
          "Id": "c64529cf-4a9e-4ee6-97e5-3ebc70dbf881",
          "Attributes": [
            "211b33d5-d91f-40ec-9668-20e0da2ae7b3"
          ]
        }
      ],
      "MeasureCollections": [
        {
          "Measures": [
            {
              "Name": "Allocation Policy",
              "Id": "85b577ca-7af1-8e7c-b022-68835eecca05",
              "IsVisible": true,
              "IsEditable": true,
              "IsMultiFileUpload": false,
              "ShowInLocalTimeZone": false,
              "RenderType": "Value",
              "Alignment": "MiddleRight",
              "FormatString": "",
              "ColumnWidth": 0,
              "Sort": "",
              "UseExcelAggregation": false,
              "MeasureFormatting": [
                {
                  "BGCOLOR": "",
                  "FGCOLOR": "",
                  "ApplyForData": false,
                  "ApplyForHeader": false
                }
              ],
              "TimeHorizon": "",
              "ShowInfo": {
                "ShowDetail": true,
                "ShowPulse": true,
                "ShowTask": true,
                "ShowMarketIntelligence": true
              },
              "ChildMeasureCollections": null,
              "IsMultiDimensionProperty": false
            }
          ]
        }
      ],
      "MeasureCollections2": [],
      "AlwaysOnMeasureCollections": [],
      "GraphRelations": [],
      "Folders": []
    }
  },
  "WidgetKeywordTags": [],
  "DimensionAttributeUsages": [],
  "WidgetModel": {
    "WidgetModelId": "b0962226-7b9b-4e52-8275-cb6e366bb1f2",
    "ConfigJson": {
      "LevelAttributes": [
        {
          "Id": "304e572f-fe17-4be2-87bb-469f33bee496",
          "AttributeName": "Planning Item",
          "Dimension": "Item",
          "DimensionId": 2628169,
          "IsFilter": true,
          "Axis": "none",
          "IsDefault": true,
          "AllSelection": true,
          "SelectedMembers": [],
          "Name": "Planning Item",
          "DimensionName": "Item",
          "OverrideFavSelection": false,
          "CurrencyFilter": false,
          "IsSingleSelect": false,
          "MemberFilterExpression": "",
          "DefaultValueExpression": "",
          "WorksheetLevelFilter": false,
          "HideDummyMembers": false,
          "SortBy": "",
          "SortOrder": "",
          "IsNarrowYourSelection": false,
          "Position": 50
        },
        {
          "Id": "c8215069-c134-49e6-a1de-5f681eb07b83",
          "AttributeName": "L3",
          "Dimension": "Item",
          "DimensionId": 2628169,
          "IsFilter": true,
          "Axis": "none",
          "IsDefault": true,
          "AllSelection": false,
          "SelectedMembers": [
            {
              "Name": "CL_90",
              "DisplayAlias": null
            }
          ],
          "Name": "L3",
          "DimensionName": "Item",
          "OverrideFavSelection": false,
          "CurrencyFilter": false,
          "IsSingleSelect": true,
          "MemberFilterExpression": "",
          "DefaultValueExpression": "",
          "WorksheetLevelFilter": false,
          "HideDummyMembers": false,
          "SortBy": "",
          "SortOrder": "",
          "IsNarrowYourSelection": false,
          "Position": 50
        },
        {
          "Id": "667ed008-53b6-4824-9b09-9aa4abe0d2bd",
          "AttributeName": "Demand Type",
          "Dimension": "Demand Type",
          "DimensionId": 2628170,
          "IsFilter": true,
          "Axis": "none",
          "IsDefault": true,
          "AllSelection": true,
          "SelectedMembers": [],
          "Name": "Demand Type",
          "DimensionName": "Demand Type",
          "CurrencyFilter": false,
          "IsSingleSelect": false,
          "MemberFilterExpression": "",
          "DefaultValueExpression": "",
          "OverrideFavSelection": false,
          "WorksheetLevelFilter": false,
          "HideDummyMembers": false,
          "SortBy": "",
          "SortOrder": "",
          "IsNarrowYourSelection": false,
          "Position": 80
        },
        {
          "Id": "211b33d5-d91f-40ec-9668-20e0da2ae7b3",
          "AttributeName": "Version Name",
          "Dimension": "Version",
          "DimensionId": 2627910,
          "IsFilter": true,
          "Axis": "none",
          "IsDefault": true,
          "AllSelection": false,
          "SelectedMembers": [
            {
              "Name": "CurrentWorkingView"
            }
          ],
          "Name": "Version Name",
          "DimensionName": "Version",
          "OverrideFavSelection": false,
          "IsSingleSelect": true,
          "MemberFilterExpression": "",
          "DefaultValueExpression": "",
          "WorksheetLevelFilter": false,
          "HideDummyMembers": false,
          "SortBy": "",
          "SortOrder": "",
          "IsNarrowYourSelection": false,
          "Position": 100
        },
        {
          "Id": "304e572f-fe17-4be2-87bb-469f33bee496",
          "AttributeName": "Planning Item",
          "Dimension": "Item",
          "EdgeDirection": null,
          "IsFilter": false,
          "Axis": "row",
          "IsDefault": true,
          "AllSelection": false,
          "SelectedMembers": [],
          "Name": "Planning Item",
          "DimensionName": "Item",
          "IsVisible": true,
          "IsAttributeRequired": false,
          "ShowSubtotal": false,
          "ShowMemberConditionalFormatting": false,
          "SortBy": "",
          "JoinWithGraph": false,
          "DisplayName": "",
          "ShortName": ""
        },
        {
          "Id": "667ed008-53b6-4824-9b09-9aa4abe0d2bd",
          "AttributeName": "Demand Type",
          "Dimension": "Demand Type",
          "EdgeDirection": null,
          "IsFilter": false,
          "Axis": "row",
          "IsDefault": true,
          "AllSelection": false,
          "SelectedMembers": [],
          "Name": "Demand Type",
          "DimensionName": "Demand Type",
          "IsVisible": true,
          "IsAttributeRequired": false,
          "ShowSubtotal": false,
          "ShowMemberConditionalFormatting": false,
          "SortBy": "",
          "JoinWithGraph": false,
          "DisplayName": "",
          "ShortName": ""
        },
        {
          "Id": "a6228560-3400-42fb-bca3-1e57f3242d07",
          "AttributeName": "Measure",
          "Dimension": "Measure",
          "IsFilter": false,
          "Axis": "column",
          "IsDefault": true,
          "AllSelection": false,
          "SelectedMembers": [],
          "Name": "Measure",
          "DimensionName": "Measure",
          "IsVisible": true,
          "IsAttributeRequired": false,
          "ShowSubtotal": false,
          "ShowMemberConditionalFormatting": false,
          "SortBy": "",
          "JoinWithGraph": false,
          "DisplayName": "",
          "ShortName": "",
          "UOMMember": ""
        }
      ],
      "PeggingAttributes": [],
      "FlowPlanAttributes": [],
      "Hierarchies": [],
      "NamedSets": [],
      "RegularMeasures": [
        {
          "Id": "85b577ca-7af1-8e7c-b022-68835eecca05",
          "Name": "Allocation Policy"
        }
      ],
      "TransientMeasures": [],
      "GraphRelations": [],
      "Folders": [],
      "AssociationMeasures": [
        {
          "MeasureFilterIBPLExpression": "",
          "MeasureFilterScope": "Post Filter"
        }
      ],
      "AssociationMeasureExpressions": [
        {
          "Expression": ""
        }
      ],
      "DataProperties": {
        "IncludeInactiveMembers": false,
        "IncludeNulls": false,
        "NullsForFinerGrainSelect": false,
        "NullsForUnrelatedAttrSelect": false,
        "RequireEditValidation": false,
        "SubTotalsType": "NoSubtotals",
        "IncludeNullsForSeries": "",
        "AssociationMeasureExpression": ""
      },
      "FilterProperties": {
        "VersionDependentFilter": false,
        "InterDependentMeasure": {},
        "ExcludeVersionInFavorite": false
      },
      "FilterGroups": [
        {
          "Id": "e21e796d-80a2-46c4-be4e-d3dd5aa13d7c",
          "HierarchyId": "4bb869a7-f20e-62cd-44a9-bd7a8fdb97e0",
          "HierarchyName": "Analytics Item Hierarchy",
          "GroupName": "Planning Item",
          "DimensionId": 2628169,
          "DimensionName": "Item",
          "IsHierGroup": false,
          "IsNamedSet": false,
          "Attributes": [
            {
              "Id": 6112757,
              "LevelName": "L3",
              "LevelId": "b92e58e1-e9a5-2c1b-5384-673458b3bd77",
              "AttributeId": 15670775,
              "AttributeName": "L3",
              "LevelPosition": 4,
              "HierarchyId": 1422024,
              "AttributeGuid": "c8215069-c134-49e6-a1de-5f681eb07b83",
              "IsUIPrefAttr": false,
              "PresentationName": "L3",
              "GivenName": "L3",
              "TranslationName": "None"
            },
            {
              "Id": 6112760,
              "LevelName": "Planning Item",
              "LevelId": "063f6582-6c02-3605-0522-8c0dfd28baa5",
              "AttributeId": 15670695,
              "AttributeName": "Planning Item",
              "LevelPosition": 7,
              "HierarchyId": 1422024,
              "AttributeGuid": "304e572f-fe17-4be2-87bb-469f33bee496",
              "IsUIPrefAttr": false,
              "PresentationName": "Planning Item",
              "GivenName": "Planning Item",
              "TranslationName": "None"
            }
          ]
        },
        {
          "Id": "f11e241f-c5ff-4ab2-abcb-9c7d6c8b0b8c",
          "HierarchyId": "",
          "HierarchyName": "",
          "GroupName": "Demand Type",
          "DimensionId": 2628170,
          "DimensionName": "Demand Type",
          "IsHierGroup": false,
          "IsNamedSet": false,
          "Attributes": [
            {
              "AttributeGuid": "667ed008-53b6-4824-9b09-9aa4abe0d2bd",
              "PresentationName": "Demand Type",
              "GivenName": "Demand Type",
              "AttributeName": "Demand Type",
              "LevelPosition": 0,
              "IsKey": true
            }
          ],
          "AttrName": "Demand Type"
        },
        {
          "Id": "c64529cf-4a9e-4ee6-97e5-3ebc70dbf881",
          "HierarchyId": "",
          "HierarchyName": "",
          "GroupName": "Version Name",
          "DimensionId": 2627910,
          "DimensionName": "Version",
          "IsHierGroup": false,
          "IsNamedSet": false,
          "Attributes": [
            {
              "AttributeGuid": "211b33d5-d91f-40ec-9668-20e0da2ae7b3",
              "PresentationName": "Version Name",
              "GivenName": "Version Name",
              "AttributeName": "Version Name",
              "LevelPosition": 0,
              "IsKey": true
            }
          ],
          "AttrName": "Version Name"
        }
      ],
      "SortByMeasure": [
        {
          "Measure": null,
          "SortOrder": ""
        }
      ]
    }
  }
}