{
  "MeasureName": "TD Sls Build %",
  "MeasureId": "4e490688-e03a-b462-3422-cdf74ab1c9f7",
  "MeasureDescription": "TD Sls Build %",
  "DataType": "number",
  "MeasureType": "Regular",
  "AggregateFunction": "Computed",
  "FormatString": "0.00%",
  "MeasureColumnName": "TDSlsBuild%",
  "MeasureFormula": "safedivide((Measure.[TD Sls Rtl] - Measure.[TD Sls Rtl]@(Time.#.LeadOffset(-1))),Measure.[TD Sls Rtl]@(Time.#.LeadOffset(-1)))",
  "IsEditable": false,
  "ApplyConversion": false,
  "ConversionFormula": "",
  "PickListName": null,
  "BgColorFormula": "",
  "FgColorFormula": "",
  "TrendFormula": "",
  "FormattingViewModel": "[]",
  "ParentMeasureName": null,
  "AssociationMeasure": false,
  "IsComputedByPlanningService": false,
  "ToolTip": "(TD Sales Rtl - Previous planning period's TD Sales Rtl) /Previous planning period's TD Sales Rtl",
  "ConfigJson": {},
  "ApiName": null,
  "ApiDisabled": false,
  "IsReportingMeasure": false,
  "MeasureConditionalFormulaProperties": [],
  "PicklistSource": null
}