{
  "Name": "Create Plugin",
  "ViewId": "6df09be2-0535-354c-a304-b943ff372456",
  "ContentType": "Regular",
  "Title": "Settings",
  "Position": 0,
  "IsDefault": true,
  "Resource": null,
  "RazorViewTemplate": "_containers",
  "ConfigJson": {
    "WidgetContainers": {
      "Containers": [
        1
      ],
      "Key": 0,
      "IsModified": false,
      "ViewSpread": {
        "RowLevel": 60,
        "ColLevel": 12
      },
      "Data": [
        {
          "Id": "e5bd3659-b423-4565-9e6e-81d093145e29",
          "Col": 0,
          "Row": 0,
          "SizeX": 12,
          "SizeY": 60
        }
      ]
    },
    "CompactMode": false,
    "IsHidden": false
  },
  "Roles": [
    "admin",
    "dataadmin",
    "public",
    "PMM Super User",
    "EKG_DataAdmin",
    "EKG_DataDefault",
    "EKG_Intg_Arch"
  ]
}