{
  "AttributeName": "Channel L1",
  "AttributeId": "dbf67e1f-72e5-0c10-5284-32411fc4b014",
  "AttributeHierarchyEnabled": true,
  "IsKey": false,
  "Description": "Channel L1",
  "OrderBy": "Key",
  "KeyColumnName": "ChannelL1Key",
  "NameColumnName": "ChannelL1Name",
  "KeyColumnDataType": "integer",
  "SeedTags": true,
  "KeyGenerationType": "Auto",
  "PickListName": null,
  "ConfigJson": {
    "ShowFilterAs": "TileView",
    "MemberDisplayNameEditable": true,
    "IsMultipleImage": false,
    "MemberDisplayColor": false
  },
  "FormatString": null,
  "Translation": null,
  "Aliases": [],
  "ApiName": null,
  "ApiDisabled": false
}