{
  "Name": "ResetStrategicPlan",
  "Description": null,
  "ActionButtonId": "8e98eacd-11d2-4b76-a18c-75e0284a70cb",
  "Tooltip": "Reset Strategic Plan",
  "ActionButtonType": "Widget",
  "Alignment": "right",
  "IsPopOver": true,
  "IsGlobal": true,
  "ActionClickHandler": null,
  "Icon": null,
  "Image": null,
  "ConfigJson": {
    "DisplayName": "Reset Strategic Plan",
    "icon": "undo",
    "SubmitButton": {
      "Label": "Submit"
    },
    "ResetButton": {
      "Label": "Reset"
    },
    "CloseButton": {
      "Label": "Close",
      "ConfirmMessage": "Unsaved changes will be lost. Continue?"
    },
    "NotifyAll": false,
    "IBPLRules": [
      {
        "template": "scope:(Version.[Version Name]{{#filter Version}} * Item.[L6]{{#filter BusinessUnit}} * [Sales Domain].[Sales Planning Channel]* &CurrentAndFuturePlanningMonths * Location.[Location Country] * [Selling Season].[Selling Season]); \nMeasure.[SP Ttl Sls Rtl] = Null;\nMeasure.[SP FP Sls Rtl] = Null;\nMeasure.[SP PP Sls Rtl] = Null;\nend scope;"
      }
    ],
    "JavascriptRules": [],
    "FieldBindings": [
      {
        "fieldName": "Version",
        "title": "Version",
        "source": "filter",
        "type": "string",
        "key": "LA-Version",
        "visible": true,
        "isEditable": false,
        "validation": {
          "required": true,
          "maxLength": "0"
        },
        "DimensionName": "Version",
        "LevelAttributeName": "Version Name",
        "clearSearch": true
      },
      {
        "fieldName": "BusinessUnit",
        "title": "Business Unit",
        "Description": "Business Unit",
        "type": "picklistDropdown",
        "selectionType": "multiple",
        "clearSearch": true,
        "source": "filter",
        "DimensionName": "Item",
        "LevelAttributeName": "L6",
        "visible": true,
        "isEditable": true,
        "validation": {
          "maxLength": "0",
          "required": true
        }
      }
    ],
    "Range": [],
    "DataSources": [],
    "AutoExecute": false,
    "isAsync": true,
    "hasMembersUpdates": false,
    "Compact": false,
    "TwoColumn": false,
    "IsGlobalForExcelAddIn": false,
    "ReturnFilterByUpdate": false,
    "ExcludeFromNavLink": false,
    "FilterFieldBindings": []
  },
  "Widget": null,
  "Roles": []
}