{
  "AttributeName": "Item Class Image",
  "AttributeId": "3d49cc73-65a9-4087-b560-69760acf9872",
  "AttributeHierarchyEnabled": false,
  "IsKey": false,
  "Description": "Item Class Image",
  "OrderBy": "Key",
  "KeyColumnName": "ItemClassImageKey",
  "NameColumnName": null,
  "KeyColumnDataType": "image",
  "SeedTags": false,
  "KeyGenerationType": null,
  "PickListName": null,
  "ConfigJson": {},
  "FormatString": "#,##0;(#,##0)",
  "Translation": null,
  "Aliases": [],
  "ApiName": null,
  "ApiDisabled": false
}