{
  "MeasureName": "SP Reg Sls Rtl Mix %",
  "MeasureId": "006f3c8d-a9a7-480e-bdda-437b534d532e",
  "MeasureDescription": "SP Regular Sales Retail Mix %",
  "DataType": "number",
  "MeasureType": "Regular",
  "AggregateFunction": "Sum",
  "FormatString": "0.00%",
  "MeasureColumnName": "SPRegSlsRtlMix%",
  "MeasureFormula": "",
  "IsEditable": true,
  "ApplyConversion": false,
  "ConversionFormula": "",
  "PickListName": null,
  "BgColorFormula": "",
  "FgColorFormula": "",
  "TrendFormula": "",
  "FormattingViewModel": null,
  "ParentMeasureName": null,
  "AssociationMeasure": false,
  "IsComputedByPlanningService": false,
  "ToolTip": "SP Regular Sales Retail Mix %",
  "ConfigJson": {},
  "ApiName": null,
  "ApiDisabled": false,
  "IsReportingMeasure": false,
  "MeasureConditionalFormulaProperties": [],
  "PicklistSource": null
}