{
  "Name": "MFGReleaseWindowOverrideInfo",
  "Description": "Information",
  "ActionButtonId": "c375829b-fb10-44cd-b7ab-1ae0f1c47cd5",
  "Tooltip": "Information",
  "ActionButtonType": "Widget",
  "Alignment": "right",
  "IsPopOver": true,
  "IsGlobal": true,
  "ActionClickHandler": null,
  "Icon": null,
  "Image": null,
  "ConfigJson": {
    "icon": "info-circle",
    "SubmitButton": {
      "Label": "Submit"
    },
    "ResetButton": {
      "Label": "Reset"
    },
    "CloseButton": {
      "Label": "Close",
      "ConfirmMessage": "Unsaved changes will be lost. Continue?"
    },
    "NotifyAll": false,
    "IBPLRules": [],
    "JavascriptRules": [],
    "FieldBindings": [
      {
        "fieldName": "Information",
        "title": "Information",
        "type": "info",
        "clearSearch": true,
        "source": "literal",
        "defaultValue": "<b>Release Window Override</b> <p align =\"left\">The following grid is used to define/override Release Window at a finished good Location level.This specifies the period for which the o9 platform will suggest the production plan to the downstream scheduling system.It does not reduces the planning horizon.</p><p align =\"left\">The release window indicates the time buckets for which the plan will be released while the frozen window indicates the time buckets for which the shipment plan has been finalized and won’t change.</p><p align =\"left\">Only the Supplies (Shipments/Productions) within the Release Window will be available as Recommendation for Approval.</p>",
        "visible": true,
        "isEditable": false,
        "validation": {
          "maxLength": "0",
          "required": true
        }
      }
    ],
    "Range": [],
    "DataSources": [],
    "AutoExecute": false,
    "isAsync": false,
    "hasMembersUpdates": false,
    "Compact": false,
    "TwoColumn": false,
    "IsGlobalForExcelAddIn": false,
    "ReturnFilterByUpdate": false,
    "ExcludeFromNavLink": false,
    "FilterFieldBindings": []
  },
  "Widget": null,
  "Roles": []
}