{
  "Name": "o9EKGLockTable",
  "Description": "Lock Table",
  "ActionButtonId": "d7543da5-647b-e1f5-6043-ad9f94f10be0",
  "Tooltip": "Lock Table",
  "ActionButtonType": "Widget",
  "Alignment": "right",
  "IsPopOver": true,
  "IsGlobal": true,
  "ActionClickHandler": null,
  "Icon": null,
  "Image": null,
  "ConfigJson": {
    "icon": "lock",
    "SubmitButton": {
      "Label": "Submit"
    },
    "ResetButton": {
      "Label": "Reset"
    },
    "CloseButton": {
      "Label": "Close",
      "ConfirmMessage": "Unsaved changes will be lost. Continue?"
    },
    "NotifyRoles": true,
    "NotifyAll": false,
    "IBPLRules": [
      {
        "template": "scope: (&CWV * [o9EKG Customer].[Project Name].[{{ProjectName}}] * [o9EKG Table].[Table Name]{{#filter TableName}});\nMeasure.[o9EKG Table Locked] = {{lock}};\n\nMeasure.[o9EKG Override LSU File Type].lock = {{lock}};\nMeasure.[o9EKG Table Placeholder 1].lock = {{lock}};\nMeasure.[o9EKG LS External Table Name].lock = {{lock}};\nMeasure.[o9EKG Table Placeholder 5].lock = {{lock}};\nMeasure.[o9EKG Planning Specific Data].lock = {{lock}};\nMeasure.[o9EKG Table Short Description].lock = {{lock}};\nMeasure.[o9EKG Table Placeholder 3].lock = {{lock}};\nMeasure.[o9EKG LS External Table Flag].lock = {{lock}};\nMeasure.[o9EKG Duplicate Data Handling].lock = {{lock}};\n\n\nend scope;\n\nscope: (&CWV * [o9EKG Customer].[Project Name].[{{ProjectName}}] * [o9EKG Table].[Table Name]{{#filter TableName}});\nMeasure.[o9EKG Table Locked] = {{lock}};\n\nMeasure.[o9EKG LS GC Sync Direction].lock = {{lock}};\nMeasure.[o9EKG LS GC Pipeline Target].lock = {{lock}};\nMeasure.[o9EKG Table Placeholder 2].lock = {{lock}};\nMeasure.[o9EKG LS Dimension Name].lock = {{lock}};\nMeasure.[o9EKG Table Description].lock = {{lock}};\nMeasure.[o9EKG LS Table Type].lock = {{lock}};\nMeasure.[o9EKG Hierarchy Check Required].lock = {{lock}};\nMeasure.[o9EKG Override LSU File Delimiter].lock = {{lock}};\nMeasure.[o9EKG Table Placeholder 4].lock = {{lock}};\nMeasure.[o9EKG Table Locked].lock = {{lock}};\n\nend scope;\n\nscope: (&CWV * [o9EKG Customer].[Project Name].[{{ProjectName}}] * [o9EKG Table].[Table Name]{{#filter TableName}});\nMeasure.[o9EKG Table Locked] = {{lock}};\n\nMeasure.[o9EKG Tenant Data Download IBPL Query].lock = {{lock}};\nMeasure.[o9EKG Tenant Data Download IBPL Delimiter].lock = {{lock}};\n\nend scope;\n\nscope: (&CWV * [o9EKG Customer].[Project Name].[{{ProjectName}}] * [o9EKG Table].[Table Name]{{#filter TableName}});\nMeasure.[o9EKG Table Locked] = {{lock}};\n\nMeasure.[o9EKG File Source Type].lock = {{lock}};\nMeasure.[o9EKG File Insert Methodology].lock = {{lock}};\nMeasure.[o9EKG File Description].lock = {{lock}};\nMeasure.[o9EKG File Type].lock = {{lock}};\nMeasure.[o9EKG File Load Type].lock = {{lock}};\nMeasure.[o9EKG File Encryption].lock = {{lock}};\nMeasure.[o9EKG File Target Path Param].lock = {{lock}};\nMeasure.[o9EKG File Delimiter].lock = {{lock}};\n\nend scope;\n\nscope: (&CWV * [o9EKG Customer].[Project Name].[{{ProjectName}}] * [o9EKG Table].[Table Name]{{#filter TableName}});\n\nMeasure.[o9EKG LSU Net Change External Table Filter].lock = {{lock}};\n\nend scope;\n\nscope: (&CWV * [o9EKG Customer].[Project Name].[{{ProjectName}}] * [o9EKG Table].[Table Name]{{#filter TableName}}.relatedmembers([Field ID]));\n\nMeasure.[o9EKG Group By Text].lock = {{lock}};\nMeasure.[o9EKG Field Mapping Placeholder 4].lock = {{lock}};\nMeasure.[o9EKG Field Mapping Placeholder 1].lock = {{lock}};\nMeasure.[o9EKG Forward Flow Key Field].lock = {{lock}};\nMeasure.[o9EKG Backward Flow Key Field].lock = {{lock}};\nMeasure.[o9EKG Field Mapping Placeholder 5].lock = {{lock}};\nMeasure.[o9EKG Auto Generate Group By].lock = {{lock}};\n\nend scope;\n\n\nscope: (&CWV * [o9EKG Customer].[Project Name].[{{ProjectName}}] * [o9EKG Table].[Table Name]{{#filter TableName}}.relatedmembers([Field ID]));\n\nMeasure.[o9EKG SQL Join Anchor Table].lock = {{lock}};\nMeasure.[o9EKG Source Field Mapping].lock = {{lock}};\nMeasure.[o9EKG Field Mapping Placeholder 2].lock = {{lock}};\nMeasure.[o9EKG Distinct Select].lock = {{lock}};\nMeasure.[o9EKG Field Mapping Placeholder 3].lock = {{lock}};\nMeasure.[o9EKG Field Mapping Confidence].lock = {{lock}};\n\nend scope;\n\n\nscope: (&CWV * [o9EKG Customer].[Project Name].[{{ProjectName}}] * [o9EKG Table].[Table Name]{{#filter TableName}}.relatedmembers([Field ID]));\n\nMeasure.[o9EKG Field Placeholder 2].lock = {{lock}};\nMeasure.[o9EKG Field Short Description].lock = {{lock}};\nMeasure.[o9EKG Field Data Type].lock = {{lock}};\nMeasure.[o9EKG Field Placeholder 1].lock = {{lock}};\nMeasure.[o9EKG Field Placeholder 5].lock = {{lock}};\nMeasure.[o9EKG Field Position].lock = {{lock}};\nMeasure.[o9EKG Field Default Value].lock = {{lock}};\nMeasure.[o9EKG Field Placeholder 4].lock = {{lock}};\nMeasure.[o9EKG Date Time Format].lock = {{lock}};\n\nend scope;\n\n\nscope: (&CWV * [o9EKG Customer].[Project Name].[{{ProjectName}}] * [o9EKG Table].[Table Name]{{#filter TableName}}.relatedmembers([Field ID]));\n\nMeasure.[o9EKG Field IsKey].lock = {{lock}};\nMeasure.[o9EKG Field Placeholder 3].lock = {{lock}};\nMeasure.[o9EKG Field Name].lock = {{lock}};\nMeasure.[o9EKG Field Description].lock = {{lock}};\n\nend scope;\n\n\n\n\nscope: (&CWV * [o9EKG Customer].[Project Name].[{{ProjectName}}] * [o9EKG Table].[Table Name]{{#filter TableName}}.relatedmembers([Field ID]));\n\nMeasure.[o9EKG Field Mandatory].lock = {{lock}};\nMeasure.[o9EKG Custom Validation Rule 5].lock = {{lock}};\nMeasure.[o9EKG Field Data Validation].lock = {{lock}};\nMeasure.[o9EKG LS Dim Check].lock = {{lock}};\nMeasure.[o9EKG Custom Validation Rule 2].lock = {{lock}};\n\nend scope;"
      }
    ],
    "JavascriptRules": [],
    "FieldBindings": [
      {
        "fieldName": "ProjectName",
        "title": "Project Name",
        "Description": "Project Name",
        "type": "string",
        "clearSearch": true,
        "source": "filter",
        "DimensionName": "o9EKG Customer",
        "LevelAttributeName": "Project Name",
        "visible": true,
        "isEditable": false,
        "validation": {
          "maxLength": "0",
          "required": true
        }
      },
      {
        "fieldName": "TableName",
        "title": "Table Name",
        "Description": "Table Name",
        "type": "picklistDropdown",
        "selectionType": "multiple",
        "clearSearch": true,
        "source": "parentAttribute",
        "DimensionName": "o9EKG Table",
        "key": {
          "LevelAttribute": {
            "Name": "Table Name",
            "Property": "Name"
          }
        },
        "visible": true,
        "isEditable": true,
        "validation": {
          "maxLength": "0",
          "required": true
        }
      },
      {
        "fieldName": "lock",
        "title": "Lock or UnLock",
        "type": "picklistDropdown",
        "selectionType": "single",
        "clearSearch": true,
        "select": "NONE",
        "source": "localPicklist",
        "values": [
          {
            "Key": "True",
            "Name": "Lock"
          },
          {
            "Key": "False",
            "Name": "UnLock"
          }
        ],
        "valueField": "Key",
        "visible": true,
        "isEditable": true,
        "validation": {
          "maxLength": "0",
          "required": true
        }
      }
    ],
    "Range": [],
    "DataSources": [],
    "AutoExecute": false,
    "isAsync": false,
    "hasMembersUpdates": true,
    "Compact": false,
    "TwoColumn": false,
    "IsGlobalForExcelAddIn": false,
    "ReturnFilterByUpdate": false,
    "ExcludeFromNavLink": false,
    "FilterFieldBindings": [],
    "enableTransaction": false
  },
  "Widget": null,
  "Roles": [
    "admin",
    "PMM Super User"
  ]
}