{
  "LabelId": "4cda7f57-7250-37f0-81b5-46cdaa3693c6",
  "LabelName": "2e3dd2e3-fbea-4490-82d9-5fa9b18dfb51",
  "LabelDescription": "Total Weeks",
  "Position": 3.0,
  "RuleGroupType": "Regular",
  "IgnoreErrors": false,
  "HasErrors": false,
  "ErrorMessage": null,
  "ScopeExpression": {
    "AttributeMemberScopes": [
      {
        "FilterExpression": "&CWVAndScenarios"
      },
      {
        "FilterExpression": "&APClasses"
      }
    ]
  },
  "Formulas": [
    {
      "RuleGroupId": "81bf9365-1d3e-da03-7068-29994da60757",
      "RuleGroupLabelName": null,
      "ScopeLabelName": null,
      "RuleGroupName": "b29dcd02-751c-42da-a74e-cf2f51b1680c",
      "RuleGroupLabelPosition": 0.0,
      "ScopeLabelPosition": 200.0,
      "RuleGroupDescription": " ",
      "IsEnabled": true,
      "RuleGroupContent": {
        "ScopeExpression": null,
        "IsParameterized": false,
        "ParameterJson": null,
        "IsParallel": false,
        "RuleGroupText": "Measure.[Total Weeks SZP]=DateDiff(Measure.[From Week],Measure.[To Week],\"week\");",
        "NamedNodeName": null,
        "PluginInstanceName": null,
        "PluginScopes": null,
        "PluginArguments": null,
        "PluginModified": false
      },
      "RuleGroupType": "Regular",
      "HasErrors": false,
      "ErrorMessage": null,
      "IgnoreErrors": false,
      "Translations": [],
      "DimensionUsages": [
        {
          "DimensionName": "Item",
          "AttributeName": "L3"
        },
        {
          "DimensionName": "Version",
          "AttributeName": "Version Name"
        }
      ],
      "MeasureUsages": [
        {
          "MeasureName": "From Week",
          "IsInput": true,
          "IsOutput": false
        },
        {
          "MeasureName": "To Week",
          "IsInput": true,
          "IsOutput": false
        },
        {
          "MeasureName": "Total Weeks SZP",
          "IsInput": false,
          "IsOutput": true
        }
      ],
      "ActionButtonUsages": [],
      "RelationshipPropertyUsages": []
    }
  ]
}