{
  "AttributeName": "Display Name",
  "AttributeId": "ad2f733d-51fe-ae2d-8ecb-a553048c86ba",
  "AttributeHierarchyEnabled": false,
  "IsKey": false,
  "Description": "Display Name For Forecast Iteration Type",
  "OrderBy": "Key",
  "KeyColumnName": "DisplayNameKey",
  "NameColumnName": null,
  "KeyColumnDataType": "string",
  "SeedTags": false,
  "KeyGenerationType": "UserSupplied",
  "PickListName": null,
  "ConfigJson": {
    "IsVisible": true,
    "IsEditable": true
  },
  "FormatString": "",
  "Translation": null,
  "Aliases": [],
  "ApiName": null,
  "ApiDisabled": false,
  "FgColorFormula": null,
  "BgColorFormula": null,
  "IsReservedBySystem": false
}