{
  "MeasureGroupName": "AL Transactional Stock Transfer Order Goods Receipt TG",
  "MeasureGroupId": "ad5e8a52-2f56-89d8-6b75-268bb2be4403",
  "ParentMeasureGroupName": null,
  "HasShadow": false,
  "MeasureGroupDescription": "Analytics Transactional Stock Transfer Order Goods Receipt TG",
  "MeasureGroupType": "Regular",
  "FactTableName": "FactALTransactionalStockTransferOrderGoodsReceiptTG",
  "SchemaMajorVersion": 0,
  "ConfigJson": {},
  "ApiName": null,
  "Repartition": false,
  "Unpartition": false,
  "ApiEnabled": false,
  "DimensionUsages": [
    {
      "DimensionName": "Version",
      "AttributeName": "Version Name",
      "SortOrder": 0,
      "DimensionType": "Regular"
    },
    {
      "DimensionName": "Time",
      "AttributeName": "Day",
      "SortOrder": 0,
      "DimensionType": null
    },
    {
      "DimensionName": "Documents",
      "AttributeName": "OrderlineID",
      "SortOrder": 1,
      "DimensionType": null
    },
    {
      "DimensionName": "Item",
      "AttributeName": "Item",
      "SortOrder": 2,
      "DimensionType": null
    },
    {
      "DimensionName": "Activity1",
      "AttributeName": "Activity1",
      "SortOrder": 3,
      "DimensionType": null
    },
    {
      "DimensionName": "Location",
      "AttributeName": "Location",
      "SortOrder": 4,
      "DimensionType": null
    },
    {
      "DimensionName": "Activity2",
      "AttributeName": "Activity2",
      "SortOrder": 5,
      "DimensionType": null
    }
  ]
}