{
  "MeasureGroupName": "010.001 Delete Obsolete Members Framework",
  "MeasureGroupId": "c3e63db2-8dcb-4492-b4f4-83ad0cbc485c",
  "ParentMeasureGroupName": null,
  "HasShadow": false,
  "MeasureGroupDescription": "Frame work measure group for delete obsolete members",
  "MeasureGroupType": "Regular",
  "FactTableName": "Fact010.001DeleteObsoleteMembersFramework",
  "SchemaMajorVersion": 0,
  "ConfigJson": {},
  "ApiName": null,
  "Repartition": false,
  "Unpartition": false,
  "ApiEnabled": false,
  "DimensionUsages": [
    {
      "DimensionName": "Version",
      "AttributeName": "Version Name",
      "SortOrder": 0,
      "DimensionType": "Regular"
    },
    {
      "DimensionName": "DM Rule",
      "AttributeName": "Rule",
      "SortOrder": 1,
      "DimensionType": "Regular"
    }
  ]
}