{
  "Name": "Demand Profile",
  "ViewId": "37a16cb0-abb0-49f5-4cd2-72870f9ed4c6",
  "ContentType": "Regular",
  "Title": "Demand Profile",
  "Position": 1,
  "IsDefault": false,
  "Resource": null,
  "RazorViewTemplate": "_containers",
  "ConfigJson": {
    "WidgetContainers": {
      "Containers": [
        1
      ],
      "Key": 0,
      "IsModified": false,
      "ViewSpread": {
        "RowLevel": 60,
        "ColLevel": 12
      },
      "Data": [
        {
          "Id": "eef150d6-0fc1-4d96-8397-9a06a82578e3",
          "Col": 0,
          "Row": 0,
          "SizeX": 12,
          "SizeY": 60
        }
      ]
    },
    "CompactMode": false,
    "IsHidden": false
  },
  "Roles": [
    "public"
  ]
}