{
  "Name": "PrioritizationMonthly",
  "Description": null,
  "ActionButtonId": "21e5e8dd-6243-cee1-9a2c-a9fdff4e584c",
  "Tooltip": "Monthly Prioritization",
  "ActionButtonType": "Rule",
  "Alignment": "right",
  "IsPopOver": true,
  "IsGlobal": false,
  "ActionClickHandler": null,
  "Icon": null,
  "Image": null,
  "ConfigJson": {
    "icon": "table",
    "Position": "0",
    "SubmitButton": {
      "Label": "Submit"
    },
    "ResetButton": {
      "Label": "Reset"
    },
    "CloseButton": {
      "Label": "Close",
      "ConfirmMessage": "Unsaved changes will be lost. Continue?"
    },
    "NotifyRoles": true,
    "NotifyAll": false,
    "IBPLRules": [
      {
        "template": "\n\n{{#if Spark}}\n exec plugin instance [SupplyPlan002CommonPrioritizationSortingFW_Rearchitecture_Monthly_PySpark] for measures {[W Demand Quantity]} using scope ([Version].[Version Name].filter(#.Name in {\"{{VersionName}}\"})) using arguments {(DriverMemory,\"2g\"), (\"IncludeNullRows\", \"False\"),([FailedExecutionCount], 1),([FailedExecutionPercent], 0.0), ([ThrowExceptionOnFailure], true),([DateFormat], \"d\"),(MaxSliceTableCells,900000000),(DataTransferMode, \"csv\")}; \n{{#else}}  \nexec procedure SupplyPlan0101Prioritization_Monthly {\"Version\":\"{{VersionName}}\"};\n{{/if}}\n\n"
      }
    ],
    "JavascriptRules": [],
    "FieldBindings": [
      {
        "fieldName": "VersionName",
        "title": "Version Name",
        "Description": "Version Name",
        "type": "string",
        "selectionType": "single",
        "clearSearch": true,
        "source": "filter",
        "DimensionName": "Version",
        "LevelAttributeName": "Version Name",
        "visible": true,
        "isEditable": false,
        "validation": {
          "maxLength": "0",
          "required": true
        }
      },
      {
        "fieldName": "Spark",
        "title": "Spark",
        "Description": "Spark",
        "type": "boolean",
        "clearSearch": true,
        "source": "literal",
        "defaultValue": true,
        "visible": true,
        "isEditable": true,
        "validation": {
          "maxLength": "0",
          "required": true
        }
      }
    ],
    "Range": [],
    "DataSources": [],
    "AutoExecute": false,
    "isAsync": true,
    "hasMembersUpdates": false,
    "Compact": false,
    "TwoColumn": false,
    "IsGlobalForExcelAddIn": false,
    "ExcludeFromNavLink": false,
    "FilterFieldBindings": []
  },
  "Widget": null,
  "Roles": []
}