{
  "MeasureName": "AL STO Goods Actual Ship Date TG",
  "MeasureId": "8f5782c4-2d1a-4bee-bd63-926ed0f73fc7",
  "MeasureDescription": "STO Goods Actual Ship Date TG",
  "DataType": "datetime",
  "MeasureType": "Regular",
  "AggregateFunction": "Max",
  "FormatString": "yyyy-MM-dd",
  "MeasureColumnName": "ALSTOGoodsActualShipDateTG",
  "MeasureFormula": "",
  "IsEditable": false,
  "ApplyConversion": false,
  "ConversionFormula": "",
  "PickListName": null,
  "BgColorFormula": "",
  "FgColorFormula": "",
  "TrendFormula": "",
  "FormattingViewModel": "[]",
  "ParentMeasureName": null,
  "AssociationMeasure": false,
  "IsComputedByPlanningService": false,
  "ToolTip": "STO Goods Actual Ship Date TG",
  "ConfigJson": {},
  "ApiName": null,
  "ApiDisabled": false,
  "IsReportingMeasure": false,
  "MeasureConditionalFormulaProperties": [],
  "PicklistSource": null
}