{
  "AttributeName": "Retail_MFP_LP_Product_Location_NN",
  "AttributeId": "f1eaa262-dd6c-07cc-7215-1c4148c18b77",
  "AttributeHierarchyEnabled": true,
  "IsKey": false,
  "Description": "Retail MFP Location Plan Product and Location Namednode",
  "OrderBy": "Key",
  "KeyColumnName": "Retail_MFP_LP_Product_Location_NNKey",
  "NameColumnName": "Retail_MFP_LP_Product_Location_NNName",
  "KeyColumnDataType": "integer",
  "SeedTags": true,
  "KeyGenerationType": "Auto",
  "PickListName": null,
  "ConfigJson": {
    "ShowFilterAs": "TileView",
    "MemberDisplayNameEditable": true,
    "IsMultipleImage": false,
    "MemberDisplayColor": false
  },
  "FormatString": null,
  "Translation": null,
  "Aliases": [],
  "ApiName": null,
  "ApiDisabled": false,
  "ParentAttributeName": null,
  "NamedNodeUsages": [
    {
      "DimensionName": "Item",
      "AttributeName": "L4"
    },
    {
      "DimensionName": "Location",
      "AttributeName": "Location"
    }
  ]
}