{
  "MeasureName": "SP Ttl Sls Rtl Mix %",
  "MeasureId": "ac1f3ece-b608-4d1c-901b-dea66e66aef9",
  "MeasureDescription": "SP Total Sales Retail Mix %",
  "DataType": "number",
  "MeasureType": "Regular",
  "AggregateFunction": "Sum",
  "FormatString": "0.00%",
  "MeasureColumnName": "SPTtlSlsRtlMix%",
  "MeasureFormula": "",
  "IsEditable": true,
  "ApplyConversion": false,
  "ConversionFormula": "",
  "PickListName": null,
  "BgColorFormula": "",
  "FgColorFormula": "",
  "TrendFormula": "",
  "FormattingViewModel": null,
  "ParentMeasureName": null,
  "AssociationMeasure": false,
  "IsComputedByPlanningService": false,
  "ToolTip": "SP Total Sales Retail Mix %",
  "ConfigJson": {},
  "ApiName": null,
  "ApiDisabled": false,
  "IsReportingMeasure": false,
  "MeasureConditionalFormulaProperties": [],
  "PicklistSource": null
}