{
  "Name": "APInfoPlaceholderManagement",
  "Description": "Information",
  "ActionButtonId": "cdba30c6-bc78-7158-8626-ee0b8945ba72",
  "Tooltip": "Report Information",
  "ActionButtonType": "Widget",
  "Alignment": "right",
  "IsPopOver": true,
  "IsGlobal": true,
  "ActionClickHandler": null,
  "Icon": null,
  "Image": null,
  "ConfigJson": {
    "icon": "info-circle",
    "SubmitButton": {
      "Label": " "
    },
    "ResetButton": {},
    "CloseButton": {
      "Label": " "
    },
    "NotifyRoles": false,
    "NotifyAll": false,
    "IBPLRules": [],
    "JavascriptRules": [],
    "FieldBindings": [
      {
        "fieldName": "Information",
        "title": "Information",
        "type": "info",
        "clearSearch": true,
        "source": "literal",
        "defaultValue": "<!DOCTYPE html> <html lang=\"en\">  <head>     <meta charset=\"UTF-8\">     <meta name=\"viewport\" content=\"width=device-width, initial-scale=1.0\">     <title>Placeholder Management Overview</title> </head>  <body style=\"text-align: left;\">     <p align=\"left\"><strong>Overview</strong></p>     <p align=\"left\">Attribute Management report helps to dynamically update attribute property  for each placeholder             <br>                   </p>     <p align=\"left\"><strong>How to Use</strong></p>     <p align=\"left\">        1. Select the Placeholder and update the member for each attribute for the respective Placeholder.         <br>      2. Execute \"Update Placeholder\" action button for the respective Placeholder.       <br>               </p>     <p align=\"left\"><strong>Output</strong></p>     <p align=\"left\">The attributes for the Placeholders will be updated in the master file.    <br>   </body>  </html>",
        "visible": true,
        "isEditable": true,
        "validation": {
          "maxLength": "0",
          "required": true
        }
      }
    ],
    "Range": [],
    "DataSources": [],
    "AutoExecute": false,
    "isAsync": false,
    "hasMembersUpdates": false,
    "Compact": false,
    "TwoColumn": false,
    "IsGlobalForExcelAddIn": false,
    "ReturnFilterByUpdate": false,
    "ExcludeFromNavLink": false,
    "FilterFieldBindings": [],
    "enableTransaction": false
  },
  "Widget": null,
  "Roles": []
}