{
  "AttributeName": "Pipeline Name",
  "AttributeId": "e9ba8c10-e2e3-8358-6423-6933dab4ff1e",
  "AttributeHierarchyEnabled": true,
  "IsKey": true,
  "Description": "Pipeline Name",
  "OrderBy": "Name",
  "KeyColumnName": "PipelineNameKey",
  "NameColumnName": "PipelineNameName",
  "KeyColumnDataType": "integer",
  "SeedTags": false,
  "KeyGenerationType": "Auto",
  "PickListName": null,
  "ConfigJson": {
    "ShowFilterAs": "TileView",
    "MemberDisplayNameEditable": false,
    "IsMultipleImage": false,
    "MemberDisplayColor": false
  },
  "FormatString": null,
  "Translation": null,
  "Aliases": [],
  "ApiName": null,
  "ApiDisabled": false
}