{
  "MeasureGroupName": "007 DP Forecast",
  "MeasureGroupId": "3b5de224-b73a-d6f3-f7ad-c208ae7d082a",
  "ParentMeasureGroupName": null,
  "HasShadow": false,
  "MeasureGroupDescription": "007 DP Forecast",
  "MeasureGroupType": "Regular",
  "FactTableName": "Fact007DPForecast",
  "SchemaMajorVersion": 0,
  "ConfigJson": {},
  "ApiName": null,
  "Repartition": false,
  "Unpartition": false,
  "ApiEnabled": false,
  "DimensionUsages": [
    {
      "DimensionName": "Version",
      "AttributeName": "Version Name",
      "SortOrder": 0,
      "DimensionType": "Regular"
    },
    {
      "DimensionName": "NamedNode",
      "AttributeName": "Retail_AP_FD_Common_NN",
      "SortOrder": 2,
      "DimensionType": "NamedNode"
    },
    {
      "DimensionName": "NamedNode",
      "AttributeName": "Retail_AP_Strategy_Product_Attribute_NN",
      "SortOrder": 3,
      "DimensionType": "NamedNode"
    }
  ]
}