{
  "Name": "SupplyPlan026WPlanPegMismatch",
  "Description": null,
  "ActionButtonId": "c22e30db-01f6-4d3e-8f47-1c352e0ebc67",
  "Tooltip": "Plan Peg Mismatch",
  "ActionButtonType": "Rule",
  "Alignment": "right",
  "IsPopOver": true,
  "IsGlobal": false,
  "ActionClickHandler": null,
  "Icon": null,
  "Image": null,
  "ConfigJson": {
    "icon": "calculator",
    "Position": "0",
    "SubmitButton": {
      "Label": "Submit"
    },
    "ResetButton": {
      "Label": "Reset"
    },
    "CloseButton": {
      "Label": "Close",
      "ConfirmMessage": "Unsaved changes will be lost. Continue?"
    },
    "NotifyAll": false,
    "IBPLRules": [
      {
        "template": "delete data for model [006.001W Plan Validation Material Flow Plan To Pegging Mismatch] where {[Version].[Version Name]{{#filter Version}}};\ndelete data for model [006.002W Plan Validation Capacity Flow Plan To Pegging Mismatch] where {[Version].[Version Name]{{#filter Version}}};\n\n\n\nscope: ([Activity1].[Activity1].filter(#.Name!=\"BOHActivity\") * [Activity2].[Activity2] * [Activity3].[Activity3] * [Documents].[OrderlineID] * [Item].[Item] * [Location].[Location] * [Time].[Week] * [Version].[Version Name]{{#filter Version}});\nMeasure.[W Material Production Plan From Pegging]= Edge.[002.003W Solver Outputs Material Production Pegging].[W Material Production Pegged Quantity] @ (From.[Activity1].[Activity1], From.[Activity2].[Activity2], From.[Activity3].[Activity3], From.[Documents].[OrderlineID], From.[Item].[Item], From.[Location].[Location], From.[Time].[Week]);\nend scope;\n\nscope: ([Activity1].[Activity1] * [Activity2].[Activity2] * [Activity3].[Activity3] * [Documents].[OrderlineID] * [Item].[Item] * [Location].[Location] * [Time].[Week] * [Version].[Version Name]{{#filter Version}});\nMeasure.[W Material Consumption Plan From Pegging] = Edge.[002.002W Solver Outputs Material Consumption Pegging].[W Material Consumption Pegged Quantity] @ (From.[Activity1].[Activity1], From.[Activity2].[Activity2], From.[Activity3].[Activity3], From.[Documents].[OrderlineID], From.[Item].[Item], From.[Location].[Location], From.[Time].[Week]); \nend scope;\n\nscope: ([Activity1].[Activity1] * [Activity2].[Activity2] * [Activity3].[Activity3] * [Documents].[OrderlineID] * [Resource].[Resource] * [Location].[Location] * [Time].[Week] * [Version].[Version Name]{{#filter Version}});\nMeasure.[W Capacity Consumption Plan From Pegging]=Edge.[002.004W Solver Outputs Capacity Pegging].[W Capacity Pegged Quantity] @ (From.[Activity1].[Activity1], From.[Activity2].[Activity2], From.[Activity3].[Activity3], From.[Documents].[OrderlineID], From.[Resource].[Resource], From.[Location].[Location], From.[Time].[Week]);\nend scope;"
      }
    ],
    "JavascriptRules": [],
    "FieldBindings": [
      {
        "fieldName": "Version",
        "title": "Version",
        "Description": "Version",
        "type": "picklistDropdown",
        "selectionType": "multiple",
        "clearSearch": true,
        "source": "filter",
        "DimensionName": "Version",
        "LevelAttributeName": "Version Name",
        "visible": true,
        "isEditable": false,
        "validation": {
          "maxLength": "0",
          "required": true
        }
      }
    ],
    "DataSources": [],
    "AutoExecute": false,
    "isAsync": true,
    "hasMembersUpdates": false,
    "Compact": false,
    "TwoColumn": false,
    "IsGlobalForExcelAddIn": false,
    "FilterFieldBindings": []
  },
  "Widget": null
}