{
  "AttributeName": "Account L3",
  "AttributeId": "34397944-6b9e-f568-259f-b3987402eb80",
  "AttributeHierarchyEnabled": true,
  "IsKey": false,
  "Description": "Account L3",
  "OrderBy": "Key",
  "KeyColumnName": "AccountL3Key",
  "NameColumnName": "AccountL3Name",
  "KeyColumnDataType": "integer",
  "SeedTags": true,
  "KeyGenerationType": "Auto",
  "PickListName": null,
  "ConfigJson": {
    "ShowFilterAs": "TileView",
    "MemberDisplayNameEditable": true,
    "IsMultipleImage": false,
    "MemberDisplayColor": false
  },
  "FormatString": null,
  "Translation": null,
  "Aliases": [],
  "ApiName": null,
  "ApiDisabled": false
}