{
  "MeasureName": "Item A2 Mapping",
  "MeasureId": "50467a95-f36e-484c-8e46-0b881efff079",
  "MeasureDescription": "IDB SP - Item A2 Mapping",
  "DataType": "string",
  "MeasureType": "Regular",
  "AggregateFunction": "Null",
  "FormatString": "#,##0;(#,##0)",
  "MeasureColumnName": "ItemA2Mapping_1",
  "MeasureFormula": "",
  "IsEditable": true,
  "ApplyConversion": false,
  "ConversionFormula": "",
  "PickListName": null,
  "BgColorFormula": "",
  "FgColorFormula": "",
  "TrendFormula": "",
  "FormattingViewModel": null,
  "ParentMeasureName": null,
  "AssociationMeasure": false,
  "IsComputedByPlanningService": false,
  "ToolTip": "Item A2 Mapping",
  "ConfigJson": {},
  "ApiName": null,
  "ApiDisabled": false,
  "IsReportingMeasure": false,
  "MeasureConditionalFormulaProperties": [],
  "PicklistSource": null
}