{
  "Name": "DefinePeriods",
  "Description": "Define Periods",
  "ActionButtonId": "012857d8-621f-aaf4-c9a0-af8b1c214c9a",
  "Tooltip": "Define periods for cycle-on-cycle comparison",
  "ActionButtonType": "Rule",
  "Alignment": "right",
  "IsPopOver": true,
  "IsGlobal": false,
  "ActionClickHandler": null,
  "Icon": null,
  "Image": null,
  "ConfigJson": {
    "DisplayName": "Define Periods",
    "icon": "calendar",
    "Position": "0",
    "SubmitButton": {
      "Label": "Submit"
    },
    "ResetButton": {
      "Label": "Reset"
    },
    "CloseButton": {
      "Label": "Close",
      "ConfirmMessage": "Unsaved changes will be lost. Continue?"
    },
    "NotifyRoles": false,
    "NotifyAll": false,
    "IBPLRules": [
      {
        "template": "cartesian scope:(&DynamicScenarios{{#filter Version}});\nMeasure.[LC Start Date]= \"{{C1StartDate}}\";\nMeasure.[LC End Date]= \"{{C1EndDate}}\";\nMeasure.[Start Date]= \"{{C2StartDate}}\";\nMeasure.[End Date]= \"{{C2EndDate}}\";\nend scope;"
      },
      {
        "template": "cartesian scope:(&DynamicScenarios{{#filter Version}});\nMeasure.[LC Selling Season]=null;\nMeasure.[Selling Season]=null;\nend scope;\n"
      },
      {
        "template": "{{#if C1SellingSeason}}\n{{#each C1SellingSeason}}\ncartesian scope:(&DynamicScenarios{{#filter Version}});\nMeasure.[LC Selling Season] = if((IsNull(Measure.[LC Selling Season]))) then (\"{{this}}\") else Measure.[LC Selling Season] + \",\" + \"{{this}}\";\nend scope;\n{{/each}}\n{{#else}} \nscope:(&DynamicScenarios{{#filter Version}});\nMeasure.[LC Selling Season] = null;\nend scope;\n{{/if}}"
      },
      {
        "template": "{{#if C2SellingSeason}}\n{{#each C2SellingSeason}}\ncartesian scope:(&DynamicScenarios{{#filter Version}});\nMeasure.[Selling Season] = if((IsNull(Measure.[Selling Season]))) then (\"{{this}}\") else Measure.[Selling Season] + \",\" + \"{{this}}\";\nend scope;\n{{/each}}\n{{#else}} \nscope:(&DynamicScenarios{{#filter Version}});\nMeasure.[Selling Season] = null;\nend scope;\n{{/if}}"
      },
      {
        "template": "exec plugin instance [MFP001ValueTracking] for measures {Measure.[End Date]} using scope (&CWVAndScenarios{{#filter Version}})using arguments {(\"IncludeNullRows\", False), ([Param.o9_sys_log_level], \"DEBUG\"), (DataTransferMode, \"csv\")};"
      }
    ],
    "JavascriptRules": [
      {
        "modulename": "o9.referencemodelretailmfp.VTDSSValidation",
        "functionname": "VTDSSValidation"
      }
    ],
    "FieldBindings": [
      {
        "fieldName": "C1StartDate",
        "title": "Last Period",
        "Description": "Cycle 1 Start date",
        "type": "datetime",
        "displayFormat": "dd-MMM-yyyy",
        "selectionType": "single",
        "clearSearch": true,
        "source": "literal",
        "visible": true,
        "isEditable": true,
        "validation": {
          "maxLength": "0",
          "required": true
        }
      },
      {
        "fieldName": "C1EndDate",
        "title": "C1 End Date",
        "Description": "Cycle 1 End Date",
        "type": "datetime",
        "displayFormat": "dd-MMM-yyyy",
        "selectionType": "single",
        "clearSearch": true,
        "source": "literal",
        "visible": true,
        "isEditable": true,
        "validation": {
          "maxLength": "0",
          "required": true
        }
      },
      {
        "fieldName": "C2StartDate",
        "title": "Current Period",
        "Description": "Cycle 2 Start Date",
        "type": "datetime",
        "displayFormat": "dd-MMM-yyyy",
        "selectionType": "single",
        "clearSearch": true,
        "source": "literal",
        "visible": true,
        "isEditable": true,
        "validation": {
          "maxLength": "0",
          "required": true
        }
      },
      {
        "fieldName": "C2EndDate",
        "title": "C2 End Date",
        "Description": "Cycle 2 End Date",
        "type": "datetime",
        "displayFormat": "dd-MMM-yyyy",
        "selectionType": "single",
        "clearSearch": true,
        "source": "literal",
        "visible": true,
        "isEditable": true,
        "validation": {
          "maxLength": "0",
          "required": true
        }
      },
      {
        "fieldName": "C1SellingSeason",
        "title": "Last Period Selling Season",
        "Description": "Optional",
        "type": "picklistDropdown",
        "selectionType": "multiple",
        "clearSearch": false,
        "source": "datasource",
        "key": "SellingSeasonDS",
        "valueField": "Name",
        "textField": "Name",
        "overrideFieldBindingType": false,
        "visible": true,
        "isEditable": true,
        "validation": {
          "maxLength": "0",
          "required": false
        }
      },
      {
        "fieldName": "C2SellingSeason",
        "title": "Current Period Selling Season",
        "Description": "Optional",
        "type": "picklistDropdown",
        "selectionType": "multiple",
        "clearSearch": true,
        "source": "datasource",
        "key": "SellingSeasonDS",
        "valueField": "Name",
        "textField": "Name",
        "overrideFieldBindingType": false,
        "visible": true,
        "isEditable": true,
        "validation": {
          "maxLength": "0",
          "required": false
        }
      },
      {
        "fieldName": "Version",
        "title": "Version",
        "type": "picklistDropdown",
        "selectionType": "single",
        "clearSearch": true,
        "source": "filter",
        "DimensionName": "Version",
        "LevelAttributeName": "Version Name",
        "visible": false,
        "isEditable": true,
        "validation": {
          "maxLength": "0",
          "required": true
        }
      },
      {
        "fieldName": "LastWeek",
        "title": "LastWeek",
        "Description": "Last week",
        "type": "picklistDropdown",
        "selectionType": "single",
        "clearSearch": true,
        "source": "datasource",
        "key": "LastWeekDS",
        "valueField": "Name",
        "textField": "Name",
        "overrideFieldBindingType": false,
        "visible": false,
        "isEditable": true,
        "validation": {
          "maxLength": "0",
          "required": true
        }
      }
    ],
    "Range": [
      {
        "source": "date",
        "fieldName": "C1TimeHorizon",
        "fromField": "C1StartDate",
        "toField": "C1EndDate"
      },
      {
        "source": "date",
        "fieldName": "C2TimeHorizon",
        "fromField": "C2StartDate",
        "toField": "C2EndDate"
      }
    ],
    "DataSources": [
      {
        "Name": "SellingSeasonDS",
        "IBPLRules": [
          {
            "template": "Select(&APPastSeasons);"
          }
        ],
        "JavascriptRules": [],
        "IncludeDSFieldsOnly": false,
        "FieldBindings": []
      },
      {
        "Name": "LastWeekDS",
        "IBPLRules": [
          {
            "template": "Select(&LastWeek);"
          }
        ],
        "JavascriptRules": [],
        "IncludeDSFieldsOnly": false,
        "FieldBindings": []
      }
    ],
    "AutoExecute": false,
    "isAsync": true,
    "hasMembersUpdates": false,
    "Compact": true,
    "TwoColumn": true,
    "IsGlobalForExcelAddIn": false,
    "ExcludeFromNavLink": false,
    "FilterFieldBindings": [],
    "enableTransaction": false
  },
  "Widget": null,
  "Roles": []
}