{
  "MeasureName": "o9EKG Task Duration (mins)",
  "MeasureId": "3f67c1c9-732f-86a0-9f8d-5c3f29a461d8",
  "MeasureDescription": "o9EKG Task Duration (mins)",
  "DataType": "number",
  "MeasureType": "Regular",
  "AggregateFunction": "Computed",
  "FormatString": "#,##0.00;(#,##0.00)",
  "MeasureColumnName": "o9EKGTaskDuration_mins_",
  "MeasureFormula": "Measure.[o9EKG Task Duration]/60",
  "IsEditable": false,
  "ApplyConversion": false,
  "ConversionFormula": "",
  "PickListName": null,
  "BgColorFormula": "",
  "FgColorFormula": "",
  "TrendFormula": "",
  "FormattingViewModel": "[]",
  "ParentMeasureName": null,
  "AssociationMeasure": false,
  "IsComputedByPlanningService": false,
  "ToolTip": "o9EKG Task Duration (mins)",
  "ConfigJson": {},
  "ApiName": null,
  "ApiDisabled": false,
  "IsReportingMeasure": true,
  "MeasureConditionalFormulaProperties": [],
  "PicklistSource": null
}