{
  "Name": "o9EKGAddField",
  "Description": "Add Field",
  "ActionButtonId": "a62c3e28-e2c5-22e5-3573-68ff78bed863",
  "Tooltip": "Add Field",
  "ActionButtonType": "Widget",
  "Alignment": "right",
  "IsPopOver": true,
  "IsGlobal": true,
  "ActionClickHandler": null,
  "Icon": null,
  "Image": null,
  "ConfigJson": {
    "icon": "plus-square",
    "SubmitButton": {
      "Label": "Submit"
    },
    "ResetButton": {},
    "CloseButton": {
      "Label": "Close"
    },
    "NotifyAll": false,
    "IBPLRules": [
      {
        "template": "//New member//\n\ncreatemember( [o9EKG Table].[Table Type] = { , \"{{TableType}}\" }  , [o9EKG Table].[Table Group] = { , \"{{TableGroup}}\" } , [o9EKG Table].[Table Name] = { , \"{{TableName}}\" }, [o9EKG Table].[Field ID] = { , \"{{FID}}\" } );"
      },
      {
        "template": "//Field Properties//\n\ncartesian scope: ( &CWV * [o9EKG Table].[Field ID].[{{FID}}] * [o9EKG Customer].[Project Name].[{{Project}}] ) ;\nMeasure.[o9EKG Field Included] = 1 ;\nMeasure.[o9EKG Field Name] = \"{{FieldName}}\" ;\nMeasure.[o9EKG Field Short Description] = \"{{Desc}}\" ;\nMeasure.[o9EKG Field IsKey] = {{IsKey}} ;\nMeasure.[o9EKG Field Data Type] = \"{{DataType}}\" ;\n\n\nend scope ; \n\n"
      },
      {
        "template": "//Field Mappings//\n\ncartesian scope: ( &CWV * &ODMandLSU_Tables.relatedmembers([Field ID]).[{{FID}}] * [o9EKG Customer].[Project Name].[{{Project}}] * [Sequence].[Sequence].[1] ) ;\n\nMeasure.[o9EKG Source Field Mapping] = \"Not specified\" ;\n\nend scope ; \n\n"
      },
      {
        "template": "//Field Creation Stats//\n\nscope: ( &CWV * [o9EKG Table].[Field ID].[{{FID}}] * [o9EKG Customer].[Project Name].[{{Project}}] ) ;\n\nMeasure.[o9EKG Field Created By] = \"{{user}}\" ;\nMeasure.[o9EKG Field Creation Timestamp] = \"{{now}}\" ;\n\nend scope ; \n\n"
      },
      {
        "template": "//update Capability Field Association//\n\n{{#each Cap}} \n\ncartesian scope: (&CWV * [o9EKG Customer].[Project Name].[{{Project}}] * [o9EKG Table].[Field ID].[{{FID}}] * [o9EKG Business Characteristics].[Business Characteristics].[{{this}}] );\n\nMeasure.[o9EKG Business Characteristics Field Association] = 1; \nMeasure.[o9EKG Business Characteristics Field Association Name] = \"{{this}}\"; \n\nend scope;\n\n{{/each}} "
      },
      {
        "template": "//update SubBlock Field Association//\n\n{{#each Block}} \n\ncartesian scope: (&CWV * [o9EKG Customer].[Project Name].[{{Project}}] * [o9EKG Table].[Field ID].[{{FID}}] * [o9EKG Building Blocks].[Sub Block].[{{this}}] );\n\nMeasure.[o9EKG Field Sub Block Association] = 1; \nMeasure.[o9EKG Field Sub Block Association Name] = \"{{this}}\"; \n\nend scope;\n{{/each}} "
      }
    ],
    "JavascriptRules": [
      {
        "modulename": "o9.EKG.validateField",
        "functionname": "validateField"
      }
    ],
    "FieldBindings": [
      {
        "fieldName": "Project",
        "title": "Project Name",
        "type": "picklistDropdown",
        "fieldGroup": "Customer Info",
        "selectionType": "single",
        "clearSearch": false,
        "source": "filter",
        "DimensionName": "o9EKG Customer",
        "LevelAttributeName": "Project Name",
        "visible": true,
        "isEditable": false,
        "validation": {
          "maxLength": "0",
          "required": true
        }
      },
      {
        "fieldName": "TableName",
        "title": "Table Name",
        "type": "picklistDropdown",
        "selectionType": "single",
        "clearSearch": false,
        "source": "filter",
        "DimensionName": "o9EKG Table",
        "LevelAttributeName": "Table Name",
        "visible": true,
        "isEditable": true,
        "validation": {
          "maxLength": "0",
          "required": true
        },
        "fieldGroup": "Table Info"
      },
      {
        "fieldName": "TableType",
        "title": "Table Type",
        "type": "picklistDropdown",
        "fieldGroup": "Table Info",
        "selectionType": "single",
        "clearSearch": false,
        "source": "datasource",
        "key": "TableDim",
        "valueField": "Table Type",
        "textField": "Table Type",
        "overrideFieldBindingType": false,
        "visible": false,
        "isEditable": false,
        "cascadeFrom": "TableName",
        "validation": {
          "maxLength": "0",
          "required": true
        },
        "select": "ALL"
      },
      {
        "fieldName": "TableGroup",
        "title": "Table Group",
        "type": "picklistDropdown",
        "fieldGroup": "Table Info",
        "selectionType": "single",
        "clearSearch": false,
        "source": "datasource",
        "key": "TableDim",
        "valueField": "Table Group",
        "textField": "Table Group",
        "overrideFieldBindingType": false,
        "visible": false,
        "isEditable": false,
        "cascadeFrom": "TableName",
        "validation": {
          "maxLength": "0",
          "required": true
        },
        "select": "ALL"
      },
      {
        "fieldName": "FID",
        "title": "Field ID (Auto generated)",
        "type": "string",
        "selectionType": "single",
        "clearSearch": false,
        "select": "NONE",
        "source": "datasource",
        "key": "CF_ID",
        "valueField": "newID",
        "textField": "newID",
        "overrideFieldBindingType": false,
        "visible": true,
        "isEditable": false,
        "validation": {
          "maxLength": "0",
          "required": true
        },
        "fieldGroup": "Field Info"
      },
      {
        "fieldName": "FieldName",
        "title": "Field Name",
        "type": "string",
        "clearSearch": true,
        "source": "literal",
        "visible": true,
        "isEditable": true,
        "validation": {
          "maxLength": "0",
          "required": true
        },
        "fieldGroup": "Field Info",
        "Description": "should not contain the characters ` { } , ! $ @ % ^ & *  "
      },
      {
        "fieldName": "Desc",
        "title": "Field Description",
        "type": "string",
        "fieldGroup": "Field Info",
        "clearSearch": true,
        "source": "literal",
        "visible": true,
        "isEditable": true,
        "validation": {
          "maxLength": "0",
          "required": true
        }
      },
      {
        "fieldName": "IsKey",
        "title": "Field Is Key",
        "type": "picklistDropdown",
        "fieldGroup": "Field Info",
        "selectionType": "single",
        "clearSearch": false,
        "select": "NONE",
        "source": "localPicklist",
        "values": [
          {
            "Key": "0",
            "Name": "FALSE"
          },
          {
            "Key": "1",
            "Name": "TRUE"
          }
        ],
        "valueField": "Name",
        "visible": true,
        "isEditable": true,
        "validation": {
          "maxLength": "0",
          "required": true
        }
      },
      {
        "fieldName": "DataType",
        "title": "Field Data Type",
        "type": "picklistDropdown",
        "fieldGroup": "Field Info",
        "selectionType": "single",
        "clearSearch": false,
        "select": "NONE",
        "source": "picklist",
        "key": "o9EKG DataType",
        "visible": true,
        "isEditable": true,
        "validation": {
          "maxLength": "0",
          "required": true
        }
      },
      {
        "fieldName": "now",
        "title": "now",
        "type": "string",
        "selectionType": "single",
        "clearSearch": false,
        "source": "datasource",
        "key": "NOW",
        "valueField": "result",
        "textField": "result",
        "overrideFieldBindingType": false,
        "visible": false,
        "isEditable": false,
        "validation": {
          "maxLength": "0",
          "required": true
        }
      },
      {
        "fieldName": "user",
        "title": "user",
        "type": "string",
        "selectionType": "single",
        "clearSearch": false,
        "source": "datasource",
        "key": "USER",
        "valueField": "Name",
        "textField": "Name",
        "overrideFieldBindingType": false,
        "visible": false,
        "isEditable": false,
        "validation": {
          "maxLength": "0",
          "required": true
        }
      },
      {
        "fieldName": "Cap",
        "title": "Associated Capabilities",
        "type": "picklistDropdown",
        "fieldGroup": "Field Info",
        "selectionType": "multiple",
        "clearSearch": true,
        "select": "NONE",
        "source": "members",
        "DimensionName": "o9EKG Business Characteristics",
        "LevelAttributeName": "Business Characteristics",
        "visible": true,
        "isEditable": true,
        "validation": {
          "maxLength": "0",
          "required": true
        }
      },
      {
        "fieldName": "Block",
        "title": "Associated Sub Blocks",
        "type": "picklistDropdown",
        "fieldGroup": "Field Info",
        "selectionType": "multiple",
        "clearSearch": false,
        "select": "NONE",
        "source": "members",
        "DimensionName": "o9EKG Building Blocks",
        "LevelAttributeName": "Sub Block",
        "visible": true,
        "isEditable": true,
        "validation": {
          "maxLength": "0",
          "required": true
        }
      }
    ],
    "Range": [],
    "DataSources": [
      {
        "Name": "TableDim",
        "IBPLRules": [
          {
            "template": "Select ( [o9EKG Table].[Table Type] * [o9EKG Table].[Table Group] * [o9EKG Table].[Table Name].[{{TableName}}] );"
          }
        ],
        "JavascriptRules": [],
        "IncludeDSFieldsOnly": false,
        "FieldBindings": []
      },
      {
        "Name": "CF_ID",
        "IBPLRules": [],
        "JavascriptRules": [
          {
            "modulename": "o9.EKG.generateFieldID",
            "functionname": "generateFieldID"
          }
        ],
        "IncludeDSFieldsOnly": false,
        "FieldBindings": []
      },
      {
        "Name": "NOW",
        "IBPLRules": [
          {
            "template": "Select (now());"
          }
        ],
        "JavascriptRules": [],
        "IncludeDSFieldsOnly": false,
        "FieldBindings": []
      },
      {
        "Name": "USER",
        "IBPLRules": [
          {
            "template": "Select (Currentuser());"
          }
        ],
        "JavascriptRules": [],
        "IncludeDSFieldsOnly": false,
        "FieldBindings": []
      }
    ],
    "AutoExecute": false,
    "isAsync": false,
    "hasMembersUpdates": true,
    "Compact": true,
    "TwoColumn": false,
    "IsGlobalForExcelAddIn": false,
    "ReturnFilterByUpdate": false,
    "ExcludeFromNavLink": false,
    "FilterFieldBindings": []
  },
  "Widget": null,
  "Roles": [
    "EKG_DataAdmin",
    "EKG_Intg_Arch"
  ]
}