{
  "AttributeName": "Activity All3",
  "AttributeId": "87bebac9-f0c0-4fe4-966c-a9507158fb0b",
  "AttributeHierarchyEnabled": true,
  "IsKey": false,
  "Description": "LevelAttribute used for reporting. Usually contains 'All' as its member.",
  "OrderBy": "Key",
  "KeyColumnName": "ActivityAll3Key",
  "NameColumnName": "ActivityAll3Name",
  "KeyColumnDataType": "integer",
  "SeedTags": false,
  "KeyGenerationType": "Auto",
  "PickListName": null,
  "ConfigJson": {},
  "FormatString": null,
  "Translation": null,
  "Aliases": [],
  "ApiName": null,
  "ApiDisabled": false
}