{
  "MeasureName": "LP Gross Margin %",
  "MeasureId": "f1e0c433-d04a-49a5-9193-501638ad85f1",
  "MeasureDescription": "LP Gross Margin Percentage",
  "DataType": "number",
  "MeasureType": "Regular",
  "AggregateFunction": "Computed",
  "FormatString": "0.00%",
  "MeasureColumnName": "StoreTDGrossMargin%",
  "MeasureFormula": "Safedivide(Measure.[LP Gross Margin Rtl], Measure.[LP Ttl Sls Rtl])",
  "IsEditable": true,
  "ApplyConversion": false,
  "ConversionFormula": "",
  "PickListName": null,
  "BgColorFormula": "",
  "FgColorFormula": "",
  "TrendFormula": "",
  "FormattingViewModel": null,
  "ParentMeasureName": null,
  "AssociationMeasure": false,
  "IsComputedByPlanningService": false,
  "ToolTip": "LP Gross Margin Percentage",
  "ConfigJson": {},
  "ApiName": null,
  "ApiDisabled": false,
  "IsReportingMeasure": false,
  "MeasureConditionalFormulaProperties": [],
  "PicklistSource": null
}