{
  "Name": "AP10RecommendOptions",
  "Description": "Recommend Options",
  "ActionButtonId": "be85cd0d-1b10-38d6-75cb-5445f1cb0679",
  "Tooltip": "Recommend Options",
  "ActionButtonType": "Rule",
  "Alignment": "right",
  "IsPopOver": true,
  "IsGlobal": false,
  "ActionClickHandler": null,
  "Icon": null,
  "Image": null,
  "ConfigJson": {
    "DisplayName": "Recommend Options",
    "icon": "lightbulb-o",
    "Position": "0",
    "SubmitButton": {
      "Label": "Submit"
    },
    "ResetButton": {
      "Label": "Reset"
    },
    "CloseButton": {
      "Label": "Close",
      "ConfirmMessage": "Unsaved changes will be lost. Continue?"
    },
    "NotifyRoles": false,
    "NotifyAll": false,
    "IBPLRules": [
      {
        "template": "{{#if Override}}\n\nexec procedure AP17PopulateBenchmarks {\"Version\": \"{{Version}}\", \"Class\": [{{#csv Class}}], \"Country\": [{{#csv Country}}], \"Channel\" : [{{#csv Channel}}], \"ProductSeason\": [{{#csv ProductSeason}}], \"HistoricalPeriod\" : [{{#csv HistoricalPeriod}}], \"Execution\": {{Execution}} };\n\nexec procedure AP18RunHeatMap {\"Version\": \"{{Version}}\", \"Class\": [{{#csv Class}}], \"Country\": [{{#csv Country}}], \"Channel\" : [{{#csv Channel}}], \"ProductSeason\": [{{#csv ProductSeason}}]};\n\n\n{{#else}}\n\n\nexec procedure AP18RunHeatMap {\"Version\": \"{{Version}}\", \"Class\": [{{#csv Class}}], \"Country\": [{{#csv Country}}], \"Channel\" : [{{#csv Channel}}], \"ProductSeason\": [{{#csv ProductSeason}}]};\n\n{{/if}}"
      }
    ],
    "JavascriptRules": [],
    "FieldBindings": [
      {
        "fieldName": "Version",
        "title": "Version",
        "Description": "Version",
        "type": "picklistDropdown",
        "selectionType": "single",
        "clearSearch": true,
        "source": "filter",
        "DimensionName": "Version",
        "LevelAttributeName": "Version Name",
        "visible": false,
        "isEditable": true,
        "validation": {
          "maxLength": "0",
          "required": true
        }
      },
      {
        "fieldName": "Class",
        "title": "Class",
        "Description": "Class",
        "type": "picklistDropdown",
        "selectionType": "multiple",
        "clearSearch": true,
        "source": "filter",
        "DimensionName": "Item",
        "LevelAttributeName": "L3",
        "visible": true,
        "isEditable": true,
        "validation": {
          "maxLength": "0",
          "required": true
        }
      },
      {
        "fieldName": "Country",
        "title": "Country",
        "Description": "Country",
        "type": "picklistDropdown",
        "selectionType": "multiple",
        "clearSearch": true,
        "source": "filter",
        "DimensionName": "Location",
        "LevelAttributeName": "Location Country",
        "visible": true,
        "isEditable": true,
        "validation": {
          "maxLength": "0",
          "required": true
        }
      },
      {
        "fieldName": "Channel",
        "title": "Channel",
        "Description": "Channel",
        "type": "picklistDropdown",
        "selectionType": "multiple",
        "clearSearch": true,
        "source": "filter",
        "DimensionName": "Sales Domain",
        "LevelAttributeName": "Sales Planning Channel",
        "visible": true,
        "isEditable": true,
        "validation": {
          "maxLength": "0",
          "required": true
        }
      },
      {
        "fieldName": "ProductSeason",
        "title": "Product Season",
        "Description": "Product Season",
        "type": "picklistDropdown",
        "selectionType": "multiple",
        "clearSearch": true,
        "source": "filter",
        "DimensionName": "Selling Season",
        "LevelAttributeName": "Selling Season",
        "visible": true,
        "isEditable": true,
        "validation": {
          "maxLength": "0",
          "required": true
        }
      },
      {
        "fieldName": "HistoricalPeriod",
        "title": "Historical Period",
        "type": "picklistDropdown",
        "selectionType": "multiple",
        "clearSearch": true,
        "source": "datasource",
        "key": "PlanningMonthDS",
        "valueField": "Planning Month",
        "textField": "Planning Month",
        "overrideFieldBindingType": false,
        "visible": true,
        "isEditable": true,
        "validation": {
          "maxLength": "0",
          "required": true
        },
        "select": "ALL",
        "cascadeFrom": "ProductSeason"
      },
      {
        "fieldName": "Override",
        "title": "Repopulate Benchmark",
        "Description": "If this is checked, benchmarks will not get recalculated.",
        "type": "boolean",
        "selectionType": "single",
        "clearSearch": true,
        "source": "literal",
        "defaultValue": true,
        "visible": true,
        "isEditable": true,
        "validation": {
          "maxLength": "0",
          "required": true
        }
      },
      {
        "fieldName": "Execution",
        "title": "Execution Mode",
        "type": "radio",
        "selectionType": "single",
        "clearSearch": true,
        "select": "ALL",
        "source": "localPicklist",
        "values": [
          {
            "Key": "true",
            "Name": "Medium Weight"
          },
          {
            "Key": false,
            "Name": "Heavy Weight"
          }
        ],
        "valueField": "Key",
        "visible": false,
        "isEditable": true,
        "validation": {
          "maxLength": "0",
          "required": true
        }
      }
    ],
    "Range": [],
    "DataSources": [
      {
        "Name": "PlanningMonthDS",
        "IBPLRules": [
          {
            "template": "select (&CWVAndScenarios.[{{Version}}] * &APClasses{{#filter Class}} * &APLocationCountries{{#filter Country}} * &APChannels{{#filter Channel}} * &APSellingSeasons{{#filter ProductSeason}} * &AllPastPlanningMonths) on row, ({Measure.[Sales Units Actuals]}) on column;"
          }
        ],
        "JavascriptRules": [],
        "IncludeDSFieldsOnly": false,
        "FieldBindings": []
      }
    ],
    "AutoExecute": false,
    "isAsync": true,
    "hasMembersUpdates": false,
    "Compact": true,
    "TwoColumn": false,
    "IsGlobalForExcelAddIn": false,
    "ExcludeFromNavLink": false,
    "FilterFieldBindings": [],
    "enableTransaction": false
  },
  "Widget": null,
  "Roles": []
}