{
  "Name": "PROCSharedItemResourceInfo",
  "Description": "Information",
  "ActionButtonId": "23b5d27f-25ea-495e-abc4-b673a8c14111",
  "Tooltip": "Information",
  "ActionButtonType": "Widget",
  "Alignment": "right",
  "IsPopOver": true,
  "IsGlobal": true,
  "ActionClickHandler": null,
  "Icon": null,
  "Image": null,
  "ConfigJson": {
    "icon": "info-circle",
    "SubmitButton": {
      "Label": "Submit"
    },
    "ResetButton": {
      "Label": "Reset"
    },
    "CloseButton": {
      "Label": "Close",
      "ConfirmMessage": "Unsaved changes will be lost. Continue?"
    },
    "NotifyAll": false,
    "IBPLRules": [],
    "JavascriptRules": [],
    "FieldBindings": [
      {
        "fieldName": "Information",
        "title": "Information",
        "type": "info",
        "clearSearch": true,
        "source": "literal",
        "visible": true,
        "isEditable": false,
        "validation": {
          "maxLength": "0",
          "required": true
        },
        "defaultValue": "<b>Supplier-Shared Item Resource Info</b> <p> <ul> <li><p aligns=\"left\">Here the resource is a user input and can be shared between any of the Supplier-Location-Item combinations. </li> </p> <li><p aligns=\"left\"> To enable this functionality, the Supplier-Item shared resource association needs to be enabled wherever applicable.</li></p> <li><p aligns=\"left\">If data is maintained for a specific Item-Resource in this table, it overrides the data in the Supplier Shared Resource table for that Item.</li></p>"
      }
    ],
    "DataSources": [],
    "AutoExecute": false,
    "isAsync": false,
    "hasMembersUpdates": false,
    "Compact": false,
    "TwoColumn": false,
    "IsGlobalForExcelAddIn": false,
    "ReturnFilterByUpdate": false,
    "FilterFieldBindings": []
  },
  "Widget": null
}