{
  "AttributeName": "Incremental Flag",
  "AttributeId": "80bdf210-e181-476e-ac11-6aac2171aac9",
  "AttributeHierarchyEnabled": false,
  "IsKey": false,
  "Description": "To identify whether the demand is incremental or not ",
  "OrderBy": "Key",
  "KeyColumnName": "IncrementalFlagKey",
  "NameColumnName": null,
  "KeyColumnDataType": "boolean",
  "SeedTags": false,
  "KeyGenerationType": null,
  "PickListName": null,
  "ConfigJson": {},
  "FormatString": null,
  "Translation": null,
  "Aliases": [],
  "ApiName": null,
  "ApiDisabled": false
}