{
  "MeasureName": "o9EKG Table Order",
  "MeasureId": "d9b99d9a-fb9d-3fba-fe57-7b3deaad72d2",
  "MeasureDescription": "o9EKG Table Order",
  "DataType": "picklist",
  "MeasureType": "Regular",
  "AggregateFunction": "DistinctSum",
  "FormatString": "",
  "MeasureColumnName": "o9EKGTableOrder",
  "MeasureFormula": "",
  "IsEditable": true,
  "ApplyConversion": false,
  "ConversionFormula": "",
  "PickListName": "o9EKG Table Order",
  "BgColorFormula": " IF(Measure.[o9EKG Table Order]==\"<not defined>\") then argb( 1,244, 204, 111)",
  "FgColorFormula": "",
  "TrendFormula": "",
  "FormattingViewModel": "[\r\n  {\r\n    \"BGCOLOR\": \"argb(1,244,204,111)\",\r\n    \"Condition\": \"Measure.[o9EKG Table Order]==\\\"<not defined>\\\"\"\r\n  }\r\n]",
  "ParentMeasureName": null,
  "AssociationMeasure": false,
  "IsComputedByPlanningService": false,
  "ToolTip": "o9EKG Table Order",
  "ConfigJson": {},
  "ApiName": null,
  "ApiDisabled": false,
  "IsReportingMeasure": false,
  "MeasureConditionalFormulaProperties": [
    {
      "MeasureName": null,
      "ConditionalFormula": "Measure.[o9EKG Table Order]==\"<not defined>\"",
      "BGCOLOR": "argb(1,244,204,111)",
      "LegendText": "",
      "DisplayOrder": 0
    }
  ],
  "PicklistSource": null
}