{
  "MeasureName": "Input Sign",
  "MeasureId": "ed8c3c2a-9f95-4975-8b91-bdd155d1063a",
  "MeasureDescription": "Input Sign",
  "DataType": "picklist",
  "MeasureType": "Regular",
  "AggregateFunction": "Sum",
  "FormatString": "#,##0;(#,##0)",
  "MeasureColumnName": "InputSign",
  "MeasureFormula": "",
  "IsEditable": true,
  "ApplyConversion": false,
  "ConversionFormula": "",
  "PickListName": "Integration Yes No",
  "BgColorFormula": "",
  "FgColorFormula": "",
  "TrendFormula": "",
  "FormattingViewModel": null,
  "ParentMeasureName": null,
  "AssociationMeasure": false,
  "IsComputedByPlanningService": false,
  "ToolTip": "Input Sign",
  "ConfigJson": {},
  "ApiName": null,
  "ApiDisabled": false,
  "IsReportingMeasure": false,
  "MeasureConditionalFormulaProperties": [],
  "PicklistSource": null
}