{
  "HierarchyName": "Resource Hierarchy",
  "HierarchyId": "bd58e9cd-76d7-4f94-8313-228cb41c85ed",
  "HierarchyDescription": "Resource Hierarchy",
  "Translations": [],
  "Levels": [
    {
      "LevelName": "Resource All",
      "LevelId": "0011d173-ebea-40a2-8581-0319d5b552aa",
      "SourceAttributeName": "Resource All",
      "LevelDescription": "All Resources",
      "LevelPosition": 0,
      "Translations": []
    },
    {
      "LevelName": "Resource Type",
      "LevelId": "4e024d46-214b-4e00-b9f1-27f91ac8fea9",
      "SourceAttributeName": "Resource Type",
      "LevelDescription": "Type of resources - Artificial, Labour, Machine . Depending on this the final capacity computation for the solver varies. Eg. Labour is calculated based on number of shifts, over time etc  For more details refer to the Capacity Management rule file. Tags[ Supply ] ",
      "LevelPosition": 1,
      "Translations": []
    },
    {
      "LevelName": "Resource",
      "LevelId": "c837e95d-e861-4e16-9779-18dcb33e31ce",
      "SourceAttributeName": "Resource",
      "LevelDescription": "Capacity constraints - example line at a specific factory or labour capacity in a factory. For distribution and procurement networks additional members are created in this dimension, though they are not visible on the UI. Tags[ Supply ] ",
      "LevelPosition": 2,
      "Translations": []
    }
  ]
}