{
  "ModuleId": "5ca1fab1-d512-4878-b7a6-651e7753c980",
  "ModuleName": "o9 Shared",
  "Description": "o9 Shared",
  "URL": "https://dev.azure.com/o9delivery/958a7655-91f2-41a8-8b8f-8443d15b8412/_apis/git/repositories/5ca1fab1-d512-4878-b7a6-651e7753c980",
  "ParentModule": {
    "ProjectId": "ec07b4e6-de11-4c3d-988e-d2ed5a5a28e9",
    "ProjectName": "RefDev",
    "ModuleId": "ddab5036-c377-42df-a830-e56e77624e89",
    "ModuleName": "o9 Shared",
    "VersionType": "tag",
    "Version": "R2025.04.01",
    "URL": "https://dev.azure.com/o9git/ec07b4e6-de11-4c3d-988e-d2ed5a5a28e9/_apis/git/repositories/ddab5036-c377-42df-a830-e56e77624e89",
    "Org": "RefDev",
    "PackageName": "o9 Supply Planning",
    "PackagePublishType": "Public"
  },
  "Dependencies": [],
  "Type": "RegularDelta",
  "Category": null,
  "Project": {
    "Id": "958a7655-91f2-41a8-8b8f-8443d15b8412",
    "Name": "ChinaDelivery",
    "Url": "https://dev.azure.com/o9delivery/_apis/projects/958a7655-91f2-41a8-8b8f-8443d15b8412"
  },
  "VersionType": "branch",
  "Version": null,
  "IsReadOnlyModule": false,
  "IsPromoteDisabled": false,
  "SelectedBranch": null,
  "CreatorEmail": "wentao.wang@o9solutions.com",
  "CreationTime": "2025-07-03T07:41:14.9870813+00:00",
  "IsMergedModule": false,
  "MergedModuleParentModule": null,
  "IsSolutionBlock": false,
  "NameSpace": "",
  "Org": "o9Delivery",
  "PackageName": null,
  "PackagePublishType": null,
  "PackageVersion": null,
  "IsFinerRulesUtilityRan": true
}