{
  "Name": "Auto Rollup Profiles",
  "ViewId": "f7c25001-8cfe-ae81-f1ba-6d4d66b36be0",
  "ContentType": "Regular",
  "Title": "Auto Rollup Profiles",
  "Position": 1,
  "IsDefault": false,
  "Resource": null,
  "RazorViewTemplate": "_containers",
  "ConfigJson": {
    "WidgetContainers": {
      "Containers": [
        1
      ],
      "Key": 0,
      "IsModified": false,
      "ViewSpread": {
        "RowLevel": 60,
        "ColLevel": 12
      },
      "Data": [
        {
          "Id": "e080c486-a709-427e-a7aa-3e0d8dce532e",
          "Col": 0,
          "Row": 0,
          "SizeX": 12,
          "SizeY": 60
        }
      ]
    },
    "CompactMode": false,
    "IsHidden": false
  },
  "Roles": [
    "public"
  ]
}