{
  "MeasureName": "TD PP Sls Build %",
  "MeasureId": "ceb8ad20-6590-4a15-a504-6a2b05b9b2ca",
  "MeasureDescription": "TD Promo Price Sales Build %",
  "DataType": "number",
  "MeasureType": "Regular",
  "AggregateFunction": "Computed",
  "FormatString": "0.00%",
  "MeasureColumnName": "TDSlsPPBuild%",
  "MeasureFormula": "safedivide(Measure.[TD PP Sls Rtl]-Measure.[TD PP Sls Rtl]@(Time.#.LeadOffset(-1)),Measure.[TD PP Sls Rtl]@(Time.#.LeadOffset(-1)))",
  "IsEditable": false,
  "ApplyConversion": false,
  "ConversionFormula": "",
  "PickListName": null,
  "BgColorFormula": "",
  "FgColorFormula": "",
  "TrendFormula": "",
  "FormattingViewModel": null,
  "ParentMeasureName": null,
  "AssociationMeasure": false,
  "IsComputedByPlanningService": true,
  "ToolTip": "(TD Promo Price Sales Rtl - Previous planning period's TD Sales Promo Price Rtl) /Previous planning period's TD Sales Promo Price Rtl",
  "ConfigJson": {},
  "ApiName": null,
  "ApiDisabled": false,
  "IsReportingMeasure": false,
  "MeasureConditionalFormulaProperties": [],
  "PicklistSource": null
}