{
  "MeasureName": "Exclude from Aggregated Netting Forecast MP Snapshot",
  "MeasureId": "129a86ae-9ad1-2147-98d2-cddba506f509",
  "MeasureDescription": "Exclude from Aggregated Netting Forecast MP Snapshot",
  "DataType": "boolean",
  "MeasureType": "Regular",
  "AggregateFunction": "Min",
  "FormatString": "#,##0;(#,##0)",
  "MeasureColumnName": "ExcludefromAggregatedNettingForecastMPSnapshot",
  "MeasureFormula": "",
  "IsEditable": false,
  "ApplyConversion": false,
  "ConversionFormula": "",
  "PickListName": null,
  "BgColorFormula": "",
  "FgColorFormula": "",
  "TrendFormula": "",
  "FormattingViewModel": "[]",
  "ParentMeasureName": null,
  "AssociationMeasure": false,
  "IsComputedByPlanningService": false,
  "ToolTip": "Exclude from Aggregated Netting Forecast MP Snapshot",
  "ConfigJson": {},
  "ApiName": null,
  "ApiDisabled": false,
  "IsReportingMeasure": false,
  "MeasureConditionalFormulaProperties": [],
  "PicklistSource": null
}