{
  "AttributeName": "Description IL7",
  "AttributeId": "49b1f3d2-bfc8-4eeb-8323-bbd153f0b612",
  "AttributeHierarchyEnabled": false,
  "IsKey": false,
  "Description": "Description of L7",
  "OrderBy": "Key",
  "KeyColumnName": "Description1Key",
  "NameColumnName": null,
  "KeyColumnDataType": "string",
  "SeedTags": false,
  "KeyGenerationType": null,
  "PickListName": null,
  "ConfigJson": {
    "IsVisible": true,
    "IsEditable": true
  },
  "FormatString": "",
  "Translation": null,
  "Aliases": [],
  "ApiName": null,
  "ApiDisabled": false
}