{
  "Name": "SupplyPlan152CommonCreateItemBOMRoutingAssociation",
  "Description": "Add Item BOM Route Association",
  "ActionButtonId": "b71ddc44-d7fb-45fb-a982-79c5d0ada52c",
  "Tooltip": "Add Item BOM Route Association",
  "ActionButtonType": "Widget",
  "Alignment": "right",
  "IsPopOver": true,
  "IsGlobal": true,
  "ActionClickHandler": null,
  "Icon": null,
  "Image": null,
  "ConfigJson": {
    "DisplayName": "Add Item BOM Route",
    "icon": "plus",
    "SubmitButton": {
      "Label": "Submit"
    },
    "ResetButton": {
      "Label": "Reset"
    },
    "CloseButton": {
      "Label": "Close",
      "ConfirmMessage": "Unsaved changes will be lost. Continue?"
    },
    "NotifyAll": false,
    "IBPLRules": [
      {
        "template": "//-- Creating item bom routing association\n\nexec procedure AddItemBomRoutingAssociation {\"Version\" : \"{{Version}}\", \"Item\": \"{{Item}}\", \"Location\": \"{{Location}}\", \"BOMID\" :\"{{BOMID}}\", \"RoutingID\" :\"{{RoutingID}}\",\"Priority\" : {{Priority}} ,\"MinLotSize\" :{{MinLotSize}}, \"LotSizeIncrement\" :{{LotSizeIncrement}}, \"CoProductAssociation\" :{{CoProductAssociation}} };\n\n\n//--Uncomment the below code to enable Net change functionality\n/*\nCartesian scope:([Version].[Version Name]{{#filter Version}} * [Location].[Location]{{#filter Location}} * [Item].[Item]{{#filter Item}} * [Activity1].[Activity1]{{#filter BOMID}} * [Activity2].[Activity2]{{#filter RoutingID}});\nMeasure.[o9 Item BOM Routing Association NC Addition] = 1;\nend scope;\n\nscope:([Version].[Version Name]{{#filter Version}} * [Location].[Location]{{#filter Location}} * [Item].[Item]{{#filter Item}} * [Activity1].[Activity1]{{#filter BOMID}} * [Activity2].[Activity2]{{#filter RoutingID}});\nMeasure.[o9 Item BOM Routing Association NC Deletion] = Null;\nMeasure.[ERP Item BOM Routing Association NC Deletion] = Null;\nend scope;\n*/"
      },
      {
        "template": "//--Uncomment the below code to enable Net change functionality\n/*\nscope:(Version.[Version Name]{{#filter Version}} * Item.[Item]{{#filter Item}});\nMeasure.[Activity3 Members] = if (Measure.[Final Item BOM Routing Association] > 0) then Item.#.Name;\nend scope;\n\n//--Creating Members for Activity3\nCreateMember(\nActivity3.[Activity3]={,Measure.[Activity3 Members]},\nActivity3.[Activity Type3]={,[Item]},\nActivity3.[Activity All3]={,[All]})\nusing scope (Version.[Version Name]{{#filter Version}} * Item.[Item]{{#filter Item}}) ;\n\n\nEXEC plugin instance [SupplyPlan016CommonNetworkPrecursorDataPopulationWithNCAddition] for measures {[Item Activity 123 Association]} using scope ([Version].[Version Name]{{#filter Version}} * [Location].[Location]{{#filter Location}} * [Item].[Item]{{#filter Item}} * [Activity1].[Activity1]{{#filter BOMID}} * [Activity2].[Activity2]{{#filter RoutingID}}) using arguments {([MaxSliceTableCells], 50000000)};\n*/\n\nselect 1;"
      }
    ],
    "JavascriptRules": [],
    "FieldBindings": [
      {
        "fieldName": "Version",
        "title": "Version",
        "Description": "Version",
        "type": "picklistDropdown",
        "selectionType": "single",
        "clearSearch": true,
        "source": "filter",
        "DimensionName": "Version",
        "LevelAttributeName": "Version Name",
        "visible": true,
        "isEditable": true,
        "validation": {
          "maxLength": "0",
          "required": true
        }
      },
      {
        "fieldName": "Location",
        "title": "Plant Location",
        "Description": "Plant Location",
        "type": "picklistDropdown",
        "selectionType": "single",
        "clearSearch": true,
        "select": "NONE",
        "source": "members",
        "DimensionName": "Location",
        "LevelAttributeName": "Location",
        "FilterExpression": "&AllPlantLocations",
        "visible": true,
        "isEditable": true,
        "validation": {
          "maxLength": "0",
          "required": true
        }
      },
      {
        "fieldName": "Item",
        "title": "Item",
        "Description": "Item",
        "type": "picklistDropdown",
        "selectionType": "single",
        "clearSearch": true,
        "select": "NONE",
        "source": "members",
        "DimensionName": "Item",
        "LevelAttributeName": "Item",
        "FilterExpression": "&AllManufacturedItems",
        "visible": true,
        "isEditable": true,
        "validation": {
          "maxLength": "0",
          "required": true
        }
      },
      {
        "fieldName": "BOMID",
        "title": "BOMID",
        "Description": "BOMID",
        "type": "picklistDropdown",
        "selectionType": "single",
        "clearSearch": true,
        "select": "NONE",
        "source": "datasource",
        "visible": true,
        "isEditable": true,
        "validation": {
          "maxLength": "0",
          "required": true
        },
        "key": "BOMDs",
        "valueField": "Name",
        "textField": "Name",
        "cascadeFrom": "Item",
        "overrideFieldBindingType": false
      },
      {
        "fieldName": "RoutingID",
        "title": "RoutingID",
        "Description": "RoutingID",
        "type": "picklistDropdown",
        "selectionType": "single",
        "clearSearch": true,
        "select": "NONE",
        "source": "datasource",
        "key": "RoutingDs",
        "valueField": "Name",
        "textField": "Name",
        "visible": true,
        "isEditable": true,
        "cascadeFrom": "Item",
        "validation": {
          "maxLength": "0",
          "required": true
        },
        "overrideFieldBindingType": false
      },
      {
        "fieldName": "Priority",
        "title": "Priority",
        "Description": "Priority",
        "type": "number",
        "displayFormat": "0",
        "selectionType": "single",
        "clearSearch": true,
        "source": "literal",
        "defaultValue": "1",
        "visible": true,
        "isEditable": true,
        "validation": {
          "maxLength": "0",
          "required": false
        }
      },
      {
        "fieldName": "MinLotSize",
        "title": "Minimum Lot Size",
        "type": "number",
        "selectionType": "single",
        "clearSearch": true,
        "source": "literal",
        "defaultValue": "1",
        "visible": true,
        "isEditable": true,
        "validation": {
          "maxLength": "0",
          "required": true
        }
      },
      {
        "fieldName": "LotSizeIncrement",
        "title": "Lot Size Increment",
        "type": "number",
        "selectionType": "single",
        "clearSearch": true,
        "source": "literal",
        "defaultValue": "1",
        "visible": true,
        "isEditable": true,
        "validation": {
          "maxLength": "0",
          "required": true
        }
      },
      {
        "fieldName": "CoProductAssociation",
        "title": "Co-Product",
        "type": "boolean",
        "selectionType": "single",
        "clearSearch": true,
        "source": "literal",
        "visible": true,
        "isEditable": true,
        "validation": {
          "maxLength": "0",
          "required": true
        },
        "defaultValue": true
      }
    ],
    "Range": [],
    "DataSources": [
      {
        "Name": "BOMDs",
        "IBPLRules": [
          {
            "template": "select (Activity1.[Activity1]) where {[Version].[Version Name]{{#filter Version}}, [Location].[Location]{{#filter Location}}, [Item].[Item]{{#filter Item}},Measure.[Final BOM Association]>=0};"
          }
        ],
        "JavascriptRules": [],
        "IncludeDSFieldsOnly": false,
        "FieldBindings": []
      },
      {
        "Name": "RoutingDs",
        "IBPLRules": [
          {
            "template": "select (Activity2.[Activity2]) where {[Version].[Version Name]{{#filter Version}}, [Location].[Location]{{#filter Location}}, [Item].[Item]{{#filter Item}},Measure.[Final Routing Item Location Association]>=0};"
          }
        ],
        "JavascriptRules": [],
        "IncludeDSFieldsOnly": false,
        "FieldBindings": []
      }
    ],
    "AutoExecute": false,
    "isAsync": false,
    "hasMembersUpdates": false,
    "Compact": false,
    "TwoColumn": false,
    "IsGlobalForExcelAddIn": false,
    "enableTransaction": false,
    "ReturnFilterByUpdate": false,
    "ExcludeFromNavLink": false,
    "FilterFieldBindings": []
  },
  "Widget": null,
  "Roles": []
}