{
  "Name": "SupplyPlan049WPromoteDemandTuple",
  "Description": "Promote Demand",
  "ActionButtonId": "90746087-06f3-468b-b48b-4eb2636de675",
  "Tooltip": "Promote Demand",
  "ActionButtonType": "Widget",
  "Alignment": "right",
  "IsPopOver": true,
  "IsGlobal": true,
  "ActionClickHandler": null,
  "Icon": null,
  "Image": null,
  "ConfigJson": {
    "icon": "chain",
    "SubmitButton": {
      "Label": "Submit"
    },
    "ResetButton": {
      "Label": "Reset"
    },
    "CloseButton": {
      "Label": "Close",
      "ConfirmMessage": "Unsaved changes will be lost. Continue?"
    },
    "NotifyAll": false,
    "IBPLRules": [
      {
        "template": "{{#each Tuple}}\n\nscope:({{#entity Item}} * {{#entity Location}} * {{#entity Customer}} * {{#entity Week}} * {{#entity DemandType}} * {{#entity DemandID}} * Version.[Version Name].[{{TargetScenario}}]);\n\nMeasure.[W Demand Quantity Override] = Measure.[W Demand Quantity Override]@(Version.[Version Name].[{{SourceScenario}}]);\nMeasure.[W Demand Priority Override] = Measure.[W Demand Priority Override]@(Version.[Version Name].[{{SourceScenario}}]); \nMeasure.[W Demand Build Late Limit Override] = Measure.[W Demand Build Late Limit Override]@(Version.[Version Name].[{{SourceScenario}}]);\nMeasure.[W Demand Build Ahead Limit Override] = Measure.[W Demand Build Ahead Limit Override]@(Version.[Version Name].[{{SourceScenario}}]);\n\nend scope;\n\n{{/each}}"
      }
    ],
    "JavascriptRules": [],
    "FieldBindings": [
      {
        "fieldName": "SourceScenario",
        "title": "SourceScenario",
        "type": "picklistDropdown",
        "selectionType": "single",
        "clearSearch": true,
        "select": "NONE",
        "source": "datasource",
        "key": "SourceScenarioDS",
        "valueField": "Name",
        "textField": "Name",
        "visible": true,
        "isEditable": true,
        "validation": {
          "maxLength": "0",
          "required": true
        }
      },
      {
        "fieldName": "TargetScenario",
        "title": "TargetScenario",
        "type": "picklistDropdown",
        "selectionType": "single",
        "clearSearch": true,
        "source": "datasource",
        "key": "TargetScenarioDS",
        "valueField": "Name",
        "textField": "Name",
        "visible": true,
        "isEditable": true,
        "validation": {
          "maxLength": "0",
          "required": true
        }
      },
      {
        "fieldName": "Tuple",
        "title": "Tuple",
        "type": "picklistDropdown",
        "select": "ALL",
        "clearSearch": true,
        "source": "parentTuple",
        "TuplesList": [
          {
            "Key": "Item",
            "LevelAttribute": {
              "DimensionName": "Item",
              "Name": "Item",
              "textField": "Name"
            },
            "tuplesource": "LevelAttribute"
          },
          {
            "Key": "Location",
            "LevelAttribute": {
              "DimensionName": "Location",
              "Name": "Location",
              "textField": "Name"
            },
            "tuplesource": "LevelAttribute"
          },
          {
            "Key": "Customer",
            "LevelAttribute": {
              "DimensionName": "Sales Domain",
              "Name": "Customer Group",
              "textField": "Name"
            },
            "tuplesource": "LevelAttribute"
          },
          {
            "Key": "Week",
            "LevelAttribute": {
              "DimensionName": "Time",
              "Name": "Week",
              "textField": "Name"
            },
            "tuplesource": "LevelAttribute"
          },
          {
            "Key": "DemandType",
            "LevelAttribute": {
              "DimensionName": "Demand Type",
              "Name": "Demand Type",
              "textField": "Name"
            },
            "tuplesource": "LevelAttribute"
          },
          {
            "Key": "DemandID",
            "LevelAttribute": {
              "DimensionName": "Demand",
              "Name": "DemandID",
              "textField": "Name"
            },
            "tuplesource": "LevelAttribute"
          }
        ],
        "visible": false,
        "isEditable": true,
        "validation": {
          "required": true
        }
      }
    ],
    "DataSources": [
      {
        "Name": "SourceScenarioDS",
        "IBPLRules": [
          {
            "template": "Select &CWVAndScenarios.filter(#.Name !=\"CurrentWorkingView\");"
          }
        ],
        "JavascriptRules": [],
        "FieldBindings": [],
        "IncludeDSFieldsOnly": false
      },
      {
        "Name": "TargetScenarioDS",
        "IBPLRules": [
          {
            "template": "Select &CWV;"
          }
        ],
        "JavascriptRules": [],
        "FieldBindings": [],
        "IncludeDSFieldsOnly": false
      }
    ],
    "AutoExecute": false,
    "isAsync": false,
    "hasMembersUpdates": false,
    "Compact": false,
    "TwoColumn": false,
    "IsGlobalForExcelAddIn": false,
    "ReturnFilterByUpdate": false,
    "FilterFieldBindings": []
  },
  "Widget": null
}