{
  "AttributeName": "Barcode Name",
  "AttributeId": "58e22420-8b2f-d290-99cd-cb155176a1e4",
  "AttributeHierarchyEnabled": true,
  "IsKey": false,
  "Description": "Barcodes aggregated when Barcode IDs are differentiated by region or any other dimension",
  "OrderBy": "Key",
  "KeyColumnName": "BarcodeNameKey",
  "NameColumnName": "BarcodeNameName",
  "KeyColumnDataType": "integer",
  "SeedTags": false,
  "KeyGenerationType": "Auto",
  "PickListName": null,
  "ConfigJson": {
    "ShowFilterAs": "TileView",
    "MemberDisplayNameEditable": true,
    "IsMultipleImage": false,
    "MemberDisplayColor": false
  },
  "FormatString": null,
  "Translation": null,
  "Aliases": [],
  "ApiName": null,
  "ApiDisabled": false,
  "FgColorFormula": "",
  "BgColorFormula": "",
  "IsReservedBySystem": false
}