{
  "Name": "Member Creation",
  "ViewId": "512c3f7f-3f5c-cd70-7b82-e1939b36f906",
  "ContentType": "Regular",
  "Title": "Member Creation",
  "Position": 2,
  "IsDefault": false,
  "Resource": null,
  "RazorViewTemplate": "_containers",
  "ConfigJson": {
    "WidgetContainers": {
      "Containers": [
        1
      ],
      "Key": 0,
      "IsModified": false,
      "ViewSpread": {
        "RowLevel": 60,
        "ColLevel": 12
      },
      "Data": [
        {
          "Id": "fe19bd54-9405-4a3f-beea-8e2c910acfff",
          "Col": 0,
          "Row": 0,
          "SizeX": 12,
          "SizeY": 60
        }
      ]
    },
    "CompactMode": false,
    "IsHidden": false
  },
  "Roles": [
    "public"
  ]
}