{
  "AttributeName": "Container SetTemperature",
  "AttributeId": "b042e321-ba1e-467f-a2f5-25521f523fb4",
  "AttributeHierarchyEnabled": false,
  "IsKey": false,
  "Description": "Container SetTemperature",
  "OrderBy": "Key",
  "KeyColumnName": "ContainerSetTemperatureKey",
  "NameColumnName": null,
  "KeyColumnDataType": "number",
  "SeedTags": false,
  "KeyGenerationType": null,
  "PickListName": null,
  "ConfigJson": {
    "IsVisible": true,
    "IsEditable": true
  },
  "FormatString": "#,##0; (#,##0)",
  "Translation": null,
  "Aliases": [],
  "ApiName": null,
  "ApiDisabled": false
}