{
  "Name": "SupplyPlan156RemoveItemLaneTransmodeAssociation",
  "Description": null,
  "ActionButtonId": "bc622a5b-d7ce-4a6f-9634-062fb013ff79",
  "Tooltip": "Remove Item-Lane-Transmode Association",
  "ActionButtonType": "Widget",
  "Alignment": "right",
  "IsPopOver": true,
  "IsGlobal": true,
  "ActionClickHandler": null,
  "Icon": null,
  "Image": null,
  "ConfigJson": {
    "icon": "minus",
    "SubmitButton": {
      "Label": "Submit"
    },
    "ResetButton": {
      "Label": "Reset"
    },
    "CloseButton": {
      "Label": "Close",
      "ConfirmMessage": "Unsaved changes will be lost. Continue?"
    },
    "NotifyRoles": true,
    "NotifyAll": false,
    "IBPLRules": [
      {
        "template": "Scope:([Version].[Version Name]{{#filter Version}} * [Item].[Item]{{#filter Item}} * [Activity1].[Activity1]{{#filter Activity1}} * [Activity2].[Activity2]{{#filter Activity2}});\nMeasure.[Item BODLane TransMode Association] = Null;\nMeasure.[Item BODLane TransMode Association Override] = Null;\nMeasure.[Deactivate BODLane] = Null;\nMeasure.[Item BODLane TransMode Priority] = Null;\nMeasure.[Item BODLane TransMode Priority Override] = Null;\nMeasure.[Item BODLane TransMode Lead Time] = Null;\nMeasure.[Item BODLane TransMode Lead Time Override] = Null;\nMeasure.[Item BODLane TransMode Start Date] = Null;\nMeasure.[Item BODLane TransMode Override Start Date] = Null;\nMeasure.[Item BODLane TransMode End Date] = Null;\nMeasure.[Item BODLane TransMode Override End Date] = Null;\nMeasure.[Item BODLane TransMode Min Lot Size] = Null;\nMeasure.[Item BODLane TransMode Max Lot Size] = Null;\nMeasure.[Item BODLane TransMode Min Lot Size Override] = Null;\nMeasure.[Item BODLane TransMode Max Lot Size Override] = Null;\nMeasure.[Item BODLane TransMode Lot Size Increment] = Null;\nMeasure.[Item BODLane TransMode Lot Size Increment Override] = Null;\nMeasure.[Item BODLane TransMode Soft Lot Size] = Null;\nMeasure.[Item BODLane TransMode Soft Lot Size Override] = Null;\nMeasure.[Consider Time Varying Priority] = Null;\nend scope;\n\n//--Uncomment the below code to enable Net change functionality\n/*\ncartesian scope:([Version].[Version Name]{{#filter Version}} * [Item].[Item]{{#filter Item}} * [Activity1].[Activity1]{{#filter Activity1}} * [Activity2].[Activity2]{{#filter Activity2}});\nMeasure.[Item BODLane TransMode Association Override NC Deletion] = 1;\nend scope;\n\nscope:([Version].[Version Name]{{#filter Version}} * [Item].[Item]{{#filter Item}} * [Activity1].[Activity1]{{#filter Activity1}} * [Activity2].[Activity2]{{#filter Activity2}});\nMeasure.[Item BODLane TransMode Association Override NC Addition] = Null;\nMeasure.[Item BODLane TransMode Association External Input NC Addition] = Null;\nMeasure.[Item BODLane TransMode Association NC Addition] = Null;\nend scope;\n\nscope:([Version].[Version Name]{{#filter Version}} * [Location].[Location]{{#filter Location}} * [Activity1].[Activity1]{{#filter Activity1}} * [Activity2].[Activity2]{{#filter Activity2}});\nMeasure.[BODLane Location Consumption Association]=null;\nend scope;\n\nscope:([Version].[Version Name]{{#filter Version}} * [Location].[Location]{{#filter ToLocation}} * [Activity1].[Activity1]{{#filter Activity1}} * [Activity2].[Activity2]{{#filter Activity2}});\nMeasure.[BODLane Location Production Association]=null;\nend scope;\n*/"
      }
    ],
    "JavascriptRules": [],
    "FieldBindings": [
      {
        "fieldName": "Version",
        "title": "Version",
        "Description": "Version",
        "type": "picklistDropdown",
        "selectionType": "single",
        "clearSearch": true,
        "source": "filter",
        "DimensionName": "Version",
        "LevelAttributeName": "Version Name",
        "visible": true,
        "isEditable": true,
        "validation": {
          "maxLength": "0",
          "required": true
        }
      },
      {
        "fieldName": "Item",
        "title": "Item",
        "type": "picklistDropdown",
        "selectionType": "multiple",
        "clearSearch": true,
        "source": "parentAttribute",
        "DimensionName": "Item",
        "key": {
          "LevelAttribute": {
            "Name": "Item",
            "Property": "Name"
          }
        },
        "visible": true,
        "isEditable": true,
        "validation": {
          "maxLength": "0",
          "required": true
        }
      },
      {
        "fieldName": "Activity1",
        "title": "Lane",
        "type": "dropdown",
        "selectionType": "multiple",
        "clearSearch": true,
        "source": "parentAttribute",
        "DimensionName": "Activity1",
        "key": {
          "LevelAttribute": {
            "Name": "Activity1",
            "Property": "Name"
          }
        },
        "visible": true,
        "isEditable": true,
        "validation": {
          "maxLength": "0",
          "required": true
        }
      },
      {
        "fieldName": "Location",
        "title": "Source Location",
        "type": "picklistDropdown",
        "selectionType": "single",
        "clearSearch": true,
        "source": "parentAttribute",
        "DimensionName": "Activity1",
        "key": {
          "LevelAttribute": {
            "Name": "From Location",
            "Property": "Name"
          }
        },
        "visible": false,
        "isEditable": true,
        "validation": {
          "maxLength": "0",
          "required": true
        }
      },
      {
        "fieldName": "ToLocation",
        "title": "Destination Location",
        "type": "picklistTextOnly",
        "selectionType": "single",
        "clearSearch": true,
        "source": "parentAttribute",
        "DimensionName": "Activity1",
        "key": {
          "LevelAttribute": {
            "Name": "To Location",
            "Property": "Name"
          }
        },
        "visible": false,
        "isEditable": true,
        "validation": {
          "maxLength": "0",
          "required": true
        }
      },
      {
        "fieldName": "Activity2",
        "title": "TransMode",
        "type": "picklistDropdown",
        "selectionType": "multiple",
        "clearSearch": true,
        "source": "parentAttribute",
        "DimensionName": "Activity2",
        "key": {
          "LevelAttribute": {
            "Name": "Activity2",
            "Property": "Name"
          }
        },
        "visible": true,
        "isEditable": true,
        "validation": {
          "maxLength": "0",
          "required": true
        }
      }
    ],
    "Range": [],
    "DataSources": [],
    "AutoExecute": false,
    "isAsync": false,
    "hasMembersUpdates": false,
    "Compact": true,
    "TwoColumn": true,
    "IsGlobalForExcelAddIn": false,
    "ReturnFilterByUpdate": true,
    "ExcludeFromNavLink": false,
    "FilterFieldBindings": []
  },
  "Widget": null,
  "Roles": []
}