{
  "AttributeName": "Forum",
  "AttributeId": "a30bfb3b-15e9-73ff-02f1-c8959bcd5b75",
  "AttributeHierarchyEnabled": true,
  "IsKey": true,
  "Description": "Forum",
  "OrderBy": "Name",
  "KeyColumnName": "ForumKey",
  "NameColumnName": "ForumName",
  "KeyColumnDataType": "integer",
  "SeedTags": true,
  "KeyGenerationType": "Auto",
  "PickListName": null,
  "ConfigJson": {
    "ShowFilterAs": "TileView",
    "MemberDisplayNameEditable": true,
    "IsMultipleImage": false,
    "MemberDisplayColor": false
  },
  "FormatString": null,
  "Translation": null,
  "Aliases": [],
  "ApiName": null,
  "ApiDisabled": false,
  "FgColorFormula": null,
  "BgColorFormula": null,
  "IsReservedBySystem": false
}