{
  "AttributeName": "Transition Demand Domain",
  "AttributeId": "7d02a91f-7f23-5024-01cb-e6d58f6f485a",
  "AttributeHierarchyEnabled": true,
  "IsKey": false,
  "Description": "Transition Demand Domain",
  "OrderBy": "Key",
  "KeyColumnName": "TransitionDemandDomainKey",
  "NameColumnName": "TransitionDemandDomainName",
  "KeyColumnDataType": "integer",
  "SeedTags": true,
  "KeyGenerationType": "Auto",
  "PickListName": null,
  "ConfigJson": {
    "ShowFilterAs": "TileView",
    "MemberDisplayNameEditable": true,
    "IsMultipleImage": false,
    "MemberDisplayColor": false
  },
  "FormatString": null,
  "Translation": null,
  "Aliases": [],
  "ApiName": null,
  "ApiDisabled": false
}