{
  "MeasureName": "Demand Netting Profiling For Telescopic Day",
  "MeasureId": "edf2d922-9f43-4a82-95cc-958bd01b86d6",
  "MeasureDescription": "Demand Netting Profiling For Telescopic Day",
  "DataType": "number",
  "MeasureType": "Regular",
  "AggregateFunction": "Min",
  "FormatString": "#",
  "MeasureColumnName": "DemandNettingProfilingForTelescopicDay",
  "MeasureFormula": "",
  "IsEditable": false,
  "ApplyConversion": false,
  "ConversionFormula": "",
  "PickListName": null,
  "BgColorFormula": "",
  "FgColorFormula": "",
  "TrendFormula": "",
  "FormattingViewModel": null,
  "ParentMeasureName": null,
  "AssociationMeasure": false,
  "IsComputedByPlanningService": false,
  "ToolTip": "Demand Netting Profiling For Telescopic Day",
  "ConfigJson": {},
  "ApiName": null,
  "ApiDisabled": false,
  "IsReportingMeasure": false,
  "MeasureConditionalFormulaProperties": [],
  "PicklistSource": null
}