{
  "RelationshipTypeName": "001.016W Solver Inputs Demand Attribute Selection Capacity Node",
  "RelationshipTypeId": "aface2b8-a052-ad9c-bd6e-40d5243db85e",
  "RelationshipTypeDescription": "Solver Inputs Demand Attribute Selection Capacity Node",
  "MemberRelationFactSchemaName": "graph",
  "MemberRelationFactTableName": "Fact001.016WSolverInputsDemandAttributeSelectionCapacityNode_2",
  "IsDirected": false,
  "AutoCreateActivationProperty": false,
  "IsAssociationGraph": false,
  "ConfigJson": {},
  "ApiName": null,
  "ApiEnabled": false
}