{
  "Name": "SupplyPlan157CommonRemoveItemBOMRouting",
  "Description": null,
  "ActionButtonId": "be41009b-cf1e-4716-bd82-60590ac4e6f5",
  "Tooltip": "Remove Item-BOM-Routing Association",
  "ActionButtonType": "Widget",
  "Alignment": "right",
  "IsPopOver": true,
  "IsGlobal": true,
  "ActionClickHandler": null,
  "Icon": null,
  "Image": null,
  "ConfigJson": {
    "DisplayName": "Remove Item BOM Routing Association",
    "icon": "minus",
    "SubmitButton": {
      "Label": "Submit"
    },
    "ResetButton": {
      "Label": "Reset"
    },
    "CloseButton": {
      "Label": "Close",
      "ConfirmMessage": "Unsaved changes will be lost. Continue?"
    },
    "NotifyAll": false,
    "IBPLRules": [
      {
        "template": "\n{{#each Tuple}}\n\nScope:([Version].[Version Name]{{#filter Version}} * {{#entity Item}} * {{#entity Location}} * {{#entity Activity1}} * {{#entity Activity2}});\nMeasure.[o9 Item BOM Routing Association] = null;\nMeasure.[o9 Co-Product Association] = Null;\nMeasure.[Inactive BOM] = Null;\nMeasure.[o9 Item BOM Routing Soft LotSize] = Null;\nMeasure.[o9 Item BOM Routing Priority] = Null;\nMeasure.[o9 Item BOM Routing Min LotSize] = Null;\nMeasure.[o9 Item BOM Routing Max LotSize] = Null;\nMeasure.[o9 Item BOM Routing LotSize Increment] = Null;\nend scope;\n\n{{/each}}\n\n{{#each Tuple}}\n\n//--Uncomment the below code to enable Net change functionality\n/*\ncartesian scope:([Version].[Version Name]{{#filter Version}} * {{#entity Item}} * {{#entity Location}} * {{#entity Activity1}} * {{#entity Activity2}});\nMeasure.[o9 Item BOM Routing Association NC Deletion] = 1;\nend scope;\n\nscope:([Version].[Version Name]{{#filter Version}} * {{#entity Item}} * {{#entity Location}} * {{#entity Activity1}} * {{#entity Activity2}});\nMeasure.[o9 Item BOM Routing Association NC Addition] = Null;\nMeasure.[ERP Item BOM Routing Association NC Addition] = Null;\nend scope;\n*/\n\n{{/each}}\n\n\n"
      }
    ],
    "JavascriptRules": [],
    "FieldBindings": [
      {
        "fieldName": "Version",
        "title": "Version",
        "Description": "Version",
        "type": "picklistDropdown",
        "selectionType": "single",
        "clearSearch": true,
        "source": "filter",
        "DimensionName": "Version",
        "LevelAttributeName": "Version Name",
        "visible": true,
        "isEditable": true,
        "validation": {
          "maxLength": "0",
          "required": true
        }
      },
      {
        "fieldName": "Tuple",
        "title": "Intersections",
        "Description": "Intersections",
        "type": "picklistDropdown",
        "select": "ALL",
        "clearSearch": true,
        "source": "parentTuple",
        "TuplesList": [
          {
            "Key": "Item",
            "LevelAttribute": {
              "DimensionName": "Item",
              "Name": "Item",
              "textField": "Name"
            },
            "tuplesource": "LevelAttribute"
          },
          {
            "Key": "Location",
            "LevelAttribute": {
              "DimensionName": "Location",
              "Name": "Location",
              "textField": "Name"
            },
            "tuplesource": "LevelAttribute"
          },
          {
            "Key": "Activity1",
            "LevelAttribute": {
              "DimensionName": "Activity1",
              "Name": "Activity1",
              "textField": "Name"
            },
            "tuplesource": "LevelAttribute"
          },
          {
            "Key": "Activity2",
            "LevelAttribute": {
              "DimensionName": "Activity2",
              "Name": "Activity2",
              "textField": "Name"
            },
            "tuplesource": "LevelAttribute"
          }
        ],
        "visible": true,
        "isEditable": false,
        "validation": {
          "required": true
        }
      }
    ],
    "Range": [],
    "DataSources": [],
    "AutoExecute": false,
    "isAsync": false,
    "hasMembersUpdates": false,
    "Compact": true,
    "TwoColumn": true,
    "IsGlobalForExcelAddIn": false,
    "enableTransaction": false,
    "ReturnFilterByUpdate": true,
    "ExcludeFromNavLink": false,
    "FilterFieldBindings": []
  },
  "Widget": null,
  "Roles": []
}