{
  "Name": "SupplyPlan079WGetDemandsForCapacityIncreaseProcItem",
  "Description": null,
  "ActionButtonId": "58836d6a-c6e7-4585-a132-bb9c7ba2a0c6",
  "Tooltip": "Get Demands for Capacity Increase Replan",
  "ActionButtonType": "Rule",
  "Alignment": "right",
  "IsPopOver": true,
  "IsGlobal": false,
  "ActionClickHandler": null,
  "Icon": null,
  "Image": null,
  "ConfigJson": {
    "icon": "chevron-up",
    "Position": "0",
    "SubmitButton": {
      "Label": "Submit"
    },
    "ResetButton": {
      "Label": "Reset"
    },
    "CloseButton": {
      "Label": "Close",
      "ConfirmMessage": "Unsaved changes will be lost. Continue?"
    },
    "NotifyAll": false,
    "IBPLRules": [
      {
        "template": "\n//Setting Capacity IncrementalFlag and IncreasedFlag (Capacity Increase)\n\nscope: ( Resource.[Resource] * Location.[Location] * Version.[Version Name]{{#filter Version}} * Time.Week);\nMeasure.[W Capacity Incremental Flag] = NULL;\nend scope;\n\n \nscope: (Resource.[Resource]{{#filter Resource}} * Location.[Location]{{#filter Location}} * Version.[Version Name]{{#filter Version}} * &PlanningHorizon);\nMeasure.[W Capacity Incremental Flag] = if (coalesce(Measure.[W Flex Capacity Band2 Baseline],0) != coalesce(Measure.[W Flex Capacity Band2],0) || coalesce(Measure.[W Flex Capacity Band1 Baseline],0) != coalesce(Measure.[W Flex Capacity Band1],0) || coalesce(Measure.[W Resource Base Capacity Baseline],0) != coalesce(Measure.[W Resource Base Capacity],0)) then 1;\nend scope;\n\nscope: (Resource.Resource{{#filter Resource}}  * [Sales Domain].[Customer Group] * Demand.[DemandID] * Item.[Item] * Location.[Location] * [Demand Type].[Demand Type] * Version.[Version Name]{{#filter Version}} * &PlanningHorizon);\nMeasure.[W Resource Incremental Flag] =Edge.[006.002W Capacity Incremental Demand Selection].[W Demand Flagged for Capacity Inc]@(From.Resource.Resource,To.Location.Location, To.Item.Item, To.Time.Week, To.Demand.DemandID ,To.[Demand Type].[Demand Type], To.[Sales Domain].[Customer Group]);\nend scope;\n"
      }
    ],
    "JavascriptRules": [],
    "FieldBindings": [
      {
        "fieldName": "Version",
        "title": "Version",
        "Description": "Version",
        "type": "picklistDropdown",
        "selectionType": "single",
        "clearSearch": true,
        "source": "filter",
        "DimensionName": "Version",
        "LevelAttributeName": "Version Name",
        "visible": true,
        "isEditable": true,
        "validation": {
          "maxLength": "0",
          "required": true
        }
      },
      {
        "fieldName": "Resource",
        "title": "Resource",
        "Description": "Resource",
        "type": "picklistDropdown",
        "selectionType": "multiple",
        "clearSearch": true,
        "source": "parentAttribute",
        "DimensionName": "Item",
        "key": {
          "LevelAttribute": {
            "Name": "Item",
            "Property": "Name"
          }
        },
        "visible": true,
        "isEditable": true,
        "validation": {
          "maxLength": "0",
          "required": true
        }
      },
      {
        "fieldName": "Location",
        "title": "Location",
        "Description": "Location",
        "type": "picklistDropdown",
        "selectionType": "multiple",
        "clearSearch": true,
        "source": "parentAttribute",
        "DimensionName": "Supplier",
        "key": {
          "LevelAttribute": {
            "Name": "Supplier Location",
            "Property": "Name"
          }
        },
        "visible": true,
        "isEditable": true,
        "validation": {
          "maxLength": "0",
          "required": true
        }
      }
    ],
    "DataSources": [],
    "AutoExecute": false,
    "isAsync": true,
    "hasMembersUpdates": false,
    "Compact": false,
    "TwoColumn": true,
    "IsGlobalForExcelAddIn": false,
    "FilterFieldBindings": []
  },
  "Widget": null
}