{
  "MeasureName": "Stat Intro Date System L1",
  "MeasureId": "ab3c25de-73bb-888b-3bc6-8f439a7e37c2",
  "MeasureDescription": "NPI Dates generated by Stat",
  "DataType": "datetime",
  "MeasureType": "Regular",
  "AggregateFunction": "Min",
  "FormatString": "yyyy-MM-dd",
  "MeasureColumnName": "StatIntroDateSystemL1",
  "MeasureFormula": "",
  "IsEditable": false,
  "ApplyConversion": false,
  "ConversionFormula": "",
  "PickListName": null,
  "BgColorFormula": "",
  "FgColorFormula": "",
  "TrendFormula": "",
  "FormattingViewModel": "[]",
  "ParentMeasureName": null,
  "AssociationMeasure": false,
  "IsComputedByPlanningService": false,
  "ToolTip": "NPI Dates generated by Stat",
  "ConfigJson": {},
  "ApiName": null,
  "ApiDisabled": false,
  "IsReportingMeasure": false,
  "MeasureConditionalFormulaProperties": [],
  "PicklistSource": null
}