{
  "MeasureName": "Holiday Dips",
  "MeasureId": "f1282cff-504f-4987-9670-278fde1d3434",
  "MeasureDescription": "Percentage of Dips which align with Holiday data",
  "DataType": "number",
  "MeasureType": "Regular",
  "AggregateFunction": "Sum",
  "FormatString": "0%",
  "MeasureColumnName": "HolidayDips",
  "MeasureFormula": "",
  "IsEditable": false,
  "ApplyConversion": false,
  "ConversionFormula": "",
  "PickListName": null,
  "BgColorFormula": " IF(Measure.[Holiday Dips]>0.60) then argb( 1,102, 176, 50) else  IF(Measure.[Holiday Dips]>0.40 && Measure.[Holiday Dips]<=0.60) then argb( 1,178, 215, 50) else  IF(Measure.[Holiday Dips]>0.20 && Measure.[Holiday Dips]<=0.40) then argb( 1,240, 247, 212) else  IF(Measure.[Holiday Dips]<=0.20) then argb( 1,255, 255, 240)",
  "FgColorFormula": " IF(Measure.[Holiday Dips]>0.60) then argb( 1,0, 0, 0) else  IF(Measure.[Holiday Dips]>0.40 && Measure.[Holiday Dips]<=0.60) then argb( 1,0, 0, 0) else  IF(Measure.[Holiday Dips]>0.20 && Measure.[Holiday Dips]<=0.40) then argb( 1,0, 0, 0) else  IF(Measure.[Holiday Dips]<=0.20) then argb( 1,0, 0, 0)",
  "TrendFormula": "",
  "FormattingViewModel": null,
  "ParentMeasureName": null,
  "AssociationMeasure": false,
  "IsComputedByPlanningService": false,
  "ToolTip": "Percentage of Dips which align with Holiday data",
  "ConfigJson": {},
  "ApiName": null,
  "ApiDisabled": false,
  "IsReportingMeasure": false,
  "MeasureConditionalFormulaProperties": [],
  "PicklistSource": null
}