{
  "MeasureGroupName": "002 LP Approval Status",
  "MeasureGroupId": "8cc3bf00-d767-45eb-a6b2-baeef2f7def1",
  "ParentMeasureGroupName": null,
  "HasShadow": false,
  "MeasureGroupDescription": "Store Approval Plan",
  "MeasureGroupType": "Regular",
  "FactTableName": "FactStoreApprovalPlan",
  "SchemaMajorVersion": 0,
  "ConfigJson": {},
  "ApiName": null,
  "Repartition": false,
  "Unpartition": false,
  "ApiEnabled": false,
  "DimensionUsages": [
    {
      "DimensionName": "Version",
      "AttributeName": "Version Name",
      "SortOrder": 0,
      "DimensionType": "Regular"
    },
    {
      "DimensionName": "NamedNode",
      "AttributeName": "Retail_MFP_LP_Location_NN",
      "SortOrder": 1,
      "DimensionType": "NamedNode"
    }
  ]
}