{
  "MeasureName": "Aggregated Netting Location Upward Levels Forecast MP Snapshot",
  "MeasureId": "d8d669ad-32de-f0e5-4543-2348e9fb602e",
  "MeasureDescription": "Aggregated Netting Location Upward Levels Forecast MP Snapshot",
  "DataType": "number",
  "MeasureType": "Regular",
  "AggregateFunction": "Sum",
  "FormatString": "#,##0; (#,##0)",
  "MeasureColumnName": "AggregatedNettingLocationUpwardLevelsForecastMPSnapshot",
  "MeasureFormula": "",
  "IsEditable": false,
  "ApplyConversion": false,
  "ConversionFormula": "",
  "PickListName": null,
  "BgColorFormula": "",
  "FgColorFormula": "",
  "TrendFormula": "",
  "FormattingViewModel": "[]",
  "ParentMeasureName": null,
  "AssociationMeasure": false,
  "IsComputedByPlanningService": false,
  "ToolTip": "Aggregated Netting Location Upward Levels Forecast MP Snapshot",
  "ConfigJson": {},
  "ApiName": null,
  "ApiDisabled": false,
  "IsReportingMeasure": false,
  "MeasureConditionalFormulaProperties": [],
  "PicklistSource": null
}