{
  "Name": "SupplyPlan103DTransactionalParameterMerge",
  "Description": null,
  "ActionButtonId": "7af47cdd-4eb5-4e0c-800c-d80ce04092a8",
  "Tooltip": "Merge Transactional Parameters",
  "ActionButtonType": "Rule",
  "Alignment": "right",
  "IsPopOver": true,
  "IsGlobal": false,
  "ActionClickHandler": null,
  "Icon": null,
  "Image": null,
  "ConfigJson": {
    "icon": "upload",
    "Position": "0",
    "SubmitButton": {
      "Label": "Submit"
    },
    "ResetButton": {
      "Label": "Reset"
    },
    "CloseButton": {
      "Label": "Close",
      "ConfirmMessage": "Unsaved changes will be lost. Continue?"
    },
    "NotifyAll": false,
    "IBPLRules": [
      {
        "template": "\n/* Copies over the stock transfers if selected */\n\n{{#if Measure3}}\n\n{{#each Measure3}}\n\n\nscope: (Version.[Version Name].[{{Target}}] * Item.Item{{#filter Item3}} * Location.Location{{#filter Location3}} * &StockTransferOrders );\n\nMeasure.[{{this}}] = Measure.[{{this}}]@(Version.[Version Name].[{{Source}}]);\n\nend scope;\n\n{{/each}}\n\n{{/if}}\n\n\n\n/* Copies over the intransits if selected */\n\n\n{{#if Measure4}}\n\n{{#each Measure4}}\n\n\nscope: (Version.[Version Name].[{{Target}}] * Item.Item{{#filter Item4}} * &Intransits * &AllBODLanes  );\n\nMeasure.[{{this}}] = Measure.[{{this}}]@(Version.[Version Name].[{{Source}}]);\n\nend scope;\n\n{{/each}}\n\n{{/if}}\n\n\n/* Copies over the purchase orders if selected */\n\n\n\n{{#if Measure5}}\n\n{{#each Measure5}}\n\n\nscope: (Version.[Version Name].[{{Target}}] * Item.Item{{#filter Item5}} * Location.Location{{#filter Location5}} * &PurchaseOrders );\n\nMeasure.[{{this}}] = Measure.[{{this}}]@(Version.[Version Name].[{{Source}}]);\n\nend scope;\n\n{{/each}}\n\n{{/if}}\n\n\n/* Copies over the production orders if selected */\n\n\n\n{{#if Measure6}}\n\n{{#each Measure6}}\n\n\nscope: (Version.[Version Name].[{{Target}}] * Item.Item{{#filter Item6}} * Location.Location{{#filter Location6}} * &ProductionOrders * &AllBOMs * &AllRoutings );\n\nMeasure.[{{this}}] = Measure.[{{this}}]@(Version.[Version Name].[{{Source}}]);\n\nend scope;\n\n{{/each}}\n\n{{/if}}\n\n\n/* Copies over the onhands if selected */\n\n\n\n{{#if Measure7}}\n\n{{#each Measure7}}\n\n\nscope: (Version.[Version Name].[{{Target}}] * Item.Item{{#filter Item7}} * Location.Location{{#filter Location7}} * &OnHands * &DailySolverCurrentBucket);\n\nMeasure.[{{this}}] = Measure.[{{this}}]@(Version.[Version Name].[{{Source}}]);\n\nend scope;\n\n{{/each}}\n\n{{/if}}\n\n"
      }
    ],
    "JavascriptRules": [],
    "FieldBindings": [
      {
        "fieldName": "Source",
        "title": "Source Scenario",
        "Description": "Source Scenario",
        "type": "picklistDropdown",
        "selectionType": "single",
        "clearSearch": true,
        "select": "NONE",
        "source": "members",
        "DimensionName": "Version",
        "LevelAttributeName": "Version Name",
        "FilterExpression": "&Scenarios",
        "visible": true,
        "isEditable": true,
        "validation": {
          "maxLength": "0",
          "required": true
        }
      },
      {
        "fieldName": "Target",
        "title": "Target Scenario",
        "Description": "Target Scenario",
        "type": "picklistDropdown",
        "selectionType": "single",
        "clearSearch": true,
        "select": "ALL",
        "source": "members",
        "DimensionName": "Version",
        "LevelAttributeName": "Version Name",
        "visible": true,
        "isEditable": false,
        "validation": {
          "maxLength": "0",
          "required": true
        }
      },
      {
        "fieldName": "Location3",
        "title": "Location",
        "Description": "Location",
        "type": "picklistDropdown",
        "fieldGroup": "Stock Transfer Orders",
        "selectionType": "single",
        "clearSearch": true,
        "select": "NONE",
        "source": "members",
        "DimensionName": "Location",
        "LevelAttributeName": "Location",
        "visible": true,
        "isEditable": true,
        "validation": {
          "maxLength": "0",
          "required": false
        }
      },
      {
        "fieldName": "Item3",
        "title": "Item",
        "type": "picklistDropdown",
        "fieldGroup": "Stock Transfer Orders",
        "selectionType": "multiple",
        "clearSearch": true,
        "select": "NONE",
        "source": "datasource",
        "key": "dsItem3",
        "valueField": "Item",
        "textField": "Item",
        "visible": true,
        "isEditable": true,
        "cascadeFrom": "Location3",
        "validation": {
          "maxLength": "0",
          "required": false
        }
      },
      {
        "fieldName": "Measure3",
        "title": "Parameters",
        "type": "picklistDropdown",
        "fieldGroup": "Stock Transfer Orders",
        "selectionType": "multiple",
        "clearSearch": true,
        "select": "NONE",
        "source": "picklist",
        "key": "D TransactionalMeasures3",
        "visible": true,
        "isEditable": true,
        "validation": {
          "maxLength": "0",
          "required": false
        }
      },
      {
        "fieldName": "Item4",
        "title": "Item",
        "Description": "Item",
        "type": "picklistDropdown",
        "fieldGroup": "Intransits",
        "selectionType": "multiple",
        "clearSearch": true,
        "select": "NONE",
        "source": "members",
        "DimensionName": "Item",
        "LevelAttributeName": "Item",
        "visible": true,
        "isEditable": true,
        "validation": {
          "maxLength": "0",
          "required": false
        }
      },
      {
        "fieldName": "Measure4",
        "title": "Parameters",
        "type": "picklistDropdown",
        "fieldGroup": "Intransits",
        "selectionType": "multiple",
        "clearSearch": true,
        "select": "NONE",
        "source": "picklist",
        "key": "D TransactionalMeasures4",
        "visible": true,
        "isEditable": true,
        "validation": {
          "maxLength": "0",
          "required": false
        }
      },
      {
        "fieldName": "Location5",
        "title": "Location",
        "Description": "Location",
        "type": "picklistDropdown",
        "fieldGroup": "Purchase Orders Commits & ASN",
        "selectionType": "single",
        "clearSearch": true,
        "select": "NONE",
        "source": "members",
        "DimensionName": "Location",
        "LevelAttributeName": "Location",
        "visible": true,
        "isEditable": true,
        "validation": {
          "maxLength": "0",
          "required": false
        }
      },
      {
        "fieldName": "Item5",
        "title": "Item",
        "type": "picklistDropdown",
        "fieldGroup": "Purchase Orders Commits & ASN",
        "selectionType": "multiple",
        "clearSearch": true,
        "select": "NONE",
        "source": "datasource",
        "key": "dsItem5",
        "valueField": "Item",
        "textField": "Item",
        "visible": true,
        "isEditable": true,
        "cascadeFrom": "Location5",
        "validation": {
          "maxLength": "0",
          "required": false
        }
      },
      {
        "fieldName": "Measure5",
        "title": "Parameters",
        "type": "picklistDropdown",
        "fieldGroup": "Purchase Orders Commits & ASN",
        "selectionType": "multiple",
        "clearSearch": true,
        "select": "NONE",
        "source": "picklist",
        "key": "D TransactionalMeasures5",
        "visible": true,
        "isEditable": true,
        "validation": {
          "maxLength": "0",
          "required": false
        }
      },
      {
        "fieldName": "Location6",
        "title": "Location",
        "Description": "Location",
        "type": "picklistDropdown",
        "fieldGroup": "Production Orders",
        "selectionType": "single",
        "clearSearch": true,
        "select": "NONE",
        "source": "members",
        "DimensionName": "Location",
        "LevelAttributeName": "Location",
        "visible": true,
        "isEditable": true,
        "validation": {
          "maxLength": "0",
          "required": false
        }
      },
      {
        "fieldName": "Item6",
        "title": "Item",
        "type": "picklistDropdown",
        "fieldGroup": "Production Orders",
        "selectionType": "multiple",
        "clearSearch": true,
        "select": "NONE",
        "source": "datasource",
        "key": "dsItem6",
        "valueField": "Item",
        "textField": "Item",
        "visible": true,
        "isEditable": true,
        "cascadeFrom": "Location6",
        "validation": {
          "maxLength": "0",
          "required": false
        }
      },
      {
        "fieldName": "Measure6",
        "title": "Parameters",
        "type": "picklistDropdown",
        "fieldGroup": "Production Orders",
        "selectionType": "multiple",
        "clearSearch": true,
        "select": "NONE",
        "source": "picklist",
        "key": "D TransactionalMeasures6",
        "visible": true,
        "isEditable": true,
        "validation": {
          "maxLength": "0",
          "required": false
        }
      },
      {
        "fieldName": "Location7",
        "title": "Location",
        "Description": "Location",
        "type": "picklistDropdown",
        "fieldGroup": "OnHands",
        "selectionType": "single",
        "clearSearch": true,
        "select": "NONE",
        "source": "members",
        "DimensionName": "Location",
        "LevelAttributeName": "Location",
        "visible": true,
        "isEditable": true,
        "validation": {
          "maxLength": "0",
          "required": false
        }
      },
      {
        "fieldName": "Item7",
        "title": "Item",
        "type": "picklistDropdown",
        "fieldGroup": "OnHands",
        "selectionType": "multiple",
        "clearSearch": true,
        "select": "NONE",
        "source": "datasource",
        "key": "dsItem7",
        "valueField": "Item",
        "textField": "Item",
        "visible": true,
        "isEditable": true,
        "cascadeFrom": "Location7",
        "validation": {
          "maxLength": "0",
          "required": false
        }
      },
      {
        "fieldName": "Measure7",
        "title": "Parameters",
        "type": "picklistDropdown",
        "fieldGroup": "OnHands",
        "selectionType": "multiple",
        "clearSearch": true,
        "select": "NONE",
        "source": "picklist",
        "key": "D TransactionalMeasures7",
        "visible": true,
        "isEditable": true,
        "validation": {
          "maxLength": "0",
          "required": false
        }
      }
    ],
    "DataSources": [
      {
        "Name": "dsItem3",
        "IBPLRules": [
          {
            "template": "Select (Version.[Version Name].[{{Source}}] * Item.Item * Location.Location{{#filter Location3}} * &StockTransferOrders) on row, \n({Measure.[STO Line Detail Quantity Override], Measure.[STO Line Detail Delivery Date Override]}) on column;"
          }
        ],
        "JavascriptRules": [],
        "FieldBindings": [],
        "IncludeDSFieldsOnly": false
      },
      {
        "Name": "dsItem5",
        "IBPLRules": [
          {
            "template": "\nSelect (Version.[Version Name].[{{Source}}] * Item.Item * Location.Location{{#filter Location5}} * &PurchaseOrders ) on row, \n({Measure.[PO Commit Delivered Quantity], Measure.[PO Commit Quantity],Measure.[PO Committed Delivery Date],Measure.[PO ASN Delivery Quantity],Measure.[PO ASN Delivery Date]}) on column;"
          }
        ],
        "JavascriptRules": [],
        "FieldBindings": [],
        "IncludeDSFieldsOnly": false
      },
      {
        "Name": "dsItem6",
        "IBPLRules": [
          {
            "template": "Select ( Version.[Version Name].[{{Source}}] * Item.Item * Location.Location{{#filter Location6}} * &ProductionOrders * &AllBOMs * &AllRoutings  ) on row, \n({Measure.[PrO WIP Delivery Date], Measure.[PrO WIP Operation Quantity],Measure.[PrO Detail Delivered Quantity], Measure.[PrO Detail Quantity],Measure.[PrO Detail Finish Date]}) on column;"
          }
        ],
        "JavascriptRules": [],
        "FieldBindings": [],
        "IncludeDSFieldsOnly": false
      },
      {
        "Name": "dsItem7",
        "IBPLRules": [
          {
            "template": "Select (Version.[Version Name].[{{Source}}] * Item.Item * Location.Location{{#filter Location7}} * &OnHands * &DailySolverCurrentBucket) on row, \n({Measure.[D OnHand Quantity Override], Measure.[D OnHand Quantity]}) on column;"
          }
        ],
        "JavascriptRules": [],
        "FieldBindings": [],
        "IncludeDSFieldsOnly": false
      }
    ],
    "AutoExecute": false,
    "isAsync": true,
    "hasMembersUpdates": false,
    "Compact": true,
    "TwoColumn": true,
    "IsGlobalForExcelAddIn": false,
    "FilterFieldBindings": []
  },
  "Widget": null
}