{
  "AttributeName": "Activity1",
  "AttributeId": "20ef10b4-7fa7-4bab-bcb7-0423f0f26741",
  "AttributeHierarchyEnabled": true,
  "IsKey": true,
  "Description": "Models the BODLane, BOMID, ProcLanes Attribute.",
  "OrderBy": "Key",
  "KeyColumnName": "Activity1Key",
  "NameColumnName": "Activity1Name",
  "KeyColumnDataType": "integer",
  "SeedTags": false,
  "KeyGenerationType": "Auto",
  "PickListName": null,
  "ConfigJson": {
    "ShowFilterAs": "TileView",
    "MemberDisplayNameEditable": true,
    "IsMultipleImage": false,
    "MemberDisplayColor": false
  },
  "FormatString": null,
  "Translation": null,
  "Aliases": [],
  "ApiName": null,
  "ApiDisabled": false
}