{
  "Name": "SupplyPlan6105GenerateDCDestinationMinimumOverrides",
  "Description": null,
  "ActionButtonId": "82d3c5ab-99ee-dc14-c974-3559d17385da",
  "Tooltip": "Populate Minimum Shipment Quantity Override Values",
  "ActionButtonType": "Widget",
  "Alignment": "right",
  "IsPopOver": true,
  "IsGlobal": true,
  "ActionClickHandler": null,
  "Icon": null,
  "Image": null,
  "ConfigJson": {
    "DisplayName": "MSQ Override",
    "icon": "plus-square-o",
    "SubmitButton": {
      "Label": "Submit"
    },
    "ResetButton": {
      "Label": "Reset"
    },
    "CloseButton": {
      "Label": "Close",
      "ConfirmMessage": "Unsaved changes will be lost. Continue?"
    },
    "NotifyRoles": true,
    "NotifyAll": false,
    "IBPLRules": [
      {
        "template": "//Rule_to_populate_the_ItemLocation_Override\n\nCartesian Scope: ([Version].[Version Name]{{#filter Version}} * [Location].[Location]{{#filter Location}} * [To Time].[To Week] {{#filter ToWeek}} * [Item].[Item]{{#filter Item}} * [Time].[Week]{{#filter FromWeek}}  ) ;\nMeasure.[Item DC Destination Minimum Quantity Override]={{MinimumQuantity}};\nend scope;"
      },
      {
        "template": "//Rule to handle negative Values\n\n\nCartesian Scope: ([Version].[Version Name]{{#filter Version}} * [Location].[Location]{{#filter Location}} * [To Time].[To Week] {{#filter ToWeek}} * [Item].[Item]{{#filter Item}} * [Time].[Week]{{#filter FromWeek}}  ) ;\n\nMeasure.[Item DC Destination Minimum Quantity Override] = if (Measure.[Item DC Destination Minimum Quantity Override] >= 0) then Measure.[Item DC Destination Minimum Quantity Override] else null;\n\nend scope;"
      }
    ],
    "JavascriptRules": [],
    "FieldBindings": [
      {
        "fieldName": "Version",
        "title": "Version",
        "type": "picklistDropdown",
        "selectionType": "single",
        "clearSearch": true,
        "source": "filter",
        "DimensionName": "Version",
        "LevelAttributeName": "Version Name",
        "visible": true,
        "isEditable": true,
        "validation": {
          "maxLength": "0",
          "required": true
        }
      },
      {
        "fieldName": "Location",
        "title": "Location",
        "type": "combobox",
        "selectionType": "single",
        "clearSearch": true,
        "source": "parentAttributeWithDataSource",
        "DimensionName": "Location",
        "key": {
          "LevelAttribute": {
            "Name": "Location",
            "Property": "Name"
          }
        },
        "visible": true,
        "isEditable": false,
        "validation": {
          "required": true
        },
        "dataSourceBinding": {
          "key": "LocationDS",
          "valueField": "Name",
          "textField": "DisplayName"
        }
      },
      {
        "fieldName": "Item",
        "title": "Item",
        "type": "picklistDropdown",
        "selectionType": "single",
        "clearSearch": true,
        "select": "NONE",
        "source": "members",
        "DimensionName": "Item",
        "LevelAttributeName": "Item",
        "FilterExpression": "&AllDemandHeaderItems",
        "sortBy": "Name",
        "visible": true,
        "isEditable": true,
        "validation": {
          "maxLength": "0",
          "required": true
        }
      },
      {
        "fieldName": "FromWeek",
        "title": "From Week",
        "type": "combobox",
        "selectionType": "single",
        "clearSearch": true,
        "source": "parentAttributeWithDataSource",
        "DimensionName": "Time",
        "key": {
          "LevelAttribute": {
            "Name": "Week",
            "Property": "Name"
          }
        },
        "visible": true,
        "isEditable": false,
        "cascadeFrom": "Location",
        "validation": {
          "required": true
        },
        "dataSourceBinding": {
          "key": "WeekDS",
          "valueField": "Name",
          "textField": "DisplayName"
        }
      },
      {
        "fieldName": "ToWeek",
        "title": "To week",
        "type": "combobox",
        "selectionType": "single",
        "clearSearch": true,
        "source": "parentAttributeWithDataSource",
        "DimensionName": "To Time",
        "key": {
          "LevelAttribute": {
            "Name": "To Week",
            "Property": "Name"
          }
        },
        "visible": true,
        "isEditable": false,
        "cascadeFrom": "FromWeek",
        "validation": {
          "required": true
        },
        "dataSourceBinding": {
          "key": "ToWeekDS",
          "valueField": "Name",
          "textField": "DisplayName"
        }
      },
      {
        "fieldName": "MinimumQuantity",
        "title": "MSQ Target",
        "type": "number",
        "selectionType": "single",
        "clearSearch": true,
        "source": "literal",
        "visible": true,
        "isEditable": true,
        "validation": {
          "maxLength": "0",
          "required": true
        }
      }
    ],
    "Range": [],
    "DataSources": [
      {
        "Name": "LocationDS",
        "IBPLRules": [
          {
            "template": "Select(&AllDCs);"
          }
        ],
        "JavascriptRules": [],
        "IncludeDSFieldsOnly": false,
        "FieldBindings": []
      },
      {
        "Name": "WeekDS",
        "IBPLRules": [
          {
            "template": "Select ([Time].[Week])where {Version.[Version Name]{{#filter Version}}, [Location].[Location]{{#filter Location}} , Measure.[DC Destination Minimum Quantity]>0};"
          }
        ],
        "JavascriptRules": [],
        "IncludeDSFieldsOnly": false,
        "FieldBindings": []
      },
      {
        "Name": "ToWeekDS",
        "IBPLRules": [
          {
            "template": "Select ([To Time].[To Week])where {Version.[Version Name]{{#filter Version}}, [Location].[Location]{{#filter Location}} ,[Time].[Week]{{#filter FromWeek}}, Measure.[DC Destination Minimum Quantity]>0};"
          }
        ],
        "JavascriptRules": [],
        "IncludeDSFieldsOnly": false,
        "FieldBindings": []
      }
    ],
    "AutoExecute": false,
    "isAsync": true,
    "hasMembersUpdates": false,
    "Compact": true,
    "TwoColumn": false,
    "IsGlobalForExcelAddIn": false,
    "ReturnFilterByUpdate": false,
    "ExcludeFromNavLink": false,
    "FilterFieldBindings": [],
    "enableTransaction": false
  },
  "Widget": null,
  "Roles": []
}