{
  "PickListName": "Size Tag Master",
  "PickListId": "8ae1c376-67ec-08f2-2472-f65b5fda38c8",
  "PickListDescription": "Size Tag to verify whether to eliminate fringe size or not - \"MUST-HAVE\" and \"FRINGE\"",
  "DataType": "string",
  "IsMultiSelectAllowed": false,
  "Values": [
    {
      "Value": "FRINGE",
      "DisplayName": "FRINGE",
      "DisplayPosition": 1,
      "Icon": null,
      "Color": null,
      "Image": null
    },
    {
      "Value": "MUST-HAVE",
      "DisplayName": "MUST-HAVE",
      "DisplayPosition": 0,
      "Icon": null,
      "Color": null,
      "Image": null
    }
  ]
}