{
  "MeasureName": "Density L1",
  "MeasureId": "c40ba04c-5bdf-49f3-af56-21a546fcf3a8",
  "MeasureDescription": "1-(Number of Zeros L1/Length of Series L1)",
  "DataType": "number",
  "MeasureType": "Regular",
  "AggregateFunction": "Computed",
  "FormatString": "0%",
  "MeasureColumnName": "DensityL1",
  "MeasureFormula": "1-safedivide(Measure.[Number of Zeros L1],Measure.[Length of Series L1])",
  "IsEditable": false,
  "ApplyConversion": false,
  "ConversionFormula": "",
  "PickListName": null,
  "BgColorFormula": null,
  "FgColorFormula": null,
  "TrendFormula": null,
  "FormattingViewModel": null,
  "ParentMeasureName": null,
  "AssociationMeasure": false,
  "IsComputedByPlanningService": false,
  "ToolTip": "Number of non zero **",
  "ConfigJson": {},
  "ApiName": null,
  "ApiDisabled": false,
  "IsReportingMeasure": true,
  "MeasureConditionalFormulaProperties": [],
  "PicklistSource": null
}