{
  "AttributeName": "Event Start Date",
  "AttributeId": "d2b6cc86-dc60-4873-8810-f28b54baf600",
  "AttributeHierarchyEnabled": false,
  "IsKey": false,
  "Description": "Expected or Actual Start Time of Event",
  "OrderBy": "Key",
  "KeyColumnName": "EventStartDateKey",
  "NameColumnName": null,
  "KeyColumnDataType": "datetime",
  "SeedTags": false,
  "KeyGenerationType": null,
  "PickListName": null,
  "ConfigJson": {
    "IsVisible": true,
    "IsEditable": true
  },
  "FormatString": "MM-dd-yyyy",
  "Translation": null,
  "Aliases": [],
  "ApiName": null,
  "ApiDisabled": false
}