{
  "Name": "SupplyPlan280CreateNewABDMRuleForResConPer",
  "Description": "Create New Rule for Resource Consumed Per",
  "ActionButtonId": "19ee054e-12f5-4442-6a71-d5a979a01294",
  "Tooltip": "Create New Rule for Resource Consumed Per",
  "ActionButtonType": "Rule",
  "Alignment": "right",
  "IsPopOver": true,
  "IsGlobal": false,
  "ActionClickHandler": null,
  "Icon": null,
  "Image": null,
  "ConfigJson": {
    "icon": "plus",
    "Position": 1,
    "SubmitButton": {
      "Label": "Submit",
      "SuccessMessage": "Rule has been created"
    },
    "ResetButton": {
      "Label": "Reset"
    },
    "CloseButton": {
      "Label": "Close",
      "ConfirmMessage": "Unsaved changes will be lost. Continue?"
    },
    "NotifyRoles": true,
    "NotifyAll": false,
    "IBPLRules": [
      {
        "template": "Cartesian Scope: ([Version].[Version Name].filter(#.Name in {\"{{Version}}\"}) * [Data Object].[Data Object].[Resource Consumed Per]*[DM Rule].[Rule].filter(#.Name in {\"{{DMRuleFinal}}\"}));\nMeasure.[Resource Consumed Per1]={{DMValue1}};\nMeasure.[Rule Sequence]={{RuleSequence}};\nMeasure.[UOM UOM]={{UnitOfMeasurement}};\nend scope;\n\nCartesian Scope: ([Version].[Version Name].filter(#.Name in {\"{{Version}}\"}) * [Data Object].[Data Object].[Resource Consumed Per]*[DM Rule].[Rule].filter(#.Name in {\"{{DMRuleFinal}}\"}));\nMeasure.[ABDM TimeStamp]=todatetime(\"{{TimeStamp}}\");\nMeasure.[ABDM User]=(\"{{User}}\");\nMeasure.[Rule Comment] = (\"{{NewComment}}\");\nend scope;"
      },
      {
        "template": "Cartesian Scope: ([Version].[Version Name].filter(#.Name in {\"{{Version}}\"}) * [Data Object].[Data Object].[Resource Consumed Per]*[DM Rule].[Rule].filter(#.Name in {\"{{DMRuleFinal}}\"}) * [Location].[Location]{{#filter DMLocation}});\n\nMeasure.[ABDM Location Association] = 1;\nend scope;\n\nCartesian Scope: ([Version].[Version Name].filter(#.Name in {\"{{Version}}\"}) * [Data Object].[Data Object].[Resource Consumed Per]*[DM Rule].[Rule].filter(#.Name in {\"{{DMRuleFinal}}\"}) * [Item].[ContainerType]{{#filter DMItemAttribute2}});\n\nMeasure.[ABDM ContainerType Association] = 1;\nend scope;\n\nCartesian Scope: ([Version].[Version Name].filter(#.Name in {\"{{Version}}\"}) * [Data Object].[Data Object].[Resource Consumed Per]*[DM Rule].[Rule].filter(#.Name in {\"{{DMRuleFinal}}\"})* [Item].[PackageType]{{#filter DMItemAttribute1}});\n\nMeasure.[ABDM PackageType Association] = 1;\nend scope;\n\nCartesian Scope: ([Version].[Version Name].filter(#.Name in {\"{{Version}}\"}) * [Data Object].[Data Object].[Resource Consumed Per]*[DM Rule].[Rule].filter(#.Name in {\"{{DMRuleFinal}}\"}) * [Item].[L5]{{#filter DMItemAttribute3}});\n\nMeasure.[ABDM Line Speed Product Category Association] = 1;\nend scope;\n\nCartesian Scope: ([Version].[Version Name].filter(#.Name in {\"{{Version}}\"}) * [Data Object].[Data Object].[Resource Consumed Per]*[DM Rule].[Rule].filter(#.Name in {\"{{DMRuleFinal}}\"}) * [Item].[Item Type]{{#filter ItemType}});\n\nMeasure.[ABDM Item Type Association] = 1;\nend scope;\n\nCartesian Scope: ([Version].[Version Name].filter(#.Name in {\"{{Version}}\"}) * [Data Object].[Data Object].[Resource Consumed Per]*[DM Rule].[Rule].filter(#.Name in {\"{{DMRuleFinal}}\"}) * [Resource].[Resource]{{#filter DMResource}});\n\nMeasure.[ABDM Resource Association] = 1;\nend scope;\n\n"
      },
      {
        "template": "\nexec plugin instance [SupplyPlan280WResourceConsumedPerCountRule] for measures {[DM Rule Final]} using scope ([Version].[Version Name].filter(#.Name in{\"{{Version}}\"})*[Data Object].[Data Object].filter(#.Name in {\"Resource Consumed Per\"})) using arguments {(WriteOutputsConcurrently, False), (\"IncludeNullRows\", \"False\"), (MaxSliceTableCells, 8000000),(ExecutionMode,\"LightWeight\")};\n"
      }
    ],
    "JavascriptRules": [
      {
        "modulename": "o9.SupplyPlanning280WCreateRule.ResourceConsumedPer",
        "functionname": "IDBCPLineSpeed"
      }
    ],
    "FieldBindings": [
      {
        "fieldName": "Version",
        "title": "Version Name",
        "Description": "Enter Version Name",
        "type": "picklistTextOnly",
        "selectionType": "single",
        "clearSearch": true,
        "source": "filter",
        "DimensionName": "Version",
        "LevelAttributeName": "Version Name",
        "visible": true,
        "isEditable": true,
        "validation": {
          "maxLength": "0",
          "required": true
        }
      },
      {
        "fieldName": "DataObject",
        "title": "Data Object",
        "Description": "By Default - Line Speed Maintenance",
        "type": "picklistDropdown",
        "selectionType": "single",
        "clearSearch": true,
        "source": "members",
        "DimensionName": "Data Object",
        "LevelAttributeName": "Data Object",
        "FilterExpression": "[Data Object].[Data Object].[Line Speed Maintenance]",
        "visible": false,
        "isEditable": false,
        "validation": {
          "maxLength": "0",
          "required": true
        }
      },
      {
        "fieldName": "DMRuleFinal",
        "title": "Rule Number",
        "Description": "It will be fetched automatically to the next rule number of max existing rule number",
        "type": "picklistDropdown",
        "selectionType": "single",
        "clearSearch": true,
        "source": "datasource",
        "key": "DMRuleDS",
        "valueField": "Value",
        "textField": "Value",
        "visible": false,
        "isEditable": false,
        "cascadeFrom": "Version",
        "validation": {
          "maxLength": "0",
          "required": true
        },
        "overrideFieldBindingType": false
      },
      {
        "fieldName": "ItemType",
        "title": "Item Type",
        "Description": "Select Item Type",
        "type": "picklistDropdown",
        "fieldGroup": "Item Attribute",
        "selectionType": "multiple",
        "clearSearch": true,
        "source": "members",
        "DimensionName": "Item",
        "LevelAttributeName": "Item Type",
        "visible": true,
        "isEditable": true,
        "validation": {
          "maxLength": "0",
          "required": true
        },
        "select": "NONE"
      },
      {
        "fieldName": "DMItemAttribute1",
        "title": "Package Type",
        "Description": "Select Package Type",
        "type": "picklistDropdown",
        "fieldGroup": "Item Attribute",
        "selectionType": "multiple",
        "clearSearch": true,
        "select": "NONE",
        "source": "members",
        "DimensionName": "Item",
        "LevelAttributeName": "PackageType",
        "visible": true,
        "isEditable": true,
        "validation": {
          "maxLength": "0",
          "required": true
        }
      },
      {
        "fieldName": "DMItemAttribute2",
        "title": "Container Type",
        "Description": "Select Container Type",
        "type": "picklistDropdown",
        "fieldGroup": "Item Attribute",
        "selectionType": "multiple",
        "clearSearch": true,
        "select": "NONE",
        "source": "members",
        "DimensionName": "Item",
        "LevelAttributeName": "ContainerType",
        "visible": true,
        "isEditable": true,
        "validation": {
          "maxLength": "0",
          "required": true
        }
      },
      {
        "fieldName": "DMItemAttribute3",
        "title": "Product Category",
        "Description": "Select Product Category",
        "type": "picklistDropdown",
        "fieldGroup": "Item Attribute",
        "selectionType": "multiple",
        "clearSearch": true,
        "select": "NONE",
        "source": "members",
        "DimensionName": "Item",
        "LevelAttributeName": "L5",
        "visible": true,
        "isEditable": true,
        "validation": {
          "maxLength": "0",
          "required": false
        }
      },
      {
        "fieldName": "DMLocation",
        "title": "Location",
        "Description": "Select Resource Location",
        "type": "picklistDropdown",
        "selectionType": "single",
        "clearSearch": true,
        "select": "NONE",
        "source": "members",
        "DimensionName": "Location",
        "LevelAttributeName": "Location",
        "visible": true,
        "isEditable": true,
        "validation": {
          "maxLength": "0",
          "required": true
        }
      },
      {
        "fieldName": "DMResource",
        "title": "Resource",
        "Description": "Select Resource",
        "type": "picklistDropdown",
        "selectionType": "single",
        "clearSearch": true,
        "select": "NONE",
        "source": "datasource",
        "key": "Resource",
        "valueField": "Name",
        "textField": "DisplayName",
        "visible": true,
        "isEditable": true,
        "cascadeFrom": "DMLocation",
        "validation": {
          "maxLength": "0",
          "required": true
        },
        "overrideFieldBindingType": false
      },
      {
        "fieldName": "DMValue1",
        "title": "Line Speed",
        "Description": "Value of Resource Consumed Per",
        "type": "number",
        "clearSearch": true,
        "source": "literal",
        "visible": true,
        "isEditable": true,
        "validation": {
          "maxLength": "0",
          "required": true
        }
      },
      {
        "fieldName": "RuleSequence",
        "title": "Rule Sequence",
        "Description": "Provide the Rule Sequence (It must be an Integer)",
        "type": "number",
        "clearSearch": true,
        "source": "literal",
        "visible": true,
        "isEditable": true,
        "validation": {
          "maxLength": "0",
          "required": true
        }
      },
      {
        "fieldName": "TimeStamp",
        "title": "TimeStamp",
        "Description": "TimeStamp",
        "type": "datetime",
        "selectionType": "single",
        "clearSearch": true,
        "select": "ALL",
        "source": "datasource",
        "key": "DSTimeStamp",
        "valueField": "result",
        "textField": "result",
        "visible": false,
        "isEditable": false,
        "validation": {
          "maxLength": "0",
          "required": false
        },
        "overrideFieldBindingType": false
      },
      {
        "fieldName": "User",
        "title": "User",
        "Description": "User who created the rule",
        "type": "string",
        "selectionType": "single",
        "clearSearch": true,
        "source": "datasource",
        "key": "DSUser",
        "valueField": "Name",
        "textField": "Name",
        "visible": false,
        "isEditable": false,
        "validation": {
          "maxLength": "0",
          "required": false
        },
        "overrideFieldBindingType": false
      },
      {
        "fieldName": "NewComment",
        "title": "NewComment",
        "Description": "NewComment",
        "type": "string",
        "clearSearch": true,
        "source": "literal",
        "visible": true,
        "isEditable": true,
        "validation": {
          "maxLength": "0",
          "required": false
        }
      },
      {
        "fieldName": "UnitOfMeasurement",
        "title": "UOM",
        "Description": "Unit Of Measurement",
        "type": "picklist",
        "selectionType": "single",
        "clearSearch": true,
        "source": "members",
        "DimensionName": "UOM",
        "LevelAttributeName": "UOM",
        "visible": true,
        "isEditable": true,
        "validation": {
          "maxLength": "0",
          "required": true
        }
      }
    ],
    "Range": [],
    "DataSources": [
      {
        "Name": "Resource",
        "IBPLRules": [
          {
            "template": "Select([Resource].[Resource]) where{[Version].[Version Name]{{#filter Version}},Location.Location.[{{DMLocation}}],Measure.[Resource Location Association]>0};"
          }
        ],
        "JavascriptRules": [],
        "IncludeDSFieldsOnly": false,
        "FieldBindings": []
      },
      {
        "Name": "DMRuleDS",
        "IBPLRules": [
          {
            "template": "Select({Measure.[DM Rule Final]}) where{[Version].[Version Name].filter(#.Name in {\"{{Version}}\"}),[Data Object].[Data Object].filter(#.Name in {[Resource Consumed Per]})};"
          }
        ],
        "JavascriptRules": [],
        "IncludeDSFieldsOnly": false,
        "FieldBindings": []
      },
      {
        "Name": "DSUser",
        "IBPLRules": [
          {
            "template": "select CurrentUser();"
          }
        ],
        "JavascriptRules": [],
        "IncludeDSFieldsOnly": false,
        "FieldBindings": []
      },
      {
        "Name": "DSTimeStamp",
        "IBPLRules": [
          {
            "template": "select now();"
          }
        ],
        "JavascriptRules": [],
        "IncludeDSFieldsOnly": false,
        "FieldBindings": []
      }
    ],
    "AutoExecute": false,
    "isAsync": true,
    "hasMembersUpdates": false,
    "Compact": false,
    "TwoColumn": true,
    "IsGlobalForExcelAddIn": false,
    "ExcludeFromNavLink": false,
    "FilterFieldBindings": [],
    "enableTransaction": false
  },
  "Widget": null,
  "Roles": []
}