{
  "Name": "Manual Size Ratios",
  "WidgetDefinitionName": "Manual Size Ratios",
  "IsPrimary": false,
  "ConfigJson": {
    "ContainerId": "b54a4c7b-8ae4-4206-a1d2-11ab050266cc",
    "CompositeContainerId": null,
    "Position": 0,
    "ShowInfoContext": {
      "ActionColumn": true,
      "RowInfo": true,
      "MemberInfo": true
    },
    "ShowHeader": null,
    "ActionButtonBindings": [
      {
        "ActionButtonName": "AssignProfileToClass",
        "HotKey": "",
        "ExcludeHiddenAttributes": false
      },
      {
        "ActionButtonName": "SZPInfoManual03",
        "HotKey": "",
        "ExcludeHiddenAttributes": false,
        "ModuleId": "eeb2bc27-d481-4b7e-a0b6-b141b110a4a4"
      },
      {
        "ActionButtonName": "__o9__BUILTIN__memberDisplayNameDownload",
        "HotKey": ""
      }
    ]
  },
  "ViewWidgetDefinitionId": "869c2ab9-003c-eb66-2748-89cdc1427038",
  "Title": null
}