{
  "AttributeName": "All Demand Type",
  "AttributeId": "42b6c890-c8f0-470f-9fe9-269d2ee60f0c",
  "AttributeHierarchyEnabled": true,
  "IsKey": false,
  "Description": "All Demand Type roll upto this.  Usually contains 'All' as its member.",
  "OrderBy": "Key",
  "KeyColumnName": "AllDemandTypeKey",
  "NameColumnName": "AllDemandTypeName",
  "KeyColumnDataType": "integer",
  "SeedTags": false,
  "KeyGenerationType": "Auto",
  "PickListName": null,
  "ConfigJson": {},
  "FormatString": null,
  "Translation": null,
  "Aliases": [],
  "ApiName": null,
  "ApiDisabled": false
}