{
  "AttributeName": "Retail_MFP_TD_Product_NN",
  "AttributeId": "f1f45ee5-512a-277b-235d-b36bc881eec9",
  "AttributeHierarchyEnabled": true,
  "IsKey": false,
  "Description": "Retail MFP Top Down Plan Product Namednode",
  "OrderBy": "Key",
  "KeyColumnName": "Retail_MFP_TD_Product_NNKey",
  "NameColumnName": "Retail_MFP_TD_Product_NNName",
  "KeyColumnDataType": "integer",
  "SeedTags": true,
  "KeyGenerationType": "Auto",
  "PickListName": null,
  "ConfigJson": {
    "ShowFilterAs": "TileView",
    "MemberDisplayNameEditable": true,
    "IsMultipleImage": false,
    "MemberDisplayColor": false
  },
  "FormatString": null,
  "Translation": null,
  "Aliases": [],
  "ApiName": null,
  "ApiDisabled": false,
  "ParentAttributeName": null,
  "NamedNodeUsages": [
    {
      "DimensionName": "Item",
      "AttributeName": "L4"
    }
  ]
}