{
  "MeasureGroupName": "011 Assorted Items",
  "MeasureGroupId": "aeecd13d-fdc2-e0eb-8d82-83ce34acfaa1",
  "ParentMeasureGroupName": null,
  "HasShadow": false,
  "MeasureGroupDescription": "011 Assorted Items",
  "MeasureGroupType": "Regular",
  "FactTableName": "Fact011AssortedItems",
  "SchemaMajorVersion": 0,
  "ConfigJson": {},
  "ApiName": null,
  "Repartition": false,
  "Unpartition": false,
  "ApiEnabled": false,
  "DimensionUsages": [
    {
      "DimensionName": "Version",
      "AttributeName": "Version Name",
      "SortOrder": 0,
      "DimensionType": "Regular"
    },
    {
      "DimensionName": "NamedNode",
      "AttributeName": "Retail_AP_FD_Attribute_Intermediate_NN",
      "SortOrder": 1,
      "DimensionType": "NamedNode"
    }
  ]
}