{
  "AttributeName": "Source Type",
  "AttributeId": "45722a1c-c142-4d54-89e7-bbbc09b5ebd9",
  "AttributeHierarchyEnabled": true,
  "IsKey": true,
  "Description": "Type",
  "OrderBy": "Name",
  "KeyColumnName": "SourceTypeKey",
  "NameColumnName": "SourceTypeName",
  "KeyColumnDataType": "integer",
  "SeedTags": false,
  "KeyGenerationType": "Auto",
  "PickListName": null,
  "ConfigJson": {
    "ShowFilterAs": "TileView",
    "MemberDisplayNameEditable": true,
    "IsMultipleImage": false
  },
  "FormatString": null,
  "Translation": null,
  "Aliases": [],
  "ApiName": null,
  "ApiDisabled": false
}