{
  "Name": "002TLBGenerateLoadID",
  "Description": "Generate Load ID after approval",
  "ActionButtonId": "f8321b88-b390-2a2c-95f8-a96c8755faaf",
  "Tooltip": "Generate Load ID after approval",
  "ActionButtonType": "Rule",
  "Alignment": "right",
  "IsPopOver": true,
  "IsGlobal": false,
  "ActionClickHandler": null,
  "Icon": null,
  "Image": null,
  "ConfigJson": {
    "DisplayName": "Generate Load ID",
    "icon": "key",
    "Position": "0",
    "SubmitButton": {
      "Label": "Submit"
    },
    "ResetButton": {
      "Label": "Reset"
    },
    "CloseButton": {
      "Label": "Close",
      "ConfirmMessage": "Unsaved changes will be lost. Continue?"
    },
    "NotifyRoles": true,
    "NotifyAll": false,
    "IBPLRules": [
      {
        "template": "scope: ([Version].[Version Name]{{#filter version}}  * \n[Sequence].[Sequence] * [Cluster].[Cluster] * [Activity2].[Activity2] * [Activity1].[Activity1] * [Time].[Day] * [Item].[Item] * [Equipment].[Equipment ID] * [Documents].[OrderlineID]);\nMeasure.[D TLB Plan Approved Outputs] = if(coalesce(Measure.[D TLB Plan Output Approval],Measure.[D TLB Plan Output Approval By Equipment]) == True ) then coalesce(Measure.[D TLB Plan Output Quantity Override], Measure.[D TLB Plan Output Quantity]) ;\nend scope;\n\nscope: ([Version].[Version Name]{{#filter version}}  * \n[Sequence].[Sequence] * [Cluster].[Cluster] * [Activity2].[Activity2] * [Activity1].[Activity1] * [Time].[Day] * [Item].[Item] * [Equipment].[Equipment ID]);\nMeasure.[D TLB Plan Approved Outputs LoadID] = if(coalesce(Measure.[D TLB Plan Output Approval],Measure.[D TLB Plan Output Approval By Equipment]) == True && ~IsNull(measure.[D TLB Plan Approved Outputs]) ) then   [Cluster].#.Name + \"_\" + [Activity1].#.Name + \"_\" + [Time].#.Name + \"_\" + [Equipment].#.Name + \"_\" + [Sequence].#.Name;\nend scope;\n"
      }
    ],
    "JavascriptRules": [],
    "FieldBindings": [
      {
        "fieldName": "version",
        "title": "version",
        "Description": "version",
        "type": "picklist",
        "selectionType": "single",
        "clearSearch": true,
        "source": "filter",
        "DimensionName": "Version",
        "LevelAttributeName": "Version Name",
        "visible": true,
        "isEditable": true,
        "validation": {
          "maxLength": "0",
          "required": true
        }
      }
    ],
    "Range": [],
    "DataSources": [],
    "AutoExecute": false,
    "isAsync": true,
    "hasMembersUpdates": false,
    "Compact": false,
    "TwoColumn": false,
    "IsGlobalForExcelAddIn": false,
    "ExcludeFromNavLink": false,
    "FilterFieldBindings": [],
    "enableTransaction": false
  },
  "Widget": null,
  "Roles": []
}