{
  "MeasureGroupName": "002.009 Allocation Production Outputs in Orderline Units",
  "MeasureGroupId": "edcfaa86-bd21-e388-42db-0a0e4afa7e06",
  "ParentMeasureGroupName": null,
  "HasShadow": false,
  "MeasureGroupDescription": "002.009 Allocation Production Outputs in Orderline Units",
  "MeasureGroupType": "Regular",
  "FactTableName": "Fact002.009AllocationProductionOutputsinOrderlineUnits",
  "SchemaMajorVersion": 0,
  "ConfigJson": {},
  "ApiName": null,
  "Repartition": false,
  "Unpartition": false,
  "ApiEnabled": false,
  "DimensionUsages": [
    {
      "DimensionName": "Version",
      "AttributeName": "Version Name",
      "SortOrder": 0,
      "DimensionType": "Regular"
    },
    {
      "DimensionName": "Time",
      "AttributeName": "Day",
      "SortOrder": 0,
      "DimensionType": "Time"
    },
    {
      "DimensionName": "Documents",
      "AttributeName": "OrderlineID",
      "SortOrder": 1,
      "DimensionType": "Regular"
    },
    {
      "DimensionName": "Item",
      "AttributeName": "Item",
      "SortOrder": 2,
      "DimensionType": "Regular"
    },
    {
      "DimensionName": "Location",
      "AttributeName": "Location",
      "SortOrder": 3,
      "DimensionType": "Regular"
    },
    {
      "DimensionName": "Activity1",
      "AttributeName": "Activity1",
      "SortOrder": 4,
      "DimensionType": "Regular"
    },
    {
      "DimensionName": "Activity2",
      "AttributeName": "Activity2",
      "SortOrder": 5,
      "DimensionType": "Regular"
    },
    {
      "DimensionName": "Activity3",
      "AttributeName": "Activity3",
      "SortOrder": 6,
      "DimensionType": "Regular"
    }
  ]
}