{
  "Name": "SupplyPlan0400SupplyModelDaily",
  "Description": null,
  "ActionButtonId": "1ea1c52a-04f3-7903-9e9a-4d194b78e573",
  "Tooltip": "Run Daily Supply Transactional Model",
  "ActionButtonType": "Rule",
  "Alignment": "right",
  "IsPopOver": true,
  "IsGlobal": false,
  "ActionClickHandler": null,
  "Icon": null,
  "Image": null,
  "ConfigJson": {
    "DisplayName": "Supply Model",
    "icon": "ellipsis-h",
    "Position": "0",
    "SubmitButton": {
      "Label": "Submit"
    },
    "ResetButton": {
      "Label": "Reset"
    },
    "CloseButton": {
      "Label": "Close",
      "ConfirmMessage": "Unsaved changes will be lost. Continue?"
    },
    "NotifyRoles": true,
    "NotifyAll": false,
    "IBPLRules": [
      {
        "template": "exec procedure SupplyPlan0400Supply_Daily {\"Version\":\"{{Version}}\"};"
      }
    ],
    "JavascriptRules": [],
    "FieldBindings": [
      {
        "fieldName": "Version",
        "title": "Version",
        "type": "picklistDropdown",
        "selectionType": "single",
        "clearSearch": true,
        "source": "filter",
        "DimensionName": "Version",
        "LevelAttributeName": "Version Name",
        "visible": true,
        "isEditable": true,
        "validation": {
          "maxLength": "0",
          "required": true
        }
      }
    ],
    "Range": [],
    "DataSources": [],
    "AutoExecute": false,
    "isAsync": true,
    "hasMembersUpdates": true,
    "Compact": false,
    "TwoColumn": false,
    "IsGlobalForExcelAddIn": false,
    "ExcludeFromNavLink": false,
    "FilterFieldBindings": []
  },
  "Widget": null,
  "Roles": []
}