{
  "MeasureName": "SP PP Sls Rtl AP",
  "MeasureId": "740131a8-10e9-4d47-8f69-aa1f829aa966",
  "MeasureDescription": "SP Promo Price Sales Rtl Approved",
  "DataType": "number",
  "MeasureType": "Currency",
  "AggregateFunction": "Sum",
  "FormatString": "($0,000.00a)",
  "MeasureColumnName": "SPPPSlsRtlAP",
  "MeasureFormula": "",
  "IsEditable": false,
  "ApplyConversion": true,
  "ConversionFormula": "Exchange Rate Monthly",
  "PickListName": null,
  "BgColorFormula": "",
  "FgColorFormula": "",
  "TrendFormula": "",
  "FormattingViewModel": null,
  "ParentMeasureName": null,
  "AssociationMeasure": false,
  "IsComputedByPlanningService": false,
  "ToolTip": "SP Promo Price Sales Rtl Approved",
  "ConfigJson": {},
  "ApiName": null,
  "ApiDisabled": false,
  "IsReportingMeasure": false,
  "MeasureConditionalFormulaProperties": [],
  "PicklistSource": null
}