{
  "MeasureName": "LP Reg Sls Rtl Mix %",
  "MeasureId": "9d45d345-466c-4dda-a2bf-d494a4426090",
  "MeasureDescription": "LP Regular Sales Retail Mix %",
  "DataType": "number",
  "MeasureType": "Regular",
  "AggregateFunction": "Sum",
  "FormatString": "0.00%",
  "MeasureColumnName": "LPRegSlsRtlMix%",
  "MeasureFormula": "",
  "IsEditable": true,
  "ApplyConversion": false,
  "ConversionFormula": "",
  "PickListName": null,
  "BgColorFormula": "",
  "FgColorFormula": "",
  "TrendFormula": "",
  "FormattingViewModel": null,
  "ParentMeasureName": null,
  "AssociationMeasure": false,
  "IsComputedByPlanningService": false,
  "ToolTip": "LP Regular Sales Retail Mix %",
  "ConfigJson": {},
  "ApiName": null,
  "ApiDisabled": false,
  "IsReportingMeasure": false,
  "MeasureConditionalFormulaProperties": [],
  "PicklistSource": null
}