{
  "EdgePropertyId": "278f90d9-c0f0-4aae-a2ae-c6a24830596c",
  "PropertyName": "W Substitute Item End Date Item Location Input",
  "PropertyDescription": "Substitute Item End Date Input",
  "PropertyDataType": "datetime",
  "PropertyDataSize": 0,
  "PropertyColumnName": "WSubstituteItemEndDateItemLocationInput",
  "AggregateFunction": "Max",
  "PropertyFormula": null,
  "IsEditable": false,
  "FormatString": "MM/dd/yyyy",
  "ActivationProperty": false,
  "IsComputedByPlanningService": false,
  "ToolTip": null,
  "ApiName": null,
  "ApiDisabled": false,
  "BgColorFormula": "",
  "FgColorFormula": "",
  "TrendFormula": "",
  "FormattingViewModel": null,
  "ConditionalFormulas": []
}