{
  "Name": "SupplyPlan390RunPlanHandoffs",
  "Description": "Action Button to run various plan handoffs",
  "ActionButtonId": "700956da-6cfa-66b2-cc5c-80f959f8cffd",
  "Tooltip": "Action Button to run various plan handoffs",
  "ActionButtonType": "Rule",
  "Alignment": "right",
  "IsPopOver": true,
  "IsGlobal": false,
  "ActionClickHandler": null,
  "Icon": null,
  "Image": null,
  "ConfigJson": {
    "DisplayName": "Run Plan Handoff",
    "icon": "arrows",
    "Position": "0",
    "SubmitButton": {
      "Label": "Submit"
    },
    "ResetButton": {
      "Label": "Reset"
    },
    "CloseButton": {
      "Label": "Close",
      "ConfirmMessage": "Unsaved changes will be lost. Continue?"
    },
    "NotifyAll": false,
    "IBPLRules": [
      {
        "template": "\n// Run Production Plan Handoff Day To Week\n{{#if ProductionPlanDayToWeek}}\n\nexec procedure SupplyPlanProductionPlanFromDOPToWMPS {\"SourceVersion\" : \"{{SourceVersion}}\", \"TargetVersion\" : \"{{TargetVersion}}\",\"OrderlineIDType\":\"Production Plan To Week\", \"OrderlineIDPrefix\" : \"OPProdPlan\", \"DataObject\":\"Production Plan Handoff To Week\"};\n\n{{/if}}\n\n// Run Production Plan Handoff Week To Day\n{{#if ProductionPlanWeekToDay}}\n\nexec procedure SupplyPlanProductionPlanFromMPToDeployment {\"SourceVersion\" : \"{{SourceVersion}}\", \"TargetVersion\" : \"{{TargetVersion}}\",\"DataObject\":\"Production Plan Handoff\",\"OrderlineIDType\":\"Production Plan Handoff To Deployment\", \"OrderlineIDPrefix\" : \"DPProdPlan\"};\n\n\nexec procedure SupplyPlanProductionPlanFromMPToDOP {\"SourceVersion\" : \"{{SourceVersion}}\", \"TargetVersion\" : \"{{TargetVersion}}\",\"DataObject\":\"Production Plan Handoff\",\"OrderlineIDType\":\"Production Plan Handoff To DOP\", \"OrderlineIDPrefix\" : \"MPProdPlan\"};\n\n \n{{/if}}\n\n// Run Production Plan Handoff Day To Scheduling\n{{#if ProductionPlanDayToScheduling}}\n\nexec procedure ProductionPlanFromDailyToSCH {\"SourceVersion\" : \"{{SourceVersion}}\", \"TargetVersion\" : \"{{TargetVersion}}\",\"OrderlineIDType\":\"Production Requirements\", \"OrderlineIDPrefix\" : \"SCHDProdPlan\", \"DataObject\":\"Production Plan To SCH\"};\n\n{{/if}}\n\n// Run Production Plan Handoff Week To Scheduling\n{{#if ProductionPlanWeekToScheduling}}\n\nexec procedure ProductionPlanFromWMPSToSCH {\"SourceVersion\" : \"{{SourceVersion}}\", \"TargetVersion\" : \"{{TargetVersion}}\",\"OrderlineIDType\":\"Production Requirements\", \"OrderlineIDPrefix\" : \"SCHDProdPlan\", \"DataObject\":\"Production Plan To SCH\"};\n\n{{/if}}\n\n// Run Inventory Targets Handoff Week To Day\n\n{{#if InventoryTargetsHandoffWeekToDay}}\n\nexec procedure InventoryTargetsHandoffWeekToDay {\"SourceVersion\" : \"{{SourceVersion}}\", \"TargetVersion\" : \"{{TargetVersion}}\", \"DataObject\":\"Inventory Targets Handoff Week To Day\"};\n\n{{/if}}\n\n// Run Inventory Targets Handoff Month To Week\n\n{{#if InventoryTargetsHandoffMonthToWeek}}\n\nexec procedure InventoryTargetsHandoffMonthToWeek{\"SourceVersion\" : \"{{SourceVersion}}\", \"TargetVersion\" : \"{{TargetVersion}}\", \"DataObject\":\"Inventory Targets Handoff Month To Week\"};\n\n{{/if}}\n\n// Run Inventory Targets Handoff Month To Day\n\n{{#if InventoryTargetsHandoffMonthToDay}}\n\nexec procedure InventoryTargetsHandoffMonthToDay{\"SourceVersion\" : \"{{SourceVersion}}\", \"TargetVersion\" : \"{{TargetVersion}}\", \"DataObject\":\"Inventory Targets Handoff Month To Day\"};\n\n{{/if}}\n\n{{#if ProductionPlanWeekToMonth}}\n\nexec procedure PlanHandoffFromWMPSToMonth{\"SourceVersion\" : \"{{SourceVersion}}\", \"TargetVersion\" : \"{{TargetVersion}}\",\"DataObject\":\"Plan Handoff Week To Month\",\"DOCPrefix\": \"Production Plan Handoff To Month\",\"DOPAggPrefix\":\"MPlanHandoff\"};\n\n{{/if}}\n\n\n// -------------------------------------------------------------------------\n// New update starts from here for W to M Handoff\n\n// Run Week To Month Flow Plans\n\n{{#if FlowPlanHandoffWeekToMonth}}\n\nexec procedure FlowPlanHandoffWeekToMonth {\"SourceVersion\": \"{{SourceVersion}}\",\"TargetVersion\": \"{{TargetVersion}}\",\"DataObject\":\"Week to Month Flow Plan Handoff\",\"OrderlineIDPrefix\":\"MPlanHandoff\",\"OrderlineIDType\":\"Week to Month Flow Plan Handoff\"};\n\n{{/if}}\n\n// Run Week To Month Capacity Plans\n\n{{#if CapacityHandoffWeekToMonth}}\n\nexec procedure MonthlySolverCapacityInputsFromWeekly {\"Version\": \"{{TargetVersion}}\",\"PlanningHorizonMonth\":{{PlanningHorizonMonth}}};\n\n{{/if}}\n\n// Run Week To Month Inventory Plans\n\n{{#if InventoryHandoffWeekToMonth}}\n\n/*exec procedure InventoryHandoffWeekToMonth {\"SourceVersion\": \"{{SourceVersion}}\",\"TargetVersion\": \"{{TargetVersion}}\",\"DataObject\":\"Week to Month Inventory Handoff\"};*/\n\nexec procedure MonthlyInventoryTargetsFromWeeklyMP {\"Version\": \"{{TargetVersion}}\",\"PlanningHorizonMonth\":{{PlanningHorizonMonth}}};\n\nexec procedure MonthlySolverStaticInventoryInputsFromWeekly {\"Version\": \"{{TargetVersion}}\"};\n{{/if}}\n\n// Run Week To Month Demand Plan\n\n{{#if DemandHandoffWeekToMonth}}\n\nExec Procedure DemandHandoffWeekToMonth {\"SourceVersion\":\"{{SourceVersion}}\", \"TargetVersion\":\"{{TargetVersion}}\", \"DataObject\":\"Week to Month Demand Handoff\"};\n\n{{/if}}\n\n// Run RTF Handoff Week to Day\n\n{{#if SupplyPlanRTFHandoff}}\nexec procedure SupplyPlanRTFHandoff {\"SourceVersion\" : \"{{SourceVersion}}\", \"TargetVersion\" : \"{{TargetVersion}}\"};\n\n{{/if}}\n\n// Run Capacity Handoff Week to Day\n\n{{#if SupplyPlanCapacityHandoff}}\nexec procedure SupplyPlanCapacityHandoff {\"SourceVersion\" : \"{{SourceVersion}}\", \"TargetVersion\" : \"{{TargetVersion}}\"};\n\n{{/if}}\n\nselect 1;"
      }
    ],
    "JavascriptRules": [],
    "FieldBindings": [
      {
        "fieldName": "SourceVersion",
        "title": "Source Version",
        "Description": "Source Version",
        "type": "picklistDropdown",
        "selectionType": "single",
        "clearSearch": true,
        "source": "filter",
        "DimensionName": "Version",
        "LevelAttributeName": "Version Name",
        "visible": true,
        "isEditable": true,
        "validation": {
          "maxLength": "0",
          "required": true
        }
      },
      {
        "fieldName": "TargetVersion",
        "title": "Target Version",
        "Description": "Target Version",
        "type": "picklistDropdown",
        "selectionType": "single",
        "clearSearch": true,
        "source": "filter",
        "DimensionName": "Version",
        "LevelAttributeName": "Version Name",
        "visible": true,
        "isEditable": true,
        "validation": {
          "maxLength": "0",
          "required": true
        }
      },
      {
        "fieldName": "ProductionPlanWeekToDay",
        "title": "Production Plan Handoff Week To Day",
        "Description": "Production Plan Handoff Week To Day",
        "type": "boolean",
        "fieldGroup": "Production Plan Handoffs",
        "selectionType": "single",
        "clearSearch": true,
        "source": "literal",
        "defaultValue": false,
        "visible": true,
        "isEditable": true,
        "validation": {
          "maxLength": "0",
          "required": true
        }
      },
      {
        "fieldName": "ProductionPlanDayToWeek",
        "title": "Production Plan Handoff Day To Week",
        "Description": "Production Plan Handoff Day To Week",
        "type": "boolean",
        "fieldGroup": "Production Plan Handoffs",
        "selectionType": "single",
        "clearSearch": true,
        "source": "literal",
        "defaultValue": false,
        "visible": true,
        "isEditable": true,
        "validation": {
          "maxLength": "0",
          "required": true
        }
      },
      {
        "fieldName": "ProductionPlanDayToScheduling",
        "title": "Production Plan Handoff Day To Scheduling",
        "Description": "Production Plan Handoff Day To Scheduling",
        "type": "boolean",
        "fieldGroup": "Production Plan Handoffs",
        "selectionType": "single",
        "clearSearch": true,
        "source": "literal",
        "defaultValue": false,
        "visible": true,
        "isEditable": true,
        "validation": {
          "maxLength": "0",
          "required": true
        }
      },
      {
        "fieldName": "ProductionPlanWeekToScheduling",
        "title": "Production Plan Handoff Week To Scheduling",
        "Description": "Production Plan Handoff Week To Scheduling",
        "type": "boolean",
        "fieldGroup": "Production Plan Handoffs",
        "selectionType": "single",
        "clearSearch": true,
        "source": "literal",
        "defaultValue": false,
        "visible": true,
        "isEditable": true,
        "validation": {
          "maxLength": "0",
          "required": true
        }
      },
      {
        "fieldName": "ProductionPlanWeekToMonth",
        "title": "Production Plan Handoff Week To Month",
        "Description": "Production Plan Handoff Week To Month",
        "type": "boolean",
        "fieldGroup": "Production Plan Handoffs",
        "selectionType": "single",
        "clearSearch": true,
        "source": "literal",
        "defaultValue": false,
        "visible": true,
        "isEditable": true,
        "validation": {
          "maxLength": "0",
          "required": true
        }
      },
      {
        "fieldName": "InventoryTargetsHandoffWeekToDay",
        "title": "Inventory Targets Handoff Week To Day",
        "Description": "Inventory Targets Handoff Week To Day",
        "type": "boolean",
        "fieldGroup": "Inventory Targets Handoff",
        "selectionType": "single",
        "clearSearch": true,
        "source": "literal",
        "defaultValue": false,
        "visible": true,
        "isEditable": true,
        "validation": {
          "maxLength": "0",
          "required": true
        }
      },
      {
        "fieldName": "InventoryTargetsHandoffMonthToWeek",
        "title": "Inventory Targets Handoff Month To Week",
        "Description": "Inventory Targets Handoff Month To Week",
        "type": "boolean",
        "fieldGroup": "Inventory Targets Handoff",
        "selectionType": "single",
        "clearSearch": true,
        "source": "literal",
        "defaultValue": false,
        "visible": true,
        "isEditable": true,
        "validation": {
          "maxLength": "0",
          "required": true
        }
      },
      {
        "fieldName": "InventoryTargetsHandoffMonthToDay",
        "title": "Inventory Targets Handoff Month To Day",
        "Description": "Inventory Targets Handoff Month To Day",
        "type": "boolean",
        "fieldGroup": "Inventory Targets Handoff",
        "selectionType": "single",
        "clearSearch": true,
        "source": "literal",
        "defaultValue": false,
        "visible": true,
        "isEditable": true,
        "validation": {
          "maxLength": "0",
          "required": true
        }
      },
      {
        "fieldName": "DemandHandoffWeekToMonth",
        "title": "Demand Handoff Week To Month",
        "Description": "Demand Handoff Week To Month",
        "type": "boolean",
        "fieldGroup": "Handoffs Week To Month ",
        "selectionType": "single",
        "clearSearch": true,
        "source": "literal",
        "defaultValue": false,
        "visible": true,
        "isEditable": true,
        "validation": {
          "maxLength": "0",
          "required": true
        }
      },
      {
        "fieldName": "InventoryHandoffWeekToMonth",
        "title": "Inventory Handoff Week To Month",
        "Description": "Inventory Handoff Week To Month",
        "type": "boolean",
        "fieldGroup": "Handoffs Week To Month ",
        "selectionType": "single",
        "clearSearch": true,
        "source": "literal",
        "defaultValue": false,
        "visible": true,
        "isEditable": true,
        "validation": {
          "maxLength": "0",
          "required": true
        }
      },
      {
        "fieldName": "CapacityHandoffWeekToMonth",
        "title": "Capacity Handoff Week To Month",
        "Description": "Capacity Handoff Week To Month",
        "type": "boolean",
        "fieldGroup": "Handoffs Week To Month ",
        "selectionType": "single",
        "clearSearch": true,
        "source": "literal",
        "defaultValue": false,
        "visible": true,
        "isEditable": true,
        "validation": {
          "maxLength": "0",
          "required": true
        }
      },
      {
        "fieldName": "FlowPlanHandoffWeekToMonth",
        "title": "Flow Plan Handoff Week To Month",
        "Description": "Flow Plan Handoff Week To Month",
        "type": "boolean",
        "fieldGroup": "Handoffs Week To Month ",
        "selectionType": "single",
        "clearSearch": true,
        "source": "literal",
        "defaultValue": false,
        "visible": true,
        "isEditable": true,
        "validation": {
          "maxLength": "0",
          "required": true
        }
      },
      {
        "fieldName": "PlanningHorizonMonth",
        "title": "PlanningHorizonMonth",
        "Description": "PlanningHorizonMonth",
        "type": "picklistDropdown",
        "selectionType": "single",
        "clearSearch": true,
        "select": "ALL",
        "source": "datasource",
        "key": "PlanningHorizonMonth",
        "valueField": "result",
        "textField": "result",
        "overrideFieldBindingType": false,
        "visible": false,
        "isEditable": false,
        "validation": {
          "maxLength": "0",
          "required": true
        }
      },
      {
        "fieldName": "SupplyPlanRTFHandoff",
        "title": "Supply Plan RTF Handoff",
        "Description": "Supply Plan RTF Handoff from MP to OP",
        "type": "boolean",
        "fieldGroup": "RTF Handoff",
        "selectionType": "single",
        "clearSearch": true,
        "source": "literal",
        "defaultValue": false,
        "visible": true,
        "isEditable": true,
        "validation": {
          "maxLength": "0",
          "required": true
        }
      },
      {
        "fieldName": "SupplyPlanCapacityHandoff",
        "title": "SupplyPlanCapacityHandoff",
        "Description": "Supply Plan Capacity Handoff from MP to OP",
        "type": "boolean",
        "fieldGroup": "Capacity Handoff",
        "selectionType": "single",
        "clearSearch": true,
        "source": "literal",
        "defaultValue": false,
        "visible": true,
        "isEditable": true,
        "validation": {
          "maxLength": "0",
          "required": true
        }
      }
    ],
    "Range": [],
    "DataSources": [
      {
        "Name": "PlanningHorizonMonth",
        "IBPLRules": [
          {
            "template": "select (&PlanningHorizon.relatedmembers([Month]).Count -1);"
          }
        ],
        "JavascriptRules": [],
        "IncludeDSFieldsOnly": false,
        "FieldBindings": []
      }
    ],
    "AutoExecute": false,
    "isAsync": true,
    "hasMembersUpdates": true,
    "Compact": false,
    "TwoColumn": true,
    "IsGlobalForExcelAddIn": false,
    "enableTransaction": false,
    "ExcludeFromNavLink": false,
    "FilterFieldBindings": []
  },
  "Widget": null,
  "Roles": []
}