{
  "Name": "MergePlan",
  "Description": null,
  "ActionButtonId": "414d704a-5434-5623-531d-4e6a22f611ef",
  "Tooltip": "Merge Plan",
  "ActionButtonType": "Widget",
  "Alignment": "right",
  "IsPopOver": true,
  "IsGlobal": true,
  "ActionClickHandler": null,
  "Icon": null,
  "Image": null,
  "ConfigJson": {
    "DisplayName": "Merge Plan",
    "icon": "retweet",
    "SubmitButton": {
      "Label": "Submit"
    },
    "ResetButton": {
      "Label": "Reset"
    },
    "CloseButton": {
      "Label": "Close",
      "ConfirmMessage": "Unsaved changes will be lost. Continue?"
    },
    "NotifyRoles": false,
    "NotifyAll": false,
    "IBPLRules": [
      {
        "template": "exec plugin instance [MFP005BalancePlan] for measures {Measure.[LP Ttl Sls Rtl], Measure.[Merge Ttl Sls Rtl]} using scope ([Version].[Version Name]{{#filter Version}} * [Item].[L5] * [Item].[L4]{{#filter Department}} * [Time].[Planning Month]{{#filter Month}} * [Sales Domain].[Sales Planning Channel]{{#filter Channel}} * [Selling Season].[Selling Season]{{#filter SellingSeason}} * [Location].[Location Country]{{#filter Market}} * [Location].[Location]{{#filter Store}}) using arguments {([Param.o9_sys_log_level], \"INFO\"), (\"IncludeNullRows\", False), (Iterations, \"{{Iteration}}\"), (Strategy,\"{{Strategy}}\"), (ExecutionMode, \"MediumWeight\"), (DataTransferMode, \"csv\")};"
      }
    ],
    "JavascriptRules": [],
    "FieldBindings": [
      {
        "fieldName": "Information",
        "title": "Information",
        "type": "info",
        "clearSearch": true,
        "source": "literal",
        "defaultValue": "<!DOCTYPE html> <html lang=\"en\"> <head>     <meta charset=\"UTF-8\">     <meta name=\"viewport\" content=\"width=device-width, initial-scale=1.0\">     <title>Prerequisite – Merge Process</title> </head> <body style=\"text-align: left;\">     <p style=\"text-align: left;\"><strong>Prerequisite</strong></p>     <p style=\"text-align: left;\">         Before starting the merge process, planners must ensure the Working Plan values for BUPP, LP, and LY Ttl Sls Rtl are present.     </p> </body> </html>",
        "visible": true,
        "isEditable": true,
        "validation": {
          "maxLength": "0",
          "required": true
        }
      },
      {
        "fieldName": "Version",
        "title": "Version",
        "source": "filter",
        "type": "string",
        "key": "LA-Version",
        "visible": true,
        "isEditable": false,
        "validation": {
          "required": true,
          "maxLength": "0"
        },
        "DimensionName": "Version",
        "LevelAttributeName": "Version Name",
        "clearSearch": true
      },
      {
        "fieldName": "Strategy",
        "title": "Strategy",
        "Description": "Balancing Strategy",
        "type": "picklistDropdown",
        "selectionType": "single",
        "clearSearch": true,
        "source": "localPicklist",
        "values": [
          {
            "Key": "2",
            "Name": "Merge Plan"
          }
        ],
        "valueField": "Key",
        "visible": false,
        "isEditable": true,
        "validation": {
          "maxLength": "0",
          "required": true
        }
      },
      {
        "fieldName": "Iteration",
        "title": "No of Iteration",
        "Description": "No of Iteration",
        "type": "string",
        "displayFormat": "0",
        "clearSearch": true,
        "source": "literal",
        "defaultValue": "2",
        "visible": false,
        "isEditable": false,
        "validation": {
          "maxLength": "0",
          "required": true
        }
      },
      {
        "fieldName": "Department",
        "title": "Department",
        "Description": "Department",
        "type": "picklistDropdown",
        "clearSearch": true,
        "source": "filter",
        "DimensionName": "Item",
        "LevelAttributeName": "L4",
        "visible": true,
        "isEditable": true,
        "validation": {
          "maxLength": "0",
          "required": true
        }
      },
      {
        "fieldName": "Channel",
        "title": "Channel",
        "Description": "Channel",
        "type": "picklistDropdown",
        "clearSearch": true,
        "source": "filter",
        "DimensionName": "Sales Domain",
        "LevelAttributeName": "Sales Planning Channel",
        "visible": true,
        "isEditable": true,
        "validation": {
          "maxLength": "0",
          "required": true
        }
      },
      {
        "fieldName": "Market",
        "title": "Market",
        "Description": "Market",
        "type": "picklistDropdown",
        "selectionType": "multiple",
        "clearSearch": true,
        "source": "filter",
        "DimensionName": "Location",
        "LevelAttributeName": "Location Country",
        "visible": true,
        "isEditable": true,
        "validation": {
          "maxLength": "0",
          "required": true
        }
      },
      {
        "fieldName": "Store",
        "title": "Store",
        "Description": "Store",
        "type": "picklistDropdown",
        "selectionType": "multiple",
        "clearSearch": true,
        "select": "ALL",
        "source": "datasource",
        "key": "DSStore",
        "valueField": "Location",
        "textField": "Location",
        "overrideFieldBindingType": false,
        "visible": true,
        "isEditable": false,
        "validation": {
          "maxLength": "0",
          "required": true
        },
        "cascadeFrom": "Market"
      },
      {
        "fieldName": "Month",
        "title": "Month",
        "Description": "Month",
        "type": "picklistDropdown",
        "clearSearch": true,
        "source": "filter",
        "DimensionName": "Time",
        "LevelAttributeName": "Planning Month",
        "visible": true,
        "isEditable": true,
        "validation": {
          "maxLength": "0",
          "required": true
        }
      },
      {
        "fieldName": "SellingSeason",
        "title": "Selling Season",
        "Description": "Selling Season",
        "type": "picklistDropdown",
        "selectionType": "multiple",
        "clearSearch": true,
        "source": "filter",
        "DimensionName": "Selling Season",
        "LevelAttributeName": "Selling Season",
        "visible": true,
        "isEditable": true,
        "validation": {
          "maxLength": "0",
          "required": true
        }
      }
    ],
    "Range": [],
    "DataSources": [
      {
        "Name": "DSStore",
        "IBPLRules": [
          {
            "template": "select ([Location].[Location Country]{{#filter Market}}*[Location].[Location]);"
          }
        ],
        "JavascriptRules": [],
        "FieldBindings": [],
        "IncludeDSFieldsOnly": false
      }
    ],
    "AutoExecute": false,
    "isAsync": true,
    "hasMembersUpdates": false,
    "Compact": true,
    "TwoColumn": false,
    "IsGlobalForExcelAddIn": false,
    "ReturnFilterByUpdate": false,
    "ExcludeFromNavLink": false,
    "FilterFieldBindings": [],
    "enableTransaction": false
  },
  "Widget": null,
  "Roles": []
}