{
  "Name": "AP08PlaceholderRealization",
  "Description": "Placeholder Realization",
  "ActionButtonId": "09ea5d47-1eee-266f-00eb-61e106761b71",
  "Tooltip": "Placeholder to Real Item",
  "ActionButtonType": "Rule",
  "Alignment": "right",
  "IsPopOver": true,
  "IsGlobal": false,
  "ActionClickHandler": null,
  "Icon": null,
  "Image": null,
  "ConfigJson": {
    "DisplayName": "Placeholder to Real Item",
    "icon": "check-square",
    "Position": "0",
    "SubmitButton": {
      "Label": "Submit"
    },
    "ResetButton": {
      "Label": "Reset"
    },
    "CloseButton": {
      "Label": "Close",
      "ConfirmMessage": "Unsaved changes will be lost. Continue?"
    },
    "NotifyRoles": false,
    "NotifyAll": false,
    "IBPLRules": [
      {
        "template": "exec procedure AP43PlaceholderRealization {\"Version\": \"{{Version}}\", \"ActualPlaceholder\": [{{#csv ActualPlaceholder}}], \"Placeholder\": [{{#csv Placeholder}}], \"RetainProperties\" : \"{{RetainProperties}}\", \"SellingSeason\": \"{{SellingSeason}}\", \"ActualRealPlanningItem\": [{{#csv ActualRealPlanningItem}}]};"
      }
    ],
    "JavascriptRules": [],
    "FieldBindings": [
      {
        "fieldName": "Version",
        "title": "Version",
        "Description": "Version",
        "type": "picklistDropdown",
        "selectionType": "single",
        "clearSearch": true,
        "source": "filter",
        "DimensionName": "Version",
        "LevelAttributeName": "Version Name",
        "visible": false,
        "isEditable": true,
        "validation": {
          "maxLength": "0",
          "required": true
        }
      },
      {
        "fieldName": "ActualPlaceholder",
        "title": "Placeholder Name",
        "Description": "Placeholder Name",
        "type": "picklist",
        "selectionType": "multiple",
        "clearSearch": true,
        "select": "ALL",
        "source": "datasource",
        "key": "ActualPHs",
        "valueField": "Planning Item",
        "textField": "Planning Item$DisplayName",
        "overrideFieldBindingType": false,
        "visible": true,
        "isEditable": true,
        "cascadeFrom": "Placeholder",
        "validation": {
          "maxLength": "0",
          "required": true
        }
      },
      {
        "fieldName": "Placeholder",
        "title": "Placeholder",
        "Description": "Placeholder",
        "type": "picklist",
        "selectionType": "multiple",
        "clearSearch": true,
        "source": "parentAttribute",
        "DimensionName": "Item",
        "key": {
          "LevelAttribute": {
            "Name": "Planning Item",
            "Property": "Name"
          }
        },
        "visible": false,
        "isEditable": true,
        "validation": {
          "maxLength": "0",
          "required": true
        }
      },
      {
        "fieldName": "RetainProperties",
        "title": "Retain Placeholder Properties",
        "Description": "Check this to retain properties of the placeholder",
        "type": "boolean",
        "clearSearch": true,
        "source": "literal",
        "defaultValue": true,
        "visible": false,
        "isEditable": true,
        "validation": {
          "maxLength": "0",
          "required": true
        }
      },
      {
        "fieldName": "SellingSeason",
        "title": "Selling Season",
        "Description": "Selling Season",
        "type": "picklist",
        "selectionType": "single",
        "clearSearch": true,
        "source": "filter",
        "DimensionName": "Selling Season",
        "LevelAttributeName": "Selling Season",
        "visible": false,
        "isEditable": true,
        "validation": {
          "maxLength": "0",
          "required": true
        }
      },
      {
        "fieldName": "RealPlanningItem",
        "title": "Planning Item Name",
        "Description": "Planning Item Name",
        "type": "picklist",
        "selectionType": "multiple",
        "clearSearch": true,
        "source": "parentMeasure",
        "key": {
          "Measure": {
            "Name": "Style Color User Input"
          }
        },
        "visible": true,
        "isEditable": false,
        "validation": {
          "maxLength": "0",
          "required": true
        }
      },
      {
        "fieldName": "ActualRealPlanningItem",
        "title": "ActualRealPlanningItem",
        "Description": "ActualRealPlanningItem",
        "type": "picklist",
        "selectionType": "multiple",
        "clearSearch": true,
        "select": "ALL",
        "source": "datasource",
        "key": "FetchActualStyleColor",
        "valueField": "Planning Item",
        "textField": "Planning Item",
        "overrideFieldBindingType": false,
        "visible": false,
        "isEditable": false,
        "validation": {
          "maxLength": "0",
          "required": true
        }
      }
    ],
    "Range": [],
    "DataSources": [
      {
        "Name": "ActualPHs",
        "IBPLRules": [
          {
            "template": "Select ([Version].[Version Name]{{#filter Version}} * [Item].[Planning Item]{{#filter Placeholder}} ) on row, \n({Measure.[Style Color User Input]}) on column include memberproperties {[Item].[Planning Item],[Planning Item$DisplayName]};"
          }
        ],
        "JavascriptRules": [],
        "IncludeDSFieldsOnly": false,
        "FieldBindings": []
      },
      {
        "Name": "FetchActualStyleColor",
        "IBPLRules": [
          {
            "template": "Select ([Version].[Version Name]{{#filter Version2}} * [Item].[Planning Item].Filter(#.DisplayName in {{#ibplList FetchSC}})) on row, ({Measure.[Is Real Item Property]}) on column;"
          }
        ],
        "JavascriptRules": [],
        "IncludeDSFieldsOnly": true,
        "FieldBindings": [
          {
            "fieldName": "FetchSC",
            "title": "FetchSC",
            "Description": "FetchSC",
            "type": "picklist",
            "selectionType": "multiple",
            "clearSearch": true,
            "source": "parentMeasure",
            "key": {
              "Measure": {
                "Name": "Style Color User Input"
              }
            },
            "visible": true,
            "isEditable": true,
            "validation": {
              "maxLength": "0",
              "required": true
            }
          },
          {
            "fieldName": "Version2",
            "title": "Version2",
            "Description": "Version2",
            "type": "picklist",
            "selectionType": "single",
            "clearSearch": true,
            "source": "filter",
            "DimensionName": "Version",
            "LevelAttributeName": "Version Name",
            "visible": false,
            "isEditable": false,
            "validation": {
              "maxLength": "0",
              "required": true
            }
          }
        ]
      }
    ],
    "AutoExecute": false,
    "isAsync": true,
    "hasMembersUpdates": false,
    "Compact": false,
    "TwoColumn": false,
    "IsGlobalForExcelAddIn": false,
    "ExcludeFromNavLink": false,
    "FilterFieldBindings": [],
    "enableTransaction": false
  },
  "Widget": null,
  "Roles": []
}