{
  "MeasureGroupName": "o9EKG Project Diff Output",
  "MeasureGroupId": "fd8d41b1-be9e-8e4a-cea1-e3b340d7b43c",
  "ParentMeasureGroupName": null,
  "HasShadow": false,
  "MeasureGroupDescription": "o9EKG Project Diff Output",
  "MeasureGroupType": "Regular",
  "FactTableName": "Facto9EKGProjectDiffOutput",
  "SchemaMajorVersion": 0,
  "ConfigJson": {},
  "ApiName": null,
  "Repartition": false,
  "Unpartition": false,
  "ApiEnabled": false,
  "DimensionUsages": [
    {
      "DimensionName": "Version",
      "AttributeName": "Version Name",
      "SortOrder": 0,
      "DimensionType": "Regular"
    },
    {
      "DimensionName": "Sequence",
      "AttributeName": "Sequence",
      "SortOrder": 1,
      "DimensionType": null
    },
    {
      "DimensionName": "o9EKG Table",
      "AttributeName": "Table Name",
      "SortOrder": 2,
      "DimensionType": null
    },
    {
      "DimensionName": "o9EKGSequence",
      "AttributeName": "o9EKGSequenceNumber",
      "SortOrder": 3,
      "DimensionType": null
    },
    {
      "DimensionName": "o9EKG Customer",
      "AttributeName": "Project Name",
      "SortOrder": 4,
      "DimensionType": null
    }
  ]
}