{
  "Name": "o9EKGAddFieldMapping",
  "Description": null,
  "ActionButtonId": "42f87001-4e2c-4294-b8d0-722b5aaaf285",
  "Tooltip": "Add Mapping",
  "ActionButtonType": "Widget",
  "Alignment": "right",
  "IsPopOver": true,
  "IsGlobal": true,
  "ActionClickHandler": null,
  "Icon": null,
  "Image": null,
  "ConfigJson": {
    "icon": "plus-circle",
    "Validate": {
      "DataSource": {
        "IBPLRules": [
          {
            "template": "Select [o9EKG Table].[Field ID]{{#filter Field}}.count > 1;"
          }
        ],
        "JavascriptRules": [],
        "FieldBindings": [
          {
            "fieldName": "Field",
            "title": "Field",
            "type": "picklistDropdown",
            "selectionType": "multiple",
            "clearSearch": false,
            "source": "parentAttribute",
            "DimensionName": "o9EKG Table",
            "key": {
              "LevelAttribute": {
                "Name": "Field ID",
                "Property": "Name"
              }
            },
            "visible": true,
            "isEditable": true,
            "validation": {
              "maxLength": "0",
              "required": true
            }
          }
        ]
      },
      "Message": "Please select only a single row"
    },
    "SubmitButton": {
      "Label": "Submit"
    },
    "ResetButton": {},
    "CloseButton": {
      "Label": "Close"
    },
    "NotifyAll": false,
    "IBPLRules": [
      {
        "template": "//create new intersection//\n\ncartesian scope: (&CWV * [o9EKG Customer].[Project Name].[{{Project}}] * [o9EKG Table].[Field ID].[{{FID}}] * [Sequence].[Sequence].[{{Seq}}] );\n\nMeasure.[o9EKG Source Field Mapping] = \"{{SFM}}\"  ;\nMeasure.[o9EKG SQL Join Anchor Table] = \"{{SourceTable}}\"  ;\nMeasure.[o9EKG Source Field Where Clause Filter] = \"{{SFWCF}}\"  ; \n\nend scope;"
      }
    ],
    "JavascriptRules": [],
    "FieldBindings": [
      {
        "fieldName": "Project",
        "title": "Project",
        "type": "picklistDropdown",
        "selectionType": "single",
        "clearSearch": false,
        "source": "filter",
        "DimensionName": "o9EKG Customer",
        "LevelAttributeName": "Project Name",
        "visible": true,
        "isEditable": false,
        "validation": {
          "maxLength": "0",
          "required": true
        },
        "fieldGroup": "Customer Info"
      },
      {
        "fieldName": "FID",
        "title": "FID",
        "type": "picklistDropdown",
        "selectionType": "single",
        "clearSearch": false,
        "source": "parentAttribute",
        "DimensionName": "o9EKG Table",
        "key": {
          "LevelAttribute": {
            "Name": "Field ID",
            "Property": "Name"
          }
        },
        "visible": false,
        "isEditable": false,
        "validation": {
          "maxLength": "0",
          "required": true
        }
      },
      {
        "fieldName": "TableName",
        "title": "Table Name",
        "type": "picklistDropdown",
        "fieldGroup": "Field Info",
        "selectionType": "single",
        "clearSearch": false,
        "source": "datasource",
        "key": "FieldInfo",
        "valueField": "Table Name",
        "textField": "Table Name",
        "overrideFieldBindingType": false,
        "visible": true,
        "isEditable": false,
        "cascadeFrom": "FID",
        "validation": {
          "maxLength": "0",
          "required": true
        }
      },
      {
        "fieldName": "FieldName",
        "title": "Selected Field",
        "type": "picklistDropdown",
        "fieldGroup": "Field Info",
        "selectionType": "single",
        "clearSearch": false,
        "source": "datasource",
        "key": "FieldInfo",
        "valueField": "o9EKG Field Name",
        "textField": "o9EKG Field Name",
        "overrideFieldBindingType": false,
        "visible": true,
        "isEditable": false,
        "cascadeFrom": "FID",
        "validation": {
          "maxLength": "0",
          "required": true
        }
      },
      {
        "fieldName": "SeqMax",
        "title": "SeqMax",
        "type": "picklistDropdown",
        "selectionType": "single",
        "clearSearch": false,
        "source": "datasource",
        "key": "SeqMax",
        "valueField": "Sequence",
        "textField": "Sequence",
        "overrideFieldBindingType": false,
        "visible": false,
        "isEditable": false,
        "cascadeFrom": "FID",
        "validation": {
          "maxLength": "0",
          "required": true
        }
      },
      {
        "fieldName": "Seq",
        "title": "Union",
        "type": "picklistDropdown",
        "selectionType": "single",
        "clearSearch": false,
        "source": "datasource",
        "key": "Seq",
        "valueField": "result",
        "textField": "result",
        "overrideFieldBindingType": false,
        "visible": true,
        "isEditable": false,
        "cascadeFrom": "SeqMax",
        "validation": {
          "maxLength": "0",
          "required": true
        },
        "fieldGroup": "Mapping Info"
      },
      {
        "fieldName": "SourceTable",
        "title": "Source Table",
        "type": "picklistDropdown",
        "selectionType": "single",
        "clearSearch": false,
        "source": "members",
        "DimensionName": "o9EKG Table",
        "LevelAttributeName": "Table Name",
        "FilterExpression": "[o9EKG Table].[Table Type].filter(#.Name in {[IN], [o9 Data Model]})",
        "visible": true,
        "isEditable": true,
        "validation": {
          "maxLength": "0",
          "required": true
        },
        "fieldGroup": "Mapping Info",
        "select": "NONE"
      },
      {
        "fieldName": "SFM",
        "title": "Source Field Mapping",
        "type": "string",
        "clearSearch": false,
        "source": "literal",
        "visible": true,
        "isEditable": true,
        "validation": {
          "maxLength": "0",
          "required": true
        },
        "fieldGroup": "Mapping Info"
      },
      {
        "fieldName": "SFWCF",
        "title": "Source Field Where Clause Filter",
        "type": "string",
        "clearSearch": false,
        "source": "literal",
        "visible": true,
        "isEditable": true,
        "validation": {
          "maxLength": "0",
          "required": false
        },
        "fieldGroup": "Mapping Info"
      }
    ],
    "Range": [],
    "DataSources": [
      {
        "Name": "FieldInfo",
        "IBPLRules": [
          {
            "template": "Select ( [o9EKG Customer].[Project Name].[{{Project}}] * [o9EKG Table].[Table Name] * [o9EKG Table].[Field ID].[{{FID}}] ) on row, ({Measure.[o9EKG Field Name]}) on column where {&CWV};"
          }
        ],
        "JavascriptRules": [],
        "IncludeDSFieldsOnly": false,
        "FieldBindings": []
      },
      {
        "Name": "SeqMax",
        "IBPLRules": [
          {
            "template": "Select (&CWV * [o9EKG Customer].[Project Name].[{{Project}}] * [o9EKG Table].[Field ID].[{{FID}}] * [Sequence].[Sequence] ) on row, \n({Measure.[o9EKG Source Field Mapping]}) on column orderby [Sequence].[Sequence].Key desc limit 1;"
          }
        ],
        "JavascriptRules": [],
        "IncludeDSFieldsOnly": false,
        "FieldBindings": []
      },
      {
        "Name": "Seq",
        "IBPLRules": [
          {
            "template": "Select ( {{SeqMax}} + 1 );"
          }
        ],
        "JavascriptRules": [],
        "IncludeDSFieldsOnly": false,
        "FieldBindings": []
      }
    ],
    "AutoExecute": false,
    "isAsync": false,
    "hasMembersUpdates": false,
    "Compact": true,
    "TwoColumn": false,
    "IsGlobalForExcelAddIn": false,
    "ReturnFilterByUpdate": false,
    "ExcludeFromNavLink": false,
    "FilterFieldBindings": []
  },
  "Widget": null,
  "Roles": [
    "EKG_DataAdmin",
    "EKG_Intg_Arch"
  ]
}