{
  "Name": "SupplyPlan047DGenerateRequirementsPlan",
  "Description": null,
  "ActionButtonId": "8d34a951-24f4-40fa-87db-8edcc56c09fa",
  "Tooltip": "Requirements Plan Daily",
  "ActionButtonType": "Rule",
  "Alignment": "right",
  "IsPopOver": true,
  "IsGlobal": false,
  "ActionClickHandler": null,
  "Icon": null,
  "Image": null,
  "ConfigJson": {
    "icon": "play-circle",
    "Position": -1,
    "SubmitButton": {
      "Label": "Submit"
    },
    "ResetButton": {
      "Label": "Reset"
    },
    "CloseButton": {
      "Label": "Close",
      "ConfirmMessage": "Unsaved changes will be lost. Continue?"
    },
    "NotifyRoles": true,
    "NotifyAll": false,
    "IBPLRules": [
      {
        "template": "//--For tracking the start time\nexec procedure ActionStart {\"User\" : \"{{User}}\" , \"RunID\" : \"{{RunID}}\",\"RunIDParent\" : \"{{RunIDParent}}\", \"ActionType\" : \"{{ActionType}}\", \"Product\" : \"{{Product}}\",\"ScenarioCount\" : {{ScenarioCount}},\"VersionCount\" : {{VersionCount}},\"ScenarioName\" : \"{{Version}}\"};"
      },
      {
        "template": "/* Material Requirements Plan Generation */\n\nexec procedure RequirementsPlanGenerationWithinandBeyondSupplierleadTimesDaily {\"Version\" : [{{#csv Version}}] , \"SolverCurrentBucket\" : \"{{SolverCurrentBucket}}\" , \"SolverStartingBucket\" : \"{{SolverStartingBucket}}\", \"SolverEndingBucket\" : \"{{SolverEndingBucket}}\",\"SolverDemandSliceFactor\" : {{SolverDemandSliceFactor}},\"SolverFlagAllowNOH\" : \"{{SolverFlagAllowNOH}}\",\"SolverFlagRespectFreezeWindowForWIPs\" : \"{{SolverFlagRespectFreezeWindowForWIPs}}\",\"SolverFlagMinimizeInventoryBuildAhead\" : \"{{SolverFlagMinimizeInventoryBuildAhead}}\",\"SolverFlagInventoryPlanType\" : \"{{SolverFlagInventoryPlanType}}\" ,\"SolverFlagInventoryPlanPolicy\" : \"{{SolverFlagInventoryPlanPolicy}}\",\"SolverInventoryPlanBands\" : \"{{SolverInventoryPlanBands}}\",\"SolverDeleteData\" : \"{{SolverDeleteData}}\",\"SolverCapacityBandsToMinimizeLateness\" : \"{{SolverCapacityBandsToMinimizeLateness}}\",\"SolverSSBuildAheadLimit\" : {{SolverSSBuildAheadLimit}},\"SolverFlagMinimizeNoCarryViolations\" : \"{{SolverFlagMinimizeNoCarryViolations}}\",\"SolverFlagTryMaterialReallocationInRCA\" : \"{{SolverFlagTryMaterialReallocationInRCA}}\",\"SolverFlagInventoryPlanStrategy\" : \"{{SolverFlagInventoryPlanStrategy}}\"};"
      },
      {
        "template": "exec procedure SupplyPlan0600PostAnalytics_Daily {\"Version\" : \"{{Version}}\"};"
      },
      {
        "template": "//--For tracking the end time\nexec procedure ActionEnd {\"User\" : \"{{User}}\" , \"RunID\" : \"{{RunID}}\"};"
      }
    ],
    "JavascriptRules": [],
    "FieldBindings": [
      {
        "fieldName": "Version",
        "title": "Version",
        "type": "picklistDropdown",
        "selectionType": "single",
        "clearSearch": true,
        "source": "filter",
        "DimensionName": "Version",
        "LevelAttributeName": "Version Name",
        "visible": true,
        "isEditable": true,
        "validation": {
          "maxLength": "0",
          "required": true
        }
      },
      {
        "fieldName": "SolverCurrentBucket",
        "title": "SolverCurrentBucket",
        "type": "string",
        "selectionType": "single",
        "clearSearch": true,
        "select": "ALL",
        "source": "datasource",
        "key": "SolverCurrentBucket",
        "valueField": "Name",
        "textField": "Name",
        "visible": true,
        "isEditable": false,
        "validation": {
          "maxLength": "0",
          "required": true
        },
        "overrideFieldBindingType": false
      },
      {
        "fieldName": "SolverStartingBucket",
        "title": "SolverStartingBucket",
        "type": "string",
        "selectionType": "single",
        "clearSearch": true,
        "select": "ALL",
        "source": "datasource",
        "key": "SolverStartingBucket",
        "valueField": "Name",
        "textField": "Name",
        "visible": true,
        "isEditable": false,
        "validation": {
          "maxLength": "0",
          "required": true
        },
        "overrideFieldBindingType": false
      },
      {
        "fieldName": "SolverEndingBucket",
        "title": "SolverEndingBucket",
        "type": "string",
        "selectionType": "single",
        "clearSearch": true,
        "select": "ALL",
        "source": "datasource",
        "key": "SolverEndingBucket",
        "valueField": "Name",
        "textField": "Name",
        "visible": true,
        "isEditable": false,
        "validation": {
          "maxLength": "0",
          "required": true
        },
        "overrideFieldBindingType": false
      },
      {
        "fieldName": "SolverDemandSliceFactor",
        "title": "DemandSliceFactor",
        "type": "picklistDropdown",
        "selectionType": "single",
        "clearSearch": true,
        "select": "ALL",
        "source": "datasource",
        "key": "SolverDemandSliceFactor",
        "valueField": "D Solver Demand Slice Factor",
        "textField": "D Solver Demand Slice Factor",
        "visible": true,
        "isEditable": false,
        "cascadeFrom": "Version",
        "validation": {
          "maxLength": "0",
          "required": true
        },
        "overrideFieldBindingType": false
      },
      {
        "fieldName": "SolverFlagAllowNOH",
        "title": "D Solver Flag Allow NOH",
        "type": "picklistDropdown",
        "selectionType": "single",
        "clearSearch": true,
        "source": "datasource",
        "key": "SolverFlagAllowNOH",
        "valueField": "D Solver Flag Allow NOH",
        "textField": "D Solver Flag Allow NOH",
        "visible": false,
        "isEditable": false,
        "cascadeFrom": "Version",
        "validation": {
          "maxLength": "0",
          "required": true
        },
        "overrideFieldBindingType": false
      },
      {
        "fieldName": "SolverFlagRespectFreezeWindowForWIPs",
        "title": "D Solver Flag Respect Freeze Window For WIPs",
        "Description": "D Solver Flag Respect Freeze Window For WIPs",
        "type": "picklistDropdown",
        "selectionType": "single",
        "clearSearch": true,
        "select": "ALL",
        "source": "datasource",
        "key": "SolverFlagRespectFreezeWindowForWIPs",
        "valueField": "D Solver Flag Respect Freeze Window For WIPs",
        "textField": "D Solver Flag Respect Freeze Window For WIPs",
        "visible": false,
        "isEditable": false,
        "cascadeFrom": "Version",
        "validation": {
          "maxLength": "0",
          "required": true
        },
        "overrideFieldBindingType": false
      },
      {
        "fieldName": "SolverFlagInventoryPlanType",
        "clearSearch": true,
        "source": "datasource",
        "visible": false,
        "isEditable": false,
        "validation": {
          "maxLength": "0",
          "required": true
        },
        "title": "W Solver Flag Inventory Plan Type",
        "Description": "W Solver Flag Inventory Plan Type",
        "type": "picklistDropdown",
        "selectionType": "single",
        "select": "ALL",
        "key": "SolverFlagInventoryPlanType",
        "valueField": "D Solver Flag Inventory Plan Type",
        "textField": "D Solver Flag Inventory Plan Type",
        "cascadeFrom": "Version",
        "overrideFieldBindingType": false
      },
      {
        "fieldName": "SolverInventoryPlanBands",
        "title": "D Solver Inventory Plan Bands",
        "Description": "D Solver Inventory Plan Bands",
        "type": "picklistDropdown",
        "selectionType": "single",
        "clearSearch": true,
        "select": "ALL",
        "source": "datasource",
        "key": "SolverInventoryPlanBands",
        "valueField": "D Solver Inventory Plan Bands",
        "textField": "D Solver Inventory Plan Bands",
        "visible": false,
        "isEditable": false,
        "cascadeFrom": "Version",
        "validation": {
          "maxLength": "0",
          "required": true
        },
        "overrideFieldBindingType": false
      },
      {
        "fieldName": "SolverDeleteData",
        "title": "D Solver Delete Data",
        "Description": "W Solver Delete Data",
        "type": "picklistDropdown",
        "selectionType": "single",
        "clearSearch": true,
        "select": "ALL",
        "source": "datasource",
        "key": "SolverDeleteData",
        "valueField": "D Solver Delete Data",
        "textField": "D Solver Delete Data",
        "visible": true,
        "isEditable": true,
        "cascadeFrom": "Version",
        "validation": {
          "maxLength": "0",
          "required": true
        },
        "overrideFieldBindingType": false
      },
      {
        "fieldName": "SolverCapacityBandsToMinimizeLateness",
        "title": "Use Capacity Bands To Minimize Lateness",
        "Description": "Use Capacity Bands To Minimize Lateness",
        "type": "picklistDropdown",
        "selectionType": "single",
        "clearSearch": true,
        "select": "ALL",
        "source": "datasource",
        "key": "SolverCapacityBandsToMinimizeLateness",
        "valueField": "D Solver Capacity Bands To Minimize Lateness",
        "textField": "D Solver Capacity Bands To Minimize Lateness",
        "visible": false,
        "isEditable": false,
        "cascadeFrom": "Version",
        "validation": {
          "maxLength": "0",
          "required": true
        },
        "overrideFieldBindingType": false
      },
      {
        "fieldName": "SolverFlagInventoryPlanPolicy",
        "title": "W Solver Flag Inventory Plan Policy",
        "Description": "W Solver Flag Inventory Plan Policy",
        "type": "picklistDropdown",
        "selectionType": "single",
        "clearSearch": true,
        "select": "ALL",
        "source": "datasource",
        "key": "SolverFlagInventoryPlanPolicy",
        "valueField": "D Solver Flag Inventory Plan Policy",
        "textField": "D Solver Flag Inventory Plan Policy",
        "visible": false,
        "isEditable": false,
        "cascadeFrom": "Version",
        "validation": {
          "maxLength": "0",
          "required": true
        },
        "overrideFieldBindingType": false
      },
      {
        "fieldName": "SolverFlagMinimizeInventoryBuildAhead",
        "title": "W Solver Flag Minimize Inventory Build Ahead",
        "Description": "W Solver Flag Minimize Inventory Build Ahead",
        "type": "picklistDropdown",
        "selectionType": "single",
        "clearSearch": true,
        "select": "ALL",
        "source": "datasource",
        "key": "SolverFlagMinimizeInventoryBuildAhead",
        "valueField": "D Solver Flag Minimize Inventory Build Ahead",
        "textField": "D Solver Flag Minimize Inventory Build Ahead",
        "visible": false,
        "isEditable": false,
        "cascadeFrom": "Version",
        "validation": {
          "maxLength": "0",
          "required": true
        },
        "overrideFieldBindingType": false
      },
      {
        "fieldName": "Now",
        "title": "Now",
        "Description": "Now",
        "type": "datetime",
        "selectionType": "single",
        "clearSearch": true,
        "select": "ALL",
        "source": "datasource",
        "key": "Now",
        "valueField": "result",
        "visible": false,
        "isEditable": false,
        "validation": {
          "maxLength": "0",
          "required": true
        },
        "overrideFieldBindingType": false
      },
      {
        "fieldName": "Constrained",
        "title": "Constrained or Procurement",
        "type": "picklistDropdown",
        "selectionType": "single",
        "clearSearch": true,
        "select": "ALL",
        "source": "picklist",
        "key": "SolverRunType",
        "visible": false,
        "isEditable": true,
        "validation": {
          "maxLength": "0",
          "required": true
        }
      },
      {
        "fieldName": "SolverSSBuildAheadLimit",
        "title": "SS Build Ahead Limit",
        "Description": "SS Build Ahead Limit",
        "type": "picklistDropdown",
        "selectionType": "single",
        "clearSearch": true,
        "select": "ALL",
        "source": "datasource",
        "key": "SolverSSBuildAheadLimit",
        "valueField": "D Solver SS Build Ahead Limit",
        "textField": "D Solver SS Build Ahead Limit",
        "visible": false,
        "isEditable": false,
        "cascadeFrom": "Version",
        "validation": {
          "maxLength": "0",
          "required": true
        },
        "overrideFieldBindingType": false
      },
      {
        "fieldName": "SolverFlagMinimizeNoCarryViolations",
        "title": "D Solver Flag Minimize No Carry Violations",
        "Description": "D Solver Flag Minimize No Carry Violations",
        "type": "picklistDropdown",
        "selectionType": "single",
        "clearSearch": true,
        "select": "ALL",
        "source": "datasource",
        "key": "SolverFlagMinimizeNoCarryViolations",
        "valueField": "D Solver Flag Minimize No Carry Violations",
        "textField": "D Solver Flag Minimize No Carry Violations",
        "visible": false,
        "isEditable": false,
        "cascadeFrom": "Version",
        "validation": {
          "maxLength": "0",
          "required": true
        },
        "overrideFieldBindingType": false
      },
      {
        "fieldName": "SolverFlagTryMaterialReallocationInRCA",
        "title": "D Solver Flag Try Material Real location In RCA",
        "Description": "D Solver Flag Try Material Real location In RCA",
        "type": "picklistDropdown",
        "selectionType": "single",
        "clearSearch": true,
        "source": "datasource",
        "key": "SolverFlagTryMaterialReallocationInRCA",
        "valueField": "D Solver Flag Try Material Reallocation In RCA",
        "textField": "D Solver Flag Try Material Reallocation In RCA",
        "visible": true,
        "isEditable": false,
        "cascadeFrom": "Version",
        "validation": {
          "maxLength": "0",
          "required": true
        },
        "select": "ALL",
        "overrideFieldBindingType": false
      },
      {
        "fieldName": "SolverFlagInventoryPlanStrategy",
        "title": "D Solver Flag Inventory Plan Strategy",
        "Description": "D Solver Flag Inventory Plan Strategy",
        "type": "picklistDropdown",
        "selectionType": "single",
        "clearSearch": true,
        "select": "ALL",
        "source": "datasource",
        "key": "SolverFlagInventoryPlanStrategy",
        "valueField": "D Solver Flag Inventory Plan Strategy",
        "textField": "D Solver Flag Inventory Plan Strategy",
        "visible": false,
        "isEditable": false,
        "cascadeFrom": "Version",
        "validation": {
          "maxLength": "0",
          "required": true
        },
        "overrideFieldBindingType": false
      },
      {
        "fieldName": "SolverDemandBuildAheadLimit",
        "title": "Demand Build Ahead Limit",
        "Description": "Demand Build Ahead Limit",
        "type": "picklistDropdown",
        "selectionType": "single",
        "clearSearch": true,
        "select": "ALL",
        "source": "datasource",
        "key": "SolverDemandBuildAheadLimit",
        "valueField": "D Global Demand Build Ahead Limit",
        "textField": "D Global Demand Build Ahead Limit",
        "visible": false,
        "isEditable": false,
        "cascadeFrom": "Version",
        "validation": {
          "maxLength": "0",
          "required": true
        },
        "overrideFieldBindingType": false
      },
      {
        "fieldName": "SolverDemandBuildLateLimit",
        "title": "Demand Build Late Limit",
        "Description": "Demand Build Late Limit",
        "type": "picklistDropdown",
        "selectionType": "single",
        "clearSearch": true,
        "select": "ALL",
        "source": "datasource",
        "key": "SolverDemandBuildLateLimit",
        "valueField": "D Global Demand Build Late Limit",
        "textField": "D Global Demand Build Late Limit",
        "visible": false,
        "isEditable": false,
        "cascadeFrom": "Version",
        "validation": {
          "maxLength": "0",
          "required": true
        },
        "overrideFieldBindingType": false
      },
      {
        "fieldName": "SolverExpediteWIP",
        "title": "D Solver Expedite WIP",
        "Description": "D Solver Expedite WIP",
        "type": "picklistDropdown",
        "selectionType": "single",
        "clearSearch": true,
        "source": "datasource",
        "key": "SolverExpediteWIP",
        "valueField": "D Solver Flag Expedite WIP",
        "textField": "D Solver Flag Expedite WIP",
        "visible": false,
        "isEditable": false,
        "cascadeFrom": "Version",
        "validation": {
          "maxLength": "0",
          "required": true
        },
        "overrideFieldBindingType": false
      },
      {
        "fieldName": "User",
        "title": "User",
        "type": "picklistDropdown",
        "selectionType": "single",
        "clearSearch": true,
        "select": "ALL",
        "source": "datasource",
        "key": "CurrentUser",
        "valueField": "Name",
        "textField": "Name",
        "visible": false,
        "isEditable": false,
        "validation": {
          "maxLength": "0",
          "required": true
        },
        "overrideFieldBindingType": false
      },
      {
        "fieldName": "RunID",
        "title": "RunID",
        "type": "string",
        "selectionType": "single",
        "clearSearch": true,
        "select": "ALL",
        "source": "datasource",
        "key": "RunID",
        "valueField": "Name",
        "textField": "Name",
        "visible": false,
        "isEditable": false,
        "validation": {
          "maxLength": "0",
          "required": true
        },
        "cascadeFrom": "RunIDParent",
        "overrideFieldBindingType": false
      },
      {
        "fieldName": "ScenarioCount",
        "title": "Scenario Count",
        "type": "number",
        "selectionType": "single",
        "clearSearch": true,
        "select": "ALL",
        "source": "datasource",
        "key": "ScenarioCount",
        "valueField": "result",
        "textField": "result",
        "visible": false,
        "isEditable": false,
        "validation": {
          "maxLength": "0",
          "required": true
        },
        "overrideFieldBindingType": false
      },
      {
        "fieldName": "VersionCount",
        "title": "Version Count",
        "type": "number",
        "selectionType": "single",
        "clearSearch": true,
        "select": "ALL",
        "source": "datasource",
        "key": "VersionCount",
        "valueField": "result",
        "textField": "result",
        "visible": false,
        "isEditable": false,
        "validation": {
          "maxLength": "0",
          "required": true
        },
        "overrideFieldBindingType": false
      },
      {
        "fieldName": "ActionType",
        "title": "Action Type",
        "type": "string",
        "selectionType": "single",
        "clearSearch": true,
        "source": "literal",
        "defaultValue": "Requirements Plan Daily",
        "visible": false,
        "isEditable": false,
        "validation": {
          "maxLength": "0",
          "required": true
        }
      },
      {
        "fieldName": "Product",
        "title": "Product",
        "type": "number",
        "selectionType": "single",
        "clearSearch": true,
        "source": "literal",
        "defaultValue": "Operational Planning",
        "visible": false,
        "isEditable": false,
        "validation": {
          "maxLength": "0",
          "required": true
        }
      },
      {
        "fieldName": "RunIDParent",
        "title": "RunIDParent",
        "type": "picklistDropdown",
        "selectionType": "single",
        "clearSearch": true,
        "select": "ALL",
        "source": "datasource",
        "key": "RunIDParent",
        "valueField": "result",
        "textField": "result",
        "visible": false,
        "isEditable": false,
        "validation": {
          "maxLength": "0",
          "required": true
        },
        "overrideFieldBindingType": false
      }
    ],
    "Range": [],
    "DataSources": [
      {
        "Name": "SolverEndingBucket",
        "IBPLRules": [
          {
            "template": "SELECT &DailySolverEndBucket.element(0);"
          }
        ],
        "JavascriptRules": [],
        "FieldBindings": [],
        "IncludeDSFieldsOnly": false
      },
      {
        "Name": "SolverStartingBucket",
        "IBPLRules": [
          {
            "template": "SELECT &DailySolverStartBucket.element(0);"
          }
        ],
        "JavascriptRules": [],
        "FieldBindings": [],
        "IncludeDSFieldsOnly": false
      },
      {
        "Name": "SolverDemandSliceFactor",
        "IBPLRules": [
          {
            "template": "Select ([Version].[Version Name]{{#filter Version}} * {Measure.[D Solver Demand Slice Factor]});"
          }
        ],
        "JavascriptRules": [],
        "FieldBindings": [],
        "IncludeDSFieldsOnly": false
      },
      {
        "Name": "SolverFlagAllowNOH",
        "IBPLRules": [
          {
            "template": "Select ([Version].[Version Name]{{#filter Version}} * {Measure.[D Solver Flag Allow NOH]});"
          }
        ],
        "JavascriptRules": [],
        "FieldBindings": [],
        "IncludeDSFieldsOnly": false
      },
      {
        "Name": "SolverFlagRespectFreezeWindowForWIPs",
        "IBPLRules": [
          {
            "template": "Select ([Version].[Version Name]{{#filter Version}} * {Measure.[D Solver Flag Respect Freeze Window For WIPs]});"
          }
        ],
        "JavascriptRules": [],
        "FieldBindings": [],
        "IncludeDSFieldsOnly": false
      },
      {
        "Name": "SolverFlagMinimizeInventoryBuildAhead",
        "IBPLRules": [
          {
            "template": "Select ([Version].[Version Name]{{#filter Version}} * {Measure.[D Solver Flag Minimize Inventory Build Ahead]});"
          }
        ],
        "JavascriptRules": [],
        "FieldBindings": [],
        "IncludeDSFieldsOnly": false
      },
      {
        "Name": "SolverFlagInventoryPlanType",
        "IBPLRules": [
          {
            "template": "Select ([Version].[Version Name]{{#filter Version}} * {Measure.[D Solver Flag Inventory Plan Type]});"
          }
        ],
        "JavascriptRules": [],
        "FieldBindings": [],
        "IncludeDSFieldsOnly": false
      },
      {
        "Name": "SolverFlagInventoryPlanPolicy",
        "IBPLRules": [
          {
            "template": "Select ([Version].[Version Name]{{#filter Version}} * {Measure.[D Solver Flag Inventory Plan Policy]});"
          }
        ],
        "JavascriptRules": [],
        "FieldBindings": [],
        "IncludeDSFieldsOnly": false
      },
      {
        "Name": "SolverInventoryPlanBands",
        "IBPLRules": [
          {
            "template": "Select ([Version].[Version Name]{{#filter Version}} * {Measure.[D Solver Inventory Plan Bands]});"
          }
        ],
        "JavascriptRules": [],
        "FieldBindings": [],
        "IncludeDSFieldsOnly": false
      },
      {
        "Name": "SolverCurrentBucket",
        "IBPLRules": [
          {
            "template": "SELECT &DailySolverCurrentBucket.element(0);"
          }
        ],
        "JavascriptRules": [],
        "FieldBindings": [],
        "IncludeDSFieldsOnly": false
      },
      {
        "Name": "Now",
        "IBPLRules": [
          {
            "template": "Select NOW();"
          }
        ],
        "JavascriptRules": [],
        "FieldBindings": [],
        "IncludeDSFieldsOnly": false
      },
      {
        "Name": "SolverMaterialConstrained",
        "IBPLRules": [
          {
            "template": "Select ([Version].[Version Name]{{#filter Version}} * {Measure.[D Material Constrained]});"
          }
        ],
        "JavascriptRules": [],
        "FieldBindings": [],
        "IncludeDSFieldsOnly": false
      },
      {
        "Name": "SolverCapacityConstrained",
        "IBPLRules": [
          {
            "template": "Select ([Version].[Version Name]{{#filter Version}} * {Measure.[D Capacity Constrained]});"
          }
        ],
        "JavascriptRules": [],
        "FieldBindings": [],
        "IncludeDSFieldsOnly": false
      },
      {
        "Name": "SolverCapacityBandsToMinimizeLateness",
        "IBPLRules": [
          {
            "template": "Select ([Version].[Version Name]{{#filter Version}} * {Measure.[D Solver Capacity Bands To Minimize Lateness]});"
          }
        ],
        "JavascriptRules": [],
        "FieldBindings": [],
        "IncludeDSFieldsOnly": false
      },
      {
        "Name": "SolverDeleteData",
        "IBPLRules": [
          {
            "template": "Select ([Version].[Version Name]{{#filter Version}} * {Measure.[D Solver Delete Data]});"
          }
        ],
        "JavascriptRules": [],
        "FieldBindings": [],
        "IncludeDSFieldsOnly": false
      },
      {
        "Name": "SolverRun",
        "IBPLRules": [
          {
            "template": "Select ([Version].[Version Name]{{#filter Version}} * {Measure.[D Solver Run Type Flag]});"
          }
        ],
        "JavascriptRules": [],
        "FieldBindings": [],
        "IncludeDSFieldsOnly": false
      },
      {
        "Name": "SolverSSBuildAheadLimit",
        "IBPLRules": [
          {
            "template": "Select ([Version].[Version Name]{{#filter Version}} * {Measure.[D Solver SS Build Ahead Limit]});"
          }
        ],
        "JavascriptRules": [],
        "FieldBindings": [],
        "IncludeDSFieldsOnly": false
      },
      {
        "Name": "SolverFlagMinimizeNoCarryViolations",
        "IBPLRules": [
          {
            "template": "Select ([Version].[Version Name]{{#filter Version}} * {Measure.[D Solver Flag Minimize No Carry Violations]});"
          }
        ],
        "JavascriptRules": [],
        "FieldBindings": [],
        "IncludeDSFieldsOnly": false
      },
      {
        "Name": "SolverFlagTryMaterialReallocationInRCA",
        "IBPLRules": [
          {
            "template": "Select ([Version].[Version Name]{{#filter Version}} * {Measure.[D Solver Flag Try Material Reallocation In RCA]});"
          }
        ],
        "JavascriptRules": [],
        "FieldBindings": [],
        "IncludeDSFieldsOnly": false
      },
      {
        "Name": "SolverFlagInventoryPlanStrategy",
        "IBPLRules": [
          {
            "template": "Select ([Version].[Version Name]{{#filter Version}} * {Measure.[D Solver Flag Inventory Plan Strategy]});"
          }
        ],
        "JavascriptRules": [],
        "FieldBindings": [],
        "IncludeDSFieldsOnly": false
      },
      {
        "Name": "SolverDemandBuildAheadLimit",
        "IBPLRules": [
          {
            "template": "Select ([Version].[Version Name]{{#filter Version}} * {Measure.[D Global Demand Build Ahead Limit]});"
          }
        ],
        "JavascriptRules": [],
        "FieldBindings": [],
        "IncludeDSFieldsOnly": false
      },
      {
        "Name": "SolverDemandBuildLateLimit",
        "IBPLRules": [
          {
            "template": "Select ([Version].[Version Name]{{#filter Version}} * {Measure.[D Global Demand Build Late Limit]});"
          }
        ],
        "JavascriptRules": [],
        "FieldBindings": [],
        "IncludeDSFieldsOnly": false
      },
      {
        "Name": "SolverExpediteWIP",
        "IBPLRules": [
          {
            "template": "Select ([Version].[Version Name]{{#filter Version}} * {Measure.[D Solver Flag Expedite WIP]});"
          }
        ],
        "JavascriptRules": [],
        "FieldBindings": [],
        "IncludeDSFieldsOnly": false
      },
      {
        "Name": "StartsOrOuts",
        "IBPLRules": [
          {
            "template": "select (Version.[Version Name].filter(#.Name in {\"{{Version}}\"}) * {Measure.[D Material Requirements Generation Type]});"
          }
        ],
        "JavascriptRules": [],
        "FieldBindings": [],
        "IncludeDSFieldsOnly": false
      },
      {
        "Name": "CurrentUser",
        "IBPLRules": [
          {
            "template": "Select CurrentUser();"
          }
        ],
        "JavascriptRules": [],
        "FieldBindings": [],
        "IncludeDSFieldsOnly": false
      },
      {
        "Name": "RunID",
        "IBPLRules": [
          {
            "template": "createmember ([Action].[RunID]={,\"{{RunIDParent}}-{{ActionType}}\"});"
          }
        ],
        "JavascriptRules": [],
        "FieldBindings": [],
        "IncludeDSFieldsOnly": false
      },
      {
        "Name": "ScenarioCount",
        "IBPLRules": [
          {
            "template": "Select ([Version].[Version Name].filter(#.Key <=0).count);"
          }
        ],
        "JavascriptRules": [],
        "FieldBindings": [],
        "IncludeDSFieldsOnly": false
      },
      {
        "Name": "VersionCount",
        "IBPLRules": [
          {
            "template": "Select ([Version].[Version Name].filter(#.Key >=0).count);"
          }
        ],
        "JavascriptRules": [],
        "FieldBindings": [],
        "IncludeDSFieldsOnly": false
      },
      {
        "Name": "RunIDParent",
        "IBPLRules": [
          {
            "template": "select NextLabel([RunID Parent]);"
          }
        ],
        "JavascriptRules": [],
        "FieldBindings": [],
        "IncludeDSFieldsOnly": false
      }
    ],
    "AutoExecute": false,
    "isAsync": true,
    "hasMembersUpdates": false,
    "Compact": true,
    "TwoColumn": true,
    "IsGlobalForExcelAddIn": false,
    "ExcludeFromNavLink": false,
    "FilterFieldBindings": []
  },
  "Widget": null,
  "Roles": []
}