{
  "MeasureName": "TD Avg Stock Rtl",
  "MeasureId": "f6ea80e4-07ea-46e4-b518-2d8ad67c35d8",
  "MeasureDescription": "TD Avg Stock Rtl",
  "DataType": "number",
  "MeasureType": "Currency",
  "AggregateFunction": "AvgNonNull",
  "FormatString": "($0,000.00a)",
  "MeasureColumnName": "TDAverageInventory",
  "MeasureFormula": "",
  "IsEditable": false,
  "ApplyConversion": true,
  "ConversionFormula": "Exchange Rate Monthly",
  "PickListName": null,
  "BgColorFormula": "",
  "FgColorFormula": "",
  "TrendFormula": "",
  "FormattingViewModel": "[]",
  "ParentMeasureName": null,
  "AssociationMeasure": false,
  "IsComputedByPlanningService": true,
  "ToolTip": "TD Total Sales Rtl / TD Stock Turn",
  "ConfigJson": {},
  "ApiName": null,
  "ApiDisabled": false,
  "IsReportingMeasure": false,
  "MeasureConditionalFormulaProperties": [],
  "PicklistSource": null
}