{
  "AttributeName": "Retail_AP_FD_Season_NN",
  "AttributeId": "f701aee2-7f3e-bcca-0c4e-4f980f1cf557",
  "AttributeHierarchyEnabled": true,
  "IsKey": false,
  "Description": "Retail AP Season Named Node",
  "OrderBy": "Key",
  "KeyColumnName": "Retail_AP_FD_Season_NNKey",
  "NameColumnName": "Retail_AP_FD_Season_NNName",
  "KeyColumnDataType": "integer",
  "SeedTags": true,
  "KeyGenerationType": "Auto",
  "PickListName": null,
  "ConfigJson": {
    "ShowFilterAs": "TileView",
    "MemberDisplayNameEditable": true,
    "IsMultipleImage": false,
    "MemberDisplayColor": false
  },
  "FormatString": null,
  "Translation": null,
  "Aliases": [],
  "ApiName": null,
  "ApiDisabled": false,
  "ParentAttributeName": null,
  "NamedNodeUsages": [
    {
      "DimensionName": "Selling Season",
      "AttributeName": "Selling Season"
    }
  ]
}