{
  "MeasureName": "Other Dips Flag",
  "MeasureId": "64f52b32-b275-4796-b462-89835d5af1a6",
  "MeasureDescription": "Flag to denote if this period contains a dip in the demand and is not explained by given drivers",
  "DataType": "number",
  "MeasureType": "Regular",
  "AggregateFunction": "Sum",
  "FormatString": "#,##0;(#,##0)",
  "MeasureColumnName": "OtherDipsFlag",
  "MeasureFormula": "",
  "IsEditable": true,
  "ApplyConversion": false,
  "ConversionFormula": "",
  "PickListName": null,
  "BgColorFormula": null,
  "FgColorFormula": null,
  "TrendFormula": null,
  "FormattingViewModel": null,
  "ParentMeasureName": null,
  "AssociationMeasure": false,
  "IsComputedByPlanningService": false,
  "ToolTip": "Flag to denote if this period contains a dip in the demand and is not explained by given drivers",
  "ConfigJson": {},
  "ApiName": null,
  "ApiDisabled": false,
  "IsReportingMeasure": false,
  "MeasureConditionalFormulaProperties": [],
  "PicklistSource": null
}