{
  "Name": "o9EKGAddPipeline",
  "Description": null,
  "ActionButtonId": "22e557b8-7580-3526-191d-adaaf6de4547",
  "Tooltip": "Add New Pipeline",
  "ActionButtonType": "Widget",
  "Alignment": "right",
  "IsPopOver": true,
  "IsGlobal": true,
  "ActionClickHandler": null,
  "Icon": null,
  "Image": null,
  "ConfigJson": {
    "icon": "plus-square-o",
    "SubmitButton": {
      "Label": "Submit",
      "SuccessMessage": "Pipeline has been added. Please proceed to add table mappings for this new pipeline."
    },
    "ResetButton": {},
    "CloseButton": {
      "Label": "Close"
    },
    "NotifyAll": false,
    "IBPLRules": [
      {
        "template": "// New Member //\n\ncreatemember( [o9EKG Pipeline].[Pipeline Name] = { , \"{{Pipeline}}\" } );"
      },
      {
        "template": "// Pipeline Props //\n\ncartesian scope: ( &CWV * [o9EKG Pipeline].[Pipeline Name].[{{Pipeline}}] * [o9EKG Customer].[Project Name].[{{Project}}] ) ;\n\nMeasure.[o9EKG Batch Type] = \"{{Batch}}\" ;\nMeasure.[o9EKG Pipeline Folder Group] = \"EKG_{{FolderGroup}}\" ;\n\nend scope;"
      }
    ],
    "JavascriptRules": [],
    "FieldBindings": [
      {
        "fieldName": "Pipeline",
        "title": "Pipeline Name",
        "type": "string",
        "clearSearch": true,
        "source": "literal",
        "visible": true,
        "isEditable": true,
        "validation": {
          "maxLength": "0",
          "required": true
        }
      },
      {
        "fieldName": "Batch",
        "title": "Batch Type",
        "type": "string",
        "clearSearch": true,
        "source": "literal",
        "defaultValue": "Weekly",
        "visible": true,
        "isEditable": true,
        "validation": {
          "maxLength": "0",
          "required": true
        }
      },
      {
        "fieldName": "FolderGroup",
        "title": "Folder Group",
        "type": "string",
        "clearSearch": true,
        "source": "literal",
        "defaultValue": "IN_PipelineGroup",
        "visible": true,
        "isEditable": true,
        "validation": {
          "maxLength": "0",
          "required": true
        },
        "Description": "Will be prefixed by \"EKG_\""
      },
      {
        "fieldName": "Project",
        "title": "Project",
        "type": "picklistDropdown",
        "selectionType": "single",
        "clearSearch": true,
        "source": "filter",
        "DimensionName": "o9EKG Customer",
        "LevelAttributeName": "Project Name",
        "visible": false,
        "isEditable": false,
        "validation": {
          "maxLength": "0",
          "required": true
        }
      }
    ],
    "Range": [],
    "DataSources": [],
    "AutoExecute": false,
    "isAsync": false,
    "hasMembersUpdates": true,
    "Compact": true,
    "TwoColumn": false,
    "IsGlobalForExcelAddIn": false,
    "enableTransaction": false,
    "ReturnFilterByUpdate": false,
    "ExcludeFromNavLink": false,
    "FilterFieldBindings": []
  },
  "Widget": null,
  "Roles": [
    "EKG_Intg_Arch"
  ]
}