{
  "MeasureName": "RTF Netting Order Stream",
  "MeasureId": "93b24945-6b11-47fc-b1ad-960bc23261db",
  "MeasureDescription": "RTF Netting Flag for Order Streams",
  "DataType": "boolean",
  "MeasureType": "Regular",
  "AggregateFunction": "Max",
  "FormatString": "0",
  "MeasureColumnName": "RTFNettingOrderStream",
  "MeasureFormula": "",
  "IsEditable": true,
  "ApplyConversion": false,
  "ConversionFormula": null,
  "PickListName": null,
  "BgColorFormula": null,
  "FgColorFormula": null,
  "TrendFormula": null,
  "FormattingViewModel": null,
  "ParentMeasureName": null,
  "AssociationMeasure": false,
  "IsComputedByPlanningService": false,
  "ToolTip": "RTF Netting Flag for Order Streams",
  "ConfigJson": {},
  "ApiName": null,
  "ApiDisabled": false,
  "IsReportingMeasure": false,
  "MeasureConditionalFormulaProperties": [],
  "PicklistSource": null
}