{
  "AttributeName": "Barcode Reference",
  "AttributeId": "1f044a1b-4e46-8a02-80e8-0813415c53c6",
  "AttributeHierarchyEnabled": true,
  "IsKey": false,
  "Description": "Parent of the set of barcodes that have phased over time. The oldest barcode will be used as Name. Planning level attribute for RGM",
  "OrderBy": "Key",
  "KeyColumnName": "BarcodeReferenceKey",
  "NameColumnName": "BarcodeReferenceName",
  "KeyColumnDataType": "integer",
  "SeedTags": false,
  "KeyGenerationType": "Auto",
  "PickListName": null,
  "ConfigJson": {
    "ShowFilterAs": "TileView",
    "MemberDisplayNameEditable": true,
    "IsMultipleImage": false,
    "MemberDisplayColor": false
  },
  "FormatString": null,
  "Translation": null,
  "Aliases": [],
  "ApiName": null,
  "ApiDisabled": false,
  "FgColorFormula": "",
  "BgColorFormula": "",
  "IsReservedBySystem": false
}