{
  "AttributeName": "Integration Batch ID Solution Name",
  "AttributeId": "f5e9c25c-4060-c85b-7d30-d194f888f748",
  "AttributeHierarchyEnabled": true,
  "IsKey": true,
  "Description": "Integration Batch ID Solution Name",
  "OrderBy": "Name",
  "KeyColumnName": "IntegrationBatchIDSolutionNameKey",
  "NameColumnName": "IntegrationBatchIDSolutionNameName",
  "KeyColumnDataType": "integer",
  "SeedTags": false,
  "KeyGenerationType": "Auto",
  "PickListName": null,
  "ConfigJson": {
    "ShowFilterAs": "TileView",
    "MemberDisplayNameEditable": true,
    "IsMultipleImage": false,
    "MemberDisplayColor": false
  },
  "FormatString": null,
  "Translation": null,
  "Aliases": [],
  "ApiName": null,
  "ApiDisabled": false
}