{
  "MeasureGroupName": "020.001 MN Priority Group Parameters",
  "MeasureGroupId": "cae8a32b-377a-4a95-8414-72f78d48e5a2",
  "ParentMeasureGroupName": null,
  "HasShadow": false,
  "MeasureGroupDescription": "Material Node Priority Group Parameters",
  "MeasureGroupType": "Regular",
  "FactTableName": "Fact020.001MNPriorityGroupParameters",
  "SchemaMajorVersion": 0,
  "ConfigJson": {},
  "ApiName": null,
  "Repartition": false,
  "Unpartition": false,
  "ApiEnabled": false,
  "DimensionUsages": [
    {
      "DimensionName": "Version",
      "AttributeName": "Version Name",
      "SortOrder": 0,
      "DimensionType": "Regular"
    },
    {
      "DimensionName": "Demand Priority Group",
      "AttributeName": "Priority Group",
      "SortOrder": 1,
      "DimensionType": "Regular"
    }
  ]
}