{
  "Name": "716RunSliceRecommender",
  "Description": "Generates Ranks for CML Slice Recommendations.",
  "ActionButtonId": "09a9eabd-1a5d-a0e8-c0d9-ac9ec4808cfb",
  "Tooltip": "Generates Ranks for CML Slice Recommendations.",
  "ActionButtonType": "Widget",
  "Alignment": "right",
  "IsPopOver": true,
  "IsGlobal": true,
  "ActionClickHandler": null,
  "Icon": null,
  "Image": null,
  "ConfigJson": {
    "DisplayName": "Slice Recommender",
    "icon": "cog",
    "SubmitButton": {
      "Label": "Submit",
      "ProgressMessage": "Executing...",
      "SuccessMessage": "Successfully Executed.",
      "ErrorMessage": "Error in Execution.",
      "ConfirmMessage": "Are you sure you want to go ahead with the changes?"
    },
    "ResetButton": {
      "Label": "Reset"
    },
    "CloseButton": {
      "Label": "Close",
      "ConfirmMessage": "Unsaved changes will be lost. Continue?"
    },
    "NotifyRoles": false,
    "NotifyAll": false,
    "IBPLRules": [
      {
        "template": "exec procedure o9DP0518RunCMLSliceRecommender{\"VersionName\" : [{{#csv VersionName}}],\"ForecastIteration\" : [{{#csv ForecastIteration}}],\"MediumWeight\" : {{MediumWeight}}};\n\nScope: (&CWVAndScenarios.filter(#.Name in{{#ibplList VersionName}}) * &AllLockedForecastIterations.filter(#.Name in{{#ibplList ForecastIteration}}) );\nMeasure.[CML Iteration Slice Level]= null;\nMeasure.[CML Iteration System Slice Level]=null;\nMeasure.[CML Iteration Planner Slice Level]=null;\nend scope;"
      },
      {
        "template": "scope: (&CWVAndScenarios.filter(#.Name in{{#ibplList VersionName}}) * &AllLockedForecastIterations.filter(#.Name in{{#ibplList ForecastIteration}}) * [Sequence].[Sequence].[1] );\nMeasure.[CML Iteration System Slice Level]=Measure.[Slice Attribute Combinations];\nend scope;"
      },
      {
        "template": "Scope: (&CWVAndScenarios.filter(#.Name in{{#ibplList VersionName}}) * &AllLockedForecastIterations.filter(#.Name in{{#ibplList ForecastIteration}}) );\nMeasure.[CML Iteration Slice Level]= Measure.[CML Iteration System Slice Level];\nMeasure.[CML Iteration Planner Slice Level]= Measure.[CML Iteration System Slice Level];\nend scope;\n\nexec procedure o9DP0168SliceAssociationCML {\"VersionName\" : [{{#csv VersionName}}],\"MediumWeight\" : {{MediumWeight}}, \"ForecastIteration\" : [{{#csv ForecastIteration}}]};"
      }
    ],
    "JavascriptRules": [],
    "FieldBindings": [
      {
        "fieldName": "Information",
        "title": "Information",
        "Description": "Information",
        "type": "info",
        "clearSearch": true,
        "source": "literal",
        "defaultValue": "Please Click on \"Submit\" to Run CML Slice Recommender for Fullscope.",
        "visible": true,
        "isEditable": true,
        "validation": {
          "maxLength": "0",
          "required": true
        }
      },
      {
        "fieldName": "MediumWeight",
        "title": "Medium Weight Run",
        "type": "boolean",
        "selectionType": "single",
        "clearSearch": true,
        "source": "literal",
        "defaultValue": true,
        "visible": true,
        "isEditable": true,
        "validation": {
          "maxLength": "0",
          "required": true
        }
      },
      {
        "fieldName": "VersionName",
        "title": "Version Name",
        "Description": "Version Name",
        "type": "picklist",
        "selectionType": "single",
        "clearSearch": true,
        "source": "filter",
        "DimensionName": "Version",
        "LevelAttributeName": "Version Name",
        "visible": true,
        "isEditable": true,
        "validation": {
          "maxLength": "0",
          "required": true
        }
      },
      {
        "fieldName": "ForecastIterationType",
        "title": "Forecast Iteration Type",
        "Description": "Forecast Iteration Type",
        "type": "picklist",
        "fieldGroup": "Forecast Iteration",
        "selectionType": "multiple",
        "clearSearch": true,
        "source": "members",
        "DimensionName": "Forecast Iteration",
        "LevelAttributeName": "Forecast Iteration Type",
        "visible": true,
        "isEditable": true,
        "validation": {
          "maxLength": "0",
          "required": true
        }
      },
      {
        "fieldName": "ForecastIteration",
        "title": "Forecast Iteration",
        "Description": "Forecast Iteration",
        "type": "picklist",
        "fieldGroup": "Forecast Iteration",
        "selectionType": "multiple",
        "clearSearch": true,
        "source": "datasource",
        "key": "DSForecastIteration",
        "valueField": "Name",
        "textField": "DisplayName",
        "overrideFieldBindingType": false,
        "visible": true,
        "isEditable": true,
        "cascadeFrom": "ForecastIterationType",
        "validation": {
          "maxLength": "0",
          "required": true
        },
        "select": "ALL"
      }
    ],
    "Range": [],
    "DataSources": [
      {
        "Name": "DSForecastIteration",
        "IBPLRules": [
          {
            "template": "Select(&AllForecastIterationTypes{{#filter ForecastIterationType}}.relatedmembers([Forecast Iteration]).filter(#.[IsLocked] == 1));"
          }
        ],
        "JavascriptRules": [],
        "IncludeDSFieldsOnly": false,
        "FieldBindings": []
      }
    ],
    "AutoExecute": false,
    "isAsync": true,
    "hasMembersUpdates": false,
    "Compact": false,
    "TwoColumn": false,
    "IsGlobalForExcelAddIn": false,
    "ReturnFilterByUpdate": false,
    "ExcludeFromNavLink": false,
    "FilterFieldBindings": []
  },
  "Widget": null,
  "Roles": []
}