{
  "MeasureName": "SP Ttl All Sls Rtl",
  "MeasureId": "1560fce4-bfe7-4864-b244-f09570d131a3",
  "MeasureDescription": "SP Total All Sales Rtl",
  "DataType": "number",
  "MeasureType": "Regular",
  "AggregateFunction": "Computed",
  "FormatString": "#,##0;(#,##0)",
  "MeasureColumnName": "SPTotalAllSalesRtl",
  "MeasureFormula": "Measure.[SP Ttl Sls Rtl]@([Item].#.ancestorsatlevel([All Item]).element(0))",
  "IsEditable": false,
  "ApplyConversion": false,
  "ConversionFormula": "",
  "PickListName": null,
  "BgColorFormula": null,
  "FgColorFormula": null,
  "TrendFormula": null,
  "FormattingViewModel": null,
  "ParentMeasureName": null,
  "AssociationMeasure": false,
  "IsComputedByPlanningService": true,
  "ToolTip": "SP Total All Sales Rtl",
  "ConfigJson": {},
  "ApiName": null,
  "ApiDisabled": false,
  "IsReportingMeasure": false,
  "MeasureConditionalFormulaProperties": [],
  "PicklistSource": null
}