{
  "MeasureName": "LP Str Size",
  "MeasureId": "f1c3e03b-98e9-4a3b-9c92-5622573a65f2",
  "MeasureDescription": "LP Store Size",
  "DataType": "number",
  "MeasureType": "Regular",
  "AggregateFunction": "LastChild",
  "FormatString": "(0,000.00a)",
  "MeasureColumnName": "LPStrSize",
  "MeasureFormula": "",
  "IsEditable": true,
  "ApplyConversion": false,
  "ConversionFormula": "",
  "PickListName": null,
  "BgColorFormula": "",
  "FgColorFormula": "",
  "TrendFormula": "",
  "FormattingViewModel": null,
  "ParentMeasureName": null,
  "AssociationMeasure": false,
  "IsComputedByPlanningService": false,
  "ToolTip": "LP Store Size",
  "ConfigJson": {},
  "ApiName": null,
  "ApiDisabled": false,
  "IsReportingMeasure": false,
  "MeasureConditionalFormulaProperties": [],
  "PicklistSource": null
}