{
  "MeasureGroupName": "015 Time Horizon Mapping",
  "MeasureGroupId": "e4c377aa-dda2-dfd6-ae3e-7624df4ddd43",
  "ParentMeasureGroupName": null,
  "HasShadow": false,
  "MeasureGroupDescription": "Size Profiler Time Horizon Mapping",
  "MeasureGroupType": "Regular",
  "FactTableName": "Fact015TimeHorizonMapping",
  "SchemaMajorVersion": 0,
  "ConfigJson": {},
  "ApiName": null,
  "Repartition": false,
  "Unpartition": false,
  "ApiEnabled": false,
  "DimensionUsages": [
    {
      "DimensionName": "Version",
      "AttributeName": "Version Name",
      "SortOrder": 0,
      "DimensionType": "Regular"
    },
    {
      "DimensionName": "Item",
      "AttributeName": "L3",
      "SortOrder": 1,
      "DimensionType": "Regular"
    }
  ]
}