{
  "MeasureGroupName": "001.004 Batch Perf History",
  "MeasureGroupId": "128d53af-1c9a-45c9-817c-f2e9a201172a",
  "ParentMeasureGroupName": null,
  "HasShadow": false,
  "MeasureGroupDescription": "001.004 Batch Perf History",
  "MeasureGroupType": "Regular",
  "FactTableName": "Fact001.004BatchPerfHistory",
  "SchemaMajorVersion": 0,
  "ConfigJson": {},
  "ApiName": null,
  "Repartition": false,
  "Unpartition": false,
  "ApiEnabled": false,
  "DimensionUsages": [
    {
      "DimensionName": "Version",
      "AttributeName": "Version Name",
      "SortOrder": 0,
      "DimensionType": "Regular"
    },
    {
      "DimensionName": "Time",
      "AttributeName": "Day",
      "SortOrder": 0,
      "DimensionType": "Time"
    },
    {
      "DimensionName": "Batch ID",
      "AttributeName": "Batch ID Solution Name",
      "SortOrder": 1,
      "DimensionType": "Regular"
    }
  ]
}