{
  "Name": "MFPInfoBUSalesPlan",
  "Description": "Information",
  "ActionButtonId": "87cb2276-3b79-aa2a-e927-34355cd82136",
  "Tooltip": "Report Information",
  "ActionButtonType": "Widget",
  "Alignment": "right",
  "IsPopOver": true,
  "IsGlobal": true,
  "ActionClickHandler": null,
  "Icon": null,
  "Image": null,
  "ConfigJson": {
    "icon": "info-circle",
    "SubmitButton": {
      "Label": " "
    },
    "ResetButton": {},
    "CloseButton": {
      "Label": " "
    },
    "NotifyRoles": false,
    "NotifyAll": false,
    "IBPLRules": [],
    "JavascriptRules": [],
    "FieldBindings": [
      {
        "fieldName": "Information",
        "title": "Information",
        "type": "info",
        "clearSearch": true,
        "source": "literal",
        "defaultValue": "<!DOCTYPE html> <html lang=\"en\"> <head>     <meta charset=\"UTF-8\">     <meta name=\"viewport\" content=\"width=device-width, initial-scale=1.0\">     <title>Bottom Up Plan Seeding - Class Level</title> </head> <body style=\"text-align: left;\">     <p style=\"text-align: left;\"><strong>Overview</strong></p>     <p style=\"text-align: left;\">         Allows the merchandise planner to seed the Bottom Up Plan with historical sales data at the Class level.          This enables them to plan Sales, Margin, and key components for future seasons using past trends as a foundation.     </p>     <p style=\"text-align: left;\">         <a href=\"https://docs.google.com/spreadsheets/d/1Lpofne7zD4myBYE_IqogQP-6cwPyoLz0UzOreS4NT8U/edit?gid=1167015010#gid=1167015010\" target=\"_blank\">             Sales Calculation         </a>     </p>      <p style=\"text-align: left;\"><strong>How to Use</strong></p>     <p style=\"text-align: left;\">         1. Click \"Seed Plan\" to seed metrics using options like LY, LLY, LLLY, LRP, Adj LY, Weighted values, Forecast.<br>         &nbsp;&nbsp;&nbsp;&nbsp;(LRP - LY Actuals + Planned values for unrealized months,<br>         &nbsp;&nbsp;&nbsp;&nbsp;Adj LY - Based on week mapping present in Planning Admin workspace)<br><br>          2. Use \"Selective Seed Plan\" to seed specific metrics such as Sales, Markdown, and Receipts from past years.<br><br>          3. Click \"Add New Class\" to create a placeholder class. Optionally, select a Source Class to inherit structure and seed values.<br><br>          4. Use \"Seed from Like Class\" to copy data from an existing class by selecting source and destination along with filters like season, market, and channel.<br><br>          5. Click \"Delete Class\" to remove newly added classes.<br><br>          6. Once planning is complete, use \"Submit Plan\" to copy Sales, Margin, and Inventory metrics between the Working, Approved, or Original plans based on planning needs.     </p> </body> </html>",
        "visible": true,
        "isEditable": true,
        "validation": {
          "maxLength": "0",
          "required": true
        }
      }
    ],
    "Range": [],
    "DataSources": [],
    "AutoExecute": false,
    "isAsync": false,
    "hasMembersUpdates": false,
    "Compact": false,
    "TwoColumn": false,
    "IsGlobalForExcelAddIn": false,
    "ReturnFilterByUpdate": false,
    "ExcludeFromNavLink": false,
    "FilterFieldBindings": []
  },
  "Widget": null,
  "Roles": []
}