{
  "MeasureName": "MN Location Attribute3",
  "MeasureId": "fdf49563-77c7-485e-8c35-056e63bb3db4",
  "MeasureDescription": "MN Location Attribute",
  "DataType": "string",
  "MeasureType": "Regular",
  "AggregateFunction": "Min",
  "FormatString": "#,##0;(#,##0)",
  "MeasureColumnName": "MNLocationAttribute3",
  "MeasureFormula": "",
  "IsEditable": true,
  "ApplyConversion": false,
  "ConversionFormula": "",
  "PickListName": null,
  "BgColorFormula": "",
  "FgColorFormula": "",
  "TrendFormula": "",
  "FormattingViewModel": null,
  "ParentMeasureName": null,
  "AssociationMeasure": false,
  "IsComputedByPlanningService": false,
  "ToolTip": "MN Location Attribute",
  "ConfigJson": {},
  "ApiName": null,
  "ApiDisabled": false,
  "IsReportingMeasure": false,
  "MeasureConditionalFormulaProperties": [],
  "PicklistSource": null
}