{
  "Name": "938DrillDownItemShipToLocationRealignment",
  "Description": "View Realignment Changes",
  "ActionButtonId": "9c8738ad-0d3d-46c4-acb8-fc8bb5a2b1e3",
  "Tooltip": "View Realignment Changes",
  "ActionButtonType": "Rule",
  "Alignment": "right",
  "IsPopOver": true,
  "IsGlobal": false,
  "ActionClickHandler": null,
  "Icon": null,
  "Image": null,
  "ConfigJson": {
    "icon": "search",
    "Position": "0",
    "SubmitButton": {
      "Label": "Submit"
    },
    "ResetButton": {
      "Label": "Reset"
    },
    "CloseButton": {
      "Label": "Close",
      "ConfirmMessage": "Unsaved changes will be lost. Continue?"
    },
    "NotifyAll": false,
    "IBPLRules": [],
    "JavascriptRules": [],
    "FieldBindings": [
      {
        "fieldName": "FromItem",
        "title": "From Item",
        "type": "picklist",
        "selectionType": "single",
        "clearSearch": true,
        "source": "parentAttribute",
        "DimensionName": "Item",
        "key": {
          "LevelAttribute": {
            "Name": "Item",
            "Property": "Name"
          },
          "RelationshipType": "930 Item ShipTo Location Realignment",
          "EdgeDirection": "FROM"
        },
        "visible": true,
        "isEditable": true,
        "validation": {
          "maxLength": "0",
          "required": true
        }
      },
      {
        "fieldName": "FromRegion",
        "title": "From Region",
        "type": "picklist",
        "selectionType": "single",
        "clearSearch": true,
        "source": "parentAttribute",
        "DimensionName": "Region",
        "key": {
          "LevelAttribute": {
            "Name": "Region",
            "Property": "Name"
          },
          "RelationshipType": "930 Item ShipTo Location Realignment",
          "EdgeDirection": "FROM"
        },
        "visible": true,
        "isEditable": true,
        "validation": {
          "maxLength": "0",
          "required": true
        }
      },
      {
        "fieldName": "FromLocation",
        "title": "FromLocation",
        "Description": "FromLocation",
        "type": "picklist",
        "selectionType": "single",
        "clearSearch": true,
        "source": "parentAttribute",
        "DimensionName": "Location",
        "key": {
          "LevelAttribute": {
            "Name": "Location",
            "Property": "Name"
          },
          "RelationshipType": "930 Item ShipTo Location Realignment",
          "EdgeDirection": "FROM"
        },
        "visible": true,
        "isEditable": true,
        "validation": {
          "maxLength": "0",
          "required": true
        }
      },
      {
        "fieldName": "ToLocation",
        "title": "ToLocation",
        "Description": "ToLocation",
        "type": "picklist",
        "selectionType": "multiple",
        "clearSearch": true,
        "source": "parentAttributeProperty",
        "DimensionName": "Location",
        "key": {
          "LevelAttribute": {
            "Name": "Location",
            "Property": {
              "AttributeProperty": "Name"
            }
          },
          "RelationshipType": "930 Item ShipTo Location Realignment",
          "EdgeDirection": "TO"
        },
        "visible": true,
        "isEditable": true,
        "validation": {
          "maxLength": "0",
          "required": true
        }
      },
      {
        "fieldName": "LocationFIlter",
        "title": "LocationFIlter",
        "type": "picklist",
        "selectionType": "multiple",
        "clearSearch": true,
        "select": "ALL",
        "source": "datasource",
        "key": "LocationFIlter",
        "valueField": "Name",
        "textField": "Name",
        "visible": true,
        "isEditable": true,
        "validation": {
          "maxLength": "0",
          "required": true
        }
      },
      {
        "fieldName": "AllAccount",
        "title": "AllAccount",
        "Description": "AllAccount",
        "type": "picklist",
        "selectionType": "multiple",
        "clearSearch": true,
        "select": "ALL",
        "source": "members",
        "DimensionName": "Account",
        "LevelAttributeName": "Account",
        "visible": true,
        "isEditable": true,
        "validation": {
          "maxLength": "0",
          "required": true
        }
      },
      {
        "fieldName": "AllChannel",
        "title": "AllChannel",
        "Description": "AllChannel",
        "type": "picklistDropdown",
        "selectionType": "multiple",
        "clearSearch": true,
        "select": "ALL",
        "source": "members",
        "DimensionName": "Channel",
        "LevelAttributeName": "Channel",
        "visible": true,
        "isEditable": true,
        "validation": {
          "maxLength": "0",
          "required": true
        }
      },
      {
        "fieldName": "AllPnL",
        "title": "AllPnL",
        "Description": "AllPnL",
        "type": "picklistDropdown",
        "selectionType": "multiple",
        "clearSearch": true,
        "select": "ALL",
        "source": "members",
        "DimensionName": "PnL",
        "LevelAttributeName": "PnL",
        "visible": true,
        "isEditable": true,
        "validation": {
          "maxLength": "0",
          "required": true
        }
      },
      {
        "fieldName": "AllDemandDomain",
        "title": "AllDemandDomain",
        "Description": "AllDemandDomain",
        "type": "picklist",
        "selectionType": "multiple",
        "clearSearch": true,
        "select": "ALL",
        "source": "members",
        "DimensionName": "Demand Domain",
        "LevelAttributeName": "Demand Domain",
        "visible": true,
        "isEditable": true,
        "validation": {
          "maxLength": "0",
          "required": true
        }
      }
    ],
    "DataSources": [
      {
        "Name": "LocationFIlter",
        "IBPLRules": [
          {
            "template": "Select [Location].[Location]{{#filter FromLocation}}.Unionwith(Location.[Location]{{#filter ToLocation}});"
          }
        ],
        "JavascriptRules": [],
        "IncludeDSFieldsOnly": false,
        "FieldBindings": [
          {
            "fieldName": "FromLocation",
            "title": "FromLocation",
            "type": "picklist",
            "selectionType": "multiple",
            "clearSearch": true,
            "source": "parentAttribute",
            "DimensionName": "Location",
            "key": {
              "LevelAttribute": {
                "Name": "Location",
                "Property": "Name"
              },
              "RelationshipType": "930 Item ShipTo Location Realignment",
              "EdgeDirection": "FROM"
            },
            "visible": true,
            "isEditable": true,
            "validation": {
              "maxLength": "0",
              "required": true
            }
          },
          {
            "fieldName": "ToLocation",
            "title": "ToLocation",
            "type": "picklist",
            "selectionType": "multiple",
            "clearSearch": true,
            "source": "parentAttribute",
            "DimensionName": "Location",
            "key": {
              "LevelAttribute": {
                "Name": "Location",
                "Property": "Name"
              },
              "RelationshipType": "930 Item ShipTo Location Realignment",
              "EdgeDirection": "TO"
            },
            "visible": true,
            "isEditable": true,
            "validation": {
              "maxLength": "0",
              "required": true
            }
          }
        ]
      }
    ],
    "AutoExecute": true,
    "isAsync": false,
    "hasMembersUpdates": false,
    "Compact": false,
    "TwoColumn": false,
    "IsGlobalForExcelAddIn": false,
    "NavigateTo": {
      "TargetWorkspaceName": "Demand Planner",
      "TargetPageName": "Realignment",
      "TargetViewName": "Review"
    },
    "FilterFieldBindings": [
      {
        "fieldName": "FromItem",
        "source": "existingfield",
        "DimensionName": "Item",
        "LevelAttributeName": "Item"
      },
      {
        "fieldName": "FromRegion",
        "source": "existingfield",
        "DimensionName": "Region",
        "LevelAttributeName": "Region"
      },
      {
        "fieldName": "LocationFIlter",
        "source": "existingfield",
        "DimensionName": "Location",
        "LevelAttributeName": "Location"
      },
      {
        "fieldName": "AllAccount",
        "source": "existingfield",
        "DimensionName": "Account",
        "LevelAttributeName": "Account"
      },
      {
        "fieldName": "AllChannel",
        "source": "existingfield",
        "DimensionName": "Channel",
        "LevelAttributeName": "Channel"
      },
      {
        "fieldName": "AllPnL",
        "source": "existingfield",
        "DimensionName": "PnL",
        "LevelAttributeName": "PnL"
      },
      {
        "fieldName": "AllDemandDomain",
        "source": "existingfield",
        "DimensionName": "Demand Domain",
        "LevelAttributeName": "Demand Domain"
      }
    ]
  },
  "Widget": null
}