{
  "MeasureName": "Material Node Priority Plugin Output Normalised",
  "MeasureId": "649f1013-d27b-4e6e-a238-27c0022dd02e",
  "MeasureDescription": "Priority Plugin Output Normalised",
  "DataType": "number",
  "MeasureType": "Regular",
  "AggregateFunction": "Avg",
  "FormatString": "#,##0; (#,##0)",
  "MeasureColumnName": "MaterialNodePriorityPluginOutputNormalised",
  "MeasureFormula": "",
  "IsEditable": false,
  "ApplyConversion": false,
  "ConversionFormula": "",
  "PickListName": null,
  "BgColorFormula": "",
  "FgColorFormula": "",
  "TrendFormula": "",
  "FormattingViewModel": null,
  "ParentMeasureName": null,
  "AssociationMeasure": false,
  "IsComputedByPlanningService": false,
  "ToolTip": "Priority Plugin Output Normalised",
  "ConfigJson": {},
  "ApiName": null,
  "ApiDisabled": false,
  "IsReportingMeasure": false,
  "MeasureConditionalFormulaProperties": [],
  "PicklistSource": null
}