{
  "Name": "SupplyPlan166AddDataObject",
  "Description": null,
  "ActionButtonId": "c9bfc97b-ed28-47ae-8315-05afdd2c1ded",
  "Tooltip": "Add Data Object to Mapping Table",
  "ActionButtonType": "Widget",
  "Alignment": "right",
  "IsPopOver": true,
  "IsGlobal": true,
  "ActionClickHandler": null,
  "Icon": null,
  "Image": null,
  "ConfigJson": {
    "DisplayName": "Add Data Object",
    "icon": "plus",
    "SubmitButton": {
      "Label": "Submit"
    },
    "ResetButton": {
      "Label": "Reset"
    },
    "CloseButton": {
      "Label": "Close",
      "ConfirmMessage": "Unsaved changes will be lost. Continue?"
    },
    "NotifyRoles": true,
    "NotifyAll": false,
    "IBPLRules": [
      {
        "template": "createmember ([Data Object].[Data Object] = {,[{{DataObject}}]}, [Data Object].[Data Object Type] = {,[Planning Process Interaction]});"
      },
      {
        "template": "cartesian scope :([Version].[Version Name].[{{Version}}] * [Data Object].[Data Object].[{{DataObject}}] * [DM Rule].[Rule].[Rule_01]); Measure.[Supply Interaction Mapping Table Association] = 1; end scope;"
      },
      {
        "template": "cartesian scope :([Version].[Version Name].[{{Version}}] * [Data Object].[Data Object].[{{DataObject}}] * [DM Rule].[Rule].[Rule_01] * [GraphCubeDim_Sequence].[GraphCubeAttr_Sequence].[1]); Measure.[Supply Interaction Sequence Table Association] = 1; end scope;"
      }
    ],
    "JavascriptRules": [],
    "FieldBindings": [
      {
        "fieldName": "Version",
        "title": "Version",
        "type": "picklistDropdown",
        "selectionType": "single",
        "clearSearch": true,
        "source": "filter",
        "DimensionName": "Version",
        "LevelAttributeName": "Version Name",
        "visible": true,
        "isEditable": true,
        "validation": {
          "maxLength": "0",
          "required": true
        }
      },
      {
        "fieldName": "DataObject",
        "title": "Data Object Name",
        "Description": "Data Object Name",
        "type": "string",
        "clearSearch": true,
        "source": "literal",
        "visible": true,
        "isEditable": true,
        "validation": {
          "maxLength": "0",
          "required": true
        }
      }
    ],
    "Range": [],
    "DataSources": [],
    "AutoExecute": false,
    "isAsync": false,
    "hasMembersUpdates": false,
    "Compact": false,
    "TwoColumn": false,
    "IsGlobalForExcelAddIn": false,
    "ReturnFilterByUpdate": false,
    "ExcludeFromNavLink": false,
    "FilterFieldBindings": []
  },
  "Widget": null,
  "Roles": []
}