{
  "MeasureName": "On - Trade Discount Actual Input",
  "MeasureId": "66c2c374-2188-41af-aa57-16457fdeaeb6",
  "MeasureDescription": "On - Trade Discount Actual Input (used by interfaces to populate data in o9 system)",
  "DataType": "number",
  "MeasureType": "Regular",
  "AggregateFunction": "Sum",
  "FormatString": "$#,##0;($#,##0)",
  "MeasureColumnName": "On-TradeDiscountActualInput",
  "MeasureFormula": "",
  "IsEditable": false,
  "ApplyConversion": false,
  "ConversionFormula": "",
  "PickListName": null,
  "BgColorFormula": null,
  "FgColorFormula": null,
  "TrendFormula": null,
  "FormattingViewModel": null,
  "ParentMeasureName": null,
  "AssociationMeasure": false,
  "IsComputedByPlanningService": false,
  "ToolTip": "On - Trade Discount Actual Input (used by interfaces to populate data in o9 system)",
  "ConfigJson": {},
  "ApiName": null,
  "ApiDisabled": false,
  "IsReportingMeasure": false,
  "MeasureConditionalFormulaProperties": [],
  "PicklistSource": null
}