{
  "MeasureGroupName": "002 Ranging TG",
  "MeasureGroupId": "b8d1a629-04a0-446b-8704-b02f7c2ecb45",
  "ParentMeasureGroupName": null,
  "HasShadow": false,
  "MeasureGroupDescription": "002 Ranging TG",
  "MeasureGroupType": "Regular",
  "FactTableName": "Fact002RangingTG",
  "SchemaMajorVersion": 0,
  "ConfigJson": {},
  "ApiName": null,
  "Repartition": false,
  "Unpartition": false,
  "ApiEnabled": false,
  "DimensionUsages": [
    {
      "DimensionName": "Version",
      "AttributeName": "Version Name",
      "SortOrder": 2,
      "DimensionType": "Regular"
    },
    {
      "DimensionName": "NamedNode",
      "AttributeName": "Retail_AP_RP_Product_Cluster_NN",
      "SortOrder": 4,
      "DimensionType": "NamedNode"
    },
    {
      "DimensionName": "NamedNode",
      "AttributeName": "Retail_AP_FD_Common_NN",
      "SortOrder": 5,
      "DimensionType": "NamedNode"
    },
    {
      "DimensionName": "NamedNode",
      "AttributeName": "Retail_AP_FD_Time_NN",
      "SortOrder": 6,
      "DimensionType": "NamedNode"
    }
  ]
}