{
  "HierarchyName": "PnL Hierarchy",
  "HierarchyId": "a1bf9752-1940-2bc2-f0f3-1338250c4f19",
  "HierarchyDescription": "PnL Hierarchy",
  "Translations": null,
  "Levels": [
    {
      "LevelName": "All PnL",
      "LevelId": "ae55b39a-9a82-aa70-8059-9f49b152077f",
      "SourceAttributeName": "All PnL",
      "LevelDescription": "All PnL",
      "LevelPosition": 0,
      "Translations": null
    },
    {
      "LevelName": "PnL L4",
      "LevelId": "5f98debb-1fac-b3e9-63f7-3ebf03d83bb3",
      "SourceAttributeName": "PnL L4",
      "LevelDescription": "PnL L4",
      "LevelPosition": 1,
      "Translations": null
    },
    {
      "LevelName": "PnL L3",
      "LevelId": "b7f99c3e-0518-a56b-824a-b2ac284c27b3",
      "SourceAttributeName": "PnL L3",
      "LevelDescription": "PnL L3",
      "LevelPosition": 2,
      "Translations": null
    },
    {
      "LevelName": "PnL L2",
      "LevelId": "b005770f-8c36-8e43-eeb4-f6b7bbc2d399",
      "SourceAttributeName": "PnL L2",
      "LevelDescription": "PnL L2",
      "LevelPosition": 3,
      "Translations": null
    },
    {
      "LevelName": "PnL L1",
      "LevelId": "60717e16-11b2-43c8-5085-22dc94ad3a3b",
      "SourceAttributeName": "PnL L1",
      "LevelDescription": "PnL L1",
      "LevelPosition": 4,
      "Translations": null
    },
    {
      "LevelName": "Planning PnL",
      "LevelId": "be7b8689-2431-9478-85c0-43f5b02c01fc",
      "SourceAttributeName": "Planning PnL",
      "LevelDescription": "Planning PnL",
      "LevelPosition": 5,
      "Translations": null
    },
    {
      "LevelName": "PnL",
      "LevelId": "f2488c74-618a-5e4f-bbff-1106609ebe3d",
      "SourceAttributeName": "PnL",
      "LevelDescription": "PnL",
      "LevelPosition": 6,
      "Translations": null
    }
  ],
  "IsEnabled": true,
  "ErrorMessage": null
}