{
  "MeasureName": "TD Gross Margin Rtl Build %",
  "MeasureId": "17147762-7bd0-3b41-bd21-9cb3ed5b822f",
  "MeasureDescription": "TD Gross Margin Rtl Build %",
  "DataType": "number",
  "MeasureType": "Regular",
  "AggregateFunction": "Computed",
  "FormatString": "0.00%",
  "MeasureColumnName": "TDGrossMarginRtlBuild%",
  "MeasureFormula": "safedivide(Measure.[TD Gross Margin Rtl]-Measure.[TD Gross Margin Rtl]@(Time.#.LeadOffset(-1)),Measure.[TD Gross Margin Rtl]@(Time.#.LeadOffset(-1)))",
  "IsEditable": false,
  "ApplyConversion": false,
  "ConversionFormula": "",
  "PickListName": null,
  "BgColorFormula": "",
  "FgColorFormula": "",
  "TrendFormula": "",
  "FormattingViewModel": "[]",
  "ParentMeasureName": null,
  "AssociationMeasure": false,
  "IsComputedByPlanningService": true,
  "ToolTip": "(TD Gross Margin Rtl-TD Gross Margin Rtl (of previous time period)) / TD Gross Margin Rtl (of previous time period)",
  "ConfigJson": {},
  "ApiName": null,
  "ApiDisabled": false,
  "IsReportingMeasure": false,
  "MeasureConditionalFormulaProperties": [],
  "PicklistSource": null
}