{
  "MeasureName": "LC Stock Turns",
  "MeasureId": "b727461a-eba1-4637-a384-1f90db9992f9",
  "MeasureDescription": "Last Cycle Stock Turns",
  "DataType": "number",
  "MeasureType": "Regular",
  "AggregateFunction": "Computed",
  "FormatString": "(0,000.00a)",
  "MeasureColumnName": "LCStockTurns",
  "MeasureFormula": "Safedivide(Measure.[LC COGS],Measure.[LC Avg Stock Cst])",
  "IsEditable": false,
  "ApplyConversion": false,
  "ConversionFormula": "",
  "PickListName": null,
  "BgColorFormula": "",
  "FgColorFormula": "",
  "TrendFormula": "",
  "FormattingViewModel": null,
  "ParentMeasureName": null,
  "AssociationMeasure": false,
  "IsComputedByPlanningService": false,
  "ToolTip": "Last Cycle Stock Turns",
  "ConfigJson": {},
  "ApiName": null,
  "ApiDisabled": false,
  "IsReportingMeasure": true,
  "MeasureConditionalFormulaProperties": [],
  "PicklistSource": null
}