{
  "MeasureGroupName": "100.002 Common ABDM Data Objects",
  "MeasureGroupId": "9fd7ed06-4f88-a9fa-f9d3-d30bf17d595e",
  "ParentMeasureGroupName": null,
  "HasShadow": false,
  "MeasureGroupDescription": "100.002 Common ABDM Data Objects",
  "MeasureGroupType": "Regular",
  "FactTableName": "Fact100.002CommonABDMDataObjects",
  "SchemaMajorVersion": 0,
  "ConfigJson": {},
  "ApiName": null,
  "Repartition": false,
  "Unpartition": false,
  "ApiEnabled": false,
  "DimensionUsages": [
    {
      "DimensionName": "Version",
      "AttributeName": "Version Name",
      "SortOrder": 0,
      "DimensionType": "Regular"
    },
    {
      "DimensionName": "Plan Type",
      "AttributeName": "Plan Type",
      "SortOrder": 1,
      "DimensionType": null
    },
    {
      "DimensionName": "Data Object",
      "AttributeName": "Data Object",
      "SortOrder": 2,
      "DimensionType": null
    }
  ]
}