{
  "AttributeName": "Material Group",
  "AttributeId": "87b31504-cef8-41d1-94b8-4e1fa0b94f1b",
  "AttributeHierarchyEnabled": true,
  "IsKey": false,
  "Description": "Material Group",
  "OrderBy": "Name",
  "KeyColumnName": "MaterialGroupKey",
  "NameColumnName": "MaterialGroupName",
  "KeyColumnDataType": "integer",
  "SeedTags": true,
  "KeyGenerationType": "Auto",
  "PickListName": null,
  "ConfigJson": {
    "ShowFilterAs": "TileView"
  },
  "FormatString": null,
  "Translation": null,
  "Aliases": [],
  "ApiName": null,
  "ApiDisabled": false
}