{
  "Name": "DIOB003DownloadSalesOrder",
  "Description": "DIOB003DownloadSalesOrder",
  "ActionButtonId": "68471698-ffd1-c199-7295-457be2249c66",
  "Tooltip": "DownloadSalesOrder",
  "ActionButtonType": "Rule",
  "Alignment": "right",
  "IsPopOver": true,
  "IsGlobal": false,
  "ActionClickHandler": null,
  "Icon": null,
  "Image": null,
  "ConfigJson": {
    "DisplayName": "DIOB003DownloadSalesOrder",
    "icon": "arrow-circle-down",
    "Position": "0",
    "SubmitButton": {
      "Label": "Submit"
    },
    "ResetButton": {
      "Label": "Reset"
    },
    "CloseButton": {
      "Label": "Close",
      "ConfirmMessage": "Unsaved changes will be lost. Continue?"
    },
    "NotifyAll": false,
    "IBPLRules": [
      {
        "template": "Select ([Location].[Location] * &CWV * [Demand].[DemandID] * [Sales Domain].[Ship To] * [Item].[Item] ) on row,  ({ Measure.[SO Commit Quantity]}) on column  where {Measure.[SO Commit Selection] == true}  ;"
      }
    ],
    "JavascriptRules": [],
    "FieldBindings": [],
    "DataSources": [],
    "AutoExecute": false,
    "isAsync": true,
    "hasMembersUpdates": false,
    "Compact": false,
    "TwoColumn": false,
    "IsGlobalForExcelAddIn": false,
    "FilterFieldBindings": [],
    "NiFi": {
      "NifiResourceName": "DownloadSalesOrder"
    }
  },
  "Widget": null
}