{
  "HierarchyName": "o9EKG File Type",
  "HierarchyId": "b1b3d6bb-5e4e-ef36-2766-211ec38bd781",
  "HierarchyDescription": "o9EKG File Type",
  "Translations": null,
  "Levels": [
    {
      "LevelName": "File Type",
      "LevelId": "a39b1153-dfb2-f3ea-2733-f468224a36b2",
      "SourceAttributeName": "File Type",
      "LevelDescription": "File Type",
      "LevelPosition": 0,
      "Translations": null
    },
    {
      "LevelName": "File Name",
      "LevelId": "bb7620a7-ddda-8fbf-7c5d-a768c2df0b55",
      "SourceAttributeName": "File Name",
      "LevelDescription": "File Name",
      "LevelPosition": 1,
      "Translations": null
    }
  ],
  "IsEnabled": true,
  "ErrorMessage": null
}
