{
  "MeasureName": "LP Vs LP LY Ttl Sls Rtl Growth %",
  "MeasureId": "c8baeb03-b572-4f2e-adf4-8661e861812e",
  "MeasureDescription": "LP Vs LP LY Ttl Sls Rtl Growth %",
  "DataType": "number",
  "MeasureType": "Regular",
  "AggregateFunction": "Computed",
  "FormatString": "0.00%",
  "MeasureColumnName": "LPVsLPLYTtlSlsRtlGrowth%",
  "MeasureFormula": "safedivide((Measure.[LP Ttl Sls Rtl] - Measure.[LP LY Ttl Sls Rtl]),Measure.[LP LY Ttl Sls Rtl])",
  "IsEditable": true,
  "ApplyConversion": false,
  "ConversionFormula": "",
  "PickListName": null,
  "BgColorFormula": "",
  "FgColorFormula": "",
  "TrendFormula": "",
  "FormattingViewModel": "[]",
  "ParentMeasureName": null,
  "AssociationMeasure": false,
  "IsComputedByPlanningService": false,
  "ToolTip": "(LP Total Sales Rtl - Total Sales LP LY Rtl)/Total Sales LP LY Rtl",
  "ConfigJson": {},
  "ApiName": null,
  "ApiDisabled": false,
  "IsReportingMeasure": false,
  "MeasureConditionalFormulaProperties": [],
  "PicklistSource": null
}