{
  "Name": "SupplyPlan067DScenarioPlanningAddIntransitsFinal1",
  "Description": null,
  "ActionButtonId": "868b2d41-9719-f64b-3367-3d0c94f36de1",
  "Tooltip": "Add Intransits",
  "ActionButtonType": "Rule",
  "Alignment": "right",
  "IsPopOver": true,
  "IsGlobal": false,
  "ActionClickHandler": null,
  "Icon": null,
  "Image": null,
  "ConfigJson": {
    "icon": "plus",
    "Position": "0",
    "SubmitButton": {
      "Label": "Submit"
    },
    "ResetButton": {
      "Label": "Reset"
    },
    "CloseButton": {
      "Label": "Close",
      "ConfirmMessage": "Unsaved changes will be lost. Continue?"
    },
    "NotifyAll": false,
    "IBPLRules": [
      {
        "template": "createmember(Documents.[OrderlineID]={,\"{{IntransitID}}\"},Documents.[Document Type]={,\"Intransits\"},[Documents].[Created By]={\"{{User}}\",},[Documents].[Is Approved]={\"True\",},Documents.[OrderID]={,\"{{IntransitID}}\"},Documents.[Orderline RequestID]={,\"{{IntransitID}}\"} );\n\n\ncartesian scope:([Documents].[OrderlineID].[{{IntransitID}}] * [Activity1].[Activity1].[{{BODLanes}}] * [Version].[Version Name].[{{Version}}] * [Item].[Item].[{{Item}}] * [Location].[Location].[{{ToLocation}}] * [Activity2].[Activity2].[{{TransMode}}]);\nMeasure.[InTransit Quantity Override]={{IntransitQuantity}};\nMeasure.[InTransit Delivery Date Override]=\"{{IntransitDeliveryDate}}\";end scope;\n"
      }
    ],
    "JavascriptRules": [],
    "FieldBindings": [
      {
        "fieldName": "Version",
        "title": "Version",
        "Description": "Version",
        "type": "picklistDropdown",
        "selectionType": "single",
        "clearSearch": true,
        "source": "filter",
        "DimensionName": "Version",
        "LevelAttributeName": "Version Name",
        "visible": true,
        "isEditable": false,
        "validation": {
          "maxLength": "0",
          "required": true
        }
      },
      {
        "fieldName": "IntransitID",
        "title": "IntransitID",
        "Description": "IntransitID",
        "type": "picklistDropdown",
        "selectionType": "single",
        "clearSearch": true,
        "source": "datasource",
        "key": "UniqueIntransitID",
        "valueField": "result",
        "textField": "result",
        "visible": true,
        "isEditable": true,
        "validation": {
          "maxLength": "0",
          "required": true
        },
        "overrideFieldBindingType": false
      },
      {
        "fieldName": "Item",
        "title": "Item",
        "Description": "Item",
        "type": "picklistDropdown",
        "selectionType": "single",
        "clearSearch": true,
        "select": "NONE",
        "source": "datasource",
        "key": "Item",
        "valueField": "Name",
        "visible": true,
        "isEditable": true,
        "validation": {
          "maxLength": "0",
          "required": true
        },
        "overrideFieldBindingType": false
      },
      {
        "fieldName": "FromLocation",
        "title": "FromLocation",
        "Description": "FromLocation",
        "type": "picklistDropdown",
        "selectionType": "single",
        "clearSearch": true,
        "select": "NONE",
        "source": "datasource",
        "key": "FromLocation",
        "valueField": "Name",
        "visible": true,
        "isEditable": true,
        "validation": {
          "maxLength": "0",
          "required": true
        },
        "overrideFieldBindingType": false
      },
      {
        "fieldName": "ToLocation",
        "title": "ToLocation",
        "Description": "ToLocation",
        "type": "picklistDropdown",
        "selectionType": "single",
        "clearSearch": true,
        "select": "NONE",
        "source": "datasource",
        "key": "ToLocation",
        "valueField": "Name",
        "visible": true,
        "isEditable": true,
        "validation": {
          "maxLength": "0",
          "required": true
        },
        "overrideFieldBindingType": false
      },
      {
        "fieldName": "BODLanes",
        "title": "BODLanes",
        "Description": "BODLanes",
        "type": "picklistDropdown",
        "selectionType": "single",
        "clearSearch": true,
        "source": "datasource",
        "key": "BODLanes",
        "valueField": "Activity1",
        "textField": "Activity1",
        "visible": true,
        "isEditable": true,
        "validation": {
          "maxLength": "0",
          "required": true
        },
        "overrideFieldBindingType": false
      },
      {
        "fieldName": "TransMode",
        "title": "TransMode",
        "Description": "TransMode",
        "type": "picklistDropdown",
        "selectionType": "single",
        "clearSearch": true,
        "select": "NONE",
        "source": "datasource",
        "key": "TransMode",
        "valueField": "Name",
        "visible": true,
        "isEditable": true,
        "validation": {
          "maxLength": "0",
          "required": true
        },
        "overrideFieldBindingType": false
      },
      {
        "fieldName": "IntransitDeliveryDate",
        "title": "Delivery Date",
        "Description": "Delivery Date",
        "type": "datetime",
        "selectionType": "single",
        "clearSearch": true,
        "source": "literal",
        "visible": true,
        "isEditable": true,
        "validation": {
          "maxLength": "0",
          "required": true
        }
      },
      {
        "fieldName": "IntransitQuantity",
        "title": "IntransitQuantity",
        "Description": "IntransitQuantity",
        "type": "number",
        "selectionType": "single",
        "clearSearch": true,
        "source": "literal",
        "visible": true,
        "isEditable": true,
        "validation": {
          "maxLength": "0",
          "required": true
        }
      },
      {
        "fieldName": "User",
        "title": "User",
        "Description": "User",
        "type": "combobox",
        "selectionType": "single",
        "clearSearch": true,
        "source": "datasource",
        "key": "CurrentUser",
        "valueField": "Name",
        "textField": "Name",
        "visible": true,
        "isEditable": false,
        "validation": {
          "maxLength": "0",
          "required": true
        },
        "overrideFieldBindingType": false
      }
    ],
    "DataSources": [
      {
        "Name": "UniqueIntransitID",
        "IBPLRules": [
          {
            "template": "select NextLabel([IntransitOrderlineID]);"
          }
        ],
        "JavascriptRules": [],
        "IncludeDSFieldsOnly": false,
        "FieldBindings": []
      },
      {
        "Name": "Item",
        "IBPLRules": [
          {
            "template": "select (&AllFinishedGoodsItems);"
          }
        ],
        "JavascriptRules": [],
        "IncludeDSFieldsOnly": false,
        "FieldBindings": []
      },
      {
        "Name": "FromLocation",
        "IBPLRules": [
          {
            "template": "select (&AllPlantAndDCLocations);"
          }
        ],
        "JavascriptRules": [],
        "IncludeDSFieldsOnly": false,
        "FieldBindings": []
      },
      {
        "Name": "ToLocation",
        "IBPLRules": [
          {
            "template": "select (&AllPlantAndDCLocations);"
          }
        ],
        "JavascriptRules": [],
        "IncludeDSFieldsOnly": false,
        "FieldBindings": []
      },
      {
        "Name": "BODLanes",
        "IBPLRules": [
          {
            "template": "select (&AllBODLanes * Activity1.[From Location]{{#filter FromLocation}} * Activity1.[To Location]{{#filter ToLocation}});"
          }
        ],
        "JavascriptRules": [],
        "IncludeDSFieldsOnly": false,
        "FieldBindings": []
      },
      {
        "Name": "CurrentUser",
        "IBPLRules": [
          {
            "template": "select CurrentUser();"
          }
        ],
        "JavascriptRules": [],
        "IncludeDSFieldsOnly": false,
        "FieldBindings": []
      },
      {
        "Name": "TransModes",
        "IBPLRules": [
          {
            "template": "Select(&AllTransModes);"
          }
        ],
        "JavascriptRules": [],
        "IncludeDSFieldsOnly": false,
        "FieldBindings": []
      }
    ],
    "AutoExecute": false,
    "isAsync": true,
    "hasMembersUpdates": true,
    "Compact": false,
    "TwoColumn": true,
    "IsGlobalForExcelAddIn": false,
    "ExcludeFromNavLink": false,
    "FilterFieldBindings": []
  },
  "Widget": null
}