{
  "AttributeName": "Config",
  "AttributeId": "78acc311-bfdd-1c6a-5858-1ebe2a20f092",
  "AttributeHierarchyEnabled": true,
  "IsKey": true,
  "Description": "Config",
  "OrderBy": "Name",
  "KeyColumnName": "ConfigKey",
  "NameColumnName": "ConfigName",
  "KeyColumnDataType": "integer",
  "SeedTags": false,
  "KeyGenerationType": "Auto",
  "PickListName": null,
  "ConfigJson": {
    "ShowFilterAs": "TileView",
    "MemberDisplayNameEditable": true,
    "IsMultipleImage": false,
    "MemberDisplayColor": false
  },
  "FormatString": null,
  "Translation": null,
  "Aliases": [],
  "ApiName": null,
  "ApiDisabled": false,
  "FgColorFormula": "",
  "BgColorFormula": "",
  "IsReservedBySystem": false
}