{
  "MeasureGroupName": "001.003D Seed Inputs DemandID Demand Types",
  "MeasureGroupId": "28bf73d6-57d3-42b9-ad41-1e52cf8e2685",
  "ParentMeasureGroupName": null,
  "HasShadow": false,
  "MeasureGroupDescription": "DemandID and Demand Type association used in skip netting procedure",
  "MeasureGroupType": "Regular",
  "FactTableName": "Fact001.003DSeedInputsDemandIDDemandTypes",
  "SchemaMajorVersion": 0,
  "ConfigJson": {},
  "ApiName": null,
  "Repartition": false,
  "Unpartition": false,
  "ApiEnabled": false,
  "DimensionUsages": [
    {
      "DimensionName": "Version",
      "AttributeName": "Version Name",
      "SortOrder": 0,
      "DimensionType": "Regular"
    },
    {
      "DimensionName": "Demand",
      "AttributeName": "DemandID",
      "SortOrder": 1,
      "DimensionType": "Regular"
    },
    {
      "DimensionName": "Demand Type",
      "AttributeName": "Demand Type",
      "SortOrder": 2,
      "DimensionType": "Regular"
    }
  ]
}