{
  "MeasureGroupName": "006 Wishlist",
  "MeasureGroupId": "d3e1affa-72cb-4548-b804-f8c6bf55960d",
  "ParentMeasureGroupName": null,
  "HasShadow": false,
  "MeasureGroupDescription": "006 Wishlist",
  "MeasureGroupType": "Regular",
  "FactTableName": "Fact006Wishlist",
  "SchemaMajorVersion": 0,
  "ConfigJson": {},
  "ApiName": null,
  "Repartition": false,
  "Unpartition": false,
  "ApiEnabled": false,
  "DimensionUsages": [
    {
      "DimensionName": "Version",
      "AttributeName": "Version Name",
      "SortOrder": 1,
      "DimensionType": "Regular"
    },
    {
      "DimensionName": "NamedNode",
      "AttributeName": "Retail_AP_LP_Product_Location_NN",
      "SortOrder": 2,
      "DimensionType": "NamedNode"
    },
    {
      "DimensionName": "NamedNode",
      "AttributeName": "Retail_AP_FD_Common_NN",
      "SortOrder": 3,
      "DimensionType": "NamedNode"
    }
  ]
}