{
  "Name": "SupplyPlan144BulkApproveShipmentPlanRecommendationWidget",
  "Description": "Bulk Approve Shipment Plan Recommendation",
  "ActionButtonId": "90bfc586-0975-6055-0a35-b5cd345d4f1e",
  "Tooltip": "Bulk Approve Shipment Plan Recommendation",
  "ActionButtonType": "Widget",
  "Alignment": "right",
  "IsPopOver": true,
  "IsGlobal": true,
  "ActionClickHandler": null,
  "Icon": null,
  "Image": null,
  "ConfigJson": {
    "DisplayName": "Bulk Approve",
    "icon": "check",
    "SubmitButton": {
      "Label": "Submit"
    },
    "ResetButton": {
      "Label": "Reset"
    },
    "CloseButton": {
      "Label": "Close",
      "ConfirmMessage": "Unsaved changes will be lost. Continue?"
    },
    "NotifyRoles": true,
    "NotifyAll": false,
    "IBPLRules": [
      {
        "template": "Scope:([Activity2].[Activity2] * [Activity1].[Activity1] * [Location].[Location] * &PlanningHorizon * [Item].[Item] * [Version].[Version Name].filter(#.Name in {\"{{Version}}\"}));\nMeasure.[W Shipment Plan Approval] = if (Measure.[DIST Release Window Indicator] > 0) then true;\nend scope;"
      },
      {
        "template": "//-- Plugin to populate the approved shipment plan\n\nexec plugin instance [SupplyPlan015WShipmentPlanRecommendation_py] for measures {[W Shipment Plan Recommendation Final]} using scope ([Version].[Version Name]{{#filter Version}}) using arguments {(ExecutionMode, \"MediumWeight\"),([MaxMessageLength], 50000000),([DateFormat], \"d\")};"
      }
    ],
    "JavascriptRules": [],
    "FieldBindings": [
      {
        "fieldName": "Version",
        "title": "Version",
        "Description": "Version",
        "type": "picklistDropdown",
        "selectionType": "single",
        "clearSearch": true,
        "source": "filter",
        "DimensionName": "Version",
        "LevelAttributeName": "Version Name",
        "visible": true,
        "isEditable": true,
        "validation": {
          "maxLength": "0",
          "required": true
        }
      }
    ],
    "Range": [],
    "DataSources": [],
    "AutoExecute": false,
    "isAsync": true,
    "hasMembersUpdates": false,
    "Compact": false,
    "TwoColumn": false,
    "IsGlobalForExcelAddIn": false,
    "ReturnFilterByUpdate": false,
    "ExcludeFromNavLink": false,
    "FilterFieldBindings": []
  },
  "Widget": null,
  "Roles": []
}