{
  "PickListName": "CapacityPROCMeasures1",
  "PickListId": "6cbfba2b-9fc5-427c-b5e8-f6915d292dca",
  "PickListDescription": "Capacity PROC Measures at Supplier Location x Week x Resource",
  "DataType": "string",
  "IsMultiSelectAllowed": true,
  "Values": [
    {
      "Value": "Base Item Shared Supplier Capacity By Week",
      "DisplayName": "Base Item Shared Supplier Capacity",
      "DisplayPosition": 0,
      "Icon": null,
      "Color": null,
      "Image": null
    },
    {
      "Value": "Flex2 Item Shared Supplier Capacity By Week",
      "DisplayName": "Flex2 Item Share Supplier Capacity",
      "DisplayPosition": 2,
      "Icon": null,
      "Color": null,
      "Image": null
    },
    {
      "Value": "Flex1 Item Shared Supplier Capacity By Week",
      "DisplayName": "Flex1 Item Share Supplier Capacity",
      "DisplayPosition": 1,
      "Icon": null,
      "Color": null,
      "Image": null
    }
  ]
}