{
  "PickListName": "CapacityDISTMeasures3",
  "PickListId": "a4e4b08d-39a0-4e7b-ad99-1f7fe084c880",
  "PickListDescription": "DIST Capacity Measures at Resource x Location",
  "DataType": "string",
  "IsMultiSelectAllowed": true,
  "Values": [
    {
      "Value": "DIST Transportation Shared Flex Capacity Band1 Override",
      "DisplayName": "BOD Shared Flex Capacity Band1",
      "DisplayPosition": 1,
      "Icon": null,
      "Color": null,
      "Image": null
    },
    {
      "Value": "DIST Transportation Shared Capacity Override",
      "DisplayName": "BOD Shared Capacity",
      "DisplayPosition": 0,
      "Icon": null,
      "Color": null,
      "Image": null
    },
    {
      "Value": "DIST Transportation Shared Flex Capacity Band2 Override",
      "DisplayName": "BOD Shared Flex Capacity Band2",
      "DisplayPosition": 2,
      "Icon": null,
      "Color": null,
      "Image": null
    }
  ]
}