{
  "PickListName": "CapacityPROCMeasures3",
  "PickListId": "f192afe1-9563-49a8-a0ef-6694064eb827",
  "PickListDescription": "CapacityPROCMeasures3",
  "DataType": "string",
  "IsMultiSelectAllowed": true,
  "Values": [
    {
      "Value": "Flex2 Item Supplier Location TransMode Capacity By Week",
      "DisplayName": "Flex2 Item Supplier Location TransMode Capacity",
      "DisplayPosition": 2,
      "Icon": null,
      "Color": null,
      "Image": null
    },
    {
      "Value": "Base Item Supplier Location TransMode Capacity By Week",
      "DisplayName": "Base Item Supplier Location TransMode Capacity",
      "DisplayPosition": 0,
      "Icon": null,
      "Color": null,
      "Image": null
    },
    {
      "Value": "Flex1 Item Supplier Location TransMode Capacity By Week",
      "DisplayName": "Flex1 Item Supplier Location TransMode Capacity",
      "DisplayPosition": 1,
      "Icon": null,
      "Color": null,
      "Image": null
    }
  ]
}