{
  "PickListName": "CommonCapacityMFGParameters",
  "PickListId": "bb1f3aaa-ca2e-4e6f-aa4f-d0cf49a90804",
  "PickListDescription": "MFG Capacity Parameters for Bulk Merge",
  "DataType": "string",
  "IsMultiSelectAllowed": false,
  "Values": [
    {
      "Value": "W CM Artificial Base Capacity Override",
      "DisplayName": "CM Artificial Base Capacity Override",
      "DisplayPosition": 0,
      "Icon": null,
      "Color": null,
      "Image": null
    },
    {
      "Value": "CM Flex Capacity Band1 Override",
      "DisplayName": "Flex Capacity Band1 Weekly",
      "DisplayPosition": 1,
      "Icon": null,
      "Color": null,
      "Image": null
    },
    {
      "Value": "W CM Flex Capacity Band2 Override",
      "DisplayName": "CM Flex Capacity Band2 Override",
      "DisplayPosition": 2,
      "Icon": null,
      "Color": null,
      "Image": null
    },
    {
      "Value": "CM Base Working Hrs Per Day Override",
      "DisplayName": "Base Working Hrs Per Day(Weekly)",
      "DisplayPosition": 3,
      "Icon": null,
      "Color": null,
      "Image": null
    },
    {
      "Value": "CM Efficiency Override",
      "DisplayName": "CM Efficiency(Weekly)",
      "DisplayPosition": 6,
      "Icon": null,
      "Color": null,
      "Image": null
    },
    {
      "Value": "W CM Maintenance Hours Override",
      "DisplayName": "CM Maintenance Hours Override",
      "DisplayPosition": 5,
      "Icon": null,
      "Color": null,
      "Image": null
    },
    {
      "Value": "W CM Run Down Hours Override",
      "DisplayName": "CM Run Down Hours Override",
      "DisplayPosition": 6,
      "Icon": null,
      "Color": null,
      "Image": null
    },
    {
      "Value": "CM Working Days Per Week Override",
      "DisplayName": "Working Days Per Week (Weekly)",
      "DisplayPosition": 9,
      "Icon": null,
      "Color": null,
      "Image": null
    },
    {
      "Value": "CM Base Working Hrs Per Day Override Band2",
      "DisplayName": "Base Working Hrs Per Day Band2 (Weekly)",
      "DisplayPosition": 5,
      "Icon": null,
      "Color": null,
      "Image": null
    },
    {
      "Value": "CM Daily Base Working Hrs Per Day Override Band2",
      "DisplayName": "Base Working Hrs Per Day Band 2 (Daily)",
      "DisplayPosition": 15,
      "Icon": null,
      "Color": null,
      "Image": null
    },
    {
      "Value": "CM Daily Working Days Per Week Override",
      "DisplayName": "Working Days Per Week (Daily)",
      "DisplayPosition": 16,
      "Icon": null,
      "Color": null,
      "Image": null
    },
    {
      "Value": "CM Daily Artificial Base Capacity Override",
      "DisplayName": "Units Capacity Daily",
      "DisplayPosition": 10,
      "Icon": null,
      "Color": null,
      "Image": null
    },
    {
      "Value": "CM Daily Flex Capacity Band2 Override",
      "DisplayName": "Flex Capacity Band2 Daily",
      "DisplayPosition": 12,
      "Icon": null,
      "Color": null,
      "Image": null
    }
  ]
}