{
  "PickListName": "CommonCapacityDISTMeasures2",
  "PickListId": "568ea749-67f4-4e2e-999c-ec9446190c57",
  "PickListDescription": "Capacity DIST at Location x Day",
  "DataType": "string",
  "IsMultiSelectAllowed": true,
  "Values": [
    {
      "Value": "DIST UnLoading Capacity Override",
      "DisplayName": "BOD Inbound Capacity",
      "DisplayPosition": 0,
      "Icon": null,
      "Color": null,
      "Image": null
    },
    {
      "Value": "DIST Loading Capacity Override",
      "DisplayName": "BOD Outbound Capacity",
      "DisplayPosition": 1,
      "Icon": null,
      "Color": null,
      "Image": null
    },
    {
      "Value": "DIST Flex UnLoading Capacity Band2 Override",
      "DisplayName": "BOD Flex Inbound Capacity Band2",
      "DisplayPosition": 3,
      "Icon": null,
      "Color": null,
      "Image": null
    },
    {
      "Value": "DIST Flex UnLoading Capacity Band1 Override",
      "DisplayName": "BOD Flex Inbound Capacity Band1",
      "DisplayPosition": 2,
      "Icon": null,
      "Color": null,
      "Image": null
    },
    {
      "Value": "DIST Flex Loading Capacity Band1 Override",
      "DisplayName": "BOD Flex Outbound Capacity Band1",
      "DisplayPosition": 4,
      "Icon": null,
      "Color": null,
      "Image": null
    },
    {
      "Value": "DIST Flex Loading Capacity Band2 Override",
      "DisplayName": "BOD Flex Outbound Capacity Band2",
      "DisplayPosition": 5,
      "Icon": null,
      "Color": null,
      "Image": null
    }
  ]
}