{
  "PickListName": "CommonCapacityDISTParameters",
  "PickListId": "9779d4da-317a-4b7f-8260-4fc33ced0988",
  "PickListDescription": "DIST Capacity Parameters for Bulk Merge",
  "DataType": "string",
  "IsMultiSelectAllowed": false,
  "Values": [
    {
      "Value": "DIST Lane Flex Capacity Band2 Override",
      "DisplayName": "BODLane Flex Capacity Band2 Override",
      "DisplayPosition": 0,
      "Icon": null,
      "Color": null,
      "Image": null
    },
    {
      "Value": "DIST Lane Base Capacity Override",
      "DisplayName": "BODLane Base Capacity Override",
      "DisplayPosition": 1,
      "Icon": null,
      "Color": null,
      "Image": null
    },
    {
      "Value": "DIST Transportation Shared Capacity Override",
      "DisplayName": "BOD Shared Capacity Override",
      "DisplayPosition": 2,
      "Icon": null,
      "Color": null,
      "Image": null
    },
    {
      "Value": "DIST Lane Flex Capacity Band1 Override",
      "DisplayName": "BODLane Flex Capacity Band1 Override",
      "DisplayPosition": 3,
      "Icon": null,
      "Color": null,
      "Image": null
    },
    {
      "Value": "DIST Transportation Shared Flex Capacity Band1 Override",
      "DisplayName": "BOD Shared Flex Capacity Band1 Override",
      "DisplayPosition": 4,
      "Icon": null,
      "Color": null,
      "Image": null
    },
    {
      "Value": "DIST Transportation Shared Flex Capacity Band2 Override",
      "DisplayName": "BOD Shared Flex Capacity Band2 Override",
      "DisplayPosition": 5,
      "Icon": null,
      "Color": null,
      "Image": null
    },
    {
      "Value": "DIST UnLoading Capacity Override",
      "DisplayName": "BOD UnLoading Capacity Override",
      "DisplayPosition": 6,
      "Icon": null,
      "Color": null,
      "Image": null
    },
    {
      "Value": "DIST Loading Capacity Override",
      "DisplayName": "BOD Loading Capacity Override",
      "DisplayPosition": 7,
      "Icon": null,
      "Color": null,
      "Image": null
    },
    {
      "Value": "D BOD Flex Inbound Capacity Band1 Override",
      "DisplayName": "BOD Flex UnLoading Capacity Band1",
      "DisplayPosition": 8,
      "Icon": null,
      "Color": null,
      "Image": null
    },
    {
      "Value": "DIST Flex UnLoading Capacity Band2 Override",
      "DisplayName": "BOD Flex UnLoading Capacity Band2",
      "DisplayPosition": 9,
      "Icon": null,
      "Color": null,
      "Image": null
    },
    {
      "Value": "DIST Flex Loading Capacity Band1 Override",
      "DisplayName": "BOD Flex Loading Capacity Band1",
      "DisplayPosition": 10,
      "Icon": null,
      "Color": null,
      "Image": null
    },
    {
      "Value": "D BOD Flex Outbound Capacity Band2 Override",
      "DisplayName": "BOD Flex Loading Capacity Band2",
      "DisplayPosition": 11,
      "Icon": null,
      "Color": null,
      "Image": null
    }
  ]
}