{
  "PickListName": "D CapacityMFGParameters",
  "PickListId": "c0291574-b2db-4424-bf58-9981a98cf4a8",
  "PickListDescription": "MFG Capacity Parameters for Bulk Merge",
  "DataType": "string",
  "IsMultiSelectAllowed": true,
  "Values": [
    {
      "Value": "D CM Artificial Base Capacity Override",
      "DisplayName": "CM Artificial Base Capacity Override",
      "DisplayPosition": 0,
      "Icon": null,
      "Color": null,
      "Image": null
    },
    {
      "Value": "D CM Flex Capacity Band1 Override",
      "DisplayName": "CM Flex Capacity Band1 Override",
      "DisplayPosition": 1,
      "Icon": null,
      "Color": null,
      "Image": null
    },
    {
      "Value": "D CM Flex Capacity Band2 Override",
      "DisplayName": "CM Flex Capacity Band2 Override",
      "DisplayPosition": 2,
      "Icon": null,
      "Color": null,
      "Image": null
    },
    {
      "Value": "D CM Base Working Hrs Per Day Override",
      "DisplayName": "CM Base Working Hrs Per Day Override",
      "DisplayPosition": 3,
      "Icon": null,
      "Color": null,
      "Image": null
    },
    {
      "Value": "D CM Efficiency Override",
      "DisplayName": "CM Efficiency Override",
      "DisplayPosition": 4,
      "Icon": null,
      "Color": null,
      "Image": null
    },
    {
      "Value": "D CM Maintenance Hours Override",
      "DisplayName": "CM Maintenance Hours Override",
      "DisplayPosition": 5,
      "Icon": null,
      "Color": null,
      "Image": null
    },
    {
      "Value": "D CM Run Down Hours Override",
      "DisplayName": "CM Run Down Hours Override",
      "DisplayPosition": 6,
      "Icon": null,
      "Color": null,
      "Image": null
    },
    {
      "Value": "D CM Working Days Per Week Override",
      "DisplayName": "CM Working Days Per Week Override",
      "DisplayPosition": 7,
      "Icon": null,
      "Color": null,
      "Image": null
    }
  ]
}