{
  "PickListName": "D CapacityPROCMeasuresCommon",
  "PickListId": "759e2443-5fa6-44db-871e-7aa0597dc9f0",
  "PickListDescription": "Capacity PROC Measures",
  "DataType": "string",
  "IsMultiSelectAllowed": false,
  "Values": [
    {
      "Value": "Flex2 Item Shared Supplier Capacity By Day",
      "DisplayName": "Flex2 Item Shared Supplier Capacity",
      "DisplayPosition": 5,
      "Icon": null,
      "Color": null,
      "Image": null
    },
    {
      "Value": "Flex1 Item Supplier Capacity By Day",
      "DisplayName": "Flex1 Item Supplier Capacity",
      "DisplayPosition": 1,
      "Icon": null,
      "Color": null,
      "Image": null
    },
    {
      "Value": "Flex1 Item Shared Supplier Capacity By Day",
      "DisplayName": "Flex1 Item Shared Supplier Capacity",
      "DisplayPosition": 4,
      "Icon": null,
      "Color": null,
      "Image": null
    },
    {
      "Value": "Flex2 Item Supplier Capacity By Day",
      "DisplayName": "Flex2 Item Supplier Capacity",
      "DisplayPosition": 2,
      "Icon": null,
      "Color": null,
      "Image": null
    },
    {
      "Value": "Base Item Shared Supplier Capacity By Day",
      "DisplayName": "Base Item Shared Supplier Capacity",
      "DisplayPosition": 3,
      "Icon": null,
      "Color": null,
      "Image": null
    },
    {
      "Value": "Base Item Supplier Capacity By Day",
      "DisplayName": "Base Item Supplier Capacity",
      "DisplayPosition": 0,
      "Icon": null,
      "Color": null,
      "Image": null
    }
  ]
}