{
  "PickListName": "D DemandMeasures",
  "PickListId": "99f0e81f-91f9-4565-bae1-7bfba6808dfa",
  "PickListDescription": "Demand Measures for copy",
  "DataType": "string",
  "IsMultiSelectAllowed": true,
  "Values": [
    {
      "Value": "D Demand Quantity Override",
      "DisplayName": "Demand Quantity",
      "DisplayPosition": 0,
      "Icon": null,
      "Color": null,
      "Image": null
    },
    {
      "Value": "D Demand Priority Override",
      "DisplayName": "Demand Priority",
      "DisplayPosition": 1,
      "Icon": null,
      "Color": null,
      "Image": null
    },
    {
      "Value": "D Demand Build Ahead Limit Override",
      "DisplayName": "Demand Build Ahead Limit Override",
      "DisplayPosition": 2,
      "Icon": null,
      "Color": null,
      "Image": null
    },
    {
      "Value": "D Demand Build Late Limit Override",
      "DisplayName": "Demand Build Late Limit Override",
      "DisplayPosition": 3,
      "Icon": null,
      "Color": null,
      "Image": null
    }
  ]
}