{
  "PickListName": "D InventoryParameters",
  "PickListId": "80b72676-c3ce-4bda-a190-b9e5195ff6ea",
  "PickListDescription": "Inventory Parameters for Bulk Merge",
  "DataType": "string",
  "IsMultiSelectAllowed": true,
  "Values": [
    {
      "Value": "D WOS Target",
      "DisplayName": "WOS Target",
      "DisplayPosition": 0,
      "Icon": null,
      "Color": null,
      "Image": null
    },
    {
      "Value": "D Target Inventory",
      "DisplayName": "Target Inventory",
      "DisplayPosition": 1,
      "Icon": null,
      "Color": null,
      "Image": null
    }
  ]
}