{
  "PickListName": "D TransactionalMeasures4",
  "PickListId": "e037a3f9-280e-4544-af16-7b390122118b",
  "PickListDescription": "Intransit",
  "DataType": "string",
  "IsMultiSelectAllowed": true,
  "Values": [
    {
      "Value": "InTransit Quantity Override",
      "DisplayName": "InTransit Quantity",
      "DisplayPosition": 1,
      "Icon": null,
      "Color": null,
      "Image": null
    },
    {
      "Value": "InTransit Delivery Date Override",
      "DisplayName": "InTransit Delivery Date",
      "DisplayPosition": 0,
      "Icon": null,
      "Color": null,
      "Image": null
    }
  ]
}