{
  "PickListName": "DailyCapacityPROCMeasures1",
  "PickListId": "91a6000d-2dd8-9768-efb4-331bf3443503",
  "PickListDescription": "Capacity PROC Measures at Supplier Location x Day x Resource",
  "DataType": "string",
  "IsMultiSelectAllowed": true,
  "Values": [
    {
      "Value": "Base Item Shared Supplier Capacity By Day",
      "DisplayName": "Base Item Shared Supplier Capacity",
      "DisplayPosition": 0,
      "Icon": null,
      "Color": null,
      "Image": null
    },
    {
      "Value": "Flex1 Item Shared Supplier Capacity By Day",
      "DisplayName": "Flex1 Item Share Supplier Capacity",
      "DisplayPosition": 1,
      "Icon": null,
      "Color": null,
      "Image": null
    },
    {
      "Value": "Flex2 Item Shared Supplier Capacity By Day",
      "DisplayName": "Flex2 Item Share Supplier Capacity",
      "DisplayPosition": 2,
      "Icon": null,
      "Color": null,
      "Image": null
    }
  ]
}