{
  "PickListName": "MFG Plan Type",
  "PickListId": "109d09b1-a65e-468b-bb4c-c5ccdfbbd309",
  "PickListDescription": "BOM/Route Plan Type",
  "DataType": "string",
  "IsMultiSelectAllowed": false,
  "Values": [
    {
      "Value": "MP",
      "DisplayName": "MP",
      "DisplayPosition": 0,
      "Icon": null,
      "Color": null,
      "Image": null
    },
    {
      "Value": "OP",
      "DisplayName": "OP",
      "DisplayPosition": 1,
      "Icon": null,
      "Color": null,
      "Image": null
    },
    {
      "Value": "MP and OP",
      "DisplayName": "MP and OP",
      "DisplayPosition": 2,
      "Icon": null,
      "Color": null,
      "Image": null
    }
  ]
}