{
  "PickListName": "NPI Rule Method",
  "PickListId": "4c6308d2-c71c-2bf7-55b3-c811bc8cd39f",
  "PickListDescription": "Method to follow while copying granular data from source to target grain",
  "DataType": "string",
  "IsMultiSelectAllowed": false,
  "Values": [
    {
      "Value": "Keep",
      "DisplayName": "Keep",
      "DisplayPosition": 1,
      "Icon": null,
      "Color": null,
      "Image": null
    },
    {
      "Value": "Replace",
      "DisplayName": "Replace",
      "DisplayPosition": 2,
      "Icon": null,
      "Color": null,
      "Image": null
    }
  ]
}