{
  "PickListName": "Operation",
  "PickListId": "c2fb3467-07fc-d4b1-8939-b8abe427df95",
  "PickListDescription": "MFG Operation",
  "DataType": "string",
  "IsMultiSelectAllowed": false,
  "Values": [
    {
      "Value": "Dilution",
      "DisplayName": "Dilution",
      "DisplayPosition": 2,
      "Icon": null,
      "Color": null,
      "Image": null
    },
    {
      "Value": "Brewing",
      "DisplayName": "Brewing",
      "DisplayPosition": 1,
      "Icon": null,
      "Color": null,
      "Image": null
    },
    {
      "Value": "Packaging",
      "DisplayName": "Packaging",
      "DisplayPosition": 0,
      "Icon": null,
      "Color": null,
      "Image": null
    }
  ]
}