{
  "PickListName": "TransactionalMeasures3",
  "PickListId": "3b4b5d10-76c8-9d4a-46a0-9affae69e4ee",
  "PickListDescription": "STO Goods Receipt",
  "DataType": "string",
  "IsMultiSelectAllowed": true,
  "Values": [
    {
      "Value": "W STO Delivery Date Override",
      "DisplayName": "STO Delivery Date",
      "DisplayPosition": 0,
      "Icon": null,
      "Color": null,
      "Image": null
    },
    {
      "Value": "W STO Quantity Override",
      "DisplayName": "STO Quantity",
      "DisplayPosition": 1,
      "Icon": null,
      "Color": null,
      "Image": null
    }
  ]
}