{
  "PickListName": "TransactionalMeasures5",
  "PickListId": "bab71a96-0e1d-42bb-87b3-aa8bfdca8080",
  "PickListDescription": "Purchase Orders",
  "DataType": "string",
  "IsMultiSelectAllowed": true,
  "Values": [
    {
      "Value": "W PO Shipped Quantity Override",
      "DisplayName": "PO Shipped Quantity",
      "DisplayPosition": 1,
      "Icon": null,
      "Color": null,
      "Image": null
    },
    {
      "Value": "W PO Shipped Quantity Delivery Date Override",
      "DisplayName": "PO Shipped Quantity Delivery Date",
      "DisplayPosition": 0,
      "Icon": null,
      "Color": null,
      "Image": null
    },
    {
      "Value": "W PO Open Quantity Override",
      "DisplayName": "PO Open Quantity",
      "DisplayPosition": 2,
      "Icon": null,
      "Color": null,
      "Image": null
    },
    {
      "Value": "\tW PO Delivery Date Override",
      "DisplayName": "PO Open Quantity Delivery Date",
      "DisplayPosition": 3,
      "Icon": null,
      "Color": null,
      "Image": null
    }
  ]
}