{
  "Name": "Rule Mappings",
  "ViewId": "0d4b331e-d49e-0e76-2228-641544d5e84c",
  "ContentType": "Regular",
  "Title": "Attributes for Data Maintenance",
  "Position": 0,
  "IsDefault": true,
  "Resource": null,
  "RazorViewTemplate": "_containers",
  "ConfigJson": {
    "WidgetContainers": {
      "Containers": [
        1
      ],
      "Key": 0,
      "IsModified": false,
      "ViewSpread": {
        "RowLevel": 60,
        "ColLevel": 12
      },
      "Data": [
        {
          "Id": "f2f31684-1f42-401a-b537-d84ca4d4c55e",
          "Col": 0,
          "Row": 0,
          "SizeX": 12,
          "SizeY": 60
        }
      ]
    },
    "CompactMode": false,
    "IsHidden": false
  },
  "Roles": [
    "public"
  ]
}