{
  "Name": "Allocation Inbound Inventory PackID and Item level",
  "WidgetDefinitionName": "Allocation Inbound Inventory PackID and Item level",
  "IsPrimary": false,
  "ConfigJson": {
    "ContainerId": "b13b3403-c7de-403a-92d1-5d8fc29577df",
    "CompositeContainerId": null,
    "Position": 0,
    "ShowInfoContext": {
      "ActionColumn": true,
      "RowInfo": true,
      "MemberInfo": true
    },
    "ShowHeader": {
      "Icon": "",
      "Color": null
    },
    "FilterScopes": [
      {
        "LevelAttribute": {
          "Dimension": "Pack",
          "AttributeName": "PackID"
        },
        "Scope": "None"
      },
      {
        "LevelAttribute": {
          "Dimension": "Item",
          "AttributeName": "Planning Item"
        },
        "Scope": "None"
      },
      {
        "LevelAttribute": {
          "Dimension": "Location",
          "AttributeName": "Location"
        },
        "Scope": "Widget",
        "Widget": "6f628c61-5fd5-c7fe-fe57-c4424bd1cd1f"
      },
      {
        "LevelAttribute": {
          "Dimension": "Version",
          "AttributeName": "Version Name"
        },
        "Scope": "Widget",
        "Widget": "6f628c61-5fd5-c7fe-fe57-c4424bd1cd1f"
      },
      {
        "LevelAttribute": {
          "Dimension": "Documents",
          "AttributeName": "OrderlineID"
        },
        "Scope": "Widget",
        "Widget": "6f628c61-5fd5-c7fe-fe57-c4424bd1cd1f"
      },
      {
        "LevelAttribute": {
          "Dimension": "Supplier",
          "AttributeName": "Supplier"
        },
        "Scope": "Widget",
        "Widget": "6f628c61-5fd5-c7fe-fe57-c4424bd1cd1f"
      }
    ],
    "ActionButtonBindings": [
      {
        "ActionButtonName": "Allocation010Navigation",
        "HotKey": "",
        "ExcludeHiddenAttributes": false
      },
      {
        "ActionButtonName": "Allocation011Navigation1",
        "HotKey": "",
        "ExcludeHiddenAttributes": false
      }
    ],
    "Navigations": {
      "ShowMemberSpecific": false,
      "RowNavigationList": {
        "AllowMultiRowSelection": true,
        "Views": [
          {
            "ViewId": "c8a40a31-4c98-3d28-b423-dc99a5144600",
            "Source": [
              {
                "Id": "e594aad2-d604-4a05-95b8-81a9047605b7",
                "Dimension": "Item"
              }
            ],
            "Filter": [
              {
                "Id": "fbef28d20921d8d6e5dd6bb91be4bbd2",
                "Dimension": "Pack",
                "AttributeName": "PackID"
              },
              {
                "Id": "efe6a49699fc9d75049da203bd5747c5",
                "Dimension": "Cluster",
                "AttributeName": "Cluster"
              },
              {
                "Id": "ba792c22c693d59c19cb876d3355ec35",
                "Dimension": "Item",
                "AttributeName": "Planning Item"
              },
              {
                "Id": "0014e94f1d416bc89fda401021f19e6f",
                "Dimension": "Documents",
                "AttributeName": "OrderlineID"
              },
              {
                "Id": "715063ceea4eb755f1afd4edfdbb43f8",
                "Dimension": "Supplier",
                "AttributeName": "Supplier"
              },
              {
                "Id": "6c44de54f6dba00251b759bcf2b14473",
                "Dimension": "Version",
                "AttributeName": "Version Name"
              }
            ]
          }
        ],
        "ActionButtons": []
      }
    }
  },
  "ViewWidgetDefinitionId": "a77e04f7-6755-c1c7-acba-f4b6d53f0bea",
  "Title": "Inbound Inventory - Item Level"
}