{
  "MeasureName": "Excluded Members",
  "MeasureId": "4c97b72e-2bf3-481a-8f01-58dc349fc031",
  "MeasureDescription": "Excluded Members from attribute for deleting, It can be comma seperated values",
  "DataType": "string",
  "MeasureType": "Regular",
  "AggregateFunction": "Sum",
  "FormatString": "a",
  "MeasureColumnName": "ExcludedMembers",
  "MeasureFormula": "",
  "IsEditable": true,
  "ApplyConversion": false,
  "ConversionFormula": "",
  "PickListName": null,
  "BgColorFormula": "",
  "FgColorFormula": "",
  "TrendFormula": "",
  "FormattingViewModel": null,
  "ParentMeasureName": null,
  "AssociationMeasure": false,
  "IsComputedByPlanningService": false,
  "ToolTip": "Excluded Members from attribute for deleting, It can be comma seperated values",
  "ConfigJson": {},
  "ApiName": null,
  "ApiDisabled": false,
  "IsReportingMeasure": false,
  "MeasureConditionalFormulaProperties": [],
  "PicklistSource": null
}