{
  "MeasureName": "Receipt Variance %",
  "MeasureId": "e1b8911f-1844-1657-98af-c99eb0f9ceb4",
  "MeasureDescription": "Variance between AP Receipt and MFP Bottom Up Receipt",
  "DataType": "number",
  "MeasureType": "Regular",
  "AggregateFunction": "Computed",
  "FormatString": "0.00%",
  "MeasureColumnName": "ReceiptVariance%",
  "MeasureFormula": "safedivide((Measure.[AP Receipt Rtl]-Measure.[BU Rec Rtl AP Recon]),Measure.[AP Receipt Rtl])",
  "IsEditable": false,
  "ApplyConversion": false,
  "ConversionFormula": "",
  "PickListName": null,
  "BgColorFormula": "",
  "FgColorFormula": "",
  "TrendFormula": " IF(Measure.[Receipt Variance %]<0) then 13 else  IF(Measure.[Receipt Variance %]>0) then 10 else  IF(Measure.[Receipt Variance %]==0) then 14",
  "FormattingViewModel": "[\r\n  {\r\n    \"INDICATOR\": \"13\",\r\n    \"Condition\": \"Measure.[Receipt Variance %]<0\"\r\n  },\r\n  {\r\n    \"INDICATOR\": \"10\",\r\n    \"Condition\": \"Measure.[Receipt Variance %]>0\"\r\n  },\r\n  {\r\n    \"INDICATOR\": \"14\",\r\n    \"Condition\": \"Measure.[Receipt Variance %]==0\"\r\n  }\r\n]",
  "ParentMeasureName": null,
  "AssociationMeasure": false,
  "IsComputedByPlanningService": false,
  "ToolTip": "(AP Receipt Retail - MFP Receipt Retail Approved)/AP Receipt Retail",
  "ConfigJson": {},
  "ApiName": null,
  "ApiDisabled": false,
  "IsReportingMeasure": true,
  "MeasureConditionalFormulaProperties": [
    {
      "MeasureName": null,
      "ConditionalFormula": "Measure.[Receipt Variance %]<0",
      "BGCOLOR": "",
      "LegendText": "",
      "DisplayOrder": 0
    },
    {
      "MeasureName": null,
      "ConditionalFormula": "Measure.[Receipt Variance %]>0",
      "BGCOLOR": "",
      "LegendText": "",
      "DisplayOrder": 1
    },
    {
      "MeasureName": null,
      "ConditionalFormula": "Measure.[Receipt Variance %]==0",
      "BGCOLOR": "",
      "LegendText": "",
      "DisplayOrder": 2
    }
  ],
  "PicklistSource": null
}