{
  "Override": [
    {
      "ViewName": "Cluster Assortment",
      "PageName": "Ranging",
      "WorkspaceName": "Assortment",
      "Position": 0,
      "ConfigBlockName": "o9 Retail Assortment Ranging"
    },
    {
      "ViewName": "Ranging",
      "PageName": "Ranging",
      "WorkspaceName": "Assortment",
      "Position": 1,
      "ConfigBlockName": "o9 Retail Assortment Ranging"
    },
    {
      "ViewName": "Assorted Items",
      "PageName": "Ranging",
      "WorkspaceName": "Assortment",
      "Position": 2,
      "ConfigBlockName": "o9 Retail Assortment Ranging"
    }
  ]
}