{
  "Name": "SZPInfoManual02",
  "Description": "Information",
  "ActionButtonId": "ef1a99bb-94f1-b399-d896-783de1bf3a1d",
  "Tooltip": "Report Information",
  "ActionButtonType": "Widget",
  "Alignment": "right",
  "IsPopOver": true,
  "IsGlobal": true,
  "ActionClickHandler": null,
  "Icon": null,
  "Image": null,
  "ConfigJson": {
    "icon": "info-circle",
    "SubmitButton": {
      "Label": "Submit"
    },
    "ResetButton": {},
    "CloseButton": {
      "Label": "Close"
    },
    "NotifyAll": false,
    "IBPLRules": [],
    "JavascriptRules": [],
    "FieldBindings": [
      {
        "fieldName": "Information",
        "title": "Information",
        "type": "info",
        "clearSearch": true,
        "source": "literal",
        "defaultValue": "<!DOCTYPE html> <html lang=\"en\"> <head>     <meta charset=\"UTF-8\">     <meta name=\"viewport\" content=\"width=device-width, initial-scale=1.0\">     <title>Size Range Master</title> </head> <body style=\"text-align: left;\">     <p align=\"left\"><strong>Overview</strong></p>     <p align=\"left\">New size ranges can be created by the user here. This will help in creating a new size profile which wasn't available historically. Additionally, the user can delete any of the existing size range. </p>      <p align=\"left\"><strong>How to Use</strong></p>     <p align=\"left\">1. Enter pipe symbol separated size range name in the \"Create New Size Range\" button field to create a new size range. <Br> 2. To delete a particular size range, select it and run \"Delete Size Range\" button.</p>         <p align=\"left\"><strong>Output</strong></p>     <p align=\"left\">1. The new size range becomes a part of the Size Range master report and Assign Size Ratios view <Br> 2. All the data associated with deleted size range gets wiped out.</p> </body> </html>",
        "visible": true,
        "isEditable": true,
        "validation": {
          "maxLength": "0",
          "required": true
        }
      }
    ],
    "Range": [],
    "DataSources": [],
    "AutoExecute": false,
    "isAsync": false,
    "hasMembersUpdates": false,
    "Compact": false,
    "TwoColumn": false,
    "IsGlobalForExcelAddIn": false,
    "enableTransaction": false,
    "ReturnFilterByUpdate": false,
    "ExcludeFromNavLink": false,
    "FilterFieldBindings": []
  },
  "Widget": null,
  "Roles": []
}