{
  "Name": "DI008AddingRowsOutTableStructure",
  "Description": "Add Record",
  "ActionButtonId": "294eba2b-3588-4a0c-a299-390672cedbca",
  "Tooltip": "Add Record",
  "ActionButtonType": "Rule",
  "Alignment": "right",
  "IsPopOver": true,
  "IsGlobal": false,
  "ActionClickHandler": null,
  "Icon": null,
  "Image": null,
  "ConfigJson": {
    "icon": "plus",
    "Position": "0",
    "SubmitButton": {
      "Label": "Submit"
    },
    "ResetButton": {
      "Label": "Reset"
    },
    "CloseButton": {
      "Label": "Close",
      "ConfirmMessage": "Unsaved changes will be lost. Continue?"
    },
    "NotifyAll": false,
    "IBPLRules": [
      {
        "template": "Createmember([Out Table Structure].[Serial No] = {, \"{{SerialNo}}\"},[Out Table Structure].[Table Name] = {, \"{{TableName}}\"});\n\ncartesian scope:([Version].[Version Name].[{{Version}}]*[Out Table Structure].[Serial No].[{{SerialNo}}]*[Out Table Structure].[Table Name].[{{TableName}}]);\nMeasure.[Output Column Name] =\"{{ColumnName}}\";\n{{#if Mandatory}}\nMeasure.[Output Mandatory] = \"{{Mandatory}}\" ;\n{{#else}} Measure.[Output Mandatory] = null ;\n{{/if}}\n{{#if Datatype}}\nMeasure.[Output Datatype] = \"{{Datatype}}\" ;\n{{#else}} Measure.[Output Datatype] = null ;\n{{/if}}\nMeasure.[Output Position] =\"{{Position}}\";\n{{#if LeafGrain}}\nMeasure.[Output Leaf Grain] = \"{{LeafGrain}}\" ;\n{{#else}} Measure.[Output Leaf Grain] = null ;\n{{/if}}\n{{#if StgTableName}}\nMeasure.[Output Staging Table Name] = \"{{StgTableName}}\" ;\n{{#else}} Measure.[Output Staging Table Name] = null ;\n{{/if}}\nMeasure.[Output Staging Table Column] =\"{{StgTableColumn}}\";\nMeasure.[Output Filter] =\"{{Filter}}\";\n{{#if Union}}\nMeasure.[Output Union] = \"{{Union}}\" ;\n{{#else}} Measure.[Output Union] = null ;\n{{/if}}\nend scope;\n"
      }
    ],
    "JavascriptRules": [],
    "FieldBindings": [
      {
        "fieldName": "Version",
        "title": "Version",
        "Description": "Version",
        "type": "picklistDropdown",
        "selectionType": "single",
        "clearSearch": true,
        "source": "members",
        "DimensionName": "Version",
        "LevelAttributeName": "Version Name",
        "visible": true,
        "isEditable": true,
        "validation": {
          "maxLength": "0",
          "required": true
        }
      },
      {
        "fieldName": "SerialNo",
        "title": "Serial No",
        "Description": "Serial No",
        "type": "number",
        "clearSearch": true,
        "source": "literal",
        "visible": true,
        "isEditable": true,
        "validation": {
          "maxLength": "0",
          "required": true
        }
      },
      {
        "fieldName": "TableName",
        "title": "Table Name",
        "Description": "DB Table Name to which processed and validated data is stored. The table names should be same as specified in the page \"Out Files\"",
        "type": "picklistDropdown",
        "selectionType": "single",
        "clearSearch": true,
        "select": "NONE",
        "source": "datasource",
        "key": "OutTName",
        "valueField": "Name",
        "textField": "Name",
        "visible": true,
        "isEditable": true,
        "validation": {
          "maxLength": "0",
          "required": true
        }
      },
      {
        "fieldName": "ColumnName",
        "title": "Column Name",
        "Description": "The \"Dimensional Attribute Name/Alias\" or \"Measure name\" as present in tenant.  Leave it blank to specify additional filter conditions in the input data mapping which are not part of output data",
        "type": "string",
        "clearSearch": true,
        "source": "literal",
        "visible": true,
        "isEditable": true,
        "validation": {
          "maxLength": "0",
          "required": false
        }
      },
      {
        "fieldName": "Mandatory",
        "title": "Mandatory",
        "Description": "Specify whether the column is mandatory to have data. Allowed values are 'YES' and 'NO'. If set to YES then any blank or null value will lead to data validation failure during batch run  Leave it Blank if \"Column Name\" is Blank",
        "type": "picklistDropdown",
        "selectionType": "single",
        "clearSearch": true,
        "select": "NONE",
        "source": "picklist",
        "key": "Integration Yes No",
        "visible": true,
        "isEditable": true,
        "validation": {
          "maxLength": "0",
          "required": false
        }
      },
      {
        "fieldName": "Datatype",
        "title": "Data Type",
        "Description": "Specify the data type for the DB table column. Expected values are nvarchar, float, int, date, datetime and bit only  Leave it blank to specify additional filter conditions in the input data mapping which are not part of output data",
        "type": "picklistDropdown",
        "selectionType": "single",
        "clearSearch": true,
        "select": "NONE",
        "source": "picklist",
        "key": "Integration Datatype",
        "visible": true,
        "isEditable": true,
        "validation": {
          "maxLength": "0",
          "required": false
        }
      },
      {
        "fieldName": "Position",
        "title": "Position",
        "Description": "The column order in the table. The column should be specified in the order in which they are expected in the output files to be uploaded to tenant.  The value should always start from 1. Leave it Blank if \"Column Name\" is Blank",
        "type": "number",
        "clearSearch": true,
        "source": "literal",
        "visible": true,
        "isEditable": true,
        "validation": {
          "maxLength": "0",
          "required": false
        }
      },
      {
        "fieldName": "LeafGrain",
        "title": "Leaf/Grain",
        "Description": "Specify the unique key field of the table. Allowed values are 'YES' and 'NO'  Leave it Blank if \"Column Name\" is Blank",
        "type": "picklistDropdown",
        "selectionType": "single",
        "clearSearch": true,
        "select": "NONE",
        "source": "picklist",
        "key": "Integration Yes No",
        "visible": true,
        "isEditable": true,
        "validation": {
          "maxLength": "0",
          "required": false
        }
      },
      {
        "fieldName": "StgTableName",
        "title": " Stg Table Name",
        "Description": "The Stg DB table from which the column needs to mapped into output Leave this blank if the output column needs to be a Hardcode value or a derived value based on formula for already selected input field",
        "type": "picklistDropdown",
        "selectionType": "single",
        "clearSearch": true,
        "select": "NONE",
        "source": "datasource",
        "key": "StgTName",
        "valueField": "Name",
        "textField": "Name",
        "visible": true,
        "isEditable": true,
        "validation": {
          "maxLength": "0",
          "required": false
        }
      },
      {
        "fieldName": "StgTableColumn",
        "title": "Stg Table Column",
        "Description": "Column Name for the corresponding Stg Table Name from page Stg Info. Supported functions: Hardcode(String/Number), Sum/Avg/Max/Min(fieldname) Concat() UDF_GenrerateLogic ({LookUpAttributeName},{LookUpTableName},{OutputAttributeName})",
        "type": "string",
        "clearSearch": true,
        "source": "literal",
        "visible": true,
        "isEditable": true,
        "validation": {
          "maxLength": "0",
          "required": false
        }
      },
      {
        "fieldName": "Filter",
        "title": "Filter",
        "Description": "Used to Specify filter conditions for data from staging to output tables.  Example -  IS NOT NULL, >hardcodednumber, in ('fieldname'), UDF_NotExists({STOHeaderID,STOExtLineID} , {In_STOIntransits})",
        "type": "string",
        "clearSearch": true,
        "source": "literal",
        "visible": true,
        "isEditable": true,
        "validation": {
          "maxLength": "0",
          "required": false
        }
      },
      {
        "fieldName": "Union",
        "title": "Union",
        "Description": "Union -  A ?YES? indicates whether a particular output table is union of multiple input tables. Leave it blank for one-to-one input-output mapping",
        "type": "picklistDropdown",
        "selectionType": "single",
        "clearSearch": true,
        "select": "NONE",
        "source": "picklist",
        "key": "Integration Yes",
        "visible": true,
        "isEditable": true,
        "validation": {
          "maxLength": "0",
          "required": false
        }
      }
    ],
    "DataSources": [
      {
        "Name": "OutTName",
        "IBPLRules": [
          {
            "template": "select ([Out Files].[Table Name]) where{[Out Files].[Serial No]};"
          }
        ],
        "JavascriptRules": [],
        "IncludeDSFieldsOnly": false,
        "FieldBindings": []
      },
      {
        "Name": "StgTName",
        "IBPLRules": [
          {
            "template": "select ([Staging Info].[Table Name]) where{[Staging Info].[Serial No]};"
          }
        ],
        "JavascriptRules": [],
        "IncludeDSFieldsOnly": false,
        "FieldBindings": []
      }
    ],
    "AutoExecute": false,
    "isAsync": false,
    "hasMembersUpdates": false,
    "Compact": false,
    "TwoColumn": false,
    "IsGlobalForExcelAddIn": false,
    "FilterFieldBindings": []
  },
  "Widget": null
}