{
  "Name": "APInfoBuyPlan01",
  "Description": "Information",
  "ActionButtonId": "2072491a-11e9-2cac-6a81-174f541b9457",
  "Tooltip": "Report Information",
  "ActionButtonType": "Widget",
  "Alignment": "right",
  "IsPopOver": true,
  "IsGlobal": true,
  "ActionClickHandler": null,
  "Icon": null,
  "Image": null,
  "ConfigJson": {
    "icon": "info-circle",
    "SubmitButton": {
      "Label": " "
    },
    "ResetButton": {},
    "CloseButton": {
      "Label": " "
    },
    "NotifyAll": false,
    "IBPLRules": [],
    "JavascriptRules": [],
    "FieldBindings": [
      {
        "fieldName": "Information",
        "title": "Information",
        "type": "info",
        "clearSearch": true,
        "source": "literal",
        "defaultValue": "<!DOCTYPE html> <html lang=\"en\"> <head> <meta charset=\"UTF-8\"> <meta name=\"viewport\" content=\"width=device-width, initial-scale=1.0\"> <title>Receipt Plan</title> </head> <body style=\"text-align: left;\"> <p align=\"left\"><strong>Overview</strong></p> <p align=\"left\">Receipt Plan indicates how much inventory should be received at the DC for each week based on which purchase order is placed to the supplier.</p> <p align=\"left\"><strong>How to Use</strong></p> <p align=\"left\">1. Execute \"Generate Buy Plan\" action button. </p> <p align=\"left\"><strong>Output</strong></p> <p align=\"left\">1. View the Receipt Plan generated for Style Colors from Supplier to DC by country and by channel in the second report.</p> </body> </html>",
        "visible": true,
        "isEditable": true,
        "validation": {
          "maxLength": "0",
          "required": true
        }
      }
    ],
    "Range": [],
    "DataSources": [],
    "AutoExecute": false,
    "isAsync": false,
    "hasMembersUpdates": false,
    "Compact": false,
    "TwoColumn": false,
    "IsGlobalForExcelAddIn": false,
    "ReturnFilterByUpdate": false,
    "ExcludeFromNavLink": false,
    "FilterFieldBindings": []
  },
  "Widget": null,
  "Roles": []
}