{
  "AttributeName": "Table Name",
  "AttributeId": "8b8a3706-9f69-0e29-c782-04ab09709e39",
  "AttributeHierarchyEnabled": true,
  "IsKey": false,
  "Description": "Table Name",
  "OrderBy": "Name",
  "KeyColumnName": "TableNameKey",
  "NameColumnName": "TableNameName",
  "KeyColumnDataType": "integer",
  "SeedTags": false,
  "KeyGenerationType": "Auto",
  "PickListName": null,
  "ConfigJson": {
    "ShowFilterAs": "TileView",
    "MemberDisplayNameEditable": false,
    "IsMultipleImage": false,
    "MemberDisplayColor": false
  },
  "FormatString": null,
  "Translation": null,
  "Aliases": [],
  "ApiName": null,
  "ApiDisabled": false
}
