{
  "Name": "121DeleteInitiativePicklistValues",
  "Description": null,
  "ActionButtonId": "6b74984e-e052-4cd7-a91d-e61594b77d16",
  "Tooltip": "Delete Picklist Values",
  "ActionButtonType": "Rule",
  "Alignment": "right",
  "IsPopOver": true,
  "IsGlobal": false,
  "ActionClickHandler": null,
  "Icon": null,
  "Image": null,
  "ConfigJson": {
    "icon": "minus-square-o",
    "Position": "0",
    "SubmitButton": {
      "Label": "Submit"
    },
    "ResetButton": {
      "Label": "Reset"
    },
    "CloseButton": {
      "Label": "Close",
      "ConfirmMessage": "Unsaved changes will be lost. Continue?"
    },
    "NotifyAll": false,
    "IBPLRules": [
      {
        "template": "select 1;{{#if TPR}} \nddl   { \"ModelType\": \"PicklistValue\", \"Action\" : \"Delete\", \"Payload\": {\"PicklistName\":\"TPR\" ,\"Value\" : \"{{TPR}}\",\"DisplayName\":\"{{TPR}}\"}};\n{{/if}}"
      },
      {
        "template": "select 1;{{#if Display}} \nddl   { \"ModelType\": \"PicklistValue\", \"Action\" : \"Delete\", \"Payload\": {\"PicklistName\":\"Display\" ,\"Value\" : \"{{Display}}\",\"DisplayName\":\"{{Display}}\"}};\n{{/if}}"
      },
      {
        "template": "select 1;{{#if Feature}} \nddl   { \"ModelType\": \"PicklistValue\", \"Action\" : \"Delete\", \"Payload\": {\"PicklistName\":\"Feature\" ,\"Value\" : \"{{Feature}}\",\"DisplayName\":\"{{Feature}}\"}};\n{{/if}}"
      },
      {
        "template": "select 1;{{#if Bundle}} \nddl   { \"ModelType\": \"PicklistValue\", \"Action\" : \"Delete\", \"Payload\": {\"PicklistName\":\"Bundle\" ,\"Value\" : \"{{Bundle}}\",\"DisplayName\":\"{{Bundle}}\"}};\n{{/if}}\n"
      }
    ],
    "JavascriptRules": [],
    "FieldBindings": [
      {
        "fieldName": "TPR",
        "title": "TPR",
        "type": "picklistDropdown",
        "clearSearch": true,
        "source": "picklist",
        "key": "TPR",
        "visible": true,
        "isEditable": true,
        "validation": {
          "maxLength": "0",
          "required": false
        },
        "selectionType": "single",
        "select": "NONE"
      },
      {
        "fieldName": "Display",
        "title": "Display",
        "type": "picklistDropdown",
        "clearSearch": true,
        "source": "picklist",
        "key": "Display",
        "visible": true,
        "isEditable": true,
        "validation": {
          "maxLength": "0",
          "required": false
        },
        "selectionType": "single",
        "select": "NONE"
      },
      {
        "fieldName": "Feature",
        "title": "Feature",
        "type": "picklistDropdown",
        "clearSearch": true,
        "source": "picklist",
        "key": "Feature",
        "visible": true,
        "isEditable": true,
        "validation": {
          "maxLength": "0",
          "required": false
        },
        "selectionType": "single",
        "select": "NONE"
      },
      {
        "fieldName": "Bundle",
        "title": "Bundle",
        "type": "picklistDropdown",
        "clearSearch": true,
        "source": "picklist",
        "key": "Bundle",
        "visible": true,
        "isEditable": true,
        "validation": {
          "maxLength": "0",
          "required": false
        },
        "selectionType": "single",
        "select": "NONE"
      }
    ],
    "DataSources": [],
    "AutoExecute": false,
    "isAsync": false,
    "hasMembersUpdates": false,
    "Compact": false,
    "TwoColumn": false,
    "IsGlobalForExcelAddIn": false,
    "FilterFieldBindings": []
  },
  "Widget": null
}