{
  "AttributeName": "All Config",
  "AttributeId": "e57fff4e-d18d-ac25-4585-151074604f1e",
  "AttributeHierarchyEnabled": true,
  "IsKey": false,
  "Description": "All Config",
  "OrderBy": "Name",
  "KeyColumnName": "AllConfigKey",
  "NameColumnName": "AllConfigName",
  "KeyColumnDataType": "integer",
  "SeedTags": false,
  "KeyGenerationType": "Auto",
  "PickListName": null,
  "ConfigJson": {
    "ShowFilterAs": "TileView",
    "MemberDisplayNameEditable": true,
    "IsMultipleImage": false,
    "MemberDisplayColor": false
  },
  "FormatString": null,
  "Translation": null,
  "Aliases": [],
  "ApiName": null,
  "ApiDisabled": false,
  "FgColorFormula": null,
  "BgColorFormula": null,
  "IsReservedBySystem": false
}