{
  "MeasureName": "On - Revenue Rebate Actual Input",
  "MeasureId": "986f7a4e-873a-4201-b830-b33f23099a74",
  "MeasureDescription": "On - Revenue Rebate Actual Input (used by interfaces to populate data in o9 system)",
  "DataType": "number",
  "MeasureType": "Regular",
  "AggregateFunction": "Sum",
  "FormatString": "$#,##0;($#,##0)",
  "MeasureColumnName": "On-RevenueRebateActualInput",
  "MeasureFormula": "",
  "IsEditable": false,
  "ApplyConversion": false,
  "ConversionFormula": "",
  "PickListName": null,
  "BgColorFormula": null,
  "FgColorFormula": null,
  "TrendFormula": null,
  "FormattingViewModel": null,
  "ParentMeasureName": null,
  "AssociationMeasure": false,
  "IsComputedByPlanningService": false,
  "ToolTip": "On - Revenue Rebate Actual Input (used by interfaces to populate data in o9 system)",
  "ConfigJson": {},
  "ApiName": null,
  "ApiDisabled": false,
  "IsReportingMeasure": false,
  "MeasureConditionalFormulaProperties": [],
  "PicklistSource": null
}