{
  "AttributeName": "ClusterNumber",
  "AttributeId": "6ae6e30d-72d7-40ca-af6e-b0f9347f65e8",
  "AttributeHierarchyEnabled": true,
  "IsKey": false,
  "Description": "ClusterNumberNumerical",
  "OrderBy": "Name",
  "KeyColumnName": "ClusterNumberKey",
  "NameColumnName": "ClusterNumberName",
  "KeyColumnDataType": "integer",
  "SeedTags": false,
  "KeyGenerationType": "Auto",
  "PickListName": null,
  "ConfigJson": {
    "ShowFilterAs": "TileView",
    "MemberDisplayNameEditable": true,
    "IsMultipleImage": false
  },
  "FormatString": null,
  "Translation": null,
  "Aliases": [],
  "ApiName": null,
  "ApiDisabled": false
}