{
  "Name": "DI011AddingRowsStagingInfo",
  "Description": "Add Record",
  "ActionButtonId": "d89c3b96-24ba-4c7e-86ae-7a86de668efc",
  "Tooltip": "Add Record",
  "ActionButtonType": "Rule",
  "Alignment": "right",
  "IsPopOver": true,
  "IsGlobal": false,
  "ActionClickHandler": null,
  "Icon": null,
  "Image": null,
  "ConfigJson": {
    "icon": "plus",
    "Position": "0",
    "SubmitButton": {
      "Label": "Submit"
    },
    "ResetButton": {
      "Label": "Reset"
    },
    "CloseButton": {
      "Label": "Close",
      "ConfirmMessage": "Unsaved changes will be lost. Continue?"
    },
    "NotifyAll": false,
    "IBPLRules": [
      {
        "template": "Createmember([Staging Info].[Serial No] = {, \"{{SerialNo}}\"},[Staging Info].[Table Type] = {, \"{{TableType}}\"},[Staging Info].[Table Name] = {, \"{{TableName}}\"});\n\ncartesian scope:([Version].[Version Name].[{{Version}}]*[Staging Info].[Serial No].[{{SerialNo}}]*[Staging Info].[Table Type].[{{TableType}}]*[Staging Info].[Table Name].[{{TableName}}]);\nMeasure.[Staging Source Type] =\"{{SourceType}}\";\nMeasure.[Staging Error Threshold Percentage] =\"{{ErrorThresholdPercentage}}\";\n{{#if MP}}\nMeasure.[Staging MP] = \"{{MP}}\" ;\n{{#else}} Measure.[Staging MP] = null ;\n{{/if}}\n{{#if DP}}\nMeasure.[Staging DP] = \"{{DP}}\" ;\n{{#else}} Measure.[Staging DP] = null ;\n{{/if}}\n{{#if OP}}\nMeasure.[Staging OP] = \"{{OP}}\" ;\n{{#else}} Measure.[Staging OP] = null ;\n{{/if}}\n{{#if MEIO}}\nMeasure.[Staging MEIO] = \"{{MEIO}}\" ;\n{{#else}} Measure.[Staging MEIO] = null ;\n{{/if}}\n{{#if ControlTower}}\nMeasure.[Staging Control Tower] = \"{{ControlTower}}\" ;\n{{#else}} Measure.[Staging Control Tower] = null ;\n{{/if}}\n{{#if RetailReplenishment}}\nMeasure.[Staging Retail Replenishment] = \"{{RetailReplenishment}}\" ;\n{{#else}} Measure.[Staging Retail Replenishment] = null ;\n{{/if}}\n{{#if CommercialPlanning}}\nMeasure.[Staging Commercial Planning] = \"{{CommercialPlanning}}\" ;\n{{#else}} Measure.[Staging Commercial Planning] = null ;\n{{/if}}\n{{#if Scheduling}}\nMeasure.[Staging Scheduling] = \"{{Scheduling}}\" ;\n{{#else}} Measure.[Staging Scheduling] = null ;\n{{/if}}\n{{#if TLB}}\nMeasure.[Staging TLB] = \"{{TLB}}\" ;\n{{#else}} Measure.[Staging TLB] = null ;\n{{/if}}\n{{#if OrderPromising}}\nMeasure.[Staging Order Promising] = \"{{OrderPromising}}\" ;\n{{#else}} Measure.[Staging Order Promising] = null ;\n{{/if}}\nend scope;"
      }
    ],
    "JavascriptRules": [],
    "FieldBindings": [
      {
        "fieldName": "Version",
        "title": "Version",
        "Description": "Version",
        "type": "picklistDropdown",
        "selectionType": "single",
        "clearSearch": true,
        "source": "members",
        "DimensionName": "Version",
        "LevelAttributeName": "Version Name",
        "visible": true,
        "isEditable": true,
        "validation": {
          "maxLength": "0",
          "required": true
        }
      },
      {
        "fieldName": "SerialNo",
        "title": "Serial No",
        "Description": "Serial No",
        "type": "number",
        "clearSearch": true,
        "source": "literal",
        "visible": true,
        "isEditable": true,
        "validation": {
          "maxLength": "0",
          "required": true
        }
      },
      {
        "fieldName": "TableType",
        "title": "Table Type",
        "Description": "This contains the raw inbound filename provided by Customer component downloads data",
        "type": "picklistDropdown",
        "selectionType": "single",
        "clearSearch": true,
        "select": "NONE",
        "source": "localPicklist",
        "values": [
          {
            "Key": "0",
            "Name": "Master"
          },
          {
            "Key": "1",
            "Name": "Transaction"
          }
        ],
        "valueField": "Name",
        "visible": true,
        "isEditable": true,
        "validation": {
          "maxLength": "0",
          "required": true
        }
      },
      {
        "fieldName": "TableName",
        "title": "Table Name",
        "Description": "DB Table Name to which customer provided raw data is uploaded",
        "type": "string",
        "clearSearch": true,
        "source": "literal",
        "visible": true,
        "isEditable": true,
        "validation": {
          "maxLength": "0",
          "required": true
        }
      },
      {
        "fieldName": "SourceType",
        "title": "Source Type",
        "Description": "Specify the data source method. SAP Adaptor - if the input data is received via SAP based Adaptors. Non SAP Adaptor if the input data records are received via Non SAP based sources.",
        "type": "picklistDropdown",
        "selectionType": "single",
        "clearSearch": true,
        "source": "picklist",
        "key": "Integration Staging Source Type",
        "visible": true,
        "isEditable": true,
        "validation": {
          "maxLength": "0",
          "required": true
        },
        "select": "NONE"
      },
      {
        "fieldName": "ErrorThresholdPercentage",
        "title": "Error Threshold Percentage",
        "Description": "Percentage Error = (Num of Records) / (Total Num of Records)  If the process exceeds the specified \"Error Percentage Threshold\" then batch is failed with errors",
        "type": "number",
        "clearSearch": true,
        "source": "literal",
        "visible": true,
        "isEditable": true,
        "validation": {
          "maxLength": "0",
          "required": true
        }
      },
      {
        "fieldName": "MP",
        "title": "MP",
        "Description": "Specify 'Applicable' if the input data is expected in the MP Batch processing.Blank cell indicates that the input data is not expected for the batch",
        "type": "picklistDropdown",
        "selectionType": "single",
        "clearSearch": true,
        "select": "NONE",
        "source": "picklist",
        "key": "Integration App",
        "visible": false,
        "isEditable": true,
        "validation": {
          "maxLength": "0",
          "required": false
        }
      },
      {
        "fieldName": "DP",
        "title": "DP",
        "Description": "Specify 'Applicable' if the input data is expected in the DP Batch processing.Blank cell indicates that the input data is not expected for the batch",
        "type": "picklistDropdown",
        "selectionType": "single",
        "clearSearch": true,
        "select": "NONE",
        "source": "picklist",
        "key": "Integration App",
        "visible": true,
        "isEditable": true,
        "validation": {
          "maxLength": "0",
          "required": false
        }
      },
      {
        "fieldName": "OP",
        "title": "OP",
        "Description": "Specify 'Applicable' if the input data is expected in the OP Batch processing.Blank cell indicates that the input data is not expected for the batch",
        "type": "picklistDropdown",
        "selectionType": "single",
        "clearSearch": true,
        "select": "NONE",
        "source": "picklist",
        "key": "Integration App",
        "visible": true,
        "isEditable": true,
        "validation": {
          "maxLength": "0",
          "required": false
        }
      },
      {
        "fieldName": "MEIO",
        "title": "MEIO",
        "Description": "Specify 'Applicable' if the input data is expected in the MEIO Batch processing.Blank cell indicates that the input data is not expected for the batch",
        "type": "picklistDropdown",
        "selectionType": "single",
        "clearSearch": true,
        "select": "NONE",
        "source": "picklist",
        "key": "Integration App",
        "visible": true,
        "isEditable": true,
        "validation": {
          "maxLength": "0",
          "required": false
        }
      },
      {
        "fieldName": "ControlTower",
        "title": "ControlTower",
        "Description": "Specify 'Applicable' if the input data is expected in the Control Tower Batch processing.Blank cell indicates that the input data is not expected for the batch",
        "type": "picklistDropdown",
        "selectionType": "single",
        "clearSearch": true,
        "select": "NONE",
        "source": "picklist",
        "key": "Integration App",
        "visible": true,
        "isEditable": false,
        "validation": {
          "maxLength": "0",
          "required": false
        }
      },
      {
        "fieldName": "RetailReplenishment",
        "title": "Retail Replenishment",
        "Description": "Specify Applicable if the input data is expected in the Batch processing.Blank cell indicates that the input data is not expected for the batch",
        "type": "picklistDropdown",
        "selectionType": "single",
        "clearSearch": true,
        "select": "NONE",
        "source": "picklist",
        "key": "Integration App",
        "visible": true,
        "isEditable": true,
        "validation": {
          "maxLength": "0",
          "required": false
        }
      },
      {
        "fieldName": "CommercialPlanning",
        "title": "Commercial Planning",
        "Description": "Specify Applicable if the input data is expected in the Batch processing.Blank cell indicates that the input data is not expected for the batch",
        "type": "picklistDropdown",
        "selectionType": "single",
        "clearSearch": true,
        "select": "NONE",
        "source": "picklist",
        "key": "Integration App",
        "visible": true,
        "isEditable": true,
        "validation": {
          "maxLength": "0",
          "required": false
        }
      },
      {
        "fieldName": "Scheduling",
        "title": "Scheduling",
        "Description": "Specify Applicable if the input data is expected in the Batch processing.Blank cell indicates that the input data is not expected for the batch",
        "type": "picklistDropdown",
        "selectionType": "single",
        "clearSearch": true,
        "select": "NONE",
        "source": "picklist",
        "key": "Integration App",
        "visible": true,
        "isEditable": true,
        "validation": {
          "maxLength": "0",
          "required": false
        }
      },
      {
        "fieldName": "TLB",
        "title": "TLB",
        "type": "picklistDropdown",
        "selectionType": "single",
        "clearSearch": true,
        "select": "NONE",
        "source": "picklist",
        "key": "Integration App",
        "visible": true,
        "isEditable": true,
        "validation": {
          "maxLength": "0",
          "required": false
        },
        "Description": "Specify Applicable if the input data is expected in the Batch processing.Blank cell indicates that the input data is not expected for the batch"
      },
      {
        "fieldName": "OrderPromising",
        "title": "OrderPromising",
        "Description": "Specify Applicable if the input data is expected in the Batch processing.Blank cell indicates that the input data is not expected for the batch",
        "type": "picklistDropdown",
        "selectionType": "single",
        "clearSearch": true,
        "select": "NONE",
        "source": "picklist",
        "key": "Integration App",
        "visible": true,
        "isEditable": true,
        "validation": {
          "maxLength": "0",
          "required": false
        }
      },
      {
        "fieldName": "Segmentation",
        "title": "Segmentation",
        "Description": "Specify Applicable if the input data is expected in the Batch processing.Blank cell indicates that the input data is not expected for the batch",
        "type": "picklistDropdown",
        "selectionType": "single",
        "clearSearch": true,
        "select": "NONE",
        "source": "picklist",
        "key": "Integration App",
        "visible": true,
        "isEditable": true,
        "validation": {
          "maxLength": "0",
          "required": false
        }
      }
    ],
    "DataSources": [],
    "AutoExecute": false,
    "isAsync": false,
    "hasMembersUpdates": false,
    "Compact": false,
    "TwoColumn": false,
    "IsGlobalForExcelAddIn": false,
    "ExcludeFromNavLink": false,
    "FilterFieldBindings": []
  },
  "Widget": null
}