{
  "AttributeName": "Entity Id",
  "AttributeId": "03be7cc7-6c5d-479e-9822-7c316307b24c",
  "AttributeHierarchyEnabled": false,
  "IsKey": false,
  "Description": "Entity Id",
  "OrderBy": "Key",
  "KeyColumnName": "EntityIdKey",
  "NameColumnName": null,
  "KeyColumnDataType": "string",
  "SeedTags": false,
  "KeyGenerationType": null,
  "PickListName": null,
  "ConfigJson": {
    "IsVisible": true,
    "IsEditable": true
  },
  "FormatString": "#,##0;(#,##0)",
  "Translation": null,
  "Aliases": [],
  "ApiName": null,
  "ApiDisabled": false
}