{
  "Name": "MFPInfoBUSalesForecast",
  "Description": "Information",
  "ActionButtonId": "e181bf9a-d5f6-b5c5-617c-5360f6d46bf1",
  "Tooltip": "Report Information",
  "ActionButtonType": "Widget",
  "Alignment": "right",
  "IsPopOver": true,
  "IsGlobal": true,
  "ActionClickHandler": null,
  "Icon": null,
  "Image": null,
  "ConfigJson": {
    "icon": "info-circle",
    "SubmitButton": {
      "Label": " "
    },
    "ResetButton": {},
    "CloseButton": {
      "Label": " "
    },
    "NotifyRoles": false,
    "NotifyAll": false,
    "IBPLRules": [],
    "JavascriptRules": [],
    "FieldBindings": [
      {
        "fieldName": "Information",
        "title": "Information",
        "type": "info",
        "clearSearch": true,
        "source": "literal",
        "defaultValue": "<!DOCTYPE html> <html lang=\"en\"> <head>     <meta charset=\"UTF-8\">     <meta name=\"viewport\" content=\"width=device-width, initial-scale=1.0\">     <title>Unit-Based Forecast Generation</title> </head> <body style=\"text-align: left;\">     <p style=\"text-align: left;\"><strong>Overview</strong></p>     <p style=\"text-align: left;\">         Allows the planners to generate unit-based forecasts using historical options for future selling seasons at Department,          Country, and Channel level, enhancing planning accuracy by accounting for trends, seasonality, and market shifts beyond          what historical data alone can offer.     </p>      <p style=\"text-align: left;\"><strong>How to Use</strong></p>     <p style=\"text-align: left;\">         1. Click \"Generate Forecast\" to create unit-based forecast values.<br><br>         2. Navigate to Sales Plan and select Forecast as the seed option for improved accuracy.     </p> </body> </html>",
        "visible": true,
        "isEditable": true,
        "validation": {
          "maxLength": "0",
          "required": true
        }
      }
    ],
    "Range": [],
    "DataSources": [],
    "AutoExecute": false,
    "isAsync": false,
    "hasMembersUpdates": false,
    "Compact": false,
    "TwoColumn": false,
    "IsGlobalForExcelAddIn": false,
    "ReturnFilterByUpdate": false,
    "ExcludeFromNavLink": false,
    "FilterFieldBindings": []
  },
  "Widget": null,
  "Roles": []
}