{
  "MeasureGroupName": "003.002 Extension Shrinkage Base Plugin Measure",
  "MeasureGroupId": "69b14a0e-d35b-78c8-b056-e0d591a1dd16",
  "ParentMeasureGroupName": null,
  "HasShadow": false,
  "MeasureGroupDescription": "003.002 Extension Shrinkage Base Plugin Measure",
  "MeasureGroupType": "Regular",
  "FactTableName": "Fact003.002ExtensionShrinkageBasePluginMeasure",
  "SchemaMajorVersion": 0,
  "ConfigJson": {},
  "ApiName": null,
  "Repartition": false,
  "Unpartition": false,
  "ApiEnabled": false,
  "DimensionUsages": [
    {
      "DimensionName": "Version",
      "AttributeName": "Version Name",
      "SortOrder": 0,
      "DimensionType": "Regular"
    }
  ]
}