{
  "AttributeName": "Retail_AP_RP_Product_Cluster_NN",
  "AttributeId": "0d119c99-f805-0c49-20e8-8d65dba8b7cf",
  "AttributeHierarchyEnabled": true,
  "IsKey": false,
  "Description": "Retail AP Ranging Product and Cluster Named Node",
  "OrderBy": "Key",
  "KeyColumnName": "Retail_AP_RP_Product_Cluster_NNKey",
  "NameColumnName": "Retail_AP_RP_Product_Cluster_NNName",
  "KeyColumnDataType": "integer",
  "SeedTags": true,
  "KeyGenerationType": "Auto",
  "PickListName": null,
  "ConfigJson": {
    "ShowFilterAs": "TileView",
    "MemberDisplayNameEditable": true,
    "IsMultipleImage": false,
    "MemberDisplayColor": false
  },
  "FormatString": null,
  "Translation": null,
  "Aliases": [],
  "ApiName": null,
  "ApiDisabled": false,
  "ParentAttributeName": null,
  "NamedNodeUsages": [
    {
      "DimensionName": "Item",
      "AttributeName": "Planning Item"
    },
    {
      "DimensionName": "Location",
      "AttributeName": "Location"
    },
    {
      "DimensionName": "Cluster",
      "AttributeName": "Cluster"
    }
  ]
}