{
  "MeasureName": "Tgt Weeks of Cover AP",
  "MeasureId": "75ed1030-6d9e-4c9c-dc3f-6260a6b7d1ea",
  "MeasureDescription": "Tgt Weeks of Cover AP",
  "DataType": "number",
  "MeasureType": "Regular",
  "AggregateFunction": "AvgNonNullOrZero",
  "FormatString": "#,##0;(#,##0)",
  "MeasureColumnName": "TgtWeeksofCoverAP",
  "MeasureFormula": "",
  "IsEditable": false,
  "ApplyConversion": false,
  "ConversionFormula": "",
  "PickListName": null,
  "BgColorFormula": "",
  "FgColorFormula": "",
  "TrendFormula": "",
  "FormattingViewModel": "[]",
  "ParentMeasureName": null,
  "AssociationMeasure": false,
  "IsComputedByPlanningService": false,
  "ToolTip": "Tgt Weeks of Cover AP",
  "ConfigJson": {},
  "ApiName": null,
  "ApiDisabled": false,
  "IsReportingMeasure": false,
  "MeasureConditionalFormulaProperties": [],
  "PicklistSource": null
}