{
  "AttributeName": "Retail_MFP_BU_Time_NN",
  "AttributeId": "e5b58081-3dc0-c0f0-bfda-688ef944c794",
  "AttributeHierarchyEnabled": true,
  "IsKey": false,
  "Description": "Retail MFP Bottom Up Time For Plugins",
  "OrderBy": "Key",
  "KeyColumnName": "Retail_MFP_BU_Time_NNKey",
  "NameColumnName": "Retail_MFP_BU_Time_NNName",
  "KeyColumnDataType": "integer",
  "SeedTags": true,
  "KeyGenerationType": "Auto",
  "PickListName": null,
  "ConfigJson": {
    "ShowFilterAs": "TileView",
    "MemberDisplayNameEditable": true,
    "IsMultipleImage": false,
    "MemberDisplayColor": false
  },
  "FormatString": null,
  "Translation": null,
  "Aliases": [],
  "ApiName": null,
  "ApiDisabled": false,
  "ParentAttributeName": null,
  "NamedNodeUsages": [
    {
      "DimensionName": "Time",
      "AttributeName": "Week"
    }
  ]
}