{
  "AttributeName": "Created By",
  "AttributeId": "67f6ee93-c0b9-c4ca-f1f9-ea4a4b16789d",
  "AttributeHierarchyEnabled": false,
  "IsKey": false,
  "Description": "Forecast Iteration Created By",
  "OrderBy": "Key",
  "KeyColumnName": "CreatedByKey",
  "NameColumnName": null,
  "KeyColumnDataType": "string",
  "SeedTags": false,
  "KeyGenerationType": null,
  "PickListName": null,
  "ConfigJson": {
    "IsVisible": true,
    "IsEditable": true
  },
  "FormatString": "",
  "Translation": null,
  "Aliases": [],
  "ApiName": null,
  "ApiDisabled": false,
  "FgColorFormula": null,
  "BgColorFormula": null,
  "IsReservedBySystem": false
}