{
  "AttributeName": "Retail_MFP_SP_Product_Location_NN",
  "AttributeId": "ff9ca4b0-8306-3212-682c-c5e4219e9f9c",
  "AttributeHierarchyEnabled": true,
  "IsKey": false,
  "Description": "Retail MFP Strategic Plan Product and Location Namednode",
  "OrderBy": "Key",
  "KeyColumnName": "Retail_MFP_SP_Product_Location_NNKey",
  "NameColumnName": "Retail_MFP_SP_Product_Location_NNName",
  "KeyColumnDataType": "integer",
  "SeedTags": true,
  "KeyGenerationType": "Auto",
  "PickListName": null,
  "ConfigJson": {
    "ShowFilterAs": "TileView",
    "MemberDisplayNameEditable": true,
    "IsMultipleImage": false,
    "MemberDisplayColor": false
  },
  "FormatString": null,
  "Translation": null,
  "Aliases": [],
  "ApiName": null,
  "ApiDisabled": false,
  "ParentAttributeName": null,
  "NamedNodeUsages": [
    {
      "DimensionName": "Item",
      "AttributeName": "L6"
    },
    {
      "DimensionName": "Location",
      "AttributeName": "Location Country"
    }
  ]
}