{
  "AttributeName": "Container Mfg Date",
  "AttributeId": "191f67dd-6e27-4a37-95e9-49eadd35fa91",
  "AttributeHierarchyEnabled": false,
  "IsKey": false,
  "Description": "Container Mfg Date",
  "OrderBy": "Key",
  "KeyColumnName": "ContainerMfgDateKey",
  "NameColumnName": null,
  "KeyColumnDataType": "datetime",
  "SeedTags": false,
  "KeyGenerationType": null,
  "PickListName": null,
  "ConfigJson": {
    "IsVisible": true,
    "IsEditable": true
  },
  "FormatString": "yyyy-MM-dd",
  "Translation": null,
  "Aliases": [],
  "ApiName": null,
  "ApiDisabled": false
}