{
  "Name": "SupplyPlan065DGetRelatedDemandsDaily",
  "Description": "Related Demand Identification",
  "ActionButtonId": "eddd25fb-cf67-42cb-a0a2-b06c2711a794",
  "Tooltip": "Get Related Demand Daily",
  "ActionButtonType": "Rule",
  "Alignment": "right",
  "IsPopOver": true,
  "IsGlobal": false,
  "ActionClickHandler": null,
  "Icon": null,
  "Image": null,
  "ConfigJson": {
    "icon": "binoculars",
    "Position": "0",
    "SubmitButton": {
      "Label": "Submit"
    },
    "ResetButton": {
      "Label": "Reset"
    },
    "CloseButton": {
      "Label": "Close",
      "ConfirmMessage": "Unsaved changes will be lost. Continue?"
    },
    "NotifyAll": false,
    "IBPLRules": [
      {
        "template": "//Solver instance to identify supply chain segments\n\nexec procedure IdentifySegmentsDaily{\"Version\" : [{{#csv Version}}],\"DSolverCurrentBucket\" : \"{{SolverCurrentBucket}}\" , \"DSolverStartingBucket\" : \"{{SolverStartingBucket}}\", \"DSolverEndingBucket\" : \"{{SolverEndingBucket}}\"};"
      },
      {
        "template": "\n// Plugin to get related demands nodes\n\nTRUNCATE DATA FOR MODEL[011.004D Plugin Outputs Material Node Segment By Sequence ID] with VERSIONNAME[{{Version}}];\nTRUNCATE DATA FOR MODEL [011.006D Plugin Outputs Resource Node Segment By Sequence ID] with VERSIONNAME[{{Version}}];\n\n\nEXEC plugin instance [SupplyPlan019DAddSequenceToNetworkSegmentID] for measures {[D Item Segment Number By Sequence ID]} using scope ([Version].[Version Name]{{#filter Version}}) using arguments {(DriverMemory,\"5g\"),(ExecutionMode,\"MediumWeight\")}; \n"
      },
      {
        "template": "//Nulling out measure used for demand selection type datasource-------------\n\nCartesian Scope: ([Version].[Version Name]{{#filter Version}});\nMeasure.[Always Null] = null;\nend scope;"
      }
    ],
    "JavascriptRules": [],
    "FieldBindings": [
      {
        "fieldName": "Version",
        "title": "Version Name",
        "Description": "Version name",
        "type": "picklistDropdown",
        "selectionType": "single",
        "clearSearch": true,
        "select": "ALL",
        "source": "members",
        "DimensionName": "Version",
        "LevelAttributeName": "Version Name",
        "visible": true,
        "isEditable": true,
        "validation": {
          "maxLength": "0",
          "required": true
        }
      },
      {
        "fieldName": "SolverCurrentBucket",
        "title": "SolverCurrentBucket",
        "type": "string",
        "selectionType": "single",
        "clearSearch": true,
        "select": "ALL",
        "source": "datasource",
        "key": "SolverCurrentBucket",
        "valueField": "Name",
        "textField": "Name",
        "visible": false,
        "isEditable": false,
        "validation": {
          "maxLength": "0",
          "required": true
        },
        "overrideFieldBindingType": false
      },
      {
        "fieldName": "SolverStartingBucket",
        "title": "SolverStartingBucket",
        "type": "string",
        "selectionType": "single",
        "clearSearch": true,
        "select": "ALL",
        "source": "datasource",
        "key": "SolverStartingBucket",
        "valueField": "Name",
        "textField": "Name",
        "visible": false,
        "isEditable": false,
        "validation": {
          "maxLength": "0",
          "required": true
        },
        "overrideFieldBindingType": false
      },
      {
        "fieldName": "SolverEndingBucket",
        "title": "SolverEndingBucket",
        "type": "string",
        "selectionType": "single",
        "clearSearch": true,
        "source": "datasource",
        "key": "SolverEndingBucket",
        "valueField": "Name",
        "textField": "Name",
        "visible": false,
        "isEditable": false,
        "validation": {
          "maxLength": "0",
          "required": true
        },
        "overrideFieldBindingType": false
      }
    ],
    "DataSources": [
      {
        "Name": "SolverStartingBucket",
        "IBPLRules": [
          {
            "template": "SELECT &DailySolverStartBucket.element(0);"
          }
        ],
        "JavascriptRules": [],
        "IncludeDSFieldsOnly": false,
        "FieldBindings": []
      },
      {
        "Name": "SolverEndingBucket",
        "IBPLRules": [
          {
            "template": "SELECT &DailySolverEndBucket.element(0);"
          }
        ],
        "JavascriptRules": [],
        "IncludeDSFieldsOnly": false,
        "FieldBindings": []
      },
      {
        "Name": "SolverCurrentBucket",
        "IBPLRules": [
          {
            "template": "SELECT &DailySolverCurrentBucket.element(0);"
          }
        ],
        "JavascriptRules": [],
        "IncludeDSFieldsOnly": false,
        "FieldBindings": []
      }
    ],
    "AutoExecute": false,
    "isAsync": true,
    "hasMembersUpdates": false,
    "Compact": false,
    "TwoColumn": false,
    "IsGlobalForExcelAddIn": false,
    "ExcludeFromNavLink": false,
    "FilterFieldBindings": []
  },
  "Widget": null
}