{
  "MeasureName": "Total Minimum Buy L3",
  "MeasureId": "649bacd9-73f5-7258-53a1-e101bb9aff82",
  "MeasureDescription": "Total Minimum Buy at L3",
  "DataType": "integer",
  "MeasureType": "Regular",
  "AggregateFunction": "Max",
  "FormatString": "#,##0; (#,##0)",
  "MeasureColumnName": "TotalMinimumBuyL3",
  "MeasureFormula": "",
  "IsEditable": true,
  "ApplyConversion": false,
  "ConversionFormula": "",
  "PickListName": null,
  "BgColorFormula": "",
  "FgColorFormula": "",
  "TrendFormula": "",
  "FormattingViewModel": "[]",
  "ParentMeasureName": null,
  "AssociationMeasure": false,
  "IsComputedByPlanningService": false,
  "ToolTip": "Total Minimum Buy at L3",
  "ConfigJson": {},
  "ApiName": null,
  "ApiDisabled": false,
  "IsReportingMeasure": false,
  "MeasureConditionalFormulaProperties": [],
  "PicklistSource": null
}