{
  "Name": "SupplyPlan144EnablePROCUnloadingResource",
  "Description": "SupplyPlan144EnablePROCUnloadingResource",
  "ActionButtonId": "2492d408-f29a-420e-85f9-8528769333b6",
  "Tooltip": "SupplyPlan144EnablePROCUnloadingResource",
  "ActionButtonType": "Widget",
  "Alignment": "right",
  "IsPopOver": true,
  "IsGlobal": true,
  "ActionClickHandler": null,
  "Icon": null,
  "Image": null,
  "ConfigJson": {
    "icon": "plus",
    "SubmitButton": {
      "Label": "Submit"
    },
    "ResetButton": {
      "Label": "Reset"
    },
    "CloseButton": {
      "Label": "Close",
      "ConfirmMessage": "Unsaved changes will be lost. Continue?"
    },
    "NotifyAll": false,
    "IBPLRules": [
      {
        "template": "cartesian scope: (Version.[Version Name]{{#filter Version}} * Location.Location{{#filter Location}} ); \nMeasure.[PROC UnLoading Shared Resource Association] = 1; \nend scope;"
      },
      {
        "template": "cartesian scope: (Version.[Version Name]{{#filter Version}} * Location.Location{{#filter Location}} );\nMeasure.[PROC UnLoading Shared Resource Association NC Addition] = 1;\nend scope;\n\nscope: (Version.[Version Name]{{#filter Version}} * Location.Location{{#filter Location}} );\nMeasure.[PROC UnLoading Shared Resource Association NC Deletion] = Null;\nend scope;\n\nscope:(Version.[Version Name]{{#filter Version}} * Location.[Location]{{#filter Location}});\nMeasure.[PROCUnLoadingResource] = if (Measure.[PROC UnLoading Shared Resource Association] > 0) then (\"PROCUnLoading_Resource_{{Location}}\");\nend scope;\n\nCreateMember( \nResource.[Resource]={,Measure.[PROCUnLoadingResource]},\nResource.[Resource All]={,[All]},\nResource.[Resource Type]={,[Procurement UnLoading]},\nResource.[Resource Alternate Group1]={,[Procurement UnLoading]},\nResource.[Resource Alternate Group2]={,[Procurement UnLoading]})\nusing scope (Version.[Version Name]{{#filter Version}} * Location.[Location]{{#filter Location}});\n\nCartesian Scope: (Version.[Version Name]{{#filter Version}} * Location.[Location]{{#filter Location}} * &PROCInboundResource.[PROCUnLoading_Resource_{{Location}}]);\nMeasure.[PROC Inbound Shared Resource Association Intermediate] = 1;\nMeasure.[PROC Inbound Shared Resource Category Intermediate] = \"I\";\nend scope;"
      }
    ],
    "JavascriptRules": [],
    "FieldBindings": [
      {
        "fieldName": "Version",
        "title": "Version",
        "Description": "Version",
        "type": "picklistDropdown",
        "selectionType": "single",
        "clearSearch": true,
        "source": "filter",
        "DimensionName": "Version",
        "LevelAttributeName": "Version Name",
        "visible": true,
        "isEditable": false,
        "validation": {
          "maxLength": "0",
          "required": true
        }
      },
      {
        "fieldName": "Location",
        "title": "Destination Location",
        "type": "picklistDropdown",
        "selectionType": "single",
        "clearSearch": true,
        "select": "NONE",
        "source": "members",
        "DimensionName": "Location",
        "LevelAttributeName": "Location",
        "FilterExpression": "&AllPlantAndDCLocations",
        "visible": true,
        "isEditable": true,
        "validation": {
          "maxLength": "0",
          "required": true
        }
      }
    ],
    "DataSources": [],
    "AutoExecute": false,
    "isAsync": false,
    "hasMembersUpdates": false,
    "Compact": false,
    "TwoColumn": false,
    "IsGlobalForExcelAddIn": false,
    "ReturnFilterByUpdate": false,
    "ExcludeFromNavLink": false,
    "FilterFieldBindings": []
  },
  "Widget": null
}