{
  "AttributeName": "Cases Per Pallet",
  "AttributeId": "322fb63b-1b9e-cee8-6323-a0e938d66c4e",
  "AttributeHierarchyEnabled": false,
  "IsKey": false,
  "Description": "Number of cases that can be arranged in a pallet",
  "OrderBy": "Key",
  "KeyColumnName": "CasesPerPalletKey",
  "NameColumnName": null,
  "KeyColumnDataType": "number",
  "SeedTags": false,
  "KeyGenerationType": null,
  "PickListName": null,
  "ConfigJson": {
    "IsVisible": false
  },
  "FormatString": "#,##0; (#,##0)",
  "Translation": null,
  "Aliases": [],
  "ApiName": null,
  "ApiDisabled": false
}