{
  "EdgePropertyId": "696a3263-05e7-4bfc-8781-e6ac7e34b926",
  "PropertyName": "Pegging Measure Name",
  "PropertyDescription": "Pegging Measure Name in Netting",
  "PropertyDataType": "string",
  "PropertyDataSize": 0,
  "PropertyColumnName": "PeggingMeasureName",
  "AggregateFunction": "DistinctSum",
  "PropertyFormula": "",
  "IsEditable": false,
  "FormatString": "",
  "ActivationProperty": false,
  "IsComputedByPlanningService": false,
  "ToolTip": null,
  "ApiName": null,
  "ApiDisabled": false,
  "BgColorFormula": "",
  "FgColorFormula": "",
  "TrendFormula": "",
  "FormattingViewModel": null,
  "ConditionalFormulas": []
}