{
  "MeasureGroupName": "090 Stat Model Parameter Association",
  "MeasureGroupId": "f6a356e2-0ca2-4a81-8f7f-b104f88ea524",
  "ParentMeasureGroupName": null,
  "HasShadow": false,
  "MeasureGroupDescription": "Specifies the Model, Algorithm and Parameter association and  the parameter values for the combinations",
  "MeasureGroupType": "Regular",
  "FactTableName": "Fact090StatModelParameterAssociation",
  "SchemaMajorVersion": 0,
  "ConfigJson": {},
  "ApiName": null,
  "Repartition": false,
  "Unpartition": false,
  "ApiEnabled": false,
  "DimensionUsages": [
    {
      "DimensionName": "Version",
      "AttributeName": "Version Name",
      "SortOrder": 1,
      "DimensionType": "Regular"
    },
    {
      "DimensionName": "Stat Algorithm",
      "AttributeName": "Stat Algorithm",
      "SortOrder": 2,
      "DimensionType": "Regular"
    },
    {
      "DimensionName": "Stat Parameter",
      "AttributeName": "Stat Parameter",
      "SortOrder": 3,
      "DimensionType": "Regular"
    },
    {
      "DimensionName": "Stat Model",
      "AttributeName": "Stat Model",
      "SortOrder": 4,
      "DimensionType": "Regular"
    }
  ]
}