{
  "MeasureGroupName": "o9EKG Environment Diagnostics",
  "MeasureGroupId": "9f8c93f1-cb46-a909-35be-72770706a7ee",
  "ParentMeasureGroupName": null,
  "HasShadow": false,
  "MeasureGroupDescription": "o9EKG Environment Diagnostics",
  "MeasureGroupType": "Regular",
  "FactTableName": "Facto9EKGEnvironmentDiagnostics",
  "SchemaMajorVersion": 0,
  "ConfigJson": {},
  "ApiName": null,
  "Repartition": false,
  "Unpartition": false,
  "ApiEnabled": false,
  "DimensionUsages": [
    {
      "DimensionName": "Version",
      "AttributeName": "Version Name",
      "SortOrder": 0,
      "DimensionType": "Regular"
    },
    {
      "DimensionName": "o9EKGSequence",
      "AttributeName": "o9EKGSequenceNumber",
      "SortOrder": 1,
      "DimensionType": null
    }
  ]
}