{
  "Name": "SupplyPlan145DailyProductionPlanRecommendationCreateNewLineItem",
  "Description": "Create New Production Plan Recommendation",
  "ActionButtonId": "09e9f198-089e-bce5-430d-5f35da15da3e",
  "Tooltip": "Create New Production Plan Recommendation",
  "ActionButtonType": "Widget",
  "Alignment": "right",
  "IsPopOver": true,
  "IsGlobal": true,
  "ActionClickHandler": null,
  "Icon": null,
  "Image": null,
  "ConfigJson": {
    "DisplayName": "Create",
    "icon": "plus",
    "SubmitButton": {
      "Label": "Submit"
    },
    "ResetButton": {
      "Label": "Reset"
    },
    "CloseButton": {
      "Label": "Close",
      "ConfirmMessage": "Unsaved changes will be lost. Continue?"
    },
    "NotifyRoles": true,
    "NotifyAll": false,
    "IBPLRules": [
      {
        "template": "Cartesian Scope:([Activity2].[Activity2]{{#filter RoutingID}} * [Version].[Version Name]{{#filter Version}} * [Activity1].[Activity1]{{#filter BOMID}} * [Location].[Location]{{#filter Location}} * [Time].[Day]{{#filter Time}} * [Item].[Item]{{#filter Item}});\nMeasure.[D Production Plan Recommendation In Release Window OverRide] = {{OverrideQuantity}} ;\nend scope; "
      },
      {
        "template": "//scope statement for Override Reason\n\nCartesian Scope:([Activity2].[Activity2]{{#filter RoutingID}} * [Version].[Version Name]{{#filter Version}} * [Activity1].[Activity1]{{#filter BOMID}} * [Location].[Location]{{#filter Location}} * [Time].[Day]{{#filter Time}} * [Item].[Item]{{#filter Item}});\nMeasure.[D Production Plan Override Reason] = \"{{OverrideReason}}\";\nend scope;"
      }
    ],
    "JavascriptRules": [],
    "FieldBindings": [
      {
        "fieldName": "Version",
        "title": "Version",
        "Description": "Version",
        "type": "picklistDropdown",
        "selectionType": "single",
        "clearSearch": true,
        "source": "filter",
        "DimensionName": "Version",
        "LevelAttributeName": "Version Name",
        "visible": true,
        "isEditable": false,
        "validation": {
          "maxLength": "0",
          "required": true
        }
      },
      {
        "fieldName": "Location",
        "title": "Plant Location",
        "Description": "Plant Location",
        "type": "picklistDropdown",
        "selectionType": "single",
        "clearSearch": true,
        "select": "NONE",
        "source": "members",
        "DimensionName": "Location",
        "LevelAttributeName": "Location",
        "FilterExpression": "&AllPlantLocations",
        "visible": true,
        "isEditable": true,
        "validation": {
          "maxLength": "0",
          "required": true
        }
      },
      {
        "fieldName": "Item",
        "title": "Produced Item",
        "Description": "Produced Item",
        "type": "picklistDropdown",
        "selectionType": "single",
        "clearSearch": true,
        "select": "NONE",
        "source": "members",
        "DimensionName": "Item",
        "LevelAttributeName": "Item",
        "FilterExpression": "&AllManufacturedItems",
        "visible": true,
        "isEditable": true,
        "validation": {
          "maxLength": "0",
          "required": true
        }
      },
      {
        "fieldName": "BOMID",
        "title": "BOMID",
        "Description": "BOMID",
        "type": "picklistDropdown",
        "selectionType": "single",
        "clearSearch": true,
        "select": "NONE",
        "source": "datasource",
        "key": "BOMIDs",
        "valueField": "Name",
        "textField": "Name",
        "visible": true,
        "isEditable": true,
        "cascadeFrom": "Item",
        "validation": {
          "maxLength": "0",
          "required": true
        },
        "overrideFieldBindingType": false
      },
      {
        "fieldName": "RoutingID",
        "title": "RoutingID",
        "Description": "RoutingID",
        "type": "picklistDropdown",
        "selectionType": "single",
        "clearSearch": true,
        "select": "NONE",
        "source": "datasource",
        "key": "ROUTINGIDs",
        "valueField": "Name",
        "textField": "Name",
        "visible": true,
        "isEditable": true,
        "cascadeFrom": "Item",
        "validation": {
          "maxLength": "0",
          "required": true
        },
        "overrideFieldBindingType": false
      },
      {
        "fieldName": "Time",
        "title": "Produced Day",
        "Description": "Produced Day",
        "type": "picklistDropdown",
        "selectionType": "single",
        "clearSearch": true,
        "select": "NONE",
        "source": "datasource",
        "key": "Day",
        "valueField": "Name",
        "textField": "Name",
        "visible": true,
        "isEditable": true,
        "cascadeFrom": "Item",
        "validation": {
          "maxLength": "0",
          "required": true
        },
        "overrideFieldBindingType": false
      },
      {
        "fieldName": "OverrideReason",
        "title": "OverrideReason",
        "Description": "Reason for adding this new line item",
        "type": "picklistDropdown",
        "selectionType": "single",
        "clearSearch": true,
        "select": "NONE",
        "source": "picklist",
        "key": "ProductionPlanRecommendationOverrideReasonList",
        "visible": true,
        "isEditable": true,
        "validation": {
          "maxLength": "0",
          "required": true
        }
      },
      {
        "fieldName": "OverrideQuantity",
        "title": "OverrideQuantity",
        "Description": "Override Quantity for this line item",
        "type": "number",
        "selectionType": "single",
        "clearSearch": true,
        "source": "literal",
        "visible": true,
        "isEditable": true,
        "validation": {
          "maxLength": "0",
          "required": true
        }
      }
    ],
    "Range": [],
    "DataSources": [
      {
        "Name": "BOMIDs",
        "IBPLRules": [
          {
            "template": "select (Activity1.[Activity1]) where {[Version].[Version Name]{{#filter Version}}, [Location].[Location]{{#filter Location}}, [Item].[Item]{{#filter Item}},Measure.[Final BOM Association]>=0};"
          }
        ],
        "JavascriptRules": [],
        "IncludeDSFieldsOnly": false,
        "FieldBindings": []
      },
      {
        "Name": "ROUTINGIDs",
        "IBPLRules": [
          {
            "template": "select (Activity2.[Activity2]) where {[Version].[Version Name]{{#filter Version}}, [Location].[Location]{{#filter Location}}, [Item].[Item]{{#filter Item}},Measure.[Final Routing Item Location Association]>=0};"
          }
        ],
        "JavascriptRules": [],
        "IncludeDSFieldsOnly": false,
        "FieldBindings": []
      },
      {
        "Name": "Day",
        "IBPLRules": [
          {
            "template": "select ([Time].[Day]) where {[Version].[Version Name]{{#filter Version}}, [Location].[Location]{{#filter Location}}, [Item].[Item]{{#filter Item}},Measure.[D MFG Release Window TG] > 0};\n\n\n"
          }
        ],
        "JavascriptRules": [],
        "IncludeDSFieldsOnly": false,
        "FieldBindings": []
      }
    ],
    "AutoExecute": false,
    "isAsync": true,
    "hasMembersUpdates": false,
    "Compact": false,
    "TwoColumn": false,
    "IsGlobalForExcelAddIn": false,
    "ReturnFilterByUpdate": false,
    "ExcludeFromNavLink": false,
    "FilterFieldBindings": []
  },
  "Widget": null,
  "Roles": []
}