{
  "MeasureName": "D Demand Priority Plugin Output Rules Used",
  "MeasureId": "25c28c8b-45e5-45b2-a08f-0d831bb73c32",
  "MeasureDescription": "Demand Priority Plugin Output Rules Used: Displays the specific rule that was applied to determine the priority for a given demand. For details on rule groups and their mappings, refer to the inputs page.",
  "DataType": "string",
  "MeasureType": "Regular",
  "AggregateFunction": "DistinctSum",
  "FormatString": "#",
  "MeasureColumnName": "DDemandPriorityPluginOutputRulesUsed",
  "MeasureFormula": "",
  "IsEditable": false,
  "ApplyConversion": false,
  "ConversionFormula": "",
  "PickListName": null,
  "BgColorFormula": "",
  "FgColorFormula": "",
  "TrendFormula": "",
  "FormattingViewModel": "[]",
  "ParentMeasureName": null,
  "AssociationMeasure": false,
  "IsComputedByPlanningService": false,
  "ToolTip": "Demand Priority Plugin Output Rules Used: Displays the specific rule that was applied to determine the priority for a given demand. For details on rule groups and their mappings, refer to the inputs page.",
  "ConfigJson": {},
  "ApiName": null,
  "ApiDisabled": false,
  "IsReportingMeasure": false,
  "MeasureConditionalFormulaProperties": [],
  "PicklistSource": null
}