{
  "Name": "o9EKGDeleteBatchType",
  "Description": null,
  "ActionButtonId": "595c88c4-cd3b-88f6-f8cc-d02e6cbbdaa1",
  "Tooltip": "Delete Batch Type",
  "ActionButtonType": "Widget",
  "Alignment": "right",
  "IsPopOver": true,
  "IsGlobal": true,
  "ActionClickHandler": null,
  "Icon": null,
  "Image": null,
  "ConfigJson": {
    "DisplayName": "Delete Batch Type",
    "icon": "close",
    "SubmitButton": {
      "Label": "Submit",
      "ConfirmMessage": "This action will permanently delete the selected batch type . Are you sure you want to continue?        "
    },
    "ResetButton": {
      "Label": "Reset"
    },
    "CloseButton": {
      "Label": "Close",
      "ConfirmMessage": "Unsaved changes will be lost. Continue?"
    },
    "NotifyRoles": true,
    "NotifyAll": false,
    "IBPLRules": [
      {
        "template": "// Remove intersection\n\n{{#each BatchType}}\n\nblock scope: (&CWV * [o9EKG Customer].[Project Name].[{{Project}}] * [o9EKG Batch Type].[Batch Type].[{{this}}]);\nMeasure.[o9EKG Batch Description] = Null;\nMeasure.[o9EKG Batch FTB] = Null;\nMeasure.[o9EKG Tenant Inactive] = Null;\nMeasure.[o9EKG Tenant Active] = Null;\nMeasure.[o9EKG Start Email] = Null;\nMeasure.[o9EKG Stop Email] = Null;\nend scope;\n\n{{/each}}"
      }
    ],
    "JavascriptRules": [],
    "FieldBindings": [
      {
        "fieldName": "Project",
        "title": "Project",
        "type": "picklistDropdown",
        "selectionType": "single",
        "clearSearch": true,
        "source": "filter",
        "DimensionName": "o9EKG Customer",
        "LevelAttributeName": "Project Name",
        "visible": false,
        "isEditable": false,
        "validation": {
          "maxLength": "0",
          "required": true
        }
      },
      {
        "fieldName": "BatchType",
        "title": "Batch Type",
        "type": "picklistDropdown",
        "selectionType": "multiple",
        "clearSearch": true,
        "source": "parentAttribute",
        "DimensionName": "o9EKG Batch Type",
        "key": {
          "LevelAttribute": {
            "Name": "Batch Type",
            "Property": "Name"
          }
        },
        "visible": true,
        "isEditable": false,
        "validation": {
          "maxLength": "0",
          "required": true
        }
      }
    ],
    "Range": [],
    "DataSources": [],
    "AutoExecute": false,
    "isAsync": false,
    "hasMembersUpdates": true,
    "Compact": false,
    "TwoColumn": false,
    "IsGlobalForExcelAddIn": false,
    "ReturnFilterByUpdate": false,
    "ExcludeFromNavLink": false,
    "FilterFieldBindings": []
  },
  "Widget": null,
  "Roles": [
    "EKG_Intg_Arch",
    "EKG_SA"
  ]
}