{
  "Name": "Allocation On Hand at Item Level",
  "WidgetDefinitionName": "Allocation On Hand at Item Level",
  "IsPrimary": false,
  "ConfigJson": {
    "ContainerId": "fa0680ee-d2a8-4cdb-81f5-61fe5c661e3f",
    "CompositeContainerId": null,
    "Position": 0,
    "ShowInfoContext": {
      "ActionColumn": true,
      "RowInfo": true,
      "MemberInfo": true
    },
    "ShowHeader": {
      "Icon": "",
      "Color": null
    },
    "FilterScopes": [
      {
        "LevelAttribute": {
          "Dimension": "Pack",
          "AttributeName": "PackID"
        },
        "Scope": "Widget",
        "Widget": "f2241474-f3a0-b31b-43a0-17049553a11a"
      }
    ],
    "ActionButtonBindings": [
      {
        "ActionButtonName": "Allocation011Navigation1",
        "HotKey": "",
        "ExcludeHiddenAttributes": false
      }
    ]
  },
  "ViewWidgetDefinitionId": "4f72a184-cd6f-54df-8d10-9c6b1293ba0e",
  "Title": "On Hand - Item Level"
}