{
  "AttributeName": "Retail_AP_FD_SC_NN",
  "AttributeId": "ffa0f184-8c2f-a36e-88df-5cd0597ec077",
  "AttributeHierarchyEnabled": true,
  "IsKey": false,
  "Description": "Planning Item Product Attribute Group Mapping",
  "OrderBy": "Key",
  "KeyColumnName": "Retail_AP_FD_SC_NNKey",
  "NameColumnName": "Retail_AP_FD_SC_NNName",
  "KeyColumnDataType": "integer",
  "SeedTags": true,
  "KeyGenerationType": "Auto",
  "PickListName": null,
  "ConfigJson": {
    "ShowFilterAs": "TileView",
    "MemberDisplayNameEditable": true,
    "IsMultipleImage": false,
    "MemberDisplayColor": false
  },
  "FormatString": null,
  "Translation": null,
  "Aliases": [],
  "ApiName": null,
  "ApiDisabled": false,
  "ParentAttributeName": null,
  "NamedNodeUsages": [
    {
      "DimensionName": "Item",
      "AttributeName": "Planning Item"
    },
    {
      "DimensionName": "Selling Season",
      "AttributeName": "Selling Season"
    }
  ]
}