{
  "Name": "Input Summary SZP - Month",
  "WidgetDefinitionName": "Input Summary SZP - Month",
  "IsPrimary": true,
  "ConfigJson": {
    "ContainerId": "f7979ed9-cb5f-43f1-a63b-62c936f61c9d",
    "CompositeContainerId": null,
    "Position": 0,
    "ShowInfoContext": {
      "ActionColumn": true,
      "RowInfo": true,
      "MemberInfo": true
    },
    "ShowHeader": {
      "Icon": "",
      "Color": null
    },
    "ActionButtonBindings": [
      {
        "ActionButtonName": "",
        "HotKey": "",
        "ModuleId": ""
      }
    ]
  },
  "ViewWidgetDefinitionId": "c680487a-69dd-5e15-556e-5ef751782e57",
  "Title": "Overview"
}