{
  "Name": "o9EKGUpdateRuleSet",
  "Description": "Update Rule Set",
  "ActionButtonId": "72c6b3f3-3265-494a-7251-9202d85f9af1",
  "Tooltip": "Update Rule Set",
  "ActionButtonType": "Widget",
  "Alignment": "right",
  "IsPopOver": true,
  "IsGlobal": true,
  "ActionClickHandler": null,
  "Icon": null,
  "Image": null,
  "ConfigJson": {
    "icon": "edit",
    "SubmitButton": {
      "Label": "Submit"
    },
    "ResetButton": {
      "Label": "Reset"
    },
    "CloseButton": {
      "Label": "Close",
      "ConfirmMessage": "Unsaved changes will be lost. Continue?"
    },
    "NotifyRoles": true,
    "NotifyAll": false,
    "IBPLRules": [
      {
        "template": "{{#if Desc}}\n\nscope: (&CWV * [o9EKG Customer].[Project Name].[{{Project}}] * [o9EKG Rule Set].[Rule Set].[{{Name}}]);\nMeasure.[o9EKG Rule Set Description] = \"{{Desc}}\";\nend scope;\n\n{{/if}}"
      }
    ],
    "JavascriptRules": [],
    "FieldBindings": [
      {
        "fieldName": "Project",
        "title": "Project",
        "Description": "Project",
        "type": "picklistDropdown",
        "selectionType": "single",
        "clearSearch": true,
        "source": "filter",
        "DimensionName": "o9EKG Customer",
        "LevelAttributeName": "Project Name",
        "visible": false,
        "isEditable": false,
        "validation": {
          "maxLength": "0",
          "required": true
        }
      },
      {
        "fieldName": "Name",
        "title": "Name",
        "Description": "Rule Set",
        "type": "picklistDropdown",
        "selectionType": "single",
        "clearSearch": true,
        "source": "parentAttribute",
        "DimensionName": "o9EKG Rule Set",
        "key": {
          "LevelAttribute": {
            "Name": "Rule Set",
            "Property": "Name"
          }
        },
        "visible": true,
        "isEditable": false,
        "validation": {
          "maxLength": "0",
          "required": true
        }
      },
      {
        "fieldName": "Desc",
        "title": "Desc",
        "type": "string",
        "clearSearch": true,
        "source": "literal",
        "visible": true,
        "isEditable": true,
        "validation": {
          "maxLength": "0",
          "required": false
        }
      },
      {
        "fieldName": "oldDesc",
        "title": "oldDesc",
        "type": "string",
        "clearSearch": true,
        "source": "parentMeasure",
        "key": {
          "Measure": {
            "Name": "o9EKG Rule Set Description"
          }
        },
        "visible": false,
        "isEditable": false,
        "validation": {
          "maxLength": "0",
          "required": true
        }
      }
    ],
    "Range": [],
    "DataSources": [],
    "AutoExecute": false,
    "isAsync": false,
    "hasMembersUpdates": true,
    "Compact": false,
    "TwoColumn": false,
    "IsGlobalForExcelAddIn": false,
    "ReturnFilterByUpdate": false,
    "ExcludeFromNavLink": false,
    "FilterFieldBindings": [],
    "enableTransaction": false
  },
  "Widget": null,
  "Roles": [
    "EKG_Intg_Arch",
    "EKG_SA"
  ]
}