{
  "MeasureName": "TD ASP Build %",
  "MeasureId": "22f0b5a0-906d-f6fb-75f2-57d6a710347a",
  "MeasureDescription": "TD ASP Build %",
  "DataType": "number",
  "MeasureType": "Regular",
  "AggregateFunction": "Computed",
  "FormatString": "0.00%",
  "MeasureColumnName": "TDASPBuild%",
  "MeasureFormula": "Safedivide((Measure.[TD ASP] - Measure.[TD ASP]@(Time.#.LeadOffset(-1))),Measure.[TD ASP]@(Time.#.LeadOffset(-1)))",
  "IsEditable": false,
  "ApplyConversion": false,
  "ConversionFormula": "",
  "PickListName": null,
  "BgColorFormula": "",
  "FgColorFormula": "",
  "TrendFormula": "",
  "FormattingViewModel": "[]",
  "ParentMeasureName": null,
  "AssociationMeasure": false,
  "IsComputedByPlanningService": true,
  "ToolTip": "(TD ASP - TD ASP (of previous time period)) / TD ASP (of previous time period)",
  "ConfigJson": {},
  "ApiName": null,
  "ApiDisabled": false,
  "IsReportingMeasure": false,
  "MeasureConditionalFormulaProperties": [],
  "PicklistSource": null
}