{
  "ModuleId": "49b150bd-7b0d-4c1a-b4a1-5155143e3bbc",
  "ModuleName": "o9 SP Prioritization - Replen",
  "Description": null,
  "URL": "https://dev.azure.com/o9git/4d9f5a7e-6f55-4525-b6cd-f95ca971fef7/_apis/git/repositories/49b150bd-7b0d-4c1a-b4a1-5155143e3bbc",
  "ParentModule": null,
  "Dependencies": [],
  "Type": "Regular",
  "Category": null,
  "Project": {
    "Id": "4d9f5a7e-6f55-4525-b6cd-f95ca971fef7",
    "Name": "BMC-5",
    "Url": null
  },
  "VersionType": "branch",
  "Version": "main",
  "IsReadOnlyModule": true,
  "IsPromoteDisabled": true,
  "SelectedBranch": null,
  "CreatorEmail": "mayank.dhawariya@o9solutions.com",
  "CreationTime": "2025-06-30T06:02:04.2128691+00:00",
  "IsMergedModule": true,
  "MergedModuleParentModule": {
    "ProjectId": "4d9f5a7e-6f55-4525-b6cd-f95ca971fef7",
    "ProjectName": "BMC-5",
    "ModuleId": "46fac41c-7f67-4988-99ca-cf26bfae6fc4",
    "ModuleName": "o9 SP Prioritization",
    "VersionType": "branch",
    "Version": "Tenant_gcppmm_ReleaseAutomation02",
    "URL": "https://dev.azure.com/o9git/4d9f5a7e-6f55-4525-b6cd-f95ca971fef7/_apis/git/repositories/46fac41c-7f67-4988-99ca-cf26bfae6fc4",
    "Org": "RefDev",
    "Type": "RegularDelta",
    "PackageName": null,
    "PackagePublishType": null
  },
  "IsSolutionBlock": false,
  "NameSpace": null,
  "Org": "RefDev",
  "PackageName": null,
  "PackagePublishType": null,
  "PackageVersion": null,
  "IsFinerRulesUtilityRan": false
}