{
  "AttributeName": "Pallet Height",
  "AttributeId": "179b5bd1-ef70-9b3f-263b-378826990c73",
  "AttributeHierarchyEnabled": false,
  "IsKey": false,
  "Description": "Height of the pallet in mm",
  "OrderBy": "Key",
  "KeyColumnName": "PalletHeightKey",
  "NameColumnName": null,
  "KeyColumnDataType": "number",
  "SeedTags": false,
  "KeyGenerationType": null,
  "PickListName": null,
  "ConfigJson": {
    "IsVisible": false
  },
  "FormatString": "#,##0; (#,##0)",
  "Translation": null,
  "Aliases": [],
  "ApiName": null,
  "ApiDisabled": false
}