{
  "PickListName": "ATPAllowException",
  "PickListId": "86ab3804-7b21-471d-b9c9-065f642422c5",
  "PickListDescription": "ATP Allow Exception",
  "DataType": "number",
  "IsMultiSelectAllowed": false,
  "Values": [
    {
      "Value": "1",
      "DisplayName": "Y",
      "DisplayPosition": 1,
      "Icon": null,
      "Color": null,
      "Image": null
    },
    {
      "Value": "0",
      "DisplayName": "N",
      "DisplayPosition": 2,
      "Icon": null,
      "Color": null,
      "Image": null
    }
  ]
}