{
  "PickListName": "ATPReasonForMiss",
  "PickListId": "cfc258ba-ce47-433c-84d4-224fda9ad2b1",
  "PickListDescription": "ATP reason for Miss",
  "DataType": "string",
  "IsMultiSelectAllowed": false,
  "Values": [
    {
      "Value": "Demand Surge",
      "DisplayName": "Demand Surge",
      "DisplayPosition": 1,
      "Icon": null,
      "Color": null,
      "Image": null
    },
    {
      "Value": "Machine Breakdown",
      "DisplayName": "Machine Breakdown",
      "DisplayPosition": 2,
      "Icon": null,
      "Color": null,
      "Image": null
    }
  ]
}