{
  "PickListName": "BacklogTypes",
  "PickListId": "21384f09-6011-202a-7d4b-25c031740188",
  "PickListDescription": "When will a demand be considered backlog.",
  "DataType": "string",
  "IsMultiSelectAllowed": false,
  "Values": [
    {
      "Value": "Beyond Due Week",
      "DisplayName": "Beyond Due Week",
      "DisplayPosition": 1,
      "Icon": null,
      "Color": null,
      "Image": null
    },
    {
      "Value": "Beyond Due Planning Month",
      "DisplayName": "Beyond Due Month",
      "DisplayPosition": 2,
      "Icon": null,
      "Color": null,
      "Image": null
    },
    {
      "Value": "Beyond Due Day",
      "DisplayName": "Beyond Due Day",
      "DisplayPosition": 0,
      "Icon": null,
      "Color": null,
      "Image": null
    }
  ]
}