{
  "PickListName": "BTGIBPSolver",
  "PickListId": "ed16be77-c5b0-3ade-67bf-582ac235116a",
  "PickListDescription": "Picklist to specify the solver being used for IBP",
  "DataType": "string",
  "IsMultiSelectAllowed": false,
  "Values": [
    {
      "Value": "Week",
      "DisplayName": "Week",
      "DisplayPosition": 0,
      "Icon": null,
      "Color": null,
      "Image": null
    },
    {
      "Value": "Calendar Month",
      "DisplayName": "Calendar Month",
      "DisplayPosition": 1,
      "Icon": null,
      "Color": null,
      "Image": null
    }
  ]
}