{
  "PickListName": "BuyProfileCadence",
  "PickListId": "fdc322fc-2046-62d5-c9c2-3e98fa243b13",
  "PickListDescription": "Picklist created to pick buy profile at StyleColor level",
  "DataType": "string",
  "IsMultiSelectAllowed": false,
  "Values": [
    {
      "Value": "Tri-Weekly Profile",
      "DisplayName": "Tri-Weekly Profile",
      "DisplayPosition": 1,
      "Icon": null,
      "Color": null,
      "Image": null
    },
    {
      "Value": "Weekly Profile",
      "DisplayName": "Weekly Profile",
      "DisplayPosition": 3,
      "Icon": null,
      "Color": null,
      "Image": null
    },
    {
      "Value": "Bi-Weekly Profile",
      "DisplayName": "Bi-Weekly Profile",
      "DisplayPosition": 2,
      "Icon": null,
      "Color": null,
      "Image": null
    },
    {
      "Value": "Global Profile",
      "DisplayName": "Global Profile",
      "DisplayPosition": 0,
      "Icon": null,
      "Color": null,
      "Image": null
    }
  ]
}