{
  "PickListName": "DBNS Validity Type",
  "PickListId": "021a99e3-2995-642b-e210-5c5bda32fad6",
  "PickListDescription": "Type for restriction for demand fulfillment path",
  "DataType": "string",
  "IsMultiSelectAllowed": false,
  "Values": [
    {
      "Value": "Selective",
      "DisplayName": "Selective",
      "DisplayPosition": 1,
      "Icon": null,
      "Color": null,
      "Image": null
    },
    {
      "Value": "Always",
      "DisplayName": "Always",
      "DisplayPosition": 0,
      "Icon": null,
      "Color": null,
      "Image": null
    }
  ]
}