{
  "PickListName": "Event Status",
  "PickListId": "7d01dc50-cbb4-47c1-80db-85e1dcc571d7",
  "PickListDescription": "Event Status",
  "DataType": "string",
  "IsMultiSelectAllowed": false,
  "Values": [
    {
      "Value": "Open",
      "DisplayName": "Open",
      "DisplayPosition": 0,
      "Icon": null,
      "Color": null,
      "Image": null
    },
    {
      "Value": "In Progress",
      "DisplayName": "In Progress",
      "DisplayPosition": 1,
      "Icon": null,
      "Color": null,
      "Image": null
    },
    {
      "Value": "Closed",
      "DisplayName": "Closed",
      "DisplayPosition": 2,
      "Icon": null,
      "Color": null,
      "Image": null
    }
  ]
}