{
  "PickListName": "Exclude from PVP Aggregation",
  "PickListId": "2b340dcd-773e-70ad-b6d7-4819d1b8e3dd",
  "PickListDescription": "Used to define the Demand Types to be excluded from PVP Aggregation",
  "DataType": "string",
  "IsMultiSelectAllowed": true,
  "Values": [
    {
      "Value": "Promo",
      "DisplayName": "Promo",
      "DisplayPosition": 0,
      "Icon": null,
      "Color": null,
      "Image": null
    },
    {
      "Value": "Direct",
      "DisplayName": "Direct",
      "DisplayPosition": 0,
      "Icon": null,
      "Color": null,
      "Image": null
    },
    {
      "Value": "Opportunity",
      "DisplayName": "Opportunity",
      "DisplayPosition": 0,
      "Icon": null,
      "Color": null,
      "Image": null
    },
    {
      "Value": "Orders",
      "DisplayName": "Orders",
      "DisplayPosition": 0,
      "Icon": null,
      "Color": null,
      "Image": null
    },
    {
      "Value": "Forecast",
      "DisplayName": "Forecast",
      "DisplayPosition": 0,
      "Icon": null,
      "Color": null,
      "Image": null
    }
  ]
}