{
  "PickListName": "Horizons",
  "PickListId": "cf883b2e-f7fa-9161-96da-8d6670268c8f",
  "PickListDescription": "Horizons for RTF Handoff",
  "DataType": "string",
  "IsMultiSelectAllowed": false,
  "Values": [
    {
      "Value": "OPFrozenHorizon",
      "DisplayName": "OPFrozenHorizon",
      "DisplayPosition": 1,
      "Icon": null,
      "Color": null,
      "Image": null
    },
    {
      "Value": "MPPlanningHorizon",
      "DisplayName": "MPPlanningHorizon",
      "DisplayPosition": 0,
      "Icon": null,
      "Color": null,
      "Image": null
    }
  ]
}