{
  "PickListName": "IR_Excess_Location_Type",
  "PickListId": "c5ef4db0-584e-7dd5-410c-92f11bfb16ac",
  "PickListDescription": "which excess location are going to take part in inventory rebalancing",
  "DataType": "string",
  "IsMultiSelectAllowed": false,
  "Values": [
    {
      "Value": "DC",
      "DisplayName": "DC",
      "DisplayPosition": 0,
      "Icon": null,
      "Color": null,
      "Image": null
    },
    {
      "Value": "Plant",
      "DisplayName": "Plant",
      "DisplayPosition": 1,
      "Icon": null,
      "Color": null,
      "Image": null
    },
    {
      "Value": "Supplier",
      "DisplayName": "Supplier",
      "DisplayPosition": 2,
      "Icon": null,
      "Color": null,
      "Image": null
    }
  ]
}