{
  "PickListName": "IR_Need_Item_Type",
  "PickListId": "e5b9956b-beca-5aad-b382-40a197d2e49d",
  "PickListDescription": "which need item type is going to take part in inventory rebalancing",
  "DataType": "string",
  "IsMultiSelectAllowed": false,
  "Values": [
    {
      "Value": "FinishedGoods",
      "DisplayName": "FinishedGoods",
      "DisplayPosition": 2,
      "Icon": null,
      "Color": null,
      "Image": null
    },
    {
      "Value": "SubAssembly",
      "DisplayName": "SubAssembly",
      "DisplayPosition": 1,
      "Icon": null,
      "Color": null,
      "Image": null
    },
    {
      "Value": "RawMaterial",
      "DisplayName": "RawMaterial",
      "DisplayPosition": 0,
      "Icon": null,
      "Color": null,
      "Image": null
    }
  ]
}