{
  "PickListName": "IR_Post_build",
  "PickListId": "9acb7570-f31b-54c2-8198-0e132b24d6b4",
  "PickListDescription": "if shipment can be received after the demand date",
  "DataType": "boolean",
  "IsMultiSelectAllowed": false,
  "Values": [
    {
      "Value": "false",
      "DisplayName": "False",
      "DisplayPosition": 1,
      "Icon": null,
      "Color": null,
      "Image": null
    },
    {
      "Value": "true",
      "DisplayName": "True",
      "DisplayPosition": 0,
      "Icon": null,
      "Color": null,
      "Image": null
    }
  ]
}