{
  "PickListName": "NexprimeFixedPlanQuantityType",
  "PickListId": "7c1dba7c-ffca-d8d9-5c10-c0fbd1fd953e",
  "PickListDescription": "Quantity type of Nexprime Fixed Plan",
  "DataType": "string",
  "IsMultiSelectAllowed": false,
  "Values": [
    {
      "Value": "OUT",
      "DisplayName": "Production WIP",
      "DisplayPosition": 1,
      "Icon": null,
      "Color": null,
      "Image": null
    },
    {
      "Value": "IN",
      "DisplayName": "Consumption WIP",
      "DisplayPosition": 2,
      "Icon": "",
      "Color": null,
      "Image": null
    }
  ]
}