{
  "PickListName": "Rebalance Excess Rule",
  "PickListId": "9866f551-ad3d-4d22-a21c-22b3e40d26d7",
  "PickListDescription": "Rebalance Excess Rule",
  "DataType": "string",
  "IsMultiSelectAllowed": false,
  "Values": [
    {
      "Value": "Addon Stock Days Input",
      "DisplayName": "Addon Stock Days Input",
      "DisplayPosition": 0,
      "Icon": null,
      "Color": null,
      "Image": null
    },
    {
      "Value": "Stock Days Input",
      "DisplayName": "Stock Days Input",
      "DisplayPosition": 1,
      "Icon": null,
      "Color": null,
      "Image": null
    }
  ]
}