{
  "PickListName": "Requirement Plan Definition",
  "PickListId": "41b05e2f-f5a6-4010-9628-38dc0c5e5793",
  "PickListDescription": "Requirement Plan Definition",
  "DataType": "number",
  "IsMultiSelectAllowed": false,
  "Values": [
    {
      "Value": "0",
      "DisplayName": "Both Beyond Lead Time and Within Lead Time Requirements are Generated",
      "DisplayPosition": 1,
      "Icon": null,
      "Color": null,
      "Image": null
    },
    {
      "Value": "1",
      "DisplayName": "Only Within Lead Time Requirements are Generated",
      "DisplayPosition": 0,
      "Icon": null,
      "Color": null,
      "Image": null
    }
  ]
}