{
  "PickListName": "SolverRunType",
  "PickListId": "7a9b3cf6-ad43-46d0-8952-a9ad6a8b1d45",
  "PickListDescription": "Picklists for SCS Plan Run (Procurement or Constrained)",
  "DataType": "string",
  "IsMultiSelectAllowed": false,
  "Values": [
    {
      "Value": "true",
      "DisplayName": "Constrained",
      "DisplayPosition": 1,
      "Icon": null,
      "Color": null,
      "Image": null
    },
    {
      "Value": "false",
      "DisplayName": "Procurement",
      "DisplayPosition": 2,
      "Icon": null,
      "Color": null,
      "Image": null
    }
  ]
}