{
  "PickListName": "TLB Build To Min Constraints",
  "PickListId": "66f5f627-6c36-9286-8550-faf431a32a2f",
  "PickListDescription": "TLB Build To Min Constraints",
  "DataType": "string",
  "IsMultiSelectAllowed": false,
  "Values": [
    {
      "Value": "Volume",
      "DisplayName": "Volume",
      "DisplayPosition": 1,
      "Icon": null,
      "Color": null,
      "Image": null
    },
    {
      "Value": "Cost",
      "DisplayName": "Cost",
      "DisplayPosition": 2,
      "Icon": null,
      "Color": null,
      "Image": null
    },
    {
      "Value": "Weight",
      "DisplayName": "Weight",
      "DisplayPosition": 0,
      "Icon": null,
      "Color": null,
      "Image": null
    }
  ]
}