{
  "PickListName": "Varying Capacity Parameter",
  "PickListId": "280c665d-8a0f-281d-f403-d27265aa5d01",
  "PickListDescription": "To enable or disable varying capacity for resource nodes",
  "DataType": "boolean",
  "IsMultiSelectAllowed": false,
  "Values": [
    {
      "Value": "true",
      "DisplayName": "TRUE",
      "DisplayPosition": 1,
      "Icon": null,
      "Color": null,
      "Image": null
    },
    {
      "Value": "false",
      "DisplayName": "FALSE",
      "DisplayPosition": 0,
      "Icon": null,
      "Color": null,
      "Image": null
    }
  ]
}