{
  "MeasureGroupName": "ABDM Transformations",
  "MeasureGroupId": "29b15cc4-a87c-1d66-4c8e-f7fa0402b432",
  "ParentMeasureGroupName": null,
  "HasShadow": false,
  "MeasureGroupDescription": "ABDM Transformations",
  "MeasureGroupType": "Regular",
  "FactTableName": "FactABDMTransformations",
  "SchemaMajorVersion": 0,
  "ConfigJson": {},
  "ApiName": null,
  "Repartition": false,
  "Unpartition": false,
  "ApiEnabled": false,
  "DimensionUsages": [
    {
      "DimensionName": "Version",
      "AttributeName": "Version Name",
      "SortOrder": 0,
      "DimensionType": "Regular"
    },
    {
      "DimensionName": "Data Object",
      "AttributeName": "Data Object",
      "SortOrder": 1,
      "DimensionType": "Regular"
    },
    {
      "DimensionName": "Sequence ID",
      "AttributeName": "Sequence ID",
      "SortOrder": 2,
      "DimensionType": "Regular"
    }
  ]
}