{
  "AttributeName": "Event Type",
  "AttributeId": "aec61cbd-4af3-4510-9ef4-f4d3c6b12d25",
  "AttributeHierarchyEnabled": true,
  "IsKey": false,
  "Description": "Type of event",
  "OrderBy": "Key",
  "KeyColumnName": "EventTypeKey",
  "NameColumnName": "EventTypeName",
  "KeyColumnDataType": "integer",
  "SeedTags": false,
  "KeyGenerationType": "Auto",
  "PickListName": null,
  "ConfigJson": {
    "ShowFilterAs": "TileView",
    "MemberDisplayNameEditable": false
  },
  "FormatString": null,
  "Translation": null,
  "Aliases": [],
  "ApiName": null,
  "ApiDisabled": false
}