{
  "Name": "SupplyPlan036CommonRemoveResourceFromResGroup",
  "Description": null,
  "ActionButtonId": "98a249f8-9722-4602-a7d0-c4b1241dfcc4",
  "Tooltip": "Remove Resource From Resource Group",
  "ActionButtonType": "Widget",
  "Alignment": "right",
  "IsPopOver": true,
  "IsGlobal": true,
  "ActionClickHandler": null,
  "Icon": null,
  "Image": null,
  "ConfigJson": {
    "DisplayName": "Remove Resource From Resource Group",
    "icon": "minus",
    "SubmitButton": {
      "Label": "Submit"
    },
    "ResetButton": {
      "Label": "Reset"
    },
    "CloseButton": {
      "Label": "Close",
      "ConfirmMessage": "Unsaved changes will be lost. Continue?"
    },
    "NotifyRoles": true,
    "NotifyAll": false,
    "IBPLRules": [
      {
        "template": "\n{{#each Tuple}}\n\nscope: ({{#entity Location}} * {{#entity Resource}} * {{#entity ResourceGroup}} * [Version].[Version Name]{{#filter Version}}); \nMeasure.[o9 Resource Group To Resource Association] = null; \nend scope;\n\n{{/each}}\n\n{{#each Tuple}}\n\n\n//--Uncomment the below code to enable Net change functionality\n/*\ncartesian scope: ({{#entity Location}} * {{#entity Resource}} * {{#entity ResourceGroup}} * [Version].[Version Name]{{#filter Version}}); \nMeasure.[o9 Resource Group To Resource Association NC Deletion] = 1;\nend scope;\n\nscope: ({{#entity Location}} * {{#entity Resource}} * {{#entity ResourceGroup}} * [Version].[Version Name]{{#filter Version}}); \nMeasure.[o9 Resource Group To Resource Association NC Addition] = Null;\nMeasure.[ERP Resource Group To Resource Association NC Addition] = Null; \nend scope;\n*/\n\n{{/each}}"
      }
    ],
    "JavascriptRules": [],
    "FieldBindings": [
      {
        "fieldName": "Version",
        "title": "Version",
        "type": "picklistDropdown",
        "selectionType": "single",
        "clearSearch": true,
        "source": "filter",
        "DimensionName": "Version",
        "LevelAttributeName": "Version Name",
        "visible": true,
        "isEditable": true,
        "validation": {
          "maxLength": "0",
          "required": true
        }
      },
      {
        "fieldName": "Tuple",
        "title": "Intersections",
        "Description": "Intersections",
        "type": "picklistDropdown",
        "select": "ALL",
        "clearSearch": true,
        "source": "parentTuple",
        "TuplesList": [
          {
            "Key": "Location",
            "LevelAttribute": {
              "DimensionName": "Location",
              "Name": "Location",
              "textField": "Name"
            },
            "tuplesource": "LevelAttribute"
          },
          {
            "Key": "Resource",
            "LevelAttribute": {
              "DimensionName": "Resource",
              "Name": "Resource",
              "textField": "Name"
            },
            "tuplesource": "LevelAttribute"
          },
          {
            "Key": "ResourceGroup",
            "LevelAttribute": {
              "DimensionName": "Resource Group",
              "Name": "Resource Group",
              "textField": "Name"
            },
            "tuplesource": "LevelAttribute"
          }
        ],
        "visible": true,
        "isEditable": false,
        "validation": {
          "required": true
        }
      }
    ],
    "Range": [],
    "DataSources": [],
    "AutoExecute": false,
    "isAsync": false,
    "hasMembersUpdates": false,
    "Compact": false,
    "TwoColumn": false,
    "IsGlobalForExcelAddIn": false,
    "ReturnFilterByUpdate": true,
    "ExcludeFromNavLink": false,
    "FilterFieldBindings": []
  },
  "Widget": null,
  "Roles": []
}