{
  "ModuleId": "894d918e-29c3-41ac-9615-1b6623016fc1",
  "ModuleName": "o9 SP Prioritization - Replen",
  "Description": "o9 SP Prioritization - Replen",
  "URL": "https://dev.azure.com/o9delivery/958a7655-91f2-41a8-8b8f-8443d15b8412/_apis/git/repositories/894d918e-29c3-41ac-9615-1b6623016fc1",
  "ParentModule": {
    "ProjectId": "4d9f5a7e-6f55-4525-b6cd-f95ca971fef7",
    "ProjectName": "BMC-5",
    "ModuleId": "49b150bd-7b0d-4c1a-b4a1-5155143e3bbc",
    "ModuleName": "o9 SP Prioritization - Replen",
    "VersionType": "tag",
    "Version": "R2025.04.02",
    "URL": "https://dev.azure.com/o9git/4d9f5a7e-6f55-4525-b6cd-f95ca971fef7/_apis/git/repositories/49b150bd-7b0d-4c1a-b4a1-5155143e3bbc",
    "Org": "RefDev",
    "PackageName": "o9 Retail Replenishment",
    "PackagePublishType": null
  },
  "Dependencies": [],
  "Type": "RegularDelta",
  "Category": null,
  "Project": {
    "Id": "958a7655-91f2-41a8-8b8f-8443d15b8412",
    "Name": "ChinaDelivery",
    "Url": "https://dev.azure.com/o9delivery/_apis/projects/958a7655-91f2-41a8-8b8f-8443d15b8412"
  },
  "VersionType": "branch",
  "Version": null,
  "IsReadOnlyModule": false,
  "IsPromoteDisabled": false,
  "SelectedBranch": null,
  "CreatorEmail": "owen.ouyang@o9solutions.com",
  "CreationTime": "2025-08-01T13:28:35.9852514+00:00",
  "IsMergedModule": false,
  "MergedModuleParentModule": null,
  "IsSolutionBlock": false,
  "NameSpace": null,
  "Org": "o9Delivery",
  "PackageName": null,
  "PackagePublishType": null,
  "PackageVersion": null,
  "IsFinerRulesUtilityRan": true
}