{
  "MeasureGroupName": "002.001M Demand Priority Plugin Output",
  "MeasureGroupId": "8ccb2742-f8a2-4775-916b-9bfad2a0ee39",
  "ParentMeasureGroupName": null,
  "HasShadow": false,
  "MeasureGroupDescription": "ADP values from Plugin - separated into a new measure group(Monthly)",
  "MeasureGroupType": "Regular",
  "FactTableName": "Fact002.001MDemandPriorityPluginOutput",
  "SchemaMajorVersion": 0,
  "ConfigJson": {},
  "ApiName": null,
  "Repartition": false,
  "Unpartition": false,
  "ApiEnabled": false,
  "DimensionUsages": [
    {
      "DimensionName": "Version",
      "AttributeName": "Version Name",
      "SortOrder": 0,
      "DimensionType": "Regular"
    },
    {
      "DimensionName": "Time",
      "AttributeName": "Month",
      "SortOrder": 0,
      "DimensionType": "Time"
    },
    {
      "DimensionName": "Sales Domain",
      "AttributeName": "Customer Group",
      "SortOrder": 1,
      "DimensionType": "Regular"
    },
    {
      "DimensionName": "Demand Type",
      "AttributeName": "Demand Type",
      "SortOrder": 2,
      "DimensionType": "Regular"
    },
    {
      "DimensionName": "Demand",
      "AttributeName": "DemandID",
      "SortOrder": 3,
      "DimensionType": "Regular"
    },
    {
      "DimensionName": "Location",
      "AttributeName": "Location",
      "SortOrder": 4,
      "DimensionType": "Regular"
    },
    {
      "DimensionName": "Item",
      "AttributeName": "Item",
      "SortOrder": 5,
      "DimensionType": "Regular"
    }
  ]
}