{
  "MeasureGroupName": "o9EKG Field Validations",
  "MeasureGroupId": "ca01b919-3548-19c4-11f6-4d6217384885",
  "ParentMeasureGroupName": null,
  "HasShadow": false,
  "MeasureGroupDescription": "o9EKG Field Validations",
  "MeasureGroupType": "Regular",
  "FactTableName": "Facto9EKGFieldValidations",
  "SchemaMajorVersion": 0,
  "ConfigJson": {},
  "ApiName": null,
  "Repartition": false,
  "Unpartition": false,
  "ApiEnabled": false,
  "DimensionUsages": [
    {
      "DimensionName": "Version",
      "AttributeName": "Version Name",
      "SortOrder": 0,
      "DimensionType": "Regular"
    },
    {
      "DimensionName": "o9EKG Customer",
      "AttributeName": "Project Name",
      "SortOrder": 1,
      "DimensionType": null
    },
    {
      "DimensionName": "o9EKG Table",
      "AttributeName": "Field ID",
      "SortOrder": 2,
      "DimensionType": null
    }
  ]
}
