{
  "MeasureGroupName": "001.001 Allocation DILOP Inbound PO Status Flag",
  "MeasureGroupId": "0dd8fe24-a224-939a-0c24-afd23eb4a266",
  "ParentMeasureGroupName": null,
  "HasShadow": false,
  "MeasureGroupDescription": "001.001 Allocation DILOP Inbound PO Status Flag",
  "MeasureGroupType": "Regular",
  "FactTableName": "Fact001.001AllocationDILOPInboundPOStatusFlag",
  "SchemaMajorVersion": 0,
  "ConfigJson": {},
  "ApiName": null,
  "Repartition": false,
  "Unpartition": false,
  "ApiEnabled": false,
  "DimensionUsages": [
    {
      "DimensionName": "Version",
      "AttributeName": "Version Name",
      "SortOrder": 0,
      "DimensionType": "Regular"
    },
    {
      "DimensionName": "Location",
      "AttributeName": "Location",
      "SortOrder": 2,
      "DimensionType": "Regular"
    },
    {
      "DimensionName": "Activity2",
      "AttributeName": "Activity2",
      "SortOrder": 3,
      "DimensionType": "Regular"
    },
    {
      "DimensionName": "Supplier",
      "AttributeName": "Supplier Location",
      "SortOrder": 4,
      "DimensionType": "Regular"
    },
    {
      "DimensionName": "Documents",
      "AttributeName": "OrderID",
      "SortOrder": 5,
      "DimensionType": "Regular"
    }
  ],
  "MeasureGroupSortOrders": [],
  "AutoIdEnabled": false
}