{
  "EdgePropertyId": "46ba647f-65ed-4c4d-9277-3e339c2e6461",
  "PropertyName": "D Substitute Item WIP Sweep Priority Item Location Input",
  "PropertyDescription": "Substitute Item WIP Sweep Priority Input",
  "PropertyDataType": "number",
  "PropertyDataSize": 0,
  "PropertyColumnName": "DSubstituteItemWIPSweepPriorityItemLocationInput",
  "AggregateFunction": "Max",
  "PropertyFormula": null,
  "IsEditable": false,
  "FormatString": "#,##0",
  "ActivationProperty": false,
  "IsComputedByPlanningService": false,
  "ToolTip": null,
  "ApiName": null,
  "ApiDisabled": false,
  "BgColorFormula": null,
  "FgColorFormula": null,
  "TrendFormula": null,
  "FormattingViewModel": null,
  "ConditionalFormulas": []
}