{
  "MeasureGroupName": "003.004D Demand Inputs RTF",
  "MeasureGroupId": "ebdb70c0-d045-49af-9d58-4d904db2c6a8",
  "ParentMeasureGroupName": null,
  "HasShadow": false,
  "MeasureGroupDescription": "Response To Forecast",
  "MeasureGroupType": "Regular",
  "FactTableName": "Fact003.004DDemandInputsRTF",
  "SchemaMajorVersion": 0,
  "ConfigJson": {},
  "ApiName": null,
  "Repartition": false,
  "Unpartition": false,
  "ApiEnabled": false,
  "DimensionUsages": [
    {
      "DimensionName": "Time",
      "AttributeName": "Day",
      "SortOrder": -1,
      "DimensionType": "Time"
    },
    {
      "DimensionName": "Version",
      "AttributeName": "Version Name",
      "SortOrder": 0,
      "DimensionType": "Regular"
    },
    {
      "DimensionName": "Item",
      "AttributeName": "Item",
      "SortOrder": 1,
      "DimensionType": "Regular"
    },
    {
      "DimensionName": "Location",
      "AttributeName": "Location",
      "SortOrder": 2,
      "DimensionType": "Regular"
    },
    {
      "DimensionName": "Sales Domain",
      "AttributeName": "Customer Group",
      "SortOrder": 5,
      "DimensionType": "Regular"
    }
  ]
}