{
  "AttributeName": "Invoice ID",
  "AttributeId": "5a52726b-49d7-caaa-4538-03ebd4da209c",
  "AttributeHierarchyEnabled": true,
  "IsKey": true,
  "Description": "Invoice ID",
  "OrderBy": "Name",
  "KeyColumnName": "InvoiceIDKey",
  "NameColumnName": "InvoiceIDName",
  "KeyColumnDataType": "integer",
  "SeedTags": true,
  "KeyGenerationType": "Auto",
  "PickListName": null,
  "ConfigJson": {
    "ShowFilterAs": "TileView",
    "MemberDisplayNameEditable": true,
    "IsMultipleImage": false,
    "MemberDisplayColor": false
  },
  "FormatString": null,
  "Translation": null,
  "Aliases": [],
  "ApiName": null,
  "ApiDisabled": false,
  "FgColorFormula": null,
  "BgColorFormula": null,
  "IsReservedBySystem": false
}