{
  "Name": "o9EKGAddOUTRawMappingAPI",
  "Description": null,
  "ActionButtonId": "b2b3263b-d517-77ae-e85b-3f8b02f137b2",
  "Tooltip": "Add API Based OUT Mapping",
  "ActionButtonType": "Widget",
  "Alignment": "right",
  "IsPopOver": true,
  "IsGlobal": true,
  "ActionClickHandler": null,
  "Icon": null,
  "Image": null,
  "ConfigJson": {
    "icon": "plus-square-o",
    "SubmitButton": {
      "Label": "Submit"
    },
    "ResetButton": {},
    "CloseButton": {
      "Label": "Close"
    },
    "NotifyAll": false,
    "IBPLRules": [
      {
        "template": "//Clear existing Non-API mappings//\n\nDELETE DATA FOR MODEL [o9EKG File Table Association] WHERE {&CWV, [o9EKG Customer].[Project Name].[{{Project}}], [o9EKG Table].[Table Name].[{{TableName}}] };\n"
      },
      {
        "template": "//create new intersection//\n\ncartesian scope: (&CWV  * [o9EKG Customer].[Project Name].[{{Project}}] * [o9EKG Documents].[File Name].[Not Applicable] * [o9EKG Table].[Table Name].[{{TableName}}] );\n\nMeasure.[o9EKG File Source Type] = \"External API\" ; \n\nend scope;"
      }
    ],
    "JavascriptRules": [],
    "FieldBindings": [
      {
        "fieldName": "Project",
        "title": "Project",
        "type": "picklistDropdown",
        "fieldGroup": "Table Info",
        "selectionType": "single",
        "clearSearch": true,
        "source": "filter",
        "DimensionName": "o9EKG Customer",
        "LevelAttributeName": "Project Name",
        "visible": true,
        "isEditable": false,
        "validation": {
          "maxLength": "0",
          "required": true
        }
      },
      {
        "fieldName": "TableName",
        "title": "Table Name",
        "type": "picklistDropdown",
        "fieldGroup": "Table Info",
        "selectionType": "single",
        "clearSearch": true,
        "select": "NONE",
        "source": "datasource",
        "key": "DSIncludedTableList",
        "valueField": "Table Name",
        "textField": "Table Name",
        "overrideFieldBindingType": false,
        "visible": true,
        "isEditable": true,
        "cascadeFrom": "Project",
        "validation": {
          "maxLength": "0",
          "required": true
        }
      }
    ],
    "Range": [],
    "DataSources": [
      {
        "Name": "DSIncludedTableList",
        "IBPLRules": [
          {
            "template": "//DSIncludedTableList//\n\nSelect ( [o9EKG Table].[Table Type].[OUT].[Table Name] ) on row, \n({Measure.[o9EKG Table Included]}) on column where {&CWV, [o9EKG Customer].[Project Name].[{{Project}}], Measure.[o9EKG Table Included]==1};\n"
          }
        ],
        "JavascriptRules": [],
        "IncludeDSFieldsOnly": false,
        "FieldBindings": []
      }
    ],
    "AutoExecute": false,
    "isAsync": false,
    "hasMembersUpdates": true,
    "Compact": true,
    "TwoColumn": false,
    "IsGlobalForExcelAddIn": false,
    "enableTransaction": false,
    "ReturnFilterByUpdate": false,
    "ExcludeFromNavLink": false,
    "FilterFieldBindings": []
  },
  "Widget": null,
  "Roles": [
    "EKG_DataAdmin",
    "EKG_Intg_Arch"
  ]
}