{
  "Name": "o9EKGRawFileInfo",
  "Description": null,
  "ActionButtonId": "43a5b550-0e8a-c8c8-de3a-7f9dc1c83fdc",
  "Tooltip": "Raw File Info",
  "ActionButtonType": "Widget",
  "Alignment": "right",
  "IsPopOver": true,
  "IsGlobal": true,
  "ActionClickHandler": null,
  "Icon": null,
  "Image": null,
  "ConfigJson": {
    "icon": "edit",
    "SubmitButton": {
      "Label": "Submit"
    },
    "ResetButton": {
      "Label": "Reset"
    },
    "CloseButton": {
      "Label": "Close",
      "ConfirmMessage": "Unsaved changes will be lost. Continue?"
    },
    "NotifyAll": false,
    "IBPLRules": [
      {
        "template": "//Update File Options measure//\n\nscope: (&CWV * [o9EKG Customer].[Project Name].[{{Project}}] * [o9EKG Table].[Table Name].[{{TableName}}] * [o9EKG Documents].[File Name].[{{FileName}}] );\nMeasure.[o9EKG Text Qualifier] = \"{{Escape}}, {{Quote}}, {{Encoding}}, {{MultiLine}}\" ; \nend scope;\n\n"
      }
    ],
    "JavascriptRules": [],
    "FieldBindings": [
      {
        "fieldName": "Project",
        "title": "Project",
        "type": "picklistDropdown",
        "selectionType": "single",
        "clearSearch": false,
        "source": "filter",
        "DimensionName": "o9EKG Customer",
        "LevelAttributeName": "Project Name",
        "visible": false,
        "isEditable": false,
        "validation": {
          "maxLength": "0",
          "required": true
        }
      },
      {
        "fieldName": "FileName",
        "title": "Selected File",
        "type": "picklistDropdown",
        "selectionType": "single",
        "clearSearch": false,
        "source": "parentAttribute",
        "DimensionName": "o9EKG Documents",
        "key": {
          "LevelAttribute": {
            "Name": "File Name",
            "Property": "Name"
          }
        },
        "visible": true,
        "isEditable": false,
        "validation": {
          "maxLength": "0",
          "required": true
        }
      },
      {
        "fieldName": "Escape",
        "title": "Escape character",
        "type": "picklistDropdown",
        "selectionType": "single",
        "clearSearch": false,
        "source": "localPicklist",
        "values": [
          {
            "Key": "{'escape' : '/'}",
            "Name": "/"
          }
        ],
        "valueField": "Key",
        "visible": true,
        "isEditable": true,
        "validation": {
          "maxLength": "0",
          "required": false
        }
      },
      {
        "fieldName": "Quote",
        "title": "Quote character",
        "type": "picklistDropdown",
        "selectionType": "single",
        "clearSearch": false,
        "source": "localPicklist",
        "values": [
          {
            "Key": "{'quote' : '/'}",
            "Name": "/"
          }
        ],
        "valueField": "Key",
        "visible": true,
        "isEditable": true,
        "validation": {
          "maxLength": "0",
          "required": false
        }
      },
      {
        "fieldName": "Encoding",
        "title": "Encoding",
        "type": "picklistDropdown",
        "selectionType": "single",
        "clearSearch": false,
        "source": "localPicklist",
        "values": [
          {
            "Key": "{'encoding' : 'UTF-8'}",
            "Name": "UTF-8"
          },
          {
            "Key": "UTF-16",
            "Name": "UTF-16"
          }
        ],
        "valueField": "Key",
        "visible": true,
        "isEditable": true,
        "validation": {
          "maxLength": "0",
          "required": false
        }
      },
      {
        "fieldName": "MultiLine",
        "title": "MultiLine JSON",
        "type": "picklistDropdown",
        "selectionType": "single",
        "clearSearch": false,
        "source": "localPicklist",
        "values": [
          {
            "Key": "{'multiLine' : 'true'}",
            "Name": "true"
          },
          {
            "Key": "FALSE",
            "Name": "FALSE"
          }
        ],
        "valueField": "Key",
        "visible": true,
        "isEditable": true,
        "validation": {
          "maxLength": "0",
          "required": false
        }
      },
      {
        "fieldName": "TableName",
        "title": "Selected Table",
        "type": "picklistDropdown",
        "selectionType": "single",
        "clearSearch": false,
        "source": "parentAttribute",
        "DimensionName": "o9EKG Table",
        "key": {
          "LevelAttribute": {
            "Name": "Table Name",
            "Property": "Name"
          }
        },
        "visible": true,
        "isEditable": false,
        "validation": {
          "maxLength": "0",
          "required": true
        }
      }
    ],
    "Range": [],
    "DataSources": [],
    "AutoExecute": false,
    "isAsync": false,
    "hasMembersUpdates": false,
    "Compact": true,
    "TwoColumn": false,
    "IsGlobalForExcelAddIn": false,
    "enableTransaction": false,
    "ReturnFilterByUpdate": false,
    "ExcludeFromNavLink": false,
    "FilterFieldBindings": []
  },
  "Widget": null,
  "Roles": []
}