{
  "Name": "LP Dashboard",
  "ViewId": "75e45eab-2be5-1d62-5aac-2af190464a8e",
  "ContentType": "Regular",
  "Title": "Dashboard",
  "Position": 2,
  "IsDefault": false,
  "Resource": null,
  "RazorViewTemplate": "_containers",
  "ConfigJson": {
    "WidgetContainers": {
      "Containers": [
        1
      ],
      "Key": 0,
      "IsModified": false,
      "ViewSpread": {
        "RowLevel": 60,
        "ColLevel": 12
      },
      "Data": [
        {
          "Id": "a31cdbf7-8b6b-4d5f-a017-4ed276c57f16",
          "Col": 0,
          "Row": 0,
          "SizeX": 12,
          "SizeY": 60
        }
      ]
    },
    "CompactMode": false,
    "IsHidden": false
  },
  "Roles": [
    "admin",
    "dataadmin",
    "public"
  ]
}