{
  "AttributeName": "Retail_SZP_AS_NN",
  "AttributeId": "bf650c14-6f5d-4158-79ba-727f3e091e12",
  "AttributeHierarchyEnabled": true,
  "IsKey": false,
  "Description": "Item Location Selling Season Active Size Granularity",
  "OrderBy": "Key",
  "KeyColumnName": "Retail_SZP_AS_NNKey",
  "NameColumnName": "Retail_SZP_AS_NNName",
  "KeyColumnDataType": "integer",
  "SeedTags": true,
  "KeyGenerationType": "Auto",
  "PickListName": null,
  "ConfigJson": {
    "ShowFilterAs": "TileView",
    "MemberDisplayNameEditable": true,
    "IsMultipleImage": false,
    "MemberDisplayColor": false
  },
  "FormatString": null,
  "Translation": null,
  "Aliases": [],
  "ApiName": null,
  "ApiDisabled": false,
  "ParentAttributeName": null,
  "NamedNodeUsages": [
    {
      "DimensionName": "Item",
      "AttributeName": "Item"
    },
    {
      "DimensionName": "Location",
      "AttributeName": "Location"
    },
    {
      "DimensionName": "Selling Season",
      "AttributeName": "Selling Season"
    }
  ]
}