{
  "MeasureGroupName": "003.005 Common Aggregated Demand Netting Parameters",
  "MeasureGroupId": "2001446b-7255-4880-5ab3-8cb2b8594a3c",
  "ParentMeasureGroupName": null,
  "HasShadow": false,
  "MeasureGroupDescription": "003.005 Common Aggregated Demand Netting Parameters",
  "MeasureGroupType": "Regular",
  "FactTableName": "Fact003.005CommonAggregatedDemandNettingParameters",
  "SchemaMajorVersion": 0,
  "ConfigJson": {},
  "ApiName": null,
  "Repartition": false,
  "Unpartition": false,
  "ApiEnabled": false,
  "DimensionUsages": [
    {
      "DimensionName": "Version",
      "AttributeName": "Version Name",
      "SortOrder": 0,
      "DimensionType": "Regular"
    },
    {
      "DimensionName": "Item",
      "AttributeName": "FN Item",
      "SortOrder": 1,
      "DimensionType": null
    },
    {
      "DimensionName": "Location",
      "AttributeName": "FN Location",
      "SortOrder": 2,
      "DimensionType": null
    },
    {
      "DimensionName": "Sales Domain",
      "AttributeName": "Customer Group",
      "SortOrder": 3,
      "DimensionType": null
    }
  ]
}