{
  "AttributeName": "RGM Planning Account",
  "AttributeId": "4e3532a3-978b-eacc-6f02-6806361570ef",
  "AttributeHierarchyEnabled": true,
  "IsKey": false,
  "Description": "Sub Banner/ Banner/ Retailer based on level of planning for each retailer",
  "OrderBy": "Key",
  "KeyColumnName": "RGMPlanningAccountKey",
  "NameColumnName": "RGMPlanningAccountName",
  "KeyColumnDataType": "integer",
  "SeedTags": false,
  "KeyGenerationType": "Auto",
  "PickListName": null,
  "ConfigJson": {},
  "FormatString": null,
  "Translation": null,
  "Aliases": null,
  "ApiName": null,
  "ApiDisabled": false,
  "FgColorFormula": null,
  "BgColorFormula": null,
  "IsReservedBySystem": false
}