{
  "MeasureGroupName": "100.001 R Exception Advanced Demand Prioritization",
  "MeasureGroupId": "51c040b6-6a2e-4faa-9011-1ee4b63ef3de",
  "ParentMeasureGroupName": null,
  "HasShadow": false,
  "MeasureGroupDescription": "R Exception measure for Advanced Demand Prioritzation",
  "MeasureGroupType": "Regular",
  "FactTableName": "Fact100.001RExceptionAdvancedDemandPrioritization",
  "SchemaMajorVersion": 0,
  "ConfigJson": {},
  "ApiName": null,
  "Repartition": false,
  "Unpartition": false,
  "ApiEnabled": false,
  "DimensionUsages": [
    {
      "DimensionName": "Version",
      "AttributeName": "Version Name",
      "SortOrder": 0,
      "DimensionType": "Regular"
    }
  ]
}