{
  "Name": "APInfoBuyPlan03",
  "Description": "Information",
  "ActionButtonId": "d12e7d2a-3488-2595-81f5-31fa8333fdb1",
  "Tooltip": "Report Information",
  "ActionButtonType": "Widget",
  "Alignment": "right",
  "IsPopOver": true,
  "IsGlobal": true,
  "ActionClickHandler": null,
  "Icon": null,
  "Image": null,
  "ConfigJson": {
    "icon": "info-circle",
    "SubmitButton": {
      "Label": " "
    },
    "ResetButton": {},
    "CloseButton": {
      "Label": " "
    },
    "NotifyAll": false,
    "IBPLRules": [],
    "JavascriptRules": [],
    "FieldBindings": [
      {
        "fieldName": "Information",
        "title": "Information",
        "type": "info",
        "clearSearch": true,
        "source": "literal",
        "defaultValue": "<!DOCTYPE html> <html lang=\"en\"> <head>     <meta charset=\"UTF-8\">     <meta name=\"viewport\" content=\"width=device-width, initial-scale=1.0\">     <title>DC Receipt Inputs</title> </head> <body style=\"text-align: left;\">     <p align=\"left\"><strong>Overview</strong></p>     <p align=\"left\">In this report, you can provide the values for Receipt Strategy, Receipt Weeks, and optionally, the Receipt Split %. You can choose one of the following two Receipts Strategies: <Br> <Br> Receipt aggregation logic - If any of the receipt weeks do not meet the MOQ, the receipts are aggregated with the previous week's receipts. <Br> Receipt split logic - Receipts are calculated using the split % defined for each receipt week. The receipts are determined by multiplying the split % by the total intake. <Br> <Br> The planner can define up to four receipt weeks.</p> </body> </html>",
        "visible": true,
        "isEditable": true,
        "validation": {
          "maxLength": "0",
          "required": true
        }
      }
    ],
    "Range": [],
    "DataSources": [],
    "AutoExecute": false,
    "isAsync": false,
    "hasMembersUpdates": false,
    "Compact": false,
    "TwoColumn": false,
    "IsGlobalForExcelAddIn": false,
    "enableTransaction": false,
    "ReturnFilterByUpdate": false,
    "ExcludeFromNavLink": false,
    "FilterFieldBindings": []
  },
  "Widget": null,
  "Roles": []
}