{
  "Name": "SupplyPlan009CommonAddResourceToRouting",
  "Description": null,
  "ActionButtonId": "5e8e2aa3-a645-42cb-871b-0b6fd9962835",
  "Tooltip": "Add Resource To Routing",
  "ActionButtonType": "Widget",
  "Alignment": "right",
  "IsPopOver": true,
  "IsGlobal": true,
  "ActionClickHandler": null,
  "Icon": null,
  "Image": null,
  "ConfigJson": {
    "DisplayName": "Add Resource To Routing",
    "icon": "plus",
    "SubmitButton": {
      "Label": "Submit"
    },
    "ResetButton": {
      "Label": "Reset"
    },
    "CloseButton": {
      "Label": "Close",
      "ConfirmMessage": "Unsaved changes will be lost. Continue?"
    },
    "NotifyAll": false,
    "IBPLRules": [
      {
        "template": "Evaluatemember Scope: (&AllRoutings{{#filter RoutingID}} * [Resource].[Resource]{{#filter ConsumedResource}} * [Location]. [Location]{{#filter Location}} * [Item].[Item] *  [Version].[Version Name]{{#filter Version}});\n\nMeasure.[o9 Resource Priority] = if(Measure.[Final Routing Item Location Association] > 0 &&  Resource.#.Name == \"{{ConsumedResource}}\") then {{ResourcePriority}};\n\nMeasure.[o9 Resource Routing Association] = if(Measure.[Final Routing Item Location Association] > 0 &&  Resource.#.Name == \"{{ConsumedResource}}\") then 1;\n\nend scope;\n\n\n//--Uncomment the below code to enable Net change functionality\n/*\nScope: (&AllRoutings{{#filter RoutingID}} * [Resource].[Resource]{{#filter ConsumedResource}} * [Location]. [Location]{{#filter Location}} * [Item].[Item] *  [Version].[Version Name]{{#filter Version}});\nMeasure.[o9 Resource Routing Association NC Addition] = if(Measure.[Final Routing Item Location Association] > 0 &&  Resource.#.Name == \"{{ConsumedResource}}\") then 1;\nend scope;\n\nScope: (&AllRoutings{{#filter RoutingID}} * [Resource].[Resource]{{#filter ConsumedResource}} * [Location]. [Location]{{#filter Location}} * [Item].[Item] *  [Version].[Version Name]{{#filter Version}});\nMeasure.[o9 Resource Routing Association NC Deletion] =  if(Measure.[Final Routing Item Location Association] > 0 &&  Resource.#.Name == \"{{ConsumedResource}}\") then Null;\nMeasure.[ERP Resource Routing Association NC Deletion] = if(Measure.[Final Routing Item Location Association] > 0 &&  Resource.#.Name == \"{{ConsumedResource}}\") then Null;\nend scope;\n*/"
      }
    ],
    "JavascriptRules": [],
    "FieldBindings": [
      {
        "fieldName": "Version",
        "title": "Version",
        "type": "picklistDropdown",
        "selectionType": "single",
        "clearSearch": true,
        "source": "filter",
        "DimensionName": "Version",
        "LevelAttributeName": "Version Name",
        "visible": true,
        "isEditable": true,
        "validation": {
          "maxLength": "0",
          "required": true
        }
      },
      {
        "fieldName": "Location",
        "title": "Plant Location",
        "Description": "Plant Location",
        "type": "picklistDropdown",
        "selectionType": "single",
        "clearSearch": true,
        "source": "filter",
        "DimensionName": "Location",
        "LevelAttributeName": "Location",
        "visible": true,
        "isEditable": true,
        "validation": {
          "maxLength": "0",
          "required": true
        }
      },
      {
        "fieldName": "RoutingID",
        "title": "RoutingID",
        "Description": "RoutingID",
        "type": "picklistDropdown",
        "selectionType": "single",
        "clearSearch": true,
        "source": "datasource",
        "key": "RoutingDS",
        "valueField": "Name",
        "textField": "Name",
        "visible": true,
        "isEditable": true,
        "cascadeFrom": "Location",
        "validation": {
          "maxLength": "0",
          "required": true
        },
        "select": "NONE",
        "overrideFieldBindingType": false
      },
      {
        "fieldName": "ConsumedResource",
        "title": "Consumed Resource",
        "type": "picklistDropdown",
        "selectionType": "single",
        "clearSearch": true,
        "source": "datasource",
        "key": "ResourceDS",
        "valueField": "Name",
        "textField": "Name",
        "visible": true,
        "isEditable": true,
        "cascadeFrom": "Location",
        "validation": {
          "maxLength": "0",
          "required": true
        },
        "select": "NONE",
        "overrideFieldBindingType": false
      },
      {
        "fieldName": "ResourcePriority",
        "title": "Resource Priority",
        "type": "number",
        "clearSearch": true,
        "source": "literal",
        "visible": true,
        "isEditable": true,
        "validation": {
          "maxLength": "0",
          "required": true
        },
        "selectionType": "single",
        "defaultValue": "1"
      }
    ],
    "Range": [],
    "DataSources": [
      {
        "Name": "ResourceDS",
        "IBPLRules": [
          {
            "template": "Select (&ManufacturingResource) where {\n[Version].[Version Name]{{#filter Version}},[Location].[Location]{{#filter Location}},Measure.[o9 Resource Location Association]>0};"
          }
        ],
        "JavascriptRules": [],
        "FieldBindings": [],
        "IncludeDSFieldsOnly": false
      },
      {
        "Name": "RoutingDS",
        "IBPLRules": [
          {
            "template": "select (&AllRoutings) where {\n[Version].[Version Name]{{#filter Version}}, [Location].[Location]{{#filter Location}},  Measure.[o9 Routing Location Association] > 0};"
          }
        ],
        "JavascriptRules": [],
        "IncludeDSFieldsOnly": false,
        "FieldBindings": []
      }
    ],
    "AutoExecute": false,
    "isAsync": true,
    "hasMembersUpdates": false,
    "Compact": true,
    "TwoColumn": false,
    "IsGlobalForExcelAddIn": false,
    "enableTransaction": false,
    "ReturnFilterByUpdate": false,
    "ExcludeFromNavLink": false,
    "FilterFieldBindings": []
  },
  "Widget": null,
  "Roles": []
}