{
  "HierarchyName": "Tenant Hierarchies",
  "HierarchyId": "499b7f52-5420-1cda-0ea9-80ae033adca8",
  "HierarchyDescription": "Tenant Hierarchies",
  "Translations": null,
  "Levels": [
    {
      "LevelName": "Profile",
      "LevelId": "2d0885d4-7a0f-9b52-48e7-130ffac48392",
      "SourceAttributeName": "Profile",
      "LevelDescription": "Profile",
      "LevelPosition": 0,
      "Translations": null
    },
    {
      "LevelName": "Tenant",
      "LevelId": "c7828772-2c25-3c06-4927-990ab8a75a3d",
      "SourceAttributeName": "Tenant",
      "LevelDescription": "Tenant",
      "LevelPosition": 1,
      "Translations": null
    }
  ],
  "IsEnabled": true,
  "ErrorMessage": null
}