{
  "AttributeName": "Retail_AP_BP_Product_Location_Setup_NN",
  "AttributeId": "fb67d3d6-3a5e-a4e5-ac6d-29a4d82c8ca8",
  "AttributeHierarchyEnabled": true,
  "IsKey": false,
  "Description": "Retail AP Buy Plan Product and Location Setup Named Node",
  "OrderBy": "Key",
  "KeyColumnName": "Retail_AP_BP_Product_Location_Setup_NNKey",
  "NameColumnName": "Retail_AP_BP_Product_Location_Setup_NNName",
  "KeyColumnDataType": "integer",
  "SeedTags": true,
  "KeyGenerationType": "Auto",
  "PickListName": null,
  "ConfigJson": {
    "ShowFilterAs": "TileView",
    "MemberDisplayNameEditable": true,
    "IsMultipleImage": false,
    "MemberDisplayColor": false
  },
  "FormatString": null,
  "Translation": null,
  "Aliases": [],
  "ApiName": null,
  "ApiDisabled": false,
  "ParentAttributeName": null,
  "NamedNodeUsages": [
    {
      "DimensionName": "Item",
      "AttributeName": "Planning Item"
    },
    {
      "DimensionName": "Location",
      "AttributeName": "Location Country"
    }
  ]
}