{
  "MeasureName": "SP Gross Margin Rtl AP",
  "MeasureId": "573e67a6-bede-9952-3eb4-e52c1177a840",
  "MeasureDescription": "SP Gross Margin Rtl Approved",
  "DataType": "number",
  "MeasureType": "Currency",
  "AggregateFunction": "Sum",
  "FormatString": "($0,000.00a)",
  "MeasureColumnName": "SPGrossMarginRtlAP",
  "MeasureFormula": "",
  "IsEditable": false,
  "ApplyConversion": true,
  "ConversionFormula": "Exchange Rate Monthly",
  "PickListName": null,
  "BgColorFormula": "",
  "FgColorFormula": "",
  "TrendFormula": "",
  "FormattingViewModel": null,
  "ParentMeasureName": null,
  "AssociationMeasure": false,
  "IsComputedByPlanningService": false,
  "ToolTip": "SP Gross Margin Rtl Approved",
  "ConfigJson": {},
  "ApiName": null,
  "ApiDisabled": false,
  "IsReportingMeasure": false,
  "MeasureConditionalFormulaProperties": [],
  "PicklistSource": null
}