{
  "AttributeName": "Retail_AP_Range_L_NN",
  "AttributeId": "078c9e25-c923-3022-6811-8052823ac8bf",
  "AttributeHierarchyEnabled": true,
  "IsKey": false,
  "Description": "Style Color Selling Season Cluster Country Channel Association",
  "OrderBy": "Key",
  "KeyColumnName": "Retail_AP_Range_L_NNKey",
  "NameColumnName": "Retail_AP_Range_L_NNName",
  "KeyColumnDataType": "integer",
  "SeedTags": true,
  "KeyGenerationType": "Auto",
  "PickListName": null,
  "ConfigJson": {
    "ShowFilterAs": "TileView",
    "MemberDisplayNameEditable": true,
    "IsMultipleImage": false,
    "MemberDisplayColor": false
  },
  "FormatString": null,
  "Translation": null,
  "Aliases": [],
  "ApiName": null,
  "ApiDisabled": false,
  "ParentAttributeName": null,
  "NamedNodeUsages": [
    {
      "DimensionName": "Item",
      "AttributeName": "Planning Item"
    },
    {
      "DimensionName": "Location",
      "AttributeName": "Location Country"
    },
    {
      "DimensionName": "Sales Domain",
      "AttributeName": "Sales Planning Channel"
    },
    {
      "DimensionName": "Selling Season",
      "AttributeName": "Selling Season"
    },
    {
      "DimensionName": "Cluster",
      "AttributeName": "Cluster"
    }
  ]
}