{
  "Name": "Lane Capacity Setup",
  "WidgetDefinitionName": "DIST BODLane Resource_Retail",
  "IsPrimary": false,
  "ConfigJson": {
    "ContainerId": "775c01f1-35a7-4399-bbf7-4c155202b9be",
    "CompositeContainerId": null,
    "Position": 1,
    "ShowInfoContext": {
      "MemberInfo": true
    },
    "ShowHeader": {
      "Icon": "",
      "Color": null
    },
    "ActionButtonBindings": [
      {
        "ActionButtonName": "SupplyPlan0200CapacityDaily",
        "HotKey": "",
        "ExcludeHiddenAttributes": false
      },
      {
        "ActionButtonName": "SupplyPlan139EnableLaneResource",
        "HotKey": "",
        "ExcludeHiddenAttributes": false
      },
      {
        "ActionButtonName": "SupplyPlan140DisableLaneResource",
        "HotKey": "",
        "ExcludeHiddenAttributes": false
      }
    ]
  },
  "ViewWidgetDefinitionId": "8f0cbf12-c199-4513-9c57-16e0b83dbba7",
  "Title": null
}