{
  "Name": "SupplyPlan099DMfgCapacityParameterMerge",
  "Description": null,
  "ActionButtonId": "90152cf3-073d-73a0-b10d-cdad24e94f06",
  "Tooltip": "Merge Daily Manufacturing Capacity Parameters",
  "ActionButtonType": "Rule",
  "Alignment": "right",
  "IsPopOver": true,
  "IsGlobal": false,
  "ActionClickHandler": null,
  "Icon": null,
  "Image": null,
  "ConfigJson": {
    "icon": "upload",
    "Position": "0",
    "SubmitButton": {
      "Label": "Submit"
    },
    "ResetButton": {
      "Label": "Reset"
    },
    "CloseButton": {
      "Label": "Close",
      "ConfirmMessage": "Unsaved changes will be lost. Continue?"
    },
    "NotifyAll": false,
    "IBPLRules": [
      {
        "template": "/* Copies over Manufacturing capacity measures, if selected */\n\n{{#if DailyMFGCapacityMeasure}}\n\n{{#each DailyMFGCapacityMeasure}}\n\n\nscope: (Version.[Version Name].[{{Target}}] * Resource.Resource{{#filter Resource1}} * Location.Location{{#filter Location1}} * &DailyPlanningHorizon);\n\nMeasure.[{{this}}] = sum(Measure.[{{this}}]@(Version.[Version Name].[{{Source}}]) );\n\nend scope;\n\n{{/each}}\n\n{{/if}}\n\n"
      }
    ],
    "JavascriptRules": [],
    "FieldBindings": [
      {
        "fieldName": "Target",
        "title": "Target Scenario",
        "Description": "Target Scenario",
        "type": "picklistDropdown",
        "selectionType": "single",
        "clearSearch": true,
        "select": "ALL",
        "source": "members",
        "DimensionName": "Version",
        "LevelAttributeName": "Version Name",
        "visible": true,
        "isEditable": false,
        "validation": {
          "maxLength": "0",
          "required": true
        }
      },
      {
        "fieldName": "Source",
        "title": "Source Scenario",
        "Description": "Source Scenario",
        "type": "picklistDropdown",
        "selectionType": "single",
        "clearSearch": true,
        "select": "NONE",
        "source": "members",
        "DimensionName": "Version",
        "LevelAttributeName": "Version Name",
        "visible": true,
        "isEditable": true,
        "validation": {
          "maxLength": "0",
          "required": true
        },
        "FilterExpression": "&Scenarios"
      },
      {
        "fieldName": "Location1",
        "title": "Location",
        "type": "picklistDropdown",
        "fieldGroup": "Manufacturing Capacity",
        "selectionType": "single",
        "clearSearch": true,
        "select": "NONE",
        "source": "members",
        "DimensionName": "Location",
        "LevelAttributeName": "Location",
        "visible": true,
        "isEditable": true,
        "validation": {
          "maxLength": "0",
          "required": false
        }
      },
      {
        "fieldName": "Resource1",
        "title": "Resource",
        "type": "picklistDropdown",
        "fieldGroup": "Manufacturing Capacity",
        "selectionType": "multiple",
        "clearSearch": true,
        "select": "NONE",
        "source": "datasource",
        "key": "dsResource1",
        "valueField": "Resource",
        "textField": "Resource",
        "visible": true,
        "isEditable": true,
        "cascadeFrom": "Location1",
        "validation": {
          "maxLength": "0",
          "required": false
        }
      },
      {
        "fieldName": "DailyMFGCapacityMeasure",
        "title": "Parameters",
        "type": "picklistDropdown",
        "fieldGroup": "Manufacturing Capacity",
        "selectionType": "multiple",
        "clearSearch": true,
        "select": "NONE",
        "source": "picklist",
        "key": "D CapacityMFGMeasuresCommon",
        "visible": true,
        "isEditable": true,
        "validation": {
          "maxLength": "0",
          "required": false
        }
      }
    ],
    "DataSources": [
      {
        "Name": "dsResource1",
        "IBPLRules": [
          {
            "template": "select (Version.[Version Name]{{#filter Source}} * Location.[Location]{{#filter Location1}} * [Resource].[Resource]) on row, ({Measure.[Resource Location Association]}) on column where {Measure.[Resource Location Association] > 0} ;"
          }
        ],
        "JavascriptRules": [],
        "FieldBindings": [],
        "IncludeDSFieldsOnly": false
      },
      {
        "Name": "dsResource4",
        "IBPLRules": [
          {
            "template": "select (Version.[Version Name]{{#filter Source}} * Location.[Location]{{#filter Location4}} * Resource.Resource) on row, ({Measure.[W Resource Location Association]}) on column where {Measure.[W Resource Location Association] > 0} ;"
          }
        ],
        "JavascriptRules": [],
        "FieldBindings": [],
        "IncludeDSFieldsOnly": false
      },
      {
        "Name": "dsSupplier5",
        "IBPLRules": [
          {
            "template": "\nSelect ([Supplier].[Supplier Location] * [Item].[Item]{{#filter Item5}} * [Version].[Version Name].{{#filter Source}}) on row, \n({Measure.[W Approved Supplier]}) on column;"
          }
        ],
        "JavascriptRules": [],
        "FieldBindings": [],
        "IncludeDSFieldsOnly": false
      },
      {
        "Name": "dsResource6",
        "IBPLRules": [
          {
            "template": "Select ([Resource].[Resource] * [Supplier].[Supplier Location]{{#filter Supplier6}} * [Version].[Version Name].{{#filter Source}}) on row, \n({Measure.[W Base Item Shared Supplier Capacity Intermediate]}) on column;"
          }
        ],
        "JavascriptRules": [],
        "FieldBindings": [],
        "IncludeDSFieldsOnly": false
      }
    ],
    "AutoExecute": false,
    "isAsync": false,
    "hasMembersUpdates": false,
    "Compact": true,
    "TwoColumn": true,
    "IsGlobalForExcelAddIn": false,
    "ExcludeFromNavLink": false,
    "FilterFieldBindings": []
  },
  "Widget": null
}