{
  "EdgePropertyId": "513003a4-f66d-41c5-99be-6b78160d3367",
  "PropertyName": "Item Location Realignment Percentage Weighted",
  "PropertyDescription": "Edge carrying the weighted percentage of shipments to be realigned for Item Location Realignment",
  "PropertyDataType": "number",
  "PropertyDataSize": 0,
  "PropertyColumnName": "ItemLocationRealignmentPercentageWeighted",
  "AggregateFunction": "AvgNonNull",
  "PropertyFormula": "",
  "IsEditable": false,
  "FormatString": "0%",
  "ActivationProperty": false,
  "IsComputedByPlanningService": false,
  "ToolTip": null,
  "ApiName": null,
  "ApiDisabled": false,
  "BgColorFormula": "",
  "FgColorFormula": "",
  "TrendFormula": "",
  "FormattingViewModel": null,
  "ConditionalFormulas": []
}