{
  "MeasureGroupName": "001.014 Out Files",
  "MeasureGroupId": "694ce543-0f77-498b-8511-f48d654d6dc7",
  "ParentMeasureGroupName": null,
  "HasShadow": false,
  "MeasureGroupDescription": "001.014 Out Files",
  "MeasureGroupType": "Regular",
  "FactTableName": "Fact001.014OutFiles",
  "SchemaMajorVersion": 0,
  "ConfigJson": {},
  "ApiName": null,
  "Repartition": false,
  "Unpartition": false,
  "ApiEnabled": false,
  "DimensionUsages": [
    {
      "DimensionName": "Version",
      "AttributeName": "Version Name",
      "SortOrder": 0,
      "DimensionType": "Regular"
    },
    {
      "DimensionName": "Out Files",
      "AttributeName": "Serial No",
      "SortOrder": 1,
      "DimensionType": "Regular"
    }
  ]
}