{
  "Name": "o9EKGExcludeTables",
  "Description": "Exclude Tables",
  "ActionButtonId": "6e23cf79-c8a0-dffd-9326-aeec21bfae92",
  "Tooltip": "Exclude Tables",
  "ActionButtonType": "Widget",
  "Alignment": "right",
  "IsPopOver": true,
  "IsGlobal": true,
  "ActionClickHandler": null,
  "Icon": null,
  "Image": null,
  "ConfigJson": {
    "DisplayName": "Exclude Tables",
    "icon": "circle-o",
    "SubmitButton": {
      "Label": "Remove",
      "SuccessMessage": "Tables are moved to \"Tables Excluded\" tab"
    },
    "ResetButton": {
      "Label": "Reset"
    },
    "CloseButton": {
      "Label": "Close",
      "ConfirmMessage": "Unsaved changes will be lost. Continue?"
    },
    "NotifyAll": false,
    "IBPLRules": [
      {
        "template": "//Exclude Table Flag\n\nScope: (&CWV *  [o9EKG Customer].[Project Name].[{{ProjectName}}]  * [o9EKG Table].[Table Name]{{#filter TableName}}  ); \n\nMeasure.[o9EKG Table Included] = -1 ; \n\nEnd Scope;\n"
      },
      {
        "template": "//Exclude Field Flag\n\nScope: (&CWV *  [o9EKG Customer].[Project Name].[{{ProjectName}}]  * [o9EKG Table].[Field ID]{{#filter Fields}}  ); \n\nMeasure.[o9EKG Field Included] = -1 ; \n\nEnd Scope;"
      }
    ],
    "JavascriptRules": [],
    "FieldBindings": [
      {
        "fieldName": "ProjectName",
        "title": "ProjectName",
        "type": "string",
        "clearSearch": true,
        "source": "filter",
        "DimensionName": "o9EKG Customer",
        "LevelAttributeName": "Project Name",
        "visible": true,
        "isEditable": true,
        "validation": {
          "maxLength": "0",
          "required": true
        }
      },
      {
        "fieldName": "TableName",
        "title": "TableName",
        "type": "picklistDropdown",
        "selectionType": "multiple",
        "clearSearch": false,
        "source": "parentAttribute",
        "DimensionName": "o9EKG Table",
        "key": {
          "LevelAttribute": {
            "Name": "Table Name",
            "Property": "Name"
          }
        },
        "visible": true,
        "isEditable": true,
        "validation": {
          "maxLength": "0",
          "required": true
        }
      },
      {
        "fieldName": "Fields",
        "title": "Fields",
        "type": "picklistDropdown",
        "selectionType": "multiple",
        "clearSearch": true,
        "select": "ALL",
        "source": "datasource",
        "key": "FieldList",
        "valueField": "Field ID",
        "textField": "Field ID",
        "visible": true,
        "isEditable": false,
        "cascadeFrom": "TableName",
        "validation": {
          "maxLength": "0",
          "required": true
        },
        "overrideFieldBindingType": false
      }
    ],
    "Range": [],
    "DataSources": [
      {
        "Name": "FieldList",
        "IBPLRules": [
          {
            "template": "Select ( [o9EKG Table].[Table Name]{{#filter TableName}} * [o9EKG Table].[Field ID] );"
          }
        ],
        "JavascriptRules": [],
        "IncludeDSFieldsOnly": false,
        "FieldBindings": []
      }
    ],
    "AutoExecute": true,
    "isAsync": false,
    "hasMembersUpdates": false,
    "Compact": false,
    "TwoColumn": false,
    "IsGlobalForExcelAddIn": false,
    "ReturnFilterByUpdate": false,
    "ExcludeFromNavLink": false,
    "FilterFieldBindings": []
  },
  "Widget": null,
  "Roles": [
    "EKG_DataAdmin",
    "EKG_Intg_Arch"
  ]
}