{
  "MeasureName": "LP Vs LP LLLY Ttl Sls Rtl Growth %",
  "MeasureId": "7a45cf73-3572-4e5b-b0e4-8926712a4820",
  "MeasureDescription": "LP Vs LP LLLY Ttl Sls Rtl Growth %",
  "DataType": "number",
  "MeasureType": "Regular",
  "AggregateFunction": "Computed",
  "FormatString": "0.00%",
  "MeasureColumnName": "LPVsLPLLLYTtlSlsRtlGrowth%",
  "MeasureFormula": "safedivide((Measure.[LP Ttl Sls Rtl] - Measure.[LP LLLY Ttl Sls Rtl]),Measure.[LP LLLY Ttl Sls Rtl])",
  "IsEditable": false,
  "ApplyConversion": false,
  "ConversionFormula": "",
  "PickListName": null,
  "BgColorFormula": "",
  "FgColorFormula": "",
  "TrendFormula": "",
  "FormattingViewModel": null,
  "ParentMeasureName": null,
  "AssociationMeasure": false,
  "IsComputedByPlanningService": false,
  "ToolTip": "(LP Ttl Sls Rtl - LP LLLY Ttl Sls Rtl)/LP LLLY Ttl Sls Rtl",
  "ConfigJson": {},
  "ApiName": null,
  "ApiDisabled": false,
  "IsReportingMeasure": true,
  "MeasureConditionalFormulaProperties": [],
  "PicklistSource": null
}