{
  "Name": "SupplyPlan230ConvertToRegularLane",
  "Description": "Convert To Regular Lane",
  "ActionButtonId": "94aec3b4-ec43-91a6-78cd-8bc5e075c2be",
  "Tooltip": "Convert To Regular Lane",
  "ActionButtonType": "Widget",
  "Alignment": "right",
  "IsPopOver": true,
  "IsGlobal": true,
  "ActionClickHandler": null,
  "Icon": null,
  "Image": null,
  "ConfigJson": {
    "DisplayName": "Convert To Regular Lane",
    "icon": "angle-down",
    "SubmitButton": {
      "Label": "Submit"
    },
    "ResetButton": {
      "Label": "Reset"
    },
    "CloseButton": {
      "Label": "Close",
      "ConfirmMessage": "Unsaved changes will be lost. Continue?"
    },
    "NotifyAll": false,
    "IBPLRules": [
      {
        "template": "{{#each Tuple}}\nscope:([Version].[Version Name]{{#filter Version}} * {{#entity Item}} * {{#entity Activity1}}* {{#entity Activity2}});\nMeasure.[DIST Frozen Window by Item Location BODLane Override] = null;\nend scope;\n{{/each}}\n"
      }
    ],
    "JavascriptRules": [],
    "FieldBindings": [
      {
        "fieldName": "Version",
        "title": "Version",
        "Description": "Version",
        "type": "picklistDropdown",
        "selectionType": "single",
        "clearSearch": true,
        "source": "filter",
        "DimensionName": "Version",
        "LevelAttributeName": "Version Name",
        "visible": true,
        "isEditable": true,
        "validation": {
          "maxLength": "0",
          "required": true
        }
      },
      {
        "fieldName": "Tuple",
        "title": "Select Intersections",
        "Description": "Select Intersections",
        "type": "picklistDropdown",
        "select": "ALL",
        "clearSearch": true,
        "source": "parentTuple",
        "TuplesList": [
          {
            "Key": "Item",
            "LevelAttribute": {
              "DimensionName": "Item",
              "Name": "Item",
              "textField": "Item"
            },
            "tuplesource": "LevelAttribute"
          },
          {
            "Key": "Activity1",
            "LevelAttribute": {
              "DimensionName": "Activity1",
              "Name": "Activity1",
              "textField": "Activity1"
            },
            "tuplesource": "LevelAttribute"
          },
          {
            "Key": "Activity2",
            "LevelAttribute": {
              "DimensionName": "Activity2",
              "Name": "Activity2",
              "textField": "Activity2"
            },
            "tuplesource": "LevelAttribute"
          }
        ],
        "visible": true,
        "isEditable": true,
        "validation": {
          "required": true
        }
      }
    ],
    "DataSources": [],
    "AutoExecute": false,
    "isAsync": true,
    "hasMembersUpdates": false,
    "Compact": false,
    "TwoColumn": false,
    "IsGlobalForExcelAddIn": false,
    "ReturnFilterByUpdate": false,
    "ExcludeFromNavLink": false,
    "FilterFieldBindings": []
  },
  "Widget": null
}