{
  "LabelId": "0021e126-60dd-df4a-9fd6-00fdad2d9fb9",
  "LabelName": "b93f4640-94b5-40d0-8809-26c670fbbcf5",
  "LabelDescription": "Update Inbound Inventory Status while file uploads",
  "Position": 8.0,
  "RuleGroupType": "Regular",
  "IgnoreErrors": false,
  "HasErrors": false,
  "ErrorMessage": null,
  "ScopeExpression": {
    "AttributeMemberScopes": [
      {
        "FilterExpression": "&CWVAndScenarios"
      },
      {
        "DimensionName": "Pack",
        "LevelAttributeName": "PackID"
      },
      {
        "DimensionName": "Documents",
        "LevelAttributeName": "OrderID"
      },
      {
        "DimensionName": "Location",
        "LevelAttributeName": "Location"
      }
    ]
  },
  "Formulas": [
    {
      "RuleGroupId": "6a3d6734-63dd-1ae8-a447-c4c4fa6e8ce0",
      "RuleGroupLabelName": null,
      "ScopeLabelName": null,
      "RuleGroupName": "84af1b7c-6606-48c6-905b-0f7a58caaaff",
      "RuleGroupLabelPosition": 0.0,
      "ScopeLabelPosition": 200.0,
      "RuleGroupDescription": " ",
      "IsEnabled": true,
      "RuleGroupContent": {
        "ScopeExpression": null,
        "IsParameterized": false,
        "ParameterJson": null,
        "IsParallel": false,
        "RuleGroupText": "Measure.[Inbound Order Status] = if (isnull(Measure.[Remaining Packs after Allocation])) then \"Available\";",
        "NamedNodeName": null,
        "PluginInstanceName": null,
        "PluginScopes": null,
        "PluginArguments": null,
        "PluginModified": false
      },
      "RuleGroupType": "Regular",
      "HasErrors": false,
      "ErrorMessage": null,
      "IgnoreErrors": false,
      "Translations": [],
      "DimensionUsages": [
        {
          "DimensionName": "Location",
          "AttributeName": "Location"
        },
        {
          "DimensionName": "Documents",
          "AttributeName": "OrderID"
        },
        {
          "DimensionName": "Pack",
          "AttributeName": "PackID"
        },
        {
          "DimensionName": "Version",
          "AttributeName": "Version Name"
        }
      ],
      "MeasureUsages": [
        {
          "MeasureName": "Inbound Order Status",
          "IsInput": false,
          "IsOutput": true
        },
        {
          "MeasureName": "Remaining Packs after Allocation",
          "IsInput": true,
          "IsOutput": false
        }
      ],
      "ActionButtonUsages": [],
      "RelationshipPropertyUsages": []
    }
  ]
}