{
  "LabelId": "55a17ab1-0d9c-7791-5044-c3e42f367cb0",
  "LabelName": "bd0fd3f4-0d34-4bdc-8265-36656f0ffd8b",
  "LabelDescription": "Populate Final Allocation Consumption Plan Output for Packs OrderlineID",
  "Position": 3.0,
  "RuleGroupType": "Regular",
  "IgnoreErrors": false,
  "HasErrors": false,
  "ErrorMessage": null,
  "ScopeExpression": {
    "AttributeMemberScopes": [
      {
        "DimensionName": "Time",
        "LevelAttributeName": "Day"
      },
      {
        "FilterExpression": "&CWVAndScenarios"
      },
      {
        "DimensionName": "Pack",
        "LevelAttributeName": "PackID"
      },
      {
        "DimensionName": "Item",
        "LevelAttributeName": "Item"
      },
      {
        "DimensionName": "Location",
        "LevelAttributeName": "Location"
      },
      {
        "DimensionName": "Activity1",
        "LevelAttributeName": "Activity1"
      },
      {
        "DimensionName": "Activity2",
        "LevelAttributeName": "Activity2"
      },
      {
        "DimensionName": "Activity3",
        "LevelAttributeName": "Activity3"
      },
      {
        "DimensionName": "Demand Type",
        "LevelAttributeName": "Demand Type"
      },
      {
        "DimensionName": "Demand",
        "LevelAttributeName": "DemandID"
      },
      {
        "DimensionName": "Documents",
        "LevelAttributeName": "OrderlineID"
      }
    ]
  },
  "Formulas": [
    {
      "RuleGroupId": "71a7fd42-e1e3-247d-ad1e-0b9b8b66ddc1",
      "RuleGroupLabelName": null,
      "ScopeLabelName": null,
      "RuleGroupName": "03ebb3b7-b3fd-4ab4-a1e9-cdf80aa0c418",
      "RuleGroupLabelPosition": 0.0,
      "ScopeLabelPosition": 200.0,
      "RuleGroupDescription": " ",
      "IsEnabled": false,
      "RuleGroupContent": {
        "ScopeExpression": null,
        "IsParameterized": false,
        "ParameterJson": null,
        "IsParallel": false,
        "RuleGroupText": "Measure.[D Final Allocation Consumption Plan Output Packs OrderlineID] = coalesce(Measure.[D Planner Override Packs OrderlineID], Measure.[D Allocated Packs from DC]);",
        "NamedNodeName": null,
        "PluginInstanceName": null,
        "PluginScopes": null,
        "PluginArguments": null,
        "PluginModified": false
      },
      "RuleGroupType": "Regular",
      "HasErrors": false,
      "ErrorMessage": null,
      "IgnoreErrors": false,
      "Translations": [],
      "DimensionUsages": [
        {
          "DimensionName": "Activity1",
          "AttributeName": "Activity1"
        },
        {
          "DimensionName": "Activity2",
          "AttributeName": "Activity2"
        },
        {
          "DimensionName": "Activity3",
          "AttributeName": "Activity3"
        },
        {
          "DimensionName": "Time",
          "AttributeName": "Day"
        },
        {
          "DimensionName": "Item",
          "AttributeName": "Item"
        },
        {
          "DimensionName": "Location",
          "AttributeName": "Location"
        },
        {
          "DimensionName": "Documents",
          "AttributeName": "OrderlineID"
        },
        {
          "DimensionName": "Pack",
          "AttributeName": "PackID"
        },
        {
          "DimensionName": "Version",
          "AttributeName": "Version Name"
        }
      ],
      "MeasureUsages": [
        {
          "MeasureName": "D Allocated Packs from DC",
          "IsInput": true,
          "IsOutput": false
        },
        {
          "MeasureName": "D Final Allocation Consumption Plan Output Packs OrderlineID",
          "IsInput": false,
          "IsOutput": true
        },
        {
          "MeasureName": "D Planner Override Packs OrderlineID",
          "IsInput": true,
          "IsOutput": false
        }
      ],
      "ActionButtonUsages": [],
      "RelationshipPropertyUsages": []
    }
  ]
}