{
  "LabelId": "583d3d95-a097-7251-67ea-c4328178aacc",
  "LabelName": "9fb15144-8a15-4c28-a2da-0e3e396fcf80",
  "LabelDescription": "DC Reserve % Available",
  "Position": 1.0,
  "RuleGroupType": "Regular",
  "IgnoreErrors": false,
  "HasErrors": false,
  "ErrorMessage": null,
  "ScopeExpression": {
    "AttributeMemberScopes": [
      {
        "FilterExpression": "&CWVAndScenarios"
      },
      {
        "DimensionName": "Pack",
        "LevelAttributeName": "PackID"
      }
    ]
  },
  "Formulas": [
    {
      "RuleGroupId": "31f0cbf2-8bf6-5c25-4a95-f6286f0faf78",
      "RuleGroupLabelName": null,
      "ScopeLabelName": null,
      "RuleGroupName": "e676a9fa-585e-4b36-a5e0-aa05a163e4ec",
      "RuleGroupLabelPosition": 1.0,
      "ScopeLabelPosition": 0.0,
      "RuleGroupDescription": " ",
      "IsEnabled": true,
      "RuleGroupContent": {
        "ScopeExpression": null,
        "IsParameterized": false,
        "ParameterJson": null,
        "IsParallel": false,
        "RuleGroupText": "Measure.[DC Reserve Percentage]=1 - Measure.[Allocation DILOP DC Reserve % Availabiliy];",
        "NamedNodeName": null,
        "PluginInstanceName": null,
        "PluginScopes": null,
        "PluginArguments": null,
        "PluginModified": false
      },
      "RuleGroupType": "Regular",
      "HasErrors": false,
      "ErrorMessage": null,
      "IgnoreErrors": false,
      "Translations": [],
      "DimensionUsages": [
        {
          "DimensionName": "Pack",
          "AttributeName": "PackID"
        },
        {
          "DimensionName": "Version",
          "AttributeName": "Version Name"
        }
      ],
      "MeasureUsages": [
        {
          "MeasureName": "Allocation DILOP DC Reserve % Availabiliy",
          "IsInput": true,
          "IsOutput": false
        },
        {
          "MeasureName": "DC Reserve Percentage",
          "IsInput": false,
          "IsOutput": true
        }
      ],
      "ActionButtonUsages": [],
      "RelationshipPropertyUsages": []
    }
  ]
}