{
  "LabelId": "5b0d88f8-6f02-67b6-bf27-c2a49a5ebec3",
  "LabelName": "949c9974-0cfc-48e2-b472-4e30adec5c94",
  "LabelDescription": "Populate Final Allocation Consumption Plan Output for Packs",
  "Position": 1.0,
  "RuleGroupType": "Regular",
  "IgnoreErrors": false,
  "HasErrors": false,
  "ErrorMessage": null,
  "ScopeExpression": {
    "AttributeMemberScopes": [
      {
        "DimensionName": "Time",
        "LevelAttributeName": "Day"
      },
      {
        "FilterExpression": "&CWVAndScenarios"
      },
      {
        "DimensionName": "Pack",
        "LevelAttributeName": "PackID"
      },
      {
        "DimensionName": "Item",
        "LevelAttributeName": "Item"
      },
      {
        "DimensionName": "Location",
        "LevelAttributeName": "Location"
      },
      {
        "DimensionName": "Activity1",
        "LevelAttributeName": "Activity1"
      },
      {
        "DimensionName": "Activity2",
        "LevelAttributeName": "Activity2"
      },
      {
        "DimensionName": "Activity3",
        "LevelAttributeName": "Activity3"
      },
      {
        "DimensionName": "Demand Type",
        "LevelAttributeName": "Demand Type"
      },
      {
        "DimensionName": "Demand",
        "LevelAttributeName": "DemandID"
      },
      {
        "DimensionName": "Documents",
        "LevelAttributeName": "OrderlineID"
      }
    ]
  },
  "Formulas": [
    {
      "RuleGroupId": "5d021f06-545d-87f1-8ad6-cb7b55435727",
      "RuleGroupLabelName": null,
      "ScopeLabelName": null,
      "RuleGroupName": "0b9b6751-8390-46ef-bf45-8fc5dfa481ba",
      "RuleGroupLabelPosition": 0.0,
      "ScopeLabelPosition": 200.0,
      "RuleGroupDescription": " ",
      "IsEnabled": true,
      "RuleGroupContent": {
        "ScopeExpression": null,
        "IsParameterized": false,
        "ParameterJson": null,
        "IsParallel": false,
        "RuleGroupText": "Measure.[D Final Allocation Consumption Plan Output Packs] = coalesce(Measure.[D Planner Override Packs], Measure.[D Allocation Consumption Plan Output Packs]);",
        "NamedNodeName": null,
        "PluginInstanceName": null,
        "PluginScopes": null,
        "PluginArguments": null,
        "PluginModified": false
      },
      "RuleGroupType": "Regular",
      "HasErrors": false,
      "ErrorMessage": null,
      "IgnoreErrors": false,
      "Translations": [],
      "DimensionUsages": [
        {
          "DimensionName": "Activity1",
          "AttributeName": "Activity1"
        },
        {
          "DimensionName": "Activity2",
          "AttributeName": "Activity2"
        },
        {
          "DimensionName": "Activity3",
          "AttributeName": "Activity3"
        },
        {
          "DimensionName": "Time",
          "AttributeName": "Day"
        },
        {
          "DimensionName": "Item",
          "AttributeName": "Item"
        },
        {
          "DimensionName": "Location",
          "AttributeName": "Location"
        },
        {
          "DimensionName": "Pack",
          "AttributeName": "PackID"
        },
        {
          "DimensionName": "Version",
          "AttributeName": "Version Name"
        }
      ],
      "MeasureUsages": [
        {
          "MeasureName": "D Allocation Consumption Plan Output Packs",
          "IsInput": true,
          "IsOutput": false
        },
        {
          "MeasureName": "D Final Allocation Consumption Plan Output Packs",
          "IsInput": false,
          "IsOutput": true
        },
        {
          "MeasureName": "D Planner Override Packs",
          "IsInput": true,
          "IsOutput": false
        }
      ],
      "ActionButtonUsages": [],
      "RelationshipPropertyUsages": []
    }
  ]
}