{
  "LabelId": "66b980bd-ace9-0202-a9f7-b27cae6eae3d",
  "LabelName": "57dc3407-f5b7-47e1-9962-c287c73839fe",
  "LabelDescription": "Filter Approved Store Transfer Orders",
  "Position": 5.0,
  "RuleGroupType": "Regular",
  "IgnoreErrors": false,
  "HasErrors": false,
  "ErrorMessage": null,
  "ScopeExpression": {
    "AttributeMemberScopes": [
      {
        "FilterExpression": "&CWVAndScenarios"
      },
      {
        "DimensionName": "Activity1",
        "LevelAttributeName": "Activity1"
      },
      {
        "DimensionName": "Item",
        "LevelAttributeName": "Item"
      },
      {
        "DimensionName": "Documents",
        "LevelAttributeName": "OrderlineID"
      },
      {
        "DimensionName": "Time",
        "LevelAttributeName": "Day"
      },
      {
        "DimensionName": "Location",
        "LevelAttributeName": "Location"
      },
      {
        "DimensionName": "Activity2",
        "LevelAttributeName": "Activity2"
      },
      {
        "DimensionName": "Pack",
        "LevelAttributeName": "PackID"
      },
      {
        "DimensionName": "Activity3",
        "LevelAttributeName": "Activity3"
      }
    ]
  },
  "Formulas": [
    {
      "RuleGroupId": "01733f02-4ee6-fa21-9574-44694f9607d2",
      "RuleGroupLabelName": null,
      "ScopeLabelName": null,
      "RuleGroupName": "40359d80-1947-449f-bf55-a446ca4fbd1f",
      "RuleGroupLabelPosition": 0.0,
      "ScopeLabelPosition": 200.0,
      "RuleGroupDescription": " ",
      "IsEnabled": false,
      "RuleGroupContent": {
        "ScopeExpression": null,
        "IsParameterized": false,
        "ParameterJson": null,
        "IsParallel": false,
        "RuleGroupText": "Measure.[Approved Suggested Orders] = if (Measure.[Allocation Status Packs OrderlineID] != \"To Be Reviewed\") then Measure.[D Final Allocation Consumption Plan Output Packs OrderlineID];",
        "NamedNodeName": null,
        "PluginInstanceName": null,
        "PluginScopes": null,
        "PluginArguments": null,
        "PluginModified": false
      },
      "RuleGroupType": "Regular",
      "HasErrors": false,
      "ErrorMessage": null,
      "IgnoreErrors": false,
      "Translations": [],
      "DimensionUsages": [
        {
          "DimensionName": "Activity1",
          "AttributeName": "Activity1"
        },
        {
          "DimensionName": "Activity2",
          "AttributeName": "Activity2"
        },
        {
          "DimensionName": "Activity3",
          "AttributeName": "Activity3"
        },
        {
          "DimensionName": "Time",
          "AttributeName": "Day"
        },
        {
          "DimensionName": "Item",
          "AttributeName": "Item"
        },
        {
          "DimensionName": "Location",
          "AttributeName": "Location"
        },
        {
          "DimensionName": "Documents",
          "AttributeName": "OrderlineID"
        },
        {
          "DimensionName": "Pack",
          "AttributeName": "PackID"
        },
        {
          "DimensionName": "Version",
          "AttributeName": "Version Name"
        }
      ],
      "MeasureUsages": [
        {
          "MeasureName": "Allocation Status Packs OrderlineID",
          "IsInput": true,
          "IsOutput": false
        },
        {
          "MeasureName": "Approved Suggested Orders",
          "IsInput": false,
          "IsOutput": true
        },
        {
          "MeasureName": "D Final Allocation Consumption Plan Output Packs OrderlineID",
          "IsInput": true,
          "IsOutput": false
        }
      ],
      "ActionButtonUsages": [],
      "RelationshipPropertyUsages": []
    }
  ]
}