{
  "LabelId": "abbad7e4-87c7-e43c-3754-3dd9d64123a8",
  "LabelName": "042615fd-27eb-4966-9c35-28bfe9f74aab",
  "LabelDescription": "Aggregate Inbound Orders",
  "Position": 4.0,
  "RuleGroupType": "Regular",
  "IgnoreErrors": false,
  "HasErrors": false,
  "ErrorMessage": null,
  "ScopeExpression": {
    "AttributeMemberScopes": [
      {
        "FilterExpression": "&CWVAndScenarios"
      },
      {
        "DimensionName": "Documents",
        "LevelAttributeName": "OrderID"
      },
      {
        "DimensionName": "Location",
        "LevelAttributeName": "Location"
      },
      {
        "DimensionName": "Pack",
        "LevelAttributeName": "PackID"
      }
    ]
  },
  "Formulas": [
    {
      "RuleGroupId": "25d8c7e2-6845-f251-8fca-c5e3306d2800",
      "RuleGroupLabelName": null,
      "ScopeLabelName": null,
      "RuleGroupName": "26591aae-6242-402c-b885-1313d23bdf73",
      "RuleGroupLabelPosition": 0.0,
      "ScopeLabelPosition": 200.0,
      "RuleGroupDescription": " ",
      "IsEnabled": false,
      "RuleGroupContent": {
        "ScopeExpression": null,
        "IsParameterized": false,
        "ParameterJson": null,
        "IsParallel": false,
        "RuleGroupText": "Measure.[Inbound Inventory by OrderID] = if (isnull(Measure.[DC Reserve Percentage])) then (Measure.[Inbound Inventory DC in packs for Allocation] - Measure.[Remaining Inbound Inventory by OrderID]) else (Measure.[Inbound Inventory DC in packs for Allocation] * (1 - Measure.[DC Reserve Percentage]) - Measure.[Remaining Inbound Inventory by OrderID]);",
        "NamedNodeName": null,
        "PluginInstanceName": null,
        "PluginScopes": null,
        "PluginArguments": null,
        "PluginModified": false
      },
      "RuleGroupType": "Regular",
      "HasErrors": false,
      "ErrorMessage": null,
      "IgnoreErrors": false,
      "Translations": [],
      "DimensionUsages": [
        {
          "DimensionName": "Location",
          "AttributeName": "Location"
        },
        {
          "DimensionName": "Documents",
          "AttributeName": "OrderID"
        },
        {
          "DimensionName": "Pack",
          "AttributeName": "PackID"
        },
        {
          "DimensionName": "Version",
          "AttributeName": "Version Name"
        }
      ],
      "MeasureUsages": [
        {
          "MeasureName": "DC Reserve Percentage",
          "IsInput": true,
          "IsOutput": false
        },
        {
          "MeasureName": "Inbound Inventory by OrderID",
          "IsInput": false,
          "IsOutput": true
        },
        {
          "MeasureName": "Inbound Inventory DC in packs for Allocation",
          "IsInput": true,
          "IsOutput": false
        },
        {
          "MeasureName": "Remaining Inbound Inventory by OrderID",
          "IsInput": true,
          "IsOutput": false
        }
      ],
      "ActionButtonUsages": [],
      "RelationshipPropertyUsages": []
    }
  ]
}