{
  "LabelId": "c1de129e-f959-2b87-b99f-bf4444712d12",
  "LabelName": "558f33cd-45f2-4f38-b0d3-2189fffc6033",
  "LabelDescription": "Populate Final Allocation Consumption Plan Output for Units",
  "Position": 2.0,
  "RuleGroupType": "Regular",
  "IgnoreErrors": false,
  "HasErrors": false,
  "ErrorMessage": null,
  "ScopeExpression": {
    "AttributeMemberScopes": [
      {
        "DimensionName": "Time",
        "LevelAttributeName": "Day"
      },
      {
        "FilterExpression": "&CWVAndScenarios"
      },
      {
        "DimensionName": "Item",
        "LevelAttributeName": "Item"
      },
      {
        "DimensionName": "Location",
        "LevelAttributeName": "Location"
      },
      {
        "DimensionName": "Activity1",
        "LevelAttributeName": "Activity1"
      },
      {
        "DimensionName": "Activity2",
        "LevelAttributeName": "Activity2"
      },
      {
        "DimensionName": "Activity3",
        "LevelAttributeName": "Activity3"
      },
      {
        "DimensionName": "Demand Type",
        "LevelAttributeName": "Demand Type"
      },
      {
        "DimensionName": "Demand",
        "LevelAttributeName": "DemandID"
      },
      {
        "DimensionName": "Documents",
        "LevelAttributeName": "OrderlineID"
      }
    ]
  },
  "Formulas": [
    {
      "RuleGroupId": "60750671-3ca5-04e0-f25a-e0a5a2e5b2b2",
      "RuleGroupLabelName": null,
      "ScopeLabelName": null,
      "RuleGroupName": "8e190eda-f4a1-45fd-85fc-4c7d11761e19",
      "RuleGroupLabelPosition": 0.0,
      "ScopeLabelPosition": 200.0,
      "RuleGroupDescription": " ",
      "IsEnabled": true,
      "RuleGroupContent": {
        "ScopeExpression": null,
        "IsParameterized": false,
        "ParameterJson": null,
        "IsParallel": false,
        "RuleGroupText": "Measure.[D Final Allocation Consumption Plan Output Units] = coalesce(Measure.[D Planner Override Units], Measure.[D Allocation Consumption Plan Output Units]);",
        "NamedNodeName": null,
        "PluginInstanceName": null,
        "PluginScopes": null,
        "PluginArguments": null,
        "PluginModified": false
      },
      "RuleGroupType": "Regular",
      "HasErrors": false,
      "ErrorMessage": null,
      "IgnoreErrors": false,
      "Translations": [],
      "DimensionUsages": [
        {
          "DimensionName": "Activity1",
          "AttributeName": "Activity1"
        },
        {
          "DimensionName": "Activity2",
          "AttributeName": "Activity2"
        },
        {
          "DimensionName": "Activity3",
          "AttributeName": "Activity3"
        },
        {
          "DimensionName": "Time",
          "AttributeName": "Day"
        },
        {
          "DimensionName": "Item",
          "AttributeName": "Item"
        },
        {
          "DimensionName": "Location",
          "AttributeName": "Location"
        },
        {
          "DimensionName": "Version",
          "AttributeName": "Version Name"
        }
      ],
      "MeasureUsages": [
        {
          "MeasureName": "D Allocation Consumption Plan Output Units",
          "IsInput": true,
          "IsOutput": false
        },
        {
          "MeasureName": "D Final Allocation Consumption Plan Output Units",
          "IsInput": false,
          "IsOutput": true
        },
        {
          "MeasureName": "D Planner Override Units",
          "IsInput": true,
          "IsOutput": false
        }
      ],
      "ActionButtonUsages": [],
      "RelationshipPropertyUsages": []
    }
  ]
}