{
  "LabelId": "c8678af1-c214-36ab-a00e-0e5054775a95",
  "LabelName": "1832f53e-f281-4f3c-a261-69c57cc3f474",
  "LabelDescription": "",
  "Position": 1.0,
  "RuleGroupType": "Regular",
  "IgnoreErrors": false,
  "HasErrors": false,
  "ErrorMessage": null,
  "ScopeExpression": {
    "AttributeMemberScopes": [
      {
        "FilterExpression": "&CWVAndScenarios"
      },
      {
        "DimensionName": "Item",
        "LevelAttributeName": "Planning Item"
      },
      {
        "DimensionName": "Demand Type",
        "LevelAttributeName": "Demand Type"
      }
    ]
  },
  "Formulas": [
    {
      "RuleGroupId": "33ee409c-5c99-b14a-0ae5-70022e344233",
      "RuleGroupLabelName": null,
      "ScopeLabelName": null,
      "RuleGroupName": "1cfc5ec9-f0ca-4bae-9fea-8a862a42bdb7",
      "RuleGroupLabelPosition": 1.0,
      "ScopeLabelPosition": 0.0,
      "RuleGroupDescription": " ",
      "IsEnabled": true,
      "RuleGroupContent": {
        "ScopeExpression": null,
        "IsParameterized": false,
        "ParameterJson": null,
        "IsParallel": false,
        "RuleGroupText": "Measure.[Allocation Policy]=if (isnull(Measure.[Allocation Policy]) ) then Measure.[Allocation Policy Override] else Measure.[Allocation Policy];",
        "NamedNodeName": null,
        "PluginInstanceName": null,
        "PluginScopes": null,
        "PluginArguments": null,
        "PluginModified": false
      },
      "RuleGroupType": "Regular",
      "HasErrors": false,
      "ErrorMessage": null,
      "IgnoreErrors": false,
      "Translations": [],
      "DimensionUsages": [
        {
          "DimensionName": "Demand Type",
          "AttributeName": "Demand Type"
        },
        {
          "DimensionName": "Item",
          "AttributeName": "Planning Item"
        },
        {
          "DimensionName": "Version",
          "AttributeName": "Version Name"
        }
      ],
      "MeasureUsages": [
        {
          "MeasureName": "Allocation Policy",
          "IsInput": true,
          "IsOutput": true
        },
        {
          "MeasureName": "Allocation Policy Override",
          "IsInput": true,
          "IsOutput": false
        }
      ],
      "ActionButtonUsages": [],
      "RelationshipPropertyUsages": []
    }
  ]
}