{
  "LabelId": "de81d3da-995d-31b2-3ae4-6af933e772d6",
  "LabelName": "6c861d6d-36a3-4f5a-a6b8-e28a6d01271b",
  "LabelDescription": "Aggregate Approved Orders",
  "Position": 6.0,
  "RuleGroupType": "Regular",
  "IgnoreErrors": false,
  "HasErrors": false,
  "ErrorMessage": null,
  "ScopeExpression": {
    "AttributeMemberScopes": [
      {
        "FilterExpression": "&CWVAndScenarios"
      },
      {
        "DimensionName": "Documents",
        "LevelAttributeName": "OrderID"
      },
      {
        "DimensionName": "Pack",
        "LevelAttributeName": "PackID"
      },
      {
        "DimensionName": "Location",
        "LevelAttributeName": "Location"
      }
    ]
  },
  "Formulas": [
    {
      "RuleGroupId": "f23fa2ed-7a4f-6709-9d6a-33451694afea",
      "RuleGroupLabelName": null,
      "ScopeLabelName": null,
      "RuleGroupName": "e4299113-764d-4735-a087-7eff8b69c979",
      "RuleGroupLabelPosition": 0.0,
      "ScopeLabelPosition": 200.0,
      "RuleGroupDescription": " ",
      "IsEnabled": false,
      "RuleGroupContent": {
        "ScopeExpression": null,
        "IsParameterized": false,
        "ParameterJson": null,
        "IsParallel": false,
        "RuleGroupText": "Measure.[Allocated Quantity by OrderID] = Measure.[Approved Suggested Orders];",
        "NamedNodeName": null,
        "PluginInstanceName": null,
        "PluginScopes": null,
        "PluginArguments": null,
        "PluginModified": false
      },
      "RuleGroupType": "Regular",
      "HasErrors": false,
      "ErrorMessage": null,
      "IgnoreErrors": false,
      "Translations": [],
      "DimensionUsages": [
        {
          "DimensionName": "Location",
          "AttributeName": "Location"
        },
        {
          "DimensionName": "Documents",
          "AttributeName": "OrderID"
        },
        {
          "DimensionName": "Pack",
          "AttributeName": "PackID"
        },
        {
          "DimensionName": "Version",
          "AttributeName": "Version Name"
        }
      ],
      "MeasureUsages": [
        {
          "MeasureName": "Allocated Quantity by OrderID",
          "IsInput": false,
          "IsOutput": true
        },
        {
          "MeasureName": "Approved Suggested Orders",
          "IsInput": true,
          "IsOutput": false
        }
      ],
      "ActionButtonUsages": [],
      "RelationshipPropertyUsages": []
    }
  ]
}