{
  "MeasureName": "Process Execution Rule Name",
  "MeasureId": "e410a51e-cb33-f636-8c81-fd80de88d0e1",
  "MeasureDescription": "Rule which is to be run in the step for computation",
  "DataType": "picklist",
  "MeasureType": "Regular",
  "AggregateFunction": "Sum",
  "FormatString": "",
  "MeasureColumnName": "ProcessExecutionRuleName",
  "MeasureFormula": "",
  "IsEditable": true,
  "ApplyConversion": false,
  "ConversionFormula": "",
  "PickListName": "ProcessExecutionRuleName",
  "BgColorFormula": " IF(isnull(measure.[Process Execution Rule Name])) then argb( 1,255, 167, 167)",
  "FgColorFormula": "",
  "TrendFormula": "",
  "FormattingViewModel": null,
  "ParentMeasureName": null,
  "AssociationMeasure": false,
  "IsComputedByPlanningService": false,
  "ToolTip": "Rule which is to be run in the step for computation",
  "ConfigJson": {},
  "ApiName": null,
  "ApiDisabled": false,
  "IsReportingMeasure": false,
  "MeasureConditionalFormulaProperties": [],
  "PicklistSource": null
}