{
  "MeasureName": "D Forecast Force ICMP",
  "MeasureId": "64e89a8b-f31e-42b7-8fad-4cae5e2b53c6",
  "MeasureDescription": "Forecast Force ICMP",
  "DataType": "integer",
  "MeasureType": "Regular",
  "AggregateFunction": "Max",
  "FormatString": "#,##0",
  "MeasureColumnName": "DForecastForceICMP",
  "MeasureFormula": "",
  "IsEditable": true,
  "ApplyConversion": false,
  "ConversionFormula": null,
  "PickListName": null,
  "BgColorFormula": null,
  "FgColorFormula": null,
  "TrendFormula": null,
  "FormattingViewModel": null,
  "ParentMeasureName": null,
  "AssociationMeasure": false,
  "IsComputedByPlanningService": false,
  "ToolTip": "Forecast Force ICMP",
  "ConfigJson": {},
  "ApiName": null,
  "ApiDisabled": false,
  "IsReportingMeasure": false,
  "MeasureConditionalFormulaProperties": [],
  "PicklistSource": null
}