{
  "RuleGroupId": "fe3b335d-1f66-8c48-cce6-9309dc3a377f",
  "RuleGroupLabelName": null,
  "ScopeLabelName": null,
  "RuleGroupName": "MultiStepPOAllocation",
  "RuleGroupLabelPosition": 1.0,
  "ScopeLabelPosition": 0.0,
  "RuleGroupDescription": " ",
  "IsEnabled": true,
  "RuleGroupContent": {
    "ScopeExpression": null,
    "IsParameterized": true,
    "ParameterJson": {
      "description": "MultiStepPOAllocation",
      "type": "object",
      "properties": {
        "Version": {
          "type": "string"
        },
        "PONos": {
          "type": "string"
        },
        "POPackID": {
          "type": "string"
        },
        "SelectedStoresClusters": {
          "type": "string"
        },
        "SelectDemand": {
          "type": "string"
        }
      }
    },
    "IsParallel": false,
    "RuleGroupText": "// Nullifying output data\r\n//DELETE DATA FOR MODEL [003.005 Replen RCA Temporal Input Backup] WHERE {Version.[Version Name].filter(#.Name in {[{{Version}}]}),&DailyPlanningHorizon};\r\n\r\nDELETE DATA FOR MODEL [002.002 Allocation Outputs in Packs] WHERE {Version.[Version Name].filter(#.Name in {[{{Version}}]}) ,[Pack].[PackID].filter(#.Name in {[{{POPackID}}]}) };\r\n\r\nDELETE DATA FOR MODEL [002.007 Allocation Production Outputs in OrderlineID Packs], [002.003 Allocation Outputs in Orderline Units],[002.004 Allocation Outputs in Units] where { Version.[Version Name].filter(#.Name in {[{{Version}}]})};\r\nDELETE DATA FOR MODEL [002.011 Allocation Demand Supportability] where { Version.[Version Name].filter(#.Name in {[{{Version}}]})};\r\n\r\n\r\n\r\n// Manual Step Allocation Plugin Run //\r\n\r\nexec plugin instance [SupplyPlanMultiStepPOAllocation] for measures {[D Allocated Packs at Store]} using scope (Version.[Version Name].filter(#.Name in {[{{Version}}]}) * [Pack].[PackID].filter(#.Name in {[{{POPackID}}]}) * [Documents].[OrderlineID].filter(#.Name in {[{{PONos}}]}) * [Cluster].[Cluster].filter(#.Name in {[{{SelectedStoresClusters}}]}) * [Demand Type].[Demand Type].filter(#.Name in {[{{SelectDemand}}]})) using arguments {(DriverMemory,\"2g\"), (\"IncludeNullRows\", \"False\"),(DataTransferMode, \"csv\"),([FailedExecutionCount], 1),([FailedExecutionPercent], 0.0), ([ThrowExceptionOnFailure], true),([ExecutionMode],\"MediumWeight\")};\r\n\r\n\r\n// Pack Status //\r\nScope : ([Version].[Version Name]{{#filter Version}} * [Pack].[PackID].filter(#.Name in {[{{POPackID}}]}) * [Location].[Location] * [Documents].[OrderlineID].filter(#.Name in {[{{PONos}}]}) );\r\nMeasure.[Inbound Order Status] = if (isnull(Measure.[Remaining Inbound Inventory by OrderID])) then \"Available\" else if (Measure.[Remaining Inbound Inventory by OrderID] > 0 ) then \"Partially Allocated\" else \"Allocated\"; \r\nend scope;\r\n\r\n//Status after STO Approval//\r\nexec plugin instance [Allocation510InboundInventoryStatus] for measures {[Inbound Order Status]} using scope (Version.[Version Name].filter(#.Name in {[{{Version}}]}) * [Documents].[OrderlineID].filter(#.Name in {[{{PONos}}]}) * [Pack].[PackID].filter(#.Name in {[{{POPackID}}]}) ) using arguments {(DriverMemory,\"2g\"), (\"IncludeNullRows\", \"False\"),(DataTransferMode, \"csv\"),([FailedExecutionCount], 1),([FailedExecutionPercent], 0.0), ([ThrowExceptionOnFailure], true),([ExecutionMode],\"MediumWeight\")};",
    "NamedNodeName": null,
    "PluginInstanceName": null,
    "PluginScopes": null,
    "PluginArguments": null,
    "PluginModified": false
  },
  "RuleGroupType": "ParameterizedProcedure",
  "HasErrors": false,
  "ErrorMessage": null,
  "IgnoreErrors": false,
  "Translations": [],
  "DimensionUsages": [],
  "MeasureUsages": [
    {
      "MeasureName": "Inbound Order Status",
      "IsInput": false,
      "IsOutput": true
    },
    {
      "MeasureName": "Remaining Inbound Inventory by OrderID",
      "IsInput": true,
      "IsOutput": false
    }
  ],
  "ActionButtonUsages": [],
  "RelationshipPropertyUsages": []
}