{
  "Name": "Storage Utilization Details",
  "WidgetDefinitionName": "Storage Utilization Details",
  "IsPrimary": true,
  "ConfigJson": {
    "ContainerId": "c3eb98b9-1797-4947-88d1-458e0bffd997",
    "CompositeContainerId": null,
    "Position": 0,
    "ShowInfoContext": {
      "MemberInfo": true
    },
    "ShowHeader": {},
    "ActionButtonBindings": [
      {
        "ActionButtonName": "__o9__BUILTIN__memberDisplayNameDownload",
        "HotKey": ""
      }
    ],
    "Navigations": {
      "ShowMemberSpecific": false,
      "RowNavigationList": {
        "Views": [
          {
            "ViewId": "7a43d28c-1730-4b83-a2a5-4810ff647aca"
          },
          {
            "ViewId": "6938def7-dcd7-478e-812a-43037fc40b03"
          }
        ],
        "ActionButtons": []
      }
    }
  },
  "ViewWidgetDefinitionId": "2fafb312-ea13-1ba5-2faf-b77046819c3d",
  "Title": null
}