{
  "MeasureName": "TD Ttl Sls Rtl Variance",
  "MeasureId": "f7c406bc-4c58-2063-05b8-2a50fb899313",
  "MeasureDescription": "TD Ttl Sls Rtl Variance",
  "DataType": "number",
  "MeasureType": "Regular",
  "AggregateFunction": "Computed",
  "FormatString": "#,##0;(#,##0)",
  "MeasureColumnName": "TDTtlSlsRtlVariance",
  "MeasureFormula": "Measure.[TY Ttl Sls Rtl] - Measure.[TD Ttl Sls Rtl AP]",
  "IsEditable": false,
  "ApplyConversion": false,
  "ConversionFormula": "",
  "PickListName": null,
  "BgColorFormula": "",
  "FgColorFormula": "",
  "TrendFormula": "",
  "FormattingViewModel": "[]",
  "ParentMeasureName": null,
  "AssociationMeasure": false,
  "IsComputedByPlanningService": false,
  "ToolTip": "TD Ttl Sls Rtl AP - TY Ttl Sls Rtl",
  "ConfigJson": {},
  "ApiName": null,
  "ApiDisabled": false,
  "IsReportingMeasure": true,
  "MeasureConditionalFormulaProperties": [],
  "PicklistSource": null
}