{
  "MeasureGroupName": "o9EKG Data Reconciliation Metric",
  "MeasureGroupId": "99677ede-40ce-efa2-aa0e-5f9db58e00fa",
  "ParentMeasureGroupName": null,
  "HasShadow": false,
  "MeasureGroupDescription": "o9EKG Data Reconciliation Metric",
  "MeasureGroupType": "Regular",
  "FactTableName": "Facto9EKGDataReconciliationMetric",
  "SchemaMajorVersion": 0,
  "ConfigJson": {},
  "ApiName": null,
  "Repartition": false,
  "Unpartition": false,
  "ApiEnabled": false,
  "DimensionUsages": [
    {
      "DimensionName": "Version",
      "AttributeName": "Version Name",
      "SortOrder": 0,
      "DimensionType": "Regular"
    },
    {
      "DimensionName": "o9EKG Batch",
      "AttributeName": "Batch ID",
      "SortOrder": 1,
      "DimensionType": "Regular"
    },
    {
      "DimensionName": "o9EKG Entity",
      "AttributeName": "Entity Name",
      "SortOrder": 2,
      "DimensionType": "Regular"
    },
    {
      "DimensionName": "o9MKTime",
      "AttributeName": "Day",
      "SortOrder": 4,
      "DimensionType": "Regular"
    }
  ]
}