{
  "Name": "Allocation Policy",
  "WidgetDefinitionName": "Allocation Policy",
  "IsPrimary": false,
  "ConfigJson": {
    "ContainerId": "edd3d441-c3ee-4549-b148-8b45c35a7fd5",
    "CompositeContainerId": null,
    "Position": 0,
    "ShowInfoContext": {
      "ActionColumn": true,
      "RowInfo": true,
      "MemberInfo": true
    },
    "ShowHeader": {},
    "FilterPromotions": [],
    "FilterScopes": [
      {
        "LevelAttribute": {
          "Dimension": "Item",
          "AttributeName": "Planning Item"
        },
        "Scope": "Widget",
        "Widget": "6f628c61-5fd5-c7fe-fe57-c4424bd1cd1f"
      }
    ]
  },
  "ViewWidgetDefinitionId": "f5536264-71ad-a0bd-59de-b25c2c49884b",
  "Title": null
}