{
  "MeasureGroupName": "011.002 Item Deletion Flags Overrides",
  "MeasureGroupId": "1ba147cf-7fe6-4cc3-a683-63f31351ec9a",
  "ParentMeasureGroupName": null,
  "HasShadow": false,
  "MeasureGroupDescription": "Measure group for Item member deletion flag Overrides",
  "MeasureGroupType": "Regular",
  "FactTableName": "Fact011.002ItemDeletionFlagsOverrides",
  "SchemaMajorVersion": 0,
  "ConfigJson": {},
  "ApiName": null,
  "Repartition": false,
  "Unpartition": false,
  "ApiEnabled": false,
  "DimensionUsages": [
    {
      "DimensionName": "Version",
      "AttributeName": "Version Name",
      "SortOrder": 0,
      "DimensionType": "Regular"
    },
    {
      "DimensionName": "Item",
      "AttributeName": "Item",
      "SortOrder": 1,
      "DimensionType": "Regular"
    }
  ]
}