{
  "EdgePropertyId": "9fb4c218-61da-45cd-961c-1e78a4625403",
  "PropertyName": "Item ShipTo Location Realignment Created By",
  "PropertyDescription": "Item ShipTo Location Realignment Created By",
  "PropertyDataType": "string",
  "PropertyDataSize": 0,
  "PropertyColumnName": "ItemShipToLocationRealignmentCreatedBy",
  "AggregateFunction": "DistinctSum",
  "PropertyFormula": null,
  "IsEditable": false,
  "FormatString": "#",
  "ActivationProperty": false,
  "IsComputedByPlanningService": false,
  "ToolTip": null,
  "ApiName": null,
  "ApiDisabled": false,
  "BgColorFormula": null,
  "FgColorFormula": null,
  "TrendFormula": null,
  "FormattingViewModel": null,
  "ConditionalFormulas": []
}