{
  "MeasureGroupName": "003.010W Demand Priority Plugin Output",
  "MeasureGroupId": "59f7efc7-99a9-4fe3-aa4e-718a6551e341",
  "ParentMeasureGroupName": null,
  "HasShadow": false,
  "MeasureGroupDescription": "ADP values from Plugin - separated into a new measure group",
  "MeasureGroupType": "Regular",
  "FactTableName": "Fact003.010WDemandPriorityPluginOutput",
  "SchemaMajorVersion": 0,
  "ConfigJson": {},
  "ApiName": null,
  "Repartition": false,
  "Unpartition": false,
  "ApiEnabled": false,
  "DimensionUsages": [
    {
      "DimensionName": "Time",
      "AttributeName": "Week",
      "SortOrder": 1,
      "DimensionType": "Time"
    },
    {
      "DimensionName": "Version",
      "AttributeName": "Version Name",
      "SortOrder": 2,
      "DimensionType": "Regular"
    },
    {
      "DimensionName": "Item",
      "AttributeName": "Item",
      "SortOrder": 3,
      "DimensionType": "Regular"
    },
    {
      "DimensionName": "Location",
      "AttributeName": "Location",
      "SortOrder": 4,
      "DimensionType": "Regular"
    },
    {
      "DimensionName": "Demand",
      "AttributeName": "DemandID",
      "SortOrder": 5,
      "DimensionType": "Regular"
    },
    {
      "DimensionName": "Demand Type",
      "AttributeName": "Demand Type",
      "SortOrder": 6,
      "DimensionType": "Regular"
    },
    {
      "DimensionName": "Sales Domain",
      "AttributeName": "Customer Group",
      "SortOrder": 7,
      "DimensionType": "Regular"
    }
  ]
}