{
  "Name": "SupplyPlan6107GeneratePlantProductionMinimumsOverrides",
  "Description": null,
  "ActionButtonId": "69546e9e-d2e5-d3f8-cc08-b66449f562a8",
  "Tooltip": "Populate Minimum Order Quantity Override Values",
  "ActionButtonType": "Widget",
  "Alignment": "right",
  "IsPopOver": true,
  "IsGlobal": true,
  "ActionClickHandler": null,
  "Icon": null,
  "Image": null,
  "ConfigJson": {
    "DisplayName": "MOQ Override",
    "icon": "plus-square-o",
    "SubmitButton": {
      "Label": "Submit"
    },
    "ResetButton": {
      "Label": "Reset"
    },
    "CloseButton": {
      "Label": "Close",
      "ConfirmMessage": "Unsaved changes will be lost. Continue?"
    },
    "NotifyRoles": true,
    "NotifyAll": false,
    "IBPLRules": [
      {
        "template": "//Rule_to_populate_the_ItemLocation_Override\n\nCartesian Scope: ([Version].[Version Name]{{#filter Version}} * [Location].[Location]{{#filter Location}} * [To Time].[To Week] {{#filter ToWeek}} * [Item].[Item]{{#filter Item}} * [Time].[Week]{{#filter FromWeek}}  ) ;\nMeasure.[Plant Production Minimum Quantity Override]={{MinimumQuantity}};\nMeasure.[Production Minimum Include PO for Assessment Flag Override]={{POFlag}};\nend scope;"
      },
      {
        "template": "//Rule to handle Negative Values\n\nCartesian Scope: ([Version].[Version Name]{{#filter Version}} * [Location].[Location]{{#filter Location}} * [To Time].[To Week] {{#filter ToWeek}} * [Item].[Item]{{#filter Item}} * [Time].[Week]{{#filter FromWeek}}  ) ;\n\n\nMeasure.[Plant Production Minimum Quantity Override] = if (Measure.[Plant Production Minimum Quantity Override] >= 0) then Measure.[Plant Production Minimum Quantity Override] else null;\n\n\nMeasure.[Production Minimum Include PO for Assessment Flag Override] = if (Measure.[Plant Production Minimum Quantity Override] >= 0) then Measure.[Production Minimum Include PO for Assessment Flag Override] else null;\n\nend scope;"
      }
    ],
    "JavascriptRules": [],
    "FieldBindings": [
      {
        "fieldName": "Version",
        "title": "Version",
        "type": "picklistDropdown",
        "selectionType": "single",
        "clearSearch": true,
        "source": "filter",
        "DimensionName": "Version",
        "LevelAttributeName": "Version Name",
        "visible": true,
        "isEditable": true,
        "validation": {
          "maxLength": "0",
          "required": true
        }
      },
      {
        "fieldName": "L3",
        "title": "Item Class",
        "type": "combobox",
        "selectionType": "single",
        "clearSearch": true,
        "source": "parentAttributeWithDataSource",
        "DimensionName": "Item",
        "key": {
          "LevelAttribute": {
            "Name": "L3",
            "Property": "Name"
          }
        },
        "visible": false,
        "isEditable": false,
        "validation": {
          "required": true
        },
        "dataSourceBinding": {
          "key": "L3DS",
          "valueField": "Name",
          "textField": "DisplayName"
        },
        "cascadeFrom": "Version"
      },
      {
        "fieldName": "L3Display",
        "title": "Item Class",
        "type": "combobox",
        "selectionType": "single",
        "clearSearch": true,
        "source": "parentAttributeWithDataSource",
        "DimensionName": "Item",
        "key": {
          "LevelAttribute": {
            "Name": "L3",
            "Property": "DisplayName"
          }
        },
        "visible": true,
        "isEditable": false,
        "validation": {
          "required": true
        },
        "dataSourceBinding": {
          "key": "L3DS",
          "valueField": "Name",
          "textField": "DisplayName"
        }
      },
      {
        "fieldName": "Item",
        "title": "Item",
        "type": "picklistDropdown",
        "selectionType": "single",
        "clearSearch": true,
        "select": "NONE",
        "source": "datasource",
        "key": "ItemDS",
        "valueField": "Name",
        "textField": "DisplayName",
        "overrideFieldBindingType": false,
        "visible": true,
        "isEditable": true,
        "cascadeFrom": "L3",
        "validation": {
          "maxLength": "0",
          "required": true
        }
      },
      {
        "fieldName": "Location",
        "title": "Location",
        "type": "combobox",
        "selectionType": "single",
        "clearSearch": true,
        "source": "parentAttributeWithDataSource",
        "DimensionName": "Location",
        "key": {
          "LevelAttribute": {
            "Name": "Location",
            "Property": "Name"
          }
        },
        "visible": true,
        "isEditable": false,
        "validation": {
          "required": true
        },
        "dataSourceBinding": {
          "key": "LocationDS",
          "valueField": "Name",
          "textField": "DisplayName"
        }
      },
      {
        "fieldName": "FromWeek",
        "title": "From Week",
        "type": "combobox",
        "selectionType": "single",
        "clearSearch": true,
        "source": "parentAttributeWithDataSource",
        "DimensionName": "Time",
        "key": {
          "LevelAttribute": {
            "Name": "Week",
            "Property": "Name"
          }
        },
        "visible": true,
        "isEditable": false,
        "cascadeFrom": "Location",
        "validation": {
          "required": true
        },
        "dataSourceBinding": {
          "key": "WeekDS",
          "valueField": "Name",
          "textField": "DisplayName"
        }
      },
      {
        "fieldName": "ToWeek",
        "title": "To week",
        "type": "combobox",
        "selectionType": "single",
        "clearSearch": true,
        "source": "parentAttributeWithDataSource",
        "DimensionName": "To Time",
        "key": {
          "LevelAttribute": {
            "Name": "To Week",
            "Property": "Name"
          }
        },
        "visible": true,
        "isEditable": false,
        "cascadeFrom": "FromWeek",
        "validation": {
          "required": true
        },
        "dataSourceBinding": {
          "key": "ToWeekDS",
          "valueField": "Name",
          "textField": "DisplayName"
        }
      },
      {
        "fieldName": "MinimumQuantity",
        "title": "MOQ Target",
        "type": "number",
        "selectionType": "single",
        "clearSearch": true,
        "source": "literal",
        "visible": true,
        "isEditable": true,
        "validation": {
          "maxLength": "0",
          "required": true
        }
      },
      {
        "fieldName": "POFlag",
        "title": "Include PO's",
        "type": "picklistDropdown",
        "selectionType": "single",
        "clearSearch": true,
        "select": "NONE",
        "source": "localPicklist",
        "values": [
          {
            "Key": "TRUE",
            "Name": "Yes"
          },
          {
            "Key": "FALSE",
            "Name": "No"
          }
        ],
        "valueField": "Key",
        "visible": true,
        "isEditable": true,
        "validation": {
          "maxLength": "0",
          "required": true
        }
      }
    ],
    "Range": [],
    "DataSources": [
      {
        "Name": "LocationDS",
        "IBPLRules": [
          {
            "template": "Select(&AllPlantLocations);"
          }
        ],
        "JavascriptRules": [],
        "IncludeDSFieldsOnly": false,
        "FieldBindings": []
      },
      {
        "Name": "L3DS",
        "IBPLRules": [
          {
            "template": "Select([Item].[L3]);"
          }
        ],
        "JavascriptRules": [],
        "IncludeDSFieldsOnly": false,
        "FieldBindings": []
      },
      {
        "Name": "ItemDS",
        "IBPLRules": [
          {
            "template": "Select([Item].[L3]{{#filter L3}}.relatedmembers([Item]).filter(#.[Item Variant]==\"Header\"));"
          }
        ],
        "JavascriptRules": [],
        "IncludeDSFieldsOnly": false,
        "FieldBindings": []
      },
      {
        "Name": "WeekDS",
        "IBPLRules": [
          {
            "template": "Select ([Time].[Week])where {Version.[Version Name]{{#filter Version}}, [Location].[Location]{{#filter Location}} , Measure.[Plant Production Minimum Quantity]>0};"
          }
        ],
        "JavascriptRules": [],
        "IncludeDSFieldsOnly": false,
        "FieldBindings": []
      },
      {
        "Name": "ToWeekDS",
        "IBPLRules": [
          {
            "template": "Select ([To Time].[To Week])where {Version.[Version Name]{{#filter Version}}, [Location].[Location]{{#filter Location}} ,[Time].[Week]{{#filter FromWeek}}, Measure.[Plant Production Minimum Quantity]>0};"
          }
        ],
        "JavascriptRules": [],
        "IncludeDSFieldsOnly": false,
        "FieldBindings": []
      }
    ],
    "AutoExecute": false,
    "isAsync": true,
    "hasMembersUpdates": false,
    "Compact": true,
    "TwoColumn": false,
    "IsGlobalForExcelAddIn": false,
    "ReturnFilterByUpdate": false,
    "ExcludeFromNavLink": false,
    "FilterFieldBindings": [],
    "enableTransaction": false
  },
  "Widget": null,
  "Roles": []
}