{
  "MeasureGroupName": "001.005 Allocation DILOP Inbound Order Status by OrderlineID",
  "MeasureGroupId": "59fadb44-fce9-3abb-97f9-49d0b37d1338",
  "ParentMeasureGroupName": null,
  "HasShadow": false,
  "MeasureGroupDescription": "001.005 Allocation DILOP Inbound Order Status by OrderlineID",
  "MeasureGroupType": "Regular",
  "FactTableName": "Fact001.005AllocationDILOPInboundOrderStatusbyOrderlineID",
  "SchemaMajorVersion": 0,
  "ConfigJson": {},
  "ApiName": null,
  "Repartition": false,
  "Unpartition": false,
  "ApiEnabled": false,
  "DimensionUsages": [
    {
      "DimensionName": "Version",
      "AttributeName": "Version Name",
      "SortOrder": 0,
      "DimensionType": "Regular"
    },
    {
      "DimensionName": "Item",
      "AttributeName": "Planning Item",
      "SortOrder": 1,
      "DimensionType": "Regular"
    },
    {
      "DimensionName": "Documents",
      "AttributeName": "OrderlineID",
      "SortOrder": 2,
      "DimensionType": "Regular"
    },
    {
      "DimensionName": "Pack",
      "AttributeName": "PackID",
      "SortOrder": 3,
      "DimensionType": "Regular"
    }
  ],
  "MeasureGroupSortOrders": [],
  "AutoIdEnabled": false
}