{
  "AttributeName": "Is Group Routing",
  "AttributeId": "aa2f8c90-a561-4316-bb53-cca611b957c1",
  "AttributeHierarchyEnabled": false,
  "IsKey": false,
  "Description": "To indicate whether the routing is at an group level routing. ",
  "OrderBy": "Key",
  "KeyColumnName": "IsGroupRoutingKey",
  "NameColumnName": null,
  "KeyColumnDataType": "number",
  "SeedTags": false,
  "KeyGenerationType": null,
  "PickListName": null,
  "ConfigJson": {},
  "FormatString": null,
  "Translation": null,
  "Aliases": [],
  "ApiName": null,
  "ApiDisabled": false
}