{
  "MeasureName": "D Final Allocation Consumption Plan Output Packs OrderlineID",
  "MeasureId": "cb91e1ca-d41a-0d79-cd10-42066f776c8e",
  "MeasureDescription": "D Final Allocation Consumption Plan Output Packs OrderlineID",
  "DataType": "number",
  "MeasureType": "Regular",
  "AggregateFunction": "Sum",
  "FormatString": "#,##0;(#,##0)",
  "MeasureColumnName": "DFinalAllocationConsumptionPlanOutputPacksOrderlineID",
  "MeasureFormula": "",
  "IsEditable": false,
  "ApplyConversion": false,
  "ConversionFormula": "",
  "PickListName": null,
  "BgColorFormula": "",
  "FgColorFormula": "",
  "TrendFormula": "",
  "FormattingViewModel": "[]",
  "ParentMeasureName": null,
  "AssociationMeasure": false,
  "IsComputedByPlanningService": false,
  "ToolTip": "Final Allocation Consumption Plan Output Packs OrderlineID",
  "ConfigJson": {},
  "ApiName": null,
  "ApiDisabled": false,
  "IsReportingMeasure": false,
  "MeasureConditionalFormulaProperties": [],
  "PicklistSource": null
}