{
  "Name": "APInfoOptions02",
  "Description": "Information",
  "ActionButtonId": "2d013f7d-82fc-4f32-dd14-a17a0c8baf22",
  "Tooltip": "Report Information",
  "ActionButtonType": "Widget",
  "Alignment": "right",
  "IsPopOver": true,
  "IsGlobal": true,
  "ActionClickHandler": null,
  "Icon": null,
  "Image": null,
  "ConfigJson": {
    "icon": "info-circle",
    "SubmitButton": {
      "Label": " "
    },
    "ResetButton": {},
    "CloseButton": {
      "Label": " "
    },
    "NotifyAll": false,
    "IBPLRules": [],
    "JavascriptRules": [],
    "FieldBindings": [
      {
        "fieldName": "Information",
        "title": "Information",
        "type": "info",
        "clearSearch": true,
        "source": "literal",
        "defaultValue": "<!DOCTYPE html> <html lang=\"en\">  <head>     <meta charset=\"UTF-8\">     <meta name=\"viewport\" content=\"width=device-width, initial-scale=1.0\">     <title>Options Strategy Overview</title> </head>  <body style=\"text-align: left;\">     <p align=\"left\"><strong>Overview</strong></p>     <p align=\"left\">Options Strategy computes the ideal number of Options (Style Colors) based on the MFP targets and         the historical split of Product Attribute Groups and Store Clusters. It is used in Ranging to automatically         assort top-performing Style Colors.</p>     <p align=\"left\"><strong>Prerequisites</strong></p>     <p align=\"left\">         1. Create PAG <br>         2. Calculate ROS <br>         3. Seed Plan     </p>     <p align=\"left\"><strong>Seed Plan</strong></p>     <p align=\"left\">Executing the Seed Plan action button will generate an Options Strategy for you based on the         historical data. The following data gets seeded/updated after executing Seed Plan: <br>         1. Historical sales contribution % per PAG <br>         2. MFP Target sales split based on the historical contribution of PAGs <br>         3. Historical sales contribution % per PAG per Cluster (report in Options Count view) <br>         4. MFP Target sales split based on the historical contribution of Clusters within each PAG (report in Options         Count view) <br>         5. ASP, Time on Offer and Store Count are seeded based on historical data (report in Options Count view) <br>         6. Sales Quantity is calculated per PAG per Cluster, Sales Quantity = (MFP Target sales / ASP) (report in         Options Count view) <br>         7. Number of Options is calculated using the formula: Options # = (Sales Quantity) / (Time on Offer * Store         Count         * ROS) (report in Options Count view)     </p>     <p align=\"left\"><strong>Update Options</strong></p>     <p align=\"left\">After running the Seed Plan (report in Sales Target view), all the historical data is seeded and         Options count is calculated. If you need to adjust the sales contribution % of Cluster within each PAG to align         with a specific strategy for the planning season, you can directly modify the percentages in the report. Once         edits are complete, use the Update Options action button to recalculate the Options Count based on the updated         contributions. This action also ensures that the total Cluster contribution percentage within each PAG is         normalized to 100%.         <br>         If metrics such as ASP, Time On Offer, ROS, or others need to be adjusted, they can be directly updated in the         report, and the Options Count will automatically recalculate.     </p>     <p align=\"left\"><strong>Approve Plan</strong></p>     <p align=\"left\">Once all necessary adjustments have been made and the results reviewed, you can finalize the Options         Strategy for a specific season by clicking the Approve Options action button. The approved Options Strategy will         then be utilized in the Line Build and Ranging workflows for that season.     </p> </body>  </html>",
        "visible": true,
        "isEditable": true,
        "validation": {
          "maxLength": "0",
          "required": true
        }
      }
    ],
    "Range": [],
    "DataSources": [],
    "AutoExecute": false,
    "isAsync": false,
    "hasMembersUpdates": false,
    "Compact": false,
    "TwoColumn": false,
    "IsGlobalForExcelAddIn": false,
    "enableTransaction": false,
    "ReturnFilterByUpdate": false,
    "ExcludeFromNavLink": false,
    "FilterFieldBindings": []
  },
  "Widget": null,
  "Roles": []
}