{
  "AttributeName": "CentroidCityLong",
  "AttributeId": "8e74c414-6b06-4b6b-a43e-1384622364b2",
  "AttributeHierarchyEnabled": false,
  "IsKey": false,
  "Description": "CentroidCityLong",
  "OrderBy": "Key",
  "KeyColumnName": "CentroidCityLongKey",
  "NameColumnName": null,
  "KeyColumnDataType": "number",
  "SeedTags": false,
  "KeyGenerationType": null,
  "PickListName": null,
  "ConfigJson": {
    "IsVisible": true,
    "IsEditable": true
  },
  "FormatString": "#,##0; (#,##0)",
  "Translation": null,
  "Aliases": [],
  "ApiName": null,
  "ApiDisabled": false
}