{
  "MeasureName": "Channel Param",
  "MeasureId": "72ce92f4-ba14-a85d-34c1-c3e70266b03b",
  "MeasureDescription": "Channel Param",
  "DataType": "string",
  "MeasureType": "Regular",
  "AggregateFunction": "DistinctSum",
  "FormatString": "#,##0;(#,##0)",
  "MeasureColumnName": "ChannelParam",
  "MeasureFormula": "",
  "IsEditable": false,
  "ApplyConversion": false,
  "ConversionFormula": "",
  "PickListName": null,
  "BgColorFormula": "",
  "FgColorFormula": "",
  "TrendFormula": "",
  "FormattingViewModel": "[]",
  "ParentMeasureName": null,
  "AssociationMeasure": false,
  "IsComputedByPlanningService": false,
  "ToolTip": "Channel Param",
  "ConfigJson": {},
  "ApiName": null,
  "ApiDisabled": false,
  "IsReportingMeasure": false,
  "MeasureConditionalFormulaProperties": [],
  "PicklistSource": null
}