{
  "MeasureGroupName": "001.003 Tenant Data Table Structure",
  "MeasureGroupId": "e7f4ff61-2635-4b72-90be-de224b24badb",
  "ParentMeasureGroupName": null,
  "HasShadow": false,
  "MeasureGroupDescription": "001.003 Tenant Data Table Structure",
  "MeasureGroupType": "Regular",
  "FactTableName": "Fact001.003TenantDataTableStructure",
  "SchemaMajorVersion": 0,
  "ConfigJson": {},
  "ApiName": null,
  "Repartition": false,
  "Unpartition": false,
  "ApiEnabled": false,
  "DimensionUsages": [
    {
      "DimensionName": "Version",
      "AttributeName": "Version Name",
      "SortOrder": 0,
      "DimensionType": "Regular"
    },
    {
      "DimensionName": "Tenant Data Table Structure",
      "AttributeName": "Serial No",
      "SortOrder": 1,
      "DimensionType": "Regular"
    }
  ]
}