{
  "AttributeName": "All Item",
  "AttributeId": "69a4c4dd-0bdc-4efd-b792-162d8ae199a7",
  "AttributeHierarchyEnabled": true,
  "IsKey": false,
  "Description": "All items roll upto this.  Usually contains 'All' as its member.",
  "OrderBy": "Key",
  "KeyColumnName": "AllItemKey",
  "NameColumnName": "AllItemName",
  "KeyColumnDataType": "integer",
  "SeedTags": false,
  "KeyGenerationType": "Auto",
  "PickListName": null,
  "ConfigJson": {},
  "FormatString": null,
  "Translation": null,
  "Aliases": [],
  "ApiName": null,
  "ApiDisabled": false
}