{
  "MeasureGroupName": "003.007 Common Demand Netting Parameters For Forecast",
  "MeasureGroupId": "5b4a5f0a-692e-456f-aa8d-9298542129a8",
  "ParentMeasureGroupName": null,
  "HasShadow": false,
  "MeasureGroupDescription": "Common Demand Netting Parameters For Forecast",
  "MeasureGroupType": "Regular",
  "FactTableName": "Fact003.007CommonDemandNettingParametersForForecast",
  "SchemaMajorVersion": 0,
  "ConfigJson": {},
  "ApiName": null,
  "Repartition": false,
  "Unpartition": false,
  "ApiEnabled": false,
  "DimensionUsages": [
    {
      "DimensionName": "Version",
      "AttributeName": "Version Name",
      "SortOrder": 0,
      "DimensionType": "Regular"
    },
    {
      "DimensionName": "Time",
      "AttributeName": "Week",
      "SortOrder": 0,
      "DimensionType": "Time"
    },
    {
      "DimensionName": "Item",
      "AttributeName": "Item",
      "SortOrder": 2,
      "DimensionType": "Regular"
    },
    {
      "DimensionName": "Location",
      "AttributeName": "Location",
      "SortOrder": 3,
      "DimensionType": "Regular"
    },
    {
      "DimensionName": "Sales Domain",
      "AttributeName": "Customer Group",
      "SortOrder": 4,
      "DimensionType": "Regular"
    }
  ]
}