{
  "MeasureName": "o9EKG Field Placeholder 3",
  "MeasureId": "f9ca506d-3dc5-f88a-edf2-22ec92093db1",
  "MeasureDescription": "o9EKG Field Placeholder 3",
  "DataType": "string",
  "MeasureType": "Regular",
  "AggregateFunction": "DistinctSum",
  "FormatString": "#,##0;(#,##0)",
  "MeasureColumnName": "o9EKGFieldPlaceholder3",
  "MeasureFormula": "",
  "IsEditable": true,
  "ApplyConversion": false,
  "ConversionFormula": "",
  "PickListName": null,
  "BgColorFormula": "",
  "FgColorFormula": "",
  "TrendFormula": "",
  "FormattingViewModel": "[]",
  "ParentMeasureName": null,
  "AssociationMeasure": false,
  "IsComputedByPlanningService": false,
  "ToolTip": "o9EKG Field Placeholder 3",
  "ConfigJson": {},
  "ApiName": null,
  "ApiDisabled": false,
  "IsReportingMeasure": false,
  "MeasureConditionalFormulaProperties": [],
  "PicklistSource": null
}