{
  "MeasureName": "Planning Item Status Property",
  "MeasureId": "fc2444eb-6239-8400-737d-fddc2d1d26be",
  "MeasureDescription": "Planning Item Status Property",
  "DataType": "boolean",
  "MeasureType": "Regular",
  "AggregateFunction": "Max",
  "FormatString": "#,##0;(#,##0)",
  "MeasureColumnName": "PlanningItemStatusProperty",
  "MeasureFormula": "",
  "IsEditable": false,
  "ApplyConversion": false,
  "ConversionFormula": "",
  "PickListName": null,
  "BgColorFormula": "",
  "FgColorFormula": "",
  "TrendFormula": "",
  "FormattingViewModel": "[]",
  "ParentMeasureName": null,
  "AssociationMeasure": false,
  "IsComputedByPlanningService": false,
  "ToolTip": "Planning Item Status Property",
  "ConfigJson": {},
  "ApiName": null,
  "ApiDisabled": false,
  "IsReportingMeasure": false,
  "MeasureConditionalFormulaProperties": [],
  "PicklistSource": null
}