{
  "AttributeName": "Entity Name",
  "AttributeId": "87235644-c62b-4a43-8a6a-3f0927665f38",
  "AttributeHierarchyEnabled": true,
  "IsKey": true,
  "Description": "Entity Name",
  "OrderBy": "Name",
  "KeyColumnName": "EntityNameKey",
  "NameColumnName": "EntityNameName",
  "KeyColumnDataType": "integer",
  "SeedTags": false,
  "KeyGenerationType": "Auto",
  "PickListName": null,
  "ConfigJson": {
    "ShowFilterAs": "TileView",
    "MemberDisplayNameEditable": true,
    "IsMultipleImage": false
  },
  "FormatString": null,
  "Translation": null,
  "Aliases": [],
  "ApiName": null,
  "ApiDisabled": false
}