{
  "MeasureName": "Planner Algorithm List",
  "MeasureId": "162743b4-1f5c-468c-aad5-0bd54dbe561e",
  "MeasureDescription": "Planner override to the default list of Algorithms in the Stat Rule definition",
  "DataType": "picklist",
  "MeasureType": "Regular",
  "AggregateFunction": "Null",
  "FormatString": "",
  "MeasureColumnName": "PlannerAlgorithmList",
  "MeasureFormula": "",
  "IsEditable": true,
  "ApplyConversion": false,
  "ConversionFormula": "",
  "PickListName": "Algo",
  "BgColorFormula": "",
  "FgColorFormula": "",
  "TrendFormula": "",
  "FormattingViewModel": "[]",
  "ParentMeasureName": null,
  "AssociationMeasure": false,
  "IsComputedByPlanningService": false,
  "ToolTip": "Planner override to the default list of Algorithms in the Stat Rule definition",
  "ConfigJson": {},
  "ApiName": null,
  "ApiDisabled": false,
  "IsReportingMeasure": false,
  "MeasureConditionalFormulaProperties": [],
  "PicklistSource": null
}