{
  "MeasureName": "TD Reg Sls Rtl Mix %",
  "MeasureId": "68c7a449-57fd-4ac0-9e6c-44156a129e01",
  "MeasureDescription": "TD Regular Sales Retail Mix %",
  "DataType": "number",
  "MeasureType": "Regular",
  "AggregateFunction": "Sum",
  "FormatString": "0.00%",
  "MeasureColumnName": "TDRegSlsRtlMix%",
  "MeasureFormula": "",
  "IsEditable": true,
  "ApplyConversion": false,
  "ConversionFormula": "",
  "PickListName": null,
  "BgColorFormula": "",
  "FgColorFormula": "",
  "TrendFormula": "",
  "FormattingViewModel": null,
  "ParentMeasureName": null,
  "AssociationMeasure": false,
  "IsComputedByPlanningService": false,
  "ToolTip": "TD Regular Sales Retail Mix %",
  "ConfigJson": {},
  "ApiName": null,
  "ApiDisabled": false,
  "IsReportingMeasure": false,
  "MeasureConditionalFormulaProperties": [],
  "PicklistSource": null
}