{
  "MeasureName": "W WIP Priority Consumption Plugin Output Normalised",
  "MeasureId": "80416d73-bd86-4a32-9513-37a731e6e0f6",
  "MeasureDescription": "WIP Priority Output Normalised",
  "DataType": "number",
  "MeasureType": "Regular",
  "AggregateFunction": "Max",
  "FormatString": "#,##0",
  "MeasureColumnName": "WWIPPriorityConsumptionPluginOutputNormalised",
  "MeasureFormula": "",
  "IsEditable": true,
  "ApplyConversion": false,
  "ConversionFormula": "",
  "PickListName": null,
  "BgColorFormula": "",
  "FgColorFormula": "",
  "TrendFormula": "",
  "FormattingViewModel": "[]",
  "ParentMeasureName": null,
  "AssociationMeasure": false,
  "IsComputedByPlanningService": false,
  "ToolTip": "WIP Priority Output Normalised",
  "ConfigJson": {},
  "ApiName": null,
  "ApiDisabled": false,
  "IsReportingMeasure": false,
  "MeasureConditionalFormulaProperties": [],
  "PicklistSource": null
}