{
  "EdgePropertyId": "65517a16-a723-4234-a25d-7000a97f6cc1",
  "PropertyName": "D Substitute Item Priority Item Input",
  "PropertyDescription": "Substitute Item Priority Intermediate",
  "PropertyDataType": "number",
  "PropertyDataSize": 0,
  "PropertyColumnName": "DSubstituteItemPriorityItemInput",
  "AggregateFunction": "Max",
  "PropertyFormula": null,
  "IsEditable": false,
  "FormatString": "#,##0",
  "ActivationProperty": false,
  "IsComputedByPlanningService": false,
  "ToolTip": null,
  "ApiName": null,
  "ApiDisabled": false,
  "BgColorFormula": null,
  "FgColorFormula": null,
  "TrendFormula": null,
  "FormattingViewModel": null,
  "ConditionalFormulas": []
}