{
  "Name": "SupplyPlan106WRemovePriorityRule",
  "Description": null,
  "ActionButtonId": "4c0e3a21-7d0d-4dd9-8b16-fc2431617d51",
  "Tooltip": "Remove Priority Rule",
  "ActionButtonType": "Rule",
  "Alignment": "right",
  "IsPopOver": true,
  "IsGlobal": false,
  "ActionClickHandler": null,
  "Icon": null,
  "Image": null,
  "ConfigJson": {
    "icon": "minus",
    "Position": "0",
    "SubmitButton": {
      "Label": "Submit",
      "ConfirmMessage": "This will delete the selected Priority Rules. Are you sure to proceed ? "
    },
    "ResetButton": {
      "Label": "Reset"
    },
    "CloseButton": {
      "Label": "Close",
      "ConfirmMessage": "Unsaved changes will be lost. Continue?"
    },
    "NotifyRoles": true,
    "NotifyAll": false,
    "IBPLRules": [
      {
        "template": "//-- Delete Priority rules\n\n{{#each PriorityRuleTuple}}\n\nDELETE DATA FOR MODEL [001.001 Priority Rules] WHERE {Version.[Version Name]{{#filter Version}},{{#entity PriorityGroup}}, {{#entity PriorityRule}},{{#entity PlanType}},{{#entity DataObject}}};\n\n{{/each}}"
      }
    ],
    "JavascriptRules": [],
    "FieldBindings": [
      {
        "fieldName": "Version",
        "title": "Version",
        "Description": "Version / Scenario to for which this operation is to be carried out",
        "type": "picklistDropdown",
        "selectionType": "single",
        "clearSearch": true,
        "source": "filter",
        "DimensionName": "Version",
        "LevelAttributeName": "Version Name",
        "visible": true,
        "isEditable": true,
        "validation": {
          "maxLength": "0",
          "required": true
        }
      },
      {
        "fieldName": "PriorityRuleTuple",
        "title": "Group - Priority Rule",
        "Description": "Group Priority Rule combination to be deleted",
        "type": "picklistDropdown",
        "select": "ALL",
        "clearSearch": true,
        "source": "parentTuple",
        "TuplesList": [
          {
            "Key": "PriorityGroup",
            "LevelAttribute": {
              "DimensionName": "Demand Priority Group",
              "Name": "Priority Group",
              "textField": "Name"
            },
            "tuplesource": "LevelAttribute"
          },
          {
            "Key": "PriorityRule",
            "LevelAttribute": {
              "DimensionName": "Prioritization",
              "Name": "Priority Rule",
              "textField": "Name"
            },
            "tuplesource": "LevelAttribute"
          },
          {
            "Key": "PlanType",
            "LevelAttribute": {
              "DimensionName": "Plan Type",
              "Name": "Plan Type",
              "textField": "Name"
            },
            "tuplesource": "LevelAttribute"
          },
          {
            "Key": "DataObject",
            "LevelAttribute": {
              "DimensionName": "Data Object",
              "Name": "Data Object",
              "textField": "Name"
            },
            "tuplesource": "LevelAttribute"
          }
        ],
        "visible": true,
        "isEditable": true,
        "validation": {
          "required": true
        }
      }
    ],
    "Range": [],
    "DataSources": [],
    "AutoExecute": false,
    "isAsync": false,
    "hasMembersUpdates": false,
    "Compact": false,
    "TwoColumn": false,
    "IsGlobalForExcelAddIn": false,
    "ExcludeFromNavLink": false,
    "FilterFieldBindings": []
  },
  "Widget": null,
  "Roles": []
}