{
  "AttributeName": "Item Variant",
  "AttributeId": "3ba74238-cdc9-de58-0e4a-43afab6b6175",
  "AttributeHierarchyEnabled": false,
  "IsKey": false,
  "Description": "Classification on Item member data based on Header and Detail",
  "OrderBy": "Key",
  "KeyColumnName": "ItemVariantKey",
  "NameColumnName": null,
  "KeyColumnDataType": "string",
  "SeedTags": false,
  "KeyGenerationType": null,
  "PickListName": null,
  "ConfigJson": {
    "IsVisible": true,
    "IsEditable": true
  },
  "FormatString": "",
  "Translation": null,
  "Aliases": [],
  "ApiName": null,
  "ApiDisabled": false,
  "FgColorFormula": null,
  "BgColorFormula": null,
  "IsReservedBySystem": false
}