{
  "Name": "SCDMABDMInputsDeleteRow",
  "Description": "SCDM ABDM Inputs Delete Row",
  "ActionButtonId": "28d8542f-ecf8-7903-6867-cf440a4abacf",
  "Tooltip": "SCDM ABDM Inputs Delete Row",
  "ActionButtonType": "Rule",
  "Alignment": "right",
  "IsPopOver": true,
  "IsGlobal": false,
  "ActionClickHandler": null,
  "Icon": null,
  "Image": null,
  "ConfigJson": {
    "DisplayName": "Delete Row",
    "icon": "minus",
    "Position": "0",
    "SubmitButton": {
      "Label": "Submit"
    },
    "ResetButton": {
      "Label": "Reset"
    },
    "CloseButton": {
      "Label": "Close",
      "ConfirmMessage": "Unsaved changes will be lost. Continue?"
    },
    "NotifyAll": false,
    "IBPLRules": [
      {
        "template": "DELETE DATA FOR MODEL [ABDM Inputs] WHERE {[Version].[Version Name]{{#filter Version}} , [Sequence ID].[Sequence ID]{{#filter SequenceID}} , [Data Object].[Data Object]{{#filter DataObject}}};"
      }
    ],
    "JavascriptRules": [],
    "FieldBindings": [
      {
        "fieldName": "Version",
        "title": "Version Name",
        "Description": "Version Name",
        "type": "picklistDropdown",
        "selectionType": "single",
        "clearSearch": true,
        "source": "parentAttribute",
        "DimensionName": "Version",
        "key": {
          "LevelAttribute": {
            "Name": "Version Name",
            "Property": "Name"
          }
        },
        "visible": true,
        "isEditable": false,
        "validation": {
          "maxLength": "0",
          "required": true
        }
      },
      {
        "fieldName": "SequenceID",
        "title": "SequenceID",
        "Description": "SequenceID",
        "type": "picklistDropdown",
        "selectionType": "multiple",
        "clearSearch": true,
        "source": "parentAttribute",
        "DimensionName": "Sequence ID",
        "key": {
          "LevelAttribute": {
            "Name": "Sequence ID",
            "Property": "Name"
          }
        },
        "visible": true,
        "isEditable": false,
        "validation": {
          "maxLength": "0",
          "required": true
        }
      },
      {
        "fieldName": "DataObject",
        "title": "Data Object",
        "Description": "Data Object",
        "type": "picklistDropdown",
        "clearSearch": true,
        "source": "parentAttribute",
        "DimensionName": "Data Object",
        "key": {
          "LevelAttribute": {
            "Name": "Data Object",
            "Property": "Name"
          }
        },
        "visible": true,
        "isEditable": false,
        "validation": {
          "maxLength": "0",
          "required": true
        },
        "selectionType": "multiple"
      }
    ],
    "Range": [],
    "DataSources": [],
    "AutoExecute": false,
    "isAsync": true,
    "hasMembersUpdates": false,
    "Compact": false,
    "TwoColumn": true,
    "IsGlobalForExcelAddIn": false,
    "enableTransaction": false,
    "ExcludeFromNavLink": false,
    "FilterFieldBindings": []
  },
  "Widget": null,
  "Roles": []
}