{
  "RuleGroupId": "0eac4a78-8f1b-b77b-08ca-21909f61d1a8",
  "RuleGroupLabelName": null,
  "ScopeLabelName": null,
  "RuleGroupName": "AddSequence",
  "RuleGroupLabelPosition": 1.0,
  "ScopeLabelPosition": 0.0,
  "RuleGroupDescription": "Add Sequence",
  "IsEnabled": true,
  "RuleGroupContent": {
    "ScopeExpression": null,
    "IsParameterized": true,
    "ParameterJson": {
      "description": "",
      "type": "object",
      "properties": {
        "Version": {
          "type": "string"
        },
        "SequenceNo": {
          "type": "number"
        }
      }
    },
    "IsParallel": false,
    "RuleGroupText": "//Create member to create new sequence\r\n\r\ncreatemember ([Sequence].[Sequence] = {,[{{SequenceNo}}]});\r\n\r\ncartesian scope :(&CWVAndScenarios{{#filter Version}} * [Sequence].[Sequence].[{{SequenceNo}}]); \r\nMeasure.[Sequence Counter] = {{SequenceNo}};\r\nMeasure.[Auto Rollup] = false;\r\nend scope;\r\n\r\n//Update Execution Status\r\n\r\nscope:(&CWVAndScenarios{{#filter Version}} * [Sequence].[Sequence].[{{SequenceNo}}]);\r\nMeasure.[Execution Status]=\"NOT EXECUTED\";\r\nend scope;",
    "NamedNodeName": null,
    "PluginInstanceName": null,
    "PluginScopes": null,
    "PluginArguments": null,
    "PluginModified": false
  },
  "RuleGroupType": "ParameterizedProcedure",
  "HasErrors": false,
  "ErrorMessage": null,
  "IgnoreErrors": false,
  "Translations": [],
  "DimensionUsages": [],
  "MeasureUsages": [
    {
      "MeasureName": "Auto Rollup",
      "IsInput": false,
      "IsOutput": true
    },
    {
      "MeasureName": "Execution Status",
      "IsInput": false,
      "IsOutput": true
    },
    {
      "MeasureName": "Sequence Counter",
      "IsInput": false,
      "IsOutput": true
    }
  ],
  "ActionButtonUsages": [],
  "RelationshipPropertyUsages": []
}