{
  "RuleGroupId": "92dadbba-f82d-72d1-145c-3454669e8671",
  "RuleGroupLabelName": null,
  "ScopeLabelName": null,
  "RuleGroupName": "ApproveClusterProfiles",
  "RuleGroupLabelPosition": 1.0,
  "ScopeLabelPosition": 0.0,
  "RuleGroupDescription": "Approve Ratios",
  "IsEnabled": true,
  "RuleGroupContent": {
    "ScopeExpression": null,
    "IsParameterized": true,
    "ParameterJson": {
      "description": "ApproveClusterProfiles",
      "type": "object",
      "properties": {
        "Version": {
          "type": "string"
        },
        "Sequence": {
          "type": "number"
        },
        "Class": {
          "type": "string"
        },
        "PAG": {
          "type": "array",
          "items": {
            "type": "string"
          }
        },
        "SizeRange": {
          "type": "array",
          "items": {
            "type": "string"
          }
        },
        "FSE": {
          "type": "string"
        }
      }
    },
    "IsParallel": false,
    "RuleGroupText": "//Nulling out measures\r\n\r\nscope:(&CWVAndScenarios{{#filter Version}} * &APClasses.[{{Class}}] * &APStores * &APChannels * [Size Range].[Size Range]{{#filter SizeRange}} * &APProductAttributes{{#filter PAG}} * [Sequence].[Sequence].[{{Sequence}}] * [Size].[Size] * &SZPClusters);\r\nMeasure.[Is Cluster Approved] = null;\r\nend scope;\r\n\r\nscope : (&CWVAndScenarios{{#filter Version}} * &APClasses.[{{Class}}] * &APStores * &APChannels * [Size Range].[Size Range]{{#filter SizeRange}} * &APProductAttributes{{#filter PAG}} * [Size].[Size] * [Sequence].[Sequence].[{{Sequence}}]);\r\nMeasure.[Approved Size Ratio] = null;\r\nMeasure.[Approved Aggregation Level] = null;\r\nMeasure.[Approved Aggregated Members] = null;\r\nMeasure.[Size Profile] = null;\r\nend scope;\r\n\r\n// Normalize Size Ratios before approval\r\n\r\nexec procedure NormalizeClusterRatio {\"Version\": \"{{Version}}\", \"Sequence\":\"{{Sequence}}\", \"Class\": \"{{Class}}\", \"PAG\": [{{#csv PAG}}], \"FSE\": \"{{FSE}}\",  \"SizeRange\": [{{#csv SizeRange}}]};\r\n\r\n\r\n//Execute Plugin to Approve Size Profiles\r\n\r\nexec plugin instance [RetailApproveClusterProfiles] for measures {Measure.[Approved Size Ratio]} using scope (&CWVAndScenarios{{#filter Version}} * &APClasses{{#filter Class}} * [Size Range].[Size Range]{{#filter SizeRange}} * &APProductAttributes{{#filter PAG}} * [Sequence].[Sequence].[{{Sequence}}])using arguments {(\"IncludeNullRows\", False),(ExecutionMode, \"MediumWeight\"),(DataTransferMode, \"csv\")};\r\n\r\n//Create cancelled class intersection and nulling them out\r\n\r\ncartesian scope:(&CWVAndScenarios{{#filter Version}});\r\nMeasure.[Cancelled Classes] = \"\";\r\nend scope;\r\n\r\nscope:(&CWVAndScenarios{{#filter Version}});\r\nMeasure.[Cancelled Classes] = null;\r\nend scope;\r\n\r\n//Execute Plugin to Update Profile Associations\r\n\r\nexec plugin instance [RetailUpdateProfileAssociations] for measures {[Size Range Association]} \r\nusing scope (&CWVAndScenarios{{#filter Version}} *  Item.[L3]{{#filter Class}}) \r\nusing arguments{(\"VERSION\", \"{{Version}}\"),(\"IncludeNullRows\", False),(ExecutionMode, \"MediumWeight\"),([Param.o9_sys_log_level], \"DEBUG\"),(DataTransferMode, \"csv\")};",
    "NamedNodeName": null,
    "PluginInstanceName": null,
    "PluginScopes": null,
    "PluginArguments": null,
    "PluginModified": false
  },
  "RuleGroupType": "ParameterizedProcedure",
  "HasErrors": false,
  "ErrorMessage": null,
  "IgnoreErrors": false,
  "Translations": [],
  "DimensionUsages": [],
  "MeasureUsages": [
    {
      "MeasureName": "Approved Aggregated Members",
      "IsInput": false,
      "IsOutput": true
    },
    {
      "MeasureName": "Approved Aggregation Level",
      "IsInput": false,
      "IsOutput": true
    },
    {
      "MeasureName": "Approved Size Ratio",
      "IsInput": false,
      "IsOutput": true
    },
    {
      "MeasureName": "Cancelled Classes",
      "IsInput": false,
      "IsOutput": true
    },
    {
      "MeasureName": "Is Cluster Approved",
      "IsInput": false,
      "IsOutput": true
    },
    {
      "MeasureName": "Size Profile",
      "IsInput": false,
      "IsOutput": true
    }
  ],
  "ActionButtonUsages": [],
  "RelationshipPropertyUsages": []
}