{
  "RuleGroupId": "95e99948-2c3f-0058-3700-06867403186e",
  "RuleGroupLabelName": null,
  "ScopeLabelName": null,
  "RuleGroupName": "CancelApprovedProfiles",
  "RuleGroupLabelPosition": 1.0,
  "ScopeLabelPosition": 0.0,
  "RuleGroupDescription": "Cancel Approved Profiles",
  "IsEnabled": true,
  "RuleGroupContent": {
    "ScopeExpression": null,
    "IsParameterized": true,
    "ParameterJson": {
      "description": "CancelApprovedProfiles",
      "type": "object",
      "properties": {
        "Version": {
          "type": "string"
        },
        "CancelAll": {
          "type": "boolean"
        },
        "Class": {
          "type": "array",
          "items": {
            "type": "string"
          }
        },
        "SizeRange": {
          "type": "string"
        },
        "PAG": {
          "type": "string"
        },
        "Sequence": {
          "type": "array",
          "items": {
            "type": "string"
          }
        }
      }
    },
    "IsParallel": false,
    "RuleGroupText": "//Create cancelled class intersection and nulling them out\r\n\r\n\r\ncartesian scope:(&CWVAndScenarios{{#filter Version}});\r\nMeasure.[Cancelled Classes] = \"\";\r\nend scope;\r\n\r\nscope:(&CWVAndScenarios{{#filter Version}});\r\nMeasure.[Cancelled Classes] = null;\r\nend scope;\r\n\r\n{{#each Class}}\r\nscope:(&CWVAndScenarios{{#filter Version}});\r\nMeasure.[Cancelled Classes] = if((IsNull(Measure.[Cancelled Classes]))) then (\"{{this}}\") else Measure.[Cancelled Classes] + \",\" + \"{{this}}\";\r\nend scope;\r\n{{/each}}\r\n\r\n//Nulling out measures based of if else condition\r\n\r\n{{#if CancelAll}}\r\n\r\nscope: (&CWVAndScenarios{{#filter Version}} * &APClasses * &APStores * &APChannels * [Size Range].[Size Range] * &APProductAttributes * [Size].[Size] * [Sequence].[Sequence]); \r\nMeasure.[Approved Size Ratio] = null;\r\nMeasure.[Approved Aggregated Members] = null;\r\nMeasure.[Approved Aggregation Level] = null;\r\nMeasure.[Size Profile] = null;\r\nend scope;\r\n\r\nscope:(&CWVAndScenarios{{#filter Version}} * &APClasses * &APStores * &APChannels * [Size Range].[Size Range] * &APProductAttributes * [Sequence].[Sequence] * &SZPClusters * [Size].[Size]);\r\nMeasure.[Is Approved] = null;\r\nMeasure.[Is Cluster Approved] = null;\r\nend scope;\r\n\r\n{{#else}}\r\n\r\nscope: (&CWVAndScenarios{{#filter Version}} * &APClasses{{#filter Class}} * &APStores * &APChannels * [Size Range].[Size Range]{{#filter SizeRange}} * &APProductAttributes.[{{PAG}}] * [Size].[Size] * [Sequence].[Sequence]{{#filter Sequence}}); \r\nMeasure.[Approved Size Ratio] = null;\r\nMeasure.[Approved Aggregated Members] = null;\r\nMeasure.[Approved Aggregation Level] = null;\r\nMeasure.[Size Profile] = null;\r\nend scope;\r\n\r\nscope:(&CWVAndScenarios{{#filter Version}} * &APClasses{{#filter Class}} * &APStores * &APChannels * [Size Range].[Size Range]{{#filter SizeRange}} * &APProductAttributes.[{{PAG}}] * [Sequence].[Sequence]{{#filter Sequence}} * &SZPClusters * [Size].[Size]);\r\nMeasure.[Is Approved] = null;\r\nMeasure.[Is Cluster Approved] = null;\r\nend scope;\r\n\r\n{{/if}}\r\n\r\n//Execute Plugin to Update Profile Associations\r\n\r\nEXEC plugin instance [RetailUpdateProfileAssociations] for measures {[Size Range Association]} \r\nusing scope (&CWVAndScenarios{{#filter Version}} *  Item.[L3]{{#filter Class}}) \r\nusing arguments{(\"VERSION\", \"{{Version}}\"),(\"IncludeNullRows\", False),(ExecutionMode, \"MediumWeight\"),([Param.o9_sys_log_level], \"DEBUG\"),(DataTransferMode, \"csv\")};",
    "NamedNodeName": null,
    "PluginInstanceName": null,
    "PluginScopes": null,
    "PluginArguments": null,
    "PluginModified": false
  },
  "RuleGroupType": "ParameterizedProcedure",
  "HasErrors": false,
  "ErrorMessage": null,
  "IgnoreErrors": false,
  "Translations": [],
  "DimensionUsages": [],
  "MeasureUsages": [
    {
      "MeasureName": "Approved Aggregated Members",
      "IsInput": false,
      "IsOutput": true
    },
    {
      "MeasureName": "Approved Aggregation Level",
      "IsInput": false,
      "IsOutput": true
    },
    {
      "MeasureName": "Approved Size Ratio",
      "IsInput": false,
      "IsOutput": true
    },
    {
      "MeasureName": "Cancelled Classes",
      "IsInput": true,
      "IsOutput": true
    },
    {
      "MeasureName": "Is Approved",
      "IsInput": false,
      "IsOutput": true
    },
    {
      "MeasureName": "Is Cluster Approved",
      "IsInput": false,
      "IsOutput": true
    },
    {
      "MeasureName": "Size Profile",
      "IsInput": false,
      "IsOutput": true
    }
  ],
  "ActionButtonUsages": [],
  "RelationshipPropertyUsages": []
}