{
  "RuleGroupId": "1aadafb9-71c6-ac5c-e23d-997ac9eeadfe",
  "RuleGroupLabelName": null,
  "ScopeLabelName": null,
  "RuleGroupName": "CopySequence",
  "RuleGroupLabelPosition": 1.0,
  "ScopeLabelPosition": 0.0,
  "RuleGroupDescription": "Copy Sequence",
  "IsEnabled": true,
  "RuleGroupContent": {
    "ScopeExpression": null,
    "IsParameterized": true,
    "ParameterJson": {
      "description": "CopySequence",
      "type": "object",
      "properties": {
        "Version": {
          "type": "string"
        },
        "SourceSequence": {
          "type": "number"
        },
        "TargetSequence": {
          "type": "number"
        }
      }
    },
    "IsParallel": false,
    "RuleGroupText": "//Create New Member\r\n\r\ncreatemember ([Sequence].[Sequence] = {,\"{{TargetSequence}}\"});\r\n\r\n//Copy from one member to another\r\n\r\ncopymeasure ([Sequence].[Sequence]={{\"{{SourceSequence}}\",\"{{TargetSequence}}\"}}, {Measure.[Item Attribute],Measure.[Location Attribute],Measure.[Sales Domain Attribute],Measure.[Use PAG],Measure.[Aggregation Threshold],Measure.[Fringe Size Threshold],Measure.[Fringe Size Elimination],Measure.[Auto Rollup]},false) where {&CWVAndScenarios.filter(#.Name == \"{{Version}}\")};\r\n\r\n//Define Sequence number and Sequence Counter\r\n\r\ncartesian scope :(&CWVAndScenarios{{#filter Version}} * [Sequence].[Sequence].[{{TargetSequence}}]); \r\nMeasure.[Sequence Counter] = {{TargetSequence}};\r\nMeasure.[Execution Status] = \"NOT EXECUTED\";\r\nend scope;",
    "NamedNodeName": null,
    "PluginInstanceName": null,
    "PluginScopes": null,
    "PluginArguments": null,
    "PluginModified": false
  },
  "RuleGroupType": "ParameterizedProcedure",
  "HasErrors": false,
  "ErrorMessage": null,
  "IgnoreErrors": false,
  "Translations": [],
  "DimensionUsages": [],
  "MeasureUsages": [
    {
      "MeasureName": "Aggregation Threshold",
      "IsInput": true,
      "IsOutput": false
    },
    {
      "MeasureName": "Auto Rollup",
      "IsInput": true,
      "IsOutput": false
    },
    {
      "MeasureName": "Execution Status",
      "IsInput": false,
      "IsOutput": true
    },
    {
      "MeasureName": "Fringe Size Elimination",
      "IsInput": true,
      "IsOutput": false
    },
    {
      "MeasureName": "Fringe Size Threshold",
      "IsInput": true,
      "IsOutput": false
    },
    {
      "MeasureName": "Item Attribute",
      "IsInput": true,
      "IsOutput": false
    },
    {
      "MeasureName": "Location Attribute",
      "IsInput": true,
      "IsOutput": false
    },
    {
      "MeasureName": "Sales Domain Attribute",
      "IsInput": true,
      "IsOutput": false
    },
    {
      "MeasureName": "Sequence Counter",
      "IsInput": false,
      "IsOutput": true
    },
    {
      "MeasureName": "Use PAG",
      "IsInput": true,
      "IsOutput": false
    }
  ],
  "ActionButtonUsages": [],
  "RelationshipPropertyUsages": []
}