{
  "RuleGroupId": "d8966fc8-7bb1-f796-f29b-264cf1a0d1a1",
  "RuleGroupLabelName": null,
  "ScopeLabelName": null,
  "RuleGroupName": "CreateRollupSizeProfiles",
  "RuleGroupLabelPosition": 1.0,
  "ScopeLabelPosition": 0.0,
  "RuleGroupDescription": "Create Rollup Profiles",
  "IsEnabled": true,
  "RuleGroupContent": {
    "ScopeExpression": null,
    "IsParameterized": true,
    "ParameterJson": {
      "description": "CreateRollupSizeProfiles",
      "type": "object",
      "properties": {
        "Version": {
          "type": "array",
          "items": {
            "type": "string"
          }
        },
        "Sequence": {
          "type": "array",
          "items": {
            "type": "string"
          }
        },
        "Department": {
          "type": "array",
          "items": {
            "type": "string"
          }
        },
        "Store": {
          "type": "array",
          "items": {
            "type": "string"
          }
        },
        "Channel": {
          "type": "array",
          "items": {
            "type": "string"
          }
        },
        "UseCorrectedSales": {
          "type": "boolean"
        },
        "AggregationThreshold": {
          "type": "number"
        },
        "FringeSizeThreshold": {
          "type": "number"
        },
        "PAGSeason": {
          "type": "string"
        }
      }
    },
    "IsParallel": false,
    "RuleGroupText": "\n\n//Update Corrected Sales, Aggregation Threshold and Fringe Size Threshold\n\ncartesian scope : (&CWVAndScenarios{{#filter Version}} * [Sequence].[Sequence]{{#filter Sequence}}); \nMeasure.[Use Corrected Sales] = {{UseCorrectedSales}};\nMeasure.[Aggregation Threshold] = {{AggregationThreshold}};\nMeasure.[Fringe Size Threshold] = {{FringeSizeThreshold}};\nend scope;\n\n//Procedure to Create Size Profiles\n\nexec procedure CreateSizeProfiles {\"Version\": [{{#csv Version}}], \"Sequence\": [{{#csv Sequence}}], \"Department\": [{{#csv Department}}], \"Location\" : [{{#csv Store}}], \"Channel\": [{{#csv Channel}}], \"PAGSeason\": \"{{PAGSeason}}\" };\n\n\n//Update execution status\n\nscope:(&CWVAndScenarios{{#filter Version}} * [Sequence].[Sequence]{{#filter Sequence}});\nMeasure.[Execution Status] = \"COMPLETED\";\nend scope;",
    "NamedNodeName": null,
    "PluginInstanceName": null,
    "PluginScopes": null,
    "PluginArguments": null,
    "PluginModified": false
  },
  "RuleGroupType": "ParameterizedProcedure",
  "HasErrors": false,
  "ErrorMessage": null,
  "IgnoreErrors": false,
  "Translations": [],
  "DimensionUsages": [],
  "MeasureUsages": [
    {
      "MeasureName": "Aggregation Threshold",
      "IsInput": false,
      "IsOutput": true
    },
    {
      "MeasureName": "Execution Status",
      "IsInput": false,
      "IsOutput": true
    },
    {
      "MeasureName": "Fringe Size Threshold",
      "IsInput": false,
      "IsOutput": true
    },
    {
      "MeasureName": "Use Corrected Sales",
      "IsInput": false,
      "IsOutput": true
    }
  ],
  "ActionButtonUsages": [],
  "RelationshipPropertyUsages": []
}