{
  "RuleGroupId": "e99fdbd2-10d5-a89f-23d0-7e02b0f2ce9f",
  "RuleGroupLabelName": null,
  "ScopeLabelName": null,
  "RuleGroupName": "CreateNewSize",
  "RuleGroupLabelPosition": 1.0,
  "ScopeLabelPosition": 0.0,
  "RuleGroupDescription": "Procedure for creating new size",
  "IsEnabled": true,
  "RuleGroupContent": {
    "ScopeExpression": null,
    "IsParameterized": true,
    "ParameterJson": {
      "description": "CreateNewSize",
      "type": "object",
      "properties": {
        "NewSize": {
          "type": "string"
        },
        "NewDisplaySize": {
          "type": "string"
        },
        "NewSizeRange": {
          "type": "string"
        }
      }
    },
    "IsParallel": false,
    "RuleGroupText": "//populating measure values based on action button field entries\ncartesian scope:(&CWV);\nMeasure.[New Size Name] = \"{{NewSize}}\";\nMeasure.[New Size Display Name] = \"{{NewDisplaySize}}\";\nMeasure.[New Size Range] = \"{{NewSizeRange}}\";\nend scope;\n\n//Plugin invocation for new size creation\nexec plugin instance [RetailCreateNewSize] for measures {[New Size Name]} using scope (&CWV) using arguments {(\"IncludeNullRows\",False),(ExecutionMode,\"LightWeight\"),(DataTransferMode,\"csv\")};\n\n//creating Item.Size and Size.Size members\ncreatemember(Size.[Size] = {,Measure.[New Size Name]},Size.[Size$DisplayName] = {Measure.[New Size Display Name],},Size.[SortKey] = {Measure.[New Size Property],}) using scope(&CWV);\ncreatemember(Item.[Size] = {,Measure.[New Size Name]},Item.[Size$DisplayName] = {Measure.[New Size Display Name],},Item.[SortKey] = {Measure.[New Size Property],}) using scope(&CWV);\n\n//creating new Size Range\ncreatemember([Size Range].[Size Range] = {,Measure.[New Size Range]}) using scope(&CWV);\n\nCartesian Scope :(&CWVAndScenarios * [Size Range].[Size Range].[{{NewSizeRange}}] );\nMeasure.[New Size Range Association] = 1;\nend scope;\n\n//associating new size range with sizes\nexec plugin instance [RetailSizeRangeSizeAssociation] for measures {Measure.[Size Range Size Association]} using scope (&CWVAndScenarios *  [Size Range].[Size Range].[{{NewSizeRange}}])using arguments {(\"IncludeNullRows\", False),(ExecutionMode, \"MediumWeight\"),(DataTransferMode,\"csv\")};",
    "NamedNodeName": null,
    "PluginInstanceName": null,
    "PluginScopes": null,
    "PluginArguments": null,
    "PluginModified": false
  },
  "RuleGroupType": "ParameterizedProcedure",
  "HasErrors": false,
  "ErrorMessage": null,
  "IgnoreErrors": false,
  "Translations": [],
  "DimensionUsages": [],
  "MeasureUsages": [
    {
      "MeasureName": "New Size Display Name",
      "IsInput": true,
      "IsOutput": true
    },
    {
      "MeasureName": "New Size Name",
      "IsInput": true,
      "IsOutput": true
    },
    {
      "MeasureName": "New Size Property",
      "IsInput": true,
      "IsOutput": false
    },
    {
      "MeasureName": "New Size Range",
      "IsInput": true,
      "IsOutput": true
    },
    {
      "MeasureName": "New Size Range Association",
      "IsInput": false,
      "IsOutput": true
    },
    {
      "MeasureName": "Size Range Size Association",
      "IsInput": false,
      "IsOutput": true
    }
  ],
  "ActionButtonUsages": [],
  "RelationshipPropertyUsages": []
}