{
  "RuleGroupId": "b734d5d5-83d2-cafb-beba-335628981051",
  "RuleGroupLabelName": null,
  "ScopeLabelName": null,
  "RuleGroupName": "DeleteSequence",
  "RuleGroupLabelPosition": 1.0,
  "ScopeLabelPosition": 0.0,
  "RuleGroupDescription": "Delete Sequence",
  "IsEnabled": true,
  "RuleGroupContent": {
    "ScopeExpression": null,
    "IsParameterized": true,
    "ParameterJson": {
      "description": "DeleteSequence",
      "type": "object",
      "properties": {
        "Version": {
          "type": "string"
        },
        "Sequence": {
          "type": "array",
          "items": {
            "type": "string"
          }
        }
      }
    },
    "IsParallel": false,
    "RuleGroupText": "//nulling out measures\r\n\r\nscope:(&CWVAndScenarios{{#filter Version}} * [Sequence].[Sequence]{{#filter Sequence}});\r\nMeasure.[Item Attribute] = null;\r\nMeasure.[Location Attribute] = null;\r\nMeasure.[Sales Domain Attribute] = null;\r\n\r\nMeasure.[Use PAG] = null;\r\nMeasure.[Use Clustering] = null;\r\nMeasure.[Use Corrected Sales] = null;\r\nMeasure.[Cluster Number] = null;\r\nMeasure.[Aggregation Threshold] = null;\r\nMeasure.[Fringe Size Threshold] = null;\r\nMeasure.[Fringe Size Elimination] = null;\r\nMeasure.[Execution Status] = null;\r\nMeasure.[Auto Rollup] = null;\r\nMeasure.[Sequence Counter] = null;\r\nMeasure.[Basic Profile] = null;\r\nend scope;\r\n\r\n\r\nscope:(&CWVAndScenarios{{#filter Version}} * &APClasses * &APStores * &APChannels * [Size Range].[Size Range] * &APProductAttributes * [Sequence].[Sequence]{{#filter Sequence}} * [Size].[Size]);\r\nMeasure.[Size Ratio] = null;\r\nMeasure.[Size Ratio Override] = null;\r\nMeasure.[Is Approved] = null;\r\nMeasure.[Aggregated Members] = null;\r\nMeasure.[Aggregated Sales] = null;\r\nMeasure.[Aggregation Level] = null;\r\nMeasure.[Size Tag] = null;\r\nend scope;\r\n\r\n\r\n\r\nscope:(&CWVAndScenarios{{#filter Version}} * &APClasses * &APStores * &APChannels * [Size Range].[Size Range] * [Sequence].[Sequence]{{#filter Sequence}} * &SZPClusters * [Size].[Size]);\r\nMeasure.[Cluster Size Ratio] = null;\r\nMeasure.[Cluster Size Ratio Override] = null;\r\nMeasure.[Is Cluster Approved] = null;\r\nMeasure.[Cluster Aggregated Members] = null;\r\nMeasure.[Cluster Aggregated Sales] = null;\r\nMeasure.[Cluster Aggregation Level] = null;\r\nMeasure.[Cluster Size Tag] = null;\r\nend scope;",
    "NamedNodeName": null,
    "PluginInstanceName": null,
    "PluginScopes": null,
    "PluginArguments": null,
    "PluginModified": false
  },
  "RuleGroupType": "ParameterizedProcedure",
  "HasErrors": false,
  "ErrorMessage": null,
  "IgnoreErrors": false,
  "Translations": [],
  "DimensionUsages": [],
  "MeasureUsages": [
    {
      "MeasureName": "Aggregated Members",
      "IsInput": false,
      "IsOutput": true
    },
    {
      "MeasureName": "Aggregated Sales",
      "IsInput": false,
      "IsOutput": true
    },
    {
      "MeasureName": "Aggregation Level",
      "IsInput": false,
      "IsOutput": true
    },
    {
      "MeasureName": "Aggregation Threshold",
      "IsInput": false,
      "IsOutput": true
    },
    {
      "MeasureName": "Auto Rollup",
      "IsInput": false,
      "IsOutput": true
    },
    {
      "MeasureName": "Basic Profile",
      "IsInput": false,
      "IsOutput": true
    },
    {
      "MeasureName": "Cluster Aggregated Members",
      "IsInput": false,
      "IsOutput": true
    },
    {
      "MeasureName": "Cluster Aggregated Sales",
      "IsInput": false,
      "IsOutput": true
    },
    {
      "MeasureName": "Cluster Aggregation Level",
      "IsInput": false,
      "IsOutput": true
    },
    {
      "MeasureName": "Cluster Number",
      "IsInput": false,
      "IsOutput": true
    },
    {
      "MeasureName": "Cluster Size Ratio",
      "IsInput": false,
      "IsOutput": true
    },
    {
      "MeasureName": "Cluster Size Ratio Override",
      "IsInput": false,
      "IsOutput": true
    },
    {
      "MeasureName": "Cluster Size Tag",
      "IsInput": false,
      "IsOutput": true
    },
    {
      "MeasureName": "Execution Status",
      "IsInput": false,
      "IsOutput": true
    },
    {
      "MeasureName": "Fringe Size Elimination",
      "IsInput": false,
      "IsOutput": true
    },
    {
      "MeasureName": "Fringe Size Threshold",
      "IsInput": false,
      "IsOutput": true
    },
    {
      "MeasureName": "Is Approved",
      "IsInput": false,
      "IsOutput": true
    },
    {
      "MeasureName": "Is Cluster Approved",
      "IsInput": false,
      "IsOutput": true
    },
    {
      "MeasureName": "Item Attribute",
      "IsInput": false,
      "IsOutput": true
    },
    {
      "MeasureName": "Location Attribute",
      "IsInput": false,
      "IsOutput": true
    },
    {
      "MeasureName": "Sales Domain Attribute",
      "IsInput": false,
      "IsOutput": true
    },
    {
      "MeasureName": "Sequence Counter",
      "IsInput": false,
      "IsOutput": true
    },
    {
      "MeasureName": "Size Ratio",
      "IsInput": false,
      "IsOutput": true
    },
    {
      "MeasureName": "Size Ratio Override",
      "IsInput": false,
      "IsOutput": true
    },
    {
      "MeasureName": "Size Tag",
      "IsInput": false,
      "IsOutput": true
    },
    {
      "MeasureName": "Use Clustering",
      "IsInput": false,
      "IsOutput": true
    },
    {
      "MeasureName": "Use Corrected Sales",
      "IsInput": false,
      "IsOutput": true
    },
    {
      "MeasureName": "Use PAG",
      "IsInput": false,
      "IsOutput": true
    }
  ],
  "ActionButtonUsages": [],
  "RelationshipPropertyUsages": []
}