{
  "RuleGroupId": "fc9f1594-96e3-b02d-2cec-5d4709641919",
  "RuleGroupLabelName": null,
  "ScopeLabelName": null,
  "RuleGroupName": "NormalizeClusterRatio",
  "RuleGroupLabelPosition": 1.0,
  "ScopeLabelPosition": 0.0,
  "RuleGroupDescription": "Normalize Cluster Profile Ratio",
  "IsEnabled": true,
  "RuleGroupContent": {
    "ScopeExpression": null,
    "IsParameterized": true,
    "ParameterJson": {
      "description": "NormalizeClusterRatio",
      "type": "object",
      "properties": {
        "Version": {
          "type": "string"
        },
        "Sequence": {
          "type": "string"
        },
        "Class": {
          "type": "string"
        },
        "PAG": {
          "type": "array",
          "items": {
            "type": "string"
          }
        },
        "FSE": {
          "type": "string"
        },
        "SizeRange": {
          "type": "array",
          "items": {
            "type": "string"
          }
        }
      }
    },
    "IsParallel": false,
    "RuleGroupText": "//Nulling Out Measures Before Every Execution\nscope:(&CWVAndScenarios{{#filter Version}} * &APClasses{{#filter Class}} * &APStores * &APChannels * [Size Range].[Size Range]{{#filter SizeRange}} * &APProductAttributes{{#filter PAG}} * [Sequence].[Sequence]{{#filter Sequence}} * &SZPClusters * [Size].[Size]);\nMeasure.[Cluster Size Ratio Final] = null;\nend scope;\n//Procedure to Invoke the Normalization Plugin\nExec plugin instance [RetailClusterRatioNormalization] for measures {Measure.[Cluster Size Ratio Final]}\nusing scope (&CWVAndScenarios{{#filter Version}} * &APProductAttributes{{#filter PAG}} * &APClasses.[{{Class}}] * [Size Range].[Size Range]{{#filter SizeRange}} * [Sequence].[Sequence].[{{Sequence}}])\nusing arguments {(\"IncludeNullRows\", False),(ExecutionMode, \"MediumWeight\"),(DataTransferMode,\"csv\"), (FSE, \"{{FSE}}\"), ([Param.o9_sys_log_level], \"DEBUG\")};",
    "NamedNodeName": null,
    "PluginInstanceName": null,
    "PluginScopes": null,
    "PluginArguments": null,
    "PluginModified": false
  },
  "RuleGroupType": "ParameterizedProcedure",
  "HasErrors": false,
  "ErrorMessage": null,
  "IgnoreErrors": false,
  "Translations": [],
  "DimensionUsages": [],
  "MeasureUsages": [],
  "ActionButtonUsages": [],
  "RelationshipPropertyUsages": []
}