{
  "RuleGroupId": "d3ad5551-19a0-2c3b-4fc3-d61a9a1435a0",
  "RuleGroupLabelName": null,
  "ScopeLabelName": null,
  "RuleGroupName": "NormalizeSizeRatio",
  "RuleGroupLabelPosition": 1.0,
  "ScopeLabelPosition": 0.0,
  "RuleGroupDescription": "Normalize Size Profile Ratio",
  "IsEnabled": true,
  "RuleGroupContent": {
    "ScopeExpression": null,
    "IsParameterized": true,
    "ParameterJson": {
      "description": "NormalizeSizeRatio",
      "type": "object",
      "properties": {
        "Version": {
          "type": "string"
        },
        "PAG": {
          "type": "array",
          "items": {
            "type": "string"
          }
        },
        "Sequence ": {
          "type": "string"
        },
        "Class": {
          "type": "string"
        },
        "FSE": {
          "type": "string"
        },
        "SizeRange": {
          "type": "array",
          "items": {
            "type": "string"
          }
        }
      }
    },
    "IsParallel": false,
    "RuleGroupText": "//Nulling Out Measures Before Every Execution\nscope:(&CWVAndScenarios{{#filter Version}} * &APClasses{{#filter Class}} * &APStores * &APChannels * [Size Range].[Size Range]{{#filter SizeRange}} * &APProductAttributes{{#filter PAG}} * [Sequence].[Sequence]{{#filter Sequence}} * &SZPClusters * [Size].[Size]);\nMeasure.[Size Ratio Final] = null;\nend scope;\n\n//Procedure to Invoke the Normalization Plugin\nExec plugin instance [RetailRatioNormalization] for measures {Measure.[Size Ratio Final]} \nusing scope (&CWVAndScenarios{{#filter Version}} * &APProductAttributes{{#filter PAG}} * &APClasses.[{{Class}}] * [Size Range].[Size Range]{{#filter SizeRange}} * [Sequence].[Sequence].[{{Sequence}}])\nusing arguments {(\"IncludeNullRows\", False),(ExecutionMode, \"MediumWeight\"),(DataTransferMode,\"csv\"), (FSE, \"{{FSE}}\"), ([Param.o9_sys_log_level], \"DEBUG\")};\n\n\n",
    "NamedNodeName": null,
    "PluginInstanceName": null,
    "PluginScopes": null,
    "PluginArguments": null,
    "PluginModified": false
  },
  "RuleGroupType": "ParameterizedProcedure",
  "HasErrors": false,
  "ErrorMessage": null,
  "IgnoreErrors": false,
  "Translations": [],
  "DimensionUsages": [],
  "MeasureUsages": [
    {
      "MeasureName": "Size Ratio Final",
      "IsInput": false,
      "IsOutput": true
    }
  ],
  "ActionButtonUsages": [],
  "RelationshipPropertyUsages": []
}