{
  "RuleGroupId": "15f314b7-879f-00c2-b114-1a173908bdf3",
  "RuleGroupLabelName": null,
  "ScopeLabelName": null,
  "RuleGroupName": "SalesCorrection",
  "RuleGroupLabelPosition": 1.0,
  "ScopeLabelPosition": 0.0,
  "RuleGroupDescription": "Procedure for sales data correction",
  "IsEnabled": true,
  "RuleGroupContent": {
    "ScopeExpression": null,
    "IsParameterized": true,
    "ParameterJson": {
      "description": "SalesCorrection",
      "type": "object",
      "properties": {
        "Version": {
          "type": "string"
        },
        "Department": {
          "type": "array",
          "items": {
            "type": "string"
          }
        },
        "Stores": {
          "type": "array",
          "items": {
            "type": "string"
          }
        },
        "Channel": {
          "type": "array",
          "items": {
            "type": "string"
          }
        },
        "TimeHorizon": {
          "type": "string"
        }
      }
    },
    "IsParallel": false,
    "RuleGroupText": "//nulling out measures before every execution\n\nscope:(&CWVAndScenarios{{#filter Version}} * &APDepartments{{#filter Department}}.relatedmembers(L3));\nMeasure.[Corrected Date] = null;\nMeasure.[Corrected Records Percentage] = null;\nMeasure.[Corrected Sales Percentage] = null;\nMeasure.[Records Corrected] = null;\nMeasure.[Sales After Correction] = null;\nMeasure.[Sales Before Correction] = null;\nMeasure.[Total Records] = null;\nMeasure.[Used Correction Strategy] = null;\nend scope;\n\n//calling plugin for Sales Data Correction\nexec plugin instance [RetailSalesDataCorrection] for measures {Measure.[Sales Units Actuals],Measure.[Corrected Sales]} using scope (&{{TimeHorizon}} * &APWeeks * &CWVAndScenarios{{#filter Version}} * &APDepartments{{#filter Department}}.relatedmembers([L3]) * &APStores{{#filter Stores}} * &APChannels{{#filter Channel}}) using arguments {([Param.o9_sys_log_level], \"DEBUG\"),(IncludeNullRows, False),(NumExecutors, 20), ([ExecutorMemory], \"20G\"),(DriverCores, 16), ([DriverMemory], \"20G\"),(\"ParallelUpsert\", True),(DataTransferMode, \"csv\")};\n\n//calculation of corrected percentage\nScope : (&CWVAndScenarios{{#filter Version}} * &APDepartments{{#filter Department}}.relatedmembers(L3));\nMeasure.[Corrected Records Percentage] = safedivide(Measure.[Records Corrected], Measure.[Total Records]);\nMeasure.[Corrected Sales Percentage] = safedivide(sum(Measure.[Sales After Correction], -1 * Measure.[Sales Before Correction]), Measure.[Sales Before Correction]);\nend scope;",
    "NamedNodeName": null,
    "PluginInstanceName": null,
    "PluginScopes": null,
    "PluginArguments": null,
    "PluginModified": false
  },
  "RuleGroupType": "ParameterizedProcedure",
  "HasErrors": false,
  "ErrorMessage": null,
  "IgnoreErrors": false,
  "Translations": [],
  "DimensionUsages": [],
  "MeasureUsages": [
    {
      "MeasureName": "Corrected Date",
      "IsInput": false,
      "IsOutput": true
    },
    {
      "MeasureName": "Corrected Records Percentage",
      "IsInput": false,
      "IsOutput": true
    },
    {
      "MeasureName": "Corrected Sales",
      "IsInput": false,
      "IsOutput": true
    },
    {
      "MeasureName": "Corrected Sales Percentage",
      "IsInput": false,
      "IsOutput": true
    },
    {
      "MeasureName": "Records Corrected",
      "IsInput": true,
      "IsOutput": true
    },
    {
      "MeasureName": "Sales After Correction",
      "IsInput": true,
      "IsOutput": true
    },
    {
      "MeasureName": "Sales Before Correction",
      "IsInput": true,
      "IsOutput": true
    },
    {
      "MeasureName": "Sales Units Actuals",
      "IsInput": false,
      "IsOutput": true
    },
    {
      "MeasureName": "Total Records",
      "IsInput": true,
      "IsOutput": true
    },
    {
      "MeasureName": "Used Correction Strategy",
      "IsInput": false,
      "IsOutput": true
    }
  ],
  "ActionButtonUsages": [],
  "RelationshipPropertyUsages": []
}