{
  "MeasureGroupName": "001.010 Allocation DILOP Store Grade Assoc",
  "MeasureGroupId": "dedde6f9-36e3-0596-5c58-ae817f760d0f",
  "ParentMeasureGroupName": null,
  "HasShadow": false,
  "MeasureGroupDescription": "001.010 Allocation DILOP Store Grade Assoc",
  "MeasureGroupType": "Regular",
  "FactTableName": "Fact001.010AllocationDILOPStoreGradeAssoc",
  "SchemaMajorVersion": 0,
  "ConfigJson": {},
  "ApiName": null,
  "Repartition": false,
  "Unpartition": false,
  "ApiEnabled": false,
  "DimensionUsages": [
    {
      "DimensionName": "Version",
      "AttributeName": "Version Name",
      "SortOrder": 0,
      "DimensionType": "Regular"
    },
    {
      "DimensionName": "Item",
      "AttributeName": "Item",
      "SortOrder": 1,
      "DimensionType": "Regular"
    },
    {
      "DimensionName": "Location",
      "AttributeName": "Location",
      "SortOrder": 2,
      "DimensionType": "Regular"
    }
  ],
  "MeasureGroupSortOrders": [],
  "AutoIdEnabled": false
}