{
  "Name": "SupplyPlan099WProcCapacityParameterMerge",
  "Description": null,
  "ActionButtonId": "d9c99aeb-a6c6-4237-b2c7-3ae812a7495a",
  "Tooltip": "Merge Procurement Capacity Parameters",
  "ActionButtonType": "Rule",
  "Alignment": "right",
  "IsPopOver": true,
  "IsGlobal": false,
  "ActionClickHandler": null,
  "Icon": null,
  "Image": null,
  "ConfigJson": {
    "icon": "upload",
    "Position": "0",
    "SubmitButton": {
      "Label": "Submit"
    },
    "ResetButton": {
      "Label": "Reset"
    },
    "CloseButton": {
      "Label": "Close",
      "ConfirmMessage": "Unsaved changes will be lost. Continue?"
    },
    "NotifyAll": false,
    "IBPLRules": [
      {
        "template": "\n/* Copies over Item capacity at a supplier measures, if selected */\n\n\n{{#if PROCCapacityMeasure5}}\n\n{{#each PROCCapacityMeasure5}}\n\nscope: (Version.[Version Name].[{{Target}}] * Item.Item{{#filter Item5}} * Supplier.[Supplier Location]{{#filter Supplier5}} * &PlanningHorizon);\n\nMeasure.[{{this}}] = Measure.[{{this}}]@(Version.[Version Name].[{{Source}}]);\n\nend scope;\n\n{{/each}}\n{{/if}}\n\n\n/* Copies over shared capacity at a supplier measures, if selected */\n\n\n\n{{#if PROCCapacityMeasure6}}\n\n{{#each PROCCapacityMeasure6}}\n\n\nscope: (Version.[Version Name].[{{Target}}] * Resource.Resource{{#filter Resource6}} * Supplier.[Supplier Location]{{#filter Supplier6}} * &PlanningHorizon);\n\nMeasure.[{{this}}] = Measure.[{{this}}]@(Version.[Version Name].[{{Source}}]);\n\nend scope;\n\n\n{{/each}}\n{{/if}}\n\n\n/* Copies over shared transportation at a supplier measures, if selected */\n\n\n{{#if PROCCapacityMeasure7}}\n\n{{#each PROCCapacityMeasure7}}\n\n\nscope: (Version.[Version Name].[{{Target}}] * Item.Item{{#filter Item7}} *  Supplier.[Supplier Location]{{#filter Supplier7}} * Location.Location{{#filter Location7}} * Activity2.Activity2{{#filter Activity27}}* &PlanningHorizon);\n\nMeasure.[{{this}}] = Measure.[{{this}}]@(Version.[Version Name].[{{Source}}]);\n\nend scope;\n\n\n{{/each}}\n{{/if}}\n"
      }
    ],
    "JavascriptRules": [],
    "FieldBindings": [
      {
        "fieldName": "Target",
        "title": "Target Scenario",
        "Description": "Target Scenario",
        "type": "picklistDropdown",
        "selectionType": "single",
        "clearSearch": true,
        "select": "ALL",
        "source": "members",
        "DimensionName": "Version",
        "LevelAttributeName": "Version Name",
        "visible": true,
        "isEditable": false,
        "validation": {
          "maxLength": "0",
          "required": true
        }
      },
      {
        "fieldName": "Source",
        "title": "Source Scenario",
        "Description": "Source Scenario",
        "type": "picklistDropdown",
        "selectionType": "single",
        "clearSearch": true,
        "select": "NONE",
        "source": "members",
        "DimensionName": "Version",
        "LevelAttributeName": "Version Name",
        "visible": true,
        "isEditable": true,
        "validation": {
          "maxLength": "0",
          "required": true
        },
        "FilterExpression": "&Scenarios"
      },
      {
        "fieldName": "Item5",
        "title": "Item",
        "type": "picklistDropdown",
        "fieldGroup": "Supplier Capacity for Item",
        "selectionType": "multiple",
        "clearSearch": true,
        "source": "members",
        "DimensionName": "Item",
        "LevelAttributeName": "Item",
        "visible": true,
        "isEditable": true,
        "validation": {
          "maxLength": "0",
          "required": false
        },
        "select": "NONE"
      },
      {
        "fieldName": "Supplier5",
        "title": "Supplier",
        "type": "picklistDropdown",
        "fieldGroup": "Supplier Capacity for Item",
        "selectionType": "multiple",
        "clearSearch": true,
        "select": "NONE",
        "source": "datasource",
        "key": "dsSupplier5",
        "valueField": "Supplier Location",
        "textField": "Supplier Location",
        "visible": true,
        "isEditable": true,
        "cascadeFrom": "Item5",
        "validation": {
          "maxLength": "0",
          "required": false
        }
      },
      {
        "fieldName": "PROCCapacityMeasure5",
        "title": "Parameters",
        "type": "picklistDropdown",
        "fieldGroup": "Supplier Capacity for Item",
        "selectionType": "multiple",
        "clearSearch": true,
        "select": "NONE",
        "source": "picklist",
        "key": "CapacityPROCMeasures2",
        "visible": true,
        "isEditable": true,
        "validation": {
          "maxLength": "0",
          "required": false
        }
      },
      {
        "fieldName": "Supplier6",
        "title": "Supplier",
        "type": "picklistDropdown",
        "fieldGroup": "Shared Capacity at Supplier",
        "selectionType": "single",
        "clearSearch": true,
        "select": "NONE",
        "source": "members",
        "DimensionName": "Supplier",
        "LevelAttributeName": "Supplier Location",
        "visible": true,
        "isEditable": true,
        "validation": {
          "maxLength": "0",
          "required": false
        }
      },
      {
        "fieldName": "Resource6",
        "title": "Resource",
        "type": "picklistDropdown",
        "fieldGroup": "Shared Capacity at Supplier",
        "selectionType": "multiple",
        "clearSearch": true,
        "select": "NONE",
        "source": "datasource",
        "key": "dsResource6",
        "valueField": "Resource",
        "textField": "Resource",
        "visible": true,
        "isEditable": true,
        "validation": {
          "maxLength": "0",
          "required": false
        },
        "cascadeFrom": "Supplier6"
      },
      {
        "fieldName": "PROCCapacityMeasure6",
        "title": "Parameters",
        "type": "picklistDropdown",
        "fieldGroup": "Shared Capacity at Supplier",
        "selectionType": "multiple",
        "clearSearch": true,
        "select": "NONE",
        "source": "picklist",
        "key": "CapacityPROCMeasures1",
        "visible": true,
        "isEditable": true,
        "validation": {
          "maxLength": "0",
          "required": false
        }
      },
      {
        "fieldName": "Item7",
        "title": "Item",
        "type": "picklistDropdown",
        "fieldGroup": "Supplier Transmode",
        "selectionType": "multiple",
        "clearSearch": true,
        "select": "NONE",
        "source": "members",
        "DimensionName": "Item",
        "LevelAttributeName": "Item",
        "visible": true,
        "isEditable": true,
        "validation": {
          "maxLength": "0",
          "required": false
        }
      },
      {
        "fieldName": "Supplier7",
        "title": "Supplier",
        "type": "picklistDropdown",
        "fieldGroup": "Supplier Transmode",
        "selectionType": "single",
        "clearSearch": true,
        "select": "NONE",
        "source": "members",
        "DimensionName": "Supplier",
        "LevelAttributeName": "Supplier Location",
        "visible": true,
        "isEditable": true,
        "validation": {
          "maxLength": "0",
          "required": false
        }
      },
      {
        "fieldName": "Location7",
        "title": "Location",
        "type": "picklistDropdown",
        "fieldGroup": "Supplier Transmode",
        "selectionType": "single",
        "clearSearch": true,
        "select": "NONE",
        "source": "members",
        "DimensionName": "Location",
        "LevelAttributeName": "Location",
        "visible": true,
        "isEditable": true,
        "validation": {
          "maxLength": "0",
          "required": false
        }
      },
      {
        "fieldName": "Activity27",
        "title": "Transmode",
        "type": "picklistDropdown",
        "fieldGroup": "Supplier Transmode",
        "selectionType": "single",
        "clearSearch": true,
        "select": "NONE",
        "source": "members",
        "DimensionName": "Activity2",
        "LevelAttributeName": "Activity2",
        "visible": true,
        "isEditable": true,
        "validation": {
          "maxLength": "0",
          "required": false
        }
      },
      {
        "fieldName": "PROCCapacityMeasure7",
        "title": "Parameters",
        "type": "picklistDropdown",
        "fieldGroup": "Supplier Transmode",
        "selectionType": "single",
        "clearSearch": true,
        "select": "NONE",
        "source": "picklist",
        "key": "CapacityPROCMeasures3",
        "visible": true,
        "isEditable": true,
        "validation": {
          "maxLength": "0",
          "required": false
        }
      }
    ],
    "DataSources": [
      {
        "Name": "dsResource1",
        "IBPLRules": [
          {
            "template": "select (Version.[Version Name].{{#filter Source}} * Location.[Location].{{#filter Location1}} * [Resource].[Resource]) on row, ({Measure.[o9 Resource Location Association]}) on column where {Measure.[o9 Resource Location Association] > 0} ;"
          }
        ],
        "JavascriptRules": [],
        "FieldBindings": [],
        "IncludeDSFieldsOnly": false
      },
      {
        "Name": "dsResource4",
        "IBPLRules": [
          {
            "template": "select (Version.[Version Name]{{#filter Source}} * Location.[Location]{{#filter Location4}} * Resource.Resource) on row, ({Measure.[o9 Resource Location Association]}) on column where {Measure.[o9 Resource Location Association] > 0} ;"
          }
        ],
        "JavascriptRules": [],
        "FieldBindings": [],
        "IncludeDSFieldsOnly": false
      },
      {
        "Name": "dsSupplier5",
        "IBPLRules": [
          {
            "template": "\nSelect ([Supplier].[Supplier Location] * [Item].[Item]{{#filter Item5}} * [Version].[Version Name]{{#filter Source}}) on row, \n({Measure.[Final Item Approved Supplier Association]}) on column;"
          }
        ],
        "JavascriptRules": [],
        "FieldBindings": [],
        "IncludeDSFieldsOnly": false
      },
      {
        "Name": "dsResource6",
        "IBPLRules": [
          {
            "template": "Select ([Resource].[Resource] * [Supplier].[Supplier Location]{{#filter Supplier6}} * [Version].[Version Name]{{#filter Source}}) on row, \n({Measure.[Base Item Shared Supplier Capacity By Week]}) on column;"
          }
        ],
        "JavascriptRules": [],
        "FieldBindings": [],
        "IncludeDSFieldsOnly": false
      }
    ],
    "AutoExecute": false,
    "isAsync": false,
    "hasMembersUpdates": false,
    "Compact": true,
    "TwoColumn": true,
    "IsGlobalForExcelAddIn": false,
    "FilterFieldBindings": []
  },
  "Widget": null
}