{
  "Name": "TDApprovalFlow",
  "Description": "TDApprovalFlow",
  "ActionButtonId": "a3714aed-e3ca-4779-c003-65be391c2987",
  "Tooltip": "TDApprovalFlow",
  "ActionButtonType": "Widget",
  "Alignment": "right",
  "IsPopOver": true,
  "IsGlobal": true,
  "ActionClickHandler": null,
  "Icon": null,
  "Image": null,
  "ConfigJson": {
    "DisplayName": "TDApprovalFlow",
    "icon": "check-circle-o",
    "SubmitButton": {
      "Label": "Submit"
    },
    "ResetButton": {
      "Label": "Reset"
    },
    "CloseButton": {
      "Label": "Close",
      "ConfirmMessage": "Unsaved changes will be lost. Continue?"
    },
    "NotifyAll": false,
    "IBPLRules": [
      {
        "template": "Select 1; {{#if WPtoAP}}\nexec procedure TD_WP_to_AP { \"Version\" : \"{{Version}}\" , \"Department\" : [{{#csv Department}}] , \"Channel\" : [{{#csv Channel}}] , \"Quarter\" : [{{#csv Quarter}}] , \"Market\" : [{{#csv Market}}] , \"SellingSeason\" : [{{#csv SellingSeason}}] };\n\n{{/if}}\n\nSelect 2; {{#if APtoWP}}\nexec procedure TD_AP_to_WP { \"Version\" : \"{{Version}}\" , \"Department\" : [{{#csv Department}}] , \"Channel\" : [{{#csv Channel}}] , \"Quarter\" : [{{#csv Quarter}}] , \"Market\" : [{{#csv Market}}] , \"SellingSeason\" : [{{#csv SellingSeason}}] };\n\n{{/if}}\n"
      },
      {
        "template": "cartesian scope: (&DynamicScenarios{{#filter Version}} * &RE2EDepartments{{#filter Department}});\nMeasure.[TD IsApproved]=True;\nMeasure.[TD Approval Date]= todatetime(now());\nMeasure.[TD IsApprover]=CurrentUser().[User Name];\nend scope;"
      }
    ],
    "JavascriptRules": [],
    "FieldBindings": [
      {
        "fieldName": "Version",
        "title": "Version",
        "source": "filter",
        "type": "picklistDropdown",
        "key": "LA-Version",
        "visible": true,
        "isEditable": false,
        "validation": {
          "required": true,
          "maxLength": "0"
        },
        "DimensionName": "Version",
        "LevelAttributeName": "Version Name",
        "clearSearch": true,
        "selectionType": "single"
      },
      {
        "fieldName": "Department",
        "title": "Department",
        "Description": "Department",
        "type": "picklistDropdown",
        "clearSearch": true,
        "source": "filter",
        "DimensionName": "Item",
        "LevelAttributeName": "L4",
        "visible": true,
        "isEditable": true,
        "validation": {
          "maxLength": "0",
          "required": true
        }
      },
      {
        "fieldName": "Channel",
        "title": "Channel",
        "Description": "Channel",
        "type": "picklistDropdown",
        "selectionType": "multiple",
        "clearSearch": true,
        "source": "filter",
        "DimensionName": "Sales Domain",
        "LevelAttributeName": "Sales Planning Channel",
        "visible": true,
        "isEditable": true,
        "validation": {
          "maxLength": "0",
          "required": true
        }
      },
      {
        "fieldName": "Market",
        "title": "Market",
        "Description": "Market",
        "type": "picklistDropdown",
        "clearSearch": true,
        "source": "filter",
        "DimensionName": "Location",
        "LevelAttributeName": "Location Country",
        "visible": true,
        "isEditable": true,
        "validation": {
          "maxLength": "0",
          "required": true
        }
      },
      {
        "fieldName": "Quarter",
        "title": "Quarter",
        "Description": "Quarter",
        "type": "picklistDropdown",
        "selectionType": "multiple",
        "clearSearch": true,
        "source": "filter",
        "DimensionName": "Time",
        "LevelAttributeName": "Planning Quarter",
        "visible": true,
        "isEditable": true,
        "validation": {
          "maxLength": "0",
          "required": true
        }
      },
      {
        "fieldName": "SellingSeason",
        "title": "SellingSeason",
        "Description": "SellingSeason",
        "type": "picklistDropdown",
        "selectionType": "multiple",
        "clearSearch": true,
        "source": "filter",
        "DimensionName": "Selling Season",
        "LevelAttributeName": "Selling Season",
        "visible": true,
        "isEditable": true,
        "validation": {
          "maxLength": "0",
          "required": true
        }
      },
      {
        "fieldName": "WPtoAP",
        "title": "WPtoAP",
        "Description": "WPtoAP",
        "type": "boolean",
        "selectionType": "single",
        "clearSearch": true,
        "select": "ALL",
        "source": "datasource",
        "valueField": "WPtoAPFlag",
        "textField": "WPtoAPFlag",
        "overrideFieldBindingType": false,
        "visible": false,
        "isEditable": false,
        "validation": {
          "maxLength": "0",
          "required": false
        },
        "key": "WPtoAPDS",
        "defaultValue": false,
        "cascadeFrom": "Version"
      },
      {
        "fieldName": "APtoWP",
        "title": "APtoWP",
        "Description": "APtoWP",
        "type": "boolean",
        "selectionType": "single",
        "clearSearch": true,
        "select": "ALL",
        "source": "datasource",
        "key": "APtoWPDS",
        "valueField": "APtoWPFlag",
        "textField": "APtoWPFlag",
        "overrideFieldBindingType": false,
        "visible": false,
        "isEditable": false,
        "cascadeFrom": "Version",
        "validation": {
          "maxLength": "0",
          "required": true
        },
        "defaultValue": false
      }
    ],
    "Range": [],
    "DataSources": [
      {
        "Name": "WPtoAPDS",
        "IBPLRules": [
          {
            "template": "select(&DynamicScenarios{{#filter Version}} * {if (Measure.[TD Approval Flag] == \"WP to AP\") then (True) else (False) as transient.[WPtoAPFlag]});"
          }
        ],
        "JavascriptRules": [],
        "IncludeDSFieldsOnly": false,
        "FieldBindings": []
      },
      {
        "Name": "APtoWPDS",
        "IBPLRules": [
          {
            "template": "select(&DynamicScenarios{{#filter Version}} * {if (Measure.[TD Approval Flag] == \"AP to WP\") then (True) else (False) as transient.[APtoWPFlag]});"
          }
        ],
        "JavascriptRules": [],
        "IncludeDSFieldsOnly": false,
        "FieldBindings": []
      }
    ],
    "AutoExecute": false,
    "isAsync": true,
    "hasMembersUpdates": false,
    "Compact": false,
    "TwoColumn": false,
    "IsGlobalForExcelAddIn": true,
    "ReturnFilterByUpdate": true,
    "ExcludeFromNavLink": false,
    "FilterFieldBindings": []
  },
  "Widget": null,
  "Roles": []
}