{
  "Name": "APInfoProcessMonitor",
  "Description": "Information",
  "ActionButtonId": "32fe133e-de19-d78b-883e-a3e8eeec2fae",
  "Tooltip": "Report Information",
  "ActionButtonType": "Widget",
  "Alignment": "right",
  "IsPopOver": true,
  "IsGlobal": true,
  "ActionClickHandler": null,
  "Icon": null,
  "Image": null,
  "ConfigJson": {
    "icon": "info-circle",
    "SubmitButton": {
      "Label": " "
    },
    "ResetButton": {},
    "CloseButton": {
      "Label": " "
    },
    "NotifyRoles": false,
    "NotifyAll": false,
    "IBPLRules": [],
    "JavascriptRules": [],
    "FieldBindings": [
      {
        "fieldName": "Information",
        "title": "Information",
        "type": "info",
        "clearSearch": true,
        "source": "literal",
        "defaultValue": "<!DOCTYPE html> <html lang=\"en\">  <head>     <meta charset=\"UTF-8\">     <meta name=\"viewport\" content=\"width=device-width, initial-scale=1.0\">     <title>Options Strategy Overview</title> </head>  <body style=\"text-align: left;\">     <p align=\"left\"><strong>Overview</strong></p>     <p align=\"left\">The Process Monitor Report serves as a progress tracker for the assortment planning workflow, providing real-time visibility into the execution status of key processes.            <br>        <br>         Status Indicators: <br>  Successful – The process has been executed successfully. <br>  Not Executed – The process has either not been run yet or has failed due to input issues.         <br>        <br>          Assortment Planning Workflow: The workflow is divided into two key processes, each triggered by an action button:   <br> 1. Create Line Plan : Executes the following processes:  PAG Creation --> ROS Calculation -> Assortment Strategy --> Repeat Product Recommendation --> Bulk Placeholder Creation <br> 2. Create Range Plan : Executes the following processes: Store Ranging --> Store Ranging Approval --> Weekly Sales & Stock Plan    <br> This structured approach ensures a streamlined and transparent assortment planning process, allowing teams to monitor execution status efficiently.     </p>     <p align=\"left\"><strong>How to Use</strong></p>     <p align=\"left\">         Select the combination and execute the required action button as needed.         <br>           Note : Create Range Plan action button wouldn't execute successfully if Line Plan is not successful     </p>     <p align=\"left\"><strong>Output</strong></p>     <p align=\"left\">The execution status of processes under the following Process Sub-Types will change from \"Not Executed\" to \"Successful\" upon successful execution: </body>  </html>",
        "visible": true,
        "isEditable": true,
        "validation": {
          "maxLength": "0",
          "required": true
        }
      }
    ],
    "Range": [],
    "DataSources": [],
    "AutoExecute": false,
    "isAsync": false,
    "hasMembersUpdates": false,
    "Compact": false,
    "TwoColumn": false,
    "IsGlobalForExcelAddIn": false,
    "ReturnFilterByUpdate": false,
    "ExcludeFromNavLink": false,
    "FilterFieldBindings": [],
    "enableTransaction": false
  },
  "Widget": null,
  "Roles": []
}