{
  "MeasureName": "W Orders Association",
  "MeasureId": "25ff8adb-7cf2-4b98-b1ff-bc1ec4dd7815",
  "MeasureDescription": "Used in Skip netting procedure to get the demand type grain for orders",
  "DataType": "number",
  "MeasureType": "Regular",
  "AggregateFunction": "Max",
  "FormatString": "#,##0;(#,##0)",
  "MeasureColumnName": "WOrdersAssociation",
  "MeasureFormula": "",
  "IsEditable": false,
  "ApplyConversion": false,
  "ConversionFormula": "",
  "PickListName": null,
  "BgColorFormula": "",
  "FgColorFormula": "",
  "TrendFormula": "",
  "FormattingViewModel": null,
  "ParentMeasureName": null,
  "AssociationMeasure": false,
  "IsComputedByPlanningService": false,
  "ToolTip": "Used in Skip netting procedure to get the demand type grain for orders",
  "ConfigJson": {},
  "ApiName": null,
  "ApiDisabled": false,
  "IsReportingMeasure": false,
  "MeasureConditionalFormulaProperties": [],
  "PicklistSource": null
}