{
  "MeasureGroupName": "003.010D WIP Priority Plugin Output",
  "MeasureGroupId": "fbe5323e-0d68-4b01-9792-3cdddbc5e8d2",
  "ParentMeasureGroupName": null,
  "HasShadow": false,
  "MeasureGroupDescription": "Outputs from Prioritization Plugin",
  "MeasureGroupType": "Regular",
  "FactTableName": "Fact003.010DWIPPriorityPluginOutput",
  "SchemaMajorVersion": 0,
  "ConfigJson": {},
  "ApiName": null,
  "Repartition": false,
  "Unpartition": false,
  "ApiEnabled": false,
  "DimensionUsages": [
    {
      "DimensionName": "Time",
      "AttributeName": "Day",
      "SortOrder": 0,
      "DimensionType": "Time"
    },
    {
      "DimensionName": "Item",
      "AttributeName": "Item",
      "SortOrder": 1,
      "DimensionType": "Regular"
    },
    {
      "DimensionName": "Location",
      "AttributeName": "Location",
      "SortOrder": 2,
      "DimensionType": "Regular"
    },
    {
      "DimensionName": "Activity1",
      "AttributeName": "Activity1",
      "SortOrder": 3,
      "DimensionType": "Regular"
    },
    {
      "DimensionName": "Activity2",
      "AttributeName": "Activity2",
      "SortOrder": 4,
      "DimensionType": "Regular"
    },
    {
      "DimensionName": "Activity3",
      "AttributeName": "Activity3",
      "SortOrder": 5,
      "DimensionType": "Regular"
    },
    {
      "DimensionName": "Documents",
      "AttributeName": "OrderlineID",
      "SortOrder": 6,
      "DimensionType": "Regular"
    },
    {
      "DimensionName": "Version",
      "AttributeName": "Version Name",
      "SortOrder": 7,
      "DimensionType": "Regular"
    }
  ]
}