{
  "RuleGroupId": "9796d2ac-5488-6f5a-4faf-077cd215ce68",
  "RuleGroupLabelName": null,
  "ScopeLabelName": null,
  "RuleGroupName": "AppLPPlan",
  "RuleGroupLabelPosition": 1.0,
  "ScopeLabelPosition": 0.0,
  "RuleGroupDescription": "Approve Location Plan",
  "IsEnabled": true,
  "RuleGroupContent": {
    "ScopeExpression": null,
    "IsParameterized": true,
    "ParameterJson": {
      "description": "AppLPPlan",
      "type": "object",
      "properties": {
        "Version": {
          "type": "string"
        },
        "Department": {
          "type": "array",
          "items": {
            "type": "string"
          }
        },
        "Channel": {
          "type": "array",
          "items": {
            "type": "string"
          }
        },
        "Quarter": {
          "type": "array",
          "items": {
            "type": "string"
          }
        },
        "Store": {
          "type": "array",
          "items": {
            "type": "string"
          }
        },
        "SellingSeason": {
          "type": "array",
          "items": {
            "type": "string"
          }
        }
      }
    },
    "IsParallel": false,
    "RuleGroupText": "scope: (&DynamicScenarios.filter(#.Name in {\"{{Version}}\"}) * &RE2EDepartments.filter(#.Name in {{#ibplList Department}}) * &RE2EChannels.filter(#.Name in {{#ibplList Channel}}) * Time.[Planning Quarter].filter(#.Name in {{#ibplList Quarter}}).RelatedMembers([Planning Month]) * &RE2ELocations.filter(#.Name in {{#ibplList Store}}) * &MFPSellingSeason.filter(#.Name in {{#ibplList SellingSeason}}));\nMeasure.[LP Ttl Sls Rtl AP]=Measure.[LP Ttl Sls Rtl];\nMeasure.[LP Sls Rtl AP] = Measure.[LP Sls Rtl];\nMeasure.[LP FP Sls Rtl AP] = Measure.[LP FP Sls Rtl];\nMeasure.[LP PP Sls Rtl AP] = Measure.[LP PP Sls Rtl];\nMeasure.[LP FP Sls % AP] = Measure.[LP FP Sls %];\nMeasure.[LP PP Sls % AP] = Measure.[LP PP Sls %];\nMeasure.[LP POS MD Rtl AP] = Measure.[LP POS MD Rtl];\nMeasure.[LP Perm MD Rtl AP] = Measure.[LP Perm MD Rtl];\nMeasure.[LP Ttl MD Rtl AP]=Measure.[LP Ttl MD Rtl];\nMeasure.[LP Ttl MD % AP]=Measure.[LP Ttl MD %];\nMeasure.[LP Rec Rtl AP]=Measure.[LP Rec Rtl];\nMeasure.[LP Gross Margin % AP]=Measure.[LP Gross Margin %]; \nMeasure.[LP Gross Margin Rtl AP]=Measure.[LP Gross Margin Rtl];\nMeasure.[LP Sls % AP]=Measure.[LP Sls %];\nend scope;\n//\nCartesian scope: (&DynamicScenarios{{#filter Version}}* &RE2ELocations{{#filter Store}});\nMeasure.[LP IsApproved]=True;\nMeasure.[LP Approval Date]= todatetime(now());\nMeasure.[LP IsApprover]=CurrentUser().[User Name];\nend scope;",
    "NamedNodeName": null,
    "PluginInstanceName": null,
    "PluginScopes": null,
    "PluginArguments": null,
    "PluginModified": false
  },
  "RuleGroupType": "ParameterizedProcedure",
  "HasErrors": false,
  "ErrorMessage": null,
  "IgnoreErrors": false,
  "Translations": [],
  "DimensionUsages": [],
  "MeasureUsages": [
    {
      "MeasureName": "LP Approval Date",
      "IsInput": false,
      "IsOutput": true
    },
    {
      "MeasureName": "LP FP Sls %",
      "IsInput": true,
      "IsOutput": false
    },
    {
      "MeasureName": "LP FP Sls % AP",
      "IsInput": false,
      "IsOutput": true
    },
    {
      "MeasureName": "LP FP Sls Rtl",
      "IsInput": true,
      "IsOutput": false
    },
    {
      "MeasureName": "LP FP Sls Rtl AP",
      "IsInput": false,
      "IsOutput": true
    },
    {
      "MeasureName": "LP Gross Margin %",
      "IsInput": true,
      "IsOutput": false
    },
    {
      "MeasureName": "LP Gross Margin % AP",
      "IsInput": false,
      "IsOutput": true
    },
    {
      "MeasureName": "LP Gross Margin Rtl",
      "IsInput": true,
      "IsOutput": false
    },
    {
      "MeasureName": "LP Gross Margin Rtl AP",
      "IsInput": false,
      "IsOutput": true
    },
    {
      "MeasureName": "LP IsApproved",
      "IsInput": false,
      "IsOutput": true
    },
    {
      "MeasureName": "LP IsApprover",
      "IsInput": false,
      "IsOutput": true
    },
    {
      "MeasureName": "LP Perm MD Rtl",
      "IsInput": true,
      "IsOutput": false
    },
    {
      "MeasureName": "LP Perm MD Rtl AP",
      "IsInput": false,
      "IsOutput": true
    },
    {
      "MeasureName": "LP POS MD Rtl",
      "IsInput": true,
      "IsOutput": false
    },
    {
      "MeasureName": "LP POS MD Rtl AP",
      "IsInput": false,
      "IsOutput": true
    },
    {
      "MeasureName": "LP PP Sls %",
      "IsInput": true,
      "IsOutput": false
    },
    {
      "MeasureName": "LP PP Sls % AP",
      "IsInput": false,
      "IsOutput": true
    },
    {
      "MeasureName": "LP PP Sls Rtl",
      "IsInput": true,
      "IsOutput": false
    },
    {
      "MeasureName": "LP PP Sls Rtl AP",
      "IsInput": false,
      "IsOutput": true
    },
    {
      "MeasureName": "LP Rec Rtl",
      "IsInput": true,
      "IsOutput": false
    },
    {
      "MeasureName": "LP Rec Rtl AP",
      "IsInput": false,
      "IsOutput": true
    },
    {
      "MeasureName": "LP Sls %",
      "IsInput": true,
      "IsOutput": false
    },
    {
      "MeasureName": "LP Sls % AP",
      "IsInput": false,
      "IsOutput": true
    },
    {
      "MeasureName": "LP Sls Rtl",
      "IsInput": true,
      "IsOutput": false
    },
    {
      "MeasureName": "LP Sls Rtl AP",
      "IsInput": false,
      "IsOutput": true
    },
    {
      "MeasureName": "LP Ttl MD %",
      "IsInput": true,
      "IsOutput": false
    },
    {
      "MeasureName": "LP Ttl MD % AP",
      "IsInput": false,
      "IsOutput": true
    },
    {
      "MeasureName": "LP Ttl MD Rtl",
      "IsInput": true,
      "IsOutput": false
    },
    {
      "MeasureName": "LP Ttl MD Rtl AP",
      "IsInput": false,
      "IsOutput": true
    },
    {
      "MeasureName": "LP Ttl Sls Rtl",
      "IsInput": true,
      "IsOutput": false
    },
    {
      "MeasureName": "LP Ttl Sls Rtl AP",
      "IsInput": false,
      "IsOutput": true
    }
  ],
  "ActionButtonUsages": [],
  "RelationshipPropertyUsages": []
}