{
  "RuleGroupId": "59efd4b1-a8be-a1d8-4e80-6a82347ffa59",
  "RuleGroupLabelName": null,
  "ScopeLabelName": null,
  "RuleGroupName": "LLLYSeedingLPPlan",
  "RuleGroupLabelPosition": 1.0,
  "ScopeLabelPosition": 0.0,
  "RuleGroupDescription": "Seed Location Plan from LLLY",
  "IsEnabled": true,
  "RuleGroupContent": {
    "ScopeExpression": null,
    "IsParameterized": true,
    "ParameterJson": {
      "description": "LLLYSeedingLPPlan",
      "type": "object",
      "properties": {
        "Version": {
          "type": "string"
        },
        "Department": {
          "type": "array",
          "items": {
            "type": "string"
          }
        },
        "Store": {
          "type": "array",
          "items": {
            "type": "string"
          }
        },
        "Quarter": {
          "type": "array",
          "items": {
            "type": "string"
          }
        },
        "Channel": {
          "type": "array",
          "items": {
            "type": "string"
          }
        },
        "SellingSeason": {
          "type": "array",
          "items": {
            "type": "string"
          }
        }
      }
    },
    "IsParallel": false,
    "RuleGroupText": "Scope: (&DynamicScenarios.filter(#.Name in {\"{{Version}}\"}) * &RE2EDepartments.filter(#.Name in {{#ibplList Department}}) * &RE2EChannels.filter(#.Name in {{#ibplList Channel}})*Time.[Planning Quarter].filter(#.Name in {{#ibplList Quarter}}).RelatedMembers([Planning Month]) * &RE2ELocations.filter(#.Name in {{#ibplList Store}}) * &MFPSellingSeason.filter(#.Name in {{#ibplList SellingSeason}}));\nMeasure.[LP Sls Rtl] = Measure.[LP LLLY Sls Rtl];\nMeasure.[LP FP Sls %] = Measure.[LP LLLY FP Sls %];\nMeasure.[LP Gross Margin %] = Measure.[LP LLLY Gross Margin %];\nMeasure.[LP Perm MD Rtl] = Measure.[LP LLLY Perm MD Rtl];\nMeasure.[LP POS MD Rtl] = Measure.[LP LLLY POS MD Rtl];\nMeasure.[LP ASP] = Measure.[LP LLLY ASP];\nMeasure.[LP Rec Rtl] = Measure.[LP LLLY Rec Rtl];\nMeasure.[LP Comp Sls %] = Measure.[LP LLLY Comp Sls %];\nend scope;",
    "NamedNodeName": null,
    "PluginInstanceName": null,
    "PluginScopes": null,
    "PluginArguments": null,
    "PluginModified": false
  },
  "RuleGroupType": "ParameterizedProcedure",
  "HasErrors": false,
  "ErrorMessage": null,
  "IgnoreErrors": false,
  "Translations": [],
  "DimensionUsages": [],
  "MeasureUsages": [
    {
      "MeasureName": "LP ASP",
      "IsInput": false,
      "IsOutput": true
    },
    {
      "MeasureName": "LP Comp Sls %",
      "IsInput": false,
      "IsOutput": true
    },
    {
      "MeasureName": "LP FP Sls %",
      "IsInput": false,
      "IsOutput": true
    },
    {
      "MeasureName": "LP Gross Margin %",
      "IsInput": false,
      "IsOutput": true
    },
    {
      "MeasureName": "LP LLLY ASP",
      "IsInput": true,
      "IsOutput": false
    },
    {
      "MeasureName": "LP LLLY Comp Sls %",
      "IsInput": true,
      "IsOutput": false
    },
    {
      "MeasureName": "LP LLLY FP Sls %",
      "IsInput": true,
      "IsOutput": false
    },
    {
      "MeasureName": "LP LLLY Gross Margin %",
      "IsInput": true,
      "IsOutput": false
    },
    {
      "MeasureName": "LP LLLY Perm MD Rtl",
      "IsInput": true,
      "IsOutput": false
    },
    {
      "MeasureName": "LP LLLY POS MD Rtl",
      "IsInput": true,
      "IsOutput": false
    },
    {
      "MeasureName": "LP LLLY Rec Rtl",
      "IsInput": true,
      "IsOutput": false
    },
    {
      "MeasureName": "LP LLLY Sls Rtl",
      "IsInput": true,
      "IsOutput": false
    },
    {
      "MeasureName": "LP Perm MD Rtl",
      "IsInput": false,
      "IsOutput": true
    },
    {
      "MeasureName": "LP POS MD Rtl",
      "IsInput": false,
      "IsOutput": true
    },
    {
      "MeasureName": "LP Rec Rtl",
      "IsInput": false,
      "IsOutput": true
    },
    {
      "MeasureName": "LP Sls Rtl",
      "IsInput": false,
      "IsOutput": true
    }
  ],
  "ActionButtonUsages": [],
  "RelationshipPropertyUsages": []
}