{
  "RuleGroupId": "8ae9cd53-0ddd-bf5e-c801-32df9d52a68e",
  "RuleGroupLabelName": null,
  "ScopeLabelName": null,
  "RuleGroupName": "LLYSeedingLPPlan",
  "RuleGroupLabelPosition": 1.0,
  "ScopeLabelPosition": 0.0,
  "RuleGroupDescription": "Seed Location Plan from LLY",
  "IsEnabled": true,
  "RuleGroupContent": {
    "ScopeExpression": null,
    "IsParameterized": true,
    "ParameterJson": {
      "description": "LLYSeedingLPPlan",
      "type": "object",
      "properties": {
        "Version": {
          "type": "string"
        },
        "Department": {
          "type": "array",
          "items": {
            "type": "string"
          }
        },
        "Store": {
          "type": "array",
          "items": {
            "type": "string"
          }
        },
        "Quarter": {
          "type": "array",
          "items": {
            "type": "string"
          }
        },
        "Channel": {
          "type": "array",
          "items": {
            "type": "string"
          }
        },
        "SellingSeason": {
          "type": "array",
          "items": {
            "type": "string"
          }
        }
      }
    },
    "IsParallel": false,
    "RuleGroupText": "Scope: (&DynamicScenarios.filter(#.Name in {\"{{Version}}\"}) * &RE2EDepartments.filter(#.Name in {{#ibplList Department}}) * &RE2EChannels.filter(#.Name in {{#ibplList Channel}})*Time.[Planning Quarter].filter(#.Name in {{#ibplList Quarter}}).RelatedMembers([Planning Month]) * &RE2ELocations.filter(#.Name in {{#ibplList Store}}) * &MFPSellingSeason.filter(#.Name in {{#ibplList SellingSeason}}));\nMeasure.[LP Sls Rtl] = Measure.[LP LLY Sls Rtl];\nMeasure.[LP FP Sls %] = Measure.[LP LLY FP Sls %];\nMeasure.[LP Gross Margin %] = Measure.[LP LLY Gross Margin %];\nMeasure.[LP Perm MD Rtl] = Measure.[LP LLY Perm MD Rtl];\nMeasure.[LP POS MD Rtl] = Measure.[LP LLY POS MD Rtl];\nMeasure.[LP ASP] = Measure.[LP LLY ASP];\nMeasure.[LP Rec Rtl] = Measure.[LP LLY Rec Rtl];\nMeasure.[LP Comp Sls %] = Measure.[LP LLY Comp Sls %];\nend scope;",
    "NamedNodeName": null,
    "PluginInstanceName": null,
    "PluginScopes": null,
    "PluginArguments": null,
    "PluginModified": false
  },
  "RuleGroupType": "ParameterizedProcedure",
  "HasErrors": false,
  "ErrorMessage": null,
  "IgnoreErrors": false,
  "Translations": [],
  "DimensionUsages": [],
  "MeasureUsages": [
    {
      "MeasureName": "LP ASP",
      "IsInput": false,
      "IsOutput": true
    },
    {
      "MeasureName": "LP Comp Sls %",
      "IsInput": false,
      "IsOutput": true
    },
    {
      "MeasureName": "LP FP Sls %",
      "IsInput": false,
      "IsOutput": true
    },
    {
      "MeasureName": "LP Gross Margin %",
      "IsInput": false,
      "IsOutput": true
    },
    {
      "MeasureName": "LP LLY ASP",
      "IsInput": true,
      "IsOutput": false
    },
    {
      "MeasureName": "LP LLY Comp Sls %",
      "IsInput": true,
      "IsOutput": false
    },
    {
      "MeasureName": "LP LLY FP Sls %",
      "IsInput": true,
      "IsOutput": false
    },
    {
      "MeasureName": "LP LLY Gross Margin %",
      "IsInput": true,
      "IsOutput": false
    },
    {
      "MeasureName": "LP LLY Perm MD Rtl",
      "IsInput": true,
      "IsOutput": false
    },
    {
      "MeasureName": "LP LLY POS MD Rtl",
      "IsInput": true,
      "IsOutput": false
    },
    {
      "MeasureName": "LP LLY Rec Rtl",
      "IsInput": true,
      "IsOutput": false
    },
    {
      "MeasureName": "LP LLY Sls Rtl",
      "IsInput": true,
      "IsOutput": false
    },
    {
      "MeasureName": "LP Perm MD Rtl",
      "IsInput": false,
      "IsOutput": true
    },
    {
      "MeasureName": "LP POS MD Rtl",
      "IsInput": false,
      "IsOutput": true
    },
    {
      "MeasureName": "LP Rec Rtl",
      "IsInput": false,
      "IsOutput": true
    },
    {
      "MeasureName": "LP Sls Rtl",
      "IsInput": false,
      "IsOutput": true
    }
  ],
  "ActionButtonUsages": [],
  "RelationshipPropertyUsages": []
}