{
  "RuleGroupId": "bddbb45b-4bd2-fbbb-8b1d-7d18ceafd650",
  "RuleGroupLabelName": null,
  "ScopeLabelName": null,
  "RuleGroupName": "SeedLikeStore",
  "RuleGroupLabelPosition": 1.0,
  "ScopeLabelPosition": 0.0,
  "RuleGroupDescription": "Seed from like stores",
  "IsEnabled": true,
  "RuleGroupContent": {
    "ScopeExpression": null,
    "IsParameterized": true,
    "ParameterJson": {
      "description": "SeedLikeStore",
      "type": "object",
      "properties": {
        "Version": {
          "type": "string"
        },
        "Department": {
          "type": "array",
          "items": {
            "type": "string"
          }
        },
        "DestStore": {
          "type": "array",
          "items": {
            "type": "string"
          }
        },
        "SourceStore": {
          "type": "string"
        },
        "Channel": {
          "type": "array",
          "items": {
            "type": "string"
          }
        },
        "SellingSeason": {
          "type": "array",
          "items": {
            "type": "string"
          }
        },
        "Quarter": {
          "type": "array",
          "items": {
            "type": "string"
          }
        }
      }
    },
    "IsParallel": false,
    "RuleGroupText": "Cartesian Scope: (&DynamicScenarios.filter(#.Name in {\"{{Version}}\"}) * &RE2EDepartments.filter(#.Name in {{#ibplList Department}}) * &RE2EChannels.filter(#.Name in {{#ibplList Channel}})*Time.[Planning Quarter].filter(#.Name in {{#ibplList Quarter}}).RelatedMembers([Planning Month]) * &RE2ELocations.filter(#.Name in {{#ibplList DestStore}}) * &MFPSellingSeason.filter(#.Name in {{#ibplList SellingSeason}}));\nMeasure.[LP Sls Rtl]=Measure.[LP Sls Rtl]@(&RE2ELocations.filter(#.Name in {\"{{SourceStore}}\"}));\nMeasure.[LP FP Sls %]=Measure.[LP FP Sls %]@(&RE2ELocations.filter(#.Name in {\"{{SourceStore}}\"}));\nMeasure.[LP Gross Margin %]=Measure.[LP Gross Margin %]@(&RE2ELocations.filter(#.Name in {\"{{SourceStore}}\"}));\nMeasure.[LP Perm MD Rtl]=Measure.[LP Perm MD Rtl]@(&RE2ELocations.filter(#.Name in {\"{{SourceStore}}\"}));\nMeasure.[LP POS MD Rtl]=Measure.[LP POS MD Rtl]@(&RE2ELocations.filter(#.Name in {\"{{SourceStore}}\"}));\nMeasure.[LP ASP]=Measure.[LP ASP]@(&RE2ELocations.filter(#.Name in {\"{{SourceStore}}\"}));\nMeasure.[LP Rec Rtl]=Measure.[LP Rec Rtl]@(&RE2ELocations.filter(#.Name in {\"{{SourceStore}}\"}));\nMeasure.[LP Comp Sls %]=Measure.[LP Comp Sls %]@(&RE2ELocations.filter(#.Name in {\"{{SourceStore}}\"}));\nend scope;",
    "NamedNodeName": null,
    "PluginInstanceName": null,
    "PluginScopes": null,
    "PluginArguments": null,
    "PluginModified": false
  },
  "RuleGroupType": "ParameterizedProcedure",
  "HasErrors": false,
  "ErrorMessage": null,
  "IgnoreErrors": false,
  "Translations": [],
  "DimensionUsages": [],
  "MeasureUsages": [
    {
      "MeasureName": "LP ASP",
      "IsInput": true,
      "IsOutput": true
    },
    {
      "MeasureName": "LP Comp Sls %",
      "IsInput": true,
      "IsOutput": true
    },
    {
      "MeasureName": "LP FP Sls %",
      "IsInput": true,
      "IsOutput": true
    },
    {
      "MeasureName": "LP Gross Margin %",
      "IsInput": true,
      "IsOutput": true
    },
    {
      "MeasureName": "LP Perm MD Rtl",
      "IsInput": true,
      "IsOutput": true
    },
    {
      "MeasureName": "LP POS MD Rtl",
      "IsInput": true,
      "IsOutput": true
    },
    {
      "MeasureName": "LP Rec Rtl",
      "IsInput": true,
      "IsOutput": true
    },
    {
      "MeasureName": "LP Sls Rtl",
      "IsInput": true,
      "IsOutput": true
    }
  ],
  "ActionButtonUsages": [],
  "RelationshipPropertyUsages": []
}