{
  "MeasureName": "LP Vs LP LY Sls Rtl Growth %",
  "MeasureId": "196b6320-3ee7-4709-9771-2d1c4605a85f",
  "MeasureDescription": "LP Vs LP LY Sls Rtl Growth %",
  "DataType": "number",
  "MeasureType": "Regular",
  "AggregateFunction": "Computed",
  "FormatString": "0.00%",
  "MeasureColumnName": "LPVsLPLYSlsRtlGrowth%",
  "MeasureFormula": "safedivide((Measure.[LP Sls Rtl] - Measure.[LP LY Sls Rtl]),Measure.[LP LY Sls Rtl])",
  "IsEditable": false,
  "ApplyConversion": false,
  "ConversionFormula": "",
  "PickListName": null,
  "BgColorFormula": "",
  "FgColorFormula": "",
  "TrendFormula": "",
  "FormattingViewModel": null,
  "ParentMeasureName": null,
  "AssociationMeasure": false,
  "IsComputedByPlanningService": false,
  "ToolTip": "(LP Sls Rtl - LP LY Sls Rtl)/LP LY Sls Rtl",
  "ConfigJson": {},
  "ApiName": null,
  "ApiDisabled": false,
  "IsReportingMeasure": true,
  "MeasureConditionalFormulaProperties": [],
  "PicklistSource": null
}