{
  "Name": "o9EKGGenDefault",
  "Description": "Generate Default Pipeline",
  "ActionButtonId": "001c9206-a2a2-b757-1cae-81ff79ffe8fa",
  "Tooltip": "Generate Default Pipeline for each table",
  "ActionButtonType": "Widget",
  "Alignment": "right",
  "IsPopOver": true,
  "IsGlobal": true,
  "ActionClickHandler": null,
  "Icon": null,
  "Image": null,
  "ConfigJson": {
    "icon": "recycle",
    "SubmitButton": {
      "Label": "Submit"
    },
    "ResetButton": {
      "Label": "Reset"
    },
    "CloseButton": {
      "Label": "Close",
      "ConfirmMessage": "Unsaved changes will be lost. Continue?"
    },
    "NotifyRoles": true,
    "NotifyAll": false,
    "IBPLRules": [],
    "JavascriptRules": [
      {
        "modulename": "o9.EKG.generateDefaultPipeline",
        "functionname": "generateDefaultPipeline"
      }
    ],
    "FieldBindings": [
      {
        "fieldName": "Project",
        "title": "Project",
        "type": "picklistDropdown",
        "selectionType": "single",
        "clearSearch": true,
        "source": "filter",
        "DimensionName": "o9EKG Customer",
        "LevelAttributeName": "Project Name",
        "visible": false,
        "isEditable": false,
        "validation": {
          "maxLength": "0",
          "required": true
        }
      },
      {
        "fieldName": "TableName",
        "title": "TableName",
        "Description": "TableName",
        "type": "picklistDropdown",
        "selectionType": "multiple",
        "clearSearch": true,
        "select": "ALL",
        "source": "datasource",
        "key": "IncludedTables",
        "valueField": "Table Name",
        "textField": "Table Name",
        "overrideFieldBindingType": false,
        "visible": true,
        "isEditable": true,
        "cascadeFrom": "Project",
        "validation": {
          "maxLength": "0",
          "required": true
        }
      }
    ],
    "Range": [],
    "DataSources": [
      {
        "Name": "IncludedTables",
        "IBPLRules": [
          {
            "template": "(Select ( [o9EKG Customer].[Project Name].[{{Project}}] * [o9EKG Table].[Table Name] ) on row, ({Measure.[o9EKG Table Included]}) on column where {&CWV}).filter(Measure.[o9EKG Table Included]==1);"
          }
        ],
        "JavascriptRules": [],
        "IncludeDSFieldsOnly": false,
        "FieldBindings": []
      }
    ],
    "AutoExecute": true,
    "isAsync": false,
    "hasMembersUpdates": false,
    "Compact": true,
    "TwoColumn": false,
    "IsGlobalForExcelAddIn": false,
    "ReturnFilterByUpdate": false,
    "ExcludeFromNavLink": false,
    "FilterFieldBindings": [],
    "enableTransaction": false
  },
  "Widget": null,
  "Roles": [
    "EKG_DataDefault",
    "EKG_Intg_Arch",
    "EKG_SA"
  ]
}