{
  "Name": "ODP012AddDistributionplantorelease",
  "Description": null,
  "ActionButtonId": "3a6101d9-69f9-7d7f-039a-cfe691fabe3b",
  "Tooltip": "Add Distribution Plans",
  "ActionButtonType": "Widget",
  "Alignment": "right",
  "IsPopOver": true,
  "IsGlobal": true,
  "ActionClickHandler": null,
  "Icon": null,
  "Image": null,
  "ConfigJson": {
    "icon": "plus",
    "SubmitButton": {
      "Label": "Submit",
      "ConfirmMessage": "Do you want to continue?"
    },
    "ResetButton": {
      "Label": "Reset"
    },
    "CloseButton": {
      "Label": "Close",
      "ConfirmMessage": "Unsaved changes will be lost. Continue?"
    },
    "NotifyRoles": true,
    "NotifyAll": false,
    "IBPLRules": [
      {
        "template": "Cartesian Scope:(Version.[Version Name]{{#filter Version}} * [Item].[Item Stage]{{#filter ItemStage}} * [To Location].[To Location]{{#filter ToLocation}} * [Location].[Location]{{#filter Location}}); \nMeasure.[DIST Release window by Item Stage] = {{Distributionplanstoreleasebyitemstage}};\nMeasure.[DIST To release] = {{Distributionplanstorelease}};\nend scope;"
      }
    ],
    "JavascriptRules": [],
    "FieldBindings": [
      {
        "fieldName": "Version",
        "title": "Version",
        "type": "picklistDropdown",
        "selectionType": "single",
        "clearSearch": true,
        "source": "filter",
        "DimensionName": "Version",
        "LevelAttributeName": "Version Name",
        "visible": true,
        "isEditable": true,
        "validation": {
          "maxLength": "0",
          "required": true
        }
      },
      {
        "fieldName": "ItemStage",
        "title": "ItemStage",
        "type": "picklistDropdown",
        "selectionType": "single",
        "clearSearch": true,
        "source": "datasource",
        "key": "ItemStageDS",
        "valueField": "Name",
        "textField": "Name",
        "visible": true,
        "isEditable": true,
        "validation": {
          "maxLength": "0",
          "required": true
        },
        "overrideFieldBindingType": false
      },
      {
        "fieldName": "Location",
        "title": "Location",
        "type": "picklistDropdown",
        "selectionType": "single",
        "clearSearch": true,
        "source": "datasource",
        "key": "LocationDS",
        "valueField": "Name",
        "textField": "Name",
        "visible": true,
        "isEditable": true,
        "cascadeFrom": "Item",
        "validation": {
          "maxLength": "0",
          "required": true
        },
        "overrideFieldBindingType": false
      },
      {
        "fieldName": "ToLocation",
        "title": "ToLocation",
        "type": "picklistDropdown",
        "selectionType": "single",
        "clearSearch": true,
        "source": "datasource",
        "key": "ToLocationDS",
        "valueField": "Name",
        "textField": "Name",
        "visible": true,
        "isEditable": true,
        "cascadeFrom": "Location",
        "validation": {
          "maxLength": "0",
          "required": true
        },
        "overrideFieldBindingType": false
      },
      {
        "fieldName": "Distributionplanstoreleasebyitemstage",
        "title": "Distribution plans to release by itemstage",
        "type": "number",
        "clearSearch": true,
        "source": "literal",
        "defaultValue": "1",
        "visible": true,
        "isEditable": true,
        "validation": {
          "maxLength": "0",
          "required": true
        }
      },
      {
        "fieldName": "Distributionplanstorelease",
        "title": "Distribution plans to release",
        "type": "boolean",
        "selectionType": "single",
        "clearSearch": true,
        "source": "picklist",
        "visible": true,
        "isEditable": true,
        "validation": {
          "maxLength": "0",
          "required": true
        },
        "defaultValue": false
      },
      {
        "fieldName": "Item",
        "title": "Item",
        "Description": "Item",
        "type": "picklistDropdown",
        "selectionType": "multiple",
        "clearSearch": true,
        "select": "ALL",
        "source": "datasource",
        "key": "ItemDS",
        "valueField": "Name",
        "textField": "Name",
        "visible": false,
        "isEditable": true,
        "cascadeFrom": "ItemStage",
        "validation": {
          "maxLength": "0",
          "required": true
        },
        "overrideFieldBindingType": false
      }
    ],
    "Range": [],
    "DataSources": [
      {
        "Name": "ItemStageDS",
        "IBPLRules": [
          {
            "template": "Select ([Item].[Item Stage]);"
          }
        ],
        "JavascriptRules": [],
        "IncludeDSFieldsOnly": false,
        "FieldBindings": []
      },
      {
        "Name": "ItemDS",
        "IBPLRules": [
          {
            "template": "Select [Item].[Item Stage]{{#filter ItemStage}}.relatedmembers([Item]);"
          }
        ],
        "JavascriptRules": [],
        "IncludeDSFieldsOnly": false,
        "FieldBindings": []
      },
      {
        "Name": "LocationDS",
        "IBPLRules": [
          {
            "template": "select ([Activity1].[From Location]) where {Version.[Version Name]{{#filter Version}}, [Item].[Item]{{#filter Item}}, Measure.[Item BODLane TransMode Association External Input] > 0};\n"
          }
        ],
        "JavascriptRules": [],
        "IncludeDSFieldsOnly": false,
        "FieldBindings": []
      },
      {
        "Name": "ToLocationDS",
        "IBPLRules": [
          {
            "template": "select ([Activity1].[To Location]) where {Version.[Version Name]{{#filter Version}}, [Item].[Item]{{#filter Item}}, Measure.[Item BODLane TransMode Association External Input] > 0};"
          }
        ],
        "JavascriptRules": [],
        "IncludeDSFieldsOnly": false,
        "FieldBindings": []
      }
    ],
    "AutoExecute": false,
    "isAsync": false,
    "hasMembersUpdates": false,
    "Compact": true,
    "TwoColumn": false,
    "IsGlobalForExcelAddIn": false,
    "ReturnFilterByUpdate": false,
    "ExcludeFromNavLink": false,
    "FilterFieldBindings": []
  },
  "Widget": null,
  "Roles": []
}