{
  "AttributeName": "Class Group Image",
  "AttributeId": "473f4273-c06a-4a19-8ec1-c4ce3e94fc9c",
  "AttributeHierarchyEnabled": false,
  "IsKey": false,
  "Description": "Class Group Image",
  "OrderBy": "Key",
  "KeyColumnName": "ClassGroupImageKey",
  "NameColumnName": null,
  "KeyColumnDataType": "image",
  "SeedTags": false,
  "KeyGenerationType": null,
  "PickListName": null,
  "ConfigJson": {},
  "FormatString": "#,##0;(#,##0)",
  "Translation": null,
  "Aliases": [],
  "ApiName": null,
  "ApiDisabled": false
}