{
  "MeasureName": "TD Comp Sls Rtl",
  "MeasureId": "e19b03c3-d0bd-66a6-d6f6-e12940d083c8",
  "MeasureDescription": "TD Comp Sls Rtl",
  "DataType": "number",
  "MeasureType": "Currency",
  "AggregateFunction": "Sum",
  "FormatString": "($0,000.00a)",
  "MeasureColumnName": "TDCompSlsRtl",
  "MeasureFormula": "",
  "IsEditable": false,
  "ApplyConversion": true,
  "ConversionFormula": "Exchange Rate Monthly",
  "PickListName": null,
  "BgColorFormula": "",
  "FgColorFormula": "",
  "TrendFormula": "",
  "FormattingViewModel": "[]",
  "ParentMeasureName": null,
  "AssociationMeasure": false,
  "IsComputedByPlanningService": false,
  "ToolTip": "TD Sls Rtl * TD Comp Sls %",
  "ConfigJson": {},
  "ApiName": null,
  "ApiDisabled": false,
  "IsReportingMeasure": false,
  "MeasureConditionalFormulaProperties": [],
  "PicklistSource": null
}