{
  "AttributeName": "o9EKGSequenceNumber",
  "AttributeId": "96fabddc-c335-cf12-fba9-22df388393fb",
  "AttributeHierarchyEnabled": true,
  "IsKey": true,
  "Description": "o9EKGSequenceNumber",
  "OrderBy": "Key",
  "KeyColumnName": "o9EKGSequenceNumberKey",
  "NameColumnName": "o9EKGSequenceNumberName",
  "KeyColumnDataType": "integer",
  "SeedTags": false,
  "KeyGenerationType": "Auto",
  "PickListName": null,
  "ConfigJson": {
    "ShowFilterAs": "TileView",
    "MemberDisplayNameEditable": true,
    "IsMultipleImage": false,
    "MemberDisplayColor": false
  },
  "FormatString": null,
  "Translation": null,
  "Aliases": [],
  "ApiName": null,
  "ApiDisabled": false,
  "FgColorFormula": "",
  "BgColorFormula": "",
  "IsReservedBySystem": false
}