{
  "Name": "SupplyPlan050WPromoteArtificialCapacityTuple",
  "Description": "Promote Units Capacity",
  "ActionButtonId": "dd8da8ee-73d1-452f-bcb2-35afb93dd1a4",
  "Tooltip": "Promote Units Capacity",
  "ActionButtonType": "Widget",
  "Alignment": "right",
  "IsPopOver": true,
  "IsGlobal": true,
  "ActionClickHandler": null,
  "Icon": null,
  "Image": null,
  "ConfigJson": {
    "icon": "chain",
    "SubmitButton": {
      "Label": "Submit"
    },
    "ResetButton": {
      "Label": "Reset"
    },
    "CloseButton": {
      "Label": "Close",
      "ConfirmMessage": "Unsaved changes will be lost. Continue?"
    },
    "NotifyAll": false,
    "IBPLRules": [
      {
        "template": "{{#each Tuple}}\n\nscope:({{#entity Location}} * {{#entity Resource}} * {{#entity Week}} * Version.[Version Name].[{{TargetScenario}}]);\n\nMeasure.[CM Artificial Base Capacity Override] = Measure.[CM Artificial Base Capacity Override]@(Version.[Version Name].[{{SourceScenario}}]);\nMeasure.[CM Flex Capacity Band1 Override] = Measure.[CM Flex Capacity Band1 Override]@(Version.[Version Name].[{{SourceScenario}}]); \nMeasure.[CM Flex Capacity Band2 Override] = Measure.[CM Flex Capacity Band2 Override]@(Version.[Version Name].[{{SourceScenario}}]);\n\nend scope;\n\n{{/each}}"
      }
    ],
    "JavascriptRules": [],
    "FieldBindings": [
      {
        "fieldName": "SourceScenario",
        "title": "SourceScenario",
        "type": "picklistDropdown",
        "selectionType": "single",
        "clearSearch": true,
        "select": "NONE",
        "source": "datasource",
        "key": "SourceScenarioDS",
        "valueField": "Name",
        "textField": "Name",
        "visible": true,
        "isEditable": true,
        "validation": {
          "maxLength": "0",
          "required": true
        }
      },
      {
        "fieldName": "TargetScenario",
        "title": "TargetScenario",
        "type": "picklistDropdown",
        "selectionType": "single",
        "clearSearch": true,
        "source": "datasource",
        "key": "TargetScenarioDS",
        "valueField": "Name",
        "textField": "Name",
        "visible": true,
        "isEditable": true,
        "validation": {
          "maxLength": "0",
          "required": true
        }
      },
      {
        "fieldName": "Tuple",
        "title": "Tuple",
        "type": "picklistDropdown",
        "select": "ALL",
        "clearSearch": true,
        "source": "parentTuple",
        "TuplesList": [
          {
            "Key": "Location",
            "LevelAttribute": {
              "DimensionName": "Location",
              "Name": "Location",
              "textField": "Name"
            },
            "tuplesource": "LevelAttribute"
          },
          {
            "Key": "Resource",
            "LevelAttribute": {
              "DimensionName": "Resource",
              "Name": "Resource",
              "textField": "Name"
            },
            "tuplesource": "LevelAttribute"
          },
          {
            "Key": "Week",
            "LevelAttribute": {
              "DimensionName": "Time",
              "Name": "Week",
              "textField": "Name"
            },
            "tuplesource": "LevelAttribute"
          }
        ],
        "visible": false,
        "isEditable": true,
        "validation": {
          "required": true
        }
      }
    ],
    "DataSources": [
      {
        "Name": "SourceScenarioDS",
        "IBPLRules": [
          {
            "template": "Select &CWVAndScenarios.filter(#.Name !=\"CurrentWorkingView\");"
          }
        ],
        "JavascriptRules": [],
        "FieldBindings": [],
        "IncludeDSFieldsOnly": false
      },
      {
        "Name": "TargetScenarioDS",
        "IBPLRules": [
          {
            "template": "Select &CWV;"
          }
        ],
        "JavascriptRules": [],
        "FieldBindings": [],
        "IncludeDSFieldsOnly": false
      }
    ],
    "AutoExecute": false,
    "isAsync": false,
    "hasMembersUpdates": false,
    "Compact": false,
    "TwoColumn": false,
    "IsGlobalForExcelAddIn": false,
    "ReturnFilterByUpdate": false,
    "FilterFieldBindings": []
  },
  "Widget": null
}