{
  "AttributeName": "Line ID",
  "AttributeId": "d4559be1-65c8-f4af-979a-bd81b026f2d9",
  "AttributeHierarchyEnabled": true,
  "IsKey": true,
  "Description": "Document Line ID",
  "OrderBy": "Name",
  "KeyColumnName": "LineIDKey",
  "NameColumnName": "LineIDName",
  "KeyColumnDataType": "integer",
  "SeedTags": true,
  "KeyGenerationType": "Auto",
  "PickListName": null,
  "ConfigJson": {
    "ShowFilterAs": "TileView",
    "MemberDisplayNameEditable": true,
    "IsMultipleImage": false,
    "MemberDisplayColor": false
  },
  "FormatString": null,
  "Translation": null,
  "Aliases": [],
  "ApiName": null,
  "ApiDisabled": false,
  "FgColorFormula": null,
  "BgColorFormula": null,
  "IsReservedBySystem": false
}