{
  "Name": "o9EKGUpdateBatchType",
  "Description": null,
  "ActionButtonId": "f08bae6b-bc58-56f3-7ab7-5a11eb0fd001",
  "Tooltip": "Update Batch Type",
  "ActionButtonType": "Widget",
  "Alignment": "right",
  "IsPopOver": true,
  "IsGlobal": true,
  "ActionClickHandler": null,
  "Icon": null,
  "Image": null,
  "ConfigJson": {
    "icon": "pencil",
    "SubmitButton": {
      "Label": "Submit"
    },
    "ResetButton": {
      "Label": "Reset"
    },
    "CloseButton": {
      "Label": "Close",
      "ConfirmMessage": "Unsaved changes will be lost. Continue?"
    },
    "NotifyRoles": true,
    "NotifyAll": false,
    "IBPLRules": [],
    "JavascriptRules": [
      {
        "modulename": "o9.EKG.batchupdate",
        "functionname": "updatebatch"
      }
    ],
    "FieldBindings": [
      {
        "fieldName": "Project",
        "title": "Project",
        "type": "picklistDropdown",
        "fieldGroup": "Select Pipeline",
        "selectionType": "single",
        "clearSearch": true,
        "source": "filter",
        "DimensionName": "o9EKG Customer",
        "LevelAttributeName": "Project Name",
        "visible": false,
        "isEditable": false,
        "validation": {
          "maxLength": "0",
          "required": true
        }
      },
      {
        "fieldName": "Pipeline",
        "title": "Selected Pipelines",
        "type": "picklistDropdown",
        "selectionType": "multiple",
        "clearSearch": true,
        "source": "parentAttribute",
        "DimensionName": "o9EKG Pipeline",
        "key": {
          "LevelAttribute": {
            "Name": "Pipeline Name",
            "Property": "Name"
          }
        },
        "visible": true,
        "isEditable": false,
        "validation": {
          "maxLength": "0",
          "required": true
        }
      },
      {
        "fieldName": "SelectedBatchType",
        "title": "Selected Batch Type ",
        "type": "picklistDropdown",
        "selectionType": "single",
        "clearSearch": true,
        "source": "parentAttribute",
        "DimensionName": "o9EKG Batch Type",
        "key": {
          "LevelAttribute": {
            "Name": "Batch Type",
            "Property": "Name"
          }
        },
        "visible": false,
        "isEditable": true,
        "validation": {
          "maxLength": "0",
          "required": true
        }
      },
      {
        "fieldName": "UpdateBatch",
        "title": "Batch Type",
        "type": "picklistDropdown",
        "fieldGroup": "Batch Details",
        "selectionType": "single",
        "clearSearch": true,
        "select": "NONE",
        "source": "datasource",
        "key": "BatchType",
        "valueField": "Batch Type",
        "textField": "Batch Type",
        "overrideFieldBindingType": true,
        "visible": true,
        "isEditable": true,
        "cascadeFrom": "Project",
        "validation": {
          "maxLength": "0",
          "required": false
        }
      },
      {
        "fieldName": "TableName",
        "title": "TableName",
        "Description": "TableName    ",
        "type": "picklistDropdown",
        "selectionType": "multiple",
        "clearSearch": true,
        "select": "ALL",
        "source": "datasource",
        "key": "tables",
        "valueField": "Table Name",
        "textField": "Table Name",
        "overrideFieldBindingType": false,
        "visible": false,
        "isEditable": false,
        "cascadeFrom": "Pipeline",
        "validation": {
          "maxLength": "0",
          "required": true
        }
      },
      {
        "fieldName": "FolderGroup",
        "title": "Folder Group",
        "type": "picklistDropdown",
        "clearSearch": true,
        "source": "parentMeasure",
        "key": {
          "Measure": {
            "Name": "o9EKG Pipeline Folder Group"
          }
        },
        "visible": false,
        "isEditable": true,
        "validation": {
          "maxLength": "0",
          "required": false
        },
        "selectionType": "single"
      },
      {
        "fieldName": "User",
        "title": "User",
        "Description": "User",
        "type": "string",
        "selectionType": "single",
        "clearSearch": true,
        "source": "datasource",
        "key": "UserDS",
        "valueField": "Name",
        "textField": "Name",
        "overrideFieldBindingType": false,
        "visible": false,
        "isEditable": false,
        "validation": {
          "maxLength": "0",
          "required": true
        }
      },
      {
        "fieldName": "Timestamp",
        "title": "Timestamp",
        "Description": "Timestamp",
        "type": "string",
        "selectionType": "single",
        "clearSearch": true,
        "source": "datasource",
        "key": "NowDS",
        "valueField": "result",
        "textField": "result",
        "overrideFieldBindingType": false,
        "visible": false,
        "isEditable": false,
        "validation": {
          "maxLength": "0",
          "required": true
        }
      }
    ],
    "Range": [],
    "DataSources": [
      {
        "Name": "BatchType",
        "IBPLRules": [
          {
            "template": " \nSelect (&CWV * [o9EKG Customer].[Project Name].[{{Project}}]  * [o9EKG Batch Type].[Batch Type] *{Measure.[o9EKG Batch Description]}); "
          }
        ],
        "JavascriptRules": [],
        "IncludeDSFieldsOnly": false,
        "FieldBindings": []
      },
      {
        "Name": "tables",
        "IBPLRules": [
          {
            "template": "select(&CWV * [o9EKG Pipeline].[Pipeline Name]{{#filter Pipeline}} * [o9EKG Customer].[Project Name].[{{Project}}] * [o9EKG Table].[Table Name] *{Measure.[o9EKG Table Order],Measure.[o9EKG Pipeline Folder Group]}).filter(~isNull(Measure.[o9EKG Table Order]));"
          }
        ],
        "JavascriptRules": [],
        "IncludeDSFieldsOnly": false,
        "FieldBindings": []
      },
      {
        "Name": "UserDS",
        "IBPLRules": [
          {
            "template": "select currentuser();"
          }
        ],
        "JavascriptRules": [],
        "IncludeDSFieldsOnly": false,
        "FieldBindings": []
      },
      {
        "Name": "NowDS",
        "IBPLRules": [
          {
            "template": "select now();"
          }
        ],
        "JavascriptRules": [],
        "IncludeDSFieldsOnly": false,
        "FieldBindings": []
      }
    ],
    "AutoExecute": false,
    "isAsync": false,
    "hasMembersUpdates": true,
    "Compact": true,
    "TwoColumn": false,
    "IsGlobalForExcelAddIn": false,
    "ReturnFilterByUpdate": false,
    "ExcludeFromNavLink": false,
    "FilterFieldBindings": []
  },
  "Widget": null,
  "Roles": [
    "EKG_DataAdmin",
    "EKG_Intg_Arch",
    "EKG_SA"
  ]
}