{
  "AttributeName": "Retail_SZP_SRSA_NN",
  "AttributeId": "5f8610e4-c0e6-1c4f-dd47-cd7de4d65bc0",
  "AttributeHierarchyEnabled": true,
  "IsKey": false,
  "Description": "Size And Size Range Association",
  "OrderBy": "Key",
  "KeyColumnName": "Retail_SZP_SRSA_NNKey",
  "NameColumnName": "Retail_SZP_SRSA_NNName",
  "KeyColumnDataType": "integer",
  "SeedTags": true,
  "KeyGenerationType": "Auto",
  "PickListName": null,
  "ConfigJson": {
    "ShowFilterAs": "TileView",
    "MemberDisplayNameEditable": true,
    "IsMultipleImage": false,
    "MemberDisplayColor": false
  },
  "FormatString": null,
  "Translation": null,
  "Aliases": [],
  "ApiName": null,
  "ApiDisabled": false,
  "ParentAttributeName": null,
  "NamedNodeUsages": [
    {
      "DimensionName": "Size Range",
      "AttributeName": "Size Range"
    },
    {
      "DimensionName": "Item",
      "AttributeName": "Size"
    }
  ]
}