{
  "ModuleId": "c5dfb0f8-a9ea-4208-a148-5e7adb4dad96",
  "ModuleName": "o9 EKG Deployment",
  "Description": "o9 EKG Deployment",
  "URL": "https://dev.azure.com/o9git/ec07b4e6-de11-4c3d-988e-d2ed5a5a28e9/_apis/git/repositories/c5dfb0f8-a9ea-4208-a148-5e7adb4dad96",
  "ParentModule": null,
  "Dependencies": [],
  "Type": "Regular",
  "Category": null,
  "Project": {
    "Id": "ec07b4e6-de11-4c3d-988e-d2ed5a5a28e9",
    "Name": "RefDev",
    "Url": "https://dev.azure.com/o9git/_apis/projects/ec07b4e6-de11-4c3d-988e-d2ed5a5a28e9"
  },
  "VersionType": "branch",
  "Version": null,
  "IsReadOnlyModule": false,
  "IsPromoteDisabled": false,
  "CreatorEmail": "vikas.gautam@o9solutions.com",
  "CreationTime": "2024-01-12T19:50:18.6227907+00:00",
  "IsMergedModule": false,
  "MergedModuleParentModule": null,
  "IsSolutionBlock": false,
  "NameSpace": "",
  "Org": "RefDev",
  "PackageName": null,
  "PackagePublishType": null
}