{
  "MeasureGroupName": "030 Sales and Buy Plan Revised",
  "MeasureGroupId": "60b12baf-1e3d-1c1f-24a9-d036eae298b6",
  "ParentMeasureGroupName": null,
  "HasShadow": false,
  "MeasureGroupDescription": "030 Sales and Buy Plan Revised",
  "MeasureGroupType": "Regular",
  "FactTableName": "Fact030SalesandBuyPlanRevised",
  "SchemaMajorVersion": 0,
  "ConfigJson": {},
  "ApiName": null,
  "Repartition": false,
  "Unpartition": false,
  "ApiEnabled": false,
  "DimensionUsages": [
    {
      "DimensionName": "Version",
      "AttributeName": "Version Name",
      "SortOrder": 0,
      "DimensionType": "Regular"
    },
    {
      "DimensionName": "NamedNode",
      "AttributeName": "Retail_AP_FD_Time_NN",
      "SortOrder": 1,
      "DimensionType": "NamedNode"
    },
    {
      "DimensionName": "NamedNode",
      "AttributeName": "Retail_AP_RP_Product_Cluster_NN",
      "SortOrder": 2,
      "DimensionType": "NamedNode"
    },
    {
      "DimensionName": "NamedNode",
      "AttributeName": "Retail_AP_FD_Common_NN",
      "SortOrder": 3,
      "DimensionType": "NamedNode"
    }
  ]
}