{
  "Name": "DI012AddingRowsStagingTableStructureWithoutAdaptor",
  "Description": "Add Record",
  "ActionButtonId": "3c676dbc-df91-4855-8639-38fbecc84b1d",
  "Tooltip": "Add Record",
  "ActionButtonType": "Rule",
  "Alignment": "right",
  "IsPopOver": true,
  "IsGlobal": false,
  "ActionClickHandler": null,
  "Icon": null,
  "Image": null,
  "ConfigJson": {
    "icon": "plus",
    "Position": "0",
    "SubmitButton": {
      "Label": "Submit"
    },
    "ResetButton": {
      "Label": "Reset"
    },
    "CloseButton": {
      "Label": "Close",
      "ConfirmMessage": "Unsaved changes will be lost. Continue?"
    },
    "NotifyAll": false,
    "IBPLRules": [
      {
        "template": "Createmember([Staging Table Structure Without SAP].[Serial No] = {, \"{{SerialNo}}\"},[Staging Table Structure Without SAP].[Table Name] = {, \"{{TableName}}\"});\n\ncartesian scope:([Version].[Version Name].[{{Version}}]*[Staging Table Structure Without SAP].[Serial No].[{{SerialNo}}]*[Staging Table Structure Without SAP].[Table Name].[{{TableName}}]);\nMeasure.[Staging Table Without SAP Column Name] =\"{{ColumnName}}\";\nMeasure.[Staging Table Without SAP Mandatory] =\"{{Mandatory}}\";\nMeasure.[Staging Table Without SAP Datatype] =\"{{DataType}}\";\nMeasure.[Staging Table Without SAP Position] =\"{{Position}}\";\nMeasure.[Staging Table Without SAP Leaf Grain] =\"{{LeafGrain}}\";\nMeasure.[Staging Table Without SAP Master Data Check Required] =\"{{MasterDataCheckRequired}}\";\nMeasure.[Staging Table Without SAP Master Table Name] =\"{{MasterTableName}}\";\nMeasure.[Staging Table Without SAP Master Table Column] =\"{{MasterTableColumn}}\";\nMeasure.[Staging Table Without SAP Input Table Name] =\"{{InputTableName}}\";\nMeasure.[Staging Table Without SAP Input Column Name] =\"{{InputColumnName}}\";\nMeasure.[Staging Table Without SAP From Join Clause] =\"{{From_JoinClause}}\";\nMeasure.[Staging Table Without SAP Filter] =\"{{Filter}}\";\nMeasure.[Staging Table Without SAP Group By] =\"{{GroupBy}}\";\nMeasure.[Staging Table Without SAP Conditional Check Filter] =\"{{ConditionalCheckFilter}}\";\n{{#if Union}}\nMeasure.[Staging Table Without SAP Union] = \"{{Union}}\" ;\n{{#else}} Measure.[Staging Table Without SAP Union] = null ;\n{{/if}}\nend scope;"
      }
    ],
    "JavascriptRules": [],
    "FieldBindings": [
      {
        "fieldName": "Version",
        "title": "Version",
        "Description": "Version",
        "type": "picklistDropdown",
        "selectionType": "single",
        "clearSearch": true,
        "source": "members",
        "DimensionName": "Version",
        "LevelAttributeName": "Version Name",
        "visible": true,
        "isEditable": true,
        "validation": {
          "maxLength": "0",
          "required": true
        }
      },
      {
        "fieldName": "SerialNo",
        "title": "Serial No",
        "Description": "Serial No",
        "type": "number",
        "clearSearch": true,
        "source": "literal",
        "visible": true,
        "isEditable": true,
        "validation": {
          "maxLength": "0",
          "required": true
        }
      },
      {
        "fieldName": "TableName",
        "title": "Table Name",
        "Description": "DB Table Name to which customer provided raw data is uploaded. The table names should be same as specified in page \"Stg Info\"",
        "type": "picklistDropdown",
        "selectionType": "single",
        "clearSearch": true,
        "select": "NONE",
        "source": "datasource",
        "key": "TName",
        "valueField": "Name",
        "textField": "Name",
        "visible": true,
        "isEditable": true,
        "validation": {
          "maxLength": "0",
          "required": true
        }
      },
      {
        "fieldName": "ColumnName",
        "title": "Column Name",
        "Description": "The column name in the table to store input data.  The column name should not have spaces or special characters except underscore ( _ ).   Currently supported SQL String functions:  substring, isnull, left, right, ltrim, rtrim and replace",
        "type": "string",
        "clearSearch": true,
        "source": "literal",
        "visible": true,
        "isEditable": true,
        "validation": {
          "maxLength": "0",
          "required": true
        }
      },
      {
        "fieldName": "Mandatory",
        "title": "Mandatory",
        "Description": "Specify whether the column is mandatory to have data. Allowed values are YES and NO. If set to YES then any blank or null value will lead to data validation failure during batch run",
        "type": "picklistDropdown",
        "selectionType": "single",
        "clearSearch": true,
        "source": "picklist",
        "key": "Integration Staging Mandatory",
        "visible": true,
        "isEditable": true,
        "validation": {
          "maxLength": "0",
          "required": true
        },
        "select": "NONE"
      },
      {
        "fieldName": "DataType",
        "title": "Data Type",
        "Description": "Specify the data type for the DB table column. Expected values are nvarchar, float, int, date, datetime and bit only",
        "type": "picklistDropdown",
        "selectionType": "single",
        "clearSearch": true,
        "source": "picklist",
        "key": "Integration Datatype",
        "visible": true,
        "isEditable": true,
        "validation": {
          "maxLength": "0",
          "required": true
        },
        "select": "NONE"
      },
      {
        "fieldName": "Position",
        "title": "Position",
        "Description": "The column order in the table. The column should be specified in the order in which they are defined in the input file.  The value should always start from 1",
        "type": "number",
        "clearSearch": true,
        "source": "literal",
        "visible": true,
        "isEditable": true,
        "validation": {
          "maxLength": "0",
          "required": true
        }
      },
      {
        "fieldName": "LeafGrain",
        "title": "Leaf/Grain",
        "Description": "Specify the unique key field of the table. Allowed values are YES and NO",
        "type": "picklistDropdown",
        "selectionType": "single",
        "clearSearch": true,
        "source": "picklist",
        "key": "Integration Yes No",
        "visible": true,
        "isEditable": true,
        "validation": {
          "maxLength": "0",
          "required": true
        },
        "select": "NONE"
      },
      {
        "fieldName": "MasterDataCheckRequired",
        "title": "Master Data Check Required",
        "Description": "It represents whether a particular column in the incoming data  needs to be validated against a specific Master Table.   Expected Values are YES and NO.",
        "type": "picklistDropdown",
        "selectionType": "single",
        "clearSearch": true,
        "source": "picklist",
        "key": "Integration Yes No",
        "visible": true,
        "isEditable": true,
        "validation": {
          "maxLength": "0",
          "required": true
        },
        "select": "NONE"
      },
      {
        "fieldName": "MasterTableName",
        "title": "Master Table Name",
        "Description": "Select/Specify the Master table Name against which the input column needs to be validated. The table names should only be selected from page Tenant Data Table Structure  This should only be specified for columns with Master Data Check Required = Yes",
        "type": "picklistDropdown",
        "selectionType": "single",
        "clearSearch": true,
        "select": "NONE",
        "source": "datasource",
        "key": "MasterTName",
        "valueField": "Name",
        "textField": "Name",
        "visible": true,
        "isEditable": true,
        "validation": {
          "maxLength": "0",
          "required": false
        }
      },
      {
        "fieldName": "MasterTableColumn",
        "title": "Master Table Column",
        "Description": "The column name of the Master Table Name against which the input data column will be looked up and verified.   This should match with Column Name in sheet Tenant Data Table Structure  Required if  Master Data Check Required = Yes",
        "type": "string",
        "clearSearch": true,
        "source": "literal",
        "visible": true,
        "isEditable": true,
        "validation": {
          "maxLength": "0",
          "required": false
        }
      },
      {
        "fieldName": "InputTableName",
        "title": "Input Table Name",
        "Description": "The input data DB table from which the column needs to mapped into output  Leave this blank if the output column needs to be a Hardcode value or a derived value based on formula for already selected input field",
        "type": "picklistDropdown",
        "selectionType": "single",
        "clearSearch": true,
        "select": "NONE",
        "source": "datasource",
        "key": "InTName",
        "valueField": "Name",
        "textField": "Name",
        "visible": true,
        "isEditable": true,
        "validation": {
          "maxLength": "0",
          "required": true
        }
      },
      {
        "fieldName": "InputColumnName",
        "title": "Input Column Name",
        "Description": "Column Name for the corresponding Input Table Name from page Input Table Structure",
        "type": "string",
        "clearSearch": true,
        "source": "literal",
        "visible": true,
        "isEditable": true,
        "validation": {
          "maxLength": "0",
          "required": true
        }
      },
      {
        "fieldName": "From_JoinClause",
        "title": "From_JoinClause",
        "Description": "Specify the 'from clause' of the select query to be generated.",
        "type": "string",
        "clearSearch": true,
        "source": "literal",
        "visible": true,
        "isEditable": true,
        "validation": {
          "maxLength": "0",
          "required": false
        }
      },
      {
        "fieldName": "Filter",
        "title": "Filter",
        "Description": "Used to Specify filter conditions for data from staging to output tables.  Example -  IS NOT NULL, >hardcodednumber, in (fieldname), UDF_NotExists({STOHeaderID,STOExtLineID} , {In_STOIntransits})",
        "type": "string",
        "clearSearch": true,
        "source": "literal",
        "visible": true,
        "isEditable": true,
        "validation": {
          "maxLength": "0",
          "required": false
        }
      },
      {
        "fieldName": "GroupBy",
        "title": "Group By",
        "Description": "Specify the 'group by' of the select query to be generated.",
        "type": "string",
        "clearSearch": true,
        "source": "literal",
        "visible": true,
        "isEditable": true,
        "validation": {
          "maxLength": "0",
          "required": false
        }
      },
      {
        "fieldName": "Union",
        "title": "Union",
        "Description": "Union -  A YES indicates whether a particular output table is union of multiple input tables. Leave it blank for one-to-one input-output mapping",
        "type": "picklistDropdown",
        "selectionType": "single",
        "clearSearch": true,
        "select": "NONE",
        "source": "picklist",
        "key": "Integration Yes",
        "visible": true,
        "isEditable": true,
        "validation": {
          "maxLength": "0",
          "required": false
        }
      },
      {
        "fieldName": "ConditionalCheckFilter",
        "title": "ConditionalCheckFilter",
        "type": "string",
        "clearSearch": true,
        "source": "literal",
        "visible": true,
        "isEditable": true,
        "validation": {
          "maxLength": "0",
          "required": false
        }
      }
    ],
    "DataSources": [
      {
        "Name": "TName",
        "IBPLRules": [
          {
            "template": "select ([Staging Info].[Table Name]) where{[Staging Info].[Serial No]};"
          }
        ],
        "JavascriptRules": [],
        "IncludeDSFieldsOnly": false,
        "FieldBindings": []
      },
      {
        "Name": "MasterTName",
        "IBPLRules": [
          {
            "template": "select ([Tenant Data Files].[Table Name]) where{[Tenant Data Files].[Serial No]};"
          }
        ],
        "JavascriptRules": [],
        "IncludeDSFieldsOnly": false,
        "FieldBindings": []
      },
      {
        "Name": "InTName",
        "IBPLRules": [
          {
            "template": "select ([In Files].[Table Name]) where{[In Files].[Serial No]};"
          }
        ],
        "JavascriptRules": [],
        "IncludeDSFieldsOnly": false,
        "FieldBindings": []
      }
    ],
    "AutoExecute": false,
    "isAsync": false,
    "hasMembersUpdates": false,
    "Compact": false,
    "TwoColumn": false,
    "IsGlobalForExcelAddIn": false,
    "FilterFieldBindings": []
  },
  "Widget": null
}