{
  "AttributeName": "Retail_MFP_Common_NN",
  "AttributeId": "1544f9da-4ad2-aeec-c364-cb63831169a3",
  "AttributeHierarchyEnabled": true,
  "IsKey": false,
  "Description": "Retail MFP Common Namednode",
  "OrderBy": "Key",
  "KeyColumnName": "Retail_MFP_Common_NNKey",
  "NameColumnName": "Retail_MFP_Common_NNName",
  "KeyColumnDataType": "integer",
  "SeedTags": true,
  "KeyGenerationType": "Auto",
  "PickListName": null,
  "ConfigJson": {
    "ShowFilterAs": "TileView",
    "MemberDisplayNameEditable": true,
    "IsMultipleImage": false,
    "MemberDisplayColor": false
  },
  "FormatString": null,
  "Translation": null,
  "Aliases": [],
  "ApiName": null,
  "ApiDisabled": false,
  "ParentAttributeName": null,
  "NamedNodeUsages": [
    {
      "DimensionName": "Selling Season",
      "AttributeName": "Selling Season"
    },
    {
      "DimensionName": "Sales Domain",
      "AttributeName": "Sales Planning Channel"
    }
  ]
}