{
  "Name": "o9EKGSaveProject",
  "Description": null,
  "ActionButtonId": "d6570554-5ead-8554-4cd1-f4522a68b720",
  "Tooltip": "Save Project",
  "ActionButtonType": "Rule",
  "Alignment": "right",
  "IsPopOver": true,
  "IsGlobal": false,
  "ActionClickHandler": null,
  "Icon": null,
  "Image": null,
  "ConfigJson": {
    "DisplayName": "Save Project",
    "icon": "save",
    "Position": "0",
    "SubmitButton": {
      "Label": "Submit",
      "ProgressMessage": "Executing rules, please wait for 11 minutes approx."
    },
    "ResetButton": {},
    "CloseButton": {
      "Label": "Close"
    },
    "NotifyRoles": true,
    "NotifyAll": false,
    "IBPLRules": [
      {
        "template": "//Empty Errors//\n\nDELETE DATA FOR MODEL [o9EKG Validation Errors] WHERE {&CWV, [o9EKG Customer].[Project Name].[{{Project}}]};"
      },
      {
        "template": "//Auto Populate Hierarchy Checks//\n\nEXEC plugin instance o9EKGLSUTable for measures {[o9EKG LS Table Type],[o9EKG LS Dim Check]}  using scope (&CWV * [o9EKG Customer].[Project Name].[{{Project}}] );"
      },
      {
        "template": "//Run validation plugin//\n\nExec plugin instance o9EKGPython_Mass_Validation for measures {[o9EKG Field Name]}  using scope (&CWV * [o9EKG Customer].[Project Name].[{{Project}}] ) ;"
      },
      {
        "template": "//Mark Latest flag measure//\n\nscope: (&CWV * [o9EKG Customer].[Project Name].[{{Project}}] * [o9EKGSequence].[o9EKGSequenceNumber] );\nMeasure.[o9EKG Project Metadata IsLatest]=\"FALSE\"; \nend scope;\n\ncartesian scope: (&CWV * [o9EKG Customer].[Project Name].[{{Project}}] * [o9EKGSequence].[o9EKGSequenceNumber].[{{NewSeq}}] );\nMeasure.[o9EKG Project Metadata IsLatest]=\"TRUE\"; \nend scope;"
      },
      {
        "template": "//Populating Stat measures//\n\nscope: (&CWV * [o9EKG Customer].[Project Name].[{{Project}}] * [o9EKGSequence].[o9EKGSequenceNumber].[{{NewSeq}}] );\nMeasure.[o9EKG Project Metadata Created By]=\"{{user}}\"; \nMeasure.[o9EKG Project Metadata Creation Timestamp]=\"{{now}}\"; \nMeasure.[o9EKG Project Metadata]=\"ABC\"; \nend scope;"
      },
      {
        "template": "//Generate EKG Pipeline Metadata//\n\nEXEC plugin instance o9EKGPipeline_Meta for measures {[o9EKG Field Name]} using scope (&CWV * [o9EKG Customer].[Project Name].[{{Project}}] );\n\n"
      }
    ],
    "JavascriptRules": [],
    "FieldBindings": [
      {
        "fieldName": "now",
        "title": "now",
        "type": "string",
        "selectionType": "single",
        "clearSearch": false,
        "source": "datasource",
        "key": "NOW",
        "valueField": "result",
        "textField": "result",
        "overrideFieldBindingType": false,
        "visible": false,
        "isEditable": false,
        "validation": {
          "maxLength": "0",
          "required": true
        }
      },
      {
        "fieldName": "user",
        "title": "user",
        "type": "string",
        "selectionType": "single",
        "clearSearch": false,
        "source": "datasource",
        "key": "USER",
        "valueField": "Name",
        "textField": "Name",
        "overrideFieldBindingType": false,
        "visible": false,
        "isEditable": false,
        "validation": {
          "maxLength": "0",
          "required": true
        }
      },
      {
        "fieldName": "Project",
        "title": "Project",
        "type": "picklistDropdown",
        "selectionType": "single",
        "clearSearch": false,
        "source": "filter",
        "DimensionName": "o9EKG Customer",
        "LevelAttributeName": "Project Name",
        "visible": true,
        "isEditable": false,
        "validation": {
          "maxLength": "0",
          "required": true
        }
      },
      {
        "fieldName": "LatestSeq",
        "title": "LatestSeq",
        "type": "picklistDropdown",
        "clearSearch": false,
        "source": "datasource",
        "key": "DSLatestSeq",
        "valueField": "o9EKGSequenceNumber",
        "textField": "o9EKGSequenceNumber",
        "overrideFieldBindingType": false,
        "visible": false,
        "isEditable": false,
        "validation": {
          "maxLength": "0",
          "required": true
        },
        "cascadeFrom": "Project",
        "selectionType": "single",
        "select": "ALL"
      },
      {
        "fieldName": "NewSeq",
        "title": "NewSeq",
        "type": "picklistDropdown",
        "selectionType": "single",
        "clearSearch": true,
        "select": "ALL",
        "source": "datasource",
        "key": "DSNewSeq",
        "valueField": "result",
        "textField": "result",
        "overrideFieldBindingType": false,
        "visible": false,
        "isEditable": false,
        "cascadeFrom": "LatestSeq",
        "validation": {
          "maxLength": "0",
          "required": true
        }
      }
    ],
    "Range": [],
    "DataSources": [
      {
        "Name": "NOW",
        "IBPLRules": [
          {
            "template": "Select (now());"
          }
        ],
        "JavascriptRules": [],
        "IncludeDSFieldsOnly": false,
        "FieldBindings": []
      },
      {
        "Name": "USER",
        "IBPLRules": [
          {
            "template": "Select (Currentuser());"
          }
        ],
        "JavascriptRules": [],
        "IncludeDSFieldsOnly": false,
        "FieldBindings": []
      },
      {
        "Name": "DSLatestSeq",
        "IBPLRules": [
          {
            "template": "//DSLatestSeq//\n\nSelect ([o9EKG Customer].[Project Name].[{{Project}}] * [o9EKGSequence].[o9EKGSequenceNumber] ) on row, ({Measure.[o9EKG Project Metadata]}) on column where { &CWV } orderby [o9EKGSequence].[o9EKGSequenceNumber].Key desc limit 1;"
          }
        ],
        "JavascriptRules": [],
        "IncludeDSFieldsOnly": false,
        "FieldBindings": []
      },
      {
        "Name": "DSNewSeq",
        "IBPLRules": [
          {
            "template": "//DSNewSeq//\n\n{{#if LatestSeq}}\n\nSelect ( {{LatestSeq}} +1  );\n\n{{#else}}\n\nSelect (1);\n\n{{/if}}"
          }
        ],
        "JavascriptRules": [],
        "IncludeDSFieldsOnly": false,
        "FieldBindings": []
      }
    ],
    "AutoExecute": false,
    "isAsync": true,
    "hasMembersUpdates": false,
    "Compact": true,
    "TwoColumn": false,
    "IsGlobalForExcelAddIn": false,
    "ExcludeFromNavLink": false,
    "FilterFieldBindings": [],
    "enableTransaction": false
  },
  "Widget": null,
  "Roles": []
}