{
  "Name": "SupplyPlan0000GettingStarted",
  "Description": "Seed Dataset for Supply Planning",
  "ActionButtonId": "ff1c4513-4160-c029-4b9f-5ec3b03b7f9d",
  "Tooltip": "Seed Dataset for Supply Planning",
  "ActionButtonType": "Rule",
  "Alignment": "right",
  "IsPopOver": true,
  "IsGlobal": false,
  "ActionClickHandler": null,
  "Icon": null,
  "Image": null,
  "ConfigJson": {
    "DisplayName": "Seed Dataset for Supply Planning",
    "icon": "arrow-circle-o-up",
    "Position": "0",
    "SubmitButton": {
      "Label": "Submit"
    },
    "ResetButton": {
      "Label": "Reset"
    },
    "CloseButton": {
      "Label": "Close",
      "ConfirmMessage": "Unsaved changes will be lost. Continue?"
    },
    "NotifyRoles": true,
    "NotifyAll": false,
    "IBPLRules": [
      {
        "template": "exec plugin instance [PCSupplyPlan0000ConfigAdapter] using arguments {(DriverMemory,\"2G\"),(EnableWebApiCalls,True), (\"branch\",\"{{branch}}\"), (\"default\",\"{{source}}\"), (\"AF\",\"{{AF}}\")};"
      }
    ],
    "JavascriptRules": [],
    "FieldBindings": [
      {
        "fieldName": "branch",
        "title": "Default Data Source",
        "Description": "Name of the branch for the seed file upload default is \"master\"",
        "type": "string",
        "selectionType": "single",
        "clearSearch": true,
        "source": "literal",
        "defaultValue": "master",
        "visible": true,
        "isEditable": true,
        "validation": {
          "maxLength": "0",
          "required": true
        }
      },
      {
        "fieldName": "source",
        "title": "use Default Source of Configurator Settings?",
        "Description": "Source for Configurator Parameters value False - to Pick from the Tenant Plugin Setting, True - uses default value ",
        "type": "boolean",
        "clearSearch": true,
        "source": "literal",
        "defaultValue": false,
        "visible": true,
        "isEditable": true,
        "validation": {
          "maxLength": "0",
          "required": true
        }
      },
      {
        "fieldName": "AF",
        "title": "AF - Apparel Footwear Luxury Business Model Addition Seeds",
        "Description": "Uploads Apparel Footwear Luxury industry specific Seed Files",
        "type": "boolean",
        "clearSearch": true,
        "source": "literal",
        "defaultValue": false,
        "visible": true,
        "isEditable": true,
        "validation": {
          "maxLength": "0",
          "required": true
        }
      }
    ],
    "Range": [],
    "DataSources": [],
    "AutoExecute": false,
    "isAsync": true,
    "hasMembersUpdates": false,
    "Compact": true,
    "TwoColumn": false,
    "IsGlobalForExcelAddIn": false,
    "ExcludeFromNavLink": false,
    "FilterFieldBindings": []
  },
  "Widget": null,
  "Roles": []
}