{
  "AttributeName": "Task Name",
  "AttributeId": "44afdfd7-79b8-6908-5224-00387a11f428",
  "AttributeHierarchyEnabled": true,
  "IsKey": true,
  "Description": "Task Name",
  "OrderBy": "Name",
  "KeyColumnName": "TaskNameKey",
  "NameColumnName": "TaskNameName",
  "KeyColumnDataType": "integer",
  "SeedTags": false,
  "KeyGenerationType": "Auto",
  "PickListName": null,
  "ConfigJson": {
    "ShowFilterAs": "TileView",
    "MemberDisplayNameEditable": false,
    "IsMultipleImage": false,
    "MemberDisplayColor": false
  },
  "FormatString": null,
  "Translation": null,
  "Aliases": [],
  "ApiName": null,
  "ApiDisabled": false,
  "FgColorFormula": "",
  "BgColorFormula": "",
  "IsReservedBySystem": false
}