{
  "MeasureGroupName": "o9EKG LSU Net Change",
  "MeasureGroupId": "bf84615b-6939-fc4e-7921-9fd624bfedc5",
  "ParentMeasureGroupName": null,
  "HasShadow": false,
  "MeasureGroupDescription": "o9EKG LSU Net Change",
  "MeasureGroupType": "Regular",
  "FactTableName": "Facto9EKGLSUNetChange",
  "SchemaMajorVersion": 0,
  "ConfigJson": {},
  "ApiName": null,
  "Repartition": false,
  "Unpartition": false,
  "ApiEnabled": false,
  "DimensionUsages": [
    {
      "DimensionName": "Version",
      "AttributeName": "Version Name",
      "SortOrder": 0,
      "DimensionType": "Regular"
    },
    {
      "DimensionName": "o9EKG Customer",
      "AttributeName": "Project Name",
      "SortOrder": 1,
      "DimensionType": "Regular"
    },
    {
      "DimensionName": "o9EKG Table",
      "AttributeName": "Table Name",
      "SortOrder": 2,
      "DimensionType": "Regular"
    }
  ]
}