{
  "MeasureGroupName": "002 SP Approval Status",
  "MeasureGroupId": "e1eb351f-dd64-4776-b2a5-a2e31f70b8d8",
  "ParentMeasureGroupName": null,
  "HasShadow": false,
  "MeasureGroupDescription": "002 SP Approval Status",
  "MeasureGroupType": "Regular",
  "FactTableName": "FactStrategicPlanApproval",
  "SchemaMajorVersion": 0,
  "ConfigJson": {},
  "ApiName": null,
  "Repartition": false,
  "Unpartition": false,
  "ApiEnabled": false,
  "DimensionUsages": [
    {
      "DimensionName": "Version",
      "AttributeName": "Version Name",
      "SortOrder": 0,
      "DimensionType": "Regular"
    },
    {
      "DimensionName": "NamedNode",
      "AttributeName": "Retail_MFP_SP_Product_NN",
      "SortOrder": 1,
      "DimensionType": "NamedNode"
    }
  ]
}