{
  "MeasureName": "o9EKG Table Error Percentage",
  "MeasureId": "2fb35ba8-c186-c3fc-365c-a506e17b7b27",
  "MeasureDescription": "o9EKG Table Error Percentage",
  "DataType": "number",
  "MeasureType": "Regular",
  "AggregateFunction": "AvgNonNull",
  "FormatString": "#,##0.#0;(#,##0.#0)",
  "MeasureColumnName": "o9EKGTableErrorPercentage_1",
  "MeasureFormula": "",
  "IsEditable": false,
  "ApplyConversion": false,
  "ConversionFormula": "",
  "PickListName": null,
  "BgColorFormula": "",
  "FgColorFormula": "",
  "TrendFormula": "",
  "FormattingViewModel": "[]",
  "ParentMeasureName": null,
  "AssociationMeasure": false,
  "IsComputedByPlanningService": false,
  "ToolTip": "o9EKG Table Error Percentage",
  "ConfigJson": {},
  "ApiName": null,
  "ApiDisabled": false,
  "IsReportingMeasure": false,
  "MeasureConditionalFormulaProperties": [],
  "PicklistSource": null
}