{
  "MeasureGroupName": "001 Location Plan",
  "MeasureGroupId": "617277fe-74ec-4f6e-9e7c-bc11d3c1d3f0",
  "ParentMeasureGroupName": null,
  "HasShadow": false,
  "MeasureGroupDescription": "Location based Sales forecasting based on past sales and can be adjusted up or down to satisfy stakeholder expectations",
  "MeasureGroupType": "Regular",
  "FactTableName": "FactTopDownStorePlan",
  "SchemaMajorVersion": 0,
  "ConfigJson": {
    "PartitioningCoordinate": 3,
    "NumPartitions": 335,
    "NumClustersPerPartition": 1,
    "PartitioningDimensionName": "Location",
    "PartitioningAttributeName": "Location",
    "PartitioningPropertyName": "Location$Partition",
    "PartitioningDimensionGuid": "80d37b05-ca9a-4f9a-9f08-d13d11fe035b",
    "PartitioningAttributeGuid": "9c3b45ac-e578-4b7d-8bba-9b631bdb0b79",
    "IsFrom": false,
    "IsAutoPartitioned": false,
    "StorageType": 0,
    "IntervalPartitionSpec": null,
    "PartitionInfo": {
      "PartitionSpec": {
        "PartitioningCoordinate": 3,
        "NumPartitions": 335,
        "NumClustersPerPartition": 1,
        "PartitioningDimensionName": "Location",
        "PartitioningAttributeName": "Location",
        "PartitioningPropertyName": "Location$Partition",
        "PartitioningDimensionGuid": "80d37b05-ca9a-4f9a-9f08-d13d11fe035b",
        "PartitioningAttributeGuid": "9c3b45ac-e578-4b7d-8bba-9b631bdb0b79",
        "IsFrom": false,
        "IsAutoPartitioned": false,
        "StorageType": 0,
        "IntervalPartitionSpec": null
      },
      "PartitionStats": [
        {
          "PartitionKey": 1,
          "VersionKey": 0,
          "RowCount": 144,
          "SizeOnDisk": 5125,
          "ApproximateMemorySize": 0,
          "NumClusters": 1,
          "MinFence": null,
          "MaxFence": null,
          "Clusters": [
            {
              "PartitionKey": 1,
              "ClusterKey": 0,
              "RowCount": 144,
              "SizeOnDisk": 5125,
              "ApproximateSizeInMemory": 0,
              "MinFence": null,
              "MaxFence": null
            }
          ]
        },
        {
          "PartitionKey": 7,
          "VersionKey": 0,
          "RowCount": 144,
          "SizeOnDisk": 5125,
          "ApproximateMemorySize": 0,
          "NumClusters": 1,
          "MinFence": null,
          "MaxFence": null,
          "Clusters": [
            {
              "PartitionKey": 7,
              "ClusterKey": 0,
              "RowCount": 144,
              "SizeOnDisk": 5125,
              "ApproximateSizeInMemory": 0,
              "MinFence": null,
              "MaxFence": null
            }
          ]
        },
        {
          "PartitionKey": 6,
          "VersionKey": 0,
          "RowCount": 144,
          "SizeOnDisk": 5125,
          "ApproximateMemorySize": 0,
          "NumClusters": 1,
          "MinFence": null,
          "MaxFence": null,
          "Clusters": [
            {
              "PartitionKey": 6,
              "ClusterKey": 0,
              "RowCount": 144,
              "SizeOnDisk": 5125,
              "ApproximateSizeInMemory": 0,
              "MinFence": null,
              "MaxFence": null
            }
          ]
        },
        {
          "PartitionKey": 104,
          "VersionKey": 0,
          "RowCount": 144,
          "SizeOnDisk": 5125,
          "ApproximateMemorySize": 0,
          "NumClusters": 1,
          "MinFence": null,
          "MaxFence": null,
          "Clusters": [
            {
              "PartitionKey": 104,
              "ClusterKey": 0,
              "RowCount": 144,
              "SizeOnDisk": 5125,
              "ApproximateSizeInMemory": 0,
              "MinFence": null,
              "MaxFence": null
            }
          ]
        },
        {
          "PartitionKey": 5,
          "VersionKey": 0,
          "RowCount": 144,
          "SizeOnDisk": 5125,
          "ApproximateMemorySize": 0,
          "NumClusters": 1,
          "MinFence": null,
          "MaxFence": null,
          "Clusters": [
            {
              "PartitionKey": 5,
              "ClusterKey": 0,
              "RowCount": 144,
              "SizeOnDisk": 5125,
              "ApproximateSizeInMemory": 0,
              "MinFence": null,
              "MaxFence": null
            }
          ]
        },
        {
          "PartitionKey": 103,
          "VersionKey": 0,
          "RowCount": 144,
          "SizeOnDisk": 5125,
          "ApproximateMemorySize": 0,
          "NumClusters": 1,
          "MinFence": null,
          "MaxFence": null,
          "Clusters": [
            {
              "PartitionKey": 103,
              "ClusterKey": 0,
              "RowCount": 144,
              "SizeOnDisk": 5125,
              "ApproximateSizeInMemory": 0,
              "MinFence": null,
              "MaxFence": null
            }
          ]
        },
        {
          "PartitionKey": 4,
          "VersionKey": 0,
          "RowCount": 288,
          "SizeOnDisk": 9169,
          "ApproximateMemorySize": 0,
          "NumClusters": 1,
          "MinFence": null,
          "MaxFence": null,
          "Clusters": [
            {
              "PartitionKey": 4,
              "ClusterKey": 0,
              "RowCount": 288,
              "SizeOnDisk": 9169,
              "ApproximateSizeInMemory": 0,
              "MinFence": null,
              "MaxFence": null
            }
          ]
        },
        {
          "PartitionKey": 102,
          "VersionKey": 0,
          "RowCount": 144,
          "SizeOnDisk": 5125,
          "ApproximateMemorySize": 0,
          "NumClusters": 1,
          "MinFence": null,
          "MaxFence": null,
          "Clusters": [
            {
              "PartitionKey": 102,
              "ClusterKey": 0,
              "RowCount": 144,
              "SizeOnDisk": 5125,
              "ApproximateSizeInMemory": 0,
              "MinFence": null,
              "MaxFence": null
            }
          ]
        },
        {
          "PartitionKey": 3,
          "VersionKey": 0,
          "RowCount": 288,
          "SizeOnDisk": 9169,
          "ApproximateMemorySize": 0,
          "NumClusters": 1,
          "MinFence": null,
          "MaxFence": null,
          "Clusters": [
            {
              "PartitionKey": 3,
              "ClusterKey": 0,
              "RowCount": 288,
              "SizeOnDisk": 9169,
              "ApproximateSizeInMemory": 0,
              "MinFence": null,
              "MaxFence": null
            }
          ]
        },
        {
          "PartitionKey": 2,
          "VersionKey": 0,
          "RowCount": 144,
          "SizeOnDisk": 5125,
          "ApproximateMemorySize": 0,
          "NumClusters": 1,
          "MinFence": null,
          "MaxFence": null,
          "Clusters": [
            {
              "PartitionKey": 2,
              "ClusterKey": 0,
              "RowCount": 144,
              "SizeOnDisk": 5125,
              "ApproximateSizeInMemory": 0,
              "MinFence": null,
              "MaxFence": null
            }
          ]
        },
        {
          "PartitionKey": 1,
          "VersionKey": 0,
          "RowCount": 144,
          "SizeOnDisk": 5125,
          "ApproximateMemorySize": 0,
          "NumClusters": 1,
          "MinFence": null,
          "MaxFence": null,
          "Clusters": [
            {
              "PartitionKey": 1,
              "ClusterKey": 0,
              "RowCount": 144,
              "SizeOnDisk": 5125,
              "ApproximateSizeInMemory": 0,
              "MinFence": null,
              "MaxFence": null
            }
          ]
        },
        {
          "PartitionKey": 7,
          "VersionKey": 0,
          "RowCount": 144,
          "SizeOnDisk": 5125,
          "ApproximateMemorySize": 0,
          "NumClusters": 1,
          "MinFence": null,
          "MaxFence": null,
          "Clusters": [
            {
              "PartitionKey": 7,
              "ClusterKey": 0,
              "RowCount": 144,
              "SizeOnDisk": 5125,
              "ApproximateSizeInMemory": 0,
              "MinFence": null,
              "MaxFence": null
            }
          ]
        },
        {
          "PartitionKey": 6,
          "VersionKey": 0,
          "RowCount": 144,
          "SizeOnDisk": 5125,
          "ApproximateMemorySize": 0,
          "NumClusters": 1,
          "MinFence": null,
          "MaxFence": null,
          "Clusters": [
            {
              "PartitionKey": 6,
              "ClusterKey": 0,
              "RowCount": 144,
              "SizeOnDisk": 5125,
              "ApproximateSizeInMemory": 0,
              "MinFence": null,
              "MaxFence": null
            }
          ]
        },
        {
          "PartitionKey": 104,
          "VersionKey": 0,
          "RowCount": 144,
          "SizeOnDisk": 5125,
          "ApproximateMemorySize": 0,
          "NumClusters": 1,
          "MinFence": null,
          "MaxFence": null,
          "Clusters": [
            {
              "PartitionKey": 104,
              "ClusterKey": 0,
              "RowCount": 144,
              "SizeOnDisk": 5125,
              "ApproximateSizeInMemory": 0,
              "MinFence": null,
              "MaxFence": null
            }
          ]
        },
        {
          "PartitionKey": 5,
          "VersionKey": 0,
          "RowCount": 144,
          "SizeOnDisk": 5125,
          "ApproximateMemorySize": 0,
          "NumClusters": 1,
          "MinFence": null,
          "MaxFence": null,
          "Clusters": [
            {
              "PartitionKey": 5,
              "ClusterKey": 0,
              "RowCount": 144,
              "SizeOnDisk": 5125,
              "ApproximateSizeInMemory": 0,
              "MinFence": null,
              "MaxFence": null
            }
          ]
        },
        {
          "PartitionKey": 103,
          "VersionKey": 0,
          "RowCount": 144,
          "SizeOnDisk": 5125,
          "ApproximateMemorySize": 0,
          "NumClusters": 1,
          "MinFence": null,
          "MaxFence": null,
          "Clusters": [
            {
              "PartitionKey": 103,
              "ClusterKey": 0,
              "RowCount": 144,
              "SizeOnDisk": 5125,
              "ApproximateSizeInMemory": 0,
              "MinFence": null,
              "MaxFence": null
            }
          ]
        },
        {
          "PartitionKey": 4,
          "VersionKey": 0,
          "RowCount": 288,
          "SizeOnDisk": 9169,
          "ApproximateMemorySize": 0,
          "NumClusters": 1,
          "MinFence": null,
          "MaxFence": null,
          "Clusters": [
            {
              "PartitionKey": 4,
              "ClusterKey": 0,
              "RowCount": 288,
              "SizeOnDisk": 9169,
              "ApproximateSizeInMemory": 0,
              "MinFence": null,
              "MaxFence": null
            }
          ]
        },
        {
          "PartitionKey": 102,
          "VersionKey": 0,
          "RowCount": 144,
          "SizeOnDisk": 5125,
          "ApproximateMemorySize": 0,
          "NumClusters": 1,
          "MinFence": null,
          "MaxFence": null,
          "Clusters": [
            {
              "PartitionKey": 102,
              "ClusterKey": 0,
              "RowCount": 144,
              "SizeOnDisk": 5125,
              "ApproximateSizeInMemory": 0,
              "MinFence": null,
              "MaxFence": null
            }
          ]
        },
        {
          "PartitionKey": 3,
          "VersionKey": 0,
          "RowCount": 288,
          "SizeOnDisk": 9169,
          "ApproximateMemorySize": 0,
          "NumClusters": 1,
          "MinFence": null,
          "MaxFence": null,
          "Clusters": [
            {
              "PartitionKey": 3,
              "ClusterKey": 0,
              "RowCount": 288,
              "SizeOnDisk": 9169,
              "ApproximateSizeInMemory": 0,
              "MinFence": null,
              "MaxFence": null
            }
          ]
        },
        {
          "PartitionKey": 2,
          "VersionKey": 0,
          "RowCount": 144,
          "SizeOnDisk": 5125,
          "ApproximateMemorySize": 0,
          "NumClusters": 1,
          "MinFence": null,
          "MaxFence": null,
          "Clusters": [
            {
              "PartitionKey": 2,
              "ClusterKey": 0,
              "RowCount": 144,
              "SizeOnDisk": 5125,
              "ApproximateSizeInMemory": 0,
              "MinFence": null,
              "MaxFence": null
            }
          ]
        }
      ]
    }
  },
  "ApiName": null,
  "Repartition": false,
  "Unpartition": false,
  "ApiEnabled": false,
  "DimensionUsages": [
    {
      "DimensionName": "Version",
      "AttributeName": "Version Name",
      "SortOrder": 0,
      "DimensionType": "Regular"
    },
    {
      "DimensionName": "NamedNode",
      "AttributeName": "Retail_MFP_LP_Product_Location_NN",
      "SortOrder": 1,
      "DimensionType": "NamedNode"
    },
    {
      "DimensionName": "NamedNode",
      "AttributeName": "Retail_MFP_LP_Time_NN",
      "SortOrder": 2,
      "DimensionType": "NamedNode"
    },
    {
      "DimensionName": "NamedNode",
      "AttributeName": "Retail_MFP_Common_NN",
      "SortOrder": 3,
      "DimensionType": "NamedNode"
    }
  ],
  "MeasureGroupSortOrders": [],
  "AutoIdEnabled": false
}