{
  "AttributeName": "Disable Upstream Consumption",
  "AttributeId": "4387c6cf-6929-4cfb-9ca8-d22ce341dfef",
  "AttributeHierarchyEnabled": false,
  "IsKey": false,
  "Description": "Disable Upstream Consumption",
  "OrderBy": "Key",
  "KeyColumnName": "DisableUpstreamConsumptionKey",
  "NameColumnName": null,
  "KeyColumnDataType": "boolean",
  "SeedTags": false,
  "KeyGenerationType": null,
  "PickListName": null,
  "ConfigJson": {
    "IsVisible": true,
    "IsEditable": true
  },
  "FormatString": "#,##0; (#,##0)",
  "Translation": null,
  "Aliases": [],
  "ApiName": null,
  "ApiDisabled": false
}