{
  "Name": "SupplyPlan065DIncrementalPlanEnhanced",
  "Description": null,
  "ActionButtonId": "676befd5-3725-af01-620c-83262dd966df",
  "Tooltip": "Run Incremental Plan Daily with Demand Selection",
  "ActionButtonType": "Rule",
  "Alignment": "right",
  "IsPopOver": true,
  "IsGlobal": false,
  "ActionClickHandler": null,
  "Icon": null,
  "Image": null,
  "ConfigJson": {
    "icon": "line-chart",
    "Position": 0,
    "SubmitButton": {
      "Label": "Submit"
    },
    "ResetButton": {
      "Label": "Reset"
    },
    "CloseButton": {
      "Label": "Close",
      "ConfirmMessage": "Unsaved changes will be lost. Continue?"
    },
    "NotifyAll": false,
    "IBPLRules": [
      {
        "template": "//--For tracking the start time\nexec procedure ActionStart {\"User\" : \"{{User}}\" , \"RunID\" : \"{{RunID}}\",\"RunIDParent\" : \"{{RunIDParent}}\", \"ActionType\" : \"{{ActionType}}\", \"Product\" : \"{{Product}}\",\"ScenarioCount\" : {{ScenarioCount}},\"VersionCount\" : {{VersionCount}},\"ScenarioName\" : \"{{Version}}\"};"
      },
      {
        "template": "//Deleting the Previously populated Flags-----------------------\n\nscope: ([Demand Type].[Demand Type] * [Version].[Version Name]{{#filter Version}} * [Demand].[DemandID] * [Location].[Location] * [Sales Domain].[Customer Group] * [Time].[Day] * [Item].[Item]);\nMeasure.[D Demand Incremental Flag] = null;\nend scope;"
      },
      {
        "template": "//Deleting the type of demand selection type-------------\n\nScope: ([Version].[Version Name]{{#filter Version}});\nMeasure.[D Is Global Scope] = null;\nMeasure.[D Is Local Scope] = null;\nMeasure.[D Is Rule Based] = null;\nMeasure.[D Short And Late Only Selection] = null;\nend scope;\n\n\n"
      },
      {
        "template": "//Demand Node Selection-----------------------\n\n{{#if LateShort}}\n\n//Late and Shorted Demands Only------------------\n\n{{#if One}}\n\n//Selecting Demands from Global Segment-----------------\n\ncartesian Scope: ([Version].[Version Name]{{#filter Version}});\nMeasure.[D Is Global Scope] = 1;\nMeasure.[D Short And Late Only Selection] = TRUE;\nend scope;\n\n\n{{/if}}\n\n\n{{#if Two}}\n\n//Selecting Demands from Local Node-----------------\n\ncartesian Scope: ([Version].[Version Name]{{#filter Version}});\nMeasure.[D Is Local Scope] = 1;\nMeasure.[D Short And Late Only Selection] = TRUE;\nend scope;\n\n\n{{/if}}\n\n\n{{#if Three}}\n\n//Selecting Demands from Downstream nodes-----------------\n\ncartesian Scope: ([Version].[Version Name]{{#filter Version}});\nMeasure.[D Is Rule Based] = 1;\nMeasure.[D Short And Late Only Selection] = TRUE;\nend scope;\n\n{{/if}}\n\n{{#else}}\n\n//All the Demands from the selected segment type------------------\n\n{{#if One}}\n\n//Selecting Demands from Global Segment-----------------\n\ncartesian Scope: ([Version].[Version Name]{{#filter Version}});\nMeasure.[D Is Global Scope] = 1;\nend scope;\n\n{{/if}}\n\n\n{{#if Two}}\n\n//Selecting Demands from Local Node-----------------\n\ncartesian Scope: ([Version].[Version Name]{{#filter Version}});\nMeasure.[D Is Local Scope] = 1;\nend scope;\n\n{{/if}}\n\n\n{{#if Three}}\n\n//Selecting Demands from Downstream nodes-----------------\n\ncartesian Scope: ([Version].[Version Name]{{#filter Version}});\nMeasure.[D Is Rule Based] = 1;\nend scope;\n\n{{/if}}\n\n{{/if}}\n\n\n\n{{#if Four}}\n\n//Selecting Demands those are Overridden and Selected from UI-----------------\n\ncartesian scope: ([Sales Domain].[Customer Group] * Demand.[DemandID] * [Item].[Item] * &AllDemandLocations * [Demand Type].[Demand Type] * Version.[Version Name]{{#filter Version}} * &DailyPlanningHorizon);\nMeasure.[D Demand Incremental Flag] = if(~ISNULL(Measure.[D Demand Quantity Override]) || Measure.[D Demand Incremental Flag Input] == True) then 1;\nend scope;\n\n{{/if}}\n"
      },
      {
        "template": "exec procedure RunIncrementalPlanDaily {\"Version\" : [{{#csv Version}}], \"DSolverCurrentBucket\" : \"{{SolverCurrentBucket}}\" , \"DSolverStartingBucket\" : \"{{SolverStartingBucket}}\", \"DSolverEndingBucket\" : \"{{SolverEndingBucket}}\",\"DSolverDemandSliceFactor\" : {{SolverDemandSliceFactor}},\"DSolverFlagAllowNOH\" : \"{{SolverFlagAllowNOH}}\",\"DSolverFlagRespectFreezeWindowForWIPs\" : \"{{SolverFlagRespectFreezeWindowForWIPs}}\",\"DSolverFlagMinimizeInventoryBuildAhead\" : \"{{SolverFlagMinimizeInventoryBuildAhead}}\",\"DSolverFlagInventoryPlanType\" : \"{{SolverFlagInventoryPlanType}}\",\"DSolverFlagInventoryPlanPolicy\" : \"{{SolverFlagInventoryPlanPolicy}}\",\"DSolverInventoryPlanBands\" : \"{{SolverInventoryPlanBands}}\",\"DMaterialConstrained\" : \"{{MaterialConstrained}}\",\"DCapacityConstrained\" : \"{{CapacityConstrained}}\",\"DStorageConstrained\" : \"{{StorageConstrained}}\",\"DSolverDeleteData\" : \"{{SolverDeleteData}}\",\"DSolverCapacityBandsToMinimizeLateness\" : \"{{SolverCapacityBandsToMinimizeLateness}}\",\"DSolverSSBuildAheadLimit\" : {{SolverSSBuildAheadLimit}},\"DSolverFlagMinimizeNoCarryViolations\" : \"{{SolverFlagMinimizeNoCarryViolations}}\",\"DSolverFlagInventoryPlanStrategy\" : \"{{SolverFlagInventoryPlanStrategy}}\",\"DSolverFlagTryMaterialReallocationInRCA\" : \"{{SolverFlagTryMaterialReallocationInRCA}}\",\"DNoPeggings\" : \"{{SolverNoPeggings}}\",\"DSupplyCodePlan\" : \"{{SolverSupplyCodePlan}}\",\"DShelfLifePlan\" : \"{{SolverShelfLifePlan}}\",\"DPlanDateHardPeg\" : \"{{SolverPlanDateHardPeg}}\",\"DMinTimeHardPeg\" : \"{{SolverMinTimeHardPeg}}\",\"DLatePlanStrategy\" : \"{{SolverLatePlanStrategy}}\", \"DSolverGlobalBuildAheadLimit\" : {{SolverDemandBuildAheadLimit}},\"DSolverGlobalBuildLateLimit\" : {{SolverDemandBuildLateLimit}}, \"DDemandSliceThreshold\" : {{SolverDemandSliceThreshold}}};"
      },
      {
        "template": "exec procedure DailyCopySolverOutputsToUI {\"Version\" : [{{#csv Version}}]};"
      },
      {
        "template": "exec procedure DailyPlanOutputCOC {\"Version\" : [{{#csv Version}}]};"
      },
      {
        "template": "//--For tracking the end time\nexec procedure ActionEnd {\"User\" : \"{{User}}\" , \"RunID\" : \"{{RunID}}\"};"
      }
    ],
    "JavascriptRules": [],
    "FieldBindings": [
      {
        "fieldName": "Version",
        "title": "Version",
        "type": "picklistDropdown",
        "selectionType": "single",
        "clearSearch": true,
        "source": "filter",
        "DimensionName": "Version",
        "LevelAttributeName": "Version Name",
        "visible": true,
        "isEditable": true,
        "validation": {
          "maxLength": "0",
          "required": true
        }
      },
      {
        "fieldName": "SolverCurrentBucket",
        "title": "SolverCurrentBucket",
        "type": "string",
        "selectionType": "single",
        "clearSearch": true,
        "select": "ALL",
        "source": "datasource",
        "key": "SolverCurrentBucket",
        "valueField": "Name",
        "textField": "Name",
        "visible": false,
        "isEditable": false,
        "validation": {
          "maxLength": "0",
          "required": true
        },
        "overrideFieldBindingType": false
      },
      {
        "fieldName": "SolverStartingBucket",
        "title": "SolverStartingBucket",
        "type": "string",
        "selectionType": "single",
        "clearSearch": true,
        "select": "ALL",
        "source": "datasource",
        "key": "SolverStartingBucket",
        "valueField": "Name",
        "textField": "Name",
        "visible": false,
        "isEditable": false,
        "validation": {
          "maxLength": "0",
          "required": true
        },
        "overrideFieldBindingType": false
      },
      {
        "fieldName": "SolverEndingBucket",
        "title": "SolverEndingBucket",
        "type": "string",
        "selectionType": "single",
        "clearSearch": true,
        "select": "ALL",
        "source": "datasource",
        "key": "SolverEndingBucket",
        "valueField": "Name",
        "textField": "Name",
        "visible": false,
        "isEditable": false,
        "validation": {
          "maxLength": "0",
          "required": true
        },
        "overrideFieldBindingType": false
      },
      {
        "fieldName": "SolverDemandSliceFactor",
        "title": "Demand Slice Factor",
        "type": "picklistDropdown",
        "selectionType": "single",
        "clearSearch": true,
        "select": "ALL",
        "source": "datasource",
        "key": "SolverDemandSliceFactor",
        "valueField": "D Solver Demand Slice Factor",
        "textField": "D Solver Demand Slice Factor",
        "visible": false,
        "isEditable": false,
        "cascadeFrom": "Version",
        "validation": {
          "maxLength": "0",
          "required": true
        },
        "overrideFieldBindingType": false
      },
      {
        "fieldName": "SolverFlagAllowNOH",
        "title": "Solver Flag Allow NOH",
        "type": "picklistDropdown",
        "selectionType": "single",
        "clearSearch": true,
        "source": "datasource",
        "key": "SolverFlagAllowNOH",
        "valueField": "D Solver Flag Allow NOH",
        "textField": "D Solver Flag Allow NOH",
        "visible": false,
        "isEditable": false,
        "validation": {
          "maxLength": "0",
          "required": true
        },
        "cascadeFrom": "Version",
        "overrideFieldBindingType": false
      },
      {
        "fieldName": "SolverFlagRespectFreezeWindowForWIPs",
        "title": "Solver Flag Respect Freeze Window For WIPs",
        "Description": "Solver Flag Respect Freeze Window For WIPs",
        "type": "picklistDropdown",
        "selectionType": "single",
        "clearSearch": true,
        "select": "ALL",
        "source": "datasource",
        "key": "SolverFlagRespectFreezeWindowForWIPs",
        "valueField": "D Solver Flag Respect Freeze Window For WIPs",
        "textField": "D Solver Flag Respect Freeze Window For WIPs",
        "visible": false,
        "isEditable": false,
        "cascadeFrom": "Version",
        "validation": {
          "maxLength": "0",
          "required": true
        },
        "overrideFieldBindingType": false
      },
      {
        "fieldName": "SolverFlagInventoryPlanType",
        "title": "Solver Flag Inventory Plan Type",
        "Description": "Solver Flag Inventory Plan Type",
        "type": "picklistDropdown",
        "selectionType": "single",
        "clearSearch": true,
        "select": "ALL",
        "source": "datasource",
        "key": "SolverFlagInventoryPlanType",
        "valueField": "D Solver Flag Inventory Plan Type Modified",
        "textField": "D Solver Flag Inventory Plan Type Modified",
        "visible": false,
        "isEditable": false,
        "cascadeFrom": "Version",
        "validation": {
          "maxLength": "0",
          "required": true
        },
        "overrideFieldBindingType": false
      },
      {
        "fieldName": "SolverInventoryPlanBands",
        "title": "Solver Inventory Plan Bands",
        "Description": "Solver Inventory Plan Bands",
        "type": "picklistDropdown",
        "selectionType": "single",
        "clearSearch": true,
        "select": "ALL",
        "source": "datasource",
        "key": "SolverInventoryPlanBands",
        "valueField": "D Solver Inventory Plan Bands",
        "textField": "D Solver Inventory Plan Bands",
        "visible": false,
        "isEditable": false,
        "cascadeFrom": "Version",
        "validation": {
          "maxLength": "0",
          "required": true
        },
        "overrideFieldBindingType": false
      },
      {
        "fieldName": "SolverDeleteData",
        "title": "Solver Delete Data",
        "type": "picklistDropdown",
        "selectionType": "single",
        "clearSearch": true,
        "select": "ALL",
        "source": "datasource",
        "key": "SolverDeleteData",
        "valueField": "D Solver Delete Data",
        "textField": "D Solver Delete Data",
        "visible": false,
        "isEditable": false,
        "cascadeFrom": "Version",
        "validation": {
          "maxLength": "0",
          "required": true
        },
        "overrideFieldBindingType": false
      },
      {
        "fieldName": "SolverCapacityBandsToMinimizeLateness",
        "title": "Use Capacity Bands To Minimize Lateness",
        "Description": "Use Capacity Bands To Minimize Lateness",
        "type": "picklistDropdown",
        "selectionType": "single",
        "clearSearch": true,
        "select": "ALL",
        "source": "datasource",
        "key": "SolverCapacityBandsToMinimizeLateness",
        "valueField": "D Solver Capacity Bands To Minimize Lateness",
        "textField": "D Solver Capacity Bands To Minimize Lateness",
        "visible": false,
        "isEditable": false,
        "cascadeFrom": "Version",
        "validation": {
          "maxLength": "0",
          "required": true
        },
        "overrideFieldBindingType": false
      },
      {
        "fieldName": "SolverFlagInventoryPlanPolicy",
        "title": "D Solver Flag Inventory Plan Policy",
        "Description": "D Solver Flag Inventory Plan Policy",
        "type": "picklistDropdown",
        "selectionType": "single",
        "clearSearch": true,
        "select": "ALL",
        "source": "datasource",
        "key": "SolverFlagInventoryPlanPolicy",
        "valueField": "D Solver Flag Inventory Plan Policy",
        "textField": "D Solver Flag Inventory Plan Policy",
        "visible": false,
        "isEditable": false,
        "cascadeFrom": "Version",
        "validation": {
          "maxLength": "0",
          "required": true
        },
        "overrideFieldBindingType": false
      },
      {
        "fieldName": "SolverFlagMinimizeInventoryBuildAhead",
        "title": "D Solver Flag Minimize Inventory Build Ahead",
        "Description": "D Solver Flag Minimize Inventory Build Ahead",
        "type": "picklistDropdown",
        "selectionType": "single",
        "clearSearch": true,
        "select": "ALL",
        "source": "datasource",
        "key": "SolverFlagMinimizeInventoryBuildAhead",
        "valueField": "D Solver Flag Minimize Inventory Build Ahead",
        "textField": "D Solver Flag Minimize Inventory Build Ahead",
        "visible": false,
        "isEditable": false,
        "cascadeFrom": "Version",
        "validation": {
          "maxLength": "0",
          "required": true
        },
        "overrideFieldBindingType": false
      },
      {
        "fieldName": "CapacityConstrained",
        "title": "Capacity Constrained Flag",
        "type": "picklistDropdown",
        "selectionType": "single",
        "clearSearch": true,
        "select": "ALL",
        "source": "datasource",
        "key": "SolverCapacityConstrained",
        "valueField": "D Capacity Constrained",
        "textField": "D Capacity Constrained",
        "visible": false,
        "isEditable": false,
        "cascadeFrom": "Version",
        "validation": {
          "maxLength": "0",
          "required": true
        },
        "overrideFieldBindingType": false
      },
      {
        "fieldName": "MaterialConstrained",
        "title": "Material Constrained Flag",
        "type": "picklistDropdown",
        "selectionType": "single",
        "clearSearch": true,
        "select": "ALL",
        "source": "datasource",
        "key": "SolverMaterialConstrained",
        "valueField": "D Material Constrained",
        "textField": "D Material Constrained",
        "visible": false,
        "isEditable": false,
        "cascadeFrom": "Version",
        "validation": {
          "maxLength": "0",
          "required": true
        },
        "overrideFieldBindingType": false
      },
      {
        "fieldName": "StorageConstrained",
        "title": "Storage Constrained Flag",
        "type": "picklistDropdown",
        "selectionType": "single",
        "clearSearch": true,
        "select": "ALL",
        "source": "datasource",
        "key": "SolverStorageConstrained",
        "valueField": "D Storage Constrained",
        "textField": "D Storage Constrained",
        "visible": false,
        "isEditable": false,
        "cascadeFrom": "Version",
        "validation": {
          "maxLength": "0",
          "required": true
        },
        "overrideFieldBindingType": false
      },
      {
        "fieldName": "Now",
        "title": "Now",
        "Description": "Now",
        "type": "datetime",
        "selectionType": "single",
        "clearSearch": true,
        "select": "ALL",
        "source": "datasource",
        "key": "Now",
        "valueField": "result",
        "visible": false,
        "isEditable": false,
        "validation": {
          "maxLength": "0",
          "required": true
        },
        "overrideFieldBindingType": false
      },
      {
        "fieldName": "Constrained",
        "title": "Constrained or Procurement",
        "type": "picklistDropdown",
        "selectionType": "single",
        "clearSearch": true,
        "select": "ALL",
        "source": "picklist",
        "key": "SolverRunType",
        "visible": false,
        "isEditable": true,
        "validation": {
          "maxLength": "0",
          "required": true
        }
      },
      {
        "fieldName": "SolverSSBuildAheadLimit",
        "title": "SS Build Ahead Limit",
        "Description": "SS Build Ahead Limit",
        "type": "picklistDropdown",
        "selectionType": "single",
        "clearSearch": true,
        "select": "ALL",
        "source": "datasource",
        "key": "SolverSSBuildAheadLimit",
        "valueField": "D Solver SS Build Ahead Limit",
        "textField": "D Solver SS Build Ahead Limit",
        "visible": false,
        "isEditable": false,
        "cascadeFrom": "Version",
        "validation": {
          "maxLength": "0",
          "required": true
        },
        "overrideFieldBindingType": false
      },
      {
        "fieldName": "SolverFlagMinimizeNoCarryViolations",
        "title": "D Solver Flag Minimize No Carry Violations",
        "Description": "D Solver Flag Minimize No Carry Violations",
        "type": "picklistDropdown",
        "selectionType": "single",
        "clearSearch": true,
        "select": "ALL",
        "source": "datasource",
        "key": "SolverFlagMinimizeNoCarryViolations",
        "valueField": "D Solver Flag Minimize No Carry Violations",
        "textField": "D Solver Flag Minimize No Carry Violations",
        "visible": false,
        "isEditable": false,
        "cascadeFrom": "Version",
        "validation": {
          "maxLength": "0",
          "required": true
        },
        "overrideFieldBindingType": false
      },
      {
        "fieldName": "SolverFlagTryMaterialReallocationInRCA",
        "title": "Solver Flag Try Material Real location In RCA",
        "Description": "Solver Flag Try Material Real location In RCA",
        "type": "picklistDropdown",
        "selectionType": "single",
        "clearSearch": true,
        "source": "datasource",
        "key": "SolverFlagTryMaterialReallocationInRCA",
        "valueField": "D Solver Flag Try Material Reallocation In RCA",
        "textField": "D Solver Flag Try Material Reallocation In RCA",
        "visible": false,
        "isEditable": false,
        "cascadeFrom": "Version",
        "validation": {
          "maxLength": "0",
          "required": true
        },
        "overrideFieldBindingType": false
      },
      {
        "fieldName": "SolverFlagInventoryPlanStrategy",
        "title": "D Solver Flag Inventory Plan Strategy",
        "Description": "D Solver Flag Inventory Plan Strategy",
        "type": "picklistDropdown",
        "selectionType": "single",
        "clearSearch": true,
        "select": "ALL",
        "source": "datasource",
        "key": "SolverFlagInventoryPlanStrategy",
        "valueField": "D Solver Flag Inventory Plan Strategy",
        "textField": "D Solver Flag Inventory Plan Strategy",
        "visible": false,
        "isEditable": false,
        "cascadeFrom": "Version",
        "validation": {
          "maxLength": "0",
          "required": true
        },
        "overrideFieldBindingType": false
      },
      {
        "fieldName": "SolverDemandBuildAheadLimit",
        "title": "Demand Build Ahead Limit",
        "Description": "Demand Build Ahead Limit",
        "type": "picklistDropdown",
        "selectionType": "single",
        "clearSearch": true,
        "select": "ALL",
        "source": "datasource",
        "key": "SolverDemandBuildAheadLate",
        "valueField": "D Global Demand Build Ahead Limit",
        "textField": "D Global Demand Build Ahead Limit",
        "visible": false,
        "isEditable": true,
        "cascadeFrom": "Version",
        "validation": {
          "maxLength": "0",
          "required": false
        },
        "overrideFieldBindingType": false
      },
      {
        "fieldName": "SolverDemandBuildLateLimit",
        "title": "Demand Build Late Limit",
        "Description": "Demand Build Late Limit",
        "type": "picklistDropdown",
        "selectionType": "single",
        "clearSearch": true,
        "select": "ALL",
        "source": "datasource",
        "key": "SolverDemandBuildAheadLate",
        "valueField": "D Global Demand Build Late Limit",
        "textField": "D Global Demand Build Late Limit",
        "visible": false,
        "isEditable": true,
        "cascadeFrom": "Version",
        "validation": {
          "maxLength": "0",
          "required": false
        },
        "overrideFieldBindingType": false
      },
      {
        "fieldName": "SolverNoPeggings",
        "title": "SolverNoPeggings",
        "Description": "SolverNoPeggings",
        "type": "picklistDropdown",
        "selectionType": "single",
        "clearSearch": true,
        "select": "ALL",
        "source": "datasource",
        "key": "SolverNoPeggings",
        "valueField": "D Solver Flag No Peggings",
        "textField": "D Solver Flag No Peggings",
        "visible": false,
        "isEditable": false,
        "cascadeFrom": "Version",
        "validation": {
          "maxLength": "0",
          "required": true
        },
        "overrideFieldBindingType": false
      },
      {
        "fieldName": "SolverSupplyCodePlan",
        "title": "SolverSupplyCodePlan",
        "Description": "SolverSupplyCodePlan",
        "type": "picklistDropdown",
        "selectionType": "single",
        "clearSearch": true,
        "select": "ALL",
        "source": "datasource",
        "key": "SolverSupplyCodePlan",
        "valueField": "D Solver Flag SupplyCode Plan",
        "textField": "D Solver Flag SupplyCode Plan",
        "visible": false,
        "isEditable": false,
        "cascadeFrom": "Version",
        "validation": {
          "maxLength": "0",
          "required": true
        },
        "overrideFieldBindingType": false
      },
      {
        "fieldName": "SolverShelfLifePlan",
        "title": "SolverShelfLifePlan",
        "Description": "SolverShelfLifePlan",
        "type": "picklistDropdown",
        "selectionType": "single",
        "clearSearch": true,
        "select": "ALL",
        "source": "datasource",
        "key": "SolverShelfLifePlan",
        "valueField": "D Solver Flag Shelf Life Plan",
        "textField": "D Solver Flag Shelf Life Plan",
        "visible": false,
        "isEditable": false,
        "cascadeFrom": "Version",
        "validation": {
          "maxLength": "0",
          "required": true
        },
        "overrideFieldBindingType": false
      },
      {
        "fieldName": "SolverDemandSliceThreshold",
        "title": "SolverDemandSliceThreshold",
        "Description": "SolverDemandSliceThreshold",
        "type": "picklistDropdown",
        "selectionType": "single",
        "clearSearch": true,
        "select": "ALL",
        "source": "datasource",
        "key": "SolverDemandSliceThreshold",
        "valueField": "D Solver Demand Slice Threshold",
        "textField": "D Solver Demand Slice Threshold",
        "visible": false,
        "isEditable": false,
        "cascadeFrom": "Version",
        "validation": {
          "maxLength": "0",
          "required": true
        },
        "overrideFieldBindingType": false
      },
      {
        "fieldName": "SolverPlanDateHardPeg",
        "title": "SolverPlanDateHardPeg",
        "Description": "SolverPlanDateHardPeg",
        "type": "picklistDropdown",
        "selectionType": "single",
        "clearSearch": true,
        "select": "ALL",
        "source": "datasource",
        "key": "SolverPlanDateHardPeg",
        "valueField": "D Plan Date Hard Peg",
        "textField": "D Plan Date Hard Peg",
        "visible": false,
        "isEditable": false,
        "cascadeFrom": "Version",
        "validation": {
          "maxLength": "0",
          "required": true
        },
        "overrideFieldBindingType": false
      },
      {
        "fieldName": "SolverMinTimeHardPeg",
        "title": "SolverMinTimeHardPeg",
        "Description": "SolverMinTimeHardPeg",
        "type": "picklistDropdown",
        "selectionType": "single",
        "clearSearch": true,
        "select": "ALL",
        "source": "datasource",
        "key": "SolverMinTimeHardPeg",
        "valueField": "D Min Time Hard Peg",
        "textField": "D Min Time Hard Peg",
        "visible": false,
        "isEditable": false,
        "cascadeFrom": "Version",
        "validation": {
          "maxLength": "0",
          "required": true
        },
        "overrideFieldBindingType": false
      },
      {
        "fieldName": "SolverLatePlanStrategy",
        "title": "SolverLatePlanStrategy",
        "Description": "SolverLatePlanStrategy",
        "type": "string",
        "selectionType": "single",
        "clearSearch": true,
        "select": "ALL",
        "source": "datasource",
        "key": "SolverLatePlanStrategy",
        "valueField": "D Late Plan Strategy",
        "textField": "D Late Plan Strategy",
        "visible": false,
        "isEditable": false,
        "cascadeFrom": "Version",
        "validation": {
          "maxLength": "0",
          "required": true
        },
        "overrideFieldBindingType": false
      },
      {
        "fieldName": "User",
        "title": "User",
        "type": "picklistDropdown",
        "selectionType": "single",
        "clearSearch": true,
        "select": "ALL",
        "source": "datasource",
        "key": "CurrentUser",
        "valueField": "Name",
        "textField": "Name",
        "visible": false,
        "isEditable": false,
        "validation": {
          "maxLength": "0",
          "required": true
        },
        "overrideFieldBindingType": false
      },
      {
        "fieldName": "ScenarioCount",
        "title": "Scenario Count",
        "type": "number",
        "selectionType": "single",
        "clearSearch": true,
        "select": "ALL",
        "source": "datasource",
        "key": "ScenarioCount",
        "valueField": "result",
        "textField": "result",
        "visible": false,
        "isEditable": false,
        "validation": {
          "maxLength": "0",
          "required": true
        },
        "overrideFieldBindingType": false
      },
      {
        "fieldName": "VersionCount",
        "title": "Version Count",
        "type": "number",
        "selectionType": "single",
        "clearSearch": true,
        "select": "ALL",
        "source": "datasource",
        "key": "VersionCount",
        "valueField": "result",
        "textField": "result",
        "visible": false,
        "isEditable": false,
        "validation": {
          "maxLength": "0",
          "required": true
        },
        "overrideFieldBindingType": false
      },
      {
        "fieldName": "ActionType",
        "title": "Action Type",
        "type": "string",
        "selectionType": "single",
        "clearSearch": true,
        "source": "literal",
        "defaultValue": "Constrained Plan + Exceptions Plan Weekly",
        "visible": false,
        "isEditable": false,
        "validation": {
          "maxLength": "0",
          "required": true
        }
      },
      {
        "fieldName": "Product",
        "title": "Product",
        "type": "string",
        "selectionType": "single",
        "clearSearch": true,
        "source": "literal",
        "defaultValue": "Operational Planning",
        "visible": false,
        "isEditable": false,
        "validation": {
          "maxLength": "0",
          "required": true
        }
      },
      {
        "fieldName": "RunID",
        "title": "RunID",
        "type": "picklistDropdown",
        "selectionType": "single",
        "clearSearch": true,
        "select": "ALL",
        "source": "datasource",
        "key": "RunID",
        "valueField": "Name",
        "textField": "Name",
        "visible": false,
        "isEditable": false,
        "validation": {
          "maxLength": "0",
          "required": true
        },
        "cascadeFrom": "RunIDParent",
        "overrideFieldBindingType": false
      },
      {
        "fieldName": "RunIDParent",
        "title": "RunIDParent",
        "type": "picklistDropdown",
        "selectionType": "single",
        "clearSearch": true,
        "select": "ALL",
        "source": "datasource",
        "key": "RunIDParent",
        "valueField": "result",
        "textField": "result",
        "visible": false,
        "isEditable": false,
        "validation": {
          "maxLength": "0",
          "required": true
        },
        "overrideFieldBindingType": false
      },
      {
        "fieldName": "Plan",
        "title": "Run Financial Plan",
        "type": "boolean",
        "clearSearch": true,
        "source": "literal",
        "defaultValue": false,
        "visible": false,
        "isEditable": true,
        "validation": {
          "maxLength": "0",
          "required": false
        }
      },
      {
        "fieldName": "Demand",
        "title": "Demand Segment Type",
        "type": "picklistDropdown",
        "fieldGroup": "Demand Selection",
        "selectionType": "single",
        "clearSearch": true,
        "source": "localPicklist",
        "values": [
          {
            "Key": "Global",
            "Name": "Network Segment Demands"
          },
          {
            "Key": "Local",
            "Name": "Local Demands"
          },
          {
            "Key": "Rule",
            "Name": "Downstream Demands"
          },
          {
            "Key": "Manual",
            "Name": "Overidden & Manual Selection"
          }
        ],
        "valueField": "Key",
        "visible": true,
        "isEditable": true,
        "validation": {
          "maxLength": "0",
          "required": true
        },
        "Description": "Type of Demand Selection: Segmented Network: All the Demand nodes in the Segment where the Supply/Capacity/Demand is changed. Local Demands: All the Demands at the Node where Supply/Demand is changed. Downstream Demands: All the Demand Nodes downstream of the Node where the Supply/Capacity is changed. Overidden & Manual Selection: All the Demands selected through Manual selection button and Overidden demands"
      },
      {
        "fieldName": "LateShort",
        "title": "Only Late & Shorted Demands",
        "Description": "Check this to Select only the demands those are met Late / Shorted from the selected Demand Segment Type",
        "type": "boolean",
        "clearSearch": true,
        "source": "literal",
        "defaultValue": false,
        "visible": true,
        "isEditable": true,
        "validation": {
          "maxLength": "0",
          "required": true
        }
      },
      {
        "fieldName": "One",
        "title": "One",
        "Description": "One",
        "type": "picklistDropdown",
        "selectionType": "single",
        "clearSearch": true,
        "select": "ALL",
        "source": "datasource",
        "key": "OneDS",
        "valueField": "Value",
        "textField": "Value",
        "visible": false,
        "isEditable": true,
        "cascadeFrom": "Demand",
        "validation": {
          "maxLength": "0",
          "required": false
        },
        "overrideFieldBindingType": false
      },
      {
        "fieldName": "Two",
        "title": "Two",
        "Description": "Two",
        "type": "picklistDropdown",
        "selectionType": "single",
        "clearSearch": true,
        "select": "ALL",
        "source": "datasource",
        "key": "TwoDS",
        "valueField": "Value",
        "textField": "Value",
        "visible": false,
        "isEditable": false,
        "cascadeFrom": "Demand",
        "validation": {
          "maxLength": "0",
          "required": false
        },
        "overrideFieldBindingType": false
      },
      {
        "fieldName": "Three",
        "title": "Three",
        "Description": "Three",
        "type": "picklistDropdown",
        "selectionType": "single",
        "clearSearch": true,
        "select": "ALL",
        "source": "datasource",
        "key": "ThreeDS",
        "valueField": "Value",
        "textField": "Value",
        "visible": false,
        "isEditable": true,
        "cascadeFrom": "Demand",
        "validation": {
          "maxLength": "0",
          "required": false
        },
        "overrideFieldBindingType": false
      },
      {
        "fieldName": "Four",
        "title": "Four",
        "Description": "Four",
        "type": "picklistDropdown",
        "selectionType": "single",
        "clearSearch": true,
        "select": "ALL",
        "source": "datasource",
        "key": "FourDS",
        "valueField": "Value",
        "textField": "Value",
        "visible": false,
        "isEditable": true,
        "cascadeFrom": "Demand",
        "validation": {
          "maxLength": "0",
          "required": false
        },
        "overrideFieldBindingType": false
      }
    ],
    "Range": [],
    "DataSources": [
      {
        "Name": "SolverEndingBucket",
        "IBPLRules": [
          {
            "template": "SELECT &DailySolverEndBucket.element(0);"
          }
        ],
        "JavascriptRules": [],
        "FieldBindings": [],
        "IncludeDSFieldsOnly": false
      },
      {
        "Name": "SolverStartingBucket",
        "IBPLRules": [
          {
            "template": "SELECT &DailySolverStartBucket.element(0);"
          }
        ],
        "JavascriptRules": [],
        "FieldBindings": [],
        "IncludeDSFieldsOnly": false
      },
      {
        "Name": "SolverDemandSliceFactor",
        "IBPLRules": [
          {
            "template": "Select ([Version].[Version Name]{{#filter Version}} * {Measure.[D Solver Demand Slice Factor]});"
          }
        ],
        "JavascriptRules": [],
        "FieldBindings": [],
        "IncludeDSFieldsOnly": false
      },
      {
        "Name": "SolverFlagAllowNOH",
        "IBPLRules": [
          {
            "template": "Select ([Version].[Version Name]{{#filter Version}} * {Measure.[D Solver Flag Allow NOH]});"
          }
        ],
        "JavascriptRules": [],
        "FieldBindings": [],
        "IncludeDSFieldsOnly": false
      },
      {
        "Name": "SolverFlagRespectFreezeWindowForWIPs",
        "IBPLRules": [
          {
            "template": "Select ([Version].[Version Name]{{#filter Version}} * {Measure.[D Solver Flag Respect Freeze Window For WIPs]});"
          }
        ],
        "JavascriptRules": [],
        "FieldBindings": [],
        "IncludeDSFieldsOnly": false
      },
      {
        "Name": "SolverFlagMinimizeInventoryBuildAhead",
        "IBPLRules": [
          {
            "template": "Select ([Version].[Version Name]{{#filter Version}} * {Measure.[D Solver Flag Minimize Inventory Build Ahead]});"
          }
        ],
        "JavascriptRules": [],
        "FieldBindings": [],
        "IncludeDSFieldsOnly": false
      },
      {
        "Name": "SolverFlagInventoryPlanType",
        "IBPLRules": [
          {
            "template": "Select ([Version].[Version Name].[CurrentWorkingView] * { (if    (Measure.[D Solver Flag Inventory Plan Type] == \"BOS_TO_QUANTITY\") then \"QUANTITY\" else Measure.[D Solver Flag Inventory Plan Type]) as Transient.[D Solver Flag Inventory Plan Type Modified]});"
          }
        ],
        "JavascriptRules": [],
        "FieldBindings": [],
        "IncludeDSFieldsOnly": false
      },
      {
        "Name": "SolverFlagInventoryPlanPolicy",
        "IBPLRules": [
          {
            "template": "Select ([Version].[Version Name]{{#filter Version}} * {Measure.[D Solver Flag Inventory Plan Policy]});"
          }
        ],
        "JavascriptRules": [],
        "FieldBindings": [],
        "IncludeDSFieldsOnly": false
      },
      {
        "Name": "SolverInventoryPlanBands",
        "IBPLRules": [
          {
            "template": "Select ([Version].[Version Name]{{#filter Version}} * {Measure.[D Solver Inventory Plan Bands]});"
          }
        ],
        "JavascriptRules": [],
        "FieldBindings": [],
        "IncludeDSFieldsOnly": false
      },
      {
        "Name": "SolverCurrentBucket",
        "IBPLRules": [
          {
            "template": "SELECT &DailySolverCurrentBucket.element(0);"
          }
        ],
        "JavascriptRules": [],
        "FieldBindings": [],
        "IncludeDSFieldsOnly": false
      },
      {
        "Name": "Now",
        "IBPLRules": [
          {
            "template": "Select NOW();"
          }
        ],
        "JavascriptRules": [],
        "FieldBindings": [],
        "IncludeDSFieldsOnly": false
      },
      {
        "Name": "SolverMaterialConstrained",
        "IBPLRules": [
          {
            "template": "Select ([Version].[Version Name]{{#filter Version}} * {Measure.[D Material Constrained]});"
          }
        ],
        "JavascriptRules": [],
        "FieldBindings": [],
        "IncludeDSFieldsOnly": false
      },
      {
        "Name": "SolverCapacityConstrained",
        "IBPLRules": [
          {
            "template": "Select ([Version].[Version Name]{{#filter Version}} * {Measure.[D Capacity Constrained]});"
          }
        ],
        "JavascriptRules": [],
        "FieldBindings": [],
        "IncludeDSFieldsOnly": false
      },
      {
        "Name": "SolverCapacityBandsToMinimizeLateness",
        "IBPLRules": [
          {
            "template": "Select ([Version].[Version Name]{{#filter Version}} * {Measure.[D Solver Capacity Bands To Minimize Lateness]});"
          }
        ],
        "JavascriptRules": [],
        "FieldBindings": [],
        "IncludeDSFieldsOnly": false
      },
      {
        "Name": "SolverDeleteData",
        "IBPLRules": [
          {
            "template": "Select ([Version].[Version Name]{{#filter Version}} * {Measure.[D Solver Delete Data]});"
          }
        ],
        "JavascriptRules": [],
        "FieldBindings": [],
        "IncludeDSFieldsOnly": false
      },
      {
        "Name": "SolverRun",
        "IBPLRules": [
          {
            "template": "Select ([Version].[Version Name]{{#filter Version}} * {Measure.[D Solver Run Type Flag]});"
          }
        ],
        "JavascriptRules": [],
        "FieldBindings": [],
        "IncludeDSFieldsOnly": false
      },
      {
        "Name": "SolverSSBuildAheadLimit",
        "IBPLRules": [
          {
            "template": "Select ([Version].[Version Name]{{#filter Version}} * {Measure.[D Solver SS Build Ahead Limit]});"
          }
        ],
        "JavascriptRules": [],
        "FieldBindings": [],
        "IncludeDSFieldsOnly": false
      },
      {
        "Name": "SolverFlagMinimizeNoCarryViolations",
        "IBPLRules": [
          {
            "template": "Select ([Version].[Version Name]{{#filter Version}} * {Measure.[D Solver Flag Minimize No Carry Violations]});"
          }
        ],
        "JavascriptRules": [],
        "FieldBindings": [],
        "IncludeDSFieldsOnly": false
      },
      {
        "Name": "SolverFlagTryMaterialReallocationInRCA",
        "IBPLRules": [
          {
            "template": "Select ([Version].[Version Name]{{#filter Version}} * {Measure.[D Solver Flag Try Material Reallocation In RCA]});"
          }
        ],
        "JavascriptRules": [],
        "FieldBindings": [],
        "IncludeDSFieldsOnly": false
      },
      {
        "Name": "SolverFlagInventoryPlanStrategy",
        "IBPLRules": [
          {
            "template": "Select ([Version].[Version Name]{{#filter Version}} * {Measure.[D Solver Flag Inventory Plan Strategy]});"
          }
        ],
        "JavascriptRules": [],
        "FieldBindings": [],
        "IncludeDSFieldsOnly": false
      },
      {
        "Name": "SolverDemandBuildAheadLate",
        "IBPLRules": [
          {
            "template": "Select ([Version].[Version Name]{{#filter Version}} * {Measure.[D Global Demand Build Ahead Limit], Measure.[D Global Demand Build Late Limit]});"
          }
        ],
        "JavascriptRules": [],
        "IncludeDSFieldsOnly": false,
        "FieldBindings": []
      },
      {
        "Name": "SolverDemandBuildLateLimit",
        "IBPLRules": [
          {
            "template": "Select ([Version].[Version Name]{{#filter Version}} * {Measure.[D Global Demand Build Late Limit]});"
          }
        ],
        "JavascriptRules": [],
        "IncludeDSFieldsOnly": false,
        "FieldBindings": []
      },
      {
        "Name": "SolverNoPeggings",
        "IBPLRules": [
          {
            "template": "Select ([Version].[Version Name]{{#filter Version}} * {Measure.[D Solver Flag No Peggings]});"
          }
        ],
        "JavascriptRules": [],
        "FieldBindings": [],
        "IncludeDSFieldsOnly": false
      },
      {
        "Name": "SolverSupplyCodePlan",
        "IBPLRules": [
          {
            "template": "Select ([Version].[Version Name]{{#filter Version}} * {Measure.[D Solver Flag SupplyCode Plan]});"
          }
        ],
        "JavascriptRules": [],
        "FieldBindings": [],
        "IncludeDSFieldsOnly": false
      },
      {
        "Name": "SolverShelfLifePlan",
        "IBPLRules": [
          {
            "template": "Select ([Version].[Version Name]{{#filter Version}} * {Measure.[D Solver Flag Shelf Life Plan]});"
          }
        ],
        "JavascriptRules": [],
        "FieldBindings": [],
        "IncludeDSFieldsOnly": false
      },
      {
        "Name": "SolverPlanDateHardPeg",
        "IBPLRules": [
          {
            "template": "Select ([Version].[Version Name]{{#filter Version}} * {Measure.[D Plan Date Hard Peg]});"
          }
        ],
        "JavascriptRules": [],
        "FieldBindings": [],
        "IncludeDSFieldsOnly": false
      },
      {
        "Name": "SolverMinTimeHardPeg",
        "IBPLRules": [
          {
            "template": "Select ([Version].[Version Name]{{#filter Version}} * {Measure.[D Min Time Hard Peg]});"
          }
        ],
        "JavascriptRules": [],
        "FieldBindings": [],
        "IncludeDSFieldsOnly": false
      },
      {
        "Name": "SolverLatePlanStrategy",
        "IBPLRules": [
          {
            "template": "Select ([Version].[Version Name]{{#filter Version}} * {Measure.[D Late Plan Strategy]});"
          }
        ],
        "JavascriptRules": [],
        "FieldBindings": [],
        "IncludeDSFieldsOnly": false
      },
      {
        "Name": "SolverDemandSliceThreshold",
        "IBPLRules": [
          {
            "template": "Select ([Version].[Version Name]{{#filter Version}} * {Measure.[D Solver Demand Slice Threshold]});"
          }
        ],
        "JavascriptRules": [],
        "FieldBindings": [],
        "IncludeDSFieldsOnly": false
      },
      {
        "Name": "CurrentUser",
        "IBPLRules": [
          {
            "template": "Select CurrentUser();"
          }
        ],
        "JavascriptRules": [],
        "FieldBindings": [],
        "IncludeDSFieldsOnly": false
      },
      {
        "Name": "RunID",
        "IBPLRules": [
          {
            "template": "createmember ([Action].[RunID]={,\"{{RunIDParent}}-{{ActionType}}\"});"
          }
        ],
        "JavascriptRules": [],
        "FieldBindings": [],
        "IncludeDSFieldsOnly": false
      },
      {
        "Name": "ScenarioCount",
        "IBPLRules": [
          {
            "template": "Select ([Version].[Version Name].filter(#.Key <=0).count);"
          }
        ],
        "JavascriptRules": [],
        "FieldBindings": [],
        "IncludeDSFieldsOnly": false
      },
      {
        "Name": "VersionCount",
        "IBPLRules": [
          {
            "template": "Select ([Version].[Version Name].filter(#.Key >=0).count);"
          }
        ],
        "JavascriptRules": [],
        "FieldBindings": [],
        "IncludeDSFieldsOnly": false
      },
      {
        "Name": "RunIDParent",
        "IBPLRules": [
          {
            "template": "select NextLabel([RunID Parent]);"
          }
        ],
        "JavascriptRules": [],
        "IncludeDSFieldsOnly": false,
        "FieldBindings": []
      },
      {
        "Name": "SolverStorageConstrained",
        "IBPLRules": [
          {
            "template": "Select ([Version].[Version Name]{{#filter Version}} * {Measure.[D Storage Constrained]});"
          }
        ],
        "JavascriptRules": [],
        "IncludeDSFieldsOnly": false,
        "FieldBindings": []
      },
      {
        "Name": "OneDS",
        "IBPLRules": [
          {
            "template": "Select ([Version].[Version Name]{{#filter Version}} * { (if (\"{{Demand}}\" == \"Global\") then 1 else  Measure.[D Always Null]) as Transient.[Value]});\n"
          }
        ],
        "JavascriptRules": [],
        "IncludeDSFieldsOnly": false,
        "FieldBindings": []
      },
      {
        "Name": "TwoDS",
        "IBPLRules": [
          {
            "template": "Select ([Version].[Version Name]{{#filter Version}} * { (if (\"{{Demand}}\" == \"Local\") then 1 else  Measure.[D Always Null]) as Transient.[Value]});"
          }
        ],
        "JavascriptRules": [],
        "IncludeDSFieldsOnly": false,
        "FieldBindings": []
      },
      {
        "Name": "ThreeDS",
        "IBPLRules": [
          {
            "template": "Select ([Version].[Version Name]{{#filter Version}} * { (if (\"{{Demand}}\" == \"Rule\") then 1 else  Measure.[D Always Null]) as Transient.[Value]});"
          }
        ],
        "JavascriptRules": [],
        "IncludeDSFieldsOnly": false,
        "FieldBindings": []
      },
      {
        "Name": "FourDS",
        "IBPLRules": [
          {
            "template": "Select ([Version].[Version Name]{{#filter Version}} * { (if (\"{{Demand}}\" == \"Manual\") then 1 else  Measure.[D Always Null]) as Transient.[Value]});"
          }
        ],
        "JavascriptRules": [],
        "IncludeDSFieldsOnly": false,
        "FieldBindings": []
      }
    ],
    "AutoExecute": false,
    "isAsync": true,
    "hasMembersUpdates": false,
    "Compact": true,
    "TwoColumn": true,
    "IsGlobalForExcelAddIn": false,
    "ExcludeFromNavLink": false,
    "FilterFieldBindings": []
  },
  "Widget": null,
  "Roles": []
}