{
  "MeasureGroupName": "005 Value Tracking",
  "MeasureGroupId": "86c589aa-2176-438f-488d-0b150f91fa83",
  "ParentMeasureGroupName": null,
  "HasShadow": false,
  "MeasureGroupDescription": "005 Value Tracking",
  "MeasureGroupType": "Regular",
  "FactTableName": "Fact005ValueTracking",
  "SchemaMajorVersion": 0,
  "ConfigJson": {},
  "ApiName": null,
  "Repartition": false,
  "Unpartition": false,
  "ApiEnabled": false,
  "DimensionUsages": [
    {
      "DimensionName": "Version",
      "AttributeName": "Version Name",
      "SortOrder": 0,
      "DimensionType": "Regular"
    },
    {
      "DimensionName": "Sales Domain",
      "AttributeName": "Sales Planning Channel",
      "SortOrder": 1,
      "DimensionType": "Regular"
    },
    {
      "DimensionName": "NamedNode",
      "AttributeName": "Retail_MFP_BU_Product_Location_NN",
      "SortOrder": 2,
      "DimensionType": "NamedNode"
    }
  ],
  "MeasureGroupSortOrders": [
    {
      "DimensionName": "Version",
      "AttributeName": "Version Name",
      "SortOrder": 0,
      "DimensionType": "Regular"
    },
    {
      "DimensionName": "Item",
      "AttributeName": "L3",
      "SortOrder": 1,
      "DimensionType": "Regular"
    },
    {
      "DimensionName": "Location",
      "AttributeName": "Location Country",
      "SortOrder": 2,
      "DimensionType": "Regular"
    },
    {
      "DimensionName": "Sales Domain",
      "AttributeName": "Sales Planning Channel",
      "SortOrder": 3,
      "DimensionType": "Regular"
    }
  ],
  "AutoIdEnabled": false
}