{
  "AttributeName": "Deleted By",
  "AttributeId": "9fcda8fc-f937-f210-42c0-e49a97116b90",
  "AttributeHierarchyEnabled": false,
  "IsKey": false,
  "Description": "User Information",
  "OrderBy": "Key",
  "KeyColumnName": "DeletedByKey",
  "NameColumnName": null,
  "KeyColumnDataType": "string",
  "SeedTags": false,
  "KeyGenerationType": null,
  "PickListName": null,
  "ConfigJson": {
    "IsVisible": true,
    "IsEditable": false
  },
  "FormatString": "",
  "Translation": null,
  "Aliases": [],
  "ApiName": null,
  "ApiDisabled": false,
  "FgColorFormula": null,
  "BgColorFormula": null,
  "IsReservedBySystem": false
}