{
  "AttributeName": "Day",
  "AttributeId": "1b93431b-8f70-33dd-56e6-1148b73562d5",
  "AttributeHierarchyEnabled": true,
  "IsKey": true,
  "Description": "Day",
  "OrderBy": "Key",
  "KeyColumnName": "DayKey",
  "NameColumnName": "DayName",
  "KeyColumnDataType": "datetime",
  "SeedTags": false,
  "KeyGenerationType": "UserSupplied",
  "PickListName": null,
  "ConfigJson": {
    "ShowFilterAs": "TileView",
    "MemberDisplayNameEditable": true,
    "IsMultipleImage": false,
    "MemberDisplayColor": false
  },
  "FormatString": null,
  "Translation": null,
  "Aliases": [],
  "ApiName": null,
  "ApiDisabled": false
}