{
  "MeasureGroupName": "o9EKG Batch Performance",
  "MeasureGroupId": "99e16a31-7340-0acd-114e-6a4903984743",
  "ParentMeasureGroupName": null,
  "HasShadow": false,
  "MeasureGroupDescription": "o9EKG Batch Performance",
  "MeasureGroupType": "Regular",
  "FactTableName": "Facto9EKGBatchPerformance",
  "SchemaMajorVersion": 0,
  "ConfigJson": {},
  "ApiName": null,
  "Repartition": false,
  "Unpartition": false,
  "ApiEnabled": false,
  "DimensionUsages": [
    {
      "DimensionName": "Version",
      "AttributeName": "Version Name",
      "SortOrder": 0,
      "DimensionType": "Regular"
    },
    {
      "DimensionName": "o9EKG Batch",
      "AttributeName": "Batch ID",
      "SortOrder": 1,
      "DimensionType": "Regular"
    }
  ]
}