{
  "Name": "SupplyPlan150WShipmentPlanRecommendation",
  "Description": "Approve Shipment Plan Recommendation",
  "ActionButtonId": "9e1a99ca-fae0-40e0-8073-49ccf192bda7",
  "Tooltip": "Approve Shipment Plan Recommendation",
  "ActionButtonType": "Widget",
  "Alignment": "right",
  "IsPopOver": true,
  "IsGlobal": true,
  "ActionClickHandler": null,
  "Icon": null,
  "Image": null,
  "ConfigJson": {
    "DisplayName": "Approve ",
    "icon": "check-circle-o",
    "SubmitButton": {
      "Label": "Submit"
    },
    "ResetButton": {
      "Label": "Reset"
    },
    "CloseButton": {
      "Label": "Close",
      "ConfirmMessage": "Unsaved changes will be lost. Continue?"
    },
    "NotifyAll": false,
    "IBPLRules": [
      {
        "template": "exec plugin instance [SupplyPlan015WShipmentPlanRecommendation_py] for measures {[W Approved Shipment Plan]} using scope ([Version].[Version Name]{{#filter Version}}) using arguments {(ExecutionMode, \"MediumWeight\"),([DateFormat], \"d\")};"
      }
    ],
    "JavascriptRules": [],
    "FieldBindings": [
      {
        "fieldName": "Version",
        "title": "Version",
        "Description": "Version",
        "type": "picklistDropdown",
        "selectionType": "single",
        "clearSearch": true,
        "source": "filter",
        "DimensionName": "Version",
        "LevelAttributeName": "Version Name",
        "visible": true,
        "isEditable": true,
        "validation": {
          "maxLength": "0",
          "required": true
        }
      },
      {
        "fieldName": "Activity1",
        "title": "Activity1",
        "Description": "Activity1",
        "type": "picklistDropdown",
        "selectionType": "multiple",
        "clearSearch": true,
        "select": "ALL",
        "source": "datasource",
        "key": "DS",
        "valueField": "Activity1",
        "textField": "Activity1",
        "visible": false,
        "isEditable": false,
        "cascadeFrom": "Version",
        "validation": {
          "maxLength": "0",
          "required": true
        },
        "overrideFieldBindingType": false
      },
      {
        "fieldName": "Location",
        "title": "Location",
        "Description": "Location",
        "type": "picklistDropdown",
        "selectionType": "multiple",
        "clearSearch": true,
        "select": "ALL",
        "source": "datasource",
        "key": "DS",
        "valueField": "Location",
        "textField": "Location",
        "visible": false,
        "isEditable": false,
        "cascadeFrom": "Version",
        "validation": {
          "maxLength": "0",
          "required": true
        },
        "overrideFieldBindingType": false
      },
      {
        "fieldName": "Item",
        "title": "Item",
        "Description": "Item",
        "type": "picklistDropdown",
        "selectionType": "multiple",
        "clearSearch": true,
        "select": "ALL",
        "source": "datasource",
        "key": "DS",
        "valueField": "Item",
        "textField": "Item",
        "visible": false,
        "isEditable": false,
        "cascadeFrom": "Version",
        "validation": {
          "maxLength": "0",
          "required": true
        },
        "overrideFieldBindingType": false
      },
      {
        "fieldName": "Week",
        "title": "Week",
        "Description": "Week",
        "type": "picklistDropdown",
        "selectionType": "multiple",
        "clearSearch": true,
        "select": "ALL",
        "source": "datasource",
        "key": "DS",
        "valueField": "Week",
        "textField": "Week",
        "visible": false,
        "isEditable": false,
        "cascadeFrom": "Version",
        "validation": {
          "maxLength": "0",
          "required": true
        },
        "overrideFieldBindingType": false
      },
      {
        "fieldName": "Activity2",
        "title": "Activity2",
        "Description": "Activity2",
        "type": "picklistDropdown",
        "selectionType": "multiple",
        "clearSearch": true,
        "select": "ALL",
        "source": "datasource",
        "key": "DS",
        "valueField": "Activity2",
        "textField": "Activity2",
        "visible": false,
        "isEditable": false,
        "cascadeFrom": "Version",
        "validation": {
          "maxLength": "0",
          "required": true
        },
        "overrideFieldBindingType": false
      }
    ],
    "Range": [],
    "DataSources": [
      {
        "Name": "DS",
        "IBPLRules": [
          {
            "template": "Select (Activity1.Activity1 * [Location].[Location] *Version.[Version Name]{{#filter Version}}* [Item].[Item] * [Time].[Week] *Activity2.Activity2) on row,  ({Measure.[W Shipment Plan Recommendation Final]}) on column include memberproperties {Time.[Week],Key} where{Measure.[W Shipment Plan Approval]==true && IsNull(Measure.[W Shipment Plan Recommendation Approved Flag])};"
          }
        ],
        "JavascriptRules": [],
        "IncludeDSFieldsOnly": false,
        "FieldBindings": []
      }
    ],
    "AutoExecute": false,
    "isAsync": true,
    "hasMembersUpdates": false,
    "Compact": false,
    "TwoColumn": false,
    "IsGlobalForExcelAddIn": false,
    "ReturnFilterByUpdate": false,
    "ExcludeFromNavLink": false,
    "FilterFieldBindings": []
  },
  "Widget": null,
  "Roles": []
}