{
  "MeasureName": "TD Stock Turn Build %",
  "MeasureId": "2e3a3328-6dd3-de7f-0c0b-100ee9c3fb8e",
  "MeasureDescription": "TD Stock Turn Build %",
  "DataType": "number",
  "MeasureType": "Regular",
  "AggregateFunction": "Computed",
  "FormatString": "0.00%",
  "MeasureColumnName": "TDStockTurnBuild%",
  "MeasureFormula": "Safedivide((Measure.[TD Stock Turn] - Measure.[TD Stock Turn]@(Time.#.LeadOffset(-1))),Measure.[TD Stock Turn]@(Time.#.LeadOffset(-1)))",
  "IsEditable": false,
  "ApplyConversion": false,
  "ConversionFormula": "",
  "PickListName": null,
  "BgColorFormula": "",
  "FgColorFormula": "",
  "TrendFormula": "",
  "FormattingViewModel": "[]",
  "ParentMeasureName": null,
  "AssociationMeasure": false,
  "IsComputedByPlanningService": true,
  "ToolTip": "(TD Stock Turn - TD Stock Turn (of previous time period)) / TD Stock Turn (of previous time period)",
  "ConfigJson": {},
  "ApiName": null,
  "ApiDisabled": false,
  "IsReportingMeasure": false,
  "MeasureConditionalFormulaProperties": [],
  "PicklistSource": null
}