{
  "MeasureName": "Week Type Final",
  "MeasureId": "72ce1db3-123a-0ee6-37d4-6662e8f104f9",
  "MeasureDescription": "Final Type of Retail Pricing Strategy used for the week",
  "DataType": "picklist",
  "MeasureType": "Regular",
  "AggregateFunction": "DistinctSum",
  "FormatString": "",
  "MeasureColumnName": "WeekTypeFinal",
  "MeasureFormula": "",
  "IsEditable": false,
  "ApplyConversion": false,
  "ConversionFormula": "",
  "PickListName": "Sales Type",
  "BgColorFormula": " IF(Measure.[Week Type Final]==\"MD\") then argb( 1,255, 127, 127) else  IF(Measure.[Week Type Final]==\"PP\") then argb( 1,230, 230, 250) else  IF(Measure.[Week Type Final]==\"FP\") then argb( 1,144, 238, 144)",
  "FgColorFormula": " IF(Measure.[Week Type Final]==\"MD\") then argb( 1,0, 0, 0) else  IF(Measure.[Week Type Final]==\"PP\") then argb( 1,0, 0, 0) else  IF(Measure.[Week Type Final]==\"FP\") then argb( 1,0, 0, 0)",
  "TrendFormula": "",
  "FormattingViewModel": "[\r\n  {\r\n    \"BGCOLOR\": \"argb(1,255,127,127)\",\r\n    \"FGCOLOR\": \"argb(1,0,0,0)\",\r\n    \"Condition\": \"Measure.[Week Type Final]==\\\"MD\\\"\"\r\n  },\r\n  {\r\n    \"BGCOLOR\": \"argb(1,230,230,250)\",\r\n    \"FGCOLOR\": \"argb(1,0,0,0)\",\r\n    \"Condition\": \"Measure.[Week Type Final]==\\\"PP\\\"\"\r\n  },\r\n  {\r\n    \"BGCOLOR\": \"argb(1,144,238,144)\",\r\n    \"FGCOLOR\": \"argb(1,0,0,0)\",\r\n    \"Condition\": \"Measure.[Week Type Final]==\\\"FP\\\"\"\r\n  }\r\n]",
  "ParentMeasureName": null,
  "AssociationMeasure": false,
  "IsComputedByPlanningService": true,
  "ToolTip": "Final Type of Retail Pricing Strategy used for the week",
  "ConfigJson": {},
  "ApiName": null,
  "ApiDisabled": false,
  "IsReportingMeasure": false,
  "MeasureConditionalFormulaProperties": [
    {
      "MeasureName": null,
      "ConditionalFormula": "Measure.[Week Type Final]==\"FP\"",
      "BGCOLOR": "argb(1,144,238,144)",
      "LegendText": "",
      "DisplayOrder": 2
    },
    {
      "MeasureName": null,
      "ConditionalFormula": "Measure.[Week Type Final]==\"PP\"",
      "BGCOLOR": "argb(1,230,230,250)",
      "LegendText": "",
      "DisplayOrder": 1
    },
    {
      "MeasureName": null,
      "ConditionalFormula": "Measure.[Week Type Final]==\"MD\"",
      "BGCOLOR": "argb(1,255,127,127)",
      "LegendText": "",
      "DisplayOrder": 0
    }
  ],
  "PicklistSource": null
}