{
  "PickListName": "o9EKG Batch Types",
  "PickListId": "fa9000de-d17e-6f4e-28a4-4b50e0c0b79f",
  "PickListDescription": "List of Batch Types",
  "DataType": "string",
  "IsMultiSelectAllowed": false,
  "Values": [
    {
      "Value": "DP Daily",
      "DisplayName": "DP Daily",
      "DisplayPosition": 10,
      "Icon": null,
      "Color": null,
      "Image": null
    },
    {
      "Value": "DP Weekly",
      "DisplayName": "DP Weekly",
      "DisplayPosition": 20,
      "Icon": null,
      "Color": null,
      "Image": null
    },
    {
      "Value": "SP Daily",
      "DisplayName": "SP Daily",
      "DisplayPosition": 30,
      "Icon": null,
      "Color": null,
      "Image": null
    },
    {
      "Value": "SP Weekly",
      "DisplayName": "SP Weekly",
      "DisplayPosition": 40,
      "Icon": null,
      "Color": null,
      "Image": null
    },
    {
      "Value": "Default",
      "DisplayName": "Default",
      "DisplayPosition": 0,
      "Icon": null,
      "Color": null,
      "Image": null
    },
    {
      "Value": "Daily",
      "DisplayName": "Daily",
      "DisplayPosition": 5,
      "Icon": null,
      "Color": null,
      "Image": null
    },
    {
      "Value": "Weekly",
      "DisplayName": "Weekly",
      "DisplayPosition": 8,
      "Icon": null,
      "Color": null,
      "Image": null
    }
  ]
}