{
  "PickListName": "o9EKG Pipeline Groups",
  "PickListId": "3097611d-c7c4-a873-8848-edea65831869",
  "PickListDescription": "Pipeline Groups List",
  "DataType": "string",
  "IsMultiSelectAllowed": false,
  "Values": [
    {
      "Value": "EKG_IN_PipelineGroup",
      "DisplayName": "EKG_IN_PipelineGroup",
      "DisplayPosition": 10,
      "Icon": null,
      "Color": null,
      "Image": null
    },
    {
      "Value": "EKG_ODM_PipelineGroup",
      "DisplayName": "EKG_ODM_PipelineGroup",
      "DisplayPosition": 20,
      "Icon": null,
      "Color": null,
      "Image": null
    },
    {
      "Value": "EKG_LSU_PipelineGroup",
      "DisplayName": "EKG_LSU_PipelineGroup",
      "DisplayPosition": 30,
      "Icon": null,
      "Color": null,
      "Image": null
    },
    {
      "Value": "EKG_LSD_PipelineGroup",
      "DisplayName": "EKG_LSD_PipelineGroup",
      "DisplayPosition": 40,
      "Icon": null,
      "Color": null,
      "Image": null
    },
    {
      "Value": "EKG_OUT_PipelineGroup",
      "DisplayName": "EKG_OUT_PipelineGroup",
      "DisplayPosition": 50,
      "Icon": null,
      "Color": null,
      "Image": null
    },
    {
      "Value": "EKG_MasterData",
      "DisplayName": "EKG_MasterData",
      "DisplayPosition": 200,
      "Icon": null,
      "Color": null,
      "Image": null
    },
    {
      "Value": "EKG_FactData",
      "DisplayName": "EKG_FactData",
      "DisplayPosition": 250,
      "Icon": null,
      "Color": null,
      "Image": null
    },
    {
      "Value": "EKG_All",
      "DisplayName": "EKG_All",
      "DisplayPosition": 500,
      "Icon": null,
      "Color": null,
      "Image": null
    }
  ]
}