{
  "PickListName": "o9EKG LSU File Type",
  "PickListId": "7d8cad40-6817-c2f0-b710-9c76910a7d2f",
  "PickListDescription": "o9EKG LSU File Type",
  "DataType": "string",
  "IsMultiSelectAllowed": false,
  "Values": [
    {
      "Value": "Graph",
      "DisplayName": "Graph",
      "DisplayPosition": 2,
      "Icon": null,
      "Color": null,
      "Image": null
    },
    {
      "Value": "Dimension",
      "DisplayName": "Dimension",
      "DisplayPosition": 0,
      "Icon": null,
      "Color": null,
      "Image": null
    },
    {
      "Value": "Fact",
      "DisplayName": "Fact",
      "DisplayPosition": 1,
      "Icon": null,
      "Color": null,
      "Image": null
    }
  ]
}
