{
  "PickListName": "o9EKG LookupList",
  "PickListId": "75503877-ffca-108a-0462-9fd50d075229",
  "PickListDescription": "o9EKG LookupList",
  "DataType": "string",
  "IsMultiSelectAllowed": false,
  "Values": [
    {
      "Value": "SAP Sales Order Status",
      "DisplayName": "SAP Sales Order Status",
      "DisplayPosition": 0,
      "Icon": null,
      "Color": null,
      "Image": null
    },
    {
      "Value": "Oracle Sales Order Status",
      "DisplayName": "Oracle Sales Order Status",
      "DisplayPosition": 10,
      "Icon": null,
      "Color": null,
      "Image": null
    },
    {
      "Value": "SAP PO Status",
      "DisplayName": "SAP PO Status",
      "DisplayPosition": 20,
      "Icon": null,
      "Color": null,
      "Image": null
    },
    {
      "Value": "IN UnitCost",
      "DisplayName": "IN UnitCost",
      "DisplayPosition": 30,
      "Icon": null,
      "Color": null,
      "Image": null
    },
    {
      "Value": "inputList",
      "DisplayName": "inputList",
      "DisplayPosition": 40,
      "Icon": null,
      "Color": null,
      "Image": null
    }
  ]
}