{
  "PickListName": "o9EKG Join Type",
  "PickListId": "e1a1b9a9-dd60-072c-766a-688c83fe4b4e",
  "PickListDescription": "o9EKG Join Type",
  "DataType": "string",
  "IsMultiSelectAllowed": false,
  "Values": [
    {
      "Value": "Inner Join",
      "DisplayName": "Inner Join",
      "DisplayPosition": 0,
      "Icon": null,
      "Color": null,
      "Image": null
    },
    {
      "Value": "Left Join",
      "DisplayName": "Left Join",
      "DisplayPosition": 1,
      "Icon": null,
      "Color": null,
      "Image": null
    },
    {
      "Value": "Outer Join",
      "DisplayName": "Outer Join",
      "DisplayPosition": 3,
      "Icon": null,
      "Color": null,
      "Image": null
    },
    {
      "Value": "Right Join",
      "DisplayName": "Right Join",
      "DisplayPosition": 2,
      "Icon": null,
      "Color": null,
      "Image": null
    }
  ]
}