{
  "PickListName": "o9EKG Delimiter",
  "PickListId": "e216d0e1-4bff-ca35-a156-ffd22cf52b86",
  "PickListDescription": "o9EKG Delimiter",
  "DataType": "string",
  "IsMultiSelectAllowed": false,
  "Values": [
    {
      "Value": ";",
      "DisplayName": "Semicolon ;",
      "DisplayPosition": 2,
      "Icon": null,
      "Color": null,
      "Image": null
    },
    {
      "Value": "\"",
      "DisplayName": "Double Quotes \"",
      "DisplayPosition": 4,
      "Icon": null,
      "Color": null,
      "Image": null
    },
    {
      "Value": "~",
      "DisplayName": "Tilde ~",
      "DisplayPosition": 5,
      "Icon": null,
      "Color": null,
      "Image": null
    },
    {
      "Value": "|",
      "DisplayName": "PIPE |",
      "DisplayPosition": 1,
      "Icon": null,
      "Color": null,
      "Image": null
    },
    {
      "Value": "'",
      "DisplayName": "Single Quote '",
      "DisplayPosition": 3,
      "Icon": null,
      "Color": null,
      "Image": null
    },
    {
      "Value": "Comma",
      "DisplayName": "Comma",
      "DisplayPosition": 0,
      "Icon": null,
      "Color": null,
      "Image": null
    },
    {
      "Value": "^",
      "DisplayName": "Caret ^",
      "DisplayPosition": 6,
      "Icon": null,
      "Color": null,
      "Image": null
    }
  ]
}