{
  "PickListName": "o9EKG Duplicate Data Handling",
  "PickListId": "f972e58b-bfd1-c51b-9d28-3c780b544ccf",
  "PickListDescription": "o9EKG Duplicate Data Handling",
  "DataType": "string",
  "IsMultiSelectAllowed": false,
  "Values": [
    {
      "Value": "Aggregate with No Warning",
      "DisplayName": "Ignore",
      "DisplayPosition": 0,
      "Icon": null,
      "Color": null,
      "Image": null
    },
    {
      "Value": "Aggregate with Warning",
      "DisplayName": "Ignore with Warning",
      "DisplayPosition": 1,
      "Icon": null,
      "Color": null,
      "Image": null
    },
    {
      "Value": "Reject All Duplicates Except 1",
      "DisplayName": "Reject All Duplicates Except 1",
      "DisplayPosition": 2,
      "Icon": null,
      "Color": null,
      "Image": null
    },
    {
      "Value": "Reject All Duplicates",
      "DisplayName": "Reject All Duplicates",
      "DisplayPosition": 3,
      "Icon": null,
      "Color": null,
      "Image": null
    }
  ]
}