{
  "PickListName": "o9EKG Encryption Type",
  "PickListId": "ef3e8b0f-21e0-bc48-017e-632e5ec4307c",
  "PickListDescription": "o9EKG Encryption Type",
  "DataType": "string",
  "IsMultiSelectAllowed": false,
  "Values": [
    {
      "Value": "None",
      "DisplayName": "None",
      "DisplayPosition": 0,
      "Icon": null,
      "Color": null,
      "Image": null
    },
    {
      "Value": "PGP",
      "DisplayName": "PGP",
      "DisplayPosition": 1,
      "Icon": null,
      "Color": null,
      "Image": null
    }
  ]
}