{
  "PickListName": "o9EKG GC Pipeline Target",
  "PickListId": "166ada44-18b4-565e-e7b5-bc3bb1f535b8",
  "PickListDescription": "o9EKG GC Pipeline Target",
  "DataType": "string",
  "IsMultiSelectAllowed": false,
  "Values": [
    {
      "Value": "Tenant",
      "DisplayName": "Tenant",
      "DisplayPosition": 0,
      "Icon": null,
      "Color": null,
      "Image": null
    },
    {
      "Value": "LS External Table Overwrite",
      "DisplayName": "LS External Table Overwrite",
      "DisplayPosition": 10,
      "Icon": null,
      "Color": null,
      "Image": null
    },
    {
      "Value": "LS External Table Merge",
      "DisplayName": "LS External Table Merge",
      "DisplayPosition": 20,
      "Icon": null,
      "Color": null,
      "Image": null
    }
  ]
}