{
  "PickListName": "o9EKG Source Type",
  "PickListId": "45097dd7-0aca-de1a-b0eb-d58a154d5d7c",
  "PickListDescription": "o9EKG Source Type",
  "DataType": "string",
  "IsMultiSelectAllowed": false,
  "Values": [
    {
      "Value": "SFTP",
      "DisplayName": "SFTP",
      "DisplayPosition": 0,
      "Icon": null,
      "Color": null,
      "Image": null
    },
    {
      "Value": "SingleInsertAPI",
      "DisplayName": "SingleInsertAPI",
      "DisplayPosition": 40,
      "Icon": null,
      "Color": null,
      "Image": null
    },
    {
      "Value": "BulkInsertAPI",
      "DisplayName": "BulkInsertAPI",
      "DisplayPosition": 60,
      "Icon": null,
      "Color": null,
      "Image": null
    },
    {
      "Value": "ADLS",
      "DisplayName": "ADLS",
      "DisplayPosition": 10,
      "Icon": null,
      "Color": null,
      "Image": null
    },
    {
      "Value": "AWS_S3",
      "DisplayName": "AWS_S3",
      "DisplayPosition": 20,
      "Icon": null,
      "Color": null,
      "Image": null
    },
    {
      "Value": "GCS",
      "DisplayName": "GCS",
      "DisplayPosition": 30,
      "Icon": null,
      "Color": null,
      "Image": null
    },
    {
      "Value": "SingleInsertAPI_Resilient",
      "DisplayName": "SingleInsertAPI_Resilient",
      "DisplayPosition": 50,
      "Icon": null,
      "Color": null,
      "Image": null
    },
    {
      "Value": "BulkInsertAPI_Resilient",
      "DisplayName": "BulkInsertAPI_Resilient",
      "DisplayPosition": 70,
      "Icon": null,
      "Color": null,
      "Image": null
    },
    {
      "Value": "External API",
      "DisplayName": "External API",
      "DisplayPosition": 90,
      "Icon": null,
      "Color": null,
      "Image": null
    }
  ]
}