{
  "PickListName": "o9EKG Table Lock List",
  "PickListId": "f3f8c893-cbf7-3943-f7ba-c8857c6d762d",
  "PickListDescription": "Picklist to select value for Table Lock",
  "DataType": "string",
  "IsMultiSelectAllowed": false,
  "Values": [
    {
      "Value": "False",
      "DisplayName": "False",
      "DisplayPosition": 0,
      "Icon": null,
      "Color": null,
      "Image": null
    },
    {
      "Value": "True",
      "DisplayName": "True",
      "DisplayPosition": 0,
      "Icon": null,
      "Color": null,
      "Image": null
    }
  ]
}