{
  "PickListName": "o9EKG File Checks",
  "PickListId": "70b2967a-d3a9-e164-2aff-89f6efce64f8",
  "PickListDescription": "Mandatory or Optional Fields",
  "DataType": "string",
  "IsMultiSelectAllowed": false,
  "Values": [
    {
      "Value": "Optional",
      "DisplayName": "Optional",
      "DisplayPosition": 1,
      "Icon": null,
      "Color": null,
      "Image": null
    },
    {
      "Value": "Mandatory",
      "DisplayName": "Mandatory",
      "DisplayPosition": 2,
      "Icon": null,
      "Color": null,
      "Image": null
    }
  ]
}