{
  "Name": "SupplyPlan0010CreateUnloadingResource",
  "Description": null,
  "ActionButtonId": "5f883c77-05d9-fa5c-9e76-cc5d5d92ad0a",
  "Tooltip": "Create Loading Resource",
  "ActionButtonType": "Rule",
  "Alignment": "right",
  "IsPopOver": true,
  "IsGlobal": false,
  "ActionClickHandler": null,
  "Icon": null,
  "Image": null,
  "ConfigJson": {
    "icon": "plus",
    "Position": "0",
    "SubmitButton": {
      "Label": "Submit"
    },
    "ResetButton": {
      "Label": "Reset"
    },
    "CloseButton": {
      "Label": "Close",
      "ConfirmMessage": "Unsaved changes will be lost. Continue?"
    },
    "NotifyRoles": true,
    "NotifyAll": false,
    "IBPLRules": [
      {
        "template": "CreateMember(\nResource.[Resource]={,[{{Resource}}]},\nResource.[Resource All]={,[All]},\nResource.[Resource Type]={,[Distribution UnLoading]},\nResource.[Resource Alternate Group1]={,[Distribution UnLoading]},\nResource.[Resource Alternate Group2]={,[Distribution UnLoading]});\n\n\n{{#if LocationGlobal}}\nevaluatemember scope:([Version].[Version Name]{{#filter Version}} * [Location].[Location]{{#filter Location}} * [Item].[Item] * Resource.[Resource]{{#filter Resource}});\nMeasure.[Unloading Resource Consumption Association] = if(Resource.#.Key > 0) then  Measure.[Final Item Location Association];\nend scope;\n\nscope:([Version].[Version Name]{{#filter Version}} * [Location].[Location]{{#filter Location}} * [Item].[Item] * Resource.[Resource]{{#filter Resource}});\nMeasure.[Unloading Resource Consumed Per] = Measure.[Unloading Resource Consumption Association];\nend scope;\n\n{{#else}}\ncartesian scope:([Version].[Version Name]{{#filter Version}} * [Location].[Location]{{#filter Location}} * [Item].[Item]{{#filter Item}} * Resource.[Resource]{{#filter Resource}});\nMeasure.[Unloading Resource Consumption Association] = 1;\nMeasure.[Unloading Resource Consumed Per] = 1;\nend scope;\n\n{{/if}}\n"
      }
    ],
    "JavascriptRules": [],
    "FieldBindings": [
      {
        "fieldName": "Version",
        "title": "Version",
        "type": "picklistDropdown",
        "clearSearch": true,
        "source": "filter",
        "DimensionName": "Version",
        "LevelAttributeName": "Version Name",
        "visible": true,
        "isEditable": true,
        "validation": {
          "maxLength": "0",
          "required": true
        }
      },
      {
        "fieldName": "Resource",
        "title": "Resource",
        "type": "string",
        "clearSearch": true,
        "source": "literal",
        "visible": true,
        "isEditable": true,
        "validation": {
          "maxLength": "0",
          "required": true
        }
      },
      {
        "fieldName": "Location",
        "title": "Location",
        "type": "picklistDropdown",
        "selectionType": "single",
        "clearSearch": true,
        "source": "filter",
        "DimensionName": "Location",
        "LevelAttributeName": "Location",
        "visible": true,
        "isEditable": true,
        "validation": {
          "maxLength": "0",
          "required": true
        }
      },
      {
        "fieldName": "LocationGlobal",
        "title": "Associate with All Items in the Location",
        "type": "boolean",
        "selectionType": "single",
        "clearSearch": true,
        "source": "literal",
        "defaultValue": false,
        "visible": true,
        "isEditable": true,
        "validation": {
          "maxLength": "0",
          "required": true
        }
      },
      {
        "fieldName": "Item",
        "title": "Item",
        "type": "picklistDropdown",
        "selectionType": "multiple",
        "clearSearch": true,
        "select": "NONE",
        "source": "datasource",
        "key": "ItemDS",
        "valueField": "Item",
        "textField": "Item",
        "overrideFieldBindingType": false,
        "visible": true,
        "isEditable": true,
        "cascadeFrom": "Location",
        "validation": {
          "maxLength": "0",
          "required": false
        }
      }
    ],
    "Range": [],
    "DataSources": [
      {
        "Name": "ItemDS",
        "IBPLRules": [
          {
            "template": "(Select ([Version].[Version Name]{{#filter Version}} * [Location].[Location]{{#filter Location}} * [Item].[Item] ) on row, ({Measure.[Final Item Location Association]}) on column).filter(Measure.[Final Item Location Association] > 0);"
          }
        ],
        "JavascriptRules": [],
        "IncludeDSFieldsOnly": false,
        "FieldBindings": []
      }
    ],
    "AutoExecute": false,
    "isAsync": false,
    "hasMembersUpdates": false,
    "Compact": false,
    "TwoColumn": false,
    "IsGlobalForExcelAddIn": false,
    "ExcludeFromNavLink": false,
    "FilterFieldBindings": []
  },
  "Widget": null,
  "Roles": []
}