{
  "MeasureName": "Off - Shelving Actual Input",
  "MeasureId": "4cddc2ae-b09e-4e1e-a448-10421cf50ef3",
  "MeasureDescription": "Off - Shelving Actual Input (used by interfaces to populate data in o9 system)",
  "DataType": "number",
  "MeasureType": "Regular",
  "AggregateFunction": "Sum",
  "FormatString": "$#,##0;($#,##0)",
  "MeasureColumnName": "Off-ShelvingActualInput",
  "MeasureFormula": "",
  "IsEditable": false,
  "ApplyConversion": false,
  "ConversionFormula": "",
  "PickListName": null,
  "BgColorFormula": null,
  "FgColorFormula": null,
  "TrendFormula": null,
  "FormattingViewModel": null,
  "ParentMeasureName": null,
  "AssociationMeasure": false,
  "IsComputedByPlanningService": false,
  "ToolTip": "Off - Shelving Actual Input (used by interfaces to populate data in o9 system)",
  "ConfigJson": {},
  "ApiName": null,
  "ApiDisabled": false,
  "IsReportingMeasure": false,
  "MeasureConditionalFormulaProperties": [],
  "PicklistSource": null
}