{
  "MeasureGroupName": "012 Style Color Index",
  "MeasureGroupId": "d6f238cd-acef-463e-b819-7581f734e403",
  "ParentMeasureGroupName": null,
  "HasShadow": false,
  "MeasureGroupDescription": "012 Style Color Index",
  "MeasureGroupType": "Regular",
  "FactTableName": "Fact012StyleColorIndex",
  "SchemaMajorVersion": 0,
  "ConfigJson": {},
  "ApiName": null,
  "Repartition": false,
  "Unpartition": false,
  "ApiEnabled": false,
  "DimensionUsages": [
    {
      "DimensionName": "Time",
      "AttributeName": "Week",
      "SortOrder": 0,
      "DimensionType": "Time"
    },
    {
      "DimensionName": "Version",
      "AttributeName": "Version Name",
      "SortOrder": 2,
      "DimensionType": "Regular"
    },
    {
      "DimensionName": "NamedNode",
      "AttributeName": "Retail_AP_RP_Product_Cluster_NN",
      "SortOrder": 4,
      "DimensionType": "NamedNode"
    },
    {
      "DimensionName": "NamedNode",
      "AttributeName": "Retail_AP_FD_Common_NN",
      "SortOrder": 5,
      "DimensionType": "NamedNode"
    }
  ]
}