{
  "Name": "MFPInfoSPTDRecon",
  "Description": "Information",
  "ActionButtonId": "fc136dec-cb80-5f59-09a8-6ab275617b86",
  "Tooltip": "Report Information",
  "ActionButtonType": "Widget",
  "Alignment": "right",
  "IsPopOver": true,
  "IsGlobal": true,
  "ActionClickHandler": null,
  "Icon": null,
  "Image": null,
  "ConfigJson": {
    "icon": "info-circle",
    "SubmitButton": {
      "Label": "Submit"
    },
    "ResetButton": {
      "Label": "Reset"
    },
    "CloseButton": {
      "Label": "Close",
      "ConfirmMessage": "Unsaved changes will be lost. Continue?"
    },
    "NotifyRoles": false,
    "NotifyAll": false,
    "IBPLRules": [],
    "JavascriptRules": [],
    "FieldBindings": [
      {
        "fieldName": "Information",
        "title": "Information",
        "type": "info",
        "clearSearch": true,
        "source": "literal",
        "defaultValue": "<!DOCTYPE html> <html lang=\"en\"> <head>     <meta charset=\"UTF-8\">     <meta name=\"viewport\" content=\"width=device-width, initial-scale=1.0\">     <title>Strategic vs Top Down Plan Comparison</title> </head> <body style=\"text-align: left;\">     <p style=\"text-align: left;\"><strong>Overview</strong></p>     <p style=\"text-align: left;\">         Allows the merchandise planner to compare the Sales and Gross Margin metrics between Strategic and Top Down Plans,          identifying gaps and aligning financial targets.     </p>      <p style=\"text-align: left;\"><strong>How to Use</strong></p>     <p style=\"text-align: left;\">         <strong>If planner wants to push Strategic Plan metrics to Top Down Plan:</strong><br>         1. Click on \"Push to TD Plan\" action button<br>         2. Enter the desired Business Unit, Channel, Country, Quarters, Selling Season<br>         3. Click Submit<br><br>          <strong>If planner wants to copy Top Down metrics to Strategic Plan:</strong><br>         1. Click on \"Copy from TD Plan\" action button<br>         2. Enter the desired Business Unit, Channel, Country, Quarters, Selling Season<br>         3. Click Submit<br><br>          <em>Note: All metrics are copied from Approved Plan to Working Plan.</em>     </p> </body> </html>",
        "visible": true,
        "isEditable": true,
        "validation": {
          "maxLength": "0",
          "required": true
        }
      }
    ],
    "Range": [],
    "DataSources": [],
    "AutoExecute": false,
    "isAsync": false,
    "hasMembersUpdates": false,
    "Compact": false,
    "TwoColumn": false,
    "IsGlobalForExcelAddIn": false,
    "ReturnFilterByUpdate": false,
    "ExcludeFromNavLink": false,
    "FilterFieldBindings": []
  },
  "Widget": null,
  "Roles": []
}