{
  "Name": "AddActivity",
  "Description": null,
  "ActionButtonId": "b6f6d192-2c17-45f3-bd90-c9bb1bf1c91f",
  "Tooltip": "Create new Planning Activity",
  "ActionButtonType": "Widget",
  "Alignment": "right",
  "IsPopOver": true,
  "IsGlobal": true,
  "ActionClickHandler": null,
  "Icon": null,
  "Image": null,
  "ConfigJson": {
    "DisplayName": "Add Activity",
    "icon": "plus-circle",
    "SubmitButton": {
      "Label": " "
    },
    "ResetButton": {},
    "CloseButton": {
      "Label": " "
    },
    "NotifyAll": false,
    "IBPLRules": [
      {
        "template": "createmember([Process].[Process Type] = { , \"{{Group}}\"}\n, [Process].[Process Sub Type] = { , \"{{SubGroup}}\"}, [Process].[Process] = { , \"{{ActivityName}}\"});\n\nCartesian Scope:([Version].[Version Name]{{#filter Version}} * [Process].[Process].[{{ActivityName}}]);\nMeasure.[Process Owner Role] = \"{{ProcessOwnerRole}}\";\nMeasure.[Activity Planned Start Date] = \"{{ActivityStartDate}}\";\nMeasure.[Activity Planned End Date] = \"{{ActivityEndDate}}\"; \nEnd Scope;\n"
      }
    ],
    "JavascriptRules": [],
    "FieldBindings": [
      {
        "fieldName": "Version",
        "title": "Version",
        "Description": "Version",
        "type": "picklistDropdown",
        "selectionType": "single",
        "clearSearch": true,
        "source": "filter",
        "DimensionName": "Version",
        "LevelAttributeName": "Version Name",
        "visible": false,
        "isEditable": false,
        "validation": {
          "maxLength": "0",
          "required": true
        }
      },
      {
        "fieldName": "Group",
        "title": "Plan",
        "Description": "Plan",
        "type": "string",
        "selectionType": "single",
        "clearSearch": true,
        "source": "literal",
        "defaultValue": "Merchandise Financial Planning",
        "visible": false,
        "isEditable": true,
        "validation": {
          "maxLength": "0",
          "required": true
        }
      },
      {
        "fieldName": "SubGroup",
        "title": "Planning Activity",
        "Description": "Planning Activity",
        "type": "picklistDropdown",
        "selectionType": "single",
        "clearSearch": true,
        "select": "ALL",
        "source": "localPicklist",
        "values": [
          {
            "Key": "0",
            "Name": "Strategic Planning"
          },
          {
            "Key": "1",
            "Name": "Top Down Planning"
          },
          {
            "Key": "2",
            "Name": "Bottom Up Planning"
          },
          {
            "Key": "3",
            "Name": "Store Planning"
          },
          {
            "Key": "4",
            "Name": "Plan Review"
          },
          {
            "Key": "5",
            "Name": "Plan Finalization"
          }
        ],
        "valueField": "Name",
        "visible": true,
        "isEditable": true,
        "validation": {
          "maxLength": "0",
          "required": true
        }
      },
      {
        "fieldName": "ActivityName",
        "title": "Process Name",
        "Description": "Process Name",
        "type": "string",
        "clearSearch": true,
        "source": "literal",
        "visible": true,
        "isEditable": true,
        "validation": {
          "maxLength": "0",
          "required": true
        }
      },
      {
        "fieldName": "ProcessOwnerRole",
        "title": "Process Owner Role",
        "Description": "Process Owner Role",
        "type": "picklistDropdown",
        "selectionType": "single",
        "clearSearch": true,
        "select": "NONE",
        "source": "localPicklist",
        "values": [
          {
            "Key": "0",
            "Name": "VP"
          },
          {
            "Key": "1",
            "Name": "Director"
          },
          {
            "Key": "2",
            "Name": "Planner"
          },
          {
            "Key": "3",
            "Name": "Store Planner"
          }
        ],
        "valueField": "Name",
        "visible": true,
        "isEditable": true,
        "validation": {
          "maxLength": "0",
          "required": true
        }
      },
      {
        "fieldName": "ActivityStartDate",
        "title": "Activity Start Date",
        "Description": "Activity Start Date",
        "type": "date",
        "displayFormat": "dd/mm/yyyy",
        "selectionType": "single",
        "clearSearch": true,
        "source": "literal",
        "visible": true,
        "isEditable": true,
        "validation": {
          "maxLength": "0",
          "required": true
        }
      },
      {
        "fieldName": "ActivityEndDate",
        "title": "Activity End Date",
        "Description": "Activity End Date",
        "type": "date",
        "displayFormat": "dd/mm/yyyy",
        "selectionType": "single",
        "clearSearch": true,
        "source": "literal",
        "visible": true,
        "isEditable": true,
        "validation": {
          "maxLength": "0",
          "required": true
        }
      }
    ],
    "Range": [],
    "DataSources": [],
    "AutoExecute": false,
    "isAsync": true,
    "hasMembersUpdates": true,
    "Compact": false,
    "TwoColumn": false,
    "IsGlobalForExcelAddIn": false,
    "enableTransaction": false,
    "ReturnFilterByUpdate": false,
    "ExcludeFromNavLink": false,
    "FilterFieldBindings": []
  },
  "Widget": null,
  "Roles": []
}