{
  "Name": "SupplyPlan145ShipmentPlanRecommendationCreateNewLineItem",
  "Description": "Creates new Shipment Plan Recommendation",
  "ActionButtonId": "4fcb48ad-3de3-b88f-4bb0-4526a46883ff",
  "Tooltip": "Creates new Shipment Plan Recommendation",
  "ActionButtonType": "Widget",
  "Alignment": "right",
  "IsPopOver": true,
  "IsGlobal": true,
  "ActionClickHandler": null,
  "Icon": null,
  "Image": null,
  "ConfigJson": {
    "icon": "plus",
    "SubmitButton": {
      "Label": "Submit"
    },
    "ResetButton": {
      "Label": "Reset"
    },
    "CloseButton": {
      "Label": "Close",
      "ConfirmMessage": "Unsaved changes will be lost. Continue?"
    },
    "NotifyRoles": true,
    "NotifyAll": false,
    "IBPLRules": [
      {
        "template": "Cartesian Scope:([Activity2].[Activity2]{{#filter TransMode}} * [Version].[Version Name]{{#filter Version}} * [Activity1].[Activity1]{{#filter BODLane}}* [Time].[Day]{{#filter Time}} * [Item].[Item]{{#filter Item}} * [Location].[Location]{{#filter FromLocation}});\nMeasure.[D Shipment Plan Override] = {{OverrideQuantity}} ;\nend scope; "
      },
      {
        "template": "//scope statement for Override Reason\n\nCartesian Scope:([Activity2].[Activity2]{{#filter TransMode}} * [Version].[Version Name]{{#filter Version}} * [Activity1].[Activity1]{{#filter BODLane}}* [Time].[Day]{{#filter Time}} * [Item].[Item]{{#filter Item}}* [Location].[Location]{{#filter FromLocation}});\nMeasure.[D Shipment Plan Override Reason] = \"{{OverrideReason}}\";\nend scope;"
      }
    ],
    "JavascriptRules": [],
    "FieldBindings": [
      {
        "fieldName": "Version",
        "title": "Version",
        "Description": "Version",
        "type": "picklistDropdown",
        "selectionType": "single",
        "clearSearch": true,
        "source": "filter",
        "DimensionName": "Version",
        "LevelAttributeName": "Version Name",
        "visible": true,
        "isEditable": false,
        "validation": {
          "maxLength": "0",
          "required": true
        }
      },
      {
        "fieldName": "Item",
        "title": "Shipped Item",
        "Description": "Shipped Item",
        "type": "picklistDropdown",
        "selectionType": "single",
        "clearSearch": true,
        "select": "NONE",
        "source": "members",
        "DimensionName": "Item",
        "LevelAttributeName": "Item",
        "FilterExpression": "&AllDemandItems",
        "visible": true,
        "isEditable": true,
        "validation": {
          "maxLength": "0",
          "required": true
        }
      },
      {
        "fieldName": "FromLocation",
        "title": "From Location",
        "Description": "From Location",
        "type": "picklistDropdown",
        "selectionType": "single",
        "clearSearch": true,
        "select": "NONE",
        "source": "members",
        "DimensionName": "Activity1",
        "LevelAttributeName": "From Location",
        "visible": true,
        "isEditable": true,
        "validation": {
          "maxLength": "0",
          "required": true
        },
        "FilterExpression": "&AllBODLanes.relatedmembers([To Location])"
      },
      {
        "fieldName": "ToLocation",
        "title": "ToLocation",
        "type": "picklist",
        "selectionType": "single",
        "clearSearch": true,
        "select": "NONE",
        "source": "datasource",
        "key": "ToLocation",
        "valueField": "Name",
        "textField": "Name",
        "visible": true,
        "isEditable": true,
        "cascadeFrom": "FromLocation",
        "validation": {
          "maxLength": "0",
          "required": true
        },
        "overrideFieldBindingType": false
      },
      {
        "fieldName": "BODLane",
        "title": "BODLane",
        "Description": "BODLane",
        "type": "picklistDropdown",
        "selectionType": "single",
        "clearSearch": true,
        "select": "ALL",
        "source": "datasource",
        "key": "BODLANEs",
        "valueField": "Name",
        "textField": "Name",
        "visible": false,
        "isEditable": true,
        "cascadeFrom": "ToLocation",
        "validation": {
          "maxLength": "0",
          "required": true
        },
        "overrideFieldBindingType": false
      },
      {
        "fieldName": "TransMode",
        "title": "TransMode",
        "Description": "TransMode",
        "type": "picklistDropdown",
        "selectionType": "single",
        "clearSearch": true,
        "select": "ALL",
        "source": "datasource",
        "key": "TRANSMODEs",
        "valueField": "Name",
        "textField": "Name",
        "visible": true,
        "isEditable": true,
        "cascadeFrom": "BODLane",
        "validation": {
          "maxLength": "0",
          "required": true
        },
        "overrideFieldBindingType": false
      },
      {
        "fieldName": "Time",
        "title": "Shipped Day",
        "Description": "Shipped Day",
        "type": "picklistDropdown",
        "selectionType": "single",
        "clearSearch": true,
        "select": "NONE",
        "source": "datasource",
        "key": "Day",
        "valueField": "Name",
        "textField": "Name",
        "visible": true,
        "isEditable": true,
        "cascadeFrom": "TransMode",
        "validation": {
          "maxLength": "0",
          "required": true
        },
        "overrideFieldBindingType": false
      },
      {
        "fieldName": "OverrideQuantity",
        "title": "OverrideQuantity",
        "Description": "Override Quantity for this line item",
        "type": "number",
        "selectionType": "single",
        "clearSearch": true,
        "source": "literal",
        "visible": true,
        "isEditable": true,
        "validation": {
          "maxLength": "0",
          "required": true
        }
      },
      {
        "fieldName": "OverrideReason",
        "title": "OverrideReason",
        "Description": "Reason for adding this new line item",
        "type": "picklistDropdown",
        "selectionType": "single",
        "clearSearch": true,
        "select": "NONE",
        "source": "picklist",
        "key": "ShipmentPlanRecommendationOverrideReasonList",
        "visible": true,
        "isEditable": true,
        "validation": {
          "maxLength": "0",
          "required": true
        }
      }
    ],
    "Range": [],
    "DataSources": [
      {
        "Name": "BODLANEs",
        "IBPLRules": [
          {
            "template": "select ([Activity1].[From Location]{{#filter FromLocation}}.relatedmembers([Activity1]).intersectwith([Activity1].[To Location]{{#filter ToLocation}}.relatedmembers([Activity1])));"
          }
        ],
        "JavascriptRules": [],
        "IncludeDSFieldsOnly": false,
        "FieldBindings": []
      },
      {
        "Name": "TRANSMODEs",
        "IBPLRules": [
          {
            "template": "select (Activity2.[Activity2]) where {[Version].[Version Name]{{#filter Version}}, [Activity1].[Activity1]{{#filter BODLane}}, [Item].[Item]{{#filter Item}},Measure.[Item BODLane TransMode Association]>=0};"
          }
        ],
        "JavascriptRules": [],
        "IncludeDSFieldsOnly": false,
        "FieldBindings": []
      },
      {
        "Name": "Day",
        "IBPLRules": [
          {
            "template": "select ([Time].[Day]) where {[Version].[Version Name]{{#filter Version}},[Activity1].[Activity1]{{#filter BODLane}},[Activity2].[Activity2]{{#filter TransMode}}, [Location].[Location], [Item].[Item]{{#filter Item}}, Measure.[D DIST Release Window Indicator] > 0};\n"
          }
        ],
        "JavascriptRules": [],
        "IncludeDSFieldsOnly": false,
        "FieldBindings": []
      },
      {
        "Name": "ToLocation",
        "IBPLRules": [
          {
            "template": "select (Activity1.[From Location].[{{FromLocation}}].relatedmembers([To Location]));"
          }
        ],
        "JavascriptRules": [],
        "IncludeDSFieldsOnly": false,
        "FieldBindings": []
      }
    ],
    "AutoExecute": false,
    "isAsync": true,
    "hasMembersUpdates": false,
    "Compact": false,
    "TwoColumn": true,
    "IsGlobalForExcelAddIn": false,
    "ReturnFilterByUpdate": false,
    "ExcludeFromNavLink": false,
    "FilterFieldBindings": []
  },
  "Widget": null,
  "Roles": []
}