{
  "Name": "TopDownCreateScenario",
  "Description": null,
  "ActionButtonId": "a626b07f-2664-4f19-8c6f-28a53076a4ba",
  "Tooltip": "CreateTopDownVersion",
  "ActionButtonType": "Rule",
  "Alignment": "right",
  "IsPopOver": true,
  "IsGlobal": false,
  "ActionClickHandler": null,
  "Icon": null,
  "Image": null,
  "ConfigJson": {
    "icon": "arrow-circle-right",
    "Position": 1,
    "SubmitButton": {
      "Label": "Submit"
    },
    "ResetButton": {
      "Label": "Reset"
    },
    "CloseButton": {
      "Label": "Close",
      "ConfirmMessage": "Unsaved changes will be lost. Continue?"
    },
    "NotifyAll": false,
    "IBPLRules": [
      {
        "template": "select Version.[Version Name].[{{Source}}].Key;",
        "output": {
          "name": "SourceKey",
          "type": "memberpairs"
        }
      },
      {
        "template": "CreateVersion({{SourceKey}}, 1, \"{{Target}}\", false,false,for Model [011 Top Down Plan] using scope ([Sales Domain].[Sales Planning Channel]{{#filter SalesDomain}} * Time.Planning Quarter{{#filter Season}}.RelatedMembers([Planning Month])));",
        "input": {
          "name": "SourceKey"
        }
      }
    ],
    "JavascriptRules": [],
    "FieldBindings": [
      {
        "fieldName": "Source",
        "title": "Select seed version",
        "type": "picklist",
        "selectionType": "single",
        "clearSearch": true,
        "source": "members",
        "DimensionName": "Version",
        "LevelAttributeName": "Version Name",
        "visible": true,
        "isEditable": true,
        "validation": {
          "maxLength": "0",
          "required": true
        },
        "filterBinding": "CurrentView"
      },
      {
        "fieldName": "Target",
        "title": "Working scenario name",
        "type": "string",
        "clearSearch": false,
        "source": "literal",
        "visible": true,
        "isEditable": true,
        "validation": {
          "maxLength": "0",
          "required": true
        }
      },
      {
        "fieldName": "SalesDomain",
        "title": "Sales Domain",
        "type": "picklistDropdown",
        "clearSearch": true,
        "source": "filter",
        "DimensionName": "Sales Domain",
        "LevelAttributeName": "Sales Planning Channel",
        "visible": true,
        "isEditable": true,
        "validation": {
          "maxLength": "0",
          "required": true
        }
      },
      {
        "fieldName": "Season",
        "title": "Season",
        "type": "string",
        "selectionType": "single",
        "clearSearch": true,
        "source": "filter",
        "DimensionName": "Time",
        "LevelAttributeName": "Planning Quarter",
        "visible": true,
        "isEditable": true,
        "validation": {
          "maxLength": "0",
          "required": true
        }
      }
    ],
    "Range": [],
    "DataSources": [],
    "AutoExecute": false,
    "isAsync": false,
    "hasMembersUpdates": true,
    "Compact": false,
    "TwoColumn": false,
    "IsGlobalForExcelAddIn": false,
    "ExcludeFromNavLink": false,
    "FilterFieldBindings": []
  },
  "Widget": null,
  "Roles": []
}