{
  "MeasureName": "SP Ttl Sls Rtl",
  "MeasureId": "c38d05cf-899b-4486-aebd-317143c047b1",
  "MeasureDescription": "SP Total Sales Rtl",
  "DataType": "number",
  "MeasureType": "Currency",
  "AggregateFunction": "Sum",
  "FormatString": "($0,000.00a)",
  "MeasureColumnName": "SPSalesRtl",
  "MeasureFormula": "",
  "IsEditable": true,
  "ApplyConversion": true,
  "ConversionFormula": "Exchange Rate Monthly",
  "PickListName": null,
  "BgColorFormula": "",
  "FgColorFormula": "",
  "TrendFormula": "",
  "FormattingViewModel": "[]",
  "ParentMeasureName": null,
  "AssociationMeasure": false,
  "IsComputedByPlanningService": false,
  "ToolTip": "(SP Full Price Sales Rtl + SP Promo Price Sales Rtl + SP Total Mark Down Rtl) or Total Sales Shipment",
  "ConfigJson": {},
  "ApiName": null,
  "ApiDisabled": false,
  "IsReportingMeasure": false,
  "MeasureConditionalFormulaProperties": [],
  "PicklistSource": null
}