{
  "AttributeName": "Country",
  "AttributeId": "741f54c8-2a69-4aa1-8027-4885a7a8a578",
  "AttributeHierarchyEnabled": true,
  "IsKey": false,
  "Description": "Country",
  "OrderBy": "Name",
  "KeyColumnName": "CountryKey",
  "NameColumnName": "CountryName",
  "KeyColumnDataType": "integer",
  "SeedTags": true,
  "KeyGenerationType": "Auto",
  "PickListName": null,
  "ConfigJson": {
    "ShowFilterAs": "TileView",
    "MemberDisplayNameEditable": true,
    "IsMultipleImage": false
  },
  "FormatString": null,
  "Translation": null,
  "Aliases": [],
  "ApiName": null,
  "ApiDisabled": false
}