{
  "MeasureName": "SP POS MD %",
  "MeasureId": "03e04a2b-33fb-899b-4f0c-d00f355b3edd",
  "MeasureDescription": "SP Point of Sale MD %",
  "DataType": "number",
  "MeasureType": "Regular",
  "AggregateFunction": "Computed",
  "FormatString": "0.00%",
  "MeasureColumnName": "SPPOSMD%",
  "MeasureFormula": "Safedivide(Measure.[SP POS MD Rtl], Measure.[SP Ttl Sls Rtl])",
  "IsEditable": true,
  "ApplyConversion": false,
  "ConversionFormula": "",
  "PickListName": null,
  "BgColorFormula": "",
  "FgColorFormula": "",
  "TrendFormula": "",
  "FormattingViewModel": "[]",
  "ParentMeasureName": null,
  "AssociationMeasure": false,
  "IsComputedByPlanningService": false,
  "ToolTip": "(SP POS Mark Down Rtl / SP Total Sales Rtl)",
  "ConfigJson": {},
  "ApiName": null,
  "ApiDisabled": false,
  "IsReportingMeasure": false,
  "MeasureConditionalFormulaProperties": [],
  "PicklistSource": null
}