{
  "MeasureName": "Size Range Association SC L",
  "MeasureId": "d8105a59-66e3-66be-781f-011ccf40a24c",
  "MeasureDescription": "Associated Size Ranges for Planning Item",
  "DataType": "picklist",
  "MeasureType": "Regular",
  "AggregateFunction": "Max",
  "FormatString": "",
  "MeasureColumnName": "SizeRangeAssociationSCL",
  "MeasureFormula": "",
  "IsEditable": true,
  "ApplyConversion": false,
  "ConversionFormula": "",
  "PickListName": "Size Range Master",
  "BgColorFormula": "",
  "FgColorFormula": "",
  "TrendFormula": "",
  "FormattingViewModel": "[]",
  "ParentMeasureName": null,
  "AssociationMeasure": false,
  "IsComputedByPlanningService": false,
  "ToolTip": "Associated Size Ranges for Planning Item",
  "ConfigJson": {},
  "ApiName": null,
  "ApiDisabled": false,
  "IsReportingMeasure": false,
  "MeasureConditionalFormulaProperties": [],
  "PicklistSource": "Size Range Association"
}