{
  "MeasureName": "Process Frequency",
  "MeasureId": "92cd7889-59ed-41b9-8db9-b1c426eaa588",
  "MeasureDescription": "Process Frequency",
  "DataType": "string",
  "MeasureType": "Regular",
  "AggregateFunction": "Median",
  "FormatString": "#",
  "MeasureColumnName": "ProcessFrequency",
  "MeasureFormula": "",
  "IsEditable": true,
  "ApplyConversion": false,
  "ConversionFormula": "",
  "PickListName": null,
  "BgColorFormula": "",
  "FgColorFormula": "",
  "TrendFormula": "",
  "FormattingViewModel": "[]",
  "ParentMeasureName": null,
  "AssociationMeasure": false,
  "IsComputedByPlanningService": false,
  "ToolTip": "Process Frequency",
  "ConfigJson": {},
  "ApiName": null,
  "ApiDisabled": false,
  "IsReportingMeasure": false,
  "MeasureConditionalFormulaProperties": [],
  "PicklistSource": null
}