{
  "AttributeName": "CDT3",
  "AttributeId": "3f275c01-fe85-9b00-a626-16dac6743ed2",
  "AttributeHierarchyEnabled": true,
  "IsKey": false,
  "Description": "Placeholder consumer decision tree attribute",
  "OrderBy": "Key",
  "KeyColumnName": "CDT3Key",
  "NameColumnName": "CDT3Name",
  "KeyColumnDataType": "integer",
  "SeedTags": false,
  "KeyGenerationType": "Auto",
  "PickListName": null,
  "ConfigJson": {
    "ShowFilterAs": "TileView",
    "MemberDisplayNameEditable": true,
    "IsMultipleImage": false,
    "MemberDisplayColor": false
  },
  "FormatString": null,
  "Translation": null,
  "Aliases": [],
  "ApiName": null,
  "ApiDisabled": false,
  "FgColorFormula": "",
  "BgColorFormula": "",
  "IsReservedBySystem": false
}