{
  "MeasureName": "Order Due Date",
  "MeasureId": "1cb0eb6b-1a90-66fb-78e1-748895d4a792",
  "MeasureDescription": "Order Due Date",
  "DataType": "datetime",
  "MeasureType": "Regular",
  "AggregateFunction": "Max",
  "FormatString": "dd-MMM-yyyy",
  "MeasureColumnName": "OrderDueDate",
  "MeasureFormula": "",
  "IsEditable": false,
  "ApplyConversion": false,
  "ConversionFormula": "",
  "PickListName": null,
  "BgColorFormula": "",
  "FgColorFormula": "",
  "TrendFormula": "",
  "FormattingViewModel": "[]",
  "ParentMeasureName": null,
  "AssociationMeasure": false,
  "IsComputedByPlanningService": true,
  "ToolTip": "Order Due Date",
  "ConfigJson": {},
  "ApiName": null,
  "ApiDisabled": false,
  "IsReportingMeasure": false,
  "MeasureConditionalFormulaProperties": [],
  "PicklistSource": null
}