{
  "EdgePropertyId": "28b86aa1-a6ec-2f9c-d153-87c36b3e743a",
  "PropertyName": "Detailed Orders Final Mapping",
  "PropertyDescription": "Detailed orders final mapping",
  "PropertyDataType": "number",
  "PropertyDataSize": 0,
  "PropertyColumnName": "DetailedOrdersFinalMapping",
  "AggregateFunction": "Sum",
  "PropertyFormula": "",
  "IsEditable": false,
  "FormatString": "#,##0;(#,##0)",
  "ActivationProperty": false,
  "IsComputedByPlanningService": false,
  "ToolTip": "Detailed orders final mapping",
  "ApiName": null,
  "ApiDisabled": false,
  "BgColorFormula": "",
  "FgColorFormula": "",
  "TrendFormula": "",
  "PickListName": null,
  "PicklistSource": "",
  "FormattingViewModel": "[]",
  "ConditionalFormulas": null,
  "ApplyConversion": false,
  "ConversionFormula": ""
}