{
  "Name": "MFPInfoBUInvRecode",
  "Description": "Information",
  "ActionButtonId": "b9389849-b951-539d-28fa-e72ac39172db",
  "Tooltip": "Report Information",
  "ActionButtonType": "Widget",
  "Alignment": "right",
  "IsPopOver": true,
  "IsGlobal": true,
  "ActionClickHandler": null,
  "Icon": null,
  "Image": null,
  "ConfigJson": {
    "icon": "info-circle",
    "SubmitButton": {
      "Label": " "
    },
    "ResetButton": {},
    "CloseButton": {
      "Label": " "
    },
    "NotifyRoles": false,
    "NotifyAll": false,
    "IBPLRules": [],
    "JavascriptRules": [],
    "FieldBindings": [
      {
        "fieldName": "Information",
        "title": "Information",
        "type": "info",
        "clearSearch": true,
        "source": "literal",
        "defaultValue": "<!DOCTYPE html> <html lang=\"en\"> <head>     <meta charset=\"UTF-8\">     <meta name=\"viewport\" content=\"width=device-width, initial-scale=1.0\">     <title>Inventory Reallocation Management</title> </head> <body style=\"text-align: left;\">     <p style=\"text-align: left;\"><strong>Overview</strong></p>     <p style=\"text-align: left;\">         Allows the merchandise planner to manage inventory by reallocating stock across selling seasons during in-season weeks.     </p>      <p style=\"text-align: left;\"><strong>How to Use</strong></p>     <p style=\"text-align: left;\">         1. The planner can input Recode In (inventory received from another season) and Recode Out (inventory moved to another season) values          to adjust stock levels at the Class, Location, and Channel level. This helps ensure accurate inventory tracking and availability throughout the season.<br><br>          2. Validation rules will show an error in the following cases:<br>         &nbsp;&nbsp;&nbsp;&nbsp;- Recode Out is not equal to Recode In.<br>         &nbsp;&nbsp;&nbsp;&nbsp;- Both Recode In and Recode Out have equal values for the same Seasonality.<br>         &nbsp;&nbsp;&nbsp;&nbsp;- Recode Out is negative.     </p> </body> </html>",
        "visible": true,
        "isEditable": true,
        "validation": {
          "maxLength": "0",
          "required": true
        }
      }
    ],
    "Range": [],
    "DataSources": [],
    "AutoExecute": false,
    "isAsync": false,
    "hasMembersUpdates": false,
    "Compact": false,
    "TwoColumn": false,
    "IsGlobalForExcelAddIn": false,
    "ReturnFilterByUpdate": false,
    "ExcludeFromNavLink": false,
    "FilterFieldBindings": []
  },
  "Widget": null,
  "Roles": []
}