{
  "MeasureGroupName": "011.005 OrderlineID Deletion Flags Overrides",
  "MeasureGroupId": "5032cf5f-a596-487c-9e8a-bfe0a993cf42",
  "ParentMeasureGroupName": null,
  "HasShadow": false,
  "MeasureGroupDescription": "Measure group for OrderlineID member deletion flag Overrides",
  "MeasureGroupType": "Regular",
  "FactTableName": "Fact011.005OrderlineIDDeletionFlagsOverrides",
  "SchemaMajorVersion": 0,
  "ConfigJson": {},
  "ApiName": null,
  "Repartition": false,
  "Unpartition": false,
  "ApiEnabled": false,
  "DimensionUsages": [
    {
      "DimensionName": "Version",
      "AttributeName": "Version Name",
      "SortOrder": 0,
      "DimensionType": "Regular"
    },
    {
      "DimensionName": "Documents",
      "AttributeName": "OrderlineID",
      "SortOrder": 1,
      "DimensionType": "Regular"
    }
  ]
}