{
  "MeasureName": "Process Execution Description",
  "MeasureId": "07f9059e-79cd-62d4-e509-ba5bfd303bbf",
  "MeasureDescription": "Description of the step being performed",
  "DataType": "string",
  "MeasureType": "Regular",
  "AggregateFunction": "Sum",
  "FormatString": "#,##0;(#,##0)",
  "MeasureColumnName": "ProcessExecutionDescription",
  "MeasureFormula": "",
  "IsEditable": true,
  "ApplyConversion": false,
  "ConversionFormula": "",
  "PickListName": null,
  "BgColorFormula": " IF(Isnull(measure.[Process Execution Description])&&~isnull(measure.[Process Execution Rule Name])) then argb( 1,255, 167, 167)",
  "FgColorFormula": "",
  "TrendFormula": "",
  "FormattingViewModel": null,
  "ParentMeasureName": null,
  "AssociationMeasure": false,
  "IsComputedByPlanningService": false,
  "ToolTip": "Description of the step being performed",
  "ConfigJson": {},
  "ApiName": null,
  "ApiDisabled": false,
  "IsReportingMeasure": false,
  "MeasureConditionalFormulaProperties": [],
  "PicklistSource": null
}