{
  "AttributeName": "BOM Source",
  "AttributeId": "badfb75e-65c9-1331-b0af-97b609240bf2",
  "AttributeHierarchyEnabled": false,
  "IsKey": false,
  "Description": "To enable the modification or deletion of Activity1 members that was created internally for a specific development",
  "OrderBy": "Key",
  "KeyColumnName": "BOMSourceKey",
  "NameColumnName": null,
  "KeyColumnDataType": "string",
  "SeedTags": false,
  "KeyGenerationType": null,
  "PickListName": null,
  "ConfigJson": {
    "IsVisible": true,
    "IsEditable": true
  },
  "FormatString": "#",
  "Translation": null,
  "Aliases": [],
  "ApiName": null,
  "ApiDisabled": false,
  "FgColorFormula": null,
  "BgColorFormula": null,
  "IsReservedBySystem": false
}