{
  "LabelId": "d0f28ff1-6bfe-5696-3d45-6ea16ead1702",
  "LabelName": "e611d080-2fb8-46ae-8ac6-466adf53bd11",
  "LabelDescription": "Duration",
  "Position": 1.0,
  "RuleGroupType": "Regular",
  "IgnoreErrors": false,
  "HasErrors": false,
  "ErrorMessage": null,
  "ScopeExpression": {
    "AttributeMemberScopes": [
      {
        "FilterExpression": "&CWVAndScenarios"
      },
      {
        "FilterExpression": "&APSellingSeasons"
      },
      {
        "FilterExpression": "&APClusters"
      },
      {
        "FilterExpression": "&APStylecolors"
      },
      {
        "FilterExpression": "&APStores"
      },
      {
        "FilterExpression": "&APChannels"
      }
    ]
  },
  "InverseRuleGroupSets": [
    {
      "SetId": "b983478c-7ca0-849d-07a9-2b966dac5b7c",
      "Name": "2e1b77c1-3418-4a21-8e37-3208971a795f",
      "Description": "",
      "IsEnabled": true,
      "InverseRuleGroups": [
        {
          "GroupId": "fa109ec8-17c6-3e96-5f12-35cb953db45b",
          "Name": "df3e02dd-2187-4a83-8f5d-ea6ea2faa15c",
          "Description": "temp",
          "Priority": 1.0,
          "IsEnabled": true,
          "InverseRules": [
            {
              "RuleId": "0cc645d6-824f-11ca-b71a-c11b90bd25a1",
              "Name": "f722e5dd-9b20-47f5-81cc-27f62f615e08",
              "RuleText": "Measure.[End Week SC L]=DateADD(Measure.[Start Week SC L],Measure.[Duration SC L],\"week\")",
              "Priority": 1.0,
              "IsEnabled": true
            },
            {
              "RuleId": "0ccf02dd-78ec-38be-062b-a70a2f3efad1",
              "Name": "69fd33ba-3776-4c98-bcbc-095228411110",
              "RuleText": "Measure.[Duration SC L]=DateDiff(Measure.[Start Week SC L],Measure.[End Week SC L],\"week\")",
              "Priority": 2.0,
              "IsEnabled": true
            }
          ]
        }
      ]
    }
  ]
}