{
  "Name": "DI042AddRowsOutboundJobParameters",
  "Description": "Add record",
  "ActionButtonId": "9eae8927-d474-5820-519e-70a6b303ecfc",
  "Tooltip": "Add record",
  "ActionButtonType": "Rule",
  "Alignment": "right",
  "IsPopOver": true,
  "IsGlobal": false,
  "ActionClickHandler": null,
  "Icon": null,
  "Image": null,
  "ConfigJson": {
    "icon": "plus",
    "Position": "0",
    "SubmitButton": {
      "Label": "Submit"
    },
    "ResetButton": {
      "Label": "Reset"
    },
    "CloseButton": {
      "Label": "Close",
      "ConfirmMessage": "Unsaved changes will be lost. Continue?"
    },
    "NotifyAll": false,
    "IBPLRules": [
      {
        "template": "Createmember([Outbound Sequence].[Outbound Sequence] = {, \"{{OutboundSequence}}\"});\n\ncartesian scope:([Version].[Version Name].[{{Version}}]*[Outbound Sequence].[Outbound Sequence].[{{OutboundSequence}}]);\nMeasure.[Outbound Action Button Name] =\"{{ActionButton}}\";\nMeasure.[Outbound IBPL] =\"{{IBPL}}\";\nMeasure.[Outbound Nifi Resource] =\"{{NifiResource}}\";\nMeasure.[Outbound SSIS Job Name] =\"{{SSISJobName}}\";\nend scope;\n\n"
      }
    ],
    "JavascriptRules": [],
    "FieldBindings": [
      {
        "fieldName": "Version",
        "title": "Version Name",
        "Description": "Version",
        "type": "picklistDropdown",
        "clearSearch": true,
        "source": "members",
        "DimensionName": "Version",
        "LevelAttributeName": "Version Name",
        "visible": true,
        "isEditable": true,
        "validation": {
          "maxLength": "0",
          "required": true
        },
        "selectionType": "single"
      },
      {
        "fieldName": "OutboundSequence",
        "title": "Outbound Sequence",
        "Description": "Outbound Sequence",
        "type": "string",
        "clearSearch": true,
        "source": "literal",
        "visible": true,
        "isEditable": true,
        "validation": {
          "maxLength": "0",
          "required": true
        }
      },
      {
        "fieldName": "ActionButton",
        "title": "ActionButton",
        "type": "string",
        "clearSearch": true,
        "source": "literal",
        "visible": true,
        "isEditable": true,
        "validation": {
          "maxLength": "0",
          "required": false
        }
      },
      {
        "fieldName": "IBPL",
        "title": "IBPL",
        "Description": "IBPL",
        "type": "string",
        "clearSearch": true,
        "source": "literal",
        "visible": true,
        "isEditable": true,
        "validation": {
          "maxLength": "0",
          "required": false
        }
      },
      {
        "fieldName": "SSISJobName",
        "title": "SSISJobName",
        "Description": "SSISJobName",
        "type": "string",
        "clearSearch": true,
        "source": "literal",
        "visible": true,
        "isEditable": true,
        "validation": {
          "maxLength": "0",
          "required": false
        }
      },
      {
        "fieldName": "NifiResource",
        "title": "NifiResource",
        "Description": "NifiResource",
        "type": "string",
        "clearSearch": true,
        "source": "literal",
        "visible": true,
        "isEditable": true,
        "validation": {
          "maxLength": "0",
          "required": false
        }
      }
    ],
    "DataSources": [],
    "AutoExecute": false,
    "isAsync": false,
    "hasMembersUpdates": false,
    "Compact": false,
    "TwoColumn": false,
    "IsGlobalForExcelAddIn": false,
    "FilterFieldBindings": []
  },
  "Widget": null
}