{
  "LabelId": "12791e3d-07ac-89b9-31a8-333344e2259a",
  "LabelName": "31349f51-2cb2-4582-ae34-2409704afa48",
  "LabelDescription": "Aggregate the value of ASP from Options to Line Build",
  "Position": 7.0,
  "RuleGroupType": "Regular",
  "IgnoreErrors": false,
  "HasErrors": false,
  "ErrorMessage": null,
  "ScopeExpression": {
    "AttributeMemberScopes": [
      {
        "FilterExpression": "&CWVAndScenarios"
      },
      {
        "FilterExpression": "%%Retail_AP_LP_Product_Location_FS"
      },
      {
        "FilterExpression": "%%Retail_AP_FD_Channel_FS"
      },
      {
        "FilterExpression": "&APSellingSeasons"
      }
    ]
  },
  "Formulas": [
    {
      "RuleGroupId": "114637c6-f56a-8be6-705f-7a117b4c31b3",
      "RuleGroupLabelName": null,
      "ScopeLabelName": null,
      "RuleGroupName": "ffdf9d6c-59da-4726-954d-d56dc519e314",
      "RuleGroupLabelPosition": 0.0,
      "ScopeLabelPosition": 100.0,
      "RuleGroupDescription": " ",
      "IsEnabled": false,
      "RuleGroupContent": {
        "ScopeExpression": null,
        "IsParameterized": false,
        "ParameterJson": null,
        "IsParallel": false,
        "RuleGroupText": "Measure.[ASP SC LC] = if(Measure.[Assorted SC L] == True) then Measure.[ASP SC L] else null;",
        "NamedNodeName": null,
        "PluginInstanceName": null,
        "PluginScopes": null,
        "PluginArguments": null,
        "PluginModified": false
      },
      "RuleGroupType": "Regular",
      "HasErrors": false,
      "ErrorMessage": null,
      "IgnoreErrors": false,
      "Translations": [],
      "DimensionUsages": [
        {
          "DimensionName": "Location",
          "AttributeName": "Location Country"
        },
        {
          "DimensionName": "Item",
          "AttributeName": "Planning Item"
        },
        {
          "DimensionName": "Sales Domain",
          "AttributeName": "Sales Planning Channel"
        },
        {
          "DimensionName": "Selling Season",
          "AttributeName": "Selling Season"
        },
        {
          "DimensionName": "Version",
          "AttributeName": "Version Name"
        }
      ],
      "MeasureUsages": [
        {
          "MeasureName": "ASP SC L",
          "IsInput": true,
          "IsOutput": false
        },
        {
          "MeasureName": "ASP SC LC",
          "IsInput": false,
          "IsOutput": true
        },
        {
          "MeasureName": "Assorted SC L",
          "IsInput": true,
          "IsOutput": false
        }
      ],
      "ActionButtonUsages": [],
      "RelationshipPropertyUsages": []
    }
  ]
}