{
  "LabelId": "2a6553dc-4cae-5866-d31c-a42579d6495f",
  "LabelName": "e5c0c398-ea6b-4e7b-aaa9-d5795d6f8a24",
  "LabelDescription": "Setting the Default value for Threshold Policy measure while entering KPIs value",
  "Position": 13.0,
  "RuleGroupType": "Regular",
  "IgnoreErrors": false,
  "HasErrors": false,
  "ErrorMessage": null,
  "ScopeExpression": {
    "AttributeMemberScopes": [
      {
        "FilterExpression": "&CWVAndScenarios"
      },
      {
        "FilterExpression": "&HeatMapKPI"
      },
      {
        "FilterExpression": "&APClasses"
      },
      {
        "FilterExpression": "&APCountries"
      },
      {
        "FilterExpression": "&APChannels"
      },
      {
        "FilterExpression": "&APSellingSeasons"
      }
    ]
  },
  "Formulas": [
    {
      "RuleGroupId": "6ecd09bb-a8be-2675-4c77-9a348c13073c",
      "RuleGroupLabelName": null,
      "ScopeLabelName": null,
      "RuleGroupName": "7ecf300d-9e1a-4781-97e5-523a8270731f",
      "RuleGroupLabelPosition": 0.0,
      "ScopeLabelPosition": 200.0,
      "RuleGroupDescription": " ",
      "IsEnabled": true,
      "RuleGroupContent": {
        "ScopeExpression": null,
        "IsParameterized": false,
        "ParameterJson": null,
        "IsParallel": false,
        "RuleGroupText": "Measure.[Threshold Policy] = if(~isNull(Measure.[KPI])) then \"> Class Average\" else null;",
        "NamedNodeName": null,
        "PluginInstanceName": null,
        "PluginScopes": null,
        "PluginArguments": null,
        "PluginModified": false
      },
      "RuleGroupType": "Regular",
      "HasErrors": false,
      "ErrorMessage": null,
      "IgnoreErrors": false,
      "Translations": [],
      "DimensionUsages": [
        {
          "DimensionName": "Item",
          "AttributeName": "L3"
        },
        {
          "DimensionName": "Location",
          "AttributeName": "Location Country"
        },
        {
          "DimensionName": "Sales Domain",
          "AttributeName": "Sales Planning Channel"
        },
        {
          "DimensionName": "Selling Season",
          "AttributeName": "Selling Season"
        },
        {
          "DimensionName": "Sequence",
          "AttributeName": "Sequence"
        },
        {
          "DimensionName": "Version",
          "AttributeName": "Version Name"
        }
      ],
      "MeasureUsages": [
        {
          "MeasureName": "KPI",
          "IsInput": true,
          "IsOutput": false
        },
        {
          "MeasureName": "Threshold Policy",
          "IsInput": false,
          "IsOutput": true
        }
      ],
      "ActionButtonUsages": [],
      "RelationshipPropertyUsages": []
    }
  ]
}