{
  "LabelId": "4d7cca85-d27f-fadf-daef-b6108f9c42c1",
  "LabelName": "9dc751c9-eff2-48c8-912b-37e4e0551189",
  "LabelDescription": "Copy from Int to Hist Pareto",
  "Position": 4.0,
  "RuleGroupType": "Regular",
  "IgnoreErrors": false,
  "HasErrors": false,
  "ErrorMessage": null,
  "ScopeExpression": {
    "AttributeMemberScopes": [
      {
        "FilterExpression": "&CWVAndScenarios"
      },
      {
        "FilterExpression": "%%Retail_AP_LP_Product_Location_FS"
      },
      {
        "FilterExpression": "%%Retail_AP_FD_Channel_FS"
      },
      {
        "FilterExpression": "&APSellingSeasons"
      }
    ]
  },
  "Formulas": [
    {
      "RuleGroupId": "bd5fd685-ae46-2a57-fe2f-4638c12ae3f2",
      "RuleGroupLabelName": null,
      "ScopeLabelName": null,
      "RuleGroupName": "b895cf85-18a4-484f-9840-b1975f0d1b71",
      "RuleGroupLabelPosition": 0.0,
      "ScopeLabelPosition": 100.0,
      "RuleGroupDescription": " ",
      "IsEnabled": false,
      "RuleGroupContent": {
        "ScopeExpression": null,
        "IsParameterized": false,
        "ParameterJson": null,
        "IsParallel": false,
        "RuleGroupText": "Measure.[Margin SC SS] = Measure.[Margin Actuals];",
        "NamedNodeName": null,
        "PluginInstanceName": null,
        "PluginScopes": null,
        "PluginArguments": null,
        "PluginModified": false
      },
      "RuleGroupType": "Regular",
      "HasErrors": false,
      "ErrorMessage": null,
      "IgnoreErrors": false,
      "Translations": [],
      "DimensionUsages": [
        {
          "DimensionName": "Location",
          "AttributeName": "Location Country"
        },
        {
          "DimensionName": "Item",
          "AttributeName": "Planning Item"
        },
        {
          "DimensionName": "Sales Domain",
          "AttributeName": "Sales Planning Channel"
        },
        {
          "DimensionName": "Selling Season",
          "AttributeName": "Selling Season"
        },
        {
          "DimensionName": "Version",
          "AttributeName": "Version Name"
        }
      ],
      "MeasureUsages": [
        {
          "MeasureName": "Margin Actuals",
          "IsInput": true,
          "IsOutput": false
        },
        {
          "MeasureName": "Margin SC SS",
          "IsInput": false,
          "IsOutput": true
        }
      ],
      "ActionButtonUsages": [],
      "RelationshipPropertyUsages": []
    },
    {
      "RuleGroupId": "1aa85d3b-dff7-c9a2-bb2d-3a078e92bba4",
      "RuleGroupLabelName": null,
      "ScopeLabelName": null,
      "RuleGroupName": "fe576485-c4e8-41ec-b8e4-60b460cd6d3e",
      "RuleGroupLabelPosition": 0.0,
      "ScopeLabelPosition": 200.0,
      "RuleGroupDescription": " ",
      "IsEnabled": false,
      "RuleGroupContent": {
        "ScopeExpression": null,
        "IsParameterized": false,
        "ParameterJson": null,
        "IsParallel": false,
        "RuleGroupText": "Measure.[Sales Value SC SS] = Measure.[Sales Value Actuals];",
        "NamedNodeName": null,
        "PluginInstanceName": null,
        "PluginScopes": null,
        "PluginArguments": null,
        "PluginModified": false
      },
      "RuleGroupType": "Regular",
      "HasErrors": false,
      "ErrorMessage": null,
      "IgnoreErrors": false,
      "Translations": [],
      "DimensionUsages": [
        {
          "DimensionName": "Location",
          "AttributeName": "Location Country"
        },
        {
          "DimensionName": "Item",
          "AttributeName": "Planning Item"
        },
        {
          "DimensionName": "Sales Domain",
          "AttributeName": "Sales Planning Channel"
        },
        {
          "DimensionName": "Selling Season",
          "AttributeName": "Selling Season"
        },
        {
          "DimensionName": "Version",
          "AttributeName": "Version Name"
        }
      ],
      "MeasureUsages": [
        {
          "MeasureName": "Sales Value Actuals",
          "IsInput": true,
          "IsOutput": false
        },
        {
          "MeasureName": "Sales Value SC SS",
          "IsInput": false,
          "IsOutput": true
        }
      ],
      "ActionButtonUsages": [],
      "RelationshipPropertyUsages": []
    },
    {
      "RuleGroupId": "b9f2a89d-4c1b-501b-2940-bcc07a64e662",
      "RuleGroupLabelName": null,
      "ScopeLabelName": null,
      "RuleGroupName": "0f4adc00-3ab6-440c-a88f-88010db9f670",
      "RuleGroupLabelPosition": 0.0,
      "ScopeLabelPosition": 300.0,
      "RuleGroupDescription": " ",
      "IsEnabled": false,
      "RuleGroupContent": {
        "ScopeExpression": null,
        "IsParameterized": false,
        "ParameterJson": null,
        "IsParallel": false,
        "RuleGroupText": "Measure.[Sales Units SC SS]=Measure.[Sales Units Actuals];",
        "NamedNodeName": null,
        "PluginInstanceName": null,
        "PluginScopes": null,
        "PluginArguments": null,
        "PluginModified": false
      },
      "RuleGroupType": "Regular",
      "HasErrors": false,
      "ErrorMessage": null,
      "IgnoreErrors": false,
      "Translations": [],
      "DimensionUsages": [
        {
          "DimensionName": "Location",
          "AttributeName": "Location Country"
        },
        {
          "DimensionName": "Item",
          "AttributeName": "Planning Item"
        },
        {
          "DimensionName": "Sales Domain",
          "AttributeName": "Sales Planning Channel"
        },
        {
          "DimensionName": "Selling Season",
          "AttributeName": "Selling Season"
        },
        {
          "DimensionName": "Version",
          "AttributeName": "Version Name"
        }
      ],
      "MeasureUsages": [
        {
          "MeasureName": "Sales Units Actuals",
          "IsInput": true,
          "IsOutput": false
        },
        {
          "MeasureName": "Sales Units SC SS",
          "IsInput": false,
          "IsOutput": true
        }
      ],
      "ActionButtonUsages": [],
      "RelationshipPropertyUsages": []
    },
    {
      "RuleGroupId": "982e7521-4c07-d900-37d8-66e62604b6e2",
      "RuleGroupLabelName": null,
      "ScopeLabelName": null,
      "RuleGroupName": "b0b618e3-a1ea-4ce8-90b7-1725f0a5b72c",
      "RuleGroupLabelPosition": 0.0,
      "ScopeLabelPosition": 700.0,
      "RuleGroupDescription": " ",
      "IsEnabled": false,
      "RuleGroupContent": {
        "ScopeExpression": null,
        "IsParameterized": false,
        "ParameterJson": null,
        "IsParallel": false,
        "RuleGroupText": "Measure.[Margin % SC SS Avg] = safedivide(Measure.[Margin Actuals],Measure.[Sales Value Actuals]);",
        "NamedNodeName": null,
        "PluginInstanceName": null,
        "PluginScopes": null,
        "PluginArguments": null,
        "PluginModified": false
      },
      "RuleGroupType": "Regular",
      "HasErrors": false,
      "ErrorMessage": null,
      "IgnoreErrors": false,
      "Translations": [],
      "DimensionUsages": [
        {
          "DimensionName": "Location",
          "AttributeName": "Location Country"
        },
        {
          "DimensionName": "Item",
          "AttributeName": "Planning Item"
        },
        {
          "DimensionName": "Sales Domain",
          "AttributeName": "Sales Planning Channel"
        },
        {
          "DimensionName": "Selling Season",
          "AttributeName": "Selling Season"
        },
        {
          "DimensionName": "Version",
          "AttributeName": "Version Name"
        }
      ],
      "MeasureUsages": [
        {
          "MeasureName": "Margin % SC SS Avg",
          "IsInput": false,
          "IsOutput": true
        },
        {
          "MeasureName": "Margin Actuals",
          "IsInput": true,
          "IsOutput": false
        },
        {
          "MeasureName": "Sales Value Actuals",
          "IsInput": true,
          "IsOutput": false
        }
      ],
      "ActionButtonUsages": [],
      "RelationshipPropertyUsages": []
    },
    {
      "RuleGroupId": "937fa047-b461-a412-8a99-2085da1d4dc3",
      "RuleGroupLabelName": null,
      "ScopeLabelName": null,
      "RuleGroupName": "8c17cc72-2a03-43a2-b754-18f7eff315fd",
      "RuleGroupLabelPosition": 0.0,
      "ScopeLabelPosition": 850.0,
      "RuleGroupDescription": " ",
      "IsEnabled": false,
      "RuleGroupContent": {
        "ScopeExpression": null,
        "IsParameterized": false,
        "ParameterJson": null,
        "IsParallel": false,
        "RuleGroupText": "Measure.[Location Exposed]= DistinctCount(Location.[Location]) using ~isnull(measure.[Sales Units Actuals]);",
        "NamedNodeName": null,
        "PluginInstanceName": null,
        "PluginScopes": null,
        "PluginArguments": null,
        "PluginModified": false
      },
      "RuleGroupType": "Regular",
      "HasErrors": false,
      "ErrorMessage": null,
      "IgnoreErrors": false,
      "Translations": [],
      "DimensionUsages": [
        {
          "DimensionName": "Location",
          "AttributeName": "Location Country"
        },
        {
          "DimensionName": "Item",
          "AttributeName": "Planning Item"
        },
        {
          "DimensionName": "Sales Domain",
          "AttributeName": "Sales Planning Channel"
        },
        {
          "DimensionName": "Selling Season",
          "AttributeName": "Selling Season"
        },
        {
          "DimensionName": "Version",
          "AttributeName": "Version Name"
        }
      ],
      "MeasureUsages": [
        {
          "MeasureName": "Location Exposed",
          "IsInput": false,
          "IsOutput": true
        },
        {
          "MeasureName": "Sales Units Actuals",
          "IsInput": true,
          "IsOutput": false
        }
      ],
      "ActionButtonUsages": [],
      "RelationshipPropertyUsages": []
    },
    {
      "RuleGroupId": "c8c51bf1-8d99-c762-f014-c0a068cf3e46",
      "RuleGroupLabelName": null,
      "ScopeLabelName": null,
      "RuleGroupName": "b5001315-e791-42fe-a4fa-78962e6b2c10",
      "RuleGroupLabelPosition": 0.0,
      "ScopeLabelPosition": 1000.0,
      "RuleGroupDescription": " ",
      "IsEnabled": false,
      "RuleGroupContent": {
        "ScopeExpression": null,
        "IsParameterized": false,
        "ParameterJson": null,
        "IsParallel": false,
        "RuleGroupText": "Measure.[Weeks Live]= DistinctCount(Time.[Week]) using ~isnull(measure.[Sales Units Actuals]);",
        "NamedNodeName": null,
        "PluginInstanceName": null,
        "PluginScopes": null,
        "PluginArguments": null,
        "PluginModified": false
      },
      "RuleGroupType": "Regular",
      "HasErrors": false,
      "ErrorMessage": null,
      "IgnoreErrors": false,
      "Translations": [],
      "DimensionUsages": [
        {
          "DimensionName": "Location",
          "AttributeName": "Location Country"
        },
        {
          "DimensionName": "Item",
          "AttributeName": "Planning Item"
        },
        {
          "DimensionName": "Sales Domain",
          "AttributeName": "Sales Planning Channel"
        },
        {
          "DimensionName": "Selling Season",
          "AttributeName": "Selling Season"
        },
        {
          "DimensionName": "Version",
          "AttributeName": "Version Name"
        }
      ],
      "MeasureUsages": [
        {
          "MeasureName": "Sales Units Actuals",
          "IsInput": true,
          "IsOutput": false
        },
        {
          "MeasureName": "Weeks Live",
          "IsInput": false,
          "IsOutput": true
        }
      ],
      "ActionButtonUsages": [],
      "RelationshipPropertyUsages": []
    },
    {
      "RuleGroupId": "76a7b67e-5cad-2dfd-68a8-a80d076f9416",
      "RuleGroupLabelName": null,
      "ScopeLabelName": null,
      "RuleGroupName": "169be2e8-3371-492c-ae5c-15818af3a80b",
      "RuleGroupLabelPosition": 0.0,
      "ScopeLabelPosition": 1200.0,
      "RuleGroupDescription": " ",
      "IsEnabled": false,
      "RuleGroupContent": {
        "ScopeExpression": null,
        "IsParameterized": false,
        "ParameterJson": null,
        "IsParallel": false,
        "RuleGroupText": "Measure.[Sales Value % SC SS Avg] =  Safedivide(Measure.[Sales Value SC SS],Measure.[Sales Value SC SS]@([Item].#.AncestorsAtLevel([L3]).element(0)));",
        "NamedNodeName": null,
        "PluginInstanceName": null,
        "PluginScopes": null,
        "PluginArguments": null,
        "PluginModified": false
      },
      "RuleGroupType": "Regular",
      "HasErrors": false,
      "ErrorMessage": null,
      "IgnoreErrors": false,
      "Translations": [],
      "DimensionUsages": [
        {
          "DimensionName": "Location",
          "AttributeName": "Location Country"
        },
        {
          "DimensionName": "Item",
          "AttributeName": "Planning Item"
        },
        {
          "DimensionName": "Sales Domain",
          "AttributeName": "Sales Planning Channel"
        },
        {
          "DimensionName": "Selling Season",
          "AttributeName": "Selling Season"
        },
        {
          "DimensionName": "Version",
          "AttributeName": "Version Name"
        }
      ],
      "MeasureUsages": [
        {
          "MeasureName": "Sales Value % SC SS Avg",
          "IsInput": false,
          "IsOutput": true
        },
        {
          "MeasureName": "Sales Value SC SS",
          "IsInput": true,
          "IsOutput": false
        }
      ],
      "ActionButtonUsages": [],
      "RelationshipPropertyUsages": []
    }
  ]
}