{
  "LabelId": "f25a3736-5413-f624-fad5-34f4007eaa13",
  "LabelName": "40cdd6d2-9cb0-43b2-b0f8-8b4ab3bdb8e0",
  "LabelDescription": "Calculate End Week for Full Price by subtracting from Markdown duration",
  "Position": 10.0,
  "RuleGroupType": "Regular",
  "IgnoreErrors": false,
  "HasErrors": false,
  "ErrorMessage": null,
  "ScopeExpression": {
    "AttributeMemberScopes": [
      {
        "FilterExpression": "&CWVAndScenarios"
      },
      {
        "FilterExpression": "%%Retail_AP_LP_Product_Location_FS"
      },
      {
        "FilterExpression": "%%Retail_AP_FD_Channel_FS"
      },
      {
        "FilterExpression": "&APSellingSeasons"
      }
    ]
  },
  "Formulas": [
    {
      "RuleGroupId": "48d715c7-8646-afa2-6a0f-26ce33b4307c",
      "RuleGroupLabelName": null,
      "ScopeLabelName": null,
      "RuleGroupName": "75534736-d724-4d06-8819-68c4e27385db",
      "RuleGroupLabelPosition": 0.0,
      "ScopeLabelPosition": 200.0,
      "RuleGroupDescription": " ",
      "IsEnabled": true,
      "RuleGroupContent": {
        "ScopeExpression": null,
        "IsParameterized": false,
        "ParameterJson": null,
        "IsParallel": false,
        "RuleGroupText": "Measure.[Full Price End Week SC LC]=DateAdd(Measure.[End Week SC LC],-1*Measure.[Markdown Weeks SC LC],\"week\");",
        "NamedNodeName": null,
        "PluginInstanceName": null,
        "PluginScopes": null,
        "PluginArguments": null,
        "PluginModified": false
      },
      "RuleGroupType": "Regular",
      "HasErrors": false,
      "ErrorMessage": null,
      "IgnoreErrors": false,
      "Translations": [],
      "DimensionUsages": [
        {
          "DimensionName": "Location",
          "AttributeName": "Location Country"
        },
        {
          "DimensionName": "Item",
          "AttributeName": "Planning Item"
        },
        {
          "DimensionName": "Sales Domain",
          "AttributeName": "Sales Planning Channel"
        },
        {
          "DimensionName": "Selling Season",
          "AttributeName": "Selling Season"
        },
        {
          "DimensionName": "Version",
          "AttributeName": "Version Name"
        }
      ],
      "MeasureUsages": [
        {
          "MeasureName": "End Week SC LC",
          "IsInput": true,
          "IsOutput": false
        },
        {
          "MeasureName": "Full Price End Week SC LC",
          "IsInput": false,
          "IsOutput": true
        },
        {
          "MeasureName": "Markdown Weeks SC LC",
          "IsInput": true,
          "IsOutput": false
        }
      ],
      "ActionButtonUsages": [],
      "RelationshipPropertyUsages": []
    }
  ]
}