{
  "AttributeName": "Data Segment Image",
  "AttributeId": "5ec35849-15f8-4c80-905c-04328b19359e",
  "AttributeHierarchyEnabled": false,
  "IsKey": false,
  "Description": "Data Segment Image",
  "OrderBy": "Key",
  "KeyColumnName": "DataSegmentImageKey",
  "NameColumnName": null,
  "KeyColumnDataType": "image",
  "SeedTags": false,
  "KeyGenerationType": null,
  "PickListName": null,
  "ConfigJson": {},
  "FormatString": "#,##0;(#,##0)",
  "Translation": null,
  "Aliases": [],
  "ApiName": null,
  "ApiDisabled": false
}