{
  "MeasureName": "Fit Picklist",
  "MeasureId": "9614dd04-17f0-4c4e-a443-d727c7a57b6d",
  "MeasureDescription": "Fit Picklist",
  "DataType": "picklist",
  "MeasureType": "Regular",
  "AggregateFunction": "DistinctSum",
  "FormatString": "#,##0;(#,##0)",
  "MeasureColumnName": "FitPicklist",
  "MeasureFormula": "",
  "IsEditable": true,
  "ApplyConversion": false,
  "ConversionFormula": "",
  "PickListName": "Fit Name",
  "BgColorFormula": "",
  "FgColorFormula": "",
  "TrendFormula": "",
  "FormattingViewModel": null,
  "ParentMeasureName": null,
  "AssociationMeasure": false,
  "IsComputedByPlanningService": false,
  "ToolTip": "Fit Picklist",
  "ConfigJson": {},
  "ApiName": null,
  "ApiDisabled": false,
  "IsReportingMeasure": false,
  "MeasureConditionalFormulaProperties": [],
  "PicklistSource": null
}