{
  "AttributeName": "IL5",
  "AttributeId": "0e67e962-1be1-4162-8dad-d0959f77dd10",
  "AttributeHierarchyEnabled": true,
  "IsKey": false,
  "Description": "L5 Initiatives",
  "OrderBy": "Name",
  "KeyColumnName": "L5Key",
  "NameColumnName": "L5Name",
  "KeyColumnDataType": "integer",
  "SeedTags": true,
  "KeyGenerationType": "Auto",
  "PickListName": null,
  "ConfigJson": {
    "ShowFilterAs": "TileView",
    "MemberDisplayNameEditable": true,
    "IsMultipleImage": false
  },
  "FormatString": null,
  "Translation": null,
  "Aliases": [],
  "ApiName": null,
  "ApiDisabled": false
}