{
  "AttributeName": "Alloc Account",
  "AttributeId": "45372014-b883-45be-5e83-f2f2b96bb09b",
  "AttributeHierarchyEnabled": true,
  "IsKey": false,
  "Description": "Used by IOP team for Allocation Set up",
  "OrderBy": "Name",
  "KeyColumnName": "AllocAccountKey",
  "NameColumnName": "AllocAccountName",
  "KeyColumnDataType": "integer",
  "SeedTags": false,
  "KeyGenerationType": "Auto",
  "PickListName": null,
  "ConfigJson": {
    "ShowFilterAs": "TileView",
    "MemberDisplayNameEditable": true,
    "IsMultipleImage": false,
    "MemberDisplayColor": false
  },
  "FormatString": null,
  "Translation": null,
  "Aliases": [],
  "ApiName": null,
  "ApiDisabled": false,
  "FgColorFormula": null,
  "BgColorFormula": null,
  "IsReservedBySystem": false
}