{
  "Name": "Configurator Material Node Setup",
  "WidgetDefinitionName": "Configurator Material Node Setup",
  "IsPrimary": true,
  "ConfigJson": {
    "ContainerId": "eb8cf310-5434-476e-b026-0fd0c127f3eb",
    "CompositeContainerId": null,
    "Position": 0,
    "ShowInfoContext": {
      "ActionColumn": true,
      "RowInfo": true,
      "MemberInfo": true
    },
    "ShowHeader": {
      "Icon": "",
      "Color": null
    },
    "ActionButtonBindings": [
      {
        "ActionButtonName": "PCSupplyPlan0000NetworkCG",
        "HotKey": "",
        "ExcludeHiddenAttributes": false,
        "ModuleId": "69c63dc5-4f82-4296-89e9-7839154cd5be"
      }
    ]
  },
  "ViewWidgetDefinitionId": "9b143c1c-7b14-1dac-2db8-b886445a3cce",
  "Title": "Material Node"
}