{
  "Name": "003AddRealignment",
  "Description": null,
  "ActionButtonId": "f51448de-fe81-a291-bbdf-0a5628ef6bee",
  "Tooltip": "Add realignment",
  "ActionButtonType": "Rule",
  "Alignment": "right",
  "IsPopOver": true,
  "IsGlobal": false,
  "ActionClickHandler": null,
  "Icon": null,
  "Image": null,
  "ConfigJson": {
    "DisplayName": "Realignment",
    "icon": "plus-square-o",
    "Position": "0",
    "SubmitButton": {
      "Label": "Submit"
    },
    "ResetButton": {
      "Label": "Reset"
    },
    "CloseButton": {
      "Label": "Close",
      "ConfirmMessage": "Unsaved changes will be lost. Continue?"
    },
    "NotifyRoles": false,
    "NotifyAll": false,
    "IBPLRules": [
      {
        "template": "createmember([DM Rule].[Rule] = { , \"{{Rule}}\"});\n\n{{#if Sequence_Back}}\n{{#else}}\ncreatemember([Sequence].[Sequence] = { , \"{{Sequence}}\"});\n{{/if}}\nCartesian Scope: ([Version].[Version Name]{{#filter Version}} * [Data Object].[Data Object].filter(#.Name in{{#ibplList DataObject}}) * [DM Rule].[Rule].filter(#.Name in{{#ibplList Rule}}) * [Sequence].[Sequence].filter(#.Name in{{#ibplList Sequence}}) ) ;\n\n{{#if Rule_Desc}}\nMeasure.[DP Rule Description]=[{{Rule_Desc}}];\n{{/if}}\n\n\n{{#if FromItem}}\nMeasure.[DP From Item Scope]= [{{FromItem}}];\nMeasure.[DP From Item Scope UI]=[{{FromItem_UI}}];\n{{#else}}\nMeasure.[DP From Item Scope]= null ;\nMeasure.[DP From Item Scope UI]= null ;\n{{/if}}\n\n{{#if ToItem}}\nMeasure.[DP To Item Scope]= [{{ToItem}}];\nMeasure.[DP To Item Scope UI]=[{{ToItem_UI}}];\n{{#else}}\nMeasure.[DP To Item Scope]= null ;\nMeasure.[DP To Item Scope UI]=null;\n{{/if}}\n\n{{#if FromAccount}}\nMeasure.[DP From Account Scope]= [{{FromAccount}}];\nMeasure.[DP From Account Scope UI]=[{{FromAccount_UI}}];\n{{#else}}\nMeasure.[DP From Account Scope]= null ;\nMeasure.[DP From Account Scope UI]= null;\n{{/if}}\n\n{{#if ToAccount}}\nMeasure.[DP To Account Scope]= [{{ToAccount}}];\nMeasure.[DP To Account Scope UI]=[{{ToAccount_UI}}];\n{{#else}}\nMeasure.[DP To Account Scope]= null ;\nMeasure.[DP To Account Scope UI]= null;\n{{/if}}\n\n\n{{#if FromChannel}}\nMeasure.[DP From Channel Scope]= [{{FromChannel}}];\nMeasure.[DP From Channel Scope UI]=[{{FromChannel_UI}}];\n{{#else}}\nMeasure.[DP From Channel Scope]= null ;\nMeasure.[DP From Channel Scope UI]= null;\n{{/if}}\n\n{{#if ToChannel}}\nMeasure.[DP To Channel Scope]= [{{ToChannel}}];\nMeasure.[DP To Channel Scope UI]=[{{ToChannel_UI}}];\n{{#else}}\nMeasure.[DP To Channel Scope]= null ;\nMeasure.[DP To Channel Scope UI]= null;\n{{/if}}\n\n{{#if FromRegion}}\nMeasure.[DP From Region Scope]= [{{FromRegion}}];\nMeasure.[DP From Region Scope UI]=[{{FromRegion_UI}}];\n{{#else}}\nMeasure.[DP From Region Scope]= null ;\nMeasure.[DP From Region Scope UI]= null;\n{{/if}}\n\n{{#if ToRegion}}\nMeasure.[DP To Region Scope]= [{{ToRegion}}];\nMeasure.[DP To Region Scope UI]=[{{ToRegion_UI}}];\n\n{{#else}}\nMeasure.[DP To Region Scope]= null ;\nMeasure.[DP To Region Scope UI]= null;\n\n{{/if}}\n\n{{#if FromLocation}}\nMeasure.[DP From Location Scope]= [{{FromLocation}}];\nMeasure.[DP From Location Scope UI]=[{{FromLocation_UI}}];\n\n{{#else}}\nMeasure.[DP From Location Scope]= null ;\nMeasure.[DP From Location Scope UI]= null;\n{{/if}}\n\n{{#if ToLocation}}\nMeasure.[DP To Location Scope]= [{{ToLocation}}];\nMeasure.[DP To Location Scope UI]=[{{ToLocation_UI}}];\n{{#else}}\nMeasure.[DP To Location Scope]= null ;\nMeasure.[DP To Location Scope UI]= null;\n{{/if}}\n\n{{#if FromPnL}}\nMeasure.[DP From PnL Scope]= [{{FromPnL}}];\nMeasure.[DP From PnL Scope UI]=[{{FromPnL_UI}}];\n\n{{#else}}\nMeasure.[DP From PnL Scope]= null ;\nMeasure.[DP From PnL Scope UI]= null;\n{{/if}}\n\n{{#if ToPnL}}\nMeasure.[DP To PnL Scope]= [{{ToPnL}}];\nMeasure.[DP To PnL Scope UI]=[{{ToPnL_UI}}];\n{{#else}}\nMeasure.[DP To PnL Scope]= null ;\nMeasure.[DP To PnL Scope UI]= null;\n{{/if}}\n\n{{#if FromDemandDomain}}\nMeasure.[DP From Demand Domain Scope]= [{{FromDemandDomain}}];\nMeasure.[DP From Demand Domain Scope UI]=[{{FromDemandDomain_UI}}];\n\n{{#else}}\nMeasure.[DP From Demand Domain Scope]= null ;\nMeasure.[DP From Demand Domain Scope UI]= null;\n{{/if}}\n\n{{#if ToDemandDomain}}\nMeasure.[DP To Demand Domain Scope]= [{{ToDemandDomain}}];\nMeasure.[DP To Demand Domain Scope UI]=[{{ToDemandDomain_UI}}];\n{{#else}}\nMeasure.[DP To Demand Domain Scope]= null ;\nMeasure.[DP To Demand Domain Scope UI]= null;\n{{/if}}\n\n{{#if EndDate}}\nMeasure.[Transition End Date]=todatetime(\"{{EndDate}}\");\n{{#else}}\nMeasure.[Transition End Date]=null;\n{{/if}}\n\n\n\n\nMeasure.[Transition Start Date]=todatetime(\"{{StartDate}}\");\n\n\n\nMeasure.[DP Rule Sequence Created By]=\"{{CreatedBy}}\";\nMeasure.[DP Rule Sequence Created Date]=todatetime(\"{{CreatedDate}}\");\n\nMeasure.[DP Realignment Percentage]={{RealignmentPercentage}};\nMeasure.[History Realignment Active Period]={{Threshold}};\n\n{{#if ConversionFactor}}\nMeasure.[DP Conversion Factor]={{ConversionFactor}};\n{{#else}}\nMeasure.[DP Conversion Factor]=null;\n{{/if}}\n\nend scope;"
      }
    ],
    "JavascriptRules": [
      {
        "modulename": "o9.DemandPlanning.ValidateRealignment",
        "functionname": "validation"
      }
    ],
    "FieldBindings": [
      {
        "fieldName": "Version",
        "title": "Version",
        "Description": "Version",
        "type": "picklist",
        "selectionType": "single",
        "clearSearch": true,
        "source": "filter",
        "DimensionName": "Version",
        "LevelAttributeName": "Version Name",
        "visible": false,
        "isEditable": true,
        "validation": {
          "maxLength": "0",
          "required": true
        }
      },
      {
        "fieldName": "DataObject",
        "title": "Data Object",
        "Description": "Data Object",
        "type": "picklist",
        "selectionType": "single",
        "clearSearch": true,
        "select": "NONE",
        "source": "members",
        "DimensionName": "Data Object",
        "LevelAttributeName": "Data Object",
        "visible": true,
        "isEditable": true,
        "validation": {
          "maxLength": "0",
          "required": true
        },
        "fieldGroup": "Data Object",
        "FilterExpression": "[Data Object].[Data Object Type].[Data Realignment].relatedmembers([Data Object])",
        "sortBy": "Name",
        "sortOrder": "asc"
      },
      {
        "fieldName": "Rule",
        "title": "Rule",
        "Description": "Rule",
        "type": "picklist",
        "selectionType": "single",
        "clearSearch": true,
        "select": "ALL",
        "source": "datasource",
        "key": "Rule",
        "valueField": "Rule Count",
        "textField": "Rule Count",
        "overrideFieldBindingType": false,
        "visible": true,
        "isEditable": false,
        "validation": {
          "maxLength": "0",
          "required": true
        },
        "cascadeFrom": "DataObject",
        "fieldGroup": "Data Object"
      },
      {
        "fieldName": "Rule_Desc",
        "title": "Rule Description",
        "Description": "Rule Description",
        "type": "string",
        "fieldGroup": "Data Object",
        "selectionType": "single",
        "clearSearch": true,
        "source": "literal",
        "visible": true,
        "isEditable": true,
        "validation": {
          "maxLength": "0",
          "required": false
        }
      },
      {
        "fieldName": "Sequence",
        "title": "Step",
        "type": "string",
        "fieldGroup": "Data Object",
        "clearSearch": true,
        "source": "literal",
        "defaultValue": "1",
        "visible": true,
        "isEditable": false,
        "validation": {
          "maxLength": "0",
          "required": true
        }
      },
      {
        "fieldName": "Sequence_Back",
        "title": "Sequence_Back",
        "Description": "Sequence_Back",
        "type": "picklist",
        "selectionType": "single",
        "clearSearch": true,
        "select": "ALL",
        "source": "datasource",
        "key": "Sequence_DS",
        "valueField": "Name",
        "textField": "Name",
        "overrideFieldBindingType": false,
        "visible": false,
        "isEditable": false,
        "validation": {
          "maxLength": "0",
          "required": true
        }
      },
      {
        "fieldName": "Itemlevel",
        "title": "Itemlevel",
        "Description": "Itemlevel",
        "type": "picklist",
        "selectionType": "single",
        "clearSearch": true,
        "select": "ALL",
        "source": "datasource",
        "key": "Itemlevel",
        "valueField": "Data Object Item Level",
        "textField": "Data Object Item Level",
        "overrideFieldBindingType": false,
        "visible": false,
        "isEditable": true,
        "validation": {
          "maxLength": "0",
          "required": false
        },
        "cascadeFrom": "DataObject",
        "fieldGroup": "Item"
      },
      {
        "fieldName": "FromItem",
        "title": "From Item",
        "Description": "From Item",
        "type": "picklist",
        "selectionType": "single",
        "clearSearch": true,
        "select": "NONE",
        "source": "datasource",
        "key": "Item_Scope",
        "valueField": "Name",
        "textField": "DisplayName",
        "overrideFieldBindingType": false,
        "visible": true,
        "isEditable": true,
        "validation": {
          "maxLength": "0",
          "required": false
        },
        "cascadeFrom": "Itemlevel",
        "fieldGroup": "Item"
      },
      {
        "fieldName": "FromItem_UI",
        "title": "From Item UI",
        "Description": "From Item UI",
        "type": "picklist",
        "fieldGroup": "Item",
        "selectionType": "single",
        "clearSearch": true,
        "select": "ALL",
        "source": "datasource",
        "key": "FromItem_ScopeUI",
        "valueField": "DisplayName",
        "textField": "DisplayName",
        "overrideFieldBindingType": false,
        "visible": false,
        "isEditable": true,
        "cascadeFrom": "FromItem",
        "validation": {
          "maxLength": "0",
          "required": false
        }
      },
      {
        "fieldName": "ToItem",
        "title": "To Item",
        "Description": "To Item",
        "type": "picklist",
        "selectionType": "single",
        "clearSearch": true,
        "select": "NONE",
        "source": "datasource",
        "key": "Item_Scope",
        "valueField": "Name",
        "textField": "DisplayName",
        "overrideFieldBindingType": false,
        "visible": true,
        "isEditable": true,
        "cascadeFrom": "Itemlevel",
        "validation": {
          "maxLength": "0",
          "required": false
        },
        "fieldGroup": "Item"
      },
      {
        "fieldName": "ToItem_UI",
        "title": "To Item UI",
        "Description": "To Item UI",
        "type": "picklist",
        "fieldGroup": "Item",
        "selectionType": "single",
        "clearSearch": true,
        "select": "ALL",
        "source": "datasource",
        "key": "ToItem_ScopeUI",
        "valueField": "DisplayName",
        "textField": "DisplayName",
        "overrideFieldBindingType": false,
        "visible": false,
        "isEditable": true,
        "cascadeFrom": "ToItem",
        "validation": {
          "maxLength": "0",
          "required": false
        }
      },
      {
        "fieldName": "Accountlevel",
        "title": "Account Level",
        "Description": "Account Level",
        "type": "picklist",
        "selectionType": "single",
        "clearSearch": true,
        "select": "ALL",
        "source": "datasource",
        "key": "Accountlevel",
        "valueField": "Data Object Account Level",
        "textField": "Data Object Account Level",
        "overrideFieldBindingType": false,
        "visible": false,
        "isEditable": true,
        "cascadeFrom": "DataObject",
        "validation": {
          "maxLength": "0",
          "required": false
        },
        "fieldGroup": "Account"
      },
      {
        "fieldName": "FromAccount",
        "title": "From Account",
        "Description": "From Account",
        "type": "picklist",
        "selectionType": "single",
        "clearSearch": true,
        "select": "NONE",
        "source": "datasource",
        "key": "Account_Scope",
        "valueField": "Name",
        "textField": "DisplayName",
        "overrideFieldBindingType": false,
        "visible": true,
        "isEditable": true,
        "cascadeFrom": "Accountlevel",
        "validation": {
          "maxLength": "0",
          "required": false
        },
        "fieldGroup": "Account"
      },
      {
        "fieldName": "FromAccount_UI",
        "title": "FromAccount_UI",
        "type": "picklist",
        "selectionType": "single",
        "clearSearch": true,
        "select": "ALL",
        "source": "datasource",
        "key": "FromAccount_ScopeUI",
        "valueField": "DisplayName",
        "textField": "DisplayName",
        "overrideFieldBindingType": false,
        "visible": false,
        "isEditable": true,
        "cascadeFrom": "FromAccount",
        "validation": {
          "maxLength": "0",
          "required": false
        },
        "fieldGroup": "Account"
      },
      {
        "fieldName": "ToAccount",
        "title": "To Account",
        "Description": "To Account",
        "type": "picklist",
        "selectionType": "single",
        "clearSearch": true,
        "select": "NONE",
        "source": "datasource",
        "key": "Account_Scope",
        "valueField": "Name",
        "textField": "DisplayName",
        "overrideFieldBindingType": false,
        "visible": true,
        "isEditable": true,
        "validation": {
          "maxLength": "0",
          "required": false
        },
        "cascadeFrom": "Accountlevel",
        "fieldGroup": "Account"
      },
      {
        "fieldName": "ToAccount_UI",
        "title": "ToAccount_UI",
        "type": "picklist",
        "selectionType": "single",
        "clearSearch": true,
        "select": "ALL",
        "source": "datasource",
        "key": "ToAccount_ScopeUI",
        "valueField": "DisplayName",
        "textField": "DisplayName",
        "overrideFieldBindingType": false,
        "visible": false,
        "isEditable": true,
        "cascadeFrom": "ToAccount",
        "validation": {
          "maxLength": "0",
          "required": false
        },
        "fieldGroup": "Account"
      },
      {
        "fieldName": "Channellevel",
        "title": "Channel Level",
        "Description": "Channel Level",
        "type": "picklist",
        "selectionType": "single",
        "clearSearch": true,
        "select": "ALL",
        "source": "datasource",
        "key": "Channellevel",
        "valueField": "Data Object Channel Level",
        "textField": "Data Object Channel Level",
        "overrideFieldBindingType": false,
        "visible": false,
        "isEditable": true,
        "cascadeFrom": "DataObject",
        "validation": {
          "maxLength": "0",
          "required": false
        },
        "fieldGroup": "Channel"
      },
      {
        "fieldName": "FromChannel",
        "title": "From Channel",
        "Description": "From Channel",
        "type": "picklist",
        "selectionType": "single",
        "clearSearch": true,
        "select": "NONE",
        "source": "datasource",
        "key": "Channel_Scope",
        "valueField": "Name",
        "textField": "DisplayName",
        "overrideFieldBindingType": false,
        "visible": true,
        "isEditable": true,
        "cascadeFrom": "Channellevel",
        "validation": {
          "maxLength": "0",
          "required": false
        },
        "fieldGroup": "Channel"
      },
      {
        "fieldName": "FromChannel_UI",
        "title": "FromChannel_UI",
        "type": "picklist",
        "selectionType": "single",
        "clearSearch": true,
        "select": "ALL",
        "source": "datasource",
        "key": "FromChannel_ScopeUI",
        "valueField": "DisplayName",
        "textField": "DisplayName",
        "overrideFieldBindingType": false,
        "visible": false,
        "isEditable": true,
        "cascadeFrom": "FromChannel",
        "validation": {
          "maxLength": "0",
          "required": false
        },
        "fieldGroup": "Channel"
      },
      {
        "fieldName": "ToChannel",
        "title": "To Channel",
        "Description": "To Channel",
        "type": "picklist",
        "selectionType": "single",
        "clearSearch": true,
        "select": "NONE",
        "source": "datasource",
        "key": "Channel_Scope",
        "valueField": "Name",
        "textField": "DisplayName",
        "overrideFieldBindingType": false,
        "visible": true,
        "isEditable": true,
        "validation": {
          "maxLength": "0",
          "required": false
        },
        "cascadeFrom": "Channellevel",
        "fieldGroup": "Channel"
      },
      {
        "fieldName": "ToChannel_UI",
        "title": "ToChannel_UI",
        "type": "picklist",
        "selectionType": "single",
        "clearSearch": true,
        "select": "ALL",
        "source": "datasource",
        "key": "ToChannel_ScopeUI",
        "valueField": "DisplayName",
        "textField": "DisplayName",
        "overrideFieldBindingType": false,
        "visible": false,
        "isEditable": true,
        "cascadeFrom": "ToChannel",
        "validation": {
          "maxLength": "0",
          "required": false
        },
        "fieldGroup": "Channel"
      },
      {
        "fieldName": "Regionlevel",
        "title": "Region Level",
        "Description": "Region Level",
        "type": "picklist",
        "fieldGroup": "Region",
        "selectionType": "single",
        "clearSearch": true,
        "select": "ALL",
        "source": "datasource",
        "key": "Regionlevel",
        "valueField": "Data Object Region Level",
        "textField": "Data Object Region Level",
        "overrideFieldBindingType": false,
        "visible": false,
        "isEditable": true,
        "cascadeFrom": "DataObject",
        "validation": {
          "maxLength": "0",
          "required": false
        }
      },
      {
        "fieldName": "FromRegion",
        "title": "From Region",
        "Description": "From Region",
        "type": "picklist",
        "fieldGroup": "Region",
        "selectionType": "single",
        "clearSearch": true,
        "select": "NONE",
        "source": "datasource",
        "key": "Region_Scope",
        "valueField": "Name",
        "textField": "DisplayName",
        "overrideFieldBindingType": false,
        "visible": true,
        "isEditable": true,
        "cascadeFrom": "Regionlevel",
        "validation": {
          "maxLength": "0",
          "required": false
        }
      },
      {
        "fieldName": "FromRegion_UI",
        "title": "FromRegion_UI",
        "type": "picklist",
        "fieldGroup": "Region",
        "selectionType": "single",
        "clearSearch": true,
        "select": "ALL",
        "source": "datasource",
        "key": "FromRegion_ScopeUI",
        "valueField": "DisplayName",
        "textField": "DisplayName",
        "overrideFieldBindingType": false,
        "visible": false,
        "isEditable": true,
        "cascadeFrom": "FromRegion",
        "validation": {
          "maxLength": "0",
          "required": false
        }
      },
      {
        "fieldName": "ToRegion",
        "title": "To Region",
        "Description": "To Region",
        "type": "picklist",
        "fieldGroup": "Region",
        "selectionType": "single",
        "clearSearch": true,
        "select": "NONE",
        "source": "datasource",
        "key": "Region_Scope",
        "valueField": "Name",
        "textField": "DisplayName",
        "overrideFieldBindingType": false,
        "visible": true,
        "isEditable": true,
        "cascadeFrom": "Regionlevel",
        "validation": {
          "maxLength": "0",
          "required": false
        }
      },
      {
        "fieldName": "ToRegion_UI",
        "title": "ToRegion_UI",
        "type": "picklist",
        "fieldGroup": "Region",
        "selectionType": "single",
        "clearSearch": true,
        "select": "ALL",
        "source": "datasource",
        "key": "ToRegion_ScopeUI",
        "valueField": "DisplayName",
        "textField": "DisplayName",
        "overrideFieldBindingType": false,
        "visible": false,
        "isEditable": true,
        "cascadeFrom": "ToRegion",
        "validation": {
          "maxLength": "0",
          "required": false
        }
      },
      {
        "fieldName": "Locationlevel",
        "title": "Location Level",
        "Description": "Location Level",
        "type": "picklist",
        "selectionType": "single",
        "clearSearch": true,
        "select": "ALL",
        "source": "datasource",
        "key": "Locationlevel",
        "valueField": "Data Object Location Level",
        "textField": "Data Object Location Level",
        "overrideFieldBindingType": false,
        "visible": false,
        "isEditable": true,
        "cascadeFrom": "DataObject",
        "validation": {
          "maxLength": "0",
          "required": false
        },
        "fieldGroup": "Location"
      },
      {
        "fieldName": "FromLocation",
        "title": "From Location",
        "Description": "From Location",
        "type": "picklist",
        "selectionType": "single",
        "clearSearch": true,
        "select": "NONE",
        "source": "datasource",
        "key": "Location_Scope",
        "valueField": "Name",
        "textField": "DisplayName",
        "overrideFieldBindingType": false,
        "visible": true,
        "isEditable": true,
        "cascadeFrom": "Locationlevel",
        "validation": {
          "maxLength": "0",
          "required": false
        },
        "fieldGroup": "Location"
      },
      {
        "fieldName": "FromLocation_UI",
        "title": "FromLocation_UI",
        "type": "picklist",
        "fieldGroup": "Location",
        "selectionType": "single",
        "clearSearch": true,
        "select": "ALL",
        "source": "datasource",
        "key": "FromLocation_ScopeUI",
        "valueField": "DisplayName",
        "textField": "DisplayName",
        "overrideFieldBindingType": false,
        "visible": false,
        "isEditable": true,
        "cascadeFrom": "FromLocation",
        "validation": {
          "maxLength": "0",
          "required": false
        }
      },
      {
        "fieldName": "ToLocation",
        "title": "To Location",
        "Description": "To Location",
        "type": "picklist",
        "fieldGroup": "Location",
        "selectionType": "single",
        "clearSearch": true,
        "select": "NONE",
        "source": "datasource",
        "key": "Location_Scope",
        "valueField": "Name",
        "textField": "DisplayName",
        "overrideFieldBindingType": false,
        "visible": true,
        "isEditable": true,
        "cascadeFrom": "Locationlevel",
        "validation": {
          "maxLength": "0",
          "required": false
        }
      },
      {
        "fieldName": "ToLocation_UI",
        "title": "ToLocation_UI",
        "type": "picklist",
        "fieldGroup": "Location",
        "selectionType": "single",
        "clearSearch": true,
        "select": "ALL",
        "source": "datasource",
        "key": "ToLocation_ScopeUI",
        "valueField": "DisplayName",
        "textField": "DisplayName",
        "overrideFieldBindingType": false,
        "visible": false,
        "isEditable": true,
        "cascadeFrom": "ToLocation",
        "validation": {
          "maxLength": "0",
          "required": false
        }
      },
      {
        "fieldName": "RealignmentPercentage",
        "title": "Realignment Percentage",
        "type": "number",
        "displayFormat": "0%",
        "editFormat": "0%",
        "selectionType": "single",
        "clearSearch": true,
        "source": "literal",
        "visible": true,
        "isEditable": true,
        "validation": {
          "maxLength": "0",
          "required": true
        }
      },
      {
        "fieldName": "ConversionFactor",
        "title": "Conversion Factor",
        "type": "number",
        "displayFormat": "0%",
        "editFormat": "0%",
        "clearSearch": true,
        "source": "literal",
        "visible": true,
        "isEditable": true,
        "validation": {
          "maxLength": "0",
          "required": false
        }
      },
      {
        "fieldName": "StartDate",
        "title": "Transition Start Date",
        "type": "date",
        "fieldGroup": "Transition Dates",
        "selectionType": "single",
        "clearSearch": true,
        "source": "literal",
        "visible": true,
        "isEditable": true,
        "validation": {
          "maxLength": "0",
          "required": true
        }
      },
      {
        "fieldName": "EndDate",
        "title": "Transition End Date",
        "type": "date",
        "fieldGroup": "Transition Dates",
        "clearSearch": true,
        "source": "literal",
        "visible": true,
        "isEditable": true,
        "validation": {
          "maxLength": "0",
          "required": false
        }
      },
      {
        "fieldName": "Threshold",
        "title": "Active Realignment Period",
        "type": "number",
        "fieldGroup": "Transition Dates",
        "clearSearch": true,
        "source": "literal",
        "defaultValue": "90",
        "visible": false,
        "isEditable": true,
        "validation": {
          "maxLength": "0",
          "required": true
        }
      },
      {
        "fieldName": "CreatedBy",
        "title": "Created By",
        "Description": "Created By",
        "type": "string",
        "selectionType": "single",
        "clearSearch": true,
        "select": "ALL",
        "source": "datasource",
        "key": "User",
        "valueField": "result",
        "overrideFieldBindingType": false,
        "visible": false,
        "isEditable": true,
        "validation": {
          "maxLength": "0",
          "required": false
        }
      },
      {
        "fieldName": "CreatedDate",
        "title": "Created Date",
        "Description": "Created Date",
        "type": "string",
        "fieldGroup": "Info",
        "selectionType": "single",
        "clearSearch": true,
        "select": "ALL",
        "source": "datasource",
        "key": "Now",
        "valueField": "result",
        "overrideFieldBindingType": false,
        "visible": false,
        "isEditable": true,
        "validation": {
          "maxLength": "0",
          "required": false
        }
      },
      {
        "fieldName": "PnLlevel",
        "title": "PnLlevel",
        "Description": "PnLlevel",
        "type": "picklist",
        "selectionType": "single",
        "clearSearch": true,
        "select": "ALL",
        "source": "datasource",
        "key": "PnLlevel",
        "valueField": "Data Object PnL Level",
        "textField": "Data Object PnL Level",
        "overrideFieldBindingType": false,
        "visible": false,
        "isEditable": true,
        "cascadeFrom": "DataObject",
        "validation": {
          "maxLength": "0",
          "required": false
        }
      },
      {
        "fieldName": "FromPnL",
        "title": "From PnL",
        "Description": "From PnL",
        "type": "picklist",
        "selectionType": "single",
        "clearSearch": true,
        "select": "NONE",
        "source": "datasource",
        "key": "PnL_Scope",
        "valueField": "Name",
        "textField": "DisplayName",
        "overrideFieldBindingType": false,
        "visible": false,
        "isEditable": true,
        "cascadeFrom": "PnLlevel",
        "validation": {
          "maxLength": "0",
          "required": false
        }
      },
      {
        "fieldName": "FromPnL_UI",
        "title": "From PnL UI",
        "Description": "From PnL UI",
        "type": "picklist",
        "selectionType": "single",
        "clearSearch": true,
        "select": "ALL",
        "source": "datasource",
        "key": "FromPnL_ScopeUI",
        "valueField": "DisplayName",
        "textField": "DisplayName",
        "overrideFieldBindingType": false,
        "visible": false,
        "isEditable": true,
        "cascadeFrom": "FromPnL",
        "validation": {
          "maxLength": "0",
          "required": false
        }
      },
      {
        "fieldName": "ToPnL",
        "title": "To PnL",
        "Description": "To PnL",
        "type": "picklist",
        "selectionType": "single",
        "clearSearch": true,
        "select": "NONE",
        "source": "datasource",
        "key": "PnL_Scope",
        "valueField": "Name",
        "textField": "DisplayName",
        "overrideFieldBindingType": false,
        "visible": false,
        "isEditable": true,
        "cascadeFrom": "PnLlevel",
        "validation": {
          "maxLength": "0",
          "required": false
        }
      },
      {
        "fieldName": "ToPnL_UI",
        "title": "To PnL UI",
        "Description": "To PnL UI",
        "type": "picklist",
        "selectionType": "single",
        "clearSearch": true,
        "select": "ALL",
        "source": "datasource",
        "key": "ToPnL_ScopeUI",
        "valueField": "DisplayName",
        "textField": "DisplayName",
        "overrideFieldBindingType": false,
        "visible": false,
        "isEditable": true,
        "cascadeFrom": "ToPnL",
        "validation": {
          "maxLength": "0",
          "required": false
        }
      },
      {
        "fieldName": "DemandDomainlevel",
        "title": "DemandDomainlevel",
        "Description": "DemandDomainlevel",
        "type": "picklist",
        "selectionType": "single",
        "clearSearch": true,
        "select": "ALL",
        "source": "datasource",
        "key": "DemandDomainlevel",
        "valueField": "Data Object Demand Domain Level",
        "textField": "Data Object Demand Domain Level",
        "overrideFieldBindingType": false,
        "visible": false,
        "isEditable": true,
        "cascadeFrom": "DataObject",
        "validation": {
          "maxLength": "0",
          "required": false
        }
      },
      {
        "fieldName": "FromDemandDomain",
        "title": "From Demand Domain",
        "Description": "From Demand Domain",
        "type": "picklist",
        "selectionType": "single",
        "clearSearch": true,
        "select": "NONE",
        "source": "datasource",
        "key": "DemandDomain_Scope",
        "valueField": "Name",
        "textField": "DisplayName",
        "overrideFieldBindingType": false,
        "visible": false,
        "isEditable": true,
        "cascadeFrom": "DemandDomainlevel",
        "validation": {
          "maxLength": "0",
          "required": false
        }
      },
      {
        "fieldName": "FromDemandDomain_UI",
        "title": "From Demand Domain UI",
        "Description": "From Demand Domain UI",
        "type": "picklist",
        "selectionType": "single",
        "clearSearch": true,
        "select": "ALL",
        "source": "datasource",
        "key": "FromDemandDomain_ScopeUI",
        "valueField": "DisplayName",
        "textField": "DisplayName",
        "overrideFieldBindingType": false,
        "visible": false,
        "isEditable": true,
        "cascadeFrom": "FromDemandDomain",
        "validation": {
          "maxLength": "0",
          "required": false
        }
      },
      {
        "fieldName": "ToDemandDomain",
        "title": "To Demand Domain",
        "Description": "To Demand Domain",
        "type": "picklist",
        "selectionType": "single",
        "clearSearch": true,
        "select": "NONE",
        "source": "datasource",
        "key": "DemandDomain_Scope",
        "valueField": "Name",
        "textField": "DisplayName",
        "overrideFieldBindingType": false,
        "visible": false,
        "isEditable": true,
        "cascadeFrom": "DemandDomainlevel",
        "validation": {
          "maxLength": "0",
          "required": false
        }
      },
      {
        "fieldName": "ToDemandDomain_UI",
        "title": "To Demand Domain UI",
        "Description": "To Demand Domain UI",
        "type": "picklist",
        "selectionType": "single",
        "clearSearch": true,
        "select": "ALL",
        "source": "datasource",
        "key": "ToDemandDomain_ScopeUI",
        "valueField": "DisplayName",
        "textField": "DisplayName",
        "overrideFieldBindingType": false,
        "visible": false,
        "isEditable": true,
        "cascadeFrom": "ToDemandDomain",
        "validation": {
          "maxLength": "0",
          "required": false
        }
      }
    ],
    "Range": [],
    "DataSources": [
      {
        "Name": "User",
        "IBPLRules": [
          {
            "template": "Select CurrentUser().Name;"
          }
        ],
        "JavascriptRules": [],
        "IncludeDSFieldsOnly": false,
        "FieldBindings": []
      },
      {
        "Name": "Now",
        "IBPLRules": [
          {
            "template": "Select Now();"
          }
        ],
        "JavascriptRules": [],
        "IncludeDSFieldsOnly": false,
        "FieldBindings": []
      },
      {
        "Name": "Rule",
        "IBPLRules": [
          {
            "template": "Select ([Version].[Version Name]{{#filter Version}}*[Data Object].[Data Object]{{#filter DataObject}}) on row, ({(\"Rule_\"+ToSTring(Coalesce(Measure.[Data Object Rule Count],1000)))as Transient.[Rule Count]}) on column;\n"
          }
        ],
        "JavascriptRules": [],
        "IncludeDSFieldsOnly": false,
        "FieldBindings": []
      },
      {
        "Name": "Itemlevel",
        "IBPLRules": [
          {
            "template": "Select([Version].[Version Name]{{#filter Version}} * [Data Object].[Data Object]{{#filter DataObject}}) on row,\n({Measure.[Data Object Item Level]}) on column;"
          }
        ],
        "JavascriptRules": [],
        "IncludeDSFieldsOnly": false,
        "FieldBindings": []
      },
      {
        "Name": "Item_Scope",
        "IBPLRules": [
          {
            "template": "Select ({{Itemlevel}});"
          }
        ],
        "JavascriptRules": [],
        "IncludeDSFieldsOnly": false,
        "FieldBindings": []
      },
      {
        "Name": "Locationlevel",
        "IBPLRules": [
          {
            "template": "Select([Version].[Version Name]{{#filter Version}} * [Data Object].[Data Object]{{#filter DataObject}}) on row,\n({Measure.[Data Object Location Level]}) on column;"
          }
        ],
        "JavascriptRules": [],
        "IncludeDSFieldsOnly": false,
        "FieldBindings": []
      },
      {
        "Name": "Location_Scope",
        "IBPLRules": [
          {
            "template": "Select ({{Locationlevel}});"
          }
        ],
        "JavascriptRules": [],
        "IncludeDSFieldsOnly": false,
        "FieldBindings": []
      },
      {
        "Name": "Accountlevel",
        "IBPLRules": [
          {
            "template": "Select([Version].[Version Name]{{#filter Version}} * [Data Object].[Data Object]{{#filter DataObject}}) on row,\n({Measure.[Data Object Account Level]}) on column;"
          }
        ],
        "JavascriptRules": [],
        "IncludeDSFieldsOnly": false,
        "FieldBindings": []
      },
      {
        "Name": "Account_Scope",
        "IBPLRules": [
          {
            "template": "Select ({{Accountlevel}});"
          }
        ],
        "JavascriptRules": [],
        "IncludeDSFieldsOnly": false,
        "FieldBindings": []
      },
      {
        "Name": "Channellevel",
        "IBPLRules": [
          {
            "template": "Select([Version].[Version Name]{{#filter Version}} * [Data Object].[Data Object]{{#filter DataObject}}) on row,\n({Measure.[Data Object Channel Level]}) on column;"
          }
        ],
        "JavascriptRules": [],
        "IncludeDSFieldsOnly": false,
        "FieldBindings": []
      },
      {
        "Name": "Channel_Scope",
        "IBPLRules": [
          {
            "template": "Select ({{Channellevel}});"
          }
        ],
        "JavascriptRules": [],
        "IncludeDSFieldsOnly": false,
        "FieldBindings": []
      },
      {
        "Name": "Regionlevel",
        "IBPLRules": [
          {
            "template": "Select([Version].[Version Name]{{#filter Version}} * [Data Object].[Data Object]{{#filter DataObject}}) on row,\n({Measure.[Data Object Region Level]}) on column;"
          }
        ],
        "JavascriptRules": [],
        "IncludeDSFieldsOnly": false,
        "FieldBindings": []
      },
      {
        "Name": "Region_Scope",
        "IBPLRules": [
          {
            "template": "Select ({{Regionlevel}});"
          }
        ],
        "JavascriptRules": [],
        "IncludeDSFieldsOnly": false,
        "FieldBindings": []
      },
      {
        "Name": "FromItem_ScopeUI",
        "IBPLRules": [
          {
            "template": "Select ({{Itemlevel}}.[{{FromItem}}]);"
          }
        ],
        "JavascriptRules": [],
        "IncludeDSFieldsOnly": false,
        "FieldBindings": []
      },
      {
        "Name": "ToItem_ScopeUI",
        "IBPLRules": [
          {
            "template": "Select ({{Itemlevel}}.[{{ToItem}}]);"
          }
        ],
        "JavascriptRules": [],
        "IncludeDSFieldsOnly": false,
        "FieldBindings": []
      },
      {
        "Name": "FromAccount_ScopeUI",
        "IBPLRules": [
          {
            "template": "Select ({{Accountlevel}}.[{{FromAccount}}]);"
          }
        ],
        "JavascriptRules": [],
        "IncludeDSFieldsOnly": false,
        "FieldBindings": []
      },
      {
        "Name": "ToAccount_ScopeUI",
        "IBPLRules": [
          {
            "template": "Select ({{Accountlevel}}.[{{ToAccount}}]);"
          }
        ],
        "JavascriptRules": [],
        "IncludeDSFieldsOnly": false,
        "FieldBindings": []
      },
      {
        "Name": "FromChannel_ScopeUI",
        "IBPLRules": [
          {
            "template": "Select ({{Channellevel}}.[{{FromChannel}}]);"
          }
        ],
        "JavascriptRules": [],
        "IncludeDSFieldsOnly": false,
        "FieldBindings": []
      },
      {
        "Name": "ToChannel_ScopeUI",
        "IBPLRules": [
          {
            "template": "Select ({{Channellevel}}.[{{ToChannel}}]);"
          }
        ],
        "JavascriptRules": [],
        "IncludeDSFieldsOnly": false,
        "FieldBindings": []
      },
      {
        "Name": "FromRegion_ScopeUI",
        "IBPLRules": [
          {
            "template": "Select ({{Regionlevel}}.[{{FromRegion}}]);"
          }
        ],
        "JavascriptRules": [],
        "IncludeDSFieldsOnly": false,
        "FieldBindings": []
      },
      {
        "Name": "ToRegion_ScopeUI",
        "IBPLRules": [
          {
            "template": "Select ({{Regionlevel}}.[{{ToRegion}}]);"
          }
        ],
        "JavascriptRules": [],
        "IncludeDSFieldsOnly": false,
        "FieldBindings": []
      },
      {
        "Name": "FromLocation_ScopeUI",
        "IBPLRules": [
          {
            "template": "Select ({{Locationlevel}}.[{{FromLocation}}]);"
          }
        ],
        "JavascriptRules": [],
        "IncludeDSFieldsOnly": false,
        "FieldBindings": []
      },
      {
        "Name": "ToLocation_ScopeUI",
        "IBPLRules": [
          {
            "template": "Select ({{Locationlevel}}.[{{ToLocation}}]);"
          }
        ],
        "JavascriptRules": [],
        "IncludeDSFieldsOnly": false,
        "FieldBindings": []
      },
      {
        "Name": "FromPnL_ScopeUI",
        "IBPLRules": [
          {
            "template": "Select([PnL].[{{FromPnL}}]);"
          }
        ],
        "JavascriptRules": [],
        "IncludeDSFieldsOnly": false,
        "FieldBindings": []
      },
      {
        "Name": "PnLlevel",
        "IBPLRules": [
          {
            "template": "Select([Version].[Version Name]{{#filter Version}} * [Data Object].[Data Object]{{#filter DataObject}}) on row,\n({Measure.[Data Object PnL Level]}) on column;"
          }
        ],
        "JavascriptRules": [],
        "IncludeDSFieldsOnly": false,
        "FieldBindings": []
      },
      {
        "Name": "PnL_Scope",
        "IBPLRules": [
          {
            "template": "Select ({{PnLlevel}});"
          }
        ],
        "JavascriptRules": [],
        "IncludeDSFieldsOnly": false,
        "FieldBindings": []
      },
      {
        "Name": "FromPnL_ScopeUI",
        "IBPLRules": [
          {
            "template": "Select ({{PnLlevel}}.[{{FromPnL}}]);"
          }
        ],
        "JavascriptRules": [],
        "IncludeDSFieldsOnly": false,
        "FieldBindings": []
      },
      {
        "Name": "ToPnL_ScopeUI",
        "IBPLRules": [
          {
            "template": "Select ({{PnLlevel}}.[{{ToPnL}}]);"
          }
        ],
        "JavascriptRules": [],
        "IncludeDSFieldsOnly": false,
        "FieldBindings": []
      },
      {
        "Name": "DemandDomainlevel",
        "IBPLRules": [
          {
            "template": "Select([Version].[Version Name]{{#filter Version}} * [Data Object].[Data Object]{{#filter DataObject}}) on row,\n({Measure.[Data Object Demand Domain Level]}) on column;"
          }
        ],
        "JavascriptRules": [],
        "IncludeDSFieldsOnly": false,
        "FieldBindings": []
      },
      {
        "Name": "DemandDomain_Scope",
        "IBPLRules": [
          {
            "template": "Select ({{DemandDomainlevel}});"
          }
        ],
        "JavascriptRules": [],
        "IncludeDSFieldsOnly": false,
        "FieldBindings": []
      },
      {
        "Name": "FromDemandDomain_ScopeUI",
        "IBPLRules": [
          {
            "template": "Select ({{DemandDomainlevel}}.[{{FromDemandDomain}}]);"
          }
        ],
        "JavascriptRules": [],
        "IncludeDSFieldsOnly": false,
        "FieldBindings": []
      },
      {
        "Name": "ToDemandDomain_ScopeUI",
        "IBPLRules": [
          {
            "template": "Select ({{DemandDomainlevel}}.[{{ToDemandDomain}}]);"
          }
        ],
        "JavascriptRules": [],
        "IncludeDSFieldsOnly": false,
        "FieldBindings": []
      },
      {
        "Name": "Sequence_DS",
        "IBPLRules": [
          {
            "template": "select([Sequence].[Sequence].[1]);"
          }
        ],
        "JavascriptRules": [],
        "IncludeDSFieldsOnly": false,
        "FieldBindings": []
      }
    ],
    "AutoExecute": false,
    "isAsync": false,
    "hasMembersUpdates": false,
    "Compact": true,
    "TwoColumn": true,
    "IsGlobalForExcelAddIn": false,
    "ExcludeFromNavLink": false,
    "FilterFieldBindings": [],
    "enableTransaction": false
  },
  "Widget": null,
  "Roles": []
}