{
  "Override": [
    {
      "PageName": "Historical Data",
      "WorkspaceName": "Assortment",
      "DisplayOrder": 14,
      "ConfigBlockName": "o9 Retail Assortment Line Build"
    },
    {
      "PageName": "Store Grades",
      "WorkspaceName": "Assortment",
      "DisplayOrder": 14,
      "ConfigBlockName": "o9 Retail Assortment Line Build"
    },
    {
      "PageName": "Line Build",
      "WorkspaceName": "Assortment",
      "DisplayOrder": 7,
      "ConfigBlockName": "o9 Retail Assortment Line Build"
    },
    {
      "PageName": "ROS Input",
      "WorkspaceName": "Assortment",
      "DisplayOrder": 15,
      "ConfigBlockName": "o9 Retail Assortment Line Build"
    },
    {
      "PageName": "Space Inputs",
      "WorkspaceName": "Assortment",
      "DisplayOrder": 13,
      "ConfigBlockName": "o9 Retail Assortment Line Build"
    },
    {
      "PageName": "Assortment Plan Setting",
      "WorkspaceName": "Assortment",
      "DisplayOrder": 16,
      "ConfigBlockName": "o9 Retail Assortment Line Build"
    },
    {
      "PageName": "Product Selection",
      "WorkspaceName": "Assortment",
      "DisplayOrder": 8,
      "ConfigBlockName": "o9 Retail Assortment Line Build"
    },
    {
      "PageName": "Options Reconciliation",
      "WorkspaceName": "Assortment",
      "DisplayOrder": 5,
      "ConfigBlockName": "o9 Retail Assortment Line Build"
    },
    {
      "PageName": "Ranging",
      "WorkspaceName": "Assortment",
      "DisplayOrder": 6,
      "ConfigBlockName": "o9 Retail Assortment Ranging"
    },
    {
      "PageName": "WSSI Plan",
      "WorkspaceName": "Assortment",
      "DisplayOrder": 1,
      "ConfigBlockName": "o9 Retail Assortment Sales and Buy Plan"
    },
    {
      "PageName": "Receipts Plan",
      "WorkspaceName": "Assortment",
      "DisplayOrder": 3,
      "ConfigBlockName": "o9 Retail Assortment Sales and Buy Plan"
    },
    {
      "PageName": "MFP vs AP Reconciliation",
      "WorkspaceName": "Assortment",
      "DisplayOrder": 2,
      "ConfigBlockName": "o9 Retail Assortment Sales and Buy Plan"
    }
  ]
}