{
  "MeasureName": "W Netting Committed Buffer Forecast",
  "MeasureId": "39bdcb45-afea-41a3-b9f6-772fb269552e",
  "MeasureDescription": "Netting Committed Buffer Forecast",
  "DataType": "number",
  "MeasureType": "Regular",
  "AggregateFunction": "Sum",
  "FormatString": "#,##0",
  "MeasureColumnName": "WNettingCommittedBufferForecast",
  "MeasureFormula": "",
  "IsEditable": false,
  "ApplyConversion": true,
  "ConversionFormula": "Supply Planning Final Conversion Rate",
  "PickListName": null,
  "BgColorFormula": "",
  "FgColorFormula": "",
  "TrendFormula": "",
  "FormattingViewModel": "[]",
  "ParentMeasureName": null,
  "AssociationMeasure": false,
  "IsComputedByPlanningService": false,
  "ToolTip": "Netting Committed Buffer Forecast",
  "ConfigJson": {},
  "ApiName": null,
  "ApiDisabled": false,
  "IsReportingMeasure": false,
  "MeasureConditionalFormulaProperties": [],
  "PicklistSource": null
}