{
  "Name": "76RunTournamentModeMLModel",
  "Description": null,
  "ActionButtonId": "54cb4456-2b8a-4d30-a649-737e406cd800",
  "Tooltip": "Tournament Mode ML Model",
  "ActionButtonType": "Widget",
  "Alignment": "right",
  "IsPopOver": true,
  "IsGlobal": true,
  "ActionClickHandler": null,
  "Icon": null,
  "Image": null,
  "ConfigJson": {
    "icon": "caret-square-o-right",
    "SubmitButton": {
      "Label": "Submit",
      "ProgressMessage": "Executing...",
      "SuccessMessage": "Successfully Executed.",
      "ErrorMessage": "Error in Execution.",
      "ConfirmMessage": "Are you sure you want to go ahead with the changes?"
    },
    "ResetButton": {
      "Label": "Reset"
    },
    "CloseButton": {
      "Label": "Close",
      "ConfirmMessage": "Unsaved changes will be lost. Continue?"
    },
    "NotifyAll": false,
    "IBPLRules": [
      {
        "template": "\nexec procedure o9DP051PopulateCurrentPeriodMLWorkflow\t {\"VersionName\" : [{{#csv VersionName}}]};"
      },
      {
        "template": "exec procedure o9DP047RunTournamentModeMLModel\t {\"VersionName\" : [{{#csv VersionName}}], \"Location\" : [{{#csv Location}}], \"Item\" : [{{#csv Item}}],   \"Account\" : [{{#csv Account}}], \"Channel\" : [{{#csv Channel}}], \"Region\" : [{{#csv Region}}], \"PnL\" : [{{#csv PnL}}], \"DemandDomain\" : [{{#csv DemandDomain}}],   \"StartDate\" : \"{{StartDate}}\" ,  \"EndDate\" : \"{{EndDate}}\" };"
      }
    ],
    "JavascriptRules": [],
    "FieldBindings": [
      {
        "fieldName": "VersionName",
        "title": "Version",
        "type": "picklist",
        "selectionType": "multiple",
        "clearSearch": true,
        "source": "filter",
        "DimensionName": "Version",
        "LevelAttributeName": "Version Name",
        "visible": true,
        "isEditable": true,
        "validation": {
          "maxLength": "0",
          "required": true
        }
      },
      {
        "fieldName": "Item",
        "title": "Stat Item",
        "Description": "Item",
        "type": "picklist",
        "selectionType": "multiple",
        "clearSearch": true,
        "source": "members",
        "DimensionName": "Item",
        "LevelAttributeName": "Stat Item",
        "visible": true,
        "isEditable": true,
        "validation": {
          "maxLength": "0",
          "required": true
        },
        "select": "ALL",
        "fieldGroup": "Item"
      },
      {
        "fieldName": "Account",
        "title": "Stat Account",
        "type": "picklist",
        "selectionType": "multiple",
        "clearSearch": true,
        "select": "ALL",
        "source": "members",
        "DimensionName": "Account",
        "LevelAttributeName": "Stat Account",
        "visible": true,
        "isEditable": true,
        "validation": {
          "maxLength": "0",
          "required": true
        },
        "fieldGroup": "Customer"
      },
      {
        "fieldName": "Channel",
        "title": "Stat Channel",
        "type": "picklist",
        "fieldGroup": "Customer",
        "selectionType": "multiple",
        "clearSearch": true,
        "select": "ALL",
        "source": "members",
        "DimensionName": "Channel",
        "LevelAttributeName": "Stat Channel",
        "visible": true,
        "isEditable": true,
        "validation": {
          "maxLength": "0",
          "required": true
        }
      },
      {
        "fieldName": "Region",
        "title": "Stat Region",
        "type": "picklist",
        "fieldGroup": "Customer",
        "selectionType": "multiple",
        "clearSearch": true,
        "select": "ALL",
        "source": "members",
        "DimensionName": "Region",
        "LevelAttributeName": "Stat Region",
        "visible": true,
        "isEditable": true,
        "validation": {
          "maxLength": "0",
          "required": true
        }
      },
      {
        "fieldName": "Location",
        "title": "Stat Location",
        "Description": "Location",
        "type": "picklist",
        "selectionType": "multiple",
        "clearSearch": true,
        "source": "members",
        "DimensionName": "Location",
        "LevelAttributeName": "Stat Location",
        "visible": true,
        "isEditable": true,
        "validation": {
          "maxLength": "0",
          "required": true
        },
        "select": "ALL",
        "fieldGroup": "Location"
      },
      {
        "fieldName": "PnL",
        "title": "Stat PnL",
        "type": "picklist",
        "fieldGroup": "Others",
        "selectionType": "multiple",
        "clearSearch": true,
        "select": "ALL",
        "source": "members",
        "DimensionName": "PnL",
        "LevelAttributeName": "Stat PnL",
        "visible": true,
        "isEditable": true,
        "validation": {
          "maxLength": "0",
          "required": true
        }
      },
      {
        "fieldName": "DemandDomain",
        "title": "Stat Demand Domain",
        "type": "picklist",
        "fieldGroup": "Others",
        "selectionType": "multiple",
        "clearSearch": true,
        "select": "ALL",
        "source": "members",
        "DimensionName": "Demand Domain",
        "LevelAttributeName": "Stat Demand Domain",
        "visible": true,
        "isEditable": true,
        "validation": {
          "maxLength": "0",
          "required": true
        }
      },
      {
        "fieldName": "StartDate",
        "title": "Tournament Start Date",
        "type": "picklist",
        "selectionType": "single",
        "clearSearch": true,
        "source": "datasource",
        "key": "MLTrainingStartDate",
        "valueField": "Training Start Date L1",
        "textField": "Training Start Date L1",
        "visible": false,
        "isEditable": false,
        "validation": {
          "maxLength": "0",
          "required": true
        },
        "cascadeFrom": "VersionName"
      },
      {
        "fieldName": "EndDate",
        "title": "Tournament End Date",
        "Description": "Tournament End Date",
        "type": "picklist",
        "selectionType": "single",
        "clearSearch": true,
        "select": "ALL",
        "source": "datasource",
        "key": "MLTrainingEndDate",
        "valueField": "Key",
        "textField": "Key",
        "visible": false,
        "isEditable": false,
        "validation": {
          "maxLength": "0",
          "required": true
        }
      }
    ],
    "DataSources": [
      {
        "Name": "MLTrainingStartDate",
        "IBPLRules": [
          {
            "template": "Select ([Version].[Version Name]{{#filter VersionName}} ) on row, \n({Measure.[Training Start Date L1]}) on column;"
          }
        ],
        "JavascriptRules": [],
        "IncludeDSFieldsOnly": false,
        "FieldBindings": []
      },
      {
        "Name": "MLTrainingEndDate",
        "IBPLRules": [
          {
            "template": "select &CurrentDay.element(0).leadoffset(-1);"
          }
        ],
        "JavascriptRules": [],
        "IncludeDSFieldsOnly": false,
        "FieldBindings": []
      }
    ],
    "AutoExecute": false,
    "isAsync": true,
    "hasMembersUpdates": false,
    "Compact": false,
    "TwoColumn": true,
    "IsGlobalForExcelAddIn": false,
    "ReturnFilterByUpdate": false,
    "FilterFieldBindings": []
  },
  "Widget": null
}