{
  "Name": "ERPRTFtoRTFFinal",
  "Description": "To transfer ERP RTF to RTF Final",
  "ActionButtonId": "a0e77a95-3e32-d7a8-df68-d36b83bc1a09",
  "Tooltip": "Copy ERP RTF to RTF",
  "ActionButtonType": "Widget",
  "Alignment": "right",
  "IsPopOver": true,
  "IsGlobal": true,
  "ActionClickHandler": null,
  "Icon": null,
  "Image": null,
  "ConfigJson": {
    "DisplayName": "Copy ERP RTF",
    "icon": "angle-up",
    "SubmitButton": {
      "Label": "Submit"
    },
    "ResetButton": {
      "Label": "Reset"
    },
    "CloseButton": {
      "Label": "Close",
      "ConfirmMessage": "Unsaved changes will be lost. Continue?"
    },
    "NotifyRoles": true,
    "NotifyAll": false,
    "IBPLRules": [
      {
        "template": "{{#if OPFrozenHorizon}}\nscope:([Version].[Version Name]{{#filter Version}} * [Location].[Location] * [Sales Domain].[Customer Group] * [Item].[Item] * &FrozenHorizonWeekly);\nMeasure.[RTF] = Measure.[ERP RTF];\nend scope;\n\n{{/if}}\n\n{{#if MPPlanningHorizon}}\nscope:([Version].[Version Name]{{#filter Version}} * [Location].[Location] * [Sales Domain].[Customer Group] * [Item].[Item] * &PlanningHorizon);\nMeasure.[RTF] = Measure.[ERP RTF];\nend scope;\n\n{{/if}}"
      }
    ],
    "JavascriptRules": [],
    "FieldBindings": [
      {
        "fieldName": "Version",
        "title": "Version",
        "Description": "Version",
        "type": "picklistDropdown",
        "selectionType": "single",
        "clearSearch": true,
        "source": "filter",
        "DimensionName": "Version",
        "LevelAttributeName": "Version Name",
        "visible": true,
        "isEditable": true,
        "validation": {
          "maxLength": "0",
          "required": true
        }
      },
      {
        "fieldName": "Horizons",
        "title": "Horizons",
        "Description": "Horizons",
        "type": "picklistDropdown",
        "selectionType": "single",
        "clearSearch": true,
        "select": "NONE",
        "source": "picklist",
        "key": "Horizons",
        "visible": true,
        "isEditable": true,
        "validation": {
          "maxLength": "0",
          "required": true
        }
      },
      {
        "fieldName": "MPPlanningHorizon",
        "title": "MPPlanningHorizon",
        "Description": "MPPlanningHorizon",
        "type": "boolean",
        "clearSearch": true,
        "source": "datasource",
        "key": "MPPlanningHorizonDS",
        "valueField": "PlanningHorizon",
        "textField": "PlanningHorizon",
        "overrideFieldBindingType": false,
        "visible": false,
        "isEditable": false,
        "cascadeFrom": "Horizons",
        "validation": {
          "maxLength": "0",
          "required": false
        },
        "defaultValue": false
      },
      {
        "fieldName": "OPFrozenHorizon",
        "title": "OPFrozenHorizon",
        "Description": "OPFrozenHorizon",
        "type": "boolean",
        "clearSearch": true,
        "source": "datasource",
        "key": "OPFrozenHorizonDS",
        "valueField": "FrozenHorizonWeekly",
        "textField": "FrozenHorizonWeekly",
        "overrideFieldBindingType": false,
        "visible": false,
        "isEditable": false,
        "cascadeFrom": "Horizons",
        "validation": {
          "maxLength": "0",
          "required": false
        },
        "defaultValue": false
      }
    ],
    "Range": [],
    "DataSources": [
      {
        "Name": "MPPlanningHorizonDS",
        "IBPLRules": [
          {
            "template": "Cartesian Scope:([Version].[Version Name].[{{Version}}]);\nMeasure.[PlanningHorizon]=if (\"{{Horizons}}\" == \"MPPlanningHorizon\") then True else False;\nend scope;\n\nSelect ([Version].[Version Name].[{{Version}}]) on row,\n({Measure.[PlanningHorizon]}) on column;"
          }
        ],
        "JavascriptRules": [],
        "IncludeDSFieldsOnly": false,
        "FieldBindings": []
      },
      {
        "Name": "OPFrozenHorizonDS",
        "IBPLRules": [
          {
            "template": "Cartesian Scope:([Version].[Version Name].[{{Version}}]);\nMeasure.[FrozenHorizonWeekly]=if (\"{{Horizons}}\" == \"OPFrozenHorizon\") then True else False;\nend scope;\n\nSelect ([Version].[Version Name].[{{Version}}]) on row,\n({Measure.[FrozenHorizonWeekly]}) on column;"
          }
        ],
        "JavascriptRules": [],
        "IncludeDSFieldsOnly": false,
        "FieldBindings": []
      }
    ],
    "AutoExecute": false,
    "isAsync": true,
    "hasMembersUpdates": false,
    "Compact": false,
    "TwoColumn": false,
    "IsGlobalForExcelAddIn": false,
    "ReturnFilterByUpdate": false,
    "ExcludeFromNavLink": false,
    "FilterFieldBindings": [],
    "enableTransaction": false
  },
  "Widget": null,
  "Roles": []
}