{
  "AttributeName": "Retail_AP_FD_Product_Location_Setup_NN",
  "AttributeId": "0ca4c2e1-8011-7725-f6b3-6891f704584f",
  "AttributeHierarchyEnabled": true,
  "IsKey": false,
  "Description": "Retail AP Product and Location Setup Named Node",
  "OrderBy": "Key",
  "KeyColumnName": "Retail_AP_FD_Product_Location_Setup_NNKey",
  "NameColumnName": "Retail_AP_FD_Product_Location_Setup_NNName",
  "KeyColumnDataType": "integer",
  "SeedTags": true,
  "KeyGenerationType": "Auto",
  "PickListName": null,
  "ConfigJson": {
    "ShowFilterAs": "TileView",
    "MemberDisplayNameEditable": true,
    "IsMultipleImage": false,
    "MemberDisplayColor": false
  },
  "FormatString": null,
  "Translation": null,
  "Aliases": [],
  "ApiName": null,
  "ApiDisabled": false,
  "ParentAttributeName": null,
  "NamedNodeUsages": [
    {
      "DimensionName": "Item",
      "AttributeName": "L3"
    },
    {
      "DimensionName": "Location",
      "AttributeName": "Location Country"
    }
  ]
}