{
  "Name": "SeedLikeClass",
  "Description": "Seed the values from one class to another class",
  "ActionButtonId": "91899c9d-de13-5683-fdd1-1cce9afefad9",
  "Tooltip": "Seed from Like Class",
  "ActionButtonType": "Widget",
  "Alignment": "right",
  "IsPopOver": true,
  "IsGlobal": true,
  "ActionClickHandler": null,
  "Icon": null,
  "Image": null,
  "ConfigJson": {
    "DisplayName": "Seed from Like Class",
    "icon": "chevron-circle-right",
    "SubmitButton": {
      "Label": "Submit"
    },
    "ResetButton": {
      "Label": "Reset"
    },
    "CloseButton": {
      "Label": "Close",
      "ConfirmMessage": "Unsaved changes will be lost. Continue?"
    },
    "NotifyRoles": true,
    "NotifyAll": false,
    "IBPLRules": [
      {
        "template": "Cartesian Scope: (&DynamicScenarios.filter(#.Name in {\"{{Version}}\"}) * &RE2EClasses.filter(#.Name in {\"{{DestClass}}\"}) * &RE2EChannels.filter(#.Name in {{#ibplList Channel}})* Time.[Planning Quarter].filter(#.Name in {{#ibplList Quarter}}).RelatedMembers([Week])  * &RE2ECountries.filter(#.Name in {{#ibplList Market}}) * &MFPSellingSeason.filter(#.Name in {{#ibplList Season}}));\nMeasure.[BU Sls Rtl]=  0 ;\nend scope;\n\n\nexec procedure NewCopyLikeClass { \"Version\" : \"{{Version}}\" , \"Channel\" : [{{#csv Channel}}] , \"Quarter\" : [ {{#csv Quarter}} ] , \"DestClass\" :\"{{DestClass}}\" ,\"Season\" : [{{#csv Season}}], \"SourceClass\" :\"{{SourceClass}}\", \"Market\" : [{{#csv Market}}] };"
      }
    ],
    "JavascriptRules": [],
    "FieldBindings": [
      {
        "fieldName": "SourceClass",
        "title": "Source Class",
        "Description": "Source class from which the values will be taken and seeded into the new class",
        "type": "picklistDropdown",
        "selectionType": "single",
        "clearSearch": true,
        "select": "NONE",
        "source": "members",
        "DimensionName": "Item",
        "LevelAttributeName": "L3",
        "visible": true,
        "isEditable": true,
        "validation": {
          "maxLength": "0",
          "required": true
        },
        "fieldGroup": "Seed from Like Class"
      },
      {
        "fieldName": "Season",
        "title": "Season",
        "Description": "Selling Season",
        "type": "picklist",
        "fieldGroup": "Seed from Like Class",
        "selectionType": "multiple",
        "clearSearch": true,
        "source": "filter",
        "DimensionName": "Selling Season",
        "LevelAttributeName": "Selling Season",
        "visible": true,
        "isEditable": true,
        "validation": {
          "maxLength": "0",
          "required": true
        }
      },
      {
        "fieldName": "DestClass",
        "title": "Destination Class",
        "Description": "Class in which the values will be seeded",
        "type": "picklistDropdown",
        "selectionType": "single",
        "clearSearch": true,
        "select": "NONE",
        "source": "members",
        "DimensionName": "Item",
        "LevelAttributeName": "L3",
        "visible": true,
        "isEditable": true,
        "validation": {
          "maxLength": "0",
          "required": true
        },
        "fieldGroup": "Seed from Like Class"
      },
      {
        "fieldName": "Market",
        "title": "Market",
        "Description": "Location Country from which the values will be seeded",
        "type": "picklist",
        "fieldGroup": "Seed from Like Class",
        "selectionType": "multiple",
        "clearSearch": true,
        "source": "filter",
        "DimensionName": "Location",
        "LevelAttributeName": "Location Country",
        "visible": true,
        "isEditable": true,
        "validation": {
          "maxLength": "0",
          "required": true
        }
      },
      {
        "fieldName": "Quarter",
        "title": "Quarter",
        "Description": "Time in terms of Quarter",
        "type": "picklistDropdown",
        "fieldGroup": "Seed from Like Class",
        "clearSearch": true,
        "source": "filter",
        "DimensionName": "Time",
        "LevelAttributeName": "Planning Quarter",
        "visible": true,
        "isEditable": true,
        "validation": {
          "maxLength": "0",
          "required": true
        }
      },
      {
        "fieldName": "Channel",
        "title": "Channel",
        "Description": "Sales Planning Channel i.e Online, Retail, Wholesale, Outlet",
        "type": "picklist",
        "fieldGroup": "Seed from Like Class",
        "selectionType": "multiple",
        "clearSearch": true,
        "source": "filter",
        "DimensionName": "Sales Domain",
        "LevelAttributeName": "Sales Planning Channel",
        "visible": true,
        "isEditable": true,
        "validation": {
          "maxLength": "0",
          "required": true
        }
      },
      {
        "fieldName": "Version",
        "title": "Version",
        "Description": "Version",
        "type": "picklist",
        "selectionType": "single",
        "clearSearch": true,
        "source": "filter",
        "DimensionName": "Version",
        "LevelAttributeName": "Version Name",
        "visible": false,
        "isEditable": false,
        "validation": {
          "maxLength": "0",
          "required": true
        }
      }
    ],
    "Range": [],
    "DataSources": [],
    "AutoExecute": false,
    "isAsync": true,
    "hasMembersUpdates": true,
    "Compact": true,
    "TwoColumn": true,
    "IsGlobalForExcelAddIn": false,
    "ReturnFilterByUpdate": false,
    "ExcludeFromNavLink": false,
    "FilterFieldBindings": []
  },
  "Widget": null,
  "Roles": []
}