{
  "EdgePropertyId": "e4b8f6bd-609f-4cf7-89c7-2c357a49cfef",
  "PropertyName": "D Substitute Item Start Date Item Location Input",
  "PropertyDescription": "Substitute Item Start Date Input",
  "PropertyDataType": "datetime",
  "PropertyDataSize": 0,
  "PropertyColumnName": "DSubstituteItemStartDateItemLocationInput",
  "AggregateFunction": "Min",
  "PropertyFormula": null,
  "IsEditable": false,
  "FormatString": "MM/dd/yyyy",
  "ActivationProperty": false,
  "IsComputedByPlanningService": false,
  "ToolTip": null,
  "ApiName": null,
  "ApiDisabled": false,
  "BgColorFormula": null,
  "FgColorFormula": null,
  "TrendFormula": null,
  "FormattingViewModel": null,
  "ConditionalFormulas": []
}