{
  "Name": "024ModifyNPIInitiative",
  "Description": null,
  "ActionButtonId": "72923b8b-2153-0f00-9bf8-15d27780c238",
  "Tooltip": "Modify Initiative",
  "ActionButtonType": "Widget",
  "Alignment": "right",
  "IsPopOver": true,
  "IsGlobal": true,
  "ActionClickHandler": null,
  "Icon": null,
  "Image": null,
  "ConfigJson": {
    "DisplayName": "Initiative",
    "icon": "edit",
    "SubmitButton": {
      "Label": "Submit"
    },
    "ResetButton": {
      "Label": "Reset"
    },
    "CloseButton": {
      "Label": "Close",
      "ConfirmMessage": "Unsaved changes will be lost. Continue?"
    },
    "NotifyRoles": false,
    "NotifyAll": false,
    "IBPLRules": [
      {
        "template": "exec procedure o9DP024ModifyNPIInitiative {\"Version\" : \"{{Version}}\", \"InitiativeID\" : \"{{InitiativeID}}\", \"InitiativeName\" : \"{{InitiativeName}}\", \"InitiativeDescription\" : \"{{InitiativeDescription}}\", \"InitiativeOwner\" :\"{{InitiativeOwnerUserName}}\"};"
      }
    ],
    "JavascriptRules": [],
    "FieldBindings": [
      {
        "fieldName": "InitiativeID",
        "title": "ID",
        "type": "picklistDropdown",
        "selectionType": "single",
        "clearSearch": true,
        "source": "parentAttributeProperty",
        "DimensionName": "Initiative",
        "key": {
          "LevelAttribute": {
            "Name": "Initiative",
            "Property": {
              "AttributeProperty": "Name"
            }
          }
        },
        "visible": true,
        "isEditable": false,
        "validation": {
          "maxLength": "0",
          "required": false
        }
      },
      {
        "fieldName": "Version",
        "title": "Selected Version",
        "Description": "Selected Version",
        "type": "picklistDropdown",
        "selectionType": "single",
        "clearSearch": true,
        "source": "filter",
        "DimensionName": "Version",
        "LevelAttributeName": "Version Name",
        "visible": false,
        "isEditable": false,
        "validation": {
          "maxLength": "0",
          "required": true
        }
      },
      {
        "fieldName": "InitiativeName",
        "title": "Name",
        "type": "string",
        "clearSearch": true,
        "source": "parentAttributeProperty",
        "DimensionName": "Initiative",
        "key": {
          "LevelAttribute": {
            "Name": "Initiative",
            "Property": {
              "AttributeProperty": "DisplayName"
            }
          }
        },
        "visible": true,
        "isEditable": true,
        "validation": {
          "maxLength": "0",
          "required": true
        }
      },
      {
        "fieldName": "InitiativeDescription",
        "title": "Description",
        "type": "string",
        "selectionType": "single",
        "clearSearch": true,
        "source": "parentAttributeProperty",
        "DimensionName": "Initiative",
        "key": {
          "LevelAttribute": {
            "Name": "Initiative",
            "Property": {
              "AttributeProperty": "Description"
            }
          }
        },
        "visible": true,
        "isEditable": true,
        "validation": {
          "maxLength": "0",
          "required": true
        }
      },
      {
        "fieldName": "InitiativeOwner",
        "title": "Owner",
        "type": "picklistDropdown",
        "selectionType": "single",
        "clearSearch": true,
        "select": "NONE",
        "source": "members",
        "DimensionName": "Personnel",
        "LevelAttributeName": "Email",
        "visible": true,
        "isEditable": true,
        "validation": {
          "maxLength": "0",
          "required": false
        }
      },
      {
        "fieldName": "InitiativeOwnerUserName",
        "title": "Owner",
        "type": "picklist",
        "selectionType": "single",
        "clearSearch": true,
        "select": "ALL",
        "source": "datasource",
        "key": "Owner",
        "valueField": "User Name",
        "textField": "User Name",
        "overrideFieldBindingType": false,
        "visible": false,
        "isEditable": false,
        "cascadeFrom": "InitiativeOwner",
        "validation": {
          "maxLength": "0",
          "required": false
        }
      }
    ],
    "Range": [],
    "DataSources": [
      {
        "Name": "Owner",
        "IBPLRules": [
          {
            "template": "select[Personnel].[Email].[{{InitiativeOwner}}];"
          }
        ],
        "JavascriptRules": [],
        "IncludeDSFieldsOnly": false,
        "FieldBindings": []
      }
    ],
    "AutoExecute": false,
    "isAsync": false,
    "hasMembersUpdates": true,
    "Compact": true,
    "TwoColumn": false,
    "IsGlobalForExcelAddIn": false,
    "ReturnFilterByUpdate": true,
    "ExcludeFromNavLink": false,
    "FilterFieldBindings": []
  },
  "Widget": null,
  "Roles": []
}