{
  "MeasureName": "Netting Forward Buckets at Aggregated Level",
  "MeasureId": "4f680cd4-a166-3cf4-3d82-d5010022a6b1",
  "MeasureDescription": "Netting Forward Buckets at Aggregated Level",
  "DataType": "number",
  "MeasureType": "Regular",
  "AggregateFunction": "Max",
  "FormatString": "#,##0; (#,##0)",
  "MeasureColumnName": "NettingForwardBucketsatAggregatedLevel",
  "MeasureFormula": "",
  "IsEditable": true,
  "ApplyConversion": false,
  "ConversionFormula": "",
  "PickListName": null,
  "BgColorFormula": "",
  "FgColorFormula": "",
  "TrendFormula": "",
  "FormattingViewModel": "[]",
  "ParentMeasureName": null,
  "AssociationMeasure": false,
  "IsComputedByPlanningService": false,
  "ToolTip": "Netting Forward Buckets at Aggregated Level",
  "ConfigJson": {},
  "ApiName": null,
  "ApiDisabled": false,
  "IsReportingMeasure": false,
  "MeasureConditionalFormulaProperties": [],
  "PicklistSource": null
}