{
  "AttributeName": "o9EKG Project Diff Reference Project",
  "AttributeId": "78c6bda8-f5f1-b077-f890-07b1861892fc",
  "AttributeHierarchyEnabled": false,
  "IsKey": false,
  "Description": "Reference Project",
  "OrderBy": "Key",
  "KeyColumnName": "o9EKGProjectDiffReferenceProjectKey",
  "NameColumnName": null,
  "KeyColumnDataType": "string",
  "SeedTags": false,
  "KeyGenerationType": null,
  "PickListName": null,
  "ConfigJson": {
    "IsVisible": true,
    "IsEditable": false
  },
  "FormatString": "",
  "Translation": null,
  "Aliases": [],
  "ApiName": null,
  "ApiDisabled": false,
  "FgColorFormula": null,
  "BgColorFormula": null,
  "IsReservedBySystem": false
}