{
  "Name": "o9EKGAddSolutionSet",
  "Description": "Add Solution Set",
  "ActionButtonId": "40f5ca91-907b-1394-5223-ad2c47e7f4d9",
  "Tooltip": "Add Solution Set",
  "ActionButtonType": "Widget",
  "Alignment": "right",
  "IsPopOver": true,
  "IsGlobal": true,
  "ActionClickHandler": null,
  "Icon": null,
  "Image": null,
  "ConfigJson": {
    "icon": "plus-square-o",
    "SubmitButton": {
      "Label": "Submit"
    },
    "ResetButton": {
      "Label": "Reset"
    },
    "CloseButton": {
      "Label": "Close",
      "ConfirmMessage": "Unsaved changes will be lost. Continue?"
    },
    "NotifyAll": false,
    "IBPLRules": [
      {
        "template": "createmember([o9EKG Solution Set].[Solution Set] = { , \"{{SolutionSet}}\" } );"
      },
      {
        "template": "cartesian scope: (&CWV * [o9EKG Customer].[Project Name].[{{Project}}] * [o9EKG Solution Set].[Solution Set].[{{SolutionSet}}]);\nMeasure.[o9EKG Solution Set Description] = \"{{Desc}}\";\nend scope;"
      },
      {
        "template": "{{#each SBB}}\n\ncartesian scope: (&CWV * [o9EKG Customer].[Project Name].[{{Project}}] * [o9EKG Solution Set].[Solution Set].[{{SolutionSet}}] * [o9EKG Building Blocks].[Building Block].[{{this}}]);\nMeasure.[o9EKG Solution Set SBB] = \"{{this}}\";\nend scope;\n\n{{/each}}"
      }
    ],
    "JavascriptRules": [],
    "FieldBindings": [
      {
        "fieldName": "Project",
        "title": "Project",
        "Description": "Project",
        "type": "picklistDropdown",
        "selectionType": "single",
        "clearSearch": true,
        "source": "filter",
        "DimensionName": "o9EKG Customer",
        "LevelAttributeName": "Project Name",
        "visible": false,
        "isEditable": false,
        "validation": {
          "maxLength": "0",
          "required": true
        }
      },
      {
        "fieldName": "SolutionSet",
        "title": "Solution Set",
        "type": "string",
        "clearSearch": true,
        "source": "literal",
        "visible": true,
        "isEditable": true,
        "validation": {
          "maxLength": "0",
          "required": true
        }
      },
      {
        "fieldName": "Desc",
        "title": "Description",
        "type": "string",
        "clearSearch": true,
        "source": "literal",
        "visible": true,
        "isEditable": true,
        "validation": {
          "maxLength": "0",
          "required": true
        }
      },
      {
        "fieldName": "SBB",
        "title": "Solution Building Block",
        "type": "picklistDropdown",
        "selectionType": "multiple",
        "clearSearch": true,
        "select": "NONE",
        "source": "members",
        "DimensionName": "o9EKG Building Blocks",
        "LevelAttributeName": "Sub Block",
        "visible": true,
        "isEditable": true,
        "validation": {
          "maxLength": "0",
          "required": true
        }
      }
    ],
    "Range": [],
    "DataSources": [],
    "AutoExecute": false,
    "isAsync": false,
    "hasMembersUpdates": true,
    "Compact": false,
    "TwoColumn": false,
    "IsGlobalForExcelAddIn": false,
    "enableTransaction": false,
    "ReturnFilterByUpdate": false,
    "ExcludeFromNavLink": false,
    "FilterFieldBindings": []
  },
  "Widget": null,
  "Roles": [
    "EKG_Intg_Arch",
    "EKG_SA"
  ]
}