{
  "MeasureName": "o9EKG Diff Difference Type",
  "MeasureId": "353845a9-dd7d-fc4c-5746-050feb65ce41",
  "MeasureDescription": "o9EKG Diff Difference Type",
  "DataType": "string",
  "MeasureType": "Regular",
  "AggregateFunction": "Sum",
  "FormatString": "#,##0;(#,##0)",
  "MeasureColumnName": "o9EKGDiffDifferenceType",
  "MeasureFormula": "",
  "IsEditable": false,
  "ApplyConversion": false,
  "ConversionFormula": "",
  "PickListName": null,
  "BgColorFormula": " IF(Measure.[o9EKG Diff Difference Type]==\"Removed\" || Measure.[o9EKG Diff Difference Type]==\"Excluded\") then argb( 1,248, 195, 195) else  IF(Measure.[o9EKG Diff Difference Type]==\"Updated\") then argb( 1,247, 214, 123) else  IF(Measure.[o9EKG Diff Difference Type]==\"Added\" || Measure.[o9EKG Diff Difference Type]==\"Included\") then argb( 1,175, 221, 168)",
  "FgColorFormula": "",
  "TrendFormula": "",
  "FormattingViewModel": "[\r\n  {\r\n    \"BGCOLOR\": \"argb(1,248,195,195)\",\r\n    \"Condition\": \"Measure.[o9EKG Diff Difference Type]==\\\"Removed\\\"||Measure.[o9EKG Diff Difference Type]==\\\"Excluded\\\"\"\r\n  },\r\n  {\r\n    \"BGCOLOR\": \"argb(1,247,214,123)\",\r\n    \"Condition\": \"Measure.[o9EKG Diff Difference Type]==\\\"Updated\\\"\"\r\n  },\r\n  {\r\n    \"BGCOLOR\": \"argb(1,175,221,168)\",\r\n    \"Condition\": \"Measure.[o9EKG Diff Difference Type]==\\\"Added\\\"||Measure.[o9EKG Diff Difference Type]==\\\"Included\\\"\"\r\n  }\r\n]",
  "ParentMeasureName": null,
  "AssociationMeasure": false,
  "IsComputedByPlanningService": false,
  "ToolTip": "o9EKG Diff Difference Type",
  "ConfigJson": {},
  "ApiName": null,
  "ApiDisabled": false,
  "IsReportingMeasure": false,
  "MeasureConditionalFormulaProperties": [
    {
      "MeasureName": null,
      "ConditionalFormula": "Measure.[o9EKG Diff Difference Type]==\"Updated\"",
      "BGCOLOR": "argb(1,247,214,123)",
      "LegendText": "",
      "DisplayOrder": 1
    },
    {
      "MeasureName": null,
      "ConditionalFormula": "Measure.[o9EKG Diff Difference Type]==\"Removed\"||Measure.[o9EKG Diff Difference Type]==\"Excluded\"",
      "BGCOLOR": "argb(1,248,195,195)",
      "LegendText": "",
      "DisplayOrder": 0
    },
    {
      "MeasureName": null,
      "ConditionalFormula": "Measure.[o9EKG Diff Difference Type]==\"Added\"||Measure.[o9EKG Diff Difference Type]==\"Included\"",
      "BGCOLOR": "argb(1,175,221,168)",
      "LegendText": "",
      "DisplayOrder": 2
    }
  ],
  "PicklistSource": null
}