{
  "MeasureGroupName": "003.007 Common Aggregated Demand Netting Parameters For Forecast",
  "MeasureGroupId": "c9656a0e-a572-6b8c-818e-ac1ac2364e8b",
  "ParentMeasureGroupName": null,
  "HasShadow": false,
  "MeasureGroupDescription": "003.007 Common Aggregated Demand Netting Parameters For Forecast",
  "MeasureGroupType": "Regular",
  "FactTableName": "Fact003.007CommonAggregatedDemandNettingParametersForForecast",
  "SchemaMajorVersion": 0,
  "ConfigJson": {},
  "ApiName": null,
  "Repartition": false,
  "Unpartition": false,
  "ApiEnabled": false,
  "DimensionUsages": [
    {
      "DimensionName": "Version",
      "AttributeName": "Version Name",
      "SortOrder": 0,
      "DimensionType": "Regular"
    },
    {
      "DimensionName": "Time",
      "AttributeName": "Week",
      "SortOrder": 0,
      "DimensionType": null
    },
    {
      "DimensionName": "Item",
      "AttributeName": "FN Item",
      "SortOrder": 1,
      "DimensionType": null
    },
    {
      "DimensionName": "Location",
      "AttributeName": "FN Location",
      "SortOrder": 2,
      "DimensionType": null
    },
    {
      "DimensionName": "Sales Domain",
      "AttributeName": "Customer Group",
      "SortOrder": 3,
      "DimensionType": null
    }
  ]
}