{
  "MeasureName": "Input Filename",
  "MeasureId": "3e59b08d-f576-4d39-a2cd-f48e0f6926ae",
  "MeasureDescription": "Filename of the input data",
  "DataType": "string",
  "MeasureType": "Regular",
  "AggregateFunction": "Null",
  "FormatString": "#",
  "MeasureColumnName": "InputFilename",
  "MeasureFormula": "",
  "IsEditable": true,
  "ApplyConversion": false,
  "ConversionFormula": "",
  "PickListName": null,
  "BgColorFormula": "",
  "FgColorFormula": "",
  "TrendFormula": "",
  "FormattingViewModel": null,
  "ParentMeasureName": null,
  "AssociationMeasure": false,
  "IsComputedByPlanningService": false,
  "ToolTip": "Filename of the input data",
  "ConfigJson": {},
  "ApiName": null,
  "ApiDisabled": false,
  "IsReportingMeasure": false,
  "MeasureConditionalFormulaProperties": [],
  "PicklistSource": null
}