{
  "AttributeName": "NPI Channel",
  "AttributeId": "8a4f3a60-10a9-b715-0423-1142655fe049",
  "AttributeHierarchyEnabled": true,
  "IsKey": false,
  "Description": "NPI Channel",
  "OrderBy": "Name",
  "KeyColumnName": "NPIChannelKey",
  "NameColumnName": "NPIChannelName",
  "KeyColumnDataType": "integer",
  "SeedTags": true,
  "KeyGenerationType": "Auto",
  "PickListName": null,
  "ConfigJson": {
    "ShowFilterAs": "TileView",
    "MemberDisplayNameEditable": true,
    "IsMultipleImage": false,
    "MemberDisplayColor": false
  },
  "FormatString": null,
  "Translation": null,
  "Aliases": [],
  "ApiName": null,
  "ApiDisabled": false,
  "ToolTip": "NPI Channel",
  "FgColorFormula": null,
  "BgColorFormula": null,
  "IsReservedBySystem": false
}