{
  "MeasureGroupName": "001.002W Seed Inputs Demand Types",
  "MeasureGroupId": "a1c32ca4-42d7-4992-82bf-7175f22ee0be",
  "ParentMeasureGroupName": null,
  "HasShadow": false,
  "MeasureGroupDescription": "Advanced  Netting Demand Type Association",
  "MeasureGroupType": "Regular",
  "FactTableName": "Fact001.002WSeedInputsDemandTypes",
  "SchemaMajorVersion": 0,
  "ConfigJson": {},
  "ApiName": null,
  "Repartition": false,
  "Unpartition": false,
  "ApiEnabled": false,
  "DimensionUsages": [
    {
      "DimensionName": "Version",
      "AttributeName": "Version Name",
      "SortOrder": 0,
      "DimensionType": "Regular"
    },
    {
      "DimensionName": "Demand Type",
      "AttributeName": "Demand Type",
      "SortOrder": 5,
      "DimensionType": "Regular"
    }
  ]
}