{
  "PickListName": "SP Approval Flag",
  "PickListId": "cbc64c5b-e9bf-0e92-97d2-0cfb1a0b47a6",
  "PickListDescription": "Strategic Plan Approval Flag",
  "DataType": "string",
  "IsMultiSelectAllowed": false,
  "Values": [
    {
      "Value": "WP To AP",
      "DisplayName": "WP To AP",
      "DisplayPosition": 0,
      "Icon": "",
      "Color": "",
      "Image": ""
    },
    {
      "Value": "AP To WP",
      "DisplayName": "AP To WP",
      "DisplayPosition": 1,
      "Icon": "",
      "Color": "",
      "Image": ""
    }
  ]
}