{
  "PickListName": "TD Approval Flag",
  "PickListId": "1e8b53dc-2447-f6ec-f9fb-78509f6a5a93",
  "PickListDescription": "TD Approval Flag",
  "DataType": "string",
  "IsMultiSelectAllowed": false,
  "Values": [
    {
      "Value": "WP to AP",
      "DisplayName": "WP to AP",
      "DisplayPosition": 0,
      "Icon": "",
      "Color": "",
      "Image": ""
    },
    {
      "Value": "AP to WP",
      "DisplayName": "AP to WP",
      "DisplayPosition": 1,
      "Icon": "",
      "Color": "",
      "Image": ""
    }
  ]
}