{
  "PickListName": "Product Seasons",
  "PickListId": "9dcffcbe-853c-3f1b-0d31-7578fc3acf7f",
  "PickListDescription": "Product Seasons",
  "DataType": "string",
  "IsMultiSelectAllowed": true,
  "Values": [
    {
      "Value": "SU21",
      "DisplayName": "SU21",
      "DisplayPosition": 1,
      "Icon": null,
      "Color": null,
      "Image": null
    },
    {
      "Value": "AU21",
      "DisplayName": "AU21",
      "DisplayPosition": 2,
      "Icon": null,
      "Color": null,
      "Image": null
    },
    {
      "Value": "WI21",
      "DisplayName": "WI21",
      "DisplayPosition": 3,
      "Icon": null,
      "Color": null,
      "Image": null
    },
    {
      "Value": "SP22",
      "DisplayName": "SP22",
      "DisplayPosition": 4,
      "Icon": null,
      "Color": null,
      "Image": null
    },
    {
      "Value": "SU22",
      "DisplayName": "SU22",
      "DisplayPosition": 5,
      "Icon": null,
      "Color": null,
      "Image": null
    },
    {
      "Value": "AU22",
      "DisplayName": "AU22",
      "DisplayPosition": 6,
      "Icon": null,
      "Color": null,
      "Image": null
    },
    {
      "Value": "WI22",
      "DisplayName": "WI22",
      "DisplayPosition": 7,
      "Icon": null,
      "Color": null,
      "Image": null
    },
    {
      "Value": "SP23",
      "DisplayName": "SP23",
      "DisplayPosition": 8,
      "Icon": null,
      "Color": null,
      "Image": null
    },
    {
      "Value": "SU23",
      "DisplayName": "SU23",
      "DisplayPosition": 9,
      "Icon": null,
      "Color": null,
      "Image": null
    },
    {
      "Value": "AU23",
      "DisplayName": "AU23",
      "DisplayPosition": 10,
      "Icon": null,
      "Color": null,
      "Image": null
    },
    {
      "Value": "WI23",
      "DisplayName": "WI23",
      "DisplayPosition": 11,
      "Icon": null,
      "Color": null,
      "Image": null
    },
    {
      "Value": "SP21",
      "DisplayName": "SP21",
      "DisplayPosition": 0,
      "Icon": null,
      "Color": null,
      "Image": null
    }
  ]
}