{
  "MeasureName": "TD Gross Margin Variance %",
  "MeasureId": "9f1be205-7998-d893-2aaa-5041fc74a198",
  "MeasureDescription": "Top Down Gross Margin Variance %",
  "DataType": "number",
  "MeasureType": "Regular",
  "AggregateFunction": "Computed",
  "FormatString": "0.00%",
  "MeasureColumnName": "TDGrossMarginVariance%",
  "MeasureFormula": "safedivide(Measure.[TY Gross Margin Rtl] - Measure.[TD Gross Margin Rtl AP], Measure.[TD Gross Margin Rtl AP])",
  "IsEditable": false,
  "ApplyConversion": false,
  "ConversionFormula": "",
  "PickListName": null,
  "BgColorFormula": " IF(Measure.[TD Gross Margin Variance %]>0) then argb( 1,255, 6, 56) else  IF(Measure.[TD Gross Margin Variance %]<0) then argb( 1,255, 3, 3)",
  "FgColorFormula": " IF(Measure.[TD Gross Margin Variance %]>0) then argb( 1,0, 0, 0) else  IF(Measure.[TD Gross Margin Variance %]<0) then argb( 1,0, 0, 0)",
  "TrendFormula": " IF(Measure.[TD Gross Margin Variance %]>0) then 10 else  IF(Measure.[TD Gross Margin Variance %]<0) then 13",
  "FormattingViewModel": "[\r\n  {\r\n    \"BGCOLOR\": \"argb(1,255,6,56)\",\r\n    \"FGCOLOR\": \"argb(1,0,0,0)\",\r\n    \"INDICATOR\": \"10\",\r\n    \"Condition\": \"Measure.[TD Gross Margin Variance %]>0\"\r\n  },\r\n  {\r\n    \"BGCOLOR\": \"argb(1,255,3,3)\",\r\n    \"FGCOLOR\": \"argb(1,0,0,0)\",\r\n    \"INDICATOR\": \"13\",\r\n    \"Condition\": \"Measure.[TD Gross Margin Variance %]<0\"\r\n  }\r\n]",
  "ParentMeasureName": null,
  "AssociationMeasure": false,
  "IsComputedByPlanningService": false,
  "ToolTip": "(TY Gross Margin Rtl - TD Gross Margin Rtl AP) / TD Gross Margin Rtl AP",
  "ConfigJson": {},
  "ApiName": null,
  "ApiDisabled": false,
  "IsReportingMeasure": true,
  "MeasureConditionalFormulaProperties": [
    {
      "MeasureName": null,
      "ConditionalFormula": "Measure.[TD Gross Margin Variance %]>0",
      "BGCOLOR": "argb(1,255,6,56)",
      "LegendText": "",
      "DisplayOrder": 0
    },
    {
      "MeasureName": null,
      "ConditionalFormula": "Measure.[TD Gross Margin Variance %]<0",
      "BGCOLOR": "argb(1,255,3,3)",
      "LegendText": "",
      "DisplayOrder": 1
    }
  ],
  "PicklistSource": null
}