{
  "MeasureName": "TD GMROI",
  "MeasureId": "cd4857d8-9dc5-49d7-8292-b1a6db85ba47",
  "MeasureDescription": "TD GMROI",
  "DataType": "number",
  "MeasureType": "Regular",
  "AggregateFunction": "Computed",
  "FormatString": "(0,000.00a)",
  "MeasureColumnName": "TDGMROI",
  "MeasureFormula": "(Measure.[TD Gross Margin %]/(1-Measure.[TD Gross Margin %])) * Measure.[TD Stock Turn]",
  "IsEditable": false,
  "ApplyConversion": false,
  "ConversionFormula": "",
  "PickListName": null,
  "BgColorFormula": "",
  "FgColorFormula": "",
  "TrendFormula": "",
  "FormattingViewModel": null,
  "ParentMeasureName": null,
  "AssociationMeasure": false,
  "IsComputedByPlanningService": true,
  "ToolTip": "(TD Gross Margin %/(1-TD Gross Margin %)) * TD Stock Turn",
  "ConfigJson": {},
  "ApiName": null,
  "ApiDisabled": false,
  "IsReportingMeasure": false,
  "MeasureConditionalFormulaProperties": [],
  "PicklistSource": null
}