{
  "AttributeName": "Setting Group",
  "AttributeId": "d7050ae3-0a47-c60a-ee4b-2ab6e7508349",
  "AttributeHierarchyEnabled": true,
  "IsKey": false,
  "Description": "Setting Group",
  "OrderBy": "Name",
  "KeyColumnName": "SettingGroupKey",
  "NameColumnName": "SettingGroupName",
  "KeyColumnDataType": "integer",
  "SeedTags": false,
  "KeyGenerationType": "Auto",
  "PickListName": null,
  "ConfigJson": {
    "ShowFilterAs": "TileView",
    "MemberDisplayNameEditable": true,
    "IsMultipleImage": false,
    "MemberDisplayColor": false
  },
  "FormatString": null,
  "Translation": null,
  "Aliases": [],
  "ApiName": null,
  "ApiDisabled": false,
  "FgColorFormula": null,
  "BgColorFormula": null,
  "IsReservedBySystem": false
}