{
  "MeasureGroupName": "001.005 Priortization Output Mappings",
  "MeasureGroupId": "54489338-4703-5e34-c262-e1b80292e4dd",
  "ParentMeasureGroupName": null,
  "HasShadow": false,
  "MeasureGroupDescription": "Measures for plugin output mappings",
  "MeasureGroupType": "Regular",
  "FactTableName": "Fact001.005PriortizationOutputMappings",
  "SchemaMajorVersion": 0,
  "ConfigJson": {},
  "ApiName": null,
  "Repartition": false,
  "Unpartition": false,
  "ApiEnabled": false,
  "DimensionUsages": [
    {
      "DimensionName": "Version",
      "AttributeName": "Version Name",
      "SortOrder": 0,
      "DimensionType": "Regular"
    },
    {
      "DimensionName": "Data Object",
      "AttributeName": "Data Object",
      "SortOrder": 2,
      "DimensionType": "Regular"
    },
    {
      "DimensionName": "Plan Type",
      "AttributeName": "Plan Type",
      "SortOrder": 3,
      "DimensionType": "Regular"
    },
    {
      "DimensionName": "Prioritization Instance",
      "AttributeName": "Instance Name",
      "SortOrder": 5,
      "DimensionType": "Regular"
    },
    {
      "DimensionName": "Prioritization Parameter",
      "AttributeName": "Parameter Name",
      "SortOrder": 6,
      "DimensionType": "Regular"
    }
  ]
}