{
  "AttributeName": "Error Table",
  "AttributeId": "fddbd1b4-7489-a120-4b82-5e79f05c1985",
  "AttributeHierarchyEnabled": true,
  "IsKey": true,
  "Description": "Error Table",
  "OrderBy": "Name",
  "KeyColumnName": "ErrorTableKey",
  "NameColumnName": "ErrorTableName",
  "KeyColumnDataType": "integer",
  "SeedTags": false,
  "KeyGenerationType": "Auto",
  "PickListName": null,
  "ConfigJson": {
    "ShowFilterAs": "TileView",
    "MemberDisplayNameEditable": false,
    "IsMultipleImage": false,
    "MemberDisplayColor": false
  },
  "FormatString": null,
  "Translation": null,
  "Aliases": [],
  "ApiName": null,
  "ApiDisabled": false,
  "FgColorFormula": "",
  "BgColorFormula": "",
  "IsReservedBySystem": false
}