{
  "MeasureGroupName": "001.001 Batch Duration",
  "MeasureGroupId": "a911304f-8678-4eba-9497-319be42174d6",
  "ParentMeasureGroupName": null,
  "HasShadow": false,
  "MeasureGroupDescription": "001.001 Batch Duration",
  "MeasureGroupType": "Regular",
  "FactTableName": "Fact001.001BatchDuration",
  "SchemaMajorVersion": 0,
  "ConfigJson": {},
  "ApiName": null,
  "Repartition": false,
  "Unpartition": false,
  "ApiEnabled": false,
  "DimensionUsages": [
    {
      "DimensionName": "Version",
      "AttributeName": "Version Name",
      "SortOrder": 0,
      "DimensionType": "Regular"
    },
    {
      "DimensionName": "Time",
      "AttributeName": "Day",
      "SortOrder": 0,
      "DimensionType": "Time"
    },
    {
      "DimensionName": "Batch ID",
      "AttributeName": "Batch ID Solution Name",
      "SortOrder": 2,
      "DimensionType": "Regular"
    },
    {
      "DimensionName": "Solution",
      "AttributeName": "Solution Name",
      "SortOrder": 3,
      "DimensionType": "Regular"
    },
    {
      "DimensionName": "Integration Batch ID",
      "AttributeName": "Integration Batch ID Solution Name",
      "SortOrder": 4,
      "DimensionType": null
    }
  ]
}