{
  "AttributeName": "Routing Plan Type",
  "AttributeId": "4a3e82e2-97a8-463d-9c54-8f2fd72aecad",
  "AttributeHierarchyEnabled": true,
  "IsKey": false,
  "Description": "Plan Type to differentiate MP and OP Routes",
  "OrderBy": "Name",
  "KeyColumnName": "RoutingPlanTypeKey",
  "NameColumnName": "RoutingPlanTypeName",
  "KeyColumnDataType": "integer",
  "SeedTags": false,
  "KeyGenerationType": "Auto",
  "PickListName": null,
  "ConfigJson": {
    "ShowFilterAs": "TileView",
    "MemberDisplayNameEditable": true,
    "IsMultipleImage": false
  },
  "FormatString": null,
  "Translation": null,
  "Aliases": [],
  "ApiName": null,
  "ApiDisabled": false
}