{
  "MeasureGroupName": "012 Cluster Level Date Time Metrics",
  "MeasureGroupId": "4c4203fa-0bc9-27a9-3266-f58dff62a741",
  "ParentMeasureGroupName": null,
  "HasShadow": false,
  "MeasureGroupDescription": "012 Cluster Level Date Time Metrics",
  "MeasureGroupType": "Regular",
  "FactTableName": "Fact012ClusterLevelDateTimeMetrics",
  "SchemaMajorVersion": 0,
  "ConfigJson": {},
  "ApiName": null,
  "Repartition": false,
  "Unpartition": false,
  "ApiEnabled": false,
  "DimensionUsages": [
    {
      "DimensionName": "Version",
      "AttributeName": "Version Name",
      "SortOrder": 0,
      "DimensionType": "Regular"
    },
    {
      "DimensionName": "NamedNode",
      "AttributeName": "Retail_AP_RP_Product_Cluster_Setup_NN",
      "SortOrder": 1,
      "DimensionType": "NamedNode"
    },
    {
      "DimensionName": "NamedNode",
      "AttributeName": "Retail_AP_FD_Common_NN",
      "SortOrder": 2,
      "DimensionType": "NamedNode"
    }
  ]
}