{
  "MeasureGroupName": "100.003 Common ABDM Mappings",
  "MeasureGroupId": "433793ce-1d4b-d538-4ddc-de3a88caf35e",
  "ParentMeasureGroupName": null,
  "HasShadow": false,
  "MeasureGroupDescription": "100.003 Common ABDM Mappings",
  "MeasureGroupType": "Regular",
  "FactTableName": "Fact100.003CommonABDMMappings",
  "SchemaMajorVersion": 0,
  "ConfigJson": {},
  "ApiName": null,
  "Repartition": false,
  "Unpartition": false,
  "ApiEnabled": false,
  "DimensionUsages": [
    {
      "DimensionName": "Version",
      "AttributeName": "Version Name",
      "SortOrder": 0,
      "DimensionType": "Regular"
    },
    {
      "DimensionName": "Data Object",
      "AttributeName": "Data Object",
      "SortOrder": 1,
      "DimensionType": null
    },
    {
      "DimensionName": "Plan Type",
      "AttributeName": "Plan Type",
      "SortOrder": 2,
      "DimensionType": null
    }
  ]
}