{
  "Name": "802CopyItem",
  "Description": null,
  "ActionButtonId": "a72f0f18-ccba-4422-9281-2c92085630b8",
  "Tooltip": "Copy item",
  "ActionButtonType": "Widget",
  "Alignment": "right",
  "IsPopOver": true,
  "IsGlobal": true,
  "ActionClickHandler": null,
  "Icon": null,
  "Image": null,
  "ConfigJson": {
    "DisplayName": "Item",
    "icon": "copy",
    "SubmitButton": {
      "Label": "Submit",
      "ProgressMessage": "Executing...",
      "SuccessMessage": "Successfully Executed.",
      "ErrorMessage": "Error in Execution.",
      "ConfirmMessage": "Are you sure you want to go ahead with the changes?"
    },
    "ResetButton": {
      "Label": "Reset"
    },
    "CloseButton": {
      "Label": "Close",
      "ConfirmMessage": "Unsaved changes will be lost. Continue?"
    },
    "NotifyRoles": false,
    "NotifyAll": false,
    "IBPLRules": [
      {
        "template": "CreateMember([Item].[Item]={,\"{{Item}}\"}, [Item].[Item$DisplayName] = {\"{{ItemDisplayName}}\",}, [Item].[Item Intro Date]={\"{{ItemIntroDate}}\",}, [Item].[Item Disc Date]={\"{{ItemDiscDate}}\",}, [Item].[Item Status]={\"True\",},[Item].[Is New Item]={\"true\",}, [Item].[Planning Item]={,\"{{PlanningItem}}\"}, [Item].[Planning Item$DisplayName] = {\"{{PlanningItemDisplayName}}\",}, [Item].[Planning Item Intro Date]={\"{{ItemIntroDate}}\",}, [Item].[Planning Item Disc Date]={\"{{ItemDiscDate}}\",}, [Item].[L1]={,\"{{ExistingItemL1}}\"}, [Item].[Item Stage]={,\"{{ExistingItemStage}}\"}, [Item].[Item Type]={,\"{{ExistingItemType}}\"}, [Item].[PLC Status]={,\"{{PLCStatus}}\"}, [Item].[Item Class]={,\"{{ExistingItemClass}}\"}, [Item].[Transition Group]={,\"{{ExistingItemTransitionGroup}}\"}, [Item].[Transition Item]={,\"T-{{PlanningItem}}\"}, [Item].[Transition Item$DisplayName]={\"T - {{PlanningItemDisplayName}}\",}, [Item].[Stat Item]={,\"{{ExistingItemStatItem}}\"},[Item].[RGM1]={,\"{{RGM1}}\"}, [Item].[RGM2] = {,\"{{RGM2}}\"},[Item].[EAN ID]={,\"{{EANID}}\"},[Item].[PPG]={,\"{{PPG}}\"},[Item].[Unit Size]={,\"{{UnitSize}}\"},[Item].[Pack Size]={,\"{{PackSize}}\"},[Item].[FN Item] = {,\"{{NewItemFNItem}}\"},  [Item].[Reporting Item]={,\"{{Item}}\"} , [Item].[Reporting Item$DisplayName] = {\"{{ItemDisplayName}}\",});\n\n{{#if PlanningItemLocale}}\nupdatemember([Item].[Planning Item]={,\"{{PlanningItem}}\"}, [Item].[Planning Item Locale]={\"{{PlanningItemLocale}}\",});\n{{/if}}\n\n{{#if PlanningItemBaseUOM}}\nupdatemember([Item].[Planning Item]={,\"{{PlanningItem}}\"}, [Item].[Base UOM]={\"{{PlanningItemBaseUOM}}\",});\n{{/if}}\n\n{{#if PlanningItemUOMType}}\nupdatemember([Item].[Planning Item]={,\"{{PlanningItem}}\"}, [Item].[UOM Type]={\"{{PlanningItemUOMType}}\",});\n{{/if}}\n\n{{#if PlanningItemContainerSize}}\nupdatemember([Item].[Planning Item]={,\"{{PlanningItem}}\"}, [Item].[Container Size]={\"{{PlanningItemContainerSize}}\",});\n{{/if}}\n\n{{#if PlanningItemPackageSize}}\nupdatemember([Item].[Planning Item]={,\"{{PlanningItem}}\"}, [Item].[Package Size]={\"{{PlanningItemPackageSize}}\",});\n{{/if}}\n\n{{#if ExistingItemVariant}}\nupdatemember([Item].[Item] = {,\"{{Item}}\"},[Item].[Item Variant] = {\"{{ExistingItemVariant}}\",});\n{{/if}}\n\n{{#if ExistingItemSizeGroup}}\nupdatemember([Item].[Item] = {,\"{{Item}}\"},[Item].[Size Group] = {\"{{ExistingItemSizeGroup}}\",});\n{{/if}}"
      },
      {
        "template": "{{#if UOMCheck}}\nCartesian Scope:(&CWVAndScenarios * [Item].[Planning Item].[{{PlanningItem}}] * [UOM].[UOM].[Base UOM]);\nMeasure.[UOM Conversion] = 1;\nend scope;\nCartesian scope:(&CWVAndScenarios * [Item].[Item].[{{Item}}] * [UOM].[UOM].[Base UOM]);\nMeasure.[UOM Conversion Item] = 1;\nend scope;\n{{#else}}\nselect (&CWV);\n{{/if}}\n"
      },
      {
        "template": "COPYMEASURE ([Item].[Item]={{\"{{ExistingItem}}\",\"{{Item}}\"}},{Measure.[UOM Conversion Item]}, true)\nWHERE {&CWVAndScenarios};\n\nCOPYMEASURE ([Item].[Planning Item]={{\"{{ExistingPlanningItem}}\",\"{{PlanningItem}}\"}},{Measure.[UOM Conversion]}, true)\nWHERE {&CWVAndScenarios};\n"
      }
    ],
    "JavascriptRules": [],
    "FieldBindings": [
      {
        "fieldName": "ExistingItem",
        "title": "Selected Existing Item",
        "Description": "Selected Existing Item to copy from while creating new Item",
        "type": "picklistDropdown",
        "selectionType": "single",
        "clearSearch": true,
        "source": "parentAttribute",
        "DimensionName": "Item",
        "key": {
          "LevelAttribute": {
            "Name": "Item",
            "Property": "Name"
          }
        },
        "visible": true,
        "isEditable": false,
        "validation": {
          "maxLength": "0",
          "required": true
        }
      },
      {
        "fieldName": "Item",
        "title": "Item",
        "Description": "Name of the new Item",
        "type": "string",
        "selectionType": "single",
        "clearSearch": true,
        "source": "literal",
        "visible": true,
        "isEditable": true,
        "validation": {
          "maxLength": "0",
          "required": true
        },
        "fieldGroup": "New Item Details"
      },
      {
        "fieldName": "ItemDisplayName",
        "title": "Item Display Name",
        "Description": "Display Name of the new Item",
        "type": "string",
        "selectionType": "single",
        "clearSearch": true,
        "source": "literal",
        "visible": true,
        "isEditable": true,
        "validation": {
          "maxLength": "0",
          "required": true
        },
        "fieldGroup": "New Item Details"
      },
      {
        "fieldName": "ItemIntroDate",
        "title": "Item Intro Date",
        "Description": "Introduction Date of the new Item",
        "type": "datetime",
        "selectionType": "single",
        "clearSearch": true,
        "source": "parentAttributeProperty",
        "DimensionName": "Item",
        "key": {
          "LevelAttribute": {
            "Name": "Item",
            "Property": {
              "AttributeProperty": "Item Intro Date"
            }
          }
        },
        "visible": true,
        "isEditable": true,
        "validation": {
          "maxLength": "0",
          "required": true
        },
        "fieldGroup": "New Item Details"
      },
      {
        "fieldName": "ItemDiscDate",
        "title": "Item Disc Date",
        "Description": "Discontinuation Date of the new Item",
        "type": "datetime",
        "selectionType": "single",
        "clearSearch": true,
        "source": "parentAttributeProperty",
        "DimensionName": "Item",
        "key": {
          "LevelAttribute": {
            "Name": "Item",
            "Property": {
              "AttributeProperty": "Item Disc Date"
            }
          }
        },
        "visible": true,
        "isEditable": true,
        "validation": {
          "maxLength": "0",
          "required": true
        },
        "fieldGroup": "New Item Details"
      },
      {
        "fieldName": "PlanningItem",
        "title": "Planning Item",
        "Description": "Name of the new Planning Item",
        "type": "string",
        "selectionType": "single",
        "clearSearch": true,
        "source": "literal",
        "visible": true,
        "isEditable": true,
        "validation": {
          "maxLength": "0",
          "required": true
        },
        "fieldGroup": "New Planning Item Details"
      },
      {
        "fieldName": "PlanningItemDisplayName",
        "title": "Planning Item Display Name",
        "Description": "Display Name of the new Planning Item",
        "type": "string",
        "selectionType": "single",
        "clearSearch": true,
        "source": "literal",
        "visible": true,
        "isEditable": true,
        "validation": {
          "maxLength": "0",
          "required": true
        },
        "fieldGroup": "New Planning Item Details"
      },
      {
        "fieldName": "ExistingItemL1",
        "title": "L1",
        "Description": "L1",
        "type": "picklistDropdown",
        "selectionType": "single",
        "clearSearch": true,
        "source": "parentAttribute",
        "DimensionName": "Item",
        "key": {
          "LevelAttribute": {
            "Name": "L1",
            "Property": "Name"
          }
        },
        "visible": true,
        "isEditable": false,
        "validation": {
          "maxLength": "0",
          "required": true
        },
        "fieldGroup": "Attributes"
      },
      {
        "fieldName": "ExistingItemStatItem",
        "title": "Stat Item",
        "Description": "Stat Item",
        "type": "picklistDropdown",
        "selectionType": "single",
        "clearSearch": true,
        "source": "parentAttribute",
        "DimensionName": "Item",
        "key": {
          "LevelAttribute": {
            "Name": "Stat Item",
            "Property": "Name"
          }
        },
        "visible": true,
        "isEditable": false,
        "validation": {
          "maxLength": "0",
          "required": true
        },
        "fieldGroup": "Attributes"
      },
      {
        "fieldName": "ExistingItemType",
        "title": "Item Type",
        "Description": "Item Type",
        "type": "picklistDropdown",
        "selectionType": "single",
        "clearSearch": true,
        "source": "parentAttribute",
        "DimensionName": "Item",
        "key": {
          "LevelAttribute": {
            "Name": "Item Type",
            "Property": "Name"
          }
        },
        "visible": false,
        "isEditable": false,
        "validation": {
          "maxLength": "0",
          "required": true
        },
        "fieldGroup": "Attributes"
      },
      {
        "fieldName": "ExistingItemTransitionGroup",
        "title": "Transition Group",
        "Description": "Transition Group",
        "type": "picklistDropdown",
        "selectionType": "single",
        "clearSearch": true,
        "source": "parentAttribute",
        "DimensionName": "Item",
        "key": {
          "LevelAttribute": {
            "Name": "Transition Group",
            "Property": "Name"
          }
        },
        "visible": false,
        "isEditable": false,
        "validation": {
          "maxLength": "0",
          "required": true
        },
        "fieldGroup": "Attributes"
      },
      {
        "fieldName": "ExistingItemStage",
        "title": "Item Stage",
        "Description": "Item Stage",
        "type": "picklistDropdown",
        "selectionType": "single",
        "clearSearch": true,
        "source": "parentAttribute",
        "DimensionName": "Item",
        "key": {
          "LevelAttribute": {
            "Name": "Item Stage",
            "Property": "Name"
          }
        },
        "visible": false,
        "isEditable": false,
        "validation": {
          "maxLength": "0",
          "required": true
        },
        "fieldGroup": "Attributes"
      },
      {
        "fieldName": "ExistingItemClass",
        "title": "Item Class",
        "Description": "Item Class",
        "type": "picklistDropdown",
        "selectionType": "single",
        "clearSearch": true,
        "source": "parentAttribute",
        "DimensionName": "Item",
        "key": {
          "LevelAttribute": {
            "Name": "Item Class",
            "Property": "Name"
          }
        },
        "visible": false,
        "isEditable": false,
        "validation": {
          "maxLength": "0",
          "required": true
        },
        "fieldGroup": "Attributes"
      },
      {
        "fieldName": "PLCStatus",
        "title": "PLC Status",
        "Description": "PLC Status",
        "type": "string",
        "fieldGroup": "Attributes",
        "selectionType": "single",
        "clearSearch": true,
        "source": "literal",
        "defaultValue": "New",
        "visible": false,
        "isEditable": false,
        "validation": {
          "maxLength": "0",
          "required": true
        }
      },
      {
        "fieldName": "RGM1",
        "title": "RGM1",
        "Description": "RGM1",
        "type": "picklistDropdown",
        "fieldGroup": "Attributes",
        "selectionType": "single",
        "clearSearch": true,
        "select": "ALL",
        "source": "datasource",
        "key": "NewItemRGM1",
        "valueField": "NewItemRGM1",
        "textField": "NewItemRGM1",
        "overrideFieldBindingType": false,
        "visible": false,
        "isEditable": true,
        "cascadeFrom": "ExistingItem",
        "validation": {
          "maxLength": "0",
          "required": true
        }
      },
      {
        "fieldName": "RGM2",
        "title": "RGM2",
        "Description": "RGM2",
        "type": "picklistDropdown",
        "fieldGroup": "Attributes",
        "selectionType": "single",
        "clearSearch": true,
        "select": "ALL",
        "source": "datasource",
        "key": "NewItemRGM2",
        "valueField": "NewItemRGM2",
        "textField": "NewItemRGM2",
        "overrideFieldBindingType": false,
        "visible": false,
        "isEditable": true,
        "cascadeFrom": "ExistingItem",
        "validation": {
          "maxLength": "0",
          "required": true
        }
      },
      {
        "fieldName": "RGM4",
        "title": "RGM4",
        "Description": "RGM4",
        "type": "picklistDropdown",
        "fieldGroup": "Attributes",
        "selectionType": "single",
        "clearSearch": true,
        "select": "ALL",
        "source": "datasource",
        "key": "NewItemRGM4",
        "valueField": "NewItemRGM4",
        "textField": "NewItemRGM4",
        "overrideFieldBindingType": false,
        "visible": false,
        "isEditable": true,
        "cascadeFrom": "ExistingItem",
        "validation": {
          "maxLength": "0",
          "required": true
        }
      },
      {
        "fieldName": "EANID",
        "title": "EANID",
        "Description": "EANID",
        "type": "picklistDropdown",
        "fieldGroup": "Attributes",
        "selectionType": "single",
        "clearSearch": true,
        "select": "ALL",
        "source": "datasource",
        "key": "NewItemEANID",
        "valueField": "NewItemEANID",
        "textField": "NewItemEANID",
        "overrideFieldBindingType": false,
        "visible": false,
        "isEditable": true,
        "cascadeFrom": "ExistingItem",
        "validation": {
          "maxLength": "0",
          "required": true
        }
      },
      {
        "fieldName": "PPG",
        "title": "PPG",
        "Description": "PPG",
        "type": "picklistDropdown",
        "fieldGroup": "Attributes",
        "selectionType": "single",
        "clearSearch": true,
        "select": "ALL",
        "source": "datasource",
        "key": "NewItemPPG",
        "valueField": "NewItemPPG",
        "textField": "NewItemPPG",
        "overrideFieldBindingType": false,
        "visible": false,
        "isEditable": true,
        "cascadeFrom": "ExistingItem",
        "validation": {
          "maxLength": "0",
          "required": true
        }
      },
      {
        "fieldName": "UnitSize",
        "title": "UnitSize",
        "Description": "UnitSize",
        "type": "picklistDropdown",
        "fieldGroup": "Attributes",
        "selectionType": "single",
        "clearSearch": true,
        "select": "ALL",
        "source": "datasource",
        "key": "NewItemUnitSize",
        "valueField": "NewItemUnitSize",
        "textField": "NewItemUnitSize",
        "overrideFieldBindingType": false,
        "visible": false,
        "isEditable": true,
        "cascadeFrom": "ExistingItem",
        "validation": {
          "maxLength": "0",
          "required": true
        }
      },
      {
        "fieldName": "PackSize",
        "title": "PackSize",
        "Description": "PackSize",
        "type": "picklistDropdown",
        "fieldGroup": "Attributes",
        "selectionType": "single",
        "clearSearch": true,
        "select": "ALL",
        "source": "datasource",
        "key": "NewItemPackSize",
        "valueField": "NewItemPackSize",
        "textField": "NewItemPackSize",
        "overrideFieldBindingType": false,
        "visible": false,
        "isEditable": true,
        "cascadeFrom": "ExistingItem",
        "validation": {
          "maxLength": "0",
          "required": true
        }
      },
      {
        "fieldName": "ExistingPlanningItem",
        "title": "PlanningItem",
        "Description": "PlanningItem",
        "type": "picklistDropdown",
        "selectionType": "single",
        "clearSearch": true,
        "source": "parentAttribute",
        "DimensionName": "Item",
        "key": {
          "LevelAttribute": {
            "Name": "Planning Item",
            "Property": "Name"
          }
        },
        "visible": false,
        "isEditable": false,
        "validation": {
          "maxLength": "0",
          "required": false
        }
      },
      {
        "fieldName": "PlanningItemLocale",
        "title": "Planning Item Locale",
        "Description": "Planning Item Locale",
        "type": "picklistDropdown",
        "selectionType": "single",
        "clearSearch": true,
        "select": "ALL",
        "source": "datasource",
        "key": "ExistingPlanningItemProperty",
        "valueField": "Planning Item Locale",
        "textField": "Planning Item Locale",
        "overrideFieldBindingType": false,
        "visible": false,
        "isEditable": true,
        "cascadeFrom": "ExistingItem",
        "validation": {
          "maxLength": "0",
          "required": true
        }
      },
      {
        "fieldName": "PlanningItemBaseUOM",
        "title": "Planning Item Base UOM",
        "Description": "Planning Item Base UOM",
        "type": "picklistDropdown",
        "selectionType": "single",
        "clearSearch": true,
        "select": "ALL",
        "source": "datasource",
        "key": "ExistingPlanningItemProperty",
        "valueField": "Base UOM",
        "textField": "Base UOM",
        "overrideFieldBindingType": false,
        "visible": false,
        "isEditable": true,
        "cascadeFrom": "ExistingItem",
        "validation": {
          "maxLength": "0",
          "required": true
        }
      },
      {
        "fieldName": "PlanningItemUOMType",
        "title": "Planning Item UOM Type",
        "Description": "Planning Item UOM Type",
        "type": "picklistDropdown",
        "selectionType": "single",
        "clearSearch": true,
        "select": "ALL",
        "source": "datasource",
        "key": "ExistingPlanningItemProperty",
        "valueField": "UOM Type",
        "textField": "UOM Type",
        "overrideFieldBindingType": false,
        "visible": false,
        "isEditable": true,
        "cascadeFrom": "ExistingItem",
        "validation": {
          "maxLength": "0",
          "required": true
        }
      },
      {
        "fieldName": "PlanningItemContainerSize",
        "title": "Planning Item Container Size",
        "Description": "Planning Item Container Size",
        "type": "picklistDropdown",
        "selectionType": "single",
        "clearSearch": true,
        "select": "ALL",
        "source": "datasource",
        "key": "ExistingPlanningItemProperty",
        "valueField": "Container Size",
        "textField": "Container Size",
        "overrideFieldBindingType": false,
        "visible": false,
        "isEditable": true,
        "cascadeFrom": "ExistingItem",
        "validation": {
          "maxLength": "0",
          "required": true
        }
      },
      {
        "fieldName": "PlanningItemPackageSize",
        "title": "Planning Item Package Size",
        "Description": "Planning Item Package Size",
        "type": "picklistDropdown",
        "selectionType": "single",
        "clearSearch": true,
        "select": "ALL",
        "source": "datasource",
        "key": "ExistingPlanningItemProperty",
        "valueField": "Package Size",
        "textField": "Package Size",
        "overrideFieldBindingType": false,
        "visible": false,
        "isEditable": true,
        "cascadeFrom": "ExistingItem",
        "validation": {
          "maxLength": "0",
          "required": true
        }
      },
      {
        "fieldName": "ExistingItemVariant",
        "title": "Item Variant",
        "Description": "ItemVariant for New Item which present in existing item",
        "type": "picklist",
        "selectionType": "single",
        "clearSearch": true,
        "select": "ALL",
        "source": "datasource",
        "key": "ExistingItemProperty",
        "valueField": "Item Variant",
        "textField": "Item Variant",
        "overrideFieldBindingType": false,
        "visible": false,
        "isEditable": false,
        "cascadeFrom": "ExistingItem",
        "validation": {
          "maxLength": "0",
          "required": false
        }
      },
      {
        "fieldName": "ExistingItemSizeGroup",
        "title": "Item Size Group",
        "Description": "ExistingItemSizeGroup",
        "type": "picklist",
        "selectionType": "single",
        "clearSearch": true,
        "select": "ALL",
        "source": "datasource",
        "key": "ExistingItemProperty",
        "valueField": "Size Group",
        "textField": "Size Group",
        "overrideFieldBindingType": false,
        "visible": false,
        "isEditable": false,
        "cascadeFrom": "ExistingItem",
        "validation": {
          "maxLength": "0",
          "required": false
        }
      },
      {
        "fieldName": "NewItemFNItem",
        "title": "FN Item",
        "Description": "New Item FNItem",
        "type": "picklist",
        "selectionType": "single",
        "clearSearch": true,
        "select": "ALL",
        "source": "datasource",
        "key": "ExistingFNItem",
        "valueField": "NewItemFNItem",
        "textField": "NewItemFNItem",
        "overrideFieldBindingType": false,
        "visible": false,
        "isEditable": false,
        "validation": {
          "maxLength": "0",
          "required": false
        },
        "cascadeFrom": "ExistingItem"
      },
      {
        "fieldName": "UOMCheck",
        "title": "UOMCheck",
        "Description": "UOMCheck",
        "type": "picklist",
        "selectionType": "single",
        "clearSearch": true,
        "select": "ALL",
        "source": "datasource",
        "key": "UOMFlag",
        "valueField": "UOM Enable Flag",
        "textField": "UOM Enable Flag",
        "overrideFieldBindingType": false,
        "visible": false,
        "isEditable": false,
        "cascadeFrom": "Version",
        "validation": {
          "maxLength": "0",
          "required": false
        }
      }
    ],
    "Range": [],
    "DataSources": [
      {
        "Name": "NewItemRGM4",
        "IBPLRules": [],
        "JavascriptRules": [
          {
            "modulename": "o9.DemandPlanning.NewItemRGM4",
            "functionname": "NewItemRGM4"
          }
        ],
        "IncludeDSFieldsOnly": false,
        "FieldBindings": []
      },
      {
        "Name": "NewItemEANID",
        "IBPLRules": [],
        "JavascriptRules": [
          {
            "modulename": "o9.DemandPlanning.NewItemEANID",
            "functionname": "NewItemEANID"
          }
        ],
        "IncludeDSFieldsOnly": false,
        "FieldBindings": []
      },
      {
        "Name": "NewItemPPG",
        "IBPLRules": [],
        "JavascriptRules": [
          {
            "modulename": "o9.DemandPlanning.NewItemPPG",
            "functionname": "NewItemPPG"
          }
        ],
        "IncludeDSFieldsOnly": false,
        "FieldBindings": []
      },
      {
        "Name": "NewItemUnitSize",
        "IBPLRules": [],
        "JavascriptRules": [
          {
            "modulename": "o9.DemandPlanning.NewItemUnitSize",
            "functionname": "NewItemUnitSize"
          }
        ],
        "IncludeDSFieldsOnly": false,
        "FieldBindings": []
      },
      {
        "Name": "NewItemPackSize",
        "IBPLRules": [],
        "JavascriptRules": [
          {
            "modulename": "o9.DemandPlanning.NewItemPackSize",
            "functionname": "NewItemPackSize"
          }
        ],
        "IncludeDSFieldsOnly": false,
        "FieldBindings": []
      },
      {
        "Name": "ExistingPlanningItemProperty",
        "IBPLRules": [
          {
            "template": "Select [Item].[Planning Item].\"{{ExistingPlanningItem}}\";"
          }
        ],
        "JavascriptRules": [],
        "IncludeDSFieldsOnly": false,
        "FieldBindings": []
      },
      {
        "Name": "ExistingItemProperty",
        "IBPLRules": [
          {
            "template": "Select [Item].[Item].\"{{ExistingItem}}\";"
          }
        ],
        "JavascriptRules": [],
        "IncludeDSFieldsOnly": false,
        "FieldBindings": []
      },
      {
        "Name": "ExistingFNItem",
        "IBPLRules": [],
        "JavascriptRules": [
          {
            "modulename": "o9.DemandPlanning.NewItemFNItem",
            "functionname": "NewItemFNItem"
          }
        ],
        "IncludeDSFieldsOnly": false,
        "FieldBindings": []
      },
      {
        "Name": "NewItemRGM1",
        "IBPLRules": [],
        "JavascriptRules": [
          {
            "modulename": "o9.DemandPlanning.NewItemRGM1",
            "functionname": "NewItemRGM1"
          }
        ],
        "IncludeDSFieldsOnly": false,
        "FieldBindings": []
      },
      {
        "Name": "NewItemRGM2",
        "IBPLRules": [],
        "JavascriptRules": [
          {
            "modulename": "o9.DemandPlanning.NewItemRGM2",
            "functionname": "NewItemRGM2"
          }
        ],
        "IncludeDSFieldsOnly": false,
        "FieldBindings": []
      },
      {
        "Name": "UOMFlag",
        "IBPLRules": [
          {
            "template": "Select (&CWV) on row, \n({Measure.[UOM Enable Flag]}) on column;"
          }
        ],
        "JavascriptRules": [],
        "IncludeDSFieldsOnly": false,
        "FieldBindings": []
      }
    ],
    "AutoExecute": false,
    "isAsync": false,
    "hasMembersUpdates": true,
    "Compact": true,
    "TwoColumn": true,
    "IsGlobalForExcelAddIn": false,
    "ReturnFilterByUpdate": false,
    "ExcludeFromNavLink": false,
    "FilterFieldBindings": [],
    "enableTransaction": false
  },
  "Widget": null,
  "Roles": []
}