{
  "HierarchyName": "Item Class Hierarchy",
  "HierarchyId": "82a38489-116d-4e8a-a8b0-a8492f368d2f",
  "HierarchyDescription": "Item Class Hierarchy",
  "Translations": [],
  "Levels": [
    {
      "LevelName": "All Item",
      "LevelId": "354874fe-515e-4407-b59c-5749bb4007a4",
      "SourceAttributeName": "All Item",
      "LevelDescription": "All items roll upto this.  Usually contains 'All' as its member.",
      "LevelPosition": 0,
      "Translations": []
    },
    {
      "LevelName": "Item Class",
      "LevelId": "9cfe9e7d-72f5-4a3a-ac03-c5e5fe7a22b2",
      "SourceAttributeName": "Item Class",
      "LevelDescription": "Item Classification. Used in prioritizing demands.",
      "LevelPosition": 1,
      "Translations": []
    },
    {
      "LevelName": "Planning Item",
      "LevelId": "dc06891e-ed1a-4ea9-b7da-5431cd4f5623",
      "SourceAttributeName": "Planning Item",
      "LevelDescription": "Planning Item",
      "LevelPosition": 2,
      "Translations": []
    },
    {
      "LevelName": "Reporting Item",
      "LevelId": "59c6d137-f6e9-4054-98fa-93dde381b90c",
      "SourceAttributeName": "Reporting Item",
      "LevelDescription": "Reporting Item",
      "LevelPosition": 3,
      "Translations": []
    },
    {
      "LevelName": "Item",
      "LevelId": "79090b2a-8323-444f-a2c0-cbd8e918fc83",
      "SourceAttributeName": "Item",
      "LevelDescription": "Item - lowest granularity of planning for supply ",
      "LevelPosition": 4,
      "Translations": []
    }
  ]
}