{
  "HierarchyName": "Type Hierarchy",
  "HierarchyId": "e1d62417-5978-4026-9949-e7a3271d19fb",
  "HierarchyDescription": "Type Hierarchy",
  "Translations": [],
  "Levels": [
    {
      "LevelName": "All Item",
      "LevelId": "9a5dddd9-721b-4e7b-96d3-85fad94c361f",
      "SourceAttributeName": "All Item",
      "LevelDescription": "All Item",
      "LevelPosition": 0,
      "Translations": []
    },
    {
      "LevelName": "Item Type",
      "LevelId": "0dbad41e-1286-4f8f-af72-6b673be2e336",
      "SourceAttributeName": "Item Type",
      "LevelDescription": "Item Type",
      "LevelPosition": 1,
      "Translations": []
    },
    {
      "LevelName": "Planning Item",
      "LevelId": "efa68d3f-7f81-4197-9c83-fb6fe7b55c89",
      "SourceAttributeName": "Planning Item",
      "LevelDescription": "Planning Item",
      "LevelPosition": 2,
      "Translations": []
    },
    {
      "LevelName": "Reporting Item",
      "LevelId": "3d2aade3-a4d8-4205-9a79-72ec01fbd632",
      "SourceAttributeName": "Reporting Item",
      "LevelDescription": "Reporting Item",
      "LevelPosition": 3,
      "Translations": []
    },
    {
      "LevelName": "Item",
      "LevelId": "30fa0ce1-8f22-41d4-9774-351e6a6e8622",
      "SourceAttributeName": "Item",
      "LevelDescription": "Item - lowest granularity of planning for supply ",
      "LevelPosition": 4,
      "Translations": []
    }
  ],
  "IsEnabled": true,
  "ErrorMessage": null
}