{
  "EdgePropertyId": "af1f8c68-0d0f-47f8-bc9f-d8793fdc849b",
  "PropertyName": "W Is Demand Node Item Location Input",
  "PropertyDescription": "Whether primary node is demand node or not",
  "PropertyDataType": "number",
  "PropertyDataSize": 0,
  "PropertyColumnName": "WIsDemandNodeItemLocationInput",
  "AggregateFunction": "Max",
  "PropertyFormula": null,
  "IsEditable": false,
  "FormatString": "#,##0",
  "ActivationProperty": false,
  "IsComputedByPlanningService": false,
  "ToolTip": null,
  "ApiName": null,
  "ApiDisabled": false,
  "BgColorFormula": "",
  "FgColorFormula": "",
  "TrendFormula": "",
  "FormattingViewModel": null,
  "ConditionalFormulas": []
}