{
  "MeasureName": "ROS L3 PAG C SS",
  "MeasureId": "b063d584-e609-4e5c-ab49-a011461d644f",
  "MeasureDescription": "ROS at Class - Product Attribute Group - Cluster - Selling Season",
  "DataType": "number",
  "MeasureType": "Regular",
  "AggregateFunction": "AvgNonNull",
  "FormatString": "#,##0.00; (#,##0.00)",
  "MeasureColumnName": "ROS",
  "MeasureFormula": "",
  "IsEditable": false,
  "ApplyConversion": false,
  "ConversionFormula": "",
  "PickListName": null,
  "BgColorFormula": "",
  "FgColorFormula": "",
  "TrendFormula": "",
  "FormattingViewModel": "[]",
  "ParentMeasureName": null,
  "AssociationMeasure": false,
  "IsComputedByPlanningService": false,
  "ToolTip": "ROS at Class - Product Attribute Group - Cluster - Selling Season",
  "ConfigJson": {},
  "ApiName": null,
  "ApiDisabled": false,
  "IsReportingMeasure": false,
  "MeasureConditionalFormulaProperties": [],
  "PicklistSource": null
}