{
  "AttributeName": "Prioritization Mapping",
  "AttributeId": "f9953cc3-b760-80a4-fd83-db08e2b38d99",
  "AttributeHierarchyEnabled": true,
  "IsKey": true,
  "Description": "Mapping attribute for defining priority mappings",
  "OrderBy": "Name",
  "KeyColumnName": "PrioritizationMappingKey",
  "NameColumnName": "PrioritizationMappingName",
  "KeyColumnDataType": "datetime",
  "SeedTags": true,
  "KeyGenerationType": "UserSupplied",
  "PickListName": null,
  "ConfigJson": {
    "ShowFilterAs": "TileView",
    "MemberDisplayNameEditable": true,
    "IsMultipleImage": false,
    "MemberDisplayColor": false
  },
  "FormatString": null,
  "Translation": null,
  "Aliases": [],
  "ApiName": null,
  "ApiDisabled": false,
  "FgColorFormula": null,
  "BgColorFormula": null,
  "IsReservedBySystem": false
}