{
  "MeasureName": "SP Vs LLLY PP Sls Growth %",
  "MeasureId": "a70e24b0-bde2-472e-b9cc-76f447d7e480",
  "MeasureDescription": "SP Promo Price Sales  Growth Vs 3LY Sales Promo Price",
  "DataType": "number",
  "MeasureType": "Regular",
  "AggregateFunction": "Computed",
  "FormatString": "0.00%",
  "MeasureColumnName": "SPSalesPromoPriceGrowthLLY%",
  "MeasureFormula": "Safedivide (Measure.[SP PP Sls Rtl]- Measure.[LLLY PP Sls Rtl],Measure.[LLLY PP Sls Rtl])",
  "IsEditable": false,
  "ApplyConversion": false,
  "ConversionFormula": "",
  "PickListName": null,
  "BgColorFormula": "",
  "FgColorFormula": "",
  "TrendFormula": "",
  "FormattingViewModel": "[]",
  "ParentMeasureName": null,
  "AssociationMeasure": false,
  "IsComputedByPlanningService": false,
  "ToolTip": "(SP Promo Price Sales Rtl - SP Sales Promo Price LLLY Rtl)/SP Sales Promo Price LLLY Rtl",
  "ConfigJson": {},
  "ApiName": null,
  "ApiDisabled": false,
  "IsReportingMeasure": true,
  "MeasureConditionalFormulaProperties": [],
  "PicklistSource": null
}