{
  "MeasureName": "Material Node Priority Plugin Output Rules Used Description",
  "MeasureId": "1be8b38a-a667-4248-8cb1-c69f7c988ca1",
  "MeasureDescription": "Descriptions of the priority rules used by the material node",
  "DataType": "string",
  "MeasureType": "Regular",
  "AggregateFunction": "Median",
  "FormatString": "a",
  "MeasureColumnName": "MaterialNodePriorityPluginOutputRulesUsedDescription",
  "MeasureFormula": "",
  "IsEditable": false,
  "ApplyConversion": false,
  "ConversionFormula": "",
  "PickListName": null,
  "BgColorFormula": "",
  "FgColorFormula": "",
  "TrendFormula": "",
  "FormattingViewModel": null,
  "ParentMeasureName": null,
  "AssociationMeasure": false,
  "IsComputedByPlanningService": false,
  "ToolTip": "Priority Plugin Output Rules Used Description",
  "ConfigJson": {},
  "ApiName": null,
  "ApiDisabled": false,
  "IsReportingMeasure": false,
  "MeasureConditionalFormulaProperties": [],
  "PicklistSource": null
}