{
  "MeasureName": "LP Ttl Sls Rtl",
  "MeasureId": "5aeaced4-9e9a-47d8-b0d2-e8ca18e1c3c3",
  "MeasureDescription": "LP Total Sales Retail",
  "DataType": "number",
  "MeasureType": "Currency",
  "AggregateFunction": "Sum",
  "FormatString": "($0,000.00a)",
  "MeasureColumnName": "StoreTDSales",
  "MeasureFormula": "",
  "IsEditable": true,
  "ApplyConversion": true,
  "ConversionFormula": "Exchange Rate Monthly",
  "PickListName": null,
  "BgColorFormula": "",
  "FgColorFormula": "",
  "TrendFormula": "",
  "FormattingViewModel": "[]",
  "ParentMeasureName": null,
  "AssociationMeasure": false,
  "IsComputedByPlanningService": false,
  "ToolTip": "sum(LP FP Sls Rtl,LP PP Sls Rtl, LP Ttl MD Rtl)",
  "ConfigJson": {},
  "ApiName": null,
  "ApiDisabled": false,
  "IsReportingMeasure": false,
  "MeasureConditionalFormulaProperties": [],
  "PicklistSource": null
}