{
  "Name": "71GenerateMFPBUForecast",
  "Description": null,
  "ActionButtonId": "4cc5a41e-3f50-2161-af90-5bfe5a808eea",
  "Tooltip": "Generate forecast for product plan",
  "ActionButtonType": "Widget",
  "Alignment": "right",
  "IsPopOver": true,
  "IsGlobal": true,
  "ActionClickHandler": null,
  "Icon": null,
  "Image": null,
  "ConfigJson": {
    "DisplayName": "Generate Forecast",
    "icon": "line-chart",
    "SubmitButton": {
      "Label": "Submit",
      "SuccessMessage": "Successfully Executed.",
      "ErrorMessage": "Error in Execution.",
      "ConfirmMessage": "Are you sure you want to go ahead with the changes?"
    },
    "ResetButton": {
      "Label": "Reset"
    },
    "CloseButton": {
      "Label": "Close",
      "ConfirmMessage": "Unsaved changes will be lost. Continue?"
    },
    "NotifyRoles": true,
    "NotifyAll": false,
    "IBPLRules": [
      {
        "template": "/*Forecast Engine Setup*/\n\nscope: ([Version].[Version Name]{{#filter VersionName}} * [Forecast Iteration].[Forecast Iteration].[FI-MFP BU] );\nMeasure.[Forecast Engine] = \"{{ForecastEngine}}\";\nend scope;\n"
      },
      {
        "template": "/* Inbound Handshake for ASP from MFP-BU to DP */\n\n{{#if MediumWeight}}\nexec plugin instance [DP101MFPBUASP_DPHandshake] for measures {[Actual Cleansed]} using scope (&CwvAndScenarios{{#filter VersionName}} * [Item].[L3]{{#filter Item}} * Location.[Location Country]{{#filter Location}} * [Sales Domain].[Sales Planning Channel]{{#filter Channel}}) using arguments {(\"IncludeNullRows\", \"False\"),(ExecutionMode, \"MediumWeight\"),(DataTransferMode, \"csv\")};\n{{#else}}\nexec plugin instance [DP101MFPBUASP_DPHandshake] for measures {[Actual Cleansed]} using scope (&CwvAndScenarios{{#filter VersionName}} * [Item].[L3]{{#filter Item}} * Location.[Location Country]{{#filter Location}} * [Sales Domain].[Sales Planning Channel]{{#filter Channel}}) using arguments {(\"IncludeNullRows\", \"False\"),(\"SparkProfileConfig\", \"unsliced_medium\"),(DataTransferMode, \"csv\")};\n{{/if}}"
      },
      {
        "template": "{{#if ForecastEngineStat}}\n{{#if IsFastStat}}\nexec procedure o9DP0169GenerateFastStat {\"VersionName\" : [{{#csv VersionName}}], \"Item\" : [{{#csv Item}}],  \"Account\" : [{{#csv Account}}], \"Channel\" : [{{#csv Channel}}], \"Region\" : [{{#csv Region}}], \"PnL\" : [{{#csv PnL}}], \"DemandDomain\" : [{{#csv DemandDomain}}], \"Location\" : [{{#csv Location}}], \"BestfitCriteria\":{{BestfitCriteria}}, \"ForecastIteration\" : [{{#csv ForecastIteration}}]};\n{{#else}}\nexec procedure o9DP0156GenerateSystemStat {\"VersionName\" : [{{#csv VersionName}}], \"Item\" : [{{#csv Item}}],  \"Account\" : [{{#csv Account}}], \"Channel\" : [{{#csv Channel}}], \"Region\" : [{{#csv Region}}], \"PnL\" : [{{#csv PnL}}], \"DemandDomain\" : [{{#csv DemandDomain}}], \"Location\" : [{{#csv Location}}],\"MediumWeight\" : {{MediumWeight}}, \"BestfitCriteria\":{{BestfitCriteria}}, \"ForecastIteration\" : [{{#csv ForecastIteration}}],\"Ensemble\":{{Ensemble}}};\n{{/if}}\n{{/if}}\n\n{{#if ForecastEngineML}}\nexec procedure o9DP0512RunForecastModeMLL1Scoped {\"VersionName\" : [{{#csv VersionName}}], \"Location\" : [{{#csv Location}}], \"Item\" : [{{#csv Item}}],  \"Account\" : [{{#csv Account}}], \"PnL\" : [{{#csv PnL}}], \"DemandDomain\" : [{{#csv DemandDomain}}], \"Channel\" : [{{#csv Channel}}], \"Region\" : [{{#csv Region}}],\"ForecastIteration\" : [{{#csv ForecastIteration}}] ,\"ForecastingBucket\": \"{{ForecastingBucket}}\", \"mode_forecast\": \"{{mode_forecast}}\",\"MediumWeight\" : {{MediumWeight}}, \"mode_validation\" :false };\n{{/if}}\n\n{{#if ForecastEngineStatAndML}}\nexec procedure o9DP0517GenerateSystemStatAndML {\"VersionName\" : [{{#csv VersionName}}], \"Item\" : [{{#csv Item}}],  \"Account\" : [{{#csv Account}}], \"Channel\" : [{{#csv Channel}}], \"Region\" : [{{#csv Region}}], \"PnL\" : [{{#csv PnL}}], \"DemandDomain\" : [{{#csv DemandDomain}}], \"Location\" : [{{#csv Location}}],\"MediumWeight\" : {{MediumWeight}}, \"BestfitCriteria\":{{BestfitCriteria}}, \"ForecastIteration\" : [{{#csv ForecastIteration}}],\"Ensemble\":{{Ensemble}},\"mode_forecast\": \"{{mode_forecast}}\",\"ForecastingBucket\": \"{{ForecastingBucket}}\",\"mode_validation\":true};\n{{/if}}\n\n\n"
      },
      {
        "template": "exec procedure o9DP0515PopulateCOCCNextNBuckets {\"VersionName\" : [{{#csv VersionName}}], \"Item\" : [{{#csv Item}}], \"Account\" : [{{#csv Account}}], \"Channel\" : [{{#csv Channel}}], \"Region\" : [{{#csv Region}}], \"PnL\" : [{{#csv PnL}}], \"DemandDomain\" : [{{#csv DemandDomain}}], \"Location\" : [{{#csv Location}}], \"ForecastIteration\" : [{{#csv ForecastIteration}}], \"Week\":{{HistoryBucketW}},\"Month\":{{HistoryBucketM}},\"PlanningMonth\":{{HistoryBucketPM}},\"Quarter\":{{HistoryBucketQ}},\"PlanningQuarter\":{{HistoryBucketPQ}}};"
      },
      {
        "template": "{{#if HistoryBucketW}}\n\n{{#if ForecastEngineStatAndML}}\nscope:([Version].[Version Name]{{#filter VersionName}} * [Location].[Stat Location] * [Account].[Stat Account] * [Channel].[Stat Channel] * [Region].[Stat Region] * [PnL].[Stat PnL] * [Demand Domain].[Stat Demand Domain] * [Item].[Stat Item] * &AllForecastIterations{{#filter ForecastIteration}} * &CurrentWeek.element(0).leadoffset(-1).relatedmembers([Partial Week]));\nMeasure.[System Stat Fcst L1 80% LB]=Measure.[Actual Cleansed];\nend scope;\n{{/if}}\n\n{{#if ForecastEngineStat}}\nscope:([Version].[Version Name]{{#filter VersionName}} * [Location].[Stat Location] * [Account].[Stat Account] * [Channel].[Stat Channel] * [Region].[Stat Region] * [PnL].[Stat PnL] * [Demand Domain].[Stat Demand Domain] * [Item].[Stat Item] * &AllForecastIterations{{#filter ForecastIteration}} * &CurrentWeek.element(0).leadoffset(-1).relatedmembers([Partial Week]));Measure.[System Stat Fcst L1 80% LB]=Measure.[Actual Cleansed];end scope; \n{{/if}}\n\n{{#if ForecastEngineML}}\nselect(1);\n{{/if}}\n\n{{/if}}\n\n{{#if HistoryBucketM}}\n\n\n{{#if ForecastEngineStatAndML}}\n scope:([Version].[Version Name]{{#filter VersionName}}* [Location].[Stat Location] * [Account].[Stat Account] * [Channel].[Stat Channel] * [Region].[Stat Region] * [PnL].[Stat PnL] * [Demand Domain].[Stat Demand Domain] * [Item].[Stat Item] * &AllForecastIterations{{#filter ForecastIteration}} * &CurrentMonth.element(0).leadoffset(-1).relatedmembers([Partial Week]));\n Measure.[System Stat Fcst L1 80% LB]=Measure.[Actual Cleansed];\n end scope; \n {{/if}}\n\n{{#if ForecastEngineStat}}\nscope:([Version].[Version Name]{{#filter VersionName}}* [Location].[Stat Location] * [Account].[Stat Account] * [Channel].[Stat Channel] * [Region].[Stat Region] * [PnL].[Stat PnL] * [Demand Domain].[Stat Demand Domain] * [Item].[Stat Item] * &AllForecastIterations{{#filter ForecastIteration}} * &CurrentMonth.element(0).leadoffset(-1).relatedmembers([Partial Week]));Measure.[System Stat Fcst L1 80% LB]=Measure.[Actual Cleansed];end scope; \n{{/if}}\n\n{{#if ForecastEngineML}}\nselect(1);\n{{/if}}\n\n{{/if}}\n\n {{#if HistoryBucketPM}}\n\n  {{#if ForecastEngineStatAndML}}\n  scope:([Version].[Version Name]{{#filter VersionName}} * [Location].[Stat Location] * [Account].[Stat Account] * [Channel].[Stat Channel] * [Region].[Stat Region] * [PnL].[Stat PnL] * [Demand Domain].[Stat Demand Domain] * [Item].[Stat Item] * &AllForecastIterations{{#filter ForecastIteration}} * &CurrentPlanningMonth.element(0).leadoffset(-1).relatedmembers([Partial Week]));\n  Measure.[System Stat Fcst L1 80% LB]=Measure.[Actual Cleansed];\n  end scope; \n   {{/if}}\n\n {{#if ForecastEngineStat}}\nscope:([Version].[Version Name]{{#filter VersionName}} * [Location].[Stat Location] * [Account].[Stat Account] * [Channel].[Stat Channel] * [Region].[Stat Region] * [PnL].[Stat PnL] * [Demand Domain].[Stat Demand Domain] * [Item].[Stat Item] * &AllForecastIterations{{#filter ForecastIteration}} * &CurrentPlanningMonth.element(0).leadoffset(-1).relatedmembers([Partial Week]));Measure.[System Stat Fcst L1 80% LB]=Measure.[Actual Cleansed];end scope; \n{{/if}}\n\n{{#if ForecastEngineML}}\nselect(1);\n{{/if}}\n\n{{/if}}\n\n\n\n\n {{#if HistoryBucketQ}}\n\n  {{#if ForecastEngineStatAndML}}\n  scope:([Version].[Version Name]{{#filter VersionName}} * [Location].[Stat Location] * [Account].[Stat Account] * [Channel].[Stat Channel] * [Region].[Stat Region] * [PnL].[Stat PnL] * [Demand Domain].[Stat Demand Domain] * [Item].[Stat Item] * &AllForecastIterations{{#filter ForecastIteration}} * &CurrentQuarter.element(0).leadoffset(-1).relatedmembers([Partial Week]));\n  Measure.[System Stat Fcst L1 80% LB]=Measure.[Actual Cleansed];\n  end scope; \n   {{/if}}\n\n {{#if ForecastEngineStat}}\nscope:([Version].[Version Name]{{#filter VersionName}} * [Location].[Stat Location] * [Account].[Stat Account] * [Channel].[Stat Channel] * [Region].[Stat Region] * [PnL].[Stat PnL] * [Demand Domain].[Stat Demand Domain] * [Item].[Stat Item] * &AllForecastIterations{{#filter ForecastIteration}} * &CurrentQuarter.element(0).leadoffset(-1).relatedmembers([Partial Week]));Measure.[System Stat Fcst L1 80% LB]=Measure.[Actual Cleansed];end scope; \n{{/if}}\n\n{{#if ForecastEngineML}}\nselect(1);\n{{/if}}\n\n{{/if}}\n\n\n\n {{#if HistoryBucketPQ}}\n\n  {{#if ForecastEngineStatAndML}}\n  scope:([Version].[Version Name]{{#filter VersionName}} * [Location].[Stat Location] * [Account].[Stat Account] * [Channel].[Stat Channel] * [Region].[Stat Region] * [PnL].[Stat PnL] * [Demand Domain].[Stat Demand Domain] * [Item].[Stat Item] * &AllForecastIterations{{#filter ForecastIteration}} * &CurrentPlanningQuarter.element(0).leadoffset(-1).relatedmembers([Partial Week]));\n  Measure.[System Stat Fcst L1 80% LB]=Measure.[Actual Cleansed];\n  end scope; \n   {{/if}}\n\n {{#if ForecastEngineStat}}\nscope:([Version].[Version Name]{{#filter VersionName}} * [Location].[Stat Location] * [Account].[Stat Account] * [Channel].[Stat Channel] * [Region].[Stat Region] * [PnL].[Stat PnL] * [Demand Domain].[Stat Demand Domain] * [Item].[Stat Item] * &AllForecastIterations{{#filter ForecastIteration}} * &CurrentPlanningQuarter.element(0).leadoffset(-1).relatedmembers([Partial Week]));Measure.[System Stat Fcst L1 80% LB]=Measure.[Actual Cleansed];end scope; \n{{/if}}\n\n{{#if ForecastEngineML}}\nselect(1);\n{{/if}}\n\n{{/if}}"
      },
      {
        "template": "/* Outbound Handshake for Forecast from DP to MFP-BU */\n\n{{#if MediumWeight}}\nexec plugin instance [DP102DP_MFPBUHandshake] for measures {[Actual Cleansed]} using scope (&CwvAndScenarios{{#filter VersionName}} * [Item].[Stat Item]{{#filter Item}} * Location.[Stat Location]{{#filter Location}} * [Channel].[Stat Channel]{{#filter Channel}}) using arguments {(\"IncludeNullRows\", \"False\"),(ExecutionMode, \"MediumWeight\"),(DataTransferMode, \"csv\")};\n{{#else}}\nexec plugin instance [DP102DP_MFPBUHandshake] for measures {[Actual Cleansed]} using scope (&CwvAndScenarios{{#filter VersionName}} * [Item].[Stat Item]{{#filter Item}} * Location.[Stat Location]{{#filter Location}} * [Channel].[Stat Channel]{{#filter Channel}}) using arguments {(\"IncludeNullRows\", \"False\"),(\"SparkProfileConfig\", \"unsliced_medium\"),(DataTransferMode, \"csv\")};\n{{/if}}"
      },
      {
        "template": "exec procedure PopulateForecastRtl {\"Version\": \"{{VersionName}}\", \"Item\": [{{#csv Item}}], \"Location\" : [{{#csv Location}}], \"Channel\": [{{#csv Channel}}] };"
      }
    ],
    "JavascriptRules": [
      {
        "modulename": "o9.DemandPlanning.ValidateTimeBucketSetup",
        "functionname": "validation"
      }
    ],
    "FieldBindings": [
      {
        "fieldName": "Information",
        "title": "Information",
        "Description": "Information",
        "type": "info",
        "clearSearch": true,
        "source": "literal",
        "defaultValue": "Please click on \"Submit\" to generate system statistical forecast at stat level for selected scope.",
        "visible": true,
        "isEditable": true,
        "validation": {
          "maxLength": "0",
          "required": true
        }
      },
      {
        "fieldName": "MediumWeight",
        "title": "Medium Weight Run",
        "Description": "Only for Stat Engine- Enable plugin run in Medium Weight execution mode (suitable for small scope).",
        "type": "boolean",
        "fieldGroup": "Execution Mode",
        "selectionType": "single",
        "clearSearch": true,
        "source": "literal",
        "defaultValue": false,
        "visible": true,
        "isEditable": true,
        "validation": {
          "maxLength": "0",
          "required": true
        }
      },
      {
        "fieldName": "ForecastEngine",
        "title": "Forecast Engine",
        "Description": "Select the engine for forecast generation",
        "type": "string",
        "fieldGroup": "Execution Mode",
        "selectionType": "single",
        "clearSearch": true,
        "source": "picklist",
        "key": "Forecast Engine Setup",
        "visible": true,
        "isEditable": true,
        "validation": {
          "maxLength": "0",
          "required": true
        }
      },
      {
        "fieldName": "mode_forecast",
        "title": "ML Execution Mode",
        "Description": "Only for ML Engine- To select a forecast mode execution for CML plugin from: 'train','train_predict', 'predict'",
        "type": "picklist",
        "selectionType": "single",
        "clearSearch": true,
        "source": "localPicklist",
        "values": [
          {
            "Key": "train_predict",
            "Name": "Training & Prediction"
          },
          {
            "Key": "train",
            "Name": "Training"
          },
          {
            "Key": "predict",
            "Name": "Prediction"
          }
        ],
        "valueField": "Key",
        "visible": true,
        "isEditable": true,
        "validation": {
          "maxLength": "0",
          "required": true
        },
        "fieldGroup": "Execution Mode"
      },
      {
        "fieldName": "IsFastStat",
        "title": "Is Fast Stat",
        "type": "boolean",
        "fieldGroup": "Execution Mode",
        "clearSearch": true,
        "source": "datasource",
        "key": "DSIsFastStat",
        "valueField": "Is Fast Stat",
        "textField": "Is Fast Stat",
        "overrideFieldBindingType": false,
        "visible": false,
        "isEditable": false,
        "cascadeFrom": "VersionName",
        "validation": {
          "maxLength": "0",
          "required": true
        },
        "defaultValue": false
      },
      {
        "fieldName": "StatArchtype",
        "title": "Stat Archetype",
        "Description": "Field value is \"Container\" for Fast Stat Archetype (null for System Stat)",
        "type": "combobox",
        "fieldGroup": "Execution Mode",
        "selectionType": "single",
        "clearSearch": true,
        "source": "datasource",
        "key": "DSStatArchetype",
        "valueField": "Stat Archetype Input",
        "textField": "Stat Archetype Input",
        "overrideFieldBindingType": false,
        "visible": false,
        "isEditable": false,
        "cascadeFrom": "VersionName",
        "validation": {
          "maxLength": "0",
          "required": true
        }
      },
      {
        "fieldName": "ForecastIterationType",
        "title": "Forecast Iteration Type",
        "type": "picklist",
        "selectionType": "multiple",
        "clearSearch": true,
        "select": "ALL",
        "source": "members",
        "DimensionName": "Forecast Iteration",
        "LevelAttributeName": "Forecast Iteration Type",
        "visible": false,
        "isEditable": true,
        "validation": {
          "maxLength": "0",
          "required": true
        },
        "FilterExpression": "[Forecast Iteration].[Forecast Iteration Type].[MFP BU]"
      },
      {
        "fieldName": "HistoryBucketPQ",
        "title": "Planning Quarter",
        "type": "boolean",
        "selectionType": "single",
        "clearSearch": true,
        "source": "datasource",
        "key": "HistoryBucketPQ",
        "valueField": "Forecast Generation Time Bucket Planning Quarter",
        "textField": "Forecast Generation Time Bucket Planning Quarter",
        "overrideFieldBindingType": false,
        "visible": false,
        "isEditable": false,
        "cascadeFrom": "ForecastIteration",
        "validation": {
          "maxLength": "0",
          "required": false
        },
        "defaultValue": false
      },
      {
        "fieldName": "VersionName",
        "title": "Version Name",
        "Description": "Version Name",
        "type": "picklist",
        "selectionType": "single",
        "clearSearch": true,
        "source": "filter",
        "DimensionName": "Version",
        "LevelAttributeName": "Version Name",
        "visible": true,
        "isEditable": true,
        "validation": {
          "maxLength": "0",
          "required": true
        }
      },
      {
        "fieldName": "HistoryBucketW",
        "title": "Week",
        "type": "boolean",
        "selectionType": "single",
        "clearSearch": true,
        "source": "datasource",
        "key": "HistoryBucketW",
        "valueField": "Forecast Generation Time Bucket Week",
        "textField": "Forecast Generation Time Bucket Week",
        "overrideFieldBindingType": false,
        "visible": false,
        "isEditable": false,
        "cascadeFrom": "ForecastIteration",
        "validation": {
          "maxLength": "0",
          "required": false
        },
        "defaultValue": false
      },
      {
        "fieldName": "HistoryBucketM",
        "title": "Month",
        "type": "boolean",
        "selectionType": "single",
        "clearSearch": true,
        "source": "datasource",
        "key": "HistoryBucketM",
        "valueField": "Forecast Generation Time Bucket Month",
        "textField": "Forecast Generation Time Bucket Month",
        "overrideFieldBindingType": false,
        "visible": false,
        "isEditable": false,
        "cascadeFrom": "ForecastIteration",
        "validation": {
          "maxLength": "0",
          "required": false
        },
        "defaultValue": false
      },
      {
        "fieldName": "HistoryBucketPM",
        "title": "Planning Month",
        "type": "boolean",
        "selectionType": "single",
        "clearSearch": true,
        "source": "datasource",
        "key": "HistoryBucketPM",
        "valueField": "Forecast Generation Time Bucket Planning Month",
        "textField": "Forecast Generation Time Bucket Planning Month",
        "overrideFieldBindingType": false,
        "visible": false,
        "isEditable": false,
        "cascadeFrom": "ForecastIteration",
        "validation": {
          "maxLength": "0",
          "required": false
        },
        "defaultValue": false
      },
      {
        "fieldName": "BestfitCriteria",
        "title": "Bestfit Criteria",
        "type": "boolean",
        "selectionType": "single",
        "clearSearch": true,
        "source": "datasource",
        "key": "IsBestfit",
        "valueField": "Bestfit Violations",
        "textField": "Bestfit Violations",
        "overrideFieldBindingType": false,
        "visible": false,
        "isEditable": false,
        "cascadeFrom": "ForecastIteration",
        "validation": {
          "maxLength": "0",
          "required": false
        },
        "defaultValue": false
      },
      {
        "fieldName": "Item",
        "title": "Item L3",
        "type": "picklist",
        "fieldGroup": "Item",
        "selectionType": "multiple",
        "clearSearch": true,
        "source": "parentAttribute",
        "DimensionName": "Item",
        "key": {
          "LevelAttribute": {
            "Name": "L3",
            "Property": "Name"
          }
        },
        "visible": true,
        "isEditable": true,
        "validation": {
          "maxLength": "0",
          "required": true
        }
      },
      {
        "fieldName": "Channel",
        "title": "Sales Planning Channel",
        "type": "picklist",
        "fieldGroup": "Channel",
        "selectionType": "multiple",
        "clearSearch": true,
        "source": "parentAttribute",
        "DimensionName": "Sales Domain",
        "key": {
          "LevelAttribute": {
            "Name": "Sales Planning Channel",
            "Property": "Name"
          }
        },
        "visible": true,
        "isEditable": true,
        "validation": {
          "maxLength": "0",
          "required": true
        }
      },
      {
        "fieldName": "Location",
        "title": "Location Country",
        "type": "picklist",
        "fieldGroup": "Location",
        "selectionType": "multiple",
        "clearSearch": true,
        "source": "parentAttribute",
        "DimensionName": "Location",
        "key": {
          "LevelAttribute": {
            "Name": "Location Country",
            "Property": "Name"
          }
        },
        "visible": true,
        "isEditable": true,
        "validation": {
          "maxLength": "0",
          "required": true
        }
      },
      {
        "fieldName": "ForecastingBucket",
        "title": "Forecast Generation Bucket",
        "Description": "Forecast Generation Bucket",
        "type": "combobox",
        "selectionType": "single",
        "clearSearch": true,
        "source": "datasource",
        "key": "ForecastGenerationBucket",
        "valueField": "Forecast Generation Time Bucket",
        "textField": "Forecast Generation Time Bucket",
        "overrideFieldBindingType": false,
        "visible": false,
        "isEditable": true,
        "cascadeFrom": "ForecastIteration",
        "validation": {
          "maxLength": "0",
          "required": true
        }
      },
      {
        "fieldName": "HistoryBucketQ",
        "title": "Quarter",
        "type": "boolean",
        "selectionType": "single",
        "clearSearch": true,
        "source": "datasource",
        "key": "HistoryBucketQ",
        "valueField": "Forecast Generation Time Bucket Quarter",
        "textField": "Forecast Generation Time Bucket Quarter",
        "overrideFieldBindingType": false,
        "visible": false,
        "isEditable": false,
        "cascadeFrom": "ForecastIteration",
        "validation": {
          "maxLength": "0",
          "required": false
        },
        "defaultValue": false
      },
      {
        "fieldName": "ForecastEngineML",
        "title": "Forecast Engine only ML",
        "type": "boolean",
        "clearSearch": true,
        "source": "datasource",
        "key": "DSForecastEngineML",
        "valueField": "Forecast Engine ML",
        "textField": "Forecast Engine ML",
        "overrideFieldBindingType": false,
        "visible": false,
        "isEditable": false,
        "cascadeFrom": "ForecastIteration",
        "validation": {
          "maxLength": "0",
          "required": true
        },
        "defaultValue": false
      },
      {
        "fieldName": "Ensemble",
        "title": "Ensemble",
        "type": "boolean",
        "selectionType": "single",
        "clearSearch": true,
        "source": "datasource",
        "key": "DSEnsemble",
        "valueField": "Ensemble",
        "textField": "Ensemble",
        "overrideFieldBindingType": false,
        "visible": false,
        "isEditable": false,
        "cascadeFrom": "ForecastIteration",
        "validation": {
          "maxLength": "0",
          "required": true
        },
        "defaultValue": false
      },
      {
        "fieldName": "ForecastEngineStat",
        "title": "Forecast Engine Stat",
        "type": "boolean",
        "clearSearch": true,
        "source": "datasource",
        "key": "DSForecastEngineStat",
        "valueField": "Forecast Engine Stat",
        "textField": "Forecast Engine Stat",
        "overrideFieldBindingType": false,
        "visible": false,
        "isEditable": false,
        "cascadeFrom": "ForecastIteration",
        "validation": {
          "maxLength": "0",
          "required": true
        },
        "defaultValue": false
      },
      {
        "fieldName": "mode_validation",
        "title": "Calculate Validation Forecast for ML",
        "type": "boolean",
        "clearSearch": true,
        "source": "literal",
        "defaultValue": false,
        "visible": false,
        "isEditable": true,
        "validation": {
          "maxLength": "0",
          "required": true
        }
      },
      {
        "fieldName": "ForecastEngineStatAndML",
        "title": "Forecast Engine Stat & ML",
        "type": "boolean",
        "clearSearch": true,
        "source": "datasource",
        "key": "DSForecastEngineStatAndML",
        "valueField": "Forecast Engine Stat & ML",
        "textField": "Forecast Engine Stat & ML",
        "overrideFieldBindingType": false,
        "visible": false,
        "isEditable": false,
        "cascadeFrom": "ForecastIteration",
        "validation": {
          "maxLength": "0",
          "required": true
        },
        "defaultValue": false
      },
      {
        "fieldName": "ForecastIteration",
        "title": "Forecast Iteration",
        "type": "picklist",
        "selectionType": "multiple",
        "clearSearch": true,
        "select": "ALL",
        "source": "members",
        "DimensionName": "Forecast Iteration",
        "LevelAttributeName": "Forecast Iteration",
        "visible": false,
        "isEditable": true,
        "validation": {
          "maxLength": "0",
          "required": true
        },
        "FilterExpression": "[Forecast Iteration].[Forecast Iteration].[FI-MFP BU]"
      },
      {
        "fieldName": "Account",
        "title": "Account",
        "type": "picklist",
        "selectionType": "multiple",
        "clearSearch": true,
        "select": "ALL",
        "source": "members",
        "DimensionName": "Account",
        "LevelAttributeName": "Stat Account",
        "visible": false,
        "isEditable": true,
        "validation": {
          "maxLength": "0",
          "required": true
        }
      },
      {
        "fieldName": "Region",
        "title": "Region",
        "type": "picklist",
        "selectionType": "multiple",
        "clearSearch": true,
        "select": "ALL",
        "source": "members",
        "DimensionName": "Region",
        "LevelAttributeName": "Stat Region",
        "visible": false,
        "isEditable": true,
        "validation": {
          "maxLength": "0",
          "required": true
        }
      },
      {
        "fieldName": "PnL",
        "title": "PnL",
        "type": "picklist",
        "selectionType": "multiple",
        "clearSearch": true,
        "select": "ALL",
        "source": "members",
        "DimensionName": "PnL",
        "LevelAttributeName": "Stat PnL",
        "visible": false,
        "isEditable": true,
        "validation": {
          "maxLength": "0",
          "required": true
        }
      },
      {
        "fieldName": "DemandDomain",
        "title": "Demand Domain",
        "Description": "Demand Domain",
        "type": "picklist",
        "selectionType": "multiple",
        "clearSearch": true,
        "select": "ALL",
        "source": "members",
        "DimensionName": "Demand Domain",
        "LevelAttributeName": "Stat Demand Domain",
        "visible": false,
        "isEditable": true,
        "validation": {
          "maxLength": "0",
          "required": true
        }
      }
    ],
    "Range": [],
    "DataSources": [
      {
        "Name": "HistoryBucketW",
        "IBPLRules": [
          {
            "template": "select(&CWVAndScenarios{{#filter VersionName}} *&AllLockedForecastIterations{{#filter ForecastIteration}} * {if (Measure.[Forecast Generation Time Bucket]==\"Week\") then (true) else (false) as transient.[Forecast Generation Time Bucket Week]});"
          }
        ],
        "JavascriptRules": [],
        "IncludeDSFieldsOnly": false,
        "FieldBindings": []
      },
      {
        "Name": "HistoryBucketM",
        "IBPLRules": [
          {
            "template": "select(&CWVAndScenarios{{#filter VersionName}} *&AllLockedForecastIterations{{#filter ForecastIteration}} * {if (Measure.[Forecast Generation Time Bucket]==\"Month\") then (true) else (false) as transient.[Forecast Generation Time Bucket Month]});"
          }
        ],
        "JavascriptRules": [],
        "IncludeDSFieldsOnly": false,
        "FieldBindings": []
      },
      {
        "Name": "HistoryBucketPM",
        "IBPLRules": [
          {
            "template": "select(&CWVAndScenarios{{#filter VersionName}} *&AllLockedForecastIterations{{#filter ForecastIteration}} * {if (Measure.[Forecast Generation Time Bucket]==\"Planning Month\") then (true) else (false) as transient.[Forecast Generation Time Bucket Planning Month]});"
          }
        ],
        "JavascriptRules": [],
        "IncludeDSFieldsOnly": false,
        "FieldBindings": []
      },
      {
        "Name": "IsBestfit",
        "IBPLRules": [
          {
            "template": "\nSelect (&CWVAndScenarios{{#filter VersionName}} *&AllLockedForecastIterations{{#filter ForecastIteration}}*{if(Measure.[Bestfit Selection Criteria]==\"Validation Error plus Violations\") then (True) else (False) as transient.[Bestfit Violations]});"
          }
        ],
        "JavascriptRules": [],
        "IncludeDSFieldsOnly": false,
        "FieldBindings": []
      },
      {
        "Name": "DSItem",
        "IBPLRules": [
          {
            "template": "\nSelect (&CWVAndScenarios{{#filter VersionName}} *&AllLockedForecastIterations{{#filter ForecastIteration}}* [Item].[Stat Item]  ) on row, \n({Measure.[Stat Actual]}) on column include memberproperties {[Item].[Stat Item], DisplayName} where {~isnull(Measure.[Stat Actual]) };\n"
          }
        ],
        "JavascriptRules": [],
        "IncludeDSFieldsOnly": false,
        "FieldBindings": []
      },
      {
        "Name": "DSAccount",
        "IBPLRules": [
          {
            "template": "Select (&CWVAndScenarios{{#filter VersionName}} *&AllLockedForecastIterations{{#filter ForecastIteration}}* [Account].[Stat Account]) on row, \n({Measure.[Stat Actual]}) on column include memberproperties {[Account].[Stat Account], DisplayName} where {~isnull(Measure.[Stat Actual])};"
          }
        ],
        "JavascriptRules": [],
        "IncludeDSFieldsOnly": false,
        "FieldBindings": []
      },
      {
        "Name": "DSChannel",
        "IBPLRules": [
          {
            "template": "Select ( [Channel].[Stat Channel] * &CWVAndScenarios{{#filter VersionName}} *&AllLockedForecastIterations{{#filter ForecastIteration}}) on row, \n({Measure.[Stat Actual]}) on column  include memberproperties {[Channel].[Stat Channel], DisplayName} where {~isnull(Measure.[Stat Actual])};"
          }
        ],
        "JavascriptRules": [],
        "IncludeDSFieldsOnly": false,
        "FieldBindings": []
      },
      {
        "Name": "DSRegion",
        "IBPLRules": [
          {
            "template": "Select ( [Region].[Stat Region] * &CWVAndScenarios{{#filter VersionName}} *&AllLockedForecastIterations{{#filter ForecastIteration}} ) on row, \n({Measure.[Stat Actual]}) on column  include memberproperties {[Region].[Stat Region], DisplayName} where {~isnull(Measure.[Stat Actual])};"
          }
        ],
        "JavascriptRules": [],
        "IncludeDSFieldsOnly": false,
        "FieldBindings": []
      },
      {
        "Name": "DSLocation",
        "IBPLRules": [
          {
            "template": "Select ( [Location].[Stat Location] *&CWVAndScenarios{{#filter VersionName}} *&AllLockedForecastIterations{{#filter ForecastIteration}}) on row, \n({Measure.[Stat Actual]}) on column include memberproperties {[Location].[Stat Location], DisplayName} where {~isnull(Measure.[Stat Actual])};"
          }
        ],
        "JavascriptRules": [],
        "IncludeDSFieldsOnly": false,
        "FieldBindings": []
      },
      {
        "Name": "DSPnL",
        "IBPLRules": [
          {
            "template": "Select (  [PnL].[Stat PnL] * &CWVAndScenarios{{#filter VersionName}} *&AllLockedForecastIterations{{#filter ForecastIteration}} ) on row, \n({Measure.[Stat Actual]}) on column include memberproperties {[PnL].[Stat PnL], DisplayName} where {~isnull(Measure.[Stat Actual])};"
          }
        ],
        "JavascriptRules": [],
        "IncludeDSFieldsOnly": false,
        "FieldBindings": []
      },
      {
        "Name": "DSDemandDomain",
        "IBPLRules": [
          {
            "template": "Select ([Demand Domain].[Stat Demand Domain] * &CWVAndScenarios{{#filter VersionName}} *&AllLockedForecastIterations{{#filter ForecastIteration}}) on row, \n({Measure.[Stat Actual]}) on column include memberproperties {[Demand Domain].[Stat Demand Domain] , DisplayName} where {~isnull(Measure.[Stat Actual])};"
          }
        ],
        "JavascriptRules": [],
        "IncludeDSFieldsOnly": false,
        "FieldBindings": []
      },
      {
        "Name": "DSForecastEngineStat",
        "IBPLRules": [
          {
            "template": "\nselect(&CWVAndScenarios{{#filter VersionName}} *&AllLockedForecastIterations{{#filter ForecastIteration}} * {if(Measure.[Forecast Engine]==\"Stat\") then (true) else (false) as transient.[Forecast Engine Stat]});"
          }
        ],
        "JavascriptRules": [],
        "IncludeDSFieldsOnly": false,
        "FieldBindings": []
      },
      {
        "Name": "DSForecastEngineStatAndML",
        "IBPLRules": [
          {
            "template": "select(&CWVAndScenarios{{#filter VersionName}} *&AllLockedForecastIterations{{#filter ForecastIteration}} * {if(Measure.[Forecast Engine] == \"Stat & ML\")then (true) else (false) as transient.[Forecast Engine Stat & ML]});"
          }
        ],
        "JavascriptRules": [],
        "IncludeDSFieldsOnly": false,
        "FieldBindings": []
      },
      {
        "Name": "DSEnsemble",
        "IBPLRules": [
          {
            "template": "select(&CWVAndScenarios{{#filter VersionName}} *&AllLockedForecastIterations{{#filter ForecastIteration}} * {if(Measure.[Forecast Strategy]==\"Ensemble\") then (true) else  (false) as transient.[Ensemble]});"
          }
        ],
        "JavascriptRules": [],
        "IncludeDSFieldsOnly": false,
        "FieldBindings": []
      },
      {
        "Name": "DSForecastEngineML",
        "IBPLRules": [
          {
            "template": "select(&CWVAndScenarios{{#filter VersionName}} *&AllLockedForecastIterations{{#filter ForecastIteration}} * {if (Measure.[Forecast Engine]==\"ML\") then (true) else (false) as transient.[Forecast Engine ML]});"
          }
        ],
        "JavascriptRules": [],
        "IncludeDSFieldsOnly": false,
        "FieldBindings": []
      },
      {
        "Name": "ForecastGenerationBucket",
        "IBPLRules": [
          {
            "template": "Select ([Version].[Version Name]{{#filter VersionName}} * [Forecast Iteration].[Forecast Iteration]{{#filter ForecastIteration}}) on row, ({Measure.[Forecast Generation Time Bucket]}) on column;"
          }
        ],
        "JavascriptRules": [],
        "IncludeDSFieldsOnly": false,
        "FieldBindings": []
      },
      {
        "Name": "DSForecastIteration",
        "IBPLRules": [
          {
            "template": "\nSelect(&AllForecastIterationTypes{{#filter ForecastIterationType}}.relatedmembers([Forecast Iteration]).filter(#.[IsLocked] == 1));\n"
          }
        ],
        "JavascriptRules": [],
        "IncludeDSFieldsOnly": false,
        "FieldBindings": []
      },
      {
        "Name": "HistoryBucketQ",
        "IBPLRules": [
          {
            "template": "select(&CWVAndScenarios{{#filter VersionName}} *&AllLockedForecastIterations{{#filter ForecastIteration}} * {if (Measure.[Forecast Generation Time Bucket]==\"Quarter\") then (true) else (false) as transient.[Forecast Generation Time Bucket Quarter]});"
          }
        ],
        "JavascriptRules": [],
        "IncludeDSFieldsOnly": false,
        "FieldBindings": []
      },
      {
        "Name": "HistoryBucketPQ",
        "IBPLRules": [
          {
            "template": "select(&CWVAndScenarios{{#filter VersionName}} *&AllLockedForecastIterations{{#filter ForecastIteration}} * {if (Measure.[Forecast Generation Time Bucket]==\"Planning Quarter\") then (true) else (false) as transient.[Forecast Generation Time Bucket Planning Quarter]});"
          }
        ],
        "JavascriptRules": [],
        "IncludeDSFieldsOnly": false,
        "FieldBindings": []
      },
      {
        "Name": "DSIsFastStat",
        "IBPLRules": [
          {
            "template": "select(&CWVAndScenarios{{#filter VersionName}} * {if (Measure.[Stat Archetype]== \"Container\") then (true) else (false) as transient.[Is Fast Stat]});"
          }
        ],
        "JavascriptRules": [],
        "IncludeDSFieldsOnly": false,
        "FieldBindings": []
      },
      {
        "Name": "DSStatArchetype",
        "IBPLRules": [
          {
            "template": "Select ([Version].[Version Name]{{#filter VersionName}}) on row, ({Measure.[Stat Archetype] as transient.[Stat Archetype Input]}) on column;"
          }
        ],
        "JavascriptRules": [],
        "IncludeDSFieldsOnly": false,
        "FieldBindings": []
      }
    ],
    "AutoExecute": false,
    "isAsync": true,
    "hasMembersUpdates": false,
    "Compact": false,
    "TwoColumn": true,
    "IsGlobalForExcelAddIn": false,
    "ReturnFilterByUpdate": false,
    "ExcludeFromNavLink": false,
    "FilterFieldBindings": [],
    "enableTransaction": false
  },
  "Widget": null,
  "Roles": []
}