{
  "AttributeName": "Retail_AP_FD_Product_NN",
  "AttributeId": "726c2146-c078-b6b6-98c1-eb4e9503c9cd",
  "AttributeHierarchyEnabled": true,
  "IsKey": false,
  "Description": "Retail AP Product Named Node",
  "OrderBy": "Key",
  "KeyColumnName": "Retail_AP_FD_Product_NNKey",
  "NameColumnName": "Retail_AP_FD_Product_NNName",
  "KeyColumnDataType": "integer",
  "SeedTags": true,
  "KeyGenerationType": "Auto",
  "PickListName": null,
  "ConfigJson": {
    "ShowFilterAs": "TileView",
    "MemberDisplayNameEditable": true,
    "IsMultipleImage": false,
    "MemberDisplayColor": false
  },
  "FormatString": null,
  "Translation": null,
  "Aliases": [],
  "ApiName": null,
  "ApiDisabled": false,
  "ParentAttributeName": null,
  "NamedNodeUsages": [
    {
      "DimensionName": "Item",
      "AttributeName": "L3"
    }
  ]
}