{
  "AttributeName": "Retail_AP_FD_CLCA_NN",
  "AttributeId": "fd415ab2-ede3-7e8c-53fa-4bf819d0fa3d",
  "AttributeHierarchyEnabled": true,
  "IsKey": false,
  "Description": "Item Location Cluster Channel Association",
  "OrderBy": "Key",
  "KeyColumnName": "Retail_AP_FD_CLCA_NNKey",
  "NameColumnName": "Retail_AP_FD_CLCA_NNName",
  "KeyColumnDataType": "integer",
  "SeedTags": true,
  "KeyGenerationType": "Auto",
  "PickListName": null,
  "ConfigJson": {
    "ShowFilterAs": "TileView",
    "MemberDisplayNameEditable": true,
    "IsMultipleImage": false,
    "MemberDisplayColor": false
  },
  "FormatString": null,
  "Translation": null,
  "Aliases": [],
  "ApiName": null,
  "ApiDisabled": false,
  "ParentAttributeName": null,
  "NamedNodeUsages": [
    {
      "DimensionName": "Item",
      "AttributeName": "L3"
    },
    {
      "DimensionName": "Location",
      "AttributeName": "Location"
    },
    {
      "DimensionName": "Sales Domain",
      "AttributeName": "Sales Planning Channel"
    },
    {
      "DimensionName": "Cluster",
      "AttributeName": "Cluster"
    }
  ]
}