{
  "MeasureName": "Staging Table With SAP Master Data Check Required",
  "MeasureId": "9244a760-fa22-459d-a5dd-568ced4b8f63",
  "MeasureDescription": "Staging Table With SAP Master Data Check Required",
  "DataType": "picklist",
  "MeasureType": "Regular",
  "AggregateFunction": "Sum",
  "FormatString": "#,##0;(#,##0)",
  "MeasureColumnName": "StagingTableWithSAPMasterDataCheckRequired",
  "MeasureFormula": "",
  "IsEditable": true,
  "ApplyConversion": false,
  "ConversionFormula": "",
  "PickListName": "Integration Yes No",
  "BgColorFormula": "",
  "FgColorFormula": "",
  "TrendFormula": "",
  "FormattingViewModel": null,
  "ParentMeasureName": null,
  "AssociationMeasure": false,
  "IsComputedByPlanningService": false,
  "ToolTip": "Stg Table W SAP Master Data Check Required",
  "ConfigJson": {},
  "ApiName": null,
  "ApiDisabled": false,
  "IsReportingMeasure": false,
  "MeasureConditionalFormulaProperties": [],
  "PicklistSource": null
}