{
  "Name": "Demand Netting Parameter Inputs",
  "WidgetDefinitionName": "Demand Netting Parameter Inputs",
  "IsPrimary": true,
  "ConfigJson": {
    "ContainerId": "c03d66c2-f9e4-4c16-99db-26929c7a4bc9",
    "CompositeContainerId": null,
    "Position": 0,
    "ShowInfoContext": {
      "ActionColumn": true,
      "RowInfo": true,
      "MemberInfo": true
    },
    "ShowHeader": null,
    "FilterPromotions": [],
    "FilterSharings": [
      {
        "LevelAttribute": {
          "Dimension": "o9PC Setting",
          "AttributeName": "Setting Group"
        },
        "MemberFilterExpression": "[o9PC Setting].[Setting Group].filter(#.Name == \t[PSA Capacity Inputs])"
      },
      {
        "LevelAttribute": {
          "Dimension": "o9PC Component",
          "AttributeName": "Component Instance"
        },
        "MemberFilterExpression": "[o9PC Component].[Component].filter(#.Name == [Post Solver Analytics Capacity]).relatedmembers([Component Instance])"
      },
      {
        "LevelAttribute": {
          "Dimension": "Version",
          "AttributeName": "Version Name"
        },
        "DisableSelection": false
      }
    ],
    "ActionButtonBindings": [
      {
        "ActionButtonName": "PCSupplyPlan0600PSACG",
        "HotKey": "",
        "ExcludeHiddenAttributes": false,
        "ModuleId": "69c63dc5-4f82-4296-89e9-7839154cd5be"
      }
    ]
  },
  "ViewWidgetDefinitionId": "d5162eee-c3c5-5647-a7ba-29fde2d1237f",
  "Title": "Demand Netting Parameter Inputs"
}