{
  "AttributeName": "Description",
  "AttributeId": "de0181aa-190c-3136-891d-32819b031440",
  "AttributeHierarchyEnabled": false,
  "IsKey": false,
  "Description": "Description",
  "OrderBy": "Key",
  "KeyColumnName": "DescriptionKey",
  "NameColumnName": null,
  "KeyColumnDataType": "string",
  "SeedTags": false,
  "KeyGenerationType": null,
  "PickListName": null,
  "ConfigJson": {
    "IsVisible": true,
    "IsEditable": true
  },
  "FormatString": "",
  "Translation": null,
  "Aliases": [],
  "ApiName": null,
  "ApiDisabled": false,
  "FgColorFormula": null,
  "BgColorFormula": null,
  "IsReservedBySystem": false
}