{
  "Name": "PCSupplyPlan0200CapacityCG",
  "Description": "Capacity Model Code Generator",
  "ActionButtonId": "d14e47be-383a-a428-c234-1e6b9e32ef86",
  "Tooltip": "Capacity Model Code Generator",
  "ActionButtonType": "Integration3 Function",
  "Alignment": "right",
  "IsPopOver": true,
  "IsGlobal": false,
  "ActionClickHandler": null,
  "Icon": null,
  "Image": null,
  "ConfigJson": {
    "Pipeline": "Capacity_Model",
    "DisplayName": "Capacity Model Code Generator",
    "icon": "crosshairs",
    "Position": "0",
    "SubmitButton": {
      "Label": "Submit"
    },
    "ResetButton": {
      "Label": "Reset"
    },
    "CloseButton": {
      "Label": "Close",
      "ConfirmMessage": "Unsaved changes will be lost. Continue?"
    },
    "NotifyRoles": true,
    "NotifyAll": false,
    "FieldBindings": [
      {
        "fieldName": "Version",
        "title": "Version Name",
        "Description": "Version",
        "type": "picklistDropdown",
        "selectionType": "single",
        "clearSearch": true,
        "source": "filter",
        "DimensionName": "Version",
        "LevelAttributeName": "Version Name",
        "visible": true,
        "isEditable": true,
        "validation": {
          "maxLength": "0",
          "required": true
        }
      },
      {
        "fieldName": "Instance",
        "title": "Component Instance",
        "Description": "Instance",
        "type": "picklistDropdown",
        "selectionType": "single",
        "clearSearch": true,
        "source": "filter",
        "DimensionName": "o9PC Component",
        "LevelAttributeName": "Component Instance",
        "visible": true,
        "isEditable": true,
        "validation": {
          "maxLength": "0",
          "required": true
        }
      },
      {
        "fieldName": "configBlock",
        "title": "Config Block",
        "Description": "Config Block Where plugin is generated",
        "type": "string",
        "clearSearch": true,
        "source": "literal",
        "visible": true,
        "isEditable": true,
        "validation": {
          "maxLength": "0",
          "required": true
        },
        "defaultValue": "o9 SP Foundation"
      }
    ],
    "Range": [],
    "DataSources": [],
    "AutoExecute": false,
    "hasMembersUpdates": false,
    "Compact": false,
    "TwoColumn": false,
    "ParameterToFieldBindingMapping": {
      "refdevsp11_params": {
        "version": "Version",
        "instance": "Instance",
        "tenant_module_id": "configBlock"
      }
    },
    "ExcludeFromNavLink": false,
    "FilterFieldBindings": [],
    "isAsync": true
  },
  "Widget": null,
  "Roles": []
}