{
  "MeasureName": "SP ASP",
  "MeasureId": "8da08da3-9932-416c-8942-140581c88707",
  "MeasureDescription": "SP ASP",
  "DataType": "number",
  "MeasureType": "Currency",
  "AggregateFunction": "Computed",
  "FormatString": "($0,000.00a)",
  "MeasureColumnName": "SPASP",
  "MeasureFormula": "Safedivide(Measure.[SP Ttl Sls Rtl],Measure.[SP Ttl Sls Unt])",
  "IsEditable": true,
  "ApplyConversion": true,
  "ConversionFormula": "Exchange Rate Monthly",
  "PickListName": null,
  "BgColorFormula": "",
  "FgColorFormula": "",
  "TrendFormula": "",
  "FormattingViewModel": "[]",
  "ParentMeasureName": null,
  "AssociationMeasure": false,
  "IsComputedByPlanningService": false,
  "ToolTip": "SP Average Selling/Shipment Price",
  "ConfigJson": {},
  "ApiName": null,
  "ApiDisabled": false,
  "IsReportingMeasure": false,
  "MeasureConditionalFormulaProperties": [],
  "PicklistSource": null
}