{
  "AttributeName": "Retail_AP_RP_Product_Attribute_NN",
  "AttributeId": "5195db77-c74c-0db4-dd17-cc006fa71944",
  "AttributeHierarchyEnabled": true,
  "IsKey": false,
  "Description": "Retail AP Ranging Product and Attribute Group Named Node",
  "OrderBy": "Key",
  "KeyColumnName": "Retail_AP_RP_Product_Attribute_NNKey",
  "NameColumnName": "Retail_AP_RP_Product_Attribute_NNName",
  "KeyColumnDataType": "integer",
  "SeedTags": true,
  "KeyGenerationType": "Auto",
  "PickListName": null,
  "ConfigJson": {
    "ShowFilterAs": "TileView",
    "MemberDisplayNameEditable": true,
    "IsMultipleImage": false,
    "MemberDisplayColor": false
  },
  "FormatString": null,
  "Translation": null,
  "Aliases": [],
  "ApiName": null,
  "ApiDisabled": false,
  "ParentAttributeName": null,
  "NamedNodeUsages": [
    {
      "DimensionName": "Item",
      "AttributeName": "Planning Item"
    },
    {
      "DimensionName": "Location",
      "AttributeName": "Location Country"
    },
    {
      "DimensionName": "Product Attribute Group",
      "AttributeName": "Product Attribute Group"
    },
    {
      "DimensionName": "Cluster",
      "AttributeName": "Cluster"
    }
  ]
}