{
  "Name": "o9EKGLockUnlockProject",
  "Description": "Lock/Unlock Project",
  "ActionButtonId": "5b92216a-e175-b729-5d1b-c3aa6ed05619",
  "Tooltip": "Lock/Unlock Project",
  "ActionButtonType": "Widget",
  "Alignment": "right",
  "IsPopOver": true,
  "IsGlobal": true,
  "ActionClickHandler": null,
  "Icon": null,
  "Image": null,
  "ConfigJson": {
    "DisplayName": "Lock/Unlock",
    "icon": "lock",
    "SubmitButton": {
      "Label": "Submit"
    },
    "ResetButton": {},
    "CloseButton": {
      "Label": "Close"
    },
    "NotifyRoles": false,
    "NotifyAll": false,
    "IBPLRules": [
      {
        "template": "exec procedure EKG_Lock_AllEditableMeasures {\"ProjectName\" : \"{{Project}}\" , \"Lock\" : {{Lock}} }; \n\n"
      }
    ],
    "JavascriptRules": [],
    "FieldBindings": [
      {
        "fieldName": "Cust",
        "title": "Customer",
        "type": "picklistDropdown",
        "selectionType": "single",
        "clearSearch": true,
        "source": "filter",
        "DimensionName": "o9EKG Customer",
        "LevelAttributeName": "Customer Name",
        "visible": false,
        "isEditable": false,
        "validation": {
          "maxLength": "0",
          "required": true
        }
      },
      {
        "fieldName": "user",
        "title": "user",
        "type": "picklistDropdown",
        "clearSearch": true,
        "source": "datasource",
        "key": "userDS",
        "valueField": "Name",
        "textField": "Name",
        "overrideFieldBindingType": false,
        "visible": false,
        "isEditable": false,
        "validation": {
          "maxLength": "0",
          "required": true
        },
        "selectionType": "single",
        "cascadeFrom": "Cust"
      },
      {
        "fieldName": "Project",
        "title": "Project",
        "Description": "Select Project to Lock or Unlock",
        "type": "picklistDropdown",
        "selectionType": "single",
        "clearSearch": true,
        "source": "datasource",
        "key": "ProjectNameDS",
        "valueField": "Project Name",
        "textField": "Project Name",
        "overrideFieldBindingType": false,
        "visible": true,
        "isEditable": true,
        "validation": {
          "maxLength": "0",
          "required": true
        },
        "cascadeFrom": "user",
        "select": "NONE"
      },
      {
        "fieldName": "Lock",
        "title": "Lock or UnLock",
        "type": "picklistDropdown",
        "selectionType": "single",
        "clearSearch": true,
        "select": "NONE",
        "source": "localPicklist",
        "values": [
          {
            "Key": "true",
            "Name": "Lock"
          },
          {
            "Key": "false",
            "Name": "UnLock"
          }
        ],
        "valueField": "Key",
        "visible": true,
        "isEditable": true,
        "validation": {
          "maxLength": "0",
          "required": true
        }
      }
    ],
    "Range": [],
    "DataSources": [
      {
        "Name": "userDS",
        "IBPLRules": [
          {
            "template": "select currentuser();"
          }
        ],
        "JavascriptRules": [],
        "IncludeDSFieldsOnly": false,
        "FieldBindings": []
      },
      {
        "Name": "ProjectNameDS",
        "IBPLRules": [
          {
            "template": "select ([o9EKG Customer].[Customer Name].[{{Cust}}] * [o9EKG Customer].[Project Name]*&CWV*{Measure.[o9EKG Project Created By]}) where {Measure.[o9EKG Project Created By]==\"{{user}}\"};"
          }
        ],
        "JavascriptRules": [],
        "IncludeDSFieldsOnly": false,
        "FieldBindings": []
      }
    ],
    "AutoExecute": false,
    "isAsync": false,
    "hasMembersUpdates": true,
    "Compact": true,
    "TwoColumn": false,
    "IsGlobalForExcelAddIn": false,
    "ReturnFilterByUpdate": false,
    "NavigateTo": {
      "TargetWorkspaceName": "EKG Configurator",
      "TargetPageName": "Model Explorer",
      "TargetViewName": "Table List"
    },
    "DataSourceForFilter": {
      "Name": "DataSourceForFilter",
      "IBPLRule": {
        "template": "Select (&CWV * [o9EKG Customer].[Project Name].[{{Project}}]);"
      },
      "IncludeDSFieldsOnly": false,
      "FieldBindings": []
    },
    "ExcludeFromNavLink": false,
    "FilterFieldBindings": [
      {
        "fieldName": "Project",
        "type": "picklist",
        "selectionType": "multiple",
        "select": "ALL",
        "source": "datasource",
        "key": "DataSourceForFilter",
        "valueField": "Project Name",
        "DimensionName": "o9EKG Customer",
        "LevelAttributeName": "Project Name"
      }
    ]
  },
  "Widget": null,
  "Roles": [
    "EKG_Intg_Arch"
  ]
}