{
  "Name": "o9EKGRemoveFieldMapping",
  "Description": "Remove Mapping",
  "ActionButtonId": "3402cafa-6878-1de3-b08b-8e3131784533",
  "Tooltip": "Remove Mapping",
  "ActionButtonType": "Widget",
  "Alignment": "right",
  "IsPopOver": true,
  "IsGlobal": true,
  "ActionClickHandler": null,
  "Icon": null,
  "Image": null,
  "ConfigJson": {
    "icon": "close",
    "SubmitButton": {
      "Label": "Submit",
      "ConfirmMessage": "Selected field mapping will be deleted permanently. This action is Irreversible. Click \"Yes\" to proceed with deletion."
    },
    "ResetButton": {},
    "CloseButton": {
      "Label": "Close"
    },
    "NotifyAll": false,
    "IBPLRules": [
      {
        "template": "//Clear mappings\n\n{{#each Field}}\n\nDELETE DATA FOR MODEL [o9EKG Field Mappings] WHERE {&CWV, [o9EKG Customer].[Project Name].[{{Project}}], {{#entity FieldID}}, {{#entity Sequence}} };\n\n{{/each}}\n\n"
      }
    ],
    "JavascriptRules": [],
    "FieldBindings": [
      {
        "fieldName": "Project",
        "title": "Project Name",
        "type": "picklistDropdown",
        "selectionType": "single",
        "clearSearch": true,
        "source": "filter",
        "DimensionName": "o9EKG Customer",
        "LevelAttributeName": "Project Name",
        "visible": true,
        "isEditable": false,
        "validation": {
          "maxLength": "0",
          "required": true
        }
      },
      {
        "fieldName": "Field",
        "title": "Fields",
        "type": "picklistDropdown",
        "select": "ALL",
        "clearSearch": true,
        "source": "parentTuple",
        "TuplesList": [
          {
            "Key": "FieldID",
            "LevelAttribute": {
              "DimensionName": "o9EKG Table",
              "Name": "Field ID",
              "textField": "Name"
            },
            "tuplesource": "LevelAttribute"
          },
          {
            "Key": "Sequence",
            "LevelAttribute": {
              "DimensionName": "Sequence",
              "Name": "Sequence",
              "textField": "Name"
            },
            "tuplesource": "LevelAttribute"
          }
        ],
        "visible": true,
        "isEditable": true,
        "validation": {
          "required": true
        }
      }
    ],
    "Range": [],
    "DataSources": [],
    "AutoExecute": false,
    "isAsync": false,
    "hasMembersUpdates": true,
    "Compact": true,
    "TwoColumn": false,
    "IsGlobalForExcelAddIn": false,
    "ReturnFilterByUpdate": false,
    "ExcludeFromNavLink": false,
    "FilterFieldBindings": []
  },
  "Widget": null,
  "Roles": [
    "EKG_DataAdmin",
    "EKG_Intg_Arch"
  ]
}