{
  "Name": "Unloading Resources",
  "ViewId": "72dbd106-0fc7-40a7-a7f3-3335372c29da",
  "ContentType": "Regular",
  "Title": "Inbound Capacity",
  "Position": 2,
  "IsDefault": false,
  "Resource": null,
  "RazorViewTemplate": "_containers",
  "ConfigJson": {
    "WidgetContainers": {
      "Containers": [
        1
      ],
      "Key": 0,
      "IsModified": false,
      "ViewSpread": {
        "RowLevel": 60,
        "ColLevel": 12
      },
      "Data": [
        {
          "Id": "ffb4ac99-1904-40cd-b5cc-da85ae68df6a",
          "Col": 0,
          "Row": 0,
          "SizeX": 12,
          "SizeY": 60
        }
      ],
      "Composites": {}
    },
    "CompactMode": false,
    "IsHidden": false
  },
  "Roles": [
    "public"
  ]
}