{
  "MeasureName": "Bestfit Selection Criteria",
  "MeasureId": "f551283f-d5b9-d84b-ce94-53005f0a0c71",
  "MeasureDescription": "Bestfit Selection Criteria",
  "DataType": "picklist",
  "MeasureType": "Regular",
  "AggregateFunction": "DistinctSum",
  "FormatString": "",
  "MeasureColumnName": "BestfitSelectionCriteria",
  "MeasureFormula": "",
  "IsEditable": true,
  "ApplyConversion": false,
  "ConversionFormula": "",
  "PickListName": "Bestfit Metric",
  "BgColorFormula": "",
  "FgColorFormula": "",
  "TrendFormula": "",
  "FormattingViewModel": "[]",
  "ParentMeasureName": null,
  "AssociationMeasure": false,
  "IsComputedByPlanningService": false,
  "ToolTip": "Bestfit Selection CriteriaThis helps to decide how the Bestfit Model is selected from the list of Candidate Forecasts at Stat Level.",
  "ConfigJson": {},
  "ApiName": null,
  "ApiDisabled": false,
  "IsReportingMeasure": false,
  "MeasureConditionalFormulaProperties": [],
  "PicklistSource": null
}