{
  "Name": "Allocation Priority Selection",
  "WidgetDefinitionName": "Allocation Priority Selection",
  "IsPrimary": false,
  "ConfigJson": {
    "ContainerId": "a08a3ed1-776e-4b28-aff9-677cb3192134",
    "CompositeContainerId": null,
    "Position": 0,
    "ShowInfoContext": {
      "ActionColumn": true,
      "RowInfo": true,
      "MemberInfo": true
    },
    "ShowHeader": {
      "Icon": "",
      "Color": null
    }
  },
  "ViewWidgetDefinitionId": "a8492bae-7272-1f1f-fa2d-08d70f30d15a",
  "Title": "Priority Selection"
}