{
  "Override": [
    {
      "PageName": "Performance Dashboard",
      "WorkspaceName": "OTB Plan-V2Migrated",
      "DisplayOrder": 6,
      "ConfigBlockName": "o9 Retail MFP RMA Product Plan"
    },
    {
      "PageName": "Post Game Analysis",
      "WorkspaceName": "OTB Plan-V2Migrated",
      "DisplayOrder": 5,
      "ConfigBlockName": "o9 Retail MFP RMA Product Plan"
    },
    {
      "PageName": "Plan Analysis",
      "WorkspaceName": "OTB Plan-V2Migrated",
      "DisplayOrder": 4,
      "ConfigBlockName": "o9 Retail MFP RMA Product Plan"
    },
    {
      "PageName": "Open To Buy",
      "WorkspaceName": "OTB Plan-V2Migrated",
      "DisplayOrder": 4,
      "ConfigBlockName": "o9 Retail MFP RMA Product Plan"
    },
    {
      "PageName": "Open To Buy Units",
      "WorkspaceName": "OTB Plan-V2Migrated",
      "DisplayOrder": 3,
      "ConfigBlockName": "o9 Retail MFP RMA Product Plan"
    },
    {
      "PageName": "c Inventory Recoding",
      "WorkspaceName": "OTB Plan-V2Migrated",
      "DisplayOrder": 2,
      "ConfigBlockName": "o9 Retail MFP RMA Product Plan"
    }
  ]
}