{
  "EdgePropertyId": "96316d30-b41b-47ac-bd37-f1ac42698950",
  "PropertyName": "Multi Step Routing Association",
  "PropertyDescription": "Multi Step Routing Association",
  "PropertyDataType": "number",
  "PropertyDataSize": 0,
  "PropertyColumnName": "MultiStepRoutingAssociation",
  "AggregateFunction": "Max",
  "PropertyFormula": "",
  "IsEditable": false,
  "FormatString": "#,##0; (#,##0)",
  "ActivationProperty": false,
  "IsComputedByPlanningService": false,
  "ToolTip": null,
  "ApiName": null,
  "ApiDisabled": false,
  "BgColorFormula": "",
  "FgColorFormula": "",
  "TrendFormula": "",
  "PickListName": null,
  "PicklistSource": null,
  "FormattingViewModel": "[]",
  "ConditionalFormulas": null,
  "ApplyConversion": false,
  "ConversionFormula": ""
}