{
  "Name": "SupplyPlan175GenerateBTGReport",
  "Description": "Generate BTG IBP Production Requirement",
  "ActionButtonId": "3d48d8ee-c7d1-4c1b-a793-8b3770f14ddd",
  "Tooltip": "Generate BTG IBP Production Requirement",
  "ActionButtonType": "Widget",
  "Alignment": "right",
  "IsPopOver": true,
  "IsGlobal": true,
  "ActionClickHandler": null,
  "Icon": null,
  "Image": null,
  "ConfigJson": {
    "DisplayName": "Generate BTG Report",
    "SubmitButton": {
      "Label": "Submit"
    },
    "ResetButton": {
      "Label": "Reset"
    },
    "CloseButton": {
      "Label": "Close",
      "ConfirmMessage": "Unsaved changes will be lost. Continue?"
    },
    "NotifyAll": false,
    "IBPLRules": [
      {
        "template": "Select Version.[Version Name].[{{Version}}].Key;",
        "output": {
          "name": "VersionKey",
          "type": "memberpairs"
        }
      },
      {
        "template": "Exec procedure BTG_IBPMasterProcedure {\"Version\" : \"{{Version}}\", \"VersionKey\": {{VersionKey}}, \"IBPPlanWeekly\" : {{WeeklyPlan}} , \"IBPPlanMonthly\": {{MonthlyPlan}}, \"WSolverFlagInventoryPlanType\" : \"{{WSolverFlagInventoryPlanType}}\",\"WSolverFlagInventoryPlanPolicy\" : \"{{WSolverFlagInventoryPlanPolicy}}\" ,\"MSolverFlagInventoryPlanType\" :\"{{MSolverFlagInventoryPlanType}}\", \"MSolverFlagInventoryPlanPolicy\": \"{{MSolverFlagInventoryPlanPolicy}}\", \"EnableBTG\": {{EnableBTG}}};\n\n",
        "input": {
          "name": "VersionKey"
        }
      },
      {
        "template": "//deleteVersion(\"IBP BTG Reporting\");\n\nselect 1;"
      }
    ],
    "JavascriptRules": [],
    "FieldBindings": [
      {
        "fieldName": "Version",
        "title": "Version",
        "type": "picklist",
        "selectionType": "single",
        "clearSearch": true,
        "source": "filter",
        "DimensionName": "Version",
        "LevelAttributeName": "Version Name",
        "visible": true,
        "isEditable": true,
        "validation": {
          "maxLength": "0",
          "required": true
        }
      },
      {
        "fieldName": "WeeklyPlan",
        "title": "WeeklyPlan",
        "type": "picklist",
        "selectionType": "single",
        "clearSearch": true,
        "select": "ALL",
        "source": "datasource",
        "key": "WeeklyPlan",
        "valueField": "Param Value",
        "textField": "Param Value",
        "visible": true,
        "isEditable": true,
        "cascadeFrom": "Version",
        "validation": {
          "maxLength": "0",
          "required": true
        }
      },
      {
        "fieldName": "MonthlyPlan",
        "title": "MonthlyPlan",
        "Description": "MonthlyPlan",
        "type": "picklist",
        "selectionType": "single",
        "clearSearch": true,
        "select": "ALL",
        "source": "datasource",
        "key": "MonthlyPlan",
        "valueField": "Param Value",
        "textField": "Param Value",
        "visible": true,
        "isEditable": true,
        "cascadeFrom": "Version",
        "validation": {
          "maxLength": "0",
          "required": true
        }
      },
      {
        "fieldName": "WSolverFlagInventoryPlanType",
        "title": "WSolverFlagInventoryPlanType",
        "Description": "WSolverFlagInventoryPlanType",
        "type": "picklistDropdown",
        "selectionType": "single",
        "clearSearch": true,
        "select": "ALL",
        "source": "datasource",
        "key": "SolverFlagInventoryPlanType",
        "valueField": "W Solver Flag Inventory Plan Type Modified",
        "textField": "W Solver Flag Inventory Plan Type Modified",
        "visible": true,
        "isEditable": false,
        "cascadeFrom": "Version",
        "validation": {
          "maxLength": "0",
          "required": false
        }
      },
      {
        "fieldName": "WSolverFlagInventoryPlanPolicy",
        "title": "WSolverFlagInventoryPlanPolicy",
        "Description": "SolverFlagInventoryPlanPolicy",
        "type": "picklistDropdown",
        "selectionType": "single",
        "clearSearch": true,
        "select": "ALL",
        "source": "datasource",
        "key": "SolverFlagInventoryPlanPolicy",
        "valueField": "W Solver Flag Inventory Plan Policy",
        "textField": "W Solver Flag Inventory Plan Policy",
        "visible": true,
        "isEditable": false,
        "cascadeFrom": "Version",
        "validation": {
          "maxLength": "0",
          "required": false
        }
      },
      {
        "fieldName": "MSolverFlagInventoryPlanType",
        "title": "MSolverFlagInventoryPlanType",
        "Description": "MSolverFlagInventoryPlanType",
        "type": "picklist",
        "selectionType": "single",
        "clearSearch": true,
        "select": "ALL",
        "source": "datasource",
        "key": "MSolverFlagInventoryPlanType",
        "valueField": "M Solver Flag Inventory Plan Type",
        "textField": "M Solver Flag Inventory Plan Type",
        "visible": true,
        "isEditable": false,
        "cascadeFrom": "Version",
        "validation": {
          "maxLength": "0",
          "required": false
        }
      },
      {
        "fieldName": "MSolverFlagInventoryPlanPolicy",
        "title": "MSolverFlagInventoryPlanPolicy",
        "Description": "SolverFlagInventoryPlanPolicy",
        "type": "picklist",
        "selectionType": "single",
        "clearSearch": true,
        "select": "ALL",
        "source": "datasource",
        "key": "MSolverFlagInventoryPlanPolicy",
        "valueField": "M Solver Flag Inventory Plan Policy",
        "textField": "M Solver Flag Inventory Plan Policy",
        "visible": true,
        "isEditable": false,
        "cascadeFrom": "Version",
        "validation": {
          "maxLength": "0",
          "required": false
        }
      },
      {
        "fieldName": "EnableBTG",
        "title": "EnableBTG",
        "Description": "EnableBTG",
        "type": "picklist",
        "selectionType": "single",
        "clearSearch": true,
        "select": "ALL",
        "source": "datasource",
        "key": "EnableBTG",
        "valueField": "Param Value",
        "textField": "Param Value",
        "visible": true,
        "isEditable": false,
        "cascadeFrom": "Version",
        "validation": {
          "maxLength": "0",
          "required": false
        }
      }
    ],
    "DataSources": [
      {
        "Name": "WeeklyPlan",
        "IBPLRules": [
          {
            "template": "Select (Version.[Version Name].[{{Version}}] * {(if (Measure.[W BTG IBP Solver Granularity] == \"Week\") then \"true\" else \"false\") as Transient.[Param Value]});\n"
          }
        ],
        "JavascriptRules": [],
        "IncludeDSFieldsOnly": false,
        "FieldBindings": []
      },
      {
        "Name": "MonthlyPlan",
        "IBPLRules": [
          {
            "template": "Select (Version.[Version Name].[{{Version}}] * {(if (Measure.[W BTG IBP Solver Granularity] == \"Calendar Month\") then \"true\" else \"false\") as Transient.[Param Value]});\n"
          }
        ],
        "JavascriptRules": [],
        "IncludeDSFieldsOnly": false,
        "FieldBindings": []
      },
      {
        "Name": "SolverFlagInventoryPlanType",
        "IBPLRules": [
          {
            "template": "Select ([Version].[Version Name]{{#filter Version}} * { (if    (Measure.[W Solver Flag Inventory Plan Type] == \"BOS_TO_QUANTITY\") then \"QUANTITY\" else Measure.[W Solver Flag Inventory Plan Type]) as Transient.[W Solver Flag Inventory Plan Type Modified]});"
          }
        ],
        "JavascriptRules": [],
        "IncludeDSFieldsOnly": false,
        "FieldBindings": []
      },
      {
        "Name": "SolverFlagInventoryPlanPolicy",
        "IBPLRules": [
          {
            "template": "Select ([Version].[Version Name]{{#filter Version}} * {Measure.[W Solver Flag Inventory Plan Policy]});"
          }
        ],
        "JavascriptRules": [],
        "IncludeDSFieldsOnly": false,
        "FieldBindings": []
      },
      {
        "Name": "MSolverFlagInventoryPlanType",
        "IBPLRules": [
          {
            "template": "Select ([Version].[Version Name]{{#filter Version}} * {Measure.[M Solver Flag Inventory Plan Type]});"
          }
        ],
        "JavascriptRules": [],
        "IncludeDSFieldsOnly": false,
        "FieldBindings": []
      },
      {
        "Name": "MSolverFlagInventoryPlanPolicy",
        "IBPLRules": [
          {
            "template": "Select ([Version].[Version Name]{{#filter Version}} * {Measure.[M Solver Flag Inventory Plan Policy]});"
          }
        ],
        "JavascriptRules": [],
        "IncludeDSFieldsOnly": false,
        "FieldBindings": []
      },
      {
        "Name": "EnableBTG",
        "IBPLRules": [
          {
            "template": "Select ([Version].[Version Name]{{#filter Version}} ) on row, ({(if(coalesce(Measure.[W BTG Enable Report],false) == true) then \"true\" else \"false\") as transient.[Param Value]}) on column;"
          }
        ],
        "JavascriptRules": [],
        "IncludeDSFieldsOnly": false,
        "FieldBindings": []
      }
    ],
    "AutoExecute": false,
    "isAsync": true,
    "hasMembersUpdates": false,
    "Compact": false,
    "TwoColumn": false,
    "IsGlobalForExcelAddIn": false,
    "ReturnFilterByUpdate": false,
    "FilterFieldBindings": []
  },
  "Widget": null
}