{
  "Name": "o9EKGAddLookupListName",
  "Description": "Add lookup list name",
  "ActionButtonId": "737f818a-154b-cc88-6e39-ba9b373d3825",
  "Tooltip": "Add Lookup List Name",
  "ActionButtonType": "Widget",
  "Alignment": "right",
  "IsPopOver": true,
  "IsGlobal": true,
  "ActionClickHandler": null,
  "Icon": null,
  "Image": null,
  "ConfigJson": {
    "icon": "plus-square-o",
    "SubmitButton": {
      "Label": "Submit"
    },
    "ResetButton": {
      "Label": "Reset"
    },
    "CloseButton": {
      "Label": "Close",
      "ConfirmMessage": "Unsaved changes will be lost. Continue?"
    },
    "NotifyAll": false,
    "IBPLRules": [
      {
        "template": "// Add to Picklist of Lookup List Name //\n\nddl {\n  \"Action\": \"Create\",\n  \"ModelType\": \"PicklistValue\",\n  \"Payload\": {\n    \"PicklistName\": \"o9EKG LookupList\",\n    \"DisplayName\": \"{{LookupListName}}\",\n    \"Value\": \"{{LookupListName}}\",\n    \"DisplayPosition\": 50,\n    \"Icon\": null,\n    \"Color\": null,\n    \"Image\": null,\n    \"ModuleId\": \"b7824156-8448-4b9b-8b7e-6397b69f9391\"\n  }\n};"
      }
    ],
    "JavascriptRules": [],
    "FieldBindings": [
      {
        "fieldName": "LookupListName",
        "title": "Lookup List Name",
        "Description": "Lookup List Name",
        "type": "string",
        "clearSearch": true,
        "source": "literal",
        "visible": true,
        "isEditable": true,
        "validation": {
          "maxLength": "0",
          "required": true
        }
      }
    ],
    "Range": [],
    "DataSources": [],
    "AutoExecute": false,
    "isAsync": false,
    "hasMembersUpdates": true,
    "Compact": true,
    "TwoColumn": false,
    "IsGlobalForExcelAddIn": false,
    "enableTransaction": false,
    "ReturnFilterByUpdate": false,
    "ExcludeFromNavLink": false,
    "FilterFieldBindings": []
  },
  "Widget": null,
  "Roles": [
    "EKG_Intg_Arch"
  ]
}