{
  "Name": "Outputs",
  "ViewId": "21548810-fcd2-67ee-c7e7-f8de37253bc6",
  "ContentType": "Regular",
  "Title": "Outputs",
  "Position": 3,
  "IsDefault": false,
  "Resource": null,
  "RazorViewTemplate": "_containers",
  "ConfigJson": {
    "WidgetContainers": {
      "Containers": [
        1
      ],
      "Key": 0,
      "IsModified": false,
      "ViewSpread": {
        "RowLevel": 60,
        "ColLevel": 12
      },
      "Data": [
        {
          "Id": "fa9978c1-4a18-4fc7-b1d0-2161d27d30c5",
          "Col": 0,
          "Row": 0,
          "SizeX": 12,
          "SizeY": 60
        }
      ]
    },
    "CompactMode": false,
    "IsHidden": false
  },
  "Roles": [
    "public"
  ]
}