{
  "Name": "ABDM MemberCreation",
  "WidgetDefinitionName": "ABDM MemberCreation",
  "IsPrimary": true,
  "ConfigJson": {
    "ContainerId": "fe19bd54-9405-4a3f-beea-8e2c910acfff",
    "CompositeContainerId": null,
    "Position": 0,
    "ShowInfoContext": {
      "ActionColumn": true,
      "RowInfo": true,
      "MemberInfo": true
    },
    "ShowHeader": {},
    "ActionButtonBindings": [
      {
        "ActionButtonName": "Common0000ABDM",
        "HotKey": "",
        "ExcludeHiddenAttributes": false,
        "ModuleId": "69c63dc5-4f82-4296-89e9-7839154cd5be"
      },
      {
        "ActionButtonName": "SCDMABDMMemberCreationCreateRow",
        "HotKey": "",
        "ExcludeHiddenAttributes": false,
        "ModuleId": "ee3ceee4-2b28-4b41-9b7f-25ab52c9a322"
      },
      {
        "ActionButtonName": "SCDMABDMCreateMemberDeleteRow",
        "HotKey": "",
        "ExcludeHiddenAttributes": false,
        "ModuleId": "ee3ceee4-2b28-4b41-9b7f-25ab52c9a322"
      }
    ]
  },
  "ViewWidgetDefinitionId": "3879654a-ddae-8299-2654-3552f7ed0e8e",
  "Title": null
}