{
  "AttributeName": "Retail_AP_LB_SCSS_NN",
  "AttributeId": "a770b3d2-ac31-3c5a-0512-8bc6b14f74fd",
  "AttributeHierarchyEnabled": true,
  "IsKey": false,
  "Description": "Heat Map Granularity",
  "OrderBy": "Key",
  "KeyColumnName": "Retail_AP_LB_SCSS_NNKey",
  "NameColumnName": "Retail_AP_LB_SCSS_NNName",
  "KeyColumnDataType": "integer",
  "SeedTags": true,
  "KeyGenerationType": "Auto",
  "PickListName": null,
  "ConfigJson": {
    "ShowFilterAs": "TileView",
    "MemberDisplayNameEditable": true,
    "IsMultipleImage": false,
    "MemberDisplayColor": false
  },
  "FormatString": null,
  "Translation": null,
  "Aliases": [],
  "ApiName": null,
  "ApiDisabled": false,
  "ParentAttributeName": null,
  "NamedNodeUsages": [
    {
      "DimensionName": "Item",
      "AttributeName": "Planning Item"
    },
    {
      "DimensionName": "Selling Season",
      "AttributeName": "Selling Season"
    }
  ]
}