{
  "AttributeName": "Retail_AP_BP_SKU_Location_NN",
  "AttributeId": "c83eb900-6ea1-23a9-c3c6-c7f10ae36601",
  "AttributeHierarchyEnabled": true,
  "IsKey": false,
  "Description": "Retail AP Buy Plan SKU and Location Named Node",
  "OrderBy": "Key",
  "KeyColumnName": "Retail_AP_BP_SKU_Location_NNKey",
  "NameColumnName": "Retail_AP_BP_SKU_Location_NNName",
  "KeyColumnDataType": "integer",
  "SeedTags": true,
  "KeyGenerationType": "Auto",
  "PickListName": null,
  "ConfigJson": {
    "ShowFilterAs": "TileView",
    "MemberDisplayNameEditable": true,
    "IsMultipleImage": false,
    "MemberDisplayColor": false
  },
  "FormatString": null,
  "Translation": null,
  "Aliases": [],
  "ApiName": null,
  "ApiDisabled": false,
  "ParentAttributeName": null,
  "NamedNodeUsages": [
    {
      "DimensionName": "Item",
      "AttributeName": "Item"
    },
    {
      "DimensionName": "Location",
      "AttributeName": "Location"
    }
  ]
}