{
  "WorkspaceId": "2b3caaed-ed3b-4374-a8c8-074a29a9aa5b",
  "Title": "Location Plan",
  "Name": "Store Plan-V3Migrated",
  "ShortTitle": "Location Plan",
  "HasIndicator": false,
  "IsHidden": false,
  "Image": "shopping-cart",
  "Controller": null,
  "DefaultPageName": "Top Down Summary",
  "PageNavType": "VerticalTiles",
  "Orientation": null,
  "ViewTemplateFolder": null,
  "Tooltip": "Store Plan",
  "Position": 7,
  "FilterBindings": [],
  "ActionButtonBindings": [],
  "Roles": [
    "admin",
    "dataadmin",
    "public"
  ]
}