{
  "MeasureName": "Size Profile Association SC",
  "MeasureId": "3b9860c3-692d-4c90-92e2-e4aedc72e2e2",
  "MeasureDescription": "Associated Size Profiles for Planning Item",
  "DataType": "picklist",
  "MeasureType": "Regular",
  "AggregateFunction": "Max",
  "FormatString": "",
  "MeasureColumnName": "SizeProfileAssociationSC",
  "MeasureFormula": "",
  "IsEditable": true,
  "ApplyConversion": false,
  "ConversionFormula": "",
  "PickListName": "Size Profile Master",
  "BgColorFormula": "",
  "FgColorFormula": "",
  "TrendFormula": "",
  "FormattingViewModel": "[]",
  "ParentMeasureName": null,
  "AssociationMeasure": false,
  "IsComputedByPlanningService": false,
  "ToolTip": "Size Profile Association SC",
  "ConfigJson": {},
  "ApiName": null,
  "ApiDisabled": false,
  "IsReportingMeasure": false,
  "MeasureConditionalFormulaProperties": [],
  "PicklistSource": "Size Profile Association"
}