{
  "MeasureName": "ROS L3 PAG C SS AP",
  "MeasureId": "9024b98e-4498-1d61-d0e3-304e33a9118c",
  "MeasureDescription": "ROS at Class - Product Attribute Group - Cluster - Selling Season Approved",
  "DataType": "number",
  "MeasureType": "Regular",
  "AggregateFunction": "AvgNonNull",
  "FormatString": "#.#",
  "MeasureColumnName": "ROSL3PAGCSSAP",
  "MeasureFormula": "",
  "IsEditable": false,
  "ApplyConversion": false,
  "ConversionFormula": "",
  "PickListName": null,
  "BgColorFormula": "",
  "FgColorFormula": "",
  "TrendFormula": "",
  "FormattingViewModel": "[]",
  "ParentMeasureName": null,
  "AssociationMeasure": false,
  "IsComputedByPlanningService": false,
  "ToolTip": "ROS at Class - Product Attribute Group - Cluster - Selling Season Approved",
  "ConfigJson": {},
  "ApiName": null,
  "ApiDisabled": false,
  "IsReportingMeasure": false,
  "MeasureConditionalFormulaProperties": [],
  "PicklistSource": null
}