{
  "MeasureGroupName": "011 Ranging Summary Metrics",
  "MeasureGroupId": "add3e0a6-9808-5a1c-3afe-5ecb827a528b",
  "ParentMeasureGroupName": null,
  "HasShadow": false,
  "MeasureGroupDescription": "011 Ranging Summary Metrics",
  "MeasureGroupType": "Regular",
  "FactTableName": "Fact011RangingSummaryMetrics",
  "SchemaMajorVersion": 0,
  "ConfigJson": {},
  "ApiName": null,
  "Repartition": false,
  "Unpartition": false,
  "ApiEnabled": false,
  "DimensionUsages": [
    {
      "DimensionName": "Version",
      "AttributeName": "Version Name",
      "SortOrder": 0,
      "DimensionType": "Regular"
    },
    {
      "DimensionName": "Item",
      "AttributeName": "Planning Item",
      "SortOrder": 1,
      "DimensionType": "Regular"
    },
    {
      "DimensionName": "Selling Season",
      "AttributeName": "Selling Season",
      "SortOrder": 2,
      "DimensionType": "Regular"
    },
    {
      "DimensionName": "Sales Domain",
      "AttributeName": "Sales Planning Channel",
      "SortOrder": 3,
      "DimensionType": "Regular"
    },
    {
      "DimensionName": "Location",
      "AttributeName": "Location",
      "SortOrder": 4,
      "DimensionType": "Regular"
    },
    {
      "DimensionName": "Cluster",
      "AttributeName": "Cluster",
      "SortOrder": 5,
      "DimensionType": "Regular"
    }
  ]
}