{
  "LabelName": "Assortment Line Build",
  "LabelDescription": "Assortment Line Build",
  "LabelType": "Procedure",
  "Position": 0.0,
  "LabelId": "425242d6-b534-47ad-b6e8-5db4aed75875",
  "ActiveRules": null,
  "NamedSets": null,
  "Procedures": [
    {
      "RuleGroupId": "351e4a5f-2186-c81e-3272-ee00b4147374",
      "RuleGroupLabelName": null,
      "ScopeLabelName": null,
      "RuleGroupName": "AP16CopyAssortedItems",
      "RuleGroupLabelPosition": 1.0,
      "ScopeLabelPosition": 0.0,
      "RuleGroupDescription": "Creating duplicates Planning Items and adding it to item dimension",
      "IsEnabled": true,
      "RuleGroupContent": {
        "ScopeExpression": null,
        "IsParameterized": true,
        "ParameterJson": {
          "description": "AP16CopyAssortedItems",
          "type": "object",
          "properties": {
            "Version": {
              "type": "string"
            },
            "PlanningItem": {
              "type": "array",
              "items": {
                "type": "string"
              }
            }
          }
        },
        "IsParallel": false,
        "RuleGroupText": "// Nulling out the measures\nscope : ( &CWVAndScenarios{{#filter Version}} * &APStyleColors{{#filter PlanningItem}});\nMeasure.[Create Item]= Null;\nMeasure.[Create Planning Item]= Null ;\nMeasure.[Update Planning Item]=Null;\nend scope;\n// Copy the Planning Items that are assorted into Item File\ncartesian scope : ( &CWVAndScenarios{{#filter Version}} * &APStyleColors{{#filter PlanningItem}});\nMeasure.[Create Item]= Item.#.Name;\nMeasure.[Create Planning Item]= Item.#.Name;\nMeasure.[Update Planning Item]=\"Yes\";\nend scope;\n// Create the Master Data for assorted planning items\nCreateMember(\n[Item].[Item] ={,Measure.[Create Item]},\n[Item].[Planning Item] ={,Measure.[Create Planning Item]},\nItem.[Reporting Item] ={,Measure.[Create Planning Item]},\n[Item].[Is Planning Item] ={Measure.[Update Planning Item],}\n) using scope (&CWVAndScenarios{{#filter Version}} * &APStyleColors{{#filter PlanningItem}}) ;",
        "NamedNodeName": null,
        "PluginInstanceName": null,
        "PluginScopes": null,
        "PluginArguments": null,
        "PluginModified": false
      },
      "RuleGroupType": "ParameterizedProcedure",
      "HasErrors": false,
      "ErrorMessage": null,
      "IgnoreErrors": false,
      "Translations": [],
      "DimensionUsages": [],
      "MeasureUsages": [
        {
          "MeasureName": "Create Item",
          "IsInput": true,
          "IsOutput": true
        },
        {
          "MeasureName": "Create Planning Item",
          "IsInput": true,
          "IsOutput": true
        },
        {
          "MeasureName": "Update Planning Item",
          "IsInput": true,
          "IsOutput": true
        }
      ],
      "ActionButtonUsages": [],
      "RelationshipPropertyUsages": []
    }
  ],
  "InverseRules": null
}