{
  "Name": "Store Ratios",
  "WidgetDefinitionName": "Profile Ratios",
  "IsPrimary": true,
  "ConfigJson": {
    "ContainerId": "cbfc796c-8903-4750-9b5e-26a09fdc46e0",
    "CompositeContainerId": null,
    "Position": 0,
    "ShowInfoContext": {
      "ActionColumn": true,
      "RowInfo": true,
      "MemberInfo": true
    },
    "ShowHeader": {
      "Icon": "",
      "Color": null
    },
    "ActionButtonBindings": [
      {
        "ActionButtonName": "NormalizeProfile",
        "HotKey": "",
        "ExcludeHiddenAttributes": false,
        "ModuleId": "eeb2bc27-d481-4b7e-a0b6-b141b110a4a4"
      },
      {
        "ActionButtonName": "ApproveProfiles",
        "HotKey": "",
        "ExcludeHiddenAttributes": false
      },
      {
        "ActionButtonName": "SZPInfoApprove01",
        "HotKey": "",
        "ExcludeHiddenAttributes": false,
        "ModuleId": "eeb2bc27-d481-4b7e-a0b6-b141b110a4a4"
      }
    ],
    "Navigations": {
      "ShowMemberSpecific": false,
      "RowNavigationList": {
        "AllowMultiRowSelection": true,
        "Views": [
          {
            "ViewId": "c1727d15-3970-d896-5051-72e982ac52f3"
          }
        ],
        "ActionButtons": []
      }
    }
  },
  "ViewWidgetDefinitionId": "6bb6b8f6-de7b-9c85-eff0-877b54044a62",
  "Title": "Store Profiles"
}