{
  "MeasureName": "TD Gross Margin YOY %",
  "MeasureId": "8b19988b-12af-43b1-1ed9-1cde2557df1e",
  "MeasureDescription": "Top Down Gross Margin Year On Year Growth %",
  "DataType": "number",
  "MeasureType": "Regular",
  "AggregateFunction": "Computed",
  "FormatString": "0.00%",
  "MeasureColumnName": "TDGrossMarginYOY%_1",
  "MeasureFormula": "safedivide(Measure.[TY Gross Margin Rtl] - Measure.[LY Gross Margin Rtl], Measure.[LY Gross Margin Rtl])",
  "IsEditable": false,
  "ApplyConversion": false,
  "ConversionFormula": "",
  "PickListName": null,
  "BgColorFormula": " IF(Measure.[TD Gross Margin YOY %]>0) then argb( 1,253, 5, 5) else  IF(Measure.[TD Gross Margin YOY %]<0) then argb( 1,253, 3, 3)",
  "FgColorFormula": " IF(Measure.[TD Gross Margin YOY %]>0) then argb( 1,0, 0, 0) else  IF(Measure.[TD Gross Margin YOY %]<0) then argb( 1,0, 0, 0)",
  "TrendFormula": " IF(Measure.[TD Gross Margin YOY %]>0) then 10 else  IF(Measure.[TD Gross Margin YOY %]<0) then 13",
  "FormattingViewModel": "[\r\n  {\r\n    \"BGCOLOR\": \"argb(1,253,5,5)\",\r\n    \"FGCOLOR\": \"argb(1,0,0,0)\",\r\n    \"INDICATOR\": \"10\",\r\n    \"Condition\": \"Measure.[TD Gross Margin YOY %]>0\"\r\n  },\r\n  {\r\n    \"BGCOLOR\": \"argb(1,253,3,3)\",\r\n    \"FGCOLOR\": \"argb(1,0,0,0)\",\r\n    \"INDICATOR\": \"13\",\r\n    \"Condition\": \"Measure.[TD Gross Margin YOY %]<0\"\r\n  }\r\n]",
  "ParentMeasureName": null,
  "AssociationMeasure": false,
  "IsComputedByPlanningService": false,
  "ToolTip": "(TY Gross Margin Rtl - LY Gross Margin Rtl) / LY Gross Margin Rtl",
  "ConfigJson": {},
  "ApiName": null,
  "ApiDisabled": false,
  "IsReportingMeasure": true,
  "MeasureConditionalFormulaProperties": [
    {
      "MeasureName": null,
      "ConditionalFormula": "Measure.[TD Gross Margin YOY %]>0",
      "BGCOLOR": "argb(1,253,5,5)",
      "LegendText": "",
      "DisplayOrder": 0
    },
    {
      "MeasureName": null,
      "ConditionalFormula": "Measure.[TD Gross Margin YOY %]<0",
      "BGCOLOR": "argb(1,253,3,3)",
      "LegendText": "",
      "DisplayOrder": 1
    }
  ],
  "PicklistSource": null
}