{
  "AttributeName": "Retail_AP_BP_Department_Location_Setup_NN",
  "AttributeId": "89ddc613-cd90-3692-018f-2a450f00179b",
  "AttributeHierarchyEnabled": true,
  "IsKey": false,
  "Description": "Retail AP Buy Plan Department Location Setup Named Node",
  "OrderBy": "Key",
  "KeyColumnName": "Retail_AP_BP_Department_Location_Setup_NNKey",
  "NameColumnName": "Retail_AP_BP_Department_Location_Setup_NNName",
  "KeyColumnDataType": "integer",
  "SeedTags": true,
  "KeyGenerationType": "Auto",
  "PickListName": null,
  "ConfigJson": {
    "ShowFilterAs": "TileView",
    "MemberDisplayNameEditable": true,
    "IsMultipleImage": false,
    "MemberDisplayColor": false
  },
  "FormatString": null,
  "Translation": null,
  "Aliases": [],
  "ApiName": null,
  "ApiDisabled": false,
  "ParentAttributeName": null,
  "NamedNodeUsages": [
    {
      "DimensionName": "Item",
      "AttributeName": "L4",
      "Sequence": 0
    },
    {
      "DimensionName": "Location",
      "AttributeName": "Location Country",
      "Sequence": 1
    }
  ]
}