{
  "MeasureGroupName": "027 Sales and Buy Plan Override",
  "MeasureGroupId": "80f244a2-7a6f-7bd4-645c-e2750ac1bced",
  "ParentMeasureGroupName": null,
  "HasShadow": false,
  "MeasureGroupDescription": "027 Sales and Buy Plan Override",
  "MeasureGroupType": "Regular",
  "FactTableName": "Fact027SalesandBuyPlanOverride",
  "SchemaMajorVersion": 0,
  "ConfigJson": {},
  "ApiName": null,
  "Repartition": false,
  "Unpartition": false,
  "ApiEnabled": false,
  "DimensionUsages": [
    {
      "DimensionName": "Version",
      "AttributeName": "Version Name",
      "SortOrder": 0,
      "DimensionType": "Regular"
    },
    {
      "DimensionName": "NamedNode",
      "AttributeName": "Retail_AP_FD_Time_NN",
      "SortOrder": 1,
      "DimensionType": "NamedNode"
    },
    {
      "DimensionName": "NamedNode",
      "AttributeName": "Retail_AP_RP_Product_Cluster_NN",
      "SortOrder": 2,
      "DimensionType": "NamedNode"
    },
    {
      "DimensionName": "NamedNode",
      "AttributeName": "Retail_AP_FD_Common_NN",
      "SortOrder": 3,
      "DimensionType": "NamedNode"
    }
  ]
}