{
  "Name": "BalancePlan",
  "Description": null,
  "ActionButtonId": "2dbc19bd-8903-dff8-bad4-62d7c3102282",
  "Tooltip": "Balance Plan",
  "ActionButtonType": "Widget",
  "Alignment": "right",
  "IsPopOver": true,
  "IsGlobal": true,
  "ActionClickHandler": null,
  "Icon": null,
  "Image": null,
  "ConfigJson": {
    "DisplayName": "Balance Plan",
    "icon": "retweet",
    "SubmitButton": {
      "Label": "Submit"
    },
    "ResetButton": {
      "Label": "Reset"
    },
    "CloseButton": {
      "Label": "Close",
      "ConfirmMessage": "Unsaved changes will be lost. Continue?"
    },
    "NotifyAll": false,
    "IBPLRules": [
      {
        "template": "exec plugin instance [MFP005BalancePlan] for measures {Measure.[LP Ttl Sls Rtl], Measure.[Merge Ttl Sls Rtl]} using scope ([Version].[Version Name]{{#filter Version}} * [Item].[L5] * [Item].[L4]{{#filter Department}} * [Time].[Planning Month]{{#filter Month}} * [Sales Domain].[Sales Planning Channel]{{#filter Channel}} * [Selling Season].[Selling Season]{{#filter SellingSeason}} * [Location].[Location Country]{{#filter Market}} * [Location].[Location]{{#filter Store}}) using arguments {([Param.o9_sys_log_level], \"INFO\"), (\"IncludeNullRows\", False), (Iterations, \"{{Iteration}}\"), (Strategy,\"{{Strategy}}\"), (ExecutionMode, \"MediumWeight\"), (DataTransferMode, \"csv\")};"
      }
    ],
    "JavascriptRules": [],
    "FieldBindings": [
      {
        "fieldName": "Version",
        "title": "Version",
        "source": "filter",
        "type": "string",
        "key": "LA-Version",
        "visible": true,
        "isEditable": false,
        "validation": {
          "required": true,
          "maxLength": "0"
        },
        "DimensionName": "Version",
        "LevelAttributeName": "Version Name",
        "clearSearch": true
      },
      {
        "fieldName": "Strategy",
        "title": "Strategy",
        "Description": "Balancing Strategy",
        "type": "picklistDropdown",
        "selectionType": "single",
        "clearSearch": true,
        "source": "localPicklist",
        "values": [
          {
            "Key": "1",
            "Name": "Balance LP"
          },
          {
            "Key": "2",
            "Name": "Merge Plan"
          }
        ],
        "valueField": "Key",
        "visible": false,
        "isEditable": true,
        "validation": {
          "maxLength": "0",
          "required": true
        }
      },
      {
        "fieldName": "Iteration",
        "title": "No of Iteration",
        "Description": "No of Iteration",
        "type": "string",
        "displayFormat": "0",
        "clearSearch": true,
        "source": "literal",
        "defaultValue": "2",
        "visible": false,
        "isEditable": false,
        "validation": {
          "maxLength": "0",
          "required": true
        }
      },
      {
        "fieldName": "Department",
        "title": "Department",
        "Description": "Department",
        "type": "picklistDropdown",
        "clearSearch": true,
        "source": "filter",
        "DimensionName": "Item",
        "LevelAttributeName": "L4",
        "visible": true,
        "isEditable": true,
        "validation": {
          "maxLength": "0",
          "required": true
        }
      },
      {
        "fieldName": "Channel",
        "title": "Channel",
        "Description": "Channel",
        "type": "picklistDropdown",
        "clearSearch": true,
        "source": "filter",
        "DimensionName": "Sales Domain",
        "LevelAttributeName": "Sales Planning Channel",
        "visible": true,
        "isEditable": true,
        "validation": {
          "maxLength": "0",
          "required": true
        }
      },
      {
        "fieldName": "Market",
        "title": "Market",
        "Description": "Market",
        "type": "picklistDropdown",
        "selectionType": "multiple",
        "clearSearch": true,
        "source": "filter",
        "DimensionName": "Location",
        "LevelAttributeName": "Location Country",
        "visible": true,
        "isEditable": true,
        "validation": {
          "maxLength": "0",
          "required": true
        }
      },
      {
        "fieldName": "Store",
        "title": "Store",
        "Description": "Store",
        "type": "picklistDropdown",
        "selectionType": "multiple",
        "clearSearch": true,
        "select": "ALL",
        "source": "datasource",
        "key": "DSStore",
        "valueField": "Location",
        "textField": "Location",
        "overrideFieldBindingType": false,
        "visible": true,
        "isEditable": false,
        "validation": {
          "maxLength": "0",
          "required": true
        },
        "cascadeFrom": "Market"
      },
      {
        "fieldName": "Month",
        "title": "Month",
        "Description": "Month",
        "type": "picklistDropdown",
        "clearSearch": true,
        "source": "filter",
        "DimensionName": "Time",
        "LevelAttributeName": "Planning Month",
        "visible": true,
        "isEditable": true,
        "validation": {
          "maxLength": "0",
          "required": true
        }
      },
      {
        "fieldName": "SellingSeason",
        "title": "Selling Season",
        "Description": "Selling Season",
        "type": "picklistDropdown",
        "selectionType": "multiple",
        "clearSearch": true,
        "source": "filter",
        "DimensionName": "Selling Season",
        "LevelAttributeName": "Selling Season",
        "visible": true,
        "isEditable": true,
        "validation": {
          "maxLength": "0",
          "required": true
        }
      }
    ],
    "Range": [],
    "DataSources": [
      {
        "Name": "DSStore",
        "IBPLRules": [
          {
            "template": "select ([Location].[Location Country]{{#filter Market}}*[Location].[Location]);"
          }
        ],
        "JavascriptRules": [],
        "FieldBindings": [],
        "IncludeDSFieldsOnly": false
      }
    ],
    "AutoExecute": false,
    "isAsync": true,
    "hasMembersUpdates": false,
    "Compact": true,
    "TwoColumn": false,
    "IsGlobalForExcelAddIn": false,
    "enableTransaction": false,
    "ReturnFilterByUpdate": false,
    "ExcludeFromNavLink": false,
    "FilterFieldBindings": []
  },
  "Widget": null,
  "Roles": []
}