{
  "MeasureGroupName": "001 Strategic Plan",
  "MeasureGroupId": "2fd0e70f-3375-444e-971e-1b8d90fee6ea",
  "ParentMeasureGroupName": null,
  "HasShadow": false,
  "MeasureGroupDescription": "Strategic Plan",
  "MeasureGroupType": "Regular",
  "FactTableName": "Fact001StrategicPlan",
  "SchemaMajorVersion": 0,
  "ConfigJson": {},
  "ApiName": null,
  "Repartition": false,
  "Unpartition": false,
  "ApiEnabled": false,
  "DimensionUsages": [
    {
      "DimensionName": "Version",
      "AttributeName": "Version Name",
      "SortOrder": 2,
      "DimensionType": "Regular"
    },
    {
      "DimensionName": "NamedNode",
      "AttributeName": "Retail_MFP_SP_Time_NN",
      "SortOrder": 3,
      "DimensionType": "NamedNode"
    },
    {
      "DimensionName": "NamedNode",
      "AttributeName": "Retail_MFP_SP_Product_Location_NN",
      "SortOrder": 4,
      "DimensionType": "NamedNode"
    },
    {
      "DimensionName": "NamedNode",
      "AttributeName": "Retail_MFP_Common_NN",
      "SortOrder": 5,
      "DimensionType": "NamedNode"
    }
  ],
  "MeasureGroupSortOrders": [
    {
      "DimensionName": "Time",
      "AttributeName": "Planning Month",
      "SortOrder": 0,
      "DimensionType": "Time"
    },
    {
      "DimensionName": "Version",
      "AttributeName": "Version Name",
      "SortOrder": 1,
      "DimensionType": "Regular"
    },
    {
      "DimensionName": "Item",
      "AttributeName": "L6",
      "SortOrder": 2,
      "DimensionType": "Regular"
    },
    {
      "DimensionName": "Location",
      "AttributeName": "Location Country",
      "SortOrder": 3,
      "DimensionType": "Regular"
    },
    {
      "DimensionName": "Sales Domain",
      "AttributeName": "Sales Planning Channel",
      "SortOrder": 4,
      "DimensionType": "Regular"
    },
    {
      "DimensionName": "Selling Season",
      "AttributeName": "Selling Season",
      "SortOrder": 5,
      "DimensionType": "Regular"
    }
  ],
  "AutoIdEnabled": false
}