{
  "Name": "10DPCycleRollover",
  "Description": null,
  "ActionButtonId": "21cf848f-4207-4ae9-bc61-96d66c48abab",
  "Tooltip": "DP Cycle Rollover",
  "ActionButtonType": "Rule",
  "Alignment": "right",
  "IsPopOver": true,
  "IsGlobal": false,
  "ActionClickHandler": null,
  "Icon": null,
  "Image": null,
  "ConfigJson": {
    "icon": "arrow-circle-o-right",
    "Position": "0",
    "SubmitButton": {
      "Label": "Submit",
      "ProgressMessage": "Executing...",
      "SuccessMessage": "Successfully Executed. Please take a full tenant backup after successful execution of cycle rollover.",
      "ErrorMessage": "Error in Execution.",
      "ConfirmMessage": "Are you sure you want to execute the cycle rollover process?"
    },
    "ResetButton": {
      "Label": "Reset"
    },
    "CloseButton": {
      "Label": "Close",
      "ConfirmMessage": "Unsaved changes will be lost. Continue?"
    },
    "NotifyAll": false,
    "IBPLRules": [
      {
        "template": "/*Step 1: Rename CurrentWorkingView display name if required*/\n\nUPDATEMEMBER (Version.[Version Name]={,\"CurrentWorkingView\"}, Version.[Version Name$DisplayName]={\"New Display Name For CurrentWorkingView\",});\n\n\n/*Step 2: Create new version*/\n\nCreateVersion(0, 1, \"New Version Name\", false, false);\n\n/*Step 3: Update properties of the new version*/\n\nupdatemember([Version].[Version Name]={,\"Name of New Version\"}, \n            [Version].[Version Name$DisplayName]={\"Display Name For New Version\",});\nupdatemember (Version.[Version Name]={,\"Name of New Version\"},Version.[Is Frozen]={\"false\",});\nupdatemember (Version.[Version Name]={,\"Name of New Version\"},Version.[Is Visible]={\"true\",});\nupdatemember (Version.[Version Name]={,\"Name of New Version\"},Version.[Is Latest Published]={\"true\",});\nupdatemember (Version.[Version Name]={,\"Name of New Version\"},Version.[Version Image]={\"https://a4d9cdac18ecbd2a474b-98a2767f2e9bac72022f9970564c1531.ssl.cf2.rackcdn.com/21924.A3.version3.png\",});\n\n\n/*Step 4: Update properties of the previous latest published version*/\n\nupdatemember (Version.[Version Name]={,\"Name of Previous Latest Published Version\"},Version.[Is Latest Published]={\"false\",});\n\n\n/*Step 5: Populate Last Cycle Measures*/\n\nexec procedure o9DP003PopulateLastCycle;\nexec procedure o9KAF003PopulateLastCycle;\nexec procedure o9Foundation003PopulateLastCycle;\nexec procedure o9IBP003PopulateLastCycle;\nexec procedure o9Stat003PopulateLastCycle;\n\n/*Step 6: Populate Lag Measures*/\n\nexec procedure o9DP004PopulateLags;\nexec procedure o9KAF004PopulateLags;\nexec procedure o9Foundation004PopulateLags;\nexec procedure o9IBP004PopulateLags;\nexec procedure o9Stat004PopulateLags;\nexec procedure o9DP005PopulateWLags;\nexec procedure o9Collab005PopulateWLags;\nexec procedure o9DP005PopulateMLags;\nexec procedure o9Collab005PopulateMLags;\nexec procedure o9DP005PopulatePMLags;\nexec procedure o9Collab005PopulatePMLags;"
      }
    ],
    "JavascriptRules": [],
    "FieldBindings": [],
    "DataSources": [],
    "AutoExecute": false,
    "isAsync": false,
    "hasMembersUpdates": true,
    "Compact": false,
    "TwoColumn": false,
    "IsGlobalForExcelAddIn": false,
    "FilterFieldBindings": []
  },
  "Widget": null
}