{
  "MeasureName": "Start Week SC LC",
  "MeasureId": "ba033f03-48db-4e5b-ba59-ff037601324f",
  "MeasureDescription": "Start Week",
  "DataType": "datetime",
  "MeasureType": "Regular",
  "AggregateFunction": "Min",
  "FormatString": "dd-MMM-yyyy",
  "MeasureColumnName": "APStartWeek",
  "MeasureFormula": "",
  "IsEditable": true,
  "ApplyConversion": false,
  "ConversionFormula": "",
  "PickListName": null,
  "BgColorFormula": " IF(Isnull(Measure.[Start Week SC LC])) then argb( 1,247, 215, 215) else  IF(Measure.[End Week SC LC]<Measure.[Start Week SC LC]) then argb( 1,255, 0, 0)",
  "FgColorFormula": "",
  "TrendFormula": "",
  "FormattingViewModel": "[\r\n  {\r\n    \"BGCOLOR\": \"argb(1,247,215,215)\",\r\n    \"Condition\": \"Isnull(Measure.[Start Week SC LC])\"\r\n  },\r\n  {\r\n    \"BGCOLOR\": \"argb(1,255,0,0)\",\r\n    \"Condition\": \"Measure.[End Week SC LC]<Measure.[Start Week SC LC]\"\r\n  }\r\n]",
  "ParentMeasureName": null,
  "AssociationMeasure": false,
  "IsComputedByPlanningService": false,
  "ToolTip": "Start Week",
  "ConfigJson": {},
  "ApiName": null,
  "ApiDisabled": false,
  "IsReportingMeasure": false,
  "MeasureConditionalFormulaProperties": [
    {
      "MeasureName": null,
      "ConditionalFormula": "Isnull(Measure.[Start Week SC LC])",
      "BGCOLOR": "argb(1,247,215,215)",
      "LegendText": "",
      "DisplayOrder": 0
    },
    {
      "MeasureName": null,
      "ConditionalFormula": "Measure.[End Week SC LC]<Measure.[Start Week SC LC]",
      "BGCOLOR": "argb(1,255,0,0)",
      "LegendText": "",
      "DisplayOrder": 1
    }
  ],
  "PicklistSource": null
}