{
  "AttributeName": "Retail_SZP_APSR_NN",
  "AttributeId": "9a50572a-3e95-7107-442e-e5809bf9a453",
  "AttributeHierarchyEnabled": true,
  "IsKey": false,
  "Description": "Size Approval Size Range Granularity",
  "OrderBy": "Key",
  "KeyColumnName": "Retail_SZP_APSR_NNKey",
  "NameColumnName": "Retail_SZP_APSR_NNName",
  "KeyColumnDataType": "integer",
  "SeedTags": true,
  "KeyGenerationType": "Auto",
  "PickListName": null,
  "ConfigJson": {
    "ShowFilterAs": "TileView",
    "MemberDisplayNameEditable": true,
    "IsMultipleImage": false,
    "MemberDisplayColor": false
  },
  "FormatString": null,
  "Translation": null,
  "Aliases": [],
  "ApiName": null,
  "ApiDisabled": false,
  "ParentAttributeName": null,
  "NamedNodeUsages": [
    {
      "DimensionName": "Size",
      "AttributeName": "Size"
    },
    {
      "DimensionName": "Item",
      "AttributeName": "L3"
    },
    {
      "DimensionName": "Location",
      "AttributeName": "Location"
    },
    {
      "DimensionName": "Sales Domain",
      "AttributeName": "Sales Planning Channel"
    },
    {
      "DimensionName": "Size Range",
      "AttributeName": "Size Range"
    },
    {
      "DimensionName": "Product Attribute Group",
      "AttributeName": "Product Attribute Group"
    }
  ]
}