{
  "AttributeName": "Rule",
  "AttributeId": "fdb07cf2-28fe-5b64-f105-7a7ad3cfbb3b",
  "AttributeHierarchyEnabled": true,
  "IsKey": true,
  "Description": "Rule",
  "OrderBy": "Name",
  "KeyColumnName": "RuleKey",
  "NameColumnName": "RuleName",
  "KeyColumnDataType": "integer",
  "SeedTags": false,
  "KeyGenerationType": "Auto",
  "PickListName": null,
  "ConfigJson": {
    "ShowFilterAs": "TileView",
    "MemberDisplayNameEditable": true,
    "IsMultipleImage": false,
    "MemberDisplayColor": false
  },
  "FormatString": null,
  "Translation": null,
  "Aliases": [],
  "ApiName": null,
  "ApiDisabled": false,
  "FgColorFormula": null,
  "BgColorFormula": null,
  "IsReservedBySystem": false
}