{
  "MeasureName": "D Demand Priority Plugin Output",
  "MeasureId": "d5c65827-abe8-4dfc-828a-659a8f90bb7b",
  "MeasureDescription": "D Demand Priority Plugin Output: Sets the demand priority for daily demands, used for operational planning.",
  "DataType": "number",
  "MeasureType": "Regular",
  "AggregateFunction": "Min",
  "FormatString": "#,##0",
  "MeasureColumnName": "DDemandPriorityPluginOutput",
  "MeasureFormula": "",
  "IsEditable": false,
  "ApplyConversion": false,
  "ConversionFormula": "",
  "PickListName": null,
  "BgColorFormula": "",
  "FgColorFormula": "",
  "TrendFormula": "",
  "FormattingViewModel": "[]",
  "ParentMeasureName": null,
  "AssociationMeasure": false,
  "IsComputedByPlanningService": false,
  "ToolTip": "Demand Priority Plugin Output: Sets the demand priority for daily demands, used for operational planning.",
  "ConfigJson": {},
  "ApiName": null,
  "ApiDisabled": false,
  "IsReportingMeasure": false,
  "MeasureConditionalFormulaProperties": [],
  "PicklistSource": null
}