{
  "Name": "42SetupTimeBucket",
  "Description": null,
  "ActionButtonId": "4998f999-6196-4937-a966-e580b402065c",
  "Tooltip": "Setup Time Bucket",
  "ActionButtonType": "Widget",
  "Alignment": "right",
  "IsPopOver": true,
  "IsGlobal": true,
  "ActionClickHandler": null,
  "Icon": null,
  "Image": null,
  "ConfigJson": {
    "icon": "bookmark",
    "SubmitButton": {
      "Label": "Submit",
      "ProgressMessage": "Executing...",
      "SuccessMessage": "Successfully Executed.",
      "ErrorMessage": "Error in Execution.",
      "ConfirmMessage": "Are you sure you want to go ahead with the changes?"
    },
    "ResetButton": {
      "Label": "Reset"
    },
    "CloseButton": {
      "Label": "Close",
      "ConfirmMessage": "Unsaved changes will be lost. Continue?"
    },
    "NotifyAll": false,
    "IBPLRules": [
      {
        "template": "exec procedure o9DP0160SetupStatParameters {\"VersionName\" : [{{#csv VersionName}}], \"GenerationTimeBucket\" :\"{{GenerationTimeBucket}}\",\"StorageTimeBucket\":\"{{StorageTimeBucket}}\"};\n\nexec procedure o9DP0160NullAIPredictMeasures {\"VersionName\" : [{{#csv VersionName}}]};\n"
      }
    ],
    "JavascriptRules": [
      {
        "modulename": "o9.DemandPlanning.SetupTimeBuckets",
        "functionname": "validation"
      }
    ],
    "FieldBindings": [
      {
        "fieldName": "Information",
        "title": "Information",
        "Description": "Information",
        "type": "info",
        "clearSearch": true,
        "source": "literal",
        "defaultValue": "Please select valid generation and storage time buckets",
        "visible": true,
        "isEditable": false,
        "validation": {
          "maxLength": "0",
          "required": true
        }
      },
      {
        "fieldName": "VersionName",
        "title": "Version Name",
        "type": "picklist",
        "selectionType": "single",
        "clearSearch": true,
        "source": "filter",
        "DimensionName": "Version",
        "LevelAttributeName": "Version Name",
        "visible": true,
        "isEditable": true,
        "validation": {
          "maxLength": "0",
          "required": true
        }
      },
      {
        "fieldName": "GenerationTimeBucket",
        "title": "Generation Time Bucket",
        "type": "string",
        "selectionType": "single",
        "clearSearch": true,
        "source": "picklist",
        "key": "Generation Level",
        "visible": true,
        "isEditable": true,
        "validation": {
          "maxLength": "0",
          "required": true
        },
        "Description": "Please refer to the Product Guide"
      },
      {
        "fieldName": "StorageTimeBucket",
        "title": "Storage Time Bucket",
        "type": "string",
        "clearSearch": true,
        "source": "picklist",
        "key": "Consumption Level",
        "visible": true,
        "isEditable": true,
        "validation": {
          "maxLength": "0",
          "required": true
        },
        "Description": "Please refer to the Product Guide"
      }
    ],
    "DataSources": [],
    "AutoExecute": false,
    "isAsync": false,
    "hasMembersUpdates": false,
    "Compact": false,
    "TwoColumn": false,
    "IsGlobalForExcelAddIn": false,
    "ReturnFilterByUpdate": false,
    "FilterFieldBindings": []
  },
  "Widget": null
}