{
  "PickListName": "150 ABDM Demand Domain",
  "PickListId": "6b600dfc-5434-ddba-f1d1-747a4a96967a",
  "PickListDescription": "150 ABDM Demand Domain",
  "DataType": "string",
  "IsMultiSelectAllowed": false,
  "Values": [
    {
      "Value": "Demand Domain L4",
      "DisplayName": "Demand Domain L4",
      "DisplayPosition": 1,
      "Icon": null,
      "Color": null,
      "Image": null
    },
    {
      "Value": "Demand Domain L3",
      "DisplayName": "Demand Domain L3",
      "DisplayPosition": 2,
      "Icon": null,
      "Color": null,
      "Image": null
    },
    {
      "Value": "Demand Domain L2",
      "DisplayName": "Demand Domain L2",
      "DisplayPosition": 3,
      "Icon": null,
      "Color": null,
      "Image": null
    },
    {
      "Value": "Demand Domain L1",
      "DisplayName": "Demand Domain L1",
      "DisplayPosition": 4,
      "Icon": null,
      "Color": null,
      "Image": null
    },
    {
      "Value": "Planning Demand Domain",
      "DisplayName": "Planning Demand Domain",
      "DisplayPosition": 5,
      "Icon": null,
      "Color": null,
      "Image": null
    },
    {
      "Value": "All Demand Domain",
      "DisplayName": "All Demand Domain",
      "DisplayPosition": 0,
      "Icon": null,
      "Color": null,
      "Image": null
    }
  ]
}