{
  "PickListName": "150 ABDM Region Level",
  "PickListId": "b93bef8c-df39-94a4-9b75-368675c55ee4",
  "PickListDescription": "150 ABDM Region Level",
  "DataType": "string",
  "IsMultiSelectAllowed": false,
  "Values": [
    {
      "Value": "Region L4",
      "DisplayName": "Region L4",
      "DisplayPosition": 1,
      "Icon": null,
      "Color": null,
      "Image": null
    },
    {
      "Value": "Region L3",
      "DisplayName": "Region L3",
      "DisplayPosition": 2,
      "Icon": null,
      "Color": null,
      "Image": null
    },
    {
      "Value": "Region L2",
      "DisplayName": "Region L2",
      "DisplayPosition": 3,
      "Icon": null,
      "Color": null,
      "Image": null
    },
    {
      "Value": "Region L1",
      "DisplayName": "Region L1",
      "DisplayPosition": 4,
      "Icon": null,
      "Color": null,
      "Image": null
    },
    {
      "Value": "Planning Region",
      "DisplayName": "Planning Region",
      "DisplayPosition": 5,
      "Icon": null,
      "Color": null,
      "Image": null
    },
    {
      "Value": "All Region",
      "DisplayName": "All Region",
      "DisplayPosition": 0,
      "Icon": null,
      "Color": null,
      "Image": null
    }
  ]
}