{
  "PickListName": "Account Level Scope",
  "PickListId": "0edf6a08-4fb3-250c-d934-e290c4ec0658",
  "PickListDescription": "Picklist to choose account scope",
  "DataType": "string",
  "IsMultiSelectAllowed": false,
  "Values": [
    {
      "Value": "All Account",
      "DisplayName": "All Account",
      "DisplayPosition": 0,
      "Icon": null,
      "Color": null,
      "Image": null
    },
    {
      "Value": "Account L3",
      "DisplayName": "Account L3",
      "DisplayPosition": 2,
      "Icon": null,
      "Color": null,
      "Image": null
    },
    {
      "Value": "Account L4",
      "DisplayName": "Account L4",
      "DisplayPosition": 1,
      "Icon": null,
      "Color": null,
      "Image": null
    }
  ]
}