{
  "PickListName": "Algo",
  "PickListId": "cf11cfd6-1779-46fd-93f9-37da8f2e1e2f",
  "PickListDescription": "List of Algorithms",
  "DataType": "string",
  "IsMultiSelectAllowed": true,
  "Values": [
    {
      "Value": "AR-NNET",
      "DisplayName": "AR-NNET",
      "DisplayPosition": 0,
      "Icon": null,
      "Color": null,
      "Image": null
    },
    {
      "Value": "Auto ARIMA",
      "DisplayName": "Auto ARIMA",
      "DisplayPosition": 1,
      "Icon": null,
      "Color": null,
      "Image": null
    },
    {
      "Value": "Croston",
      "DisplayName": "Croston",
      "DisplayPosition": 2,
      "Icon": null,
      "Color": null,
      "Image": null
    },
    {
      "Value": "DES",
      "DisplayName": "DES",
      "DisplayPosition": 3,
      "Icon": null,
      "Color": null,
      "Image": null
    },
    {
      "Value": "ETS",
      "DisplayName": "ETS",
      "DisplayPosition": 4,
      "Icon": null,
      "Color": null,
      "Image": null
    },
    {
      "Value": "Moving Average",
      "DisplayName": "Moving Average",
      "DisplayPosition": 5,
      "Icon": null,
      "Color": null,
      "Image": null
    },
    {
      "Value": "Naive Random Walk",
      "DisplayName": "Naive Random Walk",
      "DisplayPosition": 6,
      "Icon": null,
      "Color": null,
      "Image": null
    },
    {
      "Value": "sARIMA",
      "DisplayName": "sARIMA",
      "DisplayPosition": 7,
      "Icon": null,
      "Color": null,
      "Image": null
    },
    {
      "Value": "Seasonal Naive YoY",
      "DisplayName": "Seasonal Naive YoY",
      "DisplayPosition": 8,
      "Icon": null,
      "Color": null,
      "Image": null
    },
    {
      "Value": "SES",
      "DisplayName": "SES",
      "DisplayPosition": 9,
      "Icon": null,
      "Color": null,
      "Image": null
    },
    {
      "Value": "STLF",
      "DisplayName": "STLF",
      "DisplayPosition": 10,
      "Icon": null,
      "Color": null,
      "Image": null
    },
    {
      "Value": "TBATS",
      "DisplayName": "TBATS",
      "DisplayPosition": 11,
      "Icon": null,
      "Color": null,
      "Image": null
    },
    {
      "Value": "TES",
      "DisplayName": "TES",
      "DisplayPosition": 12,
      "Icon": null,
      "Color": null,
      "Image": null
    },
    {
      "Value": "Theta",
      "DisplayName": "Theta",
      "DisplayPosition": 13,
      "Icon": null,
      "Color": null,
      "Image": null
    },
    {
      "Value": "Prophet",
      "DisplayName": "Prophet",
      "DisplayPosition": 20,
      "Icon": null,
      "Color": null,
      "Image": null
    },
    {
      "Value": "Growth AOA",
      "DisplayName": "Growth AOA",
      "DisplayPosition": 19,
      "Icon": null,
      "Color": null,
      "Image": null
    },
    {
      "Value": "Weighted AOA",
      "DisplayName": "Weighted AOA",
      "DisplayPosition": 18,
      "Icon": null,
      "Color": null,
      "Image": null
    },
    {
      "Value": "Simple AOA",
      "DisplayName": "Simple AOA",
      "DisplayPosition": 17,
      "Icon": null,
      "Color": null,
      "Image": null
    },
    {
      "Value": "Growth Snaive",
      "DisplayName": "Growth Snaive",
      "DisplayPosition": 16,
      "Icon": null,
      "Color": null,
      "Image": null
    },
    {
      "Value": "Simple Snaive",
      "DisplayName": "Simple Snaive",
      "DisplayPosition": 14,
      "Icon": null,
      "Color": null,
      "Image": null
    },
    {
      "Value": "Weighted Snaive",
      "DisplayName": "Weighted Snaive",
      "DisplayPosition": 15,
      "Icon": null,
      "Color": null,
      "Image": null
    },
    {
      "Value": "No Forecast",
      "DisplayName": "No Forecast",
      "DisplayPosition": 23,
      "Icon": null,
      "Color": null,
      "Image": null
    },
    {
      "Value": "CML",
      "DisplayName": "CML",
      "DisplayPosition": 21,
      "Icon": null,
      "Color": null,
      "Image": null
    },
    {
      "Value": "SCHM",
      "DisplayName": "SCHM",
      "DisplayPosition": 22,
      "Icon": null,
      "Color": null,
      "Image": null
    }
  ]
}