{
  "PickListName": "Bundle",
  "PickListId": "0c0204f8-d55e-4bae-8e68-76526685150e",
  "PickListDescription": "Bundle",
  "DataType": "string",
  "IsMultiSelectAllowed": false,
  "Values": [
    {
      "Value": "Free T-shirt",
      "DisplayName": "Free T-shirt",
      "DisplayPosition": 1,
      "Icon": null,
      "Color": null,
      "Image": null
    },
    {
      "Value": "Free Mug",
      "DisplayName": "Free Mug",
      "DisplayPosition": 2,
      "Icon": null,
      "Color": null,
      "Image": null
    }
  ]
}