{
  "PickListName": "Consumption Level",
  "PickListId": "73891cca-a3d4-4230-9bb4-aee5231734a9",
  "PickListDescription": "Time Level at which the forecast is stored after disaggregation",
  "DataType": "string",
  "IsMultiSelectAllowed": false,
  "Values": [
    {
      "Value": "Planning Month",
      "DisplayName": "Planning Month",
      "DisplayPosition": 2,
      "Icon": null,
      "Color": null,
      "Image": null
    },
    {
      "Value": "Month",
      "DisplayName": "Month",
      "DisplayPosition": 1,
      "Icon": null,
      "Color": null,
      "Image": null
    },
    {
      "Value": "Week",
      "DisplayName": "Week",
      "DisplayPosition": 0,
      "Icon": null,
      "Color": null,
      "Image": null
    },
    {
      "Value": "Partial Week",
      "DisplayName": "Partial Week",
      "DisplayPosition": 3,
      "Icon": null,
      "Color": null,
      "Image": null
    }
  ]
}