{
  "PickListName": "Demand Sensing Profile Input",
  "PickListId": "48e64b7f-7bf3-66e7-d417-1205475f80ec",
  "PickListDescription": "Demand Sensing Profile Input",
  "DataType": "string",
  "IsMultiSelectAllowed": false,
  "Values": [
    {
      "Value": "Arithmetic",
      "DisplayName": "Arithmetic",
      "DisplayPosition": 1,
      "Icon": null,
      "Color": null,
      "Image": null
    },
    {
      "Value": "Equal Split",
      "DisplayName": "Equal Split",
      "DisplayPosition": 2,
      "Icon": null,
      "Color": null,
      "Image": null
    },
    {
      "Value": "ML Based",
      "DisplayName": "ML Based",
      "DisplayPosition": 0,
      "Icon": null,
      "Color": null,
      "Image": null
    }
  ]
}