{
  "PickListName": "Demand Domain Level Scope",
  "PickListId": "5acab77c-edd7-ac4f-bd01-fdb47049a2c1",
  "PickListDescription": "Picklist for selecting demand domain level scope",
  "DataType": "string",
  "IsMultiSelectAllowed": false,
  "Values": [
    {
      "Value": "Demand Domain L3",
      "DisplayName": "Demand Domain L3",
      "DisplayPosition": 2,
      "Icon": null,
      "Color": null,
      "Image": null
    },
    {
      "Value": "All Demand Domain",
      "DisplayName": "All Demand Domain",
      "DisplayPosition": 0,
      "Icon": null,
      "Color": null,
      "Image": null
    },
    {
      "Value": "Demand Domain L4",
      "DisplayName": "Demand Domain L4",
      "DisplayPosition": 1,
      "Icon": null,
      "Color": null,
      "Image": null
    }
  ]
}