{
  "PickListName": "Disaggregation Type",
  "PickListId": "f8b699ec-d4ce-0011-e6da-1940fc74786c",
  "PickListDescription": "Type of Disaggreation",
  "DataType": "string",
  "IsMultiSelectAllowed": false,
  "Values": [
    {
      "Value": "No Disaggregation",
      "DisplayName": "No Disaggregation",
      "DisplayPosition": 4,
      "Icon": null,
      "Color": null,
      "Image": null
    },
    {
      "Value": "Profile 1 (Profile Based)",
      "DisplayName": "Profile 1 (Profile Based)",
      "DisplayPosition": 1,
      "Icon": null,
      "Color": null,
      "Image": null
    },
    {
      "Value": "Profile 2 (Historical Avg)",
      "DisplayName": "Profile 2 (Historical Avg)",
      "DisplayPosition": 2,
      "Icon": null,
      "Color": null,
      "Image": null
    },
    {
      "Value": "Bottom-up Forecast",
      "DisplayName": "Bottom-up Forecast",
      "DisplayPosition": 3,
      "Icon": null,
      "Color": null,
      "Image": null
    }
  ]
}