{
  "PickListName": "Display",
  "PickListId": "1f178cf4-25de-40fa-baf5-bd90cee706ab",
  "PickListDescription": "Display",
  "DataType": "string",
  "IsMultiSelectAllowed": false,
  "Values": [
    {
      "Value": "Shelf",
      "DisplayName": "Shelf",
      "DisplayPosition": 1,
      "Icon": null,
      "Color": null,
      "Image": null
    },
    {
      "Value": "SS/LR",
      "DisplayName": "SS/LR",
      "DisplayPosition": 2,
      "Icon": null,
      "Color": null,
      "Image": null
    },
    {
      "Value": "Seasonal Aisle",
      "DisplayName": "Seasonal Aisle",
      "DisplayPosition": 3,
      "Icon": null,
      "Color": null,
      "Image": null
    },
    {
      "Value": "GE",
      "DisplayName": "GE",
      "DisplayPosition": 4,
      "Icon": null,
      "Color": null,
      "Image": null
    },
    {
      "Value": "FOS",
      "DisplayName": "FOS",
      "DisplayPosition": 5,
      "Icon": null,
      "Color": null,
      "Image": null
    },
    {
      "Value": "Shipper",
      "DisplayName": "Shipper",
      "DisplayPosition": 6,
      "Icon": null,
      "Color": null,
      "Image": null
    }
  ]
}