{
  "PickListName": "Error Metric",
  "PickListId": "f1f3adca-10c3-4584-b1be-f17ec225bb97",
  "PickListDescription": "Error metric used for finding bestfit stat algo",
  "DataType": "string",
  "IsMultiSelectAllowed": false,
  "Values": [
    {
      "Value": "RMSE",
      "DisplayName": "RMSE",
      "DisplayPosition": 0,
      "Icon": null,
      "Color": null,
      "Image": null
    },
    {
      "Value": "MAPE",
      "DisplayName": "MAPE",
      "DisplayPosition": 1,
      "Icon": null,
      "Color": null,
      "Image": null
    }
  ]
}