{
  "PickListName": "FI Channel Level",
  "PickListId": "c1aa7369-59c3-f903-a8fb-09087676a7e7",
  "PickListDescription": "Channel level picklist for forecast iteration",
  "DataType": "string",
  "IsMultiSelectAllowed": false,
  "Values": [
    {
      "Value": "Channel L2",
      "DisplayName": "Channel L2",
      "DisplayPosition": 1,
      "Icon": null,
      "Color": null,
      "Image": null
    },
    {
      "Value": "Channel L1",
      "DisplayName": "Channel L1",
      "DisplayPosition": 2,
      "Icon": null,
      "Color": null,
      "Image": null
    },
    {
      "Value": "Planning Channel",
      "DisplayName": "Planning Channel",
      "DisplayPosition": 3,
      "Icon": null,
      "Color": null,
      "Image": null
    },
    {
      "Value": "All Channel",
      "DisplayName": "All Channel",
      "DisplayPosition": 0,
      "Icon": null,
      "Color": null,
      "Image": null
    }
  ]
}