{
  "PickListName": "FI Item Level",
  "PickListId": "a20a7a4c-f8b3-18f9-d24d-c790a90e31aa",
  "PickListDescription": "FI Item Level",
  "DataType": "string",
  "IsMultiSelectAllowed": false,
  "Values": [
    {
      "Value": "L3",
      "DisplayName": "L3",
      "DisplayPosition": 4,
      "Icon": null,
      "Color": null,
      "Image": null
    },
    {
      "Value": "L1",
      "DisplayName": "L1",
      "DisplayPosition": 6,
      "Icon": null,
      "Color": null,
      "Image": null
    },
    {
      "Value": "All Item",
      "DisplayName": "All Item",
      "DisplayPosition": 0,
      "Icon": null,
      "Color": null,
      "Image": null
    },
    {
      "Value": "L5",
      "DisplayName": "L5",
      "DisplayPosition": 2,
      "Icon": null,
      "Color": null,
      "Image": null
    },
    {
      "Value": "Planning Item",
      "DisplayName": "Planning Item",
      "DisplayPosition": 7,
      "Icon": null,
      "Color": null,
      "Image": null
    },
    {
      "Value": "L4",
      "DisplayName": "L4",
      "DisplayPosition": 3,
      "Icon": null,
      "Color": null,
      "Image": null
    },
    {
      "Value": "L2",
      "DisplayName": "L2",
      "DisplayPosition": 5,
      "Icon": null,
      "Color": null,
      "Image": null
    },
    {
      "Value": "L6",
      "DisplayName": "L6",
      "DisplayPosition": 1,
      "Icon": null,
      "Color": null,
      "Image": null
    }
  ]
}