{
  "PickListName": "FI PnL Level",
  "PickListId": "7fd4e7db-fac0-625f-0fee-e7e80dea139b",
  "PickListDescription": "PnL Level picklist for forecast iteration",
  "DataType": "string",
  "IsMultiSelectAllowed": false,
  "Values": [
    {
      "Value": "PnL L1",
      "DisplayName": "PnL L1",
      "DisplayPosition": 4,
      "Icon": null,
      "Color": null,
      "Image": null
    },
    {
      "Value": "PnL L2",
      "DisplayName": "PnL L2",
      "DisplayPosition": 3,
      "Icon": null,
      "Color": null,
      "Image": null
    },
    {
      "Value": "PnL L3",
      "DisplayName": "PnL L3",
      "DisplayPosition": 2,
      "Icon": null,
      "Color": null,
      "Image": null
    },
    {
      "Value": "Planning PnL",
      "DisplayName": "Planning PnL",
      "DisplayPosition": 5,
      "Icon": null,
      "Color": null,
      "Image": null
    },
    {
      "Value": "PnL L4",
      "DisplayName": "PnL L4",
      "DisplayPosition": 1,
      "Icon": null,
      "Color": null,
      "Image": null
    },
    {
      "Value": "All PnL",
      "DisplayName": "All PnL",
      "DisplayPosition": 0,
      "Icon": null,
      "Color": null,
      "Image": null
    }
  ]
}