{
  "PickListName": "Forecast Output Stream",
  "PickListId": "f8da67e5-1826-aacd-e810-e920a5391a02",
  "PickListDescription": "Forecast Output Stream",
  "DataType": "string",
  "IsMultiSelectAllowed": false,
  "Values": [
    {
      "Value": "Sell Out Stat Fcst",
      "DisplayName": "Sell Out Stat Fcst",
      "DisplayPosition": 1,
      "Icon": null,
      "Color": null,
      "Image": null
    },
    {
      "Value": "Stat Fcst",
      "DisplayName": "Stat Fcst",
      "DisplayPosition": 0,
      "Icon": null,
      "Color": null,
      "Image": null
    }
  ]
}