{
  "PickListName": "History Measure",
  "PickListId": "6d13f388-f4fb-4d5e-9f9c-697c9d1599d0",
  "PickListDescription": "History measure to be used for segmentation/outlier/forecast",
  "DataType": "string",
  "IsMultiSelectAllowed": false,
  "Values": [
    {
      "Value": "Actual",
      "DisplayName": "Actual",
      "DisplayPosition": 0,
      "Icon": null,
      "Color": null,
      "Image": null
    },
    {
      "Value": "Billing",
      "DisplayName": "Billing",
      "DisplayPosition": 1,
      "Icon": null,
      "Color": null,
      "Image": null
    },
    {
      "Value": "Shipments",
      "DisplayName": "Shipments",
      "DisplayPosition": 2,
      "Icon": null,
      "Color": null,
      "Image": null
    },
    {
      "Value": "Orders",
      "DisplayName": "Orders",
      "DisplayPosition": 3,
      "Icon": null,
      "Color": null,
      "Image": null
    }
  ]
}