{
  "PickListName": "Include Opportunity (Planner override)",
  "PickListId": "586806df-ffcb-4443-b052-8da7fa0cf7f3",
  "PickListDescription": "Planner decision for the opportunity",
  "DataType": "string",
  "IsMultiSelectAllowed": false,
  "Values": [
    {
      "Value": "Yes",
      "DisplayName": "Yes",
      "DisplayPosition": 0,
      "Icon": null,
      "Color": null,
      "Image": null
    },
    {
      "Value": "No",
      "DisplayName": "No",
      "DisplayPosition": 1,
      "Icon": null,
      "Color": null,
      "Image": null
    }
  ]
}