{
  "PickListName": "Include in Reconciliation",
  "PickListId": "55bc1679-8ec4-4a61-885f-ea049cee1a0d",
  "PickListDescription": "Include in Reconciliation",
  "DataType": "string",
  "IsMultiSelectAllowed": false,
  "Values": [
    {
      "Value": "Yes",
      "DisplayName": "Yes",
      "DisplayPosition": 0,
      "Icon": null,
      "Color": null,
      "Image": null
    },
    {
      "Value": "No",
      "DisplayName": "No",
      "DisplayPosition": 1,
      "Icon": null,
      "Color": null,
      "Image": null
    }
  ]
}