{
  "PickListName": "Initiative Status",
  "PickListId": "92d857d7-d377-4303-84c0-a7a57bed4834",
  "PickListDescription": "Initiative Status",
  "DataType": "string",
  "IsMultiSelectAllowed": false,
  "Values": [
    {
      "Value": "Draft",
      "DisplayName": "Draft",
      "DisplayPosition": 1,
      "Icon": null,
      "Color": null,
      "Image": null
    },
    {
      "Value": "Active",
      "DisplayName": "Active",
      "DisplayPosition": 2,
      "Icon": null,
      "Color": null,
      "Image": null
    },
    {
      "Value": "Inactive",
      "DisplayName": "Inactive",
      "DisplayPosition": 3,
      "Icon": null,
      "Color": null,
      "Image": null
    },
    {
      "Value": "Completed",
      "DisplayName": "Completed",
      "DisplayPosition": 4,
      "Icon": null,
      "Color": null,
      "Image": null
    }
  ]
}