{
  "PickListName": "Integration_FileFormat",
  "PickListId": "4cfe6178-8c86-477a-a14b-a106c54ebb2a",
  "PickListDescription": "Integration_FileFormat",
  "DataType": "string",
  "IsMultiSelectAllowed": false,
  "Values": [
    {
      "Value": "TEXTFILE",
      "DisplayName": "TEXTFILE",
      "DisplayPosition": 0,
      "Icon": null,
      "Color": null,
      "Image": null
    },
    {
      "Value": "SEQUENCEFILE",
      "DisplayName": "SEQUENCEFILE",
      "DisplayPosition": 3,
      "Icon": null,
      "Color": null,
      "Image": null
    },
    {
      "Value": "RCFILE",
      "DisplayName": "RCFILE",
      "DisplayPosition": 4,
      "Icon": null,
      "Color": null,
      "Image": null
    },
    {
      "Value": "PARQUET",
      "DisplayName": "PARQUET",
      "DisplayPosition": 1,
      "Icon": null,
      "Color": null,
      "Image": null
    },
    {
      "Value": "ORCFILE",
      "DisplayName": "ORCFILE",
      "DisplayPosition": 5,
      "Icon": null,
      "Color": null,
      "Image": null
    },
    {
      "Value": "AVRO",
      "DisplayName": "AVRO",
      "DisplayPosition": 2,
      "Icon": null,
      "Color": null,
      "Image": null
    }
  ]
}