{
  "PickListName": "Integration_SolutionType",
  "PickListId": "48bcb86a-3f3c-4add-b4a2-4d9d7f7231d9",
  "PickListDescription": "Integration_SolutionType",
  "DataType": "string",
  "IsMultiSelectAllowed": false,
  "Values": [
    {
      "Value": "Mandatory",
      "DisplayName": "Mandatory",
      "DisplayPosition": 0,
      "Icon": null,
      "Color": null,
      "Image": null
    },
    {
      "Value": "Optional",
      "DisplayName": "Optional",
      "DisplayPosition": 1,
      "Icon": null,
      "Color": null,
      "Image": null
    }
  ]
}