{
  "PickListName": "Integration_FactTarget",
  "PickListId": "24f89e24-f4f0-43a7-998d-f5630959d874",
  "PickListDescription": "Integration_FactTarget",
  "DataType": "string",
  "IsMultiSelectAllowed": false,
  "Values": [
    {
      "Value": "Hive",
      "DisplayName": "Hive",
      "DisplayPosition": 1,
      "Icon": null,
      "Color": null,
      "Image": null
    },
    {
      "Value": "LS",
      "DisplayName": "LS",
      "DisplayPosition": 0,
      "Icon": null,
      "Color": null,
      "Image": null
    }
  ]
}