{
  "PickListName": "Integration_Yes/No",
  "PickListId": "69b813a5-3f85-48c0-acbf-6b6d264c2556",
  "PickListDescription": "Integration_Yes/No",
  "DataType": "string",
  "IsMultiSelectAllowed": false,
  "Values": [
    {
      "Value": "Yes",
      "DisplayName": "Yes",
      "DisplayPosition": 0,
      "Icon": null,
      "Color": null,
      "Image": null
    },
    {
      "Value": "No",
      "DisplayName": "No",
      "DisplayPosition": 1,
      "Icon": null,
      "Color": null,
      "Image": null
    }
  ]
}