{
  "PickListName": "Integration_StgSourceType",
  "PickListId": "76870d1b-f4dd-4954-8e6f-e55a71eeb7c7",
  "PickListDescription": "Integration_StgSourceType",
  "DataType": "string",
  "IsMultiSelectAllowed": false,
  "Values": [
    {
      "Value": "SAP Adaptor",
      "DisplayName": "SAP Adaptor",
      "DisplayPosition": 1,
      "Icon": null,
      "Color": null,
      "Image": null
    },
    {
      "Value": "Non Adaptor",
      "DisplayName": "Non Adaptor",
      "DisplayPosition": 0,
      "Icon": null,
      "Color": null,
      "Image": null
    },
    {
      "Value": "MSD365",
      "DisplayName": "MSD365",
      "DisplayPosition": 2,
      "Icon": null,
      "Color": null,
      "Image": null
    }
  ]
}