{
  "PickListName": "Integeration_TenantDataType",
  "PickListId": "ce6fbea5-7e80-46fc-8fcf-ade34acfa9f2",
  "PickListDescription": "Integeration_TenantDataType",
  "DataType": "string",
  "IsMultiSelectAllowed": false,
  "Values": [
    {
      "Value": "nvarchar(100)",
      "DisplayName": "nvarchar(100)",
      "DisplayPosition": 0,
      "Icon": null,
      "Color": null,
      "Image": null
    },
    {
      "Value": "nvarchar(1500)",
      "DisplayName": "nvarchar(1500)",
      "DisplayPosition": 3,
      "Icon": null,
      "Color": null,
      "Image": null
    },
    {
      "Value": "nvarchar(500)",
      "DisplayName": "nvarchar(500)",
      "DisplayPosition": 1,
      "Icon": null,
      "Color": null,
      "Image": null
    },
    {
      "Value": "nvarchar(1000)",
      "DisplayName": "nvarchar(1000)",
      "DisplayPosition": 2,
      "Icon": null,
      "Color": null,
      "Image": null
    },
    {
      "Value": "nvarchar(2000)",
      "DisplayName": "nvarchar(2000)",
      "DisplayPosition": 5,
      "Icon": null,
      "Color": null,
      "Image": null
    }
  ]
}