{
  "PickListName": "Integration_DataType",
  "PickListId": "74f37dec-25c7-417e-aef0-5601a355f1ac",
  "PickListDescription": "Integration_DataType",
  "DataType": "string",
  "IsMultiSelectAllowed": false,
  "Values": [
    {
      "Value": "nvarchar(100)",
      "DisplayName": "nvarchar(100)",
      "DisplayPosition": 5,
      "Icon": null,
      "Color": null,
      "Image": null
    },
    {
      "Value": "float",
      "DisplayName": "float",
      "DisplayPosition": 3,
      "Icon": null,
      "Color": null,
      "Image": null
    },
    {
      "Value": "int",
      "DisplayName": "int",
      "DisplayPosition": 4,
      "Icon": null,
      "Color": null,
      "Image": null
    },
    {
      "Value": "datetime",
      "DisplayName": "datetime",
      "DisplayPosition": 1,
      "Icon": null,
      "Color": null,
      "Image": null
    },
    {
      "Value": "bit",
      "DisplayName": "bit",
      "DisplayPosition": 2,
      "Icon": null,
      "Color": null,
      "Image": null
    },
    {
      "Value": "date",
      "DisplayName": "date",
      "DisplayPosition": 0,
      "Icon": null,
      "Color": null,
      "Image": null
    },
    {
      "Value": "nvarchar(500)",
      "DisplayName": "nvarchar(500)",
      "DisplayPosition": 6,
      "Icon": null,
      "Color": null,
      "Image": null
    },
    {
      "Value": "nvarchar(1000)",
      "DisplayName": "nvarchar(1000)",
      "DisplayPosition": 7,
      "Icon": null,
      "Color": null,
      "Image": null
    },
    {
      "Value": "nvarchar(1500)",
      "DisplayName": "nvarchar(1500)",
      "DisplayPosition": 8,
      "Icon": null,
      "Color": null,
      "Image": null
    },
    {
      "Value": "nvarchar(2000)",
      "DisplayName": "nvarchar(2000)",
      "DisplayPosition": 9,
      "Icon": null,
      "Color": null,
      "Image": null
    }
  ]
}