{
  "PickListName": "Length Of Series",
  "PickListId": "9650a9be-12b8-4826-956e-f91cca057fbc",
  "PickListDescription": "Length Of Series",
  "DataType": "string",
  "IsMultiSelectAllowed": false,
  "Values": [
    {
      "Value": ">= 2 Cycles",
      "DisplayName": ">= 2 Cycles",
      "DisplayPosition": 0,
      "Icon": null,
      "Color": null,
      "Image": null
    },
    {
      "Value": "< 2 Cycles",
      "DisplayName": "< 2 Cycles",
      "DisplayPosition": 1,
      "Icon": null,
      "Color": null,
      "Image": null
    },
    {
      "Value": "N/A",
      "DisplayName": "N/A",
      "DisplayPosition": 2,
      "Icon": null,
      "Color": null,
      "Image": null
    }
  ]
}