{
  "PickListName": "Like Store Geo Attributes",
  "PickListId": "d16a8036-7fe0-4e66-71b5-bd51800630a1",
  "PickListDescription": "Like Store Geo Attributes",
  "DataType": "string",
  "IsMultiSelectAllowed": true,
  "Values": [
    {
      "Value": "Location.[All Location]",
      "DisplayName": "All Location",
      "DisplayPosition": 0,
      "Icon": null,
      "Color": null,
      "Image": null
    },
    {
      "Value": "Location.[Location Country]",
      "DisplayName": "Location Country",
      "DisplayPosition": 1,
      "Icon": null,
      "Color": null,
      "Image": null
    },
    {
      "Value": "Location.[Location Region]",
      "DisplayName": "Location Region",
      "DisplayPosition": 2,
      "Icon": null,
      "Color": null,
      "Image": null
    },
    {
      "Value": "Location.[Location City]",
      "DisplayName": "Location City",
      "DisplayPosition": 3,
      "Icon": null,
      "Color": null,
      "Image": null
    },
    {
      "Value": "Location.[Location Zip]",
      "DisplayName": "Location Zip",
      "DisplayPosition": 4,
      "Icon": null,
      "Color": null,
      "Image": null
    },
    {
      "Value": "Location.[Reporting Location]",
      "DisplayName": "Reporting Location",
      "DisplayPosition": 5,
      "Icon": null,
      "Color": null,
      "Image": null
    },
    {
      "Value": "Location.[Stat Location]",
      "DisplayName": "Stat Location",
      "DisplayPosition": 6,
      "Icon": null,
      "Color": null,
      "Image": null
    }
  ]
}