{
  "PickListName": "Like Item Search Space Picklist",
  "PickListId": "610fd7cf-c416-4d6f-ad03-ea3b33baaa28",
  "PickListDescription": "Stores levels for Item to define the search space for Like Item search",
  "DataType": "string",
  "IsMultiSelectAllowed": false,
  "Values": [
    {
      "Value": "All Item",
      "DisplayName": "All Item",
      "DisplayPosition": 0,
      "Icon": null,
      "Color": null,
      "Image": null
    },
    {
      "Value": "L6",
      "DisplayName": "L6",
      "DisplayPosition": 1,
      "Icon": null,
      "Color": null,
      "Image": null
    },
    {
      "Value": "L5",
      "DisplayName": "L5",
      "DisplayPosition": 2,
      "Icon": null,
      "Color": null,
      "Image": null
    },
    {
      "Value": "L4",
      "DisplayName": "L4",
      "DisplayPosition": 3,
      "Icon": null,
      "Color": null,
      "Image": null
    }
  ]
}