{
  "PickListName": "Like Item Search History Measure Picklist",
  "PickListId": "64822ec8-6638-482f-972d-f51741bcf47c",
  "PickListDescription": "Stores the History Measure Names",
  "DataType": "string",
  "IsMultiSelectAllowed": false,
  "Values": [
    {
      "Value": "Actual",
      "DisplayName": "Actual",
      "DisplayPosition": 0,
      "Icon": null,
      "Color": null,
      "Image": null
    },
    {
      "Value": "Backorders",
      "DisplayName": "Backorders",
      "DisplayPosition": 1,
      "Icon": null,
      "Color": null,
      "Image": null
    },
    {
      "Value": "Billing",
      "DisplayName": "Billing",
      "DisplayPosition": 2,
      "Icon": null,
      "Color": null,
      "Image": null
    },
    {
      "Value": "Orders",
      "DisplayName": "Orders",
      "DisplayPosition": 3,
      "Icon": null,
      "Color": null,
      "Image": null
    },
    {
      "Value": "Shipments",
      "DisplayName": "Shipments",
      "DisplayPosition": 4,
      "Icon": null,
      "Color": null,
      "Image": null
    }
  ]
}