{
  "PickListName": "Marketing Medium",
  "PickListId": "02fcc175-4a68-4a60-9d4b-0d3662c93e9b",
  "PickListDescription": "Marketing Medium",
  "DataType": "string",
  "IsMultiSelectAllowed": false,
  "Values": [
    {
      "Value": "Newspaper Ad",
      "DisplayName": "Newspaper Ad",
      "DisplayPosition": 1,
      "Icon": null,
      "Color": null,
      "Image": null
    },
    {
      "Value": "Radio Ad",
      "DisplayName": "Radio Ad",
      "DisplayPosition": 2,
      "Icon": null,
      "Color": null,
      "Image": null
    },
    {
      "Value": "YouTube Ad",
      "DisplayName": "YouTube Ad",
      "DisplayPosition": 3,
      "Icon": null,
      "Color": null,
      "Image": null
    },
    {
      "Value": "Facebook Ad",
      "DisplayName": "Facebook Ad",
      "DisplayPosition": 4,
      "Icon": null,
      "Color": null,
      "Image": null
    },
    {
      "Value": "TV Ad",
      "DisplayName": "TV Ad",
      "DisplayPosition": 5,
      "Icon": null,
      "Color": null,
      "Image": null
    }
  ]
}