{
  "PickListName": "Must Win Options",
  "PickListId": "e0d864d9-3730-4e2e-bacd-b190fd489d8d",
  "PickListDescription": "The valid options for Must Win flag for which we want to shortlist opportunities for consensus workflow",
  "DataType": "string",
  "IsMultiSelectAllowed": false,
  "Values": [
    {
      "Value": "TRUE",
      "DisplayName": "TRUE",
      "DisplayPosition": 0,
      "Icon": null,
      "Color": null,
      "Image": null
    },
    {
      "Value": "FALSE",
      "DisplayName": "FALSE",
      "DisplayPosition": 1,
      "Icon": null,
      "Color": null,
      "Image": null
    }
  ]
}