{
  "PickListName": "NPI PnL Level",
  "PickListId": "2df62f72-9a79-8120-5f24-1f49c3801dae",
  "PickListDescription": "NPI PnL Level",
  "DataType": "string",
  "IsMultiSelectAllowed": false,
  "Values": [
    {
      "Value": "PnL L4",
      "DisplayName": "PnL L4",
      "DisplayPosition": 2,
      "Icon": null,
      "Color": null,
      "Image": null
    },
    {
      "Value": "PnL L3",
      "DisplayName": "PnL L3",
      "DisplayPosition": 3,
      "Icon": null,
      "Color": null,
      "Image": null
    },
    {
      "Value": "PnL L2",
      "DisplayName": "PnL L2",
      "DisplayPosition": 4,
      "Icon": null,
      "Color": null,
      "Image": null
    },
    {
      "Value": "PnL L1",
      "DisplayName": "PnL L1",
      "DisplayPosition": 5,
      "Icon": null,
      "Color": null,
      "Image": null
    },
    {
      "Value": "Planning PnL",
      "DisplayName": "Planning PnL",
      "DisplayPosition": 6,
      "Icon": null,
      "Color": null,
      "Image": null
    },
    {
      "Value": "All PnL",
      "DisplayName": "All PnL",
      "DisplayPosition": 1,
      "Icon": null,
      "Color": null,
      "Image": null
    }
  ]
}