{
  "PickListName": "NPI Location Level",
  "PickListId": "161e85ef-af46-960c-f99f-6b18123d2576",
  "PickListDescription": "NPI Location Level",
  "DataType": "string",
  "IsMultiSelectAllowed": false,
  "Values": [
    {
      "Value": "Planning Location",
      "DisplayName": "Planning Location",
      "DisplayPosition": 2,
      "Icon": null,
      "Color": null,
      "Image": null
    },
    {
      "Value": "All Location",
      "DisplayName": "All Location",
      "DisplayPosition": 1,
      "Icon": null,
      "Color": null,
      "Image": null
    }
  ]
}