{
  "PickListName": "NPI Channel Level",
  "PickListId": "0c698f03-0b32-4548-a492-4ae72246f763",
  "PickListDescription": "NPI Channel Level",
  "DataType": "string",
  "IsMultiSelectAllowed": false,
  "Values": [
    {
      "Value": "Channel L2",
      "DisplayName": "Channel L2",
      "DisplayPosition": 2,
      "Icon": null,
      "Color": null,
      "Image": null
    },
    {
      "Value": "Channel L1",
      "DisplayName": "Channel L1",
      "DisplayPosition": 3,
      "Icon": null,
      "Color": null,
      "Image": null
    },
    {
      "Value": "Planning Channel",
      "DisplayName": "Planning Channel",
      "DisplayPosition": 4,
      "Icon": null,
      "Color": null,
      "Image": null
    },
    {
      "Value": "All Channel",
      "DisplayName": "All Channel",
      "DisplayPosition": 1,
      "Icon": null,
      "Color": null,
      "Image": null
    }
  ]
}