{
  "PickListName": "NSIChannelSearchSpace",
  "PickListId": "25d709c8-dda7-fe3b-5e5c-07a1e826c4b2",
  "PickListDescription": "NSIChannelSearchSpace",
  "DataType": "string",
  "IsMultiSelectAllowed": false,
  "Values": [
    {
      "Value": "Channel.[Channel]",
      "DisplayName": "Channel",
      "DisplayPosition": 0,
      "Icon": null,
      "Color": null,
      "Image": null
    },
    {
      "Value": "Channel.[Channel L1]",
      "DisplayName": "Channel L1",
      "DisplayPosition": 1,
      "Icon": null,
      "Color": null,
      "Image": null
    },
    {
      "Value": "Channel.[Channel L2]",
      "DisplayName": "Channel L2",
      "DisplayPosition": 2,
      "Icon": null,
      "Color": null,
      "Image": null
    }
  ]
}