{
  "PickListName": "NSIOtherAttributesPicklist",
  "PickListId": "4a6736bf-3db8-e403-9277-96cc54fae2b3",
  "PickListDescription": "NSIOtherAttributesPicklist",
  "DataType": "string",
  "IsMultiSelectAllowed": true,
  "Values": [
    {
      "Value": "Location.[LA1]",
      "DisplayName": "LA1",
      "DisplayPosition": 0,
      "Icon": null,
      "Color": null,
      "Image": null
    },
    {
      "Value": "Location.[LA2]",
      "DisplayName": "LA2",
      "DisplayPosition": 1,
      "Icon": null,
      "Color": null,
      "Image": null
    },
    {
      "Value": "Location.[LA3]",
      "DisplayName": "LA3",
      "DisplayPosition": 2,
      "Icon": null,
      "Color": null,
      "Image": null
    },
    {
      "Value": "Location.[LA4]",
      "DisplayName": "LA4",
      "DisplayPosition": 3,
      "Icon": null,
      "Color": null,
      "Image": null
    },
    {
      "Value": "Location.[LA5]",
      "DisplayName": "LA5",
      "DisplayPosition": 4,
      "Icon": null,
      "Color": null,
      "Image": null
    },
    {
      "Value": "Location.[LA6]",
      "DisplayName": "LA6",
      "DisplayPosition": 5,
      "Icon": null,
      "Color": null,
      "Image": null
    },
    {
      "Value": "Location.[LA7]",
      "DisplayName": "LA7",
      "DisplayPosition": 6,
      "Icon": null,
      "Color": null,
      "Image": null
    },
    {
      "Value": "Location.[LA8]",
      "DisplayName": "LA8",
      "DisplayPosition": 7,
      "Icon": null,
      "Color": null,
      "Image": null
    }
  ]
}