{
  "PickListName": "Num Like Items Picklist",
  "PickListId": "e67533cc-05fc-4222-a68d-9092851028bf",
  "PickListDescription": "Stores number of Like Items",
  "DataType": "string",
  "IsMultiSelectAllowed": false,
  "Values": [
    {
      "Value": "3",
      "DisplayName": "3",
      "DisplayPosition": 0,
      "Icon": null,
      "Color": null,
      "Image": null
    },
    {
      "Value": "5",
      "DisplayName": "5",
      "DisplayPosition": 1,
      "Icon": null,
      "Color": null,
      "Image": null
    },
    {
      "Value": "10",
      "DisplayName": "10",
      "DisplayPosition": 2,
      "Icon": null,
      "Color": null,
      "Image": null
    }
  ]
}