{
  "PickListName": "Outlier Correction Criteria",
  "PickListId": "9fbc74c7-8537-47eb-98f3-78c711c60fd2",
  "PickListDescription": "Outlier Correction Criteria",
  "DataType": "string",
  "IsMultiSelectAllowed": false,
  "Values": [
    {
      "Value": "Soft Limit",
      "DisplayName": "Soft Limit",
      "DisplayPosition": 0,
      "Icon": null,
      "Color": null,
      "Image": null
    },
    {
      "Value": "Interpolation",
      "DisplayName": "Interpolation",
      "DisplayPosition": 2,
      "Icon": null,
      "Color": null,
      "Image": null
    },
    {
      "Value": "Hard Limit",
      "DisplayName": "Hard Limit",
      "DisplayPosition": 1,
      "Icon": null,
      "Color": null,
      "Image": null
    }
  ]
}