{
  "PickListName": "Planning Item Locale",
  "PickListId": "7af64727-954d-455d-8fc5-e0083b9e2953",
  "PickListDescription": "Planning Item Locale",
  "DataType": "string",
  "IsMultiSelectAllowed": false,
  "Values": [
    {
      "Value": "en-US",
      "DisplayName": "English United States (US)",
      "DisplayPosition": 0,
      "Icon": null,
      "Color": null,
      "Image": null
    },
    {
      "Value": "fr",
      "DisplayName": "French",
      "DisplayPosition": 1,
      "Icon": null,
      "Color": null,
      "Image": null
    },
    {
      "Value": "en-AU",
      "DisplayName": "English (Australia)",
      "DisplayPosition": 2,
      "Icon": null,
      "Color": null,
      "Image": null
    },
    {
      "Value": "en-IN",
      "DisplayName": "English (India)",
      "DisplayPosition": 3,
      "Icon": null,
      "Color": null,
      "Image": null
    },
    {
      "Value": "ja",
      "DisplayName": "Japanese",
      "DisplayPosition": 4,
      "Icon": null,
      "Color": null,
      "Image": null
    }
  ]
}