{
  "PickListName": "Planning Item Base UOM",
  "PickListId": "6e1e08fb-e38e-473d-a6b3-141f7dfb8645",
  "PickListDescription": "Planning Item Base UOM",
  "DataType": "string",
  "IsMultiSelectAllowed": false,
  "Values": [
    {
      "Value": "HL",
      "DisplayName": "HL",
      "DisplayPosition": 0,
      "Icon": null,
      "Color": null,
      "Image": null
    },
    {
      "Value": "L",
      "DisplayName": "L",
      "DisplayPosition": 1,
      "Icon": null,
      "Color": null,
      "Image": null
    },
    {
      "Value": "OZ",
      "DisplayName": "OZ",
      "DisplayPosition": 2,
      "Icon": null,
      "Color": null,
      "Image": null
    },
    {
      "Value": "QT",
      "DisplayName": "QT",
      "DisplayPosition": 3,
      "Icon": null,
      "Color": null,
      "Image": null
    },
    {
      "Value": "PIECES",
      "DisplayName": "PIECES",
      "DisplayPosition": 4,
      "Icon": null,
      "Color": null,
      "Image": null
    },
    {
      "Value": "CASES",
      "DisplayName": "CASES",
      "DisplayPosition": 5,
      "Icon": null,
      "Color": null,
      "Image": null
    }
  ]
}