{
  "PickListName": "Planning Item UOM Type",
  "PickListId": "fdaccde2-1488-4508-986e-d16fcfa24f8d",
  "PickListDescription": "Planning Item UOM Type",
  "DataType": "string",
  "IsMultiSelectAllowed": false,
  "Values": [
    {
      "Value": "VOLUME",
      "DisplayName": "Volume",
      "DisplayPosition": 0,
      "Icon": null,
      "Color": null,
      "Image": null
    },
    {
      "Value": "MASS",
      "DisplayName": "Mass",
      "DisplayPosition": 1,
      "Icon": null,
      "Color": null,
      "Image": null
    },
    {
      "Value": "LENGTH",
      "DisplayName": "Length",
      "DisplayPosition": 2,
      "Icon": null,
      "Color": null,
      "Image": null
    },
    {
      "Value": "PIECES",
      "DisplayName": "Pieces",
      "DisplayPosition": 3,
      "Icon": null,
      "Color": null,
      "Image": null
    }
  ]
}