{
  "PickListName": "PLC",
  "PickListId": "fe38fb91-8178-4c0d-8edf-f00fcfc64958",
  "PickListDescription": "Product Lifecycle status values to be considered for rule definition",
  "DataType": "string",
  "IsMultiSelectAllowed": false,
  "Values": [
    {
      "Value": "MATURE",
      "DisplayName": "MATURE",
      "DisplayPosition": 0,
      "Icon": null,
      "Color": null,
      "Image": null
    },
    {
      "Value": "NEW LAUNCH",
      "DisplayName": "NEW LAUNCH",
      "DisplayPosition": 1,
      "Icon": null,
      "Color": null,
      "Image": null
    },
    {
      "Value": "DISC",
      "DisplayName": "DISC",
      "DisplayPosition": 2,
      "Icon": null,
      "Color": null,
      "Image": null
    },
    {
      "Value": "N/A",
      "DisplayName": "N/A",
      "DisplayPosition": 3,
      "Icon": null,
      "Color": null,
      "Image": null
    }
  ]
}