{
  "PickListName": "Product Classification",
  "PickListId": "f33f4c5d-0ae0-8047-e941-f6ff864127bc",
  "PickListDescription": "Product Classification",
  "DataType": "string",
  "IsMultiSelectAllowed": false,
  "Values": [
    {
      "Value": "Seasonal",
      "DisplayName": "Seasonal",
      "DisplayPosition": 1,
      "Icon": null,
      "Color": null,
      "Image": null
    },
    {
      "Value": "Fashion",
      "DisplayName": "Fashion",
      "DisplayPosition": 2,
      "Icon": null,
      "Color": null,
      "Image": null
    },
    {
      "Value": "Core",
      "DisplayName": "Core",
      "DisplayPosition": 0,
      "Icon": null,
      "Color": null,
      "Image": null
    }
  ]
}