{
  "PickListName": "Realignment Location Level",
  "PickListId": "653c58f4-6d2b-56ce-ed7f-3b5ba34c1d17",
  "PickListDescription": "Realignment Location Level",
  "DataType": "string",
  "IsMultiSelectAllowed": false,
  "Values": [
    {
      "Value": "[Location].[Location]",
      "DisplayName": "Location",
      "DisplayPosition": 0,
      "Icon": null,
      "Color": null,
      "Image": null
    },
    {
      "Value": "[Location].[Planning Location]",
      "DisplayName": "Planning Location",
      "DisplayPosition": -1,
      "Icon": null,
      "Color": null,
      "Image": null
    }
  ]
}