{
  "PickListName": "Realignment PnL Level",
  "PickListId": "d91cf798-a9d8-48d6-84cb-1a83965ab7f5",
  "PickListDescription": "Realignment PnL Level",
  "DataType": "string",
  "IsMultiSelectAllowed": false,
  "Values": [
    {
      "Value": "[PnL].[PnL L3]",
      "DisplayName": "PnL L3",
      "DisplayPosition": 2,
      "Icon": null,
      "Color": null,
      "Image": null
    },
    {
      "Value": "[PnL].[PnL L2]",
      "DisplayName": "PnL L2",
      "DisplayPosition": 3,
      "Icon": null,
      "Color": null,
      "Image": null
    },
    {
      "Value": "[PnL].[PnL L1]",
      "DisplayName": "PnL L1",
      "DisplayPosition": 4,
      "Icon": null,
      "Color": null,
      "Image": null
    },
    {
      "Value": "[PnL].[Planning PnL]",
      "DisplayName": "Planning PnL",
      "DisplayPosition": 5,
      "Icon": null,
      "Color": null,
      "Image": null
    },
    {
      "Value": "[PnL].[PnL]",
      "DisplayName": "PnL",
      "DisplayPosition": 6,
      "Icon": null,
      "Color": null,
      "Image": null
    },
    {
      "Value": "[PnL].[PnL L4]",
      "DisplayName": "PnL L4",
      "DisplayPosition": 1,
      "Icon": null,
      "Color": null,
      "Image": null
    }
  ]
}