{
  "PickListName": "Realignment Demand Domain Level",
  "PickListId": "fd406197-14a4-4f8c-de72-b8dd2e6934d7",
  "PickListDescription": "Realignment Demand Domain Level",
  "DataType": "string",
  "IsMultiSelectAllowed": false,
  "Values": [
    {
      "Value": "[Demand Domain].[Demand Domain L3]",
      "DisplayName": "Demand Domain L3",
      "DisplayPosition": 2,
      "Icon": null,
      "Color": null,
      "Image": null
    },
    {
      "Value": "[Demand Domain].[Demand Domain L2]",
      "DisplayName": "Demand Domain L2",
      "DisplayPosition": 3,
      "Icon": null,
      "Color": null,
      "Image": null
    },
    {
      "Value": "[Demand Domain].[Demand Domain L1]",
      "DisplayName": "Demand Domain L1",
      "DisplayPosition": 4,
      "Icon": null,
      "Color": null,
      "Image": null
    },
    {
      "Value": "[Demand Domain].[Planning Demand Domain]",
      "DisplayName": "Planning Demand Domain",
      "DisplayPosition": 5,
      "Icon": null,
      "Color": null,
      "Image": null
    },
    {
      "Value": "[Demand Domain].[Demand Domain]",
      "DisplayName": "Demand Domain",
      "DisplayPosition": 6,
      "Icon": null,
      "Color": null,
      "Image": null
    },
    {
      "Value": "[Demand Domain].[Demand Domain L4]",
      "DisplayName": "Demand Domain L4",
      "DisplayPosition": 1,
      "Icon": null,
      "Color": null,
      "Image": null
    }
  ]
}