{
  "PickListName": "Realignment Item Level",
  "PickListId": "14ea0f3a-fbc3-a646-f7d3-d7a0ca195588",
  "PickListDescription": "Realignment Item Level",
  "DataType": "string",
  "IsMultiSelectAllowed": false,
  "Values": [
    {
      "Value": "[Item].[Planning Item]",
      "DisplayName": "Planning Item",
      "DisplayPosition": 8,
      "Icon": null,
      "Color": null,
      "Image": null
    },
    {
      "Value": "[Item].[Item]",
      "DisplayName": "Item",
      "DisplayPosition": 10,
      "Icon": null,
      "Color": null,
      "Image": null
    },
    {
      "Value": "[Item].[L6]",
      "DisplayName": "L6",
      "DisplayPosition": 1,
      "Icon": null,
      "Color": null,
      "Image": null
    },
    {
      "Value": "[Item].[L5]",
      "DisplayName": "L5",
      "DisplayPosition": 2,
      "Icon": null,
      "Color": null,
      "Image": null
    },
    {
      "Value": "[Item].[L4]",
      "DisplayName": "L4",
      "DisplayPosition": 3,
      "Icon": null,
      "Color": null,
      "Image": null
    },
    {
      "Value": "[Item].[L3]",
      "DisplayName": "L3",
      "DisplayPosition": 4,
      "Icon": null,
      "Color": null,
      "Image": null
    },
    {
      "Value": "[Item].[L2]",
      "DisplayName": "L2",
      "DisplayPosition": 5,
      "Icon": null,
      "Color": null,
      "Image": null
    },
    {
      "Value": "[Item].[L1]",
      "DisplayName": "L1",
      "DisplayPosition": 6,
      "Icon": null,
      "Color": null,
      "Image": null
    }
  ]
}