{
  "PickListName": "Reason Code Picklist",
  "PickListId": "f2a8e062-b48d-4fc6-ace2-f2afd46e256a",
  "PickListDescription": "Reason Code Picklist",
  "DataType": "string",
  "IsMultiSelectAllowed": false,
  "Values": [
    {
      "Value": "UN1",
      "DisplayName": "UN1: Weaker Sellout than planned",
      "DisplayPosition": 0,
      "Icon": null,
      "Color": null,
      "Image": null
    },
    {
      "Value": "UN2",
      "DisplayName": "UN2: Internal Supply Chain issue",
      "DisplayPosition": 1,
      "Icon": null,
      "Color": null,
      "Image": null
    },
    {
      "Value": "UN3",
      "DisplayName": "UN3: Discontinued - stock depleted early",
      "DisplayPosition": 2,
      "Icon": null,
      "Color": null,
      "Image": null
    },
    {
      "Value": "UN4",
      "DisplayName": "UN4: New Launch - delayed release",
      "DisplayPosition": 3,
      "Icon": null,
      "Color": null,
      "Image": null
    },
    {
      "Value": "UN5",
      "DisplayName": "UN5: Competitor - aggressive price action",
      "DisplayPosition": 4,
      "Icon": null,
      "Color": null,
      "Image": null
    },
    {
      "Value": "UN6",
      "DisplayName": "UN6: Timing - abnormal in prior month",
      "DisplayPosition": 5,
      "Icon": null,
      "Color": null,
      "Image": null
    },
    {
      "Value": "AB1",
      "DisplayName": "AB1: Quarterly Target attainment item",
      "DisplayPosition": 7,
      "Icon": null,
      "Color": null,
      "Image": null
    },
    {
      "Value": "AB2",
      "DisplayName": "AB2: Excess Inventory Push",
      "DisplayPosition": 8,
      "Icon": null,
      "Color": null,
      "Image": null
    },
    {
      "Value": "AB3",
      "DisplayName": "AB3: Retail Promotion - exceeds plan",
      "DisplayPosition": 9,
      "Icon": null,
      "Color": null,
      "Image": null
    },
    {
      "Value": "AB4",
      "DisplayName": "AB4: Discontinued - remnant stock sale",
      "DisplayPosition": 10,
      "Icon": null,
      "Color": null,
      "Image": null
    },
    {
      "Value": "AB5",
      "DisplayName": "AB5: New Launch - released early",
      "DisplayPosition": 11,
      "Icon": null,
      "Color": null,
      "Image": null
    },
    {
      "Value": "AB6",
      "DisplayName": "AB6: Competitor - supply problem",
      "DisplayPosition": 12,
      "Icon": null,
      "Color": null,
      "Image": null
    },
    {
      "Value": "AB7",
      "DisplayName": "AB7: Drop in Order",
      "DisplayPosition": 13,
      "Icon": null,
      "Color": null,
      "Image": null
    },
    {
      "Value": "AB8",
      "DisplayName": "AB8: Sales Push",
      "DisplayPosition": 14,
      "Icon": null,
      "Color": null,
      "Image": null
    },
    {
      "Value": "Other",
      "DisplayName": "Other",
      "DisplayPosition": 15,
      "Icon": null,
      "Color": null,
      "Image": null
    },
    {
      "Value": "UN7",
      "DisplayName": "UN7: Promo less than plan",
      "DisplayPosition": 6,
      "Icon": null,
      "Color": null,
      "Image": null
    }
  ]
}