{
  "PickListName": "Recommended Action Picklist",
  "PickListId": "4a884798-d58e-4b63-94d6-e79a0555e2b8",
  "PickListDescription": "Recommended Action Picklist",
  "DataType": "string",
  "IsMultiSelectAllowed": false,
  "Values": [
    {
      "Value": "RecommendedDemandAdjustment",
      "DisplayName": "Recommended Demand Adjustment",
      "DisplayPosition": 0,
      "Icon": null,
      "Color": null,
      "Image": null
    },
    {
      "Value": "RecommendedSupplyAdjustment",
      "DisplayName": "Recommended Supply Adjustment",
      "DisplayPosition": 1,
      "Icon": null,
      "Color": null,
      "Image": null
    },
    {
      "Value": "RecommendedDemandandSupplyAdjustment",
      "DisplayName": "Recommended Demand and Supply Adjustment",
      "DisplayPosition": 2,
      "Icon": null,
      "Color": null,
      "Image": null
    },
    {
      "Value": "RecommendedPromotionProgram",
      "DisplayName": "Recommended Promotion Program",
      "DisplayPosition": 3,
      "Icon": null,
      "Color": null,
      "Image": null
    },
    {
      "Value": "NoActionRequired",
      "DisplayName": "No Action Required",
      "DisplayPosition": 4,
      "Icon": null,
      "Color": null,
      "Image": null
    },
    {
      "Value": "Monitor",
      "DisplayName": "Monitor",
      "DisplayPosition": 5,
      "Icon": null,
      "Color": null,
      "Image": null
    },
    {
      "Value": "Other",
      "DisplayName": "Other",
      "DisplayPosition": 6,
      "Icon": null,
      "Color": null,
      "Image": null
    }
  ]
}