{
  "PickListName": "Scenario Merge Measures",
  "PickListId": "f23e790f-1081-4a11-a765-cf3cd42289cb",
  "PickListDescription": "Scenario Merge Measures",
  "DataType": "string",
  "IsMultiSelectAllowed": false,
  "Values": [
    {
      "Value": "Measure.[IBP Fcst]",
      "DisplayName": "IBP Fcst",
      "DisplayPosition": 2,
      "Icon": null,
      "Color": null,
      "Image": null
    },
    {
      "Value": "Measure.[Stat Fcst]",
      "DisplayName": "Stat Fcst",
      "DisplayPosition": 1,
      "Icon": null,
      "Color": null,
      "Image": null
    },
    {
      "Value": "Measure.[Consensus Fcst]",
      "DisplayName": "Consensus Fcst",
      "DisplayPosition": 0,
      "Icon": null,
      "Color": null,
      "Image": null
    }
  ]
}