{
  "PickListName": "Seasonality Threshold",
  "PickListId": "64579ee1-2d4b-459c-9a81-97e56a9aece5",
  "PickListDescription": "Threshold to verify if data is seasonal",
  "DataType": "number",
  "IsMultiSelectAllowed": false,
  "Values": [
    {
      "Value": "0.4",
      "DisplayName": "0.4",
      "DisplayPosition": 0,
      "Icon": null,
      "Color": null,
      "Image": null
    },
    {
      "Value": "0.64",
      "DisplayName": "0.64",
      "DisplayPosition": 1,
      "Icon": null,
      "Color": null,
      "Image": null
    }
  ]
}