{
  "PickListName": "Seasonality",
  "PickListId": "05c6c0a4-b6d0-426a-b57e-e3938394abbe",
  "PickListDescription": "Seasonalitu values to be considered for rule definition",
  "DataType": "string",
  "IsMultiSelectAllowed": false,
  "Values": [
    {
      "Value": "YES",
      "DisplayName": "YES",
      "DisplayPosition": 0,
      "Icon": null,
      "Color": null,
      "Image": null
    },
    {
      "Value": "NO",
      "DisplayName": "NO",
      "DisplayPosition": 1,
      "Icon": null,
      "Color": null,
      "Image": null
    },
    {
      "Value": "N/A",
      "DisplayName": "N/A",
      "DisplayPosition": 2,
      "Icon": null,
      "Color": null,
      "Image": null
    }
  ]
}