{
  "PickListName": "Stat Time Level Picklist",
  "PickListId": "d2eef743-d4df-45bf-a114-5e14e9089587",
  "PickListDescription": "Stat Time Level Picklist",
  "DataType": "string",
  "IsMultiSelectAllowed": false,
  "Values": [
    {
      "Value": "Week",
      "DisplayName": "Week",
      "DisplayPosition": 0,
      "Icon": null,
      "Color": null,
      "Image": null
    },
    {
      "Value": "Planning Month",
      "DisplayName": "Planning Month",
      "DisplayPosition": 2,
      "Icon": null,
      "Color": null,
      "Image": null
    },
    {
      "Value": "Planning Quarter",
      "DisplayName": "Planning Quarter",
      "DisplayPosition": 3,
      "Icon": null,
      "Color": null,
      "Image": null
    },
    {
      "Value": "Month",
      "DisplayName": "Month",
      "DisplayPosition": 1,
      "Icon": null,
      "Color": null,
      "Image": null
    }
  ]
}