{
  "PickListName": "Stat Location Level Picklist",
  "PickListId": "342906e8-d494-4ab6-9c9d-aef3cfc8321d",
  "PickListDescription": "Stat Location Level Picklist",
  "DataType": "string",
  "IsMultiSelectAllowed": false,
  "Values": [
    {
      "Value": "Location",
      "DisplayName": "Location",
      "DisplayPosition": 4,
      "Icon": null,
      "Color": null,
      "Image": null
    },
    {
      "Value": "Location Type",
      "DisplayName": "Location Type",
      "DisplayPosition": 2,
      "Icon": null,
      "Color": null,
      "Image": null
    },
    {
      "Value": "Location Country",
      "DisplayName": "Location Country",
      "DisplayPosition": 1,
      "Icon": null,
      "Color": null,
      "Image": null
    },
    {
      "Value": "All Location",
      "DisplayName": "All Location",
      "DisplayPosition": 0,
      "Icon": null,
      "Color": null,
      "Image": null
    },
    {
      "Value": "Stat Location",
      "DisplayName": "Stat Location",
      "DisplayPosition": 3,
      "Icon": null,
      "Color": null,
      "Image": null
    }
  ]
}