{
  "PickListName": "Stat History Measure Picklist",
  "PickListId": "1326d444-0939-48c1-aa86-0a7279ed1025",
  "PickListDescription": "Stat History Measure Picklist",
  "DataType": "string",
  "IsMultiSelectAllowed": false,
  "Values": [
    {
      "Value": "Billing",
      "DisplayName": "Billing",
      "DisplayPosition": 2,
      "Icon": null,
      "Color": null,
      "Image": null
    },
    {
      "Value": "Actual",
      "DisplayName": "Actual",
      "DisplayPosition": 0,
      "Icon": null,
      "Color": null,
      "Image": null
    },
    {
      "Value": "Orders",
      "DisplayName": "Orders",
      "DisplayPosition": 3,
      "Icon": null,
      "Color": null,
      "Image": null
    },
    {
      "Value": "Backorders",
      "DisplayName": "Backorders",
      "DisplayPosition": 1,
      "Icon": null,
      "Color": null,
      "Image": null
    },
    {
      "Value": "Shipments",
      "DisplayName": "Shipments",
      "DisplayPosition": 4,
      "Icon": null,
      "Color": null,
      "Image": null
    }
  ]
}