{
  "PickListName": "Stat History Period Picklist",
  "PickListId": "8351fef1-adad-40fd-bdb4-58eafb0829a5",
  "PickListDescription": "Stat History Period Picklist",
  "DataType": "string",
  "IsMultiSelectAllowed": false,
  "Values": [
    {
      "Value": "27 Months",
      "DisplayName": "27 Months",
      "DisplayPosition": 0,
      "Icon": null,
      "Color": null,
      "Image": null
    },
    {
      "Value": "30 Months",
      "DisplayName": "30 Months",
      "DisplayPosition": 1,
      "Icon": null,
      "Color": null,
      "Image": null
    },
    {
      "Value": "36 Months",
      "DisplayName": "36 Months",
      "DisplayPosition": 2,
      "Icon": null,
      "Color": null,
      "Image": null
    }
  ]
}