{
  "PickListName": "Stat Item Level Picklist",
  "PickListId": "f229f39f-a5fa-43a9-a7f3-363dcb6a4af5",
  "PickListDescription": "Stat Item Level Picklist",
  "DataType": "string",
  "IsMultiSelectAllowed": false,
  "Values": [
    {
      "Value": "Planning Item",
      "DisplayName": "Planning Item",
      "DisplayPosition": 8,
      "Icon": null,
      "Color": null,
      "Image": null
    },
    {
      "Value": "L1",
      "DisplayName": "L1",
      "DisplayPosition": 6,
      "Icon": null,
      "Color": null,
      "Image": null
    },
    {
      "Value": "L2",
      "DisplayName": "L2",
      "DisplayPosition": 5,
      "Icon": null,
      "Color": null,
      "Image": null
    },
    {
      "Value": "L3",
      "DisplayName": "L3",
      "DisplayPosition": 4,
      "Icon": null,
      "Color": null,
      "Image": null
    },
    {
      "Value": "L4",
      "DisplayName": "L4",
      "DisplayPosition": 3,
      "Icon": null,
      "Color": null,
      "Image": null
    },
    {
      "Value": "L5",
      "DisplayName": "L5",
      "DisplayPosition": 2,
      "Icon": null,
      "Color": null,
      "Image": null
    },
    {
      "Value": "L6",
      "DisplayName": "L6",
      "DisplayPosition": 1,
      "Icon": null,
      "Color": null,
      "Image": null
    },
    {
      "Value": "Stat Item",
      "DisplayName": "Stat Item",
      "DisplayPosition": 7,
      "Icon": null,
      "Color": null,
      "Image": null
    },
    {
      "Value": "All Item",
      "DisplayName": "All Item",
      "DisplayPosition": 0,
      "Icon": null,
      "Color": null,
      "Image": null
    }
  ]
}