{
  "PickListName": "Store Channel Mapping Flag",
  "PickListId": "814929ca-e93c-85bc-4ba2-fe0da13eaad5",
  "PickListDescription": "Store Channel Mapping Flag",
  "DataType": "string",
  "IsMultiSelectAllowed": false,
  "Values": [
    {
      "Value": "0",
      "DisplayName": "Disabled",
      "DisplayPosition": 1,
      "Icon": null,
      "Color": null,
      "Image": null
    },
    {
      "Value": "1",
      "DisplayName": "Enabled",
      "DisplayPosition": 0,
      "Icon": null,
      "Color": null,
      "Image": null
    }
  ]
}