{
  "PickListName": "TPR",
  "PickListId": "cda8082e-d3ba-42cd-afcf-f91ea490dd9b",
  "PickListDescription": "TPR",
  "DataType": "string",
  "IsMultiSelectAllowed": false,
  "Values": [
    {
      "Value": "BOGO",
      "DisplayName": "BOGO",
      "DisplayPosition": 1,
      "Icon": null,
      "Color": null,
      "Image": null
    },
    {
      "Value": "B2GO",
      "DisplayName": "B2GO",
      "DisplayPosition": 2,
      "Icon": null,
      "Color": null,
      "Image": null
    },
    {
      "Value": "BOGO 50%",
      "DisplayName": "BOGO 50%",
      "DisplayPosition": 3,
      "Icon": null,
      "Color": null,
      "Image": null
    },
    {
      "Value": "Multi Buy",
      "DisplayName": "Multi Buy",
      "DisplayPosition": 4,
      "Icon": null,
      "Color": null,
      "Image": null
    },
    {
      "Value": "Reduced Price",
      "DisplayName": "Reduced Price",
      "DisplayPosition": 5,
      "Icon": null,
      "Color": null,
      "Image": null
    }
  ]
}