{
  "HierarchyName": "Account Hierarchy",
  "HierarchyId": "c631ce2d-3251-1f44-915e-736090b238b9",
  "HierarchyDescription": "Account Hierarchy",
  "Translations": null,
  "Levels": [
    {
      "LevelName": "All Account",
      "LevelId": "f787b052-34e9-b38a-1b85-34d62d560535",
      "SourceAttributeName": "All Account",
      "LevelDescription": "All Account",
      "LevelPosition": 0,
      "Translations": null
    },
    {
      "LevelName": "Account L4",
      "LevelId": "540111fc-cbe3-242e-cacd-8f60e3c55e81",
      "SourceAttributeName": "Account L4",
      "LevelDescription": "Account L4",
      "LevelPosition": 1,
      "Translations": null
    },
    {
      "LevelName": "Account L3",
      "LevelId": "3416ab8e-fadd-e5d3-afbf-dc1b67764d57",
      "SourceAttributeName": "Account L3",
      "LevelDescription": "Account L3",
      "LevelPosition": 2,
      "Translations": null
    },
    {
      "LevelName": "Account L2",
      "LevelId": "604175d3-72b8-ee16-bf76-c2178a9c0e8b",
      "SourceAttributeName": "Account L2",
      "LevelDescription": "Account L2",
      "LevelPosition": 3,
      "Translations": null
    },
    {
      "LevelName": "Account L1",
      "LevelId": "0f781f43-d5b7-9bc0-a6f3-9f4d2f8fd817",
      "SourceAttributeName": "Account L1",
      "LevelDescription": "Account L1",
      "LevelPosition": 4,
      "Translations": null
    },
    {
      "LevelName": "Planning Account",
      "LevelId": "1d4fbc7d-ec60-ff6f-6bd7-1454d6bc812a",
      "SourceAttributeName": "Planning Account",
      "LevelDescription": "Planning Account",
      "LevelPosition": 5,
      "Translations": null
    },
    {
      "LevelName": "Account",
      "LevelId": "a8bebaeb-39fc-be0e-f88a-bf3e624c749e",
      "SourceAttributeName": "Account",
      "LevelDescription": "Account",
      "LevelPosition": 6,
      "Translations": null
    }
  ],
  "IsEnabled": true,
  "ErrorMessage": null
}