{
  "AttributeName": "Priority Group",
  "AttributeId": "1534c081-c150-0623-ef8e-a813ba884135",
  "AttributeHierarchyEnabled": true,
  "IsKey": true,
  "Description": "Priority Group",
  "OrderBy": "Name",
  "KeyColumnName": "PriorityGroupKey",
  "NameColumnName": "PriorityGroupName",
  "KeyColumnDataType": "integer",
  "SeedTags": false,
  "KeyGenerationType": "Auto",
  "PickListName": null,
  "ConfigJson": {
    "ShowFilterAs": "TileView",
    "MemberDisplayNameEditable": true,
    "IsMultipleImage": false,
    "MemberDisplayColor": false
  },
  "FormatString": null,
  "Translation": null,
  "Aliases": [],
  "ApiName": null,
  "ApiDisabled": false,
  "ToolTip": "Priority Group",
  "FgColorFormula": null,
  "BgColorFormula": null,
  "IsReservedBySystem": false
}