{
  "Name": "SupplyPlan145DailyPORecommendationCreateNewLineItem1",
  "Description": "Create New Purchase Order Recommendation",
  "ActionButtonId": "7b7399d9-ca28-51d3-1f53-ccb973fb39ef",
  "Tooltip": "Create New Purchase Order Recommendation",
  "ActionButtonType": "Rule",
  "Alignment": "right",
  "IsPopOver": true,
  "IsGlobal": false,
  "ActionClickHandler": null,
  "Icon": null,
  "Image": null,
  "ConfigJson": {
    "DisplayName": "Create ",
    "icon": "plus",
    "Position": "0",
    "SubmitButton": {
      "Label": "Submit"
    },
    "ResetButton": {
      "Label": "Reset"
    },
    "CloseButton": {
      "Label": "Close",
      "ConfirmMessage": "Unsaved changes will be lost. Continue?"
    },
    "NotifyRoles": true,
    "NotifyAll": false,
    "IBPLRules": [
      {
        "template": "Cartesian Scope:([Activity2].[Activity2]{{#filter TransMode}} * [Version].[Version Name]{{#filter Version}} * [Activity1].[Activity1]{{#filter ProcLane}} * [Location].[Location]{{#filter ToLocation}} * [Time].[Day]{{#filter Time}} * [Item].[Item]{{#filter Item}});\nMeasure.[D PO Recommendation Override] = {{OverrideQuantity}} ;\nend scope; "
      },
      {
        "template": "//scope statement for Override Reason\n\nCartesian Scope:([Activity2].[Activity2]{{#filter TransMode}} * [Version].[Version Name]{{#filter Version}} * [Activity1].[Activity1]{{#filter ProcLane}} * [Location].[Location]{{#filter ToLocation}} * [Time].[Day]{{#filter Time}} * [Item].[Item]{{#filter Item}});\nMeasure.[D PO Recommendation Override Reason] = \"{{OverrideReason}}\";\nend scope;"
      }
    ],
    "JavascriptRules": [],
    "FieldBindings": [
      {
        "fieldName": "Version",
        "title": "Version",
        "Description": "Version",
        "type": "picklistDropdown",
        "selectionType": "single",
        "clearSearch": true,
        "source": "filter",
        "DimensionName": "Version",
        "LevelAttributeName": "Version Name",
        "visible": true,
        "isEditable": false,
        "validation": {
          "maxLength": "0",
          "required": true
        }
      },
      {
        "fieldName": "Item",
        "title": "Procured Item",
        "Description": "Procured Item",
        "type": "picklistDropdown",
        "selectionType": "single",
        "clearSearch": true,
        "select": "NONE",
        "source": "members",
        "DimensionName": "Item",
        "LevelAttributeName": "Item",
        "FilterExpression": "&AllReportingItems",
        "visible": true,
        "isEditable": true,
        "validation": {
          "maxLength": "0",
          "required": true
        }
      },
      {
        "fieldName": "FromLocation",
        "title": "FromLocation",
        "Description": "FromLocation",
        "type": "picklistDropdown",
        "selectionType": "single",
        "clearSearch": true,
        "select": "NONE",
        "source": "members",
        "DimensionName": "Activity1",
        "LevelAttributeName": "From Location",
        "FilterExpression": "&AllProcLanes.relatedmembers([To Location])",
        "visible": true,
        "isEditable": true,
        "validation": {
          "maxLength": "0",
          "required": true
        }
      },
      {
        "fieldName": "ToLocation",
        "title": "ToLocation",
        "Description": "ToLocation",
        "type": "picklistDropdown",
        "selectionType": "single",
        "clearSearch": true,
        "select": "NONE",
        "source": "datasource",
        "key": "ToLocation",
        "valueField": "Name",
        "textField": "Name",
        "overrideFieldBindingType": false,
        "visible": true,
        "isEditable": true,
        "cascadeFrom": "FromLocation",
        "validation": {
          "maxLength": "0",
          "required": true
        }
      },
      {
        "fieldName": "ProcLane",
        "title": "ProcLane",
        "Description": "ProcLane",
        "type": "picklistDropdown",
        "selectionType": "single",
        "clearSearch": true,
        "select": "NONE",
        "source": "datasource",
        "key": "PROCLANES",
        "valueField": "Name",
        "textField": "Name",
        "overrideFieldBindingType": false,
        "visible": true,
        "isEditable": true,
        "cascadeFrom": "ToLocation",
        "validation": {
          "maxLength": "0",
          "required": true
        }
      },
      {
        "fieldName": "TransMode",
        "title": "TransMode",
        "Description": "TransMode",
        "type": "picklistDropdown",
        "selectionType": "single",
        "clearSearch": true,
        "select": "NONE",
        "source": "datasource",
        "key": "TRANSMODES",
        "valueField": "Name",
        "textField": "Name",
        "overrideFieldBindingType": false,
        "visible": true,
        "isEditable": true,
        "cascadeFrom": "ProcLane",
        "validation": {
          "maxLength": "0",
          "required": true
        }
      },
      {
        "fieldName": "Time",
        "title": "Procured Day",
        "Description": "Procured Day",
        "type": "picklistDropdown",
        "selectionType": "single",
        "clearSearch": true,
        "select": "NONE",
        "source": "datasource",
        "key": "Day",
        "valueField": "Name",
        "textField": "Name",
        "overrideFieldBindingType": false,
        "visible": true,
        "isEditable": true,
        "cascadeFrom": "TransMode",
        "validation": {
          "maxLength": "0",
          "required": true
        }
      },
      {
        "fieldName": "OverrideQuantity",
        "title": "OverrideQuantity",
        "Description": "OverrideQuantity",
        "type": "number",
        "selectionType": "single",
        "clearSearch": true,
        "source": "literal",
        "visible": true,
        "isEditable": true,
        "validation": {
          "maxLength": "0",
          "required": true
        }
      },
      {
        "fieldName": "OverrideReason",
        "title": "OverrideReason",
        "Description": "OverrideReason",
        "type": "string",
        "selectionType": "single",
        "clearSearch": true,
        "select": "NONE",
        "source": "picklist",
        "key": "PORecommendationOverrideReasonList",
        "visible": true,
        "isEditable": true,
        "validation": {
          "maxLength": "0",
          "required": true
        }
      }
    ],
    "Range": [],
    "DataSources": [
      {
        "Name": "PROCLANES",
        "IBPLRules": [
          {
            "template": "select ([Activity1].[From Location]{{#filter FromLocation}}.relatedmembers([Activity1]).intersectwith([Activity1].[To Location]{{#filter ToLocation}}.relatedmembers([Activity1])));"
          }
        ],
        "JavascriptRules": [],
        "IncludeDSFieldsOnly": false,
        "FieldBindings": []
      },
      {
        "Name": "TRANSMODES",
        "IBPLRules": [
          {
            "template": "select (Activity2.[Activity2]) where {[Version].[Version Name]{{#filter Version}}, [Activity1].[Activity1]{{#filter ProcLane}},[Supplier].[Supplier Location]{{#filter FromLocation}},Measure.[Final Item Location Supplier TransMode Association]>=0};"
          }
        ],
        "JavascriptRules": [],
        "IncludeDSFieldsOnly": false,
        "FieldBindings": []
      },
      {
        "Name": "Day",
        "IBPLRules": [
          {
            "template": "select ([Time].[Day]) where {[Version].[Version Name]{{#filter Version}},[Activity1].[Activity1]{{#filter ProcLane}},[Activity2].[Activity2]{{#filter TransMode}}, [Location].[Location], [Item].[Item]{{#filter Item}}, Measure.[D Procurement Release Window TG] > 0};\n"
          }
        ],
        "JavascriptRules": [],
        "IncludeDSFieldsOnly": false,
        "FieldBindings": []
      },
      {
        "Name": "ToLocation",
        "IBPLRules": [
          {
            "template": "select (Activity1.[From Location].[{{FromLocation}}].relatedmembers([To Location]));"
          }
        ],
        "JavascriptRules": [],
        "IncludeDSFieldsOnly": false,
        "FieldBindings": []
      }
    ],
    "AutoExecute": false,
    "isAsync": true,
    "hasMembersUpdates": false,
    "Compact": false,
    "TwoColumn": false,
    "IsGlobalForExcelAddIn": false,
    "ExcludeFromNavLink": false,
    "FilterFieldBindings": []
  },
  "Widget": null,
  "Roles": []
}