{
  "Name": "Active Sizes",
  "WidgetDefinitionName": "Active Sizes",
  "IsPrimary": true,
  "ConfigJson": {
    "ContainerId": "ea20f94a-050a-46e9-94b2-2f44e1b3f2c1",
    "CompositeContainerId": null,
    "Position": 0,
    "ShowInfoContext": {
      "ActionColumn": true,
      "RowInfo": true,
      "MemberInfo": true
    },
    "ShowHeader": null,
    "ActionButtonBindings": [
      {
        "ActionButtonName": "SyncSizeRanges",
        "HotKey": "",
        "ExcludeHiddenAttributes": false
      },
      {
        "ActionButtonName": "SZPInfoActiveSizes01",
        "HotKey": "",
        "ExcludeHiddenAttributes": false,
        "ModuleId": "eeb2bc27-d481-4b7e-a0b6-b141b110a4a4"
      }
    ]
  },
  "ViewWidgetDefinitionId": "23db77a4-bbd6-9ffe-80f1-4e67c9c541f2",
  "Title": null
}