{
  "Name": "TD Reconciliation",
  "ViewId": "20d27cd7-7b55-1cde-1153-611ccc491204",
  "ContentType": "Regular",
  "Title": "TD Reconciliation",
  "Position": 0,
  "IsDefault": true,
  "Resource": null,
  "RazorViewTemplate": "_containers",
  "ConfigJson": {
    "WidgetContainers": {
      "Containers": [
        1,
        1
      ],
      "Key": 1,
      "IsModified": false,
      "ViewSpread": {
        "RowLevel": 60,
        "ColLevel": 12
      },
      "Data": [
        {
          "Id": "d52a8ee4-49f5-4a5d-8732-c5bcc233bc4a",
          "Col": 0,
          "Row": 0,
          "SizeX": 12,
          "SizeY": 30
        },
        {
          "Id": "b3bb9268-5705-406e-805f-82cc2903a842",
          "Col": 0,
          "Row": 30,
          "SizeX": 12,
          "SizeY": 30
        }
      ]
    },
    "CompactMode": false,
    "IsHidden": false
  },
  "Roles": [
    "admin",
    "dataadmin",
    "public"
  ]
}