{
  "MeasureGroupName": "010.002 Item Deletion Flags",
  "MeasureGroupId": "2ecd5d7f-abf8-4703-aa76-09af67e17e6a",
  "ParentMeasureGroupName": null,
  "HasShadow": false,
  "MeasureGroupDescription": "Measure group for Item member deletion flags",
  "MeasureGroupType": "Regular",
  "FactTableName": "Fact010.002ItemDeletionFlags",
  "SchemaMajorVersion": 0,
  "ConfigJson": {},
  "ApiName": null,
  "Repartition": false,
  "Unpartition": false,
  "ApiEnabled": false,
  "DimensionUsages": [
    {
      "DimensionName": "Version",
      "AttributeName": "Version Name",
      "SortOrder": 0,
      "DimensionType": "Regular"
    },
    {
      "DimensionName": "Item",
      "AttributeName": "Item",
      "SortOrder": 1,
      "DimensionType": "Regular"
    }
  ]
}