{
  "MeasureGroupName": "001.005 Input Table Structure",
  "MeasureGroupId": "9b803456-c2f4-4ddc-bcf6-314089289fd2",
  "ParentMeasureGroupName": null,
  "HasShadow": false,
  "MeasureGroupDescription": "001.005 Input Table Structure",
  "MeasureGroupType": "Regular",
  "FactTableName": "Fact001.005InputTableStructure",
  "SchemaMajorVersion": 0,
  "ConfigJson": {},
  "ApiName": null,
  "Repartition": false,
  "Unpartition": false,
  "ApiEnabled": false,
  "DimensionUsages": [
    {
      "DimensionName": "Version",
      "AttributeName": "Version Name",
      "SortOrder": 0,
      "DimensionType": "Regular"
    },
    {
      "DimensionName": "Input Table Structure",
      "AttributeName": "Serial No",
      "SortOrder": 1,
      "DimensionType": "Regular"
    }
  ]
}