{
  "MeasureGroupName": "000.001 Process Execution Framework Inputs Rearchitecture",
  "MeasureGroupId": "268c1d39-7a04-bf88-c943-35461097951f",
  "ParentMeasureGroupName": null,
  "HasShadow": false,
  "MeasureGroupDescription": "000.001 Process Execution Framework Inputs Rearchitecture",
  "MeasureGroupType": "Regular",
  "FactTableName": "Fact000.001ProcessExecutionFrameworkInputsRearchitecture",
  "SchemaMajorVersion": 0,
  "ConfigJson": {},
  "ApiName": null,
  "Repartition": false,
  "Unpartition": false,
  "ApiEnabled": false,
  "DimensionUsages": [
    {
      "DimensionName": "Version",
      "AttributeName": "Version Name",
      "SortOrder": 0,
      "DimensionType": "Regular"
    },
    {
      "DimensionName": "Data Object",
      "AttributeName": "Data Object",
      "SortOrder": 1,
      "DimensionType": "Regular"
    },
    {
      "DimensionName": "GraphCubeDim_Sequence",
      "AttributeName": "GraphCubeAttr_Sequence",
      "SortOrder": 2,
      "DimensionType": "Regular"
    },
    {
      "DimensionName": "Sequence",
      "AttributeName": "Sequence",
      "SortOrder": 3,
      "DimensionType": "Regular"
    }
  ]
}