{
  "MeasureGroupName": "o9EKG Batch Level settings",
  "MeasureGroupId": "b0d8dc5a-f4d8-34ab-06f7-2a1d6bbda1a4",
  "ParentMeasureGroupName": null,
  "HasShadow": false,
  "MeasureGroupDescription": "o9EKG Batch Level settings",
  "MeasureGroupType": "Regular",
  "FactTableName": "Facto9EKGBatchLevelsettings",
  "SchemaMajorVersion": 0,
  "ConfigJson": {},
  "ApiName": null,
  "Repartition": false,
  "Unpartition": false,
  "ApiEnabled": false,
  "DimensionUsages": [
    {
      "DimensionName": "Version",
      "AttributeName": "Version Name",
      "SortOrder": 0,
      "DimensionType": "Regular"
    },
    {
      "DimensionName": "o9EKG Batch Type",
      "AttributeName": "Batch Type",
      "SortOrder": 1,
      "DimensionType": "Regular"
    },
    {
      "DimensionName": "o9EKG Customer",
      "AttributeName": "Project Name",
      "SortOrder": 2,
      "DimensionType": "Regular"
    }
  ]
}