{
  "Name": "140UpdateProductInventoryType",
  "Description": "Update Product Inventory Type",
  "ActionButtonId": "881b9d7b-aeaf-2503-310d-55a8a5cb5215",
  "Tooltip": "Update Product  Inventory Type",
  "ActionButtonType": "Rule",
  "Alignment": "right",
  "IsPopOver": true,
  "IsGlobal": false,
  "ActionClickHandler": null,
  "Icon": null,
  "Image": null,
  "ConfigJson": {
    "icon": "caret-square-o-right",
    "Position": "0",
    "SubmitButton": {
      "Label": "Submit"
    },
    "ResetButton": {
      "Label": "Reset"
    },
    "CloseButton": {
      "Label": "Close",
      "ConfirmMessage": "Unsaved changes will be lost. Continue?"
    },
    "NotifyAll": false,
    "IBPLRules": [
      {
        "template": "{{#each PlanningItemName}} \nupdatemember([Item].[Planning Item] = {,\"{{this}}\"},[Item].[Product Inventory Type]={\"{{ProductInventoryType}}\",}); \n{{/each}}\nSYNC EXTERNAL INCLUDE DIMENSION [Item];"
      }
    ],
    "JavascriptRules": [],
    "FieldBindings": [
      {
        "fieldName": "PlanningItemName",
        "title": "Planning Item Name",
        "Description": "Selected Planning Item Name",
        "type": "picklistTextOnly",
        "selectionType": "multiple",
        "clearSearch": true,
        "source": "parentAttribute",
        "DimensionName": "Item",
        "key": {
          "LevelAttribute": {
            "Name": "Planning Item",
            "Property": "Name"
          }
        },
        "visible": true,
        "isEditable": true,
        "validation": {
          "maxLength": "0",
          "required": true
        }
      },
      {
        "fieldName": "ProductInventoryType",
        "title": "Product Inventory Type",
        "Description": "Product Inventory Type",
        "type": "string",
        "selectionType": "single",
        "clearSearch": true,
        "select": "NONE",
        "source": "picklist",
        "key": "Product Classification",
        "visible": true,
        "isEditable": true,
        "validation": {
          "maxLength": "0",
          "required": true
        }
      }
    ],
    "Range": [],
    "DataSources": [],
    "AutoExecute": false,
    "isAsync": true,
    "hasMembersUpdates": true,
    "Compact": false,
    "TwoColumn": false,
    "IsGlobalForExcelAddIn": false,
    "ExcludeFromNavLink": false,
    "FilterFieldBindings": []
  },
  "Widget": null,
  "Roles": []
}