{
  "Name": "805ModifyItemAttributes",
  "Description": null,
  "ActionButtonId": "f04ffa9b-d927-4397-85f2-9d5d6cb105ec",
  "Tooltip": "Modify item attributes",
  "ActionButtonType": "Widget",
  "Alignment": "right",
  "IsPopOver": true,
  "IsGlobal": true,
  "ActionClickHandler": null,
  "Icon": null,
  "Image": null,
  "ConfigJson": {
    "DisplayName": "Item Attributes",
    "icon": "edit",
    "SubmitButton": {
      "Label": "Submit",
      "ProgressMessage": "Executing...",
      "SuccessMessage": "Successfully Executed.",
      "ErrorMessage": "Error in Execution.",
      "ConfirmMessage": "Are you sure you want to go ahead with the changes?"
    },
    "ResetButton": {
      "Label": "Reset"
    },
    "CloseButton": {
      "Label": "Close",
      "ConfirmMessage": "Unsaved changes will be lost. Continue?"
    },
    "NotifyAll": false,
    "IBPLRules": [
      {
        "template": "UpdateMember([Item].[Item]={,\"{{Item}}\"}, [Item].[Item Intro Date]={\"{{ItemIntroDate}}\",}, [Item].[Item Disc Date]={\"{{ItemDiscDate}}\",}, [Item].[Item Status]={\"{{ItemStatus}}\",}, [Item].[Is New Item]={\"{{IsNewItem}}\",});\n\nUpdateMember([Item].[Planning Item]={,\"{{PlanningItem}}\"}, [Item].[Planning Item Intro Date]={\"{{ItemIntroDate}}\",}, [Item].[Planning Item Disc Date]={\"{{ItemDiscDate}}\",}, [Item].[Planning Item Locale]={\"{{PlanningItemLocale}}\",},  [Item].[Base UOM]={\"{{PlanningItemBaseUOM}}\",}, [Item].[UOM Type]={\"{{PlanningItemUOMType}}\",});\n\nUpdateMember([Item].[Planning Item]={,\"{{PlanningItem}}\"}, [Item].[L1]={,\"{{L1}}\"});\nUpdateMember([Item].[Transition Item]={,\"{{TransitionItem}}\"}, [Item].[Stat Item]={,\"{{StatItem}}\"});\nUpdateMember([Item].[Planning Item]={,\"{{PlanningItem}}\"}, [Item].[Item Stage]={,\"{{ItemStage}}\"});\nUpdateMember([Item].[Planning Item]={,\"{{PlanningItem}}\"}, [Item].[Item Type]={,\"{{ItemType}}\"}); \nUpdateMember([Item].[Planning Item]={,\"{{PlanningItem}}\"}, [Item].[PLC Status]={,\"{{PLCStatus}}\"});\nUpdateMember([Item].[Planning Item]={,\"{{PlanningItem}}\"}, [Item].[Item Class]={,\"{{ItemClass}}\"});\nUpdateMember([Item].[Planning Item]={,\"{{PlanningItem}}\"}, [Item].[Transition Group]={,\"{{TransitionGroup}}\"});\n\n{{#if PlanningItemContainerSize}}\nupdatemember([Item].[Planning Item]={,\"{{PlanningItem}}\"}, [Item].[Container Size]={\"{{PlanningItemContainerSize}}\",});\n{{/if}}\n\n{{#if PlanningItemPackageSize}}\nupdatemember([Item].[Planning Item]={,\"{{PlanningItem}}\"}, [Item].[Package Size]={\"{{PlanningItemPackageSize}}\",});\n{{/if}}"
      }
    ],
    "JavascriptRules": [],
    "FieldBindings": [
      {
        "fieldName": "Item",
        "title": "Item",
        "Description": "Selected Item",
        "type": "picklistDropdown",
        "selectionType": "single",
        "clearSearch": true,
        "source": "parentAttribute",
        "DimensionName": "Item",
        "key": {
          "LevelAttribute": {
            "Name": "Item",
            "Property": "Name"
          }
        },
        "visible": true,
        "isEditable": false,
        "validation": {
          "maxLength": "0",
          "required": true
        },
        "fieldGroup": "Item Properties"
      },
      {
        "fieldName": "ItemIntroDate",
        "title": "Item Intro Date",
        "Description": "Introduction Date of the Item",
        "type": "datetime",
        "selectionType": "single",
        "clearSearch": true,
        "source": "parentAttributeProperty",
        "DimensionName": "Item",
        "key": {
          "LevelAttribute": {
            "Name": "Item",
            "Property": {
              "AttributeProperty": "Item Intro Date"
            }
          }
        },
        "visible": true,
        "isEditable": true,
        "validation": {
          "maxLength": "0",
          "required": true
        },
        "fieldGroup": "Item Properties"
      },
      {
        "fieldName": "ItemDiscDate",
        "title": "Item Disc Date",
        "Description": "Discontinuation Date of the Item",
        "type": "datetime",
        "selectionType": "single",
        "clearSearch": true,
        "source": "parentAttributeProperty",
        "DimensionName": "Item",
        "key": {
          "LevelAttribute": {
            "Name": "Item",
            "Property": {
              "AttributeProperty": "Item Disc Date"
            }
          }
        },
        "visible": true,
        "isEditable": true,
        "validation": {
          "maxLength": "0",
          "required": true
        },
        "fieldGroup": "Item Properties"
      },
      {
        "fieldName": "ItemStatus",
        "title": "Item Status",
        "Description": "Item Status",
        "type": "boolean",
        "selectionType": "single",
        "clearSearch": true,
        "source": "parentAttributeProperty",
        "DimensionName": "Item",
        "key": {
          "LevelAttribute": {
            "Name": "Item",
            "Property": {
              "AttributeProperty": "Item Status"
            }
          }
        },
        "visible": true,
        "isEditable": true,
        "validation": {
          "maxLength": "0",
          "required": false
        },
        "fieldGroup": "Item Properties",
        "defaultValue": false
      },
      {
        "fieldName": "IsNewItem",
        "title": "Is New Item",
        "Description": "Is New Item",
        "type": "boolean",
        "fieldGroup": "Item Properties",
        "selectionType": "single",
        "clearSearch": true,
        "source": "parentAttributeProperty",
        "DimensionName": "Item",
        "key": {
          "LevelAttribute": {
            "Name": "Item",
            "Property": {
              "AttributeProperty": "Is New Item"
            }
          }
        },
        "visible": true,
        "isEditable": true,
        "validation": {
          "maxLength": "0",
          "required": false
        },
        "defaultValue": false
      },
      {
        "fieldName": "PlanningItem",
        "title": "Planning Item",
        "Description": "Selected Planning Item",
        "type": "picklistDropdown",
        "selectionType": "single",
        "clearSearch": true,
        "source": "parentAttribute",
        "DimensionName": "Item",
        "key": {
          "LevelAttribute": {
            "Name": "Planning Item",
            "Property": "Name"
          }
        },
        "visible": true,
        "isEditable": false,
        "validation": {
          "maxLength": "0",
          "required": true
        },
        "fieldGroup": "Planning Item Properties"
      },
      {
        "fieldName": "PlanningItemLocale",
        "title": "Planning Item Locale",
        "Description": "Locale of the Planning Item",
        "type": "string",
        "selectionType": "single",
        "clearSearch": true,
        "select": "ALL",
        "source": "picklist",
        "key": "Planning Item Locale",
        "visible": true,
        "isEditable": true,
        "validation": {
          "maxLength": "0",
          "required": true
        },
        "fieldGroup": "Planning Item Properties"
      },
      {
        "fieldName": "PlanningItemBaseUOM",
        "title": "Planning Item Base UOM",
        "Description": "Base UOM of the Planning Item",
        "type": "string",
        "selectionType": "single",
        "clearSearch": true,
        "select": "ALL",
        "source": "picklist",
        "key": "Planning Item Base UOM",
        "visible": true,
        "isEditable": true,
        "validation": {
          "maxLength": "0",
          "required": true
        },
        "fieldGroup": "Planning Item Properties"
      },
      {
        "fieldName": "PlanningItemUOMType",
        "title": "Planning Item UOM Type",
        "Description": "UOM Type of the Planning Item",
        "type": "string",
        "selectionType": "single",
        "clearSearch": true,
        "select": "ALL",
        "source": "picklist",
        "visible": true,
        "isEditable": true,
        "validation": {
          "maxLength": "0",
          "required": true
        },
        "key": "Planning Item UOM Type",
        "fieldGroup": "Planning Item Properties"
      },
      {
        "fieldName": "PlanningItemContainerSize",
        "title": "Planning Item Container Size",
        "Description": "Container Size of the Planning Item",
        "type": "number",
        "selectionType": "single",
        "clearSearch": true,
        "source": "parentAttributeProperty",
        "DimensionName": "Item",
        "key": {
          "LevelAttribute": {
            "Name": "Planning Item",
            "Property": {
              "AttributeProperty": "Container Size"
            }
          }
        },
        "visible": true,
        "isEditable": true,
        "validation": {
          "maxLength": "0",
          "required": false
        },
        "fieldGroup": "Planning Item Properties"
      },
      {
        "fieldName": "PlanningItemPackageSize",
        "title": "Planning Item Package Size",
        "Description": "Package Size of the Planning Item",
        "type": "number",
        "selectionType": "single",
        "clearSearch": true,
        "source": "parentAttributeProperty",
        "DimensionName": "Item",
        "key": {
          "LevelAttribute": {
            "Name": "Planning Item",
            "Property": {
              "AttributeProperty": "Package Size"
            }
          }
        },
        "visible": true,
        "isEditable": true,
        "validation": {
          "maxLength": "0",
          "required": false
        },
        "fieldGroup": "Planning Item Properties"
      },
      {
        "fieldName": "L1",
        "title": "L1",
        "Description": "L1",
        "type": "picklistDropdown",
        "selectionType": "single",
        "clearSearch": true,
        "source": "parentAttributeWithMember",
        "DimensionName": "Item",
        "key": {
          "LevelAttribute": {
            "Name": "L1",
            "Property": "Name"
          }
        },
        "visible": true,
        "isEditable": true,
        "validation": {
          "required": true
        },
        "fieldGroup": "Attributes"
      },
      {
        "fieldName": "TransitionItem",
        "title": "Transition Item",
        "Description": "Transition Item for the Item",
        "type": "picklistDropdown",
        "selectionType": "single",
        "clearSearch": true,
        "source": "parentAttribute",
        "DimensionName": "Item",
        "key": {
          "LevelAttribute": {
            "Name": "Transition Item",
            "Property": "Name"
          }
        },
        "visible": false,
        "isEditable": true,
        "validation": {
          "maxLength": "0",
          "required": true
        }
      },
      {
        "fieldName": "StatItem",
        "title": "Stat Item",
        "Description": "Stat Item",
        "type": "picklistDropdown",
        "selectionType": "single",
        "clearSearch": true,
        "source": "parentAttributeWithMember",
        "DimensionName": "Item",
        "key": {
          "LevelAttribute": {
            "Name": "Stat Item",
            "Property": "Name"
          }
        },
        "visible": true,
        "isEditable": true,
        "validation": {
          "required": true
        },
        "fieldGroup": "Attributes"
      },
      {
        "fieldName": "ItemType",
        "title": "Item Type",
        "Description": "Item Type",
        "type": "picklistDropdown",
        "fieldGroup": "Attributes",
        "selectionType": "single",
        "clearSearch": true,
        "source": "parentAttributeWithMember",
        "DimensionName": "Item",
        "key": {
          "LevelAttribute": {
            "Name": "Item Type",
            "Property": "Name"
          }
        },
        "visible": true,
        "isEditable": true,
        "validation": {
          "required": true
        }
      },
      {
        "fieldName": "ItemStage",
        "title": "Item Stage",
        "Description": "Item Stage",
        "type": "picklistDropdown",
        "fieldGroup": "Attributes",
        "selectionType": "single",
        "clearSearch": true,
        "source": "parentAttributeWithMember",
        "DimensionName": "Item",
        "key": {
          "LevelAttribute": {
            "Name": "Item Stage",
            "Property": "Name"
          }
        },
        "visible": true,
        "isEditable": true,
        "validation": {
          "required": true
        }
      },
      {
        "fieldName": "ItemClass",
        "title": "Item Class",
        "Description": "Item Class",
        "type": "picklistDropdown",
        "fieldGroup": "Attributes",
        "selectionType": "single",
        "clearSearch": true,
        "source": "parentAttributeWithMember",
        "DimensionName": "Item",
        "key": {
          "LevelAttribute": {
            "Name": "Item Class",
            "Property": "Name"
          }
        },
        "visible": true,
        "isEditable": true,
        "validation": {
          "required": true
        }
      },
      {
        "fieldName": "TransitionGroup",
        "title": "Transition Group",
        "Description": "Transition Group",
        "type": "picklistDropdown",
        "fieldGroup": "Attributes",
        "selectionType": "single",
        "clearSearch": true,
        "source": "parentAttributeWithMember",
        "DimensionName": "Item",
        "key": {
          "LevelAttribute": {
            "Name": "Transition Group",
            "Property": "Name"
          }
        },
        "visible": true,
        "isEditable": true,
        "validation": {
          "required": true
        }
      },
      {
        "fieldName": "PLCStatus",
        "title": "PLC Status",
        "Description": "PLC Status",
        "type": "picklistDropdown",
        "fieldGroup": "Attributes",
        "selectionType": "single",
        "clearSearch": true,
        "source": "parentAttributeWithMember",
        "DimensionName": "Item",
        "key": {
          "LevelAttribute": {
            "Name": "PLC Status",
            "Property": "Name"
          }
        },
        "visible": true,
        "isEditable": true,
        "validation": {
          "required": true
        }
      }
    ],
    "Range": [],
    "DataSources": [],
    "AutoExecute": false,
    "isAsync": false,
    "hasMembersUpdates": true,
    "Compact": true,
    "TwoColumn": true,
    "IsGlobalForExcelAddIn": false,
    "enableTransaction": false,
    "ReturnFilterByUpdate": false,
    "ExcludeFromNavLink": false,
    "FilterFieldBindings": []
  },
  "Widget": null,
  "Roles": []
}