{
  "MeasureGroupName": "016 Heat Map KPI Inputs",
  "MeasureGroupId": "e069b805-d466-1d6a-d373-88a38d65b293",
  "ParentMeasureGroupName": null,
  "HasShadow": false,
  "MeasureGroupDescription": "016 Heat Map KPI Inputs",
  "MeasureGroupType": "Regular",
  "FactTableName": "Fact016HeatMapKPIInputs",
  "SchemaMajorVersion": 0,
  "ConfigJson": {},
  "ApiName": null,
  "Repartition": false,
  "Unpartition": false,
  "ApiEnabled": false,
  "DimensionUsages": [
    {
      "DimensionName": "Version",
      "AttributeName": "Version Name",
      "SortOrder": 1,
      "DimensionType": "Regular"
    },
    {
      "DimensionName": "Sequence",
      "AttributeName": "Sequence",
      "SortOrder": 4,
      "DimensionType": "Regular"
    },
    {
      "DimensionName": "Item",
      "AttributeName": "L3",
      "SortOrder": 5,
      "DimensionType": "Regular"
    },
    {
      "DimensionName": "Location",
      "AttributeName": "Location Country",
      "SortOrder": 6,
      "DimensionType": "Regular"
    },
    {
      "DimensionName": "Sales Domain",
      "AttributeName": "Sales Planning Channel",
      "SortOrder": 7,
      "DimensionType": "Regular"
    },
    {
      "DimensionName": "Selling Season",
      "AttributeName": "Selling Season",
      "SortOrder": 8,
      "DimensionType": "Regular"
    }
  ]
}