{
  "MeasureGroupName": "012 TD Approval Status",
  "MeasureGroupId": "c8896627-d986-43c4-b70e-dddd00b5b63b",
  "ParentMeasureGroupName": null,
  "HasShadow": false,
  "MeasureGroupDescription": "3. Top down plan approval association",
  "MeasureGroupType": "Regular",
  "FactTableName": "FactTDPlanApproval",
  "SchemaMajorVersion": 0,
  "ConfigJson": {},
  "ApiName": null,
  "Repartition": false,
  "Unpartition": false,
  "ApiEnabled": false,
  "DimensionUsages": [
    {
      "DimensionName": "Version",
      "AttributeName": "Version Name",
      "SortOrder": 0,
      "DimensionType": "Regular"
    },
    {
      "DimensionName": "NamedNode",
      "AttributeName": "Retail_MFP_TD_Product_NN",
      "SortOrder": 1,
      "DimensionType": "NamedNode"
    }
  ]
}