{
  "MeasureName": "Cluster Aggregated Sales",
  "MeasureId": "a32a1506-578a-4d92-80df-ecbf6cd4ff6a",
  "MeasureDescription": "Aggregated sales per cluster",
  "DataType": "number",
  "MeasureType": "Regular",
  "AggregateFunction": "Sum",
  "FormatString": "#,##0; (#,##0)",
  "MeasureColumnName": "ClusterAggregatedSales",
  "MeasureFormula": "",
  "IsEditable": false,
  "ApplyConversion": false,
  "ConversionFormula": "",
  "PickListName": null,
  "BgColorFormula": " IF(Measure.[Cluster Aggregated Sales]<Measure.[Sales Threshold]) then argb( 1,255, 0, 0)",
  "FgColorFormula": " IF(Measure.[Cluster Aggregated Sales]<Measure.[Sales Threshold]) then argb( 1,255, 255, 255)",
  "TrendFormula": "",
  "FormattingViewModel": "[\r\n  {\r\n    \"BGCOLOR\": \"argb(1,255,0,0)\",\r\n    \"FGCOLOR\": \"argb(1,255,255,255)\",\r\n    \"Condition\": \"Measure.[Cluster Aggregated Sales]<Measure.[Sales Threshold]\"\r\n  }\r\n]",
  "ParentMeasureName": null,
  "AssociationMeasure": false,
  "IsComputedByPlanningService": false,
  "ToolTip": "Aggregated sales per cluster",
  "ConfigJson": {},
  "ApiName": null,
  "ApiDisabled": false,
  "IsReportingMeasure": false,
  "MeasureConditionalFormulaProperties": [
    {
      "MeasureName": null,
      "ConditionalFormula": "Measure.[Cluster Aggregated Sales]<Measure.[Sales Threshold]",
      "BGCOLOR": "rgba(255, 0, 0, 1)",
      "LegendText": "",
      "DisplayOrder": 0
    }
  ],
  "PicklistSource": null
}