{
  "Name": "AP62CreateRangePlan",
  "Description": "Create Range Plan",
  "ActionButtonId": "007de752-f72c-8244-fa03-0daaaadaa4a2",
  "Tooltip": "Create Range Plan",
  "ActionButtonType": "Rule",
  "Alignment": "right",
  "IsPopOver": true,
  "IsGlobal": false,
  "ActionClickHandler": null,
  "Icon": null,
  "Image": null,
  "ConfigJson": {
    "DisplayName": "Create Range Plan",
    "icon": "plus-square",
    "Position": "0",
    "SubmitButton": {
      "Label": "Submit"
    },
    "ResetButton": {
      "Label": "Reset"
    },
    "CloseButton": {
      "Label": "Close",
      "ConfirmMessage": "Unsaved changes will be lost. Continue?"
    },
    "NotifyRoles": false,
    "NotifyAll": false,
    "IBPLRules": [
      {
        "template": "exec procedure AP35UpdateStoreCluster {\"Version\": \"{{Version}}\", \"Class\": [{{#csv Class}}], \"LocationCountry\": [{{#csv LocationCountry}}], \"Channel\" : [{{#csv Channel}}], \"Cluster\" : [{{#csv Cluster}}], \"SellingSeason\": \"{{SellingSeason}}\"};"
      },
      {
        "template": "{{#if ToAutoAssort}}\nexec procedure AP32SeedOptionsToRanging {\"Version\": \"{{Version}}\", \"SellingSeason\": \"{{SellingSeason}}\", \"Channel\" : [{{#csv Channel}}], \"Class\": [{{#csv Class}}], \"LocationCountry\": [{{#csv LocationCountry}}], \"Cluster\": [{{#csv Cluster}}], \"CopyToLeaves\": {{CopyToLeaves}}};\n\nexec procedure AP38ProductRanking {\"Version\": \"{{Version}}\", \"SellingSeason\": \"{{SellingSeason}}\", \"ProductRankAndRecommendationLevel\": \"{{ProductRankAndRecommendationLevel}}\", \"Channel\" : [{{#csv Channel}}], \"Class\": [{{#csv Class}}], \"LocationCountry\": [{{#csv LocationCountry}}], \"Cluster\": [{{#csv Cluster}}]};\n\n{{#else}}\n\nexec procedure AP32SeedOptionsToRanging {\"Version\": \"{{Version}}\", \"SellingSeason\": \"{{SellingSeason}}\", \"Channel\" : [{{#csv Channel}}], \"Class\": [{{#csv Class}}], \"LocationCountry\": [{{#csv LocationCountry}}], \"Cluster\": [{{#csv Cluster}}], \"CopyToLeaves\": {{CopyToLeaves}}};\n\n{{/if}}\n"
      },
      {
        "template": "scope: (&CWVAndScenarios{{#filter Version}} * &APClasses{{#filter Class}} * &APCountries{{#filter LocationCountry}} * &APChannels{{#filter Channel}} * &APSellingSeasons{{#filter SellingSeason}} * [Process].[Process].[Store Ranging]) ;\nMeasure.[Line Plan Execution Status] = \"Successful\";\nEnd Scope;\n"
      },
      {
        "template": "exec procedure AP41ApproveRanging {\"Version\": \"{{Version}}\", \"StyleColor\": [{{#csv StyleColor}}], \"Location\": [{{#csv Location}}], \"Channel\" : [{{#csv Channel}}], \"Seasons\":  \"{{SellingSeason}}\", \"Cluster\": [{{#csv Cluster}}]};"
      },
      {
        "template": "scope: (&CWVAndScenarios{{#filter Version}} * &APClasses{{#filter Class}} * &APCountries{{#filter LocationCountry}} * &APChannels{{#filter Channel}} * &APSellingSeasons{{#filter SellingSeason}} * [Process].[Process].[Store Ranging Approval]) ;\nMeasure.[Line Plan Execution Status] = \"Successful\";\nEnd Scope;"
      },
      {
        "template": "exec procedure AP25CalculateIntake{\"Version\" : \"{{Version}}\",  \"StyleColor\": [{{#csv StyleColor}}]  ,\"Seasons\": [{{#csv SellingSeason}}],\"Location\": [{{#csv Location}}], \"Channel\" : [{{#csv Channel}}],\"Cluster\": [{{#csv Cluster}}], \"Execution\":{{Execution}}};"
      },
      {
        "template": "scope: (&CWVAndScenarios{{#filter Version}} * &APClasses{{#filter Class}} * &APCountries{{#filter LocationCountry}} * &APChannels{{#filter Channel}} * &APSellingSeasons{{#filter SellingSeason}} * [Process].[Process].[WSSI]) ;\nMeasure.[Line Plan Execution Status] = \"Successful\";\nEnd Scope;"
      }
    ],
    "JavascriptRules": [],
    "FieldBindings": [
      {
        "fieldName": "Version",
        "title": "Version",
        "type": "picklistDropdown",
        "selectionType": "single",
        "clearSearch": true,
        "source": "filter",
        "DimensionName": "Version",
        "LevelAttributeName": "Version Name",
        "visible": true,
        "isEditable": true,
        "validation": {
          "maxLength": "0",
          "required": true
        }
      },
      {
        "fieldName": "Location",
        "title": "Location",
        "Description": "Location",
        "type": "picklistDropdown",
        "selectionType": "multiple",
        "clearSearch": true,
        "select": "ALL",
        "source": "datasource",
        "key": "Locations",
        "valueField": "Location",
        "textField": "Location",
        "overrideFieldBindingType": false,
        "visible": false,
        "isEditable": true,
        "cascadeFrom": "Version",
        "validation": {
          "maxLength": "0",
          "required": true
        }
      },
      {
        "fieldName": "Class",
        "title": "Class",
        "Description": "Class",
        "type": "picklistDropdown",
        "clearSearch": true,
        "source": "parentAttribute",
        "DimensionName": "Item",
        "key": {
          "LevelAttribute": {
            "Name": "L3",
            "Property": "Name"
          }
        },
        "visible": true,
        "isEditable": true,
        "validation": {
          "maxLength": "0",
          "required": true
        }
      },
      {
        "fieldName": "CopyToLeaves",
        "title": "Spreading Type",
        "type": "radio",
        "selectionType": "single",
        "clearSearch": true,
        "select": "ALL",
        "source": "localPicklist",
        "values": [
          {
            "Key": "1",
            "Name": "Proportional Spreading"
          },
          {
            "Key": "2",
            "Name": "Copy To Leaves"
          }
        ],
        "valueField": "Key",
        "visible": false,
        "isEditable": true,
        "validation": {
          "maxLength": "0",
          "required": false
        }
      },
      {
        "fieldName": "SellingSeason",
        "title": "SellingSeason",
        "type": "picklistDropdown",
        "selectionType": "single",
        "clearSearch": true,
        "source": "filter",
        "DimensionName": "Selling Season",
        "LevelAttributeName": "Selling Season",
        "visible": true,
        "isEditable": true,
        "validation": {
          "maxLength": "0",
          "required": true
        }
      },
      {
        "fieldName": "Cluster",
        "title": "Cluster",
        "Description": "Cluster",
        "type": "picklistDropdown",
        "selectionType": "multiple",
        "clearSearch": true,
        "select": "ALL",
        "source": "datasource",
        "key": "Cluster",
        "valueField": "Cluster",
        "textField": "Cluster",
        "overrideFieldBindingType": false,
        "visible": false,
        "isEditable": true,
        "cascadeFrom": "LocationCountry",
        "validation": {
          "maxLength": "0",
          "required": true
        }
      },
      {
        "fieldName": "ToAutoAssort",
        "title": "Calculate Product Rank and Recommendation",
        "Description": "Calculate Product Rank and Recommendation",
        "type": "boolean",
        "selectionType": "single",
        "clearSearch": true,
        "source": "literal",
        "defaultValue": true,
        "visible": false,
        "isEditable": true,
        "validation": {
          "maxLength": "0",
          "required": true
        }
      },
      {
        "fieldName": "StyleColor",
        "title": "Style Colors",
        "Description": "Style Colors",
        "type": "picklist",
        "selectionType": "multiple",
        "clearSearch": true,
        "select": "ALL",
        "source": "datasource",
        "key": "SCs",
        "valueField": "Planning Item",
        "textField": "Planning Item",
        "overrideFieldBindingType": false,
        "visible": false,
        "isEditable": true,
        "cascadeFrom": "Class",
        "validation": {
          "maxLength": "0",
          "required": true
        }
      },
      {
        "fieldName": "ProductRankAndRecommendationLevel",
        "title": "Product Rank And Recommendation Level",
        "Description": "Applicable only when \"Product Rank And Recommendation Level\" is being calculated",
        "type": "radio",
        "selectionType": "single",
        "clearSearch": true,
        "select": "ALL",
        "source": "localPicklist",
        "values": [
          {
            "Key": "1",
            "Name": "PAG"
          },
          {
            "Key": "2",
            "Name": "Class"
          }
        ],
        "visible": false,
        "isEditable": true,
        "validation": {
          "maxLength": "0",
          "required": true
        },
        "valueField": "Name"
      },
      {
        "fieldName": "LocationCountry",
        "title": "Country",
        "Description": "Country",
        "type": "picklistDropdown",
        "selectionType": "multiple",
        "clearSearch": true,
        "source": "parentAttribute",
        "DimensionName": "Location",
        "key": {
          "LevelAttribute": {
            "Name": "Location Country",
            "Property": "Name"
          }
        },
        "visible": true,
        "isEditable": true,
        "validation": {
          "maxLength": "0",
          "required": true
        }
      },
      {
        "fieldName": "Channel",
        "title": "Channel",
        "Description": "Channel",
        "type": "picklistDropdown",
        "selectionType": "multiple",
        "clearSearch": true,
        "source": "parentAttribute",
        "DimensionName": "Sales Domain",
        "key": {
          "LevelAttribute": {
            "Name": "Sales Planning Channel",
            "Property": "Name"
          }
        },
        "visible": true,
        "isEditable": true,
        "validation": {
          "maxLength": "0",
          "required": true
        }
      },
      {
        "fieldName": "Execution",
        "title": "Execution Mode",
        "Description": "Execution Mode",
        "type": "radio",
        "selectionType": "single",
        "clearSearch": true,
        "select": "ALL",
        "source": "localPicklist",
        "values": [
          {
            "Key": "true",
            "Name": "Medium Weight"
          },
          {
            "Key": false,
            "Name": "Heavy Weight"
          }
        ],
        "valueField": "Key",
        "visible": false,
        "isEditable": true,
        "validation": {
          "maxLength": "0",
          "required": true
        }
      }
    ],
    "Range": [],
    "DataSources": [
      {
        "Name": "Cluster",
        "IBPLRules": [
          {
            "template": "Select (&CWVAndScenarios{{#filter Version}} * &APClasses{{#filter Class}} * &APCountries{{#filter LocationCountry}}.relatedmembers([Location]) *&APSellingSeasons{{#filter SellingSeason}}* &APClusters * &APChannels{{#filter Channel}}) on row, \n({Measure.[Store Grade Association]}) on column;"
          }
        ],
        "JavascriptRules": [],
        "IncludeDSFieldsOnly": false,
        "FieldBindings": []
      },
      {
        "Name": "SCs",
        "IBPLRules": [
          {
            "template": "Select (&CWVAndScenarios{{#filter Version}} * &APClasses{{#filter Class}}.relatedmembers([Planning Item]) * &APCountries{{#filter LocationCountry}} *&APSellingSeasons{{#filter SellingSeason}}* &APClusters * &APChannels{{#filter Channel}}) on row, \n({Measure.[Store Grade Association]}) on column;"
          }
        ],
        "JavascriptRules": [],
        "IncludeDSFieldsOnly": false,
        "FieldBindings": []
      },
      {
        "Name": "Locations",
        "IBPLRules": [
          {
            "template": "Select (&CWVAndScenarios{{#filter Version}} * &APClasses{{#filter Class}} * &APCountries{{#filter LocationCountry}}.relatedmembers([Location]) *&APSellingSeasons{{#filter SellingSeason}}* &APClusters * &APChannels{{#filter Channel}}) on row, \n({Measure.[Store Grade Association]}) on column;"
          }
        ],
        "JavascriptRules": [],
        "IncludeDSFieldsOnly": false,
        "FieldBindings": []
      }
    ],
    "AutoExecute": false,
    "isAsync": true,
    "hasMembersUpdates": false,
    "Compact": false,
    "TwoColumn": false,
    "IsGlobalForExcelAddIn": false,
    "ExcludeFromNavLink": false,
    "FilterFieldBindings": [],
    "enableTransaction": false
  },
  "Widget": null,
  "Roles": []
}