{
  "MeasureName": "Margin % SC SS Avg",
  "MeasureId": "a6c62b42-120d-48a8-0165-5ae9105c06aa",
  "MeasureDescription": "Margin % SC SS Avg",
  "DataType": "number",
  "MeasureType": "Regular",
  "AggregateFunction": "Avg",
  "FormatString": "#.[00]%",
  "MeasureColumnName": "Margin%SCSSAvg",
  "MeasureFormula": "safedivide(Measure.[Margin Actuals],Measure.[Sales Value Actuals])",
  "IsEditable": false,
  "ApplyConversion": false,
  "ConversionFormula": "",
  "PickListName": null,
  "BgColorFormula": "",
  "FgColorFormula": "",
  "TrendFormula": "",
  "FormattingViewModel": "[]",
  "ParentMeasureName": null,
  "AssociationMeasure": false,
  "IsComputedByPlanningService": true,
  "ToolTip": "Margin % SC SS Avg",
  "ConfigJson": {},
  "ApiName": null,
  "ApiDisabled": false,
  "IsReportingMeasure": false,
  "MeasureConditionalFormulaProperties": [],
  "PicklistSource": null
}