{
  "Name": "ReplenDILOPRCAEvaluation",
  "Description": "Evaluate RCA",
  "ActionButtonId": "7bf68a1f-3e62-4dec-cdad-38e4a88eb1a8",
  "Tooltip": "Evaluate RCA",
  "ActionButtonType": "Rule",
  "Alignment": "right",
  "IsPopOver": true,
  "IsGlobal": false,
  "ActionClickHandler": null,
  "Icon": null,
  "Image": null,
  "ConfigJson": {
    "DisplayName": "Evaluate RCA",
    "icon": "list",
    "Position": "0",
    "SubmitButton": {
      "Label": "Submit"
    },
    "ResetButton": {
      "Label": "Reset"
    },
    "CloseButton": {
      "Label": "Close",
      "ConfirmMessage": "Unsaved changes will be lost. Continue?"
    },
    "NotifyRoles": false,
    "NotifyAll": false,
    "IBPLRules": [
      {
        "template": "Select Version.[Version Name].[{{Version}}].Key;",
        "output": {
          "name": "VersionKey",
          "type": "memberpairs"
        }
      },
      {
        "template": "exec procedure ReplenDILOPDRCAEvaluation {\"Version\" : \"{{Version}}\" , \"VersionKey\" : {{VersionKey}}};",
        "input": {
          "name": "VersionKey"
        }
      },
      {
        "template": "deleteversion(\"ReplenRCAUnconstrainedScenario\");"
      }
    ],
    "JavascriptRules": [],
    "FieldBindings": [
      {
        "fieldName": "Version",
        "title": "Version",
        "type": "picklistDropdown",
        "clearSearch": true,
        "source": "members",
        "DimensionName": "Version",
        "LevelAttributeName": "Version Name",
        "visible": true,
        "isEditable": true,
        "validation": {
          "maxLength": "0",
          "required": true
        },
        "selectionType": "single"
      }
    ],
    "Range": [],
    "DataSources": [],
    "AutoExecute": false,
    "isAsync": true,
    "hasMembersUpdates": false,
    "Compact": false,
    "TwoColumn": false,
    "IsGlobalForExcelAddIn": false,
    "ExcludeFromNavLink": false,
    "FilterFieldBindings": []
  },
  "Widget": null,
  "Roles": []
}