{
  "AttributeName": "Project Sub Industry",
  "AttributeId": "6f40484d-de70-c82d-7d33-85e40111211a",
  "AttributeHierarchyEnabled": false,
  "IsKey": false,
  "Description": "Project Sub Industry",
  "OrderBy": "Key",
  "KeyColumnName": "ProjectSubIndustryKey",
  "NameColumnName": null,
  "KeyColumnDataType": "string",
  "SeedTags": false,
  "KeyGenerationType": null,
  "PickListName": null,
  "ConfigJson": {
    "IsVisible": true,
    "IsEditable": true
  },
  "FormatString": "",
  "Translation": null,
  "Aliases": [],
  "ApiName": null,
  "ApiDisabled": false
}
