{
  "MeasureName": "SP Vs LLLY Sls Rtl Growth %",
  "MeasureId": "b4b9634b-9b7b-0633-f5ee-5dfca4818090",
  "MeasureDescription": "SP Vs LLLY Sls Rtl Growth %",
  "DataType": "number",
  "MeasureType": "Regular",
  "AggregateFunction": "Computed",
  "FormatString": "0.00%",
  "MeasureColumnName": "SPVsLLLYSlsRtlGrowth%",
  "MeasureFormula": "safedivide((Measure.[SP Sls Rtl] - Measure.[LLLY Sls Rtl]),Measure.[LLLY Sls Rtl])",
  "IsEditable": false,
  "ApplyConversion": false,
  "ConversionFormula": null,
  "PickListName": null,
  "BgColorFormula": "",
  "FgColorFormula": "",
  "TrendFormula": "",
  "FormattingViewModel": "[]",
  "ParentMeasureName": null,
  "AssociationMeasure": false,
  "IsComputedByPlanningService": false,
  "ToolTip": "(SP Sales Rtl - LLLLY Sales Rtl)/LLLLY Sales Rtl",
  "ConfigJson": {},
  "ApiName": null,
  "ApiDisabled": false,
  "IsReportingMeasure": true,
  "MeasureConditionalFormulaProperties": [],
  "PicklistSource": null
}