{
  "AttributeName": "Latest Barcode",
  "AttributeId": "6e07d483-c4ca-f174-8bc2-061f11a66d9b",
  "AttributeHierarchyEnabled": false,
  "IsKey": false,
  "Description": "Stores the latest barcode of the SKUs for reporting purpose",
  "OrderBy": "Key",
  "KeyColumnName": "LatestBarcodeKey",
  "NameColumnName": null,
  "KeyColumnDataType": "string",
  "SeedTags": false,
  "KeyGenerationType": "UserSupplied",
  "PickListName": null,
  "ConfigJson": {},
  "FormatString": null,
  "Translation": null,
  "Aliases": [],
  "ApiName": null,
  "ApiDisabled": false,
  "FgColorFormula": null,
  "BgColorFormula": null,
  "IsReservedBySystem": false
}