{
  "RelationshipTypeName": "930 Item ShipTo Location Realignment",
  "RelationshipTypeId": "f9539b66-9bec-4b38-a1e1-8b8ccf69dbec",
  "RelationshipTypeDescription": "Graph to map Old Location to New Location for a particular item and shipto for Item ShipTo Location Realignment",
  "MemberRelationFactSchemaName": "graph",
  "MemberRelationFactTableName": "Fact930ItemShipToLocationRealignment",
  "IsDirected": false,
  "AutoCreateActivationProperty": false,
  "IsAssociationGraph": false,
  "ConfigJson": {},
  "ApiName": null,
  "ApiEnabled": false
}