{
  "MeasureGroupName": "010.006 Data Object Delete Flags",
  "MeasureGroupId": "05f7e752-fd3e-45e1-a38d-0069a21b9cb5",
  "ParentMeasureGroupName": null,
  "HasShadow": false,
  "MeasureGroupDescription": "Data Object Delete Flags",
  "MeasureGroupType": "Regular",
  "FactTableName": "Fact010.006DataObjectDeleteFlags",
  "SchemaMajorVersion": 0,
  "ConfigJson": {},
  "ApiName": null,
  "Repartition": false,
  "Unpartition": false,
  "ApiEnabled": false,
  "DimensionUsages": [
    {
      "DimensionName": "Version",
      "AttributeName": "Version Name",
      "SortOrder": 0,
      "DimensionType": "Regular"
    },
    {
      "DimensionName": "Data Object",
      "AttributeName": "Data Object",
      "SortOrder": 1,
      "DimensionType": "Regular"
    }
  ]
}