{
  "MeasureGroupName": "o9EKG Pipeline Dependency",
  "MeasureGroupId": "2ef63e52-11e5-52bd-d906-0ca999b2fd33",
  "ParentMeasureGroupName": null,
  "HasShadow": false,
  "MeasureGroupDescription": "o9EKG Pipeline Dependency",
  "MeasureGroupType": "Regular",
  "FactTableName": "Facto9EKGPipelineDependency",
  "SchemaMajorVersion": 0,
  "ConfigJson": {},
  "ApiName": null,
  "Repartition": false,
  "Unpartition": false,
  "ApiEnabled": false,
  "DimensionUsages": [
    {
      "DimensionName": "Version",
      "AttributeName": "Version Name",
      "SortOrder": 0,
      "DimensionType": "Regular"
    },
    {
      "DimensionName": "o9EKG Customer",
      "AttributeName": "Project Name",
      "SortOrder": 1,
      "DimensionType": "Regular"
    },
    {
      "DimensionName": "o9EKG Pipeline",
      "AttributeName": "Pipeline Name",
      "SortOrder": 2,
      "DimensionType": "Regular"
    },
    {
      "DimensionName": "o9EKGSequence",
      "AttributeName": "o9EKGSequenceNumber",
      "SortOrder": 3,
      "DimensionType": "Regular"
    },
    {
      "DimensionName": "o9EKG Batch Type",
      "AttributeName": "Batch Type",
      "SortOrder": 4,
      "DimensionType": "Regular"
    }
  ]
}