{
  "MeasureName": "Net REV Actual vs LY %",
  "MeasureId": "5d3775e3-c444-4e5c-8396-e224ccf3d35c",
  "MeasureDescription": "Net REV Actual/Net REV Actual LY",
  "DataType": "number",
  "MeasureType": "Regular",
  "AggregateFunction": "Computed",
  "FormatString": "0%",
  "MeasureColumnName": "NetREVActualvsLY%",
  "MeasureFormula": "safedivide(Measure.[Net REV Actual], Measure.[Net REV Actual LY])",
  "IsEditable": false,
  "ApplyConversion": false,
  "ConversionFormula": "",
  "PickListName": null,
  "BgColorFormula": "",
  "FgColorFormula": "",
  "TrendFormula": "",
  "FormattingViewModel": null,
  "ParentMeasureName": null,
  "AssociationMeasure": false,
  "IsComputedByPlanningService": false,
  "ToolTip": "Net REV Actual/Net REV Actual LY",
  "ConfigJson": {},
  "ApiName": null,
  "ApiDisabled": false,
  "IsReportingMeasure": true,
  "MeasureConditionalFormulaProperties": [],
  "PicklistSource": null
}