{
  "MeasureGroupName": "002.001D Capacity RCA",
  "MeasureGroupId": "33598be9-a0ce-4b1c-b843-249e12eedac5",
  "ParentMeasureGroupName": null,
  "HasShadow": false,
  "MeasureGroupDescription": "Retail Capacity RCA",
  "MeasureGroupType": "Regular",
  "FactTableName": "Fact002.003DRetailCapacityRCA",
  "SchemaMajorVersion": 0,
  "ConfigJson": {},
  "ApiName": null,
  "Repartition": false,
  "Unpartition": false,
  "ApiEnabled": false,
  "DimensionUsages": [
    {
      "DimensionName": "Version",
      "AttributeName": "Version Name",
      "SortOrder": 0,
      "DimensionType": "Regular"
    },
    {
      "DimensionName": "Time",
      "AttributeName": "Day",
      "SortOrder": 0,
      "DimensionType": "Time"
    },
    {
      "DimensionName": "Location",
      "AttributeName": "Location",
      "SortOrder": 1,
      "DimensionType": "Regular"
    },
    {
      "DimensionName": "Item",
      "AttributeName": "Item",
      "SortOrder": 2,
      "DimensionType": "Regular"
    },
    {
      "DimensionName": "Demand",
      "AttributeName": "DemandID",
      "SortOrder": 3,
      "DimensionType": "Regular"
    },
    {
      "DimensionName": "Demand Type",
      "AttributeName": "Demand Type",
      "SortOrder": 4,
      "DimensionType": "Regular"
    },
    {
      "DimensionName": "Resource",
      "AttributeName": "Resource",
      "SortOrder": 6,
      "DimensionType": "Regular"
    },
    {
      "DimensionName": "RootCause",
      "AttributeName": "Problem Type",
      "SortOrder": 7,
      "DimensionType": "Regular"
    },
    {
      "DimensionName": "Sales Domain",
      "AttributeName": "Customer Group",
      "SortOrder": 8,
      "DimensionType": "Regular"
    }
  ]
}