{
  "Name": "SupplyPlan174DEditCapacityConsumptionPlanOverride",
  "Description": "Capacity Consumption Plan Override",
  "ActionButtonId": "73a5e8c1-db30-4849-a00f-a10b2463d75b",
  "Tooltip": "Capacity Consumption Plan Override",
  "ActionButtonType": "Rule",
  "Alignment": "right",
  "IsPopOver": true,
  "IsGlobal": false,
  "ActionClickHandler": null,
  "Icon": null,
  "Image": null,
  "ConfigJson": {
    "icon": "plus",
    "Position": "0",
    "SubmitButton": {
      "Label": "Submit"
    },
    "ResetButton": {
      "Label": "Reset"
    },
    "CloseButton": {
      "Label": "Close",
      "ConfirmMessage": "Unsaved changes will be lost. Continue?"
    },
    "NotifyAll": false,
    "IBPLRules": [
      {
        "template": "Cartesian scope: ([Activity3].[Activity3]{{#filter Activity3}} * [Activity2].[Activity2]{{#filter Activity2}} * [Activity1].[Activity1]{{#filter Activity1}} * [Version].[Version Name]{{#filter Version}} * [Documents].[OrderlineID]{{#filter OrderlineID}} * [Location].[Location]{{#filter Location}} * [Time].[Day]{{#filter Day}} * [Resource].[Resource]{{#filter Resource}} );\nMeasure.[D Capacity Consumption Quantity Plan Output Override] = {{CapacityConsQuantity}} ;\nend scope;"
      }
    ],
    "JavascriptRules": [],
    "FieldBindings": [
      {
        "fieldName": "Version",
        "title": "Version",
        "Description": "Version",
        "type": "picklistDropdown",
        "selectionType": "single",
        "clearSearch": true,
        "source": "filter",
        "DimensionName": "Version",
        "LevelAttributeName": "Version Name",
        "visible": true,
        "isEditable": true,
        "validation": {
          "maxLength": "0",
          "required": true
        }
      },
      {
        "fieldName": "Resource",
        "title": "Resource",
        "Description": "Resource",
        "type": "picklistDropdown",
        "selectionType": "single",
        "clearSearch": true,
        "source": "filter",
        "DimensionName": "Resource",
        "LevelAttributeName": "Resource",
        "visible": true,
        "isEditable": true,
        "validation": {
          "maxLength": "0",
          "required": true
        }
      },
      {
        "fieldName": "Location",
        "title": "Location",
        "Description": "Location",
        "type": "picklistDropdown",
        "selectionType": "single",
        "clearSearch": true,
        "source": "filter",
        "DimensionName": "Location",
        "LevelAttributeName": "Location",
        "visible": true,
        "isEditable": true,
        "validation": {
          "maxLength": "0",
          "required": true
        }
      },
      {
        "fieldName": "CapacityConsQuantity",
        "title": "CapacityConsQuantity",
        "Description": "Capacity Consumption Plan Quantity",
        "type": "number",
        "selectionType": "single",
        "clearSearch": true,
        "source": "literal",
        "visible": true,
        "isEditable": true,
        "validation": {
          "maxLength": "0",
          "required": true
        }
      },
      {
        "fieldName": "Day",
        "title": "Day",
        "Description": "Day",
        "type": "picklistDropdown",
        "selectionType": "single",
        "clearSearch": true,
        "source": "datasource",
        "key": "TimeHorizon",
        "valueField": "Name",
        "textField": "Name",
        "visible": true,
        "isEditable": true,
        "validation": {
          "maxLength": "0",
          "required": true
        }
      },
      {
        "fieldName": "OrderlineID",
        "title": "OrderlineID",
        "Description": "OrderlineID",
        "type": "picklistDropdown",
        "selectionType": "single",
        "clearSearch": true,
        "source": "filter",
        "DimensionName": "Documents",
        "LevelAttributeName": "OrderlineID",
        "visible": true,
        "isEditable": true,
        "validation": {
          "maxLength": "0",
          "required": true
        }
      },
      {
        "fieldName": "Activity1",
        "title": "Activity1",
        "Description": "Activity1",
        "type": "picklistDropdown",
        "selectionType": "single",
        "clearSearch": true,
        "source": "filter",
        "DimensionName": "Activity1",
        "LevelAttributeName": "Activity1",
        "visible": true,
        "isEditable": true,
        "validation": {
          "maxLength": "0",
          "required": true
        }
      },
      {
        "fieldName": "Activity2",
        "title": "Activity2",
        "Description": "Activity2",
        "type": "picklistDropdown",
        "selectionType": "single",
        "clearSearch": true,
        "source": "filter",
        "DimensionName": "Activity2",
        "LevelAttributeName": "Activity2",
        "visible": true,
        "isEditable": true,
        "validation": {
          "maxLength": "0",
          "required": true
        }
      },
      {
        "fieldName": "Activity3",
        "title": "Activity3",
        "Description": "Activity3",
        "type": "picklistDropdown",
        "selectionType": "single",
        "clearSearch": true,
        "source": "filter",
        "DimensionName": "Activity3",
        "LevelAttributeName": "Activity3",
        "visible": true,
        "isEditable": true,
        "validation": {
          "maxLength": "0",
          "required": true
        }
      }
    ],
    "DataSources": [
      {
        "Name": "TimeHorizon",
        "IBPLRules": [
          {
            "template": "select(&DailyPlanningHorizon);"
          }
        ],
        "JavascriptRules": [],
        "IncludeDSFieldsOnly": false,
        "FieldBindings": []
      }
    ],
    "AutoExecute": false,
    "isAsync": false,
    "hasMembersUpdates": false,
    "Compact": false,
    "TwoColumn": false,
    "IsGlobalForExcelAddIn": false,
    "FilterFieldBindings": []
  },
  "Widget": null
}