{
  "Name": "SupplyPlan180WPromoteSharedTransportationResourcesTuple",
  "Description": "Promote Shared Transportation Resource",
  "ActionButtonId": "8e91b9a6-2394-0616-8895-9a31fb5ec143",
  "Tooltip": "Promote Shared Transportation Resource",
  "ActionButtonType": "Widget",
  "Alignment": "right",
  "IsPopOver": true,
  "IsGlobal": true,
  "ActionClickHandler": null,
  "Icon": null,
  "Image": null,
  "ConfigJson": {
    "DisplayName": "Promote Shared Transportation Resource",
    "icon": "chain",
    "SubmitButton": {
      "Label": "Submit"
    },
    "ResetButton": {
      "Label": "Reset"
    },
    "CloseButton": {
      "Label": "Close",
      "ConfirmMessage": "Unsaved changes will be lost. Continue?"
    },
    "NotifyAll": false,
    "IBPLRules": [
      {
        "template": "{{#each Tuple}}\n\nscope:({{#entity Location}} * {{#entity Day}} * {{#entity Resource}} * {{#entity Activity1}} * {{#entity Activity2}} * Version.[Version Name].[{{TargetScenario}}]);\n\nMeasure.[DIST Transportation Shared Capacity Override] = Measure.[DIST Transportation Shared Capacity Override]@(Version.[Version Name].[{{SourceScenario}}]);\nMeasure.[DIST Transportation Shared Flex Capacity Band1 Override] = Measure.[DIST Transportation Shared Flex Capacity Band1 Override]@(Version.[Version Name].[{{SourceScenario}}]);\nMeasure.[DIST Transportation Shared Flex Capacity Band2 Override] = Measure.[DIST Transportation Shared Flex Capacity Band2 Override]@(Version.[Version Name].[{{SourceScenario}}]);\n\nend scope;\n\n{{/each}}"
      }
    ],
    "JavascriptRules": [],
    "FieldBindings": [
      {
        "fieldName": "SourceScenario",
        "title": "SourceScenario",
        "type": "picklistDropdown",
        "selectionType": "single",
        "clearSearch": true,
        "select": "NONE",
        "source": "datasource",
        "key": "SourceScenarioWS",
        "valueField": "Name",
        "textField": "Name",
        "visible": true,
        "isEditable": true,
        "validation": {
          "maxLength": "0",
          "required": true
        }
      },
      {
        "fieldName": "TargetScenario",
        "title": "TargetScenario",
        "type": "picklistDropdown",
        "selectionType": "single",
        "clearSearch": true,
        "select": "NONE",
        "source": "datasource",
        "key": "TargetScenarioWS",
        "valueField": "Name",
        "textField": "Name",
        "visible": true,
        "isEditable": true,
        "validation": {
          "maxLength": "0",
          "required": true
        }
      },
      {
        "fieldName": "Tuple",
        "title": "Tuple",
        "type": "picklistDropdown",
        "select": "ALL",
        "clearSearch": true,
        "source": "parentTuple",
        "TuplesList": [
          {
            "Key": "Location",
            "LevelAttribute": {
              "DimensionName": "Location",
              "Name": "Location",
              "textField": "Name"
            },
            "tuplesource": "LevelAttribute"
          },
          {
            "Key": "Day",
            "LevelAttribute": {
              "DimensionName": "Time",
              "Name": "Day",
              "textField": "Name"
            },
            "tuplesource": "LevelAttribute"
          },
          {
            "Key": "Activity1",
            "LevelAttribute": {
              "DimensionName": "Activity1",
              "Name": "Activity1",
              "textField": "Name"
            },
            "tuplesource": "LevelAttribute"
          },
          {
            "Key": "Activity2",
            "LevelAttribute": {
              "DimensionName": "Activity2",
              "Name": "Activity2",
              "textField": "Name"
            },
            "tuplesource": "LevelAttribute"
          },
          {
            "Key": "Resource",
            "LevelAttribute": {
              "DimensionName": "Resource",
              "Name": "Resource",
              "textField": "Name"
            },
            "tuplesource": "LevelAttribute"
          }
        ],
        "visible": false,
        "isEditable": true,
        "validation": {
          "required": true
        }
      }
    ],
    "DataSources": [
      {
        "Name": "SourceScenarioWS",
        "IBPLRules": [
          {
            "template": "Select &CWVAndScenarios.filter(#.Name !=\"CurrentWorkingView\");"
          }
        ],
        "JavascriptRules": [],
        "IncludeDSFieldsOnly": false,
        "FieldBindings": []
      },
      {
        "Name": "TargetScenarioWS",
        "IBPLRules": [
          {
            "template": "Select &CWV;"
          }
        ],
        "JavascriptRules": [],
        "IncludeDSFieldsOnly": false,
        "FieldBindings": []
      }
    ],
    "AutoExecute": false,
    "isAsync": false,
    "hasMembersUpdates": false,
    "Compact": false,
    "TwoColumn": false,
    "IsGlobalForExcelAddIn": false,
    "ReturnFilterByUpdate": false,
    "FilterFieldBindings": []
  },
  "Widget": null
}