{
  "MeasureName": "Process Execution Source Scenario Name",
  "MeasureId": "a2955622-c3cd-48b9-0209-1b887beb9455",
  "MeasureDescription": "Name of the source scenario",
  "DataType": "string",
  "MeasureType": "Regular",
  "AggregateFunction": "Sum",
  "FormatString": "#,##0;(#,##0)",
  "MeasureColumnName": "ProcessExecutionSourceScenarioName",
  "MeasureFormula": "",
  "IsEditable": true,
  "ApplyConversion": false,
  "ConversionFormula": "",
  "PickListName": null,
  "BgColorFormula": " IF(Isnull(measure.[Process Execution Source Scenario Name])&&(measure.[Process Execution Rule Name]==\"Rule_01\"||measure.[Process Execution Rule Name]==\"Rule_03\")) then argb( 1,255, 167, 167)",
  "FgColorFormula": "",
  "TrendFormula": "",
  "FormattingViewModel": null,
  "ParentMeasureName": null,
  "AssociationMeasure": false,
  "IsComputedByPlanningService": false,
  "ToolTip": "Name of the source scenario",
  "ConfigJson": {},
  "ApiName": null,
  "ApiDisabled": false,
  "IsReportingMeasure": false,
  "MeasureConditionalFormulaProperties": [],
  "PicklistSource": null
}