{
  "MeasureGroupName": "005 Heat Map Benchmarks",
  "MeasureGroupId": "6fdc4bbb-e251-3d81-5c03-059d902ee1ee",
  "ParentMeasureGroupName": null,
  "HasShadow": false,
  "MeasureGroupDescription": "005 Heat Map Benchmarks",
  "MeasureGroupType": "Regular",
  "FactTableName": "Fact005HeatMapBenchmarks",
  "SchemaMajorVersion": 0,
  "ConfigJson": {},
  "ApiName": null,
  "Repartition": false,
  "Unpartition": false,
  "ApiEnabled": false,
  "DimensionUsages": [
    {
      "DimensionName": "Version",
      "AttributeName": "Version Name",
      "SortOrder": 0,
      "DimensionType": "Regular"
    },
    {
      "DimensionName": "NamedNode",
      "AttributeName": "Retail_AP_FD_Product_Location_Setup_NN",
      "SortOrder": 1,
      "DimensionType": "NamedNode"
    },
    {
      "DimensionName": "NamedNode",
      "AttributeName": "Retail_AP_FD_Common_NN",
      "SortOrder": 2,
      "DimensionType": "NamedNode"
    }
  ]
}