{
  "MeasureGroupName": "o9EKG Exploratory Data Analysis",
  "MeasureGroupId": "a570d599-2669-096b-ff23-8b178d1d65be",
  "ParentMeasureGroupName": null,
  "HasShadow": false,
  "MeasureGroupDescription": "o9EKG Exploratory Data Analysis Reports",
  "MeasureGroupType": "Regular",
  "FactTableName": "Facto9EKGExploratoryDataAnalysis",
  "SchemaMajorVersion": 0,
  "ConfigJson": {},
  "ApiName": null,
  "Repartition": false,
  "Unpartition": false,
  "ApiEnabled": false,
  "DimensionUsages": [
    {
      "DimensionName": "Version",
      "AttributeName": "Version Name",
      "SortOrder": 0,
      "DimensionType": "Regular"
    },
    {
      "DimensionName": "o9EKG Customer",
      "AttributeName": "Project Name",
      "SortOrder": 1,
      "DimensionType": "Regular"
    },
    {
      "DimensionName": "o9EKG Table",
      "AttributeName": "Table Name",
      "SortOrder": 2,
      "DimensionType": "Regular"
    },
    {
      "DimensionName": "o9EKGSequence",
      "AttributeName": "o9EKGSequenceNumber",
      "SortOrder": 3,
      "DimensionType": "Regular"
    }
  ]
}