{
  "Name": "DI006AddingRowsOutFiles",
  "Description": "Add Record",
  "ActionButtonId": "ae25138e-addd-46f9-a9cf-52ec67dc1f60",
  "Tooltip": "Add Record",
  "ActionButtonType": "Rule",
  "Alignment": "right",
  "IsPopOver": true,
  "IsGlobal": false,
  "ActionClickHandler": null,
  "Icon": null,
  "Image": null,
  "ConfigJson": {
    "icon": "plus",
    "Position": "0",
    "SubmitButton": {
      "Label": "Submit"
    },
    "ResetButton": {
      "Label": "Reset"
    },
    "CloseButton": {
      "Label": "Close",
      "ConfirmMessage": "Unsaved changes will be lost. Continue?"
    },
    "NotifyAll": false,
    "IBPLRules": [
      {
        "template": "Createmember([Out Files].[Serial No] = {, \"{{SerialNo}}\"},[Out Files].[Table Name] = {,\"{{TableName}}\"});\n\ncartesian scope:([Version].[Version Name].[{{Version}}]*[Out Files].[Serial No].[{{SerialNo}}]*[Out Files].[Table Name].[{{TableName}}]);\nMeasure.[Output Block Name] =\"{{BlockName}}\";\nMeasure.[Output File Name] =\"{{FileName}}\";\nMeasure.[Output Category] =\"{{Category}}\";  \n{{#if RequiredForIntegration}}\nMeasure.[Output Required For Integration] = \"{{RequiredForIntegration}}\" ;\n{{#else}} Measure.[Output Required For Integration] = null ;\n{{/if}}\n{{#if MP}}\nMeasure.[Output MP] = \"{{MP}}\" ;\n{{#else}} Measure.[Output MP] = null ;\n{{/if}}\n{{#if DP}}\nMeasure.[Output DP] = \"{{DP}}\" ;\n{{#else}} Measure.[Output DP] = null ;\n{{/if}}\n{{#if OP}}\nMeasure.[Output OP] = \"{{OP}}\" ;\n{{#else}} Measure.[Output OP] = null ;\n{{/if}}\n{{#if MEIO}}\nMeasure.[Output MEIO] = \"{{MEIO}}\" ;\n{{#else}} Measure.[Output MEIO] = null ;\n{{/if}}\n{{#if ControlTower}}\nMeasure.[Output Control Tower] = \"{{ControlTower}}\" ;\n{{#else}} Measure.[Output Control Tower] = null ;\n{{/if}}\n{{#if RetailReplenishment}}\nMeasure.[Output Retail Replenishment] = \"{{RetailReplenishment}}\" ;\n{{#else}} Measure.[Output Retail Replenishment] = null ;\n{{/if}}\n{{#if CommercialPlanning}}\nMeasure.[Output Commercial Planning] = \"{{CommercialPlanning}}\" ;\n{{#else}} Measure.[Output Commercial Planning] = null ;\n{{/if}}\n{{#if Scheduling}}\nMeasure.[Output Scheduling] = \"{{Scheduling}}\" ;\n{{#else}} Measure.[Output Scheduling] = null ;\n{{/if}}\nMeasure.[Output Measure Group] =\"{{MeasureGroup}}\";\nMeasure.[Output Net Change Enabled] =\"{{NetChangeEnabled}}\";\nMeasure.[Output Override Existing Measure Values] =\"{{OverrideExistingMeasureValues}}\";\n{{#if SyncDirection}}\nMeasure.[Output Sync Direction] = \"{{SyncDirection}}\" ;\n{{#else}} Measure.[Output Sync Direction] = null ;\n{{/if}}\n{{#if FactTarget}}\nMeasure.[Output Fact Target] = \"{{FactTarget}}\" ;\n{{#else}} Measure.[Output Fact Target] = null ;\n{{/if}}\n{{#if TLB}}\nMeasure.[Output TLB] = \"{{TLB}}\" ;\n{{#else}} Measure.[Output TLB] = null ;\n{{/if}}\n{{#if OrderPromising}}\nMeasure.[Output Order Promising] = \"{{OrderPromising}}\" ;\n{{#else}} Measure.[Output Order Promising] = null ;\n{{/if}}\n\nend scope;"
      }
    ],
    "JavascriptRules": [],
    "FieldBindings": [
      {
        "fieldName": "Version",
        "title": "Version",
        "Description": "Version",
        "type": "picklistDropdown",
        "selectionType": "single",
        "clearSearch": true,
        "source": "members",
        "DimensionName": "Version",
        "LevelAttributeName": "Version Name",
        "visible": true,
        "isEditable": true,
        "validation": {
          "maxLength": "0",
          "required": true
        }
      },
      {
        "fieldName": "SerialNo",
        "title": "Serial No",
        "Description": "Serial No",
        "type": "number",
        "clearSearch": true,
        "source": "literal",
        "visible": true,
        "isEditable": true,
        "validation": {
          "maxLength": "0",
          "required": true
        }
      },
      {
        "fieldName": "TableName",
        "title": "Table Name",
        "Description": "The output table name into which the validated and processed data will be stored during the batch process",
        "type": "string",
        "clearSearch": true,
        "source": "literal",
        "visible": true,
        "isEditable": true,
        "validation": {
          "maxLength": "0",
          "required": true
        }
      },
      {
        "fieldName": "BlockName",
        "title": "BlockName",
        "Description": "Config2.0 Block names corresponding to solutions defined by user",
        "type": "string",
        "clearSearch": true,
        "source": "literal",
        "visible": true,
        "isEditable": true,
        "validation": {
          "maxLength": "0",
          "required": true
        }
      },
      {
        "fieldName": "FileName",
        "title": "File Name",
        "Description": "The file to which the output data will be exported from DB tables. This file will then be used to upload data into tenant",
        "type": "string",
        "clearSearch": true,
        "source": "literal",
        "visible": true,
        "isEditable": true,
        "validation": {
          "maxLength": "0",
          "required": true
        }
      },
      {
        "fieldName": "Category",
        "title": "Category",
        "Description": "The category of DB table exported data. This field is used to control the order of file upload to tenant  Supprorted values: Fact Fact_DataValidations Dimension Dimension_DataValidations",
        "type": "picklistDropdown",
        "selectionType": "single",
        "clearSearch": true,
        "source": "picklist",
        "key": "Integration Files Category",
        "visible": true,
        "isEditable": true,
        "validation": {
          "maxLength": "0",
          "required": true
        },
        "select": "NONE"
      },
      {
        "fieldName": "RequiredForIntegration",
        "title": "RequiredForIntegration",
        "type": "picklistDropdown",
        "selectionType": "single",
        "clearSearch": true,
        "select": "NONE",
        "source": "picklist",
        "key": "Integration Yes No",
        "visible": true,
        "isEditable": true,
        "validation": {
          "maxLength": "0",
          "required": true
        }
      },
      {
        "fieldName": "MP",
        "title": "MP",
        "Description": "Specify YES if the output data is expected in the MP Batch processing.  Blank cell indicates that the output data is not expected for the batch",
        "type": "picklistDropdown",
        "selectionType": "single",
        "clearSearch": true,
        "select": "NONE",
        "source": "picklist",
        "key": "Integration Yes",
        "visible": true,
        "isEditable": true,
        "validation": {
          "maxLength": "0",
          "required": false
        }
      },
      {
        "fieldName": "DP",
        "title": "DP",
        "Description": "Specify YES if the output data is expected in the DP Batch processing.  Blank cell indicates that the output data is not expected for the batch",
        "type": "picklistDropdown",
        "selectionType": "single",
        "clearSearch": true,
        "select": "NONE",
        "source": "picklist",
        "key": "Integration Yes",
        "visible": true,
        "isEditable": true,
        "validation": {
          "maxLength": "0",
          "required": false
        }
      },
      {
        "fieldName": "OP",
        "title": "OP",
        "Description": "Specify YES if the output data is expected in the OP Batch processing.  Blank cell indicates that the output data is not expected for the batch",
        "type": "picklistDropdown",
        "selectionType": "single",
        "clearSearch": true,
        "select": "NONE",
        "source": "picklist",
        "key": "Integration Yes",
        "visible": true,
        "isEditable": true,
        "validation": {
          "maxLength": "0",
          "required": false
        }
      },
      {
        "fieldName": "MEIO",
        "title": "MEIO",
        "Description": "Specify YES if the output data is expected in the MEIO Batch processing.  Blank cell indicates that the output data is not expected for the batch",
        "type": "picklistDropdown",
        "selectionType": "single",
        "clearSearch": true,
        "select": "NONE",
        "source": "picklist",
        "visible": true,
        "isEditable": true,
        "validation": {
          "maxLength": "0",
          "required": false
        },
        "key": "Integration_Yes"
      },
      {
        "fieldName": "ControlTower",
        "title": "ControlTower",
        "Description": "Specify YES if the output data is expected in the Control Tower Batch processing.  Blank cell indicates that the output data is not expected for the batch",
        "type": "picklistDropdown",
        "selectionType": "single",
        "clearSearch": true,
        "select": "NONE",
        "source": "picklist",
        "visible": true,
        "isEditable": true,
        "validation": {
          "maxLength": "0",
          "required": false
        },
        "key": "Integration Yes"
      },
      {
        "fieldName": "RetailReplenishment",
        "title": "Retail Replenishment",
        "Description": "Specify YES if the output data is expected in the Batch processing.  Blank cell indicates that the output data is not expected for the batch",
        "type": "picklistDropdown",
        "selectionType": "single",
        "clearSearch": true,
        "select": "NONE",
        "source": "picklist",
        "key": "Integration Yes",
        "visible": true,
        "isEditable": true,
        "validation": {
          "maxLength": "0",
          "required": false
        }
      },
      {
        "fieldName": "CommercialPlanning",
        "title": "Commercial Planning",
        "Description": "Specify YES if the output data is expected in the Batch processing.  Blank cell indicates that the output data is not expected for the batch",
        "type": "picklistDropdown",
        "selectionType": "single",
        "clearSearch": true,
        "select": "NONE",
        "source": "picklist",
        "key": "Integration Yes",
        "visible": true,
        "isEditable": true,
        "validation": {
          "maxLength": "0",
          "required": false
        }
      },
      {
        "fieldName": "Scheduling",
        "title": "Scheduling",
        "Description": "Specify YES if the output data is expected in the Batch processing.  Blank cell indicates that the output data is not expected for the batch",
        "type": "picklistDropdown",
        "selectionType": "single",
        "clearSearch": true,
        "select": "NONE",
        "source": "picklist",
        "key": "Integration Yes",
        "visible": true,
        "isEditable": true,
        "validation": {
          "maxLength": "0",
          "required": false
        }
      },
      {
        "fieldName": "TLB",
        "title": "TLB",
        "type": "picklistDropdown",
        "selectionType": "single",
        "clearSearch": true,
        "select": "NONE",
        "source": "picklist",
        "key": "Integration Yes",
        "visible": true,
        "isEditable": true,
        "validation": {
          "maxLength": "0",
          "required": false
        }
      },
      {
        "fieldName": "MeasureGroup",
        "title": "Measure Group",
        "Description": "Specify the Measure group in which the measures from the plan/graph table is present in the LS.",
        "type": "string",
        "clearSearch": true,
        "source": "literal",
        "visible": true,
        "isEditable": true,
        "validation": {
          "maxLength": "0",
          "required": false
        }
      },
      {
        "fieldName": "NetChangeEnabled",
        "title": "Net Change Enabled",
        "Description": "Specify 'Yes' if the Netchange (Incremental Load) has to be enabled for the Fact table. 'No' Means the dataload will be full load, but it can support netchange if it is changed to 'Yes'. 'NA' means the netchange for the respective 'fact' table is not supported by the refmodel config be default. ",
        "type": "picklistDropdown",
        "selectionType": "single",
        "clearSearch": true,
        "source": "picklist",
        "key": "Integration Netchange Enabled",
        "visible": true,
        "isEditable": true,
        "validation": {
          "maxLength": "0",
          "required": true
        },
        "select": "NONE"
      },
      {
        "fieldName": "OverrideExistingMeasureValues",
        "title": "Override Existing Measure Values",
        "Description": " Specify Yes, then the existing intersection present in the LS will get override. No means, the existing intersection present in the LS will not get override.",
        "type": "picklistDropdown",
        "selectionType": "single",
        "clearSearch": true,
        "source": "picklist",
        "key": "Integration Netchange Enabled",
        "visible": true,
        "isEditable": true,
        "validation": {
          "maxLength": "0",
          "required": true
        },
        "select": "NONE"
      },
      {
        "fieldName": "SyncDirection",
        "title": "SyncDirection",
        "Description": "SyncDirection",
        "type": "picklistDropdown",
        "selectionType": "single",
        "clearSearch": true,
        "select": "NONE",
        "source": "picklist",
        "key": "Integration Sync Direction",
        "visible": true,
        "isEditable": true,
        "validation": {
          "maxLength": "0",
          "required": false
        }
      },
      {
        "fieldName": "FactTarget",
        "title": "FactTarget",
        "Description": "FactTarget",
        "type": "picklistDropdown",
        "selectionType": "single",
        "clearSearch": true,
        "select": "NONE",
        "source": "picklist",
        "key": "Integration Fact Target",
        "visible": true,
        "isEditable": true,
        "validation": {
          "maxLength": "0",
          "required": false
        }
      },
      {
        "fieldName": "OrderPromising",
        "title": "OrderPromising",
        "Description": "Specify YES if the output data is expected in the Order Promising Batch processing.  Blank cell indicates that the output data is not expected for the batch",
        "type": "picklistDropdown",
        "selectionType": "single",
        "clearSearch": true,
        "select": "NONE",
        "source": "picklist",
        "key": "Integration Yes",
        "visible": true,
        "isEditable": true,
        "validation": {
          "maxLength": "0",
          "required": false
        }
      },
      {
        "fieldName": "Segmentation",
        "title": "Segmentation",
        "Description": "Specify YES if the output data is expected in the Segmentation Batch processing.  Blank cell indicates that the output data is not expected for the batch",
        "type": "picklistDropdown",
        "selectionType": "single",
        "clearSearch": true,
        "select": "NONE",
        "source": "picklist",
        "key": "Integration Yes",
        "visible": true,
        "isEditable": true,
        "validation": {
          "maxLength": "0",
          "required": false
        }
      }
    ],
    "DataSources": [
      {
        "Name": "SerialNo",
        "IBPLRules": [
          {
            "template": "select NextLabel([o9InputStructureSerialNo]);"
          }
        ],
        "JavascriptRules": [],
        "FieldBindings": [],
        "IncludeDSFieldsOnly": false
      }
    ],
    "AutoExecute": false,
    "isAsync": false,
    "hasMembersUpdates": false,
    "Compact": false,
    "TwoColumn": false,
    "IsGlobalForExcelAddIn": false,
    "ExcludeFromNavLink": false,
    "FilterFieldBindings": []
  },
  "Widget": null
}