{
  "Name": "82GenerateEnsembleForecast",
  "Description": null,
  "ActionButtonId": "827025f5-4791-99e8-6ab4-757b72117650",
  "Tooltip": "Generate ensemble forecast",
  "ActionButtonType": "Widget",
  "Alignment": "right",
  "IsPopOver": true,
  "IsGlobal": true,
  "ActionClickHandler": null,
  "Icon": null,
  "Image": null,
  "ConfigJson": {
    "DisplayName": "Ensemble Forecast",
    "icon": "cog",
    "Validate": {
      "DataSource": {
        "IBPLRules": [],
        "JavascriptRules": [
          {
            "modulename": "o9.DemandPlanning.EnsembleWeightsValidation",
            "functionname": "Validation"
          }
        ],
        "FieldBindings": [
          {
            "fieldName": "VersionName",
            "title": "Version Name",
            "type": "picklist",
            "selectionType": "multiple",
            "clearSearch": true,
            "source": "parentAttribute",
            "DimensionName": "Version",
            "key": {
              "LevelAttribute": {
                "Name": "Version Name",
                "Property": "Name"
              }
            },
            "visible": true,
            "isEditable": true,
            "validation": {
              "maxLength": "0",
              "required": true
            }
          },
          {
            "fieldName": "ForecastIteration",
            "title": "Forecast Iteration",
            "type": "picklist",
            "selectionType": "multiple",
            "clearSearch": true,
            "source": "parentAttribute",
            "DimensionName": "Forecast Iteration",
            "key": {
              "LevelAttribute": {
                "Name": "Forecast Iteration",
                "Property": "Name"
              }
            },
            "visible": true,
            "isEditable": true,
            "validation": {
              "maxLength": "0",
              "required": true
            }
          }
        ]
      }
    },
    "SubmitButton": {
      "Label": "Submit",
      "ProgressMessage": "Request Submitted. Please close this box and wait for the notification icon on the top right corner",
      "SuccessMessage": "Successfully Executed.",
      "ErrorMessage": "Error in Execution.",
      "ConfirmMessage": "Are you sure you want to go ahead with the changes?"
    },
    "ResetButton": {
      "Label": "Reset"
    },
    "CloseButton": {
      "Label": "Close",
      "ConfirmMessage": "Unsaved changes will be lost. Continue?"
    },
    "NotifyAll": false,
    "IBPLRules": [
      {
        "template": "exec procedure o9DP161GenerateEnsembleFcst {\"VersionName\" : [{{#csv VersionName}}], \"Item\" : [{{#csv Item}}],  \"Account\" : [{{#csv Account}}], \"Channel\" : [{{#csv Channel}}], \"Region\" : [{{#csv Region}}], \"PnL\" : [{{#csv PnL}}], \"DemandDomain\" : [{{#csv DemandDomain}}], \"Location\" : [{{#csv Location}}],\"MediumWeight\" : {{MediumWeight}}, \"ForecastIteration\":[{{#csv ForecastIteration}}]};"
      }
    ],
    "JavascriptRules": [],
    "FieldBindings": [
      {
        "fieldName": "Information",
        "title": "Information",
        "Description": "Information",
        "type": "info",
        "clearSearch": true,
        "source": "literal",
        "defaultValue": "Please select appropriate filters and click on \"Submit\" to Generate Ensemble Forecast with given Planner Weights and update Bestfit forecast for  the selected scope",
        "visible": true,
        "isEditable": false,
        "validation": {
          "maxLength": "0",
          "required": true
        }
      },
      {
        "fieldName": "MediumWeight",
        "title": "Medium Weight Run",
        "Description": "Enable plugin run in Medium Weight execution mode (suitable for small scope).",
        "type": "boolean",
        "fieldGroup": "Execution Mode",
        "selectionType": "single",
        "clearSearch": true,
        "source": "literal",
        "defaultValue": true,
        "visible": true,
        "isEditable": true,
        "validation": {
          "maxLength": "0",
          "required": true
        }
      },
      {
        "fieldName": "VersionName",
        "title": "Version Name",
        "type": "picklist",
        "selectionType": "multiple",
        "clearSearch": true,
        "source": "parentAttribute",
        "DimensionName": "Version",
        "key": {
          "LevelAttribute": {
            "Name": "Version Name",
            "Property": "Name"
          }
        },
        "visible": true,
        "isEditable": true,
        "validation": {
          "maxLength": "0",
          "required": true
        }
      },
      {
        "fieldName": "ForecastIteration",
        "title": "Forecast Iteration",
        "type": "picklist",
        "selectionType": "multiple",
        "clearSearch": true,
        "source": "parentAttribute",
        "DimensionName": "Forecast Iteration",
        "key": {
          "LevelAttribute": {
            "Name": "Forecast Iteration",
            "Property": "Name"
          }
        },
        "visible": true,
        "isEditable": true,
        "validation": {
          "maxLength": "0",
          "required": true
        }
      },
      {
        "fieldName": "Item",
        "title": "Stat Item",
        "type": "picklist",
        "fieldGroup": "Item",
        "selectionType": "multiple",
        "clearSearch": true,
        "source": "parentAttribute",
        "DimensionName": "Item",
        "key": {
          "LevelAttribute": {
            "Name": "Stat Item",
            "Property": "Name"
          }
        },
        "visible": true,
        "isEditable": true,
        "validation": {
          "maxLength": "0",
          "required": true
        }
      },
      {
        "fieldName": "Account",
        "title": "Stat Account",
        "type": "picklist",
        "fieldGroup": "Customer",
        "selectionType": "multiple",
        "clearSearch": true,
        "source": "parentAttribute",
        "DimensionName": "Account",
        "key": {
          "LevelAttribute": {
            "Name": "Stat Account",
            "Property": "Name"
          }
        },
        "visible": true,
        "isEditable": true,
        "validation": {
          "maxLength": "0",
          "required": true
        }
      },
      {
        "fieldName": "Channel",
        "title": "Stat Channel",
        "type": "picklist",
        "fieldGroup": "Customer",
        "selectionType": "multiple",
        "clearSearch": true,
        "source": "parentAttribute",
        "DimensionName": "Channel",
        "key": {
          "LevelAttribute": {
            "Name": "Stat Channel",
            "Property": "Name"
          }
        },
        "visible": true,
        "isEditable": true,
        "validation": {
          "maxLength": "0",
          "required": true
        }
      },
      {
        "fieldName": "Region",
        "title": "Stat Region",
        "type": "picklist",
        "fieldGroup": "Customer",
        "selectionType": "multiple",
        "clearSearch": true,
        "source": "parentAttribute",
        "DimensionName": "Region",
        "key": {
          "LevelAttribute": {
            "Name": "Stat Region",
            "Property": "Name"
          }
        },
        "visible": true,
        "isEditable": true,
        "validation": {
          "maxLength": "0",
          "required": true
        }
      },
      {
        "fieldName": "Location",
        "title": "Stat Location",
        "type": "picklist",
        "fieldGroup": "Location",
        "selectionType": "multiple",
        "clearSearch": true,
        "source": "parentAttribute",
        "DimensionName": "Location",
        "key": {
          "LevelAttribute": {
            "Name": "Stat Location",
            "Property": "Name"
          }
        },
        "visible": true,
        "isEditable": true,
        "validation": {
          "maxLength": "0",
          "required": true
        }
      },
      {
        "fieldName": "DemandDomain",
        "title": "Stat Demand Domain",
        "type": "picklist",
        "fieldGroup": "Other",
        "selectionType": "multiple",
        "clearSearch": true,
        "source": "parentAttribute",
        "DimensionName": "Demand Domain",
        "key": {
          "LevelAttribute": {
            "Name": "Stat Demand Domain",
            "Property": "Name"
          }
        },
        "visible": true,
        "isEditable": true,
        "validation": {
          "maxLength": "0",
          "required": true
        }
      },
      {
        "fieldName": "PnL",
        "title": "Stat PnL",
        "type": "picklist",
        "fieldGroup": "Other",
        "selectionType": "multiple",
        "clearSearch": true,
        "source": "parentAttribute",
        "DimensionName": "PnL",
        "key": {
          "LevelAttribute": {
            "Name": "Stat PnL",
            "Property": "Name"
          }
        },
        "visible": true,
        "isEditable": true,
        "validation": {
          "maxLength": "0",
          "required": true
        }
      }
    ],
    "Range": [],
    "DataSources": [
      {
        "Name": "DSForecastIteration",
        "IBPLRules": [
          {
            "template": "Select(&AllLockedForecastIterations);"
          }
        ],
        "JavascriptRules": [],
        "IncludeDSFieldsOnly": false,
        "FieldBindings": []
      },
      {
        "Name": "DSItem",
        "IBPLRules": [
          {
            "template": "\nSelect (&CWVAndScenarios{{#filter VersionName}} *&AllLockedForecastIterations{{#filter ForecastIteration}}* [Item].[Stat Item]  ) on row, \n({Measure.[Stat Actual]}) on column include memberproperties {[Item].[Stat Item], DisplayName} where {~isnull(Measure.[Stat Actual]) };\n"
          }
        ],
        "JavascriptRules": [],
        "IncludeDSFieldsOnly": false,
        "FieldBindings": []
      },
      {
        "Name": "DSAccount",
        "IBPLRules": [
          {
            "template": "Select (&CWVAndScenarios{{#filter VersionName}} *&AllLockedForecastIterations{{#filter ForecastIteration}}* [Account].[Stat Account]) on row, \n({Measure.[Stat Actual]}) on column include memberproperties {[Account].[Stat Account], DisplayName} where {~isnull(Measure.[Stat Actual])};"
          }
        ],
        "JavascriptRules": [],
        "IncludeDSFieldsOnly": false,
        "FieldBindings": []
      },
      {
        "Name": "DSChannel",
        "IBPLRules": [
          {
            "template": "Select ( [Channel].[Stat Channel] * &CWVAndScenarios{{#filter VersionName}} *&AllLockedForecastIterations{{#filter ForecastIteration}}) on row, \n({Measure.[Stat Actual]}) on column  include memberproperties {[Channel].[Stat Channel], DisplayName} where {~isnull(Measure.[Stat Actual])};"
          }
        ],
        "JavascriptRules": [],
        "IncludeDSFieldsOnly": false,
        "FieldBindings": []
      },
      {
        "Name": "DSRegion",
        "IBPLRules": [
          {
            "template": "Select ( [Region].[Stat Region] * &CWVAndScenarios{{#filter VersionName}} *&AllLockedForecastIterations{{#filter ForecastIteration}} ) on row, \n({Measure.[Stat Actual]}) on column  include memberproperties {[Region].[Stat Region], DisplayName} where {~isnull(Measure.[Stat Actual])};"
          }
        ],
        "JavascriptRules": [],
        "IncludeDSFieldsOnly": false,
        "FieldBindings": []
      },
      {
        "Name": "DSLocation",
        "IBPLRules": [
          {
            "template": "Select ( [Location].[Stat Location] *&CWVAndScenarios{{#filter VersionName}} *&AllLockedForecastIterations{{#filter ForecastIteration}}) on row, \n({Measure.[Stat Actual]}) on column include memberproperties {[Location].[Stat Location], DisplayName} where {~isnull(Measure.[Stat Actual])};"
          }
        ],
        "JavascriptRules": [],
        "IncludeDSFieldsOnly": false,
        "FieldBindings": []
      },
      {
        "Name": "DSPnL",
        "IBPLRules": [
          {
            "template": "Select (  [PnL].[Stat PnL] * &CWVAndScenarios{{#filter VersionName}} *&AllLockedForecastIterations{{#filter ForecastIteration}} ) on row, \n({Measure.[Stat Actual]}) on column include memberproperties {[PnL].[Stat PnL], DisplayName} where {~isnull(Measure.[Stat Actual])};"
          }
        ],
        "JavascriptRules": [],
        "IncludeDSFieldsOnly": false,
        "FieldBindings": []
      },
      {
        "Name": "DSDemandDomain",
        "IBPLRules": [
          {
            "template": "Select ([Demand Domain].[Stat Demand Domain] * &CWVAndScenarios{{#filter VersionName}} *&AllLockedForecastIterations{{#filter ForecastIteration}}) on row, \n({Measure.[Stat Actual]}) on column include memberproperties {[Demand Domain].[Stat Demand Domain] , DisplayName} where {~isnull(Measure.[Stat Actual])};"
          }
        ],
        "JavascriptRules": [],
        "IncludeDSFieldsOnly": false,
        "FieldBindings": []
      }
    ],
    "AutoExecute": false,
    "isAsync": true,
    "hasMembersUpdates": false,
    "Compact": false,
    "TwoColumn": true,
    "IsGlobalForExcelAddIn": false,
    "enableTransaction": false,
    "ReturnFilterByUpdate": false,
    "ExcludeFromNavLink": false,
    "FilterFieldBindings": []
  },
  "Widget": null,
  "Roles": []
}