{
  "MeasureGroupName": "003 Process Board Measures",
  "MeasureGroupId": "de59c081-312b-4824-8667-6b9f35b17514",
  "ParentMeasureGroupName": null,
  "HasShadow": false,
  "MeasureGroupDescription": "Process Board Measures",
  "MeasureGroupType": "Regular",
  "FactTableName": "FactProcessBoardMeasures",
  "SchemaMajorVersion": 0,
  "ConfigJson": {},
  "ApiName": null,
  "Repartition": false,
  "Unpartition": false,
  "ApiEnabled": false,
  "DimensionUsages": [
    {
      "DimensionName": "Version",
      "AttributeName": "Version Name",
      "SortOrder": 0,
      "DimensionType": "Regular"
    },
    {
      "DimensionName": "Process",
      "AttributeName": "Process",
      "SortOrder": 1,
      "DimensionType": null
    }
  ]
}