{
  "MeasureGroupName": "003 Ranged Options Count",
  "MeasureGroupId": "940da483-5f34-365f-86cb-9aa492463815",
  "ParentMeasureGroupName": null,
  "HasShadow": false,
  "MeasureGroupDescription": "003 Ranged Options Count",
  "MeasureGroupType": "Regular",
  "FactTableName": "Fact003RangedOptionsCount",
  "SchemaMajorVersion": 0,
  "ConfigJson": {},
  "ApiName": null,
  "Repartition": false,
  "Unpartition": false,
  "ApiEnabled": false,
  "DimensionUsages": [
    {
      "DimensionName": "Version",
      "AttributeName": "Version Name",
      "SortOrder": 1,
      "DimensionType": "Regular"
    },
    {
      "DimensionName": "NamedNode",
      "AttributeName": "Retail_AP_RP_Product_Attribute_NN",
      "SortOrder": 2,
      "DimensionType": "NamedNode"
    },
    {
      "DimensionName": "NamedNode",
      "AttributeName": "Retail_AP_FD_Common_NN",
      "SortOrder": 3,
      "DimensionType": "NamedNode"
    }
  ]
}