{
  "AttributeName": "Equipment Sub Type",
  "AttributeId": "295af87e-0dbf-4f86-b31f-97b45159adc2",
  "AttributeHierarchyEnabled": true,
  "IsKey": false,
  "Description": "Equipment Sub Type",
  "OrderBy": "Key",
  "KeyColumnName": "EquipmentSubTypeKey",
  "NameColumnName": "EquipmentSubTypeName",
  "KeyColumnDataType": "integer",
  "SeedTags": false,
  "KeyGenerationType": "Auto",
  "PickListName": null,
  "ConfigJson": {},
  "FormatString": null,
  "Translation": null,
  "Aliases": [],
  "ApiName": null,
  "ApiDisabled": false
}