{
  "Name": "o9EKGAddOUTRawMapping",
  "Description": null,
  "ActionButtonId": "ffcf70cd-df8c-1e1c-8caa-f218fc4f598f",
  "Tooltip": "Add File Based OUT Mapping",
  "ActionButtonType": "Widget",
  "Alignment": "right",
  "IsPopOver": true,
  "IsGlobal": true,
  "ActionClickHandler": null,
  "Icon": null,
  "Image": null,
  "ConfigJson": {
    "icon": "plus-square-o",
    "SubmitButton": {
      "Label": "Submit"
    },
    "ResetButton": {},
    "CloseButton": {
      "Label": "Close"
    },
    "NotifyAll": false,
    "IBPLRules": [
      {
        "template": "//New member//\n\n\ncreatemember( [o9EKG Documents].[File Type] = { ,\"OUT\"} , [o9EKG Documents].[File Name] = { , \"{{FileName}}\" } );"
      },
      {
        "template": "//Clear existing API mappings//\n\nDELETE DATA FOR MODEL [o9EKG File Table Association] WHERE {&CWV, [o9EKG Customer].[Project Name].[{{Project}}], [o9EKG Table].[Table Name].[{{TableName}}], [o9EKG Documents].[File Name].[Not Applicable] };\n"
      },
      {
        "template": "//create new intersection//\n\ncartesian scope: (&CWV  * [o9EKG Customer].[Project Name].[{{Project}}] * [o9EKG Documents].[File Name].[{{FileName}}] * [o9EKG Table].[Table Name].[{{TableName}}] );\n\nMeasure.[o9EKG File Type] = \"{{FileType}}\"  ;\nMeasure.[o9EKG File Delimiter] = \"{{FileDelimiter}}\"  ;\nMeasure.[o9EKG File Source Type] = \"{{FileSourceType}}\"  ; \nMeasure.[o9EKG File Target Path Param] = \"{{TargetPath}}\"  ; \n\nend scope;"
      }
    ],
    "JavascriptRules": [],
    "FieldBindings": [
      {
        "fieldName": "Project",
        "title": "Project",
        "type": "picklistDropdown",
        "fieldGroup": "Table Info",
        "selectionType": "single",
        "clearSearch": true,
        "source": "filter",
        "DimensionName": "o9EKG Customer",
        "LevelAttributeName": "Project Name",
        "visible": true,
        "isEditable": false,
        "validation": {
          "maxLength": "0",
          "required": true
        }
      },
      {
        "fieldName": "TableName",
        "title": "Table Name",
        "type": "picklistDropdown",
        "fieldGroup": "Table Info",
        "selectionType": "single",
        "clearSearch": true,
        "select": "NONE",
        "source": "datasource",
        "key": "DSIncludedTableList",
        "valueField": "Table Name",
        "textField": "Table Name",
        "overrideFieldBindingType": false,
        "visible": true,
        "isEditable": true,
        "cascadeFrom": "Project",
        "validation": {
          "maxLength": "0",
          "required": true
        }
      },
      {
        "fieldName": "FileName",
        "title": "Folder Name",
        "type": "string",
        "fieldGroup": "File Info",
        "clearSearch": true,
        "source": "literal",
        "visible": true,
        "isEditable": true,
        "validation": {
          "maxLength": "0",
          "required": true
        }
      },
      {
        "fieldName": "FileSourceType",
        "title": "Folder Target DataStore",
        "type": "string",
        "fieldGroup": "File Info",
        "selectionType": "single",
        "clearSearch": true,
        "select": "NONE",
        "source": "picklist",
        "key": "o9EKG Source Type",
        "visible": true,
        "isEditable": true,
        "validation": {
          "maxLength": "0",
          "required": true
        }
      },
      {
        "fieldName": "FileType",
        "title": "File Type",
        "type": "picklistDropdown",
        "fieldGroup": "File Info",
        "selectionType": "single",
        "clearSearch": true,
        "select": "NONE",
        "source": "picklist",
        "key": "o9EKG LSU File Format",
        "visible": true,
        "isEditable": true,
        "validation": {
          "maxLength": "0",
          "required": true
        }
      },
      {
        "fieldName": "FileDelimiter",
        "title": "File Delimiter",
        "type": "string",
        "fieldGroup": "File Info",
        "selectionType": "single",
        "clearSearch": true,
        "select": "NONE",
        "source": "picklist",
        "key": "o9EKG Delimiter",
        "visible": true,
        "isEditable": true,
        "validation": {
          "maxLength": "0",
          "required": true
        }
      },
      {
        "fieldName": "TargetPath",
        "title": "Target Path Param",
        "type": "string",
        "fieldGroup": "File Info",
        "clearSearch": true,
        "source": "literal",
        "visible": true,
        "isEditable": true,
        "validation": {
          "maxLength": "0",
          "required": true
        }
      }
    ],
    "Range": [],
    "DataSources": [
      {
        "Name": "DSIncludedTableList",
        "IBPLRules": [
          {
            "template": "\n\nSelect ( &CWV * [o9EKG Table].[Table Name] * [o9EKG Customer].[Project Name].[{{Project}}] ) on row, \n({Measure.[o9EKG Table Included] }) on column where {Measure.[o9EKG Table Included] == 1 , [o9EKG Table].[Table Type].[OUT] } ;\n\n"
          }
        ],
        "JavascriptRules": [],
        "IncludeDSFieldsOnly": false,
        "FieldBindings": []
      }
    ],
    "AutoExecute": false,
    "isAsync": false,
    "hasMembersUpdates": true,
    "Compact": true,
    "TwoColumn": false,
    "IsGlobalForExcelAddIn": false,
    "ReturnFilterByUpdate": false,
    "ExcludeFromNavLink": false,
    "FilterFieldBindings": []
  },
  "Widget": null,
  "Roles": [
    "EKG_DataAdmin",
    "EKG_Intg_Arch"
  ]
}