{
  "MeasureName": "SP APS Sls Rtl AP",
  "MeasureId": "9a807582-374e-408b-b367-269c09451386",
  "MeasureDescription": "SP APS Sales Rtl Approved",
  "DataType": "number",
  "MeasureType": "Regular",
  "AggregateFunction": "Computed",
  "FormatString": "#,##0; (#,##0)",
  "MeasureColumnName": "SPAPSSlsRtlAP",
  "MeasureFormula": "Safedivide(Measure.[SP Ttl Sls Rtl AP],Measure.[SP StrCnt AP])",
  "IsEditable": false,
  "ApplyConversion": false,
  "ConversionFormula": "",
  "PickListName": null,
  "BgColorFormula": "",
  "FgColorFormula": "",
  "TrendFormula": "",
  "FormattingViewModel": null,
  "ParentMeasureName": null,
  "AssociationMeasure": false,
  "IsComputedByPlanningService": false,
  "ToolTip": "SP APS Sales Rtl Approved",
  "ConfigJson": {},
  "ApiName": null,
  "ApiDisabled": false,
  "IsReportingMeasure": false,
  "MeasureConditionalFormulaProperties": [],
  "PicklistSource": null
}