{
  "PickListName": "Sales Type",
  "PickListId": "74534fe1-584b-7c43-aeab-1d25678e3766",
  "PickListDescription": "Different Type of Sales like Full Price, Markdown, Promo Sales",
  "DataType": "string",
  "IsMultiSelectAllowed": false,
  "Values": [
    {
      "Value": "PP",
      "DisplayName": "PP",
      "DisplayPosition": 1,
      "Icon": null,
      "Color": null,
      "Image": null
    },
    {
      "Value": "MD",
      "DisplayName": "MD",
      "DisplayPosition": 2,
      "Icon": null,
      "Color": null,
      "Image": null
    },
    {
      "Value": "FP",
      "DisplayName": "FP",
      "DisplayPosition": 0,
      "Icon": null,
      "Color": null,
      "Image": null
    }
  ]
}