{
  "PickListName": "SS_DatetoWeek",
  "PickListId": "5f1768aa-5f22-45a3-8e4d-cd18e93f3918",
  "PickListDescription": "SS_DatetoWeek",
  "DataType": "datetime",
  "IsMultiSelectAllowed": false,
  "Values": [
    {
      "Value": "12/24/2017 0:00",
      "DisplayName": "24-Dec-17",
      "DisplayPosition": 1,
      "Icon": null,
      "Color": null,
      "Image": null
    },
    {
      "Value": "12/31/2017 0:00",
      "DisplayName": "31-Dec-17",
      "DisplayPosition": 2,
      "Icon": null,
      "Color": null,
      "Image": null
    },
    {
      "Value": "01-07-2018 00:00",
      "DisplayName": "07-Jan-18",
      "DisplayPosition": 3,
      "Icon": null,
      "Color": null,
      "Image": null
    },
    {
      "Value": "01/14/2018 0:00",
      "DisplayName": "14-Jan-18",
      "DisplayPosition": 4,
      "Icon": null,
      "Color": null,
      "Image": null
    },
    {
      "Value": "01/21/2018 0:00",
      "DisplayName": "21-Jan-18",
      "DisplayPosition": 5,
      "Icon": null,
      "Color": null,
      "Image": null
    },
    {
      "Value": "01/28/2018 0:00",
      "DisplayName": "28-Jan-18",
      "DisplayPosition": 6,
      "Icon": null,
      "Color": null,
      "Image": null
    },
    {
      "Value": "02-04-2018 00:00",
      "DisplayName": "04-Feb-18",
      "DisplayPosition": 7,
      "Icon": null,
      "Color": null,
      "Image": null
    },
    {
      "Value": "02-11-2018 00:00",
      "DisplayName": "11-Feb-18",
      "DisplayPosition": 8,
      "Icon": null,
      "Color": null,
      "Image": null
    },
    {
      "Value": "02/18/2018 0:00",
      "DisplayName": "18-Feb-18",
      "DisplayPosition": 9,
      "Icon": null,
      "Color": null,
      "Image": null
    },
    {
      "Value": "02/25/2018 0:00",
      "DisplayName": "25-Feb-18",
      "DisplayPosition": 10,
      "Icon": null,
      "Color": null,
      "Image": null
    },
    {
      "Value": "03-04-2018 00:00",
      "DisplayName": "04-Mar-18",
      "DisplayPosition": 11,
      "Icon": null,
      "Color": null,
      "Image": null
    },
    {
      "Value": "03-11-2018 00:00",
      "DisplayName": "11-Mar-18",
      "DisplayPosition": 12,
      "Icon": null,
      "Color": null,
      "Image": null
    },
    {
      "Value": "03/18/2018 0:00",
      "DisplayName": "18-Mar-18",
      "DisplayPosition": 13,
      "Icon": null,
      "Color": null,
      "Image": null
    },
    {
      "Value": "03/25/2018 0:00",
      "DisplayName": "25-Mar-18",
      "DisplayPosition": 14,
      "Icon": null,
      "Color": null,
      "Image": null
    },
    {
      "Value": "04-01-2018 00:00",
      "DisplayName": "01-Apr-18",
      "DisplayPosition": 15,
      "Icon": null,
      "Color": null,
      "Image": null
    },
    {
      "Value": "04-08-2018 00:00",
      "DisplayName": "08-Apr-18",
      "DisplayPosition": 16,
      "Icon": null,
      "Color": null,
      "Image": null
    },
    {
      "Value": "04/15/2018 0:00",
      "DisplayName": "15-Apr-18",
      "DisplayPosition": 17,
      "Icon": null,
      "Color": null,
      "Image": null
    },
    {
      "Value": "04/22/2018 0:00",
      "DisplayName": "22-Apr-18",
      "DisplayPosition": 18,
      "Icon": null,
      "Color": null,
      "Image": null
    },
    {
      "Value": "04/29/2018 0:00",
      "DisplayName": "29-Apr-18",
      "DisplayPosition": 19,
      "Icon": null,
      "Color": null,
      "Image": null
    },
    {
      "Value": "05-06-2018 00:00",
      "DisplayName": "06-May-18",
      "DisplayPosition": 20,
      "Icon": null,
      "Color": null,
      "Image": null
    },
    {
      "Value": "5/13/2018 0:00",
      "DisplayName": "13-May-18",
      "DisplayPosition": 21,
      "Icon": null,
      "Color": null,
      "Image": null
    },
    {
      "Value": "5/20/2018 0:00",
      "DisplayName": "20-May-18",
      "DisplayPosition": 22,
      "Icon": null,
      "Color": null,
      "Image": null
    },
    {
      "Value": "5/27/2018 0:00",
      "DisplayName": "27-May-18",
      "DisplayPosition": 23,
      "Icon": null,
      "Color": null,
      "Image": null
    },
    {
      "Value": "06-03-2018 00:00",
      "DisplayName": "03-Jun-18",
      "DisplayPosition": 24,
      "Icon": null,
      "Color": null,
      "Image": null
    },
    {
      "Value": "06-10-2018 00:00",
      "DisplayName": "10-Jun-18",
      "DisplayPosition": 25,
      "Icon": null,
      "Color": null,
      "Image": null
    },
    {
      "Value": "6/17/2018 0:00",
      "DisplayName": "17-Jun-18",
      "DisplayPosition": 26,
      "Icon": null,
      "Color": null,
      "Image": null
    },
    {
      "Value": "6/24/2018 0:00",
      "DisplayName": "24-Jun-18",
      "DisplayPosition": 27,
      "Icon": null,
      "Color": null,
      "Image": null
    },
    {
      "Value": "07-01-2018 00:00",
      "DisplayName": "01-Jul-18",
      "DisplayPosition": 28,
      "Icon": null,
      "Color": null,
      "Image": null
    },
    {
      "Value": "07-08-2018 00:00",
      "DisplayName": "08-Jul-18",
      "DisplayPosition": 29,
      "Icon": null,
      "Color": null,
      "Image": null
    },
    {
      "Value": "7/15/2018 0:00",
      "DisplayName": "15-Jul-18",
      "DisplayPosition": 30,
      "Icon": null,
      "Color": null,
      "Image": null
    },
    {
      "Value": "7/22/2018 0:00",
      "DisplayName": "22-Jul-18",
      "DisplayPosition": 31,
      "Icon": null,
      "Color": null,
      "Image": null
    },
    {
      "Value": "7/29/2018 0:00",
      "DisplayName": "29-Jul-18",
      "DisplayPosition": 32,
      "Icon": null,
      "Color": null,
      "Image": null
    },
    {
      "Value": "08-05-2018 00:00",
      "DisplayName": "05-Aug-18",
      "DisplayPosition": 33,
      "Icon": null,
      "Color": null,
      "Image": null
    },
    {
      "Value": "08-12-2018 00:00",
      "DisplayName": "12-Aug-18",
      "DisplayPosition": 34,
      "Icon": null,
      "Color": null,
      "Image": null
    },
    {
      "Value": "8/19/2018 0:00",
      "DisplayName": "19-Aug-18",
      "DisplayPosition": 35,
      "Icon": null,
      "Color": null,
      "Image": null
    },
    {
      "Value": "8/26/2018 0:00",
      "DisplayName": "26-Aug-18",
      "DisplayPosition": 36,
      "Icon": null,
      "Color": null,
      "Image": null
    },
    {
      "Value": "09-02-2018 00:00",
      "DisplayName": "02-Sep-18",
      "DisplayPosition": 37,
      "Icon": null,
      "Color": null,
      "Image": null
    },
    {
      "Value": "09-09-2018 00:00",
      "DisplayName": "09-Sep-18",
      "DisplayPosition": 38,
      "Icon": null,
      "Color": null,
      "Image": null
    },
    {
      "Value": "8/18/2019 0:00",
      "DisplayName": "18-Aug-19",
      "DisplayPosition": 87,
      "Icon": null,
      "Color": null,
      "Image": null
    },
    {
      "Value": "8/25/2019 0:00",
      "DisplayName": "25-Aug-19",
      "DisplayPosition": 88,
      "Icon": null,
      "Color": null,
      "Image": null
    },
    {
      "Value": "09-01-2019 00:00",
      "DisplayName": "01-Sep-19",
      "DisplayPosition": 89,
      "Icon": null,
      "Color": null,
      "Image": null
    },
    {
      "Value": "09-08-2019 00:00",
      "DisplayName": "08-Sep-19",
      "DisplayPosition": 90,
      "Icon": null,
      "Color": null,
      "Image": null
    },
    {
      "Value": "9/15/2019 0:00",
      "DisplayName": "15-Sep-19",
      "DisplayPosition": 91,
      "Icon": null,
      "Color": null,
      "Image": null
    },
    {
      "Value": "9/22/2019 0:00",
      "DisplayName": "22-Sep-19",
      "DisplayPosition": 92,
      "Icon": null,
      "Color": null,
      "Image": null
    },
    {
      "Value": "9/29/2019 0:00",
      "DisplayName": "29-Sep-19",
      "DisplayPosition": 93,
      "Icon": null,
      "Color": null,
      "Image": null
    },
    {
      "Value": "10-06-2019 00:00",
      "DisplayName": "06-Oct-19",
      "DisplayPosition": 94,
      "Icon": null,
      "Color": null,
      "Image": null
    },
    {
      "Value": "10/13/2019 0:00",
      "DisplayName": "13-Oct-19",
      "DisplayPosition": 95,
      "Icon": null,
      "Color": null,
      "Image": null
    },
    {
      "Value": "10/20/2019 0:00",
      "DisplayName": "20-Oct-19",
      "DisplayPosition": 96,
      "Icon": null,
      "Color": null,
      "Image": null
    },
    {
      "Value": "10/27/2019 0:00",
      "DisplayName": "27-Oct-19",
      "DisplayPosition": 97,
      "Icon": null,
      "Color": null,
      "Image": null
    },
    {
      "Value": "11-03-2019 00:00",
      "DisplayName": "03-Nov-19",
      "DisplayPosition": 98,
      "Icon": null,
      "Color": null,
      "Image": null
    },
    {
      "Value": "11-10-2019 00:00",
      "DisplayName": "10-Nov-19",
      "DisplayPosition": 99,
      "Icon": null,
      "Color": null,
      "Image": null
    },
    {
      "Value": "11/17/2019 0:00",
      "DisplayName": "17-Nov-19",
      "DisplayPosition": 100,
      "Icon": null,
      "Color": null,
      "Image": null
    },
    {
      "Value": "11/24/2019 0:00",
      "DisplayName": "24-Nov-19",
      "DisplayPosition": 101,
      "Icon": null,
      "Color": null,
      "Image": null
    },
    {
      "Value": "12-01-2019 00:00",
      "DisplayName": "01-Dec-19",
      "DisplayPosition": 102,
      "Icon": null,
      "Color": null,
      "Image": null
    },
    {
      "Value": "12-08-2019 00:00",
      "DisplayName": "08-Dec-19",
      "DisplayPosition": 103,
      "Icon": null,
      "Color": null,
      "Image": null
    },
    {
      "Value": "12/15/2019 0:00",
      "DisplayName": "15-Dec-19",
      "DisplayPosition": 104,
      "Icon": null,
      "Color": null,
      "Image": null
    },
    {
      "Value": "12/22/2019 0:00",
      "DisplayName": "22-Dec-19",
      "DisplayPosition": 105,
      "Icon": null,
      "Color": null,
      "Image": null
    },
    {
      "Value": "12/29/2019 0:00",
      "DisplayName": "29-Dec-19",
      "DisplayPosition": 106,
      "Icon": null,
      "Color": null,
      "Image": null
    },
    {
      "Value": "01-05-2020 00:00",
      "DisplayName": "05-Jan-20",
      "DisplayPosition": 107,
      "Icon": null,
      "Color": null,
      "Image": null
    },
    {
      "Value": "01-12-2020 00:00",
      "DisplayName": "12-Jan-20",
      "DisplayPosition": 108,
      "Icon": null,
      "Color": null,
      "Image": null
    },
    {
      "Value": "1/19/2020 0:00",
      "DisplayName": "19-Jan-20",
      "DisplayPosition": 109,
      "Icon": null,
      "Color": null,
      "Image": null
    },
    {
      "Value": "1/26/2020 0:00",
      "DisplayName": "26-Jan-20",
      "DisplayPosition": 110,
      "Icon": null,
      "Color": null,
      "Image": null
    },
    {
      "Value": "02-02-2020 00:00",
      "DisplayName": "02-Feb-20",
      "DisplayPosition": 111,
      "Icon": null,
      "Color": null,
      "Image": null
    },
    {
      "Value": "02-09-2020 00:00",
      "DisplayName": "09-Feb-20",
      "DisplayPosition": 112,
      "Icon": null,
      "Color": null,
      "Image": null
    },
    {
      "Value": "2/16/2020 0:00",
      "DisplayName": "16-Feb-20",
      "DisplayPosition": 113,
      "Icon": null,
      "Color": null,
      "Image": null
    },
    {
      "Value": "2/23/2020 0:00",
      "DisplayName": "23-Feb-20",
      "DisplayPosition": 114,
      "Icon": null,
      "Color": null,
      "Image": null
    },
    {
      "Value": "03-01-2020 00:00",
      "DisplayName": "01-Mar-20",
      "DisplayPosition": 115,
      "Icon": null,
      "Color": null,
      "Image": null
    },
    {
      "Value": "03-08-2020 00:00",
      "DisplayName": "08-Mar-20",
      "DisplayPosition": 116,
      "Icon": null,
      "Color": null,
      "Image": null
    },
    {
      "Value": "3/15/2020 0:00",
      "DisplayName": "15-Mar-20",
      "DisplayPosition": 117,
      "Icon": null,
      "Color": null,
      "Image": null
    },
    {
      "Value": "3/22/2020 0:00",
      "DisplayName": "22-Mar-20",
      "DisplayPosition": 118,
      "Icon": null,
      "Color": null,
      "Image": null
    },
    {
      "Value": "3/29/2020 0:00",
      "DisplayName": "29-Mar-20",
      "DisplayPosition": 119,
      "Icon": null,
      "Color": null,
      "Image": null
    },
    {
      "Value": "04-05-2020 00:00",
      "DisplayName": "05-Apr-20",
      "DisplayPosition": 120,
      "Icon": null,
      "Color": null,
      "Image": null
    },
    {
      "Value": "04-12-2020 00:00",
      "DisplayName": "12-Apr-20",
      "DisplayPosition": 121,
      "Icon": null,
      "Color": null,
      "Image": null
    },
    {
      "Value": "4/19/2020 0:00",
      "DisplayName": "19-Apr-20",
      "DisplayPosition": 122,
      "Icon": null,
      "Color": null,
      "Image": null
    },
    {
      "Value": "4/26/2020 0:00",
      "DisplayName": "26-Apr-20",
      "DisplayPosition": 123,
      "Icon": null,
      "Color": null,
      "Image": null
    },
    {
      "Value": "05-03-2020 00:00",
      "DisplayName": "03-May-20",
      "DisplayPosition": 124,
      "Icon": null,
      "Color": null,
      "Image": null
    },
    {
      "Value": "05-10-2020 00:00",
      "DisplayName": "10-May-20",
      "DisplayPosition": 125,
      "Icon": null,
      "Color": null,
      "Image": null
    },
    {
      "Value": "5/17/2020 0:00",
      "DisplayName": "17-May-20",
      "DisplayPosition": 126,
      "Icon": null,
      "Color": null,
      "Image": null
    },
    {
      "Value": "5/24/2020 0:00",
      "DisplayName": "24-May-20",
      "DisplayPosition": 127,
      "Icon": null,
      "Color": null,
      "Image": null
    },
    {
      "Value": "5/31/2020 0:00",
      "DisplayName": "31-May-20",
      "DisplayPosition": 128,
      "Icon": null,
      "Color": null,
      "Image": null
    },
    {
      "Value": "06-07-2020 00:00",
      "DisplayName": "07-Jun-20",
      "DisplayPosition": 129,
      "Icon": null,
      "Color": null,
      "Image": null
    },
    {
      "Value": "6/14/2020 0:00",
      "DisplayName": "14-Jun-20",
      "DisplayPosition": 130,
      "Icon": null,
      "Color": null,
      "Image": null
    },
    {
      "Value": "6/21/2020 0:00",
      "DisplayName": "21-Jun-20",
      "DisplayPosition": 131,
      "Icon": null,
      "Color": null,
      "Image": null
    },
    {
      "Value": "6/28/2020 0:00",
      "DisplayName": "28-Jun-20",
      "DisplayPosition": 132,
      "Icon": null,
      "Color": null,
      "Image": null
    },
    {
      "Value": "07-05-2020 00:00",
      "DisplayName": "05-Jul-20",
      "DisplayPosition": 133,
      "Icon": null,
      "Color": null,
      "Image": null
    },
    {
      "Value": "07-12-2020 00:00",
      "DisplayName": "12-Jul-20",
      "DisplayPosition": 134,
      "Icon": null,
      "Color": null,
      "Image": null
    },
    {
      "Value": "7/19/2020 0:00",
      "DisplayName": "19-Jul-20",
      "DisplayPosition": 135,
      "Icon": null,
      "Color": null,
      "Image": null
    },
    {
      "Value": "7/26/2020 0:00",
      "DisplayName": "26-Jul-20",
      "DisplayPosition": 136,
      "Icon": null,
      "Color": null,
      "Image": null
    },
    {
      "Value": "08-02-2020 00:00",
      "DisplayName": "02-Aug-20",
      "DisplayPosition": 137,
      "Icon": null,
      "Color": null,
      "Image": null
    },
    {
      "Value": "08-09-2020 00:00",
      "DisplayName": "09-Aug-20",
      "DisplayPosition": 138,
      "Icon": null,
      "Color": null,
      "Image": null
    },
    {
      "Value": "8/16/2020 0:00",
      "DisplayName": "16-Aug-20",
      "DisplayPosition": 139,
      "Icon": null,
      "Color": null,
      "Image": null
    },
    {
      "Value": "8/23/2020 0:00",
      "DisplayName": "23-Aug-20",
      "DisplayPosition": 140,
      "Icon": null,
      "Color": null,
      "Image": null
    },
    {
      "Value": "8/30/2020 0:00",
      "DisplayName": "30-Aug-20",
      "DisplayPosition": 141,
      "Icon": null,
      "Color": null,
      "Image": null
    },
    {
      "Value": "09-06-2020 00:00",
      "DisplayName": "06-Sep-20",
      "DisplayPosition": 142,
      "Icon": null,
      "Color": null,
      "Image": null
    },
    {
      "Value": "9/13/2020 0:00",
      "DisplayName": "13-Sep-20",
      "DisplayPosition": 143,
      "Icon": null,
      "Color": null,
      "Image": null
    },
    {
      "Value": "9/20/2020 0:00",
      "DisplayName": "20-Sep-20",
      "DisplayPosition": 144,
      "Icon": null,
      "Color": null,
      "Image": null
    },
    {
      "Value": "9/27/2020 0:00",
      "DisplayName": "27-Sep-20",
      "DisplayPosition": 145,
      "Icon": null,
      "Color": null,
      "Image": null
    },
    {
      "Value": "10-04-2020 00:00",
      "DisplayName": "04-Oct-20",
      "DisplayPosition": 146,
      "Icon": null,
      "Color": null,
      "Image": null
    },
    {
      "Value": "10-11-2020 00:00",
      "DisplayName": "11-Oct-20",
      "DisplayPosition": 147,
      "Icon": null,
      "Color": null,
      "Image": null
    },
    {
      "Value": "10/18/2020 0:00",
      "DisplayName": "18-Oct-20",
      "DisplayPosition": 148,
      "Icon": null,
      "Color": null,
      "Image": null
    },
    {
      "Value": "10/25/2020 0:00",
      "DisplayName": "25-Oct-20",
      "DisplayPosition": 149,
      "Icon": null,
      "Color": null,
      "Image": null
    },
    {
      "Value": "11-01-2020 00:00",
      "DisplayName": "01-Nov-20",
      "DisplayPosition": 150,
      "Icon": null,
      "Color": null,
      "Image": null
    },
    {
      "Value": "11-08-2020 00:00",
      "DisplayName": "08-Nov-20",
      "DisplayPosition": 151,
      "Icon": null,
      "Color": null,
      "Image": null
    },
    {
      "Value": "11/15/2020 0:00",
      "DisplayName": "15-Nov-20",
      "DisplayPosition": 152,
      "Icon": null,
      "Color": null,
      "Image": null
    },
    {
      "Value": "11/22/2020 0:00",
      "DisplayName": "22-Nov-20",
      "DisplayPosition": 153,
      "Icon": null,
      "Color": null,
      "Image": null
    },
    {
      "Value": "11/29/2020 0:00",
      "DisplayName": "29-Nov-20",
      "DisplayPosition": 154,
      "Icon": null,
      "Color": null,
      "Image": null
    },
    {
      "Value": "12-06-2020 00:00",
      "DisplayName": "06-Dec-20",
      "DisplayPosition": 155,
      "Icon": null,
      "Color": null,
      "Image": null
    },
    {
      "Value": "12/13/2020 0:00",
      "DisplayName": "13-Dec-20",
      "DisplayPosition": 156,
      "Icon": null,
      "Color": null,
      "Image": null
    },
    {
      "Value": "12/20/2020 0:00",
      "DisplayName": "20-Dec-20",
      "DisplayPosition": 157,
      "Icon": null,
      "Color": null,
      "Image": null
    },
    {
      "Value": "12/27/2020 0:00",
      "DisplayName": "27-Dec-20",
      "DisplayPosition": 158,
      "Icon": null,
      "Color": null,
      "Image": null
    },
    {
      "Value": "01-03-2021 00:00",
      "DisplayName": "03-Jan-21",
      "DisplayPosition": 159,
      "Icon": null,
      "Color": null,
      "Image": null
    },
    {
      "Value": "01-10-2021 00:00",
      "DisplayName": "10-Jan-21",
      "DisplayPosition": 160,
      "Icon": null,
      "Color": null,
      "Image": null
    },
    {
      "Value": "1/17/2021 0:00",
      "DisplayName": "17-Jan-21",
      "DisplayPosition": 161,
      "Icon": null,
      "Color": null,
      "Image": null
    },
    {
      "Value": "1/24/2021 0:00",
      "DisplayName": "24-Jan-21",
      "DisplayPosition": 162,
      "Icon": null,
      "Color": null,
      "Image": null
    },
    {
      "Value": "1/31/2021 0:00",
      "DisplayName": "31-Jan-21",
      "DisplayPosition": 163,
      "Icon": null,
      "Color": null,
      "Image": null
    },
    {
      "Value": "02-07-2021 00:00",
      "DisplayName": "07-Feb-21",
      "DisplayPosition": 164,
      "Icon": null,
      "Color": null,
      "Image": null
    },
    {
      "Value": "2/14/2021 0:00",
      "DisplayName": "14-Feb-21",
      "DisplayPosition": 165,
      "Icon": null,
      "Color": null,
      "Image": null
    },
    {
      "Value": "2/21/2021 0:00",
      "DisplayName": "21-Feb-21",
      "DisplayPosition": 166,
      "Icon": null,
      "Color": null,
      "Image": null
    },
    {
      "Value": "2/28/2021 0:00",
      "DisplayName": "28-Feb-21",
      "DisplayPosition": 167,
      "Icon": null,
      "Color": null,
      "Image": null
    },
    {
      "Value": "03-07-2021 00:00",
      "DisplayName": "07-Mar-21",
      "DisplayPosition": 168,
      "Icon": null,
      "Color": null,
      "Image": null
    },
    {
      "Value": "3/14/2021 0:00",
      "DisplayName": "14-Mar-21",
      "DisplayPosition": 169,
      "Icon": null,
      "Color": null,
      "Image": null
    },
    {
      "Value": "3/21/2021 0:00",
      "DisplayName": "21-Mar-21",
      "DisplayPosition": 170,
      "Icon": null,
      "Color": null,
      "Image": null
    },
    {
      "Value": "3/28/2021 0:00",
      "DisplayName": "28-Mar-21",
      "DisplayPosition": 171,
      "Icon": null,
      "Color": null,
      "Image": null
    },
    {
      "Value": "04-04-2021 00:00",
      "DisplayName": "04-Apr-21",
      "DisplayPosition": 172,
      "Icon": null,
      "Color": null,
      "Image": null
    },
    {
      "Value": "04-11-2021 00:00",
      "DisplayName": "11-Apr-21",
      "DisplayPosition": 173,
      "Icon": null,
      "Color": null,
      "Image": null
    },
    {
      "Value": "4/18/2021 0:00",
      "DisplayName": "18-Apr-21",
      "DisplayPosition": 174,
      "Icon": null,
      "Color": null,
      "Image": null
    },
    {
      "Value": "4/25/2021 0:00",
      "DisplayName": "25-Apr-21",
      "DisplayPosition": 175,
      "Icon": null,
      "Color": null,
      "Image": null
    },
    {
      "Value": "05-02-2021 00:00",
      "DisplayName": "02-May-21",
      "DisplayPosition": 176,
      "Icon": null,
      "Color": null,
      "Image": null
    },
    {
      "Value": "05-09-2021 00:00",
      "DisplayName": "09-May-21",
      "DisplayPosition": 177,
      "Icon": null,
      "Color": null,
      "Image": null
    },
    {
      "Value": "5/16/2021 0:00",
      "DisplayName": "16-May-21",
      "DisplayPosition": 178,
      "Icon": null,
      "Color": null,
      "Image": null
    },
    {
      "Value": "5/23/2021 0:00",
      "DisplayName": "23-May-21",
      "DisplayPosition": 179,
      "Icon": null,
      "Color": null,
      "Image": null
    },
    {
      "Value": "5/30/2021 0:00",
      "DisplayName": "30-May-21",
      "DisplayPosition": 180,
      "Icon": null,
      "Color": null,
      "Image": null
    },
    {
      "Value": "06-06-2021 00:00",
      "DisplayName": "06-Jun-21",
      "DisplayPosition": 181,
      "Icon": null,
      "Color": null,
      "Image": null
    },
    {
      "Value": "6/13/2021 0:00",
      "DisplayName": "13-Jun-21",
      "DisplayPosition": 182,
      "Icon": null,
      "Color": null,
      "Image": null
    },
    {
      "Value": "9/16/2018 0:00",
      "DisplayName": "16-Sep-18",
      "DisplayPosition": 39,
      "Icon": null,
      "Color": null,
      "Image": null
    },
    {
      "Value": "9/23/2018 0:00",
      "DisplayName": "23-Sep-18",
      "DisplayPosition": 40,
      "Icon": null,
      "Color": null,
      "Image": null
    },
    {
      "Value": "9/30/2018 0:00",
      "DisplayName": "30-Sep-18",
      "DisplayPosition": 41,
      "Icon": null,
      "Color": null,
      "Image": null
    },
    {
      "Value": "10-07-2018 00:00",
      "DisplayName": "07-Oct-18",
      "DisplayPosition": 42,
      "Icon": null,
      "Color": null,
      "Image": null
    },
    {
      "Value": "10/14/2018 0:00",
      "DisplayName": "14-Oct-18",
      "DisplayPosition": 43,
      "Icon": null,
      "Color": null,
      "Image": null
    },
    {
      "Value": "10/21/2018 0:00",
      "DisplayName": "21-Oct-18",
      "DisplayPosition": 44,
      "Icon": null,
      "Color": null,
      "Image": null
    },
    {
      "Value": "10/28/2018 0:00",
      "DisplayName": "28-Oct-18",
      "DisplayPosition": 45,
      "Icon": null,
      "Color": null,
      "Image": null
    },
    {
      "Value": "11-04-2018 00:00",
      "DisplayName": "04-Nov-18",
      "DisplayPosition": 46,
      "Icon": null,
      "Color": null,
      "Image": null
    },
    {
      "Value": "11-11-2018 00:00",
      "DisplayName": "11-Nov-18",
      "DisplayPosition": 47,
      "Icon": null,
      "Color": null,
      "Image": null
    },
    {
      "Value": "11/18/2018 0:00",
      "DisplayName": "18-Nov-18",
      "DisplayPosition": 48,
      "Icon": null,
      "Color": null,
      "Image": null
    },
    {
      "Value": "11/25/2018 0:00",
      "DisplayName": "25-Nov-18",
      "DisplayPosition": 49,
      "Icon": null,
      "Color": null,
      "Image": null
    },
    {
      "Value": "12-02-2018 00:00",
      "DisplayName": "02-Dec-18",
      "DisplayPosition": 50,
      "Icon": null,
      "Color": null,
      "Image": null
    },
    {
      "Value": "12-09-2018 00:00",
      "DisplayName": "09-Dec-18",
      "DisplayPosition": 51,
      "Icon": null,
      "Color": null,
      "Image": null
    },
    {
      "Value": "12/16/2018 0:00",
      "DisplayName": "16-Dec-18",
      "DisplayPosition": 52,
      "Icon": null,
      "Color": null,
      "Image": null
    },
    {
      "Value": "12/23/2018 0:00",
      "DisplayName": "23-Dec-18",
      "DisplayPosition": 53,
      "Icon": null,
      "Color": null,
      "Image": null
    },
    {
      "Value": "12/30/2018 0:00",
      "DisplayName": "30-Dec-18",
      "DisplayPosition": 54,
      "Icon": null,
      "Color": null,
      "Image": null
    },
    {
      "Value": "01-06-2019 00:00",
      "DisplayName": "06-Jan-19",
      "DisplayPosition": 55,
      "Icon": null,
      "Color": null,
      "Image": null
    },
    {
      "Value": "1/13/2019 0:00",
      "DisplayName": "13-Jan-19",
      "DisplayPosition": 56,
      "Icon": null,
      "Color": null,
      "Image": null
    },
    {
      "Value": "1/20/2019 0:00",
      "DisplayName": "20-Jan-19",
      "DisplayPosition": 57,
      "Icon": null,
      "Color": null,
      "Image": null
    },
    {
      "Value": "1/27/2019 0:00",
      "DisplayName": "27-Jan-19",
      "DisplayPosition": 58,
      "Icon": null,
      "Color": null,
      "Image": null
    },
    {
      "Value": "02-03-2019 00:00",
      "DisplayName": "03-Feb-19",
      "DisplayPosition": 59,
      "Icon": null,
      "Color": null,
      "Image": null
    },
    {
      "Value": "02-10-2019 00:00",
      "DisplayName": "10-Feb-19",
      "DisplayPosition": 60,
      "Icon": null,
      "Color": null,
      "Image": null
    },
    {
      "Value": "2/17/2019 0:00",
      "DisplayName": "17-Feb-19",
      "DisplayPosition": 61,
      "Icon": null,
      "Color": null,
      "Image": null
    },
    {
      "Value": "2/24/2019 0:00",
      "DisplayName": "24-Feb-19",
      "DisplayPosition": 62,
      "Icon": null,
      "Color": null,
      "Image": null
    },
    {
      "Value": "03-10-2019 00:00",
      "DisplayName": "10-Mar-19",
      "DisplayPosition": 64,
      "Icon": null,
      "Color": null,
      "Image": null
    },
    {
      "Value": "3/17/2019 0:00",
      "DisplayName": "17-Mar-19",
      "DisplayPosition": 65,
      "Icon": null,
      "Color": null,
      "Image": null
    },
    {
      "Value": "3/24/2019 0:00",
      "DisplayName": "24-Mar-19",
      "DisplayPosition": 66,
      "Icon": null,
      "Color": null,
      "Image": null
    },
    {
      "Value": "3/31/2019 0:00",
      "DisplayName": "31-Mar-19",
      "DisplayPosition": 67,
      "Icon": null,
      "Color": null,
      "Image": null
    },
    {
      "Value": "04-07-2019 00:00",
      "DisplayName": "07-Apr-19",
      "DisplayPosition": 68,
      "Icon": null,
      "Color": null,
      "Image": null
    },
    {
      "Value": "4/14/2019 0:00",
      "DisplayName": "14-Apr-19",
      "DisplayPosition": 69,
      "Icon": null,
      "Color": null,
      "Image": null
    },
    {
      "Value": "4/21/2019 0:00",
      "DisplayName": "21-Apr-19",
      "DisplayPosition": 70,
      "Icon": null,
      "Color": null,
      "Image": null
    },
    {
      "Value": "4/28/2019 0:00",
      "DisplayName": "28-Apr-19",
      "DisplayPosition": 71,
      "Icon": null,
      "Color": null,
      "Image": null
    },
    {
      "Value": "05-05-2019 00:00",
      "DisplayName": "05-May-19",
      "DisplayPosition": 72,
      "Icon": null,
      "Color": null,
      "Image": null
    },
    {
      "Value": "05-12-2019 00:00",
      "DisplayName": "12-May-19",
      "DisplayPosition": 73,
      "Icon": null,
      "Color": null,
      "Image": null
    },
    {
      "Value": "5/19/2019 0:00",
      "DisplayName": "19-May-19",
      "DisplayPosition": 74,
      "Icon": null,
      "Color": null,
      "Image": null
    },
    {
      "Value": "5/26/2019 0:00",
      "DisplayName": "26-May-19",
      "DisplayPosition": 75,
      "Icon": null,
      "Color": null,
      "Image": null
    },
    {
      "Value": "06-02-2019 00:00",
      "DisplayName": "02-Jun-19",
      "DisplayPosition": 76,
      "Icon": null,
      "Color": null,
      "Image": null
    },
    {
      "Value": "06-09-2019 00:00",
      "DisplayName": "09-Jun-19",
      "DisplayPosition": 77,
      "Icon": null,
      "Color": null,
      "Image": null
    },
    {
      "Value": "6/16/2019 0:00",
      "DisplayName": "16-Jun-19",
      "DisplayPosition": 78,
      "Icon": null,
      "Color": null,
      "Image": null
    },
    {
      "Value": "6/23/2019 0:00",
      "DisplayName": "23-Jun-19",
      "DisplayPosition": 79,
      "Icon": null,
      "Color": null,
      "Image": null
    },
    {
      "Value": "6/30/2019 0:00",
      "DisplayName": "30-Jun-19",
      "DisplayPosition": 80,
      "Icon": null,
      "Color": null,
      "Image": null
    },
    {
      "Value": "07-07-2019 00:00",
      "DisplayName": "07-Jul-19",
      "DisplayPosition": 81,
      "Icon": null,
      "Color": null,
      "Image": null
    },
    {
      "Value": "7/14/2019 0:00",
      "DisplayName": "14-Jul-19",
      "DisplayPosition": 82,
      "Icon": null,
      "Color": null,
      "Image": null
    },
    {
      "Value": "7/21/2019 0:00",
      "DisplayName": "21-Jul-19",
      "DisplayPosition": 83,
      "Icon": null,
      "Color": null,
      "Image": null
    },
    {
      "Value": "7/28/2019 0:00",
      "DisplayName": "28-Jul-19",
      "DisplayPosition": 84,
      "Icon": null,
      "Color": null,
      "Image": null
    },
    {
      "Value": "08-04-2019 00:00",
      "DisplayName": "04-Aug-19",
      "DisplayPosition": 85,
      "Icon": null,
      "Color": null,
      "Image": null
    },
    {
      "Value": "08-11-2019 00:00",
      "DisplayName": "11-Aug-19",
      "DisplayPosition": 86,
      "Icon": null,
      "Color": null,
      "Image": null
    },
    {
      "Value": "6/20/2021 0:00",
      "DisplayName": "20-Jun-21",
      "DisplayPosition": 183,
      "Icon": null,
      "Color": null,
      "Image": null
    },
    {
      "Value": "6/27/2021 0:00",
      "DisplayName": "27-Jun-21",
      "DisplayPosition": 184,
      "Icon": null,
      "Color": null,
      "Image": null
    },
    {
      "Value": "07-04-2021 00:00",
      "DisplayName": "04-Jul-21",
      "DisplayPosition": 185,
      "Icon": null,
      "Color": null,
      "Image": null
    },
    {
      "Value": "07-11-2021 00:00",
      "DisplayName": "11-Jul-21",
      "DisplayPosition": 186,
      "Icon": null,
      "Color": null,
      "Image": null
    },
    {
      "Value": "7/18/2021 0:00",
      "DisplayName": "18-Jul-21",
      "DisplayPosition": 187,
      "Icon": null,
      "Color": null,
      "Image": null
    },
    {
      "Value": "7/25/2021 0:00",
      "DisplayName": "25-Jul-21",
      "DisplayPosition": 188,
      "Icon": null,
      "Color": null,
      "Image": null
    },
    {
      "Value": "08-01-2021 00:00",
      "DisplayName": "01-Aug-21",
      "DisplayPosition": 189,
      "Icon": null,
      "Color": null,
      "Image": null
    },
    {
      "Value": "08-08-2021 00:00",
      "DisplayName": "08-Aug-21",
      "DisplayPosition": 190,
      "Icon": null,
      "Color": null,
      "Image": null
    },
    {
      "Value": "8/15/2021 0:00",
      "DisplayName": "15-Aug-21",
      "DisplayPosition": 191,
      "Icon": null,
      "Color": null,
      "Image": null
    },
    {
      "Value": "8/22/2021 0:00",
      "DisplayName": "22-Aug-21",
      "DisplayPosition": 192,
      "Icon": null,
      "Color": null,
      "Image": null
    },
    {
      "Value": "8/29/2021 0:00",
      "DisplayName": "29-Aug-21",
      "DisplayPosition": 193,
      "Icon": null,
      "Color": null,
      "Image": null
    },
    {
      "Value": "09-05-2021 00:00",
      "DisplayName": "05-Sep-21",
      "DisplayPosition": 194,
      "Icon": null,
      "Color": null,
      "Image": null
    },
    {
      "Value": "09-12-2021 00:00",
      "DisplayName": "12-Sep-21",
      "DisplayPosition": 195,
      "Icon": null,
      "Color": null,
      "Image": null
    },
    {
      "Value": "9/19/2021 0:00",
      "DisplayName": "19-Sep-21",
      "DisplayPosition": 196,
      "Icon": null,
      "Color": null,
      "Image": null
    },
    {
      "Value": "9/26/2021 0:00",
      "DisplayName": "26-Sep-21",
      "DisplayPosition": 197,
      "Icon": null,
      "Color": null,
      "Image": null
    },
    {
      "Value": "10-03-2021 00:00",
      "DisplayName": "03-Oct-21",
      "DisplayPosition": 198,
      "Icon": null,
      "Color": null,
      "Image": null
    },
    {
      "Value": "10-10-2021 00:00",
      "DisplayName": "10-Oct-21",
      "DisplayPosition": 199,
      "Icon": null,
      "Color": null,
      "Image": null
    },
    {
      "Value": "10/17/2021 0:00",
      "DisplayName": "17-Oct-21",
      "DisplayPosition": 200,
      "Icon": null,
      "Color": null,
      "Image": null
    },
    {
      "Value": "10/24/2021 0:00",
      "DisplayName": "24-Oct-21",
      "DisplayPosition": 201,
      "Icon": null,
      "Color": null,
      "Image": null
    },
    {
      "Value": "10/31/2021 0:00",
      "DisplayName": "31-Oct-21",
      "DisplayPosition": 202,
      "Icon": null,
      "Color": null,
      "Image": null
    },
    {
      "Value": "11-07-2021 00:00",
      "DisplayName": "07-Nov-21",
      "DisplayPosition": 203,
      "Icon": null,
      "Color": null,
      "Image": null
    },
    {
      "Value": "11/14/2021 0:00",
      "DisplayName": "14-Nov-21",
      "DisplayPosition": 204,
      "Icon": null,
      "Color": null,
      "Image": null
    },
    {
      "Value": "11/21/2021 0:00",
      "DisplayName": "21-Nov-21",
      "DisplayPosition": 205,
      "Icon": null,
      "Color": null,
      "Image": null
    },
    {
      "Value": "11/28/2021 0:00",
      "DisplayName": "28-Nov-21",
      "DisplayPosition": 206,
      "Icon": null,
      "Color": null,
      "Image": null
    },
    {
      "Value": "12-05-2021 00:00",
      "DisplayName": "05-Dec-21",
      "DisplayPosition": 207,
      "Icon": null,
      "Color": null,
      "Image": null
    },
    {
      "Value": "12-12-2021 00:00",
      "DisplayName": "12-Dec-21",
      "DisplayPosition": 208,
      "Icon": null,
      "Color": null,
      "Image": null
    },
    {
      "Value": "12/19/2021 0:00",
      "DisplayName": "19-Dec-21",
      "DisplayPosition": 209,
      "Icon": null,
      "Color": null,
      "Image": null
    },
    {
      "Value": "12/26/2021 0:00",
      "DisplayName": "26-Dec-21",
      "DisplayPosition": 210,
      "Icon": null,
      "Color": null,
      "Image": null
    },
    {
      "Value": "01-02-2022 00:00",
      "DisplayName": "02-Jan-22",
      "DisplayPosition": 211,
      "Icon": null,
      "Color": null,
      "Image": null
    },
    {
      "Value": "01-09-2022 00:00",
      "DisplayName": "09-Jan-22",
      "DisplayPosition": 212,
      "Icon": null,
      "Color": null,
      "Image": null
    },
    {
      "Value": "1/16/2022 0:00",
      "DisplayName": "16-Jan-22",
      "DisplayPosition": 213,
      "Icon": null,
      "Color": null,
      "Image": null
    },
    {
      "Value": "1/23/2022 0:00",
      "DisplayName": "23-Jan-22",
      "DisplayPosition": 214,
      "Icon": null,
      "Color": null,
      "Image": null
    },
    {
      "Value": "1/30/2022 0:00",
      "DisplayName": "30-Jan-22",
      "DisplayPosition": 215,
      "Icon": null,
      "Color": null,
      "Image": null
    },
    {
      "Value": "02-06-2022 00:00",
      "DisplayName": "06-Feb-22",
      "DisplayPosition": 216,
      "Icon": null,
      "Color": null,
      "Image": null
    },
    {
      "Value": "2/13/2022 0:00",
      "DisplayName": "13-Feb-22",
      "DisplayPosition": 217,
      "Icon": null,
      "Color": null,
      "Image": null
    },
    {
      "Value": "2/20/2022 0:00",
      "DisplayName": "20-Feb-22",
      "DisplayPosition": 218,
      "Icon": null,
      "Color": null,
      "Image": null
    },
    {
      "Value": "2/27/2022 0:00",
      "DisplayName": "27-Feb-22",
      "DisplayPosition": 219,
      "Icon": null,
      "Color": null,
      "Image": null
    },
    {
      "Value": "03-06-2022 00:00",
      "DisplayName": "06-Mar-22",
      "DisplayPosition": 220,
      "Icon": null,
      "Color": null,
      "Image": null
    },
    {
      "Value": "3/13/2022 0:00",
      "DisplayName": "13-Mar-22",
      "DisplayPosition": 221,
      "Icon": null,
      "Color": null,
      "Image": null
    },
    {
      "Value": "3/20/2022 0:00",
      "DisplayName": "20-Mar-22",
      "DisplayPosition": 222,
      "Icon": null,
      "Color": null,
      "Image": null
    },
    {
      "Value": "3/27/2022 0:00",
      "DisplayName": "27-Mar-22",
      "DisplayPosition": 223,
      "Icon": null,
      "Color": null,
      "Image": null
    },
    {
      "Value": "04-03-2022 00:00",
      "DisplayName": "03-Apr-22",
      "DisplayPosition": 224,
      "Icon": null,
      "Color": null,
      "Image": null
    },
    {
      "Value": "04-10-2022 00:00",
      "DisplayName": "10-Apr-22",
      "DisplayPosition": 225,
      "Icon": null,
      "Color": null,
      "Image": null
    },
    {
      "Value": "4/17/2022 0:00",
      "DisplayName": "17-Apr-22",
      "DisplayPosition": 226,
      "Icon": null,
      "Color": null,
      "Image": null
    },
    {
      "Value": "4/24/2022 0:00",
      "DisplayName": "24-Apr-22",
      "DisplayPosition": 227,
      "Icon": null,
      "Color": null,
      "Image": null
    },
    {
      "Value": "05-01-2022 00:00",
      "DisplayName": "01-May-22",
      "DisplayPosition": 228,
      "Icon": null,
      "Color": null,
      "Image": null
    },
    {
      "Value": "05-08-2022 00:00",
      "DisplayName": "08-May-22",
      "DisplayPosition": 229,
      "Icon": null,
      "Color": null,
      "Image": null
    },
    {
      "Value": "5/15/2022 0:00",
      "DisplayName": "15-May-22",
      "DisplayPosition": 230,
      "Icon": null,
      "Color": null,
      "Image": null
    },
    {
      "Value": "5/22/2022 0:00",
      "DisplayName": "22-May-22",
      "DisplayPosition": 231,
      "Icon": null,
      "Color": null,
      "Image": null
    },
    {
      "Value": "5/29/2022 0:00",
      "DisplayName": "29-May-22",
      "DisplayPosition": 232,
      "Icon": null,
      "Color": null,
      "Image": null
    },
    {
      "Value": "06-05-2022 00:00",
      "DisplayName": "05-Jun-22",
      "DisplayPosition": 233,
      "Icon": null,
      "Color": null,
      "Image": null
    },
    {
      "Value": "06-12-2022 00:00",
      "DisplayName": "12-Jun-22",
      "DisplayPosition": 234,
      "Icon": null,
      "Color": null,
      "Image": null
    },
    {
      "Value": "6/19/2022 0:00",
      "DisplayName": "19-Jun-22",
      "DisplayPosition": 235,
      "Icon": null,
      "Color": null,
      "Image": null
    },
    {
      "Value": "6/26/2022 0:00",
      "DisplayName": "26-Jun-22",
      "DisplayPosition": 236,
      "Icon": null,
      "Color": null,
      "Image": null
    },
    {
      "Value": "07-03-2022 00:00",
      "DisplayName": "03-Jul-22",
      "DisplayPosition": 237,
      "Icon": null,
      "Color": null,
      "Image": null
    },
    {
      "Value": "07-10-2022 00:00",
      "DisplayName": "10-Jul-22",
      "DisplayPosition": 238,
      "Icon": null,
      "Color": null,
      "Image": null
    },
    {
      "Value": "7/17/2022 0:00",
      "DisplayName": "17-Jul-22",
      "DisplayPosition": 239,
      "Icon": null,
      "Color": null,
      "Image": null
    },
    {
      "Value": "7/24/2022 0:00",
      "DisplayName": "24-Jul-22",
      "DisplayPosition": 240,
      "Icon": null,
      "Color": null,
      "Image": null
    },
    {
      "Value": "7/31/2022 0:00",
      "DisplayName": "31-Jul-22",
      "DisplayPosition": 241,
      "Icon": null,
      "Color": null,
      "Image": null
    },
    {
      "Value": "08-07-2022 00:00",
      "DisplayName": "07-Aug-22",
      "DisplayPosition": 242,
      "Icon": null,
      "Color": null,
      "Image": null
    },
    {
      "Value": "8/14/2022 0:00",
      "DisplayName": "14-Aug-22",
      "DisplayPosition": 243,
      "Icon": null,
      "Color": null,
      "Image": null
    },
    {
      "Value": "8/21/2022 0:00",
      "DisplayName": "21-Aug-22",
      "DisplayPosition": 244,
      "Icon": null,
      "Color": null,
      "Image": null
    },
    {
      "Value": "8/28/2022 0:00",
      "DisplayName": "28-Aug-22",
      "DisplayPosition": 245,
      "Icon": null,
      "Color": null,
      "Image": null
    },
    {
      "Value": "09-04-2022 00:00",
      "DisplayName": "04-Sep-22",
      "DisplayPosition": 246,
      "Icon": null,
      "Color": null,
      "Image": null
    },
    {
      "Value": "09-11-2022 00:00",
      "DisplayName": "11-Sep-22",
      "DisplayPosition": 247,
      "Icon": null,
      "Color": null,
      "Image": null
    },
    {
      "Value": "9/18/2022 0:00",
      "DisplayName": "18-Sep-22",
      "DisplayPosition": 248,
      "Icon": null,
      "Color": null,
      "Image": null
    },
    {
      "Value": "9/25/2022 0:00",
      "DisplayName": "25-Sep-22",
      "DisplayPosition": 249,
      "Icon": null,
      "Color": null,
      "Image": null
    },
    {
      "Value": "10-02-2022 00:00",
      "DisplayName": "02-Oct-22",
      "DisplayPosition": 250,
      "Icon": null,
      "Color": null,
      "Image": null
    },
    {
      "Value": "10-09-2022 00:00",
      "DisplayName": "09-Oct-22",
      "DisplayPosition": 251,
      "Icon": null,
      "Color": null,
      "Image": null
    },
    {
      "Value": "10/16/2022 0:00",
      "DisplayName": "16-Oct-22",
      "DisplayPosition": 252,
      "Icon": null,
      "Color": null,
      "Image": null
    },
    {
      "Value": "10/23/2022 0:00",
      "DisplayName": "23-Oct-22",
      "DisplayPosition": 253,
      "Icon": null,
      "Color": null,
      "Image": null
    },
    {
      "Value": "10/30/2022 0:00",
      "DisplayName": "30-Oct-22",
      "DisplayPosition": 254,
      "Icon": null,
      "Color": null,
      "Image": null
    },
    {
      "Value": "11-06-2022 00:00",
      "DisplayName": "06-Nov-22",
      "DisplayPosition": 255,
      "Icon": null,
      "Color": null,
      "Image": null
    },
    {
      "Value": "11/13/2022 0:00",
      "DisplayName": "13-Nov-22",
      "DisplayPosition": 256,
      "Icon": null,
      "Color": null,
      "Image": null
    },
    {
      "Value": "11/20/2022 0:00",
      "DisplayName": "20-Nov-22",
      "DisplayPosition": 257,
      "Icon": null,
      "Color": null,
      "Image": null
    },
    {
      "Value": "11/27/2022 0:00",
      "DisplayName": "27-Nov-22",
      "DisplayPosition": 258,
      "Icon": null,
      "Color": null,
      "Image": null
    },
    {
      "Value": "12-04-2022 00:00",
      "DisplayName": "04-Dec-22",
      "DisplayPosition": 259,
      "Icon": null,
      "Color": null,
      "Image": null
    },
    {
      "Value": "12-11-2022 00:00",
      "DisplayName": "11-Dec-22",
      "DisplayPosition": 260,
      "Icon": null,
      "Color": null,
      "Image": null
    },
    {
      "Value": "12/18/2022 0:00",
      "DisplayName": "18-Dec-22",
      "DisplayPosition": 261,
      "Icon": null,
      "Color": null,
      "Image": null
    },
    {
      "Value": "12/25/2022 0:00",
      "DisplayName": "25-Dec-22",
      "DisplayPosition": 262,
      "Icon": null,
      "Color": null,
      "Image": null
    },
    {
      "Value": "01-01-2023 00:00",
      "DisplayName": "01-Jan-23",
      "DisplayPosition": 263,
      "Icon": null,
      "Color": null,
      "Image": null
    },
    {
      "Value": "01-08-2023 00:00",
      "DisplayName": "08-Jan-23",
      "DisplayPosition": 264,
      "Icon": null,
      "Color": null,
      "Image": null
    },
    {
      "Value": "1/15/2023 0:00",
      "DisplayName": "15-Jan-23",
      "DisplayPosition": 265,
      "Icon": null,
      "Color": null,
      "Image": null
    },
    {
      "Value": "1/22/2023 0:00",
      "DisplayName": "22-Jan-23",
      "DisplayPosition": 266,
      "Icon": null,
      "Color": null,
      "Image": null
    },
    {
      "Value": "1/29/2023 0:00",
      "DisplayName": "29-Jan-23",
      "DisplayPosition": 267,
      "Icon": null,
      "Color": null,
      "Image": null
    },
    {
      "Value": "02-05-2023 00:00",
      "DisplayName": "05-Feb-23",
      "DisplayPosition": 268,
      "Icon": null,
      "Color": null,
      "Image": null
    },
    {
      "Value": "02-12-2023 00:00",
      "DisplayName": "12-Feb-23",
      "DisplayPosition": 269,
      "Icon": null,
      "Color": null,
      "Image": null
    },
    {
      "Value": "2/19/2023 0:00",
      "DisplayName": "19-Feb-23",
      "DisplayPosition": 270,
      "Icon": null,
      "Color": null,
      "Image": null
    },
    {
      "Value": "2/26/2023 0:00",
      "DisplayName": "26-Feb-23",
      "DisplayPosition": 271,
      "Icon": null,
      "Color": null,
      "Image": null
    },
    {
      "Value": "03-05-2023 00:00",
      "DisplayName": "05-Mar-23",
      "DisplayPosition": 272,
      "Icon": null,
      "Color": null,
      "Image": null
    },
    {
      "Value": "03-12-2023 00:00",
      "DisplayName": "12-Mar-23",
      "DisplayPosition": 273,
      "Icon": null,
      "Color": null,
      "Image": null
    },
    {
      "Value": "3/19/2023 0:00",
      "DisplayName": "19-Mar-23",
      "DisplayPosition": 274,
      "Icon": null,
      "Color": null,
      "Image": null
    },
    {
      "Value": "3/26/2023 0:00",
      "DisplayName": "26-Mar-23",
      "DisplayPosition": 275,
      "Icon": null,
      "Color": null,
      "Image": null
    },
    {
      "Value": "04-02-2023 00:00",
      "DisplayName": "02-Apr-23",
      "DisplayPosition": 276,
      "Icon": null,
      "Color": null,
      "Image": null
    },
    {
      "Value": "04-09-2023 00:00",
      "DisplayName": "09-Apr-23",
      "DisplayPosition": 277,
      "Icon": null,
      "Color": null,
      "Image": null
    },
    {
      "Value": "4/16/2023 0:00",
      "DisplayName": "16-Apr-23",
      "DisplayPosition": 278,
      "Icon": null,
      "Color": null,
      "Image": null
    },
    {
      "Value": "4/23/2023 0:00",
      "DisplayName": "23-Apr-23",
      "DisplayPosition": 279,
      "Icon": null,
      "Color": null,
      "Image": null
    },
    {
      "Value": "4/30/2023 0:00",
      "DisplayName": "30-Apr-23",
      "DisplayPosition": 280,
      "Icon": null,
      "Color": null,
      "Image": null
    },
    {
      "Value": "05-07-2023 00:00",
      "DisplayName": "07-May-23",
      "DisplayPosition": 281,
      "Icon": null,
      "Color": null,
      "Image": null
    },
    {
      "Value": "5/14/2023 0:00",
      "DisplayName": "14-May-23",
      "DisplayPosition": 282,
      "Icon": null,
      "Color": null,
      "Image": null
    },
    {
      "Value": "5/21/2023 0:00",
      "DisplayName": "21-May-23",
      "DisplayPosition": 283,
      "Icon": null,
      "Color": null,
      "Image": null
    },
    {
      "Value": "5/28/2023 0:00",
      "DisplayName": "28-May-23",
      "DisplayPosition": 284,
      "Icon": null,
      "Color": null,
      "Image": null
    },
    {
      "Value": "06-04-2023 00:00",
      "DisplayName": "04-Jun-23",
      "DisplayPosition": 285,
      "Icon": null,
      "Color": null,
      "Image": null
    },
    {
      "Value": "06-11-2023 00:00",
      "DisplayName": "11-Jun-23",
      "DisplayPosition": 286,
      "Icon": null,
      "Color": null,
      "Image": null
    },
    {
      "Value": "6/18/2023 0:00",
      "DisplayName": "18-Jun-23",
      "DisplayPosition": 287,
      "Icon": null,
      "Color": null,
      "Image": null
    },
    {
      "Value": "6/25/2023 0:00",
      "DisplayName": "25-Jun-23",
      "DisplayPosition": 288,
      "Icon": null,
      "Color": null,
      "Image": null
    },
    {
      "Value": "07-02-2023 00:00",
      "DisplayName": "02-Jul-23",
      "DisplayPosition": 289,
      "Icon": null,
      "Color": null,
      "Image": null
    },
    {
      "Value": "07-09-2023 00:00",
      "DisplayName": "09-Jul-23",
      "DisplayPosition": 290,
      "Icon": null,
      "Color": null,
      "Image": null
    },
    {
      "Value": "7/16/2023 0:00",
      "DisplayName": "16-Jul-23",
      "DisplayPosition": 291,
      "Icon": null,
      "Color": null,
      "Image": null
    },
    {
      "Value": "7/23/2023 0:00",
      "DisplayName": "23-Jul-23",
      "DisplayPosition": 292,
      "Icon": null,
      "Color": null,
      "Image": null
    },
    {
      "Value": "7/30/2023 0:00",
      "DisplayName": "30-Jul-23",
      "DisplayPosition": 293,
      "Icon": null,
      "Color": null,
      "Image": null
    },
    {
      "Value": "08-06-2023 00:00",
      "DisplayName": "06-Aug-23",
      "DisplayPosition": 294,
      "Icon": null,
      "Color": null,
      "Image": null
    },
    {
      "Value": "8/13/2023 0:00",
      "DisplayName": "13-Aug-23",
      "DisplayPosition": 295,
      "Icon": null,
      "Color": null,
      "Image": null
    },
    {
      "Value": "8/20/2023 0:00",
      "DisplayName": "20-Aug-23",
      "DisplayPosition": 296,
      "Icon": null,
      "Color": null,
      "Image": null
    },
    {
      "Value": "8/27/2023 0:00",
      "DisplayName": "27-Aug-23",
      "DisplayPosition": 297,
      "Icon": null,
      "Color": null,
      "Image": null
    },
    {
      "Value": "09-03-2023 00:00",
      "DisplayName": "03-Sep-23",
      "DisplayPosition": 298,
      "Icon": null,
      "Color": null,
      "Image": null
    },
    {
      "Value": "09-10-2023 00:00",
      "DisplayName": "10-Sep-23",
      "DisplayPosition": 299,
      "Icon": null,
      "Color": null,
      "Image": null
    },
    {
      "Value": "9/17/2023 0:00",
      "DisplayName": "17-Sep-23",
      "DisplayPosition": 300,
      "Icon": null,
      "Color": null,
      "Image": null
    },
    {
      "Value": "9/24/2023 0:00",
      "DisplayName": "24-Sep-23",
      "DisplayPosition": 301,
      "Icon": null,
      "Color": null,
      "Image": null
    },
    {
      "Value": "10-01-2023 00:00",
      "DisplayName": "01-Oct-23",
      "DisplayPosition": 302,
      "Icon": null,
      "Color": null,
      "Image": null
    },
    {
      "Value": "10-08-2023 00:00",
      "DisplayName": "08-Oct-23",
      "DisplayPosition": 303,
      "Icon": null,
      "Color": null,
      "Image": null
    },
    {
      "Value": "10/15/2023 0:00",
      "DisplayName": "15-Oct-23",
      "DisplayPosition": 304,
      "Icon": null,
      "Color": null,
      "Image": null
    },
    {
      "Value": "10/22/2023 0:00",
      "DisplayName": "22-Oct-23",
      "DisplayPosition": 305,
      "Icon": null,
      "Color": null,
      "Image": null
    },
    {
      "Value": "10/29/2023 0:00",
      "DisplayName": "29-Oct-23",
      "DisplayPosition": 306,
      "Icon": null,
      "Color": null,
      "Image": null
    },
    {
      "Value": "11-05-2023 00:00",
      "DisplayName": "05-Nov-23",
      "DisplayPosition": 307,
      "Icon": null,
      "Color": null,
      "Image": null
    },
    {
      "Value": "11-12-2023 00:00",
      "DisplayName": "12-Nov-23",
      "DisplayPosition": 308,
      "Icon": null,
      "Color": null,
      "Image": null
    },
    {
      "Value": "11/19/2023 0:00",
      "DisplayName": "19-Nov-23",
      "DisplayPosition": 309,
      "Icon": null,
      "Color": null,
      "Image": null
    },
    {
      "Value": "11/26/2023 0:00",
      "DisplayName": "26-Nov-23",
      "DisplayPosition": 310,
      "Icon": null,
      "Color": null,
      "Image": null
    },
    {
      "Value": "12-03-2023 00:00",
      "DisplayName": "03-Dec-23",
      "DisplayPosition": 311,
      "Icon": null,
      "Color": null,
      "Image": null
    },
    {
      "Value": "12-10-2023 00:00",
      "DisplayName": "10-Dec-23",
      "DisplayPosition": 312,
      "Icon": null,
      "Color": null,
      "Image": null
    },
    {
      "Value": "12/17/2023 0:00",
      "DisplayName": "17-Dec-23",
      "DisplayPosition": 313,
      "Icon": null,
      "Color": null,
      "Image": null
    },
    {
      "Value": "12/24/2023 0:00",
      "DisplayName": "24-Dec-23",
      "DisplayPosition": 314,
      "Icon": null,
      "Color": null,
      "Image": null
    },
    {
      "Value": "12/31/2023 0:00",
      "DisplayName": "31-Dec-23",
      "DisplayPosition": 315,
      "Icon": null,
      "Color": null,
      "Image": null
    },
    {
      "Value": "01-07-2024 00:00",
      "DisplayName": "07-Jan-24",
      "DisplayPosition": 316,
      "Icon": null,
      "Color": null,
      "Image": null
    },
    {
      "Value": "01/14/2024 0:00",
      "DisplayName": "14-Jan-24",
      "DisplayPosition": 317,
      "Icon": null,
      "Color": null,
      "Image": null
    },
    {
      "Value": "1/21/2024 0:00",
      "DisplayName": "21-Jan-24",
      "DisplayPosition": 318,
      "Icon": null,
      "Color": null,
      "Image": null
    },
    {
      "Value": "1/28/2024 0:00",
      "DisplayName": "28-Jan-24",
      "DisplayPosition": 319,
      "Icon": null,
      "Color": null,
      "Image": null
    },
    {
      "Value": "02-04-2024 00:00",
      "DisplayName": "04-Feb-24",
      "DisplayPosition": 320,
      "Icon": null,
      "Color": null,
      "Image": null
    },
    {
      "Value": "02-11-2024 00:00",
      "DisplayName": "11-Feb-24",
      "DisplayPosition": 321,
      "Icon": null,
      "Color": null,
      "Image": null
    },
    {
      "Value": "2/18/2024 0:00",
      "DisplayName": "18-Feb-24",
      "DisplayPosition": 322,
      "Icon": null,
      "Color": null,
      "Image": null
    },
    {
      "Value": "2/25/2024 0:00",
      "DisplayName": "25-Feb-24",
      "DisplayPosition": 323,
      "Icon": null,
      "Color": null,
      "Image": null
    },
    {
      "Value": "03-03-2024 00:00",
      "DisplayName": "03-Mar-24",
      "DisplayPosition": 324,
      "Icon": null,
      "Color": null,
      "Image": null
    },
    {
      "Value": "03-10-2024 00:00",
      "DisplayName": "10-Mar-24",
      "DisplayPosition": 325,
      "Icon": null,
      "Color": null,
      "Image": null
    },
    {
      "Value": "03/17/2024 0:00",
      "DisplayName": "17-Mar-24",
      "DisplayPosition": 326,
      "Icon": null,
      "Color": null,
      "Image": null
    },
    {
      "Value": "03/24/2024 0:00",
      "DisplayName": "24-Mar-24",
      "DisplayPosition": 327,
      "Icon": null,
      "Color": null,
      "Image": null
    },
    {
      "Value": "03/31/2024 0:00",
      "DisplayName": "31-Mar-24",
      "DisplayPosition": 328,
      "Icon": null,
      "Color": null,
      "Image": null
    },
    {
      "Value": "04-07-2024 00:00",
      "DisplayName": "07-Apr-24",
      "DisplayPosition": 329,
      "Icon": null,
      "Color": null,
      "Image": null
    },
    {
      "Value": "04/14/2024 0:00",
      "DisplayName": "14-Apr-24",
      "DisplayPosition": 330,
      "Icon": null,
      "Color": null,
      "Image": null
    },
    {
      "Value": "04/21/2024 0:00",
      "DisplayName": "21-Apr-24",
      "DisplayPosition": 331,
      "Icon": null,
      "Color": null,
      "Image": null
    },
    {
      "Value": "04/28/2024 0:00",
      "DisplayName": "28-Apr-24",
      "DisplayPosition": 332,
      "Icon": null,
      "Color": null,
      "Image": null
    },
    {
      "Value": "05-05-2024 00:00",
      "DisplayName": "05-May-24",
      "DisplayPosition": 333,
      "Icon": null,
      "Color": null,
      "Image": null
    },
    {
      "Value": "05-12-2024 00:00",
      "DisplayName": "12-May-24",
      "DisplayPosition": 334,
      "Icon": null,
      "Color": null,
      "Image": null
    },
    {
      "Value": "05/19/2024 0:00",
      "DisplayName": "19-May-24",
      "DisplayPosition": 335,
      "Icon": null,
      "Color": null,
      "Image": null
    },
    {
      "Value": "05/26/2024 0:00",
      "DisplayName": "26-May-24",
      "DisplayPosition": 336,
      "Icon": null,
      "Color": null,
      "Image": null
    },
    {
      "Value": "06-02-2024 00:00",
      "DisplayName": "02-Jun-24",
      "DisplayPosition": 337,
      "Icon": null,
      "Color": null,
      "Image": null
    },
    {
      "Value": "06-09-2024 00:00",
      "DisplayName": "09-Jun-24",
      "DisplayPosition": 338,
      "Icon": null,
      "Color": null,
      "Image": null
    },
    {
      "Value": "06/16/2024 0:00",
      "DisplayName": "16-Jun-24",
      "DisplayPosition": 339,
      "Icon": null,
      "Color": null,
      "Image": null
    },
    {
      "Value": "06/23/2024 0:00",
      "DisplayName": "23-Jun-24",
      "DisplayPosition": 340,
      "Icon": null,
      "Color": null,
      "Image": null
    },
    {
      "Value": "06/30/2024 0:00",
      "DisplayName": "30-Jun-24",
      "DisplayPosition": 341,
      "Icon": null,
      "Color": null,
      "Image": null
    },
    {
      "Value": "07-07-2024 00:00",
      "DisplayName": "07-Jul-24",
      "DisplayPosition": 342,
      "Icon": null,
      "Color": null,
      "Image": null
    },
    {
      "Value": "07/14/2024 0:00",
      "DisplayName": "14-Jul-24",
      "DisplayPosition": 343,
      "Icon": null,
      "Color": null,
      "Image": null
    },
    {
      "Value": "07/21/2024 0:00",
      "DisplayName": "21-Jul-24",
      "DisplayPosition": 344,
      "Icon": null,
      "Color": null,
      "Image": null
    },
    {
      "Value": "07/28/2024 0:00",
      "DisplayName": "28-Jul-24",
      "DisplayPosition": 345,
      "Icon": null,
      "Color": null,
      "Image": null
    },
    {
      "Value": "08-04-2024 00:00",
      "DisplayName": "04-Aug-24",
      "DisplayPosition": 346,
      "Icon": null,
      "Color": null,
      "Image": null
    },
    {
      "Value": "08-11-2024 00:00",
      "DisplayName": "11-Aug-24",
      "DisplayPosition": 347,
      "Icon": null,
      "Color": null,
      "Image": null
    },
    {
      "Value": "08/18/2024 00:00",
      "DisplayName": "18-Aug-24",
      "DisplayPosition": 348,
      "Icon": null,
      "Color": null,
      "Image": null
    },
    {
      "Value": "08/25/2024 00:00",
      "DisplayName": "25-Aug-24",
      "DisplayPosition": 349,
      "Icon": null,
      "Color": null,
      "Image": null
    },
    {
      "Value": "09-01-2024 00:00",
      "DisplayName": "01-Sep-24",
      "DisplayPosition": 350,
      "Icon": null,
      "Color": null,
      "Image": null
    },
    {
      "Value": "09-08-2024 00:00",
      "DisplayName": "08-Sep-24",
      "DisplayPosition": 351,
      "Icon": null,
      "Color": null,
      "Image": null
    },
    {
      "Value": "09/15/2024 00:00",
      "DisplayName": "15-Sep-24",
      "DisplayPosition": 352,
      "Icon": null,
      "Color": null,
      "Image": null
    },
    {
      "Value": "09/22/2024 00:00",
      "DisplayName": "22-Sep-24",
      "DisplayPosition": 353,
      "Icon": null,
      "Color": null,
      "Image": null
    },
    {
      "Value": "09/29/2024 00:00",
      "DisplayName": "29-Sep-24",
      "DisplayPosition": 354,
      "Icon": null,
      "Color": null,
      "Image": null
    },
    {
      "Value": "10-06-2024 00:00",
      "DisplayName": "06-Oct-24",
      "DisplayPosition": 355,
      "Icon": null,
      "Color": null,
      "Image": null
    },
    {
      "Value": "10/13/2024 00:00",
      "DisplayName": "13-Oct-24",
      "DisplayPosition": 356,
      "Icon": null,
      "Color": null,
      "Image": null
    },
    {
      "Value": "10/20/2024 00:00",
      "DisplayName": "20-Oct-24",
      "DisplayPosition": 357,
      "Icon": null,
      "Color": null,
      "Image": null
    },
    {
      "Value": "10/27/2024 00:00",
      "DisplayName": "27-Oct-24",
      "DisplayPosition": 358,
      "Icon": null,
      "Color": null,
      "Image": null
    },
    {
      "Value": "11-03-2024 00:00",
      "DisplayName": "03-Nov-24",
      "DisplayPosition": 359,
      "Icon": null,
      "Color": null,
      "Image": null
    },
    {
      "Value": "11-10-2024 00:00",
      "DisplayName": "10-Nov-24",
      "DisplayPosition": 360,
      "Icon": null,
      "Color": null,
      "Image": null
    },
    {
      "Value": "11/17/2024 00:00",
      "DisplayName": "17-Nov-24",
      "DisplayPosition": 361,
      "Icon": null,
      "Color": null,
      "Image": null
    },
    {
      "Value": "11/24/2024 00:00",
      "DisplayName": "24-Nov-24",
      "DisplayPosition": 362,
      "Icon": null,
      "Color": null,
      "Image": null
    },
    {
      "Value": "12-01-2024 00:00",
      "DisplayName": "01-Dec-24",
      "DisplayPosition": 363,
      "Icon": null,
      "Color": null,
      "Image": null
    },
    {
      "Value": "12-08-2024 00:00",
      "DisplayName": "08-Dec-24",
      "DisplayPosition": 364,
      "Icon": null,
      "Color": null,
      "Image": null
    },
    {
      "Value": "12/15/2024 00:00",
      "DisplayName": "15-Dec-24",
      "DisplayPosition": 365,
      "Icon": null,
      "Color": null,
      "Image": null
    },
    {
      "Value": "12/22/2024 00:00",
      "DisplayName": "22-Dec-24",
      "DisplayPosition": 366,
      "Icon": null,
      "Color": null,
      "Image": null
    }
  ]
}