{
  "Name": "712RunPredictModelCMLL1Scoped",
  "Description": "Generate System CML Scoped",
  "ActionButtonId": "132ea18f-4733-5bb3-92ca-80f863e8dc4a",
  "Tooltip": "Generate System CML Scoped",
  "ActionButtonType": "Widget",
  "Alignment": "right",
  "IsPopOver": true,
  "IsGlobal": true,
  "ActionClickHandler": null,
  "Icon": null,
  "Image": null,
  "ConfigJson": {
    "icon": "line-chart",
    "SubmitButton": {
      "Label": "Submit",
      "ProgressMessage": "Executing...",
      "SuccessMessage": "Successfully Executed.",
      "ErrorMessage": "Error in Execution.",
      "ConfirmMessage": "Are you sure you want to go ahead with the changes?"
    },
    "ResetButton": {
      "Label": "Reset"
    },
    "CloseButton": {
      "Label": "Close",
      "ConfirmMessage": "Unsaved changes will be lost. Continue?"
    },
    "NotifyAll": false,
    "IBPLRules": [
      {
        "template": "exec procedure o9DP512RunForecastModeCMLL1Scoped {\"VersionName\" : [{{#csv VersionName}}], \"Location\" : [{{#csv Location}}], \"Item\" : [{{#csv Item}}],  \"Account\" : [{{#csv Account}}], \"PnL\" : [{{#csv PnL}}], \"DemandDomain\" : [{{#csv DemandDomain}}], \"Channel\" : [{{#csv Channel}}], \"Region\" : [{{#csv Region}}],\"ForecastIteration\" : \"{{ForecastIteration}}\" ,, \"ForecastingBucket\": \"{{ForecastingBucket}}\" , \"Slicing\":\"{{Slicing}}\", \"Leaves\":\"{{Leaves}}\", \"LagList\":\"{{LagList}}\", \"TotalLag\":\"{{TotalLag}}\", \"ObjectiveFunction\":\"{{ObjectiveFunction}}\", \"ModelHorizon\":\"{{ModelHorizon}}\",\"Estimators\":\"{{Estimators}}\"};"
      }
    ],
    "JavascriptRules": [],
    "FieldBindings": [
      {
        "fieldName": "Information",
        "title": "Information",
        "Description": "Information",
        "type": "info",
        "clearSearch": true,
        "source": "literal",
        "defaultValue": "Please click on \"Submit\" to generate back test at stat level",
        "visible": true,
        "isEditable": true,
        "validation": {
          "maxLength": "0",
          "required": true
        }
      },
      {
        "fieldName": "MediumWeight",
        "title": "Medium Weight Run",
        "Description": "Enable plugin run in Medium Weight execution mode (suitable for small scope).",
        "type": "boolean",
        "fieldGroup": "Execution Mode",
        "selectionType": "single",
        "clearSearch": true,
        "source": "literal",
        "defaultValue": false,
        "visible": true,
        "isEditable": true,
        "validation": {
          "maxLength": "0",
          "required": false
        }
      },
      {
        "fieldName": "VersionName",
        "title": "Version Name",
        "Description": "Version Name",
        "type": "picklist",
        "selectionType": "multiple",
        "clearSearch": true,
        "source": "filter",
        "DimensionName": "Version",
        "LevelAttributeName": "Version Name",
        "visible": true,
        "isEditable": true,
        "validation": {
          "maxLength": "0",
          "required": true
        }
      },
      {
        "fieldName": "ForecastIteration",
        "title": "Forecast Iteration",
        "Description": "Forecast Iteration",
        "type": "picklist",
        "fieldGroup": "Forecast Iteration",
        "selectionType": "single",
        "clearSearch": true,
        "source": "datasource",
        "key": "DSForecastIteration",
        "valueField": "Name",
        "textField": "DisplayName",
        "overrideFieldBindingType": false,
        "visible": true,
        "isEditable": true,
        "cascadeFrom": "ForecastIterationType",
        "validation": {
          "maxLength": "0",
          "required": true
        }
      },
      {
        "fieldName": "ForecastIterationType",
        "title": "Forecast Iteration Type",
        "Description": "Forecast Iteration Type",
        "type": "picklist",
        "fieldGroup": "Forecast Iteration",
        "selectionType": "single",
        "clearSearch": true,
        "source": "members",
        "DimensionName": "Forecast Iteration",
        "LevelAttributeName": "Forecast Iteration Type",
        "visible": true,
        "isEditable": true,
        "validation": {
          "maxLength": "0",
          "required": true
        }
      },
      {
        "fieldName": "W",
        "title": "Week",
        "type": "boolean",
        "selectionType": "single",
        "clearSearch": true,
        "source": "datasource",
        "key": "Week",
        "valueField": "Forecast Generation Time Bucket Week",
        "textField": "Forecast Generation Time Bucket Week",
        "overrideFieldBindingType": false,
        "visible": true,
        "isEditable": true,
        "cascadeFrom": "ForecastIteration",
        "validation": {
          "maxLength": "0",
          "required": false
        },
        "defaultValue": false,
        "fieldGroup": "Forecast Generation Time Bucket"
      },
      {
        "fieldName": "M",
        "title": "Month",
        "type": "boolean",
        "selectionType": "single",
        "clearSearch": true,
        "source": "datasource",
        "key": "Month",
        "valueField": "Forecast Generation Time Bucket Month",
        "textField": "Forecast Generation Time Bucket Month",
        "overrideFieldBindingType": false,
        "visible": true,
        "isEditable": true,
        "cascadeFrom": "ForecastIteration",
        "validation": {
          "maxLength": "0",
          "required": false
        },
        "defaultValue": false,
        "fieldGroup": "Forecast Generation Time Bucket"
      },
      {
        "fieldName": "PM",
        "title": "Planning Month",
        "type": "boolean",
        "selectionType": "single",
        "clearSearch": true,
        "source": "datasource",
        "key": "PlanningMonth",
        "valueField": "Forecast Generation Time Bucket Planning Month",
        "textField": "Forecast Generation Time Bucket Planning Month",
        "overrideFieldBindingType": false,
        "visible": true,
        "isEditable": true,
        "cascadeFrom": "ForecastIteration",
        "validation": {
          "maxLength": "0",
          "required": false
        },
        "defaultValue": false,
        "fieldGroup": "Forecast Generation Time Bucket"
      },
      {
        "fieldName": "Q",
        "title": "Quarter",
        "type": "boolean",
        "selectionType": "single",
        "clearSearch": true,
        "source": "datasource",
        "key": "Quarter",
        "valueField": "Forecast Generation Time Bucket Quarter",
        "textField": "Forecast Generation Time Bucket Quarter",
        "overrideFieldBindingType": false,
        "visible": true,
        "isEditable": true,
        "cascadeFrom": "ForecastIteration",
        "validation": {
          "maxLength": "0",
          "required": false
        },
        "defaultValue": false,
        "fieldGroup": "Forecast Generation Time Bucket"
      },
      {
        "fieldName": "PQ",
        "title": "Planning Quarter",
        "type": "boolean",
        "selectionType": "single",
        "clearSearch": true,
        "source": "datasource",
        "key": "PlanningQuarter",
        "valueField": "Forecast Generation Time Bucket Planning Quarter",
        "textField": "Forecast Generation Time Bucket Planning Quarter",
        "overrideFieldBindingType": false,
        "visible": true,
        "isEditable": true,
        "cascadeFrom": "ForecastIteration",
        "validation": {
          "maxLength": "0",
          "required": false
        },
        "defaultValue": false,
        "fieldGroup": "Forecast Generation Time Bucket"
      },
      {
        "fieldName": "ForecastingBucket",
        "title": "Forecast Generation Bucket",
        "Description": "Forecast Generation Bucket",
        "type": "combobox",
        "fieldGroup": "Generation Time Bucket",
        "selectionType": "single",
        "clearSearch": true,
        "select": "ALL",
        "source": "datasource",
        "key": "ForecastGenerationBucket",
        "valueField": "Forecast Generation Time Bucket",
        "textField": "Forecast Generation Time Bucket",
        "overrideFieldBindingType": false,
        "visible": true,
        "isEditable": true,
        "cascadeFrom": "ForecastIteration",
        "validation": {
          "maxLength": "0",
          "required": true
        }
      },
      {
        "fieldName": "BestfitCriteria",
        "title": "BestfitCriteria",
        "type": "boolean",
        "selectionType": "single",
        "clearSearch": true,
        "source": "datasource",
        "key": "IsBestfit",
        "valueField": "Bestfit Violations",
        "textField": "Bestfit Violations",
        "overrideFieldBindingType": false,
        "visible": true,
        "isEditable": true,
        "cascadeFrom": "ForecastIteration",
        "validation": {
          "maxLength": "0",
          "required": false
        },
        "defaultValue": false
      },
      {
        "fieldName": "LagList",
        "title": "CML Lag List",
        "Description": "Comma, separated list of lags",
        "type": "combobox",
        "fieldGroup": "CML Parameters",
        "clearSearch": true,
        "source": "datasource",
        "key": "LagList",
        "valueField": "CML Iteration Lag List",
        "textField": "CML Iteration Lag List",
        "overrideFieldBindingType": false,
        "visible": true,
        "isEditable": true,
        "cascadeFrom": "ForecastIteration",
        "validation": {
          "maxLength": "0",
          "required": true
        }
      },
      {
        "fieldName": "Slicing",
        "title": "CML Slicing Level",
        "Description": "Determines how data will be sliced in subsets to benefit from group modeling",
        "type": "combobox",
        "fieldGroup": "CML Parameters",
        "selectionType": "single",
        "clearSearch": true,
        "source": "datasource",
        "key": "Slicing",
        "valueField": "CML Iteration Slice Level",
        "textField": "CML Iteration Slice Level",
        "overrideFieldBindingType": false,
        "visible": true,
        "isEditable": true,
        "cascadeFrom": "ForecastIteration",
        "validation": {
          "maxLength": "0",
          "required": true
        }
      },
      {
        "fieldName": "Leaves",
        "title": "CML Leaves",
        "Description": "Tree model related parameter",
        "type": "combobox",
        "fieldGroup": "CML Parameters",
        "clearSearch": true,
        "source": "datasource",
        "key": "Leaves",
        "valueField": "CML Iteration Leaves",
        "textField": "CML Iteration Leaves",
        "overrideFieldBindingType": false,
        "visible": true,
        "isEditable": true,
        "cascadeFrom": "ForecastIteration",
        "validation": {
          "maxLength": "0",
          "required": true
        }
      },
      {
        "fieldName": "TotalLag",
        "title": "CML Total Lag",
        "Description": "Number of recent lags created by CML feature engineering",
        "type": "combobox",
        "fieldGroup": "CML Parameters",
        "clearSearch": true,
        "source": "datasource",
        "key": "TotalLag",
        "valueField": "CML Iteration Total Lag",
        "textField": "CML Iteration Total Lag",
        "overrideFieldBindingType": false,
        "visible": true,
        "isEditable": true,
        "cascadeFrom": "ForecastIteration",
        "validation": {
          "maxLength": "0",
          "required": true
        }
      },
      {
        "fieldName": "ModelHorizon",
        "title": "CML Model Horizon",
        "Description": "Groups multiple time buckets into one group instead of creating one model for each time bucket",
        "type": "combobox",
        "fieldGroup": "CML Parameters",
        "selectionType": "single",
        "clearSearch": true,
        "select": "ALL",
        "source": "datasource",
        "key": "ModelHorizon",
        "valueField": "CML Iteration Model Horizon",
        "textField": "CML Iteration Model Horizon",
        "overrideFieldBindingType": false,
        "visible": true,
        "isEditable": true,
        "cascadeFrom": "ForecastIteration",
        "validation": {
          "maxLength": "0",
          "required": true
        }
      },
      {
        "fieldName": "ObjectiveFunction",
        "title": "CML Objective Function",
        "Description": "Parameter to flexibly choose a objective function on the target variable",
        "type": "combobox",
        "fieldGroup": "CML Parameters",
        "selectionType": "single",
        "clearSearch": true,
        "select": "ALL",
        "source": "datasource",
        "key": "ObjectiveFunction",
        "valueField": "CML Iteration Objective Function",
        "textField": "CML Iteration Objective Function",
        "overrideFieldBindingType": false,
        "visible": true,
        "isEditable": true,
        "cascadeFrom": "ForecastIteration",
        "validation": {
          "maxLength": "0",
          "required": true
        }
      },
      {
        "fieldName": "Estimators",
        "title": "CML Estimators",
        "Description": "Number of boosted trees to fit.",
        "type": "combobox",
        "fieldGroup": "CML Parameters",
        "clearSearch": true,
        "source": "datasource",
        "key": "Estimator",
        "valueField": "CML Iteration Estimators",
        "textField": "CML Iteration Estimators",
        "overrideFieldBindingType": false,
        "visible": true,
        "isEditable": true,
        "cascadeFrom": "ForecastIteration",
        "validation": {
          "maxLength": "0",
          "required": true
        }
      },
      {
        "fieldName": "Item",
        "title": "Stat Item",
        "type": "picklist",
        "fieldGroup": "Item",
        "selectionType": "multiple",
        "clearSearch": true,
        "source": "parentAttribute",
        "DimensionName": "Item",
        "key": {
          "LevelAttribute": {
            "Name": "Stat Item",
            "Property": "Name"
          }
        },
        "visible": true,
        "isEditable": true,
        "validation": {
          "maxLength": "0",
          "required": true
        }
      },
      {
        "fieldName": "Account",
        "title": "Stat Account",
        "type": "picklist",
        "fieldGroup": "Customer",
        "selectionType": "multiple",
        "clearSearch": true,
        "source": "parentAttribute",
        "DimensionName": "Account",
        "key": {
          "LevelAttribute": {
            "Name": "Stat Account",
            "Property": "Name"
          }
        },
        "visible": true,
        "isEditable": true,
        "validation": {
          "maxLength": "0",
          "required": true
        }
      },
      {
        "fieldName": "Channel",
        "title": "Stat Channel",
        "Description": "picklist",
        "type": "picklist",
        "fieldGroup": "Channel",
        "clearSearch": true,
        "source": "parentAttribute",
        "DimensionName": "Channel",
        "key": {
          "LevelAttribute": {
            "Name": "Stat Channel",
            "Property": "Name"
          }
        },
        "visible": true,
        "isEditable": true,
        "validation": {
          "maxLength": "0",
          "required": true
        },
        "selectionType": "multiple"
      },
      {
        "fieldName": "Region",
        "title": "Stat Region",
        "type": "picklist",
        "fieldGroup": "Region",
        "selectionType": "multiple",
        "clearSearch": true,
        "source": "parentAttribute",
        "DimensionName": "Region",
        "key": {
          "LevelAttribute": {
            "Name": "Stat Region",
            "Property": "Name"
          }
        },
        "visible": true,
        "isEditable": true,
        "validation": {
          "maxLength": "0",
          "required": true
        }
      },
      {
        "fieldName": "Location",
        "title": "Stat Location",
        "type": "picklist",
        "fieldGroup": "Location",
        "selectionType": "multiple",
        "clearSearch": true,
        "source": "parentAttribute",
        "DimensionName": "Location",
        "key": {
          "LevelAttribute": {
            "Name": "Stat Location",
            "Property": "Name"
          }
        },
        "visible": true,
        "isEditable": true,
        "validation": {
          "maxLength": "0",
          "required": true
        }
      },
      {
        "fieldName": "PnL",
        "title": "Stat PnL",
        "type": "picklist",
        "fieldGroup": "Other",
        "selectionType": "multiple",
        "clearSearch": true,
        "source": "parentAttribute",
        "DimensionName": "PnL",
        "key": {
          "LevelAttribute": {
            "Name": "Stat PnL",
            "Property": "Name"
          }
        },
        "visible": true,
        "isEditable": true,
        "validation": {
          "maxLength": "0",
          "required": true
        }
      },
      {
        "fieldName": "DemandDomain",
        "title": "Stat Demand Domain",
        "type": "picklist",
        "fieldGroup": "Other",
        "selectionType": "multiple",
        "clearSearch": true,
        "source": "parentAttribute",
        "DimensionName": "Demand Domain",
        "key": {
          "LevelAttribute": {
            "Name": "Stat Demand Domain",
            "Property": "Name"
          }
        },
        "visible": true,
        "isEditable": true,
        "validation": {
          "maxLength": "0",
          "required": true
        }
      }
    ],
    "Range": [],
    "DataSources": [
      {
        "Name": "LagList",
        "IBPLRules": [
          {
            "template": "Select ([Version].[Version Name]{{#filter VersionName}}*[Forecast Iteration].[Forecast Iteration]{{#filter ForecastIteration}}) on row, ({Measure.[CML Iteration Lag List]}) on column;"
          }
        ],
        "JavascriptRules": [],
        "IncludeDSFieldsOnly": false,
        "FieldBindings": []
      },
      {
        "Name": "Slicing",
        "IBPLRules": [
          {
            "template": "Select ([Version].[Version Name]{{#filter VersionName}}*[Forecast Iteration].[Forecast Iteration]{{#filter ForecastIteration}}) on row,  ({Measure.[CML Iteration Slice Level]}) on column;"
          }
        ],
        "JavascriptRules": [],
        "IncludeDSFieldsOnly": false,
        "FieldBindings": []
      },
      {
        "Name": "Leaves",
        "IBPLRules": [
          {
            "template": "Select ([Version].[Version Name]{{#filter VersionName}}*[Forecast Iteration].[Forecast Iteration]{{#filter ForecastIteration}}) on row, ({Measure.[CML Iteration Leaves]}) on column;"
          }
        ],
        "JavascriptRules": [],
        "IncludeDSFieldsOnly": false,
        "FieldBindings": []
      },
      {
        "Name": "TotalLag",
        "IBPLRules": [
          {
            "template": "Select ([Version].[Version Name]{{#filter VersionName}}*[Forecast Iteration].[Forecast Iteration]{{#filter ForecastIteration}}) on row,  ({Measure.[CML Iteration Total Lag]}) on column;"
          }
        ],
        "JavascriptRules": [],
        "IncludeDSFieldsOnly": false,
        "FieldBindings": []
      },
      {
        "Name": "ModelHorizon",
        "IBPLRules": [
          {
            "template": "Select ([Version].[Version Name]{{#filter VersionName}}*[Forecast Iteration].[Forecast Iteration]{{#filter ForecastIteration}}) on row,  ({Measure.[CML Iteration Model Horizon]}) on column;"
          }
        ],
        "JavascriptRules": [],
        "IncludeDSFieldsOnly": false,
        "FieldBindings": []
      },
      {
        "Name": "ObjectiveFunction",
        "IBPLRules": [
          {
            "template": "Select ([Version].[Version Name]{{#filter VersionName}}*[Forecast Iteration].[Forecast Iteration]{{#filter ForecastIteration}}) on row, ({Measure.[CML Iteration Objective Function]}) on column;"
          }
        ],
        "JavascriptRules": [],
        "IncludeDSFieldsOnly": false,
        "FieldBindings": []
      },
      {
        "Name": "Estimator",
        "IBPLRules": [
          {
            "template": "Select ([Version].[Version Name]{{#filter VersionName}}*[Forecast Iteration].[Forecast Iteration]{{#filter ForecastIteration}}) on row,  ({Measure.[CML Iteration Estimators]}) on column;"
          }
        ],
        "JavascriptRules": [],
        "IncludeDSFieldsOnly": false,
        "FieldBindings": []
      },
      {
        "Name": "Week",
        "IBPLRules": [
          {
            "template": "select(&CWVAndScenarios{{#filter VersionName}} *&AllLockedForecastIterations{{#filter ForecastIteration}} * {if (Measure.[Forecast Generation Time Bucket]==\"Week\") then (True) else (False) as transient.[Forecast Generation Time Bucket Week]});"
          }
        ],
        "JavascriptRules": [],
        "IncludeDSFieldsOnly": false,
        "FieldBindings": []
      },
      {
        "Name": "Month",
        "IBPLRules": [
          {
            "template": "select(&CWVAndScenarios{{#filter VersionName}} *&AllLockedForecastIterations{{#filter ForecastIteration}} * {if (Measure.[Forecast Generation Time Bucket]==\"Month\") then (True) else (False) as transient.[Forecast Generation Time Bucket Month]});"
          }
        ],
        "JavascriptRules": [],
        "IncludeDSFieldsOnly": false,
        "FieldBindings": []
      },
      {
        "Name": "Planning Month",
        "IBPLRules": [
          {
            "template": "select(&CWVAndScenarios{{#filter VersionName}} *&AllLockedForecastIterations{{#filter ForecastIteration}} * {if (Measure.[Forecast Generation Time Bucket]==\"Planning Month\") then (True) else (False) as transient.[Forecast Generation Time Bucket Planning Month]});"
          }
        ],
        "JavascriptRules": [],
        "IncludeDSFieldsOnly": false,
        "FieldBindings": []
      },
      {
        "Name": "DSForecastIteration",
        "IBPLRules": [
          {
            "template": "\nSelect(&AllForecastIterationTypes{{#filter ForecastIterationType}}.relatedmembers([Forecast Iteration]).filter(#.[IsLocked] == 1));\n"
          }
        ],
        "JavascriptRules": [],
        "IncludeDSFieldsOnly": false,
        "FieldBindings": []
      },
      {
        "Name": "ForecastGenerationBucket",
        "IBPLRules": [
          {
            "template": "Select ([Version].[Version Name]{{#filter VersionName}} * [Forecast Iteration].[Forecast Iteration]{{#filter ForecastIteration}}) on row, ({Measure.[Forecast Generation Time Bucket]}) on column;"
          }
        ],
        "JavascriptRules": [],
        "IncludeDSFieldsOnly": false,
        "FieldBindings": []
      },
      {
        "Name": "IsBestfit",
        "IBPLRules": [
          {
            "template": "\nSelect ([Version].[Version Name]{{#filter VersionName}}*&AllLockedForecastIterations{{#filter ForecastIteration}}*{if(Measure.[Bestfit Selection Criteria]==\"Validation Error plus Violations\") then (True) else (False) as transient.[Bestfit Violations]});"
          }
        ],
        "JavascriptRules": [],
        "IncludeDSFieldsOnly": false,
        "FieldBindings": []
      },
      {
        "Name": "Quarter",
        "IBPLRules": [
          {
            "template": "select(&CWVAndScenarios{{#filter VersionName}} *&AllLockedForecastIterations{{#filter ForecastIteration}} * {if (Measure.[Forecast Generation Time Bucket]==\"Quarter\") then (True) else (False) as transient.[Forecast Generation Time Bucket Quarter]});"
          }
        ],
        "JavascriptRules": [],
        "IncludeDSFieldsOnly": false,
        "FieldBindings": []
      },
      {
        "Name": "PlanningQuarter",
        "IBPLRules": [
          {
            "template": "select(&CWVAndScenarios{{#filter VersionName}} *&AllLockedForecastIterations{{#filter ForecastIteration}} * {if (Measure.[Forecast Generation Time Bucket]==\"Planning Quarter\") then (True) else (False) as transient.[Forecast Generation Time Bucket Planning Quarter]});"
          }
        ],
        "JavascriptRules": [],
        "IncludeDSFieldsOnly": false,
        "FieldBindings": []
      },
      {
        "Name": "DSItem",
        "IBPLRules": [
          {
            "template": "\nSelect (&CWVAndScenarios{{#filter VersionName}} *&AllLockedForecastIterations{{#filter ForecastIteration}}* [Item].[Stat Item]  ) on row, \n({Measure.[Stat Actual]}) on column include memberproperties {[Item].[Stat Item], DisplayName} where {~isnull(Measure.[Stat Actual]) };\n"
          }
        ],
        "JavascriptRules": [],
        "IncludeDSFieldsOnly": false,
        "FieldBindings": []
      },
      {
        "Name": "DSAccount",
        "IBPLRules": [
          {
            "template": "Select (&CWVAndScenarios{{#filter VersionName}} *&AllLockedForecastIterations{{#filter ForecastIteration}}* [Account].[Stat Account]) on row, \n({Measure.[Stat Actual]}) on column include memberproperties {[Account].[Stat Account], DisplayName} where {~isnull(Measure.[Stat Actual])};"
          }
        ],
        "JavascriptRules": [],
        "IncludeDSFieldsOnly": false,
        "FieldBindings": []
      },
      {
        "Name": "DSChannel",
        "IBPLRules": [
          {
            "template": "Select ( [Channel].[Stat Channel] * &CWVAndScenarios{{#filter VersionName}} *&AllLockedForecastIterations{{#filter ForecastIteration}}) on row, \n({Measure.[Stat Actual]}) on column  include memberproperties {[Channel].[Stat Channel], DisplayName} where {~isnull(Measure.[Stat Actual])};"
          }
        ],
        "JavascriptRules": [],
        "IncludeDSFieldsOnly": false,
        "FieldBindings": []
      },
      {
        "Name": "DSRegion",
        "IBPLRules": [
          {
            "template": "Select ( [Region].[Stat Region] * &CWVAndScenarios{{#filter VersionName}} *&AllLockedForecastIterations{{#filter ForecastIteration}} ) on row, \n({Measure.[Stat Actual]}) on column  include memberproperties {[Region].[Stat Region], DisplayName} where {~isnull(Measure.[Stat Actual])};"
          }
        ],
        "JavascriptRules": [],
        "IncludeDSFieldsOnly": false,
        "FieldBindings": []
      },
      {
        "Name": "DSLocation",
        "IBPLRules": [
          {
            "template": "Select ( [Location].[Stat Location] *&CWVAndScenarios{{#filter VersionName}} *&AllLockedForecastIterations{{#filter ForecastIteration}}) on row, \n({Measure.[Stat Actual]}) on column include memberproperties {[Location].[Stat Location], DisplayName} where {~isnull(Measure.[Stat Actual])};"
          }
        ],
        "JavascriptRules": [],
        "IncludeDSFieldsOnly": false,
        "FieldBindings": []
      },
      {
        "Name": "DSPnL",
        "IBPLRules": [
          {
            "template": "Select (  [PnL].[Stat PnL] * &CWVAndScenarios{{#filter VersionName}} *&AllLockedForecastIterations{{#filter ForecastIteration}} ) on row, \n({Measure.[Stat Actual]}) on column include memberproperties {[PnL].[Stat PnL], DisplayName} where {~isnull(Measure.[Stat Actual])};"
          }
        ],
        "JavascriptRules": [],
        "IncludeDSFieldsOnly": false,
        "FieldBindings": []
      },
      {
        "Name": "DSDemandDomain",
        "IBPLRules": [
          {
            "template": "Select ([Demand Domain].[Stat Demand Domain] * &CWVAndScenarios{{#filter VersionName}} *&AllLockedForecastIterations{{#filter ForecastIteration}}) on row, \n({Measure.[Stat Actual]}) on column include memberproperties {[Demand Domain].[Stat Demand Domain] , DisplayName} where {~isnull(Measure.[Stat Actual])};"
          }
        ],
        "JavascriptRules": [],
        "IncludeDSFieldsOnly": false,
        "FieldBindings": []
      }
    ],
    "AutoExecute": false,
    "isAsync": true,
    "hasMembersUpdates": false,
    "Compact": false,
    "TwoColumn": true,
    "IsGlobalForExcelAddIn": false,
    "ReturnFilterByUpdate": false,
    "ExcludeFromNavLink": false,
    "FilterFieldBindings": []
  },
  "Widget": null,
  "Roles": []
}