{
  "Name": "SupplyPlan400DUpdateRuleProcReceivingNew",
  "Description": "Update Existing Rule for Calendar Cycle",
  "ActionButtonId": "ed22961a-8046-e66c-7ea3-41d8f61be0bb",
  "Tooltip": "Update Rule (PROC Receiving)",
  "ActionButtonType": "Rule",
  "Alignment": "right",
  "IsPopOver": true,
  "IsGlobal": false,
  "ActionClickHandler": null,
  "Icon": null,
  "Image": null,
  "ConfigJson": {
    "icon": "pencil",
    "Position": "0",
    "SubmitButton": {
      "Label": "Submit"
    },
    "ResetButton": {
      "Label": "Reset"
    },
    "CloseButton": {
      "Label": "Close",
      "ConfirmMessage": "Unsaved changes will be lost. Continue?"
    },
    "NotifyAll": false,
    "IBPLRules": [
      {
        "template": "Scope: ([Version].[Version Name]{{#filter Version}} * [Data Object].[Data Object].[Daily PROC Receiving Holidays Maintenance]*[DM Rule].[Rule]{{#filter DMRule}});\n\nMeasure.[D PROC Receiving Holidays Calendar Association1]=\"{{DMValue1}}\";\nMeasure.[Rule Sequence]={{RuleSequence}};\nend scope;\n\nScope: ([Version].[Version Name]{{#filter Version}} * [Data Object].[Data Object].[Daily PROC Receiving Holidays Maintenance]*[DM Rule].[Rule]{{#filter DMRule}});\nMeasure.[ABDM Updated TimeStamp]=todatetime(\"{{UpdatedTimeStamp}}\");\nMeasure.[ABDM Updated User]=(\"{{UpdatedUser}}\");\nMeasure.[Rule Comment] = (\"{{NewComment}}\");\n\nend scope;\n"
      }
    ],
    "JavascriptRules": [
      {
        "modulename": "o9.SupplyPlanning400DUpdateRule.PROCReceivingCalendar",
        "functionname": "PROCReceivingCalendar"
      }
    ],
    "FieldBindings": [
      {
        "fieldName": "Version",
        "title": "Version Name",
        "Description": "Version Name",
        "type": "picklistDropdown",
        "selectionType": "single",
        "clearSearch": true,
        "source": "parentAttribute",
        "DimensionName": "Version",
        "key": {
          "LevelAttribute": {
            "Name": "Version Name",
            "Property": "Name"
          }
        },
        "visible": true,
        "isEditable": true,
        "validation": {
          "maxLength": "0",
          "required": true
        }
      },
      {
        "fieldName": "DMRule",
        "title": "DMRule",
        "Description": "DMRule",
        "type": "picklistDropdown",
        "selectionType": "multiple",
        "clearSearch": true,
        "source": "parentAttribute",
        "DimensionName": "DM Rule",
        "key": {
          "LevelAttribute": {
            "Name": "Rule",
            "Property": "Name"
          }
        },
        "visible": false,
        "isEditable": false,
        "validation": {
          "maxLength": "0",
          "required": true
        }
      },
      {
        "fieldName": "DataObject",
        "title": "Data Object",
        "Description": "Data Object",
        "type": "picklistDropdown",
        "selectionType": "single",
        "clearSearch": true,
        "source": "parentAttribute",
        "DimensionName": "Data Object",
        "key": {
          "LevelAttribute": {
            "Name": "Data Object",
            "Property": "Name"
          }
        },
        "visible": false,
        "isEditable": false,
        "validation": {
          "maxLength": "0",
          "required": true
        }
      },
      {
        "fieldName": "o9CalendarCycleRuleFinal",
        "title": "o9 Calendar Cycle Rule Final",
        "Description": "o9 Calendar Cycle Rule Final",
        "type": "picklist",
        "selectionType": "single",
        "clearSearch": true,
        "source": "datasource",
        "key": "o9CalendarCycleRuleDS",
        "valueField": "Value",
        "textField": "Value",
        "visible": false,
        "isEditable": false,
        "cascadeFrom": "Version",
        "validation": {
          "maxLength": "0",
          "required": true
        }
      },
      {
        "fieldName": "DMItemAttribute1",
        "title": "Item L1",
        "Description": "Select Item L1",
        "type": "picklistDropdown",
        "selectionType": "multiple",
        "clearSearch": true,
        "source": "parentMeasureWithDataSource",
        "key": {
          "Measure": {
            "Name": "Item L1"
          }
        },
        "visible": true,
        "isEditable": true,
        "validation": {
          "required": false
        },
        "dataSourceBinding": {
          "key": "DSItemL1",
          "valueField": "Name",
          "textField": "Name"
        },
        "fieldGroup": "Item Attributes"
      },
      {
        "fieldName": "DMItemAttribute2",
        "title": "Item Type",
        "Description": "Select Item Type",
        "type": "picklistDropdown",
        "selectionType": "single",
        "clearSearch": true,
        "source": "parentMeasureWithDataSource",
        "key": {
          "Measure": {
            "Name": "Item ItemType"
          }
        },
        "visible": true,
        "isEditable": true,
        "validation": {
          "required": true
        },
        "dataSourceBinding": {
          "key": "DSItemItemType",
          "valueField": "Name",
          "textField": "Name"
        },
        "fieldGroup": "Item Attributes"
      },
      {
        "fieldName": "DMLocationAttribute1",
        "title": "Location Region",
        "Description": "Select Location Region",
        "type": "picklistDropdown",
        "selectionType": "multiple",
        "clearSearch": true,
        "source": "parentMeasureWithDataSource",
        "key": {
          "Measure": {
            "Name": "Location LocationRegion"
          }
        },
        "visible": true,
        "isEditable": true,
        "validation": {
          "required": false
        },
        "dataSourceBinding": {
          "key": "DSLocationRegion",
          "valueField": "Name",
          "textField": "Name"
        },
        "fieldGroup": "Location Attributes"
      },
      {
        "fieldName": "DMLocationAttribute2",
        "title": "Location Type",
        "Description": "Select Location Type",
        "type": "picklistDropdown",
        "clearSearch": true,
        "source": "parentMeasureWithDataSource",
        "key": {
          "Measure": {
            "Name": "Location LocationType"
          }
        },
        "visible": true,
        "isEditable": true,
        "validation": {
          "required": false
        },
        "dataSourceBinding": {
          "key": "DSLocationType",
          "valueField": "Name",
          "textField": "Name"
        },
        "selectionType": "multiple",
        "fieldGroup": "Location Attributes"
      },
      {
        "fieldName": "DMLocationAttribute3",
        "title": "Location",
        "Description": "Select Location",
        "type": "picklist",
        "fieldGroup": "Location Attributes",
        "selectionType": "multiple",
        "clearSearch": true,
        "source": "parentMeasureWithDataSource",
        "key": {
          "Measure": {
            "Name": "Location Location"
          }
        },
        "visible": true,
        "isEditable": true,
        "validation": {
          "required": false
        },
        "dataSourceBinding": {
          "key": "DSLocation",
          "valueField": "Name",
          "textField": "Name"
        }
      },
      {
        "fieldName": "DMValue1",
        "title": "Calendar Association",
        "Description": "Select the Cycle Calendar",
        "type": "picklistDropdown",
        "selectionType": "single",
        "clearSearch": true,
        "source": "parentMeasureWithDataSource",
        "key": {
          "Measure": {
            "Name": "D PROC Receiving Holidays Calendar Association1"
          }
        },
        "visible": true,
        "isEditable": true,
        "validation": {
          "required": true
        },
        "dataSourceBinding": {
          "key": "DSCalendar",
          "valueField": "Name",
          "textField": "Name"
        }
      },
      {
        "fieldName": "RuleSequence",
        "title": "Rule Sequence",
        "Description": "Rule Sequence",
        "type": "number",
        "selectionType": "single",
        "clearSearch": true,
        "source": "parentMeasure",
        "key": {
          "Measure": {
            "Name": "Rule Sequence"
          }
        },
        "visible": true,
        "isEditable": true,
        "validation": {
          "maxLength": "0",
          "required": true
        }
      },
      {
        "fieldName": "UpdatedUser",
        "title": "Updated User",
        "Description": "Updated User",
        "type": "string",
        "selectionType": "single",
        "clearSearch": true,
        "select": "ALL",
        "source": "datasource",
        "key": "DSUser",
        "valueField": "Name",
        "textField": "Name",
        "visible": false,
        "isEditable": false,
        "validation": {
          "maxLength": "0",
          "required": false
        }
      },
      {
        "fieldName": "UpdatedTimeStamp",
        "title": "Updated TimeStamp",
        "Description": "Updated TimeStamp",
        "type": "datetime",
        "selectionType": "single",
        "clearSearch": true,
        "select": "ALL",
        "source": "datasource",
        "key": "DSTimeStamp",
        "valueField": "result",
        "textField": "result",
        "visible": false,
        "isEditable": false,
        "validation": {
          "maxLength": "0",
          "required": false
        }
      },
      {
        "fieldName": "NewComment",
        "title": "New Comment",
        "Description": "Description about the Rule",
        "type": "string",
        "clearSearch": true,
        "source": "literal",
        "visible": true,
        "isEditable": true,
        "validation": {
          "maxLength": "0",
          "required": false
        }
      }
    ],
    "DataSources": [
      {
        "Name": "o9CalendarCycleRuleDS",
        "IBPLRules": [
          {
            "template": "Select({Measure.[o9 Calendar Cycle Rule Final]}) where{[Version].[Version Name].filter(#.Name in {\"{{Version}}\"}),[Data Object].[Data Object].filter(#.Name in {[Daily PROC Receiving Holidays Maintenance]})};"
          }
        ],
        "JavascriptRules": [],
        "IncludeDSFieldsOnly": false,
        "FieldBindings": []
      },
      {
        "Name": "DSItemL1",
        "IBPLRules": [
          {
            "template": "select Item.[L1];"
          }
        ],
        "JavascriptRules": [],
        "IncludeDSFieldsOnly": false,
        "FieldBindings": []
      },
      {
        "Name": "DSItemItemType",
        "IBPLRules": [
          {
            "template": "select Item.[Item Type];"
          }
        ],
        "JavascriptRules": [],
        "IncludeDSFieldsOnly": false,
        "FieldBindings": []
      },
      {
        "Name": "DSLocationRegion",
        "IBPLRules": [
          {
            "template": "select(&AllPlantLocations.relatedmembers([Location Region]));"
          }
        ],
        "JavascriptRules": [],
        "IncludeDSFieldsOnly": false,
        "FieldBindings": []
      },
      {
        "Name": "DSLocationType",
        "IBPLRules": [
          {
            "template": "select(&AllPlantLocations.relatedmembers([Location Type]));"
          }
        ],
        "JavascriptRules": [],
        "IncludeDSFieldsOnly": false,
        "FieldBindings": []
      },
      {
        "Name": "DSCalendar",
        "IBPLRules": [
          {
            "template": "select Calendar.[Calendar Type].[Daily Proc Receiving Holiday].relatedmembers(Calendar);"
          }
        ],
        "JavascriptRules": [],
        "IncludeDSFieldsOnly": false,
        "FieldBindings": []
      },
      {
        "Name": "DSTimeStamp",
        "IBPLRules": [
          {
            "template": "select now();"
          }
        ],
        "JavascriptRules": [],
        "IncludeDSFieldsOnly": false,
        "FieldBindings": []
      },
      {
        "Name": "DSUser",
        "IBPLRules": [
          {
            "template": "select CurrentUser();"
          }
        ],
        "JavascriptRules": [],
        "IncludeDSFieldsOnly": false,
        "FieldBindings": []
      },
      {
        "Name": "DSLocation",
        "IBPLRules": [
          {
            "template": "select(&AllPlantLocations);"
          }
        ],
        "JavascriptRules": [],
        "IncludeDSFieldsOnly": false,
        "FieldBindings": []
      }
    ],
    "AutoExecute": false,
    "isAsync": true,
    "hasMembersUpdates": false,
    "Compact": false,
    "TwoColumn": true,
    "IsGlobalForExcelAddIn": false,
    "ExcludeFromNavLink": false,
    "FilterFieldBindings": []
  },
  "Widget": null
}