{
  "AttributeName": "Retail_MFP_BU_PartialTime_NN",
  "AttributeId": "49a496ff-8fd4-6fc9-92c1-5795638f381f",
  "AttributeHierarchyEnabled": true,
  "IsKey": false,
  "Description": "Retail MFP Bottom Up Plan Partial Time Namednode",
  "OrderBy": "Key",
  "KeyColumnName": "Retail_MFP_BU_PartialTime_NNKey",
  "NameColumnName": "Retail_MFP_BU_PartialTime_NNName",
  "KeyColumnDataType": "integer",
  "SeedTags": true,
  "KeyGenerationType": "Auto",
  "PickListName": null,
  "ConfigJson": {
    "ShowFilterAs": "TileView",
    "MemberDisplayNameEditable": true,
    "IsMultipleImage": false,
    "MemberDisplayColor": false
  },
  "FormatString": null,
  "Translation": null,
  "Aliases": [],
  "ApiName": null,
  "ApiDisabled": false,
  "ParentAttributeName": null,
  "NamedNodeUsages": [
    {
      "DimensionName": "Time",
      "AttributeName": "Partial Week"
    }
  ]
}