{
  "Name": "MFPInfoOTBPlanning01",
  "Description": "Information",
  "ActionButtonId": "3bc7ef47-1b3d-fcd2-9303-91a81a5d315e",
  "Tooltip": "Report Information",
  "ActionButtonType": "Widget",
  "Alignment": "right",
  "IsPopOver": true,
  "IsGlobal": true,
  "ActionClickHandler": null,
  "Icon": null,
  "Image": null,
  "ConfigJson": {
    "icon": "info-circle",
    "SubmitButton": {
      "Label": " "
    },
    "ResetButton": {},
    "CloseButton": {
      "Label": " "
    },
    "NotifyAll": false,
    "IBPLRules": [],
    "JavascriptRules": [],
    "FieldBindings": [
      {
        "fieldName": "Information",
        "title": "Information",
        "type": "info",
        "clearSearch": true,
        "source": "literal",
        "defaultValue": "<!DOCTYPE html> <html lang=\"en\"> <head>     <meta charset=\"UTF-8\">     <meta name=\"viewport\" content=\"width=device-width, initial-scale=1.0\">     <title>Exceptions Report</title> </head> <body style=\"text-align: left;\">     <p style=\"text-align: left;\"><strong>Overview</strong></p>     <p style=\"text-align: left;\">         Planner can see the exception count by classes and by KPIs and identify the intersections which need planner attention.     </p>     <p style=\"text-align: left;\"><strong>How to Use</strong></p>     <p style=\"text-align: left;\">         Over and underperformance count can be reviewed at the class level for Sales, Gross Margin %, Ending On Hand, and Receipts.<br>         Exception count is generated at Class * Channel * Week * Location Country * Selling Season * Version level.<br><br>          Planner can select the KPIs, Threshold policy, and over and under threshold for which exceptions have to be generated using the Define Threshold Report placed next to it.<br>         Planner has the flexibility to choose the Var % or Number as the Threshold policy.<br><br>          <strong>Parameter:</strong><br>         a) <strong>Number:</strong> It allows the planner to enter numbers as a threshold in the Over and Under fields to generate the Exceptions count. Ex- If the planner enters >10m in the over field, all intersections where Sales RP (revised plan sales) > 10m, the count will be 1 as Over performed.<br>         b) <strong>Var %:</strong> It allows the planner to enter Var % as a threshold in the Over and Under fields to generate the Exceptions count. Ex- If the planner enters >10% in the over field, all intersections where Sales Var % ((WP Sales - Sales RP) / Sales RP) > 10%, the count will be 1 as Over performed.     </p>     <p style=\"text-align: left;\"><strong>Output</strong></p>     <p style=\"text-align: left;\">         Planner arrives at Exceptions Counts of over and underperforming classes by KPIs, i.e., Sales, Gross Margin %, Receipts Rtl, and EOP Rtl.<br>         Planner can see the highlighted classes in the Detailed OTB report below where exceptions are present. It helps the planner to identify the classes which need attention.     </p>   </body> </html>",
        "visible": true,
        "isEditable": true,
        "validation": {
          "maxLength": "0",
          "required": true
        }
      }
    ],
    "Range": [],
    "DataSources": [],
    "AutoExecute": false,
    "isAsync": false,
    "hasMembersUpdates": false,
    "Compact": false,
    "TwoColumn": false,
    "IsGlobalForExcelAddIn": false,
    "enableTransaction": false,
    "ReturnFilterByUpdate": false,
    "ExcludeFromNavLink": false,
    "FilterFieldBindings": []
  },
  "Widget": null,
  "Roles": []
}