{
  "HierarchyName": "End Application Hierarchy",
  "HierarchyId": "0b16c254-b616-4bfa-9431-a832226b1489",
  "HierarchyDescription": "End Application Hierarchy",
  "Translations": [],
  "Levels": [
    {
      "LevelName": "EA Price Class",
      "LevelId": "3c412f47-0c2d-62cf-0819-fd8cedea6dcf",
      "SourceAttributeName": "EA Price Class",
      "LevelDescription": "EA Price Class",
      "LevelPosition": 0,
      "Translations": null
    },
    {
      "LevelName": "EA Production Segment",
      "LevelId": "bd188b8e-fab0-b91d-c752-198ebdaf0933",
      "SourceAttributeName": "EA Production Segment",
      "LevelDescription": "EA Production Segment",
      "LevelPosition": 1,
      "Translations": null
    },
    {
      "LevelName": "EA Platform",
      "LevelId": "c2718c5e-125f-0a47-edee-90adc0ab447e",
      "SourceAttributeName": "EA Platform",
      "LevelDescription": "EA Platform",
      "LevelPosition": 2,
      "Translations": null
    },
    {
      "LevelName": "EA Program",
      "LevelId": "2b4cc20e-730a-41eb-a4c2-69dd7be70d3d",
      "SourceAttributeName": "EA Program",
      "LevelDescription": "EA Program",
      "LevelPosition": 3,
      "Translations": null
    },
    {
      "LevelName": "EA Nameplate",
      "LevelId": "cd3b8a6f-83f6-7f53-daa7-025b077c6101",
      "SourceAttributeName": "EA Nameplate",
      "LevelDescription": "EA Nameplate",
      "LevelPosition": 4,
      "Translations": null
    },
    {
      "LevelName": "End Application",
      "LevelId": "7e35d45d-0dcf-52b6-4af8-79172c4b4587",
      "SourceAttributeName": "End Application",
      "LevelDescription": "End Application",
      "LevelPosition": 5,
      "Translations": null
    }
  ],
  "IsEnabled": true,
  "ErrorMessage": null
}