{
  "Name": "SupplyPlan142CommonAddItemToRoute",
  "Description": null,
  "ActionButtonId": "5898466f-be2b-414a-9e09-f450a1b75bcc",
  "Tooltip": "Add Item To Route",
  "ActionButtonType": "Widget",
  "Alignment": "right",
  "IsPopOver": true,
  "IsGlobal": true,
  "ActionClickHandler": null,
  "Icon": null,
  "Image": null,
  "ConfigJson": {
    "DisplayName": "Add Item To Route",
    "icon": "plus",
    "SubmitButton": {
      "Label": "Submit"
    },
    "ResetButton": {
      "Label": "Reset"
    },
    "CloseButton": {
      "Label": "Close",
      "ConfirmMessage": "Unsaved changes will be lost. Continue?"
    },
    "NotifyRoles": true,
    "NotifyAll": false,
    "IBPLRules": [
      {
        "template": "Cartesian Scope: (&AllRoutings.[{{RoutingName}}] *[Item].[Item].[{{Item}}] * [Location].[Location]{{#filter Location}} * [Version].[Version Name]{{#filter Version}});\nMeasure.[o9 Routing Item Location Association]=1;\nend scope;\n\n\nCartesian scope:(&AllRoutings.[{{RoutingName}}] * &ManufacturingResource.[{{Resource}}] * [Item].[Item].[{{Item}}]* [Location].[Location]{{#filter Location}} * [Version].[Version Name]{{#filter Version}});\nMeasure.[o9 Resource Routing Association] = if(Measure.[Final Routing Item Location Association]*Measure.[o9 Resource Location Association]*Measure.[o9 Has Resource Name Attached] > 0) then 1;\nend scope;\n\n//--Uncomment the below code to enable Net change functionality\n/*\nCartesian Scope: (&AllRoutings.[{{RoutingName}}] *[Item].[Item].[{{Item}}] * [Location].[Location]{{#filter Location}} * [Version].[Version Name]{{#filter Version}});\nMeasure.[o9 Routing Item Location Association NC Addition] = 1;\nend scope;\n\nScope: (&AllRoutings.[{{RoutingName}}] *[Item].[Item].[{{Item}}] * [Location].[Location]{{#filter Location}} * [Version].[Version Name]{{#filter Version}});\nMeasure.[Routing Item Location Association NC Deletion] = Null;\nMeasure.[o9 Routing Item Location Association NC Deletion] = Null;\nend scope;\n*/\n"
      }
    ],
    "JavascriptRules": [],
    "FieldBindings": [
      {
        "fieldName": "Version",
        "title": "Version",
        "type": "picklistDropdown",
        "selectionType": "single",
        "clearSearch": true,
        "source": "filter",
        "DimensionName": "Version",
        "LevelAttributeName": "Version Name",
        "visible": true,
        "isEditable": true,
        "validation": {
          "maxLength": "0",
          "required": true
        }
      },
      {
        "fieldName": "Location",
        "title": "Plant Location",
        "Description": "Plant Location",
        "type": "picklistDropdown",
        "selectionType": "single",
        "clearSearch": true,
        "source": "filter",
        "DimensionName": "Location",
        "LevelAttributeName": "Location",
        "visible": true,
        "isEditable": true,
        "validation": {
          "maxLength": "0",
          "required": true
        }
      },
      {
        "fieldName": "Item",
        "title": "Item",
        "Description": "Item",
        "type": "picklistDropdown",
        "selectionType": "single",
        "clearSearch": true,
        "select": "NONE",
        "source": "members",
        "DimensionName": "Item",
        "LevelAttributeName": "Item",
        "FilterExpression": "&AllManufacturedItems",
        "visible": true,
        "isEditable": true,
        "validation": {
          "maxLength": "0",
          "required": true
        }
      },
      {
        "fieldName": "Resource",
        "title": "Resource",
        "Description": "Resource",
        "type": "picklistDropdown",
        "selectionType": "single",
        "clearSearch": true,
        "source": "datasource",
        "key": "ResourceDS",
        "valueField": "Name",
        "textField": "Name",
        "visible": false,
        "isEditable": false,
        "cascadeFrom": "RoutingName",
        "validation": {
          "maxLength": "0",
          "required": false
        },
        "overrideFieldBindingType": false
      },
      {
        "fieldName": "RoutingName",
        "title": "RoutingID",
        "Description": "RoutingID",
        "type": "picklistDropdown",
        "selectionType": "single",
        "clearSearch": true,
        "source": "filter",
        "DimensionName": "Activity2",
        "LevelAttributeName": "Activity2",
        "visible": true,
        "isEditable": true,
        "validation": {
          "maxLength": "0",
          "required": true
        }
      }
    ],
    "Range": [],
    "DataSources": [
      {
        "Name": "ResourceDS",
        "IBPLRules": [
          {
            "template": "select ([Activity2].[Activity Resource]) where {\n    [Version].[Version Name].[{{Version}}], [Location].[Location], [Activity2].[Activity2].[{{RoutingName}}],Measure.[o9 Has Resource Name Attached]>0 };"
          }
        ],
        "JavascriptRules": [],
        "IncludeDSFieldsOnly": false,
        "FieldBindings": []
      },
      {
        "Name": "RoutingDS",
        "IBPLRules": [
          {
            "template": "select ([Activity2].[Activity2]) where {\n[Version].[Version Name]{{#filter Version}}, [Location].[Location]{{#filter Location}},Measure.[Final Routing Association] > 0};"
          }
        ],
        "JavascriptRules": [],
        "IncludeDSFieldsOnly": false,
        "FieldBindings": []
      }
    ],
    "AutoExecute": false,
    "isAsync": true,
    "hasMembersUpdates": false,
    "Compact": true,
    "TwoColumn": false,
    "IsGlobalForExcelAddIn": false,
    "ReturnFilterByUpdate": false,
    "ExcludeFromNavLink": false,
    "FilterFieldBindings": []
  },
  "Widget": null,
  "Roles": []
}