{
  "MeasureGroupName": "004.001 Sorting Priority Framework Plugin Input Table",
  "MeasureGroupId": "097a2b72-2558-8a13-7370-a71861929cff",
  "ParentMeasureGroupName": null,
  "HasShadow": false,
  "MeasureGroupDescription": "Measures used for plugin input table mappings",
  "MeasureGroupType": "Regular",
  "FactTableName": "Fact004.001SortingPriorityFrameworkPluginInputTable",
  "SchemaMajorVersion": 0,
  "ConfigJson": {},
  "ApiName": null,
  "Repartition": false,
  "Unpartition": false,
  "ApiEnabled": false,
  "DimensionUsages": [
    {
      "DimensionName": "Version",
      "AttributeName": "Version Name",
      "SortOrder": 0,
      "DimensionType": "Regular"
    },
    {
      "DimensionName": "Data Object",
      "AttributeName": "Data Object",
      "SortOrder": 1,
      "DimensionType": null
    },
    {
      "DimensionName": "Plan Type",
      "AttributeName": "Plan Type",
      "SortOrder": 2,
      "DimensionType": null
    }
  ]
}