{
  "Name": "LP Approval Metrics",
  "WidgetDefinitionName": "LP Approval Metrics",
  "IsPrimary": true,
  "ConfigJson": {
    "ContainerId": "dcafe997-0f17-4993-820a-eb03a1642ee2",
    "CompositeContainerId": null,
    "Position": 0,
    "ShowInfoContext": {
      "ActionColumn": true,
      "RowInfo": true,
      "MemberInfo": true
    },
    "ShowHeader": {
      "Icon": "",
      "Color": null
    }
  },
  "ViewWidgetDefinitionId": "1ea6bab3-3b13-4e85-a743-f15cc0760ddb",
  "Title": "Approved Plan"
}