{
  "MeasureName": "Netting Item Upward Levels Order MP Snapshot",
  "MeasureId": "c62d5d22-ecaa-4130-a055-75893b3e8b23",
  "MeasureDescription": "Number of Traversal levels for Item Dimension during MP Run",
  "DataType": "number",
  "MeasureType": "Regular",
  "AggregateFunction": "Min",
  "FormatString": "#",
  "MeasureColumnName": "NettingItemUpwardLevelsOrderMPSnapshot",
  "MeasureFormula": "",
  "IsEditable": false,
  "ApplyConversion": false,
  "ConversionFormula": "",
  "PickListName": null,
  "BgColorFormula": "",
  "FgColorFormula": "",
  "TrendFormula": "",
  "FormattingViewModel": "[]",
  "ParentMeasureName": null,
  "AssociationMeasure": false,
  "IsComputedByPlanningService": false,
  "ToolTip": "Number of Traversal for Item Dimension during MP Run",
  "ConfigJson": {},
  "ApiName": null,
  "ApiDisabled": false,
  "IsReportingMeasure": false,
  "MeasureConditionalFormulaProperties": [],
  "PicklistSource": null
}