{
  "MeasureGroupName": "006 Class Selling Season",
  "MeasureGroupId": "b730cd96-3a8c-442a-9588-8955af2b1661",
  "ParentMeasureGroupName": null,
  "HasShadow": false,
  "MeasureGroupDescription": "006 Class Selling Season",
  "MeasureGroupType": "Regular",
  "FactTableName": "Fact006ClassSellingSeason",
  "SchemaMajorVersion": 0,
  "ConfigJson": {},
  "ApiName": null,
  "Repartition": false,
  "Unpartition": false,
  "ApiEnabled": false,
  "DimensionUsages": [
    {
      "DimensionName": "Version",
      "AttributeName": "Version Name",
      "SortOrder": 0,
      "DimensionType": "Regular"
    },
    {
      "DimensionName": "NamedNode",
      "AttributeName": "Retail_AP_FD_Product_Location_Setup_NN",
      "SortOrder": 1,
      "DimensionType": "NamedNode"
    },
    {
      "DimensionName": "NamedNode",
      "AttributeName": "Retail_AP_FD_Common_NN",
      "SortOrder": 2,
      "DimensionType": "NamedNode"
    }
  ]
}