{
  "MeasureGroupName": "410.003 ABDM Rules",
  "MeasureGroupId": "a3d8f2f3-c869-9bb2-8975-39b19179cf75",
  "ParentMeasureGroupName": null,
  "HasShadow": false,
  "MeasureGroupDescription": "410.003 ABDM Rules",
  "MeasureGroupType": "Regular",
  "FactTableName": "Fact410.001ABDMRules",
  "SchemaMajorVersion": 0,
  "ConfigJson": {},
  "ApiName": null,
  "Repartition": false,
  "Unpartition": false,
  "ApiEnabled": false,
  "DimensionUsages": [
    {
      "DimensionName": "Version",
      "AttributeName": "Version Name",
      "SortOrder": 0,
      "DimensionType": "Regular"
    },
    {
      "DimensionName": "Data Object",
      "AttributeName": "Data Object",
      "SortOrder": 1,
      "DimensionType": "Regular"
    },
    {
      "DimensionName": "DM Rule",
      "AttributeName": "Rule",
      "SortOrder": 2,
      "DimensionType": "Regular"
    }
  ]
}