{
  "ModuleId": "5fb00a3a-3d20-4d2b-b866-61ef1c0c40b2",
  "ModuleName": "o9 SP Planning - Replen",
  "Description": null,
  "URL": "https://dev.azure.com/o9git/4d9f5a7e-6f55-4525-b6cd-f95ca971fef7/_apis/git/repositories/5fb00a3a-3d20-4d2b-b866-61ef1c0c40b2",
  "ParentModule": null,
  "Dependencies": [],
  "Type": "Regular",
  "Category": null,
  "Project": {
    "Id": "4d9f5a7e-6f55-4525-b6cd-f95ca971fef7",
    "Name": "BMC-5",
    "Url": null
  },
  "VersionType": "branch",
  "Version": "main",
  "IsReadOnlyModule": true,
  "IsPromoteDisabled": true,
  "SelectedBranch": null,
  "CreatorEmail": "mayank.dhawariya@o9solutions.com",
  "CreationTime": "2025-06-30T06:04:03.9716455+00:00",
  "IsMergedModule": true,
  "MergedModuleParentModule": {
    "ProjectId": "4d9f5a7e-6f55-4525-b6cd-f95ca971fef7",
    "ProjectName": "BMC-5",
    "ModuleId": "c338efe9-2602-42b9-a319-15b79fea212c",
    "ModuleName": "o9 SP Planning",
    "VersionType": "branch",
    "Version": "Tenant_gcppmm_ReleaseAutomation02",
    "URL": "https://dev.azure.com/o9git/4d9f5a7e-6f55-4525-b6cd-f95ca971fef7/_apis/git/repositories/c338efe9-2602-42b9-a319-15b79fea212c",
    "Org": "RefDev",
    "Type": "RegularDelta",
    "PackageName": null,
    "PackagePublishType": null
  },
  "IsSolutionBlock": false,
  "NameSpace": null,
  "Org": "RefDev",
  "PackageName": null,
  "PackagePublishType": null,
  "PackageVersion": null,
  "IsFinerRulesUtilityRan": false
}