{
  "Name": "Demand Netting Parameter Inputs",
  "WidgetDefinitionName": "Demand Netting Parameter Inputs",
  "IsPrimary": true,
  "ConfigJson": {
    "ContainerId": "fa9978c1-4a18-4fc7-b1d0-2161d27d30c5",
    "CompositeContainerId": null,
    "Position": 0,
    "ShowInfoContext": {
      "ActionColumn": true,
      "RowInfo": true,
      "MemberInfo": true
    },
    "ShowHeader": null,
    "FilterPromotions": [],
    "FilterSharings": [
      {
        "LevelAttribute": {
          "Dimension": "o9PC Setting",
          "AttributeName": "Setting Group"
        },
        "MemberFilterExpression": "[o9PC Setting].[Setting Group].filter(#.Name == [Inventory Nodes])"
      },
      {
        "LevelAttribute": {
          "Dimension": "o9PC Component",
          "AttributeName": "Component Instance"
        },
        "MemberFilterExpression": "[o9PC Component].[Component].filter(#.Name == [Inventory Model]).relatedmembers([Component Instance])"
      },
      {
        "LevelAttribute": {
          "Dimension": "Version",
          "AttributeName": "Version Name"
        },
        "DisableSelection": false
      }
    ],
    "ActionButtonBindings": [
      {
        "ActionButtonName": "PCSupplyPlan0300InventoryCG",
        "HotKey": "",
        "ExcludeHiddenAttributes": false,
        "ModuleId": "69c63dc5-4f82-4296-89e9-7839154cd5be"
      }
    ]
  },
  "ViewWidgetDefinitionId": "238f90ae-473c-cee7-5900-eba866ebacab",
  "Title": "Demand Netting Parameter Inputs"
}