{
  "AttributeName": "Account",
  "AttributeId": "22c80a4a-0a5e-3549-c55c-44e4794ca454",
  "AttributeHierarchyEnabled": true,
  "IsKey": true,
  "Description": "Account",
  "OrderBy": "Key",
  "KeyColumnName": "AccountKey",
  "NameColumnName": "AccountName",
  "KeyColumnDataType": "integer",
  "SeedTags": true,
  "KeyGenerationType": "Auto",
  "PickListName": null,
  "ConfigJson": {
    "ShowFilterAs": "TileView",
    "MemberDisplayNameEditable": true,
    "IsMultipleImage": false,
    "MemberDisplayColor": false
  },
  "FormatString": null,
  "Translation": null,
  "Aliases": [],
  "ApiName": null,
  "ApiDisabled": false
}