{
  "AttributeName": "Time Stamp",
  "AttributeId": "828c0050-0e64-e3e4-a5b6-cbab51e65873",
  "AttributeHierarchyEnabled": false,
  "IsKey": false,
  "Description": "Time Stamp",
  "OrderBy": "Key",
  "KeyColumnName": "TimeStampKey",
  "NameColumnName": null,
  "KeyColumnDataType": "datetime",
  "SeedTags": false,
  "KeyGenerationType": null,
  "PickListName": null,
  "ConfigJson": {
    "IsVisible": true,
    "IsEditable": true
  },
  "FormatString": "yyyy-MM-dd hh:mm:ss",
  "Translation": null,
  "Aliases": [],
  "ApiName": null,
  "ApiDisabled": false,
  "FgColorFormula": null,
  "BgColorFormula": null,
  "IsReservedBySystem": false
}