{
  "MeasureName": "Net REV Actual vs LY Gap %",
  "MeasureId": "5b988ab0-1679-478a-a470-385cf654f37a",
  "MeasureDescription": "(Net REV Actual/Net REV Actual LY) - 1",
  "DataType": "number",
  "MeasureType": "Regular",
  "AggregateFunction": "Computed",
  "FormatString": "0%",
  "MeasureColumnName": "NetREVActualvsLYGap%",
  "MeasureFormula": "safedivide(Measure.[Net REV Actual vs LY Gap],Measure.[Net REV Actual LY])",
  "IsEditable": false,
  "ApplyConversion": false,
  "ConversionFormula": "",
  "PickListName": null,
  "BgColorFormula": "",
  "FgColorFormula": "",
  "TrendFormula": "",
  "FormattingViewModel": null,
  "ParentMeasureName": null,
  "AssociationMeasure": false,
  "IsComputedByPlanningService": false,
  "ToolTip": "(Net REV Actual/Net REV Actual LY) - 1",
  "ConfigJson": {},
  "ApiName": null,
  "ApiDisabled": false,
  "IsReportingMeasure": true,
  "MeasureConditionalFormulaProperties": [],
  "PicklistSource": null
}