{
  "Name": "Attribute2-Ranging Assorted Thumbnail",
  "WidgetDefinitionId": "0dd90376-01c1-e0fb-caf4-a12e837af52f",
  "IsPrivate": false,
  "WidgetType": "o9.thumbnail",
  "ViewWidgetDefinition": null,
  "PageWidgetDefinition": null,
  "CreatedUserEmail": "deepak.pani@o9solutions.com",
  "ModifiedUserEmail": "deepak.pani@o9solutions.com",
  "Roles": [
    "public"
  ],
  "ConfigJson": {
    "Widget": {
      "Height": 550,
      "ActionButtons": []
    },
    "Presentation": {
      "IsEditable": true,
      "TileType": "Slim",
      "Alignment": "Vertical",
      "HideHeader": false,
      "EnableRowLimit": false,
      "RowLimitValue": "",
      "ShowImage": true,
      "FilterProperties": "",
      "IsGraphReport": false,
      "IsMultiGraphReport": false,
      "LevelAttributes": [
        {
          "Id": "9cf2f0b1-d6f9-47e4-9741-3614ef588a6a",
          "AttributeName": "A2",
          "Dimension": "Item",
          "Axis": "row",
          "ShowInfo": {
            "ShowDetail": true,
            "ShowPulse": true,
            "ShowTask": true,
            "ShowMarketIntelligence": true
          },
          "IsVisible": true,
          "DisplayName": "Price Point",
          "SortBy": "",
          "SortOrder": ""
        },
        {
          "Id": "f7dcfc03-2e36-7be8-2091-a9c8b405ea86",
          "AttributeName": "Ranging Thumbnail UIP",
          "Dimension": "UIPreference",
          "ConfigJson": {
            "ModelDefinition": {
              "LevelAttributes": [
                {
                  "Id": "c8215069-c134-49e6-a1de-5f681eb07b83",
                  "AttributeName": "L3",
                  "Dimension": "Item",
                  "EdgeDirection": null,
                  "IsFilter": false,
                  "Axis": "column",
                  "IsDefault": true,
                  "AllSelection": false,
                  "SelectedMembers": [],
                  "Name": "L3",
                  "DimensionName": "Item",
                  "AliasName": "Class",
                  "AliasId": "f152462b-941f-7e6e-d0fe-ecd1c812239c",
                  "AliasType": "AttributeAlias",
                  "IsVisible": true,
                  "DisplayName": "",
                  "SortBy": "",
                  "SortOrder": "",
                  "UIPreferenceId": "f7dcfc03-2e36-7be8-2091-a9c8b405ea86",
                  "UIPreferenceName": "Ranging Thumbnail UIP"
                }
              ],
              "NamedSets": []
            },
            "Presentation": {
              "LevelAttributes": [
                {
                  "Id": "c8215069-c134-49e6-a1de-5f681eb07b83",
                  "AttributeName": "L3",
                  "Dimension": "Item",
                  "Axis": "column",
                  "ShowInfo": {
                    "ShowDetail": true,
                    "ShowPulse": true,
                    "ShowTask": true,
                    "ShowMarketIntelligence": true
                  },
                  "IsVisible": true,
                  "DisplayName": "",
                  "SortBy": "",
                  "SortOrder": "",
                  "UIPreferenceId": "f7dcfc03-2e36-7be8-2091-a9c8b405ea86",
                  "UIPreferenceName": "Ranging Thumbnail UIP",
                  "Name": "L3",
                  "DimensionName": "Item"
                }
              ]
            }
          },
          "Axis": "column",
          "ShowInfo": {
            "ShowDetail": true,
            "ShowPulse": true,
            "ShowTask": true,
            "ShowMarketIntelligence": true
          },
          "IsVisible": true,
          "DisplayName": "",
          "SortBy": "",
          "SortOrder": ""
        }
      ],
      "FilterGroups": [
        {
          "GroupName": "Selling Season",
          "HierarchyId": "",
          "Id": "f55092e3-4fd2-4589-8c53-117d9512d518",
          "Attributes": [
            "56b72eb0-2d21-d392-f36d-296d4e622245"
          ]
        },
        {
          "GroupName": "L3",
          "HierarchyId": "",
          "Id": "ce9feb39-4c8a-4f52-b38d-3bd877958b65",
          "Attributes": [
            "c8215069-c134-49e6-a1de-5f681eb07b83"
          ]
        },
        {
          "GroupName": "Sales Planning Channel",
          "HierarchyId": "",
          "Id": "b7c77c20-6d7f-4234-8820-2d596a5ad7d3",
          "Attributes": [
            "0c4d82ca-2fbe-c1e8-f6c5-51ffdcf84efc"
          ]
        },
        {
          "GroupName": "Location Country",
          "HierarchyId": "",
          "Id": "c1ee6365-7daf-413f-99b8-4191c81b6135",
          "Attributes": [
            "d00b8ae3-4077-4366-87b7-cf97749f44db"
          ]
        },
        {
          "GroupName": "Cluster",
          "HierarchyId": "",
          "Id": "ea9b598e-939f-4792-abe9-3c82a7c3e9d4",
          "Attributes": [
            "1e5a008a-7c3a-4516-a1f6-a8df32bf3be7"
          ]
        },
        {
          "GroupName": "Version Name",
          "HierarchyId": "",
          "Id": "a3a0d795-1469-4256-9e40-c194f7313c25",
          "Attributes": [
            "211b33d5-d91f-40ec-9668-20e0da2ae7b3"
          ]
        }
      ],
      "MeasureCollections": [
        {
          "Measures": [
            {
              "Name": "Store Count",
              "Id": "8dae4eb1-99ed-4aa8-aa74-52d12e41c44a",
              "IsVisible": false,
              "ShowInLocalTimeZone": false,
              "RenderType": "Value",
              "FormatString": "",
              "ColumnWidth": 0,
              "Sort": "",
              "UseExcelAggregation": false,
              "ShowInfo": {
                "ShowDetail": true,
                "ShowPulse": true,
                "ShowTask": true,
                "ShowMarketIntelligence": true
              },
              "ChildMeasureCollections": null
            }
          ]
        },
        {
          "Measures": [
            {
              "Name": "Sell Through % SC L",
              "Id": "7f478152-d36e-47ac-80b5-9f306df9abea",
              "IsVisible": true,
              "ShowInLocalTimeZone": false,
              "RenderType": "Value",
              "FormatString": "",
              "ColumnWidth": 0,
              "Sort": "",
              "UseExcelAggregation": false,
              "ShowInfo": {
                "ShowDetail": true,
                "ShowPulse": true,
                "ShowTask": true,
                "ShowMarketIntelligence": true
              },
              "ChildMeasureCollections": null
            }
          ]
        },
        {
          "Measures": [
            {
              "Name": "ROS SC C Intermediate",
              "Id": "af993cec-7c60-454e-a3f1-5577af610549",
              "IsVisible": true,
              "ShowInLocalTimeZone": false,
              "RenderType": "Value",
              "FormatString": "",
              "ColumnWidth": 0,
              "Sort": "",
              "UseExcelAggregation": false,
              "ShowInfo": {
                "ShowDetail": true,
                "ShowPulse": true,
                "ShowTask": true,
                "ShowMarketIntelligence": true
              },
              "ChildMeasureCollections": null
            }
          ]
        }
      ],
      "MeasureCollections2": [],
      "AlwaysOnMeasureCollections": [],
      "GraphRelations": [],
      "Folders": []
    }
  },
  "WidgetKeywordTags": [],
  "DimensionAttributeUsages": [],
  "WidgetModel": {
    "WidgetModelId": "8c9426fa-ae4c-46c0-ac5c-07105bb0a4d6",
    "ConfigJson": {
      "LevelAttributes": [
        {
          "Id": "ee823e26-9648-a15b-c01b-6622793defaa",
          "AttributeName": "Ranging Thumbnail UIPF",
          "Dimension": "UIPreference",
          "IsFilter": true,
          "Axis": "none",
          "IsDefault": true,
          "AllSelection": false,
          "SelectedMembers": [],
          "Name": "Ranging Thumbnail UIPF",
          "DimensionName": "UIPreference",
          "ConfigJson": {
            "ModelDefinition": {
              "LevelAttributes": [
                {
                  "Id": "56b72eb0-2d21-d392-f36d-296d4e622245",
                  "AttributeName": "Selling Season",
                  "Dimension": "Selling Season",
                  "DimensionId": 392523,
                  "IsFilter": true,
                  "Axis": "none",
                  "IsDefault": true,
                  "AllSelection": false,
                  "SelectedMembers": [
                    {
                      "Name": "SU22"
                    }
                  ],
                  "Name": "Selling Season",
                  "DimensionName": "Selling Season",
                  "OverrideFavSelection": false,
                  "CurrencyFilter": false,
                  "IsSingleSelect": true,
                  "MemberFilterExpression": "&APCurrentAndFutureSeasons",
                  "DefaultValueExpression": "",
                  "WorksheetLevelFilter": false,
                  "HideDummyMembers": false,
                  "SortBy": "Key",
                  "SortOrder": "Ascending",
                  "IsNarrowYourSelection": false,
                  "Position": -550,
                  "UIPreferenceId": "ee823e26-9648-a15b-c01b-6622793defaa",
                  "UIPreferenceName": "Ranging Thumbnail UIPF",
                  "IsUIPrefAttr": true,
                  "GivenName": "Selling Season",
                  "PresentationName": "Selling Season"
                },
                {
                  "Id": "c8215069-c134-49e6-a1de-5f681eb07b83",
                  "AttributeName": "L3",
                  "Dimension": "Item",
                  "DimensionId": 392461,
                  "IsFilter": true,
                  "Axis": "none",
                  "IsDefault": true,
                  "AllSelection": true,
                  "SelectedMembers": [],
                  "Name": "L3",
                  "DimensionName": "Item",
                  "OverrideFavSelection": false,
                  "CurrencyFilter": false,
                  "IsSingleSelect": false,
                  "MemberFilterExpression": "&APClasses",
                  "DefaultValueExpression": "",
                  "WorksheetLevelFilter": false,
                  "HideDummyMembers": false,
                  "SortBy": "Name",
                  "SortOrder": "Ascending",
                  "IsNarrowYourSelection": false,
                  "Position": 50,
                  "UIPreferenceId": "ee823e26-9648-a15b-c01b-6622793defaa",
                  "UIPreferenceName": "Ranging Thumbnail UIPF",
                  "IsUIPrefAttr": true,
                  "GivenName": "L3",
                  "PresentationName": "L3"
                },
                {
                  "Id": "0c4d82ca-2fbe-c1e8-f6c5-51ffdcf84efc",
                  "AttributeName": "Sales Planning Channel",
                  "Dimension": "Sales Domain",
                  "DimensionId": 392458,
                  "IsFilter": true,
                  "Axis": "none",
                  "IsDefault": true,
                  "AllSelection": true,
                  "SelectedMembers": [],
                  "Name": "Sales Planning Channel",
                  "DimensionName": "Sales Domain",
                  "OverrideFavSelection": false,
                  "CurrencyFilter": false,
                  "IsSingleSelect": false,
                  "MemberFilterExpression": "&APChannels",
                  "DefaultValueExpression": "",
                  "WorksheetLevelFilter": false,
                  "HideDummyMembers": false,
                  "SortBy": "",
                  "SortOrder": "",
                  "IsNarrowYourSelection": false,
                  "Position": 60,
                  "UIPreferenceId": "ee823e26-9648-a15b-c01b-6622793defaa",
                  "UIPreferenceName": "Ranging Thumbnail UIPF",
                  "IsUIPrefAttr": true,
                  "GivenName": "Sales Planning Channel",
                  "PresentationName": "Sales Planning Channel"
                },
                {
                  "Id": "d00b8ae3-4077-4366-87b7-cf97749f44db",
                  "AttributeName": "Location Country",
                  "Dimension": "Location",
                  "DimensionId": 392445,
                  "IsFilter": true,
                  "Axis": "none",
                  "IsDefault": true,
                  "AllSelection": true,
                  "SelectedMembers": [],
                  "Name": "Location Country",
                  "DimensionName": "Location",
                  "OverrideFavSelection": false,
                  "CurrencyFilter": false,
                  "IsSingleSelect": false,
                  "MemberFilterExpression": "&APLocationCountries",
                  "DefaultValueExpression": "",
                  "WorksheetLevelFilter": false,
                  "HideDummyMembers": false,
                  "SortBy": "",
                  "SortOrder": "",
                  "IsNarrowYourSelection": false,
                  "Position": 70,
                  "UIPreferenceId": "ee823e26-9648-a15b-c01b-6622793defaa",
                  "UIPreferenceName": "Ranging Thumbnail UIPF",
                  "IsUIPrefAttr": true,
                  "GivenName": "Location Country",
                  "PresentationName": "Location Country"
                },
                {
                  "Id": "1e5a008a-7c3a-4516-a1f6-a8df32bf3be7",
                  "AttributeName": "Cluster",
                  "Dimension": "Cluster",
                  "DimensionId": 392442,
                  "IsFilter": true,
                  "Axis": "none",
                  "IsDefault": true,
                  "AllSelection": true,
                  "SelectedMembers": [],
                  "Name": "Cluster",
                  "DimensionName": "Cluster",
                  "OverrideFavSelection": false,
                  "CurrencyFilter": false,
                  "IsSingleSelect": false,
                  "MemberFilterExpression": "&APClusters",
                  "DefaultValueExpression": "",
                  "WorksheetLevelFilter": false,
                  "HideDummyMembers": false,
                  "SortBy": "",
                  "SortOrder": "",
                  "IsNarrowYourSelection": false,
                  "Position": 122,
                  "UIPreferenceId": "ee823e26-9648-a15b-c01b-6622793defaa",
                  "UIPreferenceName": "Ranging Thumbnail UIPF",
                  "IsUIPrefAttr": true,
                  "GivenName": "Cluster",
                  "PresentationName": "Cluster"
                }
              ],
              "NamedSets": []
            },
            "Presentation": {
              "LevelAttributes": []
            }
          },
          "CurrencyFilter": false,
          "IsSingleSelect": false,
          "MemberFilterExpression": "",
          "DefaultValueExpression": "",
          "OverrideFavSelection": false,
          "WorksheetLevelFilter": false,
          "HideDummyMembers": false,
          "SortBy": "",
          "SortOrder": "",
          "IsNarrowYourSelection": false
        },
        {
          "Id": "211b33d5-d91f-40ec-9668-20e0da2ae7b3",
          "AttributeName": "Version Name",
          "Dimension": "Version",
          "DimensionId": 3312658,
          "IsFilter": true,
          "Axis": "none",
          "IsDefault": true,
          "AllSelection": false,
          "SelectedMembers": [
            {
              "Name": "CurrentWorkingView"
            }
          ],
          "Name": "Version Name",
          "DimensionName": "Version",
          "OverrideFavSelection": false,
          "IsSingleSelect": true,
          "MemberFilterExpression": "&CWVAndScenarios",
          "DefaultValueExpression": "",
          "WorksheetLevelFilter": false,
          "HideDummyMembers": false,
          "SortBy": "",
          "SortOrder": "",
          "IsNarrowYourSelection": false,
          "Position": 120
        },
        {
          "Id": "f7dcfc03-2e36-7be8-2091-a9c8b405ea86",
          "AttributeName": "Ranging Thumbnail UIP",
          "Dimension": "UIPreference",
          "IsFilter": false,
          "Axis": "cell",
          "IsDefault": true,
          "AllSelection": false,
          "SelectedMembers": [],
          "Name": "Ranging Thumbnail UIP",
          "DimensionName": "UIPreference",
          "ConfigJson": {
            "ModelDefinition": {
              "LevelAttributes": [
                {
                  "Id": "304e572f-fe17-4be2-87bb-469f33bee496",
                  "AttributeName": "Planning Item",
                  "Dimension": "Item",
                  "IsFilter": false,
                  "Axis": "cell",
                  "IsDefault": true,
                  "AllSelection": false,
                  "SelectedMembers": [],
                  "Name": "Planning Item",
                  "DimensionName": "Item",
                  "AliasName": "Style Color",
                  "AliasId": "dd46d259-a55d-adb2-838e-b27dd848d904",
                  "AliasType": "AttributeAlias",
                  "IsVisible": true,
                  "DisplayName": "",
                  "SortBy": "",
                  "SortOrder": "",
                  "UIPreferenceId": "f7dcfc03-2e36-7be8-2091-a9c8b405ea86",
                  "UIPreferenceName": "Ranging Thumbnail UIP"
                }
              ],
              "NamedSets": []
            },
            "Presentation": {
              "LevelAttributes": []
            }
          },
          "IsVisible": true,
          "DisplayName": "",
          "SortBy": "",
          "SortOrder": ""
        },
        {
          "Id": "a1ce5b76-f975-4454-8712-eb16ac61ae7a",
          "AttributeName": "Measure",
          "Dimension": "Measure",
          "IsFilter": false,
          "Axis": "cell",
          "IsDefault": true,
          "AllSelection": false,
          "SelectedMembers": [],
          "Name": "Measure",
          "DimensionName": "Measure",
          "IsVisible": true,
          "DisplayName": "",
          "SortBy": "",
          "SortOrder": ""
        },
        {
          "Id": "9cf2f0b1-d6f9-47e4-9741-3614ef588a6a",
          "AttributeName": "A2",
          "Dimension": "Item",
          "EdgeDirection": null,
          "IsFilter": false,
          "Axis": "row",
          "IsDefault": true,
          "AllSelection": false,
          "SelectedMembers": [],
          "Name": "A2",
          "DimensionName": "Item",
          "IsVisible": true,
          "DisplayName": "Price Point",
          "SortBy": "",
          "SortOrder": ""
        },
        {
          "Id": "f7dcfc03-2e36-7be8-2091-a9c8b405ea86",
          "AttributeName": "Ranging Thumbnail UIP",
          "Dimension": "UIPreference",
          "IsFilter": false,
          "Axis": "column",
          "IsDefault": true,
          "AllSelection": false,
          "SelectedMembers": [],
          "Name": "Ranging Thumbnail UIP",
          "DimensionName": "UIPreference",
          "ConfigJson": {
            "ModelDefinition": {
              "LevelAttributes": [
                {
                  "Id": "c8215069-c134-49e6-a1de-5f681eb07b83",
                  "AttributeName": "L3",
                  "Dimension": "Item",
                  "EdgeDirection": null,
                  "IsFilter": false,
                  "Axis": "column",
                  "IsDefault": true,
                  "AllSelection": false,
                  "SelectedMembers": [],
                  "Name": "L3",
                  "DimensionName": "Item",
                  "AliasName": "Class",
                  "AliasId": "f152462b-941f-7e6e-d0fe-ecd1c812239c",
                  "AliasType": "AttributeAlias",
                  "IsVisible": true,
                  "DisplayName": "",
                  "SortBy": "",
                  "SortOrder": "",
                  "UIPreferenceId": "f7dcfc03-2e36-7be8-2091-a9c8b405ea86",
                  "UIPreferenceName": "Ranging Thumbnail UIP"
                }
              ],
              "NamedSets": []
            },
            "Presentation": {
              "LevelAttributes": [
                {
                  "Id": "c8215069-c134-49e6-a1de-5f681eb07b83",
                  "AttributeName": "L3",
                  "Dimension": "Item",
                  "Axis": "column",
                  "ShowInfo": {
                    "ShowDetail": true,
                    "ShowPulse": true,
                    "ShowTask": true,
                    "ShowMarketIntelligence": true
                  },
                  "IsVisible": true,
                  "DisplayName": "",
                  "SortBy": "",
                  "SortOrder": "",
                  "UIPreferenceId": "f7dcfc03-2e36-7be8-2091-a9c8b405ea86",
                  "UIPreferenceName": "Ranging Thumbnail UIP",
                  "Name": "L3",
                  "DimensionName": "Item"
                }
              ]
            }
          },
          "IsVisible": true,
          "DisplayName": "",
          "SortBy": "",
          "SortOrder": ""
        }
      ],
      "PeggingAttributes": [],
      "FlowPlanAttributes": [],
      "Hierarchies": [],
      "NamedSets": [],
      "RegularMeasures": [
        {
          "Id": "8dae4eb1-99ed-4aa8-aa74-52d12e41c44a",
          "Name": "Store Count"
        },
        {
          "Id": "7f478152-d36e-47ac-80b5-9f306df9abea",
          "Name": "Sell Through % SC L"
        },
        {
          "Id": "af993cec-7c60-454e-a3f1-5577af610549",
          "Name": "ROS SC C Intermediate"
        }
      ],
      "TransientMeasures": [],
      "GraphRelations": [],
      "Folders": [],
      "AssociationMeasures": [
        {
          "MeasureFilterIBPLExpression": "Measure.[Assorted SC L]==True",
          "MeasureFilterScope": "At Source"
        }
      ],
      "AssociationMeasureExpressions": [
        {
          "Expression": ""
        }
      ],
      "DataProperties": {
        "IncludeInactiveMembers": false,
        "IncludeNulls": false,
        "NullsForFinerGrainSelect": false,
        "NullsForUnrelatedAttrSelect": false,
        "IncludeNullsForSeries": "",
        "AssociationMeasureExpression": "",
        "MeasureValueFilters": ""
      },
      "MeasureValueFilters": [
        {
          "MeasureName": "Style Color PAG Association",
          "Operator": "equals",
          "Value": "1",
          "MeasureId": "2462dfa8-0749-48ab-95aa-ac764b5fc8c8",
          "IsTransient": false,
          "Formula": "",
          "DataType": "number",
          "GroupOperator": "And"
        }
      ],
      "FilterProperties": {
        "VersionDependentFilter": false,
        "ExcludeVersionInFavorite": false
      },
      "FilterGroups": [
        {
          "Id": "f55092e3-4fd2-4589-8c53-117d9512d518",
          "GroupName": "Selling Season",
          "HierarchyId": "",
          "IsHierGroup": false,
          "Attributes": [
            {
              "AttributeId": 19833340,
              "AttributeName": "Selling Season",
              "LevelPosition": 0,
              "AttributeGuid": "56b72eb0-2d21-d392-f36d-296d4e622245",
              "IsKey": true,
              "GivenName": "Selling Season",
              "PresentationName": "Selling Season"
            }
          ],
          "IsNamedSet": false,
          "DimensionId": 3312808,
          "DimensionName": "Selling Season"
        },
        {
          "Id": "ce9feb39-4c8a-4f52-b38d-3bd877958b65",
          "GroupName": "L3",
          "HierarchyId": "",
          "IsHierGroup": false,
          "Attributes": [
            {
              "AttributeId": 19832912,
              "AttributeName": "L3",
              "LevelPosition": 0,
              "AttributeGuid": "c8215069-c134-49e6-a1de-5f681eb07b83",
              "IsKey": false,
              "GivenName": "L3",
              "PresentationName": "L3"
            }
          ],
          "IsNamedSet": false,
          "DimensionId": 3312746,
          "DimensionName": "Item"
        },
        {
          "Id": "b7c77c20-6d7f-4234-8820-2d596a5ad7d3",
          "GroupName": "Sales Planning Channel",
          "HierarchyId": "",
          "IsHierGroup": false,
          "Attributes": [
            {
              "AttributeId": 19832797,
              "AttributeName": "Sales Planning Channel",
              "LevelPosition": 0,
              "AttributeGuid": "0c4d82ca-2fbe-c1e8-f6c5-51ffdcf84efc",
              "IsKey": false,
              "GivenName": "Sales Planning Channel",
              "PresentationName": "Sales Planning Channel"
            }
          ],
          "IsNamedSet": false,
          "DimensionId": 3312743,
          "DimensionName": "Sales Domain"
        },
        {
          "Id": "c1ee6365-7daf-413f-99b8-4191c81b6135",
          "GroupName": "Location Country",
          "HierarchyId": "",
          "IsHierGroup": false,
          "Attributes": [
            {
              "AttributeId": 19832623,
              "AttributeName": "Location Country",
              "LevelPosition": 0,
              "AttributeGuid": "d00b8ae3-4077-4366-87b7-cf97749f44db",
              "IsKey": false,
              "GivenName": "Location Country",
              "PresentationName": "Location Country"
            }
          ],
          "IsNamedSet": false,
          "DimensionId": 3312729,
          "DimensionName": "Location"
        },
        {
          "Id": "ea9b598e-939f-4792-abe9-3c82a7c3e9d4",
          "GroupName": "Cluster",
          "HierarchyId": "",
          "IsHierGroup": false,
          "Attributes": [
            {
              "AttributeId": 19832579,
              "AttributeName": "Cluster",
              "LevelPosition": 0,
              "AttributeGuid": "1e5a008a-7c3a-4516-a1f6-a8df32bf3be7",
              "IsKey": true,
              "GivenName": "Cluster",
              "PresentationName": "Cluster"
            }
          ],
          "IsNamedSet": false,
          "DimensionId": 3312726,
          "DimensionName": "Cluster"
        },
        {
          "Id": "a3a0d795-1469-4256-9e40-c194f7313c25",
          "GroupName": "Version Name",
          "HierarchyId": "",
          "IsHierGroup": false,
          "Attributes": [
            {
              "AttributeId": 19832285,
              "AttributeName": "Version Name",
              "LevelPosition": 0,
              "AttributeGuid": "211b33d5-d91f-40ec-9668-20e0da2ae7b3",
              "IsKey": true,
              "GivenName": "Version Name",
              "PresentationName": "Version Name"
            }
          ],
          "IsNamedSet": false,
          "DimensionId": 3312658,
          "DimensionName": "Version"
        }
      ]
    }
  }
}