{
  "Name": "Final vs Approved Ranging",
  "WidgetDefinitionId": "9bc2fa82-28c1-7ebe-2b3f-c87544dc438c",
  "IsPrivate": false,
  "WidgetType": "o9.pivot",
  "ViewWidgetDefinition": null,
  "PageWidgetDefinition": null,
  "CreatedUserEmail": "siya.gurjar@o9solutions.com",
  "ModifiedUserEmail": "deepak.pani@o9solutions.com",
  "Roles": [
    "public"
  ],
  "ConfigJson": {
    "Widget": {
      "Height": 550,
      "ActionButtons": []
    },
    "Presentation": {
      "DataColumnBeforeMembers": false,
      "ShowQuickToggleBar": false,
      "IsEditable": true,
      "EnableExpandCollapse": true,
      "EnableOnGridFilter": true,
      "EnableSort": true,
      "EnableColumnReorder": true,
      "DisableBulkEdit": false,
      "DisableCopyOption": false,
      "DisableAdjustOption": false,
      "DisableApplyOption": false,
      "DisableNullifyOption": false,
      "EnableColumnResize": true,
      "ClearColumnFilterOnScopeFilter": false,
      "EnableJitColumns": false,
      "EnableAuditTrail": false,
      "EnableAutoCollapseColumns": false,
      "EnableSparsifyRowSelection": false,
      "UseConditionalFormatting": false,
      "EnablePastDifferentiation": false,
      "SuppressMessageHeader": false,
      "HideActionButtons": true,
      "ShowImage": true,
      "ShowMeasureGroupAsColumn": false,
      "DefaultLinkFiltersAutoSelection": true,
      "RowHeight": "25",
      "ShowServerConditionalFormating": false,
      "InterDependentFilter": false,
      "UseOutlineFormLayout": false,
      "DisableFieldList": false,
      "ShowComments": false,
      "HideNullRows": false,
      "HideNullColumns": false,
      "HideReadOnlyNullRows": false,
      "DisableBulkEditMeasures": false,
      "EnableMeasureReposition": false,
      "AllowExcelDownload": false,
      "EnableExportPivot": "",
      "DownloadButton": "System Setting",
      "AbovePivotFilterLevelAttribute": "",
      "AbovePivotFilterValue": "",
      "LayoutColumnWidth": "System Setting",
      "IsSummary": false,
      "ActionButtonBindings": "",
      "ExcelActionButtons": "",
      "CollabFolders": "",
      "ColumnProp": {
        "ColumnSubtotalsAtEnd": false,
        "TimeColumnSubTotalAtEnd": false
      },
      "RowProp": {
        "ShowMultiDimensionProperty": false,
        "RowSubtotalsAtEnd": false
      },
      "FilterProperties": "",
      "ReportMeasureSet": "",
      "IsGraphReport": false,
      "IsMultiGraphReport": false,
      "LevelAttributes": [
        {
          "Id": "5529af4d-5bd5-3969-bf94-faa5910b59cb",
          "AttributeName": "Ranging Store Pivot UIP",
          "Dimension": "UIPreference",
          "ConfigJson": {
            "ModelDefinition": {
              "LevelAttributes": [
                {
                  "Id": "c8215069-c134-49e6-a1de-5f681eb07b83",
                  "AttributeName": "L3",
                  "Dimension": "Item",
                  "EdgeDirection": null,
                  "IsFilter": false,
                  "Axis": "row",
                  "IsDefault": true,
                  "AllSelection": false,
                  "SelectedMembers": [],
                  "Name": "L3",
                  "DimensionName": "Item",
                  "AliasName": "Class",
                  "AliasId": "f152462b-941f-7e6e-d0fe-ecd1c812239c",
                  "AliasType": "AttributeAlias",
                  "IsVisible": true,
                  "IsAttributeRequired": false,
                  "ShowSubtotal": false,
                  "ShowMemberConditionalFormatting": false,
                  "DisplayName": "",
                  "ShortName": "",
                  "SortBy": "",
                  "JoinWithGraph": false,
                  "JoinGraphName": "",
                  "JoinWithNode": "FROM",
                  "UIPreferenceId": "5529af4d-5bd5-3969-bf94-faa5910b59cb",
                  "UIPreferenceName": "Ranging Store Pivot UIP"
                },
                {
                  "Id": "ff7c5eb2-2cb9-4ff9-adf6-13e0b616ebe1",
                  "AttributeName": "L2",
                  "Dimension": "Item",
                  "EdgeDirection": null,
                  "IsFilter": false,
                  "Axis": "row",
                  "IsDefault": true,
                  "AllSelection": false,
                  "SelectedMembers": [],
                  "Name": "L2",
                  "DimensionName": "Item",
                  "AliasName": "Program",
                  "AliasId": "fa3abf71-354f-8a95-f8e3-149a0e63e35e",
                  "AliasType": "AttributeAlias",
                  "IsVisible": false,
                  "IsAttributeRequired": false,
                  "ShowSubtotal": false,
                  "ShowMemberConditionalFormatting": false,
                  "DisplayName": "",
                  "ShortName": "",
                  "SortBy": "",
                  "JoinWithGraph": false,
                  "JoinGraphName": "",
                  "JoinWithNode": "FROM",
                  "UIPreferenceId": "5529af4d-5bd5-3969-bf94-faa5910b59cb",
                  "UIPreferenceName": "Ranging Store Pivot UIP"
                },
                {
                  "Id": "00fc4c14-0ff2-43bd-81c9-3b2abae62201",
                  "AttributeName": "L1",
                  "Dimension": "Item",
                  "EdgeDirection": null,
                  "IsFilter": false,
                  "Axis": "row",
                  "IsDefault": true,
                  "AllSelection": false,
                  "SelectedMembers": [],
                  "Name": "L1",
                  "DimensionName": "Item",
                  "AliasName": "Style",
                  "AliasId": "f9d0b656-a5b8-549b-7af6-c0f632fc70d8",
                  "AliasType": "AttributeAlias",
                  "IsVisible": false,
                  "IsAttributeRequired": false,
                  "ShowSubtotal": false,
                  "ShowMemberConditionalFormatting": false,
                  "DisplayName": "",
                  "ShortName": "",
                  "SortBy": "",
                  "JoinWithGraph": false,
                  "JoinGraphName": "",
                  "JoinWithNode": "FROM",
                  "UIPreferenceId": "5529af4d-5bd5-3969-bf94-faa5910b59cb",
                  "UIPreferenceName": "Ranging Store Pivot UIP"
                },
                {
                  "Id": "304e572f-fe17-4be2-87bb-469f33bee496",
                  "AttributeName": "Planning Item",
                  "Dimension": "Item",
                  "EdgeDirection": null,
                  "IsFilter": false,
                  "Axis": "row",
                  "IsDefault": true,
                  "AllSelection": false,
                  "SelectedMembers": [],
                  "Name": "Planning Item",
                  "DimensionName": "Item",
                  "AliasName": "Style Color",
                  "AliasId": "dd46d259-a55d-adb2-838e-b27dd848d904",
                  "AliasType": "AttributeAlias",
                  "IsVisible": true,
                  "IsAttributeRequired": false,
                  "ShowSubtotal": false,
                  "ShowMemberConditionalFormatting": false,
                  "DisplayName": "",
                  "ShortName": "",
                  "SortBy": "",
                  "JoinWithGraph": false,
                  "JoinGraphName": "",
                  "JoinWithNode": "FROM",
                  "MemberProperties": [
                    {
                      "Id": "6cda709b-8dbe-1224-9a42-d11158cde3dc",
                      "Name": "Price Point",
                      "IsVisible": false,
                      "ShowInLocalTimeZone": false
                    },
                    {
                      "Id": "72660f3c-c543-26b8-7ad0-ccd9d94b3d33",
                      "Name": "Program Type",
                      "IsVisible": false,
                      "ShowInLocalTimeZone": false
                    },
                    {
                      "Id": "991eb5d9-fb6b-bc3a-72fd-a90c34629398",
                      "Name": "Material",
                      "IsVisible": false,
                      "ShowInLocalTimeZone": false
                    }
                  ],
                  "UIPreferenceId": "5529af4d-5bd5-3969-bf94-faa5910b59cb",
                  "UIPreferenceName": "Ranging Store Pivot UIP"
                },
                {
                  "Id": "0c4d82ca-2fbe-c1e8-f6c5-51ffdcf84efc",
                  "AttributeName": "Sales Planning Channel",
                  "Dimension": "Sales Domain",
                  "EdgeDirection": null,
                  "IsFilter": false,
                  "Axis": "row",
                  "IsDefault": true,
                  "AllSelection": false,
                  "SelectedMembers": [],
                  "Name": "Sales Planning Channel",
                  "DimensionName": "Sales Domain",
                  "IsVisible": true,
                  "IsAttributeRequired": false,
                  "ShowSubtotal": false,
                  "ShowMemberConditionalFormatting": false,
                  "DisplayName": "",
                  "ShortName": "",
                  "SortBy": "",
                  "JoinWithGraph": false,
                  "JoinGraphName": "",
                  "JoinWithNode": "FROM",
                  "UIPreferenceId": "5529af4d-5bd5-3969-bf94-faa5910b59cb",
                  "UIPreferenceName": "Ranging Store Pivot UIP"
                },
                {
                  "Id": "d00b8ae3-4077-4366-87b7-cf97749f44db",
                  "AttributeName": "Location Country",
                  "Dimension": "Location",
                  "EdgeDirection": null,
                  "IsFilter": false,
                  "Axis": "row",
                  "IsDefault": true,
                  "AllSelection": false,
                  "SelectedMembers": [],
                  "Name": "Location Country",
                  "DimensionName": "Location",
                  "AliasName": "Country",
                  "AliasId": "47690e8c-bf7f-abdd-8250-0bc27e856388",
                  "AliasType": "AttributeAlias",
                  "IsVisible": true,
                  "IsAttributeRequired": false,
                  "ShowSubtotal": false,
                  "ShowMemberConditionalFormatting": false,
                  "DisplayName": "",
                  "ShortName": "",
                  "SortBy": "",
                  "JoinWithGraph": false,
                  "JoinGraphName": "",
                  "JoinWithNode": "FROM",
                  "UIPreferenceId": "5529af4d-5bd5-3969-bf94-faa5910b59cb",
                  "UIPreferenceName": "Ranging Store Pivot UIP"
                },
                {
                  "Id": "1e5a008a-7c3a-4516-a1f6-a8df32bf3be7",
                  "AttributeName": "Cluster",
                  "Dimension": "Cluster",
                  "EdgeDirection": null,
                  "IsFilter": false,
                  "Axis": "row",
                  "IsDefault": true,
                  "AllSelection": false,
                  "SelectedMembers": [],
                  "Name": "Cluster",
                  "DimensionName": "Cluster",
                  "IsVisible": true,
                  "IsAttributeRequired": false,
                  "ShowSubtotal": false,
                  "ShowMemberConditionalFormatting": false,
                  "DisplayName": "",
                  "ShortName": "",
                  "SortBy": "",
                  "JoinWithGraph": false,
                  "JoinGraphName": "",
                  "JoinWithNode": "FROM",
                  "UIPreferenceId": "5529af4d-5bd5-3969-bf94-faa5910b59cb",
                  "UIPreferenceName": "Ranging Store Pivot UIP"
                },
                {
                  "Id": "9c3b45ac-e578-4b7d-8bba-9b631bdb0b79",
                  "AttributeName": "Location",
                  "Dimension": "Location",
                  "EdgeDirection": null,
                  "IsFilter": false,
                  "Axis": "row",
                  "IsDefault": true,
                  "AllSelection": false,
                  "SelectedMembers": [],
                  "Name": "Location",
                  "DimensionName": "Location",
                  "AliasName": "Store",
                  "AliasId": "01024ab1-1efc-65c9-9428-de653b6a9e83",
                  "AliasType": "AttributeAlias",
                  "IsVisible": true,
                  "IsAttributeRequired": false,
                  "ShowSubtotal": false,
                  "ShowMemberConditionalFormatting": false,
                  "DisplayName": "",
                  "ShortName": "",
                  "SortBy": "",
                  "JoinWithGraph": false,
                  "JoinGraphName": "",
                  "JoinWithNode": "FROM",
                  "UIPreferenceId": "5529af4d-5bd5-3969-bf94-faa5910b59cb",
                  "UIPreferenceName": "Ranging Store Pivot UIP"
                },
                {
                  "Id": "56b72eb0-2d21-d392-f36d-296d4e622245",
                  "AttributeName": "Selling Season",
                  "Dimension": "Selling Season",
                  "EdgeDirection": null,
                  "IsFilter": false,
                  "Axis": "row",
                  "IsDefault": true,
                  "AllSelection": false,
                  "SelectedMembers": [],
                  "Name": "Selling Season",
                  "DimensionName": "Selling Season",
                  "IsVisible": true,
                  "IsAttributeRequired": false,
                  "ShowSubtotal": false,
                  "ShowMemberConditionalFormatting": false,
                  "DisplayName": "",
                  "ShortName": "",
                  "SortBy": "",
                  "JoinWithGraph": false,
                  "JoinGraphName": "",
                  "JoinWithNode": "FROM",
                  "UIPreferenceId": "5529af4d-5bd5-3969-bf94-faa5910b59cb",
                  "UIPreferenceName": "Ranging Store Pivot UIP"
                }
              ],
              "NamedSets": []
            },
            "Presentation": {
              "LevelAttributes": [
                {
                  "Id": "c8215069-c134-49e6-a1de-5f681eb07b83",
                  "AttributeName": "L3",
                  "Dimension": "Item",
                  "Axis": "row",
                  "ShowInfo": {
                    "ShowDetail": true,
                    "ShowPulse": true,
                    "ShowTask": true,
                    "ShowMarketIntelligence": true
                  },
                  "IsVisible": true,
                  "IsAttributeRequired": false,
                  "ShowSubtotal": false,
                  "ShowMemberConditionalFormatting": false,
                  "UOMMember": "",
                  "DisplayName": "",
                  "ShortName": "",
                  "SortBy": "",
                  "JoinWithGraph": false,
                  "JoinGraphName": "",
                  "JoinWithNode": "FROM",
                  "UIPreferenceId": "5529af4d-5bd5-3969-bf94-faa5910b59cb",
                  "UIPreferenceName": "Ranging Store Pivot UIP",
                  "Name": "L3",
                  "DimensionName": "Item"
                },
                {
                  "Id": "ff7c5eb2-2cb9-4ff9-adf6-13e0b616ebe1",
                  "AttributeName": "L2",
                  "Dimension": "Item",
                  "Axis": "row",
                  "ShowInfo": {
                    "ShowDetail": true,
                    "ShowPulse": true,
                    "ShowTask": true,
                    "ShowMarketIntelligence": true
                  },
                  "IsVisible": false,
                  "IsAttributeRequired": false,
                  "ShowSubtotal": false,
                  "ShowMemberConditionalFormatting": false,
                  "UOMMember": "",
                  "DisplayName": "",
                  "ShortName": "",
                  "SortBy": "",
                  "JoinWithGraph": false,
                  "JoinGraphName": "",
                  "JoinWithNode": "FROM",
                  "UIPreferenceId": "5529af4d-5bd5-3969-bf94-faa5910b59cb",
                  "UIPreferenceName": "Ranging Store Pivot UIP",
                  "Name": "L2",
                  "DimensionName": "Item"
                },
                {
                  "Id": "00fc4c14-0ff2-43bd-81c9-3b2abae62201",
                  "AttributeName": "L1",
                  "Dimension": "Item",
                  "Axis": "row",
                  "ShowInfo": {
                    "ShowDetail": true,
                    "ShowPulse": true,
                    "ShowTask": true,
                    "ShowMarketIntelligence": true
                  },
                  "IsVisible": false,
                  "IsAttributeRequired": false,
                  "ShowSubtotal": false,
                  "ShowMemberConditionalFormatting": false,
                  "UOMMember": "",
                  "DisplayName": "",
                  "ShortName": "",
                  "SortBy": "",
                  "JoinWithGraph": false,
                  "JoinGraphName": "",
                  "JoinWithNode": "FROM",
                  "UIPreferenceId": "5529af4d-5bd5-3969-bf94-faa5910b59cb",
                  "UIPreferenceName": "Ranging Store Pivot UIP",
                  "Name": "L1",
                  "DimensionName": "Item"
                },
                {
                  "Id": "304e572f-fe17-4be2-87bb-469f33bee496",
                  "AttributeName": "Planning Item",
                  "Dimension": "Item",
                  "Axis": "row",
                  "ShowInfo": {
                    "ShowDetail": true,
                    "ShowPulse": true,
                    "ShowTask": true,
                    "ShowMarketIntelligence": true
                  },
                  "IsVisible": true,
                  "IsAttributeRequired": false,
                  "ShowSubtotal": false,
                  "ShowMemberConditionalFormatting": false,
                  "UOMMember": "",
                  "DisplayName": "",
                  "ShortName": "",
                  "SortBy": "",
                  "JoinWithGraph": false,
                  "JoinGraphName": "",
                  "JoinWithNode": "FROM",
                  "MemberProperties": [
                    {
                      "Id": "6cda709b-8dbe-1224-9a42-d11158cde3dc",
                      "Name": "Price Point",
                      "IsVisible": false,
                      "ShowInLocalTimeZone": false
                    },
                    {
                      "Id": "72660f3c-c543-26b8-7ad0-ccd9d94b3d33",
                      "Name": "Program Type",
                      "IsVisible": false,
                      "ShowInLocalTimeZone": false
                    },
                    {
                      "Id": "991eb5d9-fb6b-bc3a-72fd-a90c34629398",
                      "Name": "Material",
                      "IsVisible": false,
                      "ShowInLocalTimeZone": false
                    }
                  ],
                  "UIPreferenceId": "5529af4d-5bd5-3969-bf94-faa5910b59cb",
                  "UIPreferenceName": "Ranging Store Pivot UIP",
                  "Name": "Planning Item",
                  "DimensionName": "Item"
                },
                {
                  "Id": "0c4d82ca-2fbe-c1e8-f6c5-51ffdcf84efc",
                  "AttributeName": "Sales Planning Channel",
                  "Dimension": "Sales Domain",
                  "Axis": "row",
                  "ShowInfo": {
                    "ShowDetail": true,
                    "ShowPulse": true,
                    "ShowTask": true,
                    "ShowMarketIntelligence": true
                  },
                  "IsVisible": true,
                  "IsAttributeRequired": false,
                  "ShowSubtotal": false,
                  "ShowMemberConditionalFormatting": false,
                  "UOMMember": "",
                  "DisplayName": "",
                  "ShortName": "",
                  "SortBy": "",
                  "JoinWithGraph": false,
                  "JoinGraphName": "",
                  "JoinWithNode": "FROM",
                  "UIPreferenceId": "5529af4d-5bd5-3969-bf94-faa5910b59cb",
                  "UIPreferenceName": "Ranging Store Pivot UIP",
                  "Name": "Sales Planning Channel",
                  "DimensionName": "Sales Domain"
                },
                {
                  "Id": "d00b8ae3-4077-4366-87b7-cf97749f44db",
                  "AttributeName": "Location Country",
                  "Dimension": "Location",
                  "Axis": "row",
                  "ShowInfo": {
                    "ShowDetail": true,
                    "ShowPulse": true,
                    "ShowTask": true,
                    "ShowMarketIntelligence": true
                  },
                  "IsVisible": true,
                  "IsAttributeRequired": false,
                  "ShowSubtotal": false,
                  "ShowMemberConditionalFormatting": false,
                  "UOMMember": "",
                  "DisplayName": "",
                  "ShortName": "",
                  "SortBy": "",
                  "JoinWithGraph": false,
                  "JoinGraphName": "",
                  "JoinWithNode": "FROM",
                  "UIPreferenceId": "5529af4d-5bd5-3969-bf94-faa5910b59cb",
                  "UIPreferenceName": "Ranging Store Pivot UIP",
                  "Name": "Location Country",
                  "DimensionName": "Location"
                },
                {
                  "Id": "1e5a008a-7c3a-4516-a1f6-a8df32bf3be7",
                  "AttributeName": "Cluster",
                  "Dimension": "Cluster",
                  "Axis": "row",
                  "ShowInfo": {
                    "ShowDetail": true,
                    "ShowPulse": true,
                    "ShowTask": true,
                    "ShowMarketIntelligence": true
                  },
                  "IsVisible": true,
                  "IsAttributeRequired": false,
                  "ShowSubtotal": false,
                  "ShowMemberConditionalFormatting": false,
                  "UOMMember": "",
                  "DisplayName": "",
                  "ShortName": "",
                  "SortBy": "",
                  "JoinWithGraph": false,
                  "JoinGraphName": "",
                  "JoinWithNode": "FROM",
                  "UIPreferenceId": "5529af4d-5bd5-3969-bf94-faa5910b59cb",
                  "UIPreferenceName": "Ranging Store Pivot UIP",
                  "Name": "Cluster",
                  "DimensionName": "Cluster"
                },
                {
                  "Id": "9c3b45ac-e578-4b7d-8bba-9b631bdb0b79",
                  "AttributeName": "Location",
                  "Dimension": "Location",
                  "Axis": "row",
                  "ShowInfo": {
                    "ShowDetail": true,
                    "ShowPulse": true,
                    "ShowTask": true,
                    "ShowMarketIntelligence": true
                  },
                  "IsVisible": true,
                  "IsAttributeRequired": false,
                  "ShowSubtotal": false,
                  "ShowMemberConditionalFormatting": false,
                  "UOMMember": "",
                  "DisplayName": "",
                  "ShortName": "",
                  "SortBy": "",
                  "JoinWithGraph": false,
                  "JoinGraphName": "",
                  "JoinWithNode": "FROM",
                  "UIPreferenceId": "5529af4d-5bd5-3969-bf94-faa5910b59cb",
                  "UIPreferenceName": "Ranging Store Pivot UIP",
                  "Name": "Location",
                  "DimensionName": "Location"
                },
                {
                  "Id": "56b72eb0-2d21-d392-f36d-296d4e622245",
                  "AttributeName": "Selling Season",
                  "Dimension": "Selling Season",
                  "Axis": "row",
                  "ShowInfo": {
                    "ShowDetail": true,
                    "ShowPulse": true,
                    "ShowTask": true,
                    "ShowMarketIntelligence": true
                  },
                  "IsVisible": true,
                  "IsAttributeRequired": false,
                  "ShowSubtotal": false,
                  "ShowMemberConditionalFormatting": false,
                  "UOMMember": "",
                  "DisplayName": "",
                  "ShortName": "",
                  "SortBy": "",
                  "JoinWithGraph": false,
                  "JoinGraphName": "",
                  "JoinWithNode": "FROM",
                  "UIPreferenceId": "5529af4d-5bd5-3969-bf94-faa5910b59cb",
                  "UIPreferenceName": "Ranging Store Pivot UIP",
                  "Name": "Selling Season",
                  "DimensionName": "Selling Season"
                }
              ]
            }
          },
          "Axis": "row",
          "ShowInfo": {
            "ShowDetail": true,
            "ShowPulse": true,
            "ShowTask": true,
            "ShowMarketIntelligence": true
          },
          "IsVisible": true,
          "IsAttributeRequired": false,
          "ShowSubtotal": false,
          "ShowMemberConditionalFormatting": false,
          "UOMMember": null,
          "DisplayName": "",
          "ShortName": "",
          "SortBy": "",
          "JoinWithGraph": false,
          "JoinGraphName": null,
          "JoinWithNode": "FROM"
        },
        {
          "Id": "d1dcfe34-3e6a-11d0-8cbf-5bd49410c06a",
          "AttributeName": "LA6",
          "Dimension": "Location",
          "Axis": "row",
          "ShowInfo": {
            "ShowDetail": true,
            "ShowPulse": true,
            "ShowTask": true,
            "ShowMarketIntelligence": true
          },
          "IsVisible": true,
          "IsAttributeRequired": false,
          "ShowSubtotal": false,
          "ShowMemberConditionalFormatting": false,
          "UOMMember": null,
          "DisplayName": "Location Classification",
          "ShortName": "",
          "SortBy": "",
          "JoinWithGraph": false,
          "JoinGraphName": null,
          "JoinWithNode": "FROM"
        },
        {
          "Id": "11bbc13f-6c9d-96fc-e28c-139f73840815",
          "AttributeName": "LA7",
          "Dimension": "Location",
          "Axis": "row",
          "ShowInfo": {
            "ShowDetail": true,
            "ShowPulse": true,
            "ShowTask": true,
            "ShowMarketIntelligence": true
          },
          "IsVisible": true,
          "IsAttributeRequired": false,
          "ShowSubtotal": false,
          "ShowMemberConditionalFormatting": false,
          "UOMMember": null,
          "DisplayName": "Location Climate",
          "ShortName": "",
          "SortBy": "",
          "JoinWithGraph": false,
          "JoinGraphName": null,
          "JoinWithNode": "FROM"
        },
        {
          "Id": "bee1a2cb-87e0-2e6d-3207-0d337277a239",
          "AttributeName": "LA8",
          "Dimension": "Location",
          "Axis": "row",
          "ShowInfo": {
            "ShowDetail": true,
            "ShowPulse": true,
            "ShowTask": true,
            "ShowMarketIntelligence": true
          },
          "IsVisible": true,
          "IsAttributeRequired": false,
          "ShowSubtotal": false,
          "ShowMemberConditionalFormatting": false,
          "UOMMember": null,
          "DisplayName": "Location Space",
          "ShortName": "",
          "SortBy": "",
          "JoinWithGraph": false,
          "JoinGraphName": null,
          "JoinWithNode": "FROM"
        },
        {
          "Id": "ab39e4d8-f7c6-4793-b289-575018eb98be",
          "AttributeName": "Measure",
          "Dimension": "Measure",
          "Axis": "column",
          "ShowInfo": {
            "ShowDetail": true,
            "ShowPulse": true,
            "ShowTask": true,
            "ShowMarketIntelligence": true
          },
          "IsVisible": true,
          "IsAttributeRequired": false,
          "ShowSubtotal": false,
          "ShowMemberConditionalFormatting": false,
          "SortBy": "",
          "JoinWithGraph": false,
          "DisplayName": "",
          "ShortName": "",
          "UOMMember": ""
        }
      ],
      "FilterGroups": [
        {
          "GroupName": "Version Name",
          "HierarchyId": "",
          "Id": "e9797bcf-d554-43b3-ba00-260de904bc22",
          "Attributes": [
            "211b33d5-d91f-40ec-9668-20e0da2ae7b3"
          ]
        },
        {
          "GroupName": "Selling Season",
          "HierarchyId": "",
          "Id": "a5e2dd93-92cf-42df-aba0-73ce3e192dd1",
          "Attributes": [
            "56b72eb0-2d21-d392-f36d-296d4e622245"
          ]
        },
        {
          "GroupName": "L3",
          "HierarchyId": "3a9dfac3-b140-44c3-93b2-35103814b24d",
          "Id": "fa1c6c9e-ce33-482e-bfa2-e05819230d61",
          "Attributes": [
            "c8215069-c134-49e6-a1de-5f681eb07b83"
          ]
        },
        {
          "GroupName": "Location Country",
          "HierarchyId": "1f68f135-2c92-4f44-8722-a8a3e921eb8e",
          "Id": "e22cdb20-b948-4f57-8a07-966ad4f4dafb",
          "Attributes": [
            "d00b8ae3-4077-4366-87b7-cf97749f44db"
          ]
        },
        {
          "GroupName": "Sales Planning Channel",
          "HierarchyId": "8b997c33-e641-8ddd-be78-021f7472f22f",
          "Id": "cb60df49-9e18-4e9c-b8af-61bf0cb9890a",
          "Attributes": [
            "0c4d82ca-2fbe-c1e8-f6c5-51ffdcf84efc"
          ]
        },
        {
          "GroupName": "Cluster",
          "HierarchyId": "",
          "Id": "a53ed1aa-0dbf-4dfb-91a7-7b663d5a336c",
          "Attributes": [
            "1e5a008a-7c3a-4516-a1f6-a8df32bf3be7"
          ]
        }
      ],
      "MeasureCollections": [
        {
          "Title": "Assorted",
          "ShowTitle": true,
          "ShowVerticalBorders": true,
          "Id": "ee2fae39-43b1-47b3-a84d-ef1d082e6ae6",
          "IsGroup": true,
          "ChildMeasureCollections": [],
          "Measures": [
            {
              "Name": "Assorted SC L Final",
              "Id": "92215126-d651-2db0-3f42-dba4db3d6bdf",
              "IsVisible": true,
              "IsEditable": false,
              "IsMultiFileUpload": false,
              "ShowInLocalTimeZone": false,
              "RenderType": "Value",
              "Alignment": "MiddleRight",
              "FormatString": "",
              "ColumnWidth": 0,
              "Sort": "",
              "UseExcelAggregation": false,
              "MeasureFormatting": [
                {
                  "BGCOLOR": "",
                  "FGCOLOR": "",
                  "ApplyForData": false,
                  "ApplyForHeader": false
                }
              ],
              "TimeHorizon": "",
              "ShowInfo": {
                "ShowDetail": true,
                "ShowPulse": true,
                "ShowTask": true,
                "ShowMarketIntelligence": true
              },
              "ChildMeasureCollections": null,
              "IsMultiDimensionProperty": false
            },
            {
              "Name": "Assorted SC L AP",
              "Id": "b5960623-e317-9bcc-967a-1f9647aff427",
              "IsVisible": true,
              "IsEditable": false,
              "IsMultiFileUpload": false,
              "ShowInLocalTimeZone": false,
              "RenderType": "Value",
              "Alignment": "MiddleRight",
              "FormatString": "",
              "ColumnWidth": 0,
              "Sort": "",
              "UseExcelAggregation": false,
              "MeasureFormatting": [
                {
                  "BGCOLOR": "",
                  "FGCOLOR": "",
                  "ApplyForData": false,
                  "ApplyForHeader": false
                }
              ],
              "TimeHorizon": "",
              "ShowInfo": {
                "ShowDetail": true,
                "ShowPulse": true,
                "ShowTask": true,
                "ShowMarketIntelligence": true
              },
              "ChildMeasureCollections": null,
              "IsMultiDimensionProperty": false
            }
          ]
        },
        {
          "Title": "Start Week",
          "ShowTitle": true,
          "ShowVerticalBorders": true,
          "Id": "b13bd344-7e6b-46a0-b8d9-f4abe9a68fdb",
          "IsGroup": true,
          "ChildMeasureCollections": [],
          "Measures": [
            {
              "Name": "Start Week SC L",
              "Id": "c1df2618-4b71-4ee0-897c-5e184eca59dd",
              "IsVisible": true,
              "IsEditable": false,
              "IsMultiFileUpload": false,
              "ShowInLocalTimeZone": false,
              "RenderType": "Value",
              "Alignment": "MiddleRight",
              "FormatString": "",
              "ColumnWidth": 0,
              "Sort": "",
              "UseExcelAggregation": false,
              "MeasureFormatting": [
                {
                  "BGCOLOR": "",
                  "FGCOLOR": "",
                  "ApplyForData": false,
                  "ApplyForHeader": false
                }
              ],
              "TimeHorizon": "",
              "ShowInfo": {
                "ShowDetail": true,
                "ShowPulse": true,
                "ShowTask": true,
                "ShowMarketIntelligence": true
              },
              "ChildMeasureCollections": null,
              "IsMultiDimensionProperty": false
            },
            {
              "Name": "Start Week SC L AP",
              "Id": "305b2217-8d86-fcf5-274d-c184be83d4f7",
              "IsVisible": true,
              "IsEditable": false,
              "IsMultiFileUpload": false,
              "ShowInLocalTimeZone": false,
              "RenderType": "Value",
              "Alignment": "MiddleRight",
              "FormatString": "",
              "ColumnWidth": 0,
              "Sort": "",
              "UseExcelAggregation": false,
              "MeasureFormatting": [
                {
                  "BGCOLOR": "",
                  "FGCOLOR": "",
                  "ApplyForData": false,
                  "ApplyForHeader": false
                }
              ],
              "TimeHorizon": "",
              "ShowInfo": {
                "ShowDetail": true,
                "ShowPulse": true,
                "ShowTask": true,
                "ShowMarketIntelligence": true
              },
              "ChildMeasureCollections": null,
              "IsMultiDimensionProperty": false
            }
          ]
        },
        {
          "Title": "End Week",
          "ShowTitle": true,
          "ShowVerticalBorders": true,
          "Id": "d36f2ebd-6d64-4ab6-8fd2-8337082e71da",
          "IsGroup": true,
          "ChildMeasureCollections": [],
          "Measures": [
            {
              "Name": "End Week SC L",
              "Id": "aad87599-4cf1-4109-b040-ec51523eea1a",
              "IsVisible": true,
              "IsEditable": false,
              "IsMultiFileUpload": false,
              "ShowInLocalTimeZone": false,
              "RenderType": "Value",
              "Alignment": "MiddleRight",
              "FormatString": "",
              "ColumnWidth": 0,
              "Sort": "",
              "UseExcelAggregation": false,
              "MeasureFormatting": [
                {
                  "BGCOLOR": "",
                  "FGCOLOR": "",
                  "ApplyForData": false,
                  "ApplyForHeader": false
                }
              ],
              "TimeHorizon": "",
              "ShowInfo": {
                "ShowDetail": true,
                "ShowPulse": true,
                "ShowTask": true,
                "ShowMarketIntelligence": true
              },
              "ChildMeasureCollections": null,
              "IsMultiDimensionProperty": false
            },
            {
              "Name": "End Week SC L AP",
              "Id": "7bd3e67e-2d01-9698-ae18-85fd2693e383",
              "IsVisible": true,
              "IsEditable": false,
              "IsMultiFileUpload": false,
              "ShowInLocalTimeZone": false,
              "RenderType": "Value",
              "Alignment": "MiddleRight",
              "FormatString": "",
              "ColumnWidth": 0,
              "Sort": "",
              "UseExcelAggregation": false,
              "MeasureFormatting": [
                {
                  "BGCOLOR": "",
                  "FGCOLOR": "",
                  "ApplyForData": false,
                  "ApplyForHeader": false
                }
              ],
              "TimeHorizon": "",
              "ShowInfo": {
                "ShowDetail": true,
                "ShowPulse": true,
                "ShowTask": true,
                "ShowMarketIntelligence": true
              },
              "ChildMeasureCollections": null,
              "IsMultiDimensionProperty": false
            }
          ]
        },
        {
          "Title": "Rate of Sale",
          "ShowTitle": true,
          "ShowVerticalBorders": true,
          "Id": "d49222a1-71c9-425d-be10-de6603667485",
          "IsGroup": true,
          "ChildMeasureCollections": [],
          "Measures": [
            {
              "Name": "ROS SC C Final",
              "Id": "559c5ce9-11a2-154f-732a-4bed5f0422bb",
              "IsVisible": true,
              "IsEditable": false,
              "IsMultiFileUpload": false,
              "ShowInLocalTimeZone": false,
              "RenderType": "Value",
              "Alignment": "MiddleRight",
              "FormatString": "",
              "ColumnWidth": 0,
              "Sort": "",
              "UseExcelAggregation": false,
              "MeasureFormatting": [
                {
                  "BGCOLOR": "",
                  "FGCOLOR": "",
                  "ApplyForData": false,
                  "ApplyForHeader": false
                }
              ],
              "TimeHorizon": "",
              "ShowInfo": {
                "ShowDetail": true,
                "ShowPulse": true,
                "ShowTask": true,
                "ShowMarketIntelligence": true
              },
              "ChildMeasureCollections": null,
              "IsMultiDimensionProperty": false
            },
            {
              "Name": "ROS SC C AP",
              "Id": "d53abc0c-6245-4d54-37b8-5524655c9f99",
              "IsVisible": true,
              "IsEditable": false,
              "IsMultiFileUpload": false,
              "ShowInLocalTimeZone": false,
              "RenderType": "Value",
              "Alignment": "MiddleRight",
              "FormatString": "",
              "ColumnWidth": 0,
              "Sort": "",
              "UseExcelAggregation": false,
              "MeasureFormatting": [
                {
                  "BGCOLOR": "",
                  "FGCOLOR": "",
                  "ApplyForData": false,
                  "ApplyForHeader": false
                }
              ],
              "TimeHorizon": "",
              "ShowInfo": {
                "ShowDetail": true,
                "ShowPulse": true,
                "ShowTask": true,
                "ShowMarketIntelligence": true
              },
              "ChildMeasureCollections": null,
              "IsMultiDimensionProperty": false
            }
          ]
        },
        {
          "Title": "Average Selling Price",
          "ShowTitle": true,
          "ShowVerticalBorders": true,
          "Id": "fe0cb5de-d69b-4cfb-8bc6-02d88a478c60",
          "IsGroup": true,
          "ChildMeasureCollections": [],
          "Measures": [
            {
              "Name": "ASP SC L Final",
              "Id": "bacde81c-d207-7987-d93a-8311a016bb6a",
              "IsVisible": true,
              "IsEditable": false,
              "IsMultiFileUpload": false,
              "ShowInLocalTimeZone": false,
              "RenderType": "Value",
              "Alignment": "MiddleRight",
              "FormatString": "",
              "ColumnWidth": 0,
              "Sort": "",
              "UseExcelAggregation": false,
              "MeasureFormatting": [
                {
                  "BGCOLOR": "",
                  "FGCOLOR": "",
                  "ApplyForData": false,
                  "ApplyForHeader": false
                }
              ],
              "TimeHorizon": "",
              "ShowInfo": {
                "ShowDetail": true,
                "ShowPulse": true,
                "ShowTask": true,
                "ShowMarketIntelligence": true
              },
              "ChildMeasureCollections": null,
              "IsMultiDimensionProperty": false
            },
            {
              "Name": "ASP SC L AP",
              "Id": "07e965c6-bd0b-6c4c-b317-d2213237065f",
              "IsVisible": true,
              "IsEditable": false,
              "IsMultiFileUpload": false,
              "ShowInLocalTimeZone": false,
              "RenderType": "Value",
              "Alignment": "MiddleRight",
              "FormatString": "",
              "ColumnWidth": 0,
              "Sort": "",
              "UseExcelAggregation": false,
              "MeasureFormatting": [
                {
                  "BGCOLOR": "",
                  "FGCOLOR": "",
                  "ApplyForData": false,
                  "ApplyForHeader": false
                }
              ],
              "TimeHorizon": "",
              "ShowInfo": {
                "ShowDetail": true,
                "ShowPulse": true,
                "ShowTask": true,
                "ShowMarketIntelligence": true
              },
              "ChildMeasureCollections": null,
              "IsMultiDimensionProperty": false
            }
          ]
        },
        {
          "Title": "Sell Through %",
          "ShowTitle": true,
          "ShowVerticalBorders": true,
          "Id": "a2c099f2-b8f4-48ee-a52a-6629ccc7bb5b",
          "IsGroup": true,
          "ChildMeasureCollections": [],
          "Measures": [
            {
              "Name": "Sell Through % SC L Final",
              "Id": "12fdefef-2da9-d0b7-e64f-e9f71a5223ec",
              "IsVisible": true,
              "IsEditable": false,
              "IsMultiFileUpload": false,
              "ShowInLocalTimeZone": false,
              "RenderType": "Value",
              "Alignment": "MiddleRight",
              "FormatString": "",
              "ColumnWidth": 0,
              "Sort": "",
              "UseExcelAggregation": false,
              "MeasureFormatting": [
                {
                  "BGCOLOR": "",
                  "FGCOLOR": "",
                  "ApplyForData": false,
                  "ApplyForHeader": false
                }
              ],
              "TimeHorizon": "",
              "ShowInfo": {
                "ShowDetail": true,
                "ShowPulse": true,
                "ShowTask": true,
                "ShowMarketIntelligence": true
              },
              "ChildMeasureCollections": null,
              "IsMultiDimensionProperty": false
            },
            {
              "Name": "Sell Through % SC L AP",
              "Id": "5ddd6729-b0f8-cb3c-d38f-bd4d75fd2e2c",
              "IsVisible": true,
              "IsEditable": false,
              "IsMultiFileUpload": false,
              "ShowInLocalTimeZone": false,
              "RenderType": "Value",
              "Alignment": "MiddleRight",
              "FormatString": "",
              "ColumnWidth": 0,
              "Sort": "",
              "UseExcelAggregation": false,
              "MeasureFormatting": [
                {
                  "BGCOLOR": "",
                  "FGCOLOR": "",
                  "ApplyForData": false,
                  "ApplyForHeader": false
                }
              ],
              "TimeHorizon": "",
              "ShowInfo": {
                "ShowDetail": true,
                "ShowPulse": true,
                "ShowTask": true,
                "ShowMarketIntelligence": true
              },
              "ChildMeasureCollections": null,
              "IsMultiDimensionProperty": false
            }
          ]
        },
        {
          "Title": "Weeks of Supply",
          "ShowTitle": true,
          "ShowVerticalBorders": true,
          "Id": "c41b7f5e-183e-4872-9371-c3bb106b90b2",
          "IsGroup": true,
          "ChildMeasureCollections": [],
          "Measures": [
            {
              "Name": "WOS SC L Final",
              "Id": "4509c5a9-6336-b571-6887-dacb8d3189f9",
              "IsVisible": true,
              "IsEditable": false,
              "IsMultiFileUpload": false,
              "ShowInLocalTimeZone": false,
              "RenderType": "Value",
              "Alignment": "MiddleRight",
              "FormatString": "",
              "ColumnWidth": 0,
              "Sort": "",
              "UseExcelAggregation": false,
              "MeasureFormatting": [
                {
                  "BGCOLOR": "",
                  "FGCOLOR": "",
                  "ApplyForData": false,
                  "ApplyForHeader": false
                }
              ],
              "TimeHorizon": "",
              "ShowInfo": {
                "ShowDetail": true,
                "ShowPulse": true,
                "ShowTask": true,
                "ShowMarketIntelligence": true
              },
              "ChildMeasureCollections": null,
              "IsMultiDimensionProperty": false
            },
            {
              "Name": "WOS SC L AP",
              "Id": "63ce99de-2e50-bbeb-28e9-28985fc96d5f",
              "IsVisible": true,
              "IsEditable": false,
              "IsMultiFileUpload": false,
              "ShowInLocalTimeZone": false,
              "RenderType": "Value",
              "Alignment": "MiddleRight",
              "FormatString": "",
              "ColumnWidth": 0,
              "Sort": "",
              "UseExcelAggregation": false,
              "MeasureFormatting": [
                {
                  "BGCOLOR": "",
                  "FGCOLOR": "",
                  "ApplyForData": false,
                  "ApplyForHeader": false
                }
              ],
              "TimeHorizon": "",
              "ShowInfo": {
                "ShowDetail": true,
                "ShowPulse": true,
                "ShowTask": true,
                "ShowMarketIntelligence": true
              },
              "ChildMeasureCollections": null,
              "IsMultiDimensionProperty": false
            }
          ]
        },
        {
          "Title": "Size Range",
          "ShowTitle": true,
          "ShowVerticalBorders": true,
          "Id": "c223fe89-0aa9-45df-b7de-a036c3794a7b",
          "IsGroup": true,
          "ChildMeasureCollections": [],
          "Measures": [
            {
              "Name": "Size Range Association SC L Final",
              "Id": "b204358c-1d82-518e-8365-4ae4124d5e55",
              "IsVisible": true,
              "IsEditable": false,
              "IsMultiFileUpload": false,
              "ShowInLocalTimeZone": false,
              "RenderType": "Value",
              "Alignment": "MiddleRight",
              "FormatString": "",
              "ColumnWidth": 0,
              "Sort": "",
              "UseExcelAggregation": false,
              "MeasureFormatting": [
                {
                  "BGCOLOR": "",
                  "FGCOLOR": "",
                  "ApplyForData": false,
                  "ApplyForHeader": false
                }
              ],
              "TimeHorizon": "",
              "ShowInfo": {
                "ShowDetail": true,
                "ShowPulse": true,
                "ShowTask": true,
                "ShowMarketIntelligence": true
              },
              "ChildMeasureCollections": null,
              "IsMultiDimensionProperty": false
            },
            {
              "Name": "Size Range Association SC L AP",
              "Id": "1835ede1-438e-12a0-0f0c-ffdf71340463",
              "IsVisible": true,
              "IsEditable": false,
              "IsMultiFileUpload": false,
              "ShowInLocalTimeZone": false,
              "RenderType": "Value",
              "Alignment": "MiddleRight",
              "FormatString": "",
              "ColumnWidth": 0,
              "Sort": "",
              "UseExcelAggregation": false,
              "MeasureFormatting": [
                {
                  "BGCOLOR": "",
                  "FGCOLOR": "",
                  "ApplyForData": false,
                  "ApplyForHeader": false
                }
              ],
              "TimeHorizon": "",
              "ShowInfo": {
                "ShowDetail": true,
                "ShowPulse": true,
                "ShowTask": true,
                "ShowMarketIntelligence": true
              },
              "ChildMeasureCollections": null,
              "IsMultiDimensionProperty": false
            }
          ]
        },
        {
          "Title": "Presentation Stock",
          "ShowTitle": true,
          "ShowVerticalBorders": true,
          "Id": "d304210e-71fb-4bbc-985a-fe6428dcd7fd",
          "IsGroup": true,
          "ChildMeasureCollections": [],
          "Measures": [
            {
              "Name": "Display Stock SC L Final",
              "Id": "1107a83f-30a1-ce52-84a1-6526b04a763f",
              "IsVisible": true,
              "IsEditable": false,
              "IsMultiFileUpload": false,
              "ShowInLocalTimeZone": false,
              "RenderType": "Value",
              "Alignment": "MiddleRight",
              "FormatString": "",
              "ColumnWidth": 0,
              "Sort": "",
              "UseExcelAggregation": false,
              "MeasureFormatting": [
                {
                  "BGCOLOR": "",
                  "FGCOLOR": "",
                  "ApplyForData": false,
                  "ApplyForHeader": false
                }
              ],
              "TimeHorizon": "",
              "ShowInfo": {
                "ShowDetail": true,
                "ShowPulse": true,
                "ShowTask": true,
                "ShowMarketIntelligence": true
              },
              "ChildMeasureCollections": null,
              "IsMultiDimensionProperty": false
            },
            {
              "Name": "Display Stock SC L AP",
              "Id": "ade9ef81-f0fd-cd8c-542c-0f3a326df06c",
              "IsVisible": true,
              "IsEditable": false,
              "IsMultiFileUpload": false,
              "ShowInLocalTimeZone": false,
              "RenderType": "Value",
              "Alignment": "MiddleRight",
              "FormatString": "",
              "ColumnWidth": 0,
              "Sort": "",
              "UseExcelAggregation": false,
              "MeasureFormatting": [
                {
                  "BGCOLOR": "",
                  "FGCOLOR": "",
                  "ApplyForData": false,
                  "ApplyForHeader": false
                }
              ],
              "TimeHorizon": "",
              "ShowInfo": {
                "ShowDetail": true,
                "ShowPulse": true,
                "ShowTask": true,
                "ShowMarketIntelligence": true
              },
              "ChildMeasureCollections": null,
              "IsMultiDimensionProperty": false
            }
          ]
        }
      ],
      "MeasureCollections2": [],
      "AlwaysOnMeasureCollections": [],
      "MeasureSet": [
        {
          "Name": "Final",
          "DisplayName": "FL",
          "Measures": [
            {
              "MeasureId": "92215126-d651-2db0-3f42-dba4db3d6bdf",
              "MeasureName": "Assorted SC L Final"
            },
            {
              "MeasureId": "c1df2618-4b71-4ee0-897c-5e184eca59dd",
              "MeasureName": "Start Week SC L"
            },
            {
              "MeasureId": "aad87599-4cf1-4109-b040-ec51523eea1a",
              "MeasureName": "End Week SC L"
            },
            {
              "MeasureId": "559c5ce9-11a2-154f-732a-4bed5f0422bb",
              "MeasureName": "ROS SC C Final"
            },
            {
              "MeasureId": "bacde81c-d207-7987-d93a-8311a016bb6a",
              "MeasureName": "ASP SC L Final"
            },
            {
              "MeasureId": "12fdefef-2da9-d0b7-e64f-e9f71a5223ec",
              "MeasureName": "Sell Through % SC L Final"
            },
            {
              "MeasureId": "4509c5a9-6336-b571-6887-dacb8d3189f9",
              "MeasureName": "WOS SC L Final"
            },
            {
              "MeasureId": "1107a83f-30a1-ce52-84a1-6526b04a763f",
              "MeasureName": "Display Stock SC L Final"
            },
            {
              "MeasureId": "b204358c-1d82-518e-8365-4ae4124d5e55",
              "MeasureName": "Size Range Association SC L Final"
            }
          ]
        },
        {
          "Name": "Approved",
          "DisplayName": "AP",
          "Measures": [
            {
              "MeasureId": "b5960623-e317-9bcc-967a-1f9647aff427",
              "MeasureName": "Assorted SC L AP"
            },
            {
              "MeasureId": "305b2217-8d86-fcf5-274d-c184be83d4f7",
              "MeasureName": "Start Week SC L AP"
            },
            {
              "MeasureId": "7bd3e67e-2d01-9698-ae18-85fd2693e383",
              "MeasureName": "End Week SC L AP"
            },
            {
              "MeasureId": "d53abc0c-6245-4d54-37b8-5524655c9f99",
              "MeasureName": "ROS SC C AP"
            },
            {
              "MeasureId": "07e965c6-bd0b-6c4c-b317-d2213237065f",
              "MeasureName": "ASP SC L AP"
            },
            {
              "MeasureId": "5ddd6729-b0f8-cb3c-d38f-bd4d75fd2e2c",
              "MeasureName": "Sell Through % SC L AP"
            },
            {
              "MeasureId": "63ce99de-2e50-bbeb-28e9-28985fc96d5f",
              "MeasureName": "WOS SC L AP"
            },
            {
              "MeasureId": "ade9ef81-f0fd-cd8c-542c-0f3a326df06c",
              "MeasureName": "Display Stock SC L AP"
            },
            {
              "MeasureId": "1835ede1-438e-12a0-0f0c-ffdf71340463",
              "MeasureName": "Size Range Association SC L AP"
            }
          ]
        }
      ],
      "GraphRelations": [],
      "Folders": []
    }
  },
  "WidgetKeywordTags": [],
  "DimensionAttributeUsages": [],
  "WidgetModel": {
    "WidgetModelId": "55f57f80-ca03-49b2-be81-e11916253070",
    "ConfigJson": {
      "LevelAttributes": [
        {
          "Id": "211b33d5-d91f-40ec-9668-20e0da2ae7b3",
          "AttributeName": "Version Name",
          "Dimension": "Version",
          "DimensionId": 3975253,
          "IsFilter": true,
          "Axis": "none",
          "IsDefault": true,
          "AllSelection": false,
          "SelectedMembers": [
            {
              "Name": "CurrentWorkingView"
            }
          ],
          "Name": "Version Name",
          "DimensionName": "Version",
          "OverrideFavSelection": false,
          "IsSingleSelect": true,
          "MemberFilterExpression": "&CWVAndScenarios",
          "DefaultValueExpression": "",
          "WorksheetLevelFilter": false,
          "HideDummyMembers": false,
          "SortBy": "",
          "SortOrder": "",
          "IsNarrowYourSelection": false,
          "Position": 120
        },
        {
          "Id": "3014509c-b842-1dc3-9249-1ab16ccbb342",
          "AttributeName": "Ranging Store Pivot UIPF",
          "Dimension": "UIPreference",
          "IsFilter": true,
          "Axis": "none",
          "IsDefault": true,
          "AllSelection": false,
          "SelectedMembers": [],
          "Name": "Ranging Store Pivot UIPF",
          "DimensionName": "UIPreference",
          "ConfigJson": {
            "ModelDefinition": {
              "LevelAttributes": [
                {
                  "Id": "56b72eb0-2d21-d392-f36d-296d4e622245",
                  "AttributeName": "Selling Season",
                  "Dimension": "Selling Season",
                  "DimensionId": 2053392,
                  "IsFilter": true,
                  "Axis": "none",
                  "IsDefault": true,
                  "AllSelection": false,
                  "SelectedMembers": [
                    {
                      "Name": "SU22"
                    }
                  ],
                  "Name": "Selling Season",
                  "DimensionName": "Selling Season",
                  "OverrideFavSelection": false,
                  "CurrencyFilter": false,
                  "IsSingleSelect": true,
                  "MemberFilterExpression": "&APCurrentAndFutureSeasons",
                  "DefaultValueExpression": "",
                  "WorksheetLevelFilter": false,
                  "SortBy": "Key",
                  "SortOrder": "Ascending",
                  "IsNarrowYourSelection": false,
                  "Position": -550,
                  "UIPreferenceId": "3014509c-b842-1dc3-9249-1ab16ccbb342",
                  "UIPreferenceName": "Ranging Store Pivot UIPF",
                  "IsAnchorAttribute": false,
                  "IsMemberSpecificAttribute": false,
                  "IsUIPrefAttr": true,
                  "GivenName": "Selling Season",
                  "PresentationName": "Selling Season",
                  "IsKey": true
                },
                {
                  "Id": "1e5a008a-7c3a-4516-a1f6-a8df32bf3be7",
                  "AttributeName": "Cluster",
                  "Dimension": "Cluster",
                  "DimensionId": 2053313,
                  "IsFilter": true,
                  "Axis": "none",
                  "IsDefault": true,
                  "AllSelection": true,
                  "SelectedMembers": [],
                  "Name": "Cluster",
                  "DimensionName": "Cluster",
                  "OverrideFavSelection": false,
                  "CurrencyFilter": false,
                  "IsSingleSelect": false,
                  "MemberFilterExpression": "&APClusters",
                  "DefaultValueExpression": "",
                  "WorksheetLevelFilter": false,
                  "SortBy": "",
                  "SortOrder": "",
                  "IsNarrowYourSelection": false,
                  "Position": -50,
                  "UIPreferenceId": "3014509c-b842-1dc3-9249-1ab16ccbb342",
                  "UIPreferenceName": "Ranging Store Pivot UIPF",
                  "IsAnchorAttribute": false,
                  "IsMemberSpecificAttribute": false,
                  "IsUIPrefAttr": true,
                  "GivenName": "Cluster",
                  "PresentationName": "Cluster",
                  "IsKey": true
                },
                {
                  "Id": "c8215069-c134-49e6-a1de-5f681eb07b83",
                  "AttributeName": "L3",
                  "Dimension": "Item",
                  "DimensionId": 2053332,
                  "IsFilter": true,
                  "Axis": "none",
                  "IsDefault": true,
                  "AllSelection": true,
                  "SelectedMembers": [],
                  "Name": "L3",
                  "DimensionName": "Item",
                  "AliasName": "Class",
                  "AliasId": "f152462b-941f-7e6e-d0fe-ecd1c812239c",
                  "AliasType": "AttributeAlias",
                  "OverrideFavSelection": false,
                  "CurrencyFilter": false,
                  "IsSingleSelect": false,
                  "MemberFilterExpression": "&APClasses",
                  "DefaultValueExpression": "",
                  "WorksheetLevelFilter": false,
                  "SortBy": "Name",
                  "SortOrder": "Ascending",
                  "IsNarrowYourSelection": false,
                  "Position": 50,
                  "UIPreferenceId": "3014509c-b842-1dc3-9249-1ab16ccbb342",
                  "UIPreferenceName": "Ranging Store Pivot UIPF",
                  "IsAnchorAttribute": false,
                  "IsMemberSpecificAttribute": false,
                  "IsUIPrefAttr": true,
                  "GivenName": "L3",
                  "PresentationName": "L3",
                  "IsKey": false
                },
                {
                  "Id": "0c4d82ca-2fbe-c1e8-f6c5-51ffdcf84efc",
                  "AttributeName": "Sales Planning Channel",
                  "Dimension": "Sales Domain",
                  "DimensionId": 2053329,
                  "IsFilter": true,
                  "Axis": "none",
                  "IsDefault": true,
                  "AllSelection": true,
                  "SelectedMembers": [],
                  "Name": "Sales Planning Channel",
                  "DimensionName": "Sales Domain",
                  "OverrideFavSelection": false,
                  "CurrencyFilter": false,
                  "IsSingleSelect": false,
                  "MemberFilterExpression": "&APChannels",
                  "DefaultValueExpression": "",
                  "WorksheetLevelFilter": false,
                  "SortBy": "",
                  "SortOrder": "",
                  "IsNarrowYourSelection": false,
                  "Position": 60,
                  "UIPreferenceId": "3014509c-b842-1dc3-9249-1ab16ccbb342",
                  "UIPreferenceName": "Ranging Store Pivot UIPF",
                  "IsAnchorAttribute": false,
                  "IsMemberSpecificAttribute": false,
                  "IsUIPrefAttr": true,
                  "GivenName": "Sales Planning Channel",
                  "PresentationName": "Sales Planning Channel",
                  "IsKey": false
                },
                {
                  "Id": "d00b8ae3-4077-4366-87b7-cf97749f44db",
                  "AttributeName": "Location Country",
                  "Dimension": "Location",
                  "DimensionId": 2053316,
                  "IsFilter": true,
                  "Axis": "none",
                  "IsDefault": true,
                  "AllSelection": true,
                  "SelectedMembers": [],
                  "Name": "Location Country",
                  "DimensionName": "Location",
                  "AliasName": "Country",
                  "AliasId": "47690e8c-bf7f-abdd-8250-0bc27e856388",
                  "AliasType": "AttributeAlias",
                  "OverrideFavSelection": false,
                  "CurrencyFilter": false,
                  "IsSingleSelect": false,
                  "MemberFilterExpression": "&APLocationCountries",
                  "DefaultValueExpression": "",
                  "WorksheetLevelFilter": false,
                  "SortBy": "",
                  "SortOrder": "",
                  "IsNarrowYourSelection": false,
                  "Position": 70,
                  "UIPreferenceId": "3014509c-b842-1dc3-9249-1ab16ccbb342",
                  "UIPreferenceName": "Ranging Store Pivot UIPF",
                  "IsAnchorAttribute": false,
                  "IsMemberSpecificAttribute": false,
                  "IsUIPrefAttr": true,
                  "GivenName": "Location Country",
                  "PresentationName": "Location Country",
                  "IsKey": false
                }
              ],
              "NamedSets": []
            },
            "Presentation": {
              "LevelAttributes": []
            }
          },
          "CurrencyFilter": false,
          "IsSingleSelect": false,
          "MemberFilterExpression": "",
          "DefaultValueExpression": "",
          "OverrideFavSelection": false,
          "WorksheetLevelFilter": false,
          "HideDummyMembers": false,
          "SortBy": "",
          "SortOrder": "",
          "IsNarrowYourSelection": false
        },
        {
          "Id": "5529af4d-5bd5-3969-bf94-faa5910b59cb",
          "AttributeName": "Ranging Store Pivot UIP",
          "Dimension": "UIPreference",
          "IsFilter": false,
          "Axis": "row",
          "IsDefault": true,
          "AllSelection": false,
          "SelectedMembers": [],
          "Name": "Ranging Store Pivot UIP",
          "DimensionName": "UIPreference",
          "ConfigJson": {
            "ModelDefinition": {
              "LevelAttributes": [
                {
                  "Id": "c8215069-c134-49e6-a1de-5f681eb07b83",
                  "AttributeName": "L3",
                  "Dimension": "Item",
                  "EdgeDirection": null,
                  "IsFilter": false,
                  "Axis": "row",
                  "IsDefault": true,
                  "AllSelection": false,
                  "SelectedMembers": [],
                  "Name": "L3",
                  "DimensionName": "Item",
                  "AliasName": "Class",
                  "AliasId": "f152462b-941f-7e6e-d0fe-ecd1c812239c",
                  "AliasType": "AttributeAlias",
                  "IsVisible": true,
                  "IsAttributeRequired": false,
                  "ShowSubtotal": false,
                  "ShowMemberConditionalFormatting": false,
                  "DisplayName": "",
                  "ShortName": "",
                  "SortBy": "",
                  "JoinWithGraph": false,
                  "JoinGraphName": "",
                  "JoinWithNode": "FROM",
                  "UIPreferenceId": "5529af4d-5bd5-3969-bf94-faa5910b59cb",
                  "UIPreferenceName": "Ranging Store Pivot UIP"
                },
                {
                  "Id": "ff7c5eb2-2cb9-4ff9-adf6-13e0b616ebe1",
                  "AttributeName": "L2",
                  "Dimension": "Item",
                  "EdgeDirection": null,
                  "IsFilter": false,
                  "Axis": "row",
                  "IsDefault": true,
                  "AllSelection": false,
                  "SelectedMembers": [],
                  "Name": "L2",
                  "DimensionName": "Item",
                  "AliasName": "Program",
                  "AliasId": "fa3abf71-354f-8a95-f8e3-149a0e63e35e",
                  "AliasType": "AttributeAlias",
                  "IsVisible": false,
                  "IsAttributeRequired": false,
                  "ShowSubtotal": false,
                  "ShowMemberConditionalFormatting": false,
                  "DisplayName": "",
                  "ShortName": "",
                  "SortBy": "",
                  "JoinWithGraph": false,
                  "JoinGraphName": "",
                  "JoinWithNode": "FROM",
                  "UIPreferenceId": "5529af4d-5bd5-3969-bf94-faa5910b59cb",
                  "UIPreferenceName": "Ranging Store Pivot UIP"
                },
                {
                  "Id": "00fc4c14-0ff2-43bd-81c9-3b2abae62201",
                  "AttributeName": "L1",
                  "Dimension": "Item",
                  "EdgeDirection": null,
                  "IsFilter": false,
                  "Axis": "row",
                  "IsDefault": true,
                  "AllSelection": false,
                  "SelectedMembers": [],
                  "Name": "L1",
                  "DimensionName": "Item",
                  "AliasName": "Style",
                  "AliasId": "f9d0b656-a5b8-549b-7af6-c0f632fc70d8",
                  "AliasType": "AttributeAlias",
                  "IsVisible": false,
                  "IsAttributeRequired": false,
                  "ShowSubtotal": false,
                  "ShowMemberConditionalFormatting": false,
                  "DisplayName": "",
                  "ShortName": "",
                  "SortBy": "",
                  "JoinWithGraph": false,
                  "JoinGraphName": "",
                  "JoinWithNode": "FROM",
                  "UIPreferenceId": "5529af4d-5bd5-3969-bf94-faa5910b59cb",
                  "UIPreferenceName": "Ranging Store Pivot UIP"
                },
                {
                  "Id": "304e572f-fe17-4be2-87bb-469f33bee496",
                  "AttributeName": "Planning Item",
                  "Dimension": "Item",
                  "EdgeDirection": null,
                  "IsFilter": false,
                  "Axis": "row",
                  "IsDefault": true,
                  "AllSelection": false,
                  "SelectedMembers": [],
                  "Name": "Planning Item",
                  "DimensionName": "Item",
                  "AliasName": "Style Color",
                  "AliasId": "dd46d259-a55d-adb2-838e-b27dd848d904",
                  "AliasType": "AttributeAlias",
                  "IsVisible": true,
                  "IsAttributeRequired": false,
                  "ShowSubtotal": false,
                  "ShowMemberConditionalFormatting": false,
                  "DisplayName": "",
                  "ShortName": "",
                  "SortBy": "",
                  "JoinWithGraph": false,
                  "JoinGraphName": "",
                  "JoinWithNode": "FROM",
                  "MemberProperties": [
                    {
                      "Id": "6cda709b-8dbe-1224-9a42-d11158cde3dc",
                      "Name": "Price Point",
                      "IsVisible": false,
                      "ShowInLocalTimeZone": false
                    },
                    {
                      "Id": "72660f3c-c543-26b8-7ad0-ccd9d94b3d33",
                      "Name": "Program Type",
                      "IsVisible": false,
                      "ShowInLocalTimeZone": false
                    },
                    {
                      "Id": "991eb5d9-fb6b-bc3a-72fd-a90c34629398",
                      "Name": "Material",
                      "IsVisible": false,
                      "ShowInLocalTimeZone": false
                    }
                  ],
                  "UIPreferenceId": "5529af4d-5bd5-3969-bf94-faa5910b59cb",
                  "UIPreferenceName": "Ranging Store Pivot UIP"
                },
                {
                  "Id": "0c4d82ca-2fbe-c1e8-f6c5-51ffdcf84efc",
                  "AttributeName": "Sales Planning Channel",
                  "Dimension": "Sales Domain",
                  "EdgeDirection": null,
                  "IsFilter": false,
                  "Axis": "row",
                  "IsDefault": true,
                  "AllSelection": false,
                  "SelectedMembers": [],
                  "Name": "Sales Planning Channel",
                  "DimensionName": "Sales Domain",
                  "IsVisible": true,
                  "IsAttributeRequired": false,
                  "ShowSubtotal": false,
                  "ShowMemberConditionalFormatting": false,
                  "DisplayName": "",
                  "ShortName": "",
                  "SortBy": "",
                  "JoinWithGraph": false,
                  "JoinGraphName": "",
                  "JoinWithNode": "FROM",
                  "UIPreferenceId": "5529af4d-5bd5-3969-bf94-faa5910b59cb",
                  "UIPreferenceName": "Ranging Store Pivot UIP"
                },
                {
                  "Id": "d00b8ae3-4077-4366-87b7-cf97749f44db",
                  "AttributeName": "Location Country",
                  "Dimension": "Location",
                  "EdgeDirection": null,
                  "IsFilter": false,
                  "Axis": "row",
                  "IsDefault": true,
                  "AllSelection": false,
                  "SelectedMembers": [],
                  "Name": "Location Country",
                  "DimensionName": "Location",
                  "AliasName": "Country",
                  "AliasId": "47690e8c-bf7f-abdd-8250-0bc27e856388",
                  "AliasType": "AttributeAlias",
                  "IsVisible": true,
                  "IsAttributeRequired": false,
                  "ShowSubtotal": false,
                  "ShowMemberConditionalFormatting": false,
                  "DisplayName": "",
                  "ShortName": "",
                  "SortBy": "",
                  "JoinWithGraph": false,
                  "JoinGraphName": "",
                  "JoinWithNode": "FROM",
                  "UIPreferenceId": "5529af4d-5bd5-3969-bf94-faa5910b59cb",
                  "UIPreferenceName": "Ranging Store Pivot UIP"
                },
                {
                  "Id": "1e5a008a-7c3a-4516-a1f6-a8df32bf3be7",
                  "AttributeName": "Cluster",
                  "Dimension": "Cluster",
                  "EdgeDirection": null,
                  "IsFilter": false,
                  "Axis": "row",
                  "IsDefault": true,
                  "AllSelection": false,
                  "SelectedMembers": [],
                  "Name": "Cluster",
                  "DimensionName": "Cluster",
                  "IsVisible": true,
                  "IsAttributeRequired": false,
                  "ShowSubtotal": false,
                  "ShowMemberConditionalFormatting": false,
                  "DisplayName": "",
                  "ShortName": "",
                  "SortBy": "",
                  "JoinWithGraph": false,
                  "JoinGraphName": "",
                  "JoinWithNode": "FROM",
                  "UIPreferenceId": "5529af4d-5bd5-3969-bf94-faa5910b59cb",
                  "UIPreferenceName": "Ranging Store Pivot UIP"
                },
                {
                  "Id": "9c3b45ac-e578-4b7d-8bba-9b631bdb0b79",
                  "AttributeName": "Location",
                  "Dimension": "Location",
                  "EdgeDirection": null,
                  "IsFilter": false,
                  "Axis": "row",
                  "IsDefault": true,
                  "AllSelection": false,
                  "SelectedMembers": [],
                  "Name": "Location",
                  "DimensionName": "Location",
                  "AliasName": "Store",
                  "AliasId": "01024ab1-1efc-65c9-9428-de653b6a9e83",
                  "AliasType": "AttributeAlias",
                  "IsVisible": true,
                  "IsAttributeRequired": false,
                  "ShowSubtotal": false,
                  "ShowMemberConditionalFormatting": false,
                  "DisplayName": "",
                  "ShortName": "",
                  "SortBy": "",
                  "JoinWithGraph": false,
                  "JoinGraphName": "",
                  "JoinWithNode": "FROM",
                  "UIPreferenceId": "5529af4d-5bd5-3969-bf94-faa5910b59cb",
                  "UIPreferenceName": "Ranging Store Pivot UIP"
                },
                {
                  "Id": "56b72eb0-2d21-d392-f36d-296d4e622245",
                  "AttributeName": "Selling Season",
                  "Dimension": "Selling Season",
                  "EdgeDirection": null,
                  "IsFilter": false,
                  "Axis": "row",
                  "IsDefault": true,
                  "AllSelection": false,
                  "SelectedMembers": [],
                  "Name": "Selling Season",
                  "DimensionName": "Selling Season",
                  "IsVisible": true,
                  "IsAttributeRequired": false,
                  "ShowSubtotal": false,
                  "ShowMemberConditionalFormatting": false,
                  "DisplayName": "",
                  "ShortName": "",
                  "SortBy": "",
                  "JoinWithGraph": false,
                  "JoinGraphName": "",
                  "JoinWithNode": "FROM",
                  "UIPreferenceId": "5529af4d-5bd5-3969-bf94-faa5910b59cb",
                  "UIPreferenceName": "Ranging Store Pivot UIP"
                }
              ],
              "NamedSets": []
            },
            "Presentation": {
              "LevelAttributes": [
                {
                  "Id": "c8215069-c134-49e6-a1de-5f681eb07b83",
                  "AttributeName": "L3",
                  "Dimension": "Item",
                  "Axis": "row",
                  "ShowInfo": {
                    "ShowDetail": true,
                    "ShowPulse": true,
                    "ShowTask": true,
                    "ShowMarketIntelligence": true
                  },
                  "IsVisible": true,
                  "IsAttributeRequired": false,
                  "ShowSubtotal": false,
                  "ShowMemberConditionalFormatting": false,
                  "UOMMember": "",
                  "DisplayName": "",
                  "ShortName": "",
                  "SortBy": "",
                  "JoinWithGraph": false,
                  "JoinGraphName": "",
                  "JoinWithNode": "FROM",
                  "UIPreferenceId": "5529af4d-5bd5-3969-bf94-faa5910b59cb",
                  "UIPreferenceName": "Ranging Store Pivot UIP",
                  "Name": "L3",
                  "DimensionName": "Item"
                },
                {
                  "Id": "ff7c5eb2-2cb9-4ff9-adf6-13e0b616ebe1",
                  "AttributeName": "L2",
                  "Dimension": "Item",
                  "Axis": "row",
                  "ShowInfo": {
                    "ShowDetail": true,
                    "ShowPulse": true,
                    "ShowTask": true,
                    "ShowMarketIntelligence": true
                  },
                  "IsVisible": false,
                  "IsAttributeRequired": false,
                  "ShowSubtotal": false,
                  "ShowMemberConditionalFormatting": false,
                  "UOMMember": "",
                  "DisplayName": "",
                  "ShortName": "",
                  "SortBy": "",
                  "JoinWithGraph": false,
                  "JoinGraphName": "",
                  "JoinWithNode": "FROM",
                  "UIPreferenceId": "5529af4d-5bd5-3969-bf94-faa5910b59cb",
                  "UIPreferenceName": "Ranging Store Pivot UIP",
                  "Name": "L2",
                  "DimensionName": "Item"
                },
                {
                  "Id": "00fc4c14-0ff2-43bd-81c9-3b2abae62201",
                  "AttributeName": "L1",
                  "Dimension": "Item",
                  "Axis": "row",
                  "ShowInfo": {
                    "ShowDetail": true,
                    "ShowPulse": true,
                    "ShowTask": true,
                    "ShowMarketIntelligence": true
                  },
                  "IsVisible": false,
                  "IsAttributeRequired": false,
                  "ShowSubtotal": false,
                  "ShowMemberConditionalFormatting": false,
                  "UOMMember": "",
                  "DisplayName": "",
                  "ShortName": "",
                  "SortBy": "",
                  "JoinWithGraph": false,
                  "JoinGraphName": "",
                  "JoinWithNode": "FROM",
                  "UIPreferenceId": "5529af4d-5bd5-3969-bf94-faa5910b59cb",
                  "UIPreferenceName": "Ranging Store Pivot UIP",
                  "Name": "L1",
                  "DimensionName": "Item"
                },
                {
                  "Id": "304e572f-fe17-4be2-87bb-469f33bee496",
                  "AttributeName": "Planning Item",
                  "Dimension": "Item",
                  "Axis": "row",
                  "ShowInfo": {
                    "ShowDetail": true,
                    "ShowPulse": true,
                    "ShowTask": true,
                    "ShowMarketIntelligence": true
                  },
                  "IsVisible": true,
                  "IsAttributeRequired": false,
                  "ShowSubtotal": false,
                  "ShowMemberConditionalFormatting": false,
                  "UOMMember": "",
                  "DisplayName": "",
                  "ShortName": "",
                  "SortBy": "",
                  "JoinWithGraph": false,
                  "JoinGraphName": "",
                  "JoinWithNode": "FROM",
                  "MemberProperties": [
                    {
                      "Id": "6cda709b-8dbe-1224-9a42-d11158cde3dc",
                      "Name": "Price Point",
                      "IsVisible": false,
                      "ShowInLocalTimeZone": false
                    },
                    {
                      "Id": "72660f3c-c543-26b8-7ad0-ccd9d94b3d33",
                      "Name": "Program Type",
                      "IsVisible": false,
                      "ShowInLocalTimeZone": false
                    },
                    {
                      "Id": "991eb5d9-fb6b-bc3a-72fd-a90c34629398",
                      "Name": "Material",
                      "IsVisible": false,
                      "ShowInLocalTimeZone": false
                    }
                  ],
                  "UIPreferenceId": "5529af4d-5bd5-3969-bf94-faa5910b59cb",
                  "UIPreferenceName": "Ranging Store Pivot UIP",
                  "Name": "Planning Item",
                  "DimensionName": "Item"
                },
                {
                  "Id": "0c4d82ca-2fbe-c1e8-f6c5-51ffdcf84efc",
                  "AttributeName": "Sales Planning Channel",
                  "Dimension": "Sales Domain",
                  "Axis": "row",
                  "ShowInfo": {
                    "ShowDetail": true,
                    "ShowPulse": true,
                    "ShowTask": true,
                    "ShowMarketIntelligence": true
                  },
                  "IsVisible": true,
                  "IsAttributeRequired": false,
                  "ShowSubtotal": false,
                  "ShowMemberConditionalFormatting": false,
                  "UOMMember": "",
                  "DisplayName": "",
                  "ShortName": "",
                  "SortBy": "",
                  "JoinWithGraph": false,
                  "JoinGraphName": "",
                  "JoinWithNode": "FROM",
                  "UIPreferenceId": "5529af4d-5bd5-3969-bf94-faa5910b59cb",
                  "UIPreferenceName": "Ranging Store Pivot UIP",
                  "Name": "Sales Planning Channel",
                  "DimensionName": "Sales Domain"
                },
                {
                  "Id": "d00b8ae3-4077-4366-87b7-cf97749f44db",
                  "AttributeName": "Location Country",
                  "Dimension": "Location",
                  "Axis": "row",
                  "ShowInfo": {
                    "ShowDetail": true,
                    "ShowPulse": true,
                    "ShowTask": true,
                    "ShowMarketIntelligence": true
                  },
                  "IsVisible": true,
                  "IsAttributeRequired": false,
                  "ShowSubtotal": false,
                  "ShowMemberConditionalFormatting": false,
                  "UOMMember": "",
                  "DisplayName": "",
                  "ShortName": "",
                  "SortBy": "",
                  "JoinWithGraph": false,
                  "JoinGraphName": "",
                  "JoinWithNode": "FROM",
                  "UIPreferenceId": "5529af4d-5bd5-3969-bf94-faa5910b59cb",
                  "UIPreferenceName": "Ranging Store Pivot UIP",
                  "Name": "Location Country",
                  "DimensionName": "Location"
                },
                {
                  "Id": "1e5a008a-7c3a-4516-a1f6-a8df32bf3be7",
                  "AttributeName": "Cluster",
                  "Dimension": "Cluster",
                  "Axis": "row",
                  "ShowInfo": {
                    "ShowDetail": true,
                    "ShowPulse": true,
                    "ShowTask": true,
                    "ShowMarketIntelligence": true
                  },
                  "IsVisible": true,
                  "IsAttributeRequired": false,
                  "ShowSubtotal": false,
                  "ShowMemberConditionalFormatting": false,
                  "UOMMember": "",
                  "DisplayName": "",
                  "ShortName": "",
                  "SortBy": "",
                  "JoinWithGraph": false,
                  "JoinGraphName": "",
                  "JoinWithNode": "FROM",
                  "UIPreferenceId": "5529af4d-5bd5-3969-bf94-faa5910b59cb",
                  "UIPreferenceName": "Ranging Store Pivot UIP",
                  "Name": "Cluster",
                  "DimensionName": "Cluster"
                },
                {
                  "Id": "9c3b45ac-e578-4b7d-8bba-9b631bdb0b79",
                  "AttributeName": "Location",
                  "Dimension": "Location",
                  "Axis": "row",
                  "ShowInfo": {
                    "ShowDetail": true,
                    "ShowPulse": true,
                    "ShowTask": true,
                    "ShowMarketIntelligence": true
                  },
                  "IsVisible": true,
                  "IsAttributeRequired": false,
                  "ShowSubtotal": false,
                  "ShowMemberConditionalFormatting": false,
                  "UOMMember": "",
                  "DisplayName": "",
                  "ShortName": "",
                  "SortBy": "",
                  "JoinWithGraph": false,
                  "JoinGraphName": "",
                  "JoinWithNode": "FROM",
                  "UIPreferenceId": "5529af4d-5bd5-3969-bf94-faa5910b59cb",
                  "UIPreferenceName": "Ranging Store Pivot UIP",
                  "Name": "Location",
                  "DimensionName": "Location"
                },
                {
                  "Id": "56b72eb0-2d21-d392-f36d-296d4e622245",
                  "AttributeName": "Selling Season",
                  "Dimension": "Selling Season",
                  "Axis": "row",
                  "ShowInfo": {
                    "ShowDetail": true,
                    "ShowPulse": true,
                    "ShowTask": true,
                    "ShowMarketIntelligence": true
                  },
                  "IsVisible": true,
                  "IsAttributeRequired": false,
                  "ShowSubtotal": false,
                  "ShowMemberConditionalFormatting": false,
                  "UOMMember": "",
                  "DisplayName": "",
                  "ShortName": "",
                  "SortBy": "",
                  "JoinWithGraph": false,
                  "JoinGraphName": "",
                  "JoinWithNode": "FROM",
                  "UIPreferenceId": "5529af4d-5bd5-3969-bf94-faa5910b59cb",
                  "UIPreferenceName": "Ranging Store Pivot UIP",
                  "Name": "Selling Season",
                  "DimensionName": "Selling Season"
                }
              ]
            }
          },
          "IsVisible": true,
          "IsAttributeRequired": false,
          "ShowSubtotal": false,
          "ShowMemberConditionalFormatting": false,
          "DisplayName": "",
          "ShortName": "",
          "SortBy": "",
          "JoinWithGraph": false,
          "JoinGraphName": null,
          "JoinWithNode": "FROM"
        },
        {
          "Id": "d1dcfe34-3e6a-11d0-8cbf-5bd49410c06a",
          "AttributeName": "LA6",
          "Dimension": "Location",
          "EdgeDirection": null,
          "IsFilter": false,
          "Axis": "row",
          "IsDefault": true,
          "AllSelection": false,
          "SelectedMembers": [],
          "Name": "LA6",
          "DimensionName": "Location",
          "IsVisible": true,
          "IsAttributeRequired": false,
          "ShowSubtotal": false,
          "ShowMemberConditionalFormatting": false,
          "DisplayName": "Location Classification",
          "ShortName": "",
          "SortBy": "",
          "JoinWithGraph": false,
          "JoinGraphName": null,
          "JoinWithNode": "FROM"
        },
        {
          "Id": "11bbc13f-6c9d-96fc-e28c-139f73840815",
          "AttributeName": "LA7",
          "Dimension": "Location",
          "EdgeDirection": null,
          "IsFilter": false,
          "Axis": "row",
          "IsDefault": true,
          "AllSelection": false,
          "SelectedMembers": [],
          "Name": "LA7",
          "DimensionName": "Location",
          "IsVisible": true,
          "IsAttributeRequired": false,
          "ShowSubtotal": false,
          "ShowMemberConditionalFormatting": false,
          "DisplayName": "Location Climate",
          "ShortName": "",
          "SortBy": "",
          "JoinWithGraph": false,
          "JoinGraphName": null,
          "JoinWithNode": "FROM"
        },
        {
          "Id": "bee1a2cb-87e0-2e6d-3207-0d337277a239",
          "AttributeName": "LA8",
          "Dimension": "Location",
          "EdgeDirection": null,
          "IsFilter": false,
          "Axis": "row",
          "IsDefault": true,
          "AllSelection": false,
          "SelectedMembers": [],
          "Name": "LA8",
          "DimensionName": "Location",
          "IsVisible": true,
          "IsAttributeRequired": false,
          "ShowSubtotal": false,
          "ShowMemberConditionalFormatting": false,
          "DisplayName": "Location Space",
          "ShortName": "",
          "SortBy": "",
          "JoinWithGraph": false,
          "JoinGraphName": null,
          "JoinWithNode": "FROM"
        },
        {
          "Id": "ab39e4d8-f7c6-4793-b289-575018eb98be",
          "AttributeName": "Measure",
          "Dimension": "Measure",
          "IsFilter": false,
          "Axis": "column",
          "IsDefault": true,
          "AllSelection": false,
          "SelectedMembers": [],
          "Name": "Measure",
          "DimensionName": "Measure",
          "IsVisible": true,
          "IsAttributeRequired": false,
          "ShowSubtotal": false,
          "ShowMemberConditionalFormatting": false,
          "SortBy": "",
          "JoinWithGraph": false,
          "DisplayName": "",
          "ShortName": "",
          "UOMMember": ""
        }
      ],
      "PeggingAttributes": [],
      "FlowPlanAttributes": [],
      "Hierarchies": [],
      "NamedSets": [],
      "RegularMeasures": [
        {
          "Id": "92215126-d651-2db0-3f42-dba4db3d6bdf",
          "Name": "Assorted SC L Final"
        },
        {
          "Id": "b5960623-e317-9bcc-967a-1f9647aff427",
          "Name": "Assorted SC L AP"
        },
        {
          "Id": "c1df2618-4b71-4ee0-897c-5e184eca59dd",
          "Name": "Start Week SC L"
        },
        {
          "Id": "305b2217-8d86-fcf5-274d-c184be83d4f7",
          "Name": "Start Week SC L AP"
        },
        {
          "Id": "aad87599-4cf1-4109-b040-ec51523eea1a",
          "Name": "End Week SC L"
        },
        {
          "Id": "7bd3e67e-2d01-9698-ae18-85fd2693e383",
          "Name": "End Week SC L AP"
        },
        {
          "Id": "559c5ce9-11a2-154f-732a-4bed5f0422bb",
          "Name": "ROS SC C Final"
        },
        {
          "Id": "d53abc0c-6245-4d54-37b8-5524655c9f99",
          "Name": "ROS SC C AP"
        },
        {
          "Id": "bacde81c-d207-7987-d93a-8311a016bb6a",
          "Name": "ASP SC L Final"
        },
        {
          "Id": "07e965c6-bd0b-6c4c-b317-d2213237065f",
          "Name": "ASP SC L AP"
        },
        {
          "Id": "12fdefef-2da9-d0b7-e64f-e9f71a5223ec",
          "Name": "Sell Through % SC L Final"
        },
        {
          "Id": "5ddd6729-b0f8-cb3c-d38f-bd4d75fd2e2c",
          "Name": "Sell Through % SC L AP"
        },
        {
          "Id": "4509c5a9-6336-b571-6887-dacb8d3189f9",
          "Name": "WOS SC L Final"
        },
        {
          "Id": "63ce99de-2e50-bbeb-28e9-28985fc96d5f",
          "Name": "WOS SC L AP"
        },
        {
          "Id": "b204358c-1d82-518e-8365-4ae4124d5e55",
          "Name": "Size Range Association SC L Final"
        },
        {
          "Id": "1835ede1-438e-12a0-0f0c-ffdf71340463",
          "Name": "Size Range Association SC L AP"
        },
        {
          "Id": "1107a83f-30a1-ce52-84a1-6526b04a763f",
          "Name": "Display Stock SC L Final"
        },
        {
          "Id": "ade9ef81-f0fd-cd8c-542c-0f3a326df06c",
          "Name": "Display Stock SC L AP"
        }
      ],
      "TransientMeasures": [],
      "GraphRelations": [],
      "Folders": [],
      "AssociationMeasures": [
        {
          "MeasureFilterIBPLExpression": "Measure.[Style Color Selling Season Cluster Store Channel Association] == True && Measure.[Planning Item Status Property] == True",
          "MeasureFilterScope": "Post Filter"
        }
      ],
      "AssociationMeasureExpressions": [
        {
          "Expression": ""
        }
      ],
      "MeasureValueFilters": [],
      "DataProperties": {
        "IncludeInactiveMembers": false,
        "IncludeNulls": false,
        "NullsForFinerGrainSelect": false,
        "NullsForUnrelatedAttrSelect": false,
        "RequireEditValidation": false,
        "SubTotalsType": "NoSubtotals",
        "IncludeNullsForSeries": "",
        "AssociationMeasureExpression": ""
      },
      "FilterProperties": {
        "VersionDependentFilter": false,
        "InterDependentMeasure": {
          "Id": "a7802d8b-c077-4576-1601-67e0e8720c1a",
          "Name": "Current Future L3 SS Association",
          "DataType": "number"
        },
        "ExcludeVersionInFavorite": false,
        "StickyDimensionsOnAlwaysOnPane": [
          {
            "DimensionName": "Version",
            "DimensionId": "0d40e77b-9527-489d-a3c9-f8275cd8b0dc",
            "AlwaysShow": false
          }
        ]
      },
      "SortByMeasure": [
        {
          "Measure": null,
          "SortOrder": ""
        }
      ]
    }
  }
}