{
  "Name": "No ROS Exception",
  "WidgetDefinitionId": "3635f8be-a0e8-c1d8-6839-f20bedcdaf71",
  "IsPrivate": false,
  "WidgetType": "o9.pivot",
  "ViewWidgetDefinition": null,
  "PageWidgetDefinition": null,
  "CreatedUserEmail": "deepak.pani@o9solutions.com",
  "ModifiedUserEmail": "suhil.samiulla@o9solutions.com",
  "Roles": [
    "public"
  ],
  "ConfigJson": {
    "Widget": {
      "Height": 550,
      "ActionButtons": []
    },
    "Presentation": {
      "DataColumnBeforeMembers": false,
      "ShowQuickToggleBar": false,
      "IsEditable": true,
      "EnableExpandCollapse": true,
      "EnableOnGridFilter": true,
      "EnableSort": true,
      "EnableColumnReorder": true,
      "DisableBulkEdit": false,
      "DisableCopyOption": false,
      "DisableAdjustOption": false,
      "DisableApplyOption": false,
      "DisableNullifyOption": false,
      "EnableColumnResize": true,
      "ClearColumnFilterOnScopeFilter": false,
      "EnableJitColumns": false,
      "EnableAuditTrail": false,
      "EnableAutoCollapseColumns": false,
      "EnableSparsifyRowSelection": false,
      "UseConditionalFormatting": false,
      "EnablePastDifferentiation": false,
      "SuppressMessageHeader": false,
      "HideActionButtons": true,
      "ShowImage": true,
      "ShowMeasureGroupAsColumn": false,
      "DefaultLinkFiltersAutoSelection": true,
      "RowHeight": "25",
      "ShowServerConditionalFormating": false,
      "InterDependentFilter": false,
      "UseOutlineFormLayout": false,
      "DisableFieldList": false,
      "ShowComments": false,
      "HideNullRows": false,
      "HideNullColumns": false,
      "HideReadOnlyNullRows": false,
      "DisableBulkEditMeasures": false,
      "EnableMeasureReposition": false,
      "AllowExcelDownload": false,
      "EnableExportPivot": "",
      "DownloadButton": "System Setting",
      "AbovePivotFilterLevelAttribute": "",
      "AbovePivotFilterValue": "",
      "LayoutColumnWidth": "System Setting",
      "IsSummary": false,
      "ActionButtonBindings": "",
      "ExcelActionButtons": "",
      "CollabFolders": "",
      "ColumnProp": {
        "ColumnSubtotalsAtEnd": false,
        "TimeColumnSubTotalAtEnd": false
      },
      "RowProp": {
        "ShowMultiDimensionProperty": false,
        "RowSubtotalsAtEnd": false
      },
      "FilterProperties": "",
      "ReportMeasureSet": "",
      "IsGraphReport": false,
      "IsMultiGraphReport": false,
      "LevelAttributes": [
        {
          "Id": "d2820523-7638-e84e-d9b3-cb469bf0583c",
          "AttributeName": "Ranging Exception UIP",
          "Dimension": "UIPreference",
          "ConfigJson": {
            "ModelDefinition": {
              "LevelAttributes": [
                {
                  "Id": "304e572f-fe17-4be2-87bb-469f33bee496",
                  "AttributeName": "Planning Item",
                  "Dimension": "Item",
                  "EdgeDirection": null,
                  "IsFilter": false,
                  "Axis": "row",
                  "IsDefault": true,
                  "AllSelection": false,
                  "SelectedMembers": [],
                  "Name": "Planning Item",
                  "DimensionName": "Item",
                  "IsVisible": true,
                  "IsAttributeRequired": false,
                  "ShowSubtotal": false,
                  "ShowMemberConditionalFormatting": false,
                  "DisplayName": "",
                  "ShortName": "",
                  "SortBy": "",
                  "JoinWithGraph": false,
                  "JoinGraphName": "",
                  "JoinWithNode": "FROM",
                  "UIPreferenceId": "d2820523-7638-e84e-d9b3-cb469bf0583c",
                  "UIPreferenceName": "Ranging Exception UIP"
                },
                {
                  "Id": "9c3b45ac-e578-4b7d-8bba-9b631bdb0b79",
                  "AttributeName": "Location",
                  "Dimension": "Location",
                  "EdgeDirection": null,
                  "IsFilter": false,
                  "Axis": "row",
                  "IsDefault": true,
                  "AllSelection": false,
                  "SelectedMembers": [],
                  "Name": "Location",
                  "DimensionName": "Location",
                  "IsVisible": true,
                  "IsAttributeRequired": false,
                  "ShowSubtotal": false,
                  "ShowMemberConditionalFormatting": false,
                  "DisplayName": "",
                  "ShortName": "",
                  "SortBy": "",
                  "JoinWithGraph": false,
                  "JoinGraphName": null,
                  "JoinWithNode": "FROM",
                  "UIPreferenceId": "d2820523-7638-e84e-d9b3-cb469bf0583c",
                  "UIPreferenceName": "Ranging Exception UIP"
                },
                {
                  "Id": "0c4d82ca-2fbe-c1e8-f6c5-51ffdcf84efc",
                  "AttributeName": "Sales Planning Channel",
                  "Dimension": "Sales Domain",
                  "EdgeDirection": null,
                  "IsFilter": false,
                  "Axis": "row",
                  "IsDefault": true,
                  "AllSelection": false,
                  "SelectedMembers": [],
                  "Name": "Sales Planning Channel",
                  "DimensionName": "Sales Domain",
                  "IsVisible": true,
                  "IsAttributeRequired": false,
                  "ShowSubtotal": false,
                  "ShowMemberConditionalFormatting": false,
                  "DisplayName": "",
                  "ShortName": "",
                  "SortBy": "",
                  "JoinWithGraph": false,
                  "JoinGraphName": null,
                  "JoinWithNode": "FROM",
                  "UIPreferenceId": "d2820523-7638-e84e-d9b3-cb469bf0583c",
                  "UIPreferenceName": "Ranging Exception UIP"
                },
                {
                  "Id": "1e5a008a-7c3a-4516-a1f6-a8df32bf3be7",
                  "AttributeName": "Cluster",
                  "Dimension": "Cluster",
                  "EdgeDirection": null,
                  "IsFilter": false,
                  "Axis": "row",
                  "IsDefault": true,
                  "AllSelection": false,
                  "SelectedMembers": [],
                  "Name": "Cluster",
                  "DimensionName": "Cluster",
                  "IsVisible": true,
                  "IsAttributeRequired": false,
                  "ShowSubtotal": false,
                  "ShowMemberConditionalFormatting": false,
                  "DisplayName": "",
                  "ShortName": "",
                  "SortBy": "",
                  "JoinWithGraph": false,
                  "JoinGraphName": null,
                  "JoinWithNode": "FROM",
                  "UIPreferenceId": "d2820523-7638-e84e-d9b3-cb469bf0583c",
                  "UIPreferenceName": "Ranging Exception UIP"
                }
              ],
              "NamedSets": []
            },
            "Presentation": {
              "LevelAttributes": [
                {
                  "Id": "304e572f-fe17-4be2-87bb-469f33bee496",
                  "AttributeName": "Planning Item",
                  "Dimension": "Item",
                  "Axis": "row",
                  "ShowInfo": {
                    "ShowDetail": true,
                    "ShowPulse": true,
                    "ShowTask": true,
                    "ShowMarketIntelligence": true
                  },
                  "IsVisible": true,
                  "IsAttributeRequired": false,
                  "ShowSubtotal": false,
                  "ShowMemberConditionalFormatting": false,
                  "UOMMember": "",
                  "DisplayName": "",
                  "ShortName": "",
                  "SortBy": "",
                  "JoinWithGraph": false,
                  "JoinGraphName": "",
                  "JoinWithNode": "FROM",
                  "UIPreferenceId": "d2820523-7638-e84e-d9b3-cb469bf0583c",
                  "UIPreferenceName": "Ranging Exception UIP",
                  "Name": "Planning Item",
                  "DimensionName": "Item"
                },
                {
                  "Id": "9c3b45ac-e578-4b7d-8bba-9b631bdb0b79",
                  "AttributeName": "Location",
                  "Dimension": "Location",
                  "Axis": "row",
                  "ShowInfo": {
                    "ShowDetail": true,
                    "ShowPulse": true,
                    "ShowTask": true,
                    "ShowMarketIntelligence": true
                  },
                  "IsVisible": true,
                  "IsAttributeRequired": false,
                  "ShowSubtotal": false,
                  "ShowMemberConditionalFormatting": false,
                  "UOMMember": null,
                  "DisplayName": "",
                  "ShortName": "",
                  "SortBy": "",
                  "JoinWithGraph": false,
                  "JoinGraphName": null,
                  "JoinWithNode": "FROM",
                  "UIPreferenceId": "d2820523-7638-e84e-d9b3-cb469bf0583c",
                  "UIPreferenceName": "Ranging Exception UIP",
                  "Name": "Location",
                  "DimensionName": "Location"
                },
                {
                  "Id": "0c4d82ca-2fbe-c1e8-f6c5-51ffdcf84efc",
                  "AttributeName": "Sales Planning Channel",
                  "Dimension": "Sales Domain",
                  "Axis": "row",
                  "ShowInfo": {
                    "ShowDetail": true,
                    "ShowPulse": true,
                    "ShowTask": true,
                    "ShowMarketIntelligence": true
                  },
                  "IsVisible": true,
                  "IsAttributeRequired": false,
                  "ShowSubtotal": false,
                  "ShowMemberConditionalFormatting": false,
                  "UOMMember": null,
                  "DisplayName": "",
                  "ShortName": "",
                  "SortBy": "",
                  "JoinWithGraph": false,
                  "JoinGraphName": null,
                  "JoinWithNode": "FROM",
                  "UIPreferenceId": "d2820523-7638-e84e-d9b3-cb469bf0583c",
                  "UIPreferenceName": "Ranging Exception UIP",
                  "Name": "Sales Planning Channel",
                  "DimensionName": "Sales Domain"
                },
                {
                  "Id": "1e5a008a-7c3a-4516-a1f6-a8df32bf3be7",
                  "AttributeName": "Cluster",
                  "Dimension": "Cluster",
                  "Axis": "row",
                  "ShowInfo": {
                    "ShowDetail": true,
                    "ShowPulse": true,
                    "ShowTask": true,
                    "ShowMarketIntelligence": true
                  },
                  "IsVisible": true,
                  "IsAttributeRequired": false,
                  "ShowSubtotal": false,
                  "ShowMemberConditionalFormatting": false,
                  "UOMMember": null,
                  "DisplayName": "",
                  "ShortName": "",
                  "SortBy": "",
                  "JoinWithGraph": false,
                  "JoinGraphName": null,
                  "JoinWithNode": "FROM",
                  "UIPreferenceId": "d2820523-7638-e84e-d9b3-cb469bf0583c",
                  "UIPreferenceName": "Ranging Exception UIP",
                  "Name": "Cluster",
                  "DimensionName": "Cluster"
                }
              ]
            }
          },
          "Axis": "row",
          "ShowInfo": {
            "ShowDetail": true,
            "ShowPulse": true,
            "ShowTask": true,
            "ShowMarketIntelligence": true
          },
          "IsVisible": true,
          "IsAttributeRequired": false,
          "ShowSubtotal": false,
          "ShowMemberConditionalFormatting": false,
          "UOMMember": null,
          "DisplayName": "",
          "ShortName": "",
          "SortBy": "",
          "JoinWithGraph": false,
          "JoinGraphName": null,
          "JoinWithNode": "FROM"
        },
        {
          "Id": "e8c1aba9-5ee6-473d-864e-8b22aba44dff",
          "AttributeName": "Measure",
          "Dimension": "Measure",
          "Axis": "column",
          "ShowInfo": {
            "ShowDetail": true,
            "ShowPulse": true,
            "ShowTask": true,
            "ShowMarketIntelligence": true
          },
          "IsVisible": true,
          "IsAttributeRequired": false,
          "ShowSubtotal": false,
          "ShowMemberConditionalFormatting": false,
          "SortBy": "",
          "JoinWithGraph": false,
          "DisplayName": "",
          "ShortName": "",
          "UOMMember": ""
        }
      ],
      "FilterGroups": [
        {
          "GroupName": "Selling Season",
          "HierarchyId": "",
          "Id": "b7bcb979-90d0-4b7e-8070-7207cb580d4b",
          "Attributes": [
            "56b72eb0-2d21-d392-f36d-296d4e622245"
          ]
        },
        {
          "GroupName": "L3",
          "HierarchyId": "3a9dfac3-b140-44c3-93b2-35103814b24d",
          "Id": "fb67e9a4-ed5a-4822-8ec6-63804fc3b14b",
          "Attributes": [
            "c8215069-c134-49e6-a1de-5f681eb07b83"
          ]
        },
        {
          "GroupName": "Sales Planning Channel",
          "HierarchyId": "8b997c33-e641-8ddd-be78-021f7472f22f",
          "Id": "a5e4eae0-1b65-4fcf-b5a8-9338acabe034",
          "Attributes": [
            "0c4d82ca-2fbe-c1e8-f6c5-51ffdcf84efc"
          ]
        },
        {
          "GroupName": "Location Country",
          "HierarchyId": "1f68f135-2c92-4f44-8722-a8a3e921eb8e",
          "Id": "f74ea176-f0c0-4211-ad81-096cc472c5e5",
          "Attributes": [
            "d00b8ae3-4077-4366-87b7-cf97749f44db"
          ]
        },
        {
          "GroupName": "Version Name",
          "HierarchyId": "",
          "Id": "b56fc0c5-bbbb-4281-92da-745d67290079",
          "Attributes": [
            "211b33d5-d91f-40ec-9668-20e0da2ae7b3"
          ]
        }
      ],
      "MeasureCollections": [
        {
          "Measures": [
            {
              "Name": "Zero/Null ROS",
              "Id": "235fb1a6-c5e3-4060-aa48-03df7ba37d4a",
              "IsTransient": true,
              "IsVisible": true,
              "IsEditable": true,
              "IsMultiFileUpload": false,
              "ShowInLocalTimeZone": false,
              "RenderType": "Value",
              "Alignment": "MiddleRight",
              "FormatString": "",
              "ColumnWidth": 0,
              "Sort": "",
              "UseExcelAggregation": false,
              "MeasureFormatting": [
                {
                  "BGCOLOR": "",
                  "FGCOLOR": "",
                  "ApplyForData": false,
                  "ApplyForHeader": false
                }
              ],
              "TimeHorizon": "",
              "Label": "Zero/Null ROS",
              "Formula": "if (isnull(Measure.[ROS SC C Intermediate]) && Measure.[Planning Item Status Property] == True && Measure.[Style Color Selling Season Cluster Store Channel Association] == True) then \"Null\" else \"0\"",
              "ShowInfo": {
                "ShowDetail": true,
                "ShowPulse": true,
                "ShowTask": true,
                "ShowMarketIntelligence": true
              },
              "ChildMeasureCollections": null,
              "IsMultiDimensionProperty": false
            }
          ]
        }
      ],
      "MeasureCollections2": [],
      "AlwaysOnMeasureCollections": [],
      "GraphRelations": [],
      "Folders": []
    }
  },
  "WidgetKeywordTags": [],
  "DimensionAttributeUsages": [],
  "WidgetModel": {
    "WidgetModelId": "e9d5b725-9e4b-41ac-a427-628f88a44835",
    "ConfigJson": {
      "LevelAttributes": [
        {
          "Id": "7800d8af-439d-a62e-d5d8-2613b25424e2",
          "AttributeName": "Ranging Exception UIPF",
          "Dimension": "UIPreference",
          "IsFilter": true,
          "Axis": "none",
          "IsDefault": true,
          "AllSelection": false,
          "SelectedMembers": [],
          "Name": "Ranging Exception UIPF",
          "DimensionName": "UIPreference",
          "ConfigJson": {
            "ModelDefinition": {
              "LevelAttributes": [
                {
                  "Id": "56b72eb0-2d21-d392-f36d-296d4e622245",
                  "AttributeName": "Selling Season",
                  "Dimension": "Selling Season",
                  "DimensionId": 407035,
                  "IsFilter": true,
                  "Axis": "none",
                  "IsDefault": true,
                  "AllSelection": false,
                  "SelectedMembers": [
                    {
                      "Name": "SU22"
                    }
                  ],
                  "Name": "Selling Season",
                  "DimensionName": "Selling Season",
                  "OverrideFavSelection": false,
                  "CurrencyFilter": false,
                  "IsSingleSelect": true,
                  "MemberFilterExpression": "&APCurrentAndFutureSeasons",
                  "DefaultValueExpression": "",
                  "WorksheetLevelFilter": false,
                  "HideDummyMembers": false,
                  "SortBy": "Key",
                  "SortOrder": "Ascending",
                  "IsNarrowYourSelection": false,
                  "Position": -550,
                  "UIPreferenceId": "7800d8af-439d-a62e-d5d8-2613b25424e2",
                  "UIPreferenceName": "Ranging Exception UIPF",
                  "IsAnchorAttribute": false,
                  "IsMemberSpecificAttribute": false,
                  "IsUIPrefAttr": true,
                  "GivenName": "Selling Season",
                  "PresentationName": "Selling Season",
                  "IsKey": true
                },
                {
                  "Id": "c8215069-c134-49e6-a1de-5f681eb07b83",
                  "AttributeName": "L3",
                  "Dimension": "Item",
                  "DimensionId": 406973,
                  "IsFilter": true,
                  "Axis": "none",
                  "IsDefault": true,
                  "AllSelection": true,
                  "SelectedMembers": [],
                  "Name": "L3",
                  "DimensionName": "Item",
                  "AliasName": "Class",
                  "AliasId": "f152462b-941f-7e6e-d0fe-ecd1c812239c",
                  "AliasType": "AttributeAlias",
                  "OverrideFavSelection": false,
                  "CurrencyFilter": false,
                  "IsSingleSelect": false,
                  "MemberFilterExpression": "&APClasses",
                  "DefaultValueExpression": "",
                  "WorksheetLevelFilter": false,
                  "HideDummyMembers": false,
                  "SortBy": "Name",
                  "SortOrder": "Ascending",
                  "IsNarrowYourSelection": false,
                  "Position": 50,
                  "UIPreferenceId": "7800d8af-439d-a62e-d5d8-2613b25424e2",
                  "UIPreferenceName": "Ranging Exception UIPF",
                  "IsAnchorAttribute": false,
                  "IsMemberSpecificAttribute": false,
                  "IsUIPrefAttr": true,
                  "GivenName": "L3",
                  "PresentationName": "L3",
                  "IsKey": false
                },
                {
                  "Id": "0c4d82ca-2fbe-c1e8-f6c5-51ffdcf84efc",
                  "AttributeName": "Sales Planning Channel",
                  "Dimension": "Sales Domain",
                  "DimensionId": 406970,
                  "IsFilter": true,
                  "Axis": "none",
                  "IsDefault": true,
                  "AllSelection": true,
                  "SelectedMembers": [],
                  "Name": "Sales Planning Channel",
                  "DimensionName": "Sales Domain",
                  "OverrideFavSelection": false,
                  "CurrencyFilter": false,
                  "IsSingleSelect": false,
                  "MemberFilterExpression": "&APChannels",
                  "DefaultValueExpression": "",
                  "WorksheetLevelFilter": false,
                  "HideDummyMembers": false,
                  "SortBy": "",
                  "SortOrder": "",
                  "IsNarrowYourSelection": false,
                  "Position": 60,
                  "UIPreferenceId": "7800d8af-439d-a62e-d5d8-2613b25424e2",
                  "UIPreferenceName": "Ranging Exception UIPF",
                  "IsAnchorAttribute": false,
                  "IsMemberSpecificAttribute": false,
                  "IsUIPrefAttr": true,
                  "GivenName": "Sales Planning Channel",
                  "PresentationName": "Sales Planning Channel",
                  "IsKey": false
                },
                {
                  "Id": "d00b8ae3-4077-4366-87b7-cf97749f44db",
                  "AttributeName": "Location Country",
                  "Dimension": "Location",
                  "DimensionId": 406956,
                  "IsFilter": true,
                  "Axis": "none",
                  "IsDefault": true,
                  "AllSelection": true,
                  "SelectedMembers": [],
                  "Name": "Location Country",
                  "DimensionName": "Location",
                  "OverrideFavSelection": false,
                  "CurrencyFilter": false,
                  "IsSingleSelect": false,
                  "MemberFilterExpression": "&APLocationCountries",
                  "DefaultValueExpression": "",
                  "WorksheetLevelFilter": false,
                  "HideDummyMembers": false,
                  "SortBy": "",
                  "SortOrder": "",
                  "IsNarrowYourSelection": false,
                  "Position": 70,
                  "UIPreferenceId": "7800d8af-439d-a62e-d5d8-2613b25424e2",
                  "UIPreferenceName": "Ranging Exception UIPF",
                  "IsAnchorAttribute": false,
                  "IsMemberSpecificAttribute": false,
                  "IsUIPrefAttr": true,
                  "GivenName": "Location Country",
                  "PresentationName": "Location Country",
                  "IsKey": false
                }
              ],
              "NamedSets": []
            },
            "Presentation": {
              "LevelAttributes": []
            }
          },
          "CurrencyFilter": false,
          "IsSingleSelect": false,
          "MemberFilterExpression": "",
          "DefaultValueExpression": "",
          "OverrideFavSelection": false,
          "WorksheetLevelFilter": false,
          "HideDummyMembers": false,
          "SortBy": "",
          "SortOrder": "",
          "IsNarrowYourSelection": false
        },
        {
          "Id": "211b33d5-d91f-40ec-9668-20e0da2ae7b3",
          "AttributeName": "Version Name",
          "Dimension": "Version",
          "DimensionId": 3742104,
          "IsFilter": true,
          "Axis": "none",
          "IsDefault": true,
          "AllSelection": false,
          "SelectedMembers": [
            {
              "Name": "CurrentWorkingView"
            }
          ],
          "Name": "Version Name",
          "DimensionName": "Version",
          "OverrideFavSelection": false,
          "IsSingleSelect": true,
          "MemberFilterExpression": "&CWVAndScenarios",
          "DefaultValueExpression": "",
          "WorksheetLevelFilter": false,
          "HideDummyMembers": false,
          "SortBy": "",
          "SortOrder": "",
          "IsNarrowYourSelection": false,
          "Position": 120
        },
        {
          "Id": "d2820523-7638-e84e-d9b3-cb469bf0583c",
          "AttributeName": "Ranging Exception UIP",
          "Dimension": "UIPreference",
          "IsFilter": false,
          "Axis": "row",
          "IsDefault": true,
          "AllSelection": false,
          "SelectedMembers": [],
          "Name": "Ranging Exception UIP",
          "DimensionName": "UIPreference",
          "ConfigJson": {
            "ModelDefinition": {
              "LevelAttributes": [
                {
                  "Id": "304e572f-fe17-4be2-87bb-469f33bee496",
                  "AttributeName": "Planning Item",
                  "Dimension": "Item",
                  "EdgeDirection": null,
                  "IsFilter": false,
                  "Axis": "row",
                  "IsDefault": true,
                  "AllSelection": false,
                  "SelectedMembers": [],
                  "Name": "Planning Item",
                  "DimensionName": "Item",
                  "IsVisible": true,
                  "IsAttributeRequired": false,
                  "ShowSubtotal": false,
                  "ShowMemberConditionalFormatting": false,
                  "DisplayName": "",
                  "ShortName": "",
                  "SortBy": "",
                  "JoinWithGraph": false,
                  "JoinGraphName": "",
                  "JoinWithNode": "FROM",
                  "UIPreferenceId": "d2820523-7638-e84e-d9b3-cb469bf0583c",
                  "UIPreferenceName": "Ranging Exception UIP"
                },
                {
                  "Id": "9c3b45ac-e578-4b7d-8bba-9b631bdb0b79",
                  "AttributeName": "Location",
                  "Dimension": "Location",
                  "EdgeDirection": null,
                  "IsFilter": false,
                  "Axis": "row",
                  "IsDefault": true,
                  "AllSelection": false,
                  "SelectedMembers": [],
                  "Name": "Location",
                  "DimensionName": "Location",
                  "IsVisible": true,
                  "IsAttributeRequired": false,
                  "ShowSubtotal": false,
                  "ShowMemberConditionalFormatting": false,
                  "DisplayName": "",
                  "ShortName": "",
                  "SortBy": "",
                  "JoinWithGraph": false,
                  "JoinGraphName": null,
                  "JoinWithNode": "FROM",
                  "UIPreferenceId": "d2820523-7638-e84e-d9b3-cb469bf0583c",
                  "UIPreferenceName": "Ranging Exception UIP"
                },
                {
                  "Id": "0c4d82ca-2fbe-c1e8-f6c5-51ffdcf84efc",
                  "AttributeName": "Sales Planning Channel",
                  "Dimension": "Sales Domain",
                  "EdgeDirection": null,
                  "IsFilter": false,
                  "Axis": "row",
                  "IsDefault": true,
                  "AllSelection": false,
                  "SelectedMembers": [],
                  "Name": "Sales Planning Channel",
                  "DimensionName": "Sales Domain",
                  "IsVisible": true,
                  "IsAttributeRequired": false,
                  "ShowSubtotal": false,
                  "ShowMemberConditionalFormatting": false,
                  "DisplayName": "",
                  "ShortName": "",
                  "SortBy": "",
                  "JoinWithGraph": false,
                  "JoinGraphName": null,
                  "JoinWithNode": "FROM",
                  "UIPreferenceId": "d2820523-7638-e84e-d9b3-cb469bf0583c",
                  "UIPreferenceName": "Ranging Exception UIP"
                },
                {
                  "Id": "1e5a008a-7c3a-4516-a1f6-a8df32bf3be7",
                  "AttributeName": "Cluster",
                  "Dimension": "Cluster",
                  "EdgeDirection": null,
                  "IsFilter": false,
                  "Axis": "row",
                  "IsDefault": true,
                  "AllSelection": false,
                  "SelectedMembers": [],
                  "Name": "Cluster",
                  "DimensionName": "Cluster",
                  "IsVisible": true,
                  "IsAttributeRequired": false,
                  "ShowSubtotal": false,
                  "ShowMemberConditionalFormatting": false,
                  "DisplayName": "",
                  "ShortName": "",
                  "SortBy": "",
                  "JoinWithGraph": false,
                  "JoinGraphName": null,
                  "JoinWithNode": "FROM",
                  "UIPreferenceId": "d2820523-7638-e84e-d9b3-cb469bf0583c",
                  "UIPreferenceName": "Ranging Exception UIP"
                }
              ],
              "NamedSets": []
            },
            "Presentation": {
              "LevelAttributes": [
                {
                  "Id": "304e572f-fe17-4be2-87bb-469f33bee496",
                  "AttributeName": "Planning Item",
                  "Dimension": "Item",
                  "Axis": "row",
                  "ShowInfo": {
                    "ShowDetail": true,
                    "ShowPulse": true,
                    "ShowTask": true,
                    "ShowMarketIntelligence": true
                  },
                  "IsVisible": true,
                  "IsAttributeRequired": false,
                  "ShowSubtotal": false,
                  "ShowMemberConditionalFormatting": false,
                  "UOMMember": "",
                  "DisplayName": "",
                  "ShortName": "",
                  "SortBy": "",
                  "JoinWithGraph": false,
                  "JoinGraphName": "",
                  "JoinWithNode": "FROM",
                  "UIPreferenceId": "d2820523-7638-e84e-d9b3-cb469bf0583c",
                  "UIPreferenceName": "Ranging Exception UIP",
                  "Name": "Planning Item",
                  "DimensionName": "Item"
                },
                {
                  "Id": "9c3b45ac-e578-4b7d-8bba-9b631bdb0b79",
                  "AttributeName": "Location",
                  "Dimension": "Location",
                  "Axis": "row",
                  "ShowInfo": {
                    "ShowDetail": true,
                    "ShowPulse": true,
                    "ShowTask": true,
                    "ShowMarketIntelligence": true
                  },
                  "IsVisible": true,
                  "IsAttributeRequired": false,
                  "ShowSubtotal": false,
                  "ShowMemberConditionalFormatting": false,
                  "UOMMember": null,
                  "DisplayName": "",
                  "ShortName": "",
                  "SortBy": "",
                  "JoinWithGraph": false,
                  "JoinGraphName": null,
                  "JoinWithNode": "FROM",
                  "UIPreferenceId": "d2820523-7638-e84e-d9b3-cb469bf0583c",
                  "UIPreferenceName": "Ranging Exception UIP",
                  "Name": "Location",
                  "DimensionName": "Location"
                },
                {
                  "Id": "0c4d82ca-2fbe-c1e8-f6c5-51ffdcf84efc",
                  "AttributeName": "Sales Planning Channel",
                  "Dimension": "Sales Domain",
                  "Axis": "row",
                  "ShowInfo": {
                    "ShowDetail": true,
                    "ShowPulse": true,
                    "ShowTask": true,
                    "ShowMarketIntelligence": true
                  },
                  "IsVisible": true,
                  "IsAttributeRequired": false,
                  "ShowSubtotal": false,
                  "ShowMemberConditionalFormatting": false,
                  "UOMMember": null,
                  "DisplayName": "",
                  "ShortName": "",
                  "SortBy": "",
                  "JoinWithGraph": false,
                  "JoinGraphName": null,
                  "JoinWithNode": "FROM",
                  "UIPreferenceId": "d2820523-7638-e84e-d9b3-cb469bf0583c",
                  "UIPreferenceName": "Ranging Exception UIP",
                  "Name": "Sales Planning Channel",
                  "DimensionName": "Sales Domain"
                },
                {
                  "Id": "1e5a008a-7c3a-4516-a1f6-a8df32bf3be7",
                  "AttributeName": "Cluster",
                  "Dimension": "Cluster",
                  "Axis": "row",
                  "ShowInfo": {
                    "ShowDetail": true,
                    "ShowPulse": true,
                    "ShowTask": true,
                    "ShowMarketIntelligence": true
                  },
                  "IsVisible": true,
                  "IsAttributeRequired": false,
                  "ShowSubtotal": false,
                  "ShowMemberConditionalFormatting": false,
                  "UOMMember": null,
                  "DisplayName": "",
                  "ShortName": "",
                  "SortBy": "",
                  "JoinWithGraph": false,
                  "JoinGraphName": null,
                  "JoinWithNode": "FROM",
                  "UIPreferenceId": "d2820523-7638-e84e-d9b3-cb469bf0583c",
                  "UIPreferenceName": "Ranging Exception UIP",
                  "Name": "Cluster",
                  "DimensionName": "Cluster"
                }
              ]
            }
          },
          "IsVisible": true,
          "IsAttributeRequired": false,
          "ShowSubtotal": false,
          "ShowMemberConditionalFormatting": false,
          "DisplayName": "",
          "ShortName": "",
          "SortBy": "",
          "JoinWithGraph": false,
          "JoinGraphName": null,
          "JoinWithNode": "FROM"
        },
        {
          "Id": "e8c1aba9-5ee6-473d-864e-8b22aba44dff",
          "AttributeName": "Measure",
          "Dimension": "Measure",
          "IsFilter": false,
          "Axis": "column",
          "IsDefault": true,
          "AllSelection": false,
          "SelectedMembers": [],
          "Name": "Measure",
          "DimensionName": "Measure",
          "IsVisible": true,
          "IsAttributeRequired": false,
          "ShowSubtotal": false,
          "ShowMemberConditionalFormatting": false,
          "SortBy": "",
          "JoinWithGraph": false,
          "DisplayName": "",
          "ShortName": "",
          "UOMMember": ""
        }
      ],
      "PeggingAttributes": [],
      "FlowPlanAttributes": [],
      "Hierarchies": [],
      "NamedSets": [],
      "RegularMeasures": [],
      "TransientMeasures": [
        {
          "Id": "235fb1a6-c5e3-4060-aa48-03df7ba37d4a",
          "Name": "Zero/Null ROS",
          "DisplayName": "Zero/Null ROS",
          "Formula": "if (isnull(Measure.[ROS SC C Intermediate]) && Measure.[Planning Item Status Property] == True && Measure.[Style Color Selling Season Cluster Store Channel Association] == True) then \"Null\" else \"0\""
        }
      ],
      "GraphRelations": [],
      "Folders": [],
      "AssociationMeasures": [
        {
          "MeasureFilterIBPLExpression": "Measure.[Assorted SC L] == true && (Isnull(Measure.[ROS SC C Intermediate]) || Measure.[ROS SC C Intermediate] == 0)",
          "MeasureFilterScope": "Post Filter"
        }
      ],
      "AssociationMeasureExpressions": [
        {
          "Expression": ""
        }
      ],
      "MeasureValueFilters": [],
      "DataProperties": {
        "IncludeInactiveMembers": false,
        "IncludeNulls": false,
        "NullsForFinerGrainSelect": false,
        "NullsForUnrelatedAttrSelect": false,
        "RequireEditValidation": false,
        "SubTotalsType": "NoSubtotals",
        "IncludeNullsForSeries": "",
        "AssociationMeasureExpression": ""
      },
      "FilterProperties": {
        "VersionDependentFilter": false,
        "InterDependentMeasure": {
          "Id": "a7802d8b-c077-4576-1601-67e0e8720c1a",
          "Name": "Current Future L3 SS Association"
        },
        "ExcludeVersionInFavorite": false,
        "StickyDimensionsOnAlwaysOnPane": [
          {
            "DimensionName": "Version",
            "DimensionId": "0d40e77b-9527-489d-a3c9-f8275cd8b0dc",
            "AlwaysShow": false
          }
        ]
      },
      "SortByMeasure": [
        {
          "Measure": null,
          "SortOrder": ""
        }
      ]
    }
  }
}