{
  "Name": "Options Strategy vs Ranging",
  "WidgetDefinitionId": "a1de68ec-5756-e45b-daae-a697e2bb0348",
  "IsPrivate": false,
  "WidgetType": "o9.pivot",
  "ViewWidgetDefinition": null,
  "PageWidgetDefinition": null,
  "CreatedUserEmail": "deepak.pani@o9solutions.com",
  "ModifiedUserEmail": "suhil.samiulla@o9solutions.com",
  "Roles": [
    "public"
  ],
  "ConfigJson": {
    "Widget": {
      "Height": 550,
      "ActionButtons": []
    },
    "Presentation": {
      "DataColumnBeforeMembers": false,
      "ShowQuickToggleBar": false,
      "IsEditable": true,
      "EnableExpandCollapse": true,
      "EnableOnGridFilter": true,
      "EnableSort": true,
      "EnableColumnReorder": true,
      "DisableBulkEdit": false,
      "DisableCopyOption": false,
      "DisableAdjustOption": false,
      "DisableApplyOption": false,
      "DisableNullifyOption": false,
      "EnableColumnResize": true,
      "ClearColumnFilterOnScopeFilter": false,
      "EnableJitColumns": false,
      "EnableAuditTrail": false,
      "EnableAutoCollapseColumns": false,
      "EnableSparsifyRowSelection": false,
      "UseConditionalFormatting": true,
      "EnablePastDifferentiation": false,
      "SuppressMessageHeader": false,
      "HideActionButtons": true,
      "ShowImage": true,
      "ShowMeasureGroupAsColumn": false,
      "DefaultLinkFiltersAutoSelection": true,
      "RowHeight": "25",
      "ShowServerConditionalFormating": false,
      "InterDependentFilter": false,
      "UseOutlineFormLayout": false,
      "DisableFieldList": false,
      "ShowComments": false,
      "HideNullRows": false,
      "HideNullColumns": false,
      "HideReadOnlyNullRows": false,
      "DisableBulkEditMeasures": false,
      "EnableMeasureReposition": false,
      "AllowExcelDownload": false,
      "EnableExportPivot": "",
      "DownloadButton": "System Setting",
      "AbovePivotFilterLevelAttribute": "",
      "AbovePivotFilterValue": "",
      "LayoutColumnWidth": "System Setting",
      "IsSummary": false,
      "ActionButtonBindings": "",
      "ExcelActionButtons": "",
      "CollabFolders": "",
      "ColumnProp": {
        "ColumnSubtotalsAtEnd": false,
        "TimeColumnSubTotalAtEnd": false
      },
      "RowProp": {
        "ShowMultiDimensionProperty": false,
        "RowSubtotalsAtEnd": false
      },
      "FilterProperties": "",
      "ReportMeasureSet": "",
      "IsGraphReport": false,
      "IsMultiGraphReport": false,
      "LevelAttributes": [
        {
          "Id": "334389e3-48e6-2a9f-4602-376a3038e869",
          "AttributeName": "Options Reconciliation UIP",
          "Dimension": "UIPreference",
          "ConfigJson": {
            "ModelDefinition": {
              "LevelAttributes": [
                {
                  "Id": "c8215069-c134-49e6-a1de-5f681eb07b83",
                  "AttributeName": "L3",
                  "Dimension": "Item",
                  "EdgeDirection": null,
                  "IsFilter": false,
                  "Axis": "row",
                  "IsDefault": true,
                  "AllSelection": false,
                  "SelectedMembers": [],
                  "Name": "L3",
                  "DimensionName": "Item",
                  "AliasName": "Class",
                  "AliasId": "f152462b-941f-7e6e-d0fe-ecd1c812239c",
                  "AliasType": "AttributeAlias",
                  "IsVisible": true,
                  "IsAttributeRequired": false,
                  "ShowSubtotal": false,
                  "ShowMemberConditionalFormatting": false,
                  "DisplayName": "",
                  "ShortName": "",
                  "SortBy": "",
                  "JoinWithGraph": false,
                  "JoinGraphName": null,
                  "JoinWithNode": "FROM",
                  "UIPreferenceId": "334389e3-48e6-2a9f-4602-376a3038e869",
                  "UIPreferenceName": "Options Reconciliation UIP"
                },
                {
                  "Id": "d14ad722-e28d-71af-f63d-6cc77a8e6d68",
                  "AttributeName": "Product Attribute Group",
                  "Dimension": "Product Attribute Group",
                  "EdgeDirection": null,
                  "IsFilter": false,
                  "Axis": "row",
                  "IsDefault": true,
                  "AllSelection": false,
                  "SelectedMembers": [],
                  "Name": "Product Attribute Group",
                  "DimensionName": "Product Attribute Group",
                  "IsVisible": false,
                  "IsAttributeRequired": false,
                  "ShowSubtotal": false,
                  "ShowMemberConditionalFormatting": false,
                  "DisplayName": "",
                  "ShortName": "",
                  "SortBy": "",
                  "JoinWithGraph": false,
                  "JoinGraphName": null,
                  "JoinWithNode": "FROM",
                  "UIPreferenceId": "334389e3-48e6-2a9f-4602-376a3038e869",
                  "UIPreferenceName": "Options Reconciliation UIP"
                },
                {
                  "Id": "d00b8ae3-4077-4366-87b7-cf97749f44db",
                  "AttributeName": "Location Country",
                  "Dimension": "Location",
                  "EdgeDirection": null,
                  "IsFilter": false,
                  "Axis": "row",
                  "IsDefault": true,
                  "AllSelection": false,
                  "SelectedMembers": [],
                  "Name": "Location Country",
                  "DimensionName": "Location",
                  "AliasName": "Country",
                  "AliasId": "47690e8c-bf7f-abdd-8250-0bc27e856388",
                  "AliasType": "AttributeAlias",
                  "IsVisible": true,
                  "IsAttributeRequired": false,
                  "ShowSubtotal": false,
                  "ShowMemberConditionalFormatting": false,
                  "DisplayName": "",
                  "ShortName": "",
                  "SortBy": "",
                  "JoinWithGraph": false,
                  "JoinGraphName": null,
                  "JoinWithNode": "FROM",
                  "UIPreferenceId": "334389e3-48e6-2a9f-4602-376a3038e869",
                  "UIPreferenceName": "Options Reconciliation UIP"
                },
                {
                  "Id": "0c4d82ca-2fbe-c1e8-f6c5-51ffdcf84efc",
                  "AttributeName": "Sales Planning Channel",
                  "Dimension": "Sales Domain",
                  "EdgeDirection": null,
                  "IsFilter": false,
                  "Axis": "row",
                  "IsDefault": true,
                  "AllSelection": false,
                  "SelectedMembers": [],
                  "Name": "Sales Planning Channel",
                  "DimensionName": "Sales Domain",
                  "IsVisible": true,
                  "IsAttributeRequired": false,
                  "ShowSubtotal": false,
                  "ShowMemberConditionalFormatting": false,
                  "DisplayName": "",
                  "ShortName": "",
                  "SortBy": "",
                  "JoinWithGraph": false,
                  "JoinGraphName": null,
                  "JoinWithNode": "FROM",
                  "UIPreferenceId": "334389e3-48e6-2a9f-4602-376a3038e869",
                  "UIPreferenceName": "Options Reconciliation UIP"
                },
                {
                  "Id": "1e5a008a-7c3a-4516-a1f6-a8df32bf3be7",
                  "AttributeName": "Cluster",
                  "Dimension": "Cluster",
                  "EdgeDirection": null,
                  "IsFilter": false,
                  "Axis": "row",
                  "IsDefault": true,
                  "AllSelection": false,
                  "SelectedMembers": [],
                  "Name": "Cluster",
                  "DimensionName": "Cluster",
                  "IsVisible": true,
                  "IsAttributeRequired": false,
                  "ShowSubtotal": false,
                  "ShowMemberConditionalFormatting": false,
                  "DisplayName": "",
                  "ShortName": "",
                  "SortBy": "",
                  "JoinWithGraph": false,
                  "JoinGraphName": null,
                  "JoinWithNode": "FROM",
                  "UIPreferenceId": "334389e3-48e6-2a9f-4602-376a3038e869",
                  "UIPreferenceName": "Options Reconciliation UIP"
                }
              ],
              "NamedSets": []
            },
            "Presentation": {
              "LevelAttributes": [
                {
                  "Id": "c8215069-c134-49e6-a1de-5f681eb07b83",
                  "AttributeName": "L3",
                  "Dimension": "Item",
                  "Axis": "row",
                  "ShowInfo": {
                    "ShowDetail": true,
                    "ShowPulse": true,
                    "ShowTask": true,
                    "ShowMarketIntelligence": true
                  },
                  "IsVisible": true,
                  "IsAttributeRequired": false,
                  "ShowSubtotal": false,
                  "ShowMemberConditionalFormatting": false,
                  "UOMMember": null,
                  "DisplayName": "",
                  "ShortName": "",
                  "SortBy": "",
                  "JoinWithGraph": false,
                  "JoinGraphName": null,
                  "JoinWithNode": "FROM",
                  "UIPreferenceId": "334389e3-48e6-2a9f-4602-376a3038e869",
                  "UIPreferenceName": "Options Reconciliation UIP",
                  "Name": "L3",
                  "DimensionName": "Item"
                },
                {
                  "Id": "d14ad722-e28d-71af-f63d-6cc77a8e6d68",
                  "AttributeName": "Product Attribute Group",
                  "Dimension": "Product Attribute Group",
                  "Axis": "row",
                  "ShowInfo": {
                    "ShowDetail": true,
                    "ShowPulse": true,
                    "ShowTask": true,
                    "ShowMarketIntelligence": true
                  },
                  "IsVisible": false,
                  "IsAttributeRequired": false,
                  "ShowSubtotal": false,
                  "ShowMemberConditionalFormatting": false,
                  "UOMMember": null,
                  "DisplayName": "",
                  "ShortName": "",
                  "SortBy": "",
                  "JoinWithGraph": false,
                  "JoinGraphName": null,
                  "JoinWithNode": "FROM",
                  "UIPreferenceId": "334389e3-48e6-2a9f-4602-376a3038e869",
                  "UIPreferenceName": "Options Reconciliation UIP",
                  "Name": "Product Attribute Group",
                  "DimensionName": "Product Attribute Group"
                },
                {
                  "Id": "d00b8ae3-4077-4366-87b7-cf97749f44db",
                  "AttributeName": "Location Country",
                  "Dimension": "Location",
                  "Axis": "row",
                  "ShowInfo": {
                    "ShowDetail": true,
                    "ShowPulse": true,
                    "ShowTask": true,
                    "ShowMarketIntelligence": true
                  },
                  "IsVisible": true,
                  "IsAttributeRequired": false,
                  "ShowSubtotal": false,
                  "ShowMemberConditionalFormatting": false,
                  "UOMMember": null,
                  "DisplayName": "",
                  "ShortName": "",
                  "SortBy": "",
                  "JoinWithGraph": false,
                  "JoinGraphName": null,
                  "JoinWithNode": "FROM",
                  "UIPreferenceId": "334389e3-48e6-2a9f-4602-376a3038e869",
                  "UIPreferenceName": "Options Reconciliation UIP",
                  "Name": "Location Country",
                  "DimensionName": "Location"
                },
                {
                  "Id": "0c4d82ca-2fbe-c1e8-f6c5-51ffdcf84efc",
                  "AttributeName": "Sales Planning Channel",
                  "Dimension": "Sales Domain",
                  "Axis": "row",
                  "ShowInfo": {
                    "ShowDetail": true,
                    "ShowPulse": true,
                    "ShowTask": true,
                    "ShowMarketIntelligence": true
                  },
                  "IsVisible": true,
                  "IsAttributeRequired": false,
                  "ShowSubtotal": false,
                  "ShowMemberConditionalFormatting": false,
                  "UOMMember": null,
                  "DisplayName": "",
                  "ShortName": "",
                  "SortBy": "",
                  "JoinWithGraph": false,
                  "JoinGraphName": null,
                  "JoinWithNode": "FROM",
                  "UIPreferenceId": "334389e3-48e6-2a9f-4602-376a3038e869",
                  "UIPreferenceName": "Options Reconciliation UIP",
                  "Name": "Sales Planning Channel",
                  "DimensionName": "Sales Domain"
                },
                {
                  "Id": "1e5a008a-7c3a-4516-a1f6-a8df32bf3be7",
                  "AttributeName": "Cluster",
                  "Dimension": "Cluster",
                  "Axis": "row",
                  "ShowInfo": {
                    "ShowDetail": true,
                    "ShowPulse": true,
                    "ShowTask": true,
                    "ShowMarketIntelligence": true
                  },
                  "IsVisible": true,
                  "IsAttributeRequired": false,
                  "ShowSubtotal": false,
                  "ShowMemberConditionalFormatting": false,
                  "UOMMember": null,
                  "DisplayName": "",
                  "ShortName": "",
                  "SortBy": "",
                  "JoinWithGraph": false,
                  "JoinGraphName": null,
                  "JoinWithNode": "FROM",
                  "UIPreferenceId": "334389e3-48e6-2a9f-4602-376a3038e869",
                  "UIPreferenceName": "Options Reconciliation UIP",
                  "Name": "Cluster",
                  "DimensionName": "Cluster"
                }
              ]
            }
          },
          "Axis": "row",
          "ShowInfo": {
            "ShowDetail": true,
            "ShowPulse": true,
            "ShowTask": true,
            "ShowMarketIntelligence": true
          },
          "IsVisible": true,
          "IsAttributeRequired": false,
          "ShowSubtotal": false,
          "ShowMemberConditionalFormatting": false,
          "UOMMember": null,
          "DisplayName": "",
          "ShortName": "",
          "SortBy": "",
          "JoinWithGraph": false,
          "JoinGraphName": null,
          "JoinWithNode": "FROM"
        },
        {
          "Id": "f85e1d06-f9ac-433d-b888-4262e3f8af3a",
          "AttributeName": "Measure",
          "Dimension": "Measure",
          "Axis": "column",
          "ShowInfo": {
            "ShowDetail": true,
            "ShowPulse": true,
            "ShowTask": true,
            "ShowMarketIntelligence": true
          },
          "IsVisible": true,
          "IsAttributeRequired": false,
          "ShowSubtotal": false,
          "ShowMemberConditionalFormatting": false,
          "SortBy": "",
          "JoinWithGraph": false,
          "DisplayName": "",
          "ShortName": "",
          "UOMMember": ""
        }
      ],
      "FilterGroups": [
        {
          "GroupName": "Selling Season",
          "HierarchyId": "",
          "Id": "d28c005d-7389-4de4-b11f-4d77814ece88",
          "Attributes": [
            "56b72eb0-2d21-d392-f36d-296d4e622245"
          ]
        },
        {
          "GroupName": "Cluster",
          "HierarchyId": "",
          "Id": "b6a39fb8-9f7d-4ac7-8430-80140b085404",
          "Attributes": [
            "1e5a008a-7c3a-4516-a1f6-a8df32bf3be7"
          ]
        },
        {
          "GroupName": "L3",
          "HierarchyId": "3a9dfac3-b140-44c3-93b2-35103814b24d",
          "Id": "c72daa0a-7f71-47bc-a74b-3d0187c5065b",
          "Attributes": [
            "c8215069-c134-49e6-a1de-5f681eb07b83"
          ]
        },
        {
          "GroupName": "Sales Planning Channel",
          "HierarchyId": "8b997c33-e641-8ddd-be78-021f7472f22f",
          "Id": "edc30ea0-a0b2-4f60-b614-b538487a6300",
          "Attributes": [
            "0c4d82ca-2fbe-c1e8-f6c5-51ffdcf84efc"
          ]
        },
        {
          "GroupName": "Location Country",
          "HierarchyId": "1f68f135-2c92-4f44-8722-a8a3e921eb8e",
          "Id": "d80bf0d7-849b-489d-ae81-2b13fe569123",
          "Attributes": [
            "d00b8ae3-4077-4366-87b7-cf97749f44db"
          ]
        },
        {
          "GroupName": "Version Name",
          "HierarchyId": "",
          "Id": "d4a6e003-79d1-4ccb-bcb9-42f528e9c14a",
          "Attributes": [
            "211b33d5-d91f-40ec-9668-20e0da2ae7b3"
          ]
        }
      ],
      "MeasureCollections": [
        {
          "Title": "Options #",
          "ShowTitle": true,
          "ShowVerticalBorders": true,
          "Id": "efe75378-da1e-4693-9cc5-d3d493d91bb2",
          "IsGroup": true,
          "ChildMeasureCollections": [],
          "Measures": [
            {
              "Name": "Options Strategy",
              "Id": "0a0d0c83-c562-4df0-b33f-9e9fa459f71e",
              "IsTransient": true,
              "IsVisible": true,
              "IsEditable": true,
              "IsMultiFileUpload": false,
              "ShowInLocalTimeZone": false,
              "RenderType": "Value",
              "Alignment": "MiddleRight",
              "FormatString": "",
              "ColumnWidth": 0,
              "Sort": "",
              "UseExcelAggregation": false,
              "MeasureFormatting": [
                {
                  "BGCOLOR": "",
                  "FGCOLOR": "",
                  "ApplyForData": false,
                  "ApplyForHeader": false
                }
              ],
              "TimeHorizon": "",
              "Label": "Options Strategy",
              "Formula": "Measure.[Options Count AP]",
              "ShowInfo": {
                "ShowDetail": true,
                "ShowPulse": true,
                "ShowTask": true,
                "ShowMarketIntelligence": true
              },
              "ChildMeasureCollections": null,
              "IsMultiDimensionProperty": false
            },
            {
              "Name": "Ranged Options",
              "Id": "b4176170-2ac8-4f9a-bb7e-641e07598bed",
              "IsTransient": true,
              "IsVisible": true,
              "IsEditable": true,
              "IsMultiFileUpload": false,
              "ShowInLocalTimeZone": false,
              "RenderType": "Value",
              "Alignment": "MiddleRight",
              "FormatString": "",
              "ColumnWidth": 0,
              "Sort": "",
              "UseExcelAggregation": false,
              "MeasureFormatting": [
                {
                  "BGCOLOR": "",
                  "FGCOLOR": "",
                  "ApplyForData": false,
                  "ApplyForHeader": false
                }
              ],
              "TimeHorizon": "",
              "Label": "Ranged Options",
              "Formula": "Measure.[Ranged Options Count]",
              "ShowInfo": {
                "ShowDetail": true,
                "ShowPulse": true,
                "ShowTask": true,
                "ShowMarketIntelligence": true
              },
              "ChildMeasureCollections": null,
              "IsMultiDimensionProperty": false
            },
            {
              "Name": "Open to Assort",
              "Id": "fd9fc1fb-8565-526b-b26e-b5a6a808869f",
              "IsVisible": true,
              "IsEditable": false,
              "IsMultiFileUpload": false,
              "ShowInLocalTimeZone": false,
              "RenderType": "Value",
              "Alignment": "MiddleRight",
              "FormatString": "",
              "ColumnWidth": 0,
              "Sort": "",
              "UseExcelAggregation": false,
              "MeasureFormatting": [
                {
                  "BGCOLOR": "",
                  "FGCOLOR": "",
                  "ApplyForData": false,
                  "ApplyForHeader": false
                }
              ],
              "TimeHorizon": "",
              "ShowInfo": {
                "ShowDetail": true,
                "ShowPulse": true,
                "ShowTask": true,
                "ShowMarketIntelligence": true
              },
              "ChildMeasureCollections": null,
              "IsMultiDimensionProperty": false
            }
          ]
        }
      ],
      "MeasureCollections2": [],
      "AlwaysOnMeasureCollections": [],
      "GraphRelations": [],
      "Folders": []
    }
  },
  "WidgetKeywordTags": [],
  "DimensionAttributeUsages": [],
  "WidgetModel": {
    "WidgetModelId": "ac03bd69-6416-425d-bd56-526cbe2025a4",
    "ConfigJson": {
      "LevelAttributes": [
        {
          "Id": "915f5ad5-48c9-bdff-b209-f1edd7548efd",
          "AttributeName": "Options Reconciliation UIPF",
          "Dimension": "UIPreference",
          "IsFilter": true,
          "Axis": "none",
          "IsDefault": true,
          "AllSelection": false,
          "SelectedMembers": [],
          "Name": "Options Reconciliation UIPF",
          "DimensionName": "UIPreference",
          "ConfigJson": {
            "ModelDefinition": {
              "LevelAttributes": [
                {
                  "Id": "56b72eb0-2d21-d392-f36d-296d4e622245",
                  "AttributeName": "Selling Season",
                  "Dimension": "Selling Season",
                  "DimensionId": 2036282,
                  "IsFilter": true,
                  "Axis": "none",
                  "IsDefault": true,
                  "AllSelection": false,
                  "SelectedMembers": [
                    {
                      "Name": "SU22"
                    }
                  ],
                  "Name": "Selling Season",
                  "DimensionName": "Selling Season",
                  "OverrideFavSelection": false,
                  "CurrencyFilter": false,
                  "IsSingleSelect": true,
                  "MemberFilterExpression": "&APCurrentAndFutureSeasons",
                  "DefaultValueExpression": "",
                  "WorksheetLevelFilter": false,
                  "SortBy": "Key",
                  "SortOrder": "Ascending",
                  "IsNarrowYourSelection": false,
                  "Position": -550,
                  "UIPreferenceId": "915f5ad5-48c9-bdff-b209-f1edd7548efd",
                  "UIPreferenceName": "Options Reconciliation UIPF",
                  "IsAnchorAttribute": false,
                  "IsMemberSpecificAttribute": false,
                  "IsUIPrefAttr": true,
                  "GivenName": "Selling Season",
                  "PresentationName": "Selling Season",
                  "IsKey": true
                },
                {
                  "Id": "1e5a008a-7c3a-4516-a1f6-a8df32bf3be7",
                  "AttributeName": "Cluster",
                  "Dimension": "Cluster",
                  "DimensionId": 2036203,
                  "IsFilter": true,
                  "Axis": "none",
                  "IsDefault": true,
                  "AllSelection": true,
                  "SelectedMembers": [],
                  "Name": "Cluster",
                  "DimensionName": "Cluster",
                  "OverrideFavSelection": false,
                  "CurrencyFilter": false,
                  "IsSingleSelect": false,
                  "MemberFilterExpression": "&APClusters",
                  "DefaultValueExpression": "",
                  "WorksheetLevelFilter": false,
                  "SortBy": "",
                  "SortOrder": "",
                  "IsNarrowYourSelection": false,
                  "Position": -50,
                  "UIPreferenceId": "915f5ad5-48c9-bdff-b209-f1edd7548efd",
                  "UIPreferenceName": "Options Reconciliation UIPF",
                  "IsAnchorAttribute": false,
                  "IsMemberSpecificAttribute": false,
                  "IsUIPrefAttr": true,
                  "GivenName": "Cluster",
                  "PresentationName": "Cluster",
                  "IsKey": true
                },
                {
                  "Id": "c8215069-c134-49e6-a1de-5f681eb07b83",
                  "AttributeName": "L3",
                  "Dimension": "Item",
                  "DimensionId": 2036222,
                  "IsFilter": true,
                  "Axis": "none",
                  "IsDefault": true,
                  "AllSelection": false,
                  "SelectedMembers": [
                    {
                      "Name": "Mens Shirts Long Sleeve"
                    }
                  ],
                  "Name": "L3",
                  "DimensionName": "Item",
                  "OverrideFavSelection": false,
                  "CurrencyFilter": false,
                  "IsSingleSelect": true,
                  "MemberFilterExpression": "&APClasses",
                  "DefaultValueExpression": "",
                  "WorksheetLevelFilter": false,
                  "SortBy": "Name",
                  "SortOrder": "Ascending",
                  "IsNarrowYourSelection": false,
                  "Position": 50,
                  "UIPreferenceId": "915f5ad5-48c9-bdff-b209-f1edd7548efd",
                  "UIPreferenceName": "Options Reconciliation UIPF",
                  "IsAnchorAttribute": false,
                  "IsMemberSpecificAttribute": false,
                  "IsUIPrefAttr": true,
                  "GivenName": "L3",
                  "PresentationName": "L3",
                  "IsKey": false
                },
                {
                  "Id": "0c4d82ca-2fbe-c1e8-f6c5-51ffdcf84efc",
                  "AttributeName": "Sales Planning Channel",
                  "Dimension": "Sales Domain",
                  "DimensionId": 2036219,
                  "IsFilter": true,
                  "Axis": "none",
                  "IsDefault": true,
                  "AllSelection": true,
                  "SelectedMembers": [],
                  "Name": "Sales Planning Channel",
                  "DimensionName": "Sales Domain",
                  "OverrideFavSelection": false,
                  "CurrencyFilter": false,
                  "IsSingleSelect": false,
                  "MemberFilterExpression": "&APChannels",
                  "DefaultValueExpression": "",
                  "WorksheetLevelFilter": false,
                  "SortBy": "",
                  "SortOrder": "",
                  "IsNarrowYourSelection": false,
                  "Position": 60,
                  "UIPreferenceId": "915f5ad5-48c9-bdff-b209-f1edd7548efd",
                  "UIPreferenceName": "Options Reconciliation UIPF",
                  "IsAnchorAttribute": false,
                  "IsMemberSpecificAttribute": false,
                  "IsUIPrefAttr": true,
                  "GivenName": "Sales Planning Channel",
                  "PresentationName": "Sales Planning Channel",
                  "IsKey": false
                },
                {
                  "Id": "d00b8ae3-4077-4366-87b7-cf97749f44db",
                  "AttributeName": "Location Country",
                  "Dimension": "Location",
                  "DimensionId": 2036206,
                  "IsFilter": true,
                  "Axis": "none",
                  "IsDefault": true,
                  "AllSelection": true,
                  "SelectedMembers": [],
                  "Name": "Location Country",
                  "DimensionName": "Location",
                  "OverrideFavSelection": false,
                  "CurrencyFilter": false,
                  "IsSingleSelect": false,
                  "MemberFilterExpression": "&APLocationCountries",
                  "DefaultValueExpression": "",
                  "WorksheetLevelFilter": false,
                  "SortBy": "",
                  "SortOrder": "",
                  "IsNarrowYourSelection": false,
                  "Position": 70,
                  "UIPreferenceId": "915f5ad5-48c9-bdff-b209-f1edd7548efd",
                  "UIPreferenceName": "Options Reconciliation UIPF",
                  "IsAnchorAttribute": false,
                  "IsMemberSpecificAttribute": false,
                  "IsUIPrefAttr": true,
                  "GivenName": "Location Country",
                  "PresentationName": "Location Country",
                  "IsKey": false
                }
              ],
              "NamedSets": []
            },
            "Presentation": {
              "LevelAttributes": []
            }
          },
          "CurrencyFilter": false,
          "IsSingleSelect": false,
          "MemberFilterExpression": "",
          "DefaultValueExpression": "",
          "OverrideFavSelection": false,
          "WorksheetLevelFilter": false,
          "HideDummyMembers": false,
          "SortBy": "",
          "SortOrder": "",
          "IsNarrowYourSelection": false
        },
        {
          "Id": "211b33d5-d91f-40ec-9668-20e0da2ae7b3",
          "AttributeName": "Version Name",
          "Dimension": "Version",
          "DimensionId": 3742104,
          "IsFilter": true,
          "Axis": "none",
          "IsDefault": true,
          "AllSelection": false,
          "SelectedMembers": [
            {
              "Name": "CurrentWorkingView"
            }
          ],
          "Name": "Version Name",
          "DimensionName": "Version",
          "OverrideFavSelection": false,
          "IsSingleSelect": true,
          "MemberFilterExpression": "&CWVAndScenarios",
          "DefaultValueExpression": "",
          "WorksheetLevelFilter": false,
          "HideDummyMembers": false,
          "SortBy": "",
          "SortOrder": "",
          "IsNarrowYourSelection": false,
          "Position": 120
        },
        {
          "Id": "334389e3-48e6-2a9f-4602-376a3038e869",
          "AttributeName": "Options Reconciliation UIP",
          "Dimension": "UIPreference",
          "IsFilter": false,
          "Axis": "row",
          "IsDefault": true,
          "AllSelection": false,
          "SelectedMembers": [],
          "Name": "Options Reconciliation UIP",
          "DimensionName": "UIPreference",
          "ConfigJson": {
            "ModelDefinition": {
              "LevelAttributes": [
                {
                  "Id": "c8215069-c134-49e6-a1de-5f681eb07b83",
                  "AttributeName": "L3",
                  "Dimension": "Item",
                  "EdgeDirection": null,
                  "IsFilter": false,
                  "Axis": "row",
                  "IsDefault": true,
                  "AllSelection": false,
                  "SelectedMembers": [],
                  "Name": "L3",
                  "DimensionName": "Item",
                  "AliasName": "Class",
                  "AliasId": "f152462b-941f-7e6e-d0fe-ecd1c812239c",
                  "AliasType": "AttributeAlias",
                  "IsVisible": true,
                  "IsAttributeRequired": false,
                  "ShowSubtotal": false,
                  "ShowMemberConditionalFormatting": false,
                  "DisplayName": "",
                  "ShortName": "",
                  "SortBy": "",
                  "JoinWithGraph": false,
                  "JoinGraphName": null,
                  "JoinWithNode": "FROM",
                  "UIPreferenceId": "334389e3-48e6-2a9f-4602-376a3038e869",
                  "UIPreferenceName": "Options Reconciliation UIP"
                },
                {
                  "Id": "d14ad722-e28d-71af-f63d-6cc77a8e6d68",
                  "AttributeName": "Product Attribute Group",
                  "Dimension": "Product Attribute Group",
                  "EdgeDirection": null,
                  "IsFilter": false,
                  "Axis": "row",
                  "IsDefault": true,
                  "AllSelection": false,
                  "SelectedMembers": [],
                  "Name": "Product Attribute Group",
                  "DimensionName": "Product Attribute Group",
                  "IsVisible": false,
                  "IsAttributeRequired": false,
                  "ShowSubtotal": false,
                  "ShowMemberConditionalFormatting": false,
                  "DisplayName": "",
                  "ShortName": "",
                  "SortBy": "",
                  "JoinWithGraph": false,
                  "JoinGraphName": null,
                  "JoinWithNode": "FROM",
                  "UIPreferenceId": "334389e3-48e6-2a9f-4602-376a3038e869",
                  "UIPreferenceName": "Options Reconciliation UIP"
                },
                {
                  "Id": "d00b8ae3-4077-4366-87b7-cf97749f44db",
                  "AttributeName": "Location Country",
                  "Dimension": "Location",
                  "EdgeDirection": null,
                  "IsFilter": false,
                  "Axis": "row",
                  "IsDefault": true,
                  "AllSelection": false,
                  "SelectedMembers": [],
                  "Name": "Location Country",
                  "DimensionName": "Location",
                  "AliasName": "Country",
                  "AliasId": "47690e8c-bf7f-abdd-8250-0bc27e856388",
                  "AliasType": "AttributeAlias",
                  "IsVisible": true,
                  "IsAttributeRequired": false,
                  "ShowSubtotal": false,
                  "ShowMemberConditionalFormatting": false,
                  "DisplayName": "",
                  "ShortName": "",
                  "SortBy": "",
                  "JoinWithGraph": false,
                  "JoinGraphName": null,
                  "JoinWithNode": "FROM",
                  "UIPreferenceId": "334389e3-48e6-2a9f-4602-376a3038e869",
                  "UIPreferenceName": "Options Reconciliation UIP"
                },
                {
                  "Id": "0c4d82ca-2fbe-c1e8-f6c5-51ffdcf84efc",
                  "AttributeName": "Sales Planning Channel",
                  "Dimension": "Sales Domain",
                  "EdgeDirection": null,
                  "IsFilter": false,
                  "Axis": "row",
                  "IsDefault": true,
                  "AllSelection": false,
                  "SelectedMembers": [],
                  "Name": "Sales Planning Channel",
                  "DimensionName": "Sales Domain",
                  "IsVisible": true,
                  "IsAttributeRequired": false,
                  "ShowSubtotal": false,
                  "ShowMemberConditionalFormatting": false,
                  "DisplayName": "",
                  "ShortName": "",
                  "SortBy": "",
                  "JoinWithGraph": false,
                  "JoinGraphName": null,
                  "JoinWithNode": "FROM",
                  "UIPreferenceId": "334389e3-48e6-2a9f-4602-376a3038e869",
                  "UIPreferenceName": "Options Reconciliation UIP"
                },
                {
                  "Id": "1e5a008a-7c3a-4516-a1f6-a8df32bf3be7",
                  "AttributeName": "Cluster",
                  "Dimension": "Cluster",
                  "EdgeDirection": null,
                  "IsFilter": false,
                  "Axis": "row",
                  "IsDefault": true,
                  "AllSelection": false,
                  "SelectedMembers": [],
                  "Name": "Cluster",
                  "DimensionName": "Cluster",
                  "IsVisible": true,
                  "IsAttributeRequired": false,
                  "ShowSubtotal": false,
                  "ShowMemberConditionalFormatting": false,
                  "DisplayName": "",
                  "ShortName": "",
                  "SortBy": "",
                  "JoinWithGraph": false,
                  "JoinGraphName": null,
                  "JoinWithNode": "FROM",
                  "UIPreferenceId": "334389e3-48e6-2a9f-4602-376a3038e869",
                  "UIPreferenceName": "Options Reconciliation UIP"
                }
              ],
              "NamedSets": []
            },
            "Presentation": {
              "LevelAttributes": [
                {
                  "Id": "c8215069-c134-49e6-a1de-5f681eb07b83",
                  "AttributeName": "L3",
                  "Dimension": "Item",
                  "Axis": "row",
                  "ShowInfo": {
                    "ShowDetail": true,
                    "ShowPulse": true,
                    "ShowTask": true,
                    "ShowMarketIntelligence": true
                  },
                  "IsVisible": true,
                  "IsAttributeRequired": false,
                  "ShowSubtotal": false,
                  "ShowMemberConditionalFormatting": false,
                  "UOMMember": null,
                  "DisplayName": "",
                  "ShortName": "",
                  "SortBy": "",
                  "JoinWithGraph": false,
                  "JoinGraphName": null,
                  "JoinWithNode": "FROM",
                  "UIPreferenceId": "334389e3-48e6-2a9f-4602-376a3038e869",
                  "UIPreferenceName": "Options Reconciliation UIP",
                  "Name": "L3",
                  "DimensionName": "Item"
                },
                {
                  "Id": "d14ad722-e28d-71af-f63d-6cc77a8e6d68",
                  "AttributeName": "Product Attribute Group",
                  "Dimension": "Product Attribute Group",
                  "Axis": "row",
                  "ShowInfo": {
                    "ShowDetail": true,
                    "ShowPulse": true,
                    "ShowTask": true,
                    "ShowMarketIntelligence": true
                  },
                  "IsVisible": false,
                  "IsAttributeRequired": false,
                  "ShowSubtotal": false,
                  "ShowMemberConditionalFormatting": false,
                  "UOMMember": null,
                  "DisplayName": "",
                  "ShortName": "",
                  "SortBy": "",
                  "JoinWithGraph": false,
                  "JoinGraphName": null,
                  "JoinWithNode": "FROM",
                  "UIPreferenceId": "334389e3-48e6-2a9f-4602-376a3038e869",
                  "UIPreferenceName": "Options Reconciliation UIP",
                  "Name": "Product Attribute Group",
                  "DimensionName": "Product Attribute Group"
                },
                {
                  "Id": "d00b8ae3-4077-4366-87b7-cf97749f44db",
                  "AttributeName": "Location Country",
                  "Dimension": "Location",
                  "Axis": "row",
                  "ShowInfo": {
                    "ShowDetail": true,
                    "ShowPulse": true,
                    "ShowTask": true,
                    "ShowMarketIntelligence": true
                  },
                  "IsVisible": true,
                  "IsAttributeRequired": false,
                  "ShowSubtotal": false,
                  "ShowMemberConditionalFormatting": false,
                  "UOMMember": null,
                  "DisplayName": "",
                  "ShortName": "",
                  "SortBy": "",
                  "JoinWithGraph": false,
                  "JoinGraphName": null,
                  "JoinWithNode": "FROM",
                  "UIPreferenceId": "334389e3-48e6-2a9f-4602-376a3038e869",
                  "UIPreferenceName": "Options Reconciliation UIP",
                  "Name": "Location Country",
                  "DimensionName": "Location"
                },
                {
                  "Id": "0c4d82ca-2fbe-c1e8-f6c5-51ffdcf84efc",
                  "AttributeName": "Sales Planning Channel",
                  "Dimension": "Sales Domain",
                  "Axis": "row",
                  "ShowInfo": {
                    "ShowDetail": true,
                    "ShowPulse": true,
                    "ShowTask": true,
                    "ShowMarketIntelligence": true
                  },
                  "IsVisible": true,
                  "IsAttributeRequired": false,
                  "ShowSubtotal": false,
                  "ShowMemberConditionalFormatting": false,
                  "UOMMember": null,
                  "DisplayName": "",
                  "ShortName": "",
                  "SortBy": "",
                  "JoinWithGraph": false,
                  "JoinGraphName": null,
                  "JoinWithNode": "FROM",
                  "UIPreferenceId": "334389e3-48e6-2a9f-4602-376a3038e869",
                  "UIPreferenceName": "Options Reconciliation UIP",
                  "Name": "Sales Planning Channel",
                  "DimensionName": "Sales Domain"
                },
                {
                  "Id": "1e5a008a-7c3a-4516-a1f6-a8df32bf3be7",
                  "AttributeName": "Cluster",
                  "Dimension": "Cluster",
                  "Axis": "row",
                  "ShowInfo": {
                    "ShowDetail": true,
                    "ShowPulse": true,
                    "ShowTask": true,
                    "ShowMarketIntelligence": true
                  },
                  "IsVisible": true,
                  "IsAttributeRequired": false,
                  "ShowSubtotal": false,
                  "ShowMemberConditionalFormatting": false,
                  "UOMMember": null,
                  "DisplayName": "",
                  "ShortName": "",
                  "SortBy": "",
                  "JoinWithGraph": false,
                  "JoinGraphName": null,
                  "JoinWithNode": "FROM",
                  "UIPreferenceId": "334389e3-48e6-2a9f-4602-376a3038e869",
                  "UIPreferenceName": "Options Reconciliation UIP",
                  "Name": "Cluster",
                  "DimensionName": "Cluster"
                }
              ]
            }
          },
          "IsVisible": true,
          "IsAttributeRequired": false,
          "ShowSubtotal": false,
          "ShowMemberConditionalFormatting": false,
          "DisplayName": "",
          "ShortName": "",
          "SortBy": "",
          "JoinWithGraph": false,
          "JoinGraphName": null,
          "JoinWithNode": "FROM"
        },
        {
          "Id": "f85e1d06-f9ac-433d-b888-4262e3f8af3a",
          "AttributeName": "Measure",
          "Dimension": "Measure",
          "IsFilter": false,
          "Axis": "column",
          "IsDefault": true,
          "AllSelection": false,
          "SelectedMembers": [],
          "Name": "Measure",
          "DimensionName": "Measure",
          "IsVisible": true,
          "IsAttributeRequired": false,
          "ShowSubtotal": false,
          "ShowMemberConditionalFormatting": false,
          "SortBy": "",
          "JoinWithGraph": false,
          "DisplayName": "",
          "ShortName": "",
          "UOMMember": ""
        }
      ],
      "PeggingAttributes": [],
      "FlowPlanAttributes": [],
      "Hierarchies": [],
      "NamedSets": [],
      "RegularMeasures": [
        {
          "Id": "fd9fc1fb-8565-526b-b26e-b5a6a808869f",
          "Name": "Open to Assort"
        }
      ],
      "TransientMeasures": [
        {
          "Id": "0a0d0c83-c562-4df0-b33f-9e9fa459f71e",
          "Name": "Options Strategy",
          "DisplayName": "Options Strategy",
          "Formula": "Measure.[Options Count AP]"
        },
        {
          "Id": "b4176170-2ac8-4f9a-bb7e-641e07598bed",
          "Name": "Ranged Options",
          "DisplayName": "Ranged Options",
          "Formula": "Measure.[Ranged Options Count]"
        }
      ],
      "GraphRelations": [],
      "Folders": [],
      "AssociationMeasures": [
        {
          "MeasureFilterIBPLExpression": "Measure.[Style Color PAG Association]>0 && Measure.[Planning Item Status Property]==True",
          "MeasureFilterScope": "Post Filter"
        }
      ],
      "AssociationMeasureExpressions": [
        {
          "Expression": ""
        }
      ],
      "MeasureValueFilters": [],
      "DataProperties": {
        "IncludeInactiveMembers": false,
        "IncludeNulls": false,
        "NullsForFinerGrainSelect": false,
        "NullsForUnrelatedAttrSelect": false,
        "RequireEditValidation": false,
        "SubTotalsType": "NoSubtotals",
        "IncludeNullsForSeries": "",
        "AssociationMeasureExpression": ""
      },
      "FilterProperties": {
        "VersionDependentFilter": false,
        "InterDependentMeasure": {
          "Id": "a7802d8b-c077-4576-1601-67e0e8720c1a",
          "Name": "Current Future L3 SS Association"
        },
        "ExcludeVersionInFavorite": false,
        "StickyDimensionsOnAlwaysOnPane": [
          {
            "DimensionName": "Version",
            "DimensionId": "0d40e77b-9527-489d-a3c9-f8275cd8b0dc",
            "AlwaysShow": false
          }
        ]
      },
      "SortByMeasure": [
        {
          "Measure": null,
          "SortOrder": ""
        }
      ]
    }
  }
}