{
  "Name": "Ranging Approval Exception",
  "WidgetDefinitionId": "9319572c-aa79-c1ce-c839-c210f05f0352",
  "IsPrivate": false,
  "WidgetType": "o9.pivot",
  "ViewWidgetDefinition": null,
  "PageWidgetDefinition": null,
  "CreatedUserEmail": "janhavi.sunil@o9solutions.com",
  "ModifiedUserEmail": "janhavi.sunil@o9solutions.com",
  "Roles": [
    "public"
  ],
  "ConfigJson": {
    "Widget": {
      "Height": 550,
      "ActionButtons": []
    },
    "Presentation": {
      "DataColumnBeforeMembers": false,
      "ShowQuickToggleBar": false,
      "IsEditable": true,
      "EnableExpandCollapse": true,
      "EnableOnGridFilter": true,
      "EnableSort": true,
      "EnableColumnReorder": true,
      "DisableBulkEdit": false,
      "DisableCopyOption": false,
      "DisableAdjustOption": false,
      "DisableApplyOption": false,
      "DisableNullifyOption": false,
      "EnableColumnResize": true,
      "ClearColumnFilterOnScopeFilter": false,
      "EnableJitColumns": false,
      "EnableAuditTrail": false,
      "EnableAutoCollapseColumns": false,
      "EnableSparsifyRowSelection": false,
      "UseConditionalFormatting": false,
      "EnablePastDifferentiation": false,
      "SuppressMessageHeader": false,
      "HideActionButtons": true,
      "ShowImage": true,
      "ShowMeasureGroupAsColumn": false,
      "DefaultLinkFiltersAutoSelection": true,
      "RowHeight": "25",
      "ShowServerConditionalFormating": false,
      "InterDependentFilter": false,
      "UseOutlineFormLayout": false,
      "DisableFieldList": false,
      "ShowComments": false,
      "HideNullRows": false,
      "HideNullColumns": false,
      "HideReadOnlyNullRows": false,
      "DisableBulkEditMeasures": false,
      "EnableMeasureReposition": false,
      "AllowExcelDownload": false,
      "EnableExportPivot": "",
      "DownloadButton": "System Setting",
      "AbovePivotFilterLevelAttribute": "",
      "AbovePivotFilterValue": "",
      "LayoutColumnWidth": "System Setting",
      "IsSummary": false,
      "ActionButtonBindings": "",
      "ExcelActionButtons": "",
      "CollabFolders": "",
      "ColumnProp": {
        "ColumnSubtotalsAtEnd": false,
        "TimeColumnSubTotalAtEnd": false
      },
      "RowProp": {
        "ShowMultiDimensionProperty": false,
        "RowSubtotalsAtEnd": false
      },
      "FilterProperties": "",
      "ReportMeasureSet": "",
      "IsGraphReport": false,
      "IsMultiGraphReport": false,
      "LevelAttributes": [
        {
          "Id": "304e572f-fe17-4be2-87bb-469f33bee496",
          "AttributeName": "Planning Item",
          "Dimension": "Item",
          "Axis": "row",
          "ShowInfo": {
            "ShowDetail": true,
            "ShowPulse": true,
            "ShowTask": true,
            "ShowMarketIntelligence": true
          },
          "IsVisible": true,
          "IsAttributeRequired": false,
          "ShowSubtotal": false,
          "ShowMemberConditionalFormatting": false,
          "UOMMember": null,
          "DisplayName": "",
          "ShortName": "",
          "SortBy": "",
          "JoinWithGraph": false,
          "JoinGraphName": null,
          "JoinWithNode": "FROM"
        },
        {
          "Id": "9c3b45ac-e578-4b7d-8bba-9b631bdb0b79",
          "AttributeName": "Location",
          "Dimension": "Location",
          "Axis": "row",
          "ShowInfo": {
            "ShowDetail": true,
            "ShowPulse": true,
            "ShowTask": true,
            "ShowMarketIntelligence": true
          },
          "IsVisible": true,
          "IsAttributeRequired": false,
          "ShowSubtotal": false,
          "ShowMemberConditionalFormatting": false,
          "UOMMember": null,
          "DisplayName": "",
          "ShortName": "",
          "SortBy": "",
          "JoinWithGraph": false,
          "JoinGraphName": null,
          "JoinWithNode": "FROM"
        },
        {
          "Id": "0c4d82ca-2fbe-c1e8-f6c5-51ffdcf84efc",
          "AttributeName": "Sales Planning Channel",
          "Dimension": "Sales Domain",
          "Axis": "row",
          "ShowInfo": {
            "ShowDetail": true,
            "ShowPulse": true,
            "ShowTask": true,
            "ShowMarketIntelligence": true
          },
          "IsVisible": true,
          "IsAttributeRequired": false,
          "ShowSubtotal": false,
          "ShowMemberConditionalFormatting": false,
          "UOMMember": null,
          "DisplayName": "",
          "ShortName": "",
          "SortBy": "",
          "JoinWithGraph": false,
          "JoinGraphName": null,
          "JoinWithNode": "FROM"
        },
        {
          "Id": "56b72eb0-2d21-d392-f36d-296d4e622245",
          "AttributeName": "Selling Season",
          "Dimension": "Selling Season",
          "Axis": "row",
          "ShowInfo": {
            "ShowDetail": true,
            "ShowPulse": true,
            "ShowTask": true,
            "ShowMarketIntelligence": true
          },
          "IsVisible": true,
          "IsAttributeRequired": false,
          "ShowSubtotal": false,
          "ShowMemberConditionalFormatting": false,
          "SortBy": "",
          "JoinWithGraph": false,
          "DisplayName": "",
          "ShortName": "",
          "UOMMember": ""
        },
        {
          "Id": "c10adc93-eaa6-4535-962b-00a950200a6b",
          "AttributeName": "Measure",
          "Dimension": "Measure",
          "Axis": "column",
          "ShowInfo": {
            "ShowDetail": true,
            "ShowPulse": true,
            "ShowTask": true,
            "ShowMarketIntelligence": true
          },
          "IsVisible": true,
          "IsAttributeRequired": false,
          "ShowSubtotal": false,
          "ShowMemberConditionalFormatting": false,
          "SortBy": "",
          "JoinWithGraph": false,
          "DisplayName": "",
          "ShortName": "",
          "UOMMember": ""
        }
      ],
      "FilterGroups": [
        {
          "GroupName": "Version Name",
          "HierarchyId": "",
          "Id": "c8d67ac7-7e9c-4f29-9697-47319a446948",
          "Attributes": [
            "211b33d5-d91f-40ec-9668-20e0da2ae7b3"
          ]
        },
        {
          "GroupName": "Selling Season",
          "HierarchyId": "",
          "Id": "e2a16f83-0074-4a9e-84db-18b5e663e775",
          "Attributes": [
            "56b72eb0-2d21-d392-f36d-296d4e622245"
          ]
        },
        {
          "GroupName": "L3",
          "HierarchyId": "3a9dfac3-b140-44c3-93b2-35103814b24d",
          "Id": "a170afcb-2850-4bad-a521-0c08e543e074",
          "Attributes": [
            "c8215069-c134-49e6-a1de-5f681eb07b83"
          ]
        },
        {
          "GroupName": "Sales Planning Channel",
          "HierarchyId": "8b997c33-e641-8ddd-be78-021f7472f22f",
          "Id": "b1ae5da3-ad4d-4c96-97c6-b70391e19a8c",
          "Attributes": [
            "0c4d82ca-2fbe-c1e8-f6c5-51ffdcf84efc"
          ]
        },
        {
          "GroupName": "Location Country",
          "HierarchyId": "1f68f135-2c92-4f44-8722-a8a3e921eb8e",
          "Id": "df154d12-6756-4144-bbde-764ffa35facd",
          "Attributes": [
            "d00b8ae3-4077-4366-87b7-cf97749f44db"
          ]
        }
      ],
      "MeasureCollections": [
        {
          "Measures": [
            {
              "Name": "Approved Season",
              "Id": "39f82395-af3e-06b4-da12-065e19eb2120",
              "IsVisible": true,
              "IsEditable": false,
              "IsMultiFileUpload": false,
              "ShowInLocalTimeZone": false,
              "RenderType": "Value",
              "Alignment": "MiddleRight",
              "FormatString": "",
              "ColumnWidth": 0,
              "Sort": "",
              "UseExcelAggregation": false,
              "MeasureFormatting": [
                {
                  "BGCOLOR": "",
                  "FGCOLOR": "",
                  "ApplyForData": false,
                  "ApplyForHeader": false
                }
              ],
              "TimeHorizon": "",
              "ShowInfo": {
                "ShowDetail": true,
                "ShowPulse": true,
                "ShowTask": true,
                "ShowMarketIntelligence": true
              },
              "ChildMeasureCollections": null,
              "IsMultiDimensionProperty": false
            }
          ]
        }
      ],
      "MeasureCollections2": [],
      "AlwaysOnMeasureCollections": [],
      "GraphRelations": [],
      "Folders": []
    }
  },
  "WidgetKeywordTags": [],
  "DimensionAttributeUsages": [],
  "WidgetModel": {
    "WidgetModelId": "f3914778-9994-4623-822c-6de7b3abd50f",
    "ConfigJson": {
      "LevelAttributes": [
        {
          "Id": "211b33d5-d91f-40ec-9668-20e0da2ae7b3",
          "AttributeName": "Version Name",
          "Dimension": "Version",
          "DimensionId": 406880,
          "IsFilter": true,
          "Axis": "none",
          "IsDefault": true,
          "AllSelection": false,
          "SelectedMembers": [
            {
              "Name": "Test001",
              "DisplayAlias": null
            }
          ],
          "Name": "Version Name",
          "DimensionName": "Version",
          "OverrideFavSelection": false,
          "IsSingleSelect": true,
          "MemberFilterExpression": "&CWVAndScenarios",
          "DefaultValueExpression": "",
          "WorksheetLevelFilter": false,
          "HideDummyMembers": false,
          "SortBy": "",
          "SortOrder": "",
          "IsNarrowYourSelection": false,
          "Position": 120
        },
        {
          "Id": "7800d8af-439d-a62e-d5d8-2613b25424e2",
          "AttributeName": "Ranging Exception UIPF",
          "Dimension": "UIPreference",
          "IsFilter": true,
          "Axis": "none",
          "IsDefault": true,
          "AllSelection": true,
          "SelectedMembers": [],
          "Name": "Ranging Exception UIPF",
          "DimensionName": "UIPreference",
          "ConfigJson": {
            "ModelDefinition": {
              "LevelAttributes": [
                {
                  "Id": "56b72eb0-2d21-d392-f36d-296d4e622245",
                  "AttributeName": "Selling Season",
                  "Dimension": "Selling Season",
                  "DimensionId": 407035,
                  "IsFilter": true,
                  "Axis": "none",
                  "IsDefault": true,
                  "AllSelection": false,
                  "SelectedMembers": [
                    {
                      "Name": "SU22"
                    }
                  ],
                  "Name": "Selling Season",
                  "DimensionName": "Selling Season",
                  "OverrideFavSelection": false,
                  "CurrencyFilter": false,
                  "IsSingleSelect": true,
                  "MemberFilterExpression": "&APCurrentAndFutureSeasons",
                  "DefaultValueExpression": "",
                  "WorksheetLevelFilter": false,
                  "HideDummyMembers": false,
                  "SortBy": "Key",
                  "SortOrder": "Ascending",
                  "IsNarrowYourSelection": false,
                  "Position": 1,
                  "IsUIPrefAttr": true,
                  "GivenName": "Selling Season",
                  "PresentationName": "Selling Season",
                  "Guid": "56b72eb0-2d21-d392-f36d-296d4e622245",
                  "AttributeId": "56b72eb0-2d21-d392-f36d-296d4e622245",
                  "AncestorAttributeNames": [],
                  "AttributeMemberProperties": []
                },
                {
                  "Id": "c8215069-c134-49e6-a1de-5f681eb07b83",
                  "AttributeName": "L3",
                  "Dimension": "Item",
                  "DimensionId": 406973,
                  "IsFilter": true,
                  "Axis": "none",
                  "IsDefault": true,
                  "AllSelection": true,
                  "SelectedMembers": [],
                  "Name": "L3",
                  "DimensionName": "Item",
                  "AliasName": "Class",
                  "AliasId": "f152462b-941f-7e6e-d0fe-ecd1c812239c",
                  "AliasType": "AttributeAlias",
                  "OverrideFavSelection": false,
                  "CurrencyFilter": false,
                  "IsSingleSelect": false,
                  "MemberFilterExpression": "&APClasses",
                  "DefaultValueExpression": "",
                  "WorksheetLevelFilter": false,
                  "HideDummyMembers": false,
                  "SortBy": "Name",
                  "SortOrder": "Ascending",
                  "IsNarrowYourSelection": false,
                  "Position": 2,
                  "IsUIPrefAttr": true,
                  "GivenName": "L3",
                  "PresentationName": "L3",
                  "Guid": "c8215069-c134-49e6-a1de-5f681eb07b83",
                  "AttributeId": "c8215069-c134-49e6-a1de-5f681eb07b83",
                  "AncestorAttributeNames": [],
                  "AttributeMemberProperties": []
                },
                {
                  "Id": "0c4d82ca-2fbe-c1e8-f6c5-51ffdcf84efc",
                  "AttributeName": "Sales Planning Channel",
                  "Dimension": "Sales Domain",
                  "DimensionId": 406970,
                  "IsFilter": true,
                  "Axis": "none",
                  "IsDefault": true,
                  "AllSelection": true,
                  "SelectedMembers": [],
                  "Name": "Sales Planning Channel",
                  "DimensionName": "Sales Domain",
                  "OverrideFavSelection": false,
                  "CurrencyFilter": false,
                  "IsSingleSelect": false,
                  "MemberFilterExpression": "&APChannels",
                  "DefaultValueExpression": "",
                  "WorksheetLevelFilter": false,
                  "HideDummyMembers": false,
                  "SortBy": "",
                  "SortOrder": "",
                  "IsNarrowYourSelection": false,
                  "Position": 3,
                  "IsUIPrefAttr": true,
                  "GivenName": "Sales Planning Channel",
                  "PresentationName": "Sales Planning Channel",
                  "Guid": "0c4d82ca-2fbe-c1e8-f6c5-51ffdcf84efc",
                  "AttributeId": "0c4d82ca-2fbe-c1e8-f6c5-51ffdcf84efc",
                  "AncestorAttributeNames": [
                    "All Sales Domain",
                    "Sales Channel L1",
                    "Sales Channel L2"
                  ],
                  "AttributeMemberProperties": []
                },
                {
                  "Id": "d00b8ae3-4077-4366-87b7-cf97749f44db",
                  "AttributeName": "Location Country",
                  "Dimension": "Location",
                  "DimensionId": 406956,
                  "IsFilter": true,
                  "Axis": "none",
                  "IsDefault": true,
                  "AllSelection": true,
                  "SelectedMembers": [],
                  "Name": "Location Country",
                  "DimensionName": "Location",
                  "OverrideFavSelection": false,
                  "CurrencyFilter": false,
                  "IsSingleSelect": false,
                  "MemberFilterExpression": "&APLocationCountries",
                  "DefaultValueExpression": "",
                  "WorksheetLevelFilter": false,
                  "HideDummyMembers": false,
                  "SortBy": "",
                  "SortOrder": "",
                  "IsNarrowYourSelection": false,
                  "Position": 4,
                  "IsUIPrefAttr": true,
                  "GivenName": "Location Country",
                  "PresentationName": "Location Country",
                  "Guid": "d00b8ae3-4077-4366-87b7-cf97749f44db",
                  "AttributeId": "d00b8ae3-4077-4366-87b7-cf97749f44db",
                  "AncestorAttributeNames": [],
                  "AttributeMemberProperties": []
                }
              ],
              "PeggingAttributes": [],
              "NamedSets": []
            },
            "Presentation": {
              "LevelAttributes": []
            },
            "PreferenceType": "o9.filter"
          }
        },
        {
          "Id": "304e572f-fe17-4be2-87bb-469f33bee496",
          "AttributeName": "Planning Item",
          "Dimension": "Item",
          "EdgeDirection": null,
          "IsFilter": false,
          "Axis": "row",
          "IsDefault": true,
          "AllSelection": false,
          "SelectedMembers": [],
          "Name": "Planning Item",
          "DimensionName": "Item",
          "AliasName": "Style Color",
          "AliasId": "dd46d259-a55d-adb2-838e-b27dd848d904",
          "AliasType": "AttributeAlias",
          "IsVisible": true,
          "IsAttributeRequired": false,
          "ShowSubtotal": false,
          "ShowMemberConditionalFormatting": false,
          "DisplayName": "",
          "ShortName": "",
          "SortBy": "",
          "JoinWithGraph": false,
          "JoinGraphName": null,
          "JoinWithNode": "FROM"
        },
        {
          "Id": "9c3b45ac-e578-4b7d-8bba-9b631bdb0b79",
          "AttributeName": "Location",
          "Dimension": "Location",
          "EdgeDirection": null,
          "IsFilter": false,
          "Axis": "row",
          "IsDefault": true,
          "AllSelection": false,
          "SelectedMembers": [],
          "Name": "Location",
          "DimensionName": "Location",
          "AliasName": "Store",
          "AliasId": "01024ab1-1efc-65c9-9428-de653b6a9e83",
          "AliasType": "AttributeAlias",
          "IsVisible": true,
          "IsAttributeRequired": false,
          "ShowSubtotal": false,
          "ShowMemberConditionalFormatting": false,
          "DisplayName": "",
          "ShortName": "",
          "SortBy": "",
          "JoinWithGraph": false,
          "JoinGraphName": null,
          "JoinWithNode": "FROM"
        },
        {
          "Id": "0c4d82ca-2fbe-c1e8-f6c5-51ffdcf84efc",
          "AttributeName": "Sales Planning Channel",
          "Dimension": "Sales Domain",
          "EdgeDirection": null,
          "IsFilter": false,
          "Axis": "row",
          "IsDefault": true,
          "AllSelection": false,
          "SelectedMembers": [],
          "Name": "Sales Planning Channel",
          "DimensionName": "Sales Domain",
          "IsVisible": true,
          "IsAttributeRequired": false,
          "ShowSubtotal": false,
          "ShowMemberConditionalFormatting": false,
          "DisplayName": "",
          "ShortName": "",
          "SortBy": "",
          "JoinWithGraph": false,
          "JoinGraphName": null,
          "JoinWithNode": "FROM"
        },
        {
          "Id": "56b72eb0-2d21-d392-f36d-296d4e622245",
          "AttributeName": "Selling Season",
          "Dimension": "Selling Season",
          "EdgeDirection": null,
          "IsFilter": false,
          "Axis": "row",
          "IsDefault": true,
          "AllSelection": false,
          "SelectedMembers": [],
          "Name": "Selling Season",
          "DimensionName": "Selling Season",
          "IsVisible": true,
          "IsAttributeRequired": false,
          "ShowSubtotal": false,
          "ShowMemberConditionalFormatting": false,
          "SortBy": "",
          "JoinWithGraph": false,
          "DisplayName": "",
          "ShortName": ""
        },
        {
          "Id": "c10adc93-eaa6-4535-962b-00a950200a6b",
          "AttributeName": "Measure",
          "Dimension": "Measure",
          "IsFilter": false,
          "Axis": "column",
          "IsDefault": true,
          "AllSelection": false,
          "SelectedMembers": [],
          "Name": "Measure",
          "DimensionName": "Measure",
          "IsVisible": true,
          "IsAttributeRequired": false,
          "ShowSubtotal": false,
          "ShowMemberConditionalFormatting": false,
          "SortBy": "",
          "JoinWithGraph": false,
          "DisplayName": "",
          "ShortName": "",
          "UOMMember": ""
        }
      ],
      "PeggingAttributes": [],
      "FlowPlanAttributes": [],
      "Hierarchies": [],
      "NamedSets": [],
      "RegularMeasures": [
        {
          "Id": "39f82395-af3e-06b4-da12-065e19eb2120",
          "Name": "Approved Season"
        }
      ],
      "TransientMeasures": [],
      "GraphRelations": [],
      "Folders": [],
      "AssociationMeasures": [
        {
          "MeasureFilterIBPLExpression": "",
          "MeasureFilterScope": "Post Filter"
        }
      ],
      "AssociationMeasureExpressions": [
        {
          "Expression": ""
        }
      ],
      "DataProperties": {
        "IncludeInactiveMembers": false,
        "IncludeNulls": false,
        "NullsForFinerGrainSelect": false,
        "NullsForUnrelatedAttrSelect": false,
        "RequireEditValidation": false,
        "SubTotalsType": "NoSubtotals",
        "IncludeNullsForSeries": "",
        "AssociationMeasureExpression": ""
      },
      "FilterProperties": {
        "VersionDependentFilter": false,
        "InterDependentMeasure": {},
        "ExcludeVersionInFavorite": false
      },
      "FilterGroups": [
        {
          "Id": "c8d67ac7-7e9c-4f29-9697-47319a446948",
          "HierarchyId": "",
          "HierarchyName": "",
          "GroupName": "Version Name",
          "DimensionId": 406880,
          "DimensionName": "Version",
          "IsHierGroup": false,
          "IsNamedSet": false,
          "Attributes": [
            {
              "AttributeGuid": "211b33d5-d91f-40ec-9668-20e0da2ae7b3",
              "PresentationName": "Version Name",
              "GivenName": "Version Name",
              "AttributeName": "Version Name",
              "LevelPosition": 0,
              "IsKey": true
            }
          ],
          "AttrName": "Version Name"
        },
        {
          "Id": "e2a16f83-0074-4a9e-84db-18b5e663e775",
          "HierarchyId": "",
          "HierarchyName": "",
          "GroupName": "Selling Season",
          "DimensionId": 407035,
          "DimensionName": "Selling Season",
          "IsHierGroup": false,
          "IsNamedSet": false,
          "Attributes": [
            {
              "AttributeGuid": "56b72eb0-2d21-d392-f36d-296d4e622245",
              "AttributeId": "56b72eb0-2d21-d392-f36d-296d4e622245",
              "PresentationName": "Selling Season",
              "GivenName": "Selling Season",
              "AttributeName": "Selling Season",
              "LevelPosition": 0,
              "IsKey": false
            }
          ],
          "AttrName": "Selling Season"
        },
        {
          "Id": "a170afcb-2850-4bad-a521-0c08e543e074",
          "HierarchyId": "3a9dfac3-b140-44c3-93b2-35103814b24d",
          "HierarchyName": "Item Hierarchy",
          "GroupName": "L3",
          "DimensionId": 406973,
          "DimensionName": "Item",
          "IsHierGroup": false,
          "IsNamedSet": false,
          "Attributes": [
            {
              "Id": 966058,
              "LevelName": "L3",
              "LevelId": "8811e6da-94eb-48bb-9721-4e62ec1d213a",
              "AttributeId": 2497864,
              "AttributeName": "L3",
              "LevelPosition": 4,
              "HierarchyId": 227618,
              "AttributeGuid": "c8215069-c134-49e6-a1de-5f681eb07b83",
              "IsUIPrefAttr": true,
              "PresentationName": "L3",
              "GivenName": "L3"
            }
          ]
        },
        {
          "Id": "b1ae5da3-ad4d-4c96-97c6-b70391e19a8c",
          "HierarchyId": "8b997c33-e641-8ddd-be78-021f7472f22f",
          "HierarchyName": "Retail Sales Domain Hierarchy",
          "GroupName": "Sales Planning Channel",
          "DimensionId": 406970,
          "DimensionName": "Sales Domain",
          "IsHierGroup": false,
          "IsNamedSet": false,
          "Attributes": [
            {
              "Id": 966018,
              "LevelName": "Sales Planning Channel",
              "LevelId": "37b045b6-207b-d9d0-f673-bf679917b1cd",
              "AttributeId": 2497750,
              "AttributeName": "Sales Planning Channel",
              "LevelPosition": 1,
              "HierarchyId": 227611,
              "AttributeGuid": "0c4d82ca-2fbe-c1e8-f6c5-51ffdcf84efc",
              "IsUIPrefAttr": true,
              "PresentationName": "Sales Planning Channel",
              "GivenName": "Sales Planning Channel"
            }
          ]
        },
        {
          "Id": "df154d12-6756-4144-bbde-764ffa35facd",
          "HierarchyId": "1f68f135-2c92-4f44-8722-a8a3e921eb8e",
          "HierarchyName": "Location Hierarchy",
          "GroupName": "Location Country",
          "DimensionId": 406956,
          "DimensionName": "Location",
          "IsHierGroup": false,
          "IsNamedSet": false,
          "Attributes": [
            {
              "Id": 965938,
              "LevelName": "Location Country",
              "LevelId": "80d561be-3bff-431b-b251-1d0f38c883ea",
              "AttributeId": 2497578,
              "AttributeName": "Location Country",
              "LevelPosition": 1,
              "HierarchyId": 227596,
              "AttributeGuid": "d00b8ae3-4077-4366-87b7-cf97749f44db",
              "IsUIPrefAttr": true,
              "PresentationName": "Location Country",
              "GivenName": "Location Country"
            }
          ]
        }
      ],
      "SortByMeasure": [
        {
          "Measure": null,
          "SortOrder": ""
        }
      ]
    }
  }
}