{
  "Name": "CampaignPlan13AddGroupChangeoverLoss",
  "Description": "Add Group Changeover Transition Loss",
  "ActionButtonId": "9c38f510-0847-c79b-a7a7-fca20c80e525",
  "Tooltip": "Add Group Changeover Transition Loss",
  "ActionButtonType": "Widget",
  "Alignment": "right",
  "IsPopOver": true,
  "IsGlobal": true,
  "ActionClickHandler": null,
  "Icon": null,
  "Image": null,
  "ConfigJson": {
    "DisplayName": "Add Transition Loss",
    "icon": "plus",
    "SubmitButton": {
      "Label": "Submit"
    },
    "ResetButton": {
      "Label": "Reset"
    },
    "CloseButton": {
      "Label": "Close",
      "ConfirmMessage": "Unsaved changes will be lost. Continue?"
    },
    "NotifyAll": false,
    "IBPLRules": [
      {
        "template": "Cartesian scope: ([Version].[Version Name].[{{Version}}] * [Location].[Location].[{{Location}}] * [Resource].[Resource].[{{Resource}}] * [Group].[Group ID].[{{Group}}] * [To GroupID].[To GroupID].[{{ToGroup}}]);\nMeasure.[Campaign Group Transition Loss o9 Input] = {{Loss}};\nMeasure.[Campaign Group Transition Cost o9 Input] = {{TransitionCost}};\nEnd scope;\n"
      }
    ],
    "JavascriptRules": [],
    "FieldBindings": [
      {
        "fieldName": "Version",
        "title": "Version",
        "type": "picklistDropdown",
        "selectionType": "single",
        "clearSearch": true,
        "source": "filter",
        "DimensionName": "Version",
        "LevelAttributeName": "Version Name",
        "visible": true,
        "isEditable": true,
        "validation": {
          "maxLength": "0",
          "required": true
        }
      },
      {
        "fieldName": "Location",
        "title": "Plant Location",
        "type": "picklistDropdown",
        "selectionType": "single",
        "clearSearch": true,
        "select": "NONE",
        "source": "members",
        "DimensionName": "Location",
        "LevelAttributeName": "Location",
        "FilterExpression": "&AllPlantLocations",
        "visible": true,
        "isEditable": true,
        "validation": {
          "maxLength": "0",
          "required": true
        }
      },
      {
        "fieldName": "Resource",
        "title": "Resource",
        "type": "picklistDropdown",
        "selectionType": "single",
        "clearSearch": true,
        "select": "NONE",
        "source": "datasource",
        "overrideFieldBindingType": false,
        "visible": true,
        "isEditable": true,
        "validation": {
          "maxLength": "0",
          "required": true
        },
        "cascadeFrom": "Location",
        "key": "Resource",
        "valueField": "Name",
        "textField": "DisplayName"
      },
      {
        "fieldName": "Group",
        "title": "From Group",
        "type": "picklistDropdown",
        "selectionType": "single",
        "clearSearch": true,
        "select": "NONE",
        "source": "datasource",
        "overrideFieldBindingType": false,
        "visible": true,
        "isEditable": true,
        "validation": {
          "maxLength": "0",
          "required": true
        },
        "key": "Group",
        "valueField": "Name",
        "textField": "DisplayName",
        "cascadeFrom": "Resource"
      },
      {
        "fieldName": "ToGroup",
        "title": "To Group",
        "type": "picklistDropdown",
        "selectionType": "single",
        "clearSearch": true,
        "select": "NONE",
        "source": "datasource",
        "overrideFieldBindingType": false,
        "visible": true,
        "isEditable": true,
        "validation": {
          "maxLength": "0",
          "required": true
        },
        "key": "ToGroup",
        "valueField": "Name",
        "textField": "DisplayName",
        "cascadeFrom": "Resource"
      },
      {
        "fieldName": "Loss",
        "title": "Transition Loss",
        "type": "number",
        "selectionType": "single",
        "clearSearch": true,
        "source": "literal",
        "visible": true,
        "isEditable": true,
        "validation": {
          "maxLength": "0",
          "required": true
        }
      },
      {
        "fieldName": "TransitionCost",
        "title": "Transition Cost",
        "type": "number",
        "selectionType": "single",
        "clearSearch": true,
        "source": "literal",
        "visible": true,
        "isEditable": true,
        "validation": {
          "maxLength": "0",
          "required": false
        }
      }
    ],
    "Range": [],
    "DataSources": [
      {
        "Name": "Resource",
        "IBPLRules": [
          {
            "template": "Select([Resource].[Resource]) where{[Version].[Version Name].[{{Version}}], [Location].[Location].[{{Location}}], Measure.[Resource Location association] >0};"
          }
        ],
        "JavascriptRules": [],
        "IncludeDSFieldsOnly": false,
        "FieldBindings": []
      },
      {
        "Name": "Group",
        "IBPLRules": [
          {
            "template": "Select([Group].[Group ID]) where{[Version].[Version Name]{{#filter Version}}, [Location].[Location]{{#filter Location}}, [Resource].[Resource]{{#filter Resource}}, Measure.[Campaign Group Association Final Input] > 0};"
          }
        ],
        "JavascriptRules": [],
        "IncludeDSFieldsOnly": false,
        "FieldBindings": []
      },
      {
        "Name": "ToGroup",
        "IBPLRules": [
          {
            "template": "Select([Group].[Group ID]) where{[Version].[Version Name]{{#filter Version}}, [Location].[Location]{{#filter Location}}, [Resource].[Resource]{{#filter Resource}}, Measure.[Campaign Group Association Final Input] > 0};"
          }
        ],
        "JavascriptRules": [],
        "IncludeDSFieldsOnly": false,
        "FieldBindings": []
      }
    ],
    "AutoExecute": false,
    "isAsync": true,
    "hasMembersUpdates": true,
    "Compact": true,
    "TwoColumn": false,
    "IsGlobalForExcelAddIn": false,
    "enableTransaction": false,
    "ReturnFilterByUpdate": false,
    "ExcludeFromNavLink": false,
    "FilterFieldBindings": []
  },
  "Widget": null,
  "Roles": []
}