{
  "Name": "o9EKG TaskDurationChart",
  "WidgetDefinitionName": "o9EKG TaskDurationChart",
  "IsPrimary": false,
  "ConfigJson": {
    "ContainerId": "c51b33a0-3d1f-4692-ba3d-dcd6927b65be",
    "CompositeContainerId": null,
    "Position": 0,
    "ShowInfoContext": {
      "ActionColumn": true,
      "RowInfo": true,
      "MemberInfo": true
    },
    "ShowHeader": null
  },
  "ViewWidgetDefinitionId": "6b8aaa0b-1753-286a-a305-031758383094",
  "Title": "o9EKG TaskDurationChart"
}