{
  "MeasureGroupName": "001 Ranging",
  "MeasureGroupId": "8dbe0a14-d9dd-4681-a016-a834dd4df989",
  "ParentMeasureGroupName": null,
  "HasShadow": false,
  "MeasureGroupDescription": "001 Ranging",
  "MeasureGroupType": "Regular",
  "FactTableName": "Fact001Ranging",
  "SchemaMajorVersion": 0,
  "ConfigJson": {},
  "ApiName": null,
  "Repartition": false,
  "Unpartition": false,
  "ApiEnabled": false,
  "DimensionUsages": [
    {
      "DimensionName": "Version",
      "AttributeName": "Version Name",
      "SortOrder": 0,
      "DimensionType": "Regular"
    },
    {
      "DimensionName": "NamedNode",
      "AttributeName": "Retail_AP_RP_Product_Cluster_NN",
      "SortOrder": 1,
      "DimensionType": "NamedNode"
    },
    {
      "DimensionName": "NamedNode",
      "AttributeName": "Retail_AP_FD_Common_NN",
      "SortOrder": 2,
      "DimensionType": "NamedNode"
    }
  ]
}