{
  "MeasureName": "Sales Quantity",
  "MeasureId": "ac8b8adb-a3eb-4ba2-881f-7f11a70729d4",
  "MeasureDescription": "Sales Quantity",
  "DataType": "number",
  "MeasureType": "Regular",
  "AggregateFunction": "Computed",
  "FormatString": "#,##0; (#,##0)",
  "MeasureColumnName": "SalesQuantity",
  "MeasureFormula": "safedivide(Measure.[Target Sales PAG C SS], Measure.[ASP Override L3 PAG])",
  "IsEditable": false,
  "ApplyConversion": false,
  "ConversionFormula": "",
  "PickListName": null,
  "BgColorFormula": "",
  "FgColorFormula": "",
  "TrendFormula": "",
  "FormattingViewModel": "[]",
  "ParentMeasureName": null,
  "AssociationMeasure": false,
  "IsComputedByPlanningService": true,
  "ToolTip": "Sales Quantity = Target Sales / ASP Final",
  "ConfigJson": {},
  "ApiName": null,
  "ApiDisabled": false,
  "IsReportingMeasure": false,
  "MeasureConditionalFormulaProperties": [],
  "PicklistSource": null
}