{
  "AttributeName": "Field ID",
  "AttributeId": "10159c80-f594-a036-3bb5-455f89ac29cd",
  "AttributeHierarchyEnabled": true,
  "IsKey": true,
  "Description": "Universally unique ID for every field across all tables. This is auto generated to be a unique ID automatically when a new field is created. Has no relevance from delta lake perspective.",
  "OrderBy": "Name",
  "KeyColumnName": "FieldIDKey",
  "NameColumnName": "FieldIDName",
  "KeyColumnDataType": "integer",
  "SeedTags": false,
  "KeyGenerationType": "Auto",
  "PickListName": null,
  "ConfigJson": {
    "ShowFilterAs": "TileView",
    "MemberDisplayNameEditable": false,
    "IsMultipleImage": false,
    "MemberDisplayColor": false
  },
  "FormatString": null,
  "Translation": null,
  "Aliases": [],
  "ApiName": null,
  "ApiDisabled": false,
  "FgColorFormula": "",
  "BgColorFormula": "",
  "IsReservedBySystem": false
}