{
  "Name": "SupplyPlan230UpdateRuleForStorageMaterialNode",
  "Description": "Update Existing Rule for Storage Material Node Association",
  "ActionButtonId": "95446b22-0325-ed44-8cfb-3426cf783727",
  "Tooltip": "Update Existing Rule for StorageMaterialNode",
  "ActionButtonType": "Rule",
  "Alignment": "right",
  "IsPopOver": true,
  "IsGlobal": false,
  "ActionClickHandler": null,
  "Icon": null,
  "Image": null,
  "ConfigJson": {
    "icon": "pencil",
    "Position": "0",
    "SubmitButton": {
      "Label": "Submit"
    },
    "ResetButton": {
      "Label": "Reset"
    },
    "CloseButton": {
      "Label": "Close",
      "ConfirmMessage": "Unsaved changes will be lost. Continue?"
    },
    "NotifyAll": false,
    "IBPLRules": [
      {
        "template": "Scope: ([Version].[Version Name]{{#filter Version}} * [Data Object].[Data Object].[Storage Material Node Maintenance]*[DM Rule].[Rule]{{#filter DMRule}});\nMeasure.[Rule Sequence]={{RuleSequence}};\nend scope;\n\nScope: ([Version].[Version Name]{{#filter Version}} * [Data Object].[Data Object].[Storage Material Node Maintenance]*[DM Rule].[Rule]{{#filter DMRule}});\nMeasure.[ABDM Updated TimeStamp]=todatetime(\"{{UpdatedTimeStamp}}\");\nMeasure.[ABDM Updated User]=(\"{{UpdatedUser}}\");\nMeasure.[Rule Comment] = (\"{{NewComment}}\");\nend scope;"
      }
    ],
    "JavascriptRules": [
      {
        "modulename": "o9.SupplyPlanningUpdateRule.SupplyPlan230StorageMaterialNode",
        "functionname": "SupplyPlan230StorageMaterialNode"
      }
    ],
    "FieldBindings": [
      {
        "fieldName": "Version",
        "title": "Version Name",
        "Description": "Version Name",
        "type": "picklistDropdown",
        "selectionType": "single",
        "clearSearch": true,
        "source": "parentAttribute",
        "DimensionName": "Version",
        "key": {
          "LevelAttribute": {
            "Name": "Version Name",
            "Property": "Name"
          }
        },
        "visible": true,
        "isEditable": true,
        "validation": {
          "maxLength": "0",
          "required": true
        }
      },
      {
        "fieldName": "DMRule",
        "title": "DMRule",
        "Description": "DMRule",
        "type": "picklistDropdown",
        "selectionType": "multiple",
        "clearSearch": true,
        "source": "parentAttribute",
        "DimensionName": "DM Rule",
        "key": {
          "LevelAttribute": {
            "Name": "Rule",
            "Property": "Name"
          }
        },
        "visible": false,
        "isEditable": false,
        "validation": {
          "maxLength": "0",
          "required": true
        }
      },
      {
        "fieldName": "DataObject",
        "title": "Data Object",
        "Description": "Data Object",
        "type": "picklistDropdown",
        "selectionType": "single",
        "clearSearch": true,
        "source": "parentAttribute",
        "DimensionName": "Data Object",
        "key": {
          "LevelAttribute": {
            "Name": "Data Object",
            "Property": "Name"
          }
        },
        "visible": false,
        "isEditable": false,
        "validation": {
          "maxLength": "0",
          "required": true
        }
      },
      {
        "fieldName": "DMStorageID",
        "title": "StorageID",
        "Description": "Select StorageID",
        "type": "picklist",
        "selectionType": "single",
        "clearSearch": true,
        "source": "parentMeasureWithDataSource",
        "key": {
          "Measure": {
            "Name": "Storage Storage ID"
          }
        },
        "visible": true,
        "isEditable": true,
        "validation": {
          "required": true
        },
        "dataSourceBinding": {
          "key": "DSStorageID",
          "valueField": "Name",
          "textField": "Name"
        },
        "cascadeFrom": "Version"
      },
      {
        "fieldName": "DMLocation",
        "title": "Location",
        "Description": "Select Location",
        "type": "picklist",
        "selectionType": "single",
        "clearSearch": true,
        "source": "parentMeasureWithDataSource",
        "key": {
          "Measure": {
            "Name": "Location Location"
          }
        },
        "visible": true,
        "isEditable": true,
        "validation": {
          "required": true
        },
        "dataSourceBinding": {
          "key": "DSLocation",
          "valueField": "Name",
          "textField": "Name"
        },
        "cascadeFrom": "DMStorageID"
      },
      {
        "fieldName": "DMItemAttribute1",
        "title": "L2",
        "Description": "Select L2",
        "type": "picklistDropdown",
        "fieldGroup": "Item Attributes",
        "selectionType": "multiple",
        "clearSearch": true,
        "source": "parentMeasureWithDataSource",
        "key": {
          "Measure": {
            "Name": "Item L2"
          }
        },
        "visible": true,
        "isEditable": true,
        "validation": {
          "required": true
        },
        "dataSourceBinding": {
          "key": "DSItemL2",
          "valueField": "Name",
          "textField": "Name"
        },
        "cascadeFrom": "DMLocation"
      },
      {
        "fieldName": "DMItemAttribute2",
        "title": "Item L4",
        "Description": "Select Item L4",
        "type": "picklistDropdown",
        "fieldGroup": "Item Attributes",
        "selectionType": "multiple",
        "clearSearch": true,
        "source": "parentMeasureWithDataSource",
        "key": {
          "Measure": {
            "Name": "Item L4"
          }
        },
        "visible": true,
        "isEditable": true,
        "validation": {
          "required": true
        },
        "dataSourceBinding": {
          "key": "DSItemL4",
          "valueField": "Name",
          "textField": "Name"
        },
        "cascadeFrom": "DMLocation"
      },
      {
        "fieldName": "DMItemAttribute3",
        "title": "Item Type",
        "Description": "Select Item Type",
        "type": "picklistDropdown",
        "fieldGroup": "Item Attributes",
        "selectionType": "multiple",
        "clearSearch": true,
        "source": "parentMeasureWithDataSource",
        "key": {
          "Measure": {
            "Name": "Item ItemType"
          }
        },
        "visible": true,
        "isEditable": true,
        "validation": {
          "required": true
        },
        "dataSourceBinding": {
          "key": "DSItemItemType",
          "valueField": "Name",
          "textField": "Name"
        },
        "cascadeFrom": "DMLocation"
      },
      {
        "fieldName": "RuleSequence",
        "title": "Rule Sequence",
        "Description": "Rule Sequence",
        "type": "number",
        "selectionType": "single",
        "clearSearch": true,
        "source": "parentMeasure",
        "key": {
          "Measure": {
            "Name": "Rule Sequence"
          }
        },
        "visible": true,
        "isEditable": true,
        "validation": {
          "maxLength": "0",
          "required": true
        }
      },
      {
        "fieldName": "UpdatedTimeStamp",
        "title": "Updated TimeStamp",
        "Description": "Updated TimeStamp",
        "type": "datetime",
        "selectionType": "single",
        "clearSearch": true,
        "select": "ALL",
        "source": "datasource",
        "key": "DSTimeStamp",
        "valueField": "result",
        "textField": "result",
        "visible": false,
        "isEditable": false,
        "validation": {
          "maxLength": "0",
          "required": false
        },
        "overrideFieldBindingType": false
      },
      {
        "fieldName": "UpdatedUser",
        "title": "Updated User",
        "Description": "Updated User",
        "type": "string",
        "selectionType": "single",
        "clearSearch": true,
        "select": "ALL",
        "source": "datasource",
        "key": "DSUser",
        "valueField": "Name",
        "textField": "Name",
        "visible": false,
        "isEditable": false,
        "validation": {
          "maxLength": "0",
          "required": false
        },
        "overrideFieldBindingType": false
      },
      {
        "fieldName": "NewComment",
        "title": "New Comment",
        "Description": "Description about the Rule",
        "type": "string",
        "clearSearch": true,
        "source": "literal",
        "visible": true,
        "isEditable": true,
        "validation": {
          "maxLength": "0",
          "required": false
        }
      },
      {
        "fieldName": "o9StorageMaterialNodeRuleFinal",
        "title": "o9 Storage Material Node Rule Final",
        "Description": "o9 Storage Material Node Rule Final",
        "type": "picklist",
        "clearSearch": true,
        "source": "parentAttribute",
        "DimensionName": "DM Rule",
        "key": {
          "LevelAttribute": {
            "Name": "Rule",
            "Property": "Name"
          }
        },
        "visible": false,
        "isEditable": false,
        "validation": {
          "maxLength": "0",
          "required": true
        }
      }
    ],
    "Range": [],
    "DataSources": [
      {
        "Name": "DSItemL2",
        "IBPLRules": [
          {
            "template": "select (Item.[L2]) where {[Version].[Version Name]{{#filter Version}}, [Location].[Location]{{#filter DMLocation}}, Measure.[Valid Item Location Association] > 0};"
          }
        ],
        "JavascriptRules": [],
        "IncludeDSFieldsOnly": false,
        "FieldBindings": []
      },
      {
        "Name": "DSLocation",
        "IBPLRules": [
          {
            "template": "select (Location.Location) where {[Version].[Version Name]{{#filter Version}}, [Storage].[Storage ID]{{#filter DMStorageID}}, Measure.[Storage ID Location Association] > 0};"
          }
        ],
        "JavascriptRules": [],
        "IncludeDSFieldsOnly": false,
        "FieldBindings": []
      },
      {
        "Name": "DSItemType",
        "IBPLRules": [
          {
            "template": "select (Item.[Item Type]) where {[Version].[Version Name]{{#filter Version}}, [Location].[Location]{{#filter DMLocation}}, Measure.[Valid Item Location Association] > 0};"
          }
        ],
        "JavascriptRules": [],
        "IncludeDSFieldsOnly": false,
        "FieldBindings": []
      },
      {
        "Name": "DSItemL4",
        "IBPLRules": [
          {
            "template": "select (Item.[L4]) where {[Version].[Version Name]{{#filter Version}}, [Location].[Location]{{#filter DMLocation}}, Measure.[Valid Item Location Association] > 0};"
          }
        ],
        "JavascriptRules": [],
        "IncludeDSFieldsOnly": false,
        "FieldBindings": []
      },
      {
        "Name": "DSItemItemType",
        "IBPLRules": [
          {
            "template": "select (Item.[Item Type]) where {[Version].[Version Name]{{#filter Version}}, [Location].[Location]{{#filter DMLocation}}, Measure.[Valid Item Location Association] > 0};"
          }
        ],
        "JavascriptRules": [],
        "IncludeDSFieldsOnly": false,
        "FieldBindings": []
      },
      {
        "Name": "DSStorageID",
        "IBPLRules": [
          {
            "template": "select (Storage.[Storage ID]) where {[Version].[Version Name]{{#filter Version}}, Measure.[Storage ID Location Association] > 0};"
          }
        ],
        "JavascriptRules": [],
        "IncludeDSFieldsOnly": false,
        "FieldBindings": []
      },
      {
        "Name": "DSUser",
        "IBPLRules": [
          {
            "template": "select CurrentUser();"
          }
        ],
        "JavascriptRules": [],
        "IncludeDSFieldsOnly": false,
        "FieldBindings": []
      },
      {
        "Name": "DSTimeStamp",
        "IBPLRules": [
          {
            "template": "select now();"
          }
        ],
        "JavascriptRules": [],
        "IncludeDSFieldsOnly": false,
        "FieldBindings": []
      }
    ],
    "AutoExecute": false,
    "isAsync": true,
    "hasMembersUpdates": false,
    "Compact": false,
    "TwoColumn": true,
    "IsGlobalForExcelAddIn": false,
    "ExcludeFromNavLink": false,
    "FilterFieldBindings": []
  },
  "Widget": null,
  "Roles": []
}