{
  "MeasureName": "COV L1",
  "MeasureId": "71fea878-e4d1-438d-9afc-492fa12498f1",
  "MeasureDescription": "Coefficient of Variance at aggregate stat level",
  "DataType": "number",
  "MeasureType": "Regular",
  "AggregateFunction": "AvgNonNull",
  "FormatString": "#,##0.00;(#,##0.00)",
  "MeasureColumnName": "COVL1",
  "MeasureFormula": "",
  "IsEditable": false,
  "ApplyConversion": false,
  "ConversionFormula": "",
  "PickListName": null,
  "BgColorFormula": "IF(Measure.[COV L1]<=0.5) then argb( 1,186, 228, 179) else  IF(Measure.[COV L1]>0.5) then argb( 1,251, 128, 114)",
  "FgColorFormula": "IF(Measure.[COV L1]<=0.5) then argb( 1,9, 9, 9) else  IF(Measure.[COV L1]>0.5) then argb( 1,4, 4, 4)",
  "TrendFormula": "",
  "FormattingViewModel": null,
  "ParentMeasureName": null,
  "AssociationMeasure": false,
  "IsComputedByPlanningService": false,
  "ToolTip": "Coefficient of Variance at aggregate stat level",
  "ConfigJson": {},
  "ApiName": null,
  "ApiDisabled": false,
  "IsReportingMeasure": false,
  "MeasureConditionalFormulaProperties": [],
  "PicklistSource": null
}