{
  "HierarchyName": "o9EKG Customer",
  "HierarchyId": "90112923-8295-35ed-8ecd-e2fc2d510135",
  "HierarchyDescription": "o9EKG Customer",
  "Translations": [],
  "Levels": [
    {
      "LevelName": "Customer Name",
      "LevelId": "867bfafc-867b-c592-2702-23e1ff152237",
      "SourceAttributeName": "Customer Name",
      "LevelDescription": "CustomerName",
      "LevelPosition": 0,
      "Translations": []
    },
    {
      "LevelName": "Project Name",
      "LevelId": "6a5aaf08-94c2-f97a-6e84-f0e266a583d8",
      "SourceAttributeName": "Project Name",
      "LevelDescription": "ProjectName",
      "LevelPosition": 1,
      "Translations": []
    }
  ],
  "IsEnabled": true,
  "ErrorMessage": null
}
