{
  "Name": "ODP002AddODPNode",
  "Description": null,
  "ActionButtonId": "b7d58f86-67d4-66fc-c923-d7009bce154f",
  "Tooltip": "Add ODP Node",
  "ActionButtonType": "Rule",
  "Alignment": "right",
  "IsPopOver": true,
  "IsGlobal": false,
  "ActionClickHandler": null,
  "Icon": null,
  "Image": null,
  "ConfigJson": {
    "icon": "plus",
    "Position": "0",
    "SubmitButton": {
      "Label": "Submit"
    },
    "ResetButton": {
      "Label": "Reset"
    },
    "CloseButton": {
      "Label": "Close",
      "ConfirmMessage": "Unsaved changes will be lost. Continue?"
    },
    "NotifyAll": false,
    "IBPLRules": [
      {
        "template": "Cartesian Scope:(Version.[Version Name]{{#filter Version}} * [Data Object].[Data Object].[ODP Management] * [DM Rule].[Rule]{{#filter RuleNumber}});\nMeasure.[DM Item Attribute1] ={{DMItemAttribute1}};\nMeasure.[DM Location Attribute1]={{DMLocationAttribute1}};\nMeasure.[DM Value1]={{DMValue1}};\nMeasure.[Rule Sequence]={{RuleSequence}};\nend scope;"
      }
    ],
    "JavascriptRules": [],
    "FieldBindings": [
      {
        "fieldName": "Version",
        "title": "Version",
        "type": "picklistDropdown",
        "clearSearch": true,
        "source": "filter",
        "DimensionName": "Version",
        "LevelAttributeName": "Version Name",
        "visible": true,
        "isEditable": true,
        "validation": {
          "maxLength": "0",
          "required": true
        }
      },
      {
        "fieldName": "RuleNumber",
        "title": "Rule Number",
        "type": "picklistDropdown",
        "selectionType": "single",
        "clearSearch": true,
        "select": "ALL",
        "source": "members",
        "DimensionName": "DM Rule",
        "LevelAttributeName": "Rule",
        "visible": true,
        "isEditable": true,
        "validation": {
          "maxLength": "0",
          "required": true
        }
      },
      {
        "fieldName": "DMItemAttribute1",
        "title": "DM Item Attribute1",
        "type": "string",
        "selectionType": "single",
        "clearSearch": true,
        "source": "literal",
        "visible": true,
        "isEditable": true,
        "validation": {
          "maxLength": "0",
          "required": true
        }
      },
      {
        "fieldName": "DMLocationAttribute1",
        "title": "DM Location Attribute1",
        "type": "string",
        "clearSearch": true,
        "source": "literal",
        "visible": true,
        "isEditable": true,
        "validation": {
          "maxLength": "0",
          "required": true
        }
      },
      {
        "fieldName": "DMValue1",
        "title": "DM Value 1",
        "type": "string",
        "clearSearch": true,
        "source": "literal",
        "defaultValue": "TRUE",
        "visible": true,
        "isEditable": true,
        "validation": {
          "maxLength": "0",
          "required": true
        }
      },
      {
        "fieldName": "RuleSequence",
        "title": "Rule Sequence",
        "type": "number",
        "selectionType": "single",
        "clearSearch": false,
        "source": "literal",
        "visible": true,
        "isEditable": true,
        "validation": {
          "maxLength": "0",
          "required": true
        }
      }
    ],
    "DataSources": [],
    "AutoExecute": false,
    "isAsync": true,
    "hasMembersUpdates": false,
    "Compact": false,
    "TwoColumn": false,
    "IsGlobalForExcelAddIn": false,
    "ExcludeFromNavLink": false,
    "FilterFieldBindings": []
  },
  "Widget": null
}