{
  "Name": "SupplyPlan029CommonRemoveConsumedComponents",
  "Description": null,
  "ActionButtonId": "2d4568da-da9d-4295-99a9-f5806daf74cf",
  "Tooltip": "Remove Consumed Components",
  "ActionButtonType": "Widget",
  "Alignment": "right",
  "IsPopOver": true,
  "IsGlobal": true,
  "ActionClickHandler": null,
  "Icon": null,
  "Image": null,
  "ConfigJson": {
    "DisplayName": "Remove Consumed Components",
    "icon": "minus",
    "SubmitButton": {
      "Label": "Submit"
    },
    "ResetButton": {
      "Label": "Reset"
    },
    "CloseButton": {
      "Label": "Close",
      "ConfirmMessage": "Unsaved changes will be lost. Continue?"
    },
    "NotifyRoles": true,
    "NotifyAll": false,
    "IBPLRules": [
      {
        "template": "Scope: (&AllBOMs{{#filter BOMID}} * [Item].[Item]{{#filter ConsumedItem}} * [Location]. [Location]{{#filter Location}} * [Version].[Version Name]{{#filter Version}});\nMeasure.[o9 BOM Consumed Item Association] = null;\nMeasure.[o9 BOM Quantity Consumed Per] = null;\nMeasure.[o9 BOM Component Start Date] = null;\nMeasure.[o9 BOM Component End Date] = null;\nend scope;\n\n//--Nulling critical item \n\nscope:([Version].[Version Name]{{#filter Version}} * [Item].[Item]{{#filter ConsumedItem}});\nMeasure.[Consumed Items] = if(Measure.[Final BOM Quantity Consumed Per]>0) then 1 else null;\nend scope;\n\n//--Uncomment the below code to enable Net change functionality\n/*\nCartesian Scope: (&AllBOMs{{#filter BOMID}} * [Item].[Item]{{#filter ConsumedItem}} * [Location]. [Location]{{#filter Location}} * [Version].[Version Name]{{#filter Version}});\nMeasure.[o9 BOM Consumed NC Deletion] = 1;\nend scope;\n\nScope: (&AllBOMs{{#filter BOMID}} * [Item].[Item]{{#filter ConsumedItem}} * [Location]. [Location]{{#filter Location}} * [Version].[Version Name]{{#filter Version}});\nMeasure.[ERP BOM Consumed NC Addition] = Null;\nMeasure.[o9 BOM Consumed NC Addition] = Null;\nend scope;\n*/"
      }
    ],
    "JavascriptRules": [],
    "FieldBindings": [
      {
        "fieldName": "Version",
        "title": "Version",
        "type": "picklistDropdown",
        "selectionType": "single",
        "clearSearch": true,
        "source": "filter",
        "DimensionName": "Version",
        "LevelAttributeName": "Version Name",
        "visible": true,
        "isEditable": false,
        "validation": {
          "maxLength": "0",
          "required": true
        }
      },
      {
        "fieldName": "Location",
        "title": "Location",
        "type": "picklistDropdown",
        "selectionType": "single",
        "clearSearch": true,
        "source": "parentAttribute",
        "DimensionName": "Location",
        "key": {
          "LevelAttribute": {
            "Name": "Location",
            "Property": "Name"
          }
        },
        "visible": true,
        "isEditable": true,
        "validation": {
          "maxLength": "0",
          "required": true
        }
      },
      {
        "fieldName": "BOMID",
        "title": "BOMID",
        "Description": "BOMID",
        "type": "picklistDropdown",
        "selectionType": "single",
        "clearSearch": true,
        "source": "parentAttribute",
        "DimensionName": "Activity1",
        "key": {
          "LevelAttribute": {
            "Name": "Activity1",
            "Property": "Name"
          }
        },
        "visible": true,
        "isEditable": true,
        "validation": {
          "maxLength": "0",
          "required": true
        }
      },
      {
        "fieldName": "ConsumedItem",
        "title": "ConsumedItem",
        "type": "picklistDropdown",
        "selectionType": "multiple",
        "clearSearch": true,
        "source": "parentAttribute",
        "DimensionName": "Item",
        "key": {
          "LevelAttribute": {
            "Name": "Item",
            "Property": "Name"
          }
        },
        "visible": true,
        "isEditable": true,
        "validation": {
          "maxLength": "0",
          "required": true
        }
      }
    ],
    "Range": [],
    "DataSources": [
      {
        "Name": "Location",
        "IBPLRules": [
          {
            "template": "Select ([Item].[Item Type].filter(#.Name!=\"FinishedGoods\").relatedmembers(\"Item\")) where\n{Version.[Version Name]{{#filter Version}},Location.[Location]{{#filter Location}}, Measure.[Final Item Location Association]==1};"
          }
        ],
        "JavascriptRules": [],
        "FieldBindings": [],
        "IncludeDSFieldsOnly": false
      }
    ],
    "AutoExecute": false,
    "isAsync": false,
    "hasMembersUpdates": false,
    "Compact": true,
    "TwoColumn": false,
    "IsGlobalForExcelAddIn": false,
    "ReturnFilterByUpdate": false,
    "ExcludeFromNavLink": false,
    "FilterFieldBindings": []
  },
  "Widget": null,
  "Roles": []
}