{
  "Name": "Priority Group Rule Details",
  "ViewId": "f2fc843a-4f2e-19b9-ede8-1f845792e67a",
  "ContentType": "Regular",
  "Title": "Priority Group Rule Details",
  "Position": 2,
  "IsDefault": false,
  "Resource": null,
  "RazorViewTemplate": "_containers",
  "ConfigJson": {
    "WidgetContainers": {
      "Containers": [
        1
      ],
      "Key": 0,
      "IsModified": false,
      "ViewSpread": {
        "RowLevel": 60,
        "ColLevel": 12
      },
      "Data": [
        {
          "Id": "b841f3bd-812c-48f2-b4ca-13d7d4e12df5",
          "Col": 0,
          "Row": 0,
          "SizeX": 12,
          "SizeY": 60
        }
      ]
    },
    "CompactMode": false,
    "IsHidden": false
  },
  "Roles": [
    "public"
  ]
}