{
  "HierarchyName": "Channel Hierarchy",
  "HierarchyId": "fa6253a6-c46e-3807-2dd8-4943e977b90a",
  "HierarchyDescription": "Channel Hierarchy",
  "Translations": [],
  "Levels": [
    {
      "LevelName": "All Channel",
      "LevelId": "7c74890f-2bb6-0d3d-eb39-4266f3b42061",
      "SourceAttributeName": "All Channel",
      "LevelDescription": "All Channel",
      "LevelPosition": 1,
      "Translations": []
    },
    {
      "LevelName": "Channel L2",
      "LevelId": "9fdd272a-98b6-7dae-d214-ab4491027939",
      "SourceAttributeName": "Channel L2",
      "LevelDescription": "Channel L2",
      "LevelPosition": 2,
      "Translations": []
    },
    {
      "LevelName": "Channel L1",
      "LevelId": "45472eb4-d9e4-e596-29b4-b81cd7717ab5",
      "SourceAttributeName": "Channel L1",
      "LevelDescription": "Channel L1",
      "LevelPosition": 3,
      "Translations": []
    },
    {
      "LevelName": "Planning Channel",
      "LevelId": "1defe87d-67d6-2a5c-13c2-21b3e7551a5b",
      "SourceAttributeName": "Planning Channel",
      "LevelDescription": "Planning Channel",
      "LevelPosition": 4,
      "Translations": []
    },
    {
      "LevelName": "Channel",
      "LevelId": "97ae7058-a194-139d-4825-d892ab67b8fa",
      "SourceAttributeName": "Channel",
      "LevelDescription": "Channel",
      "LevelPosition": 5,
      "Translations": []
    }
  ],
  "IsEnabled": true,
  "ErrorMessage": null
}