{
  "AttributeName": "Table Type",
  "AttributeId": "6c9c79fc-5d6f-e204-7a53-e6fce2f4e46e",
  "AttributeHierarchyEnabled": true,
  "IsKey": false,
  "Description": "Table Type",
  "OrderBy": "Name",
  "KeyColumnName": "TableTypeKey",
  "NameColumnName": "TableTypeName",
  "KeyColumnDataType": "integer",
  "SeedTags": false,
  "KeyGenerationType": "Auto",
  "PickListName": null,
  "ConfigJson": {
    "ShowFilterAs": "TileView",
    "MemberDisplayNameEditable": false,
    "IsMultipleImage": false,
    "MemberDisplayColor": false
  },
  "FormatString": null,
  "Translation": null,
  "Aliases": [],
  "ApiName": null,
  "ApiDisabled": false,
  "FgColorFormula": "",
  "BgColorFormula": "",
  "IsReservedBySystem": false
}