{
  "Name": "o9Shared001ProcessExecutionAddDataObject",
  "Description": "Add Data Object",
  "ActionButtonId": "22224a05-f6f8-a06d-a949-48d9f8c4b277",
  "Tooltip": "Add Data Object",
  "ActionButtonType": "Widget",
  "Alignment": "right",
  "IsPopOver": true,
  "IsGlobal": true,
  "ActionClickHandler": null,
  "Icon": null,
  "Image": null,
  "ConfigJson": {
    "DisplayName": "Add Data Object",
    "icon": "plus",
    "SubmitButton": {
      "Label": "Submit"
    },
    "ResetButton": {
      "Label": "Reset"
    },
    "CloseButton": {
      "Label": "Close",
      "ConfirmMessage": "Unsaved changes will be lost. Continue?"
    },
    "NotifyRoles": true,
    "NotifyAll": false,
    "IBPLRules": [
      {
        "template": "createmember ([Data Object].[Data Object] = {,[{{DataObject}}]}, [Data Object].[Data Object Type] = {,[Process Execution]});"
      },
      {
        "template": "cartesian scope :(Version.[Version Name].[{{Version}}] * [Data Object].[Data Object].[{{DataObject}}] * [GraphCubeDim_Sequence].[GraphCubeAttr_Sequence].[1]);\nMeasure.[Process Execution Sequence Association] = 1;\nend scope;"
      }
    ],
    "JavascriptRules": [],
    "FieldBindings": [
      {
        "fieldName": "DataObject",
        "title": "Data Object",
        "Description": "Data Object",
        "type": "string",
        "clearSearch": true,
        "source": "literal",
        "visible": true,
        "isEditable": true,
        "validation": {
          "maxLength": "0",
          "required": true
        }
      },
      {
        "fieldName": "Version",
        "title": "Version",
        "Description": "Version",
        "type": "picklist",
        "clearSearch": true,
        "source": "filter",
        "DimensionName": "Version",
        "LevelAttributeName": "Version Name",
        "visible": false,
        "isEditable": false,
        "validation": {
          "maxLength": "0",
          "required": true
        },
        "selectionType": "single"
      }
    ],
    "Range": [],
    "DataSources": [],
    "AutoExecute": false,
    "isAsync": true,
    "hasMembersUpdates": true,
    "Compact": false,
    "TwoColumn": false,
    "IsGlobalForExcelAddIn": false,
    "ReturnFilterByUpdate": false,
    "ExcludeFromNavLink": false,
    "FilterFieldBindings": []
  },
  "Widget": null,
  "Roles": []
}