{
  "Name": "APIConnectorToSAPSO",
  "Description": null,
  "ActionButtonId": "b34026cf-c68d-84d6-2c40-a4461b231c25",
  "Tooltip": "Update SAP SO",
  "ActionButtonType": "Rule",
  "Alignment": "right",
  "IsPopOver": true,
  "IsGlobal": false,
  "ActionClickHandler": null,
  "Icon": null,
  "Image": null,
  "ConfigJson": {
    "DisplayName": "Update SAP SO",
    "icon": "area-chart",
    "Position": "0",
    "SubmitButton": {
      "Label": "Submit"
    },
    "ResetButton": {
      "Label": "Reset"
    },
    "CloseButton": {
      "Label": "Close",
      "ConfirmMessage": "Unsaved changes will be lost. Continue?"
    },
    "NotifyAll": false,
    "IBPLRules": [
      {
        "template": "EXEC plugin instance [ADPSAP003SalesOrderSAP] for measures {[PrO Detail Status]} using scope ([Version].[Version Name].filter(#.Name in {\"CurrentWorkingView\"})  * [Demand].[DemandID] * [Location].[Location] * [Sales Domain].[Ship To] * [Item].[Item]{{#filter Item}}) using arguments {([ExecutionMode], \"MediumWeight\")};"
      }
    ],
    "JavascriptRules": [],
    "FieldBindings": [
      {
        "fieldName": "Item",
        "title": "Item",
        "Description": "Item",
        "type": "picklist",
        "selectionType": "multiple",
        "clearSearch": true,
        "source": "parentAttribute",
        "DimensionName": "Item",
        "key": {
          "LevelAttribute": {
            "Name": "Item",
            "Property": "Name"
          }
        },
        "visible": true,
        "isEditable": true,
        "validation": {
          "maxLength": "0",
          "required": true
        }
      }
    ],
    "DataSources": [],
    "AutoExecute": false,
    "isAsync": true,
    "hasMembersUpdates": false,
    "Compact": false,
    "TwoColumn": false,
    "IsGlobalForExcelAddIn": false,
    "FilterFieldBindings": []
  },
  "Widget": null
}