{
  "Name": "o9EKGAddCapability",
  "Description": null,
  "ActionButtonId": "fce87692-1c09-b738-ac5a-eb4a13747063",
  "Tooltip": "Add Capability",
  "ActionButtonType": "Widget",
  "Alignment": "right",
  "IsPopOver": true,
  "IsGlobal": true,
  "ActionClickHandler": null,
  "Icon": null,
  "Image": null,
  "ConfigJson": {
    "icon": "plus",
    "SubmitButton": {
      "Label": "Submit"
    },
    "ResetButton": {},
    "CloseButton": {
      "Label": "Close"
    },
    "NotifyAll": false,
    "IBPLRules": [
      {
        "template": "//New member//\n\ncreatemember( [o9EKG Business Characteristics].[Business Model] = { , \"{{CapabilityModel}}\" }  , [o9EKG Business Characteristics].[Business Characteristics] = { , \"{{CapabilityName1}}\" } );"
      }
    ],
    "JavascriptRules": [],
    "FieldBindings": [
      {
        "fieldName": "CapabilityModel",
        "title": "Capability Model",
        "type": "picklistDropdown",
        "selectionType": "single",
        "clearSearch": true,
        "source": "members",
        "DimensionName": "o9EKG Business Characteristics",
        "LevelAttributeName": "Business Model",
        "visible": true,
        "isEditable": true,
        "validation": {
          "maxLength": "0",
          "required": true
        }
      },
      {
        "fieldName": "CapabilityName1",
        "title": "Capability Name",
        "type": "string",
        "clearSearch": true,
        "source": "literal",
        "visible": true,
        "isEditable": true,
        "validation": {
          "maxLength": "0",
          "required": true
        }
      }
    ],
    "DataSources": [],
    "AutoExecute": false,
    "isAsync": false,
    "hasMembersUpdates": true,
    "Compact": true,
    "TwoColumn": false,
    "IsGlobalForExcelAddIn": false,
    "ReturnFilterByUpdate": false,
    "ExcludeFromNavLink": false,
    "FilterFieldBindings": []
  },
  "Widget": null
}