{
  "AttributeName": "Retail_AP_FD_Common_NN",
  "AttributeId": "476b218c-f105-581d-dc15-81524e2f54f0",
  "AttributeHierarchyEnabled": true,
  "IsKey": false,
  "Description": "Retail AP Common Named Node",
  "OrderBy": "Key",
  "KeyColumnName": "Retail_AP_FD_Common_NNKey",
  "NameColumnName": "Retail_AP_FD_Common_NNName",
  "KeyColumnDataType": "integer",
  "SeedTags": true,
  "KeyGenerationType": "Auto",
  "PickListName": null,
  "ConfigJson": {
    "ShowFilterAs": "TileView",
    "MemberDisplayNameEditable": true,
    "IsMultipleImage": false,
    "MemberDisplayColor": false
  },
  "FormatString": null,
  "Translation": null,
  "Aliases": [],
  "ApiName": null,
  "ApiDisabled": false,
  "ParentAttributeName": null,
  "NamedNodeUsages": [
    {
      "DimensionName": "Sales Domain",
      "AttributeName": "Sales Planning Channel"
    },
    {
      "DimensionName": "Selling Season",
      "AttributeName": "Selling Season"
    }
  ]
}