{
  "MeasureName": "Markdown Weeks L3",
  "MeasureId": "fe9c4cd9-a541-4ca5-e1e7-d414592029bb",
  "MeasureDescription": "Period for which price of inventory is reduced to clear out old stocks or make room for new stocks",
  "DataType": "number",
  "MeasureType": "Regular",
  "AggregateFunction": "AvgNonNull",
  "FormatString": "0",
  "MeasureColumnName": "MarkdownWeeksL3",
  "MeasureFormula": "",
  "IsEditable": true,
  "ApplyConversion": false,
  "ConversionFormula": "",
  "PickListName": null,
  "BgColorFormula": "",
  "FgColorFormula": "",
  "TrendFormula": "",
  "FormattingViewModel": "[]",
  "ParentMeasureName": null,
  "AssociationMeasure": false,
  "IsComputedByPlanningService": false,
  "ToolTip": "Period for which price of inventory is reduced to clear out old stocks or make room for new stocks",
  "ConfigJson": {},
  "ApiName": null,
  "ApiDisabled": false,
  "IsReportingMeasure": false,
  "MeasureConditionalFormulaProperties": [],
  "PicklistSource": null
}