{
  "MeasureName": "COV",
  "MeasureId": "41ac3bbc-b37f-4eed-81a9-72a25f35c99c",
  "MeasureDescription": "Coefficient of Variance of the history for the Product",
  "DataType": "number",
  "MeasureType": "Regular",
  "AggregateFunction": "AvgNonNull",
  "FormatString": "#,##0.00;(#,##0.00)",
  "MeasureColumnName": "COV",
  "MeasureFormula": "",
  "IsEditable": false,
  "ApplyConversion": false,
  "ConversionFormula": "",
  "PickListName": null,
  "BgColorFormula": " IF(Measure.[COV]<=0.5) then argb( 1,186, 228, 179) else  IF(Measure.[COV]>0.5) then argb( 1,251, 128, 114)",
  "FgColorFormula": " IF(Measure.[COV]<=0.5) then argb( 1,0, 0, 0) else  IF(Measure.[COV]>0.5) then argb( 1,0, 0, 0)",
  "TrendFormula": "",
  "FormattingViewModel": "[\r\n  {\r\n    \"BGCOLOR\": \"argb(1,186,228,179)\",\r\n    \"FGCOLOR\": \"argb(1,0,0,0)\",\r\n    \"Condition\": \"Measure.[COV]<=0.5\"\r\n  },\r\n  {\r\n    \"BGCOLOR\": \"argb(1,251,128,114)\",\r\n    \"FGCOLOR\": \"argb(1,0,0,0)\",\r\n    \"Condition\": \"Measure.[COV]>0.5\"\r\n  }\r\n]",
  "ParentMeasureName": null,
  "AssociationMeasure": false,
  "IsComputedByPlanningService": false,
  "ToolTip": "Coefficient of Variance of the history for the Product",
  "ConfigJson": {},
  "ApiName": null,
  "ApiDisabled": false,
  "IsReportingMeasure": false,
  "MeasureConditionalFormulaProperties": [
    {
      "MeasureName": null,
      "ConditionalFormula": "Measure.[COV]<=0.5",
      "BGCOLOR": "rgba(186,228,179,1)",
      "LegendText": "",
      "DisplayOrder": 0
    },
    {
      "MeasureName": null,
      "ConditionalFormula": "Measure.[COV]>0.5",
      "BGCOLOR": "rgba(251,128,114,1)",
      "LegendText": "",
      "DisplayOrder": 1
    }
  ],
  "PicklistSource": null
}