{
  "MeasureName": "Rec Rtl",
  "MeasureId": "6c01257d-2046-4e4c-a341-fa52470413a3",
  "MeasureDescription": "Receipt Retail",
  "DataType": "number",
  "MeasureType": "Regular",
  "AggregateFunction": "Sum",
  "FormatString": "(0,000.00a)",
  "MeasureColumnName": "RecRtl",
  "MeasureFormula": "",
  "IsEditable": false,
  "ApplyConversion": false,
  "ConversionFormula": "",
  "PickListName": null,
  "BgColorFormula": "",
  "FgColorFormula": "",
  "TrendFormula": "",
  "FormattingViewModel": null,
  "ParentMeasureName": null,
  "AssociationMeasure": false,
  "IsComputedByPlanningService": false,
  "ToolTip": "Receipt Retail",
  "ConfigJson": {},
  "ApiName": null,
  "ApiDisabled": false,
  "IsReportingMeasure": false,
  "MeasureConditionalFormulaProperties": [],
  "PicklistSource": null
}