{
  "EdgePropertyId": "0a501909-b535-4dde-8244-f351811c2504",
  "PropertyName": "ShipTo Realignment Percentage",
  "PropertyDescription": "Edge carrying the percentage of shipments to be realigned for ShipTo Realignment",
  "PropertyDataType": "number",
  "PropertyDataSize": 0,
  "PropertyColumnName": "ShipToRealignmentPercentage",
  "AggregateFunction": "Sum",
  "PropertyFormula": "",
  "IsEditable": true,
  "FormatString": "0%",
  "ActivationProperty": false,
  "IsComputedByPlanningService": false,
  "ToolTip": null,
  "ApiName": null,
  "ApiDisabled": false,
  "BgColorFormula": "",
  "FgColorFormula": "",
  "TrendFormula": "",
  "FormattingViewModel": null,
  "ConditionalFormulas": []
}