{
  "Name": "DISTItemLocationMasterInfo",
  "Description": "Information",
  "ActionButtonId": "4d657bb7-df1e-482a-abf4-79ac9d2efe10",
  "Tooltip": "Information",
  "ActionButtonType": "Widget",
  "Alignment": "right",
  "IsPopOver": true,
  "IsGlobal": true,
  "ActionClickHandler": null,
  "Icon": null,
  "Image": null,
  "ConfigJson": {
    "icon": "info-circle",
    "SubmitButton": {
      "Label": "Submit"
    },
    "ResetButton": {
      "Label": "Reset"
    },
    "CloseButton": {
      "Label": "Close",
      "ConfirmMessage": "Unsaved changes will be lost. Continue?"
    },
    "NotifyAll": false,
    "IBPLRules": [],
    "JavascriptRules": [],
    "FieldBindings": [
      {
        "fieldName": "Information",
        "title": "Information",
        "type": "info",
        "clearSearch": true,
        "source": "literal",
        "visible": true,
        "isEditable": true,
        "validation": {
          "maxLength": "0",
          "required": true
        },
        "defaultValue": "<b>Item Location Master</b> <p aligns = \"left\">This page contains data from the Item Location Master from the ERP. The data flowing in from the ERP are set up in measures prefixed with &quotERP&quot. The data points include the association (set to 1 if an item exists at a location), Planned Lead Time, Goods Receipt Time, Minimum Lot size, Lot size Increments, Procurement Types. </p> <p aligns=\"left\">This page also contains data for the item location associations maintained in the o9 system by the planners. These measures are prefixed with the &quoto9&quot. The data from the ERP is overridden by the o9 maintained data, if the same data points exist for the same item location combination. </p> <p aligns=\"left\">The exclude flags for MP and OP excludes the item-location combination from the master planning or the operational planning processes respectively. These excluded item-location combinations will not be used to create the respective networks. </p>"
      }
    ],
    "DataSources": [],
    "AutoExecute": false,
    "isAsync": false,
    "hasMembersUpdates": false,
    "Compact": false,
    "TwoColumn": false,
    "IsGlobalForExcelAddIn": false,
    "ReturnFilterByUpdate": false,
    "FilterFieldBindings": []
  },
  "Widget": null
}