{
  "Name": "APIConnectorToSAP3",
  "Description": null,
  "ActionButtonId": "f48b776e-d6d1-dc85-2b2f-26cf70c2dcf8",
  "Tooltip": "Update SAP Plan Order",
  "ActionButtonType": "Rule",
  "Alignment": "right",
  "IsPopOver": true,
  "IsGlobal": false,
  "ActionClickHandler": null,
  "Icon": null,
  "Image": null,
  "ConfigJson": {
    "DisplayName": "Update SAP Plan Order",
    "icon": "angle-down",
    "Position": "0",
    "SubmitButton": {
      "Label": "Submit"
    },
    "ResetButton": {
      "Label": "Reset"
    },
    "CloseButton": {
      "Label": "Close",
      "ConfirmMessage": "Unsaved changes will be lost. Continue?"
    },
    "NotifyAll": false,
    "IBPLRules": [
      {
        "template": "EXEC plugin instance [ADPSAP004PlannedOrderSAP] for measures {[PrO Detail Status]} using scope ([Version].[Version Name].filter(#.Name in {\"CurrentWorkingView\"})  *[Documents].[OrderlineID]{{#filter OrderlineID}} * [Location].[Location] * [Item].[Item] * [Activity1].[Activity1] * [Activity2].[Activity2]) using arguments {([ExecutionMode], \"MediumWeight\")} ;"
      }
    ],
    "JavascriptRules": [],
    "FieldBindings": [
      {
        "fieldName": "OrderlineID",
        "title": "OrderlineID",
        "Description": "OrderlineID",
        "type": "picklist",
        "selectionType": "multiple",
        "clearSearch": true,
        "source": "parentAttribute",
        "DimensionName": "Documents",
        "key": {
          "LevelAttribute": {
            "Name": "OrderlineID",
            "Property": "Name"
          }
        },
        "visible": true,
        "isEditable": true,
        "validation": {
          "maxLength": "0",
          "required": true
        }
      }
    ],
    "DataSources": [],
    "AutoExecute": false,
    "isAsync": true,
    "hasMembersUpdates": false,
    "Compact": false,
    "TwoColumn": false,
    "IsGlobalForExcelAddIn": false,
    "FilterFieldBindings": []
  },
  "Widget": null
}