{
  "Name": "MFPInfoTDRecon01",
  "Description": "Information",
  "ActionButtonId": "978e5a1e-83e0-a357-c541-194b247ef375",
  "Tooltip": "Report Information",
  "ActionButtonType": "Widget",
  "Alignment": "right",
  "IsPopOver": true,
  "IsGlobal": true,
  "ActionClickHandler": null,
  "Icon": null,
  "Image": null,
  "ConfigJson": {
    "icon": "info-circle",
    "SubmitButton": {
      "Label": " "
    },
    "ResetButton": {},
    "CloseButton": {
      "Label": " "
    },
    "NotifyRoles": false,
    "NotifyAll": false,
    "IBPLRules": [],
    "JavascriptRules": [],
    "FieldBindings": [
      {
        "fieldName": "Information",
        "title": "Information",
        "type": "info",
        "clearSearch": true,
        "source": "literal",
        "defaultValue": "<!DOCTYPE html> <html lang=\"en\"> <head>     <meta charset=\"UTF-8\">     <meta name=\"viewport\" content=\"width=device-width, initial-scale=1.0\">     <title>Top Down vs Bottom Up Plan Comparison</title> </head> <body style=\"text-align: left;\">     <p style=\"text-align: left;\"><strong>Overview</strong></p>     <p style=\"text-align: left;\">         Allows the merchandise planner to compare the Sales and Gross Margin metrics between Top Down and Bottom Up Plans,          identifying gaps and aligning financial targets.     </p>      <p style=\"text-align: left;\"><strong>How to Use</strong></p>     <p style=\"text-align: left;\">         <strong>If planner wants to Push Top Down metrics to Bottom Up Plan:</strong><br>         1. Click on \"Push to BU Plan\" action button<br>         2. Enter the desired Department, Channel, Country, Quarters, Selling Season<br>         3. Click Submit<br><br>          <strong>If planner wants to Copy Bottom Up metrics to Top Down Plan:</strong><br>         1. Click on \"Copy from BU Plan\" action button<br>         2. Enter the desired Department, Channel, Country, Quarters, Selling Season<br>         3. Click Submit<br><br>          <em>Note: All metrics are copied from Approved Plan to Working Plan.</em>     </p> </body> </html>",
        "visible": true,
        "isEditable": true,
        "validation": {
          "maxLength": "0",
          "required": true
        }
      }
    ],
    "Range": [],
    "DataSources": [],
    "AutoExecute": false,
    "isAsync": false,
    "hasMembersUpdates": false,
    "Compact": false,
    "TwoColumn": false,
    "IsGlobalForExcelAddIn": false,
    "ReturnFilterByUpdate": false,
    "ExcludeFromNavLink": false,
    "FilterFieldBindings": [],
    "enableTransaction": false
  },
  "Widget": null,
  "Roles": []
}