{
  "MeasureName": "Error Volume",
  "MeasureId": "d1b711e5-e49b-4ff7-bbc5-7591dcb5eaac",
  "MeasureDescription": "Sum of the volume that was errored out while loading to o9 (due to missing master data)",
  "DataType": "number",
  "MeasureType": "Regular",
  "AggregateFunction": "Null",
  "FormatString": "#,##0;(#,##0)",
  "MeasureColumnName": "ErrorVolume",
  "MeasureFormula": "",
  "IsEditable": true,
  "ApplyConversion": false,
  "ConversionFormula": "",
  "PickListName": null,
  "BgColorFormula": "",
  "FgColorFormula": "",
  "TrendFormula": "",
  "FormattingViewModel": "[]",
  "ParentMeasureName": null,
  "AssociationMeasure": false,
  "IsComputedByPlanningService": false,
  "ToolTip": "Sum of the volume that was errored out while loading to o9 (due to missing master data)",
  "ConfigJson": {},
  "ApiName": null,
  "ApiDisabled": false,
  "IsReportingMeasure": false,
  "MeasureConditionalFormulaProperties": [],
  "PicklistSource": null
}