{
  "AttributeName": "End Date",
  "AttributeId": "9a4ca472-e954-4ef2-a8ce-b6ab6a10f7d0",
  "AttributeHierarchyEnabled": false,
  "IsKey": false,
  "Description": "End date of the Initiative to filter the master report for future & past Initiatives",
  "OrderBy": "Key",
  "KeyColumnName": "StartDateKey",
  "NameColumnName": null,
  "KeyColumnDataType": "datetime",
  "SeedTags": false,
  "KeyGenerationType": null,
  "PickListName": null,
  "ConfigJson": {
    "IsVisible": true,
    "IsEditable": false
  },
  "FormatString": "MM-dd-yyyy",
  "Translation": null,
  "Aliases": [],
  "ApiName": null,
  "ApiDisabled": false
}