{
  "MeasureName": "TD Vs LY Gross Margin %",
  "MeasureId": "ab3c1923-88eb-4cc0-8854-cd86eee913b4",
  "MeasureDescription": "TD Gross Margin YoY%",
  "DataType": "number",
  "MeasureType": "Regular",
  "AggregateFunction": "Computed",
  "FormatString": "0.00%",
  "MeasureColumnName": "TDGrossMarginYoY%",
  "MeasureFormula": "Safedivide((Measure.[TD Gross Margin Rtl] - Measure.[LY Gross Margin Rtl]), Measure.[LY Gross Margin Rtl])",
  "IsEditable": false,
  "ApplyConversion": false,
  "ConversionFormula": null,
  "PickListName": null,
  "BgColorFormula": "",
  "FgColorFormula": "",
  "TrendFormula": "",
  "FormattingViewModel": "[]",
  "ParentMeasureName": null,
  "AssociationMeasure": false,
  "IsComputedByPlanningService": false,
  "ToolTip": "(TD Gross Margin Retail - LY Gross Margin Retail)/LY Gross Margin Retail",
  "ConfigJson": {},
  "ApiName": null,
  "ApiDisabled": false,
  "IsReportingMeasure": true,
  "MeasureConditionalFormulaProperties": [],
  "PicklistSource": null
}