{
  "Name": "SupplyPlan160SupplierUnAssignment",
  "Description": "UnAssign Supplier to Plant location",
  "ActionButtonId": "4f611a95-c7d3-4045-908b-0cde22f5e23d",
  "Tooltip": "UnAssign Supplier to Plant location",
  "ActionButtonType": "Widget",
  "Alignment": "right",
  "IsPopOver": true,
  "IsGlobal": true,
  "ActionClickHandler": null,
  "Icon": null,
  "Image": null,
  "ConfigJson": {
    "DisplayName": "UnAssign Supplier to Plant location",
    "icon": "minus",
    "SubmitButton": {
      "Label": "Submit"
    },
    "ResetButton": {
      "Label": "Reset"
    },
    "CloseButton": {
      "Label": "Close",
      "ConfirmMessage": "Unsaved changes will be lost. Continue?"
    },
    "NotifyRoles": true,
    "NotifyAll": false,
    "IBPLRules": [
      {
        "template": "\n{{#each Tuple}}\n\nScope: ({{#entity Item}} * {{#entity ToLocation}} * {{#entity Supplier}} * [Version].[Version Name]{{#filter Version}});\nMeasure.[o9 Item Location Supplier Association]=Null;\nMeasure.[PROC o9 Min Lot Size ILS]=Null;\nMeasure.[PROC o9 Max Lot Size ILS]=Null;\nMeasure.[PROC o9 Planned Delivery Time ILS]=Null;\nMeasure.[PROC o9 Soft Lot Size ILS]=Null;\nend scope;\n\n{{/each}}\n\n{{#each Tuple}}\n\n//--Uncomment the below code to enable Net change functionality\n/*\nCartesian Scope: ({{#entity Item}} * {{#entity ToLocation}} *{{#entity Supplier}} * [Version].[Version Name]{{#filter Version}});\nMeasure.[o9 Item Location Supplier Association NC Deletion] = 1;\nend scope;\n\nScope: ({{#entity Item}} * {{#entity ToLocation}} *{{#entity Supplier}} * [Version].[Version Name]{{#filter Version}});\nMeasure.[o9 Item Location Supplier Association NC Addition] = Null;\nMeasure.[ERP Item Location Supplier Association NC Addition] = Null;\nend scope;\n*/\n\n{{/each}}\n"
      }
    ],
    "JavascriptRules": [],
    "VersionOrScenarioField": "Version",
    "FieldBindings": [
      {
        "fieldName": "Version",
        "title": "Version Name",
        "Description": "Version Name",
        "type": "picklistDropdown",
        "selectionType": "single",
        "clearSearch": true,
        "source": "filter",
        "DimensionName": "Version",
        "LevelAttributeName": "Version Name",
        "visible": true,
        "isEditable": false,
        "validation": {
          "maxLength": "0",
          "required": true
        }
      },
      {
        "fieldName": "Tuple",
        "title": "Intersections",
        "Description": "Intersections",
        "type": "picklistDropdown",
        "select": "ALL",
        "clearSearch": true,
        "source": "parentTuple",
        "TuplesList": [
          {
            "Key": "Item",
            "LevelAttribute": {
              "DimensionName": "Item",
              "Name": "Item",
              "textField": "Name"
            },
            "tuplesource": "LevelAttribute"
          },
          {
            "Key": "ToLocation",
            "LevelAttribute": {
              "DimensionName": "Location",
              "Name": "Location",
              "textField": "Name"
            },
            "tuplesource": "LevelAttribute"
          },
          {
            "Key": "Supplier",
            "LevelAttribute": {
              "DimensionName": "Supplier",
              "Name": "Supplier Location",
              "textField": "Name"
            },
            "tuplesource": "LevelAttribute"
          }
        ],
        "visible": true,
        "isEditable": true,
        "validation": {
          "required": true
        }
      }
    ],
    "Range": [],
    "DataSources": [],
    "AutoExecute": false,
    "isAsync": false,
    "hasMembersUpdates": false,
    "Compact": false,
    "TwoColumn": true,
    "IsGlobalForExcelAddIn": false,
    "ReturnFilterByUpdate": true,
    "ExcludeFromNavLink": false,
    "FilterFieldBindings": []
  },
  "Widget": null,
  "Roles": []
}