{
  "Name": "DI010AddingRowsSAPDeletion",
  "Description": "Add Record",
  "ActionButtonId": "f091b692-86a4-4e3c-95e4-9de2e546099f",
  "Tooltip": "Add Record",
  "ActionButtonType": "Rule",
  "Alignment": "right",
  "IsPopOver": true,
  "IsGlobal": false,
  "ActionClickHandler": null,
  "Icon": null,
  "Image": null,
  "ConfigJson": {
    "icon": "plus",
    "Position": "0",
    "SubmitButton": {
      "Label": "Submit"
    },
    "ResetButton": {
      "Label": "Reset"
    },
    "CloseButton": {
      "Label": "Close",
      "ConfirmMessage": "Unsaved changes will be lost. Continue?"
    },
    "NotifyAll": false,
    "IBPLRules": [
      {
        "template": "Createmember([SAP Deletion].[Serial No] = {, \"{{SerialNo}}\"},[SAP Deletion].[Table Name] = {,\"{{TableName}}\"});\n\ncartesian scope:([Version].[Version Name].[{{Version}}]*[SAP Deletion].[Serial No].[{{SerialNo}}]*[SAP Deletion].[Table Name].[{{TableName}}]);\nMeasure.[SAP Deletion Column Name] =\"{{ColumnName}}\";\nMeasure.[SAP Deletion Value] =\"{{Value}}\";\nend scope;"
      }
    ],
    "JavascriptRules": [],
    "FieldBindings": [
      {
        "fieldName": "Version",
        "title": "Version",
        "Description": "Version",
        "type": "picklistDropdown",
        "selectionType": "single",
        "clearSearch": true,
        "source": "members",
        "DimensionName": "Version",
        "LevelAttributeName": "Version Name",
        "visible": true,
        "isEditable": true,
        "validation": {
          "maxLength": "0",
          "required": true
        }
      },
      {
        "fieldName": "SerialNo",
        "title": "Serial No",
        "Description": "Serial No",
        "type": "number",
        "clearSearch": true,
        "source": "literal",
        "visible": true,
        "isEditable": true,
        "validation": {
          "maxLength": "0",
          "required": true
        }
      },
      {
        "fieldName": "TableName",
        "title": "Table Name",
        "Description": "DB Table Name to which customer provided raw data is uploaded. The table names should be same as specified in the page \"In Files\"",
        "type": "picklistDropdown",
        "selectionType": "single",
        "clearSearch": true,
        "select": "NONE",
        "source": "datasource",
        "key": "TName",
        "valueField": "Name",
        "textField": "Name",
        "visible": true,
        "isEditable": true,
        "validation": {
          "maxLength": "0",
          "required": true
        }
      },
      {
        "fieldName": "ColumnName",
        "title": "Column Name",
        "Description": "The column name in the table to store input data.",
        "type": "string",
        "clearSearch": true,
        "source": "literal",
        "visible": true,
        "isEditable": true,
        "validation": {
          "maxLength": "0",
          "required": true
        }
      },
      {
        "fieldName": "Value",
        "title": "Value",
        "Description": "The value that indicates that the incoming record should be treated as DELETE. Primary usecase is raw SAP tables extracted via o9 SAP Adaptor",
        "type": "string",
        "clearSearch": true,
        "source": "literal",
        "visible": true,
        "isEditable": true,
        "validation": {
          "maxLength": "0",
          "required": true
        }
      }
    ],
    "DataSources": [
      {
        "Name": "SerialNo",
        "IBPLRules": [
          {
            "template": "select NextLabel([o9InputStructureSerialNo]);"
          }
        ],
        "JavascriptRules": [],
        "FieldBindings": [],
        "IncludeDSFieldsOnly": false
      },
      {
        "Name": "TName",
        "IBPLRules": [
          {
            "template": "select ([In Files].[Table Name]) where{[In Files].[Serial No]};"
          }
        ],
        "JavascriptRules": [],
        "IncludeDSFieldsOnly": false,
        "FieldBindings": []
      }
    ],
    "AutoExecute": false,
    "isAsync": false,
    "hasMembersUpdates": false,
    "Compact": false,
    "TwoColumn": false,
    "IsGlobalForExcelAddIn": false,
    "FilterFieldBindings": []
  },
  "Widget": null
}