{
  "AttributeName": "Retail_MFP_LP_Location_NN",
  "AttributeId": "5d52cd34-627f-accd-4ed3-a3d9d7cba537",
  "AttributeHierarchyEnabled": true,
  "IsKey": false,
  "Description": "Retail MFP Location Plan Location Namednode",
  "OrderBy": "Key",
  "KeyColumnName": "Retail_MFP_LP_Location_NNKey",
  "NameColumnName": "Retail_MFP_LP_Location_NNName",
  "KeyColumnDataType": "integer",
  "SeedTags": true,
  "KeyGenerationType": "Auto",
  "PickListName": null,
  "ConfigJson": {
    "ShowFilterAs": "TileView",
    "MemberDisplayNameEditable": true,
    "IsMultipleImage": false,
    "MemberDisplayColor": false
  },
  "FormatString": null,
  "Translation": null,
  "Aliases": [],
  "ApiName": null,
  "ApiDisabled": false,
  "ParentAttributeName": null,
  "NamedNodeUsages": [
    {
      "DimensionName": "Location",
      "AttributeName": "Location"
    }
  ]
}