{
  "Name": "DI009AddingRowsRawValueMapping",
  "Description": "Add Record",
  "ActionButtonId": "c08ae2a1-1195-46a2-8803-c7f324350462",
  "Tooltip": "Add Record",
  "ActionButtonType": "Rule",
  "Alignment": "right",
  "IsPopOver": true,
  "IsGlobal": false,
  "ActionClickHandler": null,
  "Icon": null,
  "Image": null,
  "ConfigJson": {
    "icon": "plus",
    "Position": "0",
    "SubmitButton": {
      "Label": "Submit"
    },
    "ResetButton": {
      "Label": "Reset"
    },
    "CloseButton": {
      "Label": "Close",
      "ConfirmMessage": "Unsaved changes will be lost. Continue?"
    },
    "NotifyAll": false,
    "IBPLRules": [
      {
        "template": "Createmember([Raw Value Mapping].[Serial No] = {, \"{{SerialNo}}\"},[Raw Value Mapping].[Table Name] = {,\n\"{{TableName}}\"});\n\ncartesian scope:([Version].[Version Name].[{{Version}}]*[Raw Value Mapping].[Serial No].[{{SerialNo}}]*[Raw Value Mapping].[Table Name].[{{TableName}}]);\nMeasure.[Raw Column Name] =\"{{ColumnName}}\";\nMeasure.[Raw Value] =\"{{RawValue}}\";\nMeasure.[Raw o9 Value] =\"{{o9Value}}\";\nend scope;"
      }
    ],
    "JavascriptRules": [],
    "FieldBindings": [
      {
        "fieldName": "Version",
        "title": "Version",
        "Description": "Version",
        "type": "picklistDropdown",
        "selectionType": "single",
        "clearSearch": true,
        "source": "members",
        "DimensionName": "Version",
        "LevelAttributeName": "Version Name",
        "visible": true,
        "isEditable": true,
        "validation": {
          "maxLength": "0",
          "required": true
        }
      },
      {
        "fieldName": "SerialNo",
        "title": "Serial No",
        "Description": "Serial No",
        "type": "number",
        "clearSearch": true,
        "source": "literal",
        "visible": true,
        "isEditable": true,
        "validation": {
          "maxLength": "0",
          "required": true
        }
      },
      {
        "fieldName": "TableName",
        "title": "Table Name",
        "Description": "DB Table Name to which customer provided raw data is uploaded. The table names should be same as specified in the page \"In Files\"",
        "type": "picklistDropdown",
        "selectionType": "single",
        "clearSearch": true,
        "select": "NONE",
        "source": "datasource",
        "key": "TName",
        "valueField": "Name",
        "textField": "Name",
        "visible": true,
        "isEditable": true,
        "validation": {
          "maxLength": "0",
          "required": true
        }
      },
      {
        "fieldName": "ColumnName",
        "title": "Column Name",
        "Description": "The column name in the table to store input data.",
        "type": "string",
        "clearSearch": true,
        "source": "literal",
        "visible": true,
        "isEditable": true,
        "validation": {
          "maxLength": "0",
          "required": true
        }
      },
      {
        "fieldName": "RawValue",
        "title": "Raw Value",
        "Description": "Specify the Raw Value that needs to be mapped to a o9 expected Value",
        "type": "string",
        "clearSearch": true,
        "source": "literal",
        "visible": true,
        "isEditable": true,
        "validation": {
          "maxLength": "0",
          "required": false
        }
      },
      {
        "fieldName": "o9Value",
        "title": "o9 Value",
        "Description": "Specify the o9 Value thats need for downstream processing",
        "type": "string",
        "clearSearch": true,
        "source": "literal",
        "visible": true,
        "isEditable": true,
        "validation": {
          "maxLength": "0",
          "required": true
        }
      }
    ],
    "DataSources": [
      {
        "Name": "TName",
        "IBPLRules": [
          {
            "template": "select ([In Files].[Table Name]) where{[In Files].[Serial No]};"
          }
        ],
        "JavascriptRules": [],
        "IncludeDSFieldsOnly": false,
        "FieldBindings": []
      }
    ],
    "AutoExecute": false,
    "isAsync": false,
    "hasMembersUpdates": false,
    "Compact": false,
    "TwoColumn": false,
    "IsGlobalForExcelAddIn": false,
    "FilterFieldBindings": []
  },
  "Widget": null
}