{
  "NeedsRedeployment": false,
  "DeploymentStatus": false,
  "MaintainLocalCache": false,
  "DeploymentStatusMessage": null,
  "ExternalConfigJson": "{\r\n  \"IsEditable\": true,\r\n  \"LocalCacheEnabled\": true,\r\n  \"PersistTransactionDelta\": true,\r\n  \"IncludeInBackup\": false,\r\n  \"StorageFormat\": \"ORC\",\r\n  \"ExportToExternalSource\": true,\r\n  \"ResultToFile\": true,\r\n  \"SkipVersionMaterialization\": true,\r\n  \"UseOptimizedCsvReader\": true,\r\n  \"UseCsvTupleBuffer\": true,\r\n  \"DeleteTransitFiles\": true,\r\n  \"BucketCount\": 10,\r\n  \"ResultToFileNumChunk\": 1,\r\n  \"ResultToFileMaxChunkColValue\": 1000\r\n}",
  "MeasureGroupExternalConfigId": "16fbc8c8-ef99-4c4d-afb5-9e910bf60f2b",
  "DataSourceType": "Hive",
  "UseGraphcubePartitionSpec": false
}