{
  "MeasureName": "AI Predict Feature Relative Importance",
  "MeasureId": "0234daa3-5a3b-4cda-9166-ddb3951dd15e",
  "MeasureDescription": "AI Predict Feature Relative Importance",
  "DataType": "number",
  "MeasureType": "Regular",
  "AggregateFunction": "Sum",
  "FormatString": "0.0%",
  "MeasureColumnName": "AIPredictFeatureRelativeImportance",
  "MeasureFormula": "",
  "IsEditable": false,
  "ApplyConversion": false,
  "ConversionFormula": "",
  "PickListName": null,
  "BgColorFormula": "",
  "FgColorFormula": "",
  "TrendFormula": "",
  "FormattingViewModel": null,
  "ParentMeasureName": null,
  "AssociationMeasure": false,
  "IsComputedByPlanningService": false,
  "ToolTip": "AI Predict Feature Relative Importance",
  "ConfigJson": {},
  "ApiName": null,
  "ApiDisabled": false,
  "IsReportingMeasure": false,
  "MeasureConditionalFormulaProperties": [],
  "PicklistSource": null
}