{
  "Name": "By Cluster-Ranging Assorted Thumbnail",
  "WidgetDefinitionName": "By Cluster-Ranging Assorted Thumbnail",
  "IsPrimary": true,
  "ConfigJson": {
    "ContainerId": "ee5ee87d-9206-4942-beec-f638163a19c0",
    "CompositeContainerId": null,
    "Position": 0,
    "ShowInfoContext": {
      "ActionColumn": true,
      "RowInfo": true,
      "MemberInfo": true
    },
    "ShowHeader": {
      "Icon": "",
      "Color": null
    }
  },
  "ViewWidgetDefinitionId": "c9050034-304a-841f-af0e-a4213965ece9",
  "Title": "By Cluster"
}