{
  "Name": "Aggregate Parameters",
  "ViewId": "fe8117fe-f4ce-6b88-00c0-7de075fe12c5",
  "ContentType": "Regular",
  "Title": "Aggregate Parameters",
  "Position": 3,
  "IsDefault": false,
  "Resource": null,
  "RazorViewTemplate": "_containers",
  "ConfigJson": {
    "WidgetContainers": {
      "Containers": [
        1
      ],
      "Key": 0,
      "IsModified": false,
      "ViewSpread": {
        "RowLevel": 60,
        "ColLevel": 12
      },
      "Data": [
        {
          "Id": "ac217e72-38cb-4013-9be2-741e68668ea6",
          "Col": 0,
          "Row": 0,
          "SizeX": 12,
          "SizeY": 60
        }
      ]
    },
    "CompactMode": false,
    "IsHidden": false
  },
  "Roles": [
    "public"
  ]
}