{
  "Name": "946RunShipToRealignment",
  "Description": "Run Realignment",
  "ActionButtonId": "beb2dddd-2cb0-4489-bef2-15dc2b193c36",
  "Tooltip": "Run Realignment",
  "ActionButtonType": "Rule",
  "Alignment": "right",
  "IsPopOver": true,
  "IsGlobal": false,
  "ActionClickHandler": null,
  "Icon": null,
  "Image": null,
  "ConfigJson": {
    "icon": "caret-square-o-right",
    "Position": "0",
    "SubmitButton": {
      "Label": "Submit"
    },
    "ResetButton": {
      "Label": "Reset"
    },
    "CloseButton": {
      "Label": "Close",
      "ConfirmMessage": "Unsaved changes will be lost. Continue?"
    },
    "NotifyAll": false,
    "IBPLRules": [
      {
        "template": "/*Rule to calculate realignment percentages*/\n\n/*Rule to run realignment*/\n/*Step 1 : Calculate weighted percentages*/\n/*Step 2 : Null Actual Input*/\n/*Step 3 : Execute realignment Plugin*/\nexec procedure o9DPRealignment\t {\"VersionName\" : [{{#csv VersionName}}]};\n"
      }
    ],
    "JavascriptRules": [],
    "FieldBindings": [
      {
        "fieldName": "VersionName",
        "title": "Version",
        "type": "picklist",
        "selectionType": "single",
        "clearSearch": true,
        "source": "filter",
        "DimensionName": "Version",
        "LevelAttributeName": "Version Name",
        "visible": true,
        "isEditable": true,
        "validation": {
          "maxLength": "0",
          "required": true
        }
      },
      {
        "fieldName": "FromRegion",
        "title": "From Region",
        "type": "picklist",
        "clearSearch": true,
        "source": "parentAttribute",
        "DimensionName": "Region",
        "key": {
          "LevelAttribute": {
            "Name": "Region",
            "Property": "Name"
          },
          "RelationshipType": "940 ShipTo Realignment",
          "EdgeDirection": "FROM"
        },
        "visible": false,
        "isEditable": true,
        "validation": {
          "maxLength": "0",
          "required": false
        },
        "selectionType": "single"
      },
      {
        "fieldName": "ToRegion",
        "title": "To Region",
        "type": "picklist",
        "selectionType": "single",
        "clearSearch": true,
        "source": "parentAttribute",
        "DimensionName": "Region",
        "key": {
          "LevelAttribute": {
            "Name": "Region",
            "Property": "Name"
          },
          "RelationshipType": "940 ShipTo Realignment",
          "EdgeDirection": "TO"
        },
        "visible": false,
        "isEditable": true,
        "validation": {
          "maxLength": "0",
          "required": false
        }
      },
      {
        "fieldName": "TransitionDate",
        "title": "Transition Date",
        "type": "picklist",
        "selectionType": "single",
        "clearSearch": true,
        "source": "parentAttribute",
        "DimensionName": "Time",
        "key": {
          "LevelAttribute": {
            "Name": "Day",
            "Property": "Name"
          },
          "RelationshipType": "940 ShipTo Realignment",
          "EdgeDirection": "TO"
        },
        "visible": false,
        "isEditable": true,
        "validation": {
          "maxLength": "0",
          "required": false
        }
      },
      {
        "fieldName": "RealignmentPercentage",
        "title": "Realignment Percentage",
        "Description": "Realignment Percentage",
        "type": "picklist",
        "selectionType": "single",
        "clearSearch": true,
        "source": "parentEdgeProperty",
        "key": {
          "EdgeProperty": {
            "RelationshipType": "940 ShipTo Realignment",
            "PropertyName": "ShipTo Realignment Percentage Weighted"
          }
        },
        "visible": false,
        "isEditable": true,
        "validation": {
          "maxLength": "0",
          "required": false
        }
      },
      {
        "fieldName": "IsActiveForBatch",
        "title": "Is Active For Batch",
        "Description": "Is Active For Batch",
        "type": "picklist",
        "selectionType": "single",
        "clearSearch": true,
        "source": "parentEdgeProperty",
        "key": {
          "EdgeProperty": {
            "RelationshipType": "940 ShipTo Realignment",
            "PropertyName": "Is Active for Batch"
          }
        },
        "visible": false,
        "isEditable": true,
        "validation": {
          "maxLength": "0",
          "required": false
        }
      }
    ],
    "DataSources": [],
    "AutoExecute": false,
    "isAsync": true,
    "hasMembersUpdates": false,
    "Compact": false,
    "TwoColumn": false,
    "IsGlobalForExcelAddIn": false,
    "FilterFieldBindings": []
  },
  "Widget": null
}