{
  "Name": "LP Thumbnail",
  "WidgetDefinitionName": "LP Thumbnail",
  "IsPrimary": true,
  "ConfigJson": {
    "ContainerId": "bb41a50c-107f-421b-8773-5ed9668d6ed0",
    "CompositeContainerId": null,
    "Position": 0,
    "ShowInfoContext": {
      "ActionColumn": true,
      "RowInfo": true,
      "MemberInfo": true
    },
    "ShowHeader": {
      "Icon": "",
      "Color": null
    }
  },
  "ViewWidgetDefinitionId": "7575129e-793e-fa8c-f5ae-8ef35fbe3b9c",
  "Title": "Location Plan Thumbnail"
}