{
  "MeasureGroupName": "001.005 Priority Group Parameters",
  "MeasureGroupId": "71f36609-9da8-4510-bea3-58e02f995fe3",
  "ParentMeasureGroupName": null,
  "HasShadow": false,
  "MeasureGroupDescription": "Priority Group Parameters",
  "MeasureGroupType": "Regular",
  "FactTableName": "Fact001.005PriorityGroupParameters",
  "SchemaMajorVersion": 0,
  "ConfigJson": {},
  "ApiName": null,
  "Repartition": false,
  "Unpartition": false,
  "ApiEnabled": false,
  "DimensionUsages": [
    {
      "DimensionName": "Version",
      "AttributeName": "Version Name",
      "SortOrder": 0,
      "DimensionType": "Regular"
    },
    {
      "DimensionName": "Demand Priority Group",
      "AttributeName": "Priority Group",
      "SortOrder": 1,
      "DimensionType": "Regular"
    },
    {
      "DimensionName": "Data Object",
      "AttributeName": "Data Object",
      "SortOrder": 2,
      "DimensionType": "Regular"
    },
    {
      "DimensionName": "Plan Type",
      "AttributeName": "Plan Type",
      "SortOrder": 3,
      "DimensionType": "Regular"
    }
  ]
}