{
  "AttributeName": "Serial No",
  "AttributeId": "2a8a9aa2-107e-4c88-8573-4373c638212e",
  "AttributeHierarchyEnabled": true,
  "IsKey": true,
  "Description": "Serial No",
  "OrderBy": "Key",
  "KeyColumnName": "SerialNoKey",
  "NameColumnName": "SerialNoName",
  "KeyColumnDataType": "integer",
  "SeedTags": false,
  "KeyGenerationType": "Auto",
  "PickListName": null,
  "ConfigJson": {
    "ShowFilterAs": "TileView",
    "MemberDisplayNameEditable": true,
    "IsMultipleImage": false
  },
  "FormatString": null,
  "Translation": null,
  "Aliases": [],
  "ApiName": null,
  "ApiDisabled": false
}