{
  "Name": "o9EKGAddTenant",
  "Description": null,
  "ActionButtonId": "9d421e77-9a43-67cf-9b88-fb7fa47d035b",
  "Tooltip": "Add Tenant",
  "ActionButtonType": "Widget",
  "Alignment": "right",
  "IsPopOver": true,
  "IsGlobal": true,
  "ActionClickHandler": null,
  "Icon": null,
  "Image": null,
  "ConfigJson": {
    "icon": "plus-square-o",
    "SubmitButton": {
      "Label": "Submit"
    },
    "ResetButton": {
      "Label": "Reset"
    },
    "CloseButton": {
      "Label": "Close",
      "ConfirmMessage": "Unsaved changes will be lost. Continue?"
    },
    "NotifyRoles": true,
    "NotifyAll": false,
    "IBPLRules": [
      {
        "template": "createmember([o9EKG Tenant].[Profile] = {, \"{{TenantProfile}}\"}, [o9EKG Tenant].[Tenant] = {, \"{{TenantInstance}}\"});"
      },
      {
        "template": "cartesian scope: (&CWV * [o9EKG Customer].[Project Name].[{{Project}}] * [o9EKG Tenant].[Tenant].[{{TenantInstance}}]);\n    Measure.[o9EKG Tenant Org Name] = \"{{OrgName}}\";\nend scope;"
      }
    ],
    "JavascriptRules": [
      {
        "modulename": "o9.EKG.validateTenantName",
        "functionname": "validateTenantName"
      }
    ],
    "FieldBindings": [
      {
        "fieldName": "Project",
        "title": "Project",
        "type": "picklistDropdown",
        "selectionType": "single",
        "clearSearch": true,
        "source": "filter",
        "DimensionName": "o9EKG Customer",
        "LevelAttributeName": "Project Name",
        "visible": false,
        "isEditable": false,
        "validation": {
          "maxLength": "0",
          "required": true
        }
      },
      {
        "fieldName": "TenantProfile",
        "title": "Tenant Profile",
        "type": "picklistDropdown",
        "selectionType": "single",
        "clearSearch": true,
        "source": "filter",
        "DimensionName": "o9EKG Tenant",
        "LevelAttributeName": "Profile",
        "visible": true,
        "isEditable": false,
        "validation": {
          "maxLength": "0",
          "required": true
        }
      },
      {
        "fieldName": "OrgName",
        "title": "Org Name",
        "type": "string",
        "clearSearch": true,
        "source": "literal",
        "visible": true,
        "isEditable": true,
        "validation": {
          "maxLength": "0",
          "required": true
        }
      },
      {
        "fieldName": "TenantInstance",
        "title": "TenantInstance",
        "type": "string",
        "clearSearch": true,
        "source": "literal",
        "visible": true,
        "isEditable": true,
        "validation": {
          "maxLength": "0",
          "required": true
        }
      }
    ],
    "Range": [],
    "DataSources": [],
    "AutoExecute": false,
    "isAsync": false,
    "hasMembersUpdates": true,
    "Compact": false,
    "TwoColumn": false,
    "IsGlobalForExcelAddIn": false,
    "ReturnFilterByUpdate": false,
    "ExcludeFromNavLink": false,
    "FilterFieldBindings": [],
    "enableTransaction": false
  },
  "Widget": null,
  "Roles": [
    "EKG_Intg_Arch",
    "EKG_SA"
  ]
}