{
  "ModuleId": "273029c8-d2db-4c26-91c2-c6ade5ef2bd4",
  "ModuleName": "o9 DP Foundation",
  "Description": "Demand related foundational data",
  "URL": "https://dev.azure.com/o9git/ec07b4e6-de11-4c3d-988e-d2ed5a5a28e9/_apis/git/repositories/273029c8-d2db-4c26-91c2-c6ade5ef2bd4",
  "ParentModule": null,
  "Dependencies": null,
  "Type": "Regular",
  "Category": null,
  "Project": {
    "Id": "ec07b4e6-de11-4c3d-988e-d2ed5a5a28e9",
    "Name": "RefDev",
    "Url": "https://dev.azure.com/o9git/_apis/projects/ec07b4e6-de11-4c3d-988e-d2ed5a5a28e9"
  },
  "VersionType": "branch",
  "Version": null,
  "IsReadOnlyModule": false,
  "IsPromoteDisabled": false,
  "CreatorEmail": "aniket.daoo@o9solutions.com",
  "CreationTime": "2023-06-12T19:39:36.3229486+00:00",
  "IsMergedModule": false,
  "MergedModuleParentModule": null,
  "IsSolutionBlock": false,
  "NameSpace": ""
}