{
  "Name": "Final vs Approved Ranging",
  "WidgetDefinitionName": "Final vs Approved Ranging",
  "IsPrimary": true,
  "ConfigJson": {
    "ContainerId": "b58f4e02-8402-41ba-a850-f9ce9a14a5ed",
    "CompositeContainerId": null,
    "Position": 0,
    "ShowInfoContext": {
      "ActionColumn": true,
      "RowInfo": true,
      "MemberInfo": true
    },
    "ShowHeader": null,
    "ActionButtonBindings": [
      {
        "ActionButtonName": "APInfoRangingApproval01",
        "HotKey": "",
        "ExcludeHiddenAttributes": false,
        "ModuleId": "97428148-218e-4b85-81d1-68ef84f70b05"
      }
    ],
    "Navigations": {
      "ShowMemberSpecific": false,
      "RowNavigationList": {
        "AllowMultiRowSelection": true,
        "Views": [
          {
            "ViewId": "a3362871-9270-4f97-c8f1-67e2cbfb526f"
          }
        ],
        "ActionButtons": []
      },
      "MemberNavigationList": [
        {
          "LevelAttribute": {
            "Id": "c8215069-c134-49e6-a1de-5f681eb07b83"
          },
          "Views": [
            {
              "ViewId": "a3362871-9270-4f97-c8f1-67e2cbfb526f"
            }
          ],
          "ActionButtons": []
        }
      ]
    }
  },
  "ViewWidgetDefinitionId": "d85c1080-fd1c-19cc-200a-ef9464004ad4",
  "Title": "Final vs Approved Ranging"
}