{
  "MeasureName": "LP Vs LP LY PP Sls Rtl Growth %",
  "MeasureId": "202feef4-2170-4b1e-9b37-c722f84f9900",
  "MeasureDescription": "LP Vs LP LY PP Sls Growth %",
  "DataType": "number",
  "MeasureType": "Regular",
  "AggregateFunction": "Computed",
  "FormatString": "0.00%",
  "MeasureColumnName": "LPVsLPLYPPSlsRtlGrowth%",
  "MeasureFormula": "Safedivide((Measure.[LP PP Sls Rtl]-Measure.[LP LY PP Sls Rtl]),Measure.[LP LY PP Sls Rtl])",
  "IsEditable": false,
  "ApplyConversion": false,
  "ConversionFormula": "",
  "PickListName": null,
  "BgColorFormula": "",
  "FgColorFormula": "",
  "TrendFormula": "",
  "FormattingViewModel": null,
  "ParentMeasureName": null,
  "AssociationMeasure": false,
  "IsComputedByPlanningService": false,
  "ToolTip": "(LP PP Sls Rtl - LP LY PP Sls Rtl)/LP LY PP Sls Rtl",
  "ConfigJson": {},
  "ApiName": null,
  "ApiDisabled": false,
  "IsReportingMeasure": true,
  "MeasureConditionalFormulaProperties": [],
  "PicklistSource": null
}