{
  "MeasureGroupName": "o9EKG Business Characteristics Sub Industry Association",
  "MeasureGroupId": "72b30942-7b97-30f2-d812-f5baa7421ad6",
  "ParentMeasureGroupName": null,
  "HasShadow": false,
  "MeasureGroupDescription": "o9EKG Business Characteristics Sub Industry Association",
  "MeasureGroupType": "Regular",
  "FactTableName": "Facto9EKGBusinessCharSubIndustryAssociation",
  "SchemaMajorVersion": 0,
  "ConfigJson": {},
  "ApiName": null,
  "Repartition": false,
  "Unpartition": false,
  "ApiEnabled": false,
  "DimensionUsages": [
    {
      "DimensionName": "Version",
      "AttributeName": "Version Name",
      "SortOrder": 0,
      "DimensionType": "Regular"
    },
    {
      "DimensionName": "o9EKG Customer",
      "AttributeName": "Project Name",
      "SortOrder": 1,
      "DimensionType": "Regular"
    },
    {
      "DimensionName": "o9EKG Business Characteristics",
      "AttributeName": "Business Characteristics",
      "SortOrder": 2,
      "DimensionType": "Regular"
    },
    {
      "DimensionName": "o9EKG Industry",
      "AttributeName": "Sub Industry",
      "SortOrder": 3,
      "DimensionType": "Regular"
    }
  ]
}
