{
  "AttributeName": "Out Table Name",
  "AttributeId": "44306330-5528-4f0b-8160-c362a1fae5aa",
  "AttributeHierarchyEnabled": true,
  "IsKey": false,
  "Description": "Out Table Name",
  "OrderBy": "Name",
  "KeyColumnName": "OutTableNameKey",
  "NameColumnName": "OutTableNameName",
  "KeyColumnDataType": "integer",
  "SeedTags": false,
  "KeyGenerationType": "Auto",
  "PickListName": null,
  "ConfigJson": {
    "ShowFilterAs": "TileView",
    "MemberDisplayNameEditable": true,
    "IsMultipleImage": false
  },
  "FormatString": null,
  "Translation": null,
  "Aliases": [],
  "ApiName": null,
  "ApiDisabled": false
}