{
  "AttributeName": "Retail_MFP_AOP_Channel_NN",
  "AttributeId": "2624b507-da5b-0166-a9d8-baf9be1c5acc",
  "AttributeHierarchyEnabled": true,
  "IsKey": false,
  "Description": "Retail_MFP_AOP_Channel_NN",
  "OrderBy": "Key",
  "KeyColumnName": "Retail_MFP_AOP_Channel_NNKey",
  "NameColumnName": "Retail_MFP_AOP_Channel_NNName",
  "KeyColumnDataType": "integer",
  "SeedTags": true,
  "KeyGenerationType": "Auto",
  "PickListName": null,
  "ConfigJson": {
    "ShowFilterAs": "TileView",
    "MemberDisplayNameEditable": true,
    "IsMultipleImage": false,
    "MemberDisplayColor": false
  },
  "FormatString": null,
  "Translation": null,
  "Aliases": [],
  "ApiName": null,
  "ApiDisabled": false,
  "ParentAttributeName": null,
  "NamedNodeUsages": [
    {
      "DimensionName": "Sales Domain",
      "AttributeName": "Sales Planning Channel",
      "Sequence": 0
    }
  ]
}