{
  "Name": "Nodes",
  "ViewId": "762825e2-3239-df74-045b-cb00747edf07",
  "ContentType": "Regular",
  "Title": "Nodes",
  "Position": 0,
  "IsDefault": true,
  "Resource": null,
  "RazorViewTemplate": "_containers",
  "ConfigJson": {
    "WidgetContainers": {
      "Containers": [
        1
      ],
      "Key": 0,
      "IsModified": false,
      "ViewSpread": {
        "RowLevel": 60,
        "ColLevel": 12
      },
      "Data": [
        {
          "Id": "a2a110dc-6550-43c4-bd20-69581bc34d91",
          "Col": 0,
          "Row": 0,
          "SizeX": 12,
          "SizeY": 60
        }
      ]
    }
  },
  "Roles": [
    "public"
  ]
}