{
  "Override": [
    {
      "PageGroupName": "New Season Planning",
      "WorkspaceName": "Seasonal Department Plan-V2Migrated",
      "DisplayOrder": 4,
      "ConfigBlockName": "o9 Retail MFP RMA Product Plan"
    },
    {
      "PageGroupName": "Scenario Planning",
      "WorkspaceName": "Seasonal Department Plan-V2Migrated",
      "DisplayOrder": 3,
      "ConfigBlockName": "o9 Retail MFP RMA Product Plan"
    },
    {
      "PageGroupName": "Reconcilliation Summary",
      "WorkspaceName": "Seasonal Department Plan-V2Migrated",
      "DisplayOrder": 2,
      "ConfigBlockName": "o9 Retail MFP RMA Product Plan"
    },
    {
      "PageGroupName": "Top Down Summary",
      "WorkspaceName": "Seasonal Department Plan-V2Migrated",
      "DisplayOrder": 5,
      "ConfigBlockName": "o9 Retail MFP RMA Product Plan"
    },
    {
      "PageGroupName": "Exchange Rates",
      "WorkspaceName": "Seasonal Department Plan-V2Migrated",
      "DisplayOrder": 1,
      "ConfigBlockName": "o9 Retail MFP RMA Product Plan"
    }
  ]
}