{
  "MeasureGroupName": "002 Sales and Buy Plan",
  "MeasureGroupId": "6467ac83-f992-4a96-8020-5c187877f6be",
  "ParentMeasureGroupName": null,
  "HasShadow": false,
  "MeasureGroupDescription": "002 Sales and Buy Plan",
  "MeasureGroupType": "Regular",
  "FactTableName": "Fact002SalesandBuyPlan",
  "SchemaMajorVersion": 0,
  "ConfigJson": {},
  "ApiName": null,
  "Repartition": false,
  "Unpartition": false,
  "ApiEnabled": false,
  "DimensionUsages": [
    {
      "DimensionName": "Version",
      "AttributeName": "Version Name",
      "SortOrder": 2,
      "DimensionType": "Regular"
    },
    {
      "DimensionName": "NamedNode",
      "AttributeName": "Retail_AP_FD_Time_NN",
      "SortOrder": 3,
      "DimensionType": "NamedNode"
    },
    {
      "DimensionName": "NamedNode",
      "AttributeName": "Retail_AP_RP_Product_Cluster_NN",
      "SortOrder": 4,
      "DimensionType": "NamedNode"
    },
    {
      "DimensionName": "NamedNode",
      "AttributeName": "Retail_AP_FD_Common_NN",
      "SortOrder": 5,
      "DimensionType": "NamedNode"
    }
  ]
}