{
  "AttributeName": "Retail_AP_FD_ClstAP_NN",
  "AttributeId": "9d6638b7-ea7b-d953-f630-65da695ad8d3",
  "AttributeHierarchyEnabled": true,
  "IsKey": false,
  "Description": "Clustering Assortment Planning Handshake",
  "OrderBy": "Key",
  "KeyColumnName": "Retail_AP_FD_ClstAP_NNKey",
  "NameColumnName": "Retail_AP_FD_ClstAP_NNName",
  "KeyColumnDataType": "integer",
  "SeedTags": true,
  "KeyGenerationType": "Auto",
  "PickListName": null,
  "ConfigJson": {
    "ShowFilterAs": "TileView",
    "MemberDisplayNameEditable": true,
    "IsMultipleImage": false,
    "MemberDisplayColor": false
  },
  "FormatString": null,
  "Translation": null,
  "Aliases": [],
  "ApiName": null,
  "ApiDisabled": false,
  "ParentAttributeName": null,
  "NamedNodeUsages": [
    {
      "DimensionName": "Cluster",
      "AttributeName": "Cluster"
    },
    {
      "DimensionName": "Location",
      "AttributeName": "Location"
    },
    {
      "DimensionName": "Item",
      "AttributeName": "L3"
    },
    {
      "DimensionName": "Sales Domain",
      "AttributeName": "Sales Planning Channel"
    },
    {
      "DimensionName": "Selling Season",
      "AttributeName": "Selling Season"
    }
  ]
}