{
  "MeasureName": "M Demand Priority Plugin Output Rules Used",
  "MeasureId": "061e06cb-1e59-4d26-9404-4ab8ed86c4a8",
  "MeasureDescription": "Demand Priority Plugin Output Rules Used: Displays the specific rule that was applied to determine the priority for a given demand. For details on rule groups and their mappings, refer to the inputs page.",
  "DataType": "string",
  "MeasureType": "Regular",
  "AggregateFunction": "DistinctSum",
  "FormatString": "#,##0;(#,##0)",
  "MeasureColumnName": "MDemandPriorityPluginOutputRulesUsed",
  "MeasureFormula": "",
  "IsEditable": false,
  "ApplyConversion": false,
  "ConversionFormula": "",
  "PickListName": null,
  "BgColorFormula": "",
  "FgColorFormula": "",
  "TrendFormula": "",
  "FormattingViewModel": "[]",
  "ParentMeasureName": null,
  "AssociationMeasure": false,
  "IsComputedByPlanningService": false,
  "ToolTip": "Demand Priority Plugin Output Rules Used: Displays the specific rule that was applied to determine the priority for a given demand. For details on rule groups and their mappings, refer to the inputs page.",
  "ConfigJson": {},
  "ApiName": null,
  "ApiDisabled": false,
  "IsReportingMeasure": false,
  "MeasureConditionalFormulaProperties": [],
  "PicklistSource": null
}