{
  "Name": "101CopyTradePromo",
  "Description": null,
  "ActionButtonId": "e88578ff-14dd-40ca-992e-72f995ea53f7",
  "Tooltip": "Copy trade promo",
  "ActionButtonType": "Widget",
  "Alignment": "right",
  "IsPopOver": true,
  "IsGlobal": true,
  "ActionClickHandler": null,
  "Icon": null,
  "Image": null,
  "ConfigJson": {
    "DisplayName": "Trade Promo",
    "icon": "copy",
    "SubmitButton": {
      "Label": "Submit"
    },
    "ResetButton": {
      "Label": "Reset"
    },
    "CloseButton": {
      "Label": "Close",
      "ConfirmMessage": "Unsaved changes will be lost. Continue?"
    },
    "NotifyAll": false,
    "IBPLRules": [
      {
        "template": "\nexec procedure o9DP041AddInitiativesAndDetails {\"Version\" : \"{{Version}}\",  \n\"Initiative\" : \"{{Initiative}}\" , \n\"InitiativeCategory\" : \"{{InitiativeCategory}}\",\n\"InitiativeDescription\" : \"{{InitiativeDescription}}\",\n\"InitiativeDuration\" : {{InitiativeDuration}},\n\"InitiativeOwner\" : \"{{InitiativeOwner}}\"\n};\n\nselect 1;{{#if InitiativeStart}} \ncartesian scope:(&AllInitiative{{#filter Initiative}} * [Version].[Version Name]{{#filter Version}});Measure.[Initiative Start]=ToDateTime(\"{{InitiativeStart}}\");end scope;\n{{/if}}\n\n\nselect 2;{{#if InitiativeDuration}} \nscope:(&AllInitiative{{#filter Initiative}} * [Version].[Version Name]{{#filter Version}});Measure.[Initiative Duration]={{InitiativeDuration}};end scope;\n{{/if}}"
      },
      {
        "template": "exec procedure o9DP041CopyTradePromo {\"Version\" : \"{{Version}}\", \n\"Initiative\" : \"{{Initiative}}\" , \n\"Source\" : \"{{Source}}\"\n};"
      }
    ],
    "JavascriptRules": [],
    "FieldBindings": [
      {
        "fieldName": "Initiative",
        "title": "Initiative Name",
        "type": "string",
        "clearSearch": true,
        "source": "literal",
        "visible": true,
        "isEditable": true,
        "validation": {
          "maxLength": "0",
          "required": true
        }
      },
      {
        "fieldName": "Source",
        "title": "Source Initiative",
        "type": "picklistDropdown",
        "selectionType": "single",
        "clearSearch": true,
        "source": "parentAttribute",
        "DimensionName": "Initiative",
        "key": {
          "LevelAttribute": {
            "Name": "Initiative",
            "Property": "Name"
          }
        },
        "visible": true,
        "isEditable": true,
        "validation": {
          "maxLength": "0",
          "required": true
        }
      },
      {
        "fieldName": "InitiativeDescription",
        "title": "Initiative Description",
        "type": "string",
        "selectionType": "single",
        "clearSearch": true,
        "source": "parentMeasure",
        "key": {
          "Measure": {
            "Name": "Initiative Description"
          }
        },
        "visible": true,
        "isEditable": true,
        "validation": {
          "maxLength": "0",
          "required": false
        }
      },
      {
        "fieldName": "InitiativeStart",
        "title": "Initiative Start",
        "type": "date",
        "selectionType": "single",
        "clearSearch": true,
        "source": "parentMeasure",
        "key": {
          "Measure": {
            "Name": "Initiative Start"
          }
        },
        "visible": true,
        "isEditable": true,
        "validation": {
          "maxLength": "0",
          "required": false
        }
      },
      {
        "fieldName": "InitiativeDuration",
        "title": "Initiative Duration",
        "type": "number",
        "selectionType": "single",
        "clearSearch": true,
        "source": "parentMeasure",
        "key": {
          "Measure": {
            "Name": "Initiative Duration"
          }
        },
        "visible": true,
        "isEditable": true,
        "validation": {
          "maxLength": "0",
          "required": false
        },
        "Description": "In Days"
      },
      {
        "fieldName": "InitiativeOwner",
        "title": "Initiative Owner",
        "type": "picklistDropdown",
        "clearSearch": true,
        "source": "datasource",
        "key": "Owner",
        "valueField": "User Name",
        "textField": "User Name",
        "visible": true,
        "isEditable": true,
        "validation": {
          "maxLength": "0",
          "required": false
        },
        "selectionType": "single",
        "overrideFieldBindingType": false
      },
      {
        "fieldName": "Version",
        "title": "Version",
        "type": "picklistDropdown",
        "selectionType": "single",
        "clearSearch": true,
        "source": "filter",
        "DimensionName": "Version",
        "LevelAttributeName": "Version Name",
        "visible": true,
        "isEditable": true,
        "validation": {
          "maxLength": "0",
          "required": true
        }
      },
      {
        "fieldName": "InitiativeCategory",
        "title": "Initiative Category",
        "type": "string",
        "clearSearch": true,
        "source": "literal",
        "defaultValue": "Trade Promo",
        "visible": false,
        "isEditable": false,
        "validation": {
          "maxLength": "0",
          "required": true
        }
      }
    ],
    "Range": [],
    "DataSources": [
      {
        "Name": "Owner",
        "IBPLRules": [
          {
            "template": "select currentuser();"
          }
        ],
        "JavascriptRules": [],
        "FieldBindings": [],
        "IncludeDSFieldsOnly": false
      }
    ],
    "AutoExecute": false,
    "isAsync": false,
    "hasMembersUpdates": false,
    "Compact": true,
    "TwoColumn": false,
    "IsGlobalForExcelAddIn": false,
    "enableTransaction": false,
    "ReturnFilterByUpdate": false,
    "ExcludeFromNavLink": false,
    "FilterFieldBindings": []
  },
  "Widget": null,
  "Roles": []
}