{
  "Name": "SupplyPlan6002ExecuteNettedDemandDisaggregation",
  "Description": "Disagg the Netted Fcst by Size Loc and Time sequentially",
  "ActionButtonId": "caee1c8d-4be8-f02c-a74d-c7ade68e9f1e",
  "Tooltip": "Disagg the Netted Fcst by Size Loc and Time",
  "ActionButtonType": "Widget",
  "Alignment": "right",
  "IsPopOver": true,
  "IsGlobal": true,
  "ActionClickHandler": null,
  "Icon": null,
  "Image": null,
  "ConfigJson": {
    "DisplayName": "Demand Disagg",
    "icon": "level-down",
    "SubmitButton": {
      "Label": "Submit"
    },
    "ResetButton": {
      "Label": "Reset"
    },
    "CloseButton": {
      "Label": "Close",
      "ConfirmMessage": "Unsaved changes will be lost. Continue?"
    },
    "NotifyRoles": true,
    "NotifyAll": false,
    "IBPLRules": [
      {
        "template": "\n//Master Procedure for generating netting forecast after splits\n\nexec procedure SplitNettedForecastwithSizeDCandMonthtoWeekSplit{\"Version\" : \"{{Version}}\"};\n\n\nexec procedure AggregatedWeeklyDemandNettingProfiling{\"Version\" : \"{{Version}}\"};\n"
      }
    ],
    "JavascriptRules": [],
    "FieldBindings": [
      {
        "fieldName": "Version",
        "title": "Version",
        "Description": "Version",
        "type": "picklistDropdown",
        "selectionType": "single",
        "clearSearch": true,
        "source": "filter",
        "DimensionName": "Version",
        "LevelAttributeName": "Version Name",
        "visible": true,
        "isEditable": true,
        "validation": {
          "maxLength": "0",
          "required": true
        }
      }
    ],
    "Range": [],
    "DataSources": [],
    "AutoExecute": false,
    "isAsync": true,
    "hasMembersUpdates": false,
    "Compact": false,
    "TwoColumn": false,
    "IsGlobalForExcelAddIn": false,
    "ReturnFilterByUpdate": false,
    "ExcludeFromNavLink": false,
    "FilterFieldBindings": []
  },
  "Widget": null,
  "Roles": []
}