{
  "Name": "Allocation009ReleasePOUnits",
  "Description": "Release PO - Units",
  "ActionButtonId": "27c35f0e-0ec7-63db-99e7-f9d64bcbdcdb",
  "Tooltip": "Release PO - Units",
  "ActionButtonType": "Widget",
  "Alignment": "right",
  "IsPopOver": true,
  "IsGlobal": true,
  "ActionClickHandler": null,
  "Icon": null,
  "Image": null,
  "ConfigJson": {
    "DisplayName": "Release PO - Units",
    "icon": "flag-checkered",
    "SubmitButton": {
      "Label": "Submit"
    },
    "ResetButton": {
      "Label": "Reset"
    },
    "CloseButton": {
      "Label": "Close",
      "ConfirmMessage": "Unsaved changes will be lost. Continue?"
    },
    "NotifyAll": false,
    "IBPLRules": [
      {
        "template": "{{#each TestTuple}}\nscope: ([Version].[Version Name]{{#filter Version}} * {{#entity Item}} * {{#entity Location}} * {{#entity Day}} * {{#entity Activity1}} * {{#entity Activity2}} * {{#entity Activity3}});\n\nMeasure.[Allocation Status Units] = if((Measure.[Allocation Status Units] == \"Approved\") || (Measure.[Allocation Status Units] == \"Auto Approved\") || (Measure.[Allocation Status Units] == \"Released\")) then \"Released\" else \"To be Reviewed\";\n\nMeasure.[Allocation Approver Units] =if(Measure.[Allocation Status Units] == \"Released\") then CurrentUser().[User Name] else Null;\n\nMeasure.[Allocation Approval Date Units]=if(Measure.[Allocation Status Units] == \"Released\")  then todatetime(now()) else Null;\n\nend scope;\n\n{{/each}}\n\n"
      }
    ],
    "JavascriptRules": [],
    "FieldBindings": [
      {
        "fieldName": "Version",
        "title": "Version",
        "Description": "Version",
        "type": "picklistDropdown",
        "selectionType": "single",
        "clearSearch": true,
        "source": "filter",
        "DimensionName": "Version",
        "LevelAttributeName": "Version Name",
        "visible": true,
        "isEditable": false,
        "validation": {
          "maxLength": "0",
          "required": true
        }
      },
      {
        "fieldName": "Item",
        "title": "Item",
        "Description": "Item",
        "type": "picklistDropdown",
        "selectionType": "multiple",
        "clearSearch": true,
        "source": "parentAttributeWithMember",
        "DimensionName": "Item",
        "key": {
          "LevelAttribute": {
            "Name": "Item",
            "Property": "Name"
          }
        },
        "visible": true,
        "isEditable": false,
        "validation": {
          "required": true
        }
      },
      {
        "fieldName": "Location",
        "title": "Select Location",
        "Description": "Select Location",
        "type": "picklistDropdown",
        "selectionType": "multiple",
        "clearSearch": true,
        "source": "parentAttributeWithMember",
        "DimensionName": "Location",
        "key": {
          "LevelAttribute": {
            "Name": "Location",
            "Property": "Name"
          }
        },
        "visible": true,
        "isEditable": false,
        "validation": {
          "required": true
        }
      },
      {
        "fieldName": "Day",
        "title": "Select Day",
        "Description": "Select Day",
        "type": "picklistDropdown",
        "selectionType": "multiple",
        "clearSearch": true,
        "source": "parentAttributeWithMember",
        "DimensionName": "Time",
        "key": {
          "LevelAttribute": {
            "Name": "Day",
            "Property": "Name"
          }
        },
        "visible": true,
        "isEditable": false,
        "validation": {
          "required": true
        }
      },
      {
        "fieldName": "Activity1",
        "title": "Select Activity1",
        "Description": "Select Activity1",
        "type": "picklistDropdown",
        "selectionType": "multiple",
        "clearSearch": true,
        "source": "parentAttributeWithMember",
        "DimensionName": "Activity1",
        "key": {
          "LevelAttribute": {
            "Name": "Activity1",
            "Property": "Name"
          }
        },
        "visible": true,
        "isEditable": false,
        "validation": {
          "required": true
        }
      },
      {
        "fieldName": "Activity2",
        "title": "Select Activity2",
        "Description": "Select Activity2",
        "type": "picklistDropdown",
        "selectionType": "multiple",
        "clearSearch": true,
        "source": "parentAttributeWithMember",
        "DimensionName": "Activity2",
        "key": {
          "LevelAttribute": {
            "Name": "Activity2",
            "Property": "Name"
          }
        },
        "visible": true,
        "isEditable": false,
        "validation": {
          "required": true
        }
      },
      {
        "fieldName": "Activity3",
        "title": "Select Activity3",
        "Description": "Select Activity3",
        "type": "picklistDropdown",
        "selectionType": "multiple",
        "clearSearch": true,
        "source": "parentAttributeWithMember",
        "DimensionName": "Activity3",
        "key": {
          "LevelAttribute": {
            "Name": "Activity3",
            "Property": "Name"
          }
        },
        "visible": true,
        "isEditable": false,
        "validation": {
          "required": true
        }
      },
      {
        "fieldName": "TestTuple",
        "title": "Combination",
        "Description": "TestTuple",
        "type": "picklistDropdown",
        "select": "ALL",
        "clearSearch": true,
        "source": "parentTuple",
        "TuplesList": [
          {
            "Key": "Item",
            "LevelAttribute": {
              "DimensionName": "Item",
              "Name": "Item",
              "textField": "Name"
            },
            "tuplesource": "LevelAttribute"
          },
          {
            "Key": "Location",
            "LevelAttribute": {
              "DimensionName": "Location",
              "Name": "Location",
              "textField": "Name"
            },
            "tuplesource": "LevelAttribute"
          },
          {
            "Key": "Day",
            "LevelAttribute": {
              "DimensionName": "Time",
              "Name": "Day",
              "textField": "Name"
            },
            "tuplesource": "LevelAttribute"
          },
          {
            "Key": "Activity1",
            "LevelAttribute": {
              "DimensionName": "Activity1",
              "Name": "Activity1",
              "textField": "Name"
            },
            "tuplesource": "LevelAttribute"
          },
          {
            "Key": "Activity2",
            "LevelAttribute": {
              "DimensionName": "Activity2",
              "Name": "Activity2",
              "textField": "Name"
            },
            "tuplesource": "LevelAttribute"
          },
          {
            "Key": "Activity3",
            "LevelAttribute": {
              "DimensionName": "Activity3",
              "Name": "Activity3",
              "textField": "Name"
            },
            "tuplesource": "LevelAttribute"
          }
        ],
        "visible": true,
        "isEditable": false,
        "validation": {
          "required": true
        }
      }
    ],
    "Range": [],
    "DataSources": [],
    "AutoExecute": false,
    "isAsync": true,
    "hasMembersUpdates": false,
    "Compact": false,
    "TwoColumn": false,
    "IsGlobalForExcelAddIn": false,
    "ReturnFilterByUpdate": false,
    "ExcludeFromNavLink": false,
    "FilterFieldBindings": []
  },
  "Widget": null,
  "Roles": []
}