{
  "Name": "DISTSSPriorityBuildAheadInfo",
  "Description": "Information",
  "ActionButtonId": "e5685d70-4297-4829-9b50-9aa0ea6cc54b",
  "Tooltip": "Information",
  "ActionButtonType": "Widget",
  "Alignment": "right",
  "IsPopOver": true,
  "IsGlobal": true,
  "ActionClickHandler": null,
  "Icon": null,
  "Image": null,
  "ConfigJson": {
    "icon": "info-circle",
    "SubmitButton": {
      "Label": "Submit"
    },
    "ResetButton": {
      "Label": "Reset"
    },
    "CloseButton": {
      "Label": "Close",
      "ConfirmMessage": "Unsaved changes will be lost. Continue?"
    },
    "NotifyAll": false,
    "IBPLRules": [],
    "JavascriptRules": [],
    "FieldBindings": [
      {
        "fieldName": "Information",
        "title": "Information",
        "type": "info",
        "clearSearch": true,
        "source": "literal",
        "visible": true,
        "isEditable": false,
        "validation": {
          "maxLength": "0",
          "required": true
        },
        "defaultValue": " <b>Safety Stock Build Ahead and Priority</b>   <p aligns = \"left\"> This grid displays the Build Ahead Limit and the non time varying priority for the Safety Stock. The planner can change the values on the grid. The Priority can be set by the planner or can come in from the Material Node Prioritization workflow. </p>"
      }
    ],
    "DataSources": [],
    "AutoExecute": false,
    "isAsync": false,
    "hasMembersUpdates": false,
    "Compact": false,
    "TwoColumn": false,
    "IsGlobalForExcelAddIn": false,
    "ReturnFilterByUpdate": false,
    "FilterFieldBindings": []
  },
  "Widget": null
}