{
  "MeasureName": "Extension Shrinkage Source Measure Grain",
  "MeasureId": "964b8501-62e0-0ab4-4f60-e52e91eb3afc",
  "MeasureDescription": "Extension Shrinkage Source Measure Grain",
  "DataType": "picklist",
  "MeasureType": "Regular",
  "AggregateFunction": "Sum",
  "FormatString": "",
  "MeasureColumnName": "ExtensionShrinkageSourceMeasureGrain",
  "MeasureFormula": "",
  "IsEditable": true,
  "ApplyConversion": false,
  "ConversionFormula": "",
  "PickListName": "Extension or Shrinkage",
  "BgColorFormula": "",
  "FgColorFormula": "",
  "TrendFormula": "",
  "FormattingViewModel": "[]",
  "ParentMeasureName": null,
  "AssociationMeasure": false,
  "IsComputedByPlanningService": false,
  "ToolTip": "Extension Shrinkage Source Measure Grain",
  "ConfigJson": {},
  "ApiName": null,
  "ApiDisabled": false,
  "IsReportingMeasure": false,
  "MeasureConditionalFormulaProperties": [],
  "PicklistSource": null
}