{
  "MeasureName": "Sales % PAG C SS",
  "MeasureId": "e5c17a15-6d9a-4102-a75f-9f1d320b90ea",
  "MeasureDescription": "Sales % at Product Attribute Group - Cluster - Selling Season",
  "DataType": "number",
  "MeasureType": "Regular",
  "AggregateFunction": "AvgNonNull",
  "FormatString": "0.00%",
  "MeasureColumnName": "Sales%PASSS",
  "MeasureFormula": "",
  "IsEditable": false,
  "ApplyConversion": false,
  "ConversionFormula": "",
  "PickListName": null,
  "BgColorFormula": "",
  "FgColorFormula": "",
  "TrendFormula": "",
  "FormattingViewModel": "[]",
  "ParentMeasureName": null,
  "AssociationMeasure": false,
  "IsComputedByPlanningService": false,
  "ToolTip": "Sales % at Product Attribute Group - Cluster - Selling Season",
  "ConfigJson": {},
  "ApiName": null,
  "ApiDisabled": false,
  "IsReportingMeasure": false,
  "MeasureConditionalFormulaProperties": [],
  "PicklistSource": null
}