{
  "Name": "Sales Planning",
  "ViewId": "f4a306bd-d87b-4583-8e42-5aab9989f01f",
  "ContentType": "Regular",
  "Title": "Sales Planning",
  "Position": 0,
  "IsDefault": true,
  "Resource": null,
  "RazorViewTemplate": "_containers",
  "ConfigJson": {
    "WidgetContainers": {
      "Containers": [
        1,
        1
      ],
      "Key": 1,
      "IsModified": false,
      "ViewSpread": {
        "RowLevel": 59,
        "ColLevel": 12
      },
      "Data": [
        {
          "Id": "b9c6d439-b012-4260-9c6c-5bd7ad707ee7",
          "Col": 0,
          "Row": 0,
          "SizeX": 12,
          "SizeY": 30
        },
        {
          "Id": "c6c626e0-4629-479d-a039-8c7ee0bd6c2a",
          "Col": 0,
          "Row": 30,
          "SizeX": 12,
          "SizeY": 30
        }
      ]
    },
    "CompactMode": false,
    "IsHidden": false
  },
  "Roles": [
    "admin",
    "dataadmin",
    "public"
  ]
}