{
  "MeasureName": "D Forecast Reduce Lead Time",
  "MeasureId": "7b50dbff-d0b2-4640-9c42-32c3e902e57d",
  "MeasureDescription": "Forecast Reduce Lead Time",
  "DataType": "integer",
  "MeasureType": "Regular",
  "AggregateFunction": "AvgNonNull",
  "FormatString": "#,##0",
  "MeasureColumnName": "DForecastReduceLeadTime",
  "MeasureFormula": "",
  "IsEditable": false,
  "ApplyConversion": false,
  "ConversionFormula": "",
  "PickListName": null,
  "BgColorFormula": "",
  "FgColorFormula": "",
  "TrendFormula": "",
  "FormattingViewModel": "[]",
  "ParentMeasureName": null,
  "AssociationMeasure": false,
  "IsComputedByPlanningService": false,
  "ToolTip": "Forecast Reduce Lead Time",
  "ConfigJson": {},
  "ApiName": null,
  "ApiDisabled": false,
  "IsReportingMeasure": false,
  "MeasureConditionalFormulaProperties": [],
  "PicklistSource": null
}