{
  "MeasureName": "TD Vs LY PP Sls Growth %",
  "MeasureId": "0da6b564-5984-469b-9cdf-a81ea9432211",
  "MeasureDescription": "TD Promo Price Sales Growth Vs LY Promo Price Sales",
  "DataType": "number",
  "MeasureType": "Regular",
  "AggregateFunction": "Computed",
  "FormatString": "0.00%",
  "MeasureColumnName": "TDVsLYSlsPPGrowth%",
  "MeasureFormula": "Safedivide(Measure.[TD PP Sls Rtl]-Measure.[LY PP Sls Rtl],Measure.[LY PP Sls Rtl])",
  "IsEditable": false,
  "ApplyConversion": false,
  "ConversionFormula": null,
  "PickListName": null,
  "BgColorFormula": "",
  "FgColorFormula": "",
  "TrendFormula": "",
  "FormattingViewModel": "[]",
  "ParentMeasureName": null,
  "AssociationMeasure": false,
  "IsComputedByPlanningService": false,
  "ToolTip": "(TD Sales Promo Price Retail - LY Sales Promo Price Retail)/LY Sales Promo Price Retail",
  "ConfigJson": {},
  "ApiName": null,
  "ApiDisabled": false,
  "IsReportingMeasure": true,
  "MeasureConditionalFormulaProperties": [],
  "PicklistSource": null
}