{
  "AttributeName": "Master Table Name",
  "AttributeId": "e8243268-8c2b-4484-a67a-1685e5f34f8d",
  "AttributeHierarchyEnabled": true,
  "IsKey": false,
  "Description": "Master Table Name",
  "OrderBy": "Name",
  "KeyColumnName": "MasterTableNameKey",
  "NameColumnName": "MasterTableNameName",
  "KeyColumnDataType": "integer",
  "SeedTags": false,
  "KeyGenerationType": "Auto",
  "PickListName": null,
  "ConfigJson": {
    "ShowFilterAs": "TileView",
    "MemberDisplayNameEditable": true,
    "IsMultipleImage": false
  },
  "FormatString": null,
  "Translation": null,
  "Aliases": [],
  "ApiName": null,
  "ApiDisabled": false
}