{
  "Name": "APInfoMFPAPRecon01",
  "Description": "Information",
  "ActionButtonId": "0590f750-b85d-ea16-cba2-f933efbd3cdb",
  "Tooltip": "Report Information",
  "ActionButtonType": "Widget",
  "Alignment": "right",
  "IsPopOver": true,
  "IsGlobal": true,
  "ActionClickHandler": null,
  "Icon": null,
  "Image": null,
  "ConfigJson": {
    "icon": "info-circle",
    "SubmitButton": {
      "Label": " "
    },
    "ResetButton": {},
    "CloseButton": {
      "Label": " "
    },
    "NotifyAll": false,
    "IBPLRules": [],
    "JavascriptRules": [],
    "FieldBindings": [
      {
        "fieldName": "Information",
        "title": "Information",
        "type": "info",
        "clearSearch": true,
        "source": "literal",
        "defaultValue": "<!DOCTYPE html> <html lang=\"en\"> <head> <meta charset=\"UTF-8\"> <meta name=\"viewport\" content=\"width=device-width, initial-scale=1.0\"> <title>MFP-AP Reconciliation</title> </head> <body style=\"text-align: left;\"> <p align=\"left\"><strong>Overview</strong></p> <p align=\"left\">The purpose of the reconciliation process is to validate whether the planned assortments align with the Financial Targets Any variance will be fixed in the assortment plans and then WSSI and Buy Plan processes will be repeated to meet the targets.</p> <p align=\"left\"><strong>How to Use</strong></p> <p align=\"left\">1.Based on the Variance detected, add/ modify/ delete Style Colors in Ranging. </p> <p align=\"left\"><strong>Output</strong></p> <p align=\"left\">1. View the month-by-month disparity between Sales, Margins, and Receipts at Class-Country-Channel level..</p> </body> </html>",
        "visible": true,
        "isEditable": true,
        "validation": {
          "maxLength": "0",
          "required": true
        }
      }
    ],
    "Range": [],
    "DataSources": [],
    "AutoExecute": false,
    "isAsync": false,
    "hasMembersUpdates": false,
    "Compact": false,
    "TwoColumn": false,
    "IsGlobalForExcelAddIn": false,
    "ReturnFilterByUpdate": false,
    "ExcludeFromNavLink": false,
    "FilterFieldBindings": []
  },
  "Widget": null,
  "Roles": []
}