{
  "MeasureName": "SP PP Sls Build % AP",
  "MeasureId": "3063ca4f-4554-44a1-8760-1f6c55b8980b",
  "MeasureDescription": "SP Sls PP Build % Approved",
  "DataType": "number",
  "MeasureType": "Regular",
  "AggregateFunction": "Computed",
  "FormatString": "0.00%",
  "MeasureColumnName": "SPPPSlsBuild%AP",
  "MeasureFormula": "safedivide(Measure.[SP PP Sls Rtl AP]-Measure.[SP PP Sls Rtl AP]@(Time.#.LeadOffset(-1)),Measure.[SP PP Sls Rtl AP]@(Time.#.LeadOffset(-1)))",
  "IsEditable": false,
  "ApplyConversion": false,
  "ConversionFormula": "",
  "PickListName": null,
  "BgColorFormula": "",
  "FgColorFormula": "",
  "TrendFormula": "",
  "FormattingViewModel": null,
  "ParentMeasureName": null,
  "AssociationMeasure": false,
  "IsComputedByPlanningService": false,
  "ToolTip": "SP Sls PP Build % Approved",
  "ConfigJson": {},
  "ApiName": null,
  "ApiDisabled": false,
  "IsReportingMeasure": false,
  "MeasureConditionalFormulaProperties": [],
  "PicklistSource": null
}