{
  "Name": "AP_Options Count",
  "WidgetDefinitionId": "cb7e67f3-46f5-46f6-a9d4-fc80de9ff6dd",
  "IsPrivate": false,
  "WidgetType": "o9.pivot",
  "ViewWidgetDefinition": null,
  "PageWidgetDefinition": null,
  "CreatedUserEmail": "gokul.nath@o9solutions.com",
  "ModifiedUserEmail": "siya.gurjar@o9solutions.com",
  "Roles": [
    "public"
  ],
  "ConfigJson": {
    "Widget": {
      "Height": 550,
      "ActionButtons": []
    },
    "Presentation": {
      "DataColumnBeforeMembers": false,
      "ShowQuickToggleBar": false,
      "IsEditable": true,
      "EnableExpandCollapse": true,
      "EnableOnGridFilter": true,
      "EnableSort": true,
      "EnableColumnReorder": true,
      "DisableBulkEdit": false,
      "DisableCopyOption": false,
      "DisableAdjustOption": false,
      "DisableApplyOption": false,
      "DisableNullifyOption": false,
      "EnableColumnResize": true,
      "ClearColumnFilterOnScopeFilter": false,
      "EnableJitColumns": false,
      "EnableAuditTrail": false,
      "EnableAutoCollapseColumns": false,
      "EnableSparsifyRowSelection": false,
      "UseConditionalFormatting": false,
      "EnablePastDifferentiation": false,
      "SuppressMessageHeader": false,
      "HideActionButtons": true,
      "ShowImage": true,
      "ShowMeasureGroupAsColumn": false,
      "DefaultLinkFiltersAutoSelection": true,
      "RowHeight": "25",
      "ShowServerConditionalFormating": false,
      "InterDependentFilter": false,
      "UseOutlineFormLayout": false,
      "DisableFieldList": false,
      "ShowComments": false,
      "HideNullRows": false,
      "HideNullColumns": false,
      "HideReadOnlyNullRows": false,
      "DisableBulkEditMeasures": false,
      "EnableMeasureReposition": false,
      "AllowExcelDownload": false,
      "EnableExportPivot": "",
      "DownloadButton": "System Setting",
      "AbovePivotFilterLevelAttribute": "",
      "AbovePivotFilterValue": "",
      "LayoutColumnWidth": "System Setting",
      "IsSummary": false,
      "ActionButtonBindings": "",
      "ExcelActionButtons": "",
      "CollabFolders": "",
      "ColumnProp": {
        "ColumnSubtotalsAtEnd": false,
        "TimeColumnSubTotalAtEnd": false
      },
      "RowProp": {
        "ShowMultiDimensionProperty": false,
        "RowSubtotalsAtEnd": false
      },
      "FilterProperties": "",
      "ReportMeasureSet": "",
      "IsGraphReport": false,
      "IsMultiGraphReport": false,
      "LevelAttributes": [
        {
          "Id": "babcd317-d676-3ffb-4d99-c8ce9fa461a0",
          "AttributeName": "MFP based Options Calculation UIP",
          "Dimension": "UIPreference",
          "ConfigJson": {
            "ModelDefinition": {
              "LevelAttributes": [
                {
                  "Id": "c8215069-c134-49e6-a1de-5f681eb07b83",
                  "AttributeName": "L3",
                  "Dimension": "Item",
                  "EdgeDirection": null,
                  "IsFilter": false,
                  "Axis": "row",
                  "IsDefault": true,
                  "AllSelection": false,
                  "SelectedMembers": [],
                  "Name": "L3",
                  "DimensionName": "Item",
                  "AliasName": "Class",
                  "AliasId": "f152462b-941f-7e6e-d0fe-ecd1c812239c",
                  "AliasType": "AttributeAlias",
                  "IsVisible": true,
                  "IsAttributeRequired": false,
                  "ShowSubtotal": false,
                  "ShowMemberConditionalFormatting": false,
                  "DisplayName": "",
                  "ShortName": "",
                  "SortBy": "",
                  "JoinWithGraph": false,
                  "JoinGraphName": "",
                  "JoinWithNode": "FROM",
                  "UIPreferenceId": "babcd317-d676-3ffb-4d99-c8ce9fa461a0",
                  "UIPreferenceName": "MFP based Options Calculation UIP"
                },
                {
                  "Id": "d14ad722-e28d-71af-f63d-6cc77a8e6d68",
                  "AttributeName": "Product Attribute Group",
                  "Dimension": "Product Attribute Group",
                  "EdgeDirection": null,
                  "IsFilter": false,
                  "Axis": "row",
                  "IsDefault": true,
                  "AllSelection": false,
                  "SelectedMembers": [],
                  "Name": "Product Attribute Group",
                  "DimensionName": "Product Attribute Group",
                  "IsVisible": true,
                  "IsAttributeRequired": false,
                  "ShowSubtotal": false,
                  "ShowMemberConditionalFormatting": false,
                  "DisplayName": "",
                  "ShortName": "",
                  "SortBy": "",
                  "JoinWithGraph": false,
                  "JoinGraphName": null,
                  "JoinWithNode": "FROM",
                  "UIPreferenceId": "babcd317-d676-3ffb-4d99-c8ce9fa461a0",
                  "UIPreferenceName": "MFP based Options Calculation UIP"
                },
                {
                  "Id": "d00b8ae3-4077-4366-87b7-cf97749f44db",
                  "AttributeName": "Location Country",
                  "Dimension": "Location",
                  "EdgeDirection": null,
                  "IsFilter": false,
                  "Axis": "row",
                  "IsDefault": true,
                  "AllSelection": false,
                  "SelectedMembers": [],
                  "Name": "Location Country",
                  "DimensionName": "Location",
                  "AliasName": "Country",
                  "AliasId": "47690e8c-bf7f-abdd-8250-0bc27e856388",
                  "AliasType": "AttributeAlias",
                  "IsVisible": true,
                  "IsAttributeRequired": false,
                  "ShowSubtotal": false,
                  "ShowMemberConditionalFormatting": false,
                  "DisplayName": "",
                  "ShortName": "",
                  "SortBy": "",
                  "JoinWithGraph": false,
                  "JoinGraphName": "",
                  "JoinWithNode": "FROM",
                  "UIPreferenceId": "babcd317-d676-3ffb-4d99-c8ce9fa461a0",
                  "UIPreferenceName": "MFP based Options Calculation UIP"
                },
                {
                  "Id": "0c4d82ca-2fbe-c1e8-f6c5-51ffdcf84efc",
                  "AttributeName": "Sales Planning Channel",
                  "Dimension": "Sales Domain",
                  "EdgeDirection": null,
                  "IsFilter": false,
                  "Axis": "row",
                  "IsDefault": true,
                  "AllSelection": false,
                  "SelectedMembers": [],
                  "Name": "Sales Planning Channel",
                  "DimensionName": "Sales Domain",
                  "IsVisible": true,
                  "IsAttributeRequired": false,
                  "ShowSubtotal": false,
                  "ShowMemberConditionalFormatting": false,
                  "DisplayName": "",
                  "ShortName": "",
                  "SortBy": "",
                  "JoinWithGraph": false,
                  "JoinGraphName": null,
                  "JoinWithNode": "FROM",
                  "UIPreferenceId": "babcd317-d676-3ffb-4d99-c8ce9fa461a0",
                  "UIPreferenceName": "MFP based Options Calculation UIP"
                },
                {
                  "Id": "1e5a008a-7c3a-4516-a1f6-a8df32bf3be7",
                  "AttributeName": "Cluster",
                  "Dimension": "Cluster",
                  "EdgeDirection": null,
                  "IsFilter": false,
                  "Axis": "row",
                  "IsDefault": true,
                  "AllSelection": false,
                  "SelectedMembers": [],
                  "Name": "Cluster",
                  "DimensionName": "Cluster",
                  "IsVisible": true,
                  "IsAttributeRequired": false,
                  "ShowSubtotal": false,
                  "ShowMemberConditionalFormatting": false,
                  "DisplayName": "",
                  "ShortName": "",
                  "SortBy": "",
                  "JoinWithGraph": false,
                  "JoinGraphName": null,
                  "JoinWithNode": "FROM",
                  "UIPreferenceId": "babcd317-d676-3ffb-4d99-c8ce9fa461a0",
                  "UIPreferenceName": "MFP based Options Calculation UIP"
                }
              ],
              "NamedSets": []
            },
            "Presentation": {
              "LevelAttributes": [
                {
                  "Id": "c8215069-c134-49e6-a1de-5f681eb07b83",
                  "AttributeName": "L3",
                  "Dimension": "Item",
                  "Axis": "row",
                  "ShowInfo": {
                    "ShowDetail": true,
                    "ShowPulse": true,
                    "ShowTask": true,
                    "ShowMarketIntelligence": true
                  },
                  "IsVisible": true,
                  "IsAttributeRequired": false,
                  "ShowSubtotal": false,
                  "ShowMemberConditionalFormatting": false,
                  "UOMMember": "",
                  "DisplayName": "",
                  "ShortName": "",
                  "SortBy": "",
                  "JoinWithGraph": false,
                  "JoinGraphName": "",
                  "JoinWithNode": "FROM",
                  "UIPreferenceId": "babcd317-d676-3ffb-4d99-c8ce9fa461a0",
                  "UIPreferenceName": "MFP based Options Calculation UIP",
                  "Name": "L3",
                  "DimensionName": "Item"
                },
                {
                  "Id": "d14ad722-e28d-71af-f63d-6cc77a8e6d68",
                  "AttributeName": "Product Attribute Group",
                  "Dimension": "Product Attribute Group",
                  "Axis": "row",
                  "ShowInfo": {
                    "ShowDetail": true,
                    "ShowPulse": true,
                    "ShowTask": true,
                    "ShowMarketIntelligence": true
                  },
                  "IsVisible": true,
                  "IsAttributeRequired": false,
                  "ShowSubtotal": false,
                  "ShowMemberConditionalFormatting": false,
                  "UOMMember": null,
                  "DisplayName": "",
                  "ShortName": "",
                  "SortBy": "",
                  "JoinWithGraph": false,
                  "JoinGraphName": null,
                  "JoinWithNode": "FROM",
                  "UIPreferenceId": "babcd317-d676-3ffb-4d99-c8ce9fa461a0",
                  "UIPreferenceName": "MFP based Options Calculation UIP",
                  "Name": "Product Attribute Group",
                  "DimensionName": "Product Attribute Group"
                },
                {
                  "Id": "d00b8ae3-4077-4366-87b7-cf97749f44db",
                  "AttributeName": "Location Country",
                  "Dimension": "Location",
                  "Axis": "row",
                  "ShowInfo": {
                    "ShowDetail": true,
                    "ShowPulse": true,
                    "ShowTask": true,
                    "ShowMarketIntelligence": true
                  },
                  "IsVisible": true,
                  "IsAttributeRequired": false,
                  "ShowSubtotal": false,
                  "ShowMemberConditionalFormatting": false,
                  "UOMMember": "",
                  "DisplayName": "",
                  "ShortName": "",
                  "SortBy": "",
                  "JoinWithGraph": false,
                  "JoinGraphName": "",
                  "JoinWithNode": "FROM",
                  "UIPreferenceId": "babcd317-d676-3ffb-4d99-c8ce9fa461a0",
                  "UIPreferenceName": "MFP based Options Calculation UIP",
                  "Name": "Location Country",
                  "DimensionName": "Location"
                },
                {
                  "Id": "0c4d82ca-2fbe-c1e8-f6c5-51ffdcf84efc",
                  "AttributeName": "Sales Planning Channel",
                  "Dimension": "Sales Domain",
                  "Axis": "row",
                  "ShowInfo": {
                    "ShowDetail": true,
                    "ShowPulse": true,
                    "ShowTask": true,
                    "ShowMarketIntelligence": true
                  },
                  "IsVisible": true,
                  "IsAttributeRequired": false,
                  "ShowSubtotal": false,
                  "ShowMemberConditionalFormatting": false,
                  "UOMMember": null,
                  "DisplayName": "",
                  "ShortName": "",
                  "SortBy": "",
                  "JoinWithGraph": false,
                  "JoinGraphName": null,
                  "JoinWithNode": "FROM",
                  "UIPreferenceId": "babcd317-d676-3ffb-4d99-c8ce9fa461a0",
                  "UIPreferenceName": "MFP based Options Calculation UIP",
                  "Name": "Sales Planning Channel",
                  "DimensionName": "Sales Domain"
                },
                {
                  "Id": "1e5a008a-7c3a-4516-a1f6-a8df32bf3be7",
                  "AttributeName": "Cluster",
                  "Dimension": "Cluster",
                  "Axis": "row",
                  "ShowInfo": {
                    "ShowDetail": true,
                    "ShowPulse": true,
                    "ShowTask": true,
                    "ShowMarketIntelligence": true
                  },
                  "IsVisible": true,
                  "IsAttributeRequired": false,
                  "ShowSubtotal": false,
                  "ShowMemberConditionalFormatting": false,
                  "UOMMember": null,
                  "DisplayName": "",
                  "ShortName": "",
                  "SortBy": "",
                  "JoinWithGraph": false,
                  "JoinGraphName": null,
                  "JoinWithNode": "FROM",
                  "UIPreferenceId": "babcd317-d676-3ffb-4d99-c8ce9fa461a0",
                  "UIPreferenceName": "MFP based Options Calculation UIP",
                  "Name": "Cluster",
                  "DimensionName": "Cluster"
                }
              ]
            }
          },
          "Axis": "row",
          "ShowInfo": {
            "ShowDetail": true,
            "ShowPulse": true,
            "ShowTask": true,
            "ShowMarketIntelligence": true
          },
          "IsVisible": true,
          "IsAttributeRequired": false,
          "ShowSubtotal": false,
          "ShowMemberConditionalFormatting": false,
          "UOMMember": null,
          "DisplayName": "",
          "ShortName": "",
          "SortBy": "",
          "JoinWithGraph": false,
          "JoinGraphName": null,
          "JoinWithNode": "FROM"
        },
        {
          "Id": "e77375fb-306b-424f-bde1-67827f8d4e86",
          "AttributeName": "Measure",
          "Dimension": "Measure",
          "Axis": "column",
          "ShowInfo": {
            "ShowDetail": true,
            "ShowPulse": true,
            "ShowTask": true,
            "ShowMarketIntelligence": true
          },
          "IsVisible": true,
          "IsAttributeRequired": false,
          "ShowSubtotal": false,
          "ShowMemberConditionalFormatting": false,
          "SortBy": "",
          "JoinWithGraph": false,
          "DisplayName": "",
          "ShortName": "",
          "UOMMember": ""
        }
      ],
      "FilterGroups": [
        {
          "GroupName": "Version Name",
          "HierarchyId": "",
          "Id": "c6abad91-02a1-4f85-ab16-479939d0dcb7",
          "Attributes": [
            "211b33d5-d91f-40ec-9668-20e0da2ae7b3"
          ]
        },
        {
          "GroupName": "Selling Season",
          "HierarchyId": "",
          "Id": "cce9daf4-7063-413f-8388-bf441e5a46d9",
          "Attributes": [
            "56b72eb0-2d21-d392-f36d-296d4e622245"
          ]
        },
        {
          "GroupName": "Cluster",
          "HierarchyId": "",
          "Id": "cd8d079c-5e11-4d0a-945d-0429a098b285",
          "Attributes": [
            "1e5a008a-7c3a-4516-a1f6-a8df32bf3be7"
          ]
        },
        {
          "GroupName": "L3",
          "HierarchyId": "3a9dfac3-b140-44c3-93b2-35103814b24d",
          "Id": "de2e8472-58d2-42e5-bd62-75b4b5e839ce",
          "Attributes": [
            "c8215069-c134-49e6-a1de-5f681eb07b83"
          ]
        },
        {
          "GroupName": "Sales Planning Channel",
          "HierarchyId": "8b997c33-e641-8ddd-be78-021f7472f22f",
          "Id": "a6e9456b-3883-4d71-bf50-1a97375afb4e",
          "Attributes": [
            "0c4d82ca-2fbe-c1e8-f6c5-51ffdcf84efc"
          ]
        },
        {
          "GroupName": "Location Country",
          "HierarchyId": "1f68f135-2c92-4f44-8722-a8a3e921eb8e",
          "Id": "eb0f0d73-ddc6-4b71-93fd-c81e658898ed",
          "Attributes": [
            "d00b8ae3-4077-4366-87b7-cf97749f44db"
          ]
        }
      ],
      "MeasureCollections": [
        {
          "Title": "Sales Metrics",
          "ShowTitle": true,
          "ShowVerticalBorders": true,
          "Id": "e20f09cb-0535-4307-a2cf-baf8bb561fb7",
          "IsGroup": true,
          "ChildMeasureCollections": [],
          "Measures": [
            {
              "Name": "LY Sales % PAG C SS",
              "Id": "5e2ec71e-864c-45ef-a383-56acb63c5b42",
              "IsVisible": true,
              "IsEditable": false,
              "IsMultiFileUpload": false,
              "ShowInLocalTimeZone": false,
              "RenderType": "Value",
              "Alignment": "MiddleRight",
              "FormatString": "",
              "ColumnWidth": 0,
              "Sort": "",
              "UseExcelAggregation": false,
              "MeasureFormatting": [
                {
                  "BGCOLOR": "",
                  "FGCOLOR": "",
                  "ApplyForData": false,
                  "ApplyForHeader": false
                }
              ],
              "TimeHorizon": "",
              "ShowInfo": {
                "ShowDetail": true,
                "ShowPulse": true,
                "ShowTask": true,
                "ShowMarketIntelligence": true
              },
              "ChildMeasureCollections": null,
              "IsMultiDimensionProperty": false
            },
            {
              "Name": "Sales % Override PAG C SS",
              "Id": "e930116d-fcb7-4d67-becb-9d26cbb4ba92",
              "IsVisible": true,
              "IsEditable": true,
              "IsMultiFileUpload": false,
              "ShowInLocalTimeZone": false,
              "RenderType": "Value",
              "Alignment": "MiddleRight",
              "FormatString": "",
              "ColumnWidth": 0,
              "Sort": "",
              "UseExcelAggregation": false,
              "MeasureFormatting": [
                {
                  "BGCOLOR": "",
                  "FGCOLOR": "",
                  "ApplyForData": false,
                  "ApplyForHeader": false
                }
              ],
              "TimeHorizon": "",
              "ShowInfo": {
                "ShowDetail": true,
                "ShowPulse": true,
                "ShowTask": true,
                "ShowMarketIntelligence": true
              },
              "ChildMeasureCollections": null,
              "IsMultiDimensionProperty": false
            },
            {
              "Name": "Final Sales % PAG C SS",
              "Id": "5e097dbc-6f73-7662-0a00-975e937bc954",
              "IsVisible": true,
              "IsEditable": false,
              "IsMultiFileUpload": false,
              "ShowInLocalTimeZone": false,
              "RenderType": "Value",
              "Alignment": "MiddleRight",
              "FormatString": "",
              "ColumnWidth": 0,
              "Sort": "",
              "UseExcelAggregation": false,
              "MeasureFormatting": [
                {
                  "BGCOLOR": "",
                  "FGCOLOR": "",
                  "ApplyForData": false,
                  "ApplyForHeader": false
                }
              ],
              "TimeHorizon": "",
              "ShowInfo": {
                "ShowDetail": true,
                "ShowPulse": true,
                "ShowTask": true,
                "ShowMarketIntelligence": true
              },
              "ChildMeasureCollections": null,
              "IsMultiDimensionProperty": false
            },
            {
              "Name": "Target Sales PAG C SS",
              "Id": "3adb326a-7f42-4d24-92ab-c33a2751c44d",
              "IsVisible": true,
              "IsEditable": false,
              "IsMultiFileUpload": false,
              "ShowInLocalTimeZone": false,
              "RenderType": "Value",
              "Alignment": "MiddleRight",
              "FormatString": "",
              "ColumnWidth": 0,
              "Sort": "",
              "UseExcelAggregation": false,
              "MeasureFormatting": [
                {
                  "BGCOLOR": "",
                  "FGCOLOR": "",
                  "ApplyForData": false,
                  "ApplyForHeader": false
                }
              ],
              "TimeHorizon": "",
              "ShowInfo": {
                "ShowDetail": true,
                "ShowPulse": true,
                "ShowTask": true,
                "ShowMarketIntelligence": true
              },
              "ChildMeasureCollections": null,
              "IsMultiDimensionProperty": false
            },
            {
              "Name": "ASP L3 PAG",
              "Id": "24f2e1c1-11e7-4e1b-a8da-650c4fe54acb",
              "IsVisible": true,
              "IsEditable": false,
              "IsMultiFileUpload": false,
              "ShowInLocalTimeZone": false,
              "RenderType": "Value",
              "Alignment": "MiddleRight",
              "FormatString": "",
              "ColumnWidth": 0,
              "Sort": "",
              "UseExcelAggregation": false,
              "MeasureFormatting": [
                {
                  "BGCOLOR": "",
                  "FGCOLOR": "",
                  "ApplyForData": false,
                  "ApplyForHeader": false
                }
              ],
              "TimeHorizon": "",
              "ShowInfo": {
                "ShowDetail": true,
                "ShowPulse": true,
                "ShowTask": true,
                "ShowMarketIntelligence": true
              },
              "ChildMeasureCollections": null,
              "IsMultiDimensionProperty": false
            },
            {
              "Name": "ASP Override L3 PAG",
              "Id": "aa58877b-d4cb-4185-b167-43af1f2d191b",
              "IsVisible": true,
              "IsEditable": true,
              "IsMultiFileUpload": false,
              "ShowInLocalTimeZone": false,
              "RenderType": "Value",
              "Alignment": "MiddleRight",
              "FormatString": "",
              "ColumnWidth": 0,
              "Sort": "",
              "UseExcelAggregation": false,
              "MeasureFormatting": [
                {
                  "BGCOLOR": "",
                  "FGCOLOR": "",
                  "ApplyForData": false,
                  "ApplyForHeader": false
                }
              ],
              "TimeHorizon": "",
              "ShowInfo": {
                "ShowDetail": true,
                "ShowPulse": true,
                "ShowTask": true,
                "ShowMarketIntelligence": true
              },
              "ChildMeasureCollections": null,
              "IsMultiDimensionProperty": false
            },
            {
              "Name": "Final ASP L3 PAG",
              "Id": "6d38421e-57f7-1a0e-5f26-bdb01ec48584",
              "IsVisible": false,
              "IsEditable": false,
              "IsMultiFileUpload": false,
              "ShowInLocalTimeZone": false,
              "RenderType": "Value",
              "Alignment": "MiddleRight",
              "FormatString": "",
              "ColumnWidth": 0,
              "Sort": "",
              "UseExcelAggregation": false,
              "MeasureFormatting": [
                {
                  "BGCOLOR": "",
                  "FGCOLOR": "",
                  "ApplyForData": false,
                  "ApplyForHeader": false
                }
              ],
              "TimeHorizon": "",
              "ShowInfo": {
                "ShowDetail": true,
                "ShowPulse": true,
                "ShowTask": true,
                "ShowMarketIntelligence": true
              },
              "ChildMeasureCollections": null,
              "IsMultiDimensionProperty": false
            },
            {
              "Name": "Sales Quantity",
              "Id": "ac8b8adb-a3eb-4ba2-881f-7f11a70729d4",
              "IsVisible": true,
              "IsEditable": false,
              "IsMultiFileUpload": false,
              "ShowInLocalTimeZone": false,
              "RenderType": "Value",
              "Alignment": "MiddleRight",
              "FormatString": "",
              "ColumnWidth": 0,
              "Sort": "",
              "UseExcelAggregation": false,
              "MeasureFormatting": [
                {
                  "BGCOLOR": "",
                  "FGCOLOR": "",
                  "ApplyForData": false,
                  "ApplyForHeader": false
                }
              ],
              "TimeHorizon": "",
              "ShowInfo": {
                "ShowDetail": true,
                "ShowPulse": true,
                "ShowTask": true,
                "ShowMarketIntelligence": true
              },
              "ChildMeasureCollections": null,
              "IsMultiDimensionProperty": false
            }
          ]
        },
        {
          "Title": "Plannable Metrics",
          "ShowTitle": true,
          "ShowVerticalBorders": true,
          "Id": "ab261b45-7424-4c3a-b161-52e0a54d9eac",
          "IsGroup": true,
          "ChildMeasureCollections": [],
          "Measures": [
            {
              "Name": "LY Store Count",
              "Id": "d2f424f1-6771-4bb1-ab93-b5d89ad3a363",
              "IsVisible": true,
              "IsEditable": false,
              "IsMultiFileUpload": false,
              "ShowInLocalTimeZone": false,
              "RenderType": "Value",
              "Alignment": "MiddleRight",
              "FormatString": "",
              "ColumnWidth": 0,
              "Sort": "",
              "UseExcelAggregation": false,
              "MeasureFormatting": [
                {
                  "BGCOLOR": "",
                  "FGCOLOR": "",
                  "ApplyForData": false,
                  "ApplyForHeader": false
                }
              ],
              "TimeHorizon": "",
              "ShowInfo": {
                "ShowDetail": true,
                "ShowPulse": true,
                "ShowTask": true,
                "ShowMarketIntelligence": true
              },
              "ChildMeasureCollections": null,
              "IsMultiDimensionProperty": false
            },
            {
              "Name": "No of Stores",
              "Id": "d2aaa2ab-ec84-fb0a-d998-366d4fb61acd",
              "IsVisible": true,
              "IsEditable": false,
              "IsMultiFileUpload": false,
              "ShowInLocalTimeZone": false,
              "RenderType": "Value",
              "Alignment": "MiddleRight",
              "FormatString": "",
              "ColumnWidth": 0,
              "Sort": "",
              "UseExcelAggregation": false,
              "MeasureFormatting": [
                {
                  "BGCOLOR": "",
                  "FGCOLOR": "",
                  "ApplyForData": false,
                  "ApplyForHeader": false
                }
              ],
              "TimeHorizon": "",
              "ShowInfo": {
                "ShowDetail": true,
                "ShowPulse": true,
                "ShowTask": true,
                "ShowMarketIntelligence": true
              },
              "ChildMeasureCollections": null,
              "IsMultiDimensionProperty": false
            },
            {
              "Name": "Store Count Override",
              "Id": "96ed3503-d7e1-4eea-9fc1-caae4a13dca1",
              "IsVisible": true,
              "IsEditable": true,
              "IsMultiFileUpload": false,
              "ShowInLocalTimeZone": false,
              "RenderType": "Value",
              "Alignment": "MiddleRight",
              "FormatString": "",
              "ColumnWidth": 0,
              "Sort": "",
              "UseExcelAggregation": false,
              "MeasureFormatting": [
                {
                  "BGCOLOR": "",
                  "FGCOLOR": "",
                  "ApplyForData": false,
                  "ApplyForHeader": false
                }
              ],
              "TimeHorizon": "",
              "ShowInfo": {
                "ShowDetail": true,
                "ShowPulse": true,
                "ShowTask": true,
                "ShowMarketIntelligence": true
              },
              "ChildMeasureCollections": null,
              "IsMultiDimensionProperty": false
            },
            {
              "Name": "Final Store Count",
              "Id": "7160071a-052c-ecc0-c139-54ee1a6fa541",
              "IsVisible": false,
              "IsEditable": false,
              "IsMultiFileUpload": false,
              "ShowInLocalTimeZone": false,
              "RenderType": "Value",
              "Alignment": "MiddleRight",
              "FormatString": "",
              "ColumnWidth": 0,
              "Sort": "",
              "UseExcelAggregation": false,
              "MeasureFormatting": [
                {
                  "BGCOLOR": "",
                  "FGCOLOR": "",
                  "ApplyForData": false,
                  "ApplyForHeader": false
                }
              ],
              "TimeHorizon": "",
              "ShowInfo": {
                "ShowDetail": true,
                "ShowPulse": true,
                "ShowTask": true,
                "ShowMarketIntelligence": true
              },
              "ChildMeasureCollections": null,
              "IsMultiDimensionProperty": false
            },
            {
              "Name": "LY Time On Offer",
              "Id": "97c5eac1-eef9-4207-9cde-cd42dcaec564",
              "IsVisible": true,
              "IsEditable": false,
              "IsMultiFileUpload": false,
              "ShowInLocalTimeZone": false,
              "RenderType": "Value",
              "Alignment": "MiddleRight",
              "FormatString": "",
              "ColumnWidth": 0,
              "Sort": "",
              "UseExcelAggregation": false,
              "MeasureFormatting": [
                {
                  "BGCOLOR": "",
                  "FGCOLOR": "",
                  "ApplyForData": false,
                  "ApplyForHeader": false
                }
              ],
              "TimeHorizon": "",
              "ShowInfo": {
                "ShowDetail": true,
                "ShowPulse": true,
                "ShowTask": true,
                "ShowMarketIntelligence": true
              },
              "ChildMeasureCollections": null,
              "IsMultiDimensionProperty": false
            },
            {
              "Name": "Time On Offer Override",
              "Id": "4d76772d-bd05-46ea-b928-3193adbe7855",
              "IsVisible": true,
              "IsEditable": true,
              "IsMultiFileUpload": false,
              "ShowInLocalTimeZone": false,
              "RenderType": "Value",
              "Alignment": "MiddleRight",
              "FormatString": "",
              "ColumnWidth": 0,
              "Sort": "",
              "UseExcelAggregation": false,
              "MeasureFormatting": [
                {
                  "BGCOLOR": "",
                  "FGCOLOR": "",
                  "ApplyForData": false,
                  "ApplyForHeader": false
                }
              ],
              "TimeHorizon": "",
              "ShowInfo": {
                "ShowDetail": true,
                "ShowPulse": true,
                "ShowTask": true,
                "ShowMarketIntelligence": true
              },
              "ChildMeasureCollections": null,
              "IsMultiDimensionProperty": false
            },
            {
              "Name": "Final Time On Offer",
              "Id": "9f628e9c-9ae2-e489-fb2c-affdda1f1e73",
              "IsVisible": false,
              "IsEditable": false,
              "IsMultiFileUpload": false,
              "ShowInLocalTimeZone": false,
              "RenderType": "Value",
              "Alignment": "MiddleRight",
              "FormatString": "",
              "ColumnWidth": 0,
              "Sort": "",
              "UseExcelAggregation": false,
              "MeasureFormatting": [
                {
                  "BGCOLOR": "",
                  "FGCOLOR": "",
                  "ApplyForData": false,
                  "ApplyForHeader": false
                }
              ],
              "TimeHorizon": "",
              "ShowInfo": {
                "ShowDetail": true,
                "ShowPulse": true,
                "ShowTask": true,
                "ShowMarketIntelligence": true
              },
              "ChildMeasureCollections": null,
              "IsMultiDimensionProperty": false
            },
            {
              "Name": "LY ROS",
              "Id": "5211b528-a7d0-41d5-9e6f-7856abe11103",
              "IsVisible": true,
              "IsEditable": false,
              "IsMultiFileUpload": false,
              "ShowInLocalTimeZone": false,
              "RenderType": "Value",
              "Alignment": "MiddleRight",
              "FormatString": "",
              "ColumnWidth": 0,
              "Sort": "",
              "UseExcelAggregation": false,
              "MeasureFormatting": [
                {
                  "BGCOLOR": "",
                  "FGCOLOR": "",
                  "ApplyForData": false,
                  "ApplyForHeader": false
                }
              ],
              "TimeHorizon": "",
              "ShowInfo": {
                "ShowDetail": true,
                "ShowPulse": true,
                "ShowTask": true,
                "ShowMarketIntelligence": true
              },
              "ChildMeasureCollections": null,
              "IsMultiDimensionProperty": false
            },
            {
              "Name": "ROS Override L3 PAG C SS",
              "Id": "81519d17-6169-48dc-b6fa-63f1fdcd739b",
              "IsVisible": true,
              "IsEditable": true,
              "IsMultiFileUpload": false,
              "ShowInLocalTimeZone": false,
              "RenderType": "Value",
              "Alignment": "MiddleRight",
              "FormatString": "",
              "ColumnWidth": 0,
              "Sort": "",
              "UseExcelAggregation": false,
              "MeasureFormatting": [
                {
                  "BGCOLOR": "",
                  "FGCOLOR": "",
                  "ApplyForData": false,
                  "ApplyForHeader": false
                }
              ],
              "TimeHorizon": "",
              "ShowInfo": {
                "ShowDetail": true,
                "ShowPulse": true,
                "ShowTask": true,
                "ShowMarketIntelligence": true
              },
              "ChildMeasureCollections": null,
              "IsMultiDimensionProperty": false
            },
            {
              "Name": "Final ROS L3 PAG C SS",
              "Id": "3b40e235-538f-cc50-496f-9fb0d3c86d68",
              "IsVisible": false,
              "IsEditable": false,
              "IsMultiFileUpload": false,
              "ShowInLocalTimeZone": false,
              "RenderType": "Value",
              "Alignment": "MiddleRight",
              "FormatString": "",
              "ColumnWidth": 0,
              "Sort": "",
              "UseExcelAggregation": false,
              "MeasureFormatting": [
                {
                  "BGCOLOR": "",
                  "FGCOLOR": "",
                  "ApplyForData": false,
                  "ApplyForHeader": false
                }
              ],
              "TimeHorizon": "",
              "ShowInfo": {
                "ShowDetail": true,
                "ShowPulse": true,
                "ShowTask": true,
                "ShowMarketIntelligence": true
              },
              "ChildMeasureCollections": null,
              "IsMultiDimensionProperty": false
            }
          ]
        },
        {
          "Title": "Options",
          "ShowTitle": true,
          "ShowVerticalBorders": true,
          "Id": "d2be440c-916d-4ece-8150-65c0745ef4fe",
          "IsGroup": true,
          "ChildMeasureCollections": [],
          "Measures": [
            {
              "Name": "LY Options Count",
              "Id": "2053548c-5e0d-4fe4-9b05-93689ef6cc78",
              "IsVisible": true,
              "IsEditable": false,
              "IsMultiFileUpload": false,
              "ShowInLocalTimeZone": false,
              "RenderType": "Value",
              "Alignment": "MiddleRight",
              "FormatString": "",
              "ColumnWidth": 0,
              "Sort": "",
              "UseExcelAggregation": false,
              "MeasureFormatting": [
                {
                  "BGCOLOR": "",
                  "FGCOLOR": "",
                  "ApplyForData": false,
                  "ApplyForHeader": false
                }
              ],
              "TimeHorizon": "",
              "ShowInfo": {
                "ShowDetail": true,
                "ShowPulse": true,
                "ShowTask": true,
                "ShowMarketIntelligence": true
              },
              "ChildMeasureCollections": null,
              "IsMultiDimensionProperty": false
            },
            {
              "Name": "Options",
              "Id": "c219035c-d9ef-48d3-83a5-f6848c6a5f9b",
              "IsVisible": true,
              "IsEditable": false,
              "IsMultiFileUpload": false,
              "ShowInLocalTimeZone": false,
              "RenderType": "Value",
              "Alignment": "MiddleRight",
              "FormatString": "",
              "ColumnWidth": 0,
              "Sort": "",
              "UseExcelAggregation": false,
              "MeasureFormatting": [
                {
                  "BGCOLOR": "",
                  "FGCOLOR": "",
                  "ApplyForData": false,
                  "ApplyForHeader": false
                }
              ],
              "TimeHorizon": "",
              "ShowInfo": {
                "ShowDetail": true,
                "ShowPulse": true,
                "ShowTask": true,
                "ShowMarketIntelligence": true
              },
              "ChildMeasureCollections": null,
              "IsMultiDimensionProperty": false
            },
            {
              "Name": "Options Count Override",
              "Id": "89b4a473-183e-44dc-bf2c-510da9823f1e",
              "IsVisible": true,
              "IsEditable": true,
              "IsMultiFileUpload": false,
              "ShowInLocalTimeZone": false,
              "RenderType": "Value",
              "Alignment": "MiddleRight",
              "FormatString": "",
              "ColumnWidth": 0,
              "Sort": "",
              "UseExcelAggregation": false,
              "MeasureFormatting": [
                {
                  "BGCOLOR": "",
                  "FGCOLOR": "",
                  "ApplyForData": false,
                  "ApplyForHeader": false
                }
              ],
              "TimeHorizon": "",
              "ShowInfo": {
                "ShowDetail": true,
                "ShowPulse": true,
                "ShowTask": true,
                "ShowMarketIntelligence": true
              },
              "ChildMeasureCollections": null,
              "IsMultiDimensionProperty": false
            },
            {
              "Name": "Final Options Count",
              "Id": "48f9aead-76e9-4ae9-ff83-5b5a896dfd6b",
              "IsVisible": true,
              "IsEditable": false,
              "IsMultiFileUpload": false,
              "ShowInLocalTimeZone": false,
              "RenderType": "Value",
              "Alignment": "MiddleRight",
              "FormatString": "",
              "ColumnWidth": 0,
              "Sort": "",
              "UseExcelAggregation": false,
              "MeasureFormatting": [
                {
                  "BGCOLOR": "",
                  "FGCOLOR": "",
                  "ApplyForData": false,
                  "ApplyForHeader": false
                }
              ],
              "TimeHorizon": "",
              "ShowInfo": {
                "ShowDetail": true,
                "ShowPulse": true,
                "ShowTask": true,
                "ShowMarketIntelligence": true
              },
              "ChildMeasureCollections": null,
              "IsMultiDimensionProperty": false
            }
          ]
        }
      ],
      "MeasureCollections2": [],
      "AlwaysOnMeasureCollections": [],
      "GraphRelations": [],
      "Folders": []
    }
  },
  "WidgetKeywordTags": [],
  "DimensionAttributeUsages": [],
  "WidgetModel": {
    "WidgetModelId": "b3505f7e-fb0a-4be4-8a2d-71ca0ab3a627",
    "ConfigJson": {
      "LevelAttributes": [
        {
          "Id": "211b33d5-d91f-40ec-9668-20e0da2ae7b3",
          "AttributeName": "Version Name",
          "Dimension": "Version",
          "DimensionId": 3742104,
          "IsFilter": true,
          "Axis": "none",
          "IsDefault": true,
          "AllSelection": false,
          "SelectedMembers": [
            {
              "Name": "CurrentWorkingView"
            }
          ],
          "Name": "Version Name",
          "DimensionName": "Version",
          "OverrideFavSelection": false,
          "IsSingleSelect": true,
          "MemberFilterExpression": "&CWVAndScenarios",
          "DefaultValueExpression": "",
          "WorksheetLevelFilter": false,
          "HideDummyMembers": false,
          "SortBy": "",
          "SortOrder": "",
          "IsNarrowYourSelection": false,
          "Position": 120
        },
        {
          "Id": "95bb8737-3c8f-71fe-2a64-28a779ec21d5",
          "AttributeName": "MFP based Options Calculation UIPF",
          "Dimension": "UIPreference",
          "IsFilter": true,
          "Axis": "none",
          "IsDefault": true,
          "AllSelection": false,
          "SelectedMembers": [],
          "Name": "MFP based Options Calculation UIPF",
          "DimensionName": "UIPreference",
          "ConfigJson": {
            "ModelDefinition": {
              "LevelAttributes": [
                {
                  "Id": "56b72eb0-2d21-d392-f36d-296d4e622245",
                  "AttributeName": "Selling Season",
                  "Dimension": "Selling Season",
                  "DimensionId": 2053392,
                  "IsFilter": true,
                  "Axis": "none",
                  "IsDefault": true,
                  "AllSelection": false,
                  "SelectedMembers": [
                    {
                      "Name": "SU22"
                    }
                  ],
                  "Name": "Selling Season",
                  "DimensionName": "Selling Season",
                  "OverrideFavSelection": false,
                  "CurrencyFilter": false,
                  "IsSingleSelect": true,
                  "MemberFilterExpression": "&APCurrentAndFutureSeasons",
                  "DefaultValueExpression": "",
                  "WorksheetLevelFilter": false,
                  "SortBy": "Key",
                  "SortOrder": "Ascending",
                  "IsNarrowYourSelection": false,
                  "Position": -550,
                  "UIPreferenceId": "95bb8737-3c8f-71fe-2a64-28a779ec21d5",
                  "UIPreferenceName": "MFP based Options Calculation UIPF",
                  "IsAnchorAttribute": false,
                  "IsMemberSpecificAttribute": false,
                  "IsUIPrefAttr": true,
                  "GivenName": "Selling Season",
                  "PresentationName": "Selling Season",
                  "IsKey": true
                },
                {
                  "Id": "1e5a008a-7c3a-4516-a1f6-a8df32bf3be7",
                  "AttributeName": "Cluster",
                  "Dimension": "Cluster",
                  "DimensionId": 2053313,
                  "IsFilter": true,
                  "Axis": "none",
                  "IsDefault": true,
                  "AllSelection": true,
                  "SelectedMembers": [],
                  "Name": "Cluster",
                  "DimensionName": "Cluster",
                  "OverrideFavSelection": false,
                  "CurrencyFilter": false,
                  "IsSingleSelect": false,
                  "MemberFilterExpression": "&APClusters",
                  "DefaultValueExpression": "",
                  "WorksheetLevelFilter": false,
                  "SortBy": "",
                  "SortOrder": "",
                  "IsNarrowYourSelection": false,
                  "Position": -50,
                  "UIPreferenceId": "95bb8737-3c8f-71fe-2a64-28a779ec21d5",
                  "UIPreferenceName": "MFP based Options Calculation UIPF",
                  "IsAnchorAttribute": false,
                  "IsMemberSpecificAttribute": false,
                  "IsUIPrefAttr": true,
                  "GivenName": "Cluster",
                  "PresentationName": "Cluster",
                  "IsKey": true
                },
                {
                  "Id": "c8215069-c134-49e6-a1de-5f681eb07b83",
                  "AttributeName": "L3",
                  "Dimension": "Item",
                  "DimensionId": 2053332,
                  "IsFilter": true,
                  "Axis": "none",
                  "IsDefault": true,
                  "AllSelection": false,
                  "SelectedMembers": [
                    {
                      "Name": "Mens Shirts Long Sleeve"
                    }
                  ],
                  "Name": "L3",
                  "DimensionName": "Item",
                  "AliasName": "Class",
                  "AliasId": "f152462b-941f-7e6e-d0fe-ecd1c812239c",
                  "AliasType": "AttributeAlias",
                  "OverrideFavSelection": false,
                  "CurrencyFilter": false,
                  "IsSingleSelect": true,
                  "MemberFilterExpression": "&APClasses",
                  "DefaultValueExpression": "",
                  "WorksheetLevelFilter": false,
                  "SortBy": "Name",
                  "SortOrder": "Ascending",
                  "IsNarrowYourSelection": false,
                  "Position": 50,
                  "UIPreferenceId": "95bb8737-3c8f-71fe-2a64-28a779ec21d5",
                  "UIPreferenceName": "MFP based Options Calculation UIPF",
                  "IsAnchorAttribute": false,
                  "IsMemberSpecificAttribute": false,
                  "IsUIPrefAttr": true,
                  "GivenName": "L3",
                  "PresentationName": "L3",
                  "IsKey": false
                },
                {
                  "Id": "0c4d82ca-2fbe-c1e8-f6c5-51ffdcf84efc",
                  "AttributeName": "Sales Planning Channel",
                  "Dimension": "Sales Domain",
                  "DimensionId": 2053329,
                  "IsFilter": true,
                  "Axis": "none",
                  "IsDefault": true,
                  "AllSelection": true,
                  "SelectedMembers": [],
                  "Name": "Sales Planning Channel",
                  "DimensionName": "Sales Domain",
                  "OverrideFavSelection": false,
                  "CurrencyFilter": false,
                  "IsSingleSelect": false,
                  "MemberFilterExpression": "&APChannels",
                  "DefaultValueExpression": "",
                  "WorksheetLevelFilter": false,
                  "SortBy": "",
                  "SortOrder": "",
                  "IsNarrowYourSelection": false,
                  "Position": 60,
                  "UIPreferenceId": "95bb8737-3c8f-71fe-2a64-28a779ec21d5",
                  "UIPreferenceName": "MFP based Options Calculation UIPF",
                  "IsAnchorAttribute": false,
                  "IsMemberSpecificAttribute": false,
                  "IsUIPrefAttr": true,
                  "GivenName": "Sales Planning Channel",
                  "PresentationName": "Sales Planning Channel",
                  "IsKey": false
                },
                {
                  "Id": "d00b8ae3-4077-4366-87b7-cf97749f44db",
                  "AttributeName": "Location Country",
                  "Dimension": "Location",
                  "DimensionId": 2053316,
                  "IsFilter": true,
                  "Axis": "none",
                  "IsDefault": true,
                  "AllSelection": true,
                  "SelectedMembers": [],
                  "Name": "Location Country",
                  "DimensionName": "Location",
                  "AliasName": "Country",
                  "AliasId": "47690e8c-bf7f-abdd-8250-0bc27e856388",
                  "AliasType": "AttributeAlias",
                  "OverrideFavSelection": false,
                  "CurrencyFilter": false,
                  "IsSingleSelect": false,
                  "MemberFilterExpression": "&APLocationCountries",
                  "DefaultValueExpression": "",
                  "WorksheetLevelFilter": false,
                  "SortBy": "",
                  "SortOrder": "",
                  "IsNarrowYourSelection": false,
                  "Position": 70,
                  "UIPreferenceId": "95bb8737-3c8f-71fe-2a64-28a779ec21d5",
                  "UIPreferenceName": "MFP based Options Calculation UIPF",
                  "IsAnchorAttribute": false,
                  "IsMemberSpecificAttribute": false,
                  "IsUIPrefAttr": true,
                  "GivenName": "Location Country",
                  "PresentationName": "Location Country",
                  "IsKey": false
                }
              ],
              "NamedSets": []
            },
            "Presentation": {
              "LevelAttributes": []
            }
          },
          "CurrencyFilter": false,
          "IsSingleSelect": false,
          "MemberFilterExpression": "",
          "DefaultValueExpression": "",
          "OverrideFavSelection": false,
          "WorksheetLevelFilter": false,
          "HideDummyMembers": false,
          "SortBy": "",
          "SortOrder": "",
          "IsNarrowYourSelection": false
        },
        {
          "Id": "babcd317-d676-3ffb-4d99-c8ce9fa461a0",
          "AttributeName": "MFP based Options Calculation UIP",
          "Dimension": "UIPreference",
          "IsFilter": false,
          "Axis": "row",
          "IsDefault": true,
          "AllSelection": false,
          "SelectedMembers": [],
          "Name": "MFP based Options Calculation UIP",
          "DimensionName": "UIPreference",
          "ConfigJson": {
            "ModelDefinition": {
              "LevelAttributes": [
                {
                  "Id": "c8215069-c134-49e6-a1de-5f681eb07b83",
                  "AttributeName": "L3",
                  "Dimension": "Item",
                  "EdgeDirection": null,
                  "IsFilter": false,
                  "Axis": "row",
                  "IsDefault": true,
                  "AllSelection": false,
                  "SelectedMembers": [],
                  "Name": "L3",
                  "DimensionName": "Item",
                  "AliasName": "Class",
                  "AliasId": "f152462b-941f-7e6e-d0fe-ecd1c812239c",
                  "AliasType": "AttributeAlias",
                  "IsVisible": true,
                  "IsAttributeRequired": false,
                  "ShowSubtotal": false,
                  "ShowMemberConditionalFormatting": false,
                  "DisplayName": "",
                  "ShortName": "",
                  "SortBy": "",
                  "JoinWithGraph": false,
                  "JoinGraphName": "",
                  "JoinWithNode": "FROM",
                  "UIPreferenceId": "babcd317-d676-3ffb-4d99-c8ce9fa461a0",
                  "UIPreferenceName": "MFP based Options Calculation UIP"
                },
                {
                  "Id": "d14ad722-e28d-71af-f63d-6cc77a8e6d68",
                  "AttributeName": "Product Attribute Group",
                  "Dimension": "Product Attribute Group",
                  "EdgeDirection": null,
                  "IsFilter": false,
                  "Axis": "row",
                  "IsDefault": true,
                  "AllSelection": false,
                  "SelectedMembers": [],
                  "Name": "Product Attribute Group",
                  "DimensionName": "Product Attribute Group",
                  "IsVisible": true,
                  "IsAttributeRequired": false,
                  "ShowSubtotal": false,
                  "ShowMemberConditionalFormatting": false,
                  "DisplayName": "",
                  "ShortName": "",
                  "SortBy": "",
                  "JoinWithGraph": false,
                  "JoinGraphName": null,
                  "JoinWithNode": "FROM",
                  "UIPreferenceId": "babcd317-d676-3ffb-4d99-c8ce9fa461a0",
                  "UIPreferenceName": "MFP based Options Calculation UIP"
                },
                {
                  "Id": "d00b8ae3-4077-4366-87b7-cf97749f44db",
                  "AttributeName": "Location Country",
                  "Dimension": "Location",
                  "EdgeDirection": null,
                  "IsFilter": false,
                  "Axis": "row",
                  "IsDefault": true,
                  "AllSelection": false,
                  "SelectedMembers": [],
                  "Name": "Location Country",
                  "DimensionName": "Location",
                  "AliasName": "Country",
                  "AliasId": "47690e8c-bf7f-abdd-8250-0bc27e856388",
                  "AliasType": "AttributeAlias",
                  "IsVisible": true,
                  "IsAttributeRequired": false,
                  "ShowSubtotal": false,
                  "ShowMemberConditionalFormatting": false,
                  "DisplayName": "",
                  "ShortName": "",
                  "SortBy": "",
                  "JoinWithGraph": false,
                  "JoinGraphName": "",
                  "JoinWithNode": "FROM",
                  "UIPreferenceId": "babcd317-d676-3ffb-4d99-c8ce9fa461a0",
                  "UIPreferenceName": "MFP based Options Calculation UIP"
                },
                {
                  "Id": "0c4d82ca-2fbe-c1e8-f6c5-51ffdcf84efc",
                  "AttributeName": "Sales Planning Channel",
                  "Dimension": "Sales Domain",
                  "EdgeDirection": null,
                  "IsFilter": false,
                  "Axis": "row",
                  "IsDefault": true,
                  "AllSelection": false,
                  "SelectedMembers": [],
                  "Name": "Sales Planning Channel",
                  "DimensionName": "Sales Domain",
                  "IsVisible": true,
                  "IsAttributeRequired": false,
                  "ShowSubtotal": false,
                  "ShowMemberConditionalFormatting": false,
                  "DisplayName": "",
                  "ShortName": "",
                  "SortBy": "",
                  "JoinWithGraph": false,
                  "JoinGraphName": null,
                  "JoinWithNode": "FROM",
                  "UIPreferenceId": "babcd317-d676-3ffb-4d99-c8ce9fa461a0",
                  "UIPreferenceName": "MFP based Options Calculation UIP"
                },
                {
                  "Id": "1e5a008a-7c3a-4516-a1f6-a8df32bf3be7",
                  "AttributeName": "Cluster",
                  "Dimension": "Cluster",
                  "EdgeDirection": null,
                  "IsFilter": false,
                  "Axis": "row",
                  "IsDefault": true,
                  "AllSelection": false,
                  "SelectedMembers": [],
                  "Name": "Cluster",
                  "DimensionName": "Cluster",
                  "IsVisible": true,
                  "IsAttributeRequired": false,
                  "ShowSubtotal": false,
                  "ShowMemberConditionalFormatting": false,
                  "DisplayName": "",
                  "ShortName": "",
                  "SortBy": "",
                  "JoinWithGraph": false,
                  "JoinGraphName": null,
                  "JoinWithNode": "FROM",
                  "UIPreferenceId": "babcd317-d676-3ffb-4d99-c8ce9fa461a0",
                  "UIPreferenceName": "MFP based Options Calculation UIP"
                }
              ],
              "NamedSets": []
            },
            "Presentation": {
              "LevelAttributes": [
                {
                  "Id": "c8215069-c134-49e6-a1de-5f681eb07b83",
                  "AttributeName": "L3",
                  "Dimension": "Item",
                  "Axis": "row",
                  "ShowInfo": {
                    "ShowDetail": true,
                    "ShowPulse": true,
                    "ShowTask": true,
                    "ShowMarketIntelligence": true
                  },
                  "IsVisible": true,
                  "IsAttributeRequired": false,
                  "ShowSubtotal": false,
                  "ShowMemberConditionalFormatting": false,
                  "UOMMember": "",
                  "DisplayName": "",
                  "ShortName": "",
                  "SortBy": "",
                  "JoinWithGraph": false,
                  "JoinGraphName": "",
                  "JoinWithNode": "FROM",
                  "UIPreferenceId": "babcd317-d676-3ffb-4d99-c8ce9fa461a0",
                  "UIPreferenceName": "MFP based Options Calculation UIP",
                  "Name": "L3",
                  "DimensionName": "Item"
                },
                {
                  "Id": "d14ad722-e28d-71af-f63d-6cc77a8e6d68",
                  "AttributeName": "Product Attribute Group",
                  "Dimension": "Product Attribute Group",
                  "Axis": "row",
                  "ShowInfo": {
                    "ShowDetail": true,
                    "ShowPulse": true,
                    "ShowTask": true,
                    "ShowMarketIntelligence": true
                  },
                  "IsVisible": true,
                  "IsAttributeRequired": false,
                  "ShowSubtotal": false,
                  "ShowMemberConditionalFormatting": false,
                  "UOMMember": null,
                  "DisplayName": "",
                  "ShortName": "",
                  "SortBy": "",
                  "JoinWithGraph": false,
                  "JoinGraphName": null,
                  "JoinWithNode": "FROM",
                  "UIPreferenceId": "babcd317-d676-3ffb-4d99-c8ce9fa461a0",
                  "UIPreferenceName": "MFP based Options Calculation UIP",
                  "Name": "Product Attribute Group",
                  "DimensionName": "Product Attribute Group"
                },
                {
                  "Id": "d00b8ae3-4077-4366-87b7-cf97749f44db",
                  "AttributeName": "Location Country",
                  "Dimension": "Location",
                  "Axis": "row",
                  "ShowInfo": {
                    "ShowDetail": true,
                    "ShowPulse": true,
                    "ShowTask": true,
                    "ShowMarketIntelligence": true
                  },
                  "IsVisible": true,
                  "IsAttributeRequired": false,
                  "ShowSubtotal": false,
                  "ShowMemberConditionalFormatting": false,
                  "UOMMember": "",
                  "DisplayName": "",
                  "ShortName": "",
                  "SortBy": "",
                  "JoinWithGraph": false,
                  "JoinGraphName": "",
                  "JoinWithNode": "FROM",
                  "UIPreferenceId": "babcd317-d676-3ffb-4d99-c8ce9fa461a0",
                  "UIPreferenceName": "MFP based Options Calculation UIP",
                  "Name": "Location Country",
                  "DimensionName": "Location"
                },
                {
                  "Id": "0c4d82ca-2fbe-c1e8-f6c5-51ffdcf84efc",
                  "AttributeName": "Sales Planning Channel",
                  "Dimension": "Sales Domain",
                  "Axis": "row",
                  "ShowInfo": {
                    "ShowDetail": true,
                    "ShowPulse": true,
                    "ShowTask": true,
                    "ShowMarketIntelligence": true
                  },
                  "IsVisible": true,
                  "IsAttributeRequired": false,
                  "ShowSubtotal": false,
                  "ShowMemberConditionalFormatting": false,
                  "UOMMember": null,
                  "DisplayName": "",
                  "ShortName": "",
                  "SortBy": "",
                  "JoinWithGraph": false,
                  "JoinGraphName": null,
                  "JoinWithNode": "FROM",
                  "UIPreferenceId": "babcd317-d676-3ffb-4d99-c8ce9fa461a0",
                  "UIPreferenceName": "MFP based Options Calculation UIP",
                  "Name": "Sales Planning Channel",
                  "DimensionName": "Sales Domain"
                },
                {
                  "Id": "1e5a008a-7c3a-4516-a1f6-a8df32bf3be7",
                  "AttributeName": "Cluster",
                  "Dimension": "Cluster",
                  "Axis": "row",
                  "ShowInfo": {
                    "ShowDetail": true,
                    "ShowPulse": true,
                    "ShowTask": true,
                    "ShowMarketIntelligence": true
                  },
                  "IsVisible": true,
                  "IsAttributeRequired": false,
                  "ShowSubtotal": false,
                  "ShowMemberConditionalFormatting": false,
                  "UOMMember": null,
                  "DisplayName": "",
                  "ShortName": "",
                  "SortBy": "",
                  "JoinWithGraph": false,
                  "JoinGraphName": null,
                  "JoinWithNode": "FROM",
                  "UIPreferenceId": "babcd317-d676-3ffb-4d99-c8ce9fa461a0",
                  "UIPreferenceName": "MFP based Options Calculation UIP",
                  "Name": "Cluster",
                  "DimensionName": "Cluster"
                }
              ]
            }
          },
          "IsVisible": true,
          "IsAttributeRequired": false,
          "ShowSubtotal": false,
          "ShowMemberConditionalFormatting": false,
          "DisplayName": "",
          "ShortName": "",
          "SortBy": "",
          "JoinWithGraph": false,
          "JoinGraphName": null,
          "JoinWithNode": "FROM"
        },
        {
          "Id": "e77375fb-306b-424f-bde1-67827f8d4e86",
          "AttributeName": "Measure",
          "Dimension": "Measure",
          "IsFilter": false,
          "Axis": "column",
          "IsDefault": true,
          "AllSelection": false,
          "SelectedMembers": [],
          "Name": "Measure",
          "DimensionName": "Measure",
          "IsVisible": true,
          "IsAttributeRequired": false,
          "ShowSubtotal": false,
          "ShowMemberConditionalFormatting": false,
          "SortBy": "",
          "JoinWithGraph": false,
          "DisplayName": "",
          "ShortName": "",
          "UOMMember": ""
        }
      ],
      "PeggingAttributes": [],
      "FlowPlanAttributes": [],
      "Hierarchies": [],
      "NamedSets": [],
      "RegularMeasures": [
        {
          "Id": "5e2ec71e-864c-45ef-a383-56acb63c5b42",
          "Name": "LY Sales % PAG C SS"
        },
        {
          "Id": "e930116d-fcb7-4d67-becb-9d26cbb4ba92",
          "Name": "Sales % Override PAG C SS"
        },
        {
          "Id": "5e097dbc-6f73-7662-0a00-975e937bc954",
          "Name": "Final Sales % PAG C SS"
        },
        {
          "Id": "3adb326a-7f42-4d24-92ab-c33a2751c44d",
          "Name": "Target Sales PAG C SS"
        },
        {
          "Id": "24f2e1c1-11e7-4e1b-a8da-650c4fe54acb",
          "Name": "ASP L3 PAG"
        },
        {
          "Id": "aa58877b-d4cb-4185-b167-43af1f2d191b",
          "Name": "ASP Override L3 PAG"
        },
        {
          "Id": "6d38421e-57f7-1a0e-5f26-bdb01ec48584",
          "Name": "Final ASP L3 PAG"
        },
        {
          "Id": "ac8b8adb-a3eb-4ba2-881f-7f11a70729d4",
          "Name": "Sales Quantity"
        },
        {
          "Id": "d2f424f1-6771-4bb1-ab93-b5d89ad3a363",
          "Name": "LY Store Count"
        },
        {
          "Id": "d2aaa2ab-ec84-fb0a-d998-366d4fb61acd",
          "Name": "No of Stores"
        },
        {
          "Id": "96ed3503-d7e1-4eea-9fc1-caae4a13dca1",
          "Name": "Store Count Override"
        },
        {
          "Id": "7160071a-052c-ecc0-c139-54ee1a6fa541",
          "Name": "Final Store Count"
        },
        {
          "Id": "97c5eac1-eef9-4207-9cde-cd42dcaec564",
          "Name": "LY Time On Offer"
        },
        {
          "Id": "4d76772d-bd05-46ea-b928-3193adbe7855",
          "Name": "Time On Offer Override"
        },
        {
          "Id": "9f628e9c-9ae2-e489-fb2c-affdda1f1e73",
          "Name": "Final Time On Offer"
        },
        {
          "Id": "5211b528-a7d0-41d5-9e6f-7856abe11103",
          "Name": "LY ROS"
        },
        {
          "Id": "81519d17-6169-48dc-b6fa-63f1fdcd739b",
          "Name": "ROS Override L3 PAG C SS"
        },
        {
          "Id": "3b40e235-538f-cc50-496f-9fb0d3c86d68",
          "Name": "Final ROS L3 PAG C SS"
        },
        {
          "Id": "2053548c-5e0d-4fe4-9b05-93689ef6cc78",
          "Name": "LY Options Count"
        },
        {
          "Id": "c219035c-d9ef-48d3-83a5-f6848c6a5f9b",
          "Name": "Options"
        },
        {
          "Id": "89b4a473-183e-44dc-bf2c-510da9823f1e",
          "Name": "Options Count Override"
        },
        {
          "Id": "48f9aead-76e9-4ae9-ff83-5b5a896dfd6b",
          "Name": "Final Options Count"
        }
      ],
      "TransientMeasures": [],
      "GraphRelations": [],
      "Folders": [],
      "AssociationMeasures": [
        {
          "MeasureFilterIBPLExpression": "Measure.[Style Color PAG Association]>0 && Measure.[Store Grade Association]>0",
          "MeasureFilterScope": "Post Filter"
        }
      ],
      "AssociationMeasureExpressions": [
        {
          "Expression": ""
        }
      ],
      "MeasureValueFilters": [],
      "DataProperties": {
        "IncludeInactiveMembers": false,
        "IncludeNulls": false,
        "NullsForFinerGrainSelect": false,
        "NullsForUnrelatedAttrSelect": false,
        "RequireEditValidation": false,
        "SubTotalsType": "NoSubtotals",
        "IncludeNullsForSeries": "",
        "AssociationMeasureExpression": ""
      },
      "FilterProperties": {
        "VersionDependentFilter": false,
        "InterDependentMeasure": {
          "Id": "a7802d8b-c077-4576-1601-67e0e8720c1a",
          "Name": "Current Future L3 SS Association",
          "DataType": "number"
        },
        "ExcludeVersionInFavorite": false,
        "StickyDimensionsOnAlwaysOnPane": [
          {
            "DimensionName": "Version",
            "DimensionId": "0d40e77b-9527-489d-a3c9-f8275cd8b0dc",
            "AlwaysShow": false
          }
        ]
      },
      "SortByMeasure": [
        {
          "Measure": null,
          "SortOrder": ""
        }
      ]
    }
  }
}