{
  "AttributeName": "Group ID",
  "AttributeId": "f613b38e-fc4d-473a-845f-2c788a54d379",
  "AttributeHierarchyEnabled": true,
  "IsKey": true,
  "Description": "Group ID",
  "OrderBy": "Name",
  "KeyColumnName": "GroupIDKey",
  "NameColumnName": "GroupIDName",
  "KeyColumnDataType": "integer",
  "SeedTags": true,
  "KeyGenerationType": "Auto",
  "PickListName": null,
  "ConfigJson": {
    "ShowFilterAs": "TileView",
    "MemberDisplayNameEditable": true,
    "IsMultipleImage": false
  },
  "FormatString": null,
  "Translation": null,
  "Aliases": [],
  "ApiName": null,
  "ApiDisabled": false
}