{
  "AttributeName": "Retail_AP_LB_NN",
  "AttributeId": "6d70b400-c630-7d86-4d58-d8258e145aae",
  "AttributeHierarchyEnabled": true,
  "IsKey": false,
  "Description": "Line Build and Wishlist Granularity",
  "OrderBy": "Key",
  "KeyColumnName": "Retail_AP_LB_NNKey",
  "NameColumnName": "Retail_AP_LB_NNName",
  "KeyColumnDataType": "integer",
  "SeedTags": true,
  "KeyGenerationType": "Auto",
  "PickListName": null,
  "ConfigJson": {
    "ShowFilterAs": "TileView",
    "MemberDisplayNameEditable": true,
    "IsMultipleImage": false,
    "MemberDisplayColor": false
  },
  "FormatString": null,
  "Translation": null,
  "Aliases": [],
  "ApiName": null,
  "ApiDisabled": false,
  "ParentAttributeName": null,
  "NamedNodeUsages": [
    {
      "DimensionName": "Item",
      "AttributeName": "Planning Item"
    },
    {
      "DimensionName": "Location",
      "AttributeName": "Location Country"
    },
    {
      "DimensionName": "Sales Domain",
      "AttributeName": "Sales Planning Channel"
    },
    {
      "DimensionName": "Selling Season",
      "AttributeName": "Selling Season"
    }
  ]
}