{
  "MeasureName": "Match Including Error Volume",
  "MeasureId": "fc0603d4-a5fc-4516-b327-5b7e0c95e89c",
  "MeasureDescription": "Does the Input volume match the volume in o9 system + any error volume",
  "DataType": "boolean",
  "MeasureType": "Regular",
  "AggregateFunction": "Null",
  "FormatString": "#,##0;(#,##0)",
  "MeasureColumnName": "MatchIncludingErrorVolume",
  "MeasureFormula": "",
  "IsEditable": true,
  "ApplyConversion": false,
  "ConversionFormula": "",
  "PickListName": null,
  "BgColorFormula": "",
  "FgColorFormula": "",
  "TrendFormula": "",
  "FormattingViewModel": "[]",
  "ParentMeasureName": null,
  "AssociationMeasure": false,
  "IsComputedByPlanningService": true,
  "ToolTip": "Does the Input volume match the volume in o9 system + any error volume",
  "ConfigJson": {},
  "ApiName": null,
  "ApiDisabled": false,
  "IsReportingMeasure": false,
  "MeasureConditionalFormulaProperties": [],
  "PicklistSource": null
}