{
  "Name": "ResetTDPlan",
  "Description": null,
  "ActionButtonId": "c5987ff2-afac-4c37-8bfb-6cf0aea3b0df",
  "Tooltip": "Reset TD",
  "ActionButtonType": "Widget",
  "Alignment": "right",
  "IsPopOver": true,
  "IsGlobal": true,
  "ActionClickHandler": null,
  "Icon": null,
  "Image": null,
  "ConfigJson": {
    "DisplayName": "Reset TD Plan",
    "icon": "undo",
    "SubmitButton": {
      "Label": "Submit"
    },
    "ResetButton": {
      "Label": "Reset"
    },
    "CloseButton": {
      "Label": "Close",
      "ConfirmMessage": "Unsaved changes will be lost. Continue?"
    },
    "NotifyAll": false,
    "IBPLRules": [
      {
        "template": "scope:(Version.[Version Name]{{#filter Version}} * Item.[L4]{{#filter Department}} * [Sales Domain].[Sales Planning Channel]{{#filter Channel}}*Time.[Planning Quarter]{{#filter Season}}.RelatedMembers([Planning Month]) * [Location].[Location Country]{{#filter Market}} * [Selling Season].[Selling Season]);\nMeasure.[TD Ttl Sls Rtl] = null;\nMeasure.[TD FP Sls Rtl] = Null;\nMeasure.[TD PP Sls Rtl] = Null;\nend scope;"
      }
    ],
    "JavascriptRules": [],
    "FieldBindings": [
      {
        "fieldName": "Version",
        "title": "Version",
        "source": "filter",
        "type": "string",
        "key": "LA-Version",
        "visible": true,
        "isEditable": false,
        "validation": {
          "required": true,
          "maxLength": "0"
        },
        "DimensionName": "Version",
        "LevelAttributeName": "Version Name",
        "clearSearch": true
      },
      {
        "fieldName": "Department",
        "title": "Department",
        "source": "members",
        "type": "picklistDropdown",
        "key": "LA-Department",
        "isEditable": true,
        "visible": true,
        "validation": {
          "required": true,
          "maxLength": "0"
        },
        "DimensionName": "Item",
        "LevelAttributeName": "L4",
        "selectionType": "multiple",
        "clearSearch": true
      },
      {
        "fieldName": "Channel",
        "title": "Channel",
        "Description": "Channel",
        "type": "picklistDropdown",
        "clearSearch": true,
        "source": "filter",
        "DimensionName": "Sales Domain",
        "LevelAttributeName": "Sales Planning Channel",
        "visible": true,
        "isEditable": true,
        "validation": {
          "maxLength": "0",
          "required": true
        }
      },
      {
        "fieldName": "Market",
        "title": "Market",
        "Description": "Market",
        "type": "picklistDropdown",
        "clearSearch": true,
        "source": "filter",
        "DimensionName": "Location",
        "LevelAttributeName": "Location Country",
        "visible": true,
        "isEditable": true,
        "validation": {
          "maxLength": "0",
          "required": true
        }
      },
      {
        "fieldName": "Season",
        "title": "Season",
        "Description": "Season",
        "type": "picklistDropdown",
        "clearSearch": true,
        "source": "filter",
        "DimensionName": "Time",
        "LevelAttributeName": "Planning Quarter",
        "visible": true,
        "isEditable": true,
        "validation": {
          "maxLength": "0",
          "required": true
        }
      }
    ],
    "Range": [],
    "DataSources": [],
    "AutoExecute": false,
    "isAsync": true,
    "hasMembersUpdates": false,
    "Compact": false,
    "TwoColumn": false,
    "IsGlobalForExcelAddIn": false,
    "ReturnFilterByUpdate": false,
    "ExcludeFromNavLink": false,
    "FilterFieldBindings": []
  },
  "Widget": null,
  "Roles": []
}