{
  "Name": "91GenerateBacktestL1StatAndML",
  "Description": null,
  "ActionButtonId": "c483bae1-b781-3b0e-bc32-eb8d1d43e86a",
  "Tooltip": "Generate backtest L1",
  "ActionButtonType": "Widget",
  "Alignment": "right",
  "IsPopOver": true,
  "IsGlobal": true,
  "ActionClickHandler": null,
  "Icon": null,
  "Image": null,
  "ConfigJson": {
    "DisplayName": "Backtest L1",
    "icon": "rotate-left",
    "SubmitButton": {
      "Label": "Submit"
    },
    "ResetButton": {
      "Label": "Reset"
    },
    "CloseButton": {
      "Label": "Close",
      "ConfirmMessage": "Unsaved changes will be lost. Continue?"
    },
    "NotifyRoles": false,
    "NotifyAll": false,
    "IBPLRules": [
      {
        "template": "{{#if IsContainer}}\n{{#if ForecastEngineML}}\n{{#if HistoryBucketW}}\nexec procedure o9DP0513CMLContainerizationBacktestW{\"VersionName\" : [{{#csv VersionName}}],\"ForecastIteration\":\"{{ForecastIteration}}\", \"mode_backtest_cycles\":\"{{BackTestCyclePeriod}}\", \"mode_forecast\":\"{{ForecastMode}}\", \"Item\": [{{#csv Item}}], \"Account\": [{{#csv Account}}], \"Channel\": [{{#csv Channel}}], \"Region\" : [{{#csv Region}}], \"Location\" : [{{#csv Location}}], \"PnL\" : [{{#csv PnL}}], \"DemandDomain\" : [{{#csv DemandDomain}}]};\nexec procedure o9DP0172FastStatBacktestL1W{\"VersionName\" : [{{#csv VersionName}}],\"ForecastIteration\" : [\"{{ForecastIteration}}\"], \"BacktestCycles\": \"{{BackTestCyclePeriod}}\", \"Item\": [{{#csv Item}}], \"Account\": [{{#csv Account}}], \"Channel\": [{{#csv Channel}}], \"Region\" : [{{#csv Region}}], \"Location\" : [{{#csv Location}}], \"PnL\" : [{{#csv PnL}}], \"DemandDomain\" : [{{#csv DemandDomain}}]};\nexec procedure o9DP0913WeekAccuracyCalculation\t {\"VersionName\" : [{{#csv VersionName}}],\"MediumWeight\" : {{MediumWeight}}, \"ForecastIteration\":[\"{{ForecastIteration}}\"], \"BackTestCyclePeriod\": \"{{BackTestCyclePeriod}}\", \"Item\": [{{#csv Item}}], \"Account\": [{{#csv Account}}], \"Channel\": [{{#csv Channel}}], \"Region\" : [{{#csv Region}}], \"Location\" : [{{#csv Location}}], \"PnL\" : [{{#csv PnL}}], \"DemandDomain\" : [{{#csv DemandDomain}}]};\n{{/if}}\n{{#if HistoryBucketM}}\nexec procedure o9DP0513CMLContainerizationBacktestM{\"VersionName\" : [{{#csv VersionName}}],\"ForecastIteration\":\"{{ForecastIteration}}\", \"mode_backtest_cycles\":\"{{BackTestCyclePeriod}}\",\"mode_forecast\":\"{{ForecastMode}}\", \"Item\": [{{#csv Item}}], \"Account\": [{{#csv Account}}], \"Channel\": [{{#csv Channel}}], \"Region\" : [{{#csv Region}}], \"Location\" : [{{#csv Location}}], \"PnL\" : [{{#csv PnL}}], \"DemandDomain\" : [{{#csv DemandDomain}}]};\nexec procedure o9DP0173FastStatBacktestL1M{\"VersionName\" : [{{#csv VersionName}}],\"ForecastIteration\" : [\"{{ForecastIteration}}\"], \"BacktestCycles\": \"{{BackTestCyclePeriod}}\", \"Item\": [{{#csv Item}}], \"Account\": [{{#csv Account}}], \"Channel\": [{{#csv Channel}}], \"Region\" : [{{#csv Region}}], \"Location\" : [{{#csv Location}}], \"PnL\" : [{{#csv PnL}}], \"DemandDomain\" : [{{#csv DemandDomain}}]};\nexec procedure o9DP0915MAccuracyCalculation {\"VersionName\" : [{{#csv VersionName}}],\"MediumWeight\" : {{MediumWeight}}, \"ForecastIteration\":[\"{{ForecastIteration}}\"], \"BackTestCyclePeriod\": \"{{BackTestCyclePeriod}}\", \"Item\": [{{#csv Item}}], \"Account\": [{{#csv Account}}], \"Channel\": [{{#csv Channel}}], \"Region\" : [{{#csv Region}}], \"Location\" : [{{#csv Location}}], \"PnL\" : [{{#csv PnL}}], \"DemandDomain\" : [{{#csv DemandDomain}}]};\n{{/if}}\n{{#if HistoryBucketPM}}\nexec procedure o9DP0513CMLContainerizationBacktestPM{\"VersionName\" : [{{#csv VersionName}}],\"ForecastIteration\":\"{{ForecastIteration}}\", \"mode_backtest_cycles\":\"{{BackTestCyclePeriod}}\", \"mode_forecast\":\"{{ForecastMode}}\", \"Item\": [{{#csv Item}}], \"Account\": [{{#csv Account}}], \"Channel\": [{{#csv Channel}}], \"Region\" : [{{#csv Region}}], \"Location\" : [{{#csv Location}}], \"PnL\" : [{{#csv PnL}}], \"DemandDomain\" : [{{#csv DemandDomain}}]};\nexec procedure o9DP0174FastStatBacktestL1PM{\"VersionName\" : [{{#csv VersionName}}],\"ForecastIteration\" : [\"{{ForecastIteration}}\"], \"BacktestCycles\": \"{{BackTestCyclePeriod}}\", \"Item\": [{{#csv Item}}], \"Account\": [{{#csv Account}}], \"Channel\": [{{#csv Channel}}], \"Region\" : [{{#csv Region}}], \"Location\" : [{{#csv Location}}], \"PnL\" : [{{#csv PnL}}], \"DemandDomain\" : [{{#csv DemandDomain}}]};\nexec procedure o9DP0914PMAccuracyCalculation {\"VersionName\" : [{{#csv VersionName}}],\"MediumWeight\" : {{MediumWeight}}, \"ForecastIteration\":[\"{{ForecastIteration}}\"], \"BackTestCyclePeriod\": \"{{BackTestCyclePeriod}}\", \"Item\": [{{#csv Item}}], \"Account\": [{{#csv Account}}], \"Channel\": [{{#csv Channel}}], \"Region\" : [{{#csv Region}}], \"Location\" : [{{#csv Location}}], \"PnL\" : [{{#csv PnL}}], \"DemandDomain\" : [{{#csv DemandDomain}}]};\n{{/if}}\n{{/if}}\n{{#if ForecastEngineStat}}\n{{#if HistoryBucketW}}\nexec procedure o9DP0172FastStatBacktestL1W{\"VersionName\" : [{{#csv VersionName}}],\"ForecastIteration\" : [\"{{ForecastIteration}}\"], \"BacktestCycles\": \"{{BackTestCyclePeriod}}\", \"Item\": [{{#csv Item}}], \"Account\": [{{#csv Account}}], \"Channel\": [{{#csv Channel}}], \"Region\" : [{{#csv Region}}], \"Location\" : [{{#csv Location}}], \"PnL\" : [{{#csv PnL}}], \"DemandDomain\" : [{{#csv DemandDomain}}]};\nexec procedure o9DP0913WeekAccuracyCalculation\t {\"VersionName\" : [{{#csv VersionName}}],\"MediumWeight\" : {{MediumWeight}}, \"ForecastIteration\":[\"{{ForecastIteration}}\"], \"BackTestCyclePeriod\": \"{{BackTestCyclePeriod}}\", \"Item\": [{{#csv Item}}], \"Account\": [{{#csv Account}}], \"Channel\": [{{#csv Channel}}], \"Region\" : [{{#csv Region}}], \"Location\" : [{{#csv Location}}], \"PnL\" : [{{#csv PnL}}], \"DemandDomain\" : [{{#csv DemandDomain}}]};\n{{/if}}\n{{#if HistoryBucketM}}\nexec procedure o9DP0173FastStatBacktestL1M{\"VersionName\" : [{{#csv VersionName}}],\"ForecastIteration\" : [\"{{ForecastIteration}}\"], \"BacktestCycles\": \"{{BackTestCyclePeriod}}\", \"Item\": [{{#csv Item}}], \"Account\": [{{#csv Account}}], \"Channel\": [{{#csv Channel}}], \"Region\" : [{{#csv Region}}], \"Location\" : [{{#csv Location}}], \"PnL\" : [{{#csv PnL}}], \"DemandDomain\" : [{{#csv DemandDomain}}]};\nexec procedure o9DP0915MAccuracyCalculation {\"VersionName\" : [{{#csv VersionName}}],\"MediumWeight\" : {{MediumWeight}}, \"ForecastIteration\":[\"{{ForecastIteration}}\"], \"BackTestCyclePeriod\": \"{{BackTestCyclePeriod}}\", \"Item\": [{{#csv Item}}], \"Account\": [{{#csv Account}}], \"Channel\": [{{#csv Channel}}], \"Region\" : [{{#csv Region}}], \"Location\" : [{{#csv Location}}], \"PnL\" : [{{#csv PnL}}], \"DemandDomain\" : [{{#csv DemandDomain}}]};\n{{/if}}\n{{#if HistoryBucketPM}}\nexec procedure o9DP0174FastStatBacktestL1PM{\"VersionName\" : [{{#csv VersionName}}],\"ForecastIteration\" : [\"{{ForecastIteration}}\"], \"BacktestCycles\": \"{{BackTestCyclePeriod}}\", \"Item\": [{{#csv Item}}], \"Account\": [{{#csv Account}}], \"Channel\": [{{#csv Channel}}], \"Region\" : [{{#csv Region}}], \"Location\" : [{{#csv Location}}], \"PnL\" : [{{#csv PnL}}], \"DemandDomain\" : [{{#csv DemandDomain}}]};\nexec procedure o9DP0914PMAccuracyCalculation {\"VersionName\" : [{{#csv VersionName}}],\"MediumWeight\" : {{MediumWeight}}, \"ForecastIteration\":[\"{{ForecastIteration}}\"], \"BackTestCyclePeriod\": \"{{BackTestCyclePeriod}}\", \"Item\": [{{#csv Item}}], \"Account\": [{{#csv Account}}], \"Channel\": [{{#csv Channel}}], \"Region\" : [{{#csv Region}}], \"Location\" : [{{#csv Location}}], \"PnL\" : [{{#csv PnL}}], \"DemandDomain\" : [{{#csv DemandDomain}}]};\n{{/if}}\n{{/if}}\n{{#else}}\n{{#if ForecastEngineML}}\n{{#if HistoryBucketW}}\nexec procedure o9DP512StatCMLBacktestW{\"VersionName\" : [{{#csv VersionName}}],\"ForecastIteration\":\"{{ForecastIteration}}\", \"mode_backtest_cycles\":\"{{BackTestCyclePeriod}}\", \"mode_forecast\":\"{{ForecastMode}}\", \"Item\": [{{#csv Item}}], \"Account\": [{{#csv Account}}], \"Channel\": [{{#csv Channel}}], \"Region\" : [{{#csv Region}}], \"Location\" : [{{#csv Location}}], \"PnL\" : [{{#csv PnL}}], \"DemandDomain\" : [{{#csv DemandDomain}}]};\nexec procedure o9DP0160StatBacktestL1W\t {\"VersionName\" : [{{#csv VersionName}}], \"MediumWeight\" : {{MediumWeight}}, \"ForecastIteration\":[\"{{ForecastIteration}}\"],\"BackTestCyclePeriod\":\"{{BackTestCyclePeriod}}\",\"Item\":[{{#csv Item}}],\"Account\":[{{#csv Account}}],\"Channel\":[{{#csv Channel}}],\"Region\":[{{#csv Region}}],\"Location\":[{{#csv Location}}],\"PnL\":[{{#csv PnL}}],\"DemandDomain\":[{{#csv DemandDomain}}]};\nexec procedure o9DP0913WeekAccuracyCalculation\t {\"VersionName\" : [{{#csv VersionName}}],\"MediumWeight\" : {{MediumWeight}}, \"ForecastIteration\":[\"{{ForecastIteration}}\"], \"BackTestCyclePeriod\": \"{{BackTestCyclePeriod}}\", \"Item\": [{{#csv Item}}], \"Account\": [{{#csv Account}}], \"Channel\": [{{#csv Channel}}], \"Region\" : [{{#csv Region}}], \"Location\" : [{{#csv Location}}], \"PnL\" : [{{#csv PnL}}], \"DemandDomain\" : [{{#csv DemandDomain}}]};\n{{/if}}\n{{#if HistoryBucketM}}\nexec procedure o9DP511StatCMLBacktestM{\"VersionName\" : [{{#csv VersionName}}],\"ForecastIteration\":\"{{ForecastIteration}}\", \"mode_backtest_cycles\":\"{{BackTestCyclePeriod}}\",\"mode_forecast\":\"{{ForecastMode}}\", \"Item\": [{{#csv Item}}], \"Account\": [{{#csv Account}}], \"Channel\": [{{#csv Channel}}], \"Region\" : [{{#csv Region}}], \"Location\" : [{{#csv Location}}], \"PnL\" : [{{#csv PnL}}], \"DemandDomain\" : [{{#csv DemandDomain}}]};\nexec procedure o9DP0162StatBacktestL1M\t {\"VersionName\" : [{{#csv VersionName}}], \"MediumWeight\" : {{MediumWeight}}, \"ForecastIteration\":[\"{{ForecastIteration}}\"],\"BackTestCyclePeriod\":\"{{BackTestCyclePeriod}}\",\"Item\":[{{#csv Item}}],\"Account\":[{{#csv Account}}],\"Channel\":[{{#csv Channel}}],\"Region\":[{{#csv Region}}],\"Location\":[{{#csv Location}}],\"PnL\":[{{#csv PnL}}],\"DemandDomain\":[{{#csv DemandDomain}}]};\nexec procedure o9DP0915MAccuracyCalculation {\"VersionName\" : [{{#csv VersionName}}],\"MediumWeight\" : {{MediumWeight}}, \"ForecastIteration\":[\"{{ForecastIteration}}\"], \"BackTestCyclePeriod\": \"{{BackTestCyclePeriod}}\", \"Item\": [{{#csv Item}}], \"Account\": [{{#csv Account}}], \"Channel\": [{{#csv Channel}}], \"Region\" : [{{#csv Region}}], \"Location\" : [{{#csv Location}}], \"PnL\" : [{{#csv PnL}}], \"DemandDomain\" : [{{#csv DemandDomain}}]};\n{{/if}}\n{{#if HistoryBucketPM}}\nexec procedure o9DP511StatCMLBacktestPM{\"VersionName\" : [{{#csv VersionName}}],\"ForecastIteration\":\"{{ForecastIteration}}\", \"mode_backtest_cycles\":\"{{BackTestCyclePeriod}}\", \"mode_forecast\":\"{{ForecastMode}}\", \"Item\": [{{#csv Item}}], \"Account\": [{{#csv Account}}], \"Channel\": [{{#csv Channel}}], \"Region\" : [{{#csv Region}}], \"Location\" : [{{#csv Location}}], \"PnL\" : [{{#csv PnL}}], \"DemandDomain\" : [{{#csv DemandDomain}}]};\nexec procedure o9DP0163StatBacktestL1PM\t {\"VersionName\" : [{{#csv VersionName}}],\"MediumWeight\" : {{MediumWeight}}, \"ForecastIteration\":[\"{{ForecastIteration}}\"],\"BackTestCyclePeriod\":\"{{BackTestCyclePeriod}}\",\"Item\":[{{#csv Item}}],\"Account\":[{{#csv Account}}],\"Channel\":[{{#csv Channel}}],\"Region\":[{{#csv Region}}],\"Location\":[{{#csv Location}}],\"PnL\":[{{#csv PnL}}],\"DemandDomain\":[{{#csv DemandDomain}}]};\nexec procedure o9DP0914PMAccuracyCalculation {\"VersionName\" : [{{#csv VersionName}}],\"MediumWeight\" : {{MediumWeight}}, \"ForecastIteration\":[\"{{ForecastIteration}}\"], \"BackTestCyclePeriod\": \"{{BackTestCyclePeriod}}\", \"Item\": [{{#csv Item}}], \"Account\": [{{#csv Account}}], \"Channel\": [{{#csv Channel}}], \"Region\" : [{{#csv Region}}], \"Location\" : [{{#csv Location}}], \"PnL\" : [{{#csv PnL}}], \"DemandDomain\" : [{{#csv DemandDomain}}]};\n{{/if}}\n{{/if}}\n{{#if ForecastEngineStat}}\n{{#if HistoryBucketW}}\nexec procedure o9DP0160StatBacktestL1W\t {\"VersionName\" : [{{#csv VersionName}}], \"MediumWeight\" : {{MediumWeight}}, \"ForecastIteration\":[\"{{ForecastIteration}}\"],\"BackTestCyclePeriod\":\"{{BackTestCyclePeriod}}\",\"Item\":[{{#csv Item}}],\"Account\":[{{#csv Account}}],\"Channel\":[{{#csv Channel}}],\"Region\":[{{#csv Region}}],\"Location\":[{{#csv Location}}],\"PnL\":[{{#csv PnL}}],\"DemandDomain\":[{{#csv DemandDomain}}]};\nexec procedure o9DP0913WeekAccuracyCalculation\t {\"VersionName\" : [{{#csv VersionName}}],\"MediumWeight\" : {{MediumWeight}}, \"ForecastIteration\":[\"{{ForecastIteration}}\"], \"BackTestCyclePeriod\": \"{{BackTestCyclePeriod}}\", \"Item\": [{{#csv Item}}], \"Account\": [{{#csv Account}}], \"Channel\": [{{#csv Channel}}], \"Region\" : [{{#csv Region}}], \"Location\" : [{{#csv Location}}], \"PnL\" : [{{#csv PnL}}], \"DemandDomain\" : [{{#csv DemandDomain}}]};\n{{/if}}\n{{#if HistoryBucketM}}\nexec procedure o9DP0162StatBacktestL1M\t {\"VersionName\" : [{{#csv VersionName}}], \"MediumWeight\" : {{MediumWeight}}, \"ForecastIteration\":[\"{{ForecastIteration}}\"],\"BackTestCyclePeriod\":\"{{BackTestCyclePeriod}}\",\"Item\":[{{#csv Item}}],\"Account\":[{{#csv Account}}],\"Channel\":[{{#csv Channel}}],\"Region\":[{{#csv Region}}],\"Location\":[{{#csv Location}}],\"PnL\":[{{#csv PnL}}],\"DemandDomain\":[{{#csv DemandDomain}}]};\nexec procedure o9DP0915MAccuracyCalculation {\"VersionName\" : [{{#csv VersionName}}],\"MediumWeight\" : {{MediumWeight}}, \"ForecastIteration\":[\"{{ForecastIteration}}\"], \"BackTestCyclePeriod\": \"{{BackTestCyclePeriod}}\", \"Item\": [{{#csv Item}}], \"Account\": [{{#csv Account}}], \"Channel\": [{{#csv Channel}}], \"Region\" : [{{#csv Region}}], \"Location\" : [{{#csv Location}}], \"PnL\" : [{{#csv PnL}}], \"DemandDomain\" : [{{#csv DemandDomain}}]};\n{{/if}}\n{{#if HistoryBucketPM}}\nexec procedure o9DP0163StatBacktestL1PM\t {\"VersionName\" : [{{#csv VersionName}}],\"MediumWeight\" : {{MediumWeight}}, \"ForecastIteration\":[\"{{ForecastIteration}}\"],\"BackTestCyclePeriod\":\"{{BackTestCyclePeriod}}\",\"Item\":[{{#csv Item}}],\"Account\":[{{#csv Account}}],\"Channel\":[{{#csv Channel}}],\"Region\":[{{#csv Region}}],\"Location\":[{{#csv Location}}],\"PnL\":[{{#csv PnL}}],\"DemandDomain\":[{{#csv DemandDomain}}]};\nexec procedure o9DP0914PMAccuracyCalculation {\"VersionName\" : [{{#csv VersionName}}],\"MediumWeight\" : {{MediumWeight}}, \"ForecastIteration\":[\"{{ForecastIteration}}\"], \"BackTestCyclePeriod\": \"{{BackTestCyclePeriod}}\", \"Item\": [{{#csv Item}}], \"Account\": [{{#csv Account}}], \"Channel\": [{{#csv Channel}}], \"Region\" : [{{#csv Region}}], \"Location\" : [{{#csv Location}}], \"PnL\" : [{{#csv PnL}}], \"DemandDomain\" : [{{#csv DemandDomain}}]};\n{{/if}}\n{{#if HistoryBucketQ}}\nexec procedure o9DP0170StatBacktestL1Q\t {\"VersionName\" : [{{#csv VersionName}}],\"MediumWeight\" : {{MediumWeight}}, \"ForecastIteration\":[\"{{ForecastIteration}}\"],\"BackTestCyclePeriod\":\"{{BackTestCyclePeriod}}\",\"Item\":[{{#csv Item}}],\"Account\":[{{#csv Account}}],\"Channel\":[{{#csv Channel}}],\"Region\":[{{#csv Region}}],\"Location\":[{{#csv Location}}],\"PnL\":[{{#csv PnL}}],\"DemandDomain\":[{{#csv DemandDomain}}]};\nexec procedure o9DP0917QAccuracyCalculation {\"VersionName\" : [{{#csv VersionName}}],\"MediumWeight\" : {{MediumWeight}}, \"ForecastIteration\":[\"{{ForecastIteration}}\"], \"BackTestCyclePeriod\": \"{{BackTestCyclePeriod}}\", \"Item\": [{{#csv Item}}], \"Account\": [{{#csv Account}}], \"Channel\": [{{#csv Channel}}], \"Region\" : [{{#csv Region}}], \"Location\" : [{{#csv Location}}], \"PnL\" : [{{#csv PnL}}], \"DemandDomain\" : [{{#csv DemandDomain}}]};\n{{/if}}\n{{#if HistoryBucketPQ}}\nexec procedure o9DP0171StatBacktestL1PQ {\"VersionName\" : [{{#csv VersionName}}],\"MediumWeight\" : {{MediumWeight}}, \"ForecastIteration\":[\"{{ForecastIteration}}\"],\"BackTestCyclePeriod\":\"{{BackTestCyclePeriod}}\",\"Item\":[{{#csv Item}}],\"Account\":[{{#csv Account}}],\"Channel\":[{{#csv Channel}}],\"Region\":[{{#csv Region}}],\"Location\":[{{#csv Location}}],\"PnL\":[{{#csv PnL}}],\"DemandDomain\":[{{#csv DemandDomain}}]};\nexec procedure o9DP0918PQAccuracyCalculation {\"VersionName\" : [{{#csv VersionName}}],\"MediumWeight\" : {{MediumWeight}}, \"ForecastIteration\":[\"{{ForecastIteration}}\"], \"BackTestCyclePeriod\": \"{{BackTestCyclePeriod}}\", \"Item\": [{{#csv Item}}], \"Account\": [{{#csv Account}}], \"Channel\": [{{#csv Channel}}], \"Region\" : [{{#csv Region}}], \"Location\" : [{{#csv Location}}], \"PnL\" : [{{#csv PnL}}], \"DemandDomain\" : [{{#csv DemandDomain}}]};\n{{/if}}\n{{/if}}\n{{/if}}"
      }
    ],
    "JavascriptRules": [
      {
        "modulename": "o9.DemandPlanning.ValidateTimeBucketSetup",
        "functionname": "validation"
      }
    ],
    "FieldBindings": [
      {
        "fieldName": "Information",
        "title": "Information",
        "Description": "Information",
        "type": "info",
        "clearSearch": true,
        "source": "literal",
        "defaultValue": "Please click on \"Submit\" to Generate backtest at Stat Level",
        "visible": true,
        "isEditable": false,
        "validation": {
          "maxLength": "0",
          "required": true
        }
      },
      {
        "fieldName": "MediumWeight",
        "title": "Medium Weight Run",
        "Description": "Only for Stat Engine - Enable plugin run in Medium Weight execution mode (suitable for small scope).",
        "type": "boolean",
        "fieldGroup": "Execution Mode",
        "selectionType": "single",
        "clearSearch": true,
        "source": "literal",
        "defaultValue": false,
        "visible": true,
        "isEditable": true,
        "validation": {
          "maxLength": "0",
          "required": true
        }
      },
      {
        "fieldName": "ForecastMode",
        "title": "Execution Mode",
        "Description": "Only for ML Engine - To select a forecast mode execution for CML plugin from: 'train','train_predict', 'predict'",
        "type": "picklist",
        "fieldGroup": "Execution Mode",
        "selectionType": "single",
        "clearSearch": true,
        "source": "localPicklist",
        "values": [
          {
            "Key": "train_predict",
            "Name": "Training & Prediction"
          },
          {
            "Key": "train",
            "Name": "Training"
          },
          {
            "Key": "predict",
            "Name": "Prediction"
          }
        ],
        "valueField": "Key",
        "visible": true,
        "isEditable": true,
        "validation": {
          "maxLength": "0",
          "required": true
        }
      },
      {
        "fieldName": "IsContainer",
        "title": "Stat Archetype",
        "Description": "Stat Archetype",
        "type": "picklist",
        "fieldGroup": "Execution Mode",
        "clearSearch": true,
        "source": "picklist",
        "key": "Stat Archetype",
        "visible": true,
        "isEditable": true,
        "validation": {
          "maxLength": "0",
          "required": true
        }
      },
      {
        "fieldName": "VersionName",
        "title": "Version Name",
        "Description": "Version Name",
        "type": "picklist",
        "selectionType": "multiple",
        "clearSearch": true,
        "source": "filter",
        "DimensionName": "Version",
        "LevelAttributeName": "Version Name",
        "visible": true,
        "isEditable": true,
        "validation": {
          "maxLength": "0",
          "required": true
        }
      },
      {
        "fieldName": "HistoryBucketPM",
        "title": "HistoryBucketPM",
        "Description": "HistoryBucketPM",
        "type": "boolean",
        "selectionType": "single",
        "clearSearch": true,
        "select": "ALL",
        "source": "datasource",
        "key": "HistoryBucketPM",
        "valueField": "Forecast Generation Time Bucket Planning Month",
        "textField": "Forecast Generation Time Bucket Planning Month",
        "visible": false,
        "isEditable": false,
        "cascadeFrom": "ForecastIteration",
        "validation": {
          "maxLength": "0",
          "required": false
        },
        "overrideFieldBindingType": false,
        "defaultValue": false
      },
      {
        "fieldName": "HistoryBucketM",
        "title": "HistoryBucketM",
        "Description": "HistoryBucketM",
        "type": "boolean",
        "selectionType": "single",
        "clearSearch": true,
        "select": "ALL",
        "source": "datasource",
        "key": "HistoryBucketM",
        "valueField": "Forecast Generation Time Bucket Month",
        "textField": "Forecast Generation Time Bucket Month",
        "visible": false,
        "isEditable": false,
        "cascadeFrom": "ForecastIteration",
        "validation": {
          "maxLength": "0",
          "required": false
        },
        "overrideFieldBindingType": false,
        "defaultValue": false
      },
      {
        "fieldName": "HistoryBucketW",
        "title": "HistoryBucketW",
        "Description": "HistoryBucketW",
        "type": "boolean",
        "selectionType": "single",
        "clearSearch": true,
        "select": "ALL",
        "source": "datasource",
        "key": "HistoryBucketW",
        "valueField": "Forecast Generation Time Bucket Week",
        "textField": "Forecast Generation Time Bucket Week",
        "visible": false,
        "isEditable": false,
        "cascadeFrom": "ForecastIteration",
        "validation": {
          "maxLength": "0",
          "required": false
        },
        "overrideFieldBindingType": false,
        "defaultValue": false
      },
      {
        "fieldName": "ForecastEngineML",
        "title": "Forecast Engine only ML",
        "type": "boolean",
        "clearSearch": true,
        "source": "datasource",
        "key": "DSForecastEngineML",
        "valueField": "Forecast Engine ML",
        "textField": "Forecast Engine ML",
        "overrideFieldBindingType": false,
        "visible": false,
        "isEditable": false,
        "cascadeFrom": "ForecastIteration",
        "validation": {
          "maxLength": "0",
          "required": true
        },
        "defaultValue": false,
        "selectionType": "single"
      },
      {
        "fieldName": "BackTestCyclePeriod",
        "title": "BackTest Cycles",
        "Description": "Öffset from selected planning cycles",
        "type": "string",
        "clearSearch": true,
        "source": "literal",
        "defaultValue": "1,2,3,4,5,6",
        "visible": true,
        "isEditable": true,
        "validation": {
          "maxLength": "0",
          "required": true
        }
      },
      {
        "fieldName": "ForecastEngineStat",
        "title": "Forecast Engine Stat",
        "type": "boolean",
        "selectionType": "single",
        "clearSearch": true,
        "source": "datasource",
        "key": "DSForecastEngineStat",
        "valueField": "Forecast Engine Stat",
        "textField": "Forecast Engine Stat",
        "overrideFieldBindingType": false,
        "visible": false,
        "isEditable": false,
        "cascadeFrom": "ForecastIteration",
        "validation": {
          "maxLength": "0",
          "required": true
        },
        "defaultValue": false
      },
      {
        "fieldName": "HistoryBucketQ",
        "title": "HistoryBucketQ",
        "Description": "HistoryBucketQ",
        "type": "boolean",
        "selectionType": "single",
        "clearSearch": true,
        "select": "ALL",
        "source": "datasource",
        "key": "HistoryBucketQ",
        "valueField": "Forecast Generation Time Bucket Quarter",
        "textField": "Forecast Generation Time Bucket Quarter",
        "overrideFieldBindingType": false,
        "visible": false,
        "isEditable": false,
        "cascadeFrom": "ForecastIteration",
        "validation": {
          "maxLength": "0",
          "required": true
        },
        "defaultValue": false
      },
      {
        "fieldName": "HistoryBucketPQ",
        "title": "HistoryBucketPQ",
        "Description": "HistoryBucketPQ",
        "type": "boolean",
        "selectionType": "single",
        "clearSearch": true,
        "select": "ALL",
        "source": "datasource",
        "key": "HistoryBucketPQ",
        "valueField": "Forecast Generation Time Bucket Planning Quarter",
        "textField": "Forecast Generation Time Bucket Planning Quarter",
        "overrideFieldBindingType": false,
        "visible": false,
        "isEditable": false,
        "cascadeFrom": "ForecastIteration",
        "validation": {
          "maxLength": "0",
          "required": true
        },
        "defaultValue": false
      },
      {
        "fieldName": "ForecastIteration",
        "title": "Forecast Iteration",
        "type": "picklist",
        "fieldGroup": "Forecast Iteration",
        "selectionType": "single",
        "clearSearch": true,
        "source": "parentAttribute",
        "DimensionName": "Forecast Iteration",
        "key": {
          "LevelAttribute": {
            "Name": "Forecast Iteration",
            "Property": "Name"
          }
        },
        "visible": true,
        "isEditable": true,
        "validation": {
          "maxLength": "0",
          "required": true
        }
      },
      {
        "fieldName": "ForecastIterationType",
        "title": "Forecast Iteration Type",
        "type": "picklist",
        "selectionType": "single",
        "clearSearch": true,
        "select": "ALL",
        "source": "datasource",
        "key": "DSForecastIteration",
        "valueField": "Name",
        "textField": "Name",
        "overrideFieldBindingType": false,
        "visible": true,
        "isEditable": true,
        "validation": {
          "maxLength": "0",
          "required": true
        },
        "fieldGroup": "Forecast Iteration",
        "cascadeFrom": "ForecastIteration"
      },
      {
        "fieldName": "Item",
        "title": "Stat Item",
        "type": "picklistDropdown",
        "fieldGroup": "Item",
        "selectionType": "multiple",
        "clearSearch": true,
        "source": "parentAttribute",
        "DimensionName": "Item",
        "key": {
          "LevelAttribute": {
            "Name": "Stat Item",
            "Property": "Name"
          }
        },
        "visible": true,
        "isEditable": true,
        "validation": {
          "maxLength": "0",
          "required": true
        }
      },
      {
        "fieldName": "Account",
        "title": "Stat Account",
        "type": "picklist",
        "fieldGroup": "Customer Group",
        "selectionType": "multiple",
        "clearSearch": true,
        "source": "parentAttribute",
        "DimensionName": "Account",
        "key": {
          "LevelAttribute": {
            "Name": "Stat Account",
            "Property": "Name"
          }
        },
        "visible": true,
        "isEditable": true,
        "validation": {
          "maxLength": "0",
          "required": true
        }
      },
      {
        "fieldName": "Channel",
        "title": "Stat Channel",
        "type": "picklist",
        "fieldGroup": "Customer Group",
        "selectionType": "multiple",
        "clearSearch": true,
        "source": "parentAttribute",
        "DimensionName": "Channel",
        "key": {
          "LevelAttribute": {
            "Name": "Stat Channel",
            "Property": "Name"
          }
        },
        "visible": true,
        "isEditable": true,
        "validation": {
          "maxLength": "0",
          "required": true
        }
      },
      {
        "fieldName": "Region",
        "title": "Stat Region",
        "type": "picklist",
        "fieldGroup": "Customer Group",
        "selectionType": "multiple",
        "clearSearch": true,
        "source": "parentAttribute",
        "DimensionName": "Region",
        "key": {
          "LevelAttribute": {
            "Name": "Stat Region",
            "Property": "Name"
          }
        },
        "visible": true,
        "isEditable": true,
        "validation": {
          "maxLength": "0",
          "required": true
        }
      },
      {
        "fieldName": "Location",
        "title": "Stat Location",
        "type": "picklist",
        "fieldGroup": "Location",
        "selectionType": "multiple",
        "clearSearch": true,
        "source": "parentAttribute",
        "DimensionName": "Location",
        "key": {
          "LevelAttribute": {
            "Name": "Stat Location",
            "Property": "Name"
          }
        },
        "visible": true,
        "isEditable": true,
        "validation": {
          "maxLength": "0",
          "required": true
        }
      },
      {
        "fieldName": "PnL",
        "title": "Stat PnL",
        "type": "picklist",
        "fieldGroup": "Others",
        "selectionType": "multiple",
        "clearSearch": true,
        "source": "parentAttribute",
        "DimensionName": "PnL",
        "key": {
          "LevelAttribute": {
            "Name": "Stat PnL",
            "Property": "Name"
          }
        },
        "visible": true,
        "isEditable": true,
        "validation": {
          "maxLength": "0",
          "required": true
        }
      },
      {
        "fieldName": "DemandDomain",
        "title": "Stat Demand Domain",
        "type": "picklist",
        "fieldGroup": "Others",
        "selectionType": "multiple",
        "clearSearch": true,
        "source": "parentAttribute",
        "DimensionName": "Demand Domain",
        "key": {
          "LevelAttribute": {
            "Name": "Stat Demand Domain",
            "Property": "Name"
          }
        },
        "visible": true,
        "isEditable": true,
        "validation": {
          "maxLength": "0",
          "required": true
        }
      }
    ],
    "Range": [],
    "DataSources": [
      {
        "Name": "HistoryBucketW",
        "IBPLRules": [
          {
            "template": "select(&CWVAndScenarios{{#filter VersionName}} *&AllLockedForecastIterations{{#filter ForecastIteration}} * {if (Measure.[Forecast Generation Time Bucket]==\"Week\") then (true) else (false) as transient.[Forecast Generation Time Bucket Week]});"
          }
        ],
        "JavascriptRules": [],
        "IncludeDSFieldsOnly": false,
        "FieldBindings": []
      },
      {
        "Name": "HistoryBucketM",
        "IBPLRules": [
          {
            "template": "select(&CWVAndScenarios{{#filter VersionName}} *&AllLockedForecastIterations{{#filter ForecastIteration}} * {if (Measure.[Forecast Generation Time Bucket]==\"Month\") then (true) else (false) as transient.[Forecast Generation Time Bucket Month]});"
          }
        ],
        "JavascriptRules": [],
        "IncludeDSFieldsOnly": false,
        "FieldBindings": []
      },
      {
        "Name": "HistoryBucketPM",
        "IBPLRules": [
          {
            "template": "select(&CWVAndScenarios{{#filter VersionName}} *&AllLockedForecastIterations{{#filter ForecastIteration}} * {if (Measure.[Forecast Generation Time Bucket]==\"Planning Month\") then (true) else (false) as transient.[Forecast Generation Time Bucket Planning Month]});"
          }
        ],
        "JavascriptRules": [],
        "IncludeDSFieldsOnly": false,
        "FieldBindings": []
      },
      {
        "Name": "DSForecastIteration",
        "IBPLRules": [
          {
            "template": "\nSelect(&AllLockedForecastIterations{{#filter ForecastIteration}}.relatedmembers([Forecast Iteration Type]));\n"
          }
        ],
        "JavascriptRules": [],
        "IncludeDSFieldsOnly": false,
        "FieldBindings": []
      },
      {
        "Name": "DSForecastEngineML",
        "IBPLRules": [
          {
            "template": "select(&CWVAndScenarios{{#filter VersionName}} *&AllLockedForecastIterations{{#filter ForecastIteration}} * {if( (Measure.[Forecast Engine]==\"ML\") || (Measure.[Forecast Engine] == \"Stat & ML\")) then (true) else (false) as transient.[Forecast Engine ML]});"
          }
        ],
        "JavascriptRules": [],
        "IncludeDSFieldsOnly": false,
        "FieldBindings": []
      },
      {
        "Name": "DSForecastEngineStat",
        "IBPLRules": [
          {
            "template": "select(&CWVAndScenarios{{#filter VersionName}} * &AllLockedForecastIterations{{#filter ForecastIteration}} * {if(Measure.[Forecast Engine]==\"Stat\") then (true) else (false) as transient.[Forecast Engine Stat]});"
          }
        ],
        "JavascriptRules": [],
        "IncludeDSFieldsOnly": false,
        "FieldBindings": []
      },
      {
        "Name": "TrainStartDate",
        "IBPLRules": [
          {
            "template": "Select ([Version].[Version Name]{{#filter VersionName}}*&AllLockedForecastIterations{{#filter ForecastIteration}}  ) on row, \n({Measure.[Training Start Date]}) on column;"
          }
        ],
        "JavascriptRules": [],
        "IncludeDSFieldsOnly": false,
        "FieldBindings": []
      },
      {
        "Name": "HistoryBucketQ",
        "IBPLRules": [
          {
            "template": "select(&CWVAndScenarios{{#filter VersionName}} *&AllLockedForecastIterations{{#filter ForecastIteration}} * {if (Measure.[Forecast Generation Time Bucket]==\"Quarter\") then (true) else (false) as transient.[Forecast Generation Time Bucket Quarter]});"
          }
        ],
        "JavascriptRules": [],
        "IncludeDSFieldsOnly": false,
        "FieldBindings": []
      },
      {
        "Name": "HistoryBucketPQ",
        "IBPLRules": [
          {
            "template": "select(&CWVAndScenarios{{#filter VersionName}} *&AllLockedForecastIterations{{#filter ForecastIteration}} * {if (Measure.[Forecast Generation Time Bucket]==\"Planning Quarter\") then (true) else (false) as transient.[Forecast Generation Time Bucket Planning Quarter]});"
          }
        ],
        "JavascriptRules": [],
        "IncludeDSFieldsOnly": false,
        "FieldBindings": []
      }
    ],
    "AutoExecute": false,
    "isAsync": true,
    "hasMembersUpdates": false,
    "Compact": false,
    "TwoColumn": true,
    "IsGlobalForExcelAddIn": false,
    "ReturnFilterByUpdate": false,
    "ExcludeFromNavLink": false,
    "FilterFieldBindings": [],
    "enableTransaction": false
  },
  "Widget": null,
  "Roles": []
}