{
  "MeasureName": "GMROI Change %",
  "MeasureId": "4e5bd927-3d6b-95fb-d400-bf2ae93d21a6",
  "MeasureDescription": "GMROI Change %",
  "DataType": "number",
  "MeasureType": "Regular",
  "AggregateFunction": "Computed",
  "FormatString": "0.00%",
  "MeasureColumnName": "GMROIChange%",
  "MeasureFormula": "safedivide((Measure.[GMROI]-Measure.[LC GMROI]),Measure.[LC GMROI])",
  "IsEditable": false,
  "ApplyConversion": false,
  "ConversionFormula": "",
  "PickListName": null,
  "BgColorFormula": "",
  "FgColorFormula": "",
  "TrendFormula": " IF(Measure.[GMROI Change %]<0) then 13 else  IF(Measure.[GMROI Change %]>0) then 10",
  "FormattingViewModel": "[\r\n  {\r\n    \"INDICATOR\": \"13\",\r\n    \"Condition\": \"Measure.[GMROI Change %]<0\"\r\n  },\r\n  {\r\n    \"INDICATOR\": \"10\",\r\n    \"Condition\": \"Measure.[GMROI Change %]>0\"\r\n  }\r\n]",
  "ParentMeasureName": null,
  "AssociationMeasure": false,
  "IsComputedByPlanningService": false,
  "ToolTip": "GMROI Change %",
  "ConfigJson": {},
  "ApiName": null,
  "ApiDisabled": false,
  "IsReportingMeasure": true,
  "MeasureConditionalFormulaProperties": [
    {
      "MeasureName": null,
      "ConditionalFormula": "Measure.[GMROI Change %]<0",
      "BGCOLOR": "",
      "LegendText": "",
      "DisplayOrder": 0
    },
    {
      "MeasureName": null,
      "ConditionalFormula": "Measure.[GMROI Change %]>0",
      "BGCOLOR": "",
      "LegendText": "",
      "DisplayOrder": 1
    }
  ],
  "PicklistSource": null
}