{
  "MeasureGroupName": "005 Style Color Selling Season Cluster Country Channel Association",
  "MeasureGroupId": "1e39ea03-77ad-7f5b-9e8f-0c90cac3dd02",
  "ParentMeasureGroupName": null,
  "HasShadow": false,
  "MeasureGroupDescription": "005 Style Color Selling Season Cluster Country Channel Association",
  "MeasureGroupType": "Regular",
  "FactTableName": "Fact005StyleColorSellingSeasonClusterCountryChannelAssociation",
  "SchemaMajorVersion": 0,
  "ConfigJson": {},
  "ApiName": null,
  "Repartition": false,
  "Unpartition": false,
  "ApiEnabled": false,
  "DimensionUsages": [
    {
      "DimensionName": "Version",
      "AttributeName": "Version Name",
      "SortOrder": 0,
      "DimensionType": "Regular"
    },
    {
      "DimensionName": "NamedNode",
      "AttributeName": "Retail_AP_RP_Product_Cluster_Setup_NN",
      "SortOrder": 1,
      "DimensionType": "NamedNode"
    },
    {
      "DimensionName": "NamedNode",
      "AttributeName": "Retail_AP_FD_Common_NN",
      "SortOrder": 2,
      "DimensionType": "NamedNode"
    }
  ]
}