{
  "Name": "o9EKGRemoveRawINMapping",
  "Description": "Remove Mapping",
  "ActionButtonId": "62946901-0d95-d5fb-3da3-8cd4ae58825b",
  "Tooltip": "Remove Mapping",
  "ActionButtonType": "Widget",
  "Alignment": "right",
  "IsPopOver": true,
  "IsGlobal": true,
  "ActionClickHandler": null,
  "Icon": null,
  "Image": null,
  "ConfigJson": {
    "icon": "close",
    "SubmitButton": {
      "Label": "Submit",
      "ConfirmMessage": "Selected mappings will be deleted permanently. This action is Irreversible. Click \"Yes\" to proceed with deletion."
    },
    "ResetButton": {
      "Label": "Reset"
    },
    "CloseButton": {
      "Label": "Close"
    },
    "NotifyAll": false,
    "IBPLRules": [
      {
        "template": "//Clear mappings\n\n{{#each TableFileList}}\n\nDELETE DATA FOR MODEL [o9EKG File Table Association] WHERE {&CWV, [o9EKG Customer].[Project Name].[{{Project}}], {{#entity TableName}}, {{#entity FileName}} };\n\n{{/each}}\n\n"
      }
    ],
    "JavascriptRules": [],
    "FieldBindings": [
      {
        "fieldName": "Project",
        "title": "Project Name",
        "type": "picklistDropdown",
        "selectionType": "single",
        "clearSearch": true,
        "source": "filter",
        "DimensionName": "o9EKG Customer",
        "LevelAttributeName": "Project Name",
        "visible": true,
        "isEditable": false,
        "validation": {
          "maxLength": "0",
          "required": true
        }
      },
      {
        "fieldName": "TableFileList",
        "title": "Table File List",
        "type": "picklistDropdown",
        "select": "ALL",
        "clearSearch": true,
        "source": "parentTuple",
        "TuplesList": [
          {
            "Key": "TableName",
            "LevelAttribute": {
              "DimensionName": "o9EKG Table",
              "Name": "Table Name",
              "textField": "Name"
            },
            "tuplesource": "LevelAttribute"
          },
          {
            "Key": "FileName",
            "LevelAttribute": {
              "DimensionName": "o9EKG Documents",
              "Name": "File Name",
              "textField": "Name"
            },
            "tuplesource": "LevelAttribute"
          }
        ],
        "visible": true,
        "isEditable": true,
        "validation": {
          "required": true
        }
      }
    ],
    "Range": [],
    "DataSources": [],
    "AutoExecute": false,
    "isAsync": false,
    "hasMembersUpdates": true,
    "Compact": true,
    "TwoColumn": false,
    "IsGlobalForExcelAddIn": false,
    "ReturnFilterByUpdate": false,
    "ExcludeFromNavLink": false,
    "FilterFieldBindings": []
  },
  "Widget": null,
  "Roles": [
    "EKG_DataAdmin",
    "EKG_Intg_Arch"
  ]
}