{
  "MeasureGroupName": "001.003W Seed Inputs DemandID Demand Types",
  "MeasureGroupId": "50dc3d6e-830e-4c86-ba57-ff799d204eae",
  "ParentMeasureGroupName": null,
  "HasShadow": false,
  "MeasureGroupDescription": "Used in skip netting to create association",
  "MeasureGroupType": "Regular",
  "FactTableName": "Fact001.003WSeedInputsDemandIDDemandTypes",
  "SchemaMajorVersion": 0,
  "ConfigJson": {},
  "ApiName": null,
  "Repartition": false,
  "Unpartition": false,
  "ApiEnabled": false,
  "DimensionUsages": [
    {
      "DimensionName": "Version",
      "AttributeName": "Version Name",
      "SortOrder": 0,
      "DimensionType": "Regular"
    },
    {
      "DimensionName": "Demand Type",
      "AttributeName": "Demand Type",
      "SortOrder": 1,
      "DimensionType": "Regular"
    },
    {
      "DimensionName": "Demand",
      "AttributeName": "DemandID",
      "SortOrder": 2,
      "DimensionType": "Regular"
    }
  ]
}