{
  "AttributeName": "Parameter Parent",
  "AttributeId": "4d3aefa6-b72a-72af-a4c2-109fd038285f",
  "AttributeHierarchyEnabled": true,
  "IsKey": false,
  "Description": "Parameter Parent",
  "OrderBy": "Name",
  "KeyColumnName": "ParameterParentKey",
  "NameColumnName": "ParameterParentName",
  "KeyColumnDataType": "integer",
  "SeedTags": false,
  "KeyGenerationType": "Auto",
  "PickListName": null,
  "ConfigJson": {
    "ShowFilterAs": "TileView",
    "MemberDisplayNameEditable": true,
    "IsMultipleImage": false,
    "MemberDisplayColor": false
  },
  "FormatString": null,
  "Translation": null,
  "Aliases": [],
  "ApiName": null,
  "ApiDisabled": false,
  "FgColorFormula": null,
  "BgColorFormula": null,
  "IsReservedBySystem": false
}