{
  "Name": "GroupPlan01CreateGroupLotSize",
  "Description": "Create Group ",
  "ActionButtonId": "b9d170ec-648c-498f-c1f6-b1acf96cdfaf",
  "Tooltip": "Create Group ",
  "ActionButtonType": "Rule",
  "Alignment": "right",
  "IsPopOver": true,
  "IsGlobal": false,
  "ActionClickHandler": null,
  "Icon": null,
  "Image": null,
  "ConfigJson": {
    "DisplayName": "Create Group ",
    "icon": "plus",
    "Position": "0",
    "SubmitButton": {
      "Label": "Submit"
    },
    "ResetButton": {
      "Label": "Reset"
    },
    "CloseButton": {
      "Label": "Close",
      "ConfirmMessage": "Unsaved changes will be lost. Continue?"
    },
    "NotifyRoles": false,
    "NotifyAll": false,
    "IBPLRules": [
      {
        "template": "//Createmember to create Group ID\nCreatemember([Group].[Group ID] = {,\"{{Group}}\"}, [Group].[Group Type] = {,\"GroupLotSizePlanning\"}); \n//Comment - Populating o9 Group MOQ\nCartesian Scope :([Group].[Group ID]{{#filter Group}} * [Version].[Version Name]{{#filter Version}} * [Location].[Location]{{#filter Location}});\nMeasure.[o9 Group Location Association] =1;\nMeasure.[o9 Group Minimum Lot Size] = if(\"{{MinLotSize}}\" == \"\") then null else {{MinLotSize}};\nMeasure.[o9 Group Incremental Lot Size] = if(\"{{IncLotSize}}\" == \"\") then null else {{IncLotSize}};\nMeasure.[o9 Group Max Capacity] = if(\"{{MaxCap}}\" == \"\") then null else {{MaxCap}} ;\nend scope;                     "
      }
    ],
    "JavascriptRules": [],
    "FieldBindings": [
      {
        "fieldName": "Version",
        "title": "Version",
        "Description": "Version",
        "type": "picklistDropdown",
        "selectionType": "single",
        "clearSearch": true,
        "source": "filter",
        "DimensionName": "Version",
        "LevelAttributeName": "Version Name",
        "visible": true,
        "isEditable": true,
        "validation": {
          "maxLength": "0",
          "required": true
        }
      },
      {
        "fieldName": "Location",
        "title": "Location",
        "Description": "Location",
        "type": "picklistDropdown",
        "selectionType": "single",
        "clearSearch": true,
        "source": "members",
        "DimensionName": "Location",
        "LevelAttributeName": "Location",
        "visible": true,
        "isEditable": true,
        "validation": {
          "maxLength": "0",
          "required": true
        },
        "FilterExpression": "&AllPlantLocations",
        "select": "NONE"
      },
      {
        "fieldName": "Group",
        "title": "Group",
        "Description": "Group",
        "type": "combobox",
        "selectionType": "single",
        "clearSearch": true,
        "select": "NONE",
        "source": "datasource",
        "key": "DSGroup",
        "valueField": "Name",
        "textField": "DisplayName",
        "overrideFieldBindingType": false,
        "visible": true,
        "isEditable": true,
        "cascadeFrom": "Location",
        "validation": {
          "maxLength": "0",
          "required": true
        }
      },
      {
        "fieldName": "MinLotSize",
        "title": "Group Minimum Lot Size",
        "Description": "Group Minimum Lot Size",
        "type": "number",
        "clearSearch": true,
        "source": "literal",
        "visible": true,
        "isEditable": true,
        "validation": {
          "maxLength": "0",
          "required": false
        },
        "defaultValue": "Null"
      },
      {
        "fieldName": "IncLotSize",
        "title": "Group Incremental Lot Size",
        "Description": "Group Incremental Lot Size",
        "type": "number",
        "clearSearch": true,
        "source": "literal",
        "visible": true,
        "isEditable": true,
        "validation": {
          "maxLength": "0",
          "required": false
        },
        "defaultValue": "Null"
      },
      {
        "fieldName": "MaxCap",
        "title": "Group Max Capacity",
        "Description": "Group Max Capacity",
        "type": "number",
        "clearSearch": true,
        "source": "literal",
        "visible": true,
        "isEditable": true,
        "validation": {
          "maxLength": "0",
          "required": false
        },
        "defaultValue": "Null"
      }
    ],
    "Range": [],
    "DataSources": [
      {
        "Name": "DSGroup",
        "IBPLRules": [
          {
            "template": "Select([Group].[Group ID]) where{[Version].[Version Name].[{{Version}}], [Location].[Location].[{{Location}}], Measure.[o9 Group Location Association] > 0}; "
          }
        ],
        "JavascriptRules": [],
        "IncludeDSFieldsOnly": false,
        "FieldBindings": []
      }
    ],
    "AutoExecute": false,
    "isAsync": true,
    "hasMembersUpdates": false,
    "Compact": true,
    "TwoColumn": false,
    "IsGlobalForExcelAddIn": false,
    "ExcludeFromNavLink": false,
    "FilterFieldBindings": []
  },
  "Widget": null,
  "Roles": []
}