{
  "Name": "o9EKGDeleteTable",
  "Description": null,
  "ActionButtonId": "a69b69bd-f743-895b-833b-7325fdc79b13",
  "Tooltip": "Delete Table",
  "ActionButtonType": "Widget",
  "Alignment": "right",
  "IsPopOver": true,
  "IsGlobal": true,
  "ActionClickHandler": null,
  "Icon": null,
  "Image": null,
  "ConfigJson": {
    "icon": "trash-o",
    "SubmitButton": {
      "Label": "Submit",
      "ConfirmMessage": "Selected tables and all the fields of those tables will be deleted permanently from all projects. This action is Irreversible. Click \"Yes\" to proceed with deletion"
    },
    "ResetButton": {},
    "CloseButton": {
      "Label": "Close"
    },
    "NotifyAll": false,
    "IBPLRules": [
      {
        "template": "//Delete selected members//\n\n{{#each Table}} \n\nDELETEMEMBER([o9EKG Table].[Table Name] = {, [{{this}}] }) cascade; \n\n{{/each}}"
      },
      {
        "template": "//purge//\n\npurge members ();"
      }
    ],
    "JavascriptRules": [],
    "FieldBindings": [
      {
        "fieldName": "Info",
        "title": "Info",
        "type": "info",
        "fieldGroup": "1",
        "clearSearch": true,
        "source": "literal",
        "defaultValue": "Below selected tables and all the fields of those tables will be deleted permanently. This action is Irreversible.",
        "visible": true,
        "isEditable": true,
        "validation": {
          "maxLength": "0",
          "required": true
        }
      },
      {
        "fieldName": "Table",
        "title": "Table Name",
        "type": "picklistDropdown",
        "selectionType": "multiple",
        "clearSearch": true,
        "source": "parentAttribute",
        "DimensionName": "o9EKG Table",
        "key": {
          "LevelAttribute": {
            "Name": "Table Name",
            "Property": "Name"
          }
        },
        "visible": true,
        "isEditable": true,
        "validation": {
          "maxLength": "0",
          "required": true
        }
      }
    ],
    "Range": [],
    "DataSources": [],
    "AutoExecute": false,
    "isAsync": false,
    "hasMembersUpdates": true,
    "Compact": true,
    "TwoColumn": false,
    "IsGlobalForExcelAddIn": false,
    "ReturnFilterByUpdate": false,
    "ExcludeFromNavLink": false,
    "FilterFieldBindings": []
  },
  "Widget": null,
  "Roles": [
    "admin",
    "System Architect"
  ]
}