{
  "MeasureName": "Aggregated Netting Sales Domain Upward Levels Order MP Snapshot",
  "MeasureId": "a7039d10-12b9-eaaf-fbb1-bbef6c2cfa34",
  "MeasureDescription": "Aggregated Netting Sales Domain Upward Levels Order MP Snapshot",
  "DataType": "number",
  "MeasureType": "Regular",
  "AggregateFunction": "Min",
  "FormatString": "#",
  "MeasureColumnName": "AggregatedNettingSalesDomainUpwardLevelsOrderMPSnapshot",
  "MeasureFormula": "",
  "IsEditable": false,
  "ApplyConversion": false,
  "ConversionFormula": "",
  "PickListName": null,
  "BgColorFormula": "",
  "FgColorFormula": "",
  "TrendFormula": "",
  "FormattingViewModel": "[]",
  "ParentMeasureName": null,
  "AssociationMeasure": false,
  "IsComputedByPlanningService": false,
  "ToolTip": "Aggregated Netting Sales Domain Upward Levels Order MP Snapshot",
  "ConfigJson": {},
  "ApiName": null,
  "ApiDisabled": false,
  "IsReportingMeasure": false,
  "MeasureConditionalFormulaProperties": [],
  "PicklistSource": null
}