{
  "AttributeName": "City",
  "AttributeId": "e88942d9-3c9f-4cd4-a149-edc077fd1c49",
  "AttributeHierarchyEnabled": true,
  "IsKey": true,
  "Description": "City",
  "OrderBy": "Name",
  "KeyColumnName": "CityKey",
  "NameColumnName": "CityName",
  "KeyColumnDataType": "integer",
  "SeedTags": true,
  "KeyGenerationType": "Auto",
  "PickListName": null,
  "ConfigJson": {
    "ShowFilterAs": "TileView",
    "MemberDisplayNameEditable": true,
    "IsMultipleImage": false
  },
  "FormatString": null,
  "Translation": null,
  "Aliases": [],
  "ApiName": null,
  "ApiDisabled": false
}