{
  "Name": "Demand Supportability",
  "ViewId": "4d45c628-986f-1ee7-fbc0-6ffb0729dcbf",
  "ContentType": "Regular",
  "Title": "Demand Supportability",
  "Position": 0,
  "IsDefault": true,
  "Resource": null,
  "RazorViewTemplate": "_containers",
  "ConfigJson": {
    "WidgetContainers": {
      "Containers": [
        1
      ],
      "Key": 0,
      "IsModified": false,
      "ViewSpread": {
        "RowLevel": 60,
        "ColLevel": 12
      },
      "Data": [
        {
          "Id": "c16bc4a3-46f1-49db-a330-194359a1d7bc",
          "Col": 0,
          "Row": 0,
          "SizeX": 12,
          "SizeY": 60
        }
      ]
    }
  },
  "Roles": [
    "public"
  ]
}