{
  "MeasureGroupName": "110 Interactive Stat Output",
  "MeasureGroupId": "b1a08dce-357b-4a66-81a7-4af2332a0dcf",
  "ParentMeasureGroupName": null,
  "HasShadow": false,
  "MeasureGroupDescription": "Stores the stat parameters generated by R plugin during Interactive Stat workflow",
  "MeasureGroupType": "Regular",
  "FactTableName": "Fact110InteractiveStatOutput",
  "SchemaMajorVersion": 0,
  "ConfigJson": {},
  "ApiName": null,
  "Repartition": false,
  "Unpartition": false,
  "ApiEnabled": false,
  "DimensionUsages": [
    {
      "DimensionName": "Version",
      "AttributeName": "Version Name",
      "SortOrder": 1,
      "DimensionType": "Regular"
    },
    {
      "DimensionName": "Item",
      "AttributeName": "Planning Item",
      "SortOrder": 2,
      "DimensionType": "Regular"
    },
    {
      "DimensionName": "Account",
      "AttributeName": "Planning Account",
      "SortOrder": 3,
      "DimensionType": "Regular"
    },
    {
      "DimensionName": "Channel",
      "AttributeName": "Planning Channel",
      "SortOrder": 4,
      "DimensionType": "Regular"
    },
    {
      "DimensionName": "Region",
      "AttributeName": "Planning Region",
      "SortOrder": 5,
      "DimensionType": "Regular"
    },
    {
      "DimensionName": "PnL",
      "AttributeName": "Planning PnL",
      "SortOrder": 6,
      "DimensionType": "Regular"
    },
    {
      "DimensionName": "Location",
      "AttributeName": "Planning Location",
      "SortOrder": 7,
      "DimensionType": "Regular"
    },
    {
      "DimensionName": "Demand Domain",
      "AttributeName": "Planning Demand Domain",
      "SortOrder": 8,
      "DimensionType": "Regular"
    },
    {
      "DimensionName": "Stat Model",
      "AttributeName": "Stat Model",
      "SortOrder": 9,
      "DimensionType": "Regular"
    }
  ]
}