{
  "Name": "SupplyPlan0400SupplyModelMultiModel",
  "Description": null,
  "ActionButtonId": "487a4da9-6074-fe14-efb9-b12c947a3f73",
  "Tooltip": "Run Supply Transactional Model",
  "ActionButtonType": "Rule",
  "Alignment": "right",
  "IsPopOver": true,
  "IsGlobal": false,
  "ActionClickHandler": null,
  "Icon": null,
  "Image": null,
  "ConfigJson": {
    "icon": "ellipsis-h",
    "Position": "0",
    "SubmitButton": {
      "Label": "Submit"
    },
    "ResetButton": {
      "Label": "Reset"
    },
    "CloseButton": {
      "Label": "Close",
      "ConfirmMessage": "Unsaved changes will be lost. Continue?"
    },
    "NotifyRoles": true,
    "NotifyAll": false,
    "IBPLRules": [
      {
        "template": "exec procedure SupplyPlan0400Supply_{{Model}} {\"Version\":\"{{Version}}\"};"
      },
      {
        "template": "exec procedure SupplyPlan0400SupplyPostProcessing {\"Version\":\"{{Version}}\"};"
      }
    ],
    "JavascriptRules": [],
    "FieldBindings": [
      {
        "fieldName": "Version",
        "title": "Version",
        "type": "picklistDropdown",
        "selectionType": "single",
        "clearSearch": true,
        "source": "filter",
        "DimensionName": "Version",
        "LevelAttributeName": "Version Name",
        "visible": true,
        "isEditable": true,
        "validation": {
          "maxLength": "0",
          "required": true
        }
      },
      {
        "fieldName": "Model",
        "title": "Planning Model",
        "type": "picklistDropdown",
        "selectionType": "single",
        "clearSearch": true,
        "select": "ALL",
        "source": "localPicklist",
        "values": [
          {
            "Key": "Weekly",
            "Name": "Weekly"
          },
          {
            "Key": "Daily",
            "Name": "Daily"
          },
          {
            "Key": "Monthly",
            "Name": "Monthly"
          }
        ],
        "valueField": "Key",
        "visible": true,
        "isEditable": true,
        "validation": {
          "maxLength": "0",
          "required": true
        }
      }
    ],
    "Range": [],
    "DataSources": [],
    "AutoExecute": false,
    "isAsync": true,
    "hasMembersUpdates": true,
    "Compact": false,
    "TwoColumn": false,
    "IsGlobalForExcelAddIn": false,
    "ExcludeFromNavLink": false,
    "FilterFieldBindings": []
  },
  "Widget": null,
  "Roles": []
}