{
  "MeasureName": "Final ROS L3 PAG C SS",
  "MeasureId": "3b40e235-538f-cc50-496f-9fb0d3c86d68",
  "MeasureDescription": "Final ROS at Class - Product Attribute Group - Cluster - Selling Season",
  "DataType": "number",
  "MeasureType": "Regular",
  "AggregateFunction": "AvgNonNull",
  "FormatString": "#.#",
  "MeasureColumnName": "FinalROSL3PAGCSS",
  "MeasureFormula": "",
  "IsEditable": false,
  "ApplyConversion": false,
  "ConversionFormula": "",
  "PickListName": null,
  "BgColorFormula": "",
  "FgColorFormula": "",
  "TrendFormula": "",
  "FormattingViewModel": "[]",
  "ParentMeasureName": null,
  "AssociationMeasure": false,
  "IsComputedByPlanningService": true,
  "ToolTip": "Final ROS at Class - Product Attribute Group - Cluster - Selling Season",
  "ConfigJson": {},
  "ApiName": null,
  "ApiDisabled": false,
  "IsReportingMeasure": false,
  "MeasureConditionalFormulaProperties": [],
  "PicklistSource": null
}