{
  "ModuleId": "9d5b1914-72d3-4490-b4c6-bed4165aa9cc",
  "ModuleName": "o9 Retail Replenishment Flow Plan Daily",
  "Description": "o9 Retail Replenishment Flow Plan Daily",
  "URL": "https://dev.azure.com/o9git/4d9f5a7e-6f55-4525-b6cd-f95ca971fef7/_apis/git/repositories/9d5b1914-72d3-4490-b4c6-bed4165aa9cc",
  "ParentModule": null,
  "Dependencies": [],
  "Type": "Regular",
  "Category": null,
  "Project": {
    "Id": "4d9f5a7e-6f55-4525-b6cd-f95ca971fef7",
    "Name": "BMC-5",
    "Url": "https://dev.azure.com/o9git/_apis/projects/4d9f5a7e-6f55-4525-b6cd-f95ca971fef7"
  },
  "VersionType": "branch",
  "Version": null,
  "IsReadOnlyModule": false,
  "IsPromoteDisabled": false,
  "CreatorEmail": "parichay.mitra@o9solutions.com",
  "CreationTime": "2024-04-10T10:34:37.9649165+00:00",
  "IsMergedModule": false,
  "MergedModuleParentModule": null,
  "IsSolutionBlock": false,
  "NameSpace": "",
  "Org": "RefDev",
  "PackageName": null,
  "PackagePublishType": null
}