{
  "MeasureGroupName": "172 Outlier Review System L1",
  "MeasureGroupId": "4e713fc4-5ee9-4ba9-b758-9d06a23edd70",
  "ParentMeasureGroupName": null,
  "HasShadow": false,
  "MeasureGroupDescription": "Contains system measures related to Outlier Review grained at Stat Level x Time",
  "MeasureGroupType": "Regular",
  "FactTableName": "Fact172OutlierReviewSystemL1",
  "SchemaMajorVersion": 0,
  "ConfigJson": {},
  "ApiName": null,
  "Repartition": false,
  "Unpartition": false,
  "ApiEnabled": false,
  "DimensionUsages": [
    {
      "DimensionName": "Version",
      "AttributeName": "Version Name",
      "SortOrder": 0,
      "DimensionType": "Regular"
    },
    {
      "DimensionName": "Forecast Iteration",
      "AttributeName": "Forecast Iteration",
      "SortOrder": 1,
      "DimensionType": "Regular"
    },
    {
      "DimensionName": "Item",
      "AttributeName": "Stat Item",
      "SortOrder": 2,
      "DimensionType": "Regular"
    },
    {
      "DimensionName": "Account",
      "AttributeName": "Stat Account",
      "SortOrder": 3,
      "DimensionType": "Regular"
    },
    {
      "DimensionName": "Channel",
      "AttributeName": "Stat Channel",
      "SortOrder": 4,
      "DimensionType": "Regular"
    },
    {
      "DimensionName": "Region",
      "AttributeName": "Stat Region",
      "SortOrder": 5,
      "DimensionType": "Regular"
    },
    {
      "DimensionName": "PnL",
      "AttributeName": "Stat PnL",
      "SortOrder": 6,
      "DimensionType": "Regular"
    },
    {
      "DimensionName": "Location",
      "AttributeName": "Stat Location",
      "SortOrder": 7,
      "DimensionType": "Regular"
    },
    {
      "DimensionName": "Demand Domain",
      "AttributeName": "Stat Demand Domain",
      "SortOrder": 8,
      "DimensionType": "Regular"
    },
    {
      "DimensionName": "Time",
      "AttributeName": "Partial Week",
      "SortOrder": 9,
      "DimensionType": "Time"
    }
  ]
}