{
  "MeasureGroupName": "002.005 Pack Allocation Inventory Profile",
  "MeasureGroupId": "2db5d431-ca9a-e281-4b08-3a61e3bfb9e5",
  "ParentMeasureGroupName": null,
  "HasShadow": false,
  "MeasureGroupDescription": "002.005 Pack Allocation Inventory Profile",
  "MeasureGroupType": "Regular",
  "FactTableName": "Fact002.005PackAllocationInventoryProfile",
  "SchemaMajorVersion": 0,
  "ConfigJson": {},
  "ApiName": null,
  "Repartition": false,
  "Unpartition": false,
  "ApiEnabled": false,
  "DimensionUsages": [
    {
      "DimensionName": "Version",
      "AttributeName": "Version Name",
      "SortOrder": 0,
      "DimensionType": "Regular"
    },
    {
      "DimensionName": "Time",
      "AttributeName": "Day",
      "SortOrder": 0,
      "DimensionType": null
    },
    {
      "DimensionName": "Item",
      "AttributeName": "Item",
      "SortOrder": 1,
      "DimensionType": null
    },
    {
      "DimensionName": "Location",
      "AttributeName": "Location",
      "SortOrder": 2,
      "DimensionType": null
    },
    {
      "DimensionName": "Pack",
      "AttributeName": "PackID",
      "SortOrder": 3,
      "DimensionType": null
    }
  ]
}