{
  "AttributeName": "Tenant",
  "AttributeId": "790184a8-0bcd-d1a9-de9b-e48402d7840c",
  "AttributeHierarchyEnabled": true,
  "IsKey": true,
  "Description": "Tenant",
  "OrderBy": "Name",
  "KeyColumnName": "TenantKey",
  "NameColumnName": "TenantName",
  "KeyColumnDataType": "integer",
  "SeedTags": false,
  "KeyGenerationType": "Auto",
  "PickListName": null,
  "ConfigJson": {
    "ShowFilterAs": "TileView",
    "MemberDisplayNameEditable": true,
    "IsMultipleImage": false,
    "MemberDisplayColor": false
  },
  "FormatString": null,
  "Translation": null,
  "Aliases": [],
  "ApiName": null,
  "ApiDisabled": false,
  "FgColorFormula": null,
  "BgColorFormula": null,
  "IsReservedBySystem": false
}