{
  "AttributeName": "Action Type",
  "AttributeId": "e51faa0d-b508-4450-a9f9-884c9dcfb4a2",
  "AttributeHierarchyEnabled": true,
  "IsKey": false,
  "Description": "Models the Action Type of each action",
  "OrderBy": "Key",
  "KeyColumnName": "ActionTypeKey",
  "NameColumnName": "ActionTypeName",
  "KeyColumnDataType": "integer",
  "SeedTags": false,
  "KeyGenerationType": "Auto",
  "PickListName": null,
  "ConfigJson": {},
  "FormatString": null,
  "Translation": null,
  "Aliases": [],
  "ApiName": null,
  "ApiDisabled": false
}