{
  "Name": "SupplyPlan555WRemoveRebalanceBODLane",
  "Description": null,
  "ActionButtonId": "0ff95eee-e8c4-92e4-001c-33c78fb1ce3d",
  "Tooltip": "Remove Rebalance BOD Lane",
  "ActionButtonType": "Rule",
  "Alignment": "right",
  "IsPopOver": true,
  "IsGlobal": false,
  "ActionClickHandler": null,
  "Icon": null,
  "Image": null,
  "ConfigJson": {
    "DisplayName": "Remove Rebalance BOD Lane",
    "icon": "minus-square",
    "Position": "0",
    "SubmitButton": {
      "Label": "Submit"
    },
    "ResetButton": {
      "Label": "Reset"
    },
    "CloseButton": {
      "Label": "Close",
      "ConfirmMessage": "Unsaved changes will be lost. Continue?"
    },
    "NotifyAll": false,
    "IBPLRules": [
      {
        "template": "{{#each Tuple}}\n\nscope:({{#entity BODLane}} * {{#entity TransMode}} * {{#entity FromLocation}} * {{#entity ToLocation}} * [Version].[Version Name]{{#filter Version}}); \nMeasure.[W Rebalance Lane Association]=Null;\nMeasure.[W Rebalance Lane Lead Time]=Null;\nMeasure.[W Rebalance Lane Priority]=Null;\nend scope;\n\n{{/each}}"
      }
    ],
    "JavascriptRules": [],
    "FieldBindings": [
      {
        "fieldName": "Version",
        "title": "Version",
        "type": "picklistDropdown",
        "selectionType": "single",
        "clearSearch": true,
        "source": "filter",
        "DimensionName": "Version",
        "LevelAttributeName": "Version Name",
        "visible": true,
        "isEditable": true,
        "validation": {
          "maxLength": "0",
          "required": true
        }
      },
      {
        "fieldName": "Tuple",
        "title": "Combination",
        "Description": "Tuple",
        "type": "picklistDropdown",
        "select": "ALL",
        "clearSearch": true,
        "source": "parentTuple",
        "TuplesList": [
          {
            "Key": "BODLane",
            "LevelAttribute": {
              "DimensionName": "Activity1",
              "Name": "Activity1",
              "textField": "Name"
            },
            "tuplesource": "LevelAttribute"
          },
          {
            "Key": "TransMode",
            "LevelAttribute": {
              "DimensionName": "Activity2",
              "Name": "Activity2",
              "textField": "Name"
            },
            "tuplesource": "LevelAttribute"
          },
          {
            "Key": "FromLocation",
            "LevelAttribute": {
              "DimensionName": "Activity1",
              "Name": "From Location",
              "textField": "Name"
            },
            "tuplesource": "LevelAttribute"
          },
          {
            "Key": "ToLocation",
            "LevelAttribute": {
              "DimensionName": "Activity1",
              "Name": "To Location",
              "textField": "Name"
            },
            "tuplesource": "LevelAttribute"
          }
        ],
        "visible": true,
        "isEditable": true,
        "validation": {
          "required": true
        }
      }
    ],
    "DataSources": [],
    "AutoExecute": false,
    "isAsync": false,
    "hasMembersUpdates": false,
    "Compact": false,
    "TwoColumn": true,
    "IsGlobalForExcelAddIn": false,
    "ExcludeFromNavLink": false,
    "FilterFieldBindings": []
  },
  "Widget": null
}