{
  "Name": "o9EKGSelectDriverTenant",
  "Description": null,
  "ActionButtonId": "e4cb7345-97a0-d638-abde-7fb8a121c51a",
  "Tooltip": "Select Central Profile",
  "ActionButtonType": "Widget",
  "Alignment": "right",
  "IsPopOver": true,
  "IsGlobal": true,
  "ActionClickHandler": null,
  "Icon": null,
  "Image": null,
  "ConfigJson": {
    "icon": "chain",
    "SubmitButton": {
      "Label": "Submit",
      "SuccessMessage": "Central Profile Updated!"
    },
    "ResetButton": {
      "Label": "Reset"
    },
    "CloseButton": {
      "Label": "Close",
      "ConfirmMessage": "Unsaved changes will be lost. Continue?"
    },
    "NotifyAll": false,
    "IBPLRules": [
      {
        "template": "scope: (&CWV * [o9EKG Customer].[Project Name].[{{Project}}]);\nMeasure.[o9EKG Central Tenant] = false;\nend scope;"
      },
      {
        "template": "scope: (&CWV * [o9EKG Customer].[Project Name].[{{Project}}] * [o9EKG Tenant].[Tenant].[{{SelectedTenant}}]);\nMeasure.[o9EKG Central Tenant] = true;\nend scope;"
      }
    ],
    "JavascriptRules": [],
    "FieldBindings": [
      {
        "fieldName": "Project",
        "title": "Project Name",
        "Description": "Project name",
        "type": "picklistDropdown",
        "clearSearch": true,
        "source": "filter",
        "DimensionName": "o9EKG Customer",
        "LevelAttributeName": "Project Name",
        "visible": false,
        "isEditable": false,
        "validation": {
          "maxLength": "0",
          "required": true
        },
        "selectionType": "single"
      },
      {
        "fieldName": "SelectedTenant",
        "title": "Selected Tenant",
        "Description": "Selected Tenant",
        "type": "picklistDropdown",
        "selectionType": "single",
        "clearSearch": true,
        "source": "parentAttribute",
        "DimensionName": "o9EKG Tenant",
        "key": {
          "LevelAttribute": {
            "Name": "Tenant",
            "Property": "Name"
          }
        },
        "visible": true,
        "isEditable": true,
        "validation": {
          "maxLength": "0",
          "required": true
        }
      }
    ],
    "Range": [],
    "DataSources": [],
    "AutoExecute": true,
    "isAsync": false,
    "hasMembersUpdates": false,
    "Compact": false,
    "TwoColumn": false,
    "IsGlobalForExcelAddIn": false,
    "enableTransaction": false,
    "ReturnFilterByUpdate": false,
    "ExcludeFromNavLink": false,
    "FilterFieldBindings": []
  },
  "Widget": null,
  "Roles": [
    "EKG_DataDefault",
    "EKG_Intg_Arch"
  ]
}