{
  "Name": "DI005AddingRowsMasterStagingMapping",
  "Description": "Add Record",
  "ActionButtonId": "c3b0ada8-992a-4ffc-b867-2c7da0315f7f",
  "Tooltip": "Add Record",
  "ActionButtonType": "Rule",
  "Alignment": "right",
  "IsPopOver": true,
  "IsGlobal": false,
  "ActionClickHandler": null,
  "Icon": null,
  "Image": null,
  "ConfigJson": {
    "icon": "plus",
    "Position": "0",
    "SubmitButton": {
      "Label": "Submit"
    },
    "ResetButton": {
      "Label": "Reset"
    },
    "CloseButton": {
      "Label": "Close",
      "ConfirmMessage": "Unsaved changes will be lost. Continue?"
    },
    "NotifyAll": false,
    "IBPLRules": [
      {
        "template": "Createmember([Master Staging Mapping].[Serial No] = {, \"{{SerialNo}}\"},[Master Staging Mapping].[Master Table Name] = {, \"{{MasterTableName}}\"},[Master Staging Mapping].[Master Table Column] = {, \"{{MasterTableColumn}}\"});\n\ncartesian scope:([Version].[Version Name].[{{Version}}]*[Master Staging Mapping].[Serial No].[{{SerialNo}}]*[Master Staging Mapping].[Master Table Name].[{{MasterTableName}}]*[Master Staging Mapping].[Master Table Column].[{{MasterTableColumn}}]);\nMeasure.[Master Staging Table Name] =\"{{StgTableName}}\";\nMeasure.[Master Staging Column Name] =\"{{StgColumnName}}\";\nend scope;"
      }
    ],
    "JavascriptRules": [],
    "FieldBindings": [
      {
        "fieldName": "Version",
        "title": "Version",
        "Description": "Version",
        "type": "picklistDropdown",
        "selectionType": "single",
        "clearSearch": true,
        "source": "members",
        "DimensionName": "Version",
        "LevelAttributeName": "Version Name",
        "visible": true,
        "isEditable": true,
        "validation": {
          "maxLength": "0",
          "required": true
        }
      },
      {
        "fieldName": "SerialNo",
        "title": "Serial No",
        "Description": "Serial No",
        "type": "number",
        "clearSearch": true,
        "source": "literal",
        "visible": true,
        "isEditable": true,
        "validation": {
          "maxLength": "0",
          "required": true
        }
      },
      {
        "fieldName": "MasterTableName",
        "title": "Master Table Name",
        "Description": "Master data for which NetChange will be performed.  The table names should only be selected from page \"Tenant Data Table Structure\" for \"Tenant Table Type\"='Master'",
        "type": "picklistDropdown",
        "selectionType": "single",
        "clearSearch": true,
        "select": "NONE",
        "source": "datasource",
        "key": "MasterTName",
        "valueField": "Name",
        "textField": "Name",
        "visible": true,
        "isEditable": true,
        "validation": {
          "maxLength": "0",
          "required": true
        }
      },
      {
        "fieldName": "MasterTableColumn",
        "title": "Master Table Column",
        "Description": "The column name of the \"Master Table Name\" and should match with \"Column Name\" in page \"Tenant Data Table Structure\"",
        "type": "string",
        "clearSearch": true,
        "source": "literal",
        "visible": true,
        "isEditable": true,
        "validation": {
          "maxLength": "0",
          "required": true
        }
      },
      {
        "fieldName": "StgTableName",
        "title": "Stg Table Name",
        "Description": "The stg data DB table which is used to perform NetChange to the corresponding Master table.  Leave is blank if the stg column is not provided by customer but needs to be a Hardcode value as part of NetChange computation",
        "type": "picklistDropdown",
        "selectionType": "single",
        "clearSearch": true,
        "select": "NONE",
        "source": "datasource",
        "key": "StgTName",
        "valueField": "Name",
        "textField": "Name",
        "visible": true,
        "isEditable": true,
        "validation": {
          "maxLength": "0",
          "required": true
        }
      },
      {
        "fieldName": "StgColumnName",
        "title": "Stg Column Name",
        "Description": "The column name of Stg Table Name from page Stg Info.  Functions that are parsed:  Hardcode to specify default value UDF_GenerateLogic for lookup value from other table  Other SQL functions can direclty be used in the code without parsing",
        "type": "string",
        "clearSearch": true,
        "source": "literal",
        "visible": true,
        "isEditable": true,
        "validation": {
          "maxLength": "0",
          "required": true
        }
      }
    ],
    "DataSources": [
      {
        "Name": "StgTName",
        "IBPLRules": [
          {
            "template": "select ([Staging Info].[Table Name]) where{[Staging Info].[Serial No]};"
          }
        ],
        "JavascriptRules": [],
        "IncludeDSFieldsOnly": false,
        "FieldBindings": []
      },
      {
        "Name": "MasterTName",
        "IBPLRules": [
          {
            "template": "select ([Tenant Data Files].[Table Name]) where{[Tenant Data Files].[Serial No]};"
          }
        ],
        "JavascriptRules": [],
        "IncludeDSFieldsOnly": false,
        "FieldBindings": []
      }
    ],
    "AutoExecute": false,
    "isAsync": false,
    "hasMembersUpdates": false,
    "Compact": false,
    "TwoColumn": false,
    "IsGlobalForExcelAddIn": false,
    "FilterFieldBindings": []
  },
  "Widget": null
}