{
  "MeasureGroupName": "003.003 Common Demand Netting Inputs RTF",
  "MeasureGroupId": "79f40a3f-0406-4c07-ae6c-b0052e374b49",
  "ParentMeasureGroupName": null,
  "HasShadow": false,
  "MeasureGroupDescription": "Common Demand Netting Inputs RTF",
  "MeasureGroupType": "Regular",
  "FactTableName": "Fact003.003CommonDemandNettingInputsRTF",
  "SchemaMajorVersion": 0,
  "ConfigJson": {},
  "ApiName": null,
  "Repartition": false,
  "Unpartition": false,
  "ApiEnabled": false,
  "DimensionUsages": [
    {
      "DimensionName": "Version",
      "AttributeName": "Version Name",
      "SortOrder": 0,
      "DimensionType": "Regular"
    },
    {
      "DimensionName": "Time",
      "AttributeName": "Week",
      "SortOrder": 0,
      "DimensionType": "Time"
    },
    {
      "DimensionName": "Item",
      "AttributeName": "Item",
      "SortOrder": 2,
      "DimensionType": "Regular"
    },
    {
      "DimensionName": "Location",
      "AttributeName": "Location",
      "SortOrder": 3,
      "DimensionType": "Regular"
    },
    {
      "DimensionName": "Sales Domain",
      "AttributeName": "Customer Group",
      "SortOrder": 4,
      "DimensionType": "Regular"
    }
  ]
}