{
  "Name": "o9Shared010RemoveObjectivePenaltyCost",
  "Description": "Remove Objective Penalty Cost",
  "ActionButtonId": "b94f91d6-bed8-0566-7ebb-062464de2057",
  "Tooltip": "Remove Objective Penalty Cost",
  "ActionButtonType": "Widget",
  "Alignment": "right",
  "IsPopOver": true,
  "IsGlobal": true,
  "ActionClickHandler": null,
  "Icon": null,
  "Image": null,
  "ConfigJson": {
    "DisplayName": "Remove Objective Penalty Cost",
    "icon": "minus-square",
    "SubmitButton": {
      "Label": "Submit"
    },
    "ResetButton": {
      "Label": "Reset"
    },
    "CloseButton": {
      "Label": "Close",
      "ConfirmMessage": "Unsaved changes will be lost. Continue?"
    },
    "NotifyAll": false,
    "IBPLRules": [
      {
        "template": "{{#each Tuple}}\nScope: (Version.[Version Name]{{#filter Version}} * {{#entity PlanType}} * {{#entity GroupName}} * {{#entity Sequence}} * {{#entity DataObject}} * {{#entity Rule}});\nMeasure.[Penalty Cost] = Null;\nend scope;\n{{/each}}\n"
      }
    ],
    "JavascriptRules": [],
    "FieldBindings": [
      {
        "fieldName": "Version",
        "title": "Version",
        "Description": "Version",
        "type": "picklistDropdown",
        "selectionType": "single",
        "clearSearch": true,
        "source": "filter",
        "DimensionName": "Version",
        "LevelAttributeName": "Version Name",
        "visible": true,
        "isEditable": true,
        "validation": {
          "maxLength": "0",
          "required": true
        }
      },
      {
        "fieldName": "Tuple",
        "title": "Intersection",
        "Description": "Intersection",
        "type": "picklistDropdown",
        "select": "ALL",
        "clearSearch": true,
        "source": "parentTuple",
        "TuplesList": [
          {
            "Key": "PlanType",
            "LevelAttribute": {
              "DimensionName": "Plan Type",
              "Name": "Plan Type",
              "textField": "Name"
            },
            "tuplesource": "LevelAttribute"
          },
          {
            "Key": "GroupName",
            "LevelAttribute": {
              "DimensionName": "Group",
              "Name": "Group ID",
              "textField": "Name"
            },
            "tuplesource": "LevelAttribute"
          },
          {
            "Key": "Sequence",
            "LevelAttribute": {
              "DimensionName": "GraphCubeDim_Sequence",
              "Name": "GraphCubeAttr_Sequence",
              "textField": "Name"
            },
            "tuplesource": "LevelAttribute"
          },
          {
            "Key": "DataObject",
            "LevelAttribute": {
              "DimensionName": "Data Object",
              "Name": "Data Object",
              "textField": "Name"
            },
            "tuplesource": "LevelAttribute"
          },
          {
            "Key": "Rule",
            "LevelAttribute": {
              "DimensionName": "DM Rule",
              "Name": "Rule",
              "textField": "Name"
            },
            "tuplesource": "LevelAttribute"
          }
        ],
        "visible": true,
        "isEditable": false,
        "validation": {
          "required": true
        }
      }
    ],
    "Range": [],
    "DataSources": [],
    "AutoExecute": false,
    "isAsync": true,
    "hasMembersUpdates": false,
    "Compact": true,
    "TwoColumn": false,
    "IsGlobalForExcelAddIn": false,
    "ReturnFilterByUpdate": false,
    "ExcludeFromNavLink": false,
    "FilterFieldBindings": []
  },
  "Widget": null,
  "Roles": []
}