{
  "Name": "SupplyPlan027IRRecommendationsMergingMechamism",
  "Description": null,
  "ActionButtonId": "0bdd7d9c-f64d-0ab4-c9f7-885207366fa1",
  "Tooltip": "Merge Recommendations",
  "ActionButtonType": "Widget",
  "Alignment": "right",
  "IsPopOver": true,
  "IsGlobal": true,
  "ActionClickHandler": null,
  "Icon": null,
  "Image": null,
  "ConfigJson": {
    "DisplayName": "Merge",
    "icon": "random",
    "SubmitButton": {
      "Label": "Submit"
    },
    "ResetButton": {
      "Label": "Reset"
    },
    "CloseButton": {
      "Label": "Close",
      "ConfirmMessage": "Unsaved changes will be lost. Continue?"
    },
    "NotifyRoles": true,
    "NotifyAll": false,
    "IBPLRules": [
      {
        "template": "///Nulling out all the previous associations\n\nScope: ( [Version].[Version Name]{{#filter Version}} * [Activity1].[Activity1] * [Activity2].[Activity2] * $$IRTimeAttribute * [Documents].[OrderlineID] * $$IRItemAttribute );\nMeasure.[IR Recommendation Qty Association] = null;\nEnd scope;\n\n///nulling out already merged quantity\n\n{{#each Link}}\nScope: ( Version.[Version Name]{{#filter Version}}* {{#entity Item}} * {{#entity Transmode}} * {{#entity Activity1}} * {{#entity OrderlineID}} * {{#entity Day}} );\n\nMeasure.[IR Recommendation Quantity Int] = if (coalesce(Measure.[IR Recommendation Merging Association],2)==1 && coalesce(Measure.[IR Recommendation Approved],false)==false) then null else if (coalesce(Measure.[IR Recommendation Approved],false)==true) then Measure.[IR Recommendation Quantity Int];\n\nEnd scope;\n{{/each}}\n\n\n//Populating Association for selected intersections\n\n{{#each Link}}\nScope: ( Version.[Version Name]{{#filter Version}}* {{#entity Item}} * {{#entity Transmode}} * {{#entity Activity1}} * {{#entity OrderlineID}} * {{#entity Day}} );\nMeasure.[IR Recommendation Merging Association] = if (coalesce(Measure.[IR Recommendation Approved],false)==false) then 1;\nMeasure.[IR Recommendation Qty Association] = if (coalesce(Measure.[IR Recommendation Approved],false)==false) then 1; \nEnd scope;\n{{/each}}\n\n"
      },
      {
        "template": "///Generating merged quantity\n\nexec procedure IRMergedRecommendation{\"Version\" : [{{#csv Version}}],\"Item\" : [{{#csv Item}}],\"OrderlineID\" : [{{#csv OrderlineID}}] };"
      },
      {
        "template": "///Populating null with 0's\n\n{{#each Link}}\nScope: ( Version.[Version Name]{{#filter Version}}* {{#entity Item}} * {{#entity Transmode}} * {{#entity Activity1}} * {{#entity OrderlineID}} * {{#entity Day}} );\nMeasure.[IR Recommendation Quantity Int] = if (coalesce(Measure.[IR Recommendation Approved],false)==true) then Measure.[IR Recommendation Quantity Int] else coalesce(Measure.[IR Recommendation Quantity Int],0);\nMeasure.[IR Recommendation Qty Backup] = coalesce(Measure.[IR Recommendation Qty Backup],0);\nEnd scope;\n{{/each}}"
      }
    ],
    "JavascriptRules": [],
    "FieldBindings": [
      {
        "fieldName": "Version",
        "title": "Version",
        "Description": "Version",
        "type": "picklistDropdown",
        "selectionType": "single",
        "clearSearch": true,
        "source": "filter",
        "DimensionName": "Version",
        "LevelAttributeName": "Version Name",
        "visible": true,
        "isEditable": true,
        "validation": {
          "maxLength": "0",
          "required": true
        }
      },
      {
        "fieldName": "Link",
        "title": "Link",
        "Description": "Link",
        "type": "picklistDropdown",
        "select": "ALL",
        "clearSearch": true,
        "source": "parentTuple",
        "TuplesList": [
          {
            "Key": "Transmode",
            "LevelAttribute": {
              "DimensionName": "Activity2",
              "Name": "Activity2",
              "textField": "Name"
            },
            "tuplesource": "LevelAttribute"
          },
          {
            "Key": "OrderlineID",
            "LevelAttribute": {
              "DimensionName": "Documents",
              "Name": "OrderlineID",
              "textField": "Name"
            },
            "tuplesource": "LevelAttribute"
          },
          {
            "Key": "Activity1",
            "LevelAttribute": {
              "DimensionName": "Activity1",
              "Name": "Activity1",
              "textField": "Name"
            },
            "tuplesource": "LevelAttribute"
          },
          {
            "Key": "Item",
            "LevelAttribute": {
              "DimensionName": "Item",
              "Name": "Item",
              "textField": "Name"
            },
            "tuplesource": "LevelAttribute"
          },
          {
            "Key": "Day",
            "LevelAttribute": {
              "DimensionName": "Time",
              "Name": "Day",
              "textField": "Name"
            },
            "tuplesource": "LevelAttribute"
          }
        ],
        "visible": false,
        "isEditable": false,
        "validation": {
          "required": true
        }
      },
      {
        "fieldName": "OrderlineID",
        "title": "OrderlineID",
        "Description": "OrderlineID",
        "type": "picklistDropdown",
        "selectionType": "multiple",
        "clearSearch": true,
        "source": "parentAttribute",
        "DimensionName": "Documents",
        "key": {
          "LevelAttribute": {
            "Name": "OrderlineID",
            "Property": "Name"
          }
        },
        "visible": false,
        "isEditable": false,
        "validation": {
          "maxLength": "0",
          "required": true
        }
      },
      {
        "fieldName": "Item",
        "title": "Item",
        "Description": "Item",
        "type": "picklistDropdown",
        "selectionType": "multiple",
        "clearSearch": true,
        "source": "parentAttribute",
        "DimensionName": "Item",
        "key": {
          "LevelAttribute": {
            "Name": "Item",
            "Property": "Name"
          }
        },
        "visible": false,
        "isEditable": true,
        "validation": {
          "maxLength": "0",
          "required": true
        }
      }
    ],
    "Range": [],
    "DataSources": [],
    "AutoExecute": false,
    "isAsync": true,
    "hasMembersUpdates": false,
    "Compact": false,
    "TwoColumn": false,
    "IsGlobalForExcelAddIn": false,
    "ReturnFilterByUpdate": false,
    "ExcludeFromNavLink": false,
    "FilterFieldBindings": [],
    "enableTransaction": false
  },
  "Widget": null,
  "Roles": []
}