{
  "MeasureName": "TD Vs LLLY PP Sls Growth %",
  "MeasureId": "fccad612-7bd4-4a90-88c6-3261cf12989b",
  "MeasureDescription": "TD Promo Price Sales Growth Vs 3LY Promo Price Sales",
  "DataType": "number",
  "MeasureType": "Regular",
  "AggregateFunction": "Computed",
  "FormatString": "0.00%",
  "MeasureColumnName": "TDVsLLLYSlsPPGrowth%",
  "MeasureFormula": "Safedivide(Measure.[TD PP Sls Rtl]-Measure.[LLLY PP Sls Rtl],Measure.[LLLY PP Sls Rtl])",
  "IsEditable": false,
  "ApplyConversion": false,
  "ConversionFormula": "",
  "PickListName": null,
  "BgColorFormula": "",
  "FgColorFormula": "",
  "TrendFormula": "",
  "FormattingViewModel": "[]",
  "ParentMeasureName": null,
  "AssociationMeasure": false,
  "IsComputedByPlanningService": false,
  "ToolTip": "(TD Promo Price Sales Rtl - 3LY Promo Price Sales Rtl)/3LY Promo Price Sales Rtl",
  "ConfigJson": {},
  "ApiName": null,
  "ApiDisabled": false,
  "IsReportingMeasure": true,
  "MeasureConditionalFormulaProperties": [],
  "PicklistSource": null
}