{
  "Name": "DISTLocationTypeAssociationInfo",
  "Description": "Information",
  "ActionButtonId": "dff768b3-755f-4db5-807f-0da4b6aa9f42",
  "Tooltip": "Information",
  "ActionButtonType": "Widget",
  "Alignment": "right",
  "IsPopOver": true,
  "IsGlobal": true,
  "ActionClickHandler": null,
  "Icon": null,
  "Image": null,
  "ConfigJson": {
    "icon": "info-circle",
    "SubmitButton": {
      "Label": "Submit"
    },
    "ResetButton": {
      "Label": "Reset"
    },
    "CloseButton": {
      "Label": "Close",
      "ConfirmMessage": "Unsaved changes will be lost. Continue?"
    },
    "NotifyAll": false,
    "IBPLRules": [],
    "JavascriptRules": [],
    "FieldBindings": [
      {
        "fieldName": "Information",
        "title": "Information",
        "type": "info",
        "clearSearch": true,
        "source": "literal",
        "visible": true,
        "isEditable": false,
        "validation": {
          "maxLength": "0",
          "required": true
        },
        "defaultValue": "<b>Lane Set Up</b>   <p aligns = \"left\">This page gives info about the default lane set ups. Here the different location types which have can have lanes between themselves are associated. For example, a Plant to GDC association implies that by default lanes will be created between all Plants in a region and all GDCs in a region. This is a one-way association. The above example implies that the source location of the lane will be a Plant in a Region and the destination location will be a GDC in a region. </p> <p aligns = \"left\">This table is not editable to prevent regular users to make changes, as the changes made here can lead to a lot of downstream network changes. The recommended method is to let an admin user update this table. </p>"
      }
    ],
    "DataSources": [],
    "AutoExecute": false,
    "isAsync": false,
    "hasMembersUpdates": false,
    "Compact": false,
    "TwoColumn": false,
    "IsGlobalForExcelAddIn": false,
    "ReturnFilterByUpdate": false,
    "FilterFieldBindings": []
  },
  "Widget": null
}