{
  "Name": "APInfoHeatMap02",
  "Description": "Information",
  "ActionButtonId": "7b0e54fc-deeb-43de-bd9f-3af3730c7004",
  "Tooltip": "Report Information",
  "ActionButtonType": "Widget",
  "Alignment": "right",
  "IsPopOver": true,
  "IsGlobal": true,
  "ActionClickHandler": null,
  "Icon": null,
  "Image": null,
  "ConfigJson": {
    "icon": "info-circle",
    "SubmitButton": {
      "Label": " "
    },
    "ResetButton": {},
    "CloseButton": {
      "Label": " "
    },
    "NotifyRoles": false,
    "NotifyAll": false,
    "IBPLRules": [],
    "JavascriptRules": [],
    "FieldBindings": [
      {
        "fieldName": "Information",
        "title": "Information",
        "type": "info",
        "clearSearch": true,
        "source": "literal",
        "defaultValue": "<!DOCTYPE html> <html lang=\"en\">  <head>     <meta charset=\"UTF-8\">     <meta name=\"viewport\" content=\"width=device-width, initial-scale=1.0\">     <title>Repeat Product Overview</title> </head>  <body style=\"text-align: left;\">     <p align=\"left\"><strong>Overview</strong></p>     <p align=\"left\">Product Heat Map helps planners analyze historical performance of Style Colors based on desired KPIs, to identify Style Colors which can be carried forward for future selling seasons.     </p>     <p align=\"left\"><strong>How to Use</strong></p>     <p align=\"left\">        1. Run \"Recommend Options\" to populate the benchmarks based on Heat Map Settings and generate rank for each Style Color          <br>          2. Based on the rank and other metrics, select the Style Colors to be carried over or added as Placeholders in Line Build using \"Carryover\" or \"Placeholder\" action button.     </p>     <p align=\"left\"><strong>Output</strong></p>     <p align=\"left\">1. 'Carryover' adds the Style Color to Line Build for the chosen Selling Season; 'Placeholder' creates a placeholder with PH as a pre-fix to the Style color name.  <BR> 2. User can choose which ROS to be used for the repeated SCs. SC level ROS will use the ROS calculated at a Style color level ROS in Heatmap. PAG level ROS will use the ROS from Options Strategy calculated at a PAG level. </body>  </html>",
        "visible": true,
        "isEditable": true,
        "validation": {
          "maxLength": "0",
          "required": true
        }
      }
    ],
    "Range": [],
    "DataSources": [],
    "AutoExecute": false,
    "isAsync": false,
    "hasMembersUpdates": false,
    "Compact": false,
    "TwoColumn": false,
    "IsGlobalForExcelAddIn": false,
    "ReturnFilterByUpdate": false,
    "ExcludeFromNavLink": false,
    "FilterFieldBindings": [],
    "enableTransaction": false
  },
  "Widget": null,
  "Roles": []
}