{
  "Name": "Configurator Storage Node Setup",
  "WidgetDefinitionName": "Configurator Storage Node Setup",
  "IsPrimary": false,
  "ConfigJson": {
    "ContainerId": "ceffd5f6-1d77-4eea-94a7-7f14222111a5",
    "CompositeContainerId": null,
    "Position": 0,
    "ShowInfoContext": {
      "ActionColumn": true,
      "RowInfo": true,
      "MemberInfo": true
    },
    "ShowHeader": {
      "Icon": "",
      "Color": null
    },
    "FilterScopes": [
      {
        "LevelAttribute": {
          "Dimension": "o9PC Setting",
          "AttributeName": "Setting"
        },
        "Scope": "None"
      }
    ]
  },
  "ViewWidgetDefinitionId": "815617ed-ddb3-0f40-3853-cd63c9f99127",
  "Title": "Storage Node"
}