{
  "Name": "DISTSupplyGloballyInfo",
  "Description": "Information",
  "ActionButtonId": "83aeb110-8bac-406b-a547-e28db730e3c9",
  "Tooltip": "Information",
  "ActionButtonType": "Widget",
  "Alignment": "right",
  "IsPopOver": true,
  "IsGlobal": true,
  "ActionClickHandler": null,
  "Icon": null,
  "Image": null,
  "ConfigJson": {
    "icon": "info-circle",
    "SubmitButton": {
      "Label": "Submit"
    },
    "ResetButton": {
      "Label": "Reset"
    },
    "CloseButton": {
      "Label": "Close",
      "ConfirmMessage": "Unsaved changes will be lost. Continue?"
    },
    "NotifyAll": false,
    "IBPLRules": [],
    "JavascriptRules": [],
    "FieldBindings": [
      {
        "fieldName": "Information",
        "title": "Information",
        "type": "info",
        "clearSearch": true,
        "source": "literal",
        "visible": true,
        "isEditable": false,
        "validation": {
          "maxLength": "0",
          "required": true
        },
        "defaultValue": "<b>Global Supply Parameter</b>   <p aligns = \"left\">This lets the planner set the locations which can supply globally (i.e., outside their own regions). The associations set in the previous view lets the lanes be formed only intra-regionally. The supply globally flag, which is set for source location, lets the source location supply to any region. The flag can be set or removed using the action buttons provided on the widget. </p> <p aligns = \"left\">For example, if there was a Lane Is Active flag set between Plants and GDCs in the previous view; the Plants will only supply to the GDCs which are in the same region. In case we want a plant to supply to other regions also, the Supply Globally flag is set to true, for that plant, in this grid. </p>"
      }
    ],
    "DataSources": [],
    "AutoExecute": false,
    "isAsync": false,
    "hasMembersUpdates": false,
    "Compact": false,
    "TwoColumn": false,
    "IsGlobalForExcelAddIn": false,
    "ReturnFilterByUpdate": false,
    "FilterFieldBindings": []
  },
  "Widget": null
}