{
  "HierarchyName": "To Location Type Hierarchy",
  "HierarchyId": "846e8c97-2d41-42a5-a75c-df16ddfb7e13",
  "HierarchyDescription": "Location Type",
  "Translations": [],
  "Levels": [
    {
      "LevelName": "To All Location",
      "LevelId": "5b380a20-cc8f-48ed-acb5-491c6e3c43b0",
      "SourceAttributeName": "To All Location",
      "LevelDescription": "All To Item",
      "LevelPosition": 0,
      "Translations": []
    },
    {
      "LevelName": "To Location Type",
      "LevelId": "db85790c-4b50-423f-ba49-e90430dd6dde",
      "SourceAttributeName": "To Location Type",
      "LevelDescription": "Grouping of locations from supply perspective, mainly into manufacturing, distribution and ShipTo locations. ",
      "LevelPosition": 1,
      "Translations": []
    },
    {
      "LevelName": "To Location",
      "LevelId": "25302692-e5cb-40db-88dd-e7da74646f45",
      "SourceAttributeName": "To Location",
      "LevelDescription": "Represents the To.SCSLocation.Location",
      "LevelPosition": 2,
      "Translations": []
    }
  ]
}