{
  "HierarchyName": "To Location Hierarchy",
  "HierarchyId": "31bdc0f4-840a-4ed3-9fa4-398dc5916bb8",
  "HierarchyDescription": "To Location Hierarchy",
  "Translations": [],
  "Levels": [
    {
      "LevelName": "To All Location",
      "LevelId": "3f174f34-a589-4c1e-b847-8919a811a8bd",
      "SourceAttributeName": "To All Location",
      "LevelDescription": "All To Item",
      "LevelPosition": 0,
      "Translations": []
    },
    {
      "LevelName": "To Location Country",
      "LevelId": "730539f3-4b27-47bd-828f-5dd0a993ecef",
      "SourceAttributeName": "To Location Country",
      "LevelDescription": "Country",
      "LevelPosition": 1,
      "Translations": []
    },
    {
      "LevelName": "To Location Region",
      "LevelId": "b3123e79-904f-4b80-92e3-c8a90aa14d69",
      "SourceAttributeName": "To Location Region",
      "LevelDescription": "Region",
      "LevelPosition": 2,
      "Translations": []
    },
    {
      "LevelName": "To Location",
      "LevelId": "faa7d154-c62d-4de2-a21b-2ba0fb5e6f53",
      "SourceAttributeName": "To Location",
      "LevelDescription": "Represents the To.SCSLocation.Location",
      "LevelPosition": 3,
      "Translations": []
    }
  ]
}