{
  "RuleGroupId": "d5a12677-f403-94d4-ab32-aa02bf80fd98",
  "RuleGroupLabelName": null,
  "ScopeLabelName": null,
  "RuleGroupName": "AP32SeedOptionsToRangingSCLevel",
  "RuleGroupLabelPosition": 1.0,
  "ScopeLabelPosition": 0.0,
  "RuleGroupDescription": "Seed Metrics from Line Build to Ranging",
  "IsEnabled": true,
  "RuleGroupContent": {
    "ScopeExpression": null,
    "IsParameterized": true,
    "ParameterJson": {
      "description": "AP32SeedOptionsToRangingSCLevel",
      "type": "object",
      "properties": {
        "Version": {
          "type": "string"
        },
        "SellingSeason": {
          "type": "string"
        },
        "Cluster": {
          "type": "array",
          "items": {
            "type": "string"
          }
        },
        "Class": {
          "type": "array",
          "items": {
            "type": "string"
          }
        },
        "Channel": {
          "type": "array",
          "items": {
            "type": "string"
          }
        },
        "LocationCountry": {
          "type": "array",
          "items": {
            "type": "string"
          }
        },
        "CopyToLeaves": {
          "type": "integer"
        },
        "StyleColor": {
          "type": "array",
          "items": {
            "type": "string"
          }
        }
      }
    },
    "IsParallel": false,
    "RuleGroupText": "//Nulling out Ranging Metrics\nscope: (&CWVAndScenarios{{#filter Version}} * &APStyleColors{{#filter StyleColor}} *\n&APCountries{{#filter LocationCountry}}.relatedmembers([Location]) * &APChannels{{#filter Channel}} * &APClusters{{#filter Cluster}} * &APSellingSeasons{{#filter SellingSeason}}) ;\nMeasure.[ASP SC L] = null;\nMeasure.[ROS SC C] = null;\nMeasure.[Start Week SC L] = null;\nMeasure.[End Week SC L] = null;\nMeasure.[Duration SC L] = null;\nMeasure.[WOS SC L] = null;\nMeasure.[Sell Through % SC L] = null;\nMeasure.[Size Range Association SC L] = null;\nMeasure.[Planner Priority SC L] = null;\nend scope;\n//Plugin Execution for Seeding from Options to Ranging\nexec plugin instance [AP16PopulateRangingMetrics] for measures {Measure.[ROS SC C]}\nusing scope (&CWVAndScenarios{{#filter Version}} * &APStyleColors{{#filter StyleColor}} * &APCountries{{#filter LocationCountry}} * &APChannels{{#filter Channel}} * &APSellingSeasons{{#filter SellingSeason}} *\n&APClusters{{#filter Cluster}})\nusing arguments {([Param.o9_sys_log_level], \"INFO\"), (\"IncludeNullRows\", False), (SPREADING, {{CopyToLeaves}}) ,(ExecutionMode, \"MediumWeight\") };\n\n//Duration Calculation\nscope: (&CWVAndScenarios{{#filter Version}} * &APStyleColors{{#filter StyleColor}} *\n&APCountries{{#filter LocationCountry}}.relatedmembers([Location]) * &APChannels{{#filter Channel}} * &APClusters{{#filter Cluster}} * &APSellingSeasons{{#filter SellingSeason}}) ;\nMeasure.[Duration SC L]=if(~isnull(Measure.[Start Week SC L]) && ~isnull(Measure.[End Week SC L])) then DateDiff(Measure.[Start Week SC L],Measure.[End Week SC L],\"week\") else null;\nend scope;\n//ROS Override Value\n// Scope: (&CWVAndScenarios{{#filter Version}} * &APClasses{{#filter Class}}.relatedmembers([Planning Item]) *\n// &APCountries{{#filter LocationCountry}}.relatedmembers([Location]) * &APChannels{{#filter Channel}} * &APClusters{{#filter Cluster}});\n// Measure.[ROS Override SC C] = Measure.[ROS SC C];\n// end scope;",
    "NamedNodeName": null,
    "PluginInstanceName": null,
    "PluginScopes": null,
    "PluginArguments": null,
    "PluginModified": false
  },
  "RuleGroupType": "ParameterizedProcedure",
  "HasErrors": false,
  "ErrorMessage": null,
  "IgnoreErrors": false,
  "Translations": [],
  "DimensionUsages": [],
  "MeasureUsages": [
    {
      "MeasureName": "ASP SC L",
      "IsInput": false,
      "IsOutput": true
    },
    {
      "MeasureName": "Duration SC L",
      "IsInput": false,
      "IsOutput": true
    },
    {
      "MeasureName": "End Week SC L",
      "IsInput": true,
      "IsOutput": true
    },
    {
      "MeasureName": "Planner Priority SC L",
      "IsInput": false,
      "IsOutput": true
    },
    {
      "MeasureName": "ROS Override SC C",
      "IsInput": false,
      "IsOutput": true
    },
    {
      "MeasureName": "ROS SC C",
      "IsInput": true,
      "IsOutput": true
    },
    {
      "MeasureName": "Sell Through % SC L",
      "IsInput": false,
      "IsOutput": true
    },
    {
      "MeasureName": "Size Range Association SC L",
      "IsInput": false,
      "IsOutput": true
    },
    {
      "MeasureName": "Start Week SC L",
      "IsInput": true,
      "IsOutput": true
    },
    {
      "MeasureName": "WOS SC L",
      "IsInput": false,
      "IsOutput": true
    }
  ],
  "ActionButtonUsages": [],
  "RelationshipPropertyUsages": []
}