{
  "RuleGroupId": "db64acb2-d7cb-9a74-27ab-a519a76c856d",
  "RuleGroupLabelName": null,
  "ScopeLabelName": null,
  "RuleGroupName": "AP33RangingMetricsNullOut",
  "RuleGroupLabelPosition": 1.0,
  "ScopeLabelPosition": 0.0,
  "RuleGroupDescription": "Null Out Ranging Metrics",
  "IsEnabled": true,
  "RuleGroupContent": {
    "ScopeExpression": null,
    "IsParameterized": true,
    "ParameterJson": {
      "description": "AP33RangingMetricsNullOut",
      "type": "object",
      "properties": {
        "Version": {
          "type": "string"
        },
        "StyleColor": {
          "type": "array",
          "items": {
            "type": "string"
          }
        },
        "Country": {
          "type": "array",
          "items": {
            "type": "string"
          }
        },
        "Channel": {
          "type": "array",
          "items": {
            "type": "string"
          }
        },
        "Cluster": {
          "type": "array",
          "items": {
            "type": "string"
          }
        },
        "SellingSeason": {
          "type": "string"
        }
      }
    },
    "IsParallel": false,
    "RuleGroupText": "Scope: (&CWVAndScenarios{{#filter Version}} * &APStylecolors{{#filter StyleColor}} * &APCountries{{#filter Country}}.relatedmembers([Location]) * &APChannels{{#filter Channel}} * &APClusters{{#filter Cluster}} * &APSellingSeasons{{#filter SellingSeason}}) ;\r\nMeasure.[ROS SC C] = null;\r\nMeasure.[ASP SC L] = null;\r\nMeasure.[Margin %] = null;\r\nMeasure.[Product Rank] = null;\r\nEnd Scope;",
    "NamedNodeName": null,
    "PluginInstanceName": null,
    "PluginScopes": null,
    "PluginArguments": null,
    "PluginModified": false
  },
  "RuleGroupType": "ParameterizedProcedure",
  "HasErrors": false,
  "ErrorMessage": null,
  "IgnoreErrors": false,
  "Translations": [],
  "DimensionUsages": [],
  "MeasureUsages": [
    {
      "MeasureName": "ASP SC L",
      "IsInput": false,
      "IsOutput": true
    },
    {
      "MeasureName": "Margin %",
      "IsInput": false,
      "IsOutput": true
    },
    {
      "MeasureName": "Product Rank",
      "IsInput": false,
      "IsOutput": true
    },
    {
      "MeasureName": "ROS SC C",
      "IsInput": false,
      "IsOutput": true
    }
  ],
  "ActionButtonUsages": [],
  "RelationshipPropertyUsages": []
}