{
  "RuleGroupId": "2971ec36-ca5a-d6ce-cbc5-0be8e585bed1",
  "RuleGroupLabelName": null,
  "ScopeLabelName": null,
  "RuleGroupName": "AP34SeedLineBuildMetrics",
  "RuleGroupLabelPosition": 1.0,
  "ScopeLabelPosition": 0.0,
  "RuleGroupDescription": "Update ROS in Ranging",
  "IsEnabled": true,
  "RuleGroupContent": {
    "ScopeExpression": null,
    "IsParameterized": true,
    "ParameterJson": {
      "description": "AP34SeedLineBuildMetrics",
      "type": "object",
      "properties": {
        "Version": {
          "type": "string"
        },
        "SellingSeason": {
          "type": "string"
        },
        "Class": {
          "type": "array",
          "items": {
            "type": "string"
          }
        },
        "LocationCountry": {
          "type": "array",
          "items": {
            "type": "string"
          }
        },
        "Channel": {
          "type": "array",
          "items": {
            "type": "string"
          }
        }
      }
    },
    "IsParallel": false,
    "RuleGroupText": "//Spreading LineBuild Metrics\r\n\r\nSpread Scope: (&CWVAndScenarios{{#filter Version}} * &APClasses{{#filter Class}}.relatedmembers([Planning Item]) * &APCountries{{#filter LocationCountry}} * &APChannels{{#filter Channel}} * &APSellingSeasons{{#filter SellingSeason}});\r\nMeasure.[ROS Override SC C] = if (isnull(Measure.[ROS Override SC LC])) then Measure.[ROS Override SC C] else Measure.[ROS Override SC LC];\r\nMeasure.[ASP SC L] = if (isnull(Measure.[ASP SC LC Override])) then Measure.[ASP SC L] else Measure.[ASP SC LC Override];\r\nMeasure.[WOS SC L] = if (isnull(Measure.[WOS SC LC Override])) then Measure.[WOS SC L] else Measure.[WOS SC LC Override];\r\nMeasure.[Sell Through % SC L] = if (isnull(Measure.[Sell Through % SC LC Override])) then Measure.[Sell Through % SC L] else Measure.[Sell Through % SC LC Override];\r\nMeasure.[Planner Priority SC L] = Measure.[Planner Priority];\r\nMeasure.[Size Range Association SC L] = Measure.[Size Range Association SC LC];\r\nEnd Scope;",
    "NamedNodeName": null,
    "PluginInstanceName": null,
    "PluginScopes": null,
    "PluginArguments": null,
    "PluginModified": false
  },
  "RuleGroupType": "ParameterizedProcedure",
  "HasErrors": false,
  "ErrorMessage": null,
  "IgnoreErrors": false,
  "Translations": [],
  "DimensionUsages": [],
  "MeasureUsages": [
    {
      "MeasureName": "ASP SC L",
      "IsInput": true,
      "IsOutput": true
    },
    {
      "MeasureName": "ASP SC LC Override",
      "IsInput": true,
      "IsOutput": false
    },
    {
      "MeasureName": "Planner Priority",
      "IsInput": true,
      "IsOutput": false
    },
    {
      "MeasureName": "Planner Priority SC L",
      "IsInput": false,
      "IsOutput": true
    },
    {
      "MeasureName": "ROS Override SC C",
      "IsInput": true,
      "IsOutput": true
    },
    {
      "MeasureName": "ROS Override SC LC",
      "IsInput": true,
      "IsOutput": false
    },
    {
      "MeasureName": "Sell Through % SC L",
      "IsInput": true,
      "IsOutput": true
    },
    {
      "MeasureName": "Sell Through % SC LC Override",
      "IsInput": true,
      "IsOutput": false
    },
    {
      "MeasureName": "Size Range Association SC L",
      "IsInput": false,
      "IsOutput": true
    },
    {
      "MeasureName": "Size Range Association SC LC",
      "IsInput": true,
      "IsOutput": false
    },
    {
      "MeasureName": "WOS SC L",
      "IsInput": true,
      "IsOutput": true
    },
    {
      "MeasureName": "WOS SC LC Override",
      "IsInput": true,
      "IsOutput": false
    }
  ],
  "ActionButtonUsages": [],
  "RelationshipPropertyUsages": []
}