{
  "RuleGroupId": "31d45bc3-9b67-4e52-8279-7f0b8bb34576",
  "RuleGroupLabelName": null,
  "ScopeLabelName": null,
  "RuleGroupName": "AP35UpdateStoreCluster",
  "RuleGroupLabelPosition": 1.0,
  "ScopeLabelPosition": 0.0,
  "RuleGroupDescription": "Updating Store Clusters",
  "IsEnabled": true,
  "RuleGroupContent": {
    "ScopeExpression": null,
    "IsParameterized": true,
    "ParameterJson": {
      "description": "AP35UpdateStoreCluster",
      "type": "object",
      "properties": {
        "Version": {
          "type": "string"
        },
        "Class": {
          "type": "array",
          "items": {
            "type": "string"
          }
        },
        "LocationCountry": {
          "type": "array",
          "items": {
            "type": "string"
          }
        },
        "Channel": {
          "type": "array",
          "items": {
            "type": "string"
          }
        },
        "Cluster": {
          "type": "array",
          "items": {
            "type": "string"
          }
        },
        "SellingSeason": {
          "type": "string"
        }
      }
    },
    "IsParallel": false,
    "RuleGroupText": "//Checking Store Grade Association and channel location association\r\n\r\nScope: (&CWVAndScenarios{{#filter Version}} * &APClasses{{#filter Class}}.relatedmembers([Planning Item]) * &APCountries{{#filter LocationCountry}}.relatedmembers([Location]) * &APChannels{{#filter Channel}} * &APClusters{{#filter Cluster}} * &APSellingSeasons{{#filter SellingSeason}});\r\nMeasure.[Style Color Selling Season Cluster Store Channel Association] = if(Measure.[Store Grade Association SC] ==1 && Measure.[Style Color Selling Season Cluster Country Channel Association]@([Location].#.AncestorsAtLevel([Location Country]).element(0)) ==true) then 1 else null;\r\nEnd Scope;\r\n\r\n//Updating Assortment Basis Measure\r\n\r\nScope: (&CWVAndScenarios{{#filter Version}} * &APClasses{{#filter Class}}.relatedmembers([Planning Item]) * &APCountries{{#filter LocationCountry}}.relatedmembers([Location]) * &APChannels{{#filter Channel}} * &APClusters{{#filter Cluster}} * &APSellingSeasons{{#filter SellingSeason}});\r\nMeasure.[Assorted SC L] = if(Measure.[Style Color Selling Season Cluster Store Channel Association] == True) then True else False;\r\nEnd Scope;\r\n\r\n//Updating Collection Name\r\nspread scope: (&CWVAndScenarios{{#filter Version}} * &APClasses{{#filter Class}}.relatedmembers([Planning Item]) * &APCountries{{#filter LocationCountry}} * &APChannels{{#filter Channel}}* &APSellingSeasons{{#filter SellingSeason}} );\r\nMeasure.[Collection Name SC L] = if(Measure.[Collection Name.Lock]==true) then Measure.[Collection Name] else null;\r\nend scope;",
    "NamedNodeName": null,
    "PluginInstanceName": null,
    "PluginScopes": null,
    "PluginArguments": null,
    "PluginModified": false
  },
  "RuleGroupType": "ParameterizedProcedure",
  "HasErrors": false,
  "ErrorMessage": null,
  "IgnoreErrors": false,
  "Translations": [],
  "DimensionUsages": [],
  "MeasureUsages": [
    {
      "MeasureName": "Assorted SC L",
      "IsInput": false,
      "IsOutput": true
    },
    {
      "MeasureName": "Collection Name",
      "IsInput": true,
      "IsOutput": false
    },
    {
      "MeasureName": "Collection Name SC L",
      "IsInput": false,
      "IsOutput": true
    },
    {
      "MeasureName": "Store Grade Association SC",
      "IsInput": true,
      "IsOutput": false
    },
    {
      "MeasureName": "Style Color Selling Season Cluster Country Channel Association",
      "IsInput": true,
      "IsOutput": false
    },
    {
      "MeasureName": "Style Color Selling Season Cluster Store Channel Association",
      "IsInput": true,
      "IsOutput": true
    }
  ],
  "ActionButtonUsages": [],
  "RelationshipPropertyUsages": []
}