{
  "RuleGroupId": "4319e834-b4d3-d149-0cd3-bea8aa7a0fd5",
  "RuleGroupLabelName": null,
  "ScopeLabelName": null,
  "RuleGroupName": "AP41ApproveRanging",
  "RuleGroupLabelPosition": 1.0,
  "ScopeLabelPosition": 0.0,
  "RuleGroupDescription": "Ranging Approval Flow",
  "IsEnabled": true,
  "RuleGroupContent": {
    "ScopeExpression": null,
    "IsParameterized": true,
    "ParameterJson": {
      "description": "AP41ApproveRanging",
      "type": "object",
      "properties": {
        "Version": {
          "type": "string"
        },
        "StyleColor": {
          "type": "array",
          "items": {
            "type": "string"
          }
        },
        "Location": {
          "type": "array",
          "items": {
            "type": "string"
          }
        },
        "Channel": {
          "type": "array",
          "items": {
            "type": "string"
          }
        },
        "Cluster": {
          "type": "array",
          "items": {
            "type": "string"
          }
        },
        "Seasons": {
          "type": "string"
        }
      }
    },
    "IsParallel": false,
    "RuleGroupText": "Block Scope: (&CWVAndScenarios{{#filter Version}} * &APStyleColors{{#filter StyleColor}} * &APStores{{#filter Location}} * &APChannels{{#filter Channel}} * &APSellingSeasons{{#filter Seasons}} * &APClusters{{#filter Cluster}});\nMeasure.[ASP SC L AP] = null;\nMeasure.[Assorted SC L AP] = null;\nMeasure.[ROS SC C AP] = null;\nMeasure.[Sell Through % SC L AP] = null;\nMeasure.[WOS SC L AP] = null;\nMeasure.[Size Range Association SC AP] = null;\nMeasure.[Start Week SC L AP] = null;\nMeasure.[End Week SC L AP] = null;\nMeasure.[Display Stock SC L AP] = null;\nMeasure.[Store Count SC L AP] = null;\nEnd Scope;\n\nScope: (&CWVAndScenarios{{#filter Version}} * &APStores{{#filter Location}}  * &APChannels{{#filter Channel}} * &APStyleColors{{#filter StyleColor}} * &APSellingSeasons{{#filter Seasons}}); \nMeasure.[Approved Season] = null;\nMeasure.[Outlier Receipt Weeks] = null;\nEnd Scope;\n\nexec plugin instance [AP45RangingApproval] for measures {Measure.[Approved Season]} using scope (&CWVAndScenarios{{#filter Version}} * &APStyleColors{{#filter StyleColor}} * &APStores{{#filter Location}} * &APChannels{{#filter Channel}}) using arguments {(SS_APPROVAL, \"{{Seasons}}\"),([Param.o9_sys_log_level], \"INFO\"), (\"IncludeNullRows\", False),(ExecutionMode,\"MediumWeight\"),(DataTransferMode,\"csv\")};",
    "NamedNodeName": null,
    "PluginInstanceName": null,
    "PluginScopes": null,
    "PluginArguments": null,
    "PluginModified": false
  },
  "RuleGroupType": "ParameterizedProcedure",
  "HasErrors": false,
  "ErrorMessage": null,
  "IgnoreErrors": false,
  "Translations": [],
  "DimensionUsages": [],
  "MeasureUsages": [
    {
      "MeasureName": "Approved Season",
      "IsInput": false,
      "IsOutput": true
    },
    {
      "MeasureName": "ASP SC L AP",
      "IsInput": false,
      "IsOutput": true
    },
    {
      "MeasureName": "Assorted SC L AP",
      "IsInput": false,
      "IsOutput": true
    },
    {
      "MeasureName": "Display Stock SC L AP",
      "IsInput": false,
      "IsOutput": true
    },
    {
      "MeasureName": "End Week SC L AP",
      "IsInput": false,
      "IsOutput": true
    },
    {
      "MeasureName": "Outlier Receipt Weeks",
      "IsInput": false,
      "IsOutput": true
    },
    {
      "MeasureName": "ROS SC C AP",
      "IsInput": false,
      "IsOutput": true
    },
    {
      "MeasureName": "Sell Through % SC L AP",
      "IsInput": false,
      "IsOutput": true
    },
    {
      "MeasureName": "Size Range Association SC AP",
      "IsInput": false,
      "IsOutput": true
    },
    {
      "MeasureName": "Start Week SC L AP",
      "IsInput": false,
      "IsOutput": true
    },
    {
      "MeasureName": "Store Count SC L AP",
      "IsInput": false,
      "IsOutput": true
    },
    {
      "MeasureName": "WOS SC L AP",
      "IsInput": false,
      "IsOutput": true
    }
  ],
  "ActionButtonUsages": [],
  "RelationshipPropertyUsages": []
}