{
  "Name": "SupplyPlan004CommonAddByProductBOM",
  "Description": "Create New BOM for ByProduct",
  "ActionButtonId": "87baf1d6-5b50-84d8-fffd-f89e1354291a",
  "Tooltip": "Add ByProduct BOM",
  "ActionButtonType": "Rule",
  "Alignment": "right",
  "IsPopOver": true,
  "IsGlobal": false,
  "ActionClickHandler": null,
  "Icon": null,
  "Image": null,
  "ConfigJson": {
    "DisplayName": "Add ByProduct BOM",
    "icon": "plus",
    "Position": "0",
    "SubmitButton": {
      "Label": "Submit"
    },
    "ResetButton": {
      "Label": "Reset"
    },
    "CloseButton": {
      "Label": "Close",
      "ConfirmMessage": "Unsaved changes will be lost. Continue?"
    },
    "NotifyAll": false,
    "IBPLRules": [
      {
        "template": "// Populating BOM data for CoProducts\nCartesian Scope: (&AllBOMs{{#filter BOMID}} * [Location].[Location]{{#filter Location}} *[Item].[Item]{{#filter ProducedItem}}  * [Version].[Version Name]{{#filter Version}});\nMeasure.[o9 BOM Association] = 1;\nMeasure.[o9 BOM Quantity Produced Per]=safedivide({{ByProductProducedQtyPer}},{{PrimaryItemProducedQtyPer}},0);\nend scope;"
      },
      {
        "template": "// Populating Critical ByProduct Factors\ncartesian scope:([Version].[Version Name]{{#filter Version}}* [Activity1].[Activity1]{{#filter BOMID}} * [Item].[Item]{{#filter ProducedItem}} * [Location].[Location]{{#filter Location}}); \n{{#if CriticalByProduct}}\nMeasure.[o9 Produced Item Is ByProduct] = 0;\nMeasure.[o9 Produced Item No Build] = 0;\n{{#else}}\nMeasure.[o9 Produced Item Is ByProduct] = 1;\nMeasure.[o9 Produced Item No Build] = 1;\n{{/if}}\nend scope;\n"
      }
    ],
    "JavascriptRules": [],
    "FieldBindings": [
      {
        "fieldName": "Version",
        "title": "Version",
        "type": "picklistDropdown",
        "selectionType": "single",
        "clearSearch": true,
        "source": "filter",
        "DimensionName": "Version",
        "LevelAttributeName": "Version Name",
        "visible": true,
        "isEditable": false,
        "validation": {
          "maxLength": "0",
          "required": true
        }
      },
      {
        "fieldName": "PlanType",
        "title": "Plan Type",
        "type": "picklistDropdown",
        "selectionType": "single",
        "clearSearch": true,
        "source": "parentAttribute",
        "DimensionName": "Activity1",
        "key": {
          "LevelAttribute": {
            "Name": "BOM Plan Type",
            "Property": "Name"
          }
        },
        "visible": true,
        "isEditable": false,
        "validation": {
          "maxLength": "0",
          "required": true
        }
      },
      {
        "fieldName": "BOMID",
        "title": "BOMID",
        "type": "picklistDropdown",
        "selectionType": "single",
        "clearSearch": true,
        "source": "parentAttribute",
        "DimensionName": "Activity1",
        "key": {
          "LevelAttribute": {
            "Name": "Activity1",
            "Property": "Name"
          }
        },
        "visible": true,
        "isEditable": false,
        "validation": {
          "maxLength": "0",
          "required": true
        }
      },
      {
        "fieldName": "Prefix",
        "title": "Prefix",
        "type": "string",
        "selectionType": "single",
        "clearSearch": true,
        "source": "literal",
        "defaultValue": "BOM",
        "visible": true,
        "isEditable": false,
        "validation": {
          "maxLength": "0",
          "required": true
        }
      },
      {
        "fieldName": "Location",
        "title": "Location",
        "type": "picklistDropdown",
        "selectionType": "single",
        "clearSearch": true,
        "source": "members",
        "DimensionName": "Location",
        "LevelAttributeName": "Location",
        "FilterExpression": "&AllPlantLocations",
        "visible": true,
        "isEditable": true,
        "validation": {
          "maxLength": "0",
          "required": true
        }
      },
      {
        "fieldName": "ProducedItem",
        "title": "Produced Item",
        "type": "picklistDropdown",
        "selectionType": "single",
        "clearSearch": true,
        "source": "members",
        "DimensionName": "Item",
        "LevelAttributeName": "Item",
        "FilterExpression": "&AllManufacturedItems",
        "visible": true,
        "isEditable": true,
        "validation": {
          "maxLength": "0",
          "required": true
        }
      },
      {
        "fieldName": "ByProductProducedQtyPer",
        "title": "By Product Produced Quantity Per",
        "type": "number",
        "selectionType": "single",
        "clearSearch": true,
        "source": "literal",
        "visible": true,
        "isEditable": true,
        "validation": {
          "maxLength": "0",
          "required": true
        }
      },
      {
        "fieldName": "PrimaryItemProducedQtyPer",
        "title": "Primary Item Produced Quantity Per",
        "type": "number",
        "selectionType": "single",
        "clearSearch": true,
        "source": "literal",
        "defaultValue": "1",
        "visible": true,
        "isEditable": true,
        "validation": {
          "maxLength": "0",
          "required": true
        }
      },
      {
        "fieldName": "CriticalByProduct",
        "title": "CriticalByProduct",
        "type": "boolean",
        "selectionType": "single",
        "clearSearch": true,
        "source": "literal",
        "defaultValue": false,
        "visible": true,
        "isEditable": true,
        "validation": {
          "maxLength": "0",
          "required": true
        }
      }
    ],
    "Range": [],
    "DataSources": [],
    "AutoExecute": false,
    "isAsync": true,
    "hasMembersUpdates": false,
    "Compact": true,
    "TwoColumn": false,
    "IsGlobalForExcelAddIn": false,
    "enableTransaction": false,
    "ExcludeFromNavLink": false,
    "FilterFieldBindings": []
  },
  "Widget": null,
  "Roles": []
}