{
  "MeasureName": "W WIP Priority Consumption Plugin Output Rules Used",
  "MeasureId": "7b2ef98c-329c-4be7-b919-de1feb63d78f",
  "MeasureDescription": "Rules Used by plugin for WIP Prioritization",
  "DataType": "string",
  "MeasureType": "Regular",
  "AggregateFunction": "DistinctSum",
  "FormatString": "#",
  "MeasureColumnName": "WWIPPriorityConsumptionPluginOutputRulesUsed",
  "MeasureFormula": "",
  "IsEditable": false,
  "ApplyConversion": false,
  "ConversionFormula": "",
  "PickListName": null,
  "BgColorFormula": "",
  "FgColorFormula": "",
  "TrendFormula": "",
  "FormattingViewModel": "[]",
  "ParentMeasureName": null,
  "AssociationMeasure": false,
  "IsComputedByPlanningService": false,
  "ToolTip": "Rules Used by plugin for WIP Prioritization",
  "ConfigJson": {},
  "ApiName": null,
  "ApiDisabled": false,
  "IsReportingMeasure": false,
  "MeasureConditionalFormulaProperties": [],
  "PicklistSource": null
}