{
  "AttributeName": "Emission Driver Type",
  "AttributeId": "6a9bc4be-a013-442b-a7c9-cc93a7c2db09",
  "AttributeHierarchyEnabled": true,
  "IsKey": false,
  "Description": "Emission Driver Type",
  "OrderBy": "Key",
  "KeyColumnName": "EmissionDriverTypeKey",
  "NameColumnName": "EmissionDriverTypeName",
  "KeyColumnDataType": "integer",
  "SeedTags": false,
  "KeyGenerationType": "Auto",
  "PickListName": null,
  "ConfigJson": {},
  "FormatString": null,
  "Translation": null,
  "Aliases": [],
  "ApiName": null,
  "ApiDisabled": false
}