{
  "MeasureName": "Stat Parameter Value",
  "MeasureId": "073ca6d3-0956-42aa-9456-e5ba7054d487",
  "MeasureDescription": "Parameters specified by the user for the Stat Algorithm (say 0.2 for alpha lower and 0.6 for alpha upper)",
  "DataType": "string",
  "MeasureType": "Regular",
  "AggregateFunction": "Null",
  "FormatString": "#",
  "MeasureColumnName": "StatParameterValue",
  "MeasureFormula": "",
  "IsEditable": true,
  "ApplyConversion": false,
  "ConversionFormula": "",
  "PickListName": null,
  "BgColorFormula": "",
  "FgColorFormula": "",
  "TrendFormula": "",
  "FormattingViewModel": null,
  "ParentMeasureName": null,
  "AssociationMeasure": false,
  "IsComputedByPlanningService": false,
  "ToolTip": "Parameters specified by the user for the Stat Algorithm (say 0.2 for alpha lower and 0.6 for alpha upper)",
  "ConfigJson": {},
  "ApiName": null,
  "ApiDisabled": false,
  "IsReportingMeasure": false,
  "MeasureConditionalFormulaProperties": [],
  "PicklistSource": null
}