{
  "AttributeName": "File Type",
  "AttributeId": "8b1e5a14-4957-a816-1021-e6b93c1c2d95",
  "AttributeHierarchyEnabled": true,
  "IsKey": false,
  "Description": "File Type",
  "OrderBy": "Name",
  "KeyColumnName": "FileTypeKey",
  "NameColumnName": "FileTypeName",
  "KeyColumnDataType": "integer",
  "SeedTags": false,
  "KeyGenerationType": "Auto",
  "PickListName": null,
  "ConfigJson": {
    "ShowFilterAs": "TileView",
    "MemberDisplayNameEditable": false,
    "IsMultipleImage": false,
    "MemberDisplayColor": false
  },
  "FormatString": null,
  "Translation": null,
  "Aliases": [],
  "ApiName": null,
  "ApiDisabled": false
}
