{
  "Name": "o9EKGGenerateSeedData",
  "Description": "Import Seed Data",
  "ActionButtonId": "5e8cdcdf-5af0-de49-5064-783557471aee",
  "Tooltip": "Import Seed Data",
  "ActionButtonType": "Integration3 Function",
  "Alignment": "right",
  "IsPopOver": true,
  "IsGlobal": false,
  "ActionClickHandler": null,
  "Icon": null,
  "Image": null,
  "ConfigJson": {
    "Pipeline": "LSUpdateParams",
    "DisplayName": "Import Seed Data",
    "icon": "link",
    "Position": "0",
    "SubmitButton": {
      "Label": "Submit",
      "ProgressMessage": "Generating seed data. After receiving a success notification, please wait for two minutes before navigating to <b>\"BDP 2.0 > File Browser > {tenantname} > EKGSeedData\"</b> to download the file.."
    },
    "ResetButton": {
      "Label": "Reset"
    },
    "CloseButton": {
      "Label": "Close",
      "ConfirmMessage": "Unsaved changes will be lost. Continue?"
    },
    "NotifyRoles": false,
    "NotifyAll": false,
    "FieldBindings": [
      {
        "fieldName": "Project",
        "title": "ProjectName",
        "type": "picklistDropdown",
        "selectionType": "single",
        "clearSearch": false,
        "select": "NONE",
        "source": "members",
        "DimensionName": "o9EKG Customer",
        "LevelAttributeName": "Project Name",
        "visible": true,
        "isEditable": true,
        "validation": {
          "maxLength": "0",
          "required": true
        }
      }
    ],
    "Range": [],
    "DataSources": [],
    "AutoExecute": false,
    "hasMembersUpdates": false,
    "Compact": false,
    "TwoColumn": false,
    "ParameterToFieldBindingMapping": {
      "projectdetails": {
        "Project": "Project"
      }
    },
    "ExcludeFromNavLink": false,
    "FilterFieldBindings": [],
    "isAsync": true
  },
  "Widget": null,
  "Roles": []
}