{
  "Name": "SCDMABDMOutputsCreateRow",
  "Description": "SCDM ABDM Inputs Create Row",
  "ActionButtonId": "fbc40efe-4266-bd42-47f3-d24819e7c8c4",
  "Tooltip": "SCDM ABDM Inputs Create Row",
  "ActionButtonType": "Rule",
  "Alignment": "right",
  "IsPopOver": true,
  "IsGlobal": false,
  "ActionClickHandler": null,
  "Icon": null,
  "Image": null,
  "ConfigJson": {
    "DisplayName": "Create New Row",
    "icon": "plus",
    "Position": "0",
    "SubmitButton": {
      "Label": "Submit"
    },
    "ResetButton": {
      "Label": "Reset"
    },
    "CloseButton": {
      "Label": "Close",
      "ConfirmMessage": "Unsaved changes will be lost. Continue?"
    },
    "NotifyAll": false,
    "IBPLRules": [],
    "JavascriptRules": [
      {
        "modulename": "o9.SCDMABDMInputsCreateRow.MultiDestinations",
        "functionname": "MultiDestinations"
      }
    ],
    "FieldBindings": [
      {
        "fieldName": "Version",
        "title": "Version",
        "Description": "Version",
        "type": "combobox",
        "selectionType": "single",
        "clearSearch": true,
        "source": "filter",
        "DimensionName": "Version",
        "LevelAttributeName": "Version Name",
        "visible": true,
        "isEditable": false,
        "validation": {
          "maxLength": "0",
          "required": true
        }
      },
      {
        "fieldName": "DataObject",
        "title": "DataObject",
        "Description": "DataObject",
        "type": "picklistDropdown",
        "selectionType": "single",
        "clearSearch": true,
        "select": "ALL",
        "source": "datasource",
        "key": "DSDataObject",
        "valueField": "DisplayName",
        "textField": "DisplayName",
        "overrideFieldBindingType": false,
        "visible": true,
        "isEditable": true,
        "validation": {
          "maxLength": "0",
          "required": true
        }
      },
      {
        "fieldName": "DataType",
        "title": "Data Type",
        "Description": "Is Input or Output type of data",
        "type": "string",
        "clearSearch": true,
        "source": "literal",
        "defaultValue": "Output",
        "visible": false,
        "isEditable": false,
        "validation": {
          "maxLength": "0",
          "required": false
        }
      }
    ],
    "Range": [],
    "DataSources": [
      {
        "Name": "DSDataObject",
        "IBPLRules": [
          {
            "template": "select ([Data Object].[Data Object]) where {[Data Object].[Data Object Type].[SCDM-ABDM]};"
          }
        ],
        "JavascriptRules": [],
        "IncludeDSFieldsOnly": false,
        "FieldBindings": []
      }
    ],
    "AutoExecute": false,
    "isAsync": true,
    "hasMembersUpdates": false,
    "Compact": false,
    "TwoColumn": true,
    "IsGlobalForExcelAddIn": false,
    "enableTransaction": false,
    "ExcludeFromNavLink": false,
    "FilterFieldBindings": []
  },
  "Widget": null,
  "Roles": []
}