{
  "Name": "o9EKG Table Error Details",
  "WidgetDefinitionName": "o9EKG Table Error Details",
  "IsPrimary": true,
  "ConfigJson": {
    "ContainerId": "d4c06872-285a-4a00-88f5-0c1afff1ebf0",
    "CompositeContainerId": "e43b101d-9cad-4ec8-b309-b7b73b0def57",
    "Position": 0,
    "ShowInfoContext": {
      "ActionColumn": true,
      "RowInfo": true,
      "MemberInfo": true
    },
    "ShowHeader": {
      "Icon": "",
      "Color": null
    }
  },
  "ViewWidgetDefinitionId": "d04ebc4c-5209-fc3f-6e22-da855c61148f",
  "Title": "Table Error Metrics"
}