{
  "MeasureName": "ASP SC L W Override",
  "MeasureId": "473c1929-fa24-21df-b4cd-bea4bcedb0c5",
  "MeasureDescription": "Override Average Selling Price",
  "DataType": "number",
  "MeasureType": "Regular",
  "AggregateFunction": "AvgNonNull",
  "FormatString": "0.00",
  "MeasureColumnName": "ASPSCLWOverride",
  "MeasureFormula": "",
  "IsEditable": true,
  "ApplyConversion": false,
  "ConversionFormula": "",
  "PickListName": null,
  "BgColorFormula": " IF(Measure.[ASP SC L W Override]<0) then argb( 1,255, 0, 0)",
  "FgColorFormula": " IF(Measure.[ASP SC L W Override]<0) then argb( 1,255, 255, 255)",
  "TrendFormula": "",
  "FormattingViewModel": "[\r\n  {\r\n    \"BGCOLOR\": \"argb(1,255,0,0)\",\r\n    \"FGCOLOR\": \"argb(1,255,255,255)\",\r\n    \"Condition\": \"Measure.[ASP SC L W Override]<0\"\r\n  }\r\n]",
  "ParentMeasureName": null,
  "AssociationMeasure": false,
  "IsComputedByPlanningService": false,
  "ToolTip": "ASP * (1-Dsicount%)",
  "ConfigJson": {},
  "ApiName": null,
  "ApiDisabled": false,
  "IsReportingMeasure": false,
  "MeasureConditionalFormulaProperties": [
    {
      "MeasureName": null,
      "ConditionalFormula": "Measure.[ASP SC L W Override]<0",
      "BGCOLOR": "argb(1,255,0,0)",
      "LegendText": "",
      "DisplayOrder": 0
    }
  ],
  "PicklistSource": null
}