{
  "MeasureGroupName": "016 Historical Data SC",
  "MeasureGroupId": "609d9cfa-0772-5290-6501-ebcad3069928",
  "ParentMeasureGroupName": null,
  "HasShadow": false,
  "MeasureGroupDescription": "016 Historical Data SC",
  "MeasureGroupType": "Regular",
  "FactTableName": "Fact016HistoricalDataSC",
  "SchemaMajorVersion": 0,
  "ConfigJson": {},
  "ApiName": null,
  "Repartition": false,
  "Unpartition": false,
  "ApiEnabled": false,
  "DimensionUsages": [
    {
      "DimensionName": "Version",
      "AttributeName": "Version Name",
      "SortOrder": 0,
      "DimensionType": "Regular"
    },
    {
      "DimensionName": "Time",
      "AttributeName": "Week",
      "SortOrder": 0,
      "DimensionType": "Time"
    },
    {
      "DimensionName": "Item",
      "AttributeName": "Planning Item",
      "SortOrder": 1,
      "DimensionType": "Regular"
    },
    {
      "DimensionName": "Location",
      "AttributeName": "Location",
      "SortOrder": 2,
      "DimensionType": "Regular"
    },
    {
      "DimensionName": "Selling Season",
      "AttributeName": "Selling Season",
      "SortOrder": 3,
      "DimensionType": "Regular"
    },
    {
      "DimensionName": "Sales Domain",
      "AttributeName": "Sales Planning Channel",
      "SortOrder": 4,
      "DimensionType": "Regular"
    }
  ],
  "MeasureGroupSortOrders": [],
  "AutoIdEnabled": false
}