{
  "HierarchyName": "o9EKG Industry",
  "HierarchyId": "6e3d95f7-36d1-5520-bc4b-e7cbca55375a",
  "HierarchyDescription": "o9EKG Industry",
  "Translations": [],
  "Levels": [
    {
      "LevelName": "Industry",
      "LevelId": "c8c044a7-cc85-4427-4113-eee9156233be",
      "SourceAttributeName": "Industry",
      "LevelDescription": "Industry",
      "LevelPosition": 0,
      "Translations": []
    },
    {
      "LevelName": "Sub Industry",
      "LevelId": "959dd0b2-bd6c-672c-5bfb-59f90ecba789",
      "SourceAttributeName": "Sub Industry",
      "LevelDescription": "SubIndustry",
      "LevelPosition": 1,
      "Translations": []
    }
  ],
  "IsEnabled": true,
  "ErrorMessage": null
}
