{
  "MeasureName": "TY ASP",
  "MeasureId": "6c755cb2-21b4-4cd8-8274-36407dadcbba",
  "MeasureDescription": "This Year Average Selling Price",
  "DataType": "number",
  "MeasureType": "Currency",
  "AggregateFunction": "Computed",
  "FormatString": "($0,000.00a)",
  "MeasureColumnName": "TYASP",
  "MeasureFormula": "Safedivide(Measure.[TY Ttl Sls Rtl],Measure.[TY Ttl Sls Unt])",
  "IsEditable": false,
  "ApplyConversion": false,
  "ConversionFormula": "",
  "PickListName": null,
  "BgColorFormula": "",
  "FgColorFormula": "",
  "TrendFormula": "",
  "FormattingViewModel": "[]",
  "ParentMeasureName": null,
  "AssociationMeasure": false,
  "IsComputedByPlanningService": false,
  "ToolTip": "This Year Average Selling Price",
  "ConfigJson": {},
  "ApiName": null,
  "ApiDisabled": false,
  "IsReportingMeasure": false,
  "MeasureConditionalFormulaProperties": [],
  "PicklistSource": null
}