{
  "Name": "SupplyPlan204BulkMergePlanOverrides",
  "Description": "Plan Overrides Merge",
  "ActionButtonId": "84bf243e-bad7-a5e9-345f-95617945276f",
  "Tooltip": "Plan Overrides Merge",
  "ActionButtonType": "Rule",
  "Alignment": "right",
  "IsPopOver": true,
  "IsGlobal": false,
  "ActionClickHandler": null,
  "Icon": null,
  "Image": null,
  "ConfigJson": {
    "icon": "copy",
    "Position": "0",
    "SubmitButton": {
      "Label": "Submit"
    },
    "ResetButton": {
      "Label": "Reset"
    },
    "CloseButton": {
      "Label": "Close",
      "ConfirmMessage": "Unsaved changes will be lost. Continue?"
    },
    "NotifyAll": false,
    "IBPLRules": [
      {
        "template": " {{#if ProductionPlan}}\n//Rule to copy production plan override from source scenario into placeholder measures in target scenario\n\nScope:(&PlanningHorizon * [Item].[Item] * [Location].[Location] * &AllMPBOMs * &AllMPRoutings * [Activity3].[Activity3] * Version.[Version Name].[{{Target}}]);\nMeasure.[W Incremental Production Plan Override] = Measure.[W Material Production Quantity Plan Output Override]@(Version.[Version Name].[{{Source}}]);\nend scope;\n{{/if}}\n\n {{#if ProcurementPlan}}\n//Rule to copy production plan override from source scenario into placeholder measures in target scenario\n\nScope: (&PlanningHorizon* [Item].[Item] * [Location].[Location]  * &AllProcLanes * &AllTransModes * [Activity3].[Activity3] * Version.[Version Name].[{{Target}}]);\nMeasure.[W Incremental Procurement Plan Override] = Measure.[W Material Production Quantity Plan Output Override]@(Version.[Version Name].[{{Source}}]);\nend scope;\n{{/if}}\n\n {{#if ShipmentPlan}}\n//Rule to copy consumption plan override from source scenario into placeholder measures in target scenario\n\nScope: (&PlanningHorizon* [Item].[Item] * [Location].[Location]  * &AllBODLanes * &AllTransModes * [Activity3].[Activity3] * Version.[Version Name].[{{Target}}]);\nMeasure.[W Incremental Shipment Plan Override] = Measure.[W Material Consumption Quantity Plan Output Override]@(Version.[Version Name].[{{Source}}]);\nend scope;\n{{/if}}"
      }
    ],
    "JavascriptRules": [],
    "FieldBindings": [
      {
        "fieldName": "Target",
        "title": "Target Scenario",
        "Description": "Target Scenario",
        "type": "picklistDropdown",
        "selectionType": "single",
        "clearSearch": true,
        "select": "ALL",
        "source": "members",
        "DimensionName": "Version",
        "LevelAttributeName": "Version Name",
        "visible": true,
        "isEditable": true,
        "validation": {
          "maxLength": "0",
          "required": true
        },
        "FilterExpression": "&CWV"
      },
      {
        "fieldName": "Source",
        "title": "Source Scenario",
        "Description": "Source Scenario",
        "type": "picklistDropdown",
        "selectionType": "single",
        "clearSearch": true,
        "select": "NONE",
        "source": "members",
        "DimensionName": "Version",
        "LevelAttributeName": "Version Name",
        "FilterExpression": "&Scenarios",
        "visible": true,
        "isEditable": true,
        "validation": {
          "maxLength": "0",
          "required": true
        }
      },
      {
        "fieldName": "ProductionPlan",
        "title": "Production Plan",
        "Description": "ProductionPlan",
        "type": "boolean",
        "clearSearch": true,
        "source": "literal",
        "defaultValue": false,
        "visible": true,
        "isEditable": true,
        "validation": {
          "maxLength": "0",
          "required": true
        }
      },
      {
        "fieldName": "ShipmentPlan",
        "title": "Shipment Plan",
        "Description": "Shipment Plan",
        "type": "boolean",
        "clearSearch": true,
        "source": "literal",
        "defaultValue": false,
        "visible": true,
        "isEditable": true,
        "validation": {
          "maxLength": "0",
          "required": true
        }
      },
      {
        "fieldName": "ProcurementPlan",
        "title": "Procurement Plan",
        "Description": "Procurement Plan",
        "type": "boolean",
        "clearSearch": true,
        "source": "literal",
        "defaultValue": false,
        "visible": true,
        "isEditable": true,
        "validation": {
          "maxLength": "0",
          "required": true
        }
      }
    ],
    "DataSources": [],
    "AutoExecute": false,
    "isAsync": false,
    "hasMembersUpdates": false,
    "Compact": false,
    "TwoColumn": false,
    "IsGlobalForExcelAddIn": false,
    "ExcludeFromNavLink": false,
    "FilterFieldBindings": []
  },
  "Widget": null
}