{
  "MeasureGroupName": "035 Stat Item",
  "MeasureGroupId": "347c76c1-e3a7-2181-02fa-c0f14970e44e",
  "ParentMeasureGroupName": null,
  "HasShadow": false,
  "MeasureGroupDescription": "035 Stat Item",
  "MeasureGroupType": "Regular",
  "FactTableName": "Fact035StatItem",
  "SchemaMajorVersion": 0,
  "ConfigJson": {},
  "ApiName": null,
  "Repartition": false,
  "Unpartition": false,
  "ApiEnabled": false,
  "DimensionUsages": [
    {
      "DimensionName": "Version",
      "AttributeName": "Version Name",
      "SortOrder": 0,
      "DimensionType": "Regular"
    },
    {
      "DimensionName": "Item",
      "AttributeName": "Stat Item",
      "SortOrder": 1,
      "DimensionType": null
    }
  ]
}