{
  "Name": "SupplyPlan068WScenarioPlanningAddShipmentSchedule",
  "Description": null,
  "ActionButtonId": "fa85f567-a8b6-461a-8721-c2e894566a77",
  "Tooltip": "Add Shipment Schedule",
  "ActionButtonType": "Rule",
  "Alignment": "right",
  "IsPopOver": true,
  "IsGlobal": false,
  "ActionClickHandler": null,
  "Icon": null,
  "Image": null,
  "ConfigJson": {
    "icon": "plus",
    "Position": "0",
    "SubmitButton": {
      "Label": "Submit"
    },
    "ResetButton": {
      "Label": "Reset"
    },
    "CloseButton": {
      "Label": "Close",
      "ConfirmMessage": "Unsaved changes will be lost. Continue?"
    },
    "NotifyAll": false,
    "IBPLRules": [
      {
        "template": "createmember(Documents.[OrderlineID]={,\"{{ShipmentScheduleID}}\"},Documents.[Document Type]={,\"Shipment Schedule\"},[Documents].[Created By]={\"{{User}}\",},[Documents].[Is Approved]={\"True\",} ,Documents.[OrderID]={,\"{{ShipmentScheduleID}}\"},Documents.[Orderline RequestID]={,\"{{ShipmentScheduleID}}\"});\n\n\ncartesian scope:([Documents].[OrderlineID].[{{ShipmentScheduleID}}] * [Activity1].[Activity1].[{{BODLanes}}] * [Version].[Version Name].[{{Version}}] * [Item].[Item].[{{Item}}] * [Location].[Location].[{{Location}}] * [Activity2].[Activity2].[{{TransMode}}]);\nMeasure.[W SS Quantity Override]={{SSQuantity}};\nMeasure.[W SS Delivery Date Override]=\"{{SSDeliveryDate}}\";end scope;\n"
      }
    ],
    "JavascriptRules": [],
    "FieldBindings": [
      {
        "fieldName": "Version",
        "title": "Version",
        "Description": "Version",
        "type": "picklistDropdown",
        "selectionType": "single",
        "clearSearch": true,
        "source": "filter",
        "DimensionName": "Version",
        "LevelAttributeName": "Version Name",
        "visible": true,
        "isEditable": false,
        "validation": {
          "maxLength": "0",
          "required": true
        }
      },
      {
        "fieldName": "Item",
        "title": "Item",
        "Description": "Item",
        "type": "picklistDropdown",
        "selectionType": "single",
        "clearSearch": true,
        "source": "filter",
        "DimensionName": "Item",
        "LevelAttributeName": "Item",
        "visible": true,
        "isEditable": true,
        "validation": {
          "maxLength": "0",
          "required": true
        },
        "RelationshipType": "006.004W Exception Planning Material Root Cause",
        "EdgeDirection": "FROM"
      },
      {
        "fieldName": "ToLocation",
        "title": "Location",
        "Description": "Location",
        "type": "picklistDropdown",
        "selectionType": "single",
        "clearSearch": true,
        "source": "filter",
        "DimensionName": "Location",
        "LevelAttributeName": "Location",
        "visible": true,
        "isEditable": true,
        "validation": {
          "maxLength": "0",
          "required": true
        },
        "RelationshipType": "006.004W Exception Planning Material Root Cause",
        "EdgeDirection": "FROM"
      },
      {
        "fieldName": "BODLanes",
        "title": "BODLanes",
        "Description": "BODLanes",
        "type": "picklistDropdown",
        "selectionType": "single",
        "clearSearch": true,
        "source": "datasource",
        "key": "BODLanes",
        "valueField": "Activity1",
        "textField": "Activity1",
        "visible": true,
        "isEditable": true,
        "cascadeFrom": "ToLocation",
        "validation": {
          "maxLength": "0",
          "required": true
        }
      },
      {
        "fieldName": "ShipmentScheduleID",
        "title": "SS ID",
        "Description": "SS ID",
        "type": "picklistDropdown",
        "selectionType": "single",
        "clearSearch": true,
        "source": "datasource",
        "key": "UniqueID",
        "valueField": "result",
        "textField": "result",
        "visible": true,
        "isEditable": true,
        "validation": {
          "maxLength": "0",
          "required": true
        }
      },
      {
        "fieldName": "User",
        "title": "User",
        "Description": "User",
        "type": "combobox",
        "selectionType": "single",
        "clearSearch": true,
        "source": "datasource",
        "key": "CurrentUser",
        "valueField": "Name",
        "textField": "Name",
        "visible": true,
        "isEditable": false,
        "validation": {
          "maxLength": "0",
          "required": true
        }
      },
      {
        "fieldName": "SSQuantity",
        "title": "SS Quantity",
        "Description": "SS Quantity",
        "type": "number",
        "clearSearch": true,
        "source": "literal",
        "visible": true,
        "isEditable": true,
        "validation": {
          "maxLength": "0",
          "required": true
        },
        "selectionType": "single"
      },
      {
        "fieldName": "SSDeliveryDate",
        "title": "Delivery Date",
        "Description": "Delivery Date",
        "type": "datetime",
        "selectionType": "single",
        "clearSearch": true,
        "source": "literal",
        "visible": true,
        "isEditable": true,
        "validation": {
          "maxLength": "0",
          "required": true
        }
      },
      {
        "fieldName": "TransMode",
        "title": "TransMode",
        "Description": "TransMode",
        "type": "picklistDropdown",
        "selectionType": "single",
        "clearSearch": true,
        "select": "NONE",
        "source": "datasource",
        "key": "TransModes",
        "valueField": "Activity2",
        "textField": "Activity2",
        "visible": true,
        "isEditable": true,
        "validation": {
          "maxLength": "0",
          "required": true
        }
      },
      {
        "fieldName": "Location",
        "title": "Location",
        "Description": "Location",
        "type": "picklistDropdown",
        "selectionType": "single",
        "clearSearch": true,
        "source": "filter",
        "DimensionName": "Location",
        "LevelAttributeName": "Location",
        "RelationshipType": "006.004W Exception Planning Material Root Cause",
        "EdgeDirection": "FROM",
        "visible": true,
        "isEditable": true,
        "validation": {
          "maxLength": "0",
          "required": true
        }
      }
    ],
    "DataSources": [
      {
        "Name": "UniqueID",
        "IBPLRules": [
          {
            "template": "select NextLabel([SSOrderlineID]);"
          }
        ],
        "JavascriptRules": [],
        "FieldBindings": []
      },
      {
        "Name": "BODLanes",
        "IBPLRules": [
          {
            "template": "select (&AllBODLanes * Activity1.[From Location] * Activity1.[To Location]{{#filter ToLocation}});"
          }
        ],
        "JavascriptRules": [],
        "FieldBindings": []
      },
      {
        "Name": "CurrentUser",
        "IBPLRules": [
          {
            "template": "select CurrentUser();"
          }
        ],
        "JavascriptRules": [],
        "FieldBindings": []
      }
    ],
    "AutoExecute": false,
    "isAsync": true,
    "hasMembersUpdates": true,
    "Compact": false,
    "TwoColumn": true,
    "IsGlobalForExcelAddIn": false,
    "FilterFieldBindings": []
  },
  "Widget": null
}