{
  "AttributeName": "Retail_MFP_OTB_DV_NN",
  "AttributeId": "6e782c09-452d-3234-b523-efd8464d05d3",
  "AttributeHierarchyEnabled": true,
  "IsKey": false,
  "Description": "Retail MFP OTB Data Validation Namednode",
  "OrderBy": "Key",
  "KeyColumnName": "Retail_MFP_OTB_DV_NNKey",
  "NameColumnName": "Retail_MFP_OTB_DV_NNName",
  "KeyColumnDataType": "integer",
  "SeedTags": true,
  "KeyGenerationType": "Auto",
  "PickListName": null,
  "ConfigJson": {
    "ShowFilterAs": "TileView",
    "MemberDisplayNameEditable": true,
    "IsMultipleImage": false,
    "MemberDisplayColor": false
  },
  "FormatString": null,
  "Translation": null,
  "Aliases": [],
  "ApiName": null,
  "ApiDisabled": false,
  "ParentAttributeName": null,
  "NamedNodeUsages": [
    {
      "DimensionName": "Data Validation",
      "AttributeName": "Data Validation"
    }
  ]
}