{
  "AttributeName": "Serial No",
  "AttributeId": "c277e45e-45f0-47fa-b686-edf49f24373e",
  "AttributeHierarchyEnabled": true,
  "IsKey": true,
  "Description": "Serial No",
  "OrderBy": "Key",
  "KeyColumnName": "SerialNoKey",
  "NameColumnName": "SerialNoName",
  "KeyColumnDataType": "integer",
  "SeedTags": false,
  "KeyGenerationType": "Auto",
  "PickListName": null,
  "ConfigJson": {
    "ShowFilterAs": "TileView",
    "MemberDisplayNameEditable": true,
    "IsMultipleImage": false
  },
  "FormatString": null,
  "Translation": null,
  "Aliases": [],
  "ApiName": null,
  "ApiDisabled": false
}