{
  "HierarchyName": "DP Location Type Hierarchy",
  "HierarchyId": "84d094bd-eb59-4311-ab78-9506d7955f87",
  "HierarchyDescription": "DP Location Type Hierarchy",
  "Translations": null,
  "Levels": [
    {
      "LevelName": "All Location",
      "LevelId": "4fdcb79f-e83c-6904-e9c5-1ec9373c7586",
      "SourceAttributeName": "All Location",
      "LevelDescription": "All Locations roll upto this. Usually contains 'All' as its member.",
      "LevelPosition": 0,
      "Translations": null
    },
    {
      "LevelName": "Location Type",
      "LevelId": "3925e84e-2db1-866f-ca5b-612c3e15eb65",
      "SourceAttributeName": "Location Type",
      "LevelDescription": "Grouping of locations from supply perspective, mainly into manufacturing, distribution and ShipTo locations. ",
      "LevelPosition": 1,
      "Translations": null
    },
    {
      "LevelName": "Reporting Location",
      "LevelId": "3fc7f68f-d814-78e3-b216-98ce8f3b3f01",
      "SourceAttributeName": "Reporting Location",
      "LevelDescription": "Reporting Location",
      "LevelPosition": 2,
      "Translations": null
    },
    {
      "LevelName": "Location",
      "LevelId": "ea262317-30a9-d4ea-6e01-672f710f832f",
      "SourceAttributeName": "Location",
      "LevelDescription": "Location from supply perspective. Consists of mainly manufacturing and distribution locations. Supplier locations are created in this dimension, based on supplier_location within Supplier dimension. ",
      "LevelPosition": 3,
      "Translations": null
    }
  ],
  "IsEnabled": true,
  "ErrorMessage": null
}