{
  "HierarchyName": "DP Location Hierarchy",
  "HierarchyId": "66d7f33a-609b-5a35-f2ce-2f00eda1b540",
  "HierarchyDescription": "DP Location Hierarchy",
  "Translations": null,
  "Levels": [
    {
      "LevelName": "All Location",
      "LevelId": "30a19caa-2587-49a4-3870-7ae8415b476e",
      "SourceAttributeName": "All Location",
      "LevelDescription": "All Locations roll upto this. Usually contains 'All' as its member.",
      "LevelPosition": 0,
      "Translations": null
    },
    {
      "LevelName": "Location Country",
      "LevelId": "bd922a2f-dbc3-8852-e3c4-ec9c0e3a8abc",
      "SourceAttributeName": "Location Country",
      "LevelDescription": "Country",
      "LevelPosition": 1,
      "Translations": null
    },
    {
      "LevelName": "Location Region",
      "LevelId": "0e0caae1-cd5a-c246-065e-f4927f02c40b",
      "SourceAttributeName": "Location Region",
      "LevelDescription": "Region",
      "LevelPosition": 2,
      "Translations": null
    },
    {
      "LevelName": "Reporting Location",
      "LevelId": "a89d0538-1381-1357-86eb-889129d0efb6",
      "SourceAttributeName": "Reporting Location",
      "LevelDescription": "Reporting Location",
      "LevelPosition": 3,
      "Translations": null
    },
    {
      "LevelName": "Location",
      "LevelId": "d299ff00-cacc-f8ed-8320-8bd2969f5a77",
      "SourceAttributeName": "Location",
      "LevelDescription": "Location from supply perspective. Consists of mainly manufacturing and distribution locations. Supplier locations are created in this dimension, based on supplier_location within Supplier dimension. ",
      "LevelPosition": 4,
      "Translations": null
    }
  ],
  "IsEnabled": true,
  "ErrorMessage": null
}