{
  "HierarchyName": "Stat Location Hierarchy",
  "HierarchyId": "dd4a948c-dcbb-435b-a434-281dcae3a36b",
  "HierarchyDescription": "Stat Location Hierarchy",
  "Translations": [],
  "Levels": [
    {
      "LevelName": "All Location",
      "LevelId": "2c9e2276-178a-401d-bbd0-48bc76822939",
      "SourceAttributeName": "All Location",
      "LevelDescription": "All Locations roll upto this. Usually contains 'All' as its member.",
      "LevelPosition": 0,
      "Translations": []
    },
    {
      "LevelName": "Stat Location Group",
      "LevelId": "a88a3ff4-bcdf-c97f-974a-9508d95452ad",
      "SourceAttributeName": "Stat Location Group",
      "LevelDescription": "Highest Level in Stat Hierarchy",
      "LevelPosition": 1,
      "Translations": []
    },
    {
      "LevelName": "Stat Location",
      "LevelId": "0e93f0c2-f5a1-48b2-9f2a-04cd92f05e27",
      "SourceAttributeName": "Stat Location",
      "LevelDescription": "Stat Location",
      "LevelPosition": 2,
      "Translations": []
    },
    {
      "LevelName": "Planning Location",
      "LevelId": "27ec669c-1c90-1fd2-d0d5-44df9ee38997",
      "SourceAttributeName": "Planning Location",
      "LevelDescription": "Planning Location",
      "LevelPosition": 3,
      "Translations": []
    },
    {
      "LevelName": "Reporting Location",
      "LevelId": "97ca97fe-114a-2f91-d94c-b6ee1ab393e6",
      "SourceAttributeName": "Reporting Location",
      "LevelDescription": "Reporting Location",
      "LevelPosition": 4,
      "Translations": []
    },
    {
      "LevelName": "Location",
      "LevelId": "b333690f-b3bd-0be8-2628-7437991c3590",
      "SourceAttributeName": "Location",
      "LevelDescription": "Location from supply perspective. Consists of mainly manufacturing and distribution locations. Supplier locations are created in this dimension, based on supplier_location within Supplier dimension. ",
      "LevelPosition": 5,
      "Translations": []
    }
  ],
  "IsEnabled": true,
  "ErrorMessage": null
}