{
  "Name": "DI015AddingRowsTenantDataFiles",
  "Description": "Add Record",
  "ActionButtonId": "fd002332-d2a8-466f-9f9d-957cf66f8820",
  "Tooltip": "Add Record",
  "ActionButtonType": "Rule",
  "Alignment": "right",
  "IsPopOver": true,
  "IsGlobal": false,
  "ActionClickHandler": null,
  "Icon": null,
  "Image": null,
  "ConfigJson": {
    "icon": "plus",
    "Position": "0",
    "SubmitButton": {
      "Label": "Submit"
    },
    "ResetButton": {
      "Label": "Reset"
    },
    "CloseButton": {
      "Label": "Close",
      "ConfirmMessage": "Unsaved changes will be lost. Continue?"
    },
    "NotifyAll": false,
    "IBPLRules": [
      {
        "template": "Createmember([Tenant Data Files].[Serial No] = {, \"{{SerialNo}}\"},[Tenant Data Files].[Tenant Table Type] = {,\"{{TenantTableType}}\"},[Tenant Data Files].[Table Name] = {, \"{{TableName}}\"});\n\ncartesian scope:([Version].[Version Name].[{{Version}}]*[Tenant Data Files].[Serial No].[{{SerialNo}}]*[Tenant Data Files].[Tenant Table Type].[{{TenantTableType}}]*[Tenant Data Files].[Table Name].[{{TableName}}]);\nMeasure.[Tenant File Name] = \"{{FileName}}\";\nMeasure.[Tenant IBPL Query] =\"{{IBPLQuery}}\";\nMeasure.[Tenant Validate Hierarchy Check] =\"{{ValidateHierarchyCheck}}\";\n{{#if MP}}\nMeasure.[Tenant MP] = \"{{MP}}\" ;\n{{#else}} Measure.[Tenant MP] = null ;\n{{/if}}\n{{#if DP}}\nMeasure.[Tenant DP] = \"{{DP}}\" ;\n{{#else}} Measure.[Tenant DP] = null ;\n{{/if}}\n{{#if OP}}\nMeasure.[Tenant OP] = \"{{OP}}\" ;\n{{#else}} Measure.[Tenant OP] = null ;\n{{/if}}\n{{#if MEIO}}\nMeasure.[Tenant MEIO] = \"{{MEIO}}\" ;\n{{#else}} Measure.[Tenant MEIO] = null ;\n{{/if}}\n{{#if ControlTower}}\nMeasure.[Tenant Control Tower] = \"{{ControlTower}}\" ;\n{{#else}} Measure.[Tenant Control Tower] = null ;\n{{/if}}\n{{#if RetailReplenishment}}\nMeasure.[Tenant Retail Replenishment] = \"{{RetailReplenishment}}\" ;\n{{#else}} Measure.[Tenant Retail Replenishment] = null ;\n{{/if}}\n{{#if CommercialPlanning}}\nMeasure.[Tenant Commercial Planning] = \"{{CommercialPlanning}}\" ;\n{{#else}} Measure.[Tenant Commercial Planning] = null ;\n{{/if}}\n{{#if Scheduling}}\nMeasure.[Tenant Scheduling] = \"{{Scheduling}}\" ;\n{{#else}} Measure.[Tenant Scheduling] = null ;\n{{/if}}\n{{#if TLB}}\nMeasure.[Tenant TLB] = \"{{TLB}}\" ;\n{{#else}} Measure.[Tenant TLB] = null ;\n{{/if}}\n{{#if OrderPromising}}\nMeasure.[Tenant Order Promising] = \"{{OrderPromising}}\" ;\n{{#else}} Measure.[Tenant Order Promising] = null ;\n{{/if}}\nend scope;"
      }
    ],
    "JavascriptRules": [],
    "FieldBindings": [
      {
        "fieldName": "Version",
        "title": "Version",
        "Description": "Version",
        "type": "picklistDropdown",
        "selectionType": "single",
        "clearSearch": true,
        "source": "members",
        "DimensionName": "Version",
        "LevelAttributeName": "Version Name",
        "visible": true,
        "isEditable": true,
        "validation": {
          "maxLength": "0",
          "required": true
        }
      },
      {
        "fieldName": "SerialNo",
        "title": "Serial No",
        "Description": "Serial No",
        "type": "number",
        "clearSearch": true,
        "source": "literal",
        "visible": true,
        "isEditable": true,
        "validation": {
          "maxLength": "0",
          "required": true
        }
      },
      {
        "fieldName": "TenantTableType",
        "title": "Tenant Table Type",
        "Description": "This contains classification of data that's being downloaded from tenant. ",
        "type": "picklistDropdown",
        "selectionType": "single",
        "clearSearch": true,
        "select": "NONE",
        "source": "localPicklist",
        "values": [
          {
            "Key": "0",
            "Name": "Master"
          },
          {
            "Key": "1",
            "Name": "Audit"
          },
          {
            "Key": "2",
            "Name": "PlatformDataValidationDetails"
          },
          {
            "Key": "3",
            "Name": "PlatformDataValidationSummary"
          },
          {
            "Key": "4",
            "Name": "LS_HistoryData"
          },
          {
            "Key": "5",
            "Name": "PlanOutputs"
          },
          {
            "Key": "6",
            "Name": "To_Dimension"
          }
        ],
        "valueField": "Name",
        "visible": true,
        "isEditable": true,
        "validation": {
          "maxLength": "0",
          "required": true
        }
      },
      {
        "fieldName": "TableName",
        "title": "Table Name",
        "Description": "DB Table Name to store the IBPL extracted data",
        "type": "string",
        "clearSearch": true,
        "source": "literal",
        "visible": true,
        "isEditable": true,
        "validation": {
          "maxLength": "0",
          "required": true
        }
      },
      {
        "fieldName": "FileName",
        "title": "File Name",
        "Description": "This contains the filename to which SSIS mPower component downloads data",
        "type": "string",
        "clearSearch": true,
        "source": "literal",
        "visible": true,
        "isEditable": true,
        "validation": {
          "maxLength": "0",
          "required": true
        }
      },
      {
        "fieldName": "IBPLQuery",
        "title": "IBPL Query",
        "Description": "Specify the IBPL query to extract data",
        "type": "string",
        "clearSearch": true,
        "source": "literal",
        "visible": true,
        "isEditable": true,
        "validation": {
          "maxLength": "0",
          "required": true
        }
      },
      {
        "fieldName": "ValidateHierarchyCheck",
        "title": "Validate Hierarchy Check",
        "Description": "Specify whether 'Attribute Hierarchy' should be peformed on the extracted master data, Allowed values are 'YES' and 'NO",
        "type": "picklistDropdown",
        "selectionType": "single",
        "clearSearch": true,
        "source": "picklist",
        "key": "Integration Yes No",
        "visible": true,
        "isEditable": true,
        "validation": {
          "maxLength": "0",
          "required": true
        },
        "select": "NONE"
      },
      {
        "fieldName": "MP",
        "title": "MP",
        "Description": "Specify 'YES' if the data needs to be downloaded from Tenant as part of the MP Batch processing",
        "type": "picklistDropdown",
        "selectionType": "single",
        "clearSearch": true,
        "select": "NONE",
        "source": "picklist",
        "key": "Integration Yes",
        "visible": true,
        "isEditable": true,
        "validation": {
          "maxLength": "0",
          "required": false
        }
      },
      {
        "fieldName": "DP",
        "title": "DP",
        "Description": "Specify 'YES' if the data needs to be downloaded from Tenant as part of the DP Batch processing",
        "type": "picklistDropdown",
        "selectionType": "single",
        "clearSearch": true,
        "select": "NONE",
        "source": "picklist",
        "key": "Integration Yes",
        "visible": true,
        "isEditable": true,
        "validation": {
          "maxLength": "0",
          "required": false
        }
      },
      {
        "fieldName": "OP",
        "title": "OP",
        "Description": "Specify 'YES' if the data needs to be downloaded from Tenant as part of the OP Batch processing",
        "type": "picklistDropdown",
        "selectionType": "single",
        "clearSearch": true,
        "select": "NONE",
        "source": "picklist",
        "key": "Integration Yes",
        "visible": true,
        "isEditable": true,
        "validation": {
          "maxLength": "0",
          "required": false
        }
      },
      {
        "fieldName": "MEIO",
        "title": "MEIO",
        "Description": "Specify 'YES' if the data needs to be downloaded from Tenant as part of the MEIO Batch processing",
        "type": "picklistDropdown",
        "selectionType": "single",
        "clearSearch": true,
        "select": "NONE",
        "source": "picklist",
        "key": "Integration Yes",
        "visible": true,
        "isEditable": true,
        "validation": {
          "maxLength": "0",
          "required": false
        }
      },
      {
        "fieldName": "ControlTower",
        "title": "ControlTower",
        "Description": "Specify 'YES' if the data needs to be downloaded from Tenant as part of the Control Tower Batch processing",
        "type": "picklistDropdown",
        "selectionType": "single",
        "clearSearch": true,
        "select": "NONE",
        "source": "picklist",
        "key": "Integration Yes",
        "visible": true,
        "isEditable": true,
        "validation": {
          "maxLength": "0",
          "required": false
        }
      },
      {
        "fieldName": "RetailReplenishment",
        "title": "Retail Replenishment",
        "Description": "Specify YES if the data needs to be downloaded from Tenant as part of the Batch processing",
        "type": "picklistDropdown",
        "selectionType": "single",
        "clearSearch": true,
        "select": "NONE",
        "source": "picklist",
        "key": "Integration Yes",
        "visible": true,
        "isEditable": true,
        "validation": {
          "maxLength": "0",
          "required": false
        }
      },
      {
        "fieldName": "CommercialPlanning",
        "title": "Commercial Planning",
        "Description": "Specify YES if the data needs to be downloaded from Tenant as part of the Batch processing",
        "type": "picklistDropdown",
        "selectionType": "single",
        "clearSearch": true,
        "select": "NONE",
        "source": "picklist",
        "key": "Integration Yes",
        "visible": true,
        "isEditable": true,
        "validation": {
          "maxLength": "0",
          "required": false
        }
      },
      {
        "fieldName": "Scheduling",
        "title": "Scheduling",
        "Description": "Specify YES if the data needs to be downloaded from Tenant as part of the Batch processing",
        "type": "picklistDropdown",
        "selectionType": "single",
        "clearSearch": true,
        "select": "NONE",
        "source": "picklist",
        "key": "Integration Yes",
        "visible": true,
        "isEditable": true,
        "validation": {
          "maxLength": "0",
          "required": false
        }
      },
      {
        "fieldName": "TLB",
        "title": "TLB",
        "type": "picklistDropdown",
        "selectionType": "single",
        "clearSearch": true,
        "select": "NONE",
        "source": "picklist",
        "key": "Integration Yes",
        "visible": true,
        "isEditable": true,
        "validation": {
          "maxLength": "0",
          "required": false
        },
        "Description": "Specify YES if the data needs to be downloaded from Tenant as part of the Batch processing"
      },
      {
        "fieldName": "OrderPromising",
        "title": "OrderPromising",
        "Description": "Specify 'YES' if the data needs to be downloaded from Tenant as part of the Order Promising Batch processing",
        "type": "picklistDropdown",
        "selectionType": "single",
        "clearSearch": true,
        "select": "NONE",
        "source": "picklist",
        "key": "Integration Yes",
        "visible": true,
        "isEditable": true,
        "validation": {
          "maxLength": "0",
          "required": false
        }
      },
      {
        "fieldName": "Segmentation",
        "title": "Segmentation",
        "Description": "Specify 'YES' if the data needs to be downloaded from Tenant as part of the Segmentation Batch processing",
        "type": "picklistDropdown",
        "selectionType": "single",
        "clearSearch": true,
        "select": "NONE",
        "source": "picklist",
        "key": "Integration Yes",
        "visible": true,
        "isEditable": true,
        "validation": {
          "maxLength": "0",
          "required": false
        }
      }
    ],
    "DataSources": [],
    "AutoExecute": false,
    "isAsync": false,
    "hasMembersUpdates": false,
    "Compact": false,
    "TwoColumn": false,
    "IsGlobalForExcelAddIn": false,
    "ExcludeFromNavLink": false,
    "FilterFieldBindings": []
  },
  "Widget": null
}