{
  "Name": "SupplyPlan099DCapacityParameterMerge",
  "Description": null,
  "ActionButtonId": "2ce3365d-fc12-8150-88ef-71e59cbf0e6b",
  "Tooltip": "Merge Daily Capacity Parameters",
  "ActionButtonType": "Rule",
  "Alignment": "right",
  "IsPopOver": true,
  "IsGlobal": false,
  "ActionClickHandler": null,
  "Icon": null,
  "Image": null,
  "ConfigJson": {
    "icon": "upload",
    "Position": "0",
    "SubmitButton": {
      "Label": "Submit"
    },
    "ResetButton": {
      "Label": "Reset"
    },
    "CloseButton": {
      "Label": "Close",
      "ConfirmMessage": "Unsaved changes will be lost. Continue?"
    },
    "NotifyAll": false,
    "IBPLRules": [
      {
        "template": "/* Copies over Manufacturing capacity measures, if selected */\n\n{{#if DailyMFGCapacityMeasure}}\n\n{{#each DailyMFGCapacityMeasure}}\n\n\nscope: (Version.[Version Name].[{{Target}}] * Resource.Resource{{#filter Resource1}} * Location.Location{{#filter Location1}} * &DailyPlanningHorizon);\n\nMeasure.[{{this}}] = sum(Measure.[{{this}}]@(Version.[Version Name].[{{Source}}]) );\n\nend scope;\n\n{{/each}}\n\n{{/if}}\n\n\n /* Copies over BODLane capacity measures, if selected */\n\n{{#if DISTCapacityMeasure2}}\n\n{{#each DISTCapacityMeasure2}}\n\n\nscope: (Version.[Version Name].[{{Target}}] * Activity1.Activity1{{#filter BODLane2}} * Activity2.Activity2{{#filter Activity22}} * &PlanningHorizon);\n\nMeasure.[{{this}}] = Measure.[{{this}}]@(Version.[Version Name].[{{Source}}]);\n\nend scope;\n\n{{/each}}\n\n{{/if}}\n\n\n/* Copies over Handling capacity measures, if selected */\n\n\n{{#if DISTCapacityMeasure3}}\n\n{{#each DISTCapacityMeasure3}}\n\n\nscope: (Version.[Version Name].[{{Target}}] * Location.Location{{#filter Location3}} * &PlanningHorizon);\n\nMeasure.[{{this}}] = Measure.[{{this}}]@(Version.[Version Name].[{{Source}}] );\n\nend scope;\n\n{{/each}}\n{{/if}}\n\n\n/* Copies over BODLane Shared capacity measures, if selected */\n\n\n{{#if DISTCapacityMeasure4}}\n\n{{#each DISTCapacityMeasure4}}\n\n\nscope: (Version.[Version Name].[{{Target}}] * Resource.Resource{{#filter Resource4}} * Location.Location{{#filter Location4}} * Activity1.Activity1{{#filter Activity14}} * Activity2.Activity2{{#filter Activity24}} * &DailyPlanningHorizon);\n\nMeasure.[{{this}}] = Measure.[{{this}}]@(Version.[Version Name].[{{Source}}]);\n\nend scope;\n\n{{/each}}\n{{/if}}\n\n\n/* Copies over Item capacity at a supplier measures, if selected */\n\n\n{{#if DailyPROCCapacityMeasure5}}\n\n{{#each DailyPROCCapacityMeasure5}}\n\nscope: (Version.[Version Name].[{{Target}}] * Item.Item{{#filter Item5}} * Supplier.[Supplier Location]{{#filter Supplier5}} * &DailyPlanningHorizon);\n\nMeasure.[{{this}}] = Measure.[{{this}}]@(Version.[Version Name].[{{Source}}]);\n\nend scope;\n\n{{/each}}\n{{/if}}\n\n\n/* Copies over shared capacity at a supplier measures, if selected */\n\n\n\n{{#if DailyPROCCapacityMeasure6}}\n\n{{#each DailyPROCCapacityMeasure6}}\n\n\nscope: (Version.[Version Name].[{{Target}}] * Resource.Resource{{#filter Resource6}} * Supplier.[Supplier Location]{{#filter Supplier6}} * &DailyPlanningHorizon);\n\nMeasure.[{{this}}] = Measure.[{{this}}]@(Version.[Version Name].[{{Source}}]);\n\nend scope;\n\n\n{{/each}}\n{{/if}}\n\n\n/* Copies over shared transportation at a supplier measures, if selected */\n\n\n{{#if DailyPROCCapacityMeasure7}}\n\n{{#each DailyPROCCapacityMeasure7}}\n\n\nscope: (Version.[Version Name].[{{Target}}] * Item.Item{{#filter Item7}} *  Supplier.[Supplier Location]{{#filter Supplier7}} * Location.Location{{#filter Location7}} * Activity2.Activity2{{#filter Activity27}}* &DailyPlanningHorizon);\n\nMeasure.[{{this}}] = Measure.[{{this}}]@(Version.[Version Name].[{{Source}}]);\n\nend scope;\n\n\n{{/each}}\n{{/if}}"
      }
    ],
    "JavascriptRules": [],
    "FieldBindings": [
      {
        "fieldName": "Target",
        "title": "Target Scenario",
        "Description": "Target Scenario",
        "type": "picklistDropdown",
        "selectionType": "single",
        "clearSearch": true,
        "select": "ALL",
        "source": "members",
        "DimensionName": "Version",
        "LevelAttributeName": "Version Name",
        "visible": true,
        "isEditable": false,
        "validation": {
          "maxLength": "0",
          "required": true
        }
      },
      {
        "fieldName": "Source",
        "title": "Source Scenario",
        "Description": "Source Scenario",
        "type": "picklistDropdown",
        "selectionType": "single",
        "clearSearch": true,
        "select": "NONE",
        "source": "members",
        "DimensionName": "Version",
        "LevelAttributeName": "Version Name",
        "visible": true,
        "isEditable": true,
        "validation": {
          "maxLength": "0",
          "required": true
        },
        "FilterExpression": "&Scenarios"
      },
      {
        "fieldName": "Location1",
        "title": "Location",
        "type": "picklistDropdown",
        "fieldGroup": "Manufacturing Capacity",
        "selectionType": "single",
        "clearSearch": true,
        "select": "NONE",
        "source": "members",
        "DimensionName": "Location",
        "LevelAttributeName": "Location",
        "visible": true,
        "isEditable": true,
        "validation": {
          "maxLength": "0",
          "required": false
        }
      },
      {
        "fieldName": "Resource1",
        "title": "Resource",
        "type": "picklistDropdown",
        "fieldGroup": "Manufacturing Capacity",
        "selectionType": "multiple",
        "clearSearch": true,
        "select": "NONE",
        "source": "datasource",
        "key": "dsResource1",
        "valueField": "Resource",
        "textField": "Resource",
        "visible": true,
        "isEditable": true,
        "cascadeFrom": "Location1",
        "validation": {
          "maxLength": "0",
          "required": false
        }
      },
      {
        "fieldName": "DailyMFGCapacityMeasure",
        "title": "Parameters",
        "type": "picklistDropdown",
        "fieldGroup": "Manufacturing Capacity",
        "selectionType": "multiple",
        "clearSearch": true,
        "select": "NONE",
        "source": "picklist",
        "key": "D CapacityMFGMeasuresCommon",
        "visible": true,
        "isEditable": true,
        "validation": {
          "maxLength": "0",
          "required": false
        }
      },
      {
        "fieldName": "BODLane2",
        "title": "BODlane",
        "Description": "BODLane",
        "type": "picklistDropdown",
        "fieldGroup": "BODLane Capacity",
        "selectionType": "multiple",
        "clearSearch": true,
        "select": "NONE",
        "source": "members",
        "DimensionName": "Activity1",
        "LevelAttributeName": "Activity1",
        "FilterExpression": "&AllBODLanes",
        "visible": true,
        "isEditable": true,
        "validation": {
          "maxLength": "0",
          "required": false
        }
      },
      {
        "fieldName": "Activity22",
        "title": "Activity2",
        "type": "picklistDropdown",
        "fieldGroup": "BODLane Base Capacity",
        "selectionType": "multiple",
        "clearSearch": true,
        "select": "NONE",
        "source": "members",
        "DimensionName": "Activity2",
        "LevelAttributeName": "Activity2",
        "visible": true,
        "isEditable": true,
        "validation": {
          "maxLength": "0",
          "required": true
        },
        "FilterExpression": "&AllTransModes"
      },
      {
        "fieldName": "DISTCapacityMeasure2",
        "title": "Parameters",
        "Description": "BODLane Capacity Measures",
        "type": "picklistDropdown",
        "fieldGroup": "BODLane Capacity",
        "selectionType": "multiple",
        "clearSearch": true,
        "select": "NONE",
        "source": "picklist",
        "key": "CommonCapacityDISTMeasures",
        "visible": true,
        "isEditable": true,
        "validation": {
          "maxLength": "0",
          "required": false
        }
      },
      {
        "fieldName": "Location3",
        "title": "Location",
        "Description": "Location",
        "type": "picklistDropdown",
        "fieldGroup": "Handling Capacity",
        "selectionType": "multiple",
        "clearSearch": true,
        "select": "NONE",
        "source": "members",
        "DimensionName": "Location",
        "LevelAttributeName": "Location",
        "visible": true,
        "isEditable": true,
        "validation": {
          "maxLength": "0",
          "required": false
        }
      },
      {
        "fieldName": "DISTCapacityMeasure3",
        "title": "Parameters",
        "Description": "BODLane Inbound/Outbound Capacity",
        "type": "picklistDropdown",
        "fieldGroup": "Handling Capacity",
        "selectionType": "multiple",
        "clearSearch": true,
        "select": "NONE",
        "source": "picklist",
        "key": "CommonCapacityDISTMeasures2",
        "visible": true,
        "isEditable": true,
        "validation": {
          "maxLength": "0",
          "required": false
        }
      },
      {
        "fieldName": "Activity14",
        "title": "Activity1",
        "type": "picklistDropdown",
        "fieldGroup": "BODLane Shared Capacity",
        "selectionType": "multiple",
        "clearSearch": true,
        "select": "NONE",
        "source": "members",
        "DimensionName": "Activity1",
        "LevelAttributeName": "Activity1",
        "visible": true,
        "isEditable": true,
        "validation": {
          "maxLength": "0",
          "required": true
        },
        "FilterExpression": "&AllBODLanes"
      },
      {
        "fieldName": "Activity24",
        "title": "Activity2",
        "type": "picklistDropdown",
        "fieldGroup": "BODLane Shared Capacity",
        "selectionType": "multiple",
        "clearSearch": true,
        "select": "NONE",
        "source": "members",
        "DimensionName": "Activity2",
        "LevelAttributeName": "Activity2",
        "visible": true,
        "isEditable": true,
        "validation": {
          "maxLength": "0",
          "required": true
        },
        "FilterExpression": "&AllTransModes"
      },
      {
        "fieldName": "Resource4",
        "title": "Resource",
        "type": "picklistDropdown",
        "fieldGroup": "BODLane Shared Capacity",
        "selectionType": "multiple",
        "clearSearch": true,
        "select": "NONE",
        "source": "datasource",
        "key": "dsResource4",
        "valueField": "Resource",
        "textField": "Resource",
        "visible": true,
        "isEditable": true,
        "cascadeFrom": "Location4",
        "validation": {
          "maxLength": "0",
          "required": false
        }
      },
      {
        "fieldName": "Location4",
        "title": "Location",
        "Description": "Location",
        "type": "picklistDropdown",
        "fieldGroup": "BODLane Shared Capacity",
        "selectionType": "single",
        "clearSearch": true,
        "select": "NONE",
        "source": "members",
        "DimensionName": "Location",
        "LevelAttributeName": "Location",
        "visible": true,
        "isEditable": true,
        "validation": {
          "maxLength": "0",
          "required": false
        }
      },
      {
        "fieldName": "DISTCapacityMeasure4",
        "title": "Parameters",
        "type": "picklistDropdown",
        "fieldGroup": "BODLane Shared Capacity",
        "selectionType": "multiple",
        "clearSearch": true,
        "select": "NONE",
        "source": "picklist",
        "key": "CapacityDISTMeasures3",
        "visible": true,
        "isEditable": true,
        "validation": {
          "maxLength": "0",
          "required": false
        }
      },
      {
        "fieldName": "Item5",
        "title": "Item",
        "type": "picklistDropdown",
        "fieldGroup": "Supplier Capacity for Item",
        "selectionType": "multiple",
        "clearSearch": true,
        "source": "members",
        "DimensionName": "Item",
        "LevelAttributeName": "Item",
        "visible": true,
        "isEditable": true,
        "validation": {
          "maxLength": "0",
          "required": false
        },
        "select": "NONE"
      },
      {
        "fieldName": "Supplier5",
        "title": "Supplier",
        "type": "picklistDropdown",
        "fieldGroup": "Supplier Capacity for Item",
        "selectionType": "multiple",
        "clearSearch": true,
        "select": "NONE",
        "source": "datasource",
        "key": "dsSupplier5",
        "valueField": "Supplier Location",
        "textField": "Supplier Location",
        "visible": true,
        "isEditable": true,
        "cascadeFrom": "Item5",
        "validation": {
          "maxLength": "0",
          "required": false
        }
      },
      {
        "fieldName": "DailyPROCCapacityMeasure5",
        "title": "Parameters",
        "type": "picklistDropdown",
        "fieldGroup": "Supplier Capacity for Item",
        "selectionType": "multiple",
        "clearSearch": true,
        "select": "NONE",
        "source": "picklist",
        "key": "DailyCapacityPROCMeasures2",
        "visible": true,
        "isEditable": true,
        "validation": {
          "maxLength": "0",
          "required": false
        }
      },
      {
        "fieldName": "Supplier6",
        "title": "Supplier",
        "type": "picklistDropdown",
        "fieldGroup": "Shared Capacity at Supplier",
        "selectionType": "single",
        "clearSearch": true,
        "select": "NONE",
        "source": "members",
        "DimensionName": "Supplier",
        "LevelAttributeName": "Supplier Location",
        "visible": true,
        "isEditable": true,
        "validation": {
          "maxLength": "0",
          "required": false
        }
      },
      {
        "fieldName": "Resource6",
        "title": "Resource",
        "type": "picklistDropdown",
        "fieldGroup": "Shared Capacity at Supplier",
        "selectionType": "multiple",
        "clearSearch": true,
        "select": "NONE",
        "source": "datasource",
        "key": "dsResource6",
        "valueField": "Resource",
        "textField": "Resource",
        "visible": true,
        "isEditable": true,
        "validation": {
          "maxLength": "0",
          "required": false
        },
        "cascadeFrom": "Supplier6"
      },
      {
        "fieldName": "DailyPROCCapacityMeasure6",
        "title": "Parameters",
        "type": "picklistDropdown",
        "fieldGroup": "Shared Capacity at Supplier",
        "selectionType": "multiple",
        "clearSearch": true,
        "select": "NONE",
        "source": "picklist",
        "key": "DailyCapacityPROCMeasures1",
        "visible": true,
        "isEditable": true,
        "validation": {
          "maxLength": "0",
          "required": false
        }
      },
      {
        "fieldName": "Item7",
        "title": "Item",
        "type": "picklistDropdown",
        "fieldGroup": "Supplier Transmode",
        "selectionType": "multiple",
        "clearSearch": true,
        "select": "NONE",
        "source": "members",
        "DimensionName": "Item",
        "LevelAttributeName": "Item",
        "visible": true,
        "isEditable": true,
        "validation": {
          "maxLength": "0",
          "required": true
        }
      },
      {
        "fieldName": "Supplier7",
        "title": "Supplier",
        "type": "picklistDropdown",
        "fieldGroup": "Supplier Transmode",
        "selectionType": "single",
        "clearSearch": true,
        "select": "NONE",
        "source": "members",
        "DimensionName": "Supplier",
        "LevelAttributeName": "Supplier Location",
        "visible": true,
        "isEditable": true,
        "validation": {
          "maxLength": "0",
          "required": true
        }
      },
      {
        "fieldName": "Location7",
        "title": "Location",
        "type": "picklistDropdown",
        "fieldGroup": "Supplier Transmode",
        "selectionType": "single",
        "clearSearch": true,
        "select": "NONE",
        "source": "members",
        "DimensionName": "Location",
        "LevelAttributeName": "Location",
        "visible": true,
        "isEditable": true,
        "validation": {
          "maxLength": "0",
          "required": true
        }
      },
      {
        "fieldName": "Activity27",
        "title": "Transmode",
        "type": "picklistDropdown",
        "fieldGroup": "Supplier Transmode",
        "selectionType": "single",
        "clearSearch": true,
        "select": "NONE",
        "source": "members",
        "DimensionName": "Activity2",
        "LevelAttributeName": "Activity2",
        "visible": true,
        "isEditable": true,
        "validation": {
          "maxLength": "0",
          "required": true
        }
      },
      {
        "fieldName": "DailyPROCCapacityMeasure7",
        "title": "Parameters",
        "type": "picklistDropdown",
        "fieldGroup": "Supplier Transmode",
        "selectionType": "single",
        "clearSearch": true,
        "select": "NONE",
        "source": "picklist",
        "key": "DailyCapacityPROCMeasures3",
        "visible": true,
        "isEditable": true,
        "validation": {
          "maxLength": "0",
          "required": false
        }
      }
    ],
    "DataSources": [
      {
        "Name": "dsResource1",
        "IBPLRules": [
          {
            "template": "select (Version.[Version Name].{{#filter Source}} * Location.[Location].{{#filter Location1}} * [Resource].[Resource]) on row, ({Measure.[o9 Resource Location Association]}) on column where {Measure.[o9 Resource Location Association] > 0} ;"
          }
        ],
        "JavascriptRules": [],
        "FieldBindings": [],
        "IncludeDSFieldsOnly": false
      },
      {
        "Name": "dsResource4",
        "IBPLRules": [
          {
            "template": "select (Version.[Version Name]{{#filter Source}} * Location.[Location]{{#filter Location4}} * Resource.Resource) on row, ({Measure.[o9 Resource Location Association]}) on column where {Measure.[o9 Resource Location Association] > 0} ;"
          }
        ],
        "JavascriptRules": [],
        "FieldBindings": [],
        "IncludeDSFieldsOnly": false
      },
      {
        "Name": "dsSupplier5",
        "IBPLRules": [
          {
            "template": "\nSelect ([Supplier].[Supplier Location] * [Item].[Item]{{#filter Item5}} * [Version].[Version Name].{{#filter Source}}) on row, \n({Measure.[W Approved Supplier]}) on column;"
          }
        ],
        "JavascriptRules": [],
        "FieldBindings": [],
        "IncludeDSFieldsOnly": false
      },
      {
        "Name": "dsResource6",
        "IBPLRules": [
          {
            "template": "Select ([Resource].[Resource] * [Supplier].[Supplier Location]{{#filter Supplier6}} * [Version].[Version Name].{{#filter Source}}) on row, \n({Measure.[W Base Item Shared Supplier Capacity Intermediate]}) on column;"
          }
        ],
        "JavascriptRules": [],
        "FieldBindings": [],
        "IncludeDSFieldsOnly": false
      }
    ],
    "AutoExecute": false,
    "isAsync": false,
    "hasMembersUpdates": false,
    "Compact": true,
    "TwoColumn": true,
    "IsGlobalForExcelAddIn": false,
    "ExcludeFromNavLink": false,
    "FilterFieldBindings": []
  },
  "Widget": null
}