{
  "AttributeName": "Setting Description",
  "AttributeId": "a47476d0-8ccd-6e5f-25c8-41d96754b094",
  "AttributeHierarchyEnabled": false,
  "IsKey": false,
  "Description": "Setting Description",
  "OrderBy": "Key",
  "KeyColumnName": "SettingDescriptionKey",
  "NameColumnName": null,
  "KeyColumnDataType": "string",
  "SeedTags": false,
  "KeyGenerationType": null,
  "PickListName": null,
  "ConfigJson": {
    "IsVisible": true,
    "IsEditable": true
  },
  "FormatString": "",
  "Translation": null,
  "Aliases": [],
  "ApiName": null,
  "ApiDisabled": false,
  "FgColorFormula": null,
  "BgColorFormula": null,
  "IsReservedBySystem": false
}