{
  "MeasureName": "Delivery Date at Store for Units",
  "MeasureId": "196624b8-b169-d808-27c4-87db8b50cc9c",
  "MeasureDescription": "Delivery Date at Store for Units",
  "DataType": "datetime",
  "MeasureType": "Regular",
  "AggregateFunction": "Max",
  "FormatString": "dd-MM-yyyy",
  "MeasureColumnName": "DeliveryDateatStoreforUnits",
  "MeasureFormula": "",
  "IsEditable": false,
  "ApplyConversion": false,
  "ConversionFormula": "",
  "PickListName": null,
  "BgColorFormula": "",
  "FgColorFormula": "",
  "TrendFormula": "",
  "FormattingViewModel": "[]",
  "ParentMeasureName": null,
  "AssociationMeasure": false,
  "IsComputedByPlanningService": false,
  "ToolTip": "Delivery Date at Store for Units",
  "ConfigJson": {},
  "ApiName": null,
  "ApiDisabled": false,
  "IsReportingMeasure": false,
  "MeasureConditionalFormulaProperties": [],
  "PicklistSource": null
}