{
  "MeasureName": "Batch Start Time",
  "MeasureId": "a61a8f15-c3b4-4821-9850-1f8196b79860",
  "MeasureDescription": "Batch Start Time",
  "DataType": "datetime",
  "MeasureType": "Regular",
  "AggregateFunction": "Sum",
  "FormatString": "yyyy-MM-dd hh:mm:ss",
  "MeasureColumnName": "BatchStartTime",
  "MeasureFormula": "",
  "IsEditable": false,
  "ApplyConversion": false,
  "ConversionFormula": "",
  "PickListName": null,
  "BgColorFormula": "",
  "FgColorFormula": "",
  "TrendFormula": "",
  "FormattingViewModel": null,
  "ParentMeasureName": null,
  "AssociationMeasure": false,
  "IsComputedByPlanningService": false,
  "ToolTip": "Batch Start Time",
  "ConfigJson": {},
  "ApiName": null,
  "ApiDisabled": false,
  "IsReportingMeasure": false,
  "MeasureConditionalFormulaProperties": [],
  "PicklistSource": null
}