{
  "Name": "AddSequence",
  "Description": "Add Sequence",
  "ActionButtonId": "c1199133-725d-77d5-e5db-bda59f9b2aff",
  "Tooltip": "Add Sequence",
  "ActionButtonType": "Rule",
  "Alignment": "right",
  "IsPopOver": true,
  "IsGlobal": false,
  "ActionClickHandler": null,
  "Icon": null,
  "Image": null,
  "ConfigJson": {
    "DisplayName": "Add Sequence",
    "icon": "plus-square",
    "Position": "0",
    "SubmitButton": {
      "Label": "Submit"
    },
    "ResetButton": {
      "Label": "Reset"
    },
    "CloseButton": {
      "Label": "Close",
      "ConfirmMessage": "Unsaved changes will be lost. Continue?"
    },
    "NotifyAll": false,
    "IBPLRules": [
      {
        "template": "exec procedure AddSequence {\"Version\": \"{{Version}}\", \"SequenceNo\": {{SequenceNo}}};"
      }
    ],
    "JavascriptRules": [],
    "FieldBindings": [
      {
        "fieldName": "Version",
        "title": "Version",
        "type": "picklistDropdown",
        "selectionType": "single",
        "clearSearch": true,
        "source": "filter",
        "DimensionName": "Version",
        "LevelAttributeName": "Version Name",
        "visible": true,
        "isEditable": true,
        "validation": {
          "maxLength": "0",
          "required": true
        }
      },
      {
        "fieldName": "SequenceNo",
        "title": "Sequence Number",
        "Description": "Sequence Number",
        "type": "picklist",
        "selectionType": "single",
        "clearSearch": true,
        "source": "datasource",
        "key": "SequenceDS",
        "valueField": "Seq",
        "visible": true,
        "isEditable": true,
        "validation": {
          "maxLength": "0",
          "required": true
        },
        "textField": "Seq",
        "overrideFieldBindingType": false,
        "cascadeFrom": "Version"
      }
    ],
    "Range": [],
    "DataSources": [
      {
        "Name": "SequenceDS",
        "IBPLRules": [
          {
            "template": "select(&CWVAndScenarios{{#filter Version}} * Sequence.[Sequence] * {coalesce(Measure.[Sequence Counter],0)+1 as transient.[Seq]}) orderby transient.[Seq] desc limit 1;"
          }
        ],
        "JavascriptRules": [],
        "IncludeDSFieldsOnly": false,
        "FieldBindings": []
      }
    ],
    "AutoExecute": true,
    "isAsync": false,
    "hasMembersUpdates": false,
    "Compact": false,
    "TwoColumn": false,
    "IsGlobalForExcelAddIn": false,
    "enableTransaction": false,
    "ExcludeFromNavLink": false,
    "FilterFieldBindings": []
  },
  "Widget": null,
  "Roles": []
}