{
  "Name": "PushtoBUPlan",
  "Description": "Push Planned Values from TD Plan to BU Plan",
  "ActionButtonId": "52c04bae-d946-43e4-19c0-47ea60b0aac0",
  "Tooltip": "Push Planned Values from TD Plan to BU Plan",
  "ActionButtonType": "Rule",
  "Alignment": "right",
  "IsPopOver": true,
  "IsGlobal": false,
  "ActionClickHandler": null,
  "Icon": null,
  "Image": null,
  "ConfigJson": {
    "DisplayName": "Push Plan",
    "icon": "angle-double-down",
    "Position": "0",
    "SubmitButton": {
      "Label": "Submit",
      "SuccessMessage": "Pushed TD Plan to BU Plan",
      "ErrorMessage": "Error! Could not publish plan",
      "ConfirmMessage": "Are you sure you want to go ahead with the changes?"
    },
    "ResetButton": {
      "Label": "Reset"
    },
    "CloseButton": {
      "Label": "Close",
      "ConfirmMessage": "Unsaved changes will be lost. Continue?"
    },
    "NotifyRoles": false,
    "NotifyAll": false,
    "IBPLRules": [
      {
        "template": "exec procedure PushtoBottomUpPlan { \"Version\" : \"{{Version}}\" , \"Department\" : [{{#csv Department}}] , \"Channel\" : [{{#csv Channel}}] , \"Quarter\" : [{{#csv Quarter}}] , \"Country\" : [{{#csv Country}}] , \"SellingSeason\" : [{{#csv SellingSeason}}] };"
      },
      {
        "template": "cartesian scope: (&CwvAndScenarios{{#filter Version}} *&RE2EDepartments{{#filter Department}} );\nMeasure.[TD IsPushed]=True;\nMeasure.[TD Pushed Date]= todatetime(now());\nend scope;"
      },
      {
        "template": "evaluatemember scope: ([Process].[Process].[Distribute Department Targets] * &CwvAndScenarios{{#filter Version}} * &RE2EDepartments{{#filter Department}});\nMeasure.[TD Push Process Activity Association] = if (Process.#.Name == \"Distribute Department Targets\") then Measure.[TD IsPushed];\nMeasure.[TD Push Process Activity Approval Date] = if (Process.#.Name == \"Distribute Department Targets\") then Measure.[TD Pushed Date];\nend scope;"
      }
    ],
    "JavascriptRules": [],
    "FieldBindings": [
      {
        "fieldName": "Version",
        "title": "Version",
        "Description": "Select Version",
        "type": "picklist",
        "selectionType": "single",
        "clearSearch": true,
        "source": "filter",
        "DimensionName": "Version",
        "LevelAttributeName": "Version Name",
        "visible": true,
        "isEditable": false,
        "validation": {
          "maxLength": "0",
          "required": true
        }
      },
      {
        "fieldName": "Department",
        "title": "Department",
        "Description": "Select Department",
        "type": "picklist",
        "selectionType": "multiple",
        "clearSearch": true,
        "source": "filter",
        "DimensionName": "Item",
        "LevelAttributeName": "L4",
        "visible": true,
        "isEditable": true,
        "validation": {
          "maxLength": "0",
          "required": true
        }
      },
      {
        "fieldName": "Channel",
        "title": "Sales Planning Channel",
        "Description": "Select Sales Planning Channel",
        "type": "picklist",
        "selectionType": "multiple",
        "clearSearch": true,
        "source": "filter",
        "DimensionName": "Sales Domain",
        "LevelAttributeName": "Sales Planning Channel",
        "visible": true,
        "isEditable": true,
        "validation": {
          "maxLength": "0",
          "required": true
        }
      },
      {
        "fieldName": "Country",
        "title": "Country",
        "Description": "Select Country",
        "type": "picklist",
        "selectionType": "multiple",
        "clearSearch": true,
        "source": "filter",
        "DimensionName": "Location",
        "LevelAttributeName": "Location Country",
        "visible": true,
        "isEditable": true,
        "validation": {
          "maxLength": "0",
          "required": true
        }
      },
      {
        "fieldName": "Quarter",
        "title": "Quarter",
        "Description": "Select Quarter",
        "type": "picklist",
        "selectionType": "multiple",
        "clearSearch": true,
        "source": "filter",
        "DimensionName": "Time",
        "LevelAttributeName": "Planning Quarter",
        "visible": true,
        "isEditable": true,
        "validation": {
          "maxLength": "0",
          "required": true
        }
      },
      {
        "fieldName": "SellingSeason",
        "title": "Selling Season",
        "Description": "Select Selling Season",
        "type": "picklist",
        "selectionType": "multiple",
        "clearSearch": true,
        "source": "filter",
        "DimensionName": "Selling Season",
        "LevelAttributeName": "Selling Season",
        "visible": true,
        "isEditable": true,
        "validation": {
          "maxLength": "0",
          "required": true
        }
      }
    ],
    "Range": [],
    "DataSources": [],
    "AutoExecute": false,
    "isAsync": true,
    "hasMembersUpdates": false,
    "Compact": false,
    "TwoColumn": false,
    "IsGlobalForExcelAddIn": false,
    "ExcludeFromNavLink": false,
    "FilterFieldBindings": [],
    "enableTransaction": false
  },
  "Widget": null,
  "Roles": []
}