{
  "MeasureName": "D Forecast Fixed Stock Consumption Late Date",
  "MeasureId": "9a2c1d52-a612-4a63-bb98-9665a318a9cf",
  "MeasureDescription": "Forecast Fixed Stock Consumption Late Date",
  "DataType": "datetime",
  "MeasureType": "Regular",
  "AggregateFunction": "Max",
  "FormatString": "MM/dd/yyyy",
  "MeasureColumnName": "DForecastFixedStockConsumptionLateDate",
  "MeasureFormula": "",
  "IsEditable": false,
  "ApplyConversion": false,
  "ConversionFormula": "",
  "PickListName": null,
  "BgColorFormula": "",
  "FgColorFormula": "",
  "TrendFormula": "",
  "FormattingViewModel": "[]",
  "ParentMeasureName": null,
  "AssociationMeasure": false,
  "IsComputedByPlanningService": false,
  "ToolTip": "Forecast Fixed Stock Consumption Late Date",
  "ConfigJson": {},
  "ApiName": null,
  "ApiDisabled": false,
  "IsReportingMeasure": false,
  "MeasureConditionalFormulaProperties": [],
  "PicklistSource": null
}