{
  "AttributeName": "Equipment ID",
  "AttributeId": "37d3c9bf-f5d3-41d0-9ed5-dfc77979afbc",
  "AttributeHierarchyEnabled": true,
  "IsKey": true,
  "Description": "Equipment ID",
  "OrderBy": "Key",
  "KeyColumnName": "EquipmentIDKey",
  "NameColumnName": "EquipmentIDName",
  "KeyColumnDataType": "integer",
  "SeedTags": false,
  "KeyGenerationType": "Auto",
  "PickListName": null,
  "ConfigJson": {},
  "FormatString": null,
  "Translation": null,
  "Aliases": [],
  "ApiName": null,
  "ApiDisabled": false
}