{
  "MeasureName": "Heat Map Threshold Band1 SC",
  "MeasureId": "ac743ce9-a3b8-47a3-b2e3-9f9b8ca36fcd",
  "MeasureDescription": "Heat Map Threshold Band1 SC",
  "DataType": "number",
  "MeasureType": "Regular",
  "AggregateFunction": "AvgNonNull",
  "FormatString": "%",
  "MeasureColumnName": "SCParetoThresholdBand1",
  "MeasureFormula": "",
  "IsEditable": false,
  "ApplyConversion": false,
  "ConversionFormula": "",
  "PickListName": null,
  "BgColorFormula": "",
  "FgColorFormula": "",
  "TrendFormula": "",
  "FormattingViewModel": null,
  "ParentMeasureName": null,
  "AssociationMeasure": false,
  "IsComputedByPlanningService": true,
  "ToolTip": "SC Pareto Threshold Band1",
  "ConfigJson": {},
  "ApiName": null,
  "ApiDisabled": false,
  "IsReportingMeasure": false,
  "MeasureConditionalFormulaProperties": [],
  "PicklistSource": null
}