{
  "Name": "SupplyPlan117RemoveFromLocationToLocationAssociation",
  "Description": null,
  "ActionButtonId": "2c463c23-e2d3-4f21-8406-249b571dd58b",
  "Tooltip": "Remove Source Location-Destination Location Assoc",
  "ActionButtonType": "Widget",
  "Alignment": "right",
  "IsPopOver": true,
  "IsGlobal": true,
  "ActionClickHandler": null,
  "Icon": null,
  "Image": null,
  "ConfigJson": {
    "icon": "minus",
    "SubmitButton": {
      "Label": "Submit"
    },
    "ResetButton": {
      "Label": "Reset"
    },
    "CloseButton": {
      "Label": "Close",
      "ConfirmMessage": "Unsaved changes will be lost. Continue?"
    },
    "NotifyRoles": true,
    "NotifyAll": false,
    "IBPLRules": [
      {
        "template": "\n{{#each Tuple}}\n\nScope:( [Version].[Version Name]{{#filter Version}} * {{#entity Location}} * {{#entity ToLocation}});\nMeasure.[From Location To Location Association]=Null;\nMeasure.[From Location To Location Association Override]=Null;\nMeasure.[BODLane Start Date From Location To Location]=Null;\nMeasure.[BODLane End Date From Location To Location]=Null;\nMeasure.[DIST Exclude For MP Flag]=Null;\nMeasure.[DIST Exclude For OP Flag]=Null;\nend scope;\n\n{{/each}}\n\n{{#each Tuple}}\n\n//--Uncomment the below code to enable Net change functionality\n/*\ncartesian scope:( [Version].[Version Name]{{#filter Version}} * {{#entity Location}} * {{#entity ToLocation}});\nMeasure.[From Location To Location Association Override NC Deletion]= 1;\nend scope;\n\nscope:( [Version].[Version Name]{{#filter Version}} * {{#entity Location}} * {{#entity ToLocation}});\nMeasure.[From Location To Location Association Override NC Addition]= Null;\nend scope;\n\n{{/each}}\n\n\n\n\n\n\n\n\n\n*/"
      }
    ],
    "JavascriptRules": [],
    "VersionOrScenarioField": "Version",
    "FieldBindings": [
      {
        "fieldName": "Version",
        "title": "Version",
        "Description": "Version",
        "type": "picklistDropdown",
        "selectionType": "single",
        "clearSearch": true,
        "source": "filter",
        "DimensionName": "Version",
        "LevelAttributeName": "Version Name",
        "visible": true,
        "isEditable": true,
        "validation": {
          "maxLength": "0",
          "required": true
        }
      },
      {
        "fieldName": "Tuple",
        "title": "Intersections",
        "Description": "Intersections",
        "type": "picklistDropdown",
        "select": "ALL",
        "clearSearch": true,
        "source": "parentTuple",
        "TuplesList": [
          {
            "Key": "Location",
            "LevelAttribute": {
              "DimensionName": "Location",
              "Name": "Location",
              "textField": "Name"
            },
            "tuplesource": "LevelAttribute"
          },
          {
            "Key": "ToLocation",
            "LevelAttribute": {
              "DimensionName": "To Location",
              "Name": "To Location",
              "textField": "Name"
            },
            "tuplesource": "LevelAttribute"
          }
        ],
        "visible": true,
        "isEditable": false,
        "validation": {
          "required": true
        }
      }
    ],
    "Range": [],
    "DataSources": [],
    "AutoExecute": false,
    "isAsync": false,
    "hasMembersUpdates": false,
    "Compact": false,
    "TwoColumn": true,
    "IsGlobalForExcelAddIn": false,
    "ReturnFilterByUpdate": true,
    "ExcludeFromNavLink": false,
    "FilterFieldBindings": []
  },
  "Widget": null,
  "Roles": []
}