{
  "MeasureName": "Allocation Approval Date Packs OrderlineID",
  "MeasureId": "59df8925-2d6a-6559-9056-15d9522c1f45",
  "MeasureDescription": "Allocation Approval Date Packs OrderlineID",
  "DataType": "datetime",
  "MeasureType": "Regular",
  "AggregateFunction": "Max",
  "FormatString": "dd-MM-yyyy",
  "MeasureColumnName": "AllocationApprovalDatePacksOrderlineID",
  "MeasureFormula": "",
  "IsEditable": false,
  "ApplyConversion": false,
  "ConversionFormula": "",
  "PickListName": null,
  "BgColorFormula": "",
  "FgColorFormula": "",
  "TrendFormula": "",
  "FormattingViewModel": "[]",
  "ParentMeasureName": null,
  "AssociationMeasure": false,
  "IsComputedByPlanningService": false,
  "ToolTip": "Approval Date",
  "ConfigJson": {},
  "ApiName": null,
  "ApiDisabled": false,
  "IsReportingMeasure": false,
  "MeasureConditionalFormulaProperties": [],
  "PicklistSource": null
}