{
  "MeasureName": "Aggregated Netting Sales Domain Upward Levels Order",
  "MeasureId": "867e2862-0c01-3e77-9e2a-eab758663763",
  "MeasureDescription": "Aggregated Netting Sales Domain Upward Levels Order",
  "DataType": "number",
  "MeasureType": "Regular",
  "AggregateFunction": "Max",
  "FormatString": "#,##0; (#,##0)",
  "MeasureColumnName": "AggregatedNettingSalesDomainUpwardLevelsOrder",
  "MeasureFormula": "",
  "IsEditable": true,
  "ApplyConversion": false,
  "ConversionFormula": "",
  "PickListName": null,
  "BgColorFormula": "",
  "FgColorFormula": "",
  "TrendFormula": "",
  "FormattingViewModel": "[]",
  "ParentMeasureName": null,
  "AssociationMeasure": false,
  "IsComputedByPlanningService": false,
  "ToolTip": "Aggregated Netting Sales Domain Upward Levels Order",
  "ConfigJson": {},
  "ApiName": null,
  "ApiDisabled": false,
  "IsReportingMeasure": false,
  "MeasureConditionalFormulaProperties": [],
  "PicklistSource": null
}