{
  "Name": "944RemoveShipToRealignment",
  "Description": "Remove Realignment",
  "ActionButtonId": "8becfe0e-ffac-499a-9d02-034b0ca60894",
  "Tooltip": "Remove Realignment",
  "ActionButtonType": "Widget",
  "Alignment": "right",
  "IsPopOver": true,
  "IsGlobal": true,
  "ActionClickHandler": null,
  "Icon": null,
  "Image": null,
  "ConfigJson": {
    "icon": "minus",
    "SubmitButton": {
      "Label": "Submit"
    },
    "ResetButton": {
      "Label": "Reset"
    },
    "CloseButton": {
      "Label": "Close",
      "ConfirmMessage": "Unsaved changes will be lost. Continue?"
    },
    "NotifyAll": false,
    "IBPLRules": [
      {
        "template": "/*Rule to delete Graph record*/\nscope: ([940 ShipTo Realignment], [Version].[Version Name]{{#filter Version}},from &AllRegion{{#filter FromRegion}},to &AllRegion{{#filter ToRegion}} * &AllDays{{#filter TransitionDate}} );\nEdge.[ShipTo Realignment Percentage] =  null;\nEdge.[ShipTo Realignment Percentage Weighted] =  null;\nEdge.[Is Active for Batch] =  null;\nEdge.[ShipTo Realignment Created By] =  null;\nEdge.[ShipTo Realignment Created On] =  null;\nend scope;\n\n\nscope: (&AllRegion{{#filter FromRegion}} * &AllDays{{#filter TransitionDate}} * &CWVAndScenarios);\nMeasure.[ShipTo Realignment Percentages Sum]= Edge.[940 ShipTo Realignment].[ShipTo Realignment Percentage]@(From.[Region].[Region],To.[Time].[Day]);\nend scope;"
      }
    ],
    "JavascriptRules": [],
    "FieldBindings": [
      {
        "fieldName": "Version",
        "title": "Version",
        "Description": "Version",
        "type": "picklist",
        "selectionType": "single",
        "clearSearch": true,
        "source": "filter",
        "DimensionName": "Version",
        "LevelAttributeName": "Version Name",
        "visible": true,
        "isEditable": true,
        "validation": {
          "maxLength": "0",
          "required": true
        }
      },
      {
        "fieldName": "FromRegion",
        "title": "From Region",
        "type": "picklist",
        "clearSearch": true,
        "source": "parentAttribute",
        "DimensionName": "Region",
        "key": {
          "LevelAttribute": {
            "Name": "Region",
            "Property": "Name"
          },
          "RelationshipType": "940 ShipTo Realignment",
          "EdgeDirection": "FROM"
        },
        "visible": true,
        "isEditable": true,
        "validation": {
          "maxLength": "0",
          "required": true
        },
        "selectionType": "single"
      },
      {
        "fieldName": "ToRegion",
        "title": "To Region",
        "type": "picklist",
        "selectionType": "single",
        "clearSearch": true,
        "source": "parentAttribute",
        "DimensionName": "Region",
        "key": {
          "LevelAttribute": {
            "Name": "Region",
            "Property": "Name"
          },
          "RelationshipType": "940 ShipTo Realignment",
          "EdgeDirection": "TO"
        },
        "visible": true,
        "isEditable": true,
        "validation": {
          "maxLength": "0",
          "required": true
        }
      },
      {
        "fieldName": "TransitionDate",
        "title": "Transition Date",
        "type": "picklist",
        "clearSearch": true,
        "source": "parentAttribute",
        "DimensionName": "Time",
        "key": {
          "LevelAttribute": {
            "Name": "Day",
            "Property": "Name"
          },
          "RelationshipType": "940 ShipTo Realignment",
          "EdgeDirection": "TO"
        },
        "visible": true,
        "isEditable": true,
        "validation": {
          "maxLength": "0",
          "required": true
        },
        "selectionType": "single"
      }
    ],
    "Range": [],
    "DataSources": [],
    "AutoExecute": false,
    "isAsync": true,
    "hasMembersUpdates": false,
    "Compact": false,
    "TwoColumn": false,
    "IsGlobalForExcelAddIn": false,
    "ReturnFilterByUpdate": false,
    "ExcludeFromNavLink": false,
    "FilterFieldBindings": []
  },
  "Widget": null,
  "Roles": []
}