{
  "HierarchyName": "Customer Class Hierarchy",
  "HierarchyId": "d8fd580e-3e02-4ab2-9c7e-6b76a8cbfa86",
  "HierarchyDescription": "Alternate Hierarchy for Customer class",
  "Translations": [],
  "Levels": [
    {
      "LevelName": "All Sales Domain",
      "LevelId": "6cce255c-7199-4623-bdac-3a36320ed6ef",
      "SourceAttributeName": "All Sales Domain",
      "LevelDescription": "All Sales Domain",
      "LevelPosition": 0,
      "Translations": []
    },
    {
      "LevelName": "Customer Class",
      "LevelId": "ec98dc4a-7567-48b9-b68b-df493b665fca",
      "SourceAttributeName": "Customer Class",
      "LevelDescription": "Customer Classification. Used in demand prioritization.",
      "LevelPosition": 4,
      "Translations": []
    },
    {
      "LevelName": "Customer Group",
      "LevelId": "89aeeece-4995-4732-bbae-6041d5f84dd4",
      "SourceAttributeName": "Customer Group",
      "LevelDescription": "SubChannel",
      "LevelPosition": 5,
      "Translations": []
    },
    {
      "LevelName": "Ship To",
      "LevelId": "90a98f5b-7af3-45ae-8205-3d0d28cc9da9",
      "SourceAttributeName": "Ship To",
      "LevelDescription": "Reporting Customer",
      "LevelPosition": 7,
      "Translations": []
    }
  ],
  "IsEnabled": true,
  "ErrorMessage": null
}