{
  "HierarchyName": "Sales Channel Hierarchy",
  "HierarchyId": "c65227b8-ffe3-7422-acb4-dab46070723a",
  "HierarchyDescription": "Sales Channel Hierarchy",
  "Translations": null,
  "Levels": [
    {
      "LevelName": "All Sales Domain",
      "LevelId": "15d0fffe-329f-fb47-9bc7-bd8ee47d6df3",
      "SourceAttributeName": "All Sales Domain",
      "LevelDescription": "All Sales Domain",
      "LevelPosition": 0,
      "Translations": null
    },
    {
      "LevelName": "Sales Channel L2",
      "LevelId": "20eb0907-f69e-6d43-edf3-70b4f38fd488",
      "SourceAttributeName": "Sales Channel L2",
      "LevelDescription": "Sales Channel L2",
      "LevelPosition": 1,
      "Translations": null
    },
    {
      "LevelName": "Sales Channel L1",
      "LevelId": "ad287559-8d07-fb61-ef97-f3f4a5580acc",
      "SourceAttributeName": "Sales Channel L1",
      "LevelDescription": "Sales Channel L1",
      "LevelPosition": 2,
      "Translations": null
    },
    {
      "LevelName": "Sales Planning Channel",
      "LevelId": "229b4c56-a335-52d7-30bd-7ff9f1e72164",
      "SourceAttributeName": "Sales Planning Channel",
      "LevelDescription": "Sales Planning Channel",
      "LevelPosition": 3,
      "Translations": null
    },
    {
      "LevelName": "Sales Channel",
      "LevelId": "353c26c6-0bf3-b9fd-adb0-65eb17d0d43f",
      "SourceAttributeName": "Sales Channel",
      "LevelDescription": "Sales Channel",
      "LevelPosition": 4,
      "Translations": null
    },
    {
      "LevelName": "Ship To",
      "LevelId": "2b436b94-c74d-d5a6-6c10-beb643244aac",
      "SourceAttributeName": "Ship To",
      "LevelDescription": "Reporting Customer",
      "LevelPosition": 5,
      "Translations": null
    }
  ],
  "IsEnabled": true,
  "ErrorMessage": null
}