{
  "HierarchyName": "Sales Region Customer Group Hierarchy",
  "HierarchyId": "3c40e122-e3b3-d6d2-d147-49d9a4d9482f",
  "HierarchyDescription": "Sales Region Customer Group Hierarchy",
  "Translations": null,
  "Levels": [
    {
      "LevelName": "All Sales Domain",
      "LevelId": "7a3696b4-dbec-6f08-c010-9d34e18b2927",
      "SourceAttributeName": "All Sales Domain",
      "LevelDescription": "All Sales Domain",
      "LevelPosition": 0,
      "Translations": null
    },
    {
      "LevelName": "Sales Region L4",
      "LevelId": "e3e048cc-e925-47de-a964-daab3c4216c6",
      "SourceAttributeName": "Sales Region L4",
      "LevelDescription": "Sales Region L4",
      "LevelPosition": 1,
      "Translations": null
    },
    {
      "LevelName": "Sales Region L3",
      "LevelId": "c6f57d1a-6e85-d279-9e87-908e1308d2d3",
      "SourceAttributeName": "Sales Region L3",
      "LevelDescription": "Sales Region L3",
      "LevelPosition": 2,
      "Translations": null
    },
    {
      "LevelName": "Sales Region L2",
      "LevelId": "d0bf05be-e939-82f2-4140-62d7c9c9fb6e",
      "SourceAttributeName": "Sales Region L2",
      "LevelDescription": "Sales Region L2",
      "LevelPosition": 3,
      "Translations": null
    },
    {
      "LevelName": "Sales Region L1",
      "LevelId": "305e34d1-7a7f-c7b6-acff-614bd883450a",
      "SourceAttributeName": "Sales Region L1",
      "LevelDescription": "Sales Region L1",
      "LevelPosition": 4,
      "Translations": null
    },
    {
      "LevelName": "Sales Planning Region",
      "LevelId": "9d33e091-c477-8c3d-ee42-1e1aac28a193",
      "SourceAttributeName": "Sales Planning Region",
      "LevelDescription": "Sales Planning Region",
      "LevelPosition": 5,
      "Translations": null
    },
    {
      "LevelName": "Customer Group",
      "LevelId": "cce312bb-849b-c22f-2373-8c372fed9605",
      "SourceAttributeName": "Customer Group",
      "LevelDescription": "SubChannel",
      "LevelPosition": 6,
      "Translations": null
    }
  ],
  "IsEnabled": true,
  "ErrorMessage": null
}