{
  "DimensionId": "ba196e7f-6594-8fd2-ab09-54ffe6826d79",
  "DimensionName": "Integration Batch ID",
  "DimensionTableName": "DimIntegrationBatchID",
  "DimensionType": "Regular",
  "DimensionKeyColumnName": "IntegrationBatchIDKey",
  "DimensionDescription": "Integration Batch ID",
  "Modifiable": false,
  "LockFree": false,
  "IsReservedBySystem": false,
  "ConfigJson": {
    "Position": -570
  },
  "ApiName": null,
  "ApiEnabled": false,
  "Translation": null,
  "Aliases": []
}