{
  "MeasureGroupName": "024 Receipt Size Outputs",
  "MeasureGroupId": "6b265e1e-276a-f8b2-6b18-61a658fe083a",
  "ParentMeasureGroupName": null,
  "HasShadow": false,
  "MeasureGroupDescription": "Measure Group to store size-level receipt output",
  "MeasureGroupType": "Regular",
  "FactTableName": "Fact024ReceiptSizeOutputs",
  "SchemaMajorVersion": 0,
  "ConfigJson": {},
  "ApiName": null,
  "Repartition": false,
  "Unpartition": false,
  "ApiEnabled": false,
  "DimensionUsages": [
    {
      "DimensionName": "Version",
      "AttributeName": "Version Name",
      "SortOrder": 0,
      "DimensionType": "Regular"
    },
    {
      "DimensionName": "NamedNode",
      "AttributeName": "Retail_AP_BP_SKU_Location_NN",
      "SortOrder": 1,
      "DimensionType": "NamedNode"
    },
    {
      "DimensionName": "NamedNode",
      "AttributeName": "Retail_AP_FD_Time_NN",
      "SortOrder": 2,
      "DimensionType": "NamedNode"
    },
    {
      "DimensionName": "NamedNode",
      "AttributeName": "Retail_AP_FD_Common_NN",
      "SortOrder": 3,
      "DimensionType": "NamedNode"
    },
    {
      "DimensionName": "Supplier",
      "AttributeName": "Supplier Location",
      "SortOrder": 4,
      "DimensionType": "Regular"
    }
  ]
}