{
  "AttributeName": "Ext LineID",
  "AttributeId": "7f0b118d-a322-45d3-96be-04cbe21bf5cf",
  "AttributeHierarchyEnabled": true,
  "IsKey": false,
  "Description": "Stores Line ID for transactions",
  "OrderBy": "Key",
  "KeyColumnName": "ExtLineIDKey",
  "NameColumnName": "ExtLineIDName",
  "KeyColumnDataType": "integer",
  "SeedTags": false,
  "KeyGenerationType": "Auto",
  "PickListName": null,
  "ConfigJson": {
    "ShowFilterAs": "TileView"
  },
  "FormatString": null,
  "Translation": null,
  "Aliases": [],
  "ApiName": null,
  "ApiDisabled": false
}