{
  "MeasureGroupName": "013 Class Store Cluster Channel Association",
  "MeasureGroupId": "73e87243-6c82-eb76-4ccc-fee403211b49",
  "ParentMeasureGroupName": null,
  "HasShadow": false,
  "MeasureGroupDescription": "013 Class Store Cluster Channel Association",
  "MeasureGroupType": "Regular",
  "FactTableName": "Fact013ClassStoreClusterChannelAssociation",
  "SchemaMajorVersion": 0,
  "ConfigJson": {},
  "ApiName": null,
  "Repartition": false,
  "Unpartition": false,
  "ApiEnabled": false,
  "DimensionUsages": [
    {
      "DimensionName": "Version",
      "AttributeName": "Version Name",
      "SortOrder": 0,
      "DimensionType": "Regular"
    },
    {
      "DimensionName": "NamedNode",
      "AttributeName": "Retail_AP_FD_Segmentation_NN",
      "SortOrder": 1,
      "DimensionType": "NamedNode"
    },
    {
      "DimensionName": "NamedNode",
      "AttributeName": "Retail_AP_FD_Common_NN",
      "SortOrder": 2,
      "DimensionType": "NamedNode"
    }
  ]
}