{
  "MeasureGroupName": "o9EKG Project Diff Summary",
  "MeasureGroupId": "e479383d-134b-b180-9c87-df0d6531e5dc",
  "ParentMeasureGroupName": null,
  "HasShadow": false,
  "MeasureGroupDescription": "o9EKG Project Diff Summary",
  "MeasureGroupType": "Regular",
  "FactTableName": "Facto9EKGProjectDiffSummary",
  "SchemaMajorVersion": 0,
  "ConfigJson": {},
  "ApiName": null,
  "Repartition": false,
  "Unpartition": false,
  "ApiEnabled": false,
  "DimensionUsages": [
    {
      "DimensionName": "Version",
      "AttributeName": "Version Name",
      "SortOrder": 0,
      "DimensionType": "Regular"
    },
    {
      "DimensionName": "o9EKG Customer",
      "AttributeName": "Project Name",
      "SortOrder": 1,
      "DimensionType": "Regular"
    },
    {
      "DimensionName": "o9EKGSequence",
      "AttributeName": "o9EKGSequenceNumber",
      "SortOrder": 2,
      "DimensionType": "Regular"
    }
  ]
}