{
  "EdgePropertyId": "a0dca18c-0647-4b06-947a-0db560ff48e9",
  "PropertyName": "D Substitute Item End Date Item Location Input",
  "PropertyDescription": "Substitute Item End Date Input",
  "PropertyDataType": "datetime",
  "PropertyDataSize": 0,
  "PropertyColumnName": "DSubstituteItemEndDateItemLocationInput",
  "AggregateFunction": "Max",
  "PropertyFormula": null,
  "IsEditable": false,
  "FormatString": "MM/dd/yyyy",
  "ActivationProperty": false,
  "IsComputedByPlanningService": false,
  "ToolTip": null,
  "ApiName": null,
  "ApiDisabled": false,
  "BgColorFormula": null,
  "FgColorFormula": null,
  "TrendFormula": null,
  "FormattingViewModel": null,
  "ConditionalFormulas": []
}