{
  "MeasureName": "o9EKG Field Mapping Placeholder 4",
  "MeasureId": "889e7214-7316-2b13-e45e-d8139b1d4c56",
  "MeasureDescription": "o9EKG Field Mapping Placeholder 4",
  "DataType": "string",
  "MeasureType": "Regular",
  "AggregateFunction": "DistinctSum",
  "FormatString": "#,##0;(#,##0)",
  "MeasureColumnName": "o9EKGFieldMappingPlaceholder4",
  "MeasureFormula": null,
  "IsEditable": true,
  "ApplyConversion": false,
  "ConversionFormula": "",
  "PickListName": null,
  "BgColorFormula": "",
  "FgColorFormula": "",
  "TrendFormula": "",
  "FormattingViewModel": "[]",
  "ParentMeasureName": null,
  "AssociationMeasure": false,
  "IsComputedByPlanningService": false,
  "ToolTip": "o9EKG Field Mapping Placeholder 4",
  "ConfigJson": {},
  "ApiName": null,
  "ApiDisabled": false,
  "IsReportingMeasure": false,
  "MeasureConditionalFormulaProperties": [],
  "PicklistSource": null
}