{
  "Name": "Approved Ratios",
  "WidgetDefinitionName": "Approved Ratios",
  "IsPrimary": true,
  "ConfigJson": {
    "ContainerId": "e02b0e8f-178c-4294-848a-27d856e3e5ed",
    "CompositeContainerId": null,
    "Position": 0,
    "ShowInfoContext": {
      "ActionColumn": true,
      "RowInfo": true,
      "MemberInfo": true
    },
    "ShowHeader": null,
    "ActionButtonBindings": [
      {
        "ActionButtonName": "CancelApprovedProfiles",
        "HotKey": "",
        "ExcludeHiddenAttributes": false
      }
    ]
  },
  "ViewWidgetDefinitionId": "4b56b85c-d096-f882-7645-d40c12e5b396"
}