{
  "AttributeName": "Error Category",
  "AttributeId": "9b5f2d96-70ad-4731-a64e-9dfc5e6c911f",
  "AttributeHierarchyEnabled": true,
  "IsKey": true,
  "Description": "ErrorCategory",
  "OrderBy": "Name",
  "KeyColumnName": "ErrorCategoryKey",
  "NameColumnName": "ErrorCategoryName",
  "KeyColumnDataType": "integer",
  "SeedTags": false,
  "KeyGenerationType": "Auto",
  "PickListName": null,
  "ConfigJson": {
    "ShowFilterAs": "TileView",
    "MemberDisplayNameEditable": true
  },
  "FormatString": null,
  "Translation": null,
  "Aliases": [],
  "ApiName": null,
  "ApiDisabled": false
}