{
  "AttributeName": "Table Name",
  "AttributeId": "21b1b6a1-9341-41b8-a2b6-a1a41bbe0045",
  "AttributeHierarchyEnabled": true,
  "IsKey": false,
  "Description": "Table Name",
  "OrderBy": "Name",
  "KeyColumnName": "TableNameKey",
  "NameColumnName": "TableNameName",
  "KeyColumnDataType": "integer",
  "SeedTags": false,
  "KeyGenerationType": "Auto",
  "PickListName": null,
  "ConfigJson": {
    "ShowFilterAs": "TileView",
    "MemberDisplayNameEditable": true,
    "IsMultipleImage": false
  },
  "FormatString": null,
  "Translation": null,
  "Aliases": [],
  "ApiName": null,
  "ApiDisabled": false
}