{
  "AttributeName": "Stat Barcode",
  "AttributeId": "d182f87a-801b-0f89-8add-29b494aaeec6",
  "AttributeHierarchyEnabled": true,
  "IsKey": false,
  "Description": "Barcodes grouped together that would essentially imply same/similar SKUs but have different Barcodes due to possibly some changes in size, flavor, packagaing etc. Used for DS modeling",
  "OrderBy": "Key",
  "KeyColumnName": "StatBarcodeKey",
  "NameColumnName": "StatBarcodeName",
  "KeyColumnDataType": "integer",
  "SeedTags": false,
  "KeyGenerationType": "Auto",
  "PickListName": null,
  "ConfigJson": {
    "ShowFilterAs": "TileView",
    "MemberDisplayNameEditable": true,
    "IsMultipleImage": false,
    "MemberDisplayColor": false
  },
  "FormatString": null,
  "Translation": null,
  "Aliases": [],
  "ApiName": null,
  "ApiDisabled": false,
  "FgColorFormula": "",
  "BgColorFormula": "",
  "IsReservedBySystem": false
}