{
  "EdgePropertyId": "eefbc0d7-e2d8-4a46-8c08-e062f9c3698b",
  "PropertyName": "Forecast Order Association",
  "PropertyDescription": "Association between forecast and order nodes",
  "PropertyDataType": "number",
  "PropertyDataSize": 0,
  "PropertyColumnName": "ForecastOrderAssociation",
  "AggregateFunction": "Min",
  "PropertyFormula": "",
  "IsEditable": false,
  "FormatString": "#,##0; (#,##0)",
  "ActivationProperty": false,
  "IsComputedByPlanningService": false,
  "ToolTip": null,
  "ApiName": null,
  "ApiDisabled": false,
  "BgColorFormula": "",
  "FgColorFormula": "",
  "TrendFormula": "",
  "FormattingViewModel": null,
  "ConditionalFormulas": []
}