{
  "AttributeName": "Retail_AP_BP_Location_NN",
  "AttributeId": "7278e757-4d89-819c-af35-e4b71c74234c",
  "AttributeHierarchyEnabled": true,
  "IsKey": false,
  "Description": "Retail AP Buy Plan Location Named Node",
  "OrderBy": "Key",
  "KeyColumnName": "Retail_AP_BP_Location_NNKey",
  "NameColumnName": "Retail_AP_BP_Location_NNName",
  "KeyColumnDataType": "integer",
  "SeedTags": true,
  "KeyGenerationType": "Auto",
  "PickListName": null,
  "ConfigJson": {
    "ShowFilterAs": "TileView",
    "MemberDisplayNameEditable": true,
    "IsMultipleImage": false,
    "MemberDisplayColor": false
  },
  "FormatString": null,
  "Translation": null,
  "Aliases": [],
  "ApiName": null,
  "ApiDisabled": false,
  "ParentAttributeName": null,
  "NamedNodeUsages": [
    {
      "DimensionName": "Location",
      "AttributeName": "Location"
    }
  ]
}