{
  "Name": "54AssignRuleAndAlgoGlobal",
  "Description": null,
  "ActionButtonId": "585caf32-9563-48fc-a840-96db30e83e48",
  "Tooltip": "Assign rule and algo",
  "ActionButtonType": "Widget",
  "Alignment": "right",
  "IsPopOver": true,
  "IsGlobal": true,
  "ActionClickHandler": null,
  "Icon": null,
  "Image": null,
  "ConfigJson": {
    "DisplayName": "Rule and Algo",
    "icon": "wrench",
    "SubmitButton": {
      "Label": "Submit",
      "SuccessMessage": "Successfully Executed.",
      "ErrorMessage": "Error in Execution.",
      "ConfirmMessage": "Are you sure you want to go ahead with the changes?"
    },
    "ResetButton": {
      "Label": "Reset"
    },
    "CloseButton": {
      "Label": "Close",
      "ConfirmMessage": "Unsaved changes will be lost. Continue?"
    },
    "NotifyAll": false,
    "IBPLRules": [
      {
        "template": "{{#if algo}}\nexec procedure o9DP0153AssignRuleAndAlgoGlobal {\"VersionName\" : \"{{VersionName}}\",\"MediumWeight\" : {{MediumWeight}}, \"ForecastIteration\" : [{{#csv ForecastIteration}}]};\n\nexec procedure o9DP0154GenerateSeasonalIndices {\"VersionName\" : \"{{VersionName}}\",\"MediumWeight\" : {{MediumWeight}}, \"ForecastIteration\" : [{{#csv ForecastIteration}}]};\n\n{{#else}}\n\nexec procedure o9DP0153AssignRuleAndAlgoGlobal {\"VersionName\" : \"{{VersionName}}\",\"MediumWeight\" : {{MediumWeight}}, \"ForecastIteration\" : [{{#csv ForecastIteration}}]};\n\n{{/if}}"
      }
    ],
    "JavascriptRules": [
      {
        "modulename": "o9.DemandPlanning.ValidateTimeBucketSetup",
        "functionname": "validation"
      }
    ],
    "FieldBindings": [
      {
        "fieldName": "Information",
        "title": "Information",
        "type": "info",
        "clearSearch": true,
        "source": "literal",
        "defaultValue": "Please click on \"Submit\" to assign rules and algorithms",
        "visible": true,
        "isEditable": false,
        "validation": {
          "maxLength": "0",
          "required": true
        }
      },
      {
        "fieldName": "MediumWeight",
        "title": "Medium Weight Run",
        "Description": "Enable plugin run in Medium Weight execution mode (suitable for small scope).",
        "type": "boolean",
        "selectionType": "single",
        "clearSearch": true,
        "source": "literal",
        "defaultValue": true,
        "visible": true,
        "isEditable": true,
        "validation": {
          "maxLength": "0",
          "required": true
        }
      },
      {
        "fieldName": "VersionName",
        "title": "VersionName",
        "Description": "VersionName",
        "type": "picklist",
        "selectionType": "single",
        "clearSearch": true,
        "source": "filter",
        "DimensionName": "Version",
        "LevelAttributeName": "Version Name",
        "visible": true,
        "isEditable": true,
        "validation": {
          "maxLength": "0",
          "required": true
        }
      },
      {
        "fieldName": "ForecastIteration",
        "title": "Forecast Iteration",
        "type": "picklist",
        "selectionType": "multiple",
        "clearSearch": true,
        "source": "filter",
        "DimensionName": "Forecast Iteration",
        "LevelAttributeName": "Forecast Iteration",
        "visible": true,
        "isEditable": true,
        "validation": {
          "maxLength": "0",
          "required": true
        }
      },
      {
        "fieldName": "algo",
        "title": "algo",
        "Description": "Check if SCHM is present",
        "type": "boolean",
        "selectionType": "single",
        "clearSearch": true,
        "source": "datasource",
        "key": "algo",
        "valueField": "A",
        "textField": "A",
        "overrideFieldBindingType": false,
        "visible": false,
        "isEditable": false,
        "validation": {
          "maxLength": "0",
          "required": true
        },
        "defaultValue": false
      }
    ],
    "Range": [],
    "DataSources": [
      {
        "Name": "DSForecastIteration",
        "IBPLRules": [
          {
            "template": "Select(&AllLockedForecastIterations);"
          }
        ],
        "JavascriptRules": [],
        "IncludeDSFieldsOnly": false,
        "FieldBindings": []
      },
      {
        "Name": "algo",
        "IBPLRules": [
          {
            "template": "Select ([Version].[Version Name]{{#filter VersionName}} * [Forecast Iteration].[Forecast Iteration]{{#filter ForecastIteration}} *{if(Measure.[Assigned Algorithm List] contains \"SCHM\" ) then (True) else (False) as transient.[A]});"
          }
        ],
        "JavascriptRules": [],
        "IncludeDSFieldsOnly": false,
        "FieldBindings": []
      }
    ],
    "AutoExecute": false,
    "isAsync": true,
    "hasMembersUpdates": false,
    "Compact": false,
    "TwoColumn": false,
    "IsGlobalForExcelAddIn": false,
    "enableTransaction": false,
    "ReturnFilterByUpdate": false,
    "ExcludeFromNavLink": false,
    "FilterFieldBindings": []
  },
  "Widget": null,
  "Roles": []
}