{
  "MeasureName": "Week Type",
  "MeasureId": "51a42d0a-1cde-3876-7e91-e680990f530a",
  "MeasureDescription": "Type of Retail Pricing Strategy used for the week",
  "DataType": "picklist",
  "MeasureType": "Regular",
  "AggregateFunction": "DistinctSum",
  "FormatString": "",
  "MeasureColumnName": "WeekType_1",
  "MeasureFormula": "",
  "IsEditable": false,
  "ApplyConversion": false,
  "ConversionFormula": "",
  "PickListName": "Sales Type",
  "BgColorFormula": " IF(Measure.[Week Type]==\"FP\") then argb( 1,120, 197, 231) else  IF(Measure.[Week Type]==\"PP\") then argb( 1,125, 149, 255) else  IF(Measure.[Week Type]==\"MD\") then argb( 1,169, 142, 227)",
  "FgColorFormula": " IF(Measure.[Week Type]==\"FP\") then argb( 1,0, 0, 0) else  IF(Measure.[Week Type]==\"PP\") then argb( 1,0, 0, 0) else  IF(Measure.[Week Type]==\"MD\") then argb( 1,0, 0, 0)",
  "TrendFormula": "",
  "FormattingViewModel": "[\r\n  {\r\n    \"BGCOLOR\": \"argb(1,120,197,231)\",\r\n    \"FGCOLOR\": \"argb(1,0,0,0)\",\r\n    \"Condition\": \"Measure.[Week Type]==\\\"FP\\\"\"\r\n  },\r\n  {\r\n    \"BGCOLOR\": \"argb(1,125,149,255)\",\r\n    \"FGCOLOR\": \"argb(1,0,0,0)\",\r\n    \"Condition\": \"Measure.[Week Type]==\\\"PP\\\"\"\r\n  },\r\n  {\r\n    \"BGCOLOR\": \"argb(1,169,142,227)\",\r\n    \"FGCOLOR\": \"argb(1,0,0,0)\",\r\n    \"Condition\": \"Measure.[Week Type]==\\\"MD\\\"\"\r\n  }\r\n]",
  "ParentMeasureName": null,
  "AssociationMeasure": false,
  "IsComputedByPlanningService": false,
  "ToolTip": "Type of Retail Pricing Strategy used for the week",
  "ConfigJson": {},
  "ApiName": null,
  "ApiDisabled": false,
  "IsReportingMeasure": false,
  "MeasureConditionalFormulaProperties": [
    {
      "MeasureName": null,
      "ConditionalFormula": "Measure.[Week Type]==\"FP\"",
      "BGCOLOR": "argb(1,120,197,231)",
      "LegendText": "",
      "DisplayOrder": 0
    },
    {
      "MeasureName": null,
      "ConditionalFormula": "Measure.[Week Type]==\"PP\"",
      "BGCOLOR": "argb(1,125,149,255)",
      "LegendText": "",
      "DisplayOrder": 1
    },
    {
      "MeasureName": null,
      "ConditionalFormula": "Measure.[Week Type]==\"MD\"",
      "BGCOLOR": "argb(1,169,142,227)",
      "LegendText": "",
      "DisplayOrder": 2
    }
  ],
  "PicklistSource": null
}