{
  "AttributeName": "L2 Image",
  "AttributeId": "8ee9b4cf-904f-e34e-b02e-6ccd4273f005",
  "AttributeHierarchyEnabled": false,
  "IsKey": false,
  "Description": "L2 Image",
  "OrderBy": "Key",
  "KeyColumnName": "L2ImageKey",
  "NameColumnName": null,
  "KeyColumnDataType": "image",
  "SeedTags": false,
  "KeyGenerationType": null,
  "PickListName": null,
  "ConfigJson": {
    "IsVisible": true,
    "IsEditable": false
  },
  "FormatString": "",
  "Translation": null,
  "Aliases": [],
  "ApiName": null,
  "ApiDisabled": false,
  "FgColorFormula": null,
  "BgColorFormula": null,
  "IsReservedBySystem": false
}