{
  "MeasureName": "TD ASP",
  "MeasureId": "d50ae914-bc81-4430-90ae-8e781bde323f",
  "MeasureDescription": "TD Avg Selling Price",
  "DataType": "number",
  "MeasureType": "Currency",
  "AggregateFunction": "Computed",
  "FormatString": "($0,000.00a)",
  "MeasureColumnName": "TDASP",
  "MeasureFormula": "Safedivide(Measure.[TD Ttl Sls Rtl], Measure.[TD Ttl Sls Unt])",
  "IsEditable": true,
  "ApplyConversion": true,
  "ConversionFormula": "Exchange Rate Monthly",
  "PickListName": null,
  "BgColorFormula": "",
  "FgColorFormula": "",
  "TrendFormula": "",
  "FormattingViewModel": "[]",
  "ParentMeasureName": null,
  "AssociationMeasure": false,
  "IsComputedByPlanningService": false,
  "ToolTip": "TD Avg Selling/Shipment Price",
  "ConfigJson": {},
  "ApiName": null,
  "ApiDisabled": false,
  "IsReportingMeasure": false,
  "MeasureConditionalFormulaProperties": [],
  "PicklistSource": null
}