{
  "MeasureName": "Material Node Priority Plugin Output Rules Used",
  "MeasureId": "bd58fc59-f995-4a40-9a76-2e26d7a0e205",
  "MeasureDescription": "Priority Plugin Output Rules Used",
  "DataType": "string",
  "MeasureType": "Regular",
  "AggregateFunction": "Median",
  "FormatString": "#,##0;(#,##0)",
  "MeasureColumnName": "MaterialNodePriorityPluginOutputRulesUsed",
  "MeasureFormula": "",
  "IsEditable": false,
  "ApplyConversion": false,
  "ConversionFormula": "",
  "PickListName": null,
  "BgColorFormula": "",
  "FgColorFormula": "",
  "TrendFormula": "",
  "FormattingViewModel": null,
  "ParentMeasureName": null,
  "AssociationMeasure": false,
  "IsComputedByPlanningService": false,
  "ToolTip": "Priority Plugin Output Rules Used",
  "ConfigJson": {},
  "ApiName": null,
  "ApiDisabled": false,
  "IsReportingMeasure": false,
  "MeasureConditionalFormulaProperties": [],
  "PicklistSource": null
}