{
  "MeasureGroupName": "001.008 Allocation Lead Time Exception",
  "MeasureGroupId": "6c523826-4cab-edf9-21a6-eb2730e07d80",
  "ParentMeasureGroupName": null,
  "HasShadow": false,
  "MeasureGroupDescription": "001.008 Allocation Lead Time Exception",
  "MeasureGroupType": "Regular",
  "FactTableName": "001.012AllocationLeadTimeException",
  "SchemaMajorVersion": 0,
  "ConfigJson": {},
  "ApiName": null,
  "Repartition": false,
  "Unpartition": false,
  "ApiEnabled": false,
  "DimensionUsages": [
    {
      "DimensionName": "Version",
      "AttributeName": "Version Name",
      "SortOrder": 0,
      "DimensionType": "Regular"
    },
    {
      "DimensionName": "Item",
      "AttributeName": "Planning Item",
      "SortOrder": 1,
      "DimensionType": "Regular"
    },
    {
      "DimensionName": "Activity1",
      "AttributeName": "Activity1",
      "SortOrder": 2,
      "DimensionType": "Regular"
    }
  ]
}