{
  "Name": "007TLBSolverRunForCluster",
  "Description": "Run TLB For Clusters ",
  "ActionButtonId": "0988e64a-2bd4-d30a-3297-a497f1097887",
  "Tooltip": "Run TLB For Clusters ",
  "ActionButtonType": "Rule",
  "Alignment": "right",
  "IsPopOver": true,
  "IsGlobal": false,
  "ActionClickHandler": null,
  "Icon": null,
  "Image": null,
  "ConfigJson": {
    "DisplayName": "Run TLB For Clusters ",
    "icon": "truck",
    "Position": "0",
    "Validate": {
      "DataSource": {
        "IBPLRules": [
          {
            "template": "Select ([Version].[Version Name]{{#filter Version}} * [Response Parameter].[Response Parameter].[ENABLE_TLB_SUPPLY_BY_LANE] ) on row, \n({Measure.[Supply By Lane Check IsTrue]}) on column;"
          }
        ],
        "JavascriptRules": [],
        "FieldBindings": [
          {
            "fieldName": "Version",
            "title": "Version",
            "Description": "Version",
            "type": "picklistDropdown",
            "selectionType": "single",
            "clearSearch": true,
            "source": "filter",
            "DimensionName": "Version",
            "LevelAttributeName": "Version Name",
            "visible": true,
            "isEditable": true,
            "validation": {
              "maxLength": "0",
              "required": true
            }
          }
        ]
      },
      "Message": "Action disabled"
    },
    "SubmitButton": {
      "Label": "Submit"
    },
    "ResetButton": {
      "Label": "Reset"
    },
    "CloseButton": {
      "Label": "Close",
      "ConfirmMessage": "Unsaved changes will be lost. Continue?"
    },
    "NotifyAll": false,
    "IBPLRules": [
      {
        "template": "Exec procedure TLBSolverRunForClusters {\"Version\" : \"{{Version}}\", \"Cluster\" : [{{#csv Cluster}}]};"
      }
    ],
    "JavascriptRules": [],
    "FieldBindings": [
      {
        "fieldName": "Version",
        "title": "Version",
        "Description": "Version",
        "type": "picklistDropdown",
        "selectionType": "single",
        "clearSearch": true,
        "source": "filter",
        "DimensionName": "Version",
        "LevelAttributeName": "Version Name",
        "visible": true,
        "isEditable": true,
        "validation": {
          "maxLength": "0",
          "required": true
        }
      },
      {
        "fieldName": "Cluster",
        "title": "Cluster",
        "Description": "Cluster",
        "type": "picklistDropdown",
        "selectionType": "multiple",
        "clearSearch": true,
        "source": "members",
        "DimensionName": "Cluster",
        "LevelAttributeName": "Cluster",
        "visible": true,
        "isEditable": true,
        "validation": {
          "maxLength": "0",
          "required": true
        }
      }
    ],
    "Range": [],
    "DataSources": [],
    "AutoExecute": false,
    "isAsync": true,
    "hasMembersUpdates": false,
    "Compact": false,
    "TwoColumn": false,
    "IsGlobalForExcelAddIn": false,
    "enableTransaction": false,
    "ExcludeFromNavLink": false,
    "FilterFieldBindings": []
  },
  "Widget": null,
  "Roles": []
}