{
  "WorkspaceId": "9b4011fd-bc39-0b76-c903-02e08f9508d7",
  "Title": "Size Profiler",
  "Name": "Size Profiler",
  "ShortTitle": "Size Profiler",
  "HasIndicator": false,
  "IsHidden": false,
  "Image": "sitemap",
  "Controller": null,
  "DefaultPageName": "Sales Actuals",
  "PageNavType": "VerticalTiles",
  "Orientation": null,
  "ViewTemplateFolder": null,
  "Tooltip": "",
  "Position": 21,
  "FilterBindings": [],
  "ActionButtonBindings": [],
  "Roles": [
    "public"
  ]
}