{
  "AttributeName": "Component Instance",
  "AttributeId": "54fe244c-7d48-5d86-dd28-2818e82ec21f",
  "AttributeHierarchyEnabled": true,
  "IsKey": true,
  "Description": "Component Instance",
  "OrderBy": "Name",
  "KeyColumnName": "ComponentInstanceNameKey",
  "NameColumnName": "ComponentInstanceNameName",
  "KeyColumnDataType": "integer",
  "SeedTags": false,
  "KeyGenerationType": "Auto",
  "PickListName": null,
  "ConfigJson": {
    "ShowFilterAs": "TileView",
    "MemberDisplayNameEditable": true,
    "IsMultipleImage": false,
    "MemberDisplayColor": false
  },
  "FormatString": null,
  "Translation": null,
  "Aliases": [],
  "ApiName": null,
  "ApiDisabled": false,
  "FgColorFormula": null,
  "BgColorFormula": null,
  "IsReservedBySystem": false
}