{
  "MeasureName": "Helper Measure For Advanced Priority 2",
  "MeasureId": "461af40f-afbd-4ea9-96e9-659dc174c813",
  "MeasureDescription": "Helper Measure For Demand Priority 2",
  "DataType": "number",
  "MeasureType": "Regular",
  "AggregateFunction": "Sum",
  "FormatString": "#,##0",
  "MeasureColumnName": "HelperMeasureForAdvancedPriority2",
  "MeasureFormula": "",
  "IsEditable": false,
  "ApplyConversion": false,
  "ConversionFormula": null,
  "PickListName": null,
  "BgColorFormula": null,
  "FgColorFormula": null,
  "TrendFormula": null,
  "FormattingViewModel": null,
  "ParentMeasureName": null,
  "AssociationMeasure": false,
  "IsComputedByPlanningService": false,
  "ToolTip": "Helper Measure For Demand Priority 2",
  "ConfigJson": {},
  "ApiName": null,
  "ApiDisabled": false,
  "IsReportingMeasure": false,
  "MeasureConditionalFormulaProperties": [],
  "PicklistSource": null
}