{
  "ModuleId": "c351998a-7d04-495f-bef9-d202bf295988",
  "ModuleName": "o9 SP Foundation - Replen",
  "Description": null,
  "URL": "https://dev.azure.com/o9git/4d9f5a7e-6f55-4525-b6cd-f95ca971fef7/_apis/git/repositories/c351998a-7d04-495f-bef9-d202bf295988",
  "ParentModule": null,
  "Dependencies": [],
  "Type": "Regular",
  "Category": null,
  "Project": {
    "Id": "4d9f5a7e-6f55-4525-b6cd-f95ca971fef7",
    "Name": "BMC-5",
    "Url": null
  },
  "VersionType": "branch",
  "Version": "main",
  "IsReadOnlyModule": true,
  "IsPromoteDisabled": true,
  "SelectedBranch": null,
  "CreatorEmail": "mayank.dhawariya@o9solutions.com",
  "CreationTime": "2025-06-30T06:20:51.0706234+00:00",
  "IsMergedModule": true,
  "MergedModuleParentModule": {
    "ProjectId": "4d9f5a7e-6f55-4525-b6cd-f95ca971fef7",
    "ProjectName": "BMC-5",
    "ModuleId": "2d071c31-1315-4105-bfec-4243ec521385",
    "ModuleName": "o9 SP Foundation",
    "VersionType": "branch",
    "Version": "Tenant_gcppmm_ReleaseAutomation02",
    "URL": "https://dev.azure.com/o9git/4d9f5a7e-6f55-4525-b6cd-f95ca971fef7/_apis/git/repositories/2d071c31-1315-4105-bfec-4243ec521385",
    "Org": "RefDev",
    "Type": "RegularDelta",
    "PackageName": null,
    "PackagePublishType": null
  },
  "IsSolutionBlock": false,
  "NameSpace": null,
  "Org": "RefDev",
  "PackageName": null,
  "PackagePublishType": null,
  "PackageVersion": null,
  "IsFinerRulesUtilityRan": false
}