{
  "Name": "Ratio Comparison",
  "WidgetDefinitionName": "Size Profiles Comparison",
  "IsPrimary": false,
  "ConfigJson": {
    "ContainerId": "cbfc796c-8903-4750-9b5e-26a09fdc46e0",
    "CompositeContainerId": null,
    "Position": 2,
    "ShowInfoContext": {
      "ActionColumn": true,
      "RowInfo": true,
      "MemberInfo": true
    },
    "ShowHeader": {
      "Icon": "",
      "Color": null
    }
  },
  "ViewWidgetDefinitionId": "d13aff78-25eb-4fc8-75f9-d9f06934ad7a",
  "Title": "Profile Comparison"
}