{
  "Name": "Outbound Capacity Setup",
  "WidgetDefinitionName": "DISTLoadingResources_Retail",
  "IsPrimary": false,
  "ConfigJson": {
    "ContainerId": "71c0cc4b-91f0-4f6a-b55d-9e1398f7656f",
    "CompositeContainerId": null,
    "Position": 1,
    "ShowInfoContext": {
      "MemberInfo": true
    },
    "ShowHeader": {
      "Icon": "",
      "Color": null
    },
    "ActionButtonBindings": [
      {
        "ActionButtonName": "SupplyPlan0200CapacityDaily",
        "HotKey": "",
        "ExcludeHiddenAttributes": false
      },
      {
        "ActionButtonName": "SupplyPlan131EnableLoadingResource",
        "HotKey": "",
        "ExcludeHiddenAttributes": false
      },
      {
        "ActionButtonName": "SupplyPlan132DisableLoadingResource",
        "HotKey": "",
        "ExcludeHiddenAttributes": false
      }
    ]
  },
  "ViewWidgetDefinitionId": "75a71c9e-7b6b-400b-3031-99a5bcbb502c",
  "Title": null
}