{
  "Name": "SupplyPlan161RemoveResourceAssociationOverride",
  "Description": null,
  "ActionButtonId": "5684bc60-280d-4876-a02d-dbdf0ab9371f",
  "Tooltip": "Remove Shared Item Resource",
  "ActionButtonType": "Widget",
  "Alignment": "right",
  "IsPopOver": true,
  "IsGlobal": true,
  "ActionClickHandler": null,
  "Icon": null,
  "Image": null,
  "ConfigJson": {
    "DisplayName": "Remove Shared Item Resource",
    "icon": "minus",
    "SubmitButton": {
      "Label": "Submit"
    },
    "ResetButton": {
      "Label": "Reset"
    },
    "CloseButton": {
      "Label": "Close",
      "ConfirmMessage": "Unsaved changes will be lost. Continue?"
    },
    "NotifyAll": false,
    "IBPLRules": [
      {
        "template": "\n{{#each Tuple}}\n\nscope:({{#entity Supplier}} * {{#entity Resource}} *{#entity Item}}* [Version].[Version Name]{{#filter Version}}); \nMeasure.[PROC Shared Resource Association Override]=Null;\nMeasure.[PROC Shared Resource Consumed Quantity Per Override]=Null;\nend scope;\n\n{{/each}}\n\n{{#each Tuple}}\n\n//--Uncomment the below code to enable Net change functionality\n/*\nCartesian scope:({{#entity Supplier}} * {{#entity Resource}} *{#entity Item}}* [Version].[Version Name]{{#filter Version}});  \nMeasure.[PROC Shared Resource Association Override NC Deletion] = 1;\nend scope;\n\nscope:({{#entity Supplier}} * {{#entity Resource}} *{#entity Item}}* [Version].[Version Name]{{#filter Version}}); \nMeasure.[PROC Shared Resource Association Override NC Addition] = Null;\nend scope;\n*/\n\n{{/each}}\n\n"
      }
    ],
    "JavascriptRules": [],
    "FieldBindings": [
      {
        "fieldName": "Version",
        "title": "Version",
        "type": "picklist",
        "selectionType": "single",
        "clearSearch": true,
        "source": "filter",
        "DimensionName": "Version",
        "LevelAttributeName": "Version Name",
        "visible": true,
        "isEditable": true,
        "validation": {
          "maxLength": "0",
          "required": true
        }
      },
      {
        "fieldName": "Tuple",
        "title": "Intersection",
        "Description": "Intersection",
        "type": "picklistDropdown",
        "select": "ALL",
        "clearSearch": true,
        "source": "parentTuple",
        "TuplesList": [
          {
            "Key": "Item",
            "LevelAttribute": {
              "DimensionName": "Item",
              "Name": "Item",
              "textField": "Name"
            },
            "tuplesource": "LevelAttribute"
          },
          {
            "Key": "Resource",
            "LevelAttribute": {
              "DimensionName": "Resource",
              "Name": "Resource",
              "textField": "Name"
            },
            "tuplesource": "LevelAttribute"
          },
          {
            "Key": "Supplier",
            "LevelAttribute": {
              "DimensionName": "Supplier",
              "Name": "Supplier Location",
              "textField": "Name"
            },
            "tuplesource": "LevelAttribute"
          }
        ],
        "visible": true,
        "isEditable": true,
        "validation": {
          "required": true
        }
      }
    ],
    "DataSources": [],
    "AutoExecute": false,
    "isAsync": false,
    "hasMembersUpdates": false,
    "Compact": false,
    "TwoColumn": false,
    "IsGlobalForExcelAddIn": false,
    "ReturnFilterByUpdate": true,
    "FilterFieldBindings": []
  },
  "Widget": null
}