{
  "Name": "MFGRoutingDetailsInfo",
  "Description": "Information",
  "ActionButtonId": "fe9cae73-8eb3-4b61-bc5c-5a066fbe2437",
  "Tooltip": "Information",
  "ActionButtonType": "Widget",
  "Alignment": "right",
  "IsPopOver": true,
  "IsGlobal": true,
  "ActionClickHandler": null,
  "Icon": null,
  "Image": null,
  "ConfigJson": {
    "icon": "info-circle",
    "SubmitButton": {
      "Label": "Submit"
    },
    "ResetButton": {
      "Label": "Reset"
    },
    "CloseButton": {
      "Label": "Close",
      "ConfirmMessage": "Unsaved changes will be lost. Continue?"
    },
    "NotifyAll": false,
    "IBPLRules": [],
    "JavascriptRules": [],
    "FieldBindings": [
      {
        "fieldName": "Information",
        "title": "Information",
        "type": "info",
        "clearSearch": true,
        "source": "literal",
        "visible": true,
        "isEditable": false,
        "validation": {
          "maxLength": "0",
          "required": true
        },
        "defaultValue": "<b>Routing Details</b>  <p align = \"left\">This page contains data for all the Routings present in the system. The fields with the prefix ERP represents the data extracted from the ERP tables and the field with prefix o9 can be used to override the ERP data. <p> Routing Lead Time shows the number of days the routing takes to complete its operation. Start and End date can be used to define the starting and the ending time bucket for the route. A null start date specifies that the route is available from the solver start date and an null end date specifies that the production on the route can continue till the solver end date. </p> <p> The Planner can create a new routing for the various operations that are defined and has the option to attach a resource to the routing using a checkbox. If the checkbox is marked true then the resource name is concatenated to the routing name and no new resource can be attached to the routing.</p>"
      }
    ],
    "DataSources": [],
    "AutoExecute": false,
    "isAsync": false,
    "hasMembersUpdates": false,
    "Compact": false,
    "TwoColumn": false,
    "IsGlobalForExcelAddIn": false,
    "ReturnFilterByUpdate": false,
    "FilterFieldBindings": []
  },
  "Widget": null
}