{
  "MeasureName": "CP L3",
  "MeasureId": "242cf774-7f6b-4c24-a460-ca47408face7",
  "MeasureDescription": "Cost Price at Class",
  "DataType": "number",
  "MeasureType": "Regular",
  "AggregateFunction": "AvgNonNull",
  "FormatString": "0.00",
  "MeasureColumnName": "DefaultCost",
  "MeasureFormula": "",
  "IsEditable": true,
  "ApplyConversion": false,
  "ConversionFormula": "",
  "PickListName": null,
  "BgColorFormula": " IF(Isnull(Measure.[CP L3])) then argb( 1,247, 215, 215)",
  "FgColorFormula": "",
  "TrendFormula": "",
  "FormattingViewModel": "[\r\n  {\r\n    \"BGCOLOR\": \"argb(1,247,215,215)\",\r\n    \"Condition\": \"Isnull(Measure.[CP L3])\"\r\n  }\r\n]",
  "ParentMeasureName": null,
  "AssociationMeasure": false,
  "IsComputedByPlanningService": false,
  "ToolTip": "Cost Price at Class",
  "ConfigJson": {},
  "ApiName": null,
  "ApiDisabled": false,
  "IsReportingMeasure": false,
  "MeasureConditionalFormulaProperties": [
    {
      "MeasureName": null,
      "ConditionalFormula": "Isnull(Measure.[CP L3])",
      "BGCOLOR": "argb(1,247,215,215)",
      "LegendText": "",
      "DisplayOrder": 0
    }
  ],
  "PicklistSource": null
}