{
  "MeasureName": "SP Vs LY Sls Rtl Growth %",
  "MeasureId": "646ba510-168a-42e3-2282-876a16a86ef1",
  "MeasureDescription": "SP Vs LY Sls Rtl Growth %",
  "DataType": "number",
  "MeasureType": "Regular",
  "AggregateFunction": "Computed",
  "FormatString": "0.00%",
  "MeasureColumnName": "SPVsLYSlsRtlGrowth%",
  "MeasureFormula": "safedivide((Measure.[SP Sls Rtl] - Measure.[LY Sls Rtl]),Measure.[LY Sls Rtl])",
  "IsEditable": false,
  "ApplyConversion": false,
  "ConversionFormula": null,
  "PickListName": null,
  "BgColorFormula": "",
  "FgColorFormula": "",
  "TrendFormula": "",
  "FormattingViewModel": "[]",
  "ParentMeasureName": null,
  "AssociationMeasure": false,
  "IsComputedByPlanningService": false,
  "ToolTip": "(SP Sales Rtl - LY Sales Rtl)/LY Sales Rtl",
  "ConfigJson": {},
  "ApiName": null,
  "ApiDisabled": false,
  "IsReportingMeasure": true,
  "MeasureConditionalFormulaProperties": [],
  "PicklistSource": null
}