{
  "AttributeName": "FeatureDimParent",
  "AttributeId": "6179199e-f29e-4da6-90a3-4849ea0646a4",
  "AttributeHierarchyEnabled": true,
  "IsKey": false,
  "Description": "FeatureDimParent",
  "OrderBy": "Name",
  "KeyColumnName": "FeatureDimParentKey",
  "NameColumnName": "FeatureDimParentName",
  "KeyColumnDataType": "integer",
  "SeedTags": false,
  "KeyGenerationType": "Auto",
  "PickListName": null,
  "ConfigJson": {
    "ShowFilterAs": "TileView",
    "MemberDisplayNameEditable": true,
    "IsMultipleImage": false
  },
  "FormatString": null,
  "Translation": null,
  "Aliases": [],
  "ApiName": null,
  "ApiDisabled": false
}