{
  "MeasureName": "LC Markdown %",
  "MeasureId": "09594c88-3683-4f58-a92d-11e970f948be",
  "MeasureDescription": "Last Cycle Markdown %",
  "DataType": "number",
  "MeasureType": "Regular",
  "AggregateFunction": "Computed",
  "FormatString": "0.00%",
  "MeasureColumnName": "LCMarkdown%",
  "MeasureFormula": "Safedivide(Measure.[LC Ttl MD Rtl],Measure.[LC Ttl Sls Rtl])",
  "IsEditable": false,
  "ApplyConversion": false,
  "ConversionFormula": "",
  "PickListName": null,
  "BgColorFormula": "",
  "FgColorFormula": "",
  "TrendFormula": "",
  "FormattingViewModel": null,
  "ParentMeasureName": null,
  "AssociationMeasure": false,
  "IsComputedByPlanningService": false,
  "ToolTip": "Last Cycle Markdown %",
  "ConfigJson": {},
  "ApiName": null,
  "ApiDisabled": false,
  "IsReportingMeasure": true,
  "MeasureConditionalFormulaProperties": [],
  "PicklistSource": null
}