{
  "Name": "Item Substitution Setup",
  "ViewId": "535b5921-5988-e48f-ebd2-622abb1f588f",
  "ContentType": "Regular",
  "Title": "Item Substitution Setup",
  "Position": 0,
  "IsDefault": true,
  "Resource": null,
  "RazorViewTemplate": "_containers",
  "ConfigJson": {
    "WidgetContainers": {
      "Containers": [
        1
      ],
      "Key": 0,
      "IsModified": false,
      "ViewSpread": {
        "RowLevel": 60,
        "ColLevel": 12
      },
      "Data": [
        {
          "Id": "d8cba653-79e0-4c58-af21-3834c6c02e2b",
          "Col": 0,
          "Row": 0,
          "SizeX": 12,
          "SizeY": 60
        }
      ]
    }
  },
  "Roles": [
    "public"
  ]
}