{
  "MeasureGroupName": "003.010W WIP Priority Plugin Output",
  "MeasureGroupId": "2fe9c9bf-6d3b-4191-8abd-8f7085b8b79f",
  "ParentMeasureGroupName": null,
  "HasShadow": false,
  "MeasureGroupDescription": "Outputs from Prioritization Plugin",
  "MeasureGroupType": "Regular",
  "FactTableName": "Fact003.010WWIPPriorityPluginOutput",
  "SchemaMajorVersion": 0,
  "ConfigJson": {},
  "ApiName": null,
  "Repartition": false,
  "Unpartition": false,
  "ApiEnabled": false,
  "DimensionUsages": [
    {
      "DimensionName": "Time",
      "AttributeName": "Week",
      "SortOrder": 0,
      "DimensionType": "Time"
    },
    {
      "DimensionName": "Item",
      "AttributeName": "Item",
      "SortOrder": 1,
      "DimensionType": "Regular"
    },
    {
      "DimensionName": "Location",
      "AttributeName": "Location",
      "SortOrder": 2,
      "DimensionType": "Regular"
    },
    {
      "DimensionName": "Activity1",
      "AttributeName": "Activity1",
      "SortOrder": 3,
      "DimensionType": "Regular"
    },
    {
      "DimensionName": "Activity2",
      "AttributeName": "Activity2",
      "SortOrder": 4,
      "DimensionType": "Regular"
    },
    {
      "DimensionName": "Activity3",
      "AttributeName": "Activity3",
      "SortOrder": 5,
      "DimensionType": "Regular"
    },
    {
      "DimensionName": "Documents",
      "AttributeName": "OrderlineID",
      "SortOrder": 6,
      "DimensionType": "Regular"
    },
    {
      "DimensionName": "Version",
      "AttributeName": "Version Name",
      "SortOrder": 7,
      "DimensionType": "Regular"
    }
  ]
}