{
  "MeasureName": "Exclude from Netting Forecast MP Snapshot",
  "MeasureId": "41250d74-4175-4d5c-9600-09ad6f8123a8",
  "MeasureDescription": "Forecasts excluded from Netting during MP Run",
  "DataType": "boolean",
  "MeasureType": "Regular",
  "AggregateFunction": "Min",
  "FormatString": "#,##0;(#,##0)",
  "MeasureColumnName": "ExcludefromNettingForecastMPSnapshot",
  "MeasureFormula": "",
  "IsEditable": false,
  "ApplyConversion": false,
  "ConversionFormula": "",
  "PickListName": null,
  "BgColorFormula": "",
  "FgColorFormula": "",
  "TrendFormula": "",
  "FormattingViewModel": "[]",
  "ParentMeasureName": null,
  "AssociationMeasure": false,
  "IsComputedByPlanningService": false,
  "ToolTip": "Forecasts excluded from Netting during MP Run",
  "ConfigJson": {},
  "ApiName": null,
  "ApiDisabled": false,
  "IsReportingMeasure": false,
  "MeasureConditionalFormulaProperties": [],
  "PicklistSource": null
}