{
  "AttributeName": "Confirmation Schedule",
  "AttributeId": "e6a667a0-2913-2b6e-6f7c-98d81d90d420",
  "AttributeHierarchyEnabled": true,
  "IsKey": true,
  "Description": "Confirmation Schedule",
  "OrderBy": "Name",
  "KeyColumnName": "ConfirmationScheduleKey",
  "NameColumnName": "ConfirmationScheduleName",
  "KeyColumnDataType": "integer",
  "SeedTags": true,
  "KeyGenerationType": "Auto",
  "PickListName": null,
  "ConfigJson": {
    "ShowFilterAs": "TileView",
    "MemberDisplayNameEditable": true,
    "IsMultipleImage": false,
    "MemberDisplayColor": false
  },
  "FormatString": null,
  "Translation": null,
  "Aliases": [],
  "ApiName": null,
  "ApiDisabled": false,
  "FgColorFormula": null,
  "BgColorFormula": null,
  "IsReservedBySystem": false
}