{
  "MeasureGroupName": "001.001 Priority Rules",
  "MeasureGroupId": "b79a9b52-a4ff-4023-949e-6feed76ebac4",
  "ParentMeasureGroupName": null,
  "HasShadow": false,
  "MeasureGroupDescription": "Priority rules definition",
  "MeasureGroupType": "Regular",
  "FactTableName": "Fact001.001PriorityRules",
  "SchemaMajorVersion": 0,
  "ConfigJson": {},
  "ApiName": null,
  "Repartition": false,
  "Unpartition": false,
  "ApiEnabled": false,
  "DimensionUsages": [
    {
      "DimensionName": "Version",
      "AttributeName": "Version Name",
      "SortOrder": 0,
      "DimensionType": "Regular"
    },
    {
      "DimensionName": "Prioritization",
      "AttributeName": "Priority Rule",
      "SortOrder": 1,
      "DimensionType": "Regular"
    },
    {
      "DimensionName": "Demand Priority Group",
      "AttributeName": "Priority Group",
      "SortOrder": 2,
      "DimensionType": "Regular"
    },
    {
      "DimensionName": "Data Object",
      "AttributeName": "Data Object",
      "SortOrder": 3,
      "DimensionType": "Regular"
    },
    {
      "DimensionName": "Plan Type",
      "AttributeName": "Plan Type",
      "SortOrder": 4,
      "DimensionType": "Regular"
    }
  ]
}