{
  "AttributeName": "CDT4",
  "AttributeId": "e44c7763-7992-5749-e355-c37875112c06",
  "AttributeHierarchyEnabled": true,
  "IsKey": false,
  "Description": "Placeholder consumer decision tree attribute",
  "OrderBy": "Key",
  "KeyColumnName": "CDT4Key",
  "NameColumnName": "CDT4Name",
  "KeyColumnDataType": "integer",
  "SeedTags": false,
  "KeyGenerationType": "Auto",
  "PickListName": null,
  "ConfigJson": {
    "ShowFilterAs": "TileView",
    "MemberDisplayNameEditable": true,
    "IsMultipleImage": false,
    "MemberDisplayColor": false
  },
  "FormatString": null,
  "Translation": null,
  "Aliases": [],
  "ApiName": null,
  "ApiDisabled": false,
  "FgColorFormula": "",
  "BgColorFormula": "",
  "IsReservedBySystem": false
}