{
  "Name": "SupplyPlan6011MonthToWeekSplitGlobalInputInfo",
  "Description": "Information",
  "ActionButtonId": "4a671634-96a6-de63-d733-d921fec5edf3",
  "Tooltip": "Information",
  "ActionButtonType": "Widget",
  "Alignment": "right",
  "IsPopOver": true,
  "IsGlobal": true,
  "ActionClickHandler": null,
  "Icon": null,
  "Image": null,
  "ConfigJson": {
    "icon": "info-circle",
    "SubmitButton": {
      "Label": "Submit"
    },
    "ResetButton": {},
    "CloseButton": {
      "Label": "Close",
      "ConfirmMessage": "Unsaved changes will be lost. Continue?"
    },
    "NotifyAll": false,
    "IBPLRules": [],
    "JavascriptRules": [],
    "FieldBindings": [
      {
        "fieldName": "Information",
        "title": "Information",
        "type": "info",
        "showInLocalTimeZone": false,
        "clearSearch": true,
        "source": "literal",
        "defaultValue": "<b>Month To Week Split Input global Info</b> <p> <ul> <li><p aligns=\"left\">This Page Contains the Month To Week Split split profiles and space for override entry for all the Items taken for Planning.</li> </p> <li><p aligns=\"left\">Only the Overridden Week of Quarter will be overridden while the remaing values will be taken from the \"Global Month to Week Split Profile Input\"</li> </p> <li><p aligns=\"left\">Negative override values are invalid and will not be saved</li></p>",
        "visible": true,
        "isEditable": false,
        "validation": {
          "maxLength": "0",
          "required": true
        }
      }
    ],
    "Range": [],
    "DataSources": [],
    "AutoExecute": false,
    "isAsync": false,
    "hasMembersUpdates": false,
    "Compact": false,
    "TwoColumn": false,
    "IsGlobalForExcelAddIn": false,
    "ReturnFilterByUpdate": false,
    "ExcludeFromNavLink": false,
    "FilterFieldBindings": []
  },
  "Widget": null,
  "Roles": []
}