{
  "MeasureGroupName": "008 Ranging Final",
  "MeasureGroupId": "d1df4447-0810-4cf4-293f-b6ab034fd801",
  "ParentMeasureGroupName": null,
  "HasShadow": false,
  "MeasureGroupDescription": "008 Ranging Final",
  "MeasureGroupType": "Regular",
  "FactTableName": "Fact008RangingFinal",
  "SchemaMajorVersion": 0,
  "ConfigJson": {},
  "ApiName": null,
  "Repartition": false,
  "Unpartition": false,
  "ApiEnabled": false,
  "DimensionUsages": [
    {
      "DimensionName": "Version",
      "AttributeName": "Version Name",
      "SortOrder": 0,
      "DimensionType": "Regular"
    },
    {
      "DimensionName": "NamedNode",
      "AttributeName": "Retail_AP_RP_Product_Cluster_NN",
      "SortOrder": 1,
      "DimensionType": "NamedNode"
    },
    {
      "DimensionName": "NamedNode",
      "AttributeName": "Retail_AP_FD_Common_NN",
      "SortOrder": 2,
      "DimensionType": "NamedNode"
    }
  ]
}