{
  "HierarchyName": "o9EKG Business Category",
  "HierarchyId": "82abd99e-cad4-a875-6c7a-d69cd4ccc9be",
  "HierarchyDescription": "o9EKG Business Category",
  "Translations": [],
  "Levels": [
    {
      "LevelName": "Business Category",
      "LevelId": "9e1a0fa2-00c4-2577-4c4c-46ad1fc95fc7",
      "SourceAttributeName": "Business Category",
      "LevelDescription": "BizCategory",
      "LevelPosition": 0,
      "Translations": []
    },
    {
      "LevelName": "Business Model",
      "LevelId": "f5456535-6295-cfac-3e5a-256ce5cb8730",
      "SourceAttributeName": "Business Model",
      "LevelDescription": "Business Model",
      "LevelPosition": 0,
      "Translations": null
    },
    {
      "LevelName": "Business Characteristics",
      "LevelId": "8ffc96b4-4602-077a-4910-955269e7bd89",
      "SourceAttributeName": "Business Characteristics",
      "LevelDescription": "Business Characteristics",
      "LevelPosition": 1,
      "Translations": null
    }
  ],
  "IsEnabled": true,
  "ErrorMessage": null
}