{
  "MeasureName": "Action Start Time",
  "MeasureId": "584f522a-8073-42c6-af0d-21833d22323f",
  "MeasureDescription": "Start time of the Action",
  "DataType": "datetime",
  "MeasureType": "Regular",
  "AggregateFunction": "Min",
  "FormatString": "MM/dd/yyyy HH:mm:ss",
  "MeasureColumnName": "ActionStartTime",
  "MeasureFormula": "",
  "IsEditable": false,
  "ApplyConversion": false,
  "ConversionFormula": "",
  "PickListName": null,
  "BgColorFormula": "",
  "FgColorFormula": "",
  "TrendFormula": "",
  "FormattingViewModel": "[]",
  "ParentMeasureName": null,
  "AssociationMeasure": false,
  "IsComputedByPlanningService": false,
  "ToolTip": "Start time of the Action",
  "ConfigJson": {},
  "ApiName": null,
  "ApiDisabled": false,
  "IsReportingMeasure": false,
  "MeasureConditionalFormulaProperties": [],
  "PicklistSource": null
}