{
  "Name": "150DrillDowntoActiveAssortment",
  "Description": "View Active Assortment",
  "ActionButtonId": "7e63bb03-2675-4cad-63d3-593f56433f92",
  "Tooltip": "View Active Assortment",
  "ActionButtonType": "Rule",
  "Alignment": "right",
  "IsPopOver": true,
  "IsGlobal": false,
  "ActionClickHandler": null,
  "Icon": null,
  "Image": null,
  "ConfigJson": {
    "icon": "search",
    "Position": "0",
    "SubmitButton": {
      "Label": "Submit"
    },
    "ResetButton": {
      "Label": "Reset"
    },
    "CloseButton": {
      "Label": "Close",
      "ConfirmMessage": "Unsaved changes will be lost. Continue?"
    },
    "NotifyAll": false,
    "IBPLRules": [],
    "JavascriptRules": [],
    "FieldBindings": [
      {
        "fieldName": "Version",
        "title": "Version Name",
        "type": "picklist",
        "selectionType": "single",
        "clearSearch": true,
        "source": "filter",
        "DimensionName": "Version",
        "LevelAttributeName": "Version Name",
        "visible": true,
        "isEditable": true,
        "validation": {
          "maxLength": "0",
          "required": true
        }
      },
      {
        "fieldName": "ItemFilter",
        "title": "ItemFilter",
        "type": "picklist",
        "clearSearch": true,
        "source": "datasource",
        "key": "itemfilter",
        "valueField": "Name",
        "textField": "DisplayName",
        "overrideFieldBindingType": false,
        "visible": true,
        "isEditable": true,
        "validation": {
          "maxLength": "0",
          "required": true
        },
        "selectionType": "multiple",
        "select": "ALL",
        "cascadeFrom": "Version"
      },
      {
        "fieldName": "LocationLevel",
        "title": "LocationLevel",
        "type": "picklist",
        "clearSearch": true,
        "source": "datasource",
        "key": "locationlevel",
        "valueField": "Name",
        "textField": "DisplayName",
        "overrideFieldBindingType": false,
        "visible": true,
        "isEditable": true,
        "validation": {
          "maxLength": "0",
          "required": false
        },
        "selectionType": "multiple",
        "select": "ALL",
        "cascadeFrom": "Version"
      },
      {
        "fieldName": "AccountFilter",
        "title": "AccountFilter",
        "type": "picklist",
        "selectionType": "multiple",
        "clearSearch": true,
        "select": "ALL",
        "source": "datasource",
        "key": "Accountfilter",
        "valueField": "Name",
        "textField": "Name",
        "overrideFieldBindingType": false,
        "visible": true,
        "isEditable": true,
        "validation": {
          "maxLength": "0",
          "required": true
        },
        "cascadeFrom": "Version"
      },
      {
        "fieldName": "PnLFilter",
        "title": "PnLFilter",
        "type": "picklist",
        "selectionType": "multiple",
        "clearSearch": true,
        "select": "ALL",
        "source": "datasource",
        "key": "pnlfilter",
        "valueField": "Name",
        "textField": "Name",
        "overrideFieldBindingType": false,
        "visible": true,
        "isEditable": true,
        "validation": {
          "maxLength": "0",
          "required": true
        },
        "cascadeFrom": "Version"
      },
      {
        "fieldName": "ChannelFilter",
        "title": "ChannelFilter",
        "type": "picklist",
        "selectionType": "multiple",
        "clearSearch": true,
        "select": "ALL",
        "source": "datasource",
        "key": "Channelfilter",
        "valueField": "Name",
        "textField": "Name",
        "overrideFieldBindingType": false,
        "visible": true,
        "isEditable": true,
        "validation": {
          "maxLength": "0",
          "required": true
        },
        "cascadeFrom": "Version"
      },
      {
        "fieldName": "RegionFilter",
        "title": "RegionFilter",
        "type": "picklist",
        "selectionType": "multiple",
        "clearSearch": true,
        "select": "ALL",
        "source": "datasource",
        "key": "Regionfilter",
        "valueField": "Name",
        "textField": "DisplayName",
        "overrideFieldBindingType": false,
        "visible": true,
        "isEditable": true,
        "validation": {
          "maxLength": "0",
          "required": true
        },
        "cascadeFrom": "Version"
      },
      {
        "fieldName": "DemandDomainFilter",
        "title": "DemandDomainFilter",
        "type": "picklist",
        "selectionType": "multiple",
        "clearSearch": true,
        "select": "ALL",
        "source": "datasource",
        "key": "DemandDomainfilter",
        "valueField": "Name",
        "textField": "Name",
        "overrideFieldBindingType": false,
        "visible": true,
        "isEditable": true,
        "validation": {
          "maxLength": "0",
          "required": true
        },
        "cascadeFrom": "Version"
      },
      {
        "fieldName": "FromLocationLevel",
        "title": "FromLocationLevel",
        "type": "picklist",
        "selectionType": "single",
        "clearSearch": true,
        "source": "parentMeasure",
        "key": {
          "Measure": {
            "Name": "DP Location Level"
          }
        },
        "visible": false,
        "isEditable": true,
        "validation": {
          "maxLength": "0",
          "required": false
        }
      },
      {
        "fieldName": "FromLocation",
        "title": "FromLocation",
        "type": "picklist",
        "selectionType": "multiple",
        "clearSearch": true,
        "source": "parentMeasure",
        "key": {
          "Measure": {
            "Name": "DP Location Scope"
          }
        },
        "visible": false,
        "isEditable": true,
        "validation": {
          "maxLength": "0",
          "required": false
        }
      },
      {
        "fieldName": "FromChannelLevel",
        "title": "FromChannelLevel",
        "type": "picklist",
        "selectionType": "single",
        "clearSearch": true,
        "source": "parentMeasure",
        "key": {
          "Measure": {
            "Name": "DP Channel Level"
          }
        },
        "visible": false,
        "isEditable": true,
        "validation": {
          "maxLength": "0",
          "required": true
        }
      },
      {
        "fieldName": "FromChannel",
        "title": "FromChannel",
        "type": "picklist",
        "selectionType": "multiple",
        "clearSearch": true,
        "source": "parentMeasure",
        "key": {
          "Measure": {
            "Name": "DP Channel Scope"
          }
        },
        "visible": false,
        "isEditable": true,
        "validation": {
          "maxLength": "0",
          "required": true
        }
      },
      {
        "fieldName": "FromRegionLevel",
        "title": "FromRegionLevel",
        "type": "picklist",
        "selectionType": "single",
        "clearSearch": true,
        "source": "parentMeasure",
        "key": {
          "Measure": {
            "Name": "DP Region Level"
          }
        },
        "visible": false,
        "isEditable": true,
        "validation": {
          "maxLength": "0",
          "required": true
        }
      },
      {
        "fieldName": "FromRegion",
        "title": "FromRegion",
        "type": "picklist",
        "selectionType": "multiple",
        "clearSearch": true,
        "source": "parentMeasure",
        "key": {
          "Measure": {
            "Name": "DP Region Scope"
          }
        },
        "visible": false,
        "isEditable": true,
        "validation": {
          "maxLength": "0",
          "required": true
        }
      },
      {
        "fieldName": "FromAccountLevel",
        "title": "FromAccountLevel",
        "type": "picklist",
        "selectionType": "single",
        "clearSearch": true,
        "source": "parentMeasure",
        "key": {
          "Measure": {
            "Name": "DP Account Level"
          }
        },
        "visible": false,
        "isEditable": true,
        "validation": {
          "maxLength": "0",
          "required": true
        }
      },
      {
        "fieldName": "FromAccount",
        "title": "FromAccount",
        "type": "picklist",
        "selectionType": "multiple",
        "clearSearch": true,
        "source": "parentMeasure",
        "key": {
          "Measure": {
            "Name": "DP Account Scope"
          }
        },
        "visible": false,
        "isEditable": true,
        "validation": {
          "maxLength": "0",
          "required": true
        }
      },
      {
        "fieldName": "FromDemandDomainLevel",
        "title": "FromDemandDomainLevel",
        "type": "picklist",
        "selectionType": "single",
        "clearSearch": true,
        "source": "parentMeasure",
        "key": {
          "Measure": {
            "Name": "DP Demand Domain Level"
          }
        },
        "visible": false,
        "isEditable": true,
        "validation": {
          "maxLength": "0",
          "required": true
        }
      },
      {
        "fieldName": "FromDemandDomain",
        "title": "FromDemandDomain",
        "type": "picklist",
        "selectionType": "multiple",
        "clearSearch": true,
        "source": "parentMeasure",
        "key": {
          "Measure": {
            "Name": "DP Demand Domain Scope"
          }
        },
        "visible": false,
        "isEditable": true,
        "validation": {
          "maxLength": "0",
          "required": true
        }
      },
      {
        "fieldName": "FromPnLLevel",
        "title": "FromPnLLevel",
        "type": "picklist",
        "selectionType": "single",
        "clearSearch": true,
        "source": "parentMeasure",
        "key": {
          "Measure": {
            "Name": "DP PnL Level"
          }
        },
        "visible": false,
        "isEditable": true,
        "validation": {
          "maxLength": "0",
          "required": true
        }
      },
      {
        "fieldName": "FromPnL",
        "title": "FromPnL",
        "type": "picklist",
        "selectionType": "multiple",
        "clearSearch": true,
        "source": "parentMeasure",
        "key": {
          "Measure": {
            "Name": "DP PnL Scope"
          }
        },
        "visible": false,
        "isEditable": true,
        "validation": {
          "maxLength": "0",
          "required": true
        }
      },
      {
        "fieldName": "FromItemLevel",
        "title": "FromItemLevel",
        "type": "picklist",
        "selectionType": "single",
        "clearSearch": true,
        "source": "parentMeasure",
        "key": {
          "Measure": {
            "Name": "DP Item Level"
          }
        },
        "visible": true,
        "isEditable": true,
        "validation": {
          "maxLength": "0",
          "required": true
        }
      },
      {
        "fieldName": "FromItem",
        "title": "FromItem",
        "type": "picklist",
        "selectionType": "multiple",
        "clearSearch": true,
        "source": "parentMeasure",
        "key": {
          "Measure": {
            "Name": "DP Item Scope"
          }
        },
        "visible": true,
        "isEditable": true,
        "validation": {
          "maxLength": "0",
          "required": true
        }
      }
    ],
    "Range": [],
    "DataSources": [
      {
        "Name": "itemfilter",
        "IBPLRules": [
          {
            "template": "Select [Item].[{{FromItemLevel}}].filter(#.Name in {{#ibplList FromItem}}).relatedmembers([Item]);"
          }
        ],
        "JavascriptRules": [],
        "IncludeDSFieldsOnly": false,
        "FieldBindings": []
      },
      {
        "Name": "locationlevel",
        "IBPLRules": [
          {
            "template": "Select {{#if FromLocation}}[Location].[{{FromLocationLevel}}].filter(#.Name in {{#ibplList FromLocation}}).relatedmembers([Location]) {{#else}} [Location].[Location]{{/if}};"
          }
        ],
        "JavascriptRules": [],
        "IncludeDSFieldsOnly": false,
        "FieldBindings": []
      },
      {
        "Name": "Accountfilter",
        "IBPLRules": [
          {
            "template": "Select {{#if FromAccount}}[Account].[{{FromAccountLevel}}].filter(#.Name in {{#ibplList FromAccount}}).relatedmembers([Account]) {{#else}}[Account].[Planning Account]{{/if}};"
          }
        ],
        "JavascriptRules": [],
        "IncludeDSFieldsOnly": false,
        "FieldBindings": []
      },
      {
        "Name": "Channelfilter",
        "IBPLRules": [
          {
            "template": "Select {{#if FromChannel}}[Channel].[{{FromChannelLevel}}].filter(#.Name in {{#ibplList FromChannel}}){{#else}} [Channel].[Planning Channel] {{/if}};"
          }
        ],
        "JavascriptRules": [],
        "IncludeDSFieldsOnly": false,
        "FieldBindings": []
      },
      {
        "Name": "Regionfilter",
        "IBPLRules": [
          {
            "template": "Select {{#if FromRegion}}[Region].[{{FromRegionLevel}}].filter(#.Name in {{#ibplList FromRegion}}) {{#else}}[Region].[Planning Region] {{/if}};"
          }
        ],
        "JavascriptRules": [],
        "IncludeDSFieldsOnly": false,
        "FieldBindings": []
      },
      {
        "Name": "DemandDomainfilter",
        "IBPLRules": [
          {
            "template": "Select {{#if FromDemandDomain}}[Demand Domain].[{{FromDemandDomainLevel}}].filter(#.Name in {{#ibplList FromDemandDomain}}) {{#else}} [Demand Domain].[Planning Demand Domain] {{/if}};"
          }
        ],
        "JavascriptRules": [],
        "IncludeDSFieldsOnly": false,
        "FieldBindings": []
      },
      {
        "Name": "pnlfilter",
        "IBPLRules": [
          {
            "template": "Select {{#if FromPnL}}[PnL].[{{FromPnLLevel}}].filter(#.Name in {{#ibplList FromPnL}}) {{#else}} [PnL].[Planning PnL] {{/if}};"
          }
        ],
        "JavascriptRules": [],
        "IncludeDSFieldsOnly": false,
        "FieldBindings": []
      }
    ],
    "AutoExecute": true,
    "isAsync": false,
    "hasMembersUpdates": false,
    "Compact": false,
    "TwoColumn": false,
    "IsGlobalForExcelAddIn": false,
    "enableTransaction": false,
    "NavigateTo": {
      "TargetWorkspaceName": "Common Admin",
      "TargetPageName": "Active Assortment",
      "TargetViewName": "Manage Assortment"
    },
    "ExcludeFromNavLink": false,
    "FilterFieldBindings": [
      {
        "fieldName": "ItemFilter",
        "source": "existingfield",
        "DimensionName": "Item",
        "LevelAttributeName": "Item"
      },
      {
        "fieldName": "LocationLevel",
        "source": "existingfield",
        "DimensionName": "Location",
        "LevelAttributeName": "Location"
      },
      {
        "fieldName": "AccountFilter",
        "source": "existingfield",
        "DimensionName": "Account",
        "LevelAttributeName": "Planning Account"
      },
      {
        "fieldName": "ChannelFilter",
        "source": "existingfield",
        "DimensionName": "Channel",
        "LevelAttributeName": "Planning Channel"
      },
      {
        "fieldName": "PnLFilter",
        "source": "existingfield",
        "DimensionName": "PnL",
        "LevelAttributeName": "Planning PnL"
      },
      {
        "fieldName": "RegionFilter",
        "source": "existingfield",
        "DimensionName": "Region",
        "LevelAttributeName": "Planning Region"
      },
      {
        "fieldName": "DemandDomainFilter",
        "source": "existingfield",
        "DimensionName": "Demand Domain",
        "LevelAttributeName": "Planning Demand Domain"
      }
    ]
  },
  "Widget": null,
  "Roles": []
}