{
  "AttributeName": "o9EKG View ID",
  "AttributeId": "018a09f7-a38d-8a88-a4ed-58944c5fcfd0",
  "AttributeHierarchyEnabled": true,
  "IsKey": false,
  "Description": "View ID",
  "OrderBy": "Name",
  "KeyColumnName": "o9EKGViewIDKey",
  "NameColumnName": "o9EKGViewIDName",
  "KeyColumnDataType": "integer",
  "SeedTags": false,
  "KeyGenerationType": "Auto",
  "PickListName": null,
  "ConfigJson": {
    "ShowFilterAs": "TileView",
    "MemberDisplayNameEditable": true,
    "IsMultipleImage": false,
    "MemberDisplayColor": false
  },
  "FormatString": null,
  "Translation": null,
  "Aliases": [],
  "ApiName": null,
  "ApiDisabled": false,
  "ToolTip": "View ID",
  "FgColorFormula": null,
  "BgColorFormula": null,
  "IsReservedBySystem": false
}