{
  "Name": "Allocation Demand Supportability",
  "WidgetDefinitionName": "Allocation Demand Supportability",
  "IsPrimary": true,
  "ConfigJson": {
    "ContainerId": "c16bc4a3-46f1-49db-a330-194359a1d7bc",
    "CompositeContainerId": null,
    "Position": 0,
    "ShowInfoContext": {
      "ActionColumn": true,
      "RowInfo": true,
      "MemberInfo": true
    },
    "ShowHeader": null
  },
  "ViewWidgetDefinitionId": "fdbfcf29-88ed-ea27-bd72-2707d9457e9c",
  "Title": "Allocation Demand Supportability"
}