{
  "AttributeName": "Retail_AP_OS_BUOS_NN",
  "AttributeId": "3102176a-f6f5-2522-2511-efe4429a5145",
  "AttributeHierarchyEnabled": true,
  "IsKey": false,
  "Description": "Options Strategy MFP Handshake",
  "OrderBy": "Key",
  "KeyColumnName": "Retail_AP_OS_BUOS_NNKey",
  "NameColumnName": "Retail_AP_OS_BUOS_NNName",
  "KeyColumnDataType": "integer",
  "SeedTags": true,
  "KeyGenerationType": "Auto",
  "PickListName": null,
  "ConfigJson": {
    "ShowFilterAs": "TileView",
    "MemberDisplayNameEditable": true,
    "IsMultipleImage": false,
    "MemberDisplayColor": false
  },
  "FormatString": null,
  "Translation": null,
  "Aliases": [],
  "ApiName": null,
  "ApiDisabled": false,
  "ParentAttributeName": null,
  "NamedNodeUsages": [
    {
      "DimensionName": "Item",
      "AttributeName": "L3"
    },
    {
      "DimensionName": "Location",
      "AttributeName": "Location Country"
    },
    {
      "DimensionName": "Sales Domain",
      "AttributeName": "Sales Planning Channel"
    },
    {
      "DimensionName": "Selling Season",
      "AttributeName": "Selling Season"
    }
  ]
}