{
  "AttributeName": "Stat Account Group",
  "AttributeId": "ba21d9c7-26a8-ae32-2982-36a383e9a104",
  "AttributeHierarchyEnabled": true,
  "IsKey": false,
  "Description": "Highest Level in Stat Hierarchy",
  "OrderBy": "Name",
  "KeyColumnName": "StatAccountGroupKey",
  "NameColumnName": "StatAccountGroupName",
  "KeyColumnDataType": "integer",
  "SeedTags": true,
  "KeyGenerationType": "Auto",
  "PickListName": null,
  "ConfigJson": {
    "ShowFilterAs": "TileView",
    "MemberDisplayNameEditable": true,
    "IsMultipleImage": false,
    "MemberDisplayColor": false
  },
  "FormatString": null,
  "Translation": null,
  "Aliases": [],
  "ApiName": null,
  "ApiDisabled": false,
  "FgColorFormula": null,
  "BgColorFormula": null,
  "IsReservedBySystem": false
}