{
  "AttributeName": "Item Organization",
  "AttributeId": "fe457a05-a6d0-453c-a329-dc711267e16e",
  "AttributeHierarchyEnabled": false,
  "IsKey": false,
  "Description": "Is CPG - 1/ Competitor - 2 / Private Label - 3",
  "OrderBy": "Key",
  "KeyColumnName": "ItemOrganizationKey",
  "NameColumnName": null,
  "KeyColumnDataType": "integer",
  "SeedTags": false,
  "KeyGenerationType": null,
  "PickListName": null,
  "ConfigJson": {},
  "FormatString": null,
  "Translation": null,
  "Aliases": [],
  "ApiName": null,
  "ApiDisabled": false
}