{
  "MeasureName": "Sales % PAG C SS AP",
  "MeasureId": "6e9e4f75-92ac-4fb5-4533-990c36c6d65d",
  "MeasureDescription": "Sales % at Product Attribute Group - Cluster - Selling Season Approved",
  "DataType": "number",
  "MeasureType": "Regular",
  "AggregateFunction": "Sum",
  "FormatString": "0.00%",
  "MeasureColumnName": "Sales%PAGCSSAP",
  "MeasureFormula": "",
  "IsEditable": false,
  "ApplyConversion": false,
  "ConversionFormula": "",
  "PickListName": null,
  "BgColorFormula": "",
  "FgColorFormula": "",
  "TrendFormula": "",
  "FormattingViewModel": "[]",
  "ParentMeasureName": null,
  "AssociationMeasure": false,
  "IsComputedByPlanningService": false,
  "ToolTip": "Sales % at Product Attribute Group - Cluster - Selling Season Approved",
  "ConfigJson": {},
  "ApiName": null,
  "ApiDisabled": false,
  "IsReportingMeasure": false,
  "MeasureConditionalFormulaProperties": [],
  "PicklistSource": null
}