{
  "AttributeName": "Instance Name",
  "AttributeId": "66d5681c-e011-f4fe-bd13-c9b294da226f",
  "AttributeHierarchyEnabled": true,
  "IsKey": true,
  "Description": "Instance Name",
  "OrderBy": "Name",
  "KeyColumnName": "InstanceNameKey",
  "NameColumnName": "InstanceNameName",
  "KeyColumnDataType": "integer",
  "SeedTags": false,
  "KeyGenerationType": "Auto",
  "PickListName": null,
  "ConfigJson": {
    "ShowFilterAs": "TileView",
    "MemberDisplayNameEditable": true,
    "IsMultipleImage": false,
    "MemberDisplayColor": false
  },
  "FormatString": null,
  "Translation": null,
  "Aliases": [],
  "ApiName": null,
  "ApiDisabled": false,
  "ToolTip": "Instance Name",
  "FgColorFormula": null,
  "BgColorFormula": null,
  "IsReservedBySystem": false
}