{
  "Name": "Batch Status",
  "ViewId": "2ac15afc-55cd-9f56-1a6a-07be34149221",
  "ContentType": "Regular",
  "Title": "Batch Status",
  "Position": 1,
  "IsDefault": true,
  "Resource": null,
  "RazorViewTemplate": "_containers",
  "ConfigJson": {
    "WidgetContainers": {
      "Containers": [
        1,
        1
      ],
      "Key": 4,
      "IsModified": false,
      "ViewSpread": {
        "RowLevel": 60,
        "ColLevel": 12
      },
      "Data": [
        {
          "Id": "c04db2b9-7973-4335-8ede-a7ed34b2f2b5",
          "Col": 0,
          "Row": 0,
          "SizeX": 12,
          "SizeY": 30
        },
        {
          "Id": "abd0c163-73db-4e29-a1ab-a2391ea11ab5",
          "Col": 0,
          "Row": 30,
          "SizeX": 12,
          "SizeY": 30
        }
      ]
    },
    "CompactMode": false,
    "IsHidden": false
  },
  "Roles": [
    "admin",
    "dataadmin",
    "public",
    "EKG_DataAdmin",
    "EKG_DataDefault",
    "EKG_Intg_Arch"
  ]
}