{
  "MeasureName": "Sales Variance %",
  "MeasureId": "a39b655c-8720-67c0-590d-0604208ca829",
  "MeasureDescription": "Variance between AP Sales MFP Bottom-Up Sales",
  "DataType": "number",
  "MeasureType": "Regular",
  "AggregateFunction": "Computed",
  "FormatString": "0.00%",
  "MeasureColumnName": "SalesVariance%",
  "MeasureFormula": "Safedivide((Measure.[Weekly Sales Rtl AP]- Measure.[BU Ttl Sls Rtl AP Recon]),Measure.[Weekly Sales Rtl AP])",
  "IsEditable": false,
  "ApplyConversion": false,
  "ConversionFormula": "",
  "PickListName": null,
  "BgColorFormula": "",
  "FgColorFormula": "",
  "TrendFormula": " IF(Measure.[Sales Variance %]<0) then 13 else  IF(Measure.[Sales Variance %]>0) then 10 else  IF(Measure.[Sales Variance %]==0) then 14",
  "FormattingViewModel": "[\r\n  {\r\n    \"INDICATOR\": \"13\",\r\n    \"Condition\": \"Measure.[Sales Variance %]<0\"\r\n  },\r\n  {\r\n    \"INDICATOR\": \"10\",\r\n    \"Condition\": \"Measure.[Sales Variance %]>0\"\r\n  },\r\n  {\r\n    \"INDICATOR\": \"14\",\r\n    \"Condition\": \"Measure.[Sales Variance %]==0\"\r\n  }\r\n]",
  "ParentMeasureName": null,
  "AssociationMeasure": false,
  "IsComputedByPlanningService": false,
  "ToolTip": "(AP Sales Retail - MFP Total Sales Retail Approved)/ AP Sales Retail",
  "ConfigJson": {},
  "ApiName": null,
  "ApiDisabled": false,
  "IsReportingMeasure": true,
  "MeasureConditionalFormulaProperties": [
    {
      "MeasureName": null,
      "ConditionalFormula": "Measure.[Sales Variance %]<0",
      "BGCOLOR": "",
      "LegendText": "",
      "DisplayOrder": 0
    },
    {
      "MeasureName": null,
      "ConditionalFormula": "Measure.[Sales Variance %]>0",
      "BGCOLOR": "",
      "LegendText": "",
      "DisplayOrder": 1
    },
    {
      "MeasureName": null,
      "ConditionalFormula": "Measure.[Sales Variance %]==0",
      "BGCOLOR": "",
      "LegendText": "",
      "DisplayOrder": 2
    }
  ],
  "PicklistSource": null
}