{
  "Name": "High Code Pipeline Management",
  "ViewId": "980ce178-32f2-bc11-8282-26b22a3bd001",
  "ContentType": "Regular",
  "Title": "Pipeline List",
  "Position": 0,
  "IsDefault": true,
  "Resource": null,
  "RazorViewTemplate": "_containers",
  "ConfigJson": {
    "WidgetContainers": {
      "Containers": [
        1
      ],
      "Key": 0,
      "IsModified": false,
      "ViewSpread": {
        "RowLevel": 60,
        "ColLevel": 12
      },
      "Data": [
        {
          "Id": "d5c84fb4-c072-4210-a068-ad74cb2ac3aa",
          "Col": 0,
          "Row": 0,
          "SizeX": 12,
          "SizeY": 60,
          "disableExpand": false
        }
      ]
    },
    "CompactMode": false,
    "IsHidden": false
  },
  "Roles": [
    "admin",
    "dataadmin",
    "public",
    "PMM Super User",
    "EKG_DataAdmin",
    "EKG_DataDefault",
    "EKG_Intg_Arch"
  ]
}