{
  "AttributeName": "Container Height",
  "AttributeId": "b3c8c1df-7ee1-4232-ada8-43fa037d49b8",
  "AttributeHierarchyEnabled": false,
  "IsKey": false,
  "Description": "Container Height",
  "OrderBy": "Key",
  "KeyColumnName": "ContainerHeightKey",
  "NameColumnName": null,
  "KeyColumnDataType": "number",
  "SeedTags": false,
  "KeyGenerationType": null,
  "PickListName": null,
  "ConfigJson": {
    "IsVisible": true,
    "IsEditable": true
  },
  "FormatString": "#,##0; (#,##0)",
  "Translation": null,
  "Aliases": [],
  "ApiName": null,
  "ApiDisabled": false
}