{
  "PickListName": "KPI Name",
  "PickListId": "3f34f414-b13e-5a9d-5a3d-95a43533e1b8",
  "PickListDescription": "KPI Name",
  "DataType": "string",
  "IsMultiSelectAllowed": false,
  "Values": [
    {
      "Value": "Margin %",
      "DisplayName": "Margin %",
      "DisplayPosition": 2,
      "Icon": null,
      "Color": null,
      "Image": null
    },
    {
      "Value": "ROS",
      "DisplayName": "ROS",
      "DisplayPosition": 1,
      "Icon": null,
      "Color": null,
      "Image": null
    },
    {
      "Value": "Sales $",
      "DisplayName": "Sales $",
      "DisplayPosition": 0,
      "Icon": null,
      "Color": null,
      "Image": null
    }
  ]
}