{
  "PickListName": "Planner Priority",
  "PickListId": "62621a0d-c885-f765-45d5-3b48ffbd449b",
  "PickListDescription": "Planner Priority",
  "DataType": "string",
  "IsMultiSelectAllowed": false,
  "Values": [
    {
      "Value": "A",
      "DisplayName": "A",
      "DisplayPosition": 0,
      "Icon": null,
      "Color": null,
      "Image": null
    },
    {
      "Value": "B",
      "DisplayName": "B",
      "DisplayPosition": 1,
      "Icon": null,
      "Color": null,
      "Image": null
    },
    {
      "Value": "E",
      "DisplayName": "E",
      "DisplayPosition": 4,
      "Icon": null,
      "Color": null,
      "Image": null
    },
    {
      "Value": "D",
      "DisplayName": "D",
      "DisplayPosition": 3,
      "Icon": null,
      "Color": null,
      "Image": null
    },
    {
      "Value": "C",
      "DisplayName": "C",
      "DisplayPosition": 2,
      "Icon": null,
      "Color": null,
      "Image": null
    }
  ]
}