{
  "PickListName": "Product Inventory Type",
  "PickListId": "174e62cf-6c12-46e6-975c-ce8a07dc5cd0",
  "PickListDescription": "Product Inventory Type",
  "DataType": "string",
  "IsMultiSelectAllowed": false,
  "Values": [
    {
      "Value": "Core",
      "DisplayName": "Core",
      "DisplayPosition": 0,
      "Icon": null,
      "Color": null,
      "Image": null
    },
    {
      "Value": "Fashion",
      "DisplayName": "Fashion",
      "DisplayPosition": 1,
      "Icon": null,
      "Color": null,
      "Image": null
    },
    {
      "Value": "Seasonal Basics",
      "DisplayName": "Seasonal Basics",
      "DisplayPosition": 2,
      "Icon": null,
      "Color": null,
      "Image": null
    },
    {
      "Value": "Basics",
      "DisplayName": "Basics",
      "DisplayPosition": 3,
      "Icon": null,
      "Color": null,
      "Image": null
    },
    {
      "Value": "New Core",
      "DisplayName": "New Core",
      "DisplayPosition": 4,
      "Icon": null,
      "Color": null,
      "Image": null
    },
    {
      "Value": "Old Core",
      "DisplayName": "Old Core",
      "DisplayPosition": 5,
      "Icon": null,
      "Color": null,
      "Image": null
    }
  ]
}