{
  "PickListName": "ProgramType Picklist",
  "PickListId": "e070ea93-56f8-409a-b3b6-51b3c14579b1",
  "PickListDescription": "ProgramType Picklist",
  "DataType": "string",
  "IsMultiSelectAllowed": false,
  "Values": [
    {
      "Value": "INNOVATION",
      "DisplayName": "INNOVATION",
      "DisplayPosition": 0,
      "Icon": null,
      "Color": null,
      "Image": null
    },
    {
      "Value": "REFRESH",
      "DisplayName": "REFRESH",
      "DisplayPosition": 1,
      "Icon": null,
      "Color": null,
      "Image": null
    },
    {
      "Value": "REMAIN",
      "DisplayName": "REMAIN",
      "DisplayPosition": 2,
      "Icon": null,
      "Color": null,
      "Image": null
    },
    {
      "Value": "Undefined",
      "DisplayName": "Undefined",
      "DisplayPosition": 3,
      "Icon": null,
      "Color": null,
      "Image": null
    }
  ]
}