{
  "PickListName": "Program Picklist",
  "PickListId": "c41d1de7-2bae-4ff0-ba9b-fe7a030797ea",
  "PickListDescription": "Program Picklist",
  "DataType": "string",
  "IsMultiSelectAllowed": false,
  "Values": [
    {
      "Value": "Basic Long Sleeve Shirts",
      "DisplayName": "Basic Long Sleeve Shirts",
      "DisplayPosition": 0,
      "Icon": null,
      "Color": null,
      "Image": null
    },
    {
      "Value": "Womens Box-Neck",
      "DisplayName": "Womens Box-Neck",
      "DisplayPosition": 1,
      "Icon": null,
      "Color": null,
      "Image": null
    },
    {
      "Value": "Travel Shirts",
      "DisplayName": "Travel Shirts",
      "DisplayPosition": 2,
      "Icon": null,
      "Color": null,
      "Image": null
    },
    {
      "Value": "Floral Womens Tops",
      "DisplayName": "Floral Womens Tops",
      "DisplayPosition": 3,
      "Icon": null,
      "Color": null,
      "Image": null
    },
    {
      "Value": "Floral Prints",
      "DisplayName": "Floral Prints",
      "DisplayPosition": 4,
      "Icon": null,
      "Color": null,
      "Image": null
    },
    {
      "Value": "Wrinkle Free Shirts",
      "DisplayName": "Wrinkle Free Shirts",
      "DisplayPosition": 5,
      "Icon": null,
      "Color": null,
      "Image": null
    },
    {
      "Value": "Fall Mens Shirts Long Sleeve",
      "DisplayName": "Fall Mens Shirts Long Sleeve",
      "DisplayPosition": 6,
      "Icon": null,
      "Color": null,
      "Image": null
    },
    {
      "Value": "Basic Long Sleevess",
      "DisplayName": "Basic Long Sleeves",
      "DisplayPosition": 7,
      "Icon": null,
      "Color": null,
      "Image": null
    },
    {
      "Value": "Camp Shirts",
      "DisplayName": "Camp Shirts",
      "DisplayPosition": 8,
      "Icon": null,
      "Color": null,
      "Image": null
    },
    {
      "Value": "Basic T Shirts",
      "DisplayName": "Basic T Shirts",
      "DisplayPosition": 9,
      "Icon": null,
      "Color": null,
      "Image": null
    },
    {
      "Value": "Summer Polo",
      "DisplayName": "Summer Polo",
      "DisplayPosition": 10,
      "Icon": null,
      "Color": null,
      "Image": null
    },
    {
      "Value": "Sleep Tops",
      "DisplayName": "Sleep Tops",
      "DisplayPosition": 11,
      "Icon": null,
      "Color": null,
      "Image": null
    },
    {
      "Value": "Pattern T Shirts",
      "DisplayName": "Summer Jeans",
      "DisplayPosition": 12,
      "Icon": null,
      "Color": null,
      "Image": null
    },
    {
      "Value": "Printed Pattern",
      "DisplayName": "Printed Pattern",
      "DisplayPosition": 13,
      "Icon": null,
      "Color": null,
      "Image": null
    },
    {
      "Value": "Basic Plaid Long Sleeves",
      "DisplayName": "Basic Plaid Long Sleeves",
      "DisplayPosition": 14,
      "Icon": null,
      "Color": null,
      "Image": null
    },
    {
      "Value": "Summer Vintage Collection",
      "DisplayName": "Summer Vintage Collection",
      "DisplayPosition": 15,
      "Icon": null,
      "Color": null,
      "Image": null
    },
    {
      "Value": "Preppy Collection",
      "DisplayName": "Preppy Collection",
      "DisplayPosition": 16,
      "Icon": null,
      "Color": null,
      "Image": null
    },
    {
      "Value": "Womens Dresses Party Trend",
      "DisplayName": "Womens Dresses Party Trend",
      "DisplayPosition": 17,
      "Icon": null,
      "Color": null,
      "Image": null
    },
    {
      "Value": "Womens Dresses V-Neeck",
      "DisplayName": "Womens Dresses V-Neeck",
      "DisplayPosition": 18,
      "Icon": null,
      "Color": null,
      "Image": null
    },
    {
      "Value": "Bohemian fashion",
      "DisplayName": "Bohemian fashion",
      "DisplayPosition": 19,
      "Icon": null,
      "Color": null,
      "Image": null
    },
    {
      "Value": "Basic Maxis",
      "DisplayName": "Basic Maxis",
      "DisplayPosition": 20,
      "Icon": null,
      "Color": null,
      "Image": null
    },
    {
      "Value": "Summer Sleevless",
      "DisplayName": "Summer Sleevless",
      "DisplayPosition": 21,
      "Icon": null,
      "Color": null,
      "Image": null
    },
    {
      "Value": "Basic Party Dress",
      "DisplayName": "Basic Party Dress",
      "DisplayPosition": 22,
      "Icon": null,
      "Color": null,
      "Image": null
    },
    {
      "Value": "Summer Party Wear",
      "DisplayName": "Summer Party Wear",
      "DisplayPosition": 23,
      "Icon": null,
      "Color": null,
      "Image": null
    },
    {
      "Value": "Exotic Party Wear",
      "DisplayName": "Exotic Party Wear",
      "DisplayPosition": 24,
      "Icon": null,
      "Color": null,
      "Image": null
    },
    {
      "Value": "Womens Dresses Short Trend",
      "DisplayName": "Womens Dresses Short Trend",
      "DisplayPosition": 25,
      "Icon": null,
      "Color": null,
      "Image": null
    },
    {
      "Value": "Winter Womens Dresses Maxi",
      "DisplayName": "Winter Womens Dresses Maxi",
      "DisplayPosition": 26,
      "Icon": null,
      "Color": null,
      "Image": null
    },
    {
      "Value": "Womens Skirts Short Belted",
      "DisplayName": "Womens Skirts Short Belted",
      "DisplayPosition": 27,
      "Icon": null,
      "Color": null,
      "Image": null
    },
    {
      "Value": "Basic Knit Skirt",
      "DisplayName": "Basic Knit Skirt",
      "DisplayPosition": 28,
      "Icon": null,
      "Color": null,
      "Image": null
    },
    {
      "Value": "Spring Womens Sweatshirt Skirt",
      "DisplayName": "Spring Womens Sweatshirt Skirt",
      "DisplayPosition": 29,
      "Icon": null,
      "Color": null,
      "Image": null
    },
    {
      "Value": "Womens Skirts Tulip",
      "DisplayName": "Womens Skirts Tulip",
      "DisplayPosition": 30,
      "Icon": null,
      "Color": null,
      "Image": null
    },
    {
      "Value": "Basic Womens Tops Shirt Sleeve",
      "DisplayName": "Basic Womens Tops Shirt Sleeve",
      "DisplayPosition": 31,
      "Icon": null,
      "Color": null,
      "Image": null
    },
    {
      "Value": "Summer Womens Polo Tops",
      "DisplayName": "Summer Womens Polo Tops",
      "DisplayPosition": 32,
      "Icon": null,
      "Color": null,
      "Image": null
    },
    {
      "Value": "Casual Womens Tops",
      "DisplayName": "Casual Womens Tops",
      "DisplayPosition": 33,
      "Icon": null,
      "Color": null,
      "Image": null
    },
    {
      "Value": "Womens Short Sleeve V-Neck",
      "DisplayName": "Womens Short Sleeve V-Neck",
      "DisplayPosition": 34,
      "Icon": null,
      "Color": null,
      "Image": null
    },
    {
      "Value": "Ripped color denims",
      "DisplayName": "Ripped color denims",
      "DisplayPosition": 35,
      "Icon": null,
      "Color": null,
      "Image": null
    },
    {
      "Value": "Floral Dress New",
      "DisplayName": "Floral Dress New",
      "DisplayPosition": 36,
      "Icon": null,
      "Color": null,
      "Image": null
    },
    {
      "Value": "BEN HOGAN SS POLO Women",
      "DisplayName": "BEN HOGAN SS POLO Women",
      "DisplayPosition": 37,
      "Icon": null,
      "Color": null,
      "Image": null
    },
    {
      "Value": "Basic Pants",
      "DisplayName": "Basic Pants",
      "DisplayPosition": 38,
      "Icon": null,
      "Color": null,
      "Image": null
    },
    {
      "Value": "Summer Jeans",
      "DisplayName": "Summer Jeans",
      "DisplayPosition": 39,
      "Icon": null,
      "Color": null,
      "Image": null
    },
    {
      "Value": "Basic Jeans",
      "DisplayName": "Basic Jeans",
      "DisplayPosition": 40,
      "Icon": null,
      "Color": null,
      "Image": null
    },
    {
      "Value": "Relaxed Fit",
      "DisplayName": "Relaxed Fit",
      "DisplayPosition": 41,
      "Icon": null,
      "Color": null,
      "Image": null
    },
    {
      "Value": "Relaxed Straight",
      "DisplayName": "Relaxed Straight",
      "DisplayPosition": 42,
      "Icon": null,
      "Color": null,
      "Image": null
    },
    {
      "Value": "Skinny Jeans",
      "DisplayName": "Skinny Jeans",
      "DisplayPosition": 43,
      "Icon": null,
      "Color": null,
      "Image": null
    },
    {
      "Value": "Summer Womens Jeans",
      "DisplayName": "Summer Womens Jeans",
      "DisplayPosition": 44,
      "Icon": null,
      "Color": null,
      "Image": null
    },
    {
      "Value": "Womens Old Fashion Bootcut",
      "DisplayName": "Womens Old Fashion Bootcut",
      "DisplayPosition": 45,
      "Icon": null,
      "Color": null,
      "Image": null
    },
    {
      "Value": "Womens Jeans Comfort",
      "DisplayName": "Womens Jeans Comfort",
      "DisplayPosition": 46,
      "Icon": null,
      "Color": null,
      "Image": null
    },
    {
      "Value": "Grunge Denims",
      "DisplayName": "Grunge Denims",
      "DisplayPosition": 47,
      "Icon": null,
      "Color": null,
      "Image": null
    },
    {
      "Value": "Basic Womens Pants",
      "DisplayName": "Basic Womens Pants",
      "DisplayPosition": 48,
      "Icon": null,
      "Color": null,
      "Image": null
    },
    {
      "Value": "Womens Jeans Skinny",
      "DisplayName": "Womens Jeans Skinny",
      "DisplayPosition": 49,
      "Icon": null,
      "Color": null,
      "Image": null
    },
    {
      "Value": "Womens Basic Pants",
      "DisplayName": "Womens Basic Pants",
      "DisplayPosition": 50,
      "Icon": null,
      "Color": null,
      "Image": null
    },
    {
      "Value": "Womens Trousers",
      "DisplayName": "Womens Trousers",
      "DisplayPosition": 51,
      "Icon": null,
      "Color": null,
      "Image": null
    },
    {
      "Value": "Basic Hat",
      "DisplayName": "Basic Hat",
      "DisplayPosition": 52,
      "Icon": null,
      "Color": null,
      "Image": null
    },
    {
      "Value": "Vented Hats",
      "DisplayName": "Vented Hats",
      "DisplayPosition": 53,
      "Icon": null,
      "Color": null,
      "Image": null
    }
  ]
}