{
  "PickListName": "Silhouettes Name",
  "PickListId": "06daf017-80db-4905-a902-f83be9c03cce",
  "PickListDescription": "Silhouettes Name",
  "DataType": "string",
  "IsMultiSelectAllowed": false,
  "Values": [
    {
      "Value": "Collar Neck",
      "DisplayName": "Collar Neck",
      "DisplayPosition": 1,
      "Icon": null,
      "Color": null,
      "Image": null
    },
    {
      "Value": "Crop Tops",
      "DisplayName": "Crop Tops",
      "DisplayPosition": 1,
      "Icon": null,
      "Color": null,
      "Image": null
    },
    {
      "Value": "Flare Jeans",
      "DisplayName": "Flare Jeans",
      "DisplayPosition": 2,
      "Icon": null,
      "Color": null,
      "Image": null
    },
    {
      "Value": "Satin",
      "DisplayName": "Satin",
      "DisplayPosition": 3,
      "Icon": null,
      "Color": null,
      "Image": null
    },
    {
      "Value": "A-Line",
      "DisplayName": "A-Line",
      "DisplayPosition": 4,
      "Icon": null,
      "Color": null,
      "Image": null
    },
    {
      "Value": "Shadow",
      "DisplayName": "Shadow",
      "DisplayPosition": 5,
      "Icon": null,
      "Color": null,
      "Image": null
    },
    {
      "Value": "Skinny",
      "DisplayName": "Skinny",
      "DisplayPosition": 6,
      "Icon": null,
      "Color": null,
      "Image": null
    },
    {
      "Value": "Taekwondo",
      "DisplayName": "Taekwondo",
      "DisplayPosition": 7,
      "Icon": null,
      "Color": null,
      "Image": null
    },
    {
      "Value": "Player",
      "DisplayName": "Player",
      "DisplayPosition": 8,
      "Icon": null,
      "Color": null,
      "Image": null
    },
    {
      "Value": "Floral",
      "DisplayName": "Floral",
      "DisplayPosition": 9,
      "Icon": null,
      "Color": null,
      "Image": null
    },
    {
      "Value": "Denim skirt",
      "DisplayName": "Denim skirt",
      "DisplayPosition": 10,
      "Icon": null,
      "Color": null,
      "Image": null
    },
    {
      "Value": "Slip-On",
      "DisplayName": "Slip-On",
      "DisplayPosition": 12,
      "Icon": null,
      "Color": null,
      "Image": null
    },
    {
      "Value": "High Top",
      "DisplayName": "High Top",
      "DisplayPosition": 11,
      "Icon": null,
      "Color": null,
      "Image": null
    },
    {
      "Value": "Checked",
      "DisplayName": "Checked",
      "DisplayPosition": 12,
      "Icon": null,
      "Color": null,
      "Image": null
    },
    {
      "Value": "Dotted",
      "DisplayName": "Dotted",
      "DisplayPosition": 13,
      "Icon": null,
      "Color": null,
      "Image": null
    },
    {
      "Value": "Ribbed",
      "DisplayName": "Ribbed",
      "DisplayPosition": 14,
      "Icon": null,
      "Color": null,
      "Image": null
    },
    {
      "Value": "V-Neck",
      "DisplayName": "V-Neck",
      "DisplayPosition": 15,
      "Icon": null,
      "Color": null,
      "Image": null
    },
    {
      "Value": "Stretched",
      "DisplayName": "Stretched",
      "DisplayPosition": 16,
      "Icon": null,
      "Color": null,
      "Image": null
    },
    {
      "Value": "Floral Print",
      "DisplayName": "Floral Print",
      "DisplayPosition": 17,
      "Icon": null,
      "Color": null,
      "Image": null
    },
    {
      "Value": "Pleated",
      "DisplayName": "Pleated",
      "DisplayPosition": 18,
      "Icon": null,
      "Color": null,
      "Image": null
    },
    {
      "Value": "OneSize",
      "DisplayName": "OneSize",
      "DisplayPosition": 19,
      "Icon": null,
      "Color": null,
      "Image": null
    },
    {
      "Value": "Cushioned",
      "DisplayName": "Cushioned",
      "DisplayPosition": 20,
      "Icon": null,
      "Color": null,
      "Image": null
    },
    {
      "Value": "Quarter Zip",
      "DisplayName": "Quarter Zip",
      "DisplayPosition": 0,
      "Icon": null,
      "Color": null,
      "Image": null
    },
    {
      "Value": "Crew Neck",
      "DisplayName": "Crew Neck",
      "DisplayPosition": 1,
      "Icon": null,
      "Color": null,
      "Image": null
    },
    {
      "Value": "Undefined",
      "DisplayName": "Undefined",
      "DisplayPosition": 21,
      "Icon": null,
      "Color": null,
      "Image": null
    }
  ]
}