{
  "PickListName": "Style Color Picklist",
  "PickListId": "3261a282-87f3-4327-8b36-1c584c90ec3a",
  "PickListDescription": "Style Color Picklist",
  "DataType": "string",
  "IsMultiSelectAllowed": false,
  "Values": [
    {
      "Value": "Blue Sparrow Print_White",
      "DisplayName": "Blue Sparrow Print_White",
      "DisplayPosition": 0,
      "Icon": null,
      "Color": null,
      "Image": null
    },
    {
      "Value": "Blue Sparrow Print_White-Copy",
      "DisplayName": "Blue Sparrow Print_White-Copy",
      "DisplayPosition": 1,
      "Icon": null,
      "Color": null,
      "Image": null
    },
    {
      "Value": "BLUE Test Shirt",
      "DisplayName": "BLUE Test Shirt",
      "DisplayPosition": 2,
      "Icon": null,
      "Color": null,
      "Image": null
    },
    {
      "Value": "Box-Neck Sleeve Red Blue",
      "DisplayName": "Box-Neck Sleeve Red Blue",
      "DisplayPosition": 3,
      "Icon": null,
      "Color": null,
      "Image": null
    },
    {
      "Value": "Essential Broadcloth Dress Shirt_White",
      "DisplayName": "Essential Broadcloth Dress Shirt_White",
      "DisplayPosition": 4,
      "Icon": null,
      "Color": null,
      "Image": null
    },
    {
      "Value": "Essential Broadcloth Dress Shirt_White-Copy",
      "DisplayName": "Essential Broadcloth Dress Shirt_White-Copy",
      "DisplayPosition": 5,
      "Icon": null,
      "Color": null,
      "Image": null
    },
    {
      "Value": "Final Pants RED",
      "DisplayName": "Final Pants RED",
      "DisplayPosition": 6,
      "Icon": null,
      "Color": null,
      "Image": null
    },
    {
      "Value": "Floral Knitted Tops_S1_C1",
      "DisplayName": "Floral Knitted Tops_S1_C1",
      "DisplayPosition": 7,
      "Icon": null,
      "Color": null,
      "Image": null
    },
    {
      "Value": "Floral Knitted Tops_S1_C2",
      "DisplayName": "Floral Knitted Tops_S1_C2",
      "DisplayPosition": 8,
      "Icon": null,
      "Color": null,
      "Image": null
    },
    {
      "Value": "Floral Knitted Tops_S2_C1",
      "DisplayName": "Floral Knitted Tops_S2_C1",
      "DisplayPosition": 9,
      "Icon": null,
      "Color": null,
      "Image": null
    },
    {
      "Value": "Floral Knitted Tops_S2_C2",
      "DisplayName": "Floral Knitted Tops_S2_C2",
      "DisplayPosition": 10,
      "Icon": null,
      "Color": null,
      "Image": null
    },
    {
      "Value": "Floral Summer Shirts_S1_C1",
      "DisplayName": "Floral Summer Shirts_S1_C1",
      "DisplayPosition": 11,
      "Icon": null,
      "Color": null,
      "Image": null
    },
    {
      "Value": "Floral Summer Shirts_S1_C2",
      "DisplayName": "Floral Summer Shirts_S1_C2",
      "DisplayPosition": 12,
      "Icon": null,
      "Color": null,
      "Image": null
    },
    {
      "Value": "French Cuff Dress Shirt_White",
      "DisplayName": "French Cuff Dress Shirt_White",
      "DisplayPosition": 13,
      "Icon": null,
      "Color": null,
      "Image": null
    },
    {
      "Value": "French Cuff Dress Shirt_White-Copy",
      "DisplayName": "French Cuff Dress Shirt_White-Copy",
      "DisplayPosition": 14,
      "Icon": null,
      "Color": null,
      "Image": null
    },
    {
      "Value": "Grey Mens Shirts Long Sleeve No-Iron",
      "DisplayName": "Grey Mens Shirts Long Sleeve No-Iron",
      "DisplayPosition": 15,
      "Icon": null,
      "Color": null,
      "Image": null
    },
    {
      "Value": "Lux Sateen No Iron Shirt_White",
      "DisplayName": "Lux Sateen No Iron Shirt_White",
      "DisplayPosition": 16,
      "Icon": null,
      "Color": null,
      "Image": null
    },
    {
      "Value": "Lux Sateen No Iron Shirt_White-Copy",
      "DisplayName": "Lux Sateen No Iron Shirt_White-Copy",
      "DisplayPosition": 17,
      "Icon": null,
      "Color": null,
      "Image": null
    },
    {
      "Value": "Men's Hat Long Western Black",
      "DisplayName": "Men's Hat Long Western Black",
      "DisplayPosition": 18,
      "Icon": null,
      "Color": null,
      "Image": null
    },
    {
      "Value": "Mens Pants Casual Chinos White",
      "DisplayName": "Mens Pants Casual Chinos White",
      "DisplayPosition": 19,
      "Icon": null,
      "Color": null,
      "Image": null
    },
    {
      "Value": "Mens Pants Casual Dockers Grey",
      "DisplayName": "Mens Pants Casual Dockers Grey",
      "DisplayPosition": 20,
      "Icon": null,
      "Color": null,
      "Image": null
    },
    {
      "Value": "Mens Pants Casual Dockers White",
      "DisplayName": "Mens Pants Casual Dockers White",
      "DisplayPosition": 21,
      "Icon": null,
      "Color": null,
      "Image": null
    },
    {
      "Value": "Mens Pants Casual Khakis Grey",
      "DisplayName": "Mens Pants Casual Khakis Grey",
      "DisplayPosition": 22,
      "Icon": null,
      "Color": null,
      "Image": null
    },
    {
      "Value": "Mens Pants Casual Khakis White",
      "DisplayName": "Mens Pants Casual Khakis White",
      "DisplayPosition": 23,
      "Icon": null,
      "Color": null,
      "Image": null
    },
    {
      "Value": "Mens Pants Jeans Bootcut Faded Blue",
      "DisplayName": "Mens Pants Jeans Bootcut Faded Blue",
      "DisplayPosition": 24,
      "Icon": null,
      "Color": null,
      "Image": null
    },
    {
      "Value": "Mens Pants Jeans Loose Straight Grey",
      "DisplayName": "Mens Pants Jeans Loose Straight Grey",
      "DisplayPosition": 25,
      "Icon": null,
      "Color": null,
      "Image": null
    },
    {
      "Value": "Mens Pants Jeans Loose Straight White",
      "DisplayName": "Mens Pants Jeans Loose Straight White",
      "DisplayPosition": 26,
      "Icon": null,
      "Color": null,
      "Image": null
    },
    {
      "Value": "Mens Pants Jeans Relaxed Fit Grey",
      "DisplayName": "Mens Pants Jeans Relaxed Fit Grey",
      "DisplayPosition": 27,
      "Icon": null,
      "Color": null,
      "Image": null
    },
    {
      "Value": "Mens Pants Jeans Relaxed Fit White",
      "DisplayName": "Mens Pants Jeans Relaxed Fit White",
      "DisplayPosition": 28,
      "Icon": null,
      "Color": null,
      "Image": null
    },
    {
      "Value": "Mens Pants Jeans Relaxed Straight Grey",
      "DisplayName": "Mens Pants Jeans Relaxed Straight Grey",
      "DisplayPosition": 29,
      "Icon": null,
      "Color": null,
      "Image": null
    },
    {
      "Value": "Mens Pants Jeans Relaxed Straight White",
      "DisplayName": "Mens Pants Jeans Relaxed Straight White",
      "DisplayPosition": 30,
      "Icon": null,
      "Color": null,
      "Image": null
    },
    {
      "Value": "Mens Pants Jeans Skinny Grey",
      "DisplayName": "Mens Pants Jeans Skinny Grey",
      "DisplayPosition": 31,
      "Icon": null,
      "Color": null,
      "Image": null
    },
    {
      "Value": "Mens Pants Jeans Skinny White",
      "DisplayName": "Mens Pants Jeans Skinny White",
      "DisplayPosition": 32,
      "Icon": null,
      "Color": null,
      "Image": null
    },
    {
      "Value": "Mens Shirts Long Sleeve Button-Down Dress  White",
      "DisplayName": "Mens Shirts Long Sleeve Button-Down Dress  White",
      "DisplayPosition": 33,
      "Icon": null,
      "Color": null,
      "Image": null
    },
    {
      "Value": "Mens Shirts Long Sleeve Button-Down Dress  White-Copy",
      "DisplayName": "Mens Shirts Long Sleeve Button-Down Dress  White-Copy",
      "DisplayPosition": 34,
      "Icon": null,
      "Color": null,
      "Image": null
    },
    {
      "Value": "Mens Shirts Long Sleeve No-Iron Grey",
      "DisplayName": "Mens Shirts Long Sleeve No-Iron Grey",
      "DisplayPosition": 35,
      "Icon": null,
      "Color": null,
      "Image": null
    },
    {
      "Value": "Mens Shirts Long Sleeve No-Iron Grey-Copy",
      "DisplayName": "Mens Shirts Long Sleeve No-Iron Grey-Copy",
      "DisplayPosition": 36,
      "Icon": null,
      "Color": null,
      "Image": null
    },
    {
      "Value": "Mens Shirts Long Sleeve No-Iron White",
      "DisplayName": "Mens Shirts Long Sleeve No-Iron White",
      "DisplayPosition": 37,
      "Icon": null,
      "Color": null,
      "Image": null
    },
    {
      "Value": "Mens Shirts Long Sleeve No-Iron White-Copy",
      "DisplayName": "Mens Shirts Long Sleeve No-Iron White-Copy",
      "DisplayPosition": 38,
      "Icon": null,
      "Color": null,
      "Image": null
    },
    {
      "Value": "Mens Shirts Long Sleeve Sweater Gray",
      "DisplayName": "Mens Shirts Long Sleeve Sweater Gray",
      "DisplayPosition": 39,
      "Icon": null,
      "Color": null,
      "Image": null
    },
    {
      "Value": "Mens Shirts Long Sleeve Sweater Gray-Copy",
      "DisplayName": "Mens Shirts Long Sleeve Sweater Gray-Copy",
      "DisplayPosition": 40,
      "Icon": null,
      "Color": null,
      "Image": null
    },
    {
      "Value": "Mens Shirts Long Sleeve Travel Easy-Care Grey",
      "DisplayName": "Mens Shirts Long Sleeve Travel Easy-Care Grey",
      "DisplayPosition": 41,
      "Icon": null,
      "Color": null,
      "Image": null
    },
    {
      "Value": "Mens Shirts Long Sleeve Travel Easy-Care Grey-Copy",
      "DisplayName": "Mens Shirts Long Sleeve Travel Easy-Care Grey-Copy",
      "DisplayPosition": 42,
      "Icon": null,
      "Color": null,
      "Image": null
    },
    {
      "Value": "Mens Shirts Long Sleeve Travel Easy-Care White",
      "DisplayName": "Mens Shirts Long Sleeve Travel Easy-Care White",
      "DisplayPosition": 43,
      "Icon": null,
      "Color": null,
      "Image": null
    },
    {
      "Value": "Mens Shirts Long Sleeve Travel Easy-Care White-Copy",
      "DisplayName": "Mens Shirts Long Sleeve Travel Easy-Care White-Copy",
      "DisplayPosition": 44,
      "Icon": null,
      "Color": null,
      "Image": null
    },
    {
      "Value": "Mens Shirts Long Sleeve Woven Blue",
      "DisplayName": "Mens Shirts Long Sleeve Woven Blue",
      "DisplayPosition": 45,
      "Icon": null,
      "Color": null,
      "Image": null
    },
    {
      "Value": "Mens Shirts Long Sleeve Woven Blue-Copy",
      "DisplayName": "Mens Shirts Long Sleeve Woven Blue-Copy",
      "DisplayPosition": 46,
      "Icon": null,
      "Color": null,
      "Image": null
    },
    {
      "Value": "Mens Shirts Long Sleeve Woven Red",
      "DisplayName": "Mens Shirts Long Sleeve Woven Red",
      "DisplayPosition": 47,
      "Icon": null,
      "Color": null,
      "Image": null
    },
    {
      "Value": "Mens Shirts Long Sleeve Woven Red-Copy",
      "DisplayName": "Mens Shirts Long Sleeve Woven Red-Copy",
      "DisplayPosition": 48,
      "Icon": null,
      "Color": null,
      "Image": null
    },
    {
      "Value": "Mens Shirts Long Sleeve Woven White",
      "DisplayName": "Mens Shirts Long Sleeve Woven White",
      "DisplayPosition": 49,
      "Icon": null,
      "Color": null,
      "Image": null
    },
    {
      "Value": "Mens Shirts Short Sleeve Camp Shirt Grey",
      "DisplayName": "Mens Shirts Short Sleeve Camp Shirt Grey",
      "DisplayPosition": 50,
      "Icon": null,
      "Color": null,
      "Image": null
    },
    {
      "Value": "Mens Shirts Short Sleeve Camp Shirt Grey-Copy",
      "DisplayName": "Mens Shirts Short Sleeve Camp Shirt Grey-Copy",
      "DisplayPosition": 51,
      "Icon": null,
      "Color": null,
      "Image": null
    },
    {
      "Value": "Mens Shirts Short Sleeve Camp Shirt White",
      "DisplayName": "Mens Shirts Short Sleeve Camp Shirt White",
      "DisplayPosition": 52,
      "Icon": null,
      "Color": null,
      "Image": null
    },
    {
      "Value": "Mens Shirts Short Sleeve Camp Shirt White-Copy",
      "DisplayName": "Mens Shirts Short Sleeve Camp Shirt White-Copy",
      "DisplayPosition": 53,
      "Icon": null,
      "Color": null,
      "Image": null
    },
    {
      "Value": "Mens Shirts Short Sleeve Crew Neck Tee Grey",
      "DisplayName": "Mens Shirts Short Sleeve Crew Neck Tee Grey",
      "DisplayPosition": 54,
      "Icon": null,
      "Color": null,
      "Image": null
    },
    {
      "Value": "Mens Shirts Short Sleeve Crew Neck Tee Grey-Copy",
      "DisplayName": "Mens Shirts Short Sleeve Crew Neck Tee Grey-Copy",
      "DisplayPosition": 55,
      "Icon": null,
      "Color": null,
      "Image": null
    },
    {
      "Value": "Mens Shirts Short Sleeve Crew Neck Tee White",
      "DisplayName": "Mens Shirts Short Sleeve Crew Neck Tee White",
      "DisplayPosition": 56,
      "Icon": null,
      "Color": null,
      "Image": null
    },
    {
      "Value": "Mens Shirts Short Sleeve Crew Neck Tee White-Copy",
      "DisplayName": "Mens Shirts Short Sleeve Crew Neck Tee White-Copy",
      "DisplayPosition": 57,
      "Icon": null,
      "Color": null,
      "Image": null
    },
    {
      "Value": "Mens Shirts Short Sleeve Polo Blue",
      "DisplayName": "Mens Shirts Short Sleeve Polo Blue",
      "DisplayPosition": 58,
      "Icon": null,
      "Color": null,
      "Image": null
    },
    {
      "Value": "Mens Shirts Short Sleeve Polo Blue-Copy",
      "DisplayName": "Mens Shirts Short Sleeve Polo Blue-Copy",
      "DisplayPosition": 59,
      "Icon": null,
      "Color": null,
      "Image": null
    },
    {
      "Value": "Mens Shirts Short Sleeve Polo Red",
      "DisplayName": "Mens Shirts Short Sleeve Polo Red",
      "DisplayPosition": 60,
      "Icon": null,
      "Color": null,
      "Image": null
    },
    {
      "Value": "Mens Shirts Short Sleeve Polo Red-Copy",
      "DisplayName": "Mens Shirts Short Sleeve Polo Red-Copy",
      "DisplayPosition": 61,
      "Icon": null,
      "Color": null,
      "Image": null
    },
    {
      "Value": "Mens Shirts Short Sleeve Sleep Tops Grey",
      "DisplayName": "Mens Shirts Short Sleeve Sleep Tops Grey",
      "DisplayPosition": 62,
      "Icon": null,
      "Color": null,
      "Image": null
    },
    {
      "Value": "Mens Shirts Short Sleeve Sleep Tops Grey-Copy",
      "DisplayName": "Mens Shirts Short Sleeve Sleep Tops Grey-Copy",
      "DisplayPosition": 63,
      "Icon": null,
      "Color": null,
      "Image": null
    },
    {
      "Value": "Mens Shirts Short Sleeve Sleep Tops White",
      "DisplayName": "Mens Shirts Short Sleeve Sleep Tops White",
      "DisplayPosition": 64,
      "Icon": null,
      "Color": null,
      "Image": null
    },
    {
      "Value": "Mens Shirts Short Sleeve Sleep Tops White-Copy",
      "DisplayName": "Mens Shirts Short Sleeve Sleep Tops White-Copy",
      "DisplayPosition": 65,
      "Icon": null,
      "Color": null,
      "Image": null
    },
    {
      "Value": "Mens Shirts Short Sleeve Tees Grey",
      "DisplayName": "Mens Shirts Short Sleeve Tees Grey",
      "DisplayPosition": 66,
      "Icon": null,
      "Color": null,
      "Image": null
    },
    {
      "Value": "Mens Shirts Short Sleeve Tees Grey-Copy",
      "DisplayName": "Mens Shirts Short Sleeve Tees Grey-Copy",
      "DisplayPosition": 67,
      "Icon": null,
      "Color": null,
      "Image": null
    },
    {
      "Value": "Mens Shirts Short Sleeve Tees White",
      "DisplayName": "Mens Shirts Short Sleeve Tees White",
      "DisplayPosition": 68,
      "Icon": null,
      "Color": null,
      "Image": null
    },
    {
      "Value": "Mens Shirts Short Sleeve Tees White-Copy",
      "DisplayName": "Mens Shirts Short Sleeve Tees White-Copy",
      "DisplayPosition": 69,
      "Icon": null,
      "Color": null,
      "Image": null
    },
    {
      "Value": "New Pattern Print Shirts_S1_C1",
      "DisplayName": "New Pattern Print Shirts_S1_C1",
      "DisplayPosition": 70,
      "Icon": null,
      "Color": null,
      "Image": null
    },
    {
      "Value": "New Pattern Print Shirts_S1_C2",
      "DisplayName": "New Pattern Print Shirts_S1_C2",
      "DisplayPosition": 71,
      "Icon": null,
      "Color": null,
      "Image": null
    },
    {
      "Value": "New Pattern Print Shirts_S1_C3",
      "DisplayName": "New Pattern Print Shirts_S1_C3",
      "DisplayPosition": 72,
      "Icon": null,
      "Color": null,
      "Image": null
    },
    {
      "Value": "New Pattern Print Shirts_S2_C1",
      "DisplayName": "New Pattern Print Shirts_S2_C1",
      "DisplayPosition": 73,
      "Icon": null,
      "Color": null,
      "Image": null
    },
    {
      "Value": "New Pattern Print Shirts_S2_C2",
      "DisplayName": "New Pattern Print Shirts_S2_C2",
      "DisplayPosition": 74,
      "Icon": null,
      "Color": null,
      "Image": null
    },
    {
      "Value": "New Pattern Print Shirts_S2_C3",
      "DisplayName": "New Pattern Print Shirts_S2_C3",
      "DisplayPosition": 75,
      "Icon": null,
      "Color": null,
      "Image": null
    },
    {
      "Value": "New Printed Pattern Shirts_S1_C1",
      "DisplayName": "New Printed Pattern Shirts_S1_C1",
      "DisplayPosition": 76,
      "Icon": null,
      "Color": null,
      "Image": null
    },
    {
      "Value": "New Printed Pattern Shirts_S1_C2",
      "DisplayName": "New Printed Pattern Shirts_S1_C2",
      "DisplayPosition": 77,
      "Icon": null,
      "Color": null,
      "Image": null
    },
    {
      "Value": "New Printed Pattern Shirts_S1_C3",
      "DisplayName": "New Printed Pattern Shirts_S1_C3",
      "DisplayPosition": 78,
      "Icon": null,
      "Color": null,
      "Image": null
    },
    {
      "Value": "New Printed Pattern Shirts_S2_C1",
      "DisplayName": "New Printed Pattern Shirts_S2_C1",
      "DisplayPosition": 79,
      "Icon": null,
      "Color": null,
      "Image": null
    },
    {
      "Value": "New Printed Pattern Shirts_S2_C2",
      "DisplayName": "New Printed Pattern Shirts_S2_C2",
      "DisplayPosition": 80,
      "Icon": null,
      "Color": null,
      "Image": null
    },
    {
      "Value": "New Printed Pattern Shirts_S2_C3",
      "DisplayName": "New Printed Pattern Shirts_S2_C3",
      "DisplayPosition": 81,
      "Icon": null,
      "Color": null,
      "Image": null
    },
    {
      "Value": "New Style Hat Black",
      "DisplayName": "New Style Hat Black",
      "DisplayPosition": 82,
      "Icon": null,
      "Color": null,
      "Image": null
    },
    {
      "Value": "New Style Hat Blue",
      "DisplayName": "New Style Hat Blue",
      "DisplayPosition": 83,
      "Icon": null,
      "Color": null,
      "Image": null
    },
    {
      "Value": "New Summer Jeans Ripped_S1_C1",
      "DisplayName": "New Summer Jeans Ripped_S1_C1",
      "DisplayPosition": 84,
      "Icon": null,
      "Color": null,
      "Image": null
    },
    {
      "Value": "Poplin Dress Shirt_White",
      "DisplayName": "Poplin Dress Shirt_White",
      "DisplayPosition": 85,
      "Icon": null,
      "Color": null,
      "Image": null
    },
    {
      "Value": "Poplin Dress Shirt_White-Copy",
      "DisplayName": "Poplin Dress Shirt_White-Copy",
      "DisplayPosition": 86,
      "Icon": null,
      "Color": null,
      "Image": null
    },
    {
      "Value": "RED Test Shirt",
      "DisplayName": "RED Test Shirt",
      "DisplayPosition": 87,
      "Icon": null,
      "Color": null,
      "Image": null
    },
    {
      "Value": "RED Test Shirt-Copy",
      "DisplayName": "RED Test Shirt-Copy",
      "DisplayPosition": 88,
      "Icon": null,
      "Color": null,
      "Image": null
    },
    {
      "Value": "Slate Blue Tonal Plaid_White",
      "DisplayName": "Slate Blue Tonal Plaid_White",
      "DisplayPosition": 89,
      "Icon": null,
      "Color": null,
      "Image": null
    },
    {
      "Value": "Slate Blue Tonal Plaid_White-Copy",
      "DisplayName": "Slate Blue Tonal Plaid_White-Copy",
      "DisplayPosition": 90,
      "Icon": null,
      "Color": null,
      "Image": null
    },
    {
      "Value": "Solid Dress Shirt - Slim Fit_White",
      "DisplayName": "Solid Dress Shirt - Slim Fit_White",
      "DisplayPosition": 91,
      "Icon": null,
      "Color": null,
      "Image": null
    },
    {
      "Value": "Solid Dress Shirt - Slim Fit_White-Copy",
      "DisplayName": "Solid Dress Shirt - Slim Fit_White-Copy",
      "DisplayPosition": 92,
      "Icon": null,
      "Color": null,
      "Image": null
    },
    {
      "Value": "Style Color Test6",
      "DisplayName": "Style Color Test6",
      "DisplayPosition": 93,
      "Icon": null,
      "Color": null,
      "Image": null
    },
    {
      "Value": "Summer_S1_C1",
      "DisplayName": "Summer_S1_C1",
      "DisplayPosition": 94,
      "Icon": null,
      "Color": null,
      "Image": null
    },
    {
      "Value": "Summer_S1_C2",
      "DisplayName": "Summer_S1_C2",
      "DisplayPosition": 95,
      "Icon": null,
      "Color": null,
      "Image": null
    },
    {
      "Value": "Summer_S1_C3",
      "DisplayName": "Summer_S1_C3",
      "DisplayPosition": 96,
      "Icon": null,
      "Color": null,
      "Image": null
    },
    {
      "Value": "Summer_S2_C1",
      "DisplayName": "Summer_S2_C1",
      "DisplayPosition": 97,
      "Icon": null,
      "Color": null,
      "Image": null
    },
    {
      "Value": "Summer_S2_C2",
      "DisplayName": "Summer_S2_C2",
      "DisplayPosition": 98,
      "Icon": null,
      "Color": null,
      "Image": null
    },
    {
      "Value": "Summer_S2_C3",
      "DisplayName": "Summer_S2_C3",
      "DisplayPosition": 99,
      "Icon": null,
      "Color": null,
      "Image": null
    },
    {
      "Value": "Test123_S1_C1",
      "DisplayName": "Test123_S1_C1",
      "DisplayPosition": 100,
      "Icon": null,
      "Color": null,
      "Image": null
    },
    {
      "Value": "Test123_S1_C2",
      "DisplayName": "Test123_S1_C2",
      "DisplayPosition": 101,
      "Icon": null,
      "Color": null,
      "Image": null
    },
    {
      "Value": "Test123_S1_C3",
      "DisplayName": "Test123_S1_C3",
      "DisplayPosition": 102,
      "Icon": null,
      "Color": null,
      "Image": null
    },
    {
      "Value": "Test123_S2_C1",
      "DisplayName": "Test123_S2_C1",
      "DisplayPosition": 103,
      "Icon": null,
      "Color": null,
      "Image": null
    },
    {
      "Value": "Test123_S2_C2",
      "DisplayName": "Test123_S2_C2",
      "DisplayPosition": 104,
      "Icon": null,
      "Color": null,
      "Image": null
    },
    {
      "Value": "Test123_S2_C3",
      "DisplayName": "Test123_S2_C3",
      "DisplayPosition": 105,
      "Icon": null,
      "Color": null,
      "Image": null
    },
    {
      "Value": "Top Trend_S1_C1",
      "DisplayName": "Top Trend_S1_C1",
      "DisplayPosition": 106,
      "Icon": null,
      "Color": null,
      "Image": null
    },
    {
      "Value": "Top Trend_S1_C2",
      "DisplayName": "Top Trend_S1_C2",
      "DisplayPosition": 107,
      "Icon": null,
      "Color": null,
      "Image": null
    },
    {
      "Value": "Top Trend_S2_C1",
      "DisplayName": "Top Trend_S2_C1",
      "DisplayPosition": 108,
      "Icon": null,
      "Color": null,
      "Image": null
    },
    {
      "Value": "Top Trend_S2_C2",
      "DisplayName": "Top Trend_S2_C2",
      "DisplayPosition": 109,
      "Icon": null,
      "Color": null,
      "Image": null
    },
    {
      "Value": "Travel Performance Super Shirt_White",
      "DisplayName": "Travel Performance Super Shirt_White",
      "DisplayPosition": 110,
      "Icon": null,
      "Color": null,
      "Image": null
    },
    {
      "Value": "Travel Performance Super Shirt_White-Copy",
      "DisplayName": "Travel Performance Super Shirt_White-Copy",
      "DisplayPosition": 111,
      "Icon": null,
      "Color": null,
      "Image": null
    },
    {
      "Value": "TrialProgram_S1_C1",
      "DisplayName": "TrialProgram_S1_C1",
      "DisplayPosition": 112,
      "Icon": null,
      "Color": null,
      "Image": null
    },
    {
      "Value": "V-Neck Party Dress Pink",
      "DisplayName": "V-Neck Party Dress Pink",
      "DisplayPosition": 113,
      "Icon": null,
      "Color": null,
      "Image": null
    },
    {
      "Value": "White Test Shirt",
      "DisplayName": "White Test Shirt",
      "DisplayPosition": 114,
      "Icon": null,
      "Color": null,
      "Image": null
    },
    {
      "Value": "White Test Shirt-Copy",
      "DisplayName": "White Test Shirt-Copy",
      "DisplayPosition": 115,
      "Icon": null,
      "Color": null,
      "Image": null
    },
    {
      "Value": "Womens Dresses Maxi Cap-Sleeve Grey",
      "DisplayName": "Womens Dresses Maxi Cap-Sleeve Grey",
      "DisplayPosition": 116,
      "Icon": null,
      "Color": null,
      "Image": null
    },
    {
      "Value": "Womens Dresses Maxi Cap-sleeve Lace Grey",
      "DisplayName": "Womens Dresses Maxi Cap-sleeve Lace Grey",
      "DisplayPosition": 117,
      "Icon": null,
      "Color": null,
      "Image": null
    },
    {
      "Value": "Womens Dresses Maxi Cap-sleeve Lace White",
      "DisplayName": "Womens Dresses Maxi Cap-sleeve Lace White",
      "DisplayPosition": 118,
      "Icon": null,
      "Color": null,
      "Image": null
    },
    {
      "Value": "Womens Dresses Maxi Cap-Sleeve White",
      "DisplayName": "Womens Dresses Maxi Cap-Sleeve White",
      "DisplayPosition": 119,
      "Icon": null,
      "Color": null,
      "Image": null
    },
    {
      "Value": "Womens Dresses Maxi Elbow-sleeve Pleated Grey",
      "DisplayName": "Womens Dresses Maxi Elbow-sleeve Pleated Grey",
      "DisplayPosition": 120,
      "Icon": null,
      "Color": null,
      "Image": null
    },
    {
      "Value": "Womens Dresses Maxi Elbow-sleeve Pleated White",
      "DisplayName": "Womens Dresses Maxi Elbow-sleeve Pleated White",
      "DisplayPosition": 121,
      "Icon": null,
      "Color": null,
      "Image": null
    },
    {
      "Value": "Womens Dresses Maxi Maxi Dress1 Black and White",
      "DisplayName": "Womens Dresses Maxi Maxi Dress1 Black and White",
      "DisplayPosition": 122,
      "Icon": null,
      "Color": null,
      "Image": null
    },
    {
      "Value": "Womens Dresses Maxi Maxi Dress1 Dark Blue",
      "DisplayName": "Womens Dresses Maxi Maxi Dress1 Dark Blue",
      "DisplayPosition": 123,
      "Icon": null,
      "Color": null,
      "Image": null
    },
    {
      "Value": "Womens Dresses Maxi Maxi Dress1 Natural White",
      "DisplayName": "Womens Dresses Maxi Maxi Dress1 Natural White",
      "DisplayPosition": 124,
      "Icon": null,
      "Color": null,
      "Image": null
    },
    {
      "Value": "Womens Dresses Maxi Sleeveless Grey",
      "DisplayName": "Womens Dresses Maxi Sleeveless Grey",
      "DisplayPosition": 125,
      "Icon": null,
      "Color": null,
      "Image": null
    },
    {
      "Value": "Womens Dresses Maxi Sleeveless White",
      "DisplayName": "Womens Dresses Maxi Sleeveless White",
      "DisplayPosition": 126,
      "Icon": null,
      "Color": null,
      "Image": null
    },
    {
      "Value": "Womens Dresses Party Fitted Dress Black",
      "DisplayName": "Womens Dresses Party Fitted Dress Black",
      "DisplayPosition": 127,
      "Icon": null,
      "Color": null,
      "Image": null
    },
    {
      "Value": "Womens Dresses Party Fitted Dress Black-Copy",
      "DisplayName": "Womens Dresses Party Fitted Dress Black-Copy",
      "DisplayPosition": 128,
      "Icon": null,
      "Color": null,
      "Image": null
    },
    {
      "Value": "Womens Dresses Party Fitted Dress Mint",
      "DisplayName": "Womens Dresses Party Fitted Dress Mint",
      "DisplayPosition": 129,
      "Icon": null,
      "Color": null,
      "Image": null
    },
    {
      "Value": "Womens Dresses Party Fitted Dress Mint-Copy",
      "DisplayName": "Womens Dresses Party Fitted Dress Mint-Copy",
      "DisplayPosition": 130,
      "Icon": null,
      "Color": null,
      "Image": null
    },
    {
      "Value": "Womens Dresses Party Fitted Dress Pink",
      "DisplayName": "Womens Dresses Party Fitted Dress Pink",
      "DisplayPosition": 131,
      "Icon": null,
      "Color": null,
      "Image": null
    },
    {
      "Value": "Womens Dresses Party Fitted Dress Pink-Copy",
      "DisplayName": "Womens Dresses Party Fitted Dress Pink-Copy",
      "DisplayPosition": 132,
      "Icon": null,
      "Color": null,
      "Image": null
    },
    {
      "Value": "Womens Dresses Party Floral Print Grey",
      "DisplayName": "Womens Dresses Party Floral Print Grey",
      "DisplayPosition": 133,
      "Icon": null,
      "Color": null,
      "Image": null
    },
    {
      "Value": "Womens Dresses Party Floral Print Grey-Copy",
      "DisplayName": "Womens Dresses Party Floral Print Grey-Copy",
      "DisplayPosition": 134,
      "Icon": null,
      "Color": null,
      "Image": null
    },
    {
      "Value": "Womens Dresses Party Floral Print White",
      "DisplayName": "Womens Dresses Party Floral Print White",
      "DisplayPosition": 135,
      "Icon": null,
      "Color": null,
      "Image": null
    },
    {
      "Value": "Womens Dresses Party Floral Print White-Copy",
      "DisplayName": "Womens Dresses Party Floral Print White-Copy",
      "DisplayPosition": 136,
      "Icon": null,
      "Color": null,
      "Image": null
    },
    {
      "Value": "Womens Dresses Party Lace Dress Grey",
      "DisplayName": "Womens Dresses Party Lace Dress Grey",
      "DisplayPosition": 137,
      "Icon": null,
      "Color": null,
      "Image": null
    },
    {
      "Value": "Womens Dresses Party Lace Dress Grey-Copy",
      "DisplayName": "Womens Dresses Party Lace Dress Grey-Copy",
      "DisplayPosition": 138,
      "Icon": null,
      "Color": null,
      "Image": null
    },
    {
      "Value": "Womens Dresses Party Lace Dress White",
      "DisplayName": "Womens Dresses Party Lace Dress White",
      "DisplayPosition": 139,
      "Icon": null,
      "Color": null,
      "Image": null
    },
    {
      "Value": "Womens Dresses Party Lace Dress White-Copy",
      "DisplayName": "Womens Dresses Party Lace Dress White-Copy",
      "DisplayPosition": 140,
      "Icon": null,
      "Color": null,
      "Image": null
    },
    {
      "Value": "Womens Dresses Party Open-Back Grey",
      "DisplayName": "Womens Dresses Party Open-Back Grey",
      "DisplayPosition": 141,
      "Icon": null,
      "Color": null,
      "Image": null
    },
    {
      "Value": "Womens Dresses Party Open-Back Grey-Copy",
      "DisplayName": "Womens Dresses Party Open-Back Grey-Copy",
      "DisplayPosition": 142,
      "Icon": null,
      "Color": null,
      "Image": null
    },
    {
      "Value": "Womens Dresses Party Open-Back White",
      "DisplayName": "Womens Dresses Party Open-Back White",
      "DisplayPosition": 143,
      "Icon": null,
      "Color": null,
      "Image": null
    },
    {
      "Value": "Womens Dresses Party Open-Back White-Copy",
      "DisplayName": "Womens Dresses Party Open-Back White-Copy",
      "DisplayPosition": 144,
      "Icon": null,
      "Color": null,
      "Image": null
    },
    {
      "Value": "Womens Dresses Party Sleeveless Embellished Grey",
      "DisplayName": "Womens Dresses Party Sleeveless Embellished Grey",
      "DisplayPosition": 145,
      "Icon": null,
      "Color": null,
      "Image": null
    },
    {
      "Value": "Womens Dresses Party Sleeveless Embellished Grey-Copy",
      "DisplayName": "Womens Dresses Party Sleeveless Embellished Grey-Copy",
      "DisplayPosition": 146,
      "Icon": null,
      "Color": null,
      "Image": null
    },
    {
      "Value": "Womens Dresses Party Sleeveless Embellished White",
      "DisplayName": "Womens Dresses Party Sleeveless Embellished White",
      "DisplayPosition": 147,
      "Icon": null,
      "Color": null,
      "Image": null
    },
    {
      "Value": "Womens Dresses Party Sleeveless Embellished White-Copy",
      "DisplayName": "Womens Dresses Party Sleeveless Embellished White-Copy",
      "DisplayPosition": 148,
      "Icon": null,
      "Color": null,
      "Image": null
    },
    {
      "Value": "Womens Dresses Short Belted Fit and Flare Grey",
      "DisplayName": "Womens Dresses Short Belted Fit and Flare Grey",
      "DisplayPosition": 149,
      "Icon": null,
      "Color": null,
      "Image": null
    },
    {
      "Value": "Womens Dresses Short Belted Fit and Flare White",
      "DisplayName": "Womens Dresses Short Belted Fit and Flare White",
      "DisplayPosition": 150,
      "Icon": null,
      "Color": null,
      "Image": null
    },
    {
      "Value": "Womens Dresses Short Jersey Dress Dark Blue",
      "DisplayName": "Womens Dresses Short Jersey Dress Dark Blue",
      "DisplayPosition": 151,
      "Icon": null,
      "Color": null,
      "Image": null
    },
    {
      "Value": "Womens Dresses Short Jersey Dress Floral",
      "DisplayName": "Womens Dresses Short Jersey Dress Floral",
      "DisplayPosition": 152,
      "Icon": null,
      "Color": null,
      "Image": null
    },
    {
      "Value": "Womens Dresses Short Jersey Dress Yellow",
      "DisplayName": "Womens Dresses Short Jersey Dress Yellow",
      "DisplayPosition": 153,
      "Icon": null,
      "Color": null,
      "Image": null
    },
    {
      "Value": "Womens Dresses Short One-shoulder Grey",
      "DisplayName": "Womens Dresses Short One-shoulder Grey",
      "DisplayPosition": 154,
      "Icon": null,
      "Color": null,
      "Image": null
    },
    {
      "Value": "Womens Dresses Short One-shoulder White",
      "DisplayName": "Womens Dresses Short One-shoulder White",
      "DisplayPosition": 155,
      "Icon": null,
      "Color": null,
      "Image": null
    },
    {
      "Value": "Womens Dresses Short Strapless  Grey",
      "DisplayName": "Womens Dresses Short Strapless  Grey",
      "DisplayPosition": 156,
      "Icon": null,
      "Color": null,
      "Image": null
    },
    {
      "Value": "Womens Dresses Short Strapless  White",
      "DisplayName": "Womens Dresses Short Strapless  White",
      "DisplayPosition": 157,
      "Icon": null,
      "Color": null,
      "Image": null
    },
    {
      "Value": "Womens Dresses Short with Jacket Grey",
      "DisplayName": "Womens Dresses Short with Jacket Grey",
      "DisplayPosition": 158,
      "Icon": null,
      "Color": null,
      "Image": null
    },
    {
      "Value": "Womens Dresses Short with Jacket White",
      "DisplayName": "Womens Dresses Short with Jacket White",
      "DisplayPosition": 159,
      "Icon": null,
      "Color": null,
      "Image": null
    },
    {
      "Value": "Womens Pants Jeans Bootcut Grey",
      "DisplayName": "Womens Pants Jeans Bootcut Grey",
      "DisplayPosition": 160,
      "Icon": null,
      "Color": null,
      "Image": null
    },
    {
      "Value": "Womens Pants Jeans Bootcut White",
      "DisplayName": "Womens Pants Jeans Bootcut White",
      "DisplayPosition": 161,
      "Icon": null,
      "Color": null,
      "Image": null
    },
    {
      "Value": "Womens Pants Jeans Comfort Fit Blue",
      "DisplayName": "Womens Pants Jeans Comfort Fit Blue",
      "DisplayPosition": 162,
      "Icon": null,
      "Color": null,
      "Image": null
    },
    {
      "Value": "Womens Pants Jeans Denim leggings Grey",
      "DisplayName": "Womens Pants Jeans Denim leggings Grey",
      "DisplayPosition": 163,
      "Icon": null,
      "Color": null,
      "Image": null
    },
    {
      "Value": "Womens Pants Jeans Denim leggings White",
      "DisplayName": "Womens Pants Jeans Denim leggings White",
      "DisplayPosition": 164,
      "Icon": null,
      "Color": null,
      "Image": null
    },
    {
      "Value": "Womens Pants Jeans Original-Fit Grey",
      "DisplayName": "Womens Pants Jeans Original-Fit Grey",
      "DisplayPosition": 165,
      "Icon": null,
      "Color": null,
      "Image": null
    },
    {
      "Value": "Womens Pants Jeans Original-Fit White",
      "DisplayName": "Womens Pants Jeans Original-Fit White",
      "DisplayPosition": 166,
      "Icon": null,
      "Color": null,
      "Image": null
    },
    {
      "Value": "Womens Pants Jeans Skinny Black",
      "DisplayName": "Womens Pants Jeans Skinny Black",
      "DisplayPosition": 167,
      "Icon": null,
      "Color": null,
      "Image": null
    },
    {
      "Value": "Womens Skirts Short Belted Skirt Grey",
      "DisplayName": "Womens Skirts Short Belted Skirt Grey",
      "DisplayPosition": 168,
      "Icon": null,
      "Color": null,
      "Image": null
    },
    {
      "Value": "Womens Skirts Short Belted Skirt White",
      "DisplayName": "Womens Skirts Short Belted Skirt White",
      "DisplayPosition": 169,
      "Icon": null,
      "Color": null,
      "Image": null
    },
    {
      "Value": "Womens Skirts Short Knit Skirt Grey",
      "DisplayName": "Womens Skirts Short Knit Skirt Grey",
      "DisplayPosition": 170,
      "Icon": null,
      "Color": null,
      "Image": null
    },
    {
      "Value": "Womens Skirts Short Knit Skirt White",
      "DisplayName": "Womens Skirts Short Knit Skirt White",
      "DisplayPosition": 171,
      "Icon": null,
      "Color": null,
      "Image": null
    },
    {
      "Value": "Womens Skirts Short Sweatshirt Skirt Gray",
      "DisplayName": "Womens Skirts Short Sweatshirt Skirt Gray",
      "DisplayPosition": 172,
      "Icon": null,
      "Color": null,
      "Image": null
    },
    {
      "Value": "Womens Skirts Short Tulip Skirt Grey",
      "DisplayName": "Womens Skirts Short Tulip Skirt Grey",
      "DisplayPosition": 173,
      "Icon": null,
      "Color": null,
      "Image": null
    },
    {
      "Value": "Womens Skirts Short Tulip Skirt White",
      "DisplayName": "Womens Skirts Short Tulip Skirt White",
      "DisplayPosition": 174,
      "Icon": null,
      "Color": null,
      "Image": null
    },
    {
      "Value": "Womens Tops Short Sleeve chiffon Grey",
      "DisplayName": "Womens Tops Short Sleeve chiffon Grey",
      "DisplayPosition": 175,
      "Icon": null,
      "Color": null,
      "Image": null
    },
    {
      "Value": "Womens Tops Short Sleeve chiffon White",
      "DisplayName": "Womens Tops Short Sleeve chiffon White",
      "DisplayPosition": 176,
      "Icon": null,
      "Color": null,
      "Image": null
    },
    {
      "Value": "Womens Tops Short Sleeve Lace Grey",
      "DisplayName": "Womens Tops Short Sleeve Lace Grey",
      "DisplayPosition": 177,
      "Icon": null,
      "Color": null,
      "Image": null
    },
    {
      "Value": "Womens Tops Short Sleeve Lace White",
      "DisplayName": "Womens Tops Short Sleeve Lace White",
      "DisplayPosition": 178,
      "Icon": null,
      "Color": null,
      "Image": null
    },
    {
      "Value": "Womens Tops Short Sleeve Polo Pink",
      "DisplayName": "Womens Tops Short Sleeve Polo Pink",
      "DisplayPosition": 179,
      "Icon": null,
      "Color": null,
      "Image": null
    },
    {
      "Value": "Womens Tops Short Sleeve Tunic Grey",
      "DisplayName": "Womens Tops Short Sleeve Tunic Grey",
      "DisplayPosition": 180,
      "Icon": null,
      "Color": null,
      "Image": null
    },
    {
      "Value": "Womens Tops Short Sleeve Tunic White",
      "DisplayName": "Womens Tops Short Sleeve Tunic White",
      "DisplayPosition": 181,
      "Icon": null,
      "Color": null,
      "Image": null
    },
    {
      "Value": "Womens Tops Short Sleeve V-neck Blouse Grey",
      "DisplayName": "Womens Tops Short Sleeve V-neck Blouse Grey",
      "DisplayPosition": 182,
      "Icon": null,
      "Color": null,
      "Image": null
    },
    {
      "Value": "Womens Tops Short Sleeve V-neck Blouse White",
      "DisplayName": "Womens Tops Short Sleeve V-neck Blouse White",
      "DisplayPosition": 183,
      "Icon": null,
      "Color": null,
      "Image": null
    },
    {
      "Value": "Wrinkle-Free Oxford Dress Shirt_White",
      "DisplayName": "Wrinkle-Free Oxford Dress Shirt_White",
      "DisplayPosition": 184,
      "Icon": null,
      "Color": null,
      "Image": null
    },
    {
      "Value": "Wrinkle-Free Oxford Dress Shirt_White-Copy",
      "DisplayName": "Wrinkle-Free Oxford Dress Shirt_White-Copy",
      "DisplayPosition": 185,
      "Icon": null,
      "Color": null,
      "Image": null
    },
    {
      "Value": "Blue Sparrow Print_Maroon",
      "DisplayName": "Blue Sparrow Print_Maroon",
      "DisplayPosition": 186,
      "Icon": null,
      "Color": null,
      "Image": null
    },
    {
      "Value": "TestAP12_Black",
      "DisplayName": "TestAP12_Black",
      "DisplayPosition": 187,
      "Icon": null,
      "Color": null,
      "Image": null
    },
    {
      "Value": "TestAP234Black",
      "DisplayName": "TestAP234Black",
      "DisplayPosition": 188,
      "Icon": null,
      "Color": null,
      "Image": null
    },
    {
      "Value": "TestAPR1_Black",
      "DisplayName": "TestAPR1_Black",
      "DisplayPosition": 189,
      "Icon": null,
      "Color": null,
      "Image": null
    },
    {
      "Value": "TestAPR1_Floral",
      "DisplayName": "TestAPR1_Floral",
      "DisplayPosition": 190,
      "Icon": null,
      "Color": null,
      "Image": null
    },
    {
      "Value": "TestAPR1_undefined",
      "DisplayName": "TestAPR1_undefined",
      "DisplayPosition": 191,
      "Icon": null,
      "Color": null,
      "Image": null
    },
    {
      "Value": "TestAPR23_Black",
      "DisplayName": "TestAPR23_Black",
      "DisplayPosition": 192,
      "Icon": null,
      "Color": null,
      "Image": null
    },
    {
      "Value": "TestAPR23_Maroon",
      "DisplayName": "TestAPR23_Maroon",
      "DisplayPosition": 193,
      "Icon": null,
      "Color": null,
      "Image": null
    },
    {
      "Value": "TestAPR23_undefined",
      "DisplayName": "TestAPR23_undefined",
      "DisplayPosition": 194,
      "Icon": null,
      "Color": null,
      "Image": null
    },
    {
      "Value": "Test89_Grey",
      "DisplayName": "Test89_Grey",
      "DisplayPosition": 195,
      "Icon": null,
      "Color": null,
      "Image": null
    },
    {
      "Value": "Test89_undefined",
      "DisplayName": "Test89_undefined",
      "DisplayPosition": 196,
      "Icon": null,
      "Color": null,
      "Image": null
    },
    {
      "Value": "TestAPR23_Blue",
      "DisplayName": "TestAPR23_Blue",
      "DisplayPosition": 197,
      "Icon": null,
      "Color": null,
      "Image": null
    },
    {
      "Value": "TestAPR77_Black",
      "DisplayName": "TestAPR77_Black",
      "DisplayPosition": 198,
      "Icon": null,
      "Color": null,
      "Image": null
    },
    {
      "Value": "TestAPR77_Blue",
      "DisplayName": "TestAPR77_Blue",
      "DisplayPosition": 199,
      "Icon": null,
      "Color": null,
      "Image": null
    },
    {
      "Value": "TestAPR77_undefined",
      "DisplayName": "TestAPR77_undefined",
      "DisplayPosition": 200,
      "Icon": null,
      "Color": null,
      "Image": null
    },
    {
      "Value": "Blue Sparrow Print_Floral",
      "DisplayName": "Blue Sparrow Print_Floral",
      "DisplayPosition": 201,
      "Icon": null,
      "Color": null,
      "Image": null
    },
    {
      "Value": "Blue Sparrow Print_Floral1",
      "DisplayName": "Blue Sparrow Print_Floral1",
      "DisplayPosition": 202,
      "Icon": null,
      "Color": null,
      "Image": null
    },
    {
      "Value": "Blue Sparrow Print_Floral2",
      "DisplayName": "Blue Sparrow Print_Floral2",
      "DisplayPosition": 203,
      "Icon": null,
      "Color": null,
      "Image": null
    },
    {
      "Value": "TestShirt1_Blue",
      "DisplayName": "TestShirt1_Blue",
      "DisplayPosition": 204,
      "Icon": null,
      "Color": null,
      "Image": null
    },
    {
      "Value": "TestShirt2_Grey",
      "DisplayName": "TestShirt2_Grey",
      "DisplayPosition": 205,
      "Icon": null,
      "Color": null,
      "Image": null
    },
    {
      "Value": "TestShirt2_Mint",
      "DisplayName": "TestShirt2_Mint",
      "DisplayPosition": 206,
      "Icon": null,
      "Color": null,
      "Image": null
    },
    {
      "Value": "TestShirt2_undefined",
      "DisplayName": "TestShirt2_undefined",
      "DisplayPosition": 207,
      "Icon": null,
      "Color": null,
      "Image": null
    },
    {
      "Value": "TestShirt3_Blue",
      "DisplayName": "TestShirt3_Blue",
      "DisplayPosition": 208,
      "Icon": null,
      "Color": null,
      "Image": null
    },
    {
      "Value": "TestShirt3_Grey",
      "DisplayName": "TestShirt3_Grey",
      "DisplayPosition": 209,
      "Icon": null,
      "Color": null,
      "Image": null
    },
    {
      "Value": "TestShirt3_undefined",
      "DisplayName": "TestShirt3_undefined",
      "DisplayPosition": 210,
      "Icon": null,
      "Color": null,
      "Image": null
    },
    {
      "Value": "PH_Style_Black",
      "DisplayName": "PH_Style_Black",
      "DisplayPosition": 211,
      "Icon": null,
      "Color": null,
      "Image": null
    },
    {
      "Value": "PH_Style_undefined",
      "DisplayName": "PH_Style_undefined",
      "DisplayPosition": 212,
      "Icon": null,
      "Color": null,
      "Image": null
    },
    {
      "Value": "PH_Travel_Pink",
      "DisplayName": "PH_Travel_Pink",
      "DisplayPosition": 213,
      "Icon": null,
      "Color": null,
      "Image": null
    },
    {
      "Value": "PH_Travel_undefined",
      "DisplayName": "PH_Travel_undefined",
      "DisplayPosition": 214,
      "Icon": null,
      "Color": null,
      "Image": null
    },
    {
      "Value": "Floral Sleeve_Floral",
      "DisplayName": "Floral Sleeve_Floral",
      "DisplayPosition": 215,
      "Icon": null,
      "Color": null,
      "Image": null
    },
    {
      "Value": "Floral Sleeve_undefined",
      "DisplayName": "Floral Sleeve_undefined",
      "DisplayPosition": 216,
      "Icon": null,
      "Color": null,
      "Image": null
    },
    {
      "Value": "PH_Demo1_Grey",
      "DisplayName": "PH_Demo1_Grey",
      "DisplayPosition": 217,
      "Icon": null,
      "Color": null,
      "Image": null
    },
    {
      "Value": "PH_Demo1_undefined",
      "DisplayName": "PH_Demo1_undefined",
      "DisplayPosition": 218,
      "Icon": null,
      "Color": null,
      "Image": null
    },
    {
      "Value": "PH_Black_Demo_Black",
      "DisplayName": "PH_Black_Demo_Black",
      "DisplayPosition": 219,
      "Icon": null,
      "Color": null,
      "Image": null
    },
    {
      "Value": "PH_Black_Demo_undefined",
      "DisplayName": "PH_Black_Demo_undefined",
      "DisplayPosition": 220,
      "Icon": null,
      "Color": null,
      "Image": null
    },
    {
      "Value": "PH_Black",
      "DisplayName": "PH_Black",
      "DisplayPosition": 221,
      "Icon": null,
      "Color": null,
      "Image": null
    },
    {
      "Value": "PH_undefined",
      "DisplayName": "PH_undefined",
      "DisplayPosition": 222,
      "Icon": null,
      "Color": null,
      "Image": null
    },
    {
      "Value": "TestCaseNew1_Black",
      "DisplayName": "TestCaseNew1_Black",
      "DisplayPosition": 223,
      "Icon": null,
      "Color": null,
      "Image": null
    },
    {
      "Value": "TestCaseNew1_Mint",
      "DisplayName": "TestCaseNew1_Mint",
      "DisplayPosition": 224,
      "Icon": null,
      "Color": null,
      "Image": null
    },
    {
      "Value": "TestCaseNew1_undefined",
      "DisplayName": "TestCaseNew1_undefined",
      "DisplayPosition": 225,
      "Icon": null,
      "Color": null,
      "Image": null
    },
    {
      "Value": "TestCaseNew22_Blue",
      "DisplayName": "TestCaseNew22_Blue",
      "DisplayPosition": 226,
      "Icon": null,
      "Color": null,
      "Image": null
    },
    {
      "Value": "TestCaseNew22_Floral",
      "DisplayName": "TestCaseNew22_Floral",
      "DisplayPosition": 227,
      "Icon": null,
      "Color": null,
      "Image": null
    },
    {
      "Value": "TestCaseNew22_Grey",
      "DisplayName": "TestCaseNew22_Grey",
      "DisplayPosition": 228,
      "Icon": null,
      "Color": null,
      "Image": null
    },
    {
      "Value": "TestCaseNew22_Maroon",
      "DisplayName": "TestCaseNew22_Maroon",
      "DisplayPosition": 229,
      "Icon": null,
      "Color": null,
      "Image": null
    },
    {
      "Value": "TestCaseNew22_undefined",
      "DisplayName": "TestCaseNew22_undefined",
      "DisplayPosition": 230,
      "Icon": null,
      "Color": null,
      "Image": null
    },
    {
      "Value": "TestcaseNew7_Floral",
      "DisplayName": "TestcaseNew7_Floral",
      "DisplayPosition": 231,
      "Icon": null,
      "Color": null,
      "Image": null
    },
    {
      "Value": "TestcaseNew7_Maroon",
      "DisplayName": "TestcaseNew7_Maroon",
      "DisplayPosition": 232,
      "Icon": null,
      "Color": null,
      "Image": null
    },
    {
      "Value": "TestcaseNew7_undefined",
      "DisplayName": "TestcaseNew7_undefined",
      "DisplayPosition": 233,
      "Icon": null,
      "Color": null,
      "Image": null
    },
    {
      "Value": "TestUpdateSCZ1_Black",
      "DisplayName": "TestUpdateSCZ1_Black",
      "DisplayPosition": 234,
      "Icon": null,
      "Color": null,
      "Image": null
    },
    {
      "Value": "TestUpdateSCZ1_Blue",
      "DisplayName": "TestUpdateSCZ1_Blue",
      "DisplayPosition": 235,
      "Icon": null,
      "Color": null,
      "Image": null
    },
    {
      "Value": "TestUpdateSCZ1_Floral",
      "DisplayName": "TestUpdateSCZ1_Floral",
      "DisplayPosition": 236,
      "Icon": null,
      "Color": null,
      "Image": null
    },
    {
      "Value": "TestUpdateSCZ1_Grey",
      "DisplayName": "TestUpdateSCZ1_Grey",
      "DisplayPosition": 237,
      "Icon": null,
      "Color": null,
      "Image": null
    },
    {
      "Value": "TestUpdateSCZ1_Maroon",
      "DisplayName": "TestUpdateSCZ1_Maroon",
      "DisplayPosition": 238,
      "Icon": null,
      "Color": null,
      "Image": null
    },
    {
      "Value": "TestUpdateSCZ1_Mint",
      "DisplayName": "TestUpdateSCZ1_Mint",
      "DisplayPosition": 239,
      "Icon": null,
      "Color": null,
      "Image": null
    },
    {
      "Value": "TestUpdateSCZ1_Pink",
      "DisplayName": "TestUpdateSCZ1_Pink",
      "DisplayPosition": 240,
      "Icon": null,
      "Color": null,
      "Image": null
    },
    {
      "Value": "TestUpdateSCZ1_Red",
      "DisplayName": "TestUpdateSCZ1_Red",
      "DisplayPosition": 241,
      "Icon": null,
      "Color": null,
      "Image": null
    },
    {
      "Value": "TestUpdateSCZ1_White",
      "DisplayName": "TestUpdateSCZ1_White",
      "DisplayPosition": 242,
      "Icon": null,
      "Color": null,
      "Image": null
    },
    {
      "Value": "TestUpdateSCZ1_Yellow",
      "DisplayName": "TestUpdateSCZ1_Yellow",
      "DisplayPosition": 243,
      "Icon": null,
      "Color": null,
      "Image": null
    },
    {
      "Value": "TestUpdateSCZ1_undefined",
      "DisplayName": "TestUpdateSCZ1_undefined",
      "DisplayPosition": 244,
      "Icon": null,
      "Color": null,
      "Image": null
    },
    {
      "Value": "TestStyle11_Black",
      "DisplayName": "TestStyle11_Black",
      "DisplayPosition": 245,
      "Icon": null,
      "Color": null,
      "Image": null
    },
    {
      "Value": "TestStyle12_Blue",
      "DisplayName": "TestStyle12_Blue",
      "DisplayPosition": 246,
      "Icon": null,
      "Color": null,
      "Image": null
    },
    {
      "Value": "TestStyle13_Floral",
      "DisplayName": "TestStyle13_Floral",
      "DisplayPosition": 247,
      "Icon": null,
      "Color": null,
      "Image": null
    },
    {
      "Value": "TestStyle14_Blue",
      "DisplayName": "TestStyle14_Blue",
      "DisplayPosition": 248,
      "Icon": null,
      "Color": null,
      "Image": null
    },
    {
      "Value": "Delete Style_Black",
      "DisplayName": "Delete Style_Black",
      "DisplayPosition": 249,
      "Icon": null,
      "Color": null,
      "Image": null
    },
    {
      "Value": "Delete Style_Blue",
      "DisplayName": "Delete Style_Blue",
      "DisplayPosition": 250,
      "Icon": null,
      "Color": null,
      "Image": null
    },
    {
      "Value": "TestStyle14_Grey",
      "DisplayName": "TestStyle14_Grey",
      "DisplayPosition": 251,
      "Icon": null,
      "Color": null,
      "Image": null
    },
    {
      "Value": "TestStyle14_Yellow",
      "DisplayName": "TestStyle14_Yellow",
      "DisplayPosition": 252,
      "Icon": null,
      "Color": null,
      "Image": null
    },
    {
      "Value": "TestStyle14_Mint",
      "DisplayName": "TestStyle14_Mint",
      "DisplayPosition": 253,
      "Icon": null,
      "Color": null,
      "Image": null
    },
    {
      "Value": "TestStyle16_Grey",
      "DisplayName": "TestStyle16_Grey",
      "DisplayPosition": 254,
      "Icon": null,
      "Color": null,
      "Image": null
    },
    {
      "Value": "TestStyle17_Blue",
      "DisplayName": "TestStyle17_Blue",
      "DisplayPosition": 255,
      "Icon": null,
      "Color": null,
      "Image": null
    },
    {
      "Value": "TestPareto1",
      "DisplayName": "TestPareto1",
      "DisplayPosition": 256,
      "Icon": null,
      "Color": null,
      "Image": null
    },
    {
      "Value": "TestPareto2",
      "DisplayName": "TestPareto2",
      "DisplayPosition": 257,
      "Icon": null,
      "Color": null,
      "Image": null
    },
    {
      "Value": "TestPareto7",
      "DisplayName": "TestPareto7",
      "DisplayPosition": 258,
      "Icon": null,
      "Color": null,
      "Image": null
    },
    {
      "Value": "TestParetoSC1",
      "DisplayName": "TestParetoSC1",
      "DisplayPosition": 259,
      "Icon": null,
      "Color": null,
      "Image": null
    },
    {
      "Value": "TestParetoSC2",
      "DisplayName": "TestParetoSC2",
      "DisplayPosition": 260,
      "Icon": null,
      "Color": null,
      "Image": null
    },
    {
      "Value": "TestStyleSC4",
      "DisplayName": "TestStyleSC4",
      "DisplayPosition": 261,
      "Icon": null,
      "Color": null,
      "Image": null
    },
    {
      "Value": "Mens Shirts Long Sleeve Style 123 Black",
      "DisplayName": "Mens Shirts Long Sleeve Style 123 Black",
      "DisplayPosition": 262,
      "Icon": null,
      "Color": null,
      "Image": null
    }
  ]
}