{
  "MeasureName": "Other Dips",
  "MeasureId": "79173d81-6003-450c-b3ba-5cdc4439b779",
  "MeasureDescription": "Percentage of Dips which do not align with any available drivers",
  "DataType": "number",
  "MeasureType": "Regular",
  "AggregateFunction": "Sum",
  "FormatString": "0%",
  "MeasureColumnName": "OtherDips",
  "MeasureFormula": "",
  "IsEditable": false,
  "ApplyConversion": false,
  "ConversionFormula": "",
  "PickListName": null,
  "BgColorFormula": " IF(Measure.[Other Dips]>0.60) then argb( 1,102, 176, 50) else  IF(Measure.[Other Dips]>0.40 && Measure.[Other Dips]<=0.60) then argb( 1,178, 215, 50) else  IF(Measure.[Other Dips]>0.20 && Measure.[Other Dips]<=0.40) then argb( 1,240, 247, 212) else  IF(Measure.[Other Dips]<=0.20) then argb( 1,255, 255, 240)",
  "FgColorFormula": " IF(Measure.[Other Dips]>0.60) then argb( 1,0, 0, 0) else  IF(Measure.[Other Dips]>0.40 && Measure.[Other Dips]<=0.60) then argb( 1,0, 0, 0) else  IF(Measure.[Other Dips]>0.20 && Measure.[Other Dips]<=0.40) then argb( 1,0, 0, 0) else  IF(Measure.[Other Dips]<=0.20) then argb( 1,0, 0, 0)",
  "TrendFormula": "",
  "FormattingViewModel": null,
  "ParentMeasureName": null,
  "AssociationMeasure": false,
  "IsComputedByPlanningService": false,
  "ToolTip": "Percentage of Dips which do not align with any available drivers",
  "ConfigJson": {},
  "ApiName": null,
  "ApiDisabled": false,
  "IsReportingMeasure": false,
  "MeasureConditionalFormulaProperties": [],
  "PicklistSource": null
}