{
  "MeasureGroupName": "o9EKG Batch Table Metrics",
  "MeasureGroupId": "a6591e1b-393a-d5c0-3108-ca764a05e85b",
  "ParentMeasureGroupName": null,
  "HasShadow": false,
  "MeasureGroupDescription": "o9EKG Batch Table Metrics",
  "MeasureGroupType": "Regular",
  "FactTableName": "Facto9EKGBatchTableMetrics",
  "SchemaMajorVersion": 0,
  "ConfigJson": {},
  "ApiName": null,
  "Repartition": false,
  "Unpartition": false,
  "ApiEnabled": false,
  "DimensionUsages": [
    {
      "DimensionName": "Version",
      "AttributeName": "Version Name",
      "SortOrder": 0,
      "DimensionType": "Regular"
    },
    {
      "DimensionName": "o9EKG Batch",
      "AttributeName": "Batch ID",
      "SortOrder": 1,
      "DimensionType": "Regular"
    },
    {
      "DimensionName": "o9EKGSequence",
      "AttributeName": "o9EKGSequenceNumber",
      "SortOrder": 3,
      "DimensionType": "Regular"
    },
    {
      "DimensionName": "o9EKG Delta Table",
      "AttributeName": "Error Table",
      "SortOrder": 4,
      "DimensionType": "Regular"
    }
  ]
}