{
  "MeasureGroupName": "012 Collection Assortment",
  "MeasureGroupId": "999674f2-1c84-e1fe-b51f-c321c64ab972",
  "ParentMeasureGroupName": null,
  "HasShadow": false,
  "MeasureGroupDescription": "012 Collection Assortment",
  "MeasureGroupType": "Regular",
  "FactTableName": "Fact012CollectionAssortment",
  "SchemaMajorVersion": 0,
  "ConfigJson": {},
  "ApiName": null,
  "Repartition": false,
  "Unpartition": false,
  "ApiEnabled": false,
  "DimensionUsages": [
    {
      "DimensionName": "Version",
      "AttributeName": "Version Name",
      "SortOrder": 0,
      "DimensionType": "Regular"
    },
    {
      "DimensionName": "NamedNode",
      "AttributeName": "Retail_AP_LP_Product_Location_NN",
      "SortOrder": 1,
      "DimensionType": "NamedNode"
    },
    {
      "DimensionName": "NamedNode",
      "AttributeName": "Retail_AP_FD_Common_NN",
      "SortOrder": 2,
      "DimensionType": "NamedNode"
    }
  ]
}