{
  "Name": "SupplyPlan096CreateDailyScopedScenario",
  "Description": null,
  "ActionButtonId": "d28aedb4-e133-49cc-b8f5-7f081f8ebd10",
  "Tooltip": "Create OP-CT Scenario",
  "ActionButtonType": "Rule",
  "Alignment": "right",
  "IsPopOver": true,
  "IsGlobal": false,
  "ActionClickHandler": null,
  "Icon": null,
  "Image": null,
  "ConfigJson": {
    "icon": "plus-circle",
    "Position": "0",
    "Validate": {
      "DataSource": {
        "IBPLRules": [
          {
            "template": "select CurrentUser().Name;",
            "output": {
              "name": "User",
              "type": "memberpairs"
            }
          },
          {
            "template": "select ([Personnel].[Email]{{#filter User}} * Version.[Version Name].[CurrentWorkingView]  * {Measure.[Daily Planning Create Scenario Validation]}).filter(Measure.[Daily Planning Create Scenario Validation] == true);\n",
            "input": {
              "name": "User"
            }
          }
        ],
        "JavascriptRules": [],
        "FieldBindings": []
      },
      "Message": "Scenario cannot be created. Global limit/user limit has been exhausted."
    },
    "SubmitButton": {
      "Label": "Submit"
    },
    "ResetButton": {
      "Label": "Reset"
    },
    "CloseButton": {
      "Label": "Close",
      "ConfirmMessage": "Unsaved changes will be lost. Continue?"
    },
    "NotifyAll": false,
    "IBPLRules": [
      {
        "template": "select Version.[Version Name].[{{Source}}].Key;",
        "output": {
          "name": "SourceKey",
          "type": "memberpairs"
        }
      },
      {
        "template": "//Scenario Creation Procedure//\nexec procedure DailyScopedScenario {\"SeedVersionKey\" : {{SourceKey}}, \"ScenarioName\" : \"{{Target}}\"};",
        "input": {
          "name": "SourceKey"
        }
      },
      {
        "template": "Delete Data for Model [050 Scenario Management User Level] where {[Version].[Version Name]{{#filter Target}}};\nDelete Data for Model [040 Scenario Management] where {[Version].[Version Name]{{#filter Target}}};\n//--Rule to populate create by and create date//\ncartesian scope: ([Version].[Version Name].filter(#.Name in {\"{{Target}}\"}));\nMeasure.[Scenario Created By] = \"{{CreatedBy}}\";\nMeasure.[Scenario Created Date] = todatetime(\"{{CreationDate}}\");\nMeasure.[Product] = \"Daily Planning\";\nend scope;\n\n//--Rule to Increment the Scenario counts//\ncartesian scope: ([Version].[Version Name].[CurrentWorkingView]);\nMeasure.[Global Scenario Count] = coalesce(Measure.[Global Scenario Count],0) + 1;\nMeasure.[Daily Planning Scenario Count] = coalesce(Measure.[Daily Planning Scenario Count],0) + 1;\nend scope;\n//--Rule to populate Scenario count per user//\ncartesian scope: ([Version].[Version Name].[CurrentWorkingView] * [Personnel].[Email].filter(#.Name in {\"{{CreatedBy}}\"}));\nMeasure.[Scenario Count Per User] = coalesce(Measure.[Scenario Count Per User],0) + 1;\nend Scope;"
      }
    ],
    "JavascriptRules": [],
    "FieldBindings": [
      {
        "fieldName": "Target",
        "title": "Working Scenario Name",
        "type": "string",
        "selectionType": "single",
        "clearSearch": true,
        "source": "literal",
        "visible": true,
        "isEditable": true,
        "validation": {
          "maxLength": "0",
          "required": true
        }
      },
      {
        "fieldName": "Source",
        "title": "Select seed version",
        "clearSearch": true,
        "source": "members",
        "visible": true,
        "isEditable": true,
        "validation": {
          "maxLength": "0",
          "required": true
        },
        "type": "picklist",
        "selectionType": "single",
        "DimensionName": "Version",
        "LevelAttributeName": "Version Name"
      },
      {
        "fieldName": "CreationDate",
        "clearSearch": true,
        "source": "datasource",
        "visible": true,
        "isEditable": false,
        "validation": {
          "maxLength": "0",
          "required": true
        },
        "title": "Creation Date",
        "Description": "Creation Date",
        "type": "date",
        "select": "ALL",
        "key": "Now",
        "valueField": "result"
      },
      {
        "fieldName": "CreatedBy",
        "clearSearch": true,
        "source": "datasource",
        "visible": true,
        "isEditable": true,
        "validation": {
          "maxLength": "0",
          "required": true
        },
        "title": "Created By ",
        "Description": "Created By User",
        "type": "string",
        "selectionType": "single",
        "select": "ALL",
        "key": "User",
        "valueField": "result"
      },
      {
        "fieldName": "threshold",
        "title": "threshold",
        "type": "number",
        "clearSearch": true,
        "source": "datasource",
        "key": "threshold",
        "valueField": "IntermediateThreshold",
        "textField": "IntermediateThreshold",
        "visible": false,
        "isEditable": false,
        "validation": {
          "maxLength": "0",
          "required": true
        }
      }
    ],
    "DataSources": [
      {
        "Name": "Now",
        "IBPLRules": [
          {
            "template": "Select Now();"
          }
        ],
        "JavascriptRules": [],
        "FieldBindings": [],
        "IncludeDSFieldsOnly": false
      },
      {
        "Name": "User",
        "IBPLRules": [
          {
            "template": "Select CurrentUser().Name;"
          }
        ],
        "JavascriptRules": [],
        "FieldBindings": [],
        "IncludeDSFieldsOnly": false
      },
      {
        "Name": "threshold",
        "IBPLRules": [
          {
            "template": "select (&CWV * {coalesce(Measure.[CT Scenario Age Threshold],Measure.[Scenario Age Threshold]) as Transient.IntermediateThreshold});"
          }
        ],
        "JavascriptRules": [],
        "IncludeDSFieldsOnly": false,
        "FieldBindings": []
      }
    ],
    "AutoExecute": false,
    "isAsync": false,
    "hasMembersUpdates": true,
    "Compact": false,
    "TwoColumn": false,
    "IsGlobalForExcelAddIn": false,
    "ExcludeFromNavLink": false,
    "FilterFieldBindings": []
  },
  "Widget": null
}