{
  "MeasureName": "SP Comp Sls % AP",
  "MeasureId": "50805a32-3654-46c2-a1cf-342340ce9f1b",
  "MeasureDescription": "SP Comp Sales % Approved",
  "DataType": "number",
  "MeasureType": "Regular",
  "AggregateFunction": "Computed",
  "FormatString": "0.00%",
  "MeasureColumnName": "SPCompSls%AP",
  "MeasureFormula": "Safedivide(Measure.[SP Comp Sls Rtl AP], Measure.[SP Sls Rtl AP])",
  "IsEditable": false,
  "ApplyConversion": false,
  "ConversionFormula": "",
  "PickListName": null,
  "BgColorFormula": "",
  "FgColorFormula": "",
  "TrendFormula": "",
  "FormattingViewModel": null,
  "ParentMeasureName": null,
  "AssociationMeasure": false,
  "IsComputedByPlanningService": false,
  "ToolTip": "SP Comp Sales % Approved",
  "ConfigJson": {},
  "ApiName": null,
  "ApiDisabled": false,
  "IsReportingMeasure": false,
  "MeasureConditionalFormulaProperties": [],
  "PicklistSource": null
}