{
  "MeasureName": "TD Vs LLY Sls Rtl Growth %",
  "MeasureId": "750d48a0-2684-166b-e467-4052e20c3112",
  "MeasureDescription": "TD Vs LLY Sales Rtl Growth %",
  "DataType": "number",
  "MeasureType": "Regular",
  "AggregateFunction": "Computed",
  "FormatString": "0.00%",
  "MeasureColumnName": "TDVsLLYSlsRtlGrowth%",
  "MeasureFormula": "safedivide((Measure.[TD Sls Rtl] - Measure.[LLY Sls Rtl]),Measure.[LLY Sls Rtl])",
  "IsEditable": false,
  "ApplyConversion": false,
  "ConversionFormula": null,
  "PickListName": null,
  "BgColorFormula": "",
  "FgColorFormula": "",
  "TrendFormula": "",
  "FormattingViewModel": "[]",
  "ParentMeasureName": null,
  "AssociationMeasure": false,
  "IsComputedByPlanningService": false,
  "ToolTip": "(TD Sales Retail - LLY Sales Retail)/LLY Sales Retail",
  "ConfigJson": {},
  "ApiName": null,
  "ApiDisabled": false,
  "IsReportingMeasure": true,
  "MeasureConditionalFormulaProperties": [],
  "PicklistSource": null
}