{
  "MeasureGroupName": "003.002D Demand Inputs Orders",
  "MeasureGroupId": "2dce4de8-4f1d-4aa6-a684-78e639d472ee",
  "ParentMeasureGroupName": null,
  "HasShadow": false,
  "MeasureGroupDescription": "Order details non time granulated",
  "MeasureGroupType": "Regular",
  "FactTableName": "Fact003.002DDemandInputsOrders",
  "SchemaMajorVersion": 0,
  "ConfigJson": {},
  "ApiName": null,
  "Repartition": false,
  "Unpartition": false,
  "ApiEnabled": false,
  "DimensionUsages": [
    {
      "DimensionName": "Version",
      "AttributeName": "Version Name",
      "SortOrder": 0,
      "DimensionType": "Regular"
    },
    {
      "DimensionName": "Item",
      "AttributeName": "Item",
      "SortOrder": 1,
      "DimensionType": "Regular"
    },
    {
      "DimensionName": "Location",
      "AttributeName": "Location",
      "SortOrder": 2,
      "DimensionType": "Regular"
    },
    {
      "DimensionName": "Demand",
      "AttributeName": "DemandID",
      "SortOrder": 3,
      "DimensionType": "Regular"
    },
    {
      "DimensionName": "Sales Domain",
      "AttributeName": "Customer Group",
      "SortOrder": 4,
      "DimensionType": "Regular"
    }
  ]
}