{
  "Name": "SupplyPlan010ProcurementCommonAddSupplierResourceGroupPriority",
  "Description": "Add Supplier Resource Group Priority",
  "ActionButtonId": "33c2616c-889b-23b0-4378-09f563449466",
  "Tooltip": "Add Supplier Resource Group Priority",
  "ActionButtonType": "Widget",
  "Alignment": "right",
  "IsPopOver": true,
  "IsGlobal": true,
  "ActionClickHandler": null,
  "Icon": null,
  "Image": null,
  "ConfigJson": {
    "DisplayName": "Add Supplier Resource Group Priority",
    "icon": "plus",
    "SubmitButton": {
      "Label": "Submit"
    },
    "ResetButton": {
      "Label": "Reset"
    },
    "CloseButton": {
      "Label": "Close",
      "ConfirmMessage": "Unsaved changes will be lost. Continue?"
    },
    "NotifyRoles": true,
    "NotifyAll": false,
    "IBPLRules": [
      {
        "template": "\ncartesian scope : ([Supplier].[Supplier Location]{{#filter SupplierLocation}} * [Version].[Version Name]{{#filter Version}} * [Resource Group].[Resource Group]{{#filter ResourceGroup}} * [Item].[Item]{{#filter Item}} * [Location].[Location]{{#filter Location}} * [Activity2].[Activity2]{{#filter TransModes}} ); \nMeasure.[Supplier Resource Group Priority] = {{SupplierResourceGroupPriority}}; \nend scope; \n"
      }
    ],
    "JavascriptRules": [],
    "FieldBindings": [
      {
        "fieldName": "Version",
        "title": "Version Name",
        "Description": "Version Name",
        "type": "picklistDropdown",
        "selectionType": "single",
        "clearSearch": true,
        "source": "filter",
        "DimensionName": "Version",
        "LevelAttributeName": "Version Name",
        "visible": true,
        "isEditable": false,
        "validation": {
          "maxLength": "0",
          "required": true
        }
      },
      {
        "fieldName": "SupplierLocation",
        "title": "Supplier Location",
        "Description": "Supplier Location",
        "type": "picklistDropdown",
        "fieldGroup": "Select",
        "selectionType": "single",
        "clearSearch": true,
        "select": "NONE",
        "source": "members",
        "DimensionName": "Supplier",
        "LevelAttributeName": "Supplier Location",
        "visible": true,
        "isEditable": true,
        "validation": {
          "maxLength": "0",
          "required": true
        }
      },
      {
        "fieldName": "ResourceGroup",
        "title": "Resource Group",
        "Description": "Resource Group",
        "type": "picklistDropdown",
        "selectionType": "single",
        "clearSearch": true,
        "select": "NONE",
        "source": "members",
        "DimensionName": "Resource Group",
        "LevelAttributeName": "Resource Group",
        "visible": true,
        "isEditable": true,
        "validation": {
          "maxLength": "0",
          "required": true
        }
      },
      {
        "fieldName": "Item",
        "title": "Procured Item",
        "Description": "Procured Item",
        "type": "picklistDropdown",
        "fieldGroup": "Select",
        "selectionType": "single",
        "clearSearch": true,
        "select": "NONE",
        "source": "datasource",
        "key": "Item",
        "valueField": "Name",
        "textField": "Name",
        "visible": true,
        "isEditable": true,
        "validation": {
          "maxLength": "0",
          "required": true
        },
        "overrideFieldBindingType": false
      },
      {
        "fieldName": "Location",
        "title": "Location",
        "Description": "Location",
        "type": "picklist",
        "selectionType": "single",
        "clearSearch": true,
        "select": "NONE",
        "source": "members",
        "DimensionName": "Location",
        "LevelAttributeName": "Location",
        "visible": true,
        "isEditable": true,
        "validation": {
          "maxLength": "0",
          "required": true
        },
        "FilterExpression": "&AllPlantLocations"
      },
      {
        "fieldName": "TransModes",
        "title": "TransModes",
        "Description": "TransModes",
        "type": "picklist",
        "selectionType": "multiple",
        "clearSearch": true,
        "select": "NONE",
        "source": "members",
        "DimensionName": "Activity2",
        "LevelAttributeName": "Activity2",
        "FilterExpression": "&AllTransModes",
        "visible": true,
        "isEditable": true,
        "validation": {
          "maxLength": "0",
          "required": true
        }
      },
      {
        "fieldName": "SupplierResourceGroupPriority",
        "title": "Resource Group Priority",
        "type": "number",
        "clearSearch": true,
        "source": "literal",
        "defaultValue": "1",
        "visible": true,
        "isEditable": true,
        "validation": {
          "maxLength": "0",
          "required": true
        },
        "Description": "Resource Group Priority"
      }
    ],
    "Range": [],
    "DataSources": [
      {
        "Name": "Item",
        "IBPLRules": [
          {
            "template": "Select (&AllRawMaterials);"
          }
        ],
        "JavascriptRules": [],
        "FieldBindings": [],
        "IncludeDSFieldsOnly": false
      }
    ],
    "AutoExecute": false,
    "isAsync": false,
    "hasMembersUpdates": false,
    "Compact": false,
    "TwoColumn": true,
    "IsGlobalForExcelAddIn": false,
    "ReturnFilterByUpdate": false,
    "ExcludeFromNavLink": false,
    "FilterFieldBindings": []
  },
  "Widget": null,
  "Roles": []
}