{
  "MeasureGroupName": "005.002 Demand Netting Brand Channel Profile",
  "MeasureGroupId": "f6175e88-2375-4894-b11c-604e47a50ebc",
  "ParentMeasureGroupName": null,
  "HasShadow": false,
  "MeasureGroupDescription": "Brand Channel level profile input",
  "MeasureGroupType": "Regular",
  "FactTableName": "Fact005.002DemandNettingBrandChannelProfile",
  "SchemaMajorVersion": 0,
  "ConfigJson": {},
  "ApiName": null,
  "Repartition": false,
  "Unpartition": false,
  "ApiEnabled": false,
  "DimensionUsages": [
    {
      "DimensionName": "Version",
      "AttributeName": "Version Name",
      "SortOrder": 0,
      "DimensionType": "Regular"
    },
    {
      "DimensionName": "Time",
      "AttributeName": "Day of Week",
      "SortOrder": 1,
      "DimensionType": "Time"
    },
    {
      "DimensionName": "Item",
      "AttributeName": "L6",
      "SortOrder": 2,
      "DimensionType": "Regular"
    },
    {
      "DimensionName": "Sales Domain",
      "AttributeName": "Sales Planning Channel",
      "SortOrder": 3,
      "DimensionType": null
    }
  ]
}