{
  "AttributeName": "Error Field",
  "AttributeId": "9258cef9-95ee-e8b2-e5d6-ddfa60f11359",
  "AttributeHierarchyEnabled": true,
  "IsKey": true,
  "Description": "Error Field",
  "OrderBy": "Name",
  "KeyColumnName": "ErrorFieldKey",
  "NameColumnName": "ErrorFieldName",
  "KeyColumnDataType": "integer",
  "SeedTags": false,
  "KeyGenerationType": "Auto",
  "PickListName": null,
  "ConfigJson": {
    "ShowFilterAs": "TileView",
    "MemberDisplayNameEditable": true,
    "IsMultipleImage": false,
    "MemberDisplayColor": false
  },
  "FormatString": null,
  "Translation": null,
  "Aliases": [],
  "ApiName": null,
  "ApiDisabled": false,
  "FgColorFormula": null,
  "BgColorFormula": null,
  "IsReservedBySystem": false
}