{
  "Name": "DI016AddingRowsTenantDataTableStructure",
  "Description": "Add Record",
  "ActionButtonId": "f61f7925-8d76-44cb-8e7d-f5830b83f40b",
  "Tooltip": "Add Record",
  "ActionButtonType": "Rule",
  "Alignment": "right",
  "IsPopOver": true,
  "IsGlobal": false,
  "ActionClickHandler": null,
  "Icon": null,
  "Image": null,
  "ConfigJson": {
    "icon": "plus",
    "Position": "0",
    "SubmitButton": {
      "Label": "Submit"
    },
    "ResetButton": {
      "Label": "Reset"
    },
    "CloseButton": {
      "Label": "Close",
      "ConfirmMessage": "Unsaved changes will be lost. Continue?"
    },
    "NotifyAll": false,
    "IBPLRules": [
      {
        "template": "Createmember([Tenant Data Table Structure].[Serial No] = {, \"{{SerialNo}}\"},[Tenant Data Table Structure].[Table Name] = {,\n\"{{TableName}}\"});\n\ncartesian scope:([Version].[Version Name].[{{Version}}]*[Tenant Data Table Structure].[Serial No].[{{SerialNo}}]*[Tenant Data Table Structure].[Table Name].[{{TableName}}]);\nMeasure.[Tenant Column Name] =\"{{ColumnName}}\";\nMeasure.[Tenant Mandatory] =\"{{Mandatory}}\";\nMeasure.[Tenant Datatype] =\"{{Datatype}}\";\nMeasure.[Tenant Position] =\"{{Position}}\";\nMeasure.[Tenant Leaf Grain] =\"{{Leaf_Grain}}\";\nend scope;"
      }
    ],
    "JavascriptRules": [],
    "FieldBindings": [
      {
        "fieldName": "Version",
        "title": "Version",
        "Description": "Version",
        "type": "picklistDropdown",
        "selectionType": "single",
        "clearSearch": true,
        "source": "members",
        "DimensionName": "Version",
        "LevelAttributeName": "Version Name",
        "visible": true,
        "isEditable": true,
        "validation": {
          "maxLength": "0",
          "required": true
        }
      },
      {
        "fieldName": "SerialNo",
        "title": "Serial No",
        "Description": "Serial No",
        "type": "number",
        "clearSearch": true,
        "source": "literal",
        "visible": true,
        "isEditable": true,
        "validation": {
          "maxLength": "0",
          "required": true
        }
      },
      {
        "fieldName": "TableName",
        "title": "Table Name",
        "Description": "DB Table Name to store the IBPL extracted data. The table names should be same as specified in page \"Tenant Data Files\"",
        "type": "picklistDropdown",
        "selectionType": "single",
        "clearSearch": true,
        "select": "NONE",
        "source": "datasource",
        "key": "ABC",
        "valueField": "Name",
        "textField": "Name",
        "visible": true,
        "isEditable": true,
        "validation": {
          "maxLength": "0",
          "required": true
        }
      },
      {
        "fieldName": "ColumnName",
        "title": "Column Name",
        "Description": "The column name in the table to store IBPL extracted data.  \"Master table\":-  column name should not have spaces or special characters except underscore ? _ ?.   \"Audit tables\":- column name should be the same as \"Out Table\" column Name",
        "type": "string",
        "clearSearch": true,
        "source": "literal",
        "visible": true,
        "isEditable": true,
        "validation": {
          "maxLength": "0",
          "required": true
        }
      },
      {
        "fieldName": "Mandatory",
        "title": "Mandatory",
        "Description": "Specify whether the column is mandatory to have data. Allowed values are 'YES' and 'NO'. If set to YES then any blank or null value will lead to data validation failure during batch run",
        "type": "picklistDropdown",
        "selectionType": "single",
        "clearSearch": true,
        "source": "picklist",
        "key": "Integration Yes No",
        "visible": true,
        "isEditable": true,
        "validation": {
          "maxLength": "0",
          "required": true
        },
        "select": "NONE"
      },
      {
        "fieldName": "Datatype",
        "title": "Data Type",
        "Description": "Specify the data type for the DB table column. Expected values are nvarchar, float, int, date, datetime and bit only",
        "type": "picklistDropdown",
        "selectionType": "single",
        "clearSearch": true,
        "source": "picklist",
        "key": "Integration Datatype",
        "visible": true,
        "isEditable": true,
        "validation": {
          "maxLength": "0",
          "required": true
        },
        "select": "NONE"
      },
      {
        "fieldName": "Position",
        "title": "Position",
        "Description": "The column order in the table. The column should be specified in the order in which they are defined in the input file i.e. IBPL download  The value should always start from 1",
        "type": "string",
        "clearSearch": true,
        "source": "literal",
        "visible": true,
        "isEditable": true,
        "validation": {
          "maxLength": "0",
          "required": true
        }
      },
      {
        "fieldName": "Leaf_Grain",
        "title": "Leaf/Grain",
        "Description": "Specify the unique key field of the table. Allowed values are 'YES' and 'NO'",
        "type": "picklistDropdown",
        "selectionType": "single",
        "clearSearch": true,
        "source": "picklist",
        "key": "Integration Yes No",
        "visible": true,
        "isEditable": true,
        "validation": {
          "maxLength": "0",
          "required": true
        },
        "select": "NONE"
      }
    ],
    "DataSources": [
      {
        "Name": "ABC",
        "IBPLRules": [
          {
            "template": "select ([Tenant Data Files].[Table Name]) where{[Tenant Data Files].[Serial No]};"
          }
        ],
        "JavascriptRules": [],
        "IncludeDSFieldsOnly": false,
        "FieldBindings": []
      }
    ],
    "AutoExecute": false,
    "isAsync": false,
    "hasMembersUpdates": false,
    "Compact": false,
    "TwoColumn": false,
    "IsGlobalForExcelAddIn": false,
    "FilterFieldBindings": []
  },
  "Widget": null
}