{
  "AttributeName": "Attribute Name",
  "AttributeId": "17f52037-1dd7-42c2-9224-dd7f6d57a537",
  "AttributeHierarchyEnabled": true,
  "IsKey": false,
  "Description": "Attribute Name",
  "OrderBy": "Name",
  "KeyColumnName": "AttributeNameKey",
  "NameColumnName": "AttributeNameName",
  "KeyColumnDataType": "integer",
  "SeedTags": false,
  "KeyGenerationType": "Auto",
  "PickListName": null,
  "ConfigJson": {
    "ShowFilterAs": "TileView",
    "MemberDisplayNameEditable": true,
    "IsMultipleImage": false
  },
  "FormatString": null,
  "Translation": null,
  "Aliases": [],
  "ApiName": null,
  "ApiDisabled": false
}