{
  "Name": "SupplyPlan027IRNavigation",
  "Description": null,
  "ActionButtonId": "013c0961-8ec1-bf04-796a-5010de4e9323",
  "Tooltip": "Navigate To STO",
  "ActionButtonType": "Rule",
  "Alignment": "right",
  "IsPopOver": true,
  "IsGlobal": false,
  "ActionClickHandler": null,
  "Icon": null,
  "Image": null,
  "ConfigJson": {
    "DisplayName": "Navigate To STO",
    "icon": "external-link",
    "Position": "0",
    "SubmitButton": {
      "Label": "Submit"
    },
    "ResetButton": {
      "Label": "Reset"
    },
    "CloseButton": {
      "Label": "Close",
      "ConfirmMessage": "Unsaved changes will be lost. Continue?"
    },
    "NotifyAll": false,
    "IBPLRules": [],
    "JavascriptRules": [],
    "FieldBindings": [],
    "Range": [],
    "DataSources": [],
    "AutoExecute": true,
    "isAsync": false,
    "hasMembersUpdates": false,
    "Compact": false,
    "TwoColumn": false,
    "IsGlobalForExcelAddIn": false,
    "enableTransaction": false,
    "NavigateTo": {
      "TargetWorkspaceName": "Data Mangement",
      "TargetPageName": "Stock Transfer Order",
      "TargetViewName": "Stock Transfer Order"
    },
    "ExcludeFromNavLink": false,
    "FilterFieldBindings": []
  },
  "Widget": null,
  "Roles": []
}