{
  "AttributeName": "Retail_AP_SZP_Size_Range_NN",
  "AttributeId": "acdeb317-ab39-8b0e-8cfd-099727da885f",
  "AttributeHierarchyEnabled": true,
  "IsKey": false,
  "Description": "Retail AP Size Profiler Size Range Named Node",
  "OrderBy": "Key",
  "KeyColumnName": "Retail_AP_SZP_Size_Range_NNKey",
  "NameColumnName": "Retail_AP_SZP_Size_Range_NNName",
  "KeyColumnDataType": "integer",
  "SeedTags": true,
  "KeyGenerationType": "Auto",
  "PickListName": null,
  "ConfigJson": {
    "ShowFilterAs": "TileView",
    "MemberDisplayNameEditable": true,
    "IsMultipleImage": false,
    "MemberDisplayColor": false
  },
  "FormatString": null,
  "Translation": null,
  "Aliases": [],
  "ApiName": null,
  "ApiDisabled": false,
  "ParentAttributeName": null,
  "NamedNodeUsages": [
    {
      "DimensionName": "Size Range",
      "AttributeName": "Size Range"
    },
    {
      "DimensionName": "Size",
      "AttributeName": "Size"
    }
  ]
}