{
  "AttributeName": "Is Supplier Item",
  "AttributeId": "8d26a9be-b109-3752-f4ca-af6e36f3158f",
  "AttributeHierarchyEnabled": false,
  "IsKey": false,
  "Description": "Items that are managed by suppliers",
  "OrderBy": "Key",
  "KeyColumnName": "IsSupplierItemKey",
  "NameColumnName": null,
  "KeyColumnDataType": "boolean",
  "SeedTags": false,
  "KeyGenerationType": "UserSupplied",
  "PickListName": null,
  "ConfigJson": {
    "IsVisible": true,
    "IsEditable": false
  },
  "FormatString": "",
  "Translation": null,
  "Aliases": [],
  "ApiName": null,
  "ApiDisabled": false,
  "ToolTip": null,
  "FgColorFormula": null,
  "BgColorFormula": null,
  "IsReservedBySystem": false
}