{
  "HierarchyName": "Stat Demand Domain Hierarchy",
  "HierarchyId": "de290cba-8fd8-5a75-90d4-9cf5dcbeb81e",
  "HierarchyDescription": "Stat Demand Domain Hierarchy",
  "Translations": [],
  "Levels": [
    {
      "LevelName": "Stat Demand Domain Group",
      "LevelId": "3344fdcb-37cb-ce75-04a1-95eda34df38f",
      "SourceAttributeName": "Stat Demand Domain Group",
      "LevelDescription": "Highest Level in Stat Hierarchy",
      "LevelPosition": 0,
      "Translations": []
    },
    {
      "LevelName": "Stat Demand Domain",
      "LevelId": "c3f81500-b0ef-f3dc-15a2-839f59cb9afe",
      "SourceAttributeName": "Stat Demand Domain",
      "LevelDescription": "Stat Demand Domain",
      "LevelPosition": 1,
      "Translations": []
    },
    {
      "LevelName": "Transition Demand Domain",
      "LevelId": "77aa8cde-2a0d-608e-8c32-0ab9897f2f3b",
      "SourceAttributeName": "Transition Demand Domain",
      "LevelDescription": "Transition Demand Domain",
      "LevelPosition": 2,
      "Translations": []
    },
    {
      "LevelName": "Planning Demand Domain",
      "LevelId": "291b9164-c80e-bd7f-124c-20270c1861cf",
      "SourceAttributeName": "Planning Demand Domain",
      "LevelDescription": "Planning Demand Domain",
      "LevelPosition": 3,
      "Translations": []
    },
    {
      "LevelName": "Demand Domain",
      "LevelId": "1fb448c2-6d39-a0b0-32b1-851f69a8afca",
      "SourceAttributeName": "Demand Domain",
      "LevelDescription": "Demand Domain",
      "LevelPosition": 4,
      "Translations": []
    }
  ],
  "IsEnabled": true,
  "ErrorMessage": null
}