{
  "Name": "SupplyPlan6016DataPreProcess",
  "Description": "Data Pre Processing",
  "ActionButtonId": "a0418513-6a88-f6cb-0a43-8a2772d3d904",
  "Tooltip": "Data Pre Processing",
  "ActionButtonType": "Rule",
  "Alignment": "right",
  "IsPopOver": true,
  "IsGlobal": false,
  "ActionClickHandler": null,
  "Icon": null,
  "Image": null,
  "ConfigJson": {
    "DisplayName": "Data Pre Processing",
    "icon": "exclamation-triangle",
    "Position": "0",
    "SubmitButton": {
      "Label": "Submit"
    },
    "ResetButton": {
      "Label": "Reset"
    },
    "CloseButton": {
      "Label": "Close",
      "ConfirmMessage": "Unsaved changes will be lost. Continue?"
    },
    "NotifyRoles": true,
    "NotifyAll": false,
    "IBPLRules": [
      {
        "template": "exec procedure GenerateHeaderLevelPrOsfromSTOs{\"Version\":\"{{Version}}\"};"
      },
      {
        "template": "exec procedure PreProcessingAggregatedSupplyNetting{\"Version\":\"{{Version}}\"};"
      },
      {
        "template": "exec procedure PopulateWConsumeOutputCapacity{\"Version\":\"{{Version}}\"};"
      },
      {
        "template": "exec procedure PreProcessingProductVariantPlanning{\"Version\":\"{{Version}}\"};"
      }
    ],
    "JavascriptRules": [],
    "FieldBindings": [
      {
        "fieldName": "Version",
        "title": "Version",
        "Description": "Version",
        "type": "picklist",
        "selectionType": "single",
        "clearSearch": true,
        "source": "filter",
        "DimensionName": "Version",
        "LevelAttributeName": "Version Name",
        "visible": true,
        "isEditable": true,
        "validation": {
          "maxLength": "0",
          "required": true
        }
      }
    ],
    "Range": [],
    "DataSources": [],
    "AutoExecute": false,
    "isAsync": true,
    "hasMembersUpdates": false,
    "Compact": false,
    "TwoColumn": false,
    "IsGlobalForExcelAddIn": false,
    "ExcludeFromNavLink": false,
    "FilterFieldBindings": [],
    "enableTransaction": false
  },
  "Widget": null,
  "Roles": []
}