{
  "DimensionId": "76d8e7b8-fb2d-4c2d-9c7f-4fe64a21d2fa",
  "DimensionName": "Tenant Dimension Name Aliases",
  "DimensionTableName": "DimTenantDimensionNameAliases",
  "DimensionType": "Regular",
  "DimensionKeyColumnName": "TenantDimensionNameAliasesKey",
  "DimensionDescription": "Tenant Dimension Name Aliases",
  "Modifiable": false,
  "LockFree": false,
  "IsReservedBySystem": false,
  "ConfigJson": {
    "Position": -280
  },
  "ApiName": null,
  "ApiEnabled": false,
  "Translation": null,
  "Aliases": []
}