{
  "Name": "DP001CreateForecastType",
  "Description": "Create Forecast Iteration Type",
  "ActionButtonId": "62b4b304-3429-f5ee-e7c5-364df7fdc16b",
  "Tooltip": "Create Forecast Iteration Type",
  "ActionButtonType": "Rule",
  "Alignment": "right",
  "IsPopOver": true,
  "IsGlobal": false,
  "ActionClickHandler": null,
  "Icon": null,
  "Image": null,
  "ConfigJson": {
    "DisplayName": "Forecast Iteration Type",
    "icon": "plus-square-o",
    "Position": "0",
    "SubmitButton": {
      "Label": "Submit",
      "ProgressMessage": "Executing...",
      "SuccessMessage": "Successfully Executed.",
      "ErrorMessage": "Error in Execution.",
      "ConfirmMessage": "Are you sure you want to go ahead with the changes?"
    },
    "ResetButton": {
      "Label": "Reset"
    },
    "CloseButton": {
      "Label": "Close",
      "ConfirmMessage": "Unsaved changes will be lost. Continue?"
    },
    "NotifyAll": false,
    "IBPLRules": [
      {
        "template": "\nexec procedure o9DP0010InitializeForecastIterationType {\"VersionName\" : [{{#csv VersionName}}] , \"ForecastIterationType\" : \"{{ForecastIterationType}}_{{InputStream}}_{{MemberName}}\" , \"ForecastGenerationTimeBucket\" : \"{{ForecastGenerationTimeBucket}}\", \"ForecastStorageTimeBucket\" : \"{{ForecastStorageTimeBucket}}\", \"ItemScopeLevel\" :\"{{ItemScopeLevel}}\", \"AccountScopeLevel\" : \"{{AccountScopeLevel}}\", \"ChannelScopeLevel\" : \"{{ChannelScopeLevel}}\", \"PnLScopeLevel\" : \"{{PnLScopeLevel}}\", \"RegionScopeLevel\" : \"{{RegionScopeLevel}}\", \"DemandDomainScopeLevel\" : \"{{DemandDomainScopeLevel}}\", \"LocationLevelScope\" : \"{{LocationLevelScope}}\", \"HorizonEnd\" : {{HorizonEnd}}, \"DisplayName\" : \"{{DisplayName}}\",\"InputStream\":\"{{InputStream}}\" };\n \n\nScope: (Version.[Version Name]{{#filter VersionName}} * [Forecast Iteration].[Forecast Iteration Type]{{#filter ForecastIterationType}});\nMeasure.[Is Iteration Type Created]= 1;\nend scope;"
      },
      {
        "template": "Scope:([Version].[Version Name]{{#filter VersionName}} * [Forecast Iteration].[Forecast Iteration Type].filter(#.Name in {\"{{ForecastIterationType}}_{{InputStream}}_{{MemberName}}\"}) );\nMeasure.[Iteration Type Output Stream]= if(Measure.[Iteration Type Input Stream]==\"Sell Out Actual\") then \"Sell Out Stat Fcst New\" else if(Measure.[Iteration Type Input Stream]==\"Actual\") then \"Stat Fcst\";\nend scope;"
      }
    ],
    "JavascriptRules": [
      {
        "modulename": "o9.DemandPlanning.ValidateScopeLevel",
        "functionname": "ValidateScopeLevel"
      },
      {
        "modulename": "o9.DemandPlanning.IterationType",
        "functionname": "validation"
      }
    ],
    "FieldBindings": [
      {
        "fieldName": "Information",
        "title": "Information",
        "type": "info",
        "clearSearch": true,
        "source": "literal",
        "defaultValue": "Please click on \"Submit\" to create Forecast Iteration Type",
        "visible": true,
        "isEditable": true,
        "validation": {
          "maxLength": "0",
          "required": true
        }
      },
      {
        "fieldName": "VersionName",
        "title": "Version Name",
        "Description": "Version Name",
        "type": "picklist",
        "selectionType": "single",
        "clearSearch": true,
        "source": "filter",
        "DimensionName": "Version",
        "LevelAttributeName": "Version Name",
        "visible": false,
        "isEditable": true,
        "validation": {
          "maxLength": "0",
          "required": true
        }
      },
      {
        "fieldName": "InputStream",
        "title": "Input Stream",
        "Description": "Type of Input Stream",
        "type": "picklist",
        "fieldGroup": "Iteration Setup",
        "selectionType": "single",
        "clearSearch": true,
        "source": "picklist",
        "key": "Forecast Input Stream",
        "visible": true,
        "isEditable": true,
        "validation": {
          "maxLength": "0",
          "required": true
        }
      },
      {
        "fieldName": "ForecastIterationType",
        "title": "Forecast Iteration Type",
        "Description": "Type of Forecast Iteration ",
        "type": "picklist",
        "selectionType": "single",
        "clearSearch": true,
        "source": "picklist",
        "key": "Forecast Iteration Type 1",
        "visible": true,
        "isEditable": true,
        "validation": {
          "maxLength": "0",
          "required": true
        },
        "fieldGroup": "Iteration Setup"
      },
      {
        "fieldName": "DisplayName",
        "title": "Display Name",
        "Description": "Display Name of the Forecast Iteration Type",
        "type": "string",
        "fieldGroup": "Iteration Setup",
        "clearSearch": true,
        "source": "literal",
        "visible": true,
        "isEditable": true,
        "validation": {
          "maxLength": "0",
          "required": true
        }
      },
      {
        "fieldName": "HorizonEnd",
        "title": "Horizon End",
        "Description": "Length of Forecast Horizon starting from current period",
        "type": "number",
        "fieldGroup": "Time Bucket Setup",
        "clearSearch": true,
        "source": "literal",
        "visible": true,
        "isEditable": true,
        "validation": {
          "maxLength": "0",
          "required": true
        }
      },
      {
        "fieldName": "ForecastGenerationTimeBucket",
        "title": "Forecast Generation Time Bucket",
        "Description": "Time grain at which Stat forecast will be generated. ",
        "type": "string",
        "fieldGroup": "Time Bucket Setup",
        "selectionType": "single",
        "clearSearch": true,
        "source": "picklist",
        "key": "Generation Level",
        "visible": true,
        "isEditable": true,
        "validation": {
          "maxLength": "0",
          "required": true
        }
      },
      {
        "fieldName": "ForecastStorageTimeBucket",
        "title": "Forecast Storage Time Bucket",
        "type": "picklist",
        "fieldGroup": "Time Bucket Setup",
        "selectionType": "single",
        "clearSearch": true,
        "source": "picklist",
        "key": "Storage Time Bucket",
        "visible": true,
        "isEditable": false,
        "validation": {
          "maxLength": "0",
          "required": true
        },
        "Description": "Time grain at which Stat forecast is stored in the system."
      },
      {
        "fieldName": "ItemScopeLevel",
        "title": "Item Scope Level",
        "type": "picklist",
        "selectionType": "single",
        "clearSearch": true,
        "source": "picklist",
        "key": "FI Item Level",
        "visible": true,
        "isEditable": true,
        "validation": {
          "maxLength": "0",
          "required": true
        },
        "Description": "Level at which user can select Item members in scope. Applicable to all Iterations within this Iteration Type.",
        "fieldGroup": "How does the Forecasting Level change?"
      },
      {
        "fieldName": "ChannelScopeLevel",
        "title": "Channel Scope Level",
        "Description": "Level at which user can select Channel members in scope. Applicable to all Iterations within this Iteration Type.",
        "type": "picklist",
        "fieldGroup": "How does the Forecasting Level change?",
        "selectionType": "single",
        "clearSearch": true,
        "source": "picklist",
        "key": "FI Channel Level",
        "visible": true,
        "isEditable": true,
        "validation": {
          "maxLength": "0",
          "required": true
        }
      },
      {
        "fieldName": "AccountScopeLevel",
        "title": "Account Scope Level",
        "Description": "Level at which user can select Account members in scope. Applicable to all Iterations within this Iteration Type.",
        "type": "picklist",
        "fieldGroup": "How does the Forecasting Level change?",
        "selectionType": "single",
        "clearSearch": true,
        "source": "picklist",
        "key": "FI Account Level",
        "visible": true,
        "isEditable": true,
        "validation": {
          "maxLength": "0",
          "required": true
        }
      },
      {
        "fieldName": "RegionScopeLevel",
        "title": "Region Scope Level",
        "Description": "Level at which user can select Region members in scope. Applicable to all Iterations within this Iteration Type.",
        "type": "string",
        "fieldGroup": "How does the Forecasting Level change?",
        "selectionType": "single",
        "clearSearch": true,
        "source": "picklist",
        "key": "FI Region Level",
        "visible": true,
        "isEditable": true,
        "validation": {
          "maxLength": "0",
          "required": true
        }
      },
      {
        "fieldName": "LocationLevelScope",
        "title": "Location Scope Level",
        "Description": "Level at which user can select Location members in scope. Applicable to all Iterations within this Iteration Type.",
        "type": "string",
        "fieldGroup": "How does the Forecasting Level change?",
        "selectionType": "single",
        "clearSearch": true,
        "source": "picklist",
        "key": "FI Location Level",
        "visible": true,
        "isEditable": true,
        "validation": {
          "maxLength": "0",
          "required": true
        }
      },
      {
        "fieldName": "PnLScopeLevel",
        "title": "PnL Scope Level",
        "Description": "Level at which user can select PnL members in scope. Applicable to all Iterations within this Iteration Type.",
        "type": "picklist",
        "fieldGroup": "How does the Forecasting Level change?",
        "selectionType": "single",
        "clearSearch": true,
        "source": "picklist",
        "key": "FI PnL Level",
        "visible": true,
        "isEditable": true,
        "validation": {
          "maxLength": "0",
          "required": true
        }
      },
      {
        "fieldName": "DemandDomainScopeLevel",
        "title": "Demand Domain Scope Level",
        "Description": "Level at which user can select Demand Domain members in scope. Applicable to all Iterations within this Iteration Type.",
        "type": "picklist",
        "fieldGroup": "How does the Forecasting Level change?",
        "selectionType": "single",
        "clearSearch": true,
        "source": "picklist",
        "key": "FI Demand Domain Level",
        "visible": true,
        "isEditable": true,
        "validation": {
          "maxLength": "0",
          "required": true
        }
      },
      {
        "fieldName": "MemberName",
        "title": "Iteration Type",
        "Description": "Member Name for Forecast Iteration Type",
        "type": "string",
        "selectionType": "single",
        "clearSearch": true,
        "source": "datasource",
        "key": "MemberName",
        "valueField": "result",
        "textField": "result",
        "overrideFieldBindingType": false,
        "visible": false,
        "isEditable": true,
        "validation": {
          "maxLength": "0",
          "required": true
        }
      }
    ],
    "Range": [],
    "DataSources": [
      {
        "Name": "MemberName",
        "IBPLRules": [
          {
            "template": "select NextLabel(IterationTypeSequence);"
          }
        ],
        "JavascriptRules": [],
        "IncludeDSFieldsOnly": false,
        "FieldBindings": []
      }
    ],
    "AutoExecute": false,
    "isAsync": false,
    "hasMembersUpdates": true,
    "Compact": false,
    "TwoColumn": true,
    "IsGlobalForExcelAddIn": false,
    "enableTransaction": false,
    "ExcludeFromNavLink": false,
    "FilterFieldBindings": []
  },
  "Widget": null,
  "Roles": []
}