{
  "MeasureName": "Netting Sales Domain Aggregate Levels",
  "MeasureId": "f09e10c9-1140-21b7-8980-198bc7f51130",
  "MeasureDescription": "Netting Sales Domain Aggregate Levels",
  "DataType": "number",
  "MeasureType": "Regular",
  "AggregateFunction": "Max",
  "FormatString": "#,##0;(#,##0)",
  "MeasureColumnName": "NettingSalesDomainAggregateLevels",
  "MeasureFormula": "",
  "IsEditable": true,
  "ApplyConversion": false,
  "ConversionFormula": "",
  "PickListName": null,
  "BgColorFormula": "",
  "FgColorFormula": "",
  "TrendFormula": "",
  "FormattingViewModel": null,
  "ParentMeasureName": null,
  "AssociationMeasure": false,
  "IsComputedByPlanningService": false,
  "ToolTip": "Specify Sales Domain Parent as Netting Level, The level needs to be specified as Netting Input",
  "ConfigJson": {},
  "ApiName": null,
  "ApiDisabled": false,
  "IsReportingMeasure": false,
  "MeasureConditionalFormulaProperties": [],
  "PicklistSource": null
}