{
  "Name": "006DrillDownRealignment",
  "Description": "View Realignment Changes",
  "ActionButtonId": "8b3d3078-8282-b649-9889-32329296c899",
  "Tooltip": "View realignment changes",
  "ActionButtonType": "Rule",
  "Alignment": "right",
  "IsPopOver": true,
  "IsGlobal": false,
  "ActionClickHandler": null,
  "Icon": null,
  "Image": null,
  "ConfigJson": {
    "icon": "search",
    "Position": "0",
    "SubmitButton": {
      "Label": "Submit"
    },
    "ResetButton": {
      "Label": "Reset"
    },
    "CloseButton": {
      "Label": "Close",
      "ConfirmMessage": "Unsaved changes will be lost. Continue?"
    },
    "NotifyAll": false,
    "IBPLRules": [],
    "JavascriptRules": [],
    "FieldBindings": [
      {
        "fieldName": "Itemfilter",
        "title": "Itemfilter",
        "type": "picklist",
        "selectionType": "multiple",
        "clearSearch": true,
        "select": "ALL",
        "source": "datasource",
        "key": "Itemfilter",
        "valueField": "Name",
        "textField": "Name",
        "overrideFieldBindingType": false,
        "visible": true,
        "isEditable": true,
        "validation": {
          "maxLength": "0",
          "required": true
        },
        "cascadeFrom": "DataObjectItemlevel"
      },
      {
        "fieldName": "Regionfilter",
        "title": "Regionfilter",
        "type": "picklist",
        "selectionType": "multiple",
        "clearSearch": true,
        "select": "ALL",
        "source": "datasource",
        "key": "Regionfilter",
        "valueField": "Name",
        "textField": "Name",
        "overrideFieldBindingType": false,
        "visible": true,
        "isEditable": true,
        "validation": {
          "maxLength": "0",
          "required": true
        },
        "cascadeFrom": "DataObjectRegionlevel"
      },
      {
        "fieldName": "Accountfilter",
        "title": "Accountfilter",
        "type": "picklist",
        "selectionType": "multiple",
        "clearSearch": true,
        "select": "ALL",
        "source": "datasource",
        "key": "Accountfilter",
        "valueField": "Name",
        "textField": "Name",
        "overrideFieldBindingType": false,
        "visible": true,
        "isEditable": true,
        "validation": {
          "maxLength": "0",
          "required": true
        },
        "cascadeFrom": "DataObjectAccountlevel"
      },
      {
        "fieldName": "Channelfilter",
        "title": "Channelfilter",
        "type": "picklist",
        "selectionType": "multiple",
        "clearSearch": true,
        "select": "ALL",
        "source": "datasource",
        "key": "Channelfilter",
        "valueField": "Name",
        "textField": "Name",
        "overrideFieldBindingType": false,
        "visible": true,
        "isEditable": true,
        "validation": {
          "maxLength": "0",
          "required": true
        },
        "cascadeFrom": "DataObjectChannellevel"
      },
      {
        "fieldName": "Version",
        "title": "Version Name",
        "type": "picklist",
        "selectionType": "single",
        "clearSearch": true,
        "source": "filter",
        "DimensionName": "Version",
        "LevelAttributeName": "Version Name",
        "visible": false,
        "isEditable": true,
        "validation": {
          "maxLength": "0",
          "required": false
        }
      },
      {
        "fieldName": "DataObject",
        "title": "Data Object",
        "type": "picklist",
        "selectionType": "single",
        "clearSearch": true,
        "source": "parentAttribute",
        "DimensionName": "Data Object",
        "key": {
          "LevelAttribute": {
            "Name": "Data Object",
            "Property": "Name"
          }
        },
        "visible": false,
        "isEditable": true,
        "validation": {
          "maxLength": "0",
          "required": true
        }
      },
      {
        "fieldName": "Rule",
        "title": "Rule",
        "type": "picklist",
        "selectionType": "single",
        "clearSearch": true,
        "source": "parentAttribute",
        "DimensionName": "DM Rule",
        "key": {
          "LevelAttribute": {
            "Name": "Rule",
            "Property": "Name"
          }
        },
        "visible": false,
        "isEditable": true,
        "validation": {
          "maxLength": "0",
          "required": true
        }
      },
      {
        "fieldName": "Locationfilter",
        "title": "Locationfilter",
        "type": "picklist",
        "selectionType": "multiple",
        "clearSearch": true,
        "select": "ALL",
        "source": "datasource",
        "key": "Locationfilter",
        "valueField": "Name",
        "textField": "Name",
        "overrideFieldBindingType": false,
        "visible": true,
        "isEditable": true,
        "cascadeFrom": "Version",
        "validation": {
          "maxLength": "0",
          "required": true
        }
      },
      {
        "fieldName": "FromItem",
        "title": "FromItem",
        "type": "picklist",
        "selectionType": "multiple",
        "clearSearch": true,
        "source": "parentMeasure",
        "key": {
          "Measure": {
            "Name": "DP From Item Scope"
          }
        },
        "visible": false,
        "isEditable": true,
        "validation": {
          "maxLength": "0",
          "required": false
        }
      },
      {
        "fieldName": "ToItem",
        "title": "ToItem",
        "type": "picklist",
        "selectionType": "multiple",
        "clearSearch": true,
        "source": "parentMeasure",
        "key": {
          "Measure": {
            "Name": "DP To Item Scope"
          }
        },
        "visible": false,
        "isEditable": true,
        "validation": {
          "maxLength": "0",
          "required": false
        }
      },
      {
        "fieldName": "FromAccount",
        "title": "FromAccount",
        "type": "picklist",
        "selectionType": "multiple",
        "clearSearch": true,
        "source": "parentMeasure",
        "key": {
          "Measure": {
            "Name": "DP From Account Scope"
          }
        },
        "visible": false,
        "isEditable": true,
        "validation": {
          "maxLength": "0",
          "required": false
        }
      },
      {
        "fieldName": "ToAccount",
        "title": "ToAccount",
        "type": "picklist",
        "selectionType": "multiple",
        "clearSearch": true,
        "source": "parentMeasure",
        "key": {
          "Measure": {
            "Name": "DP To Account Scope"
          }
        },
        "visible": false,
        "isEditable": true,
        "validation": {
          "maxLength": "0",
          "required": false
        }
      },
      {
        "fieldName": "FromChannel",
        "title": "FromChannel",
        "type": "picklist",
        "selectionType": "multiple",
        "clearSearch": true,
        "source": "parentMeasure",
        "key": {
          "Measure": {
            "Name": "DP From Channel Scope"
          }
        },
        "visible": false,
        "isEditable": true,
        "validation": {
          "maxLength": "0",
          "required": false
        }
      },
      {
        "fieldName": "ToChannel",
        "title": "ToChannel",
        "type": "picklist",
        "selectionType": "multiple",
        "clearSearch": true,
        "source": "parentMeasure",
        "key": {
          "Measure": {
            "Name": "DP To Channel Scope"
          }
        },
        "visible": false,
        "isEditable": true,
        "validation": {
          "maxLength": "0",
          "required": false
        }
      },
      {
        "fieldName": "FromRegion",
        "title": "FromRegion",
        "type": "picklist",
        "selectionType": "multiple",
        "clearSearch": true,
        "source": "parentMeasure",
        "key": {
          "Measure": {
            "Name": "DP From Region Scope"
          }
        },
        "visible": false,
        "isEditable": true,
        "validation": {
          "maxLength": "0",
          "required": false
        }
      },
      {
        "fieldName": "ToRegion",
        "title": "ToRegion",
        "type": "picklist",
        "selectionType": "multiple",
        "clearSearch": true,
        "source": "parentMeasure",
        "key": {
          "Measure": {
            "Name": "DP To Region Scope"
          }
        },
        "visible": false,
        "isEditable": true,
        "validation": {
          "maxLength": "0",
          "required": false
        }
      },
      {
        "fieldName": "FromLocation",
        "title": "FromLocation",
        "type": "picklist",
        "selectionType": "multiple",
        "clearSearch": true,
        "source": "parentMeasure",
        "key": {
          "Measure": {
            "Name": "DP From Location Scope"
          }
        },
        "visible": false,
        "isEditable": true,
        "validation": {
          "maxLength": "0",
          "required": false
        }
      },
      {
        "fieldName": "ToLocation",
        "title": "ToLocation",
        "type": "picklist",
        "selectionType": "multiple",
        "clearSearch": true,
        "source": "parentMeasure",
        "key": {
          "Measure": {
            "Name": "DP To Location Scope"
          }
        },
        "visible": false,
        "isEditable": true,
        "validation": {
          "maxLength": "0",
          "required": false
        }
      },
      {
        "fieldName": "DataObjectItemlevel",
        "title": "DataObjectItemlevel",
        "type": "picklist",
        "selectionType": "single",
        "clearSearch": true,
        "select": "ALL",
        "source": "datasource",
        "key": "Itemlevel",
        "valueField": "DataObjectItem",
        "textField": "DataObjectItem",
        "overrideFieldBindingType": false,
        "visible": true,
        "isEditable": true,
        "cascadeFrom": "DataObject",
        "validation": {
          "maxLength": "0",
          "required": true
        }
      },
      {
        "fieldName": "DataObjectAccountlevel",
        "title": "DataObjectAccountlevel",
        "type": "picklist",
        "selectionType": "single",
        "clearSearch": true,
        "select": "ALL",
        "source": "datasource",
        "key": "Accountlevel",
        "valueField": "DataObjectAccount",
        "textField": "DataObjectAccount",
        "overrideFieldBindingType": false,
        "visible": true,
        "isEditable": true,
        "cascadeFrom": "DataObject",
        "validation": {
          "maxLength": "0",
          "required": true
        }
      },
      {
        "fieldName": "DataObjectChannellevel",
        "title": "DataObjectChannellevel",
        "type": "picklist",
        "selectionType": "single",
        "clearSearch": true,
        "select": "ALL",
        "source": "datasource",
        "key": "Channellevel",
        "valueField": "DataObjectChannel",
        "textField": "DataObjectChannel",
        "overrideFieldBindingType": false,
        "visible": true,
        "isEditable": true,
        "cascadeFrom": "DataObject",
        "validation": {
          "maxLength": "0",
          "required": true
        }
      },
      {
        "fieldName": "DataObjectRegionlevel",
        "title": "DataObjectRegionlevel",
        "type": "picklist",
        "selectionType": "single",
        "clearSearch": true,
        "select": "ALL",
        "source": "datasource",
        "key": "Regionlevel",
        "valueField": "DataObjectRegion",
        "textField": "DataObjectRegion",
        "overrideFieldBindingType": false,
        "visible": true,
        "isEditable": true,
        "cascadeFrom": "DataObject",
        "validation": {
          "maxLength": "0",
          "required": true
        }
      },
      {
        "fieldName": "PnLfilter",
        "title": "PnLfilter",
        "type": "picklist",
        "selectionType": "multiple",
        "clearSearch": true,
        "select": "ALL",
        "source": "datasource",
        "key": "PnLfilter",
        "valueField": "Name",
        "textField": "Name",
        "overrideFieldBindingType": false,
        "visible": true,
        "isEditable": true,
        "cascadeFrom": "DataObjectPnLlevel",
        "validation": {
          "maxLength": "0",
          "required": true
        }
      },
      {
        "fieldName": "FromPnL",
        "title": "FromPnL",
        "type": "picklist",
        "selectionType": "multiple",
        "clearSearch": true,
        "source": "parentMeasure",
        "key": {
          "Measure": {
            "Name": "DP From PnL Scope"
          }
        },
        "visible": false,
        "isEditable": true,
        "validation": {
          "maxLength": "0",
          "required": false
        }
      },
      {
        "fieldName": "ToPnL",
        "title": "ToPnL",
        "type": "picklist",
        "selectionType": "multiple",
        "clearSearch": true,
        "source": "parentMeasure",
        "key": {
          "Measure": {
            "Name": "DP To PnL Scope"
          }
        },
        "visible": false,
        "isEditable": true,
        "validation": {
          "maxLength": "0",
          "required": false
        }
      },
      {
        "fieldName": "DemandDomainfilter",
        "title": "DemandDomainfilter",
        "type": "picklist",
        "selectionType": "multiple",
        "clearSearch": true,
        "select": "ALL",
        "source": "datasource",
        "key": "DemandDomainfilter",
        "valueField": "Name",
        "textField": "Name",
        "overrideFieldBindingType": false,
        "visible": true,
        "isEditable": true,
        "cascadeFrom": "DataObjectDemandDomainlevel",
        "validation": {
          "maxLength": "0",
          "required": true
        }
      },
      {
        "fieldName": "FromDemandDomain",
        "title": "FromDemandDomain",
        "type": "picklist",
        "selectionType": "multiple",
        "clearSearch": true,
        "source": "parentMeasure",
        "key": {
          "Measure": {
            "Name": "DP From Demand Domain Scope"
          }
        },
        "visible": false,
        "isEditable": true,
        "validation": {
          "maxLength": "0",
          "required": false
        }
      },
      {
        "fieldName": "ToDemandDomain",
        "title": "ToDemandDomain",
        "type": "picklist",
        "selectionType": "multiple",
        "clearSearch": true,
        "source": "parentMeasure",
        "key": {
          "Measure": {
            "Name": "DP To Demand Domain Scope"
          }
        },
        "visible": false,
        "isEditable": true,
        "validation": {
          "maxLength": "0",
          "required": false
        }
      },
      {
        "fieldName": "DataObjectPnLlevel",
        "title": "DataObjectPnLlevel",
        "type": "picklist",
        "selectionType": "single",
        "clearSearch": true,
        "select": "ALL",
        "source": "datasource",
        "key": "PnLlevel",
        "valueField": "DataObjectPnL",
        "textField": "DataObjectPnL",
        "overrideFieldBindingType": false,
        "visible": true,
        "isEditable": true,
        "cascadeFrom": "DataObject",
        "validation": {
          "maxLength": "0",
          "required": true
        }
      },
      {
        "fieldName": "DataObjectDemandDomainlevel",
        "title": "DataObjectDemandDomainlevel",
        "type": "picklist",
        "selectionType": "single",
        "clearSearch": true,
        "select": "ALL",
        "source": "datasource",
        "key": "DemandDomainlevel",
        "valueField": "DataObjectDemandDomain",
        "textField": "DataObjectDemandDomain",
        "overrideFieldBindingType": false,
        "visible": true,
        "isEditable": true,
        "cascadeFrom": "DataObject",
        "validation": {
          "maxLength": "0",
          "required": true
        }
      }
    ],
    "Range": [],
    "DataSources": [
      {
        "Name": "Locationfilter",
        "IBPLRules": [
          {
            "template": "Select {{#if FromLocation}}[Location].[Location].filter(#.Name in {{#ibplList FromLocation}}).Unionwith(Location.[Location]{{#filter ToLocation}}) {{#else}}[Location].[Location]{{/if}};"
          }
        ],
        "JavascriptRules": [],
        "IncludeDSFieldsOnly": false,
        "FieldBindings": [
          {
            "fieldName": "FromLocation",
            "title": "FromLocation",
            "type": "picklist",
            "selectionType": "multiple",
            "clearSearch": true,
            "source": "parentMeasure",
            "key": {
              "Measure": {
                "Name": "DP From Location Scope"
              }
            },
            "visible": true,
            "isEditable": true,
            "validation": {
              "maxLength": "0",
              "required": true
            }
          },
          {
            "fieldName": "ToLocation",
            "title": "ToLocation",
            "type": "picklist",
            "selectionType": "multiple",
            "clearSearch": true,
            "source": "parentMeasure",
            "key": {
              "Measure": {
                "Name": "DP To Location Scope"
              }
            },
            "visible": true,
            "isEditable": true,
            "validation": {
              "maxLength": "0",
              "required": true
            }
          }
        ]
      },
      {
        "Name": "Itemfilter",
        "IBPLRules": [
          {
            "template": "Select {{DataObjectItemlevel}}{{#if FromItem}}.filter(#.Name in {{#ibplList FromItem}}).Unionwith({{DataObjectItemlevel}}{{#filter ToItem}}).relatedmembers([Item]) {{/if}};"
          }
        ],
        "JavascriptRules": [],
        "IncludeDSFieldsOnly": false,
        "FieldBindings": [
          {
            "fieldName": "FromItem",
            "title": "From Item",
            "type": "picklist",
            "selectionType": "multiple",
            "clearSearch": true,
            "source": "parentMeasure",
            "key": {
              "Measure": {
                "Name": "DP From Item Scope"
              }
            },
            "visible": true,
            "isEditable": true,
            "validation": {
              "maxLength": "0",
              "required": false
            }
          },
          {
            "fieldName": "ToItem",
            "title": "To Item",
            "type": "picklist",
            "selectionType": "multiple",
            "clearSearch": true,
            "source": "parentMeasure",
            "key": {
              "Measure": {
                "Name": "DP To Item Scope"
              }
            },
            "visible": true,
            "isEditable": true,
            "validation": {
              "maxLength": "0",
              "required": true
            }
          }
        ]
      },
      {
        "Name": "Accountfilter",
        "IBPLRules": [
          {
            "template": "Select {{DataObjectAccountlevel}}{{#if FromAccount}}.filter(#.Name in {{#ibplList FromAccount}}).Unionwith({{DataObjectAccountlevel}}{{#filter ToAccount}}).relatedmembers([Account]) {{/if}};"
          }
        ],
        "JavascriptRules": [],
        "IncludeDSFieldsOnly": false,
        "FieldBindings": [
          {
            "fieldName": "FromAccount",
            "title": "FromAccount",
            "type": "picklist",
            "selectionType": "multiple",
            "clearSearch": true,
            "source": "parentMeasure",
            "key": {
              "Measure": {
                "Name": "DP From Account Scope"
              }
            },
            "visible": true,
            "isEditable": true,
            "validation": {
              "maxLength": "0",
              "required": true
            }
          },
          {
            "fieldName": "ToAccount",
            "title": "ToAccount",
            "type": "picklist",
            "selectionType": "multiple",
            "clearSearch": true,
            "source": "parentMeasure",
            "key": {
              "Measure": {
                "Name": "DP To Account Scope"
              }
            },
            "visible": true,
            "isEditable": true,
            "validation": {
              "maxLength": "0",
              "required": true
            }
          }
        ]
      },
      {
        "Name": "Channelfilter",
        "IBPLRules": [
          {
            "template": "Select {{DataObjectChannellevel}}{{#if FromChannel}}.filter(#.Name in {{#ibplList FromChannel}}).Unionwith({{DataObjectChannellevel}}{{#filter ToChannel}}).relatedmembers([Channel]) {{/if}};"
          }
        ],
        "JavascriptRules": [],
        "IncludeDSFieldsOnly": false,
        "FieldBindings": [
          {
            "fieldName": "FromChannel",
            "title": "FromChannel",
            "type": "picklist",
            "clearSearch": true,
            "source": "parentMeasure",
            "key": {
              "Measure": {
                "Name": "DP From Channel Scope"
              }
            },
            "visible": true,
            "isEditable": true,
            "validation": {
              "maxLength": "0",
              "required": true
            }
          },
          {
            "fieldName": "ToChannel",
            "title": "ToChannel",
            "type": "picklist",
            "selectionType": "multiple",
            "clearSearch": true,
            "source": "parentMeasure",
            "key": {
              "Measure": {
                "Name": "DP To Channel Scope"
              }
            },
            "visible": true,
            "isEditable": true,
            "validation": {
              "maxLength": "0",
              "required": true
            }
          }
        ]
      },
      {
        "Name": "Regionfilter",
        "IBPLRules": [
          {
            "template": "Select {{DataObjectRegionlevel}}{{#if FromRegion}}.filter(#.Name in {{#ibplList FromRegion}}).Unionwith({{DataObjectRegionlevel}}{{#filter ToRegion}}).relatedmembers([Region]) {{/if}};"
          }
        ],
        "JavascriptRules": [],
        "IncludeDSFieldsOnly": false,
        "FieldBindings": [
          {
            "fieldName": "FromRegion",
            "title": "FromRegion",
            "type": "picklist",
            "selectionType": "multiple",
            "clearSearch": true,
            "source": "parentMeasure",
            "key": {
              "Measure": {
                "Name": "DP From Region Scope"
              }
            },
            "visible": true,
            "isEditable": true,
            "validation": {
              "maxLength": "0",
              "required": true
            }
          },
          {
            "fieldName": "ToRegion",
            "title": "ToRegion",
            "type": "picklist",
            "selectionType": "multiple",
            "clearSearch": true,
            "source": "parentMeasure",
            "key": {
              "Measure": {
                "Name": "DP To Region Scope"
              }
            },
            "visible": true,
            "isEditable": true,
            "validation": {
              "maxLength": "0",
              "required": true
            }
          }
        ]
      },
      {
        "Name": "Itemlevel",
        "IBPLRules": [
          {
            "template": "Select([Version].[Version Name]{{#filter Version}} * [Data Object].[Data Object]{{#filter DataObject}}) on row,\n({Coalesce(Measure.[Data Object Item Level],\"[Item].[Item]\")as transient.DataObjectItem}) on column;"
          }
        ],
        "JavascriptRules": [],
        "IncludeDSFieldsOnly": false,
        "FieldBindings": []
      },
      {
        "Name": "Accountlevel",
        "IBPLRules": [
          {
            "template": "Select([Version].[Version Name]{{#filter Version}} * [Data Object].[Data Object]{{#filter DataObject}}) on row,\n({Coalesce(Measure.[Data Object Account Level],\"[Account].[Account]\")as transient.DataObjectAccount}) on column;"
          }
        ],
        "JavascriptRules": [],
        "IncludeDSFieldsOnly": false,
        "FieldBindings": []
      },
      {
        "Name": "Channellevel",
        "IBPLRules": [
          {
            "template": "Select([Version].[Version Name]{{#filter Version}} * [Data Object].[Data Object]{{#filter DataObject}}) on row,\n({Coalesce(Measure.[Data Object Channel Level],\"[Channel].[Channel]\")as transient.DataObjectChannel}) on column;"
          }
        ],
        "JavascriptRules": [],
        "IncludeDSFieldsOnly": false,
        "FieldBindings": []
      },
      {
        "Name": "Regionlevel",
        "IBPLRules": [
          {
            "template": "Select([Version].[Version Name]{{#filter Version}} * [Data Object].[Data Object]{{#filter DataObject}}) on row,\n({Coalesce(Measure.[Data Object Region Level],\"[Region].[Region]\")as transient.DataObjectRegion}) on column;"
          }
        ],
        "JavascriptRules": [],
        "IncludeDSFieldsOnly": false,
        "FieldBindings": []
      },
      {
        "Name": "PnLfilter",
        "IBPLRules": [
          {
            "template": "Select {{DataObjectPnLlevel}}{{#if FromPnL}}.filter(#.Name in {{#ibplList FromPnL}}).Unionwith({{DataObjectPnLlevel}}{{#filter ToPnL}}).relatedmembers([PnL]) {{/if}};"
          }
        ],
        "JavascriptRules": [],
        "IncludeDSFieldsOnly": false,
        "FieldBindings": []
      },
      {
        "Name": "PnLlevel",
        "IBPLRules": [
          {
            "template": "Select([Version].[Version Name]{{#filter Version}} * [Data Object].[Data Object]{{#filter DataObject}}) on row,\n({Coalesce(Measure.[Data Object PnL Level],\"[PnL].[PnL]\")as transient.DataObjectPnL}) on column;"
          }
        ],
        "JavascriptRules": [],
        "IncludeDSFieldsOnly": false,
        "FieldBindings": []
      },
      {
        "Name": "DemandDomainfilter",
        "IBPLRules": [
          {
            "template": "Select {{DataObjectDemandDomainlevel}}{{#if FromDemandDomain}}.filter(#.Name in {{#ibplList FromDemandDomain}}).Unionwith({{DataObjectDemandDomainlevel}}{{#filter ToDemandDomain}}).relatedmembers([Demand Domain]) {{/if}};"
          }
        ],
        "JavascriptRules": [],
        "IncludeDSFieldsOnly": false,
        "FieldBindings": []
      },
      {
        "Name": "DemandDomainlevel",
        "IBPLRules": [
          {
            "template": "Select([Version].[Version Name]{{#filter Version}} * [Data Object].[Data Object]{{#filter DataObject}}) on row,\n({Coalesce(Measure.[Data Object Demand Domain Level],\"[Demand Domain].[Demand Domain]\")as transient.DataObjectDemandDomain}) on column;"
          }
        ],
        "JavascriptRules": [],
        "IncludeDSFieldsOnly": false,
        "FieldBindings": []
      }
    ],
    "AutoExecute": true,
    "isAsync": false,
    "hasMembersUpdates": false,
    "Compact": false,
    "TwoColumn": false,
    "IsGlobalForExcelAddIn": false,
    "enableTransaction": false,
    "NavigateTo": {
      "TargetWorkspaceName": "Demand Planner",
      "TargetPageName": "Data Realignment",
      "TargetViewName": "Review History"
    },
    "ExcludeFromNavLink": false,
    "FilterFieldBindings": [
      {
        "fieldName": "Locationfilter",
        "source": "existingfield",
        "DimensionName": "Location",
        "LevelAttributeName": "Location"
      },
      {
        "fieldName": "Itemfilter",
        "source": "existingfield",
        "DimensionName": "Item",
        "LevelAttributeName": "Item"
      },
      {
        "fieldName": "Accountfilter",
        "source": "existingfield",
        "DimensionName": "Account",
        "LevelAttributeName": "Account"
      },
      {
        "fieldName": "Channelfilter",
        "source": "existingfield",
        "DimensionName": "Channel",
        "LevelAttributeName": "Channel"
      },
      {
        "fieldName": "Regionfilter",
        "source": "existingfield",
        "DimensionName": "Region",
        "LevelAttributeName": "Region"
      }
    ]
  },
  "Widget": null,
  "Roles": []
}