{
  "EdgePropertyId": "02c3d953-8747-40e6-8317-44e19e51a225",
  "PropertyName": "W Substitute Item Depth Item Location Input",
  "PropertyDescription": "Substitute Item Depth Input",
  "PropertyDataType": "number",
  "PropertyDataSize": 0,
  "PropertyColumnName": "WSubstituteItemDepthItemLocationInput",
  "AggregateFunction": "Max",
  "PropertyFormula": null,
  "IsEditable": false,
  "FormatString": "#,##0",
  "ActivationProperty": false,
  "IsComputedByPlanningService": false,
  "ToolTip": null,
  "ApiName": null,
  "ApiDisabled": false,
  "BgColorFormula": "",
  "FgColorFormula": "",
  "TrendFormula": "",
  "FormattingViewModel": null,
  "ConditionalFormulas": []
}