{
  "Name": "NavigationActionButtonTestEKG",
  "Description": null,
  "ActionButtonId": "bc9772f2-8b10-199c-aa77-288f8c2d9a0c",
  "Tooltip": "NavigationActionButtonTestEKG",
  "ActionButtonType": "Widget",
  "Alignment": "right",
  "IsPopOver": true,
  "IsGlobal": true,
  "ActionClickHandler": null,
  "Icon": null,
  "Image": null,
  "ConfigJson": {
    "DisplayName": "NavigationActionButtonTestEKG",
    "icon": "arrow-circle-o-right",
    "SubmitButton": {
      "Label": "Submit"
    },
    "ResetButton": {
      "Label": "Reset"
    },
    "CloseButton": {
      "Label": "Close",
      "ConfirmMessage": "Unsaved changes will be lost. Continue?"
    },
    "NotifyAll": false,
    "IBPLRules": [],
    "JavascriptRules": [],
    "FieldBindings": [
      {
        "fieldName": "TableName",
        "title": "TableName",
        "type": "picklistDropdown",
        "selectionType": "multiple",
        "clearSearch": true,
        "source": "parentAttribute",
        "DimensionName": "o9EKG Table",
        "key": {
          "LevelAttribute": {
            "Name": "Table Name",
            "Property": "Name"
          }
        },
        "visible": true,
        "isEditable": true,
        "validation": {
          "maxLength": "0",
          "required": true
        }
      }
    ],
    "Range": [],
    "DataSources": [],
    "AutoExecute": true,
    "isAsync": false,
    "hasMembersUpdates": false,
    "Compact": false,
    "TwoColumn": false,
    "IsGlobalForExcelAddIn": false,
    "ReturnFilterByUpdate": false,
    "ExcludeFromNavLink": false,
    "FilterFieldBindings": [
      {
        "fieldName": "TableList",
        "type": "picklist",
        "selectionType": "multiple",
        "select": "ALL",
        "source": "datasource",
        "key": "DataSourceForFilter",
        "valueField": "Name",
        "DimensionName": "o9EKG Table",
        "LevelAttributeName": "Table Name"
      }
    ],
    "NavigateTo": {
      "TargetWorkspaceName": "EKG Configurator Admin",
      "TargetPageName": "Manage Tables",
      "TargetViewName": "Manage Tables"
    },
    "DataSourceForFilter": {
      "Name": "DataSourceForFilter",
      "IBPLRule": {
        "template": "\nSelect ([o9EKG Table].[Table Name]{{#filter TableName}} ) ; "
      },
      "IncludeDSFieldsOnly": false,
      "FieldBindings": []
    }
  },
  "Widget": null,
  "Roles": []
}