{
  "MeasureName": "LP POS MD %",
  "MeasureId": "e50edd16-5e28-4d17-bd72-b9d9c373742f",
  "MeasureDescription": "LP POS Markdown Percentage",
  "DataType": "number",
  "MeasureType": "Regular",
  "AggregateFunction": "Computed",
  "FormatString": "0.00%",
  "MeasureColumnName": "LPPOSMD%",
  "MeasureFormula": "Safedivide(Measure.[LP POS MD Rtl], Measure.[LP Ttl Sls Rtl])",
  "IsEditable": true,
  "ApplyConversion": false,
  "ConversionFormula": "",
  "PickListName": null,
  "BgColorFormula": "",
  "FgColorFormula": "",
  "TrendFormula": "",
  "FormattingViewModel": null,
  "ParentMeasureName": null,
  "AssociationMeasure": false,
  "IsComputedByPlanningService": false,
  "ToolTip": "Safedivide(LP POS MD Rtl, LP Ttl Sls Rtl)",
  "ConfigJson": {},
  "ApiName": null,
  "ApiDisabled": false,
  "IsReportingMeasure": false,
  "MeasureConditionalFormulaProperties": [],
  "PicklistSource": null
}