{
  "MeasureName": "TD Ttl MD %",
  "MeasureId": "b0b3e21e-646d-d88f-68e5-07b373077659",
  "MeasureDescription": "Top Down Total Mark Down %",
  "DataType": "number",
  "MeasureType": "Regular",
  "AggregateFunction": "Computed",
  "FormatString": "0.00%",
  "MeasureColumnName": "TDTtlMD%",
  "MeasureFormula": "Safedivide(Measure.[TD Ttl MD Rtl],Measure.[TD Ttl Sls Rtl])",
  "IsEditable": true,
  "ApplyConversion": false,
  "ConversionFormula": "",
  "PickListName": null,
  "BgColorFormula": "",
  "FgColorFormula": "",
  "TrendFormula": "",
  "FormattingViewModel": "[]",
  "ParentMeasureName": null,
  "AssociationMeasure": false,
  "IsComputedByPlanningService": false,
  "ToolTip": "TD Total Mark Down Rtl/TD Total Sales Rtl",
  "ConfigJson": {},
  "ApiName": null,
  "ApiDisabled": false,
  "IsReportingMeasure": false,
  "MeasureConditionalFormulaProperties": [],
  "PicklistSource": null
}