{
  "MeasureName": "LP Ttl MD %",
  "MeasureId": "c0ccbabc-420f-4c81-85c1-0821c240cadc",
  "MeasureDescription": "LP Total Markdown Percentage",
  "DataType": "number",
  "MeasureType": "Regular",
  "AggregateFunction": "Computed",
  "FormatString": "0.00%",
  "MeasureColumnName": "LPTtlMD%",
  "MeasureFormula": "Safedivide(Measure.[LP Ttl MD Rtl], Measure.[LP Ttl Sls Rtl])",
  "IsEditable": true,
  "ApplyConversion": false,
  "ConversionFormula": "",
  "PickListName": null,
  "BgColorFormula": "",
  "FgColorFormula": "",
  "TrendFormula": "",
  "FormattingViewModel": null,
  "ParentMeasureName": null,
  "AssociationMeasure": false,
  "IsComputedByPlanningService": false,
  "ToolTip": "Safedivide( LP Ttl MD Rtl, LP Ttl Sls Rtl)",
  "ConfigJson": {},
  "ApiName": null,
  "ApiDisabled": false,
  "IsReportingMeasure": false,
  "MeasureConditionalFormulaProperties": [],
  "PicklistSource": null
}