{
  "Name": "o9EKGImportFiles",
  "Description": "Import  Files",
  "ActionButtonId": "7dd63bfb-6ae3-379b-c3f7-ff97e1ca937a",
  "Tooltip": "Import Files",
  "ActionButtonType": "Widget",
  "Alignment": "right",
  "IsPopOver": true,
  "IsGlobal": true,
  "ActionClickHandler": null,
  "Icon": null,
  "Image": null,
  "ConfigJson": {
    "DisplayName": "Import  Files",
    "icon": "cloud-upload",
    "SubmitButton": {
      "Label": "Submit",
      "ProgressMessage": "Please look for the notification of data import. The time will vary depending on the data size.  Hierarchies, if exported, will be in the data lake folder ‘<Project>/SampleDataAnalysis’"
    },
    "ResetButton": {
      "Label": "Reset"
    },
    "CloseButton": {
      "Label": "Close",
      "ConfirmMessage": "Unsaved changes will be lost. Continue?"
    },
    "NotifyRoles": true,
    "NotifyAll": false,
    "IBPLRules": [
      {
        "template": "createmember([o9EKG Table].[Table Type] = {, \"Sample Data\"});"
      },
      {
        "template": "EXEC plugin instance [o9EKGImportSampleFiles] for measures {[o9EKG Table Short Description]} using scope([Version].[Version Name].[{{Version}}] * [o9EKG Customer].[Project Name].[{{Project}}]) using arguments {(DriverMemory, \"4G\")};"
      },
      {
        "template": "EXEC plugin instance [o9EKGSampleDataLoad] for measures {[o9EKG Admin API Key]} using scope([Version].[Version Name].[{{Version}}] * [o9EKG Customer].[Project Name].[{{Project}}]) using arguments {(DriverMemory, \"4G\")};"
      },
      {
        "template": "{{#if RemoveINTables}}\nscope: ([Version].[Version Name].[{{Version}}] * [o9EKG Customer].[Project Name].[{{Project}}] * [o9EKG Table].[Table Name].filter(#. Name startswith[IN_]));\nMeasure.[o9EKG Table Included] = -1;\nend scope;\nscope: ([Version].[Version Name].[{{Version}}] * [o9EKG Customer].[Project Name].[{{Project}}] * [o9EKG Table].[Table Name].filter(#. Name startswith[IN_]).relatedmembers([Field ID]));\nMeasure.[o9EKG Field Included] = -1;\nend scope;\nblock scope: ([Version].[Version Name].[{{Version}}] * [o9EKG Customer].[Project Name].[{{Project}}] * [o9EKG Table].[Table Type].[o9 Data Model].[Field ID] * [Sequence].[Sequence]);\nMeasure.[o9EKG Auto Generate Group By] = null;\nMeasure.[o9EKG Backward Flow Key Field] = null;\nMeasure.[o9EKG Distinct Select] = null;\nMeasure.[o9EKG Field Mapping Confidence] = null;\nMeasure.[o9EKG Field Mapping Placeholder 1] = null;\nMeasure.[o9EKG Field Mapping Placeholder 2] = null;\nMeasure.[o9EKG Field Mapping Placeholder 3] = null;\nMeasure.[o9EKG Field Mapping Placeholder 4] = null;\nMeasure.[o9EKG Field Mapping Placeholder 5] = null;\nMeasure.[o9EKG Forward Flow Key Field] = null;\nMeasure.[o9EKG Group By Text] = null;\nMeasure.[o9EKG SQL Join Anchor Table] = \"\";\nMeasure.[o9EKG Source Field Mapping] = \"\";\nMeasure.[o9EKG Source Field Where Clause Filter] = null;\nend scope;\n{{#else}}\nscope: ([Version].[Version Name].[{{Version}}] * [o9EKG Customer].[Project Name].[{{Project}}] * [o9EKG Table].[Table Name].filter(#. Name startswith[IN_]));\nMeasure.[o9EKG Table Included] = 1;\nend scope;\nscope: ([Version].[Version Name].[{{Version}}] * [o9EKG Customer].[Project Name].[{{Project}}] * [o9EKG Table].[Table Name].filter(#. Name startswith[IN_]).relatedmembers([Field ID]));\nMeasure.[o9EKG Field Included] = 1;\nend scope;\n{{/if}}"
      }
    ],
    "JavascriptRules": [],
    "FieldBindings": [
      {
        "fieldName": "Project",
        "title": "Project",
        "Description": "Project",
        "type": "picklistDropdown",
        "selectionType": "single",
        "clearSearch": true,
        "source": "filter",
        "DimensionName": "o9EKG Customer",
        "LevelAttributeName": "Project Name",
        "visible": false,
        "isEditable": false,
        "validation": {
          "maxLength": "0",
          "required": true
        }
      },
      {
        "fieldName": "RemoveINTables",
        "title": "Remove ‘In_’ tables and their mappings",
        "Description": "Unselect this option if you will bring in data through both ‘Sample’ and ‘In’ files.",
        "type": "boolean",
        "clearSearch": true,
        "source": "literal",
        "defaultValue": true,
        "visible": true,
        "isEditable": true,
        "validation": {
          "maxLength": "0",
          "required": true
        }
      },
      {
        "fieldName": "Version",
        "title": "Version",
        "Description": "Version",
        "type": "picklist",
        "selectionType": "single",
        "clearSearch": true,
        "source": "filter",
        "DimensionName": "Version",
        "LevelAttributeName": "Version Name",
        "visible": false,
        "isEditable": false,
        "validation": {
          "maxLength": "0",
          "required": true
        }
      }
    ],
    "Range": [],
    "DataSources": [],
    "AutoExecute": false,
    "isAsync": true,
    "hasMembersUpdates": false,
    "Compact": true,
    "TwoColumn": false,
    "IsGlobalForExcelAddIn": false,
    "ReturnFilterByUpdate": false,
    "ExcludeFromNavLink": false,
    "FilterFieldBindings": [],
    "enableTransaction": false
  },
  "Widget": null,
  "Roles": []
}