{
  "Name": "SupplyPlan102BODLaneNetworkParameterMerge",
  "Description": null,
  "ActionButtonId": "55ee2f6f-f7f3-41da-8725-d1a7d5d457ec",
  "Tooltip": "BODLane Merge Network Parameters",
  "ActionButtonType": "Rule",
  "Alignment": "right",
  "IsPopOver": true,
  "IsGlobal": false,
  "ActionClickHandler": null,
  "Icon": null,
  "Image": null,
  "ConfigJson": {
    "icon": "upload",
    "Position": "0",
    "SubmitButton": {
      "Label": "Submit"
    },
    "ResetButton": {
      "Label": "Reset"
    },
    "CloseButton": {
      "Label": "Close",
      "ConfirmMessage": "Unsaved changes will be lost. Continue?"
    },
    "NotifyAll": false,
    "IBPLRules": [
      {
        "template": "/* Copies over the BODLane Item level measures, if selected */\n\n{{#if DISTMeasure}}\n\n{{#each DISTMeasure}}\n\n\nscope: (Version.[Version Name].[{{Target}}] * Activity1.Activity1{{#filter BODLane2}} * Activity2.Activity2{{#filter Activity2}} * Item.Item{{#filter Item}} );\n\nMeasure.[{{this}}] = Measure.[{{this}}]@(Version.[Version Name].[{{Source}}]);\n\nend scope;\n\n{{/each}}\n\n{{/if}}\n\n\n"
      }
    ],
    "JavascriptRules": [],
    "FieldBindings": [
      {
        "fieldName": "Source",
        "title": "Source Scenario",
        "Description": "Source Scenario",
        "type": "picklistDropdown",
        "selectionType": "single",
        "clearSearch": true,
        "select": "NONE",
        "source": "members",
        "DimensionName": "Version",
        "LevelAttributeName": "Version Name",
        "FilterExpression": "&Scenarios",
        "visible": true,
        "isEditable": true,
        "validation": {
          "maxLength": "0",
          "required": true
        }
      },
      {
        "fieldName": "Target",
        "title": "Target Scenario",
        "Description": "Target Scenario",
        "type": "picklistDropdown",
        "selectionType": "single",
        "clearSearch": true,
        "select": "ALL",
        "source": "members",
        "DimensionName": "Version",
        "LevelAttributeName": "Version Name",
        "FilterExpression": "&CWV",
        "visible": true,
        "isEditable": false,
        "validation": {
          "maxLength": "0",
          "required": true
        }
      },
      {
        "fieldName": "Item",
        "title": "Item",
        "type": "picklistDropdown",
        "fieldGroup": "BODLane Item Parameters",
        "selectionType": "multiple",
        "clearSearch": true,
        "select": "NONE",
        "source": "members",
        "DimensionName": "Item",
        "LevelAttributeName": "Item",
        "visible": true,
        "isEditable": true,
        "validation": {
          "maxLength": "0",
          "required": false
        }
      },
      {
        "fieldName": "BODLane2",
        "title": "BODLane",
        "type": "picklistDropdown",
        "fieldGroup": "BODLane Item Parameters",
        "selectionType": "multiple",
        "clearSearch": true,
        "select": "NONE",
        "source": "datasource",
        "key": "dsBODLane2",
        "valueField": "Activity1",
        "textField": "Activity1",
        "visible": true,
        "isEditable": true,
        "cascadeFrom": "Item2",
        "validation": {
          "maxLength": "0",
          "required": false
        }
      },
      {
        "fieldName": "Activity2",
        "title": "Activity2",
        "type": "picklistDropdown",
        "fieldGroup": "BODLane Item Parameters",
        "selectionType": "multiple",
        "clearSearch": true,
        "select": "NONE",
        "source": "members",
        "DimensionName": "Activity2",
        "LevelAttributeName": "Activity2",
        "FilterExpression": "&AllTransmodes",
        "visible": true,
        "isEditable": true,
        "validation": {
          "maxLength": "0",
          "required": false
        }
      },
      {
        "fieldName": "DISTMeasure",
        "title": "Parameters",
        "type": "picklistDropdown",
        "fieldGroup": "BODLane Item Parameters",
        "selectionType": "multiple",
        "clearSearch": true,
        "select": "NONE",
        "source": "picklist",
        "key": "CommonNetworkDISTMeasure",
        "visible": true,
        "isEditable": true,
        "validation": {
          "maxLength": "0",
          "required": false
        }
      }
    ],
    "DataSources": [
      {
        "Name": "dsBODLane2",
        "IBPLRules": [
          {
            "template": "Select (&AllBODLanes * [Item].[Item]{{#filter Item2}} * [Version].[Version Name].[{{Source}}] * &AllTransmodes) on row, ({Measure.[Item BODLane TransMode Association Final]}) on column where {Measure.[Item BODLane TransMode Association Final] >= 0};"
          }
        ],
        "JavascriptRules": [],
        "FieldBindings": [],
        "IncludeDSFieldsOnly": false
      }
    ],
    "AutoExecute": false,
    "isAsync": false,
    "hasMembersUpdates": false,
    "Compact": true,
    "TwoColumn": true,
    "IsGlobalForExcelAddIn": false,
    "ExcludeFromNavLink": false,
    "FilterFieldBindings": []
  },
  "Widget": null
}