{
  "ModuleId": "4c075c57-6f44-464e-a1ec-c23fe53c4d44",
  "ModuleName": "o9 Data Integration",
  "Description": "o9 Data Integration",
  "URL": "https://dev.azure.com/o9git/ec07b4e6-de11-4c3d-988e-d2ed5a5a28e9/_apis/git/repositories/4c075c57-6f44-464e-a1ec-c23fe53c4d44",
  "ParentModule": null,
  "Dependencies": [],
  "Type": "Regular",
  "Category": null,
  "Project": {
    "Id": "ec07b4e6-de11-4c3d-988e-d2ed5a5a28e9",
    "Name": "RefDev",
    "Url": "https://dev.azure.com/o9git/_apis/projects/ec07b4e6-de11-4c3d-988e-d2ed5a5a28e9"
  },
  "VersionType": "branch",
  "Version": "main",
  "IsReadOnlyModule": false,
  "CreatorEmail": null,
  "CreationTime": "0001-01-01T00:00:00",
  "IsMergedModule": false,
  "MergedModuleParentModule": null,
  "IsSolutionBlock": false,
  "NameSpace": null
}