{
  "Name": "430MFGExcessSupplyforSoftTransition",
  "Description": "To calculate excess supply for soft transition (Required only after soft transition run)",
  "ActionButtonId": "3be9b9b1-5c4c-e83f-e81b-d4c55e16a537",
  "Tooltip": "Calculates Excess Inventory for Phasing Out Item",
  "ActionButtonType": "Widget",
  "Alignment": "right",
  "IsPopOver": true,
  "IsGlobal": true,
  "ActionClickHandler": null,
  "Icon": null,
  "Image": null,
  "ConfigJson": {
    "DisplayName": "Excess Supply for Soft Transition",
    "icon": "truck",
    "SubmitButton": {
      "Label": "Submit"
    },
    "ResetButton": {
      "Label": "Reset"
    },
    "CloseButton": {
      "Label": "Close",
      "ConfirmMessage": "Unsaved changes will be lost. Continue?"
    },
    "NotifyAll": false,
    "IBPLRules": [
      {
        "template": "cartesian scope:([Version].[Version Name]{{#filter Version}} * [Documents].[OrderlineID].[000SCS_LOT] * Activity1.Activity1.[Product-Substitution-from-{{BaseItem}}-to-{{SubstituteItem}}-at-{{Location}}] * [Item].[Item]{{#filter BaseItem}} * &PlanningHorizon* [Location].[Location]{{#filter Location}} * [Activity2].[Activity2].[Substitution Route] * [Activity3].[Activity3]{{#filter SubstituteItem}});\nmeasure.[W WIP Material Consumption Quantity]=if(Time.#.Key == DateAdd(todatetime(\"{{TransitionDate}}\"),1,[Week])) then {{ExcessSupply}} else measure.[W WIP Material Consumption Quantity];\nend scope;\n\ncartesian scope:([Version].[Version Name]{{#filter Version}} * [Documents].[OrderlineID].[000SCS_LOT] * Activity1.Activity1.[Product-Substitution-from-{{BaseItem}}-to-{{SubstituteItem}}-at-{{Location}}] * [Item].[Item]{{#filter SubstituteItem}} * &PlanningHorizon* [Location].[Location]{{#filter Location}} * [Activity2].[Activity2].[Substitution Route] * [Activity3].[Activity3]{{#filter SubstituteItem}});\nmeasure.[W WIP Material Production Quantity]=if(Time.#.Key == DateAdd(todatetime(\"{{TransitionDate}}\"),1,[Week])) then {{ExcessSupply}} else measure.[W WIP Material Production Quantity];\nend scope;\n\ncartesian scope:([Version].[Version Name]{{#filter Version}} * [Documents].[OrderlineID].[000SCS_LOT] * Activity1.Activity1.[Product-Substitution-from-{{BaseItem}}-to-{{SubstituteItem}}-at-{{Location}}] * [Item].[Item]{{#filter BaseItem}} * &DailyPlanningHorizon* [Location].[Location]{{#filter Location}} * [Activity2].[Activity2].[Substitution Route] * [Activity3].[Activity3]{{#filter SubstituteItem}});\nmeasure.[D WIP Material Consumption Quantity]=if(Time.#.Key == DateAdd(todatetime(\"{{TransitionDate}}\"),1,[Week])) then {{ExcessSupply}} else measure.[D WIP Material Consumption Quantity];\nend scope;\n\ncartesian scope:([Version].[Version Name]{{#filter Version}} * [Documents].[OrderlineID].[000SCS_LOT] * Activity1.Activity1.[Product-Substitution-from-{{BaseItem}}-to-{{SubstituteItem}}-at-{{Location}}] * [Item].[Item]{{#filter SubstituteItem}} * &DailyPlanningHorizon* [Location].[Location]{{#filter Location}} * [Activity2].[Activity2].[Substitution Route] * [Activity3].[Activity3]{{#filter SubstituteItem}});\nmeasure.[D WIP Material Production Quantity]=if(Time.#.Key == DateAdd(todatetime(\"{{TransitionDate}}\"),1,[Week])) then {{ExcessSupply}} else measure.[D WIP Material Production Quantity];\nend scope;\n"
      }
    ],
    "JavascriptRules": [],
    "FieldBindings": [
      {
        "fieldName": "Version",
        "title": "Version",
        "Description": "Version",
        "type": "picklistDropdown",
        "selectionType": "single",
        "clearSearch": true,
        "source": "parentAttribute",
        "DimensionName": "Version",
        "key": {
          "LevelAttribute": {
            "Name": "Version Name",
            "Property": "Name"
          }
        },
        "visible": true,
        "isEditable": true,
        "validation": {
          "maxLength": "0",
          "required": true
        }
      },
      {
        "fieldName": "BaseItem",
        "title": "Base Item",
        "Description": "Base Item",
        "type": "picklistDropdown",
        "selectionType": "single",
        "clearSearch": true,
        "source": "parentAttribute",
        "DimensionName": "Item",
        "key": {
          "LevelAttribute": {
            "Name": "Item",
            "Property": "Name"
          },
          "RelationshipType": "010.001 Common Network Substitute Item Location Input Graph",
          "EdgeDirection": "FROM"
        },
        "visible": false,
        "isEditable": false,
        "validation": {
          "maxLength": "0",
          "required": true
        }
      },
      {
        "fieldName": "SubstituteItem",
        "title": "Substitute Item",
        "Description": "Substitute Item",
        "type": "picklistDropdown",
        "selectionType": "single",
        "clearSearch": true,
        "source": "parentAttribute",
        "DimensionName": "Item",
        "key": {
          "LevelAttribute": {
            "Name": "Item",
            "Property": "Name"
          },
          "RelationshipType": "010.001 Common Network Substitute Item Location Input Graph",
          "EdgeDirection": "TO"
        },
        "visible": false,
        "isEditable": false,
        "validation": {
          "maxLength": "0",
          "required": true
        }
      },
      {
        "fieldName": "Location",
        "title": "Location",
        "Description": "Location",
        "type": "picklistDropdown",
        "selectionType": "single",
        "clearSearch": true,
        "source": "parentAttribute",
        "DimensionName": "Location",
        "key": {
          "LevelAttribute": {
            "Name": "Location",
            "Property": "Name"
          },
          "RelationshipType": "010.001 Common Network Substitute Item Location Input Graph",
          "EdgeDirection": "FROM"
        },
        "visible": false,
        "isEditable": false,
        "validation": {
          "maxLength": "0",
          "required": true
        }
      },
      {
        "fieldName": "TransitionDate",
        "title": "Transition Date",
        "Description": "Transition Date",
        "type": "picklistDropdown",
        "selectionType": "single",
        "clearSearch": true,
        "source": "parentEdgeProperty",
        "key": {
          "EdgeProperty": {
            "RelationshipType": "010.001 Common Network Substitute Item Location Input Graph",
            "PropertyName": "Transition Date Item Location Input"
          }
        },
        "visible": false,
        "isEditable": false,
        "validation": {
          "maxLength": "0",
          "required": true
        }
      },
      {
        "fieldName": "ExcessSupply",
        "title": "ExcessSupply",
        "Description": "Excess Supply",
        "type": "picklistDropdown",
        "selectionType": "single",
        "clearSearch": true,
        "source": "datasource",
        "key": "ExcessDS",
        "valueField": "W Excess Supply",
        "textField": "W Excess Supply",
        "overrideFieldBindingType": false,
        "visible": false,
        "isEditable": false,
        "cascadeFrom": "Location",
        "validation": {
          "maxLength": "0",
          "required": true
        }
      }
    ],
    "Range": [],
    "DataSources": [
      {
        "Name": "ExcessDS",
        "IBPLRules": [
          {
            "template": "Select ([Version].[Version Name]{{#filter Version}} * [Item].[Item]{{#filter BaseItem}} * [Location].[Location]{{#filter Location}}* {measure.[W Excess Supply]});"
          }
        ],
        "JavascriptRules": [],
        "IncludeDSFieldsOnly": false,
        "FieldBindings": []
      }
    ],
    "AutoExecute": false,
    "isAsync": true,
    "hasMembersUpdates": false,
    "Compact": false,
    "TwoColumn": false,
    "IsGlobalForExcelAddIn": false,
    "ReturnFilterByUpdate": false,
    "ExcludeFromNavLink": false,
    "FilterFieldBindings": []
  },
  "Widget": null,
  "Roles": []
}