{
  "Name": "BUPromotetoWiP",
  "Description": "Publish from Working Plan to What if Scenario Plan",
  "ActionButtonId": "0227eec0-30ec-f068-5c2d-534fbabeed35",
  "Tooltip": "Publish from Working Plan to What if Scenario Plan",
  "ActionButtonType": "Rule",
  "Alignment": "right",
  "IsPopOver": true,
  "IsGlobal": false,
  "ActionClickHandler": null,
  "Icon": null,
  "Image": null,
  "ConfigJson": {
    "DisplayName": "Publish to SCN",
    "icon": "angle-double-right",
    "Position": "0",
    "SubmitButton": {
      "Label": "Submit",
      "SuccessMessage": "Published Working Plan to Scenario Plan",
      "ErrorMessage": "Error! Could not publish to Scenario Plan",
      "ConfirmMessage": "Are you sure you want to go ahead with the changes?"
    },
    "ResetButton": {
      "Label": "Reset"
    },
    "CloseButton": {
      "Label": "Close",
      "ConfirmMessage": "Unsaved changes will be lost. Continue?"
    },
    "NotifyAll": false,
    "IBPLRules": [
      {
        "template": "UpdateScenario([Version].[Version Name]{{#filter VersionName}}, [Version].[Version Name].[CurrentWorkingView], false, for model [021 Bottom Up Plan] using scope ([Selling Season].[Selling Season]{{#filter SelectSellingSeason}}*Version.[Version Name].[CurrentWorkingView]*Item.[L3]{{#filter SelectClass}}*[Sales Domain].[Sales Planning Channel]{{#filter SelectSalesPlanningChannel}}*[Location].[Location Country]{{#filter SelectLocation}}*Time.[Week]{{#filter SelectWeek}}));"
      },
      {
        "template": "UpdateScenario([Version].[Version Name]{{#filter VersionName}}, [Version].[Version Name].[CurrentWorkingView], false, for model [025 Bottom Up Plan RMA] using scope ([Selling Season].[Selling Season]{{#filter SelectSellingSeason}}*Version.[Version Name].[CurrentWorkingView]*Item.[L3]{{#filter SelectClass}}*[Sales Domain].[Sales Planning Channel]{{#filter SelectSalesPlanningChannel}}*[Location].[Location Country]{{#filter SelectLocation}}*Time.[Week]{{#filter SelectWeek}}));"
      }
    ],
    "JavascriptRules": [],
    "FieldBindings": [
      {
        "fieldName": "SourceVersion",
        "title": "Source Version",
        "Description": "Source Version",
        "type": "string",
        "selectionType": "single",
        "clearSearch": true,
        "select": "ALL",
        "source": "members",
        "DimensionName": "Version",
        "LevelAttributeName": "Version Name",
        "visible": true,
        "isEditable": false,
        "validation": {
          "maxLength": "0",
          "required": true
        },
        "FilterExpression": "&SCN.filter(#.Name contains \"Current\")"
      },
      {
        "fieldName": "VersionName",
        "title": "Target Scenario",
        "Description": "Target Scenario",
        "type": "picklist",
        "selectionType": "single",
        "clearSearch": true,
        "source": "members",
        "DimensionName": "Version",
        "LevelAttributeName": "Version Name",
        "visible": true,
        "isEditable": true,
        "validation": {
          "maxLength": "0",
          "required": true
        },
        "FilterExpression": "&DynamicScenarios.filter(#.Key < 0)"
      },
      {
        "fieldName": "SelectClass",
        "title": "Class",
        "Description": "Class",
        "type": "picklistDropdown",
        "selectionType": "multiple",
        "clearSearch": true,
        "source": "filter",
        "DimensionName": "Item",
        "LevelAttributeName": "L3",
        "visible": true,
        "isEditable": true,
        "validation": {
          "maxLength": "0",
          "required": true
        }
      },
      {
        "fieldName": "SelectSalesPlanningChannel",
        "title": "Sales Planning Channel",
        "Description": "Select Sales Planning Channel",
        "type": "picklist",
        "selectionType": "multiple",
        "clearSearch": true,
        "source": "filter",
        "DimensionName": "Sales Domain",
        "LevelAttributeName": "Sales Planning Channel",
        "visible": true,
        "isEditable": true,
        "validation": {
          "maxLength": "0",
          "required": true
        }
      },
      {
        "fieldName": "SelectSellingSeason",
        "title": "Selling Season",
        "Description": "Select Selling Season",
        "type": "picklist",
        "selectionType": "multiple",
        "clearSearch": true,
        "source": "filter",
        "DimensionName": "Selling Season",
        "LevelAttributeName": "Selling Season",
        "visible": true,
        "isEditable": true,
        "validation": {
          "maxLength": "0",
          "required": true
        }
      },
      {
        "fieldName": "SelectLocation",
        "title": "Location",
        "Description": "Select Location",
        "type": "picklist",
        "selectionType": "multiple",
        "clearSearch": true,
        "source": "filter",
        "DimensionName": "Location",
        "LevelAttributeName": "Location Country",
        "visible": true,
        "isEditable": true,
        "validation": {
          "maxLength": "0",
          "required": true
        }
      },
      {
        "fieldName": "Quarter",
        "title": "Quarter",
        "Description": "Quarter",
        "type": "picklistDropdown",
        "selectionType": "multiple",
        "clearSearch": true,
        "select": "ALL",
        "source": "members",
        "DimensionName": "Time",
        "LevelAttributeName": "Planning Quarter",
        "visible": true,
        "isEditable": true,
        "validation": {
          "maxLength": "0",
          "required": true
        },
        "filterBinding": "CurrentView"
      },
      {
        "fieldName": "Month",
        "title": "Month",
        "Description": "Month",
        "type": "picklist",
        "selectionType": "multiple",
        "clearSearch": true,
        "select": "ALL",
        "source": "datasource",
        "key": "MonthDS",
        "valueField": "Name",
        "textField": "DisplayName",
        "overrideFieldBindingType": false,
        "visible": true,
        "isEditable": true,
        "cascadeFrom": "Quarter",
        "validation": {
          "maxLength": "0",
          "required": true
        }
      },
      {
        "fieldName": "SelectWeek",
        "title": "Week",
        "Description": "Week",
        "type": "picklist",
        "selectionType": "multiple",
        "clearSearch": true,
        "select": "ALL",
        "source": "datasource",
        "key": "WeekDS",
        "valueField": "Name",
        "textField": "DisplayName",
        "overrideFieldBindingType": false,
        "visible": true,
        "isEditable": true,
        "cascadeFrom": "Month",
        "validation": {
          "maxLength": "0",
          "required": true
        }
      }
    ],
    "Range": [],
    "DataSources": [
      {
        "Name": "MonthDS",
        "IBPLRules": [
          {
            "template": "select Time.[Planning Quarter]{{#filter Quarter}}.relatedmembers([Planning Month]);"
          }
        ],
        "JavascriptRules": [],
        "IncludeDSFieldsOnly": false,
        "FieldBindings": []
      },
      {
        "Name": "WeekDS",
        "IBPLRules": [
          {
            "template": "select Time.[Planning Month]{{#filter Month}}.relatedmembers([Week]);"
          }
        ],
        "JavascriptRules": [],
        "IncludeDSFieldsOnly": false,
        "FieldBindings": []
      }
    ],
    "AutoExecute": false,
    "isAsync": true,
    "hasMembersUpdates": false,
    "Compact": false,
    "TwoColumn": false,
    "IsGlobalForExcelAddIn": false,
    "enableTransaction": false,
    "ExcludeFromNavLink": false,
    "FilterFieldBindings": []
  },
  "Widget": null,
  "Roles": []
}