{
  "MeasureName": "D Buff2 Forecast Quantity",
  "MeasureId": "8a0dcf00-a984-4799-87a2-f40e9ea77e61",
  "MeasureDescription": "Buffer 2 Forecast Qty",
  "DataType": "number",
  "MeasureType": "Regular",
  "AggregateFunction": "Sum",
  "FormatString": "#,##0",
  "MeasureColumnName": "DBuff2ForecastQuantity",
  "MeasureFormula": "",
  "IsEditable": false,
  "ApplyConversion": true,
  "ConversionFormula": "Supply Planning Final Conversion Rate",
  "PickListName": null,
  "BgColorFormula": "",
  "FgColorFormula": "",
  "TrendFormula": "",
  "FormattingViewModel": null,
  "ParentMeasureName": null,
  "AssociationMeasure": false,
  "IsComputedByPlanningService": false,
  "ToolTip": "Buffer 2 Forecast Qty",
  "ConfigJson": {},
  "ApiName": null,
  "ApiDisabled": false,
  "IsReportingMeasure": false,
  "MeasureConditionalFormulaProperties": [],
  "PicklistSource": null
}