{
  "/ActionButtons/DefinePeriods/ActionButton.json": {
    "commitId": "467162f26829ff63f0ee7354432ad3612bae2b1e",
    "committer": {
      "name": "sa.o9git-RefDev.rw",
      "email": "sa.o9git-RefDev.rw@platform.o9solutions.com",
      "date": "2024-09-02T08:32:51Z"
    }
  },
  "/ActionButtons/DefinePeriodsHW/ActionButton.json": {
    "commitId": "53844f29a381c521b1bc446933a4088f51c04304",
    "committer": {
      "name": "sa.o9git-RefDev.rw",
      "email": "sa.o9git-RefDev.rw@platform.o9solutions.com",
      "date": "2024-09-02T08:32:57Z"
    }
  },
  "/ActionButtons/DefinePeriodsJS/ActionButton.json": {
    "commitId": "68bbeb2ccca0f35d5b411c5cc06c78394c0b2a33",
    "committer": {
      "name": "sa.o9git-RefDev.rw",
      "email": "sa.o9git-RefDev.rw@platform.o9solutions.com",
      "date": "2024-09-02T08:34:21Z"
    }
  }
}