{
  "ModuleId": "ad45cd90-f934-4050-9deb-db09941fd4be",
  "ModuleName": "o9 Retail Foundation - Replen",
  "Description": null,
  "URL": "https://dev.azure.com/o9git/4d9f5a7e-6f55-4525-b6cd-f95ca971fef7/_apis/git/repositories/ad45cd90-f934-4050-9deb-db09941fd4be",
  "ParentModule": null,
  "Dependencies": [],
  "Type": "Regular",
  "Category": null,
  "Project": {
    "Id": "4d9f5a7e-6f55-4525-b6cd-f95ca971fef7",
    "Name": "BMC-5",
    "Url": null
  },
  "VersionType": "branch",
  "Version": "main",
  "IsReadOnlyModule": true,
  "IsPromoteDisabled": true,
  "SelectedBranch": null,
  "CreatorEmail": "mayank.dhawariya@o9solutions.com",
  "CreationTime": "2025-06-30T06:28:20.9755813+00:00",
  "IsMergedModule": true,
  "MergedModuleParentModule": {
    "ProjectId": "4d9f5a7e-6f55-4525-b6cd-f95ca971fef7",
    "ProjectName": "BMC-5",
    "ModuleId": "6641ee6b-8c52-4f1a-abec-2d7c4329913e",
    "ModuleName": "o9 Retail Foundation",
    "VersionType": "branch",
    "Version": "Tenant_gcppmm_ReleaseAutomation02",
    "URL": "https://dev.azure.com/o9git/4d9f5a7e-6f55-4525-b6cd-f95ca971fef7/_apis/git/repositories/6641ee6b-8c52-4f1a-abec-2d7c4329913e",
    "Org": "RefDev",
    "Type": "RegularDelta",
    "PackageName": null,
    "PackagePublishType": null
  },
  "IsSolutionBlock": false,
  "NameSpace": null,
  "Org": "RefDev",
  "PackageName": null,
  "PackagePublishType": null,
  "PackageVersion": null,
  "IsFinerRulesUtilityRan": false
}