{
  "Name": "Aggregation Levels Auto Rollup",
  "WidgetDefinitionName": "Aggregation Levels Auto Rollup",
  "IsPrimary": true,
  "ConfigJson": {
    "ContainerId": "e080c486-a709-427e-a7aa-3e0d8dce532e",
    "CompositeContainerId": null,
    "Position": 0,
    "ShowInfoContext": {
      "ActionColumn": true,
      "RowInfo": true,
      "MemberInfo": true
    },
    "ShowHeader": null,
    "ActionButtonBindings": [
      {
        "ActionButtonName": "AddRollupSequence",
        "HotKey": "",
        "ExcludeHiddenAttributes": false
      },
      {
        "ActionButtonName": "CopyRollupSequence",
        "HotKey": "",
        "ExcludeHiddenAttributes": false
      },
      {
        "ActionButtonName": "DeleteSequence",
        "HotKey": "",
        "ExcludeHiddenAttributes": false
      },
      {
        "ActionButtonName": "CreateRollupSizeProfiles",
        "HotKey": "",
        "ExcludeHiddenAttributes": false
      },
      {
        "ActionButtonName": "SZPInfoProfiles01",
        "HotKey": "",
        "ExcludeHiddenAttributes": false,
        "ModuleId": "eeb2bc27-d481-4b7e-a0b6-b141b110a4a4"
      }
    ],
    "Navigations": {
      "ShowMemberSpecific": false,
      "RowNavigationList": {
        "AllowMultiRowSelection": true,
        "Views": [
          {
            "ViewId": "163a86ee-327b-5ded-6e61-18c83c5ad16b"
          }
        ],
        "ActionButtons": []
      }
    }
  },
  "ViewWidgetDefinitionId": "4d85e563-0c32-d77c-020c-4d66751f6262",
  "Title": null
}