{
  "Name": "CampaignPlan01AddFixedTransitionLoss",
  "Description": "Adding fixed transition loss",
  "ActionButtonId": "18a11e6f-94ee-fa3a-e9d9-b41012dbad6d",
  "Tooltip": "Adds new intersection for fixed transition loss",
  "ActionButtonType": "Widget",
  "Alignment": "right",
  "IsPopOver": true,
  "IsGlobal": true,
  "ActionClickHandler": null,
  "Icon": null,
  "Image": null,
  "ConfigJson": {
    "DisplayName": "Add Transition Loss",
    "icon": "plus",
    "SubmitButton": {
      "Label": "Submit"
    },
    "ResetButton": {
      "Label": "Reset"
    },
    "CloseButton": {
      "Label": "Close",
      "ConfirmMessage": "Unsaved changes will be lost. Continue?"
    },
    "NotifyAll": false,
    "IBPLRules": [
      {
        "template": "cartesian scope: ([Version].[Version Name]{{#filter Version}} * [Location].[Location]{{#filter Location}} * [Item].[Item]{{#filter Item}} * [Resource].[Resource]{{#filter Resource}});\nMeasure.[Campaign Fixed Transition Loss o9 Input] = {{Input}};\nend scope;"
      }
    ],
    "JavascriptRules": [],
    "FieldBindings": [
      {
        "fieldName": "Version",
        "title": "Version",
        "type": "picklistDropdown",
        "selectionType": "single",
        "clearSearch": true,
        "source": "filter",
        "DimensionName": "Version",
        "LevelAttributeName": "Version Name",
        "visible": true,
        "isEditable": true,
        "validation": {
          "maxLength": "0",
          "required": true
        }
      },
      {
        "fieldName": "Location",
        "title": "Plant Location",
        "type": "picklistDropdown",
        "selectionType": "single",
        "clearSearch": true,
        "select": "NONE",
        "source": "members",
        "DimensionName": "Location",
        "LevelAttributeName": "Location",
        "FilterExpression": "&AllPlantLocations",
        "visible": true,
        "isEditable": true,
        "validation": {
          "maxLength": "0",
          "required": true
        }
      },
      {
        "fieldName": "Resource",
        "title": "Resource",
        "type": "picklistDropdown",
        "selectionType": "single",
        "clearSearch": true,
        "select": "NONE",
        "source": "datasource",
        "overrideFieldBindingType": false,
        "visible": true,
        "isEditable": true,
        "validation": {
          "maxLength": "0",
          "required": true
        },
        "cascadeFrom": "Location",
        "key": "Resource",
        "valueField": "Name",
        "textField": "DisplayName"
      },
      {
        "fieldName": "Item",
        "title": "To Item",
        "type": "picklistDropdown",
        "selectionType": "single",
        "clearSearch": true,
        "select": "ALL",
        "source": "datasource",
        "overrideFieldBindingType": false,
        "visible": true,
        "isEditable": true,
        "validation": {
          "maxLength": "0",
          "required": true
        },
        "key": "Item",
        "valueField": "Name",
        "textField": "DisplayName",
        "cascadeFrom": "Resource"
      },
      {
        "fieldName": "Input",
        "title": "Fixed Transition Loss",
        "type": "number",
        "selectionType": "single",
        "clearSearch": true,
        "source": "literal",
        "visible": true,
        "isEditable": true,
        "validation": {
          "maxLength": "0",
          "required": true
        }
      }
    ],
    "Range": [],
    "DataSources": [
      {
        "Name": "Resource",
        "IBPLRules": [
          {
            "template": "Select([Resource].[Resource]) where{[Version].[Version Name].[{{Version}}], [Location].[Location].[{{Location}}], Measure.[Resource Location Association] >0};"
          }
        ],
        "JavascriptRules": [],
        "IncludeDSFieldsOnly": false,
        "FieldBindings": []
      },
      {
        "Name": "Item",
        "IBPLRules": [
          {
            "template": "Select([Item].[Item]) where{[Version].[Version Name].[{{Version}}], [Location].[Location].[{{Location}}], [Resource].[Resource].[{{Resource}}], Measure.[Final Resource Routing Association] > 0};"
          }
        ],
        "JavascriptRules": [],
        "IncludeDSFieldsOnly": false,
        "FieldBindings": []
      }
    ],
    "AutoExecute": false,
    "isAsync": true,
    "hasMembersUpdates": true,
    "Compact": true,
    "TwoColumn": false,
    "IsGlobalForExcelAddIn": false,
    "enableTransaction": false,
    "ReturnFilterByUpdate": false,
    "ExcludeFromNavLink": false,
    "FilterFieldBindings": []
  },
  "Widget": null,
  "Roles": []
}