{
  "EdgePropertyId": "c4918586-7b9a-4666-a6ed-ad9391247937",
  "PropertyName": "Forecast Order RTF Association",
  "PropertyDescription": "Association between RTF forecast and order nodes",
  "PropertyDataType": "number",
  "PropertyDataSize": 0,
  "PropertyColumnName": "ForecastOrderRTFAssociation",
  "AggregateFunction": "Min",
  "PropertyFormula": "",
  "IsEditable": false,
  "FormatString": "#,##0; (#,##0)",
  "ActivationProperty": false,
  "IsComputedByPlanningService": false,
  "ToolTip": null,
  "ApiName": null,
  "ApiDisabled": false,
  "BgColorFormula": "",
  "FgColorFormula": "",
  "TrendFormula": "",
  "FormattingViewModel": null,
  "ConditionalFormulas": []
}