{
  "Name": "150AssortmenyByLocationGroupPluginExceution",
  "Description": "Create Assortment",
  "ActionButtonId": "270e1afb-23eb-97e2-7ff5-a9e350e61a90",
  "Tooltip": "Create Assortment",
  "ActionButtonType": "Rule",
  "Alignment": "right",
  "IsPopOver": true,
  "IsGlobal": false,
  "ActionClickHandler": null,
  "Icon": null,
  "Image": null,
  "ConfigJson": {
    "DisplayName": "Create Assortment",
    "icon": "caret-square-o-right",
    "Position": "0",
    "SubmitButton": {
      "Label": "Submit"
    },
    "ResetButton": {
      "Label": "Reset"
    },
    "CloseButton": {
      "Label": "Close",
      "ConfirmMessage": "Unsaved changes will be lost. Continue?"
    },
    "NotifyAll": false,
    "IBPLRules": [
      {
        "template": "Scope: (&AllItem * &AllPlanningAccount * &AllPlanningChannel * &AllPlanningRegion * &AllPlanningPnL * &AllPlanningDemandDomain * &AllLocation * Version.[Version Name]{{#filter VersionName}});\nMeasure.[Assortment System] = if (~isnull(Measure.[Assortment System])) then null;\nMeasure.[Assortment Location Group] = if (~isnull(Measure.[Assortment Location Group])) then null;\nMeasure.[Assortment Rule Selected] = if (~isnull(Measure.[Assortment Rule Selected])) then null;\nend scope;\n\nscope:(&AllPlanningItem * &AllPlanningAccount * &AllPlanningChannel * &AllPlanningRegion * &AllPlanningDemandDomain * &AllPlanningPnL * &AllPlanningLocation * Version.[Version Name]{{#filter VersionName}});\nMeasure.[Intro Date]=null;\nMeasure.[Disco Date]=null;\nend scope;\n\nEXEC plugin instance [DP042StoreGroupAssortments] for measures {[Assortment System]} using scope ([Version].[Version Name]{{#filter VersionName}}) using arguments { ([IgnoreMissingOutputs], true), ([MaxSliceTableCells],2000000000),(\"IncludeNullRows\", \"False\"), (DriverMemory, \"45G\"), (DriverCores, 4), (NumExecutors, 3), (ExecutorMemory, \"45G\"), (ExecutorCores, 4),(\"SparkProfileConfig\", \"unsliced_high\")};\n\n\n"
      }
    ],
    "JavascriptRules": [],
    "FieldBindings": [
      {
        "fieldName": "VersionName",
        "title": "VersionName",
        "type": "picklist",
        "selectionType": "single",
        "clearSearch": true,
        "source": "filter",
        "DimensionName": "Version",
        "LevelAttributeName": "Version Name",
        "visible": true,
        "isEditable": true,
        "validation": {
          "maxLength": "0",
          "required": true
        }
      }
    ],
    "Range": [],
    "DataSources": [],
    "AutoExecute": false,
    "isAsync": false,
    "hasMembersUpdates": false,
    "Compact": false,
    "TwoColumn": false,
    "IsGlobalForExcelAddIn": false,
    "enableTransaction": false,
    "ExcludeFromNavLink": false,
    "FilterFieldBindings": []
  },
  "Widget": null,
  "Roles": []
}