{
  "Name": "SupplyPlan202PromotePROCPlanOverridestuple",
  "Description": "Promote Procurement Plan Overrides ",
  "ActionButtonId": "8d859000-ba7f-b8aa-e6b3-ec32a8ce8cd6",
  "Tooltip": "Promote Procurement Plan Overrides ",
  "ActionButtonType": "Widget",
  "Alignment": "right",
  "IsPopOver": true,
  "IsGlobal": true,
  "ActionClickHandler": null,
  "Icon": null,
  "Image": null,
  "ConfigJson": {
    "icon": "chain",
    "SubmitButton": {
      "Label": "Submit"
    },
    "ResetButton": {
      "Label": "Reset"
    },
    "CloseButton": {
      "Label": "Close",
      "ConfirmMessage": "Unsaved changes will be lost. Continue?"
    },
    "NotifyAll": false,
    "IBPLRules": [
      {
        "template": "{{#each Tuple}}\n\nscope:({{#entity Item}} * {{#entity Location}} * {{#entity Activity1}} * {{#entity Activity2}} * {{#entity Activity3}}* {{#entity Week}}  *Version.[Version Name].[{{TargetScenario}}]);\n\nMeasure.[W Incremental Procurement Plan Override] = Measure.[W Material Production Quantity Plan output Override]@(Version.[Version Name].[{{SourceScenario}}]);\n\nEnd scope;\n\n{{/each}}\n"
      }
    ],
    "JavascriptRules": [],
    "FieldBindings": [
      {
        "fieldName": "SourceScenario",
        "title": "SourceScenario",
        "type": "picklistDropdown",
        "selectionType": "single",
        "clearSearch": true,
        "select": "NONE",
        "source": "datasource",
        "key": "SourceScenarioDS",
        "valueField": "Name",
        "textField": "Name",
        "overrideFieldBindingType": false,
        "visible": true,
        "isEditable": true,
        "validation": {
          "maxLength": "0",
          "required": true
        }
      },
      {
        "fieldName": "TargetScenario",
        "title": "TargetScenario",
        "type": "picklistDropdown",
        "selectionType": "single",
        "clearSearch": true,
        "select": "NONE",
        "source": "datasource",
        "key": "TargetScenarioDS",
        "valueField": "Name",
        "textField": "Name",
        "overrideFieldBindingType": false,
        "visible": true,
        "isEditable": true,
        "validation": {
          "maxLength": "0",
          "required": true
        }
      },
      {
        "fieldName": "Tuple",
        "title": "Tuple",
        "type": "picklistDropdown",
        "select": "ALL",
        "clearSearch": true,
        "source": "parentTuple",
        "TuplesList": [
          {
            "Key": "Location",
            "LevelAttribute": {
              "DimensionName": "Location",
              "Name": "Location",
              "textField": "Name"
            },
            "tuplesource": "LevelAttribute"
          },
          {
            "Key": "Item",
            "LevelAttribute": {
              "DimensionName": "Item",
              "Name": "Item",
              "textField": "Name"
            },
            "tuplesource": "LevelAttribute"
          },
          {
            "Key": "Week",
            "LevelAttribute": {
              "DimensionName": "Time",
              "Name": "Week",
              "textField": "Name"
            },
            "tuplesource": "LevelAttribute"
          },
          {
            "Key": "Activity1",
            "LevelAttribute": {
              "DimensionName": "Activity1",
              "Name": "Activity1",
              "textField": "Name"
            },
            "tuplesource": "LevelAttribute"
          },
          {
            "Key": "Activity2",
            "LevelAttribute": {
              "DimensionName": "Activity2",
              "Name": "Activity2",
              "textField": "Name"
            },
            "tuplesource": "LevelAttribute"
          },
          {
            "Key": "Activity3",
            "LevelAttribute": {
              "DimensionName": "Activity3",
              "Name": "Activity3",
              "textField": "Name"
            },
            "tuplesource": "LevelAttribute"
          }
        ],
        "visible": false,
        "isEditable": true,
        "validation": {
          "required": true
        }
      }
    ],
    "DataSources": [
      {
        "Name": "SourceScenarioDS",
        "IBPLRules": [
          {
            "template": "Select &CWVAndScenarios.filter(#.Name !=\"CurrentWorkingView\");"
          }
        ],
        "JavascriptRules": [],
        "IncludeDSFieldsOnly": false,
        "FieldBindings": []
      },
      {
        "Name": "TargetScenarioDS",
        "IBPLRules": [
          {
            "template": "Select &CWV;"
          }
        ],
        "JavascriptRules": [],
        "IncludeDSFieldsOnly": false,
        "FieldBindings": []
      }
    ],
    "AutoExecute": false,
    "isAsync": false,
    "hasMembersUpdates": false,
    "Compact": false,
    "TwoColumn": false,
    "IsGlobalForExcelAddIn": false,
    "ReturnFilterByUpdate": false,
    "ExcludeFromNavLink": false,
    "FilterFieldBindings": []
  },
  "Widget": null
}