{
  "MeasureName": "Weeks of Cover",
  "MeasureId": "8f4b9189-ebb8-4543-9fa2-328ccc52a7a6",
  "MeasureDescription": "Determine how many weeks of inventory required based on average weekly sales",
  "DataType": "number",
  "MeasureType": "Regular",
  "AggregateFunction": "AvgNonNullOrZero",
  "FormatString": "#,##0;(#,##0)",
  "MeasureColumnName": "WeeksofCover",
  "MeasureFormula": "",
  "IsEditable": false,
  "ApplyConversion": false,
  "ConversionFormula": "",
  "PickListName": null,
  "BgColorFormula": "",
  "FgColorFormula": "",
  "TrendFormula": "",
  "FormattingViewModel": "[]",
  "ParentMeasureName": null,
  "AssociationMeasure": false,
  "IsComputedByPlanningService": true,
  "ToolTip": "Determine how many weeks of inventory required based on average wekely sales",
  "ConfigJson": {},
  "ApiName": null,
  "ApiDisabled": false,
  "IsReportingMeasure": false,
  "MeasureConditionalFormulaProperties": [],
  "PicklistSource": null
}