{
  "Name": "SupplyPlan050DAddRebalanceBODLane",
  "Description": null,
  "ActionButtonId": "8be4b74a-3c63-48cd-ae60-a7040ab919d8",
  "Tooltip": "Add Rebalance BODLane",
  "ActionButtonType": "Widget",
  "Alignment": "right",
  "IsPopOver": true,
  "IsGlobal": true,
  "ActionClickHandler": null,
  "Icon": null,
  "Image": null,
  "ConfigJson": {
    "DisplayName": "Add Rebalance BODLane",
    "icon": "plus-square",
    "SubmitButton": {
      "Label": "Submit"
    },
    "ResetButton": {
      "Label": "Reset"
    },
    "CloseButton": {
      "Label": "Close",
      "ConfirmMessage": "Unsaved changes will be lost. Continue?"
    },
    "NotifyAll": false,
    "IBPLRules": [
      {
        "template": "createmember ([Activity1].[Activity1]={,\"{{Prefix}}_From_{{FromLocation}}_To_{{ToLocation}}_Using_{{TransMode}}\"},[Activity1].[From Location]={,\"{{FromLocation}}\"},[Activity1].[To Location]={,\"{{ToLocation}}\"},[Activity1].[Activity Type1]={,\"Distribution\"});\n\nCartesian Scope: (&AllBODLanes.[{{Prefix}}_From_{{FromLocation}}_To_{{ToLocation}}_Using_{{TransMode}}] * [Location].[Location].[{{FromLocation}}] * [Version].[Version Name]{{#filter Version}});Measure.[BODLane Location Consumption Association]=1;end scope;\n\nCartesian Scope: (&AllBODLanes.[{{Prefix}}_From_{{FromLocation}}_To_{{ToLocation}}_Using_{{TransMode}}] * [Location].[Location].[{{ToLocation}}] * [Version].[Version Name]{{#filter Version}});Measure.[BODLane Location Production Association]=1;end scope;\n\nCartesian Scope:(&AllBODLanes.[{{Prefix}}_From_{{FromLocation}}_To_{{ToLocation}}_Using_{{TransMode}}] * &AllTransModes.{{TransMode}} * [Version].[Version Name]{{#filter Version}});Measure.[D BODLane TransMode Association]=1;end scope;\n\nCartesian Scope:(&AllBODLanes.[{{Prefix}}_From_{{FromLocation}}_To_{{ToLocation}}_Using_{{TransMode}}] * &AllTransModes.{{TransMode}} * [Version].[Version Name]{{#filter Version}}); Measure.[D Rebalance Lane Lead Time] = {{BODLaneLeadTime}};end scope;\n\nCartesian Scope:(&AllBODLanes.[{{Prefix}}_From_{{FromLocation}}_To_{{ToLocation}}_Using_{{TransMode}}] * &AllTransModes.{{TransMode}} * [Version].[Version Name]{{#filter Version}}); Measure.[D Rebalance Lane Association] = {{RebalanceLaneAssoc}};end scope;\n\nCartesian Scope:(&AllBODLanes.[{{Prefix}}_From_{{FromLocation}}_To_{{ToLocation}}_Using_{{TransMode}}] * &AllTransModes.{{TransMode}} * [Version].[Version Name]{{#filter Version}}); Measure.[D Rebalance Lane Priority] = {{RebalanceLanePriority}};end scope;"
      }
    ],
    "JavascriptRules": [],
    "FieldBindings": [
      {
        "fieldName": "Version",
        "title": "Version",
        "type": "picklistDropdown",
        "selectionType": "single",
        "clearSearch": true,
        "source": "filter",
        "DimensionName": "Version",
        "LevelAttributeName": "Version Name",
        "visible": true,
        "isEditable": true,
        "validation": {
          "maxLength": "0",
          "required": true
        }
      },
      {
        "fieldName": "Prefix",
        "title": "Prefix",
        "type": "string",
        "clearSearch": true,
        "source": "literal",
        "defaultValue": "LANE",
        "visible": true,
        "isEditable": true,
        "validation": {
          "maxLength": "0",
          "required": true
        }
      },
      {
        "fieldName": "FromLocation",
        "title": "From Location",
        "type": "picklistDropdown",
        "selectionType": "single",
        "clearSearch": true,
        "source": "datasource",
        "key": "FromLocationDS",
        "valueField": "Name",
        "textField": "Name",
        "visible": true,
        "isEditable": true,
        "cascadeFrom": "To Location",
        "validation": {
          "maxLength": "0",
          "required": true
        },
        "overrideFieldBindingType": false
      },
      {
        "fieldName": "ToLocation",
        "title": "To Location",
        "type": "picklistDropdown",
        "selectionType": "single",
        "clearSearch": true,
        "source": "datasource",
        "key": "FromLocationDS",
        "valueField": "Name",
        "textField": "Name",
        "visible": true,
        "isEditable": true,
        "cascadeFrom": "From Location",
        "validation": {
          "maxLength": "0",
          "required": true
        },
        "overrideFieldBindingType": false
      },
      {
        "fieldName": "TransMode",
        "title": "Transportation Mode",
        "type": "picklistDropdown",
        "selectionType": "single",
        "clearSearch": true,
        "source": "datasource",
        "key": "TransMode",
        "valueField": "Name",
        "visible": true,
        "isEditable": true,
        "validation": {
          "maxLength": "0",
          "required": true
        },
        "overrideFieldBindingType": false
      },
      {
        "fieldName": "BODLaneLeadTime",
        "title": "Transportation Lead Time",
        "type": "number",
        "clearSearch": true,
        "source": "literal",
        "visible": true,
        "isEditable": true,
        "validation": {
          "maxLength": "0",
          "required": true
        },
        "defaultValue": "1"
      },
      {
        "fieldName": "RebalanceLaneAssoc",
        "title": "Lane Enabled",
        "type": "boolean",
        "clearSearch": true,
        "source": "literal",
        "defaultValue": true,
        "visible": true,
        "isEditable": true,
        "validation": {
          "maxLength": "0",
          "required": true
        }
      },
      {
        "fieldName": "RebalanceLanePriority",
        "title": "Lane Priority",
        "type": "number",
        "clearSearch": true,
        "source": "literal",
        "defaultValue": "1",
        "visible": true,
        "isEditable": true,
        "validation": {
          "maxLength": "0",
          "required": true
        }
      }
    ],
    "DataSources": [
      {
        "Name": "FromLocationDS",
        "IBPLRules": [
          {
            "template": "Select &AllNonSupplierLocations.filter(#.Name !=\"{{[To Location]}}\");"
          }
        ],
        "JavascriptRules": [],
        "FieldBindings": [],
        "IncludeDSFieldsOnly": false
      },
      {
        "Name": "TransMode",
        "IBPLRules": [
          {
            "template": "select &AllTransModes;"
          }
        ],
        "JavascriptRules": [],
        "FieldBindings": [],
        "IncludeDSFieldsOnly": false
      }
    ],
    "AutoExecute": false,
    "isAsync": false,
    "hasMembersUpdates": false,
    "Compact": false,
    "TwoColumn": true,
    "IsGlobalForExcelAddIn": false,
    "ReturnFilterByUpdate": false,
    "ExcludeFromNavLink": false,
    "FilterFieldBindings": []
  },
  "Widget": null
}