{
  "Name": "AddNewStore",
  "Description": "Add New Store",
  "ActionButtonId": "b38e9520-1fff-1846-85c9-4393ef5c88c1",
  "Tooltip": "Add New Store",
  "ActionButtonType": "Widget",
  "Alignment": "right",
  "IsPopOver": true,
  "IsGlobal": true,
  "ActionClickHandler": null,
  "Icon": null,
  "Image": null,
  "ConfigJson": {
    "DisplayName": "Add New Store",
    "icon": "plus-square-o",
    "SubmitButton": {
      "Label": "Submit"
    },
    "ResetButton": {
      "Label": "Reset"
    },
    "CloseButton": {
      "Label": "Close",
      "ConfirmMessage": "Unsaved changes will be lost. Continue?"
    },
    "NotifyAll": false,
    "IBPLRules": [
      {
        "template": "createmember([Location].[Location] = {,\"{{Store}}\"},\n[Location].[LA6] = {,\"Dummy\"},\n[Location].[LA7] = {,\"Dummy\"},\n[Location].[LA8] = {,\"Dummy\"},\n[Location].[Reporting Location] = {,\"{{ReportingLocation}}\"}); "
      }
    ],
    "JavascriptRules": [],
    "FieldBindings": [
      {
        "fieldName": "Store",
        "title": "Store",
        "Description": "Store",
        "type": "string",
        "clearSearch": true,
        "source": "literal",
        "visible": true,
        "isEditable": true,
        "validation": {
          "maxLength": 80,
          "required": true
        }
      },
      {
        "fieldName": "ReportingLocation",
        "title": "Reporting Location",
        "type": "picklist",
        "selectionType": "single",
        "clearSearch": true,
        "select": "NONE",
        "source": "members",
        "DimensionName": "Location",
        "LevelAttributeName": "Reporting Location",
        "visible": true,
        "isEditable": true,
        "validation": {
          "maxLength": "0",
          "required": true
        }
      },
      {
        "fieldName": "Region",
        "title": "Region",
        "type": "picklistDropdown",
        "selectionType": "single",
        "clearSearch": true,
        "select": "ALL",
        "source": "datasource",
        "key": "RegionDS",
        "valueField": "Name",
        "textField": "DisplayName",
        "overrideFieldBindingType": false,
        "visible": true,
        "isEditable": true,
        "cascadeFrom": "ReportingLocation",
        "validation": {
          "maxLength": "0",
          "required": true
        }
      },
      {
        "fieldName": "Country",
        "title": "Country",
        "Description": "Country",
        "type": "picklistDropdown",
        "selectionType": "single",
        "clearSearch": true,
        "select": "ALL",
        "source": "datasource",
        "key": "CountryDS",
        "valueField": "Name",
        "textField": "DisplayName",
        "overrideFieldBindingType": false,
        "visible": true,
        "isEditable": true,
        "cascadeFrom": "Region",
        "validation": {
          "maxLength": "0",
          "required": true
        }
      }
    ],
    "Range": [],
    "DataSources": [
      {
        "Name": "CountryDS",
        "IBPLRules": [
          {
            "template": "select Location.[Location Region]{{#filter Region}}.relatedmembers([Location Country]);"
          }
        ],
        "JavascriptRules": [],
        "IncludeDSFieldsOnly": false,
        "FieldBindings": []
      },
      {
        "Name": "RegionDS",
        "IBPLRules": [
          {
            "template": "select Location.[Reporting Location]{{#filter ReportingLocation}}.relatedmembers([Location Region]);"
          }
        ],
        "JavascriptRules": [],
        "IncludeDSFieldsOnly": false,
        "FieldBindings": []
      }
    ],
    "AutoExecute": false,
    "isAsync": true,
    "hasMembersUpdates": true,
    "Compact": true,
    "TwoColumn": false,
    "IsGlobalForExcelAddIn": false,
    "enableTransaction": false,
    "ReturnFilterByUpdate": false,
    "ExcludeFromNavLink": false,
    "FilterFieldBindings": []
  },
  "Widget": null,
  "Roles": []
}