{
  "AttributeName": "Component",
  "AttributeId": "677a8b2e-dbb6-8b5a-886e-d209ad7945b6",
  "AttributeHierarchyEnabled": true,
  "IsKey": false,
  "Description": "Component",
  "OrderBy": "Name",
  "KeyColumnName": "ComponentKey",
  "NameColumnName": "ComponentName",
  "KeyColumnDataType": "integer",
  "SeedTags": false,
  "KeyGenerationType": "Auto",
  "PickListName": null,
  "ConfigJson": {
    "ShowFilterAs": "TileView",
    "MemberDisplayNameEditable": true,
    "IsMultipleImage": false,
    "MemberDisplayColor": false
  },
  "FormatString": null,
  "Translation": null,
  "Aliases": [],
  "ApiName": null,
  "ApiDisabled": false,
  "FgColorFormula": null,
  "BgColorFormula": null,
  "IsReservedBySystem": false
}