{
  "Name": "View",
  "ViewId": "0709c772-f0ed-fc4c-2520-16ebaf553b8c",
  "ContentType": "Regular",
  "Title": "Pack Config",
  "Position": 0,
  "IsDefault": true,
  "Resource": null,
  "RazorViewTemplate": "_containers",
  "ConfigJson": {
    "WidgetContainers": {
      "Containers": [
        1
      ],
      "Key": 0,
      "IsModified": false,
      "ViewSpread": {
        "RowLevel": 60,
        "ColLevel": 12
      },
      "Data": [
        {
          "Id": "cf92e0dc-34f9-4825-ae8a-f37454227152",
          "Col": 0,
          "Row": 0,
          "SizeX": 12,
          "SizeY": 60
        }
      ]
    },
    "CompactMode": false,
    "IsHidden": false
  },
  "Roles": [
    "public"
  ]
}