{
  "AttributeName": "FeatureDimChild",
  "AttributeId": "b2684792-ce3e-4322-80a0-1c853aa9b379",
  "AttributeHierarchyEnabled": true,
  "IsKey": true,
  "Description": "FeatureDimChild",
  "OrderBy": "Name",
  "KeyColumnName": "FeatureDimChildKey",
  "NameColumnName": "FeatureDimChildName",
  "KeyColumnDataType": "integer",
  "SeedTags": false,
  "KeyGenerationType": "Auto",
  "PickListName": null,
  "ConfigJson": {
    "ShowFilterAs": "TileView",
    "MemberDisplayNameEditable": true,
    "IsMultipleImage": false
  },
  "FormatString": null,
  "Translation": null,
  "Aliases": [],
  "ApiName": null,
  "ApiDisabled": false
}