{
  "AttributeName": "Output Stream",
  "AttributeId": "8f46274f-5f56-b2c0-4ce9-50b913a21753",
  "AttributeHierarchyEnabled": false,
  "IsKey": false,
  "Description": "Output Stream of Iteration Type",
  "OrderBy": "Key",
  "KeyColumnName": "OutputStreamKey",
  "NameColumnName": null,
  "KeyColumnDataType": "string",
  "SeedTags": false,
  "KeyGenerationType": "UserSupplied",
  "PickListName": null,
  "ConfigJson": {
    "IsVisible": true,
    "IsEditable": true
  },
  "FormatString": "",
  "Translation": null,
  "Aliases": [],
  "ApiName": null,
  "ApiDisabled": false,
  "FgColorFormula": null,
  "BgColorFormula": null,
  "IsReservedBySystem": false
}