{
  "AttributeName": "AlertID",
  "AttributeId": "b809dc51-0a25-4624-8ed0-1edc13694192",
  "AttributeHierarchyEnabled": true,
  "IsKey": true,
  "Description": "Alert Unique Identifier (Item, Location, Day)",
  "OrderBy": "Name",
  "KeyColumnName": "AlertIDKey",
  "NameColumnName": "AlertIDName",
  "KeyColumnDataType": "integer",
  "SeedTags": true,
  "KeyGenerationType": "Auto",
  "PickListName": null,
  "ConfigJson": {
    "ShowFilterAs": "TileView"
  },
  "FormatString": null,
  "Translation": null,
  "Aliases": [],
  "ApiName": null,
  "ApiDisabled": false
}