{
  "AttributeName": "End Defined Calendar",
  "AttributeId": "b6ad3442-957c-d2c4-08ec-58e0b3c8be76",
  "AttributeHierarchyEnabled": false,
  "IsKey": false,
  "Description": "End Defined Calendar",
  "OrderBy": "Key",
  "KeyColumnName": "ProductionCalendarEndKey",
  "NameColumnName": null,
  "KeyColumnDataType": "boolean",
  "SeedTags": false,
  "KeyGenerationType": null,
  "PickListName": null,
  "ConfigJson": {
    "IsVisible": true,
    "IsEditable": true
  },
  "FormatString": "",
  "Translation": null,
  "Aliases": [],
  "ApiName": null,
  "ApiDisabled": false
}