{
  "Name": "AP_Actuals Comparison",
  "WidgetDefinitionId": "72117eb5-f16c-8005-296a-14c933201bd4",
  "IsPrivate": false,
  "WidgetType": "o9.linechart",
  "ViewWidgetDefinition": null,
  "PageWidgetDefinition": null,
  "CreatedUserEmail": "janhavi.sunil@o9solutions.com",
  "ModifiedUserEmail": "siya.gurjar@o9solutions.com",
  "Roles": [
    "public"
  ],
  "ConfigJson": {
    "Widget": {
      "Height": 550,
      "ActionButtons": []
    },
    "Presentation": {
      "FilterProperties": "",
      "Cumulative": "Enable",
      "EnableComparison": false,
      "EnableMultiVersionMultiMeasure": false,
      "Y1": {
        "Min": "",
        "Max": "",
        "Format": ""
      },
      "Y2": {
        "Min": "",
        "Max": "",
        "Format": ""
      },
      "XAxis": {
        "EnableSort": false,
        "SortDirection": "Descending",
        "SortLimit": "0"
      },
      "IsGraphReport": false,
      "IsMultiGraphReport": false,
      "LevelAttributes": [
        {
          "Id": "0fb58a59-bcba-0baa-81a4-26f1f1b27974",
          "AttributeName": "Post Game Analysis Product UIP",
          "Dimension": "UIPreference",
          "ConfigJson": {
            "ModelDefinition": {
              "LevelAttributes": [
                {
                  "Id": "c8215069-c134-49e6-a1de-5f681eb07b83",
                  "AttributeName": "L3",
                  "Dimension": "Item",
                  "EdgeDirection": null,
                  "IsFilter": false,
                  "Axis": "row",
                  "IsDefault": true,
                  "AllSelection": false,
                  "SelectedMembers": [],
                  "Name": "L3",
                  "DimensionName": "Item",
                  "AliasName": "Class",
                  "AliasId": "f152462b-941f-7e6e-d0fe-ecd1c812239c",
                  "AliasType": "AttributeAlias",
                  "ShortName": "",
                  "XAxisSelectedMember": "",
                  "SortBy": "",
                  "SortOrder": "",
                  "UIPreferenceId": "0fb58a59-bcba-0baa-81a4-26f1f1b27974",
                  "UIPreferenceName": "Post Game Analysis Product UIP",
                  "DisplayName": "L"
                }
              ],
              "NamedSets": []
            },
            "Presentation": {
              "LevelAttributes": [
                {
                  "Id": "c8215069-c134-49e6-a1de-5f681eb07b83",
                  "AttributeName": "L3",
                  "Dimension": "Item",
                  "Axis": "row",
                  "ShowInfo": {
                    "ShowDetail": true,
                    "ShowPulse": true,
                    "ShowTask": true,
                    "ShowMarketIntelligence": true
                  },
                  "IsDefault": true,
                  "ShortName": "",
                  "XAxisSelectedMember": "",
                  "SortBy": "",
                  "SortOrder": "",
                  "UIPreferenceId": "0fb58a59-bcba-0baa-81a4-26f1f1b27974",
                  "UIPreferenceName": "Post Game Analysis Product UIP",
                  "Name": "L3",
                  "DimensionName": "Item"
                }
              ]
            }
          },
          "Axis": "row",
          "ShowInfo": {
            "ShowDetail": true,
            "ShowPulse": true,
            "ShowTask": true,
            "ShowMarketIntelligence": true
          },
          "IsDefault": false,
          "ShortName": "",
          "XAxisSelectedMember": "",
          "SortBy": "",
          "SortOrder": ""
        }
      ],
      "MeasureCollections": [
        {
          "Title": "Sales Actuals",
          "Id": "c6ab72d4-b43b-46bf-bcd4-6c77553240c3",
          "IsGroup": true,
          "ChildMeasureCollections": [],
          "Measures": [
            {
              "Name": "Full Price Sales Units",
              "Id": "637c1ed3-f9e7-4d2f-bbd7-f74f324c2646",
              "Visible": true,
              "Type": "Bar",
              "ShowPointLabel": true,
              "Color": "",
              "ShowColorForNegVal": false,
              "Format": "",
              "ThresholdInfo": [
                {
                  "ThresholdVal": 0,
                  "ColorForNegVal": ""
                }
              ],
              "ShowMarker": false,
              "MarkerInfo": [
                {
                  "MarkerColor": "",
                  "MarkerSize": 10,
                  "MarkerLineWidth": 3,
                  "MarkerStyle": "circle"
                }
              ],
              "ShowPopover": true,
              "OtherMeasures": [
                "637c1ed3-f9e7-4d2f-bbd7-f74f324c2646"
              ],
              "ShowInfo": {
                "ShowDetail": true,
                "ShowPulse": true,
                "ShowTask": true,
                "ShowMarketIntelligence": true
              },
              "ChildMeasureCollections": null
            },
            {
              "Name": "Markdown Sales Units",
              "Id": "12cb7d3a-6279-4546-9d86-c695005ef852",
              "Visible": true,
              "Type": "Bar",
              "ShowPointLabel": true,
              "Color": "",
              "ShowColorForNegVal": false,
              "Format": "",
              "ThresholdInfo": [
                {
                  "ThresholdVal": 0,
                  "ColorForNegVal": ""
                }
              ],
              "ShowMarker": false,
              "MarkerInfo": [
                {
                  "MarkerColor": "",
                  "MarkerSize": 10,
                  "MarkerLineWidth": 3,
                  "MarkerStyle": "circle"
                }
              ],
              "ShowPopover": true,
              "OtherMeasures": [
                "12cb7d3a-6279-4546-9d86-c695005ef852"
              ],
              "ShowInfo": {
                "ShowDetail": true,
                "ShowPulse": true,
                "ShowTask": true,
                "ShowMarketIntelligence": true
              },
              "ChildMeasureCollections": null
            },
            {
              "Name": "Promo Sales Units",
              "Id": "4f477e22-ef5c-4b24-abe7-6c7874eecffc",
              "Visible": true,
              "Type": "Bar",
              "ShowPointLabel": true,
              "Color": "",
              "ShowColorForNegVal": false,
              "Format": "",
              "ThresholdInfo": [
                {
                  "ThresholdVal": 0,
                  "ColorForNegVal": ""
                }
              ],
              "ShowMarker": false,
              "MarkerInfo": [
                {
                  "MarkerColor": "",
                  "MarkerSize": 10,
                  "MarkerLineWidth": 3,
                  "MarkerStyle": "circle"
                }
              ],
              "ShowPopover": true,
              "OtherMeasures": [
                "4f477e22-ef5c-4b24-abe7-6c7874eecffc"
              ],
              "ShowInfo": {
                "ShowDetail": true,
                "ShowPulse": true,
                "ShowTask": true,
                "ShowMarketIntelligence": true
              },
              "ChildMeasureCollections": null
            }
          ]
        }
      ],
      "MeasureCollections2": [],
      "GraphRelations": [],
      "Folders": []
    }
  },
  "WidgetKeywordTags": [],
  "DimensionAttributeUsages": [],
  "WidgetModel": {
    "WidgetModelId": "b9246689-2479-403f-81a0-a7808c6d9909",
    "ConfigJson": {
      "LevelAttributes": [
        {
          "Id": "42f1420f-c03e-47f1-8171-47d931aaa6e7",
          "AttributeName": "L4",
          "Dimension": "Item",
          "DimensionId": 2036222,
          "IsFilter": true,
          "Axis": "none",
          "IsDefault": true,
          "AllSelection": true,
          "SelectedMembers": [],
          "Name": "L4",
          "DimensionName": "Item",
          "AliasName": "Department",
          "AliasId": "062348a8-7aec-2f10-6a91-25531f6e57a4",
          "AliasType": "AttributeAlias",
          "OverrideFavSelection": false,
          "CurrencyFilter": false,
          "IsSingleSelect": false,
          "MemberFilterExpression": "&APDepartments",
          "DefaultValueExpression": "",
          "WorksheetLevelFilter": false,
          "SortBy": "",
          "SortOrder": "",
          "IsNarrowYourSelection": false,
          "Position": 50
        },
        {
          "Id": "211b33d5-d91f-40ec-9668-20e0da2ae7b3",
          "AttributeName": "Version Name",
          "Dimension": "Version",
          "DimensionId": 2036136,
          "IsFilter": true,
          "Axis": "none",
          "IsDefault": true,
          "AllSelection": false,
          "SelectedMembers": [
            {
              "Name": "CurrentWorkingView"
            }
          ],
          "Name": "Version Name",
          "DimensionName": "Version",
          "OverrideFavSelection": false,
          "IsSingleSelect": false,
          "MemberFilterExpression": "&CWVAndScenarios",
          "DefaultValueExpression": "",
          "WorksheetLevelFilter": false,
          "SortBy": "",
          "SortOrder": "",
          "IsNarrowYourSelection": false,
          "Position": 120
        },
        {
          "Id": "00000000-0000-0000-0000-000000000000",
          "AttributeName": "Post Game Analysis UIPF",
          "Dimension": "UIPreference",
          "IsFilter": true,
          "Axis": "none",
          "IsDefault": true,
          "AllSelection": false,
          "SelectedMembers": [],
          "Name": "Post Game Analysis UIPF",
          "DimensionName": "UIPreference",
          "ConfigJson": {
            "ModelDefinition": {
              "LevelAttributes": [
                {
                  "Id": "c8215069-c134-49e6-a1de-5f681eb07b83",
                  "AttributeName": "L3",
                  "Dimension": "Item",
                  "DimensionId": 2036222,
                  "IsFilter": true,
                  "Axis": "none",
                  "IsDefault": true,
                  "AllSelection": true,
                  "SelectedMembers": [],
                  "Name": "L3",
                  "DimensionName": "Item",
                  "AliasName": "Class",
                  "AliasId": "f152462b-941f-7e6e-d0fe-ecd1c812239c",
                  "AliasType": "AttributeAlias",
                  "OverrideFavSelection": false,
                  "CurrencyFilter": false,
                  "IsSingleSelect": false,
                  "MemberFilterExpression": "&APClasses",
                  "DefaultValueExpression": "",
                  "WorksheetLevelFilter": false,
                  "SortBy": "Name",
                  "SortOrder": "Ascending",
                  "IsNarrowYourSelection": false,
                  "Position": 50,
                  "UIPreferenceId": "00000000-0000-0000-0000-000000000000",
                  "UIPreferenceName": "Post Game Analysis UIPF"
                }
              ],
              "NamedSets": [
                {
                  "DimensionId": "0e2c070f-286c-4cb6-ba80-e58a09ff2763",
                  "DimensionName": "Time",
                  "SelectedNamedSet": {
                    "Name": "AllPastPlanningMonths",
                    "DisplayName": "AllPastPlanningMonths",
                    "Id": "f5152cf0-b873-4e60-8414-772043706144"
                  },
                  "AvailableNamedSets": [
                    {
                      "Name": "AllPastPlanningMonths",
                      "DisplayName": "AllPastPlanningMonths",
                      "Id": "f5152cf0-b873-4e60-8414-772043706144"
                    }
                  ],
                  "Position": 290,
                  "WorksheetLevelFilter": false,
                  "UIPreferenceId": "00000000-0000-0000-0000-000000000000",
                  "UIPreferenceName": "Post Game Analysis UIPF"
                }
              ]
            },
            "Presentation": {
              "LevelAttributes": []
            }
          },
          "CurrencyFilter": false,
          "IsSingleSelect": false,
          "MemberFilterExpression": "",
          "DefaultValueExpression": "",
          "OverrideFavSelection": false,
          "WorksheetLevelFilter": false,
          "SortBy": "",
          "SortOrder": "",
          "IsNarrowYourSelection": false
        },
        {
          "Id": "0fb58a59-bcba-0baa-81a4-26f1f1b27974",
          "AttributeName": "Post Game Analysis Product UIP",
          "Dimension": "UIPreference",
          "IsFilter": false,
          "Axis": "row",
          "IsDefault": false,
          "AllSelection": false,
          "SelectedMembers": [],
          "Name": "Post Game Analysis Product UIP",
          "DimensionName": "UIPreference",
          "ConfigJson": {
            "ModelDefinition": {
              "LevelAttributes": [
                {
                  "Id": "c8215069-c134-49e6-a1de-5f681eb07b83",
                  "AttributeName": "L3",
                  "Dimension": "Item",
                  "EdgeDirection": null,
                  "IsFilter": false,
                  "Axis": "row",
                  "IsDefault": true,
                  "AllSelection": false,
                  "SelectedMembers": [],
                  "Name": "L3",
                  "DimensionName": "Item",
                  "AliasName": "Class",
                  "AliasId": "f152462b-941f-7e6e-d0fe-ecd1c812239c",
                  "AliasType": "AttributeAlias",
                  "ShortName": "",
                  "XAxisSelectedMember": "",
                  "SortBy": "",
                  "SortOrder": "",
                  "UIPreferenceId": "0fb58a59-bcba-0baa-81a4-26f1f1b27974",
                  "UIPreferenceName": "Post Game Analysis Product UIP",
                  "DisplayName": "L"
                }
              ],
              "NamedSets": []
            },
            "Presentation": {
              "LevelAttributes": [
                {
                  "Id": "c8215069-c134-49e6-a1de-5f681eb07b83",
                  "AttributeName": "L3",
                  "Dimension": "Item",
                  "Axis": "row",
                  "ShowInfo": {
                    "ShowDetail": true,
                    "ShowPulse": true,
                    "ShowTask": true,
                    "ShowMarketIntelligence": true
                  },
                  "IsDefault": true,
                  "ShortName": "",
                  "XAxisSelectedMember": "",
                  "SortBy": "",
                  "SortOrder": "",
                  "UIPreferenceId": "0fb58a59-bcba-0baa-81a4-26f1f1b27974",
                  "UIPreferenceName": "Post Game Analysis Product UIP",
                  "Name": "L3",
                  "DimensionName": "Item"
                }
              ]
            }
          },
          "ShortName": "",
          "XAxisSelectedMember": "",
          "SortBy": "",
          "SortOrder": ""
        }
      ],
      "PeggingAttributes": [],
      "FlowPlanAttributes": [],
      "Hierarchies": [],
      "NamedSets": [],
      "RegularMeasures": [
        {
          "Id": "637c1ed3-f9e7-4d2f-bbd7-f74f324c2646",
          "Name": "Full Price Sales Units"
        },
        {
          "Id": "12cb7d3a-6279-4546-9d86-c695005ef852",
          "Name": "Markdown Sales Units"
        },
        {
          "Id": "4f477e22-ef5c-4b24-abe7-6c7874eecffc",
          "Name": "Promo Sales Units"
        }
      ],
      "TransientMeasures": [],
      "GraphRelations": [],
      "Folders": [],
      "AssociationMeasures": [
        {
          "MeasureFilterIBPLExpression": "",
          "MeasureFilterScope": "Post Filter"
        }
      ],
      "AssociationMeasureExpressions": [
        {
          "Expression": ""
        }
      ],
      "DataProperties": {
        "IncludeInactiveMembers": false,
        "IncludeNulls": false,
        "NullsForFinerGrainSelect": false,
        "NullsForUnrelatedAttrSelect": false,
        "SubTotalsType": "NoSubtotals",
        "IncludeNullsForSeries": "",
        "AssociationMeasureExpression": "",
        "MeasureValueFilters": ""
      },
      "FilterProperties": {
        "VersionDependentFilter": false,
        "InterDependentMeasure": {},
        "ExcludeVersionInFavorite": false
      }
    }
  }
}