{
  "Name": "AP_Placeholder Items",
  "WidgetDefinitionId": "b7ecc9cb-9da8-8220-6b08-7782401febc6",
  "IsPrivate": false,
  "WidgetType": "o9.pivot",
  "ViewWidgetDefinition": null,
  "PageWidgetDefinition": null,
  "CreatedUserEmail": "janhavi.sunil@o9solutions.com",
  "ModifiedUserEmail": "suhil.samiulla@o9solutions.com",
  "Roles": null,
  "ConfigJson": {
    "Widget": {
      "Height": 550,
      "ActionButtons": []
    },
    "Presentation": {
      "DataColumnBeforeMembers": false,
      "ShowQuickToggleBar": false,
      "IsEditable": true,
      "EnableExpandCollapse": true,
      "EnableOnGridFilter": true,
      "EnableSort": true,
      "EnableColumnReorder": true,
      "DisableBulkEdit": false,
      "DisableCopyOption": false,
      "DisableAdjustOption": false,
      "DisableApplyOption": false,
      "DisableNullifyOption": false,
      "EnableColumnResize": true,
      "ClearColumnFilterOnScopeFilter": false,
      "EnableJitColumns": false,
      "EnableAuditTrail": false,
      "EnableAutoCollapseColumns": false,
      "EnableSparsifyRowSelection": false,
      "UseConditionalFormatting": false,
      "EnablePastDifferentiation": false,
      "SuppressMessageHeader": false,
      "HideActionButtons": true,
      "ShowImage": true,
      "ShowMeasureGroupAsColumn": false,
      "DefaultLinkFiltersAutoSelection": true,
      "RowHeight": "25",
      "ShowServerConditionalFormating": false,
      "InterDependentFilter": false,
      "UseOutlineFormLayout": false,
      "DisableFieldList": false,
      "ShowComments": false,
      "HideNullRows": false,
      "HideNullColumns": false,
      "HideReadOnlyNullRows": false,
      "DisableBulkEditMeasures": false,
      "EnableMeasureReposition": false,
      "AllowExcelDownload": false,
      "EnableExportPivot": "",
      "DownloadButton": "System Setting",
      "AbovePivotFilterLevelAttribute": "",
      "AbovePivotFilterValue": "",
      "LayoutColumnWidth": "System Setting",
      "IsSummary": false,
      "ActionButtonBindings": "",
      "ExcelActionButtons": "",
      "CollabFolders": "",
      "ColumnProp": {
        "ColumnSubtotalsAtEnd": false,
        "TimeColumnSubTotalAtEnd": false
      },
      "RowProp": {
        "ShowMultiDimensionProperty": false,
        "RowSubtotalsAtEnd": false
      },
      "FilterProperties": "",
      "ReportMeasureSet": "",
      "IsGraphReport": false,
      "IsMultiGraphReport": false,
      "LevelAttributes": [
        {
          "Id": "2b5a3a2b-d10e-f7b9-61b8-fbcd2c7f5c4a",
          "AttributeName": "Placeholder Realization UIP",
          "Dimension": "UIPreference",
          "ConfigJson": {
            "ModelDefinition": {
              "LevelAttributes": [
                {
                  "Id": "304e572f-fe17-4be2-87bb-469f33bee496",
                  "AttributeName": "Planning Item",
                  "Dimension": "Item",
                  "EdgeDirection": null,
                  "IsFilter": false,
                  "Axis": "row",
                  "IsDefault": true,
                  "AllSelection": false,
                  "SelectedMembers": [],
                  "Name": "Planning Item",
                  "DimensionName": "Item",
                  "AliasName": "Style Color",
                  "AliasId": "dd46d259-a55d-adb2-838e-b27dd848d904",
                  "AliasType": "AttributeAlias",
                  "IsVisible": true,
                  "IsAttributeRequired": false,
                  "ShowSubtotal": false,
                  "ShowMemberConditionalFormatting": false,
                  "DisplayName": "",
                  "ShortName": "",
                  "SortBy": "",
                  "JoinWithGraph": false,
                  "JoinGraphName": "",
                  "JoinWithNode": "FROM",
                  "UIPreferenceId": "2b5a3a2b-d10e-f7b9-61b8-fbcd2c7f5c4a",
                  "UIPreferenceName": "Placeholder Realization UIP"
                },
                {
                  "Id": "b8a570e9-10f4-43f7-beeb-1bd5bc4384af",
                  "AttributeName": "A1",
                  "Dimension": "Item",
                  "EdgeDirection": null,
                  "IsFilter": false,
                  "Axis": "row",
                  "IsDefault": true,
                  "AllSelection": false,
                  "SelectedMembers": [],
                  "Name": "A1",
                  "DimensionName": "Item",
                  "IsVisible": true,
                  "IsAttributeRequired": false,
                  "ShowSubtotal": false,
                  "ShowMemberConditionalFormatting": false,
                  "DisplayName": "Material",
                  "ShortName": "",
                  "SortBy": "",
                  "JoinWithGraph": false,
                  "JoinGraphName": null,
                  "JoinWithNode": "FROM",
                  "UIPreferenceId": "2b5a3a2b-d10e-f7b9-61b8-fbcd2c7f5c4a",
                  "UIPreferenceName": "Placeholder Realization UIP"
                },
                {
                  "Id": "9cf2f0b1-d6f9-47e4-9741-3614ef588a6a",
                  "AttributeName": "A2",
                  "Dimension": "Item",
                  "EdgeDirection": null,
                  "IsFilter": false,
                  "Axis": "row",
                  "IsDefault": true,
                  "AllSelection": false,
                  "SelectedMembers": [],
                  "Name": "A2",
                  "DimensionName": "Item",
                  "IsVisible": true,
                  "IsAttributeRequired": false,
                  "ShowSubtotal": false,
                  "ShowMemberConditionalFormatting": false,
                  "DisplayName": "Price Point",
                  "ShortName": "",
                  "SortBy": "",
                  "JoinWithGraph": false,
                  "JoinGraphName": null,
                  "JoinWithNode": "FROM",
                  "UIPreferenceId": "2b5a3a2b-d10e-f7b9-61b8-fbcd2c7f5c4a",
                  "UIPreferenceName": "Placeholder Realization UIP"
                },
                {
                  "Id": "e78780e6-1584-4f49-b449-3faaab41c899",
                  "AttributeName": "A3",
                  "Dimension": "Item",
                  "EdgeDirection": null,
                  "IsFilter": false,
                  "Axis": "row",
                  "IsDefault": true,
                  "AllSelection": false,
                  "SelectedMembers": [],
                  "Name": "A3",
                  "DimensionName": "Item",
                  "IsVisible": true,
                  "IsAttributeRequired": false,
                  "ShowSubtotal": false,
                  "ShowMemberConditionalFormatting": false,
                  "DisplayName": "Program Type",
                  "ShortName": "",
                  "SortBy": "",
                  "JoinWithGraph": false,
                  "JoinGraphName": null,
                  "JoinWithNode": "FROM",
                  "UIPreferenceId": "2b5a3a2b-d10e-f7b9-61b8-fbcd2c7f5c4a",
                  "UIPreferenceName": "Placeholder Realization UIP"
                }
              ],
              "NamedSets": []
            },
            "Presentation": {
              "LevelAttributes": [
                {
                  "Id": "304e572f-fe17-4be2-87bb-469f33bee496",
                  "AttributeName": "Planning Item",
                  "Dimension": "Item",
                  "Axis": "row",
                  "ShowInfo": {
                    "ShowDetail": true,
                    "ShowPulse": true,
                    "ShowTask": true,
                    "ShowMarketIntelligence": true
                  },
                  "IsVisible": true,
                  "IsAttributeRequired": false,
                  "ShowSubtotal": false,
                  "ShowMemberConditionalFormatting": false,
                  "UOMMember": "",
                  "DisplayName": "",
                  "ShortName": "",
                  "SortBy": "",
                  "JoinWithGraph": false,
                  "JoinGraphName": "",
                  "JoinWithNode": "FROM",
                  "UIPreferenceId": "2b5a3a2b-d10e-f7b9-61b8-fbcd2c7f5c4a",
                  "UIPreferenceName": "Placeholder Realization UIP",
                  "Name": "Planning Item",
                  "DimensionName": "Item"
                },
                {
                  "Id": "b8a570e9-10f4-43f7-beeb-1bd5bc4384af",
                  "AttributeName": "A1",
                  "Dimension": "Item",
                  "Axis": "row",
                  "ShowInfo": {
                    "ShowDetail": true,
                    "ShowPulse": true,
                    "ShowTask": true,
                    "ShowMarketIntelligence": true
                  },
                  "IsVisible": true,
                  "IsAttributeRequired": false,
                  "ShowSubtotal": false,
                  "ShowMemberConditionalFormatting": false,
                  "UOMMember": null,
                  "DisplayName": "Material",
                  "ShortName": "",
                  "SortBy": "",
                  "JoinWithGraph": false,
                  "JoinGraphName": null,
                  "JoinWithNode": "FROM",
                  "UIPreferenceId": "2b5a3a2b-d10e-f7b9-61b8-fbcd2c7f5c4a",
                  "UIPreferenceName": "Placeholder Realization UIP",
                  "Name": "A1",
                  "DimensionName": "Item"
                },
                {
                  "Id": "9cf2f0b1-d6f9-47e4-9741-3614ef588a6a",
                  "AttributeName": "A2",
                  "Dimension": "Item",
                  "Axis": "row",
                  "ShowInfo": {
                    "ShowDetail": true,
                    "ShowPulse": true,
                    "ShowTask": true,
                    "ShowMarketIntelligence": true
                  },
                  "IsVisible": true,
                  "IsAttributeRequired": false,
                  "ShowSubtotal": false,
                  "ShowMemberConditionalFormatting": false,
                  "UOMMember": null,
                  "DisplayName": "Price Point",
                  "ShortName": "",
                  "SortBy": "",
                  "JoinWithGraph": false,
                  "JoinGraphName": null,
                  "JoinWithNode": "FROM",
                  "UIPreferenceId": "2b5a3a2b-d10e-f7b9-61b8-fbcd2c7f5c4a",
                  "UIPreferenceName": "Placeholder Realization UIP",
                  "Name": "A2",
                  "DimensionName": "Item"
                },
                {
                  "Id": "e78780e6-1584-4f49-b449-3faaab41c899",
                  "AttributeName": "A3",
                  "Dimension": "Item",
                  "Axis": "row",
                  "ShowInfo": {
                    "ShowDetail": true,
                    "ShowPulse": true,
                    "ShowTask": true,
                    "ShowMarketIntelligence": true
                  },
                  "IsVisible": true,
                  "IsAttributeRequired": false,
                  "ShowSubtotal": false,
                  "ShowMemberConditionalFormatting": false,
                  "UOMMember": null,
                  "DisplayName": "Program Type",
                  "ShortName": "",
                  "SortBy": "",
                  "JoinWithGraph": false,
                  "JoinGraphName": null,
                  "JoinWithNode": "FROM",
                  "UIPreferenceId": "2b5a3a2b-d10e-f7b9-61b8-fbcd2c7f5c4a",
                  "UIPreferenceName": "Placeholder Realization UIP",
                  "Name": "A3",
                  "DimensionName": "Item"
                }
              ]
            }
          },
          "Axis": "row",
          "ShowInfo": {
            "ShowDetail": true,
            "ShowPulse": true,
            "ShowTask": true,
            "ShowMarketIntelligence": true
          },
          "IsVisible": true,
          "IsAttributeRequired": false,
          "ShowSubtotal": false,
          "ShowMemberConditionalFormatting": false,
          "UOMMember": null,
          "DisplayName": "",
          "ShortName": "",
          "SortBy": "",
          "JoinWithGraph": false,
          "JoinGraphName": null,
          "JoinWithNode": "FROM"
        },
        {
          "Id": "b3c47ec4-5781-4f5b-b730-0abb3dcb5574",
          "AttributeName": "Measure",
          "Dimension": "Measure",
          "Axis": "column",
          "ShowInfo": {
            "ShowDetail": true,
            "ShowPulse": true,
            "ShowTask": true,
            "ShowMarketIntelligence": true
          },
          "IsVisible": true,
          "IsAttributeRequired": false,
          "ShowSubtotal": false,
          "ShowMemberConditionalFormatting": false,
          "SortBy": "",
          "JoinWithGraph": false,
          "DisplayName": "",
          "ShortName": "",
          "UOMMember": ""
        }
      ],
      "FilterGroups": [
        {
          "GroupName": "Selling Season",
          "HierarchyId": "",
          "Id": "fe4ec6bd-8f89-4bbe-8381-375e6bf6063d",
          "Attributes": [
            "56b72eb0-2d21-d392-f36d-296d4e622245"
          ]
        },
        {
          "GroupName": "Version Name",
          "HierarchyId": "",
          "Id": "cfb80afe-8766-433c-9457-9be1796d0ac3",
          "Attributes": [
            "211b33d5-d91f-40ec-9668-20e0da2ae7b3"
          ]
        },
        {
          "GroupName": "Planning Item",
          "HierarchyId": "ed5f7904-29d5-b0fe-2b9c-1e40e026b4cd",
          "Id": "da7bbc65-8334-4666-9c41-0b696958554a",
          "Attributes": [
            "c8215069-c134-49e6-a1de-5f681eb07b83",
            "ff7c5eb2-2cb9-4ff9-adf6-13e0b616ebe1",
            "00fc4c14-0ff2-43bd-81c9-3b2abae62201",
            "304e572f-fe17-4be2-87bb-469f33bee496"
          ]
        }
      ],
      "MeasureCollections": [
        {
          "Measures": [
            {
              "Name": "Style Color User Input",
              "Id": "61da37f7-31cd-2e3d-491c-6db7246dc347",
              "IsVisible": true,
              "IsEditable": true,
              "IsMultiFileUpload": false,
              "ShowInLocalTimeZone": false,
              "RenderType": "Value",
              "Alignment": "MiddleRight",
              "FormatString": "",
              "ColumnWidth": 0,
              "Sort": "",
              "UseExcelAggregation": false,
              "MeasureFormatting": [
                {
                  "BGCOLOR": "",
                  "FGCOLOR": "",
                  "ApplyForData": false,
                  "ApplyForHeader": false
                }
              ],
              "TimeHorizon": "",
              "ShowInfo": {
                "ShowDetail": true,
                "ShowPulse": true,
                "ShowTask": true,
                "ShowMarketIntelligence": true
              },
              "ChildMeasureCollections": null,
              "IsMultiDimensionProperty": false
            }
          ]
        },
        {
          "Measures": [
            {
              "Name": "Added to LineBuild",
              "Id": "cda370cf-1062-4edf-9ca5-2911dbc94261",
              "IsVisible": false,
              "IsEditable": false,
              "IsMultiFileUpload": false,
              "ShowInLocalTimeZone": false,
              "RenderType": "Value",
              "Alignment": "MiddleRight",
              "FormatString": "",
              "ColumnWidth": 0,
              "Sort": "",
              "UseExcelAggregation": false,
              "MeasureFormatting": [
                {
                  "BGCOLOR": "",
                  "FGCOLOR": "",
                  "ApplyForData": false,
                  "ApplyForHeader": false
                }
              ],
              "TimeHorizon": "",
              "ShowInfo": {
                "ShowDetail": true,
                "ShowPulse": true,
                "ShowTask": true,
                "ShowMarketIntelligence": true
              },
              "ChildMeasureCollections": null,
              "IsMultiDimensionProperty": false
            }
          ]
        },
        {
          "Measures": [
            {
              "Name": "Planning Item Status Property",
              "Id": "fc2444eb-6239-8400-737d-fddc2d1d26be",
              "IsVisible": false,
              "IsEditable": false,
              "IsMultiFileUpload": false,
              "ShowInLocalTimeZone": false,
              "RenderType": "Value",
              "Alignment": "MiddleRight",
              "FormatString": "",
              "ColumnWidth": 0,
              "Sort": "",
              "UseExcelAggregation": false,
              "MeasureFormatting": [
                {
                  "BGCOLOR": "",
                  "FGCOLOR": "",
                  "ApplyForData": false,
                  "ApplyForHeader": false
                }
              ],
              "TimeHorizon": "",
              "ShowInfo": {
                "ShowDetail": true,
                "ShowPulse": true,
                "ShowTask": true,
                "ShowMarketIntelligence": true
              },
              "ChildMeasureCollections": null,
              "IsMultiDimensionProperty": false
            }
          ]
        },
        {
          "Measures": [
            {
              "Name": "Realization Status",
              "Id": "c7d9491a-faa4-4e2c-8eee-5b1ab15f90b2",
              "IsTransient": true,
              "IsVisible": true,
              "IsEditable": true,
              "IsMultiFileUpload": false,
              "ShowInLocalTimeZone": false,
              "RenderType": "Trend",
              "ShowValue": false,
              "TrendInfo": [
                {
                  "Value": "Yes",
                  "Icon": "fa-thumbs-up",
                  "Color": "rgba(0, 153, 85, 1)"
                },
                {
                  "Value": "No",
                  "Icon": "fa-thumbs-down",
                  "Color": "rgba(221, 34, 68, 1)"
                }
              ],
              "FormatString": "",
              "ColumnWidth": 0,
              "Sort": "",
              "UseExcelAggregation": false,
              "MeasureFormatting": [
                {
                  "BGCOLOR": "",
                  "FGCOLOR": "",
                  "ApplyForData": false,
                  "ApplyForHeader": false
                }
              ],
              "TimeHorizon": "",
              "Label": "Realization Status",
              "Formula": "if(Measure.[Planning Item Status Property] == False) then \"Yes\" else \"No\"",
              "ShowInfo": {
                "ShowDetail": true,
                "ShowPulse": true,
                "ShowTask": true,
                "ShowMarketIntelligence": true
              },
              "ChildMeasureCollections": null,
              "IsMultiDimensionProperty": false
            }
          ]
        }
      ],
      "MeasureCollections2": [],
      "AlwaysOnMeasureCollections": [],
      "GraphRelations": [],
      "Folders": []
    }
  },
  "WidgetKeywordTags": [],
  "DimensionAttributeUsages": [],
  "WidgetModel": {
    "WidgetModelId": "dda88f42-d845-40e3-af8d-58acdd29cd7e",
    "ConfigJson": {
      "LevelAttributes": [
        {
          "Id": "56b72eb0-2d21-d392-f36d-296d4e622245",
          "AttributeName": "Selling Season",
          "Dimension": "Selling Season",
          "DimensionId": 3742430,
          "IsFilter": true,
          "Axis": "none",
          "IsDefault": true,
          "AllSelection": false,
          "SelectedMembers": [
            {
              "Name": "SU22"
            }
          ],
          "Name": "Selling Season",
          "DimensionName": "Selling Season",
          "OverrideFavSelection": false,
          "CurrencyFilter": false,
          "IsSingleSelect": true,
          "MemberFilterExpression": "&APSellingSeasons",
          "DefaultValueExpression": "",
          "WorksheetLevelFilter": false,
          "HideDummyMembers": false,
          "SortBy": "Key",
          "SortOrder": "Ascending",
          "IsNarrowYourSelection": false,
          "Position": -550
        },
        {
          "Id": "16204ea0-abb9-92bf-1a31-baa745ec900a",
          "AttributeName": "Placeholder Realization UIPF",
          "Dimension": "UIPreference",
          "IsFilter": true,
          "Axis": "none",
          "IsDefault": true,
          "AllSelection": false,
          "SelectedMembers": [],
          "Name": "Placeholder Realization UIPF",
          "DimensionName": "UIPreference",
          "ConfigJson": {
            "ModelDefinition": {
              "LevelAttributes": [
                {
                  "Id": "c8215069-c134-49e6-a1de-5f681eb07b83",
                  "AttributeName": "L3",
                  "Dimension": "Item",
                  "DimensionId": 2036222,
                  "IsFilter": true,
                  "Axis": "none",
                  "IsDefault": true,
                  "AllSelection": false,
                  "SelectedMembers": [
                    {
                      "Name": "Mens Shirts Long Sleeve"
                    }
                  ],
                  "Name": "L3",
                  "DimensionName": "Item",
                  "AliasName": "Class",
                  "AliasId": "f152462b-941f-7e6e-d0fe-ecd1c812239c",
                  "AliasType": "AttributeAlias",
                  "OverrideFavSelection": false,
                  "CurrencyFilter": false,
                  "IsSingleSelect": true,
                  "MemberFilterExpression": "&APClasses",
                  "DefaultValueExpression": "",
                  "WorksheetLevelFilter": false,
                  "SortBy": "Name",
                  "SortOrder": "Ascending",
                  "IsNarrowYourSelection": false,
                  "Position": 50,
                  "UIPreferenceId": "16204ea0-abb9-92bf-1a31-baa745ec900a",
                  "UIPreferenceName": "Placeholder Realization UIPF",
                  "IsAnchorAttribute": false,
                  "IsMemberSpecificAttribute": false,
                  "IsUIPrefAttr": true,
                  "GivenName": "L3",
                  "PresentationName": "L3",
                  "IsKey": false
                },
                {
                  "Id": "ff7c5eb2-2cb9-4ff9-adf6-13e0b616ebe1",
                  "AttributeName": "L2",
                  "Dimension": "Item",
                  "DimensionId": 2036222,
                  "IsFilter": true,
                  "Axis": "none",
                  "IsDefault": true,
                  "AllSelection": true,
                  "SelectedMembers": [],
                  "Name": "L2",
                  "DimensionName": "Item",
                  "AliasName": "Program",
                  "AliasId": "fa3abf71-354f-8a95-f8e3-149a0e63e35e",
                  "AliasType": "AttributeAlias",
                  "OverrideFavSelection": false,
                  "CurrencyFilter": false,
                  "IsSingleSelect": false,
                  "MemberFilterExpression": "",
                  "DefaultValueExpression": "",
                  "WorksheetLevelFilter": false,
                  "SortBy": "",
                  "SortOrder": "",
                  "IsNarrowYourSelection": false,
                  "Position": 50,
                  "UIPreferenceId": "16204ea0-abb9-92bf-1a31-baa745ec900a",
                  "UIPreferenceName": "Placeholder Realization UIPF",
                  "IsAnchorAttribute": false,
                  "IsMemberSpecificAttribute": false,
                  "IsUIPrefAttr": true,
                  "GivenName": "L2",
                  "PresentationName": "L2",
                  "IsKey": false
                },
                {
                  "Id": "00fc4c14-0ff2-43bd-81c9-3b2abae62201",
                  "AttributeName": "L1",
                  "Dimension": "Item",
                  "DimensionId": 2036222,
                  "IsFilter": true,
                  "Axis": "none",
                  "IsDefault": true,
                  "AllSelection": true,
                  "SelectedMembers": [],
                  "Name": "L1",
                  "DimensionName": "Item",
                  "AliasName": "Style",
                  "AliasId": "f9d0b656-a5b8-549b-7af6-c0f632fc70d8",
                  "AliasType": "AttributeAlias",
                  "OverrideFavSelection": false,
                  "CurrencyFilter": false,
                  "IsSingleSelect": false,
                  "MemberFilterExpression": "",
                  "DefaultValueExpression": "",
                  "WorksheetLevelFilter": false,
                  "SortBy": "",
                  "SortOrder": "",
                  "IsNarrowYourSelection": false,
                  "Position": 50,
                  "UIPreferenceId": "16204ea0-abb9-92bf-1a31-baa745ec900a",
                  "UIPreferenceName": "Placeholder Realization UIPF",
                  "IsAnchorAttribute": false,
                  "IsMemberSpecificAttribute": false,
                  "IsUIPrefAttr": true,
                  "GivenName": "L1",
                  "PresentationName": "L1",
                  "IsKey": false
                },
                {
                  "Id": "304e572f-fe17-4be2-87bb-469f33bee496",
                  "AttributeName": "Planning Item",
                  "Dimension": "Item",
                  "DimensionId": 2036222,
                  "IsFilter": true,
                  "Axis": "none",
                  "IsDefault": true,
                  "AllSelection": true,
                  "SelectedMembers": [],
                  "Name": "Planning Item",
                  "DimensionName": "Item",
                  "AliasName": "Style Color",
                  "AliasId": "dd46d259-a55d-adb2-838e-b27dd848d904",
                  "AliasType": "AttributeAlias",
                  "OverrideFavSelection": false,
                  "CurrencyFilter": false,
                  "IsSingleSelect": false,
                  "MemberFilterExpression": "",
                  "DefaultValueExpression": "",
                  "WorksheetLevelFilter": false,
                  "SortBy": "",
                  "SortOrder": "",
                  "IsNarrowYourSelection": true,
                  "NarrowSelectionBy": [
                    {
                      "Id": "304e572f-fe17-4be2-87bb-469f33bee496",
                      "Name": "Planning Item",
                      "IsAttribute": true,
                      "ShowAttrInFilter": true
                    },
                    {
                      "Id": "991eb5d9-fb6b-bc3a-72fd-a90c34629398",
                      "Name": "Material",
                      "ShowInAlwaysOnPane": false
                    },
                    {
                      "Id": "6cda709b-8dbe-1224-9a42-d11158cde3dc",
                      "Name": "Price Point",
                      "ShowInAlwaysOnPane": false
                    },
                    {
                      "Id": "72660f3c-c543-26b8-7ad0-ccd9d94b3d33",
                      "Name": "Program Type",
                      "ShowInAlwaysOnPane": false
                    }
                  ],
                  "Position": 50,
                  "UIPreferenceId": "16204ea0-abb9-92bf-1a31-baa745ec900a",
                  "UIPreferenceName": "Placeholder Realization UIPF",
                  "IsAnchorAttribute": false,
                  "IsMemberSpecificAttribute": false,
                  "IsUIPrefAttr": true,
                  "GivenName": "Planning Item",
                  "PresentationName": "Planning Item",
                  "IsKey": false
                }
              ],
              "NamedSets": []
            },
            "Presentation": {
              "LevelAttributes": []
            }
          },
          "CurrencyFilter": false,
          "IsSingleSelect": false,
          "MemberFilterExpression": "",
          "DefaultValueExpression": "",
          "OverrideFavSelection": false,
          "WorksheetLevelFilter": false,
          "HideDummyMembers": false,
          "SortBy": "",
          "SortOrder": "",
          "IsNarrowYourSelection": false
        },
        {
          "Id": "211b33d5-d91f-40ec-9668-20e0da2ae7b3",
          "AttributeName": "Version Name",
          "Dimension": "Version",
          "DimensionId": 3742104,
          "IsFilter": true,
          "Axis": "none",
          "IsDefault": true,
          "AllSelection": false,
          "SelectedMembers": [
            {
              "Name": "CurrentWorkingView"
            }
          ],
          "Name": "Version Name",
          "DimensionName": "Version",
          "OverrideFavSelection": false,
          "IsSingleSelect": true,
          "MemberFilterExpression": "&CWVAndScenarios",
          "DefaultValueExpression": "",
          "WorksheetLevelFilter": false,
          "HideDummyMembers": false,
          "SortBy": "",
          "SortOrder": "",
          "IsNarrowYourSelection": false,
          "Position": 120
        },
        {
          "Id": "2b5a3a2b-d10e-f7b9-61b8-fbcd2c7f5c4a",
          "AttributeName": "Placeholder Realization UIP",
          "Dimension": "UIPreference",
          "IsFilter": false,
          "Axis": "row",
          "IsDefault": true,
          "AllSelection": false,
          "SelectedMembers": [],
          "Name": "Placeholder Realization UIP",
          "DimensionName": "UIPreference",
          "ConfigJson": {
            "ModelDefinition": {
              "LevelAttributes": [
                {
                  "Id": "304e572f-fe17-4be2-87bb-469f33bee496",
                  "AttributeName": "Planning Item",
                  "Dimension": "Item",
                  "EdgeDirection": null,
                  "IsFilter": false,
                  "Axis": "row",
                  "IsDefault": true,
                  "AllSelection": false,
                  "SelectedMembers": [],
                  "Name": "Planning Item",
                  "DimensionName": "Item",
                  "AliasName": "Style Color",
                  "AliasId": "dd46d259-a55d-adb2-838e-b27dd848d904",
                  "AliasType": "AttributeAlias",
                  "IsVisible": true,
                  "IsAttributeRequired": false,
                  "ShowSubtotal": false,
                  "ShowMemberConditionalFormatting": false,
                  "DisplayName": "",
                  "ShortName": "",
                  "SortBy": "",
                  "JoinWithGraph": false,
                  "JoinGraphName": "",
                  "JoinWithNode": "FROM",
                  "UIPreferenceId": "2b5a3a2b-d10e-f7b9-61b8-fbcd2c7f5c4a",
                  "UIPreferenceName": "Placeholder Realization UIP"
                },
                {
                  "Id": "b8a570e9-10f4-43f7-beeb-1bd5bc4384af",
                  "AttributeName": "A1",
                  "Dimension": "Item",
                  "EdgeDirection": null,
                  "IsFilter": false,
                  "Axis": "row",
                  "IsDefault": true,
                  "AllSelection": false,
                  "SelectedMembers": [],
                  "Name": "A1",
                  "DimensionName": "Item",
                  "IsVisible": true,
                  "IsAttributeRequired": false,
                  "ShowSubtotal": false,
                  "ShowMemberConditionalFormatting": false,
                  "DisplayName": "Material",
                  "ShortName": "",
                  "SortBy": "",
                  "JoinWithGraph": false,
                  "JoinGraphName": null,
                  "JoinWithNode": "FROM",
                  "UIPreferenceId": "2b5a3a2b-d10e-f7b9-61b8-fbcd2c7f5c4a",
                  "UIPreferenceName": "Placeholder Realization UIP"
                },
                {
                  "Id": "9cf2f0b1-d6f9-47e4-9741-3614ef588a6a",
                  "AttributeName": "A2",
                  "Dimension": "Item",
                  "EdgeDirection": null,
                  "IsFilter": false,
                  "Axis": "row",
                  "IsDefault": true,
                  "AllSelection": false,
                  "SelectedMembers": [],
                  "Name": "A2",
                  "DimensionName": "Item",
                  "IsVisible": true,
                  "IsAttributeRequired": false,
                  "ShowSubtotal": false,
                  "ShowMemberConditionalFormatting": false,
                  "DisplayName": "Price Point",
                  "ShortName": "",
                  "SortBy": "",
                  "JoinWithGraph": false,
                  "JoinGraphName": null,
                  "JoinWithNode": "FROM",
                  "UIPreferenceId": "2b5a3a2b-d10e-f7b9-61b8-fbcd2c7f5c4a",
                  "UIPreferenceName": "Placeholder Realization UIP"
                },
                {
                  "Id": "e78780e6-1584-4f49-b449-3faaab41c899",
                  "AttributeName": "A3",
                  "Dimension": "Item",
                  "EdgeDirection": null,
                  "IsFilter": false,
                  "Axis": "row",
                  "IsDefault": true,
                  "AllSelection": false,
                  "SelectedMembers": [],
                  "Name": "A3",
                  "DimensionName": "Item",
                  "IsVisible": true,
                  "IsAttributeRequired": false,
                  "ShowSubtotal": false,
                  "ShowMemberConditionalFormatting": false,
                  "DisplayName": "Program Type",
                  "ShortName": "",
                  "SortBy": "",
                  "JoinWithGraph": false,
                  "JoinGraphName": null,
                  "JoinWithNode": "FROM",
                  "UIPreferenceId": "2b5a3a2b-d10e-f7b9-61b8-fbcd2c7f5c4a",
                  "UIPreferenceName": "Placeholder Realization UIP"
                }
              ],
              "NamedSets": []
            },
            "Presentation": {
              "LevelAttributes": [
                {
                  "Id": "304e572f-fe17-4be2-87bb-469f33bee496",
                  "AttributeName": "Planning Item",
                  "Dimension": "Item",
                  "Axis": "row",
                  "ShowInfo": {
                    "ShowDetail": true,
                    "ShowPulse": true,
                    "ShowTask": true,
                    "ShowMarketIntelligence": true
                  },
                  "IsVisible": true,
                  "IsAttributeRequired": false,
                  "ShowSubtotal": false,
                  "ShowMemberConditionalFormatting": false,
                  "UOMMember": "",
                  "DisplayName": "",
                  "ShortName": "",
                  "SortBy": "",
                  "JoinWithGraph": false,
                  "JoinGraphName": "",
                  "JoinWithNode": "FROM",
                  "UIPreferenceId": "2b5a3a2b-d10e-f7b9-61b8-fbcd2c7f5c4a",
                  "UIPreferenceName": "Placeholder Realization UIP",
                  "Name": "Planning Item",
                  "DimensionName": "Item"
                },
                {
                  "Id": "b8a570e9-10f4-43f7-beeb-1bd5bc4384af",
                  "AttributeName": "A1",
                  "Dimension": "Item",
                  "Axis": "row",
                  "ShowInfo": {
                    "ShowDetail": true,
                    "ShowPulse": true,
                    "ShowTask": true,
                    "ShowMarketIntelligence": true
                  },
                  "IsVisible": true,
                  "IsAttributeRequired": false,
                  "ShowSubtotal": false,
                  "ShowMemberConditionalFormatting": false,
                  "UOMMember": null,
                  "DisplayName": "Material",
                  "ShortName": "",
                  "SortBy": "",
                  "JoinWithGraph": false,
                  "JoinGraphName": null,
                  "JoinWithNode": "FROM",
                  "UIPreferenceId": "2b5a3a2b-d10e-f7b9-61b8-fbcd2c7f5c4a",
                  "UIPreferenceName": "Placeholder Realization UIP",
                  "Name": "A1",
                  "DimensionName": "Item"
                },
                {
                  "Id": "9cf2f0b1-d6f9-47e4-9741-3614ef588a6a",
                  "AttributeName": "A2",
                  "Dimension": "Item",
                  "Axis": "row",
                  "ShowInfo": {
                    "ShowDetail": true,
                    "ShowPulse": true,
                    "ShowTask": true,
                    "ShowMarketIntelligence": true
                  },
                  "IsVisible": true,
                  "IsAttributeRequired": false,
                  "ShowSubtotal": false,
                  "ShowMemberConditionalFormatting": false,
                  "UOMMember": null,
                  "DisplayName": "Price Point",
                  "ShortName": "",
                  "SortBy": "",
                  "JoinWithGraph": false,
                  "JoinGraphName": null,
                  "JoinWithNode": "FROM",
                  "UIPreferenceId": "2b5a3a2b-d10e-f7b9-61b8-fbcd2c7f5c4a",
                  "UIPreferenceName": "Placeholder Realization UIP",
                  "Name": "A2",
                  "DimensionName": "Item"
                },
                {
                  "Id": "e78780e6-1584-4f49-b449-3faaab41c899",
                  "AttributeName": "A3",
                  "Dimension": "Item",
                  "Axis": "row",
                  "ShowInfo": {
                    "ShowDetail": true,
                    "ShowPulse": true,
                    "ShowTask": true,
                    "ShowMarketIntelligence": true
                  },
                  "IsVisible": true,
                  "IsAttributeRequired": false,
                  "ShowSubtotal": false,
                  "ShowMemberConditionalFormatting": false,
                  "UOMMember": null,
                  "DisplayName": "Program Type",
                  "ShortName": "",
                  "SortBy": "",
                  "JoinWithGraph": false,
                  "JoinGraphName": null,
                  "JoinWithNode": "FROM",
                  "UIPreferenceId": "2b5a3a2b-d10e-f7b9-61b8-fbcd2c7f5c4a",
                  "UIPreferenceName": "Placeholder Realization UIP",
                  "Name": "A3",
                  "DimensionName": "Item"
                }
              ]
            }
          },
          "IsVisible": true,
          "IsAttributeRequired": false,
          "ShowSubtotal": false,
          "ShowMemberConditionalFormatting": false,
          "DisplayName": "",
          "ShortName": "",
          "SortBy": "",
          "JoinWithGraph": false,
          "JoinGraphName": null,
          "JoinWithNode": "FROM"
        },
        {
          "Id": "b3c47ec4-5781-4f5b-b730-0abb3dcb5574",
          "AttributeName": "Measure",
          "Dimension": "Measure",
          "IsFilter": false,
          "Axis": "column",
          "IsDefault": true,
          "AllSelection": false,
          "SelectedMembers": [],
          "Name": "Measure",
          "DimensionName": "Measure",
          "IsVisible": true,
          "IsAttributeRequired": false,
          "ShowSubtotal": false,
          "ShowMemberConditionalFormatting": false,
          "SortBy": "",
          "JoinWithGraph": false,
          "DisplayName": "",
          "ShortName": "",
          "UOMMember": ""
        }
      ],
      "PeggingAttributes": [],
      "FlowPlanAttributes": [],
      "Hierarchies": [],
      "NamedSets": [],
      "RegularMeasures": [
        {
          "Id": "61da37f7-31cd-2e3d-491c-6db7246dc347",
          "Name": "Style Color User Input"
        },
        {
          "Id": "cda370cf-1062-4edf-9ca5-2911dbc94261",
          "Name": "Added to LineBuild"
        },
        {
          "Id": "fc2444eb-6239-8400-737d-fddc2d1d26be",
          "Name": "Planning Item Status Property"
        }
      ],
      "TransientMeasures": [
        {
          "Id": "c7d9491a-faa4-4e2c-8eee-5b1ab15f90b2",
          "Name": "Realization Status",
          "DisplayName": "Realization Status",
          "Formula": "if(Measure.[Planning Item Status Property] == False) then \"Yes\" else \"No\""
        }
      ],
      "GraphRelations": [],
      "Folders": [],
      "AssociationMeasures": [
        {
          "MeasureFilterIBPLExpression": "Measure.[Added to LineBuild]>0 && Measure.[Is Placeholder Property] == 1",
          "MeasureFilterScope": "Post Filter"
        }
      ],
      "AssociationMeasureExpressions": [
        {
          "Expression": ""
        }
      ],
      "MeasureValueFilters": [],
      "DataProperties": {
        "IncludeInactiveMembers": false,
        "IncludeNulls": true,
        "NullsForFinerGrainSelect": false,
        "NullsForUnrelatedAttrSelect": false,
        "RequireEditValidation": false,
        "SubTotalsType": "NoSubtotals",
        "IncludeNullsForSeries": "",
        "AssociationMeasureExpression": ""
      },
      "FilterProperties": {
        "VersionDependentFilter": false,
        "InterDependentMeasure": {
          "Id": "a7802d8b-c077-4576-1601-67e0e8720c1a",
          "Name": "Current Future L3 SS Association"
        },
        "ExcludeVersionInFavorite": false,
        "StickyDimensionsOnAlwaysOnPane": [
          {
            "DimensionName": "Version",
            "DimensionId": "0d40e77b-9527-489d-a3c9-f8275cd8b0dc",
            "AlwaysShow": false
          }
        ]
      },
      "SortByMeasure": [
        {
          "Measure": null,
          "SortOrder": ""
        }
      ]
    }
  }
}