{
  "Name": "Gauge-Sell Through %",
  "WidgetDefinitionId": "8705f8a5-0215-e914-e98c-838aaec4f2ad",
  "IsPrivate": false,
  "WidgetType": "o9.gaugeChart",
  "ViewWidgetDefinition": null,
  "PageWidgetDefinition": null,
  "CreatedUserEmail": "siya.gurjar@o9solutions.com",
  "ModifiedUserEmail": "suhil.samiulla@o9solutions.com",
  "Roles": null,
  "ConfigJson": {
    "Widget": {
      "Height": 550,
      "ActionButtons": []
    },
    "Presentation": {
      "FilterProperties": "",
      "WidgetName": "o9Gauge",
      "Title": "Gauge Title",
      "IsGraphReport": false,
      "IsMultiGraphReport": false,
      "LevelAttributes": [],
      "FilterGroups": [
        {
          "GroupName": "Version Name",
          "HierarchyId": "",
          "Id": "a43d747d-0555-498d-92ab-c4c75fc01237",
          "Attributes": [
            "211b33d5-d91f-40ec-9668-20e0da2ae7b3"
          ]
        },
        {
          "GroupName": "L3",
          "HierarchyId": "3a9dfac3-b140-44c3-93b2-35103814b24d",
          "Id": "aacc1c6e-ac8c-4f3f-8a8f-ec24dac7bf5c",
          "Attributes": [
            "42f1420f-c03e-47f1-8171-47d931aaa6e7",
            "c8215069-c134-49e6-a1de-5f681eb07b83"
          ]
        },
        {
          "GroupName": "Sales Planning Channel",
          "HierarchyId": "8b997c33-e641-8ddd-be78-021f7472f22f",
          "Id": "ddf47f0e-1ef9-476d-9647-6d3c8d8ce2d3",
          "Attributes": [
            "0c4d82ca-2fbe-c1e8-f6c5-51ffdcf84efc"
          ]
        },
        {
          "GroupName": "Location Country",
          "HierarchyId": "1f68f135-2c92-4f44-8722-a8a3e921eb8e",
          "Id": "dd5f950d-5f1f-474c-9b53-0462288987a4",
          "Attributes": [
            "d00b8ae3-4077-4366-87b7-cf97749f44db"
          ]
        },
        {
          "GroupName": "Selling Season",
          "HierarchyId": "",
          "Id": "c8fa673d-8b18-45d9-8f67-76e5f5c82c78",
          "Attributes": [
            "56b72eb0-2d21-d392-f36d-296d4e622245"
          ]
        },
        {
          "GroupName": "Week",
          "HierarchyId": "6deaa3e1-5314-415f-8f0a-654d1a7e59ed",
          "Id": "aab9fd45-dd5e-4d24-81de-5f87797271c2",
          "Attributes": [
            "ed4df28f-92ef-4cd4-951e-9bde63603b44",
            "b798604c-0140-4e29-9b8e-16eb427a4105",
            "957e580c-16e5-44fa-9974-220e3e4ed749"
          ]
        }
      ],
      "MeasureCollections": [
        {
          "Measures": [
            {
              "Name": "Sell Through %",
              "Id": "797c54d1-d82c-4e41-bd22-155ec23f56df",
              "IsTransient": true,
              "MeasureAs": "Achieved",
              "Format": "0.00%",
              "DisplayName": "",
              "Color": "rgba(14, 151, 222, 1)",
              "Label": "Sell Through %",
              "Formula": "Measure.[Sales Units Actuals L3 LC]/sum(Measure.[Sales Units Actuals L3 LC],Measure.[On Hand L3 LC])",
              "ShowInfo": {
                "ShowDetail": true,
                "ShowPulse": true,
                "ShowTask": true,
                "ShowMarketIntelligence": true
              },
              "ChildMeasureCollections": null
            }
          ]
        },
        {
          "Measures": [
            {
              "Name": "Target Sell Through %",
              "Id": "cfd16b93-5333-4970-b121-86f68124348d",
              "IsTransient": true,
              "MeasureAs": "Target",
              "Format": "0%",
              "DisplayName": "",
              "Color": "rgba(202, 222, 239, 1)",
              "Label": "Target Sell Through %",
              "Formula": "Measure.[Sales Units Actuals L3 LC]/Measure.[Sales Units Actuals L3 LC]",
              "ShowInfo": {
                "ShowDetail": true,
                "ShowPulse": true,
                "ShowTask": true,
                "ShowMarketIntelligence": true
              },
              "ChildMeasureCollections": null
            }
          ]
        }
      ],
      "MeasureCollections2": [],
      "AlwaysOnMeasureCollections": [],
      "GraphRelations": [],
      "Folders": []
    }
  },
  "WidgetKeywordTags": [],
  "DimensionAttributeUsages": [],
  "WidgetModel": {
    "WidgetModelId": "74083b68-3445-4bed-b9a2-fb3d27c17ce8",
    "ConfigJson": {
      "LevelAttributes": [
        {
          "Id": "56b72eb0-2d21-d392-f36d-296d4e622245",
          "AttributeName": "Selling Season",
          "Dimension": "Selling Season",
          "DimensionId": 2642482,
          "IsFilter": true,
          "Axis": "none",
          "IsDefault": true,
          "AllSelection": false,
          "SelectedMembers": [
            {
              "Name": "SP21",
              "DisplayAlias": null
            }
          ],
          "Name": "Selling Season",
          "DimensionName": "Selling Season",
          "OverrideFavSelection": false,
          "CurrencyFilter": false,
          "IsSingleSelect": true,
          "MemberFilterExpression": "&APSellingSeasons",
          "DefaultValueExpression": "",
          "WorksheetLevelFilter": false,
          "HideDummyMembers": false,
          "SortBy": "Key",
          "SortOrder": "Ascending",
          "IsNarrowYourSelection": false,
          "Position": -550
        },
        {
          "Id": "c8215069-c134-49e6-a1de-5f681eb07b83",
          "AttributeName": "L3",
          "Dimension": "Item",
          "DimensionId": 2642421,
          "IsFilter": true,
          "Axis": "none",
          "IsDefault": true,
          "AllSelection": false,
          "SelectedMembers": [
            {
              "Name": "B1-C-M-SH-FR",
              "DisplayAlias": null
            }
          ],
          "Name": "L3",
          "DimensionName": "Item",
          "AliasName": "Class",
          "AliasId": "f152462b-941f-7e6e-d0fe-ecd1c812239c",
          "AliasType": "AttributeAlias",
          "OverrideFavSelection": false,
          "CurrencyFilter": false,
          "IsSingleSelect": false,
          "MemberFilterExpression": "",
          "DefaultValueExpression": "",
          "WorksheetLevelFilter": false,
          "HideDummyMembers": false,
          "SortBy": "",
          "SortOrder": "",
          "IsNarrowYourSelection": false,
          "Position": 50
        },
        {
          "Id": "42f1420f-c03e-47f1-8171-47d931aaa6e7",
          "AttributeName": "L4",
          "Dimension": "Item",
          "DimensionId": 2642421,
          "IsFilter": true,
          "Axis": "none",
          "IsDefault": true,
          "AllSelection": true,
          "SelectedMembers": [],
          "Name": "L4",
          "DimensionName": "Item",
          "AliasName": "Department",
          "AliasId": "062348a8-7aec-2f10-6a91-25531f6e57a4",
          "AliasType": "AttributeAlias",
          "OverrideFavSelection": false,
          "CurrencyFilter": false,
          "IsSingleSelect": false,
          "MemberFilterExpression": "",
          "DefaultValueExpression": "",
          "WorksheetLevelFilter": false,
          "HideDummyMembers": false,
          "SortBy": "",
          "SortOrder": "",
          "IsNarrowYourSelection": false,
          "Position": 50
        },
        {
          "Id": "0c4d82ca-2fbe-c1e8-f6c5-51ffdcf84efc",
          "AttributeName": "Sales Planning Channel",
          "Dimension": "Sales Domain",
          "DimensionId": 2642418,
          "IsFilter": true,
          "Axis": "none",
          "IsDefault": true,
          "AllSelection": true,
          "SelectedMembers": [],
          "Name": "Sales Planning Channel",
          "DimensionName": "Sales Domain",
          "OverrideFavSelection": false,
          "CurrencyFilter": false,
          "IsSingleSelect": false,
          "MemberFilterExpression": "&APChannels",
          "DefaultValueExpression": "",
          "WorksheetLevelFilter": false,
          "HideDummyMembers": false,
          "SortBy": "",
          "SortOrder": "",
          "IsNarrowYourSelection": false,
          "Position": 60
        },
        {
          "Id": "d00b8ae3-4077-4366-87b7-cf97749f44db",
          "AttributeName": "Location Country",
          "Dimension": "Location",
          "DimensionId": 2642405,
          "IsFilter": true,
          "Axis": "none",
          "IsDefault": true,
          "AllSelection": false,
          "SelectedMembers": [
            {
              "Name": "USA",
              "DisplayAlias": null
            }
          ],
          "Name": "Location Country",
          "DimensionName": "Location",
          "AliasName": "Country",
          "AliasId": "47690e8c-bf7f-abdd-8250-0bc27e856388",
          "AliasType": "AttributeAlias",
          "OverrideFavSelection": false,
          "CurrencyFilter": false,
          "IsSingleSelect": false,
          "MemberFilterExpression": "",
          "DefaultValueExpression": "",
          "WorksheetLevelFilter": false,
          "HideDummyMembers": false,
          "SortBy": "",
          "SortOrder": "",
          "IsNarrowYourSelection": false,
          "Position": 70
        },
        {
          "Id": "211b33d5-d91f-40ec-9668-20e0da2ae7b3",
          "AttributeName": "Version Name",
          "Dimension": "Version",
          "DimensionId": 2642334,
          "IsFilter": true,
          "Axis": "none",
          "IsDefault": true,
          "AllSelection": false,
          "SelectedMembers": [
            {
              "Name": "CurrentWorkingView",
              "DisplayAlias": null
            }
          ],
          "Name": "Version Name",
          "DimensionName": "Version",
          "OverrideFavSelection": false,
          "IsSingleSelect": true,
          "MemberFilterExpression": "&CWVAndScenarios",
          "DefaultValueExpression": "",
          "WorksheetLevelFilter": false,
          "HideDummyMembers": false,
          "SortBy": "",
          "SortOrder": "",
          "IsNarrowYourSelection": false,
          "Position": 120
        },
        {
          "Id": "ed4df28f-92ef-4cd4-951e-9bde63603b44",
          "AttributeName": "Planning Quarter",
          "Dimension": "Time",
          "DimensionId": 2642436,
          "IsFilter": true,
          "Axis": "none",
          "IsDefault": true,
          "AllSelection": true,
          "SelectedMembers": [],
          "Name": "Planning Quarter",
          "DimensionName": "Time",
          "OverrideFavSelection": false,
          "CurrencyFilter": false,
          "RangeSelection": false,
          "CalendarSelection": false,
          "RollingTime": false,
          "IsSingleSelect": false,
          "MemberFilterExpression": "",
          "DefaultValueExpression": "",
          "WorksheetLevelFilter": false,
          "HideDummyMembers": false,
          "IsNarrowYourSelection": false,
          "Position": 290
        },
        {
          "Id": "b798604c-0140-4e29-9b8e-16eb427a4105",
          "AttributeName": "Planning Month",
          "Dimension": "Time",
          "DimensionId": 2642436,
          "IsFilter": true,
          "Axis": "none",
          "IsDefault": true,
          "AllSelection": true,
          "SelectedMembers": [],
          "Name": "Planning Month",
          "DimensionName": "Time",
          "OverrideFavSelection": false,
          "CurrencyFilter": false,
          "RangeSelection": false,
          "CalendarSelection": false,
          "RollingTime": false,
          "IsSingleSelect": false,
          "MemberFilterExpression": "",
          "DefaultValueExpression": "",
          "WorksheetLevelFilter": false,
          "HideDummyMembers": false,
          "IsNarrowYourSelection": false,
          "Position": 290
        },
        {
          "Id": "957e580c-16e5-44fa-9974-220e3e4ed749",
          "AttributeName": "Week",
          "Dimension": "Time",
          "DimensionId": 2642436,
          "IsFilter": true,
          "Axis": "none",
          "IsDefault": true,
          "AllSelection": true,
          "SelectedMembers": [],
          "Name": "Week",
          "DimensionName": "Time",
          "OverrideFavSelection": false,
          "CurrencyFilter": false,
          "RangeSelection": false,
          "CalendarSelection": false,
          "RollingTime": false,
          "IsSingleSelect": false,
          "MemberFilterExpression": "",
          "DefaultValueExpression": "",
          "WorksheetLevelFilter": false,
          "HideDummyMembers": false,
          "IsNarrowYourSelection": false,
          "Position": 290
        }
      ],
      "PeggingAttributes": [],
      "FlowPlanAttributes": [],
      "Hierarchies": [],
      "NamedSets": [],
      "RegularMeasures": [],
      "TransientMeasures": [
        {
          "Id": "797c54d1-d82c-4e41-bd22-155ec23f56df",
          "Name": "Sell Through %",
          "DisplayName": "Sell Through %",
          "Formula": "Measure.[Sales Units Actuals L3 LC]/sum(Measure.[Sales Units Actuals L3 LC],Measure.[On Hand L3 LC])",
          "DisplayFormat": "0.00%"
        },
        {
          "Id": "cfd16b93-5333-4970-b121-86f68124348d",
          "Name": "Target Sell Through %",
          "DisplayName": "Target Sell Through %",
          "Formula": "Measure.[Sales Units Actuals L3 LC]/Measure.[Sales Units Actuals L3 LC]",
          "DisplayFormat": "0%"
        }
      ],
      "GraphRelations": [],
      "Folders": [],
      "AssociationMeasures": [
        {}
      ],
      "AssociationMeasureExpressions": [
        {}
      ],
      "DataProperties": {
        "IncludeInactiveMembers": false,
        "IncludeNulls": false
      },
      "FilterProperties": {
        "VersionDependentFilter": false,
        "ExcludeVersionInFavorite": false
      },
      "FilterGroups": [
        {
          "Id": "a43d747d-0555-498d-92ab-c4c75fc01237",
          "GroupName": "Version Name",
          "HierarchyId": "",
          "IsHierGroup": false,
          "Attributes": [
            {
              "AttributeId": 15755796,
              "AttributeName": "Version Name",
              "LevelPosition": 0,
              "AttributeGuid": "211b33d5-d91f-40ec-9668-20e0da2ae7b3",
              "IsKey": true,
              "GivenName": "Version Name",
              "PresentationName": "Version Name"
            }
          ],
          "IsNamedSet": false,
          "DimensionId": 2642334,
          "DimensionName": "Version"
        },
        {
          "Id": "aacc1c6e-ac8c-4f3f-8a8f-ec24dac7bf5c",
          "DimensionId": 2642421,
          "DimensionName": "Item",
          "GroupName": "L3",
          "HierarchyId": "3a9dfac3-b140-44c3-93b2-35103814b24d",
          "HierarchyName": "Item Hierarchy",
          "IsHierGroup": false,
          "Attributes": [
            {
              "Id": 6142624,
              "LevelName": "L4",
              "LevelId": "ac34c1f3-529a-4fcb-86e5-a56b6082f262",
              "AttributeId": 15756320,
              "AttributeName": "L4",
              "LevelPosition": 3,
              "HierarchyId": 1429051,
              "AttributeGuid": "42f1420f-c03e-47f1-8171-47d931aaa6e7",
              "IsUIPrefAttr": false,
              "PresentationName": "L4",
              "GivenName": "L4",
              "TranslationName": "None"
            },
            {
              "Id": 6142625,
              "LevelName": "L3",
              "LevelId": "8811e6da-94eb-48bb-9721-4e62ec1d213a",
              "AttributeId": 15756404,
              "AttributeName": "L3",
              "LevelPosition": 4,
              "HierarchyId": 1429051,
              "AttributeGuid": "c8215069-c134-49e6-a1de-5f681eb07b83",
              "IsUIPrefAttr": false,
              "PresentationName": "L3",
              "GivenName": "L3",
              "TranslationName": "None"
            }
          ],
          "IsNamedSet": false
        },
        {
          "Id": "ddf47f0e-1ef9-476d-9647-6d3c8d8ce2d3",
          "DimensionId": 2642418,
          "DimensionName": "Sales Domain",
          "GroupName": "Sales Planning Channel",
          "HierarchyId": "8b997c33-e641-8ddd-be78-021f7472f22f",
          "HierarchyName": "Retail Sales Domain Hierarchy",
          "IsHierGroup": false,
          "Attributes": [
            {
              "Id": 6142585,
              "LevelName": "Sales Planning Channel",
              "LevelId": "37b045b6-207b-d9d0-f673-bf679917b1cd",
              "AttributeId": 15756290,
              "AttributeName": "Sales Planning Channel",
              "LevelPosition": 1,
              "HierarchyId": 1429044,
              "AttributeGuid": "0c4d82ca-2fbe-c1e8-f6c5-51ffdcf84efc",
              "IsUIPrefAttr": false,
              "PresentationName": "Sales Planning Channel",
              "GivenName": "Sales Planning Channel",
              "TranslationName": "None"
            }
          ],
          "IsNamedSet": false
        },
        {
          "Id": "dd5f950d-5f1f-474c-9b53-0462288987a4",
          "DimensionId": 2642405,
          "DimensionName": "Location",
          "GroupName": "Location Country",
          "HierarchyId": "1f68f135-2c92-4f44-8722-a8a3e921eb8e",
          "HierarchyName": "Location Hierarchy",
          "IsHierGroup": false,
          "Attributes": [
            {
              "Id": 6142505,
              "LevelName": "Location Country",
              "LevelId": "80d561be-3bff-431b-b251-1d0f38c883ea",
              "AttributeId": 15756146,
              "AttributeName": "Location Country",
              "LevelPosition": 1,
              "HierarchyId": 1429029,
              "AttributeGuid": "d00b8ae3-4077-4366-87b7-cf97749f44db",
              "IsUIPrefAttr": false,
              "PresentationName": "Location Country",
              "GivenName": "Location Country",
              "TranslationName": "None"
            }
          ],
          "IsNamedSet": false
        },
        {
          "Id": "c8fa673d-8b18-45d9-8f67-76e5f5c82c78",
          "GroupName": "Selling Season",
          "HierarchyId": "",
          "IsHierGroup": false,
          "Attributes": [
            {
              "AttributeId": 15756820,
              "AttributeName": "Selling Season",
              "LevelPosition": 0,
              "AttributeGuid": "56b72eb0-2d21-d392-f36d-296d4e622245",
              "IsKey": true,
              "GivenName": "Selling Season",
              "PresentationName": "Selling Season"
            }
          ],
          "IsNamedSet": false,
          "DimensionId": 2642482,
          "DimensionName": "Selling Season"
        },
        {
          "Id": "aab9fd45-dd5e-4d24-81de-5f87797271c2",
          "DimensionId": 2642436,
          "DimensionName": "Time",
          "GroupName": "Week",
          "HierarchyId": "6deaa3e1-5314-415f-8f0a-654d1a7e59ed",
          "HierarchyName": "MP Telescopic Hierarchy",
          "IsHierGroup": false,
          "Attributes": [
            {
              "Id": 6142669,
              "LevelName": "Planning Quarter",
              "LevelId": "122be478-0020-4d1e-875b-bfc1f970471a",
              "AttributeId": 15756595,
              "AttributeName": "Planning Quarter",
              "LevelPosition": 2,
              "HierarchyId": 1429060,
              "AttributeGuid": "ed4df28f-92ef-4cd4-951e-9bde63603b44",
              "IsUIPrefAttr": false,
              "PresentationName": "Planning Quarter",
              "GivenName": "Planning Quarter",
              "TranslationName": "None"
            },
            {
              "Id": 6142670,
              "LevelName": "Planning Month",
              "LevelId": "437600af-855c-4ff7-944f-9b8c3230fd2e",
              "AttributeId": 15756584,
              "AttributeName": "Planning Month",
              "LevelPosition": 3,
              "HierarchyId": 1429060,
              "AttributeGuid": "b798604c-0140-4e29-9b8e-16eb427a4105",
              "IsUIPrefAttr": false,
              "PresentationName": "Planning Month",
              "GivenName": "Planning Month",
              "TranslationName": "None"
            },
            {
              "Id": 6142673,
              "LevelName": "Week",
              "LevelId": "d60c81a7-35b7-4660-b650-bf0b8a616820",
              "AttributeId": 15756548,
              "AttributeName": "Week",
              "LevelPosition": 6,
              "HierarchyId": 1429060,
              "AttributeGuid": "957e580c-16e5-44fa-9974-220e3e4ed749",
              "IsUIPrefAttr": false,
              "PresentationName": "Week",
              "GivenName": "Week",
              "TranslationName": "None"
            }
          ],
          "IsNamedSet": false
        }
      ]
    }
  }
}