{
  "Name": "Historical Sales-Horizontal Chart",
  "WidgetDefinitionId": "aa2dc1d2-05cd-4eef-9b6a-c50378216721",
  "IsPrivate": false,
  "WidgetType": "o9.horizontalBarChart",
  "ViewWidgetDefinition": null,
  "PageWidgetDefinition": null,
  "CreatedUserEmail": "abhijit.aggarwal@o9solutions.com",
  "ModifiedUserEmail": "janhavi.sunil@o9solutions.com",
  "Roles": null,
  "ConfigJson": {
    "Widget": {
      "Height": 550,
      "ActionButtons": []
    },
    "Presentation": {
      "FilterProperties": "",
      "Y1": {
        "Min": "",
        "Max": "",
        "Format": ""
      },
      "XAxis": {
        "EnableSort": false,
        "SortDirection": "Descending",
        "SortLimit": "0"
      },
      "MemberStackAttr": {},
      "IsGraphReport": false,
      "IsMultiGraphReport": false,
      "LevelAttributes": [
        {
          "Id": "d00b8ae3-4077-4366-87b7-cf97749f44db",
          "AttributeName": "Location Country",
          "Dimension": "Location",
          "Axis": "row",
          "ShowInfo": {
            "ShowDetail": true,
            "ShowPulse": true,
            "ShowTask": true,
            "ShowMarketIntelligence": true
          },
          "IsDefault": true,
          "ShortName": "",
          "SortBy": "",
          "SortOrder": ""
        },
        {
          "Id": "0c4d82ca-2fbe-c1e8-f6c5-51ffdcf84efc",
          "AttributeName": "Sales Planning Channel",
          "Dimension": "Sales Domain",
          "Axis": "row",
          "ShowInfo": {
            "ShowDetail": true,
            "ShowPulse": true,
            "ShowTask": true,
            "ShowMarketIntelligence": true
          },
          "IsDefault": false,
          "ShortName": "",
          "SortBy": "",
          "SortOrder": ""
        }
      ],
      "MeasureCollections": [
        {
          "Measures": [
            {
              "Name": "Full Price Sales Value",
              "Id": "76fe3294-f142-4da6-a46a-92cc177ed230",
              "Visible": true,
              "Type": "Bar",
              "Color": "",
              "Format": "",
              "ShowInfo": {
                "ShowDetail": true,
                "ShowPulse": true,
                "ShowTask": true,
                "ShowMarketIntelligence": true
              },
              "ChildMeasureCollections": null
            }
          ]
        },
        {
          "Measures": [
            {
              "Name": "Margin Actuals",
              "Id": "2c0c0ba4-b43a-4ff2-9dd8-702bd6566c9a",
              "Visible": true,
              "Type": "Bar",
              "Color": "",
              "Format": "",
              "ShowInfo": {
                "ShowDetail": true,
                "ShowPulse": true,
                "ShowTask": true,
                "ShowMarketIntelligence": true
              },
              "ChildMeasureCollections": null
            }
          ]
        }
      ],
      "MeasureCollections2": [],
      "GraphRelations": [],
      "Folders": []
    }
  },
  "WidgetKeywordTags": [],
  "DimensionAttributeUsages": [],
  "WidgetModel": {
    "WidgetModelId": "9e4f93f6-d7cb-4a77-8455-bcb2c2c4a909",
    "ConfigJson": {
      "LevelAttributes": [
        {
          "Id": "56b72eb0-2d21-d392-f36d-296d4e622245",
          "AttributeName": "Selling Season",
          "Dimension": "Selling Season",
          "DimensionId": 1471636,
          "IsFilter": true,
          "Axis": "none",
          "IsDefault": true,
          "AllSelection": true,
          "SelectedMembers": [],
          "Name": "Selling Season",
          "DimensionName": "Selling Season",
          "OverrideFavSelection": false,
          "CurrencyFilter": false,
          "IsSingleSelect": false,
          "MemberFilterExpression": "&APPastSeasons",
          "DefaultValueExpression": "",
          "WorksheetLevelFilter": false,
          "SortBy": "",
          "SortOrder": "",
          "IsNarrowYourSelection": false,
          "Position": -550
        },
        {
          "Id": "c8215069-c134-49e6-a1de-5f681eb07b83",
          "AttributeName": "L3",
          "Dimension": "Item",
          "DimensionId": 1471580,
          "IsFilter": true,
          "Axis": "none",
          "IsDefault": true,
          "AllSelection": true,
          "SelectedMembers": [],
          "Name": "L3",
          "DimensionName": "Item",
          "AliasName": "Class",
          "AliasId": "f152462b-941f-7e6e-d0fe-ecd1c812239c",
          "AliasType": "AttributeAlias",
          "OverrideFavSelection": false,
          "CurrencyFilter": false,
          "IsSingleSelect": false,
          "MemberFilterExpression": "&APClasses",
          "DefaultValueExpression": "",
          "WorksheetLevelFilter": false,
          "SortBy": "Name",
          "SortOrder": "Ascending",
          "IsNarrowYourSelection": false,
          "Position": 50
        },
        {
          "Id": "211b33d5-d91f-40ec-9668-20e0da2ae7b3",
          "AttributeName": "Version Name",
          "Dimension": "Version",
          "DimensionId": 1471508,
          "IsFilter": true,
          "Axis": "none",
          "IsDefault": true,
          "AllSelection": false,
          "SelectedMembers": [
            {
              "Name": "CurrentWorkingView"
            }
          ],
          "Name": "Version Name",
          "DimensionName": "Version",
          "OverrideFavSelection": false,
          "IsSingleSelect": true,
          "MemberFilterExpression": "&CWVAndScenarios",
          "DefaultValueExpression": "",
          "WorksheetLevelFilter": false,
          "SortBy": "",
          "SortOrder": "",
          "IsNarrowYourSelection": false,
          "Position": 120
        },
        {
          "Id": "d00b8ae3-4077-4366-87b7-cf97749f44db",
          "AttributeName": "Location Country",
          "Dimension": "Location",
          "EdgeDirection": null,
          "IsFilter": false,
          "Axis": "row",
          "IsDefault": true,
          "AllSelection": false,
          "SelectedMembers": [],
          "Name": "Location Country",
          "DimensionName": "Location",
          "AliasName": "Country",
          "AliasId": "47690e8c-bf7f-abdd-8250-0bc27e856388",
          "AliasType": "AttributeAlias",
          "ShortName": "",
          "SortBy": "",
          "SortOrder": ""
        },
        {
          "Id": "0c4d82ca-2fbe-c1e8-f6c5-51ffdcf84efc",
          "AttributeName": "Sales Planning Channel",
          "Dimension": "Sales Domain",
          "EdgeDirection": null,
          "IsFilter": false,
          "Axis": "row",
          "IsDefault": false,
          "AllSelection": false,
          "SelectedMembers": [],
          "Name": "Sales Planning Channel",
          "DimensionName": "Sales Domain",
          "ShortName": "",
          "SortBy": "",
          "SortOrder": ""
        }
      ],
      "PeggingAttributes": [],
      "FlowPlanAttributes": [],
      "NamedSets": [],
      "RegularMeasures": [
        {
          "Id": "76fe3294-f142-4da6-a46a-92cc177ed230",
          "Name": "Full Price Sales Value"
        },
        {
          "Id": "2c0c0ba4-b43a-4ff2-9dd8-702bd6566c9a",
          "Name": "Margin Actuals"
        }
      ],
      "TransientMeasures": [],
      "GraphRelations": [],
      "Folders": [],
      "AssociationMeasures": [
        {
          "MeasureFilterIBPLExpression": "",
          "MeasureFilterScope": "Post Filter"
        }
      ],
      "AssociationMeasureExpressions": [
        {
          "Expression": ""
        }
      ],
      "DataProperties": {
        "IncludeInactiveMembers": false,
        "IncludeNulls": false,
        "NullsForFinerGrainSelect": false,
        "NullsForUnrelatedAttrSelect": false,
        "SubTotalsType": "NoSubtotals",
        "IncludeNullsForSeries": "",
        "AssociationMeasureExpression": "",
        "MeasureValueFilters": ""
      },
      "FilterProperties": {
        "VersionDependentFilter": false,
        "ExcludeVersionInFavorite": false
      }
    }
  }
}