{
  "Name": "Historical Graph",
  "WidgetDefinitionId": "e8b69abf-b46d-4b5c-b17e-d40133d12587",
  "IsPrivate": false,
  "WidgetType": "o9.linechart",
  "ViewWidgetDefinition": null,
  "PageWidgetDefinition": null,
  "CreatedUserEmail": "abhijit.aggarwal@o9solutions.com",
  "ModifiedUserEmail": "janhavi.sunil@o9solutions.com",
  "Roles": [
    "public"
  ],
  "ConfigJson": {
    "Widget": {
      "Height": 550,
      "ActionButtons": []
    },
    "Presentation": {
      "FilterProperties": "",
      "Cumulative": "Enable",
      "EnableComparison": false,
      "EnableMultiVersionMultiMeasure": false,
      "Y1": {
        "Min": "",
        "Max": "",
        "Format": ""
      },
      "Y2": {
        "Min": "",
        "Max": "",
        "Format": ""
      },
      "XAxis": {
        "EnableSort": false,
        "SortDirection": "Descending",
        "SortLimit": "0"
      },
      "IsGraphReport": false,
      "IsMultiGraphReport": false,
      "LevelAttributes": [
        {
          "Id": "6d6e3b0c-3cbf-d12b-3403-060f46e0ef28",
          "AttributeName": "Post Game Analysis Time UIP",
          "Dimension": "UIPreference",
          "ConfigJson": {
            "ModelDefinition": {
              "LevelAttributes": [
                {
                  "Id": "b798604c-0140-4e29-9b8e-16eb427a4105",
                  "AttributeName": "Planning Month",
                  "Dimension": "Time",
                  "EdgeDirection": null,
                  "IsFilter": false,
                  "Axis": "row",
                  "IsDefault": true,
                  "AllSelection": false,
                  "SelectedMembers": [],
                  "Name": "Planning Month",
                  "DimensionName": "Time",
                  "ShortName": "",
                  "XAxisSelectedMember": "",
                  "UIPreferenceId": "6d6e3b0c-3cbf-d12b-3403-060f46e0ef28",
                  "UIPreferenceName": "Post Game Analysis Time UIP"
                },
                {
                  "Id": "ed4df28f-92ef-4cd4-951e-9bde63603b44",
                  "AttributeName": "Planning Quarter",
                  "Dimension": "Time",
                  "EdgeDirection": null,
                  "IsFilter": false,
                  "Axis": "row",
                  "IsDefault": false,
                  "AllSelection": false,
                  "SelectedMembers": [],
                  "Name": "Planning Quarter",
                  "DimensionName": "Time",
                  "ShortName": "",
                  "XAxisSelectedMember": "",
                  "SortBy": "",
                  "SortOrder": "",
                  "UIPreferenceId": "6d6e3b0c-3cbf-d12b-3403-060f46e0ef28",
                  "UIPreferenceName": "Post Game Analysis Time UIP"
                }
              ],
              "NamedSets": []
            },
            "Presentation": {
              "LevelAttributes": [
                {
                  "Id": "b798604c-0140-4e29-9b8e-16eb427a4105",
                  "AttributeName": "Planning Month",
                  "Dimension": "Time",
                  "Axis": "row",
                  "ShowInfo": {
                    "ShowDetail": true,
                    "ShowPulse": true,
                    "ShowTask": true,
                    "ShowMarketIntelligence": true
                  },
                  "IsDefault": true,
                  "ShortName": "",
                  "XAxisSelectedMember": "",
                  "UIPreferenceId": "6d6e3b0c-3cbf-d12b-3403-060f46e0ef28",
                  "UIPreferenceName": "Post Game Analysis Time UIP",
                  "Name": "Planning Month",
                  "DimensionName": "Time"
                },
                {
                  "Id": "ed4df28f-92ef-4cd4-951e-9bde63603b44",
                  "AttributeName": "Planning Quarter",
                  "Dimension": "Time",
                  "Axis": "row",
                  "ShowInfo": {
                    "ShowDetail": true,
                    "ShowPulse": true,
                    "ShowTask": true,
                    "ShowMarketIntelligence": true
                  },
                  "IsDefault": false,
                  "ShortName": "",
                  "XAxisSelectedMember": "",
                  "SortBy": "",
                  "SortOrder": "",
                  "UIPreferenceId": "6d6e3b0c-3cbf-d12b-3403-060f46e0ef28",
                  "UIPreferenceName": "Post Game Analysis Time UIP",
                  "Name": "Planning Quarter",
                  "DimensionName": "Time"
                }
              ]
            }
          },
          "Axis": "row",
          "ShowInfo": {
            "ShowDetail": true,
            "ShowPulse": true,
            "ShowTask": true,
            "ShowMarketIntelligence": true
          },
          "IsDefault": false,
          "ShortName": "",
          "XAxisSelectedMember": "",
          "SortBy": "",
          "SortOrder": ""
        }
      ],
      "FilterGroups": [
        {
          "GroupName": "L3",
          "HierarchyId": "3a9dfac3-b140-44c3-93b2-35103814b24d",
          "Id": "c47db071-e215-4540-9bfa-e90d37fa58ff",
          "Attributes": [
            "42f1420f-c03e-47f1-8171-47d931aaa6e7",
            "c8215069-c134-49e6-a1de-5f681eb07b83"
          ]
        },
        {
          "GroupName": "Version Name",
          "HierarchyId": "",
          "Id": "df6b42bf-331c-4074-a044-1758537987a4",
          "Attributes": [
            "211b33d5-d91f-40ec-9668-20e0da2ae7b3"
          ]
        }
      ],
      "MeasureCollections": [
        {
          "Measures": [
            {
              "Name": "Sales Units Actuals",
              "Id": "bcf3e8d7-9acb-4c93-8f46-39ffae60e406",
              "Visible": true,
              "Type": "Member Stacked",
              "MemberInfo": [
                {
                  "MemberAttribute": "L4",
                  "SortBy": "",
                  "SortOrder": ""
                }
              ],
              "ShowPointLabel": false,
              "Format": "",
              "ThresholdInfo": [
                {
                  "ThresholdVal": 0,
                  "ColorForNegVal": ""
                }
              ],
              "ShowMarker": false,
              "MarkerInfo": [
                {
                  "MarkerColor": "",
                  "MarkerSize": 10,
                  "MarkerLineWidth": 3,
                  "MarkerStyle": "circle"
                }
              ],
              "ShowPopover": true,
              "OtherMeasures": [
                "bcf3e8d7-9acb-4c93-8f46-39ffae60e406"
              ],
              "ShowInfo": {
                "ShowDetail": true,
                "ShowPulse": true,
                "ShowTask": true,
                "ShowMarketIntelligence": true
              },
              "ChildMeasureCollections": null
            }
          ]
        }
      ],
      "MeasureCollections2": [],
      "AlwaysOnMeasureCollections": [],
      "GraphRelations": [],
      "Folders": []
    }
  },
  "WidgetKeywordTags": [],
  "DimensionAttributeUsages": [],
  "WidgetModel": {
    "WidgetModelId": "aff0a813-9309-414b-a6df-6c813368a8fe",
    "ConfigJson": {
      "LevelAttributes": [
        {
          "Id": "42f1420f-c03e-47f1-8171-47d931aaa6e7",
          "AttributeName": "L4",
          "Dimension": "Item",
          "DimensionId": 3059756,
          "IsFilter": true,
          "Axis": "none",
          "IsDefault": true,
          "AllSelection": true,
          "SelectedMembers": [],
          "Name": "L4",
          "DimensionName": "Item",
          "AliasName": "Department",
          "AliasId": "062348a8-7aec-2f10-6a91-25531f6e57a4",
          "AliasType": "AttributeAlias",
          "OverrideFavSelection": false,
          "CurrencyFilter": false,
          "IsSingleSelect": false,
          "MemberFilterExpression": "",
          "DefaultValueExpression": "",
          "WorksheetLevelFilter": false,
          "HideDummyMembers": false,
          "SortBy": "",
          "SortOrder": "",
          "IsNarrowYourSelection": false,
          "Position": 50
        },
        {
          "Id": "211b33d5-d91f-40ec-9668-20e0da2ae7b3",
          "AttributeName": "Version Name",
          "Dimension": "Version",
          "DimensionId": 3059664,
          "IsFilter": true,
          "Axis": "none",
          "IsDefault": true,
          "AllSelection": false,
          "SelectedMembers": [
            {
              "Name": "CurrentWorkingView"
            }
          ],
          "Name": "Version Name",
          "DimensionName": "Version",
          "OverrideFavSelection": false,
          "IsSingleSelect": false,
          "MemberFilterExpression": "",
          "DefaultValueExpression": "",
          "WorksheetLevelFilter": false,
          "HideDummyMembers": false,
          "SortBy": "",
          "SortOrder": "",
          "IsNarrowYourSelection": false,
          "Position": 120
        },
        {
          "Id": "ed73a849-1abb-eff8-1c49-189b09ae2f6e",
          "AttributeName": "Post Game Analysis UIPF",
          "Dimension": "UIPreference",
          "IsFilter": true,
          "Axis": "none",
          "IsDefault": true,
          "AllSelection": true,
          "SelectedMembers": [],
          "Name": "Post Game Analysis UIPF",
          "DimensionName": "UIPreference",
          "ConfigJson": {
            "ModelDefinition": {
              "LevelAttributes": [
                {
                  "Id": "c8215069-c134-49e6-a1de-5f681eb07b83",
                  "AttributeName": "L3",
                  "Dimension": "Item",
                  "DimensionId": 2036222,
                  "IsFilter": true,
                  "Axis": "none",
                  "IsDefault": true,
                  "AllSelection": true,
                  "SelectedMembers": [],
                  "Name": "L3",
                  "DimensionName": "Item",
                  "AliasName": "Class",
                  "AliasId": "f152462b-941f-7e6e-d0fe-ecd1c812239c",
                  "AliasType": "AttributeAlias",
                  "OverrideFavSelection": false,
                  "CurrencyFilter": false,
                  "IsSingleSelect": false,
                  "MemberFilterExpression": "&APClasses",
                  "DefaultValueExpression": "",
                  "WorksheetLevelFilter": false,
                  "SortBy": "Name",
                  "SortOrder": "Ascending",
                  "IsNarrowYourSelection": false,
                  "Position": 50,
                  "IsUIPrefAttr": true,
                  "GivenName": "L3",
                  "PresentationName": "L3"
                }
              ],
              "PeggingAttributes": [],
              "NamedSets": [
                {
                  "DimensionId": "0e2c070f-286c-4cb6-ba80-e58a09ff2763",
                  "DimensionName": "Time",
                  "SelectedNamedSet": {
                    "Name": "AllPastPlanningMonths",
                    "DisplayName": "AllPastPlanningMonths",
                    "Id": "f5152cf0-b873-4e60-8414-772043706144"
                  },
                  "AvailableNamedSets": [
                    {
                      "Name": "AllPastPlanningMonths",
                      "DisplayName": "AllPastPlanningMonths",
                      "Id": "f5152cf0-b873-4e60-8414-772043706144"
                    }
                  ],
                  "Position": 290,
                  "WorksheetLevelFilter": false
                }
              ]
            },
            "Presentation": {
              "LevelAttributes": []
            },
            "PreferenceType": "o9.filter"
          }
        },
        {
          "Id": "6d6e3b0c-3cbf-d12b-3403-060f46e0ef28",
          "AttributeName": "Post Game Analysis Time UIP",
          "Dimension": "UIPreference",
          "IsFilter": false,
          "Axis": "row",
          "IsDefault": false,
          "AllSelection": false,
          "SelectedMembers": [],
          "Name": "Post Game Analysis Time UIP",
          "DimensionName": "UIPreference",
          "ConfigJson": {
            "ModelDefinition": {
              "LevelAttributes": [
                {
                  "Id": "b798604c-0140-4e29-9b8e-16eb427a4105",
                  "AttributeName": "Planning Month",
                  "Dimension": "Time",
                  "EdgeDirection": null,
                  "IsFilter": false,
                  "Axis": "row",
                  "IsDefault": true,
                  "AllSelection": false,
                  "SelectedMembers": [],
                  "Name": "Planning Month",
                  "DimensionName": "Time",
                  "ShortName": "",
                  "XAxisSelectedMember": "",
                  "UIPreferenceId": "6d6e3b0c-3cbf-d12b-3403-060f46e0ef28",
                  "UIPreferenceName": "Post Game Analysis Time UIP"
                },
                {
                  "Id": "ed4df28f-92ef-4cd4-951e-9bde63603b44",
                  "AttributeName": "Planning Quarter",
                  "Dimension": "Time",
                  "EdgeDirection": null,
                  "IsFilter": false,
                  "Axis": "row",
                  "IsDefault": false,
                  "AllSelection": false,
                  "SelectedMembers": [],
                  "Name": "Planning Quarter",
                  "DimensionName": "Time",
                  "ShortName": "",
                  "XAxisSelectedMember": "",
                  "SortBy": "",
                  "SortOrder": "",
                  "UIPreferenceId": "6d6e3b0c-3cbf-d12b-3403-060f46e0ef28",
                  "UIPreferenceName": "Post Game Analysis Time UIP"
                }
              ],
              "NamedSets": []
            },
            "Presentation": {
              "LevelAttributes": [
                {
                  "Id": "b798604c-0140-4e29-9b8e-16eb427a4105",
                  "AttributeName": "Planning Month",
                  "Dimension": "Time",
                  "Axis": "row",
                  "ShowInfo": {
                    "ShowDetail": true,
                    "ShowPulse": true,
                    "ShowTask": true,
                    "ShowMarketIntelligence": true
                  },
                  "IsDefault": true,
                  "ShortName": "",
                  "XAxisSelectedMember": "",
                  "UIPreferenceId": "6d6e3b0c-3cbf-d12b-3403-060f46e0ef28",
                  "UIPreferenceName": "Post Game Analysis Time UIP",
                  "Name": "Planning Month",
                  "DimensionName": "Time"
                },
                {
                  "Id": "ed4df28f-92ef-4cd4-951e-9bde63603b44",
                  "AttributeName": "Planning Quarter",
                  "Dimension": "Time",
                  "Axis": "row",
                  "ShowInfo": {
                    "ShowDetail": true,
                    "ShowPulse": true,
                    "ShowTask": true,
                    "ShowMarketIntelligence": true
                  },
                  "IsDefault": false,
                  "ShortName": "",
                  "XAxisSelectedMember": "",
                  "SortBy": "",
                  "SortOrder": "",
                  "UIPreferenceId": "6d6e3b0c-3cbf-d12b-3403-060f46e0ef28",
                  "UIPreferenceName": "Post Game Analysis Time UIP",
                  "Name": "Planning Quarter",
                  "DimensionName": "Time"
                }
              ]
            }
          },
          "ShortName": "",
          "XAxisSelectedMember": "",
          "SortBy": "",
          "SortOrder": ""
        }
      ],
      "PeggingAttributes": [],
      "FlowPlanAttributes": [],
      "Hierarchies": [],
      "NamedSets": [],
      "RegularMeasures": [
        {
          "Id": "bcf3e8d7-9acb-4c93-8f46-39ffae60e406",
          "Name": "Sales Units Actuals"
        }
      ],
      "TransientMeasures": [],
      "GraphRelations": [],
      "Folders": [],
      "AssociationMeasures": [
        {
          "MeasureFilterIBPLExpression": "~Isnull(Measure.[Sales Units Actuals])",
          "MeasureFilterScope": "Post Filter"
        }
      ],
      "AssociationMeasureExpressions": [
        {
          "Expression": ""
        }
      ],
      "DataProperties": {
        "IncludeInactiveMembers": false,
        "IncludeNulls": false,
        "NullsForFinerGrainSelect": false,
        "NullsForUnrelatedAttrSelect": false,
        "SubTotalsType": "NoSubtotals",
        "IncludeNullsForSeries": "",
        "AssociationMeasureExpression": "",
        "MeasureValueFilters": ""
      },
      "FilterProperties": {
        "VersionDependentFilter": false,
        "InterDependentMeasure": {},
        "ExcludeVersionInFavorite": false
      },
      "FilterGroups": [
        {
          "Id": "c47db071-e215-4540-9bfa-e90d37fa58ff",
          "HierarchyId": "3a9dfac3-b140-44c3-93b2-35103814b24d",
          "HierarchyName": "Item Hierarchy",
          "GroupName": "L3",
          "DimensionId": 3059756,
          "DimensionName": "Item",
          "IsHierGroup": false,
          "IsNamedSet": false,
          "Attributes": [
            {
              "Id": 7071715,
              "LevelName": "L4",
              "LevelId": "ac34c1f3-529a-4fcb-86e5-a56b6082f262",
              "AttributeId": 18278811,
              "AttributeName": "L4",
              "LevelPosition": 3,
              "HierarchyId": 1646035,
              "AttributeGuid": "42f1420f-c03e-47f1-8171-47d931aaa6e7",
              "IsUIPrefAttr": false,
              "PresentationName": "L4",
              "GivenName": "L4",
              "TranslationName": "None"
            },
            {
              "Id": 7071716,
              "LevelName": "L3",
              "LevelId": "8811e6da-94eb-48bb-9721-4e62ec1d213a",
              "AttributeId": 18278895,
              "AttributeName": "L3",
              "LevelPosition": 4,
              "HierarchyId": 1646035,
              "AttributeGuid": "c8215069-c134-49e6-a1de-5f681eb07b83",
              "IsUIPrefAttr": true,
              "PresentationName": "L3",
              "GivenName": "L3"
            }
          ]
        },
        {
          "Id": "df6b42bf-331c-4074-a044-1758537987a4",
          "HierarchyId": "",
          "HierarchyName": "",
          "GroupName": "Version Name",
          "DimensionId": 3059664,
          "DimensionName": "Version",
          "IsHierGroup": false,
          "IsNamedSet": false,
          "Attributes": [
            {
              "AttributeGuid": "211b33d5-d91f-40ec-9668-20e0da2ae7b3",
              "PresentationName": "Version Name",
              "GivenName": "Version Name",
              "AttributeName": "Version Name",
              "LevelPosition": 0,
              "IsKey": true
            }
          ],
          "AttrName": "Version Name"
        },
        {
          "Id": "c006dcb0-41f2-4e46-8176-5dabcad81fa9",
          "HierarchyId": "",
          "HierarchyName": "",
          "GroupName": "Time",
          "PresentationName": "Time",
          "DimensionId": "0e2c070f-286c-4cb6-ba80-e58a09ff2763",
          "DimensionName": "Time",
          "IsHierGroup": false,
          "Attributes": [
            {
              "AttributeId": "0e2c070f-286c-4cb6-ba80-e58a09ff2763",
              "PresentationName": "Time",
              "GivenName": "Time",
              "AttributeName": "Time",
              "LevelPosition": 0,
              "IsUIPrefAttr": true
            }
          ],
          "IsNamedSet": true
        }
      ]
    }
  }
}