{
  "Name": "Performance By Class - Stock",
  "WidgetDefinitionId": "852ef70a-1bb0-e8c2-00f4-bd5ce3968d57",
  "IsPrivate": false,
  "WidgetType": "o9.linechart",
  "ViewWidgetDefinition": null,
  "PageWidgetDefinition": null,
  "CreatedUserEmail": "janhavi.sunil@o9solutions.com",
  "ModifiedUserEmail": "suhil.samiulla@o9solutions.com",
  "Roles": null,
  "ConfigJson": {
    "Widget": {
      "Height": 550,
      "ActionButtons": []
    },
    "Presentation": {
      "FilterProperties": "",
      "Cumulative": "Disable",
      "EnableComparison": false,
      "EnableMultiVersionMultiMeasure": false,
      "Y1": {
        "Min": "0",
        "Max": "100",
        "Format": ""
      },
      "Y2": {
        "Min": "",
        "Max": "",
        "Format": ""
      },
      "XAxis": {
        "EnableSort": false,
        "SortDirection": "Descending",
        "SortLimit": "0"
      },
      "IsGraphReport": false,
      "IsMultiGraphReport": false,
      "LevelAttributes": [
        {
          "Id": "ed4df28f-92ef-4cd4-951e-9bde63603b44",
          "AttributeName": "Planning Quarter",
          "Dimension": "Time",
          "Axis": "row",
          "ShowInfo": {
            "ShowDetail": true,
            "ShowPulse": true,
            "ShowTask": true,
            "ShowMarketIntelligence": true
          },
          "IsDefault": true,
          "ShortName": "",
          "XAxisSelectedMember": ""
        },
        {
          "Id": "b798604c-0140-4e29-9b8e-16eb427a4105",
          "AttributeName": "Planning Month",
          "Dimension": "Time",
          "Axis": "row",
          "ShowInfo": {
            "ShowDetail": true,
            "ShowPulse": true,
            "ShowTask": true,
            "ShowMarketIntelligence": true
          },
          "IsDefault": false,
          "ShortName": "",
          "XAxisSelectedMember": ""
        }
      ],
      "FilterGroups": [
        {
          "GroupName": "Version Name",
          "HierarchyId": "",
          "Id": "b9d19528-d39f-45c9-ad66-57573042fc62",
          "Attributes": [
            "211b33d5-d91f-40ec-9668-20e0da2ae7b3"
          ]
        },
        {
          "GroupName": "L3",
          "HierarchyId": "3a9dfac3-b140-44c3-93b2-35103814b24d",
          "Id": "ca72d65d-d306-4fa8-91c6-d150d304ec30",
          "Attributes": [
            "42f1420f-c03e-47f1-8171-47d931aaa6e7",
            "c8215069-c134-49e6-a1de-5f681eb07b83"
          ]
        },
        {
          "GroupName": "Location Country",
          "HierarchyId": "1f68f135-2c92-4f44-8722-a8a3e921eb8e",
          "Id": "a78d8749-de5d-4d3e-8e35-b781cd1f0ca0",
          "Attributes": [
            "d00b8ae3-4077-4366-87b7-cf97749f44db"
          ]
        },
        {
          "GroupName": "Selling Season",
          "HierarchyId": "",
          "Id": "d7109859-5267-45bf-b5a0-ff5371228015",
          "Attributes": [
            "56b72eb0-2d21-d392-f36d-296d4e622245"
          ]
        },
        {
          "GroupName": "Sales Planning Channel",
          "HierarchyId": "8b997c33-e641-8ddd-be78-021f7472f22f",
          "Id": "a4e318c6-7493-4365-af05-9dcc1ba99115",
          "Attributes": [
            "0c4d82ca-2fbe-c1e8-f6c5-51ffdcf84efc"
          ]
        },
        {
          "GroupName": "Planning Month",
          "HierarchyId": "6deaa3e1-5314-415f-8f0a-654d1a7e59ed",
          "Id": "db303cdb-4d68-4e50-9897-e79ce989b633",
          "Attributes": [
            "ed4df28f-92ef-4cd4-951e-9bde63603b44",
            "b798604c-0140-4e29-9b8e-16eb427a4105"
          ]
        }
      ],
      "MeasureCollections": [
        {
          "Measures": [
            {
              "Name": "Stock Units Contribution %",
              "Id": "30f47bb1-4c4d-46a9-969e-90208dd91037",
              "IsTransient": true,
              "Visible": true,
              "Type": "Member Stacked",
              "MemberInfo": [
                {
                  "MemberAttribute": "L3",
                  "SortBy": "Name",
                  "SortOrder": "Ascending"
                }
              ],
              "ShowPointLabel": false,
              "Format": "0.00",
              "ThresholdInfo": [
                {
                  "ThresholdVal": 0,
                  "ColorForNegVal": ""
                }
              ],
              "ShowMarker": false,
              "MarkerInfo": [
                {
                  "MarkerColor": "",
                  "MarkerSize": 10,
                  "MarkerLineWidth": 3,
                  "MarkerStyle": "circle"
                }
              ],
              "ShowPopover": true,
              "OtherMeasures": [
                "30f47bb1-4c4d-46a9-969e-90208dd91037"
              ],
              "Label": "Stock Units Contribution %",
              "Formula": "(Measure.[On Hand L3 LC]/Measure.[On Hand L3 LC] @([Item].#.AncestorsAtLevel([All Item]).element(0)))*100",
              "ShowInfo": {
                "ShowDetail": true,
                "ShowPulse": true,
                "ShowTask": true,
                "ShowMarketIntelligence": true
              },
              "ChildMeasureCollections": null
            }
          ]
        }
      ],
      "MeasureCollections2": [
        {
          "Measures": [
            {
              "Name": "On Hand L3 LC",
              "Id": "716c3ad4-7319-23c2-ace7-54539fcb094d",
              "Visible": true,
              "Type": "Line",
              "LineInfo": [
                {
                  "Width": 3,
                  "Pattern": "solid",
                  "NullAs": "Zero"
                }
              ],
              "Color": "",
              "Format": "",
              "ThresholdInfo": [
                {
                  "ThresholdVal": 0,
                  "ColorForNegVal": ""
                }
              ],
              "ShowMarker": false,
              "MarkerInfo": [
                {
                  "MarkerColor": "",
                  "MarkerSize": 10,
                  "MarkerLineWidth": 3,
                  "MarkerStyle": "circle"
                }
              ],
              "ShowPopover": true,
              "OtherMeasures": [
                "716c3ad4-7319-23c2-ace7-54539fcb094d"
              ],
              "ShowInfo": {
                "ShowDetail": true,
                "ShowPulse": true,
                "ShowTask": true,
                "ShowMarketIntelligence": true
              },
              "ChildMeasureCollections": null
            }
          ]
        }
      ],
      "AlwaysOnMeasureCollections": [],
      "GraphRelations": [],
      "Folders": []
    }
  },
  "WidgetKeywordTags": [],
  "DimensionAttributeUsages": [],
  "WidgetModel": {
    "WidgetModelId": "b446380d-15bf-440c-80d3-0df129291cab",
    "ConfigJson": {
      "LevelAttributes": [
        {
          "Id": "56b72eb0-2d21-d392-f36d-296d4e622245",
          "AttributeName": "Selling Season",
          "Dimension": "Selling Season",
          "DimensionId": 3214930,
          "IsFilter": true,
          "Axis": "none",
          "IsDefault": true,
          "AllSelection": false,
          "SelectedMembers": [
            {
              "Name": "SP23",
              "DisplayAlias": null
            }
          ],
          "Name": "Selling Season",
          "DimensionName": "Selling Season",
          "OverrideFavSelection": false,
          "CurrencyFilter": false,
          "IsSingleSelect": true,
          "MemberFilterExpression": "&APSellingSeasons",
          "DefaultValueExpression": "",
          "WorksheetLevelFilter": false,
          "HideDummyMembers": false,
          "SortBy": "Key",
          "SortOrder": "Ascending",
          "IsNarrowYourSelection": false,
          "Position": -550
        },
        {
          "Id": "42f1420f-c03e-47f1-8171-47d931aaa6e7",
          "AttributeName": "L4",
          "Dimension": "Item",
          "DimensionId": 3214868,
          "IsFilter": true,
          "Axis": "none",
          "IsDefault": true,
          "AllSelection": true,
          "SelectedMembers": [],
          "Name": "L4",
          "DimensionName": "Item",
          "AliasName": "Department",
          "AliasId": "062348a8-7aec-2f10-6a91-25531f6e57a4",
          "AliasType": "AttributeAlias",
          "OverrideFavSelection": false,
          "CurrencyFilter": false,
          "IsSingleSelect": false,
          "MemberFilterExpression": "",
          "DefaultValueExpression": "",
          "WorksheetLevelFilter": false,
          "HideDummyMembers": false,
          "SortBy": "",
          "SortOrder": "",
          "IsNarrowYourSelection": false,
          "Position": 50
        },
        {
          "Id": "c8215069-c134-49e6-a1de-5f681eb07b83",
          "AttributeName": "L3",
          "Dimension": "Item",
          "DimensionId": 3214868,
          "IsFilter": true,
          "Axis": "none",
          "IsDefault": true,
          "AllSelection": true,
          "SelectedMembers": [],
          "Name": "L3",
          "DimensionName": "Item",
          "AliasName": "Class",
          "AliasId": "f152462b-941f-7e6e-d0fe-ecd1c812239c",
          "AliasType": "AttributeAlias",
          "OverrideFavSelection": false,
          "CurrencyFilter": false,
          "IsSingleSelect": false,
          "MemberFilterExpression": "",
          "DefaultValueExpression": "",
          "WorksheetLevelFilter": false,
          "HideDummyMembers": false,
          "SortBy": "",
          "SortOrder": "",
          "IsNarrowYourSelection": false,
          "Position": 50
        },
        {
          "Id": "0c4d82ca-2fbe-c1e8-f6c5-51ffdcf84efc",
          "AttributeName": "Sales Planning Channel",
          "Dimension": "Sales Domain",
          "DimensionId": 3214865,
          "IsFilter": true,
          "Axis": "none",
          "IsDefault": true,
          "AllSelection": true,
          "SelectedMembers": [],
          "Name": "Sales Planning Channel",
          "DimensionName": "Sales Domain",
          "OverrideFavSelection": false,
          "CurrencyFilter": false,
          "IsSingleSelect": false,
          "MemberFilterExpression": "&APChannels",
          "DefaultValueExpression": "",
          "WorksheetLevelFilter": false,
          "HideDummyMembers": false,
          "SortBy": "",
          "SortOrder": "",
          "IsNarrowYourSelection": false,
          "Position": 60
        },
        {
          "Id": "d00b8ae3-4077-4366-87b7-cf97749f44db",
          "AttributeName": "Location Country",
          "Dimension": "Location",
          "DimensionId": 3214851,
          "IsFilter": true,
          "Axis": "none",
          "IsDefault": true,
          "AllSelection": true,
          "SelectedMembers": [],
          "Name": "Location Country",
          "DimensionName": "Location",
          "OverrideFavSelection": false,
          "CurrencyFilter": false,
          "IsSingleSelect": false,
          "MemberFilterExpression": "",
          "DefaultValueExpression": "",
          "WorksheetLevelFilter": false,
          "HideDummyMembers": false,
          "SortBy": "",
          "SortOrder": "",
          "IsNarrowYourSelection": false,
          "Position": 70
        },
        {
          "Id": "211b33d5-d91f-40ec-9668-20e0da2ae7b3",
          "AttributeName": "Version Name",
          "Dimension": "Version",
          "DimensionId": 3214770,
          "IsFilter": true,
          "Axis": "none",
          "IsDefault": true,
          "AllSelection": false,
          "SelectedMembers": [
            {
              "Name": "CurrentWorkingView",
              "DisplayAlias": null
            }
          ],
          "Name": "Version Name",
          "DimensionName": "Version",
          "OverrideFavSelection": false,
          "IsSingleSelect": true,
          "MemberFilterExpression": "&CWVAndScenarios",
          "DefaultValueExpression": "",
          "WorksheetLevelFilter": false,
          "HideDummyMembers": false,
          "SortBy": "",
          "SortOrder": "",
          "IsNarrowYourSelection": false,
          "Position": 120
        },
        {
          "Id": "ed4df28f-92ef-4cd4-951e-9bde63603b44",
          "AttributeName": "Planning Quarter",
          "Dimension": "Time",
          "DimensionId": 3214883,
          "IsFilter": true,
          "Axis": "none",
          "IsDefault": true,
          "AllSelection": false,
          "SelectedMembers": [
            {
              "Name": "Q1-23",
              "DisplayAlias": null
            },
            {
              "Name": "Q2-23",
              "DisplayAlias": null
            },
            {
              "Name": "Q3-23",
              "DisplayAlias": null
            },
            {
              "Name": "Q4-23",
              "DisplayAlias": null
            }
          ],
          "Name": "Planning Quarter",
          "DimensionName": "Time",
          "OverrideFavSelection": false,
          "CurrencyFilter": false,
          "RangeSelection": false,
          "CalendarSelection": false,
          "RollingTime": false,
          "IsSingleSelect": false,
          "MemberFilterExpression": "&PastPlanningQuarters",
          "DefaultValueExpression": "",
          "WorksheetLevelFilter": false,
          "HideDummyMembers": false,
          "IsNarrowYourSelection": false,
          "Position": 290
        },
        {
          "Id": "b798604c-0140-4e29-9b8e-16eb427a4105",
          "AttributeName": "Planning Month",
          "Dimension": "Time",
          "DimensionId": 3214883,
          "IsFilter": true,
          "Axis": "none",
          "IsDefault": true,
          "AllSelection": true,
          "SelectedMembers": [],
          "Name": "Planning Month",
          "DimensionName": "Time",
          "OverrideFavSelection": false,
          "CurrencyFilter": false,
          "RangeSelection": false,
          "CalendarSelection": false,
          "RollingTime": false,
          "IsSingleSelect": false,
          "MemberFilterExpression": "",
          "DefaultValueExpression": "",
          "WorksheetLevelFilter": false,
          "HideDummyMembers": false,
          "IsNarrowYourSelection": false,
          "Position": 290
        },
        {
          "Id": "ed4df28f-92ef-4cd4-951e-9bde63603b44",
          "AttributeName": "Planning Quarter",
          "Dimension": "Time",
          "EdgeDirection": null,
          "IsFilter": false,
          "Axis": "row",
          "IsDefault": true,
          "AllSelection": false,
          "SelectedMembers": [],
          "Name": "Planning Quarter",
          "DimensionName": "Time",
          "ShortName": "",
          "XAxisSelectedMember": ""
        },
        {
          "Id": "b798604c-0140-4e29-9b8e-16eb427a4105",
          "AttributeName": "Planning Month",
          "Dimension": "Time",
          "EdgeDirection": null,
          "IsFilter": false,
          "Axis": "row",
          "IsDefault": false,
          "AllSelection": false,
          "SelectedMembers": [],
          "Name": "Planning Month",
          "DimensionName": "Time",
          "ShortName": "",
          "XAxisSelectedMember": ""
        }
      ],
      "PeggingAttributes": [],
      "FlowPlanAttributes": [],
      "Hierarchies": [],
      "NamedSets": [],
      "RegularMeasures": [
        {
          "Id": "716c3ad4-7319-23c2-ace7-54539fcb094d",
          "Name": "On Hand L3 LC"
        }
      ],
      "TransientMeasures": [
        {
          "Id": "30f47bb1-4c4d-46a9-969e-90208dd91037",
          "Name": "Stock Units Contribution %",
          "DisplayName": "Stock Units Contribution %",
          "Formula": "(Measure.[On Hand L3 LC]/Measure.[On Hand L3 LC] @([Item].#.AncestorsAtLevel([All Item]).element(0)))*100",
          "DisplayFormat": "0.00"
        }
      ],
      "GraphRelations": [],
      "Folders": [],
      "AssociationMeasures": [
        {
          "MeasureFilterIBPLExpression": "",
          "MeasureFilterScope": "Post Filter"
        }
      ],
      "AssociationMeasureExpressions": [
        {
          "Expression": ""
        }
      ],
      "DataProperties": {
        "IncludeInactiveMembers": false,
        "IncludeNulls": false,
        "NullsForFinerGrainSelect": false,
        "NullsForUnrelatedAttrSelect": false,
        "SubTotalsType": "NoSubtotals",
        "IncludeNullsForSeries": "",
        "AssociationMeasureExpression": "",
        "MeasureValueFilters": ""
      },
      "FilterProperties": {
        "VersionDependentFilter": false,
        "InterDependentMeasure": {},
        "ExcludeVersionInFavorite": false
      },
      "FilterGroups": [
        {
          "Id": "b9d19528-d39f-45c9-ad66-57573042fc62",
          "GroupName": "Version Name",
          "HierarchyId": "",
          "IsHierGroup": false,
          "Attributes": [
            {
              "AttributeId": 19236845,
              "AttributeName": "Version Name",
              "LevelPosition": 0,
              "AttributeGuid": "211b33d5-d91f-40ec-9668-20e0da2ae7b3",
              "IsKey": true,
              "GivenName": "Version Name",
              "PresentationName": "Version Name"
            }
          ],
          "IsNamedSet": false,
          "DimensionId": 3214770,
          "DimensionName": "Version"
        },
        {
          "Id": "ca72d65d-d306-4fa8-91c6-d150d304ec30",
          "DimensionId": 3214868,
          "DimensionName": "Item",
          "GroupName": "L3",
          "HierarchyId": "3a9dfac3-b140-44c3-93b2-35103814b24d",
          "HierarchyName": "Item Hierarchy",
          "IsHierGroup": false,
          "Attributes": [
            {
              "Id": 7396055,
              "LevelName": "L4",
              "LevelId": "ac34c1f3-529a-4fcb-86e5-a56b6082f262",
              "AttributeId": 19237413,
              "AttributeName": "L4",
              "LevelPosition": 3,
              "HierarchyId": 1722954,
              "AttributeGuid": "42f1420f-c03e-47f1-8171-47d931aaa6e7",
              "IsUIPrefAttr": false,
              "PresentationName": "L4",
              "GivenName": "L4",
              "TranslationName": "None"
            },
            {
              "Id": 7396056,
              "LevelName": "L3",
              "LevelId": "8811e6da-94eb-48bb-9721-4e62ec1d213a",
              "AttributeId": 19237498,
              "AttributeName": "L3",
              "LevelPosition": 4,
              "HierarchyId": 1722954,
              "AttributeGuid": "c8215069-c134-49e6-a1de-5f681eb07b83",
              "IsUIPrefAttr": false,
              "PresentationName": "L3",
              "GivenName": "L3",
              "TranslationName": "None"
            }
          ],
          "IsNamedSet": false
        },
        {
          "Id": "a78d8749-de5d-4d3e-8e35-b781cd1f0ca0",
          "DimensionId": 3214851,
          "DimensionName": "Location",
          "GroupName": "Location Country",
          "HierarchyId": "1f68f135-2c92-4f44-8722-a8a3e921eb8e",
          "HierarchyName": "Location Hierarchy",
          "IsHierGroup": false,
          "Attributes": [
            {
              "Id": 7395934,
              "LevelName": "Location Country",
              "LevelId": "80d561be-3bff-431b-b251-1d0f38c883ea",
              "AttributeId": 19237210,
              "AttributeName": "Location Country",
              "LevelPosition": 1,
              "HierarchyId": 1722931,
              "AttributeGuid": "d00b8ae3-4077-4366-87b7-cf97749f44db",
              "IsUIPrefAttr": false,
              "PresentationName": "Location Country",
              "GivenName": "Location Country",
              "TranslationName": "None"
            }
          ],
          "IsNamedSet": false
        },
        {
          "Id": "d7109859-5267-45bf-b5a0-ff5371228015",
          "GroupName": "Selling Season",
          "HierarchyId": "",
          "IsHierGroup": false,
          "Attributes": [
            {
              "AttributeId": 19237926,
              "AttributeName": "Selling Season",
              "LevelPosition": 0,
              "AttributeGuid": "56b72eb0-2d21-d392-f36d-296d4e622245",
              "IsKey": true,
              "GivenName": "Selling Season",
              "PresentationName": "Selling Season"
            }
          ],
          "IsNamedSet": false,
          "DimensionId": 3214930,
          "DimensionName": "Selling Season"
        },
        {
          "Id": "a4e318c6-7493-4365-af05-9dcc1ba99115",
          "DimensionId": 3214865,
          "DimensionName": "Sales Domain",
          "GroupName": "Sales Planning Channel",
          "HierarchyId": "8b997c33-e641-8ddd-be78-021f7472f22f",
          "HierarchyName": "Retail Sales Domain Hierarchy",
          "IsHierGroup": false,
          "Attributes": [
            {
              "Id": 7396014,
              "LevelName": "Sales Planning Channel",
              "LevelId": "37b045b6-207b-d9d0-f673-bf679917b1cd",
              "AttributeId": 19237383,
              "AttributeName": "Sales Planning Channel",
              "LevelPosition": 1,
              "HierarchyId": 1722946,
              "AttributeGuid": "0c4d82ca-2fbe-c1e8-f6c5-51ffdcf84efc",
              "IsUIPrefAttr": false,
              "PresentationName": "Sales Planning Channel",
              "GivenName": "Sales Planning Channel",
              "TranslationName": "None"
            }
          ],
          "IsNamedSet": false
        },
        {
          "Id": "db303cdb-4d68-4e50-9897-e79ce989b633",
          "DimensionId": 3214883,
          "DimensionName": "Time",
          "GroupName": "Planning Month",
          "HierarchyId": "6deaa3e1-5314-415f-8f0a-654d1a7e59ed",
          "HierarchyName": "MP Telescopic Hierarchy",
          "IsHierGroup": false,
          "Attributes": [
            {
              "Id": 7396106,
              "LevelName": "Planning Quarter",
              "LevelId": "122be478-0020-4d1e-875b-bfc1f970471a",
              "AttributeId": 19237689,
              "AttributeName": "Planning Quarter",
              "LevelPosition": 2,
              "HierarchyId": 1722966,
              "AttributeGuid": "ed4df28f-92ef-4cd4-951e-9bde63603b44",
              "IsUIPrefAttr": false,
              "PresentationName": "Planning Quarter",
              "GivenName": "Planning Quarter",
              "TranslationName": "None"
            },
            {
              "Id": 7396107,
              "LevelName": "Planning Month",
              "LevelId": "437600af-855c-4ff7-944f-9b8c3230fd2e",
              "AttributeId": 19237678,
              "AttributeName": "Planning Month",
              "LevelPosition": 3,
              "HierarchyId": 1722966,
              "AttributeGuid": "b798604c-0140-4e29-9b8e-16eb427a4105",
              "IsUIPrefAttr": false,
              "PresentationName": "Planning Month",
              "GivenName": "Planning Month",
              "TranslationName": "None"
            }
          ],
          "IsNamedSet": false
        }
      ]
    }
  }
}