{
  "MeasureName": "GMROI",
  "MeasureId": "d9a95c9c-3826-485f-b12f-5ffc45f4cfc8",
  "MeasureDescription": "GMROI",
  "DataType": "number",
  "MeasureType": "Regular",
  "AggregateFunction": "Computed",
  "FormatString": "(0,000.00a)",
  "MeasureColumnName": "GMROI",
  "MeasureFormula": "Safedivide(Measure.[VT Gross Margin Rtl],Measure.[Avg Stock Cst])",
  "IsEditable": false,
  "ApplyConversion": false,
  "ConversionFormula": "",
  "PickListName": null,
  "BgColorFormula": "",
  "FgColorFormula": "",
  "TrendFormula": "",
  "FormattingViewModel": "[]",
  "ParentMeasureName": null,
  "AssociationMeasure": false,
  "IsComputedByPlanningService": false,
  "ToolTip": "GMROI",
  "ConfigJson": {},
  "ApiName": null,
  "ApiDisabled": false,
  "IsReportingMeasure": true,
  "MeasureConditionalFormulaProperties": [],
  "PicklistSource": null
}