{
  "AttributeName": "Equipment ISO Type Group",
  "AttributeId": "a11b2944-8d62-403b-bae8-4d2a0bc6547d",
  "AttributeHierarchyEnabled": false,
  "IsKey": false,
  "Description": "Equipment ISO Type Group",
  "OrderBy": "Key",
  "KeyColumnName": "EquipmentISOTypeGroupKey",
  "NameColumnName": null,
  "KeyColumnDataType": "string",
  "SeedTags": false,
  "KeyGenerationType": null,
  "PickListName": null,
  "ConfigJson": {
    "IsVisible": true,
    "IsEditable": true
  },
  "FormatString": "",
  "Translation": null,
  "Aliases": [],
  "ApiName": null,
  "ApiDisabled": false
}