{
  "MeasureGroupName": "020 New Sizes",
  "MeasureGroupId": "68721706-9f63-b264-ad88-47218c976a7c",
  "ParentMeasureGroupName": null,
  "HasShadow": false,
  "MeasureGroupDescription": "New Size Creation",
  "MeasureGroupType": "Regular",
  "FactTableName": "Fact020NewSizes",
  "SchemaMajorVersion": 0,
  "ConfigJson": {},
  "ApiName": null,
  "Repartition": false,
  "Unpartition": false,
  "ApiEnabled": false,
  "DimensionUsages": [
    {
      "DimensionName": "Version",
      "AttributeName": "Version Name",
      "SortOrder": 0,
      "DimensionType": "Regular"
    }
  ]
}