{
  "MeasureName": "SP Non-Comp Sls %",
  "MeasureId": "b1c75943-d094-4bb1-a086-9bc053f4ae79",
  "MeasureDescription": "SP Non-Comp Sales %",
  "DataType": "number",
  "MeasureType": "Regular",
  "AggregateFunction": "Computed",
  "FormatString": "0.00%",
  "MeasureColumnName": "SPNon-CompSales%",
  "MeasureFormula": "Safedivide(Measure.[SP Non-Comp Sls Rtl], Measure.[SP Sls Rtl])",
  "IsEditable": false,
  "ApplyConversion": false,
  "ConversionFormula": "",
  "PickListName": null,
  "BgColorFormula": "",
  "FgColorFormula": "",
  "TrendFormula": "",
  "FormattingViewModel": "[]",
  "ParentMeasureName": null,
  "AssociationMeasure": false,
  "IsComputedByPlanningService": false,
  "ToolTip": "1- SP Comp Sales %,",
  "ConfigJson": {},
  "ApiName": null,
  "ApiDisabled": false,
  "IsReportingMeasure": false,
  "MeasureConditionalFormulaProperties": [],
  "PicklistSource": null
}