{
  "Override": [
    {
      "PageName": "Sales Planning",
      "WorkspaceName": "Store Plan-V3Migrated",
      "DisplayOrder": 4,
      "ConfigBlockName": "o9 Retail MFP RMA Location Plan"
    },
    {
      "PageName": "b Balance Plan",
      "WorkspaceName": "Store Plan-V3Migrated",
      "DisplayOrder": 3,
      "ConfigBlockName": "o9 Retail MFP RMA Location Plan"
    },
    {
      "PageName": "a Approval Workflow",
      "WorkspaceName": "Store Plan-V3Migrated",
      "DisplayOrder": 2,
      "ConfigBlockName": "o9 Retail MFP RMA Location Plan"
    },
    {
      "PageName": "TD Reconciliation",
      "WorkspaceName": "Store Plan-V3Migrated",
      "DisplayOrder": 1,
      "ConfigBlockName": "o9 Retail MFP RMA Location Plan"
    },
    {
      "PageName": "c BU Reconciliation",
      "WorkspaceName": "Store Plan-V3Migrated",
      "DisplayOrder": 0,
      "ConfigBlockName": "o9 Retail MFP RMA Location Plan"
    }
  ]
}