{
  "Name": "709RunBacktestPredictModeCMLModel",
  "Description": null,
  "ActionButtonId": "be5f376c-8c7a-e5b9-1221-170ddacb122e",
  "Tooltip": "Generate system CML backtest",
  "ActionButtonType": "Widget",
  "Alignment": "right",
  "IsPopOver": true,
  "IsGlobal": true,
  "ActionClickHandler": null,
  "Icon": null,
  "Image": null,
  "ConfigJson": {
    "DisplayName": "CML Backtest",
    "icon": "rotate-left",
    "Validate": {
      "DataSource": {
        "IBPLRules": [],
        "JavascriptRules": [
          {
            "modulename": "o9.DemandPlanning.SyncMLPeriods",
            "functionname": "SyncMLPeriods"
          }
        ],
        "FieldBindings": [
          {
            "fieldName": "VersionName",
            "title": "VersionName",
            "type": "picklist",
            "selectionType": "multiple",
            "clearSearch": true,
            "source": "filter",
            "DimensionName": "Version",
            "LevelAttributeName": "Version Name",
            "visible": true,
            "isEditable": true,
            "validation": {
              "maxLength": "0",
              "required": true
            }
          }
        ]
      }
    },
    "SubmitButton": {
      "Label": "Submit",
      "ProgressMessage": "Executing...",
      "SuccessMessage": "Successfully Executed.",
      "ErrorMessage": "Error in Execution.",
      "ConfirmMessage": "Are you sure you want to go ahead with the changes?"
    },
    "ResetButton": {
      "Label": "Reset"
    },
    "CloseButton": {
      "Label": "Close",
      "ConfirmMessage": "Unsaved changes will be lost. Continue?"
    },
    "NotifyAll": false,
    "IBPLRules": [
      {
        "template": "exec procedure o9DP509RunBacktestForecastModeCMLModel {\"VersionName\" : [{{#csv VersionName}}], \n\"Location\" : [{{#csv Location}}], \n\"Item\" : [{{#csv Item}}],  \n\"Account\" : [{{#csv Account}}], \n\"PnL\" : [{{#csv PnL}}], \n\"DemandDomain\" : [{{#csv DemandDomain}}], \n\"Channel\" : [{{#csv Channel}}], \n\"Region\" : [{{#csv Region}}],\n\"Week\":{{Week}},\n\"Month\":{{Month}},\n\"PlanningMonth\":{{PlanningMonth}},\n\"mode_backtest_cycles\":\"{{mode_backtest_cycles}}\",\n\"mode_backtest_lag_cycle\":\"{{mode_backtest_lag_cycle}}\",\n\"mode_forecast\":\"{{mode_forecast}}\",\n\"mode_backtest_refit\":{{mode_backtest_refit}}};"
      }
    ],
    "JavascriptRules": [],
    "FieldBindings": [
      {
        "fieldName": "VersionName",
        "title": "Version",
        "type": "picklist",
        "selectionType": "single",
        "clearSearch": true,
        "source": "filter",
        "DimensionName": "Version",
        "LevelAttributeName": "Version Name",
        "visible": true,
        "isEditable": true,
        "validation": {
          "maxLength": "0",
          "required": true
        }
      },
      {
        "fieldName": "mode_forecast",
        "title": "CML Execution Mode",
        "Description": "To select a forecast mode execution for CML plugin from: 'train','train_predict', 'predict'",
        "type": "picklist",
        "clearSearch": true,
        "select": "single",
        "source": "localPicklist",
        "values": [
          {
            "Key": "train_predict",
            "Name": "Training & Prediction"
          },
          {
            "Key": "train",
            "Name": "Training"
          },
          {
            "Key": "predict",
            "Name": "Prediction"
          }
        ],
        "valueField": "Key",
        "visible": true,
        "isEditable": false,
        "validation": {
          "maxLength": "0",
          "required": true
        }
      },
      {
        "fieldName": "mode_backtest_cycles",
        "title": "BackTest Cycles",
        "Description": "Öffset from selected planning cycles",
        "type": "string",
        "clearSearch": true,
        "source": "literal",
        "defaultValue": "2,4,6",
        "visible": true,
        "isEditable": true,
        "validation": {
          "maxLength": "0",
          "required": true
        },
        "fieldGroup": "Backtest Params"
      },
      {
        "fieldName": "mode_backtest_lag_cycle",
        "title": "Lag Forecast Cycle",
        "Description": "One Planning Cycle value to be stored in ML Lag Fcst CML",
        "type": "string",
        "fieldGroup": "Backtest Params",
        "clearSearch": true,
        "source": "literal",
        "defaultValue": "2",
        "visible": true,
        "isEditable": true,
        "validation": {
          "maxLength": "0",
          "required": true
        }
      },
      {
        "fieldName": "mode_backtest_refit",
        "title": "Backtest Refit",
        "Description": "Whether refit of model required during all the backtest cycles",
        "type": "boolean",
        "fieldGroup": "Backtest Params",
        "clearSearch": true,
        "source": "literal",
        "defaultValue": true,
        "visible": true,
        "isEditable": true,
        "validation": {
          "maxLength": "0",
          "required": true
        }
      },
      {
        "fieldName": "Item",
        "title": "Planning Item",
        "Description": "Planning Item",
        "type": "picklist",
        "fieldGroup": "Item",
        "selectionType": "multiple",
        "clearSearch": true,
        "source": "filter",
        "DimensionName": "Item",
        "LevelAttributeName": "Planning Item",
        "visible": true,
        "isEditable": true,
        "validation": {
          "maxLength": "0",
          "required": true
        }
      },
      {
        "fieldName": "Account",
        "title": "Planning Account",
        "Description": "Planning Account",
        "type": "picklist",
        "fieldGroup": "Customer",
        "selectionType": "multiple",
        "clearSearch": true,
        "source": "filter",
        "DimensionName": "Account",
        "LevelAttributeName": "Planning Account",
        "visible": true,
        "isEditable": true,
        "validation": {
          "maxLength": "0",
          "required": true
        }
      },
      {
        "fieldName": "Channel",
        "title": "Planning Channel",
        "Description": "Planning Channel",
        "type": "picklist",
        "fieldGroup": "Customer",
        "selectionType": "multiple",
        "clearSearch": true,
        "source": "filter",
        "DimensionName": "Channel",
        "LevelAttributeName": "Planning Channel",
        "visible": true,
        "isEditable": true,
        "validation": {
          "maxLength": "0",
          "required": true
        }
      },
      {
        "fieldName": "Region",
        "title": "Planning Region",
        "Description": "Planning Region",
        "type": "picklist",
        "fieldGroup": "Customer",
        "selectionType": "multiple",
        "clearSearch": true,
        "source": "filter",
        "DimensionName": "Region",
        "LevelAttributeName": "Planning Region",
        "visible": true,
        "isEditable": true,
        "validation": {
          "maxLength": "0",
          "required": true
        }
      },
      {
        "fieldName": "Location",
        "title": "Planning Location",
        "Description": "Planning Location",
        "type": "picklist",
        "fieldGroup": "Location",
        "selectionType": "multiple",
        "clearSearch": true,
        "source": "filter",
        "DimensionName": "Location",
        "LevelAttributeName": "Planning Location",
        "visible": true,
        "isEditable": true,
        "validation": {
          "maxLength": "0",
          "required": true
        }
      },
      {
        "fieldName": "PnL",
        "title": "Planning PnL",
        "Description": "Planning PnL",
        "type": "picklist",
        "fieldGroup": "Others",
        "selectionType": "multiple",
        "clearSearch": true,
        "source": "filter",
        "DimensionName": "PnL",
        "LevelAttributeName": "Planning PnL",
        "visible": true,
        "isEditable": true,
        "validation": {
          "maxLength": "0",
          "required": true
        }
      },
      {
        "fieldName": "DemandDomain",
        "title": "Planning DemandDomain",
        "Description": "Planning DemandDomain",
        "type": "picklist",
        "fieldGroup": "Others",
        "selectionType": "multiple",
        "clearSearch": true,
        "source": "filter",
        "DimensionName": "Demand Domain",
        "LevelAttributeName": "Planning Demand Domain",
        "visible": true,
        "isEditable": true,
        "validation": {
          "maxLength": "0",
          "required": true
        }
      },
      {
        "fieldName": "Week",
        "title": "Week",
        "type": "boolean",
        "clearSearch": true,
        "source": "datasource",
        "key": "Week",
        "valueField": "Forecast Generation Time Bucket Week",
        "textField": "Forecast Generation Time Bucket Week",
        "overrideFieldBindingType": false,
        "visible": false,
        "isEditable": false,
        "cascadeFrom": "VersionName",
        "validation": {
          "maxLength": "0",
          "required": true
        },
        "defaultValue": false
      },
      {
        "fieldName": "Month",
        "title": "Month",
        "type": "boolean",
        "clearSearch": true,
        "source": "datasource",
        "key": "Month",
        "valueField": "Forecast Generation Time Bucket Month",
        "textField": "Forecast Generation Time Bucket Month",
        "overrideFieldBindingType": false,
        "visible": false,
        "isEditable": false,
        "cascadeFrom": "VersionName",
        "validation": {
          "maxLength": "0",
          "required": true
        },
        "defaultValue": false
      },
      {
        "fieldName": "PlanningMonth",
        "title": "PlanningMonth",
        "Description": "PlanningMonth",
        "type": "boolean",
        "clearSearch": true,
        "source": "datasource",
        "key": "PlanningMonth",
        "valueField": "Forecast Generation Time Bucket Planning Month",
        "textField": "Forecast Generation Time Bucket Planning Month",
        "overrideFieldBindingType": false,
        "visible": false,
        "isEditable": false,
        "cascadeFrom": "VersionName",
        "validation": {
          "maxLength": "0",
          "required": true
        },
        "defaultValue": false
      }
    ],
    "Range": [],
    "DataSources": [
      {
        "Name": "Week",
        "IBPLRules": [
          {
            "template": "select(&CWVAndScenarios{{#filter VersionName}} * [Forecast Iteration].[Forecast Iteration].[FI-Default] * {if (Measure.[Forecast Generation Time Bucket]==\"Week\") then (True) else (False) as transient.[Forecast Generation Time Bucket Week]});"
          }
        ],
        "JavascriptRules": [],
        "IncludeDSFieldsOnly": false,
        "FieldBindings": []
      },
      {
        "Name": "Month",
        "IBPLRules": [
          {
            "template": "select(&CWVAndScenarios{{#filter VersionName}} * [Forecast Iteration].[Forecast Iteration].[FI-Default] * {if (Measure.[Forecast Generation Time Bucket]==\"Month\") then (True) else (False) as transient.[Forecast Generation Time Bucket Month]});"
          }
        ],
        "JavascriptRules": [],
        "IncludeDSFieldsOnly": false,
        "FieldBindings": []
      },
      {
        "Name": "PlanningMonth",
        "IBPLRules": [
          {
            "template": "select(&CWVAndScenarios{{#filter VersionName}} * [Forecast Iteration].[Forecast Iteration].[FI-Default] * {if (Measure.[Forecast Generation Time Bucket]==\"Planning Month\") then (True) else (False) as transient.[Forecast Generation Time Bucket Planning Month]});"
          }
        ],
        "JavascriptRules": [],
        "IncludeDSFieldsOnly": false,
        "FieldBindings": []
      }
    ],
    "AutoExecute": false,
    "isAsync": true,
    "hasMembersUpdates": false,
    "Compact": false,
    "TwoColumn": true,
    "IsGlobalForExcelAddIn": false,
    "enableTransaction": false,
    "ReturnFilterByUpdate": true,
    "ExcludeFromNavLink": false,
    "FilterFieldBindings": []
  },
  "Widget": null,
  "Roles": []
}