{
  "MeasureName": "Process Execution Scenario Scope",
  "MeasureId": "b3891054-8fc6-5e2a-cf8a-0e350216b7e9",
  "MeasureDescription": "Scope of the scenario being created",
  "DataType": "picklist",
  "MeasureType": "Regular",
  "AggregateFunction": "Sum",
  "FormatString": "",
  "MeasureColumnName": "ProcessExecutionScenarioScope",
  "MeasureFormula": "",
  "IsEditable": true,
  "ApplyConversion": false,
  "ConversionFormula": "",
  "PickListName": "ProcessExecutionScopedScenario",
  "BgColorFormula": " IF(isnull(measure.[Process Execution Scenario Scope])&&(measure.[Process Execution Rule Name]==\"Rule_01\")) then argb( 1,255, 167, 167)",
  "FgColorFormula": "",
  "TrendFormula": "",
  "FormattingViewModel": null,
  "ParentMeasureName": null,
  "AssociationMeasure": false,
  "IsComputedByPlanningService": false,
  "ToolTip": "Scope of the scenario being created",
  "ConfigJson": {},
  "ApiName": null,
  "ApiDisabled": false,
  "IsReportingMeasure": false,
  "MeasureConditionalFormulaProperties": [],
  "PicklistSource": null
}