{
  "AttributeName": "All Priority Group",
  "AttributeId": "6413b485-44fa-4dec-b4f5-9093480e30e8",
  "AttributeHierarchyEnabled": true,
  "IsKey": false,
  "Description": "All Demand Priority Group roll upto this.  Usually contains 'All' as its member.",
  "OrderBy": "Key",
  "KeyColumnName": "AllPriorityGroupKey",
  "NameColumnName": "AllPriorityGroupName",
  "KeyColumnDataType": "integer",
  "SeedTags": false,
  "KeyGenerationType": "Auto",
  "PickListName": null,
  "ConfigJson": {},
  "FormatString": null,
  "Translation": null,
  "Aliases": [],
  "ApiName": null,
  "ApiDisabled": false
}