{
  "AttributeName": "Alias Name",
  "AttributeId": "3a31f649-6c08-4389-add4-c370575e6459",
  "AttributeHierarchyEnabled": true,
  "IsKey": false,
  "Description": "Alias Name",
  "OrderBy": "Name",
  "KeyColumnName": "AliasNameKey",
  "NameColumnName": "AliasNameName",
  "KeyColumnDataType": "integer",
  "SeedTags": false,
  "KeyGenerationType": "Auto",
  "PickListName": null,
  "ConfigJson": {
    "ShowFilterAs": "TileView",
    "MemberDisplayNameEditable": true,
    "IsMultipleImage": false
  },
  "FormatString": null,
  "Translation": null,
  "Aliases": [],
  "ApiName": null,
  "ApiDisabled": false
}