{
  "Name": "LP Approval Metrics",
  "WidgetDefinitionId": "5e80c8b2-7c78-30b6-1244-670223f4bfb4",
  "IsPrivate": false,
  "WidgetType": "o9.pivot",
  "ViewWidgetDefinition": null,
  "PageWidgetDefinition": null,
  "CreatedUserEmail": "rudraksh.gupta@o9solutions.com",
  "ModifiedUserEmail": "karthik.alagesh@o9solutions.com",
  "Roles": [
    "public"
  ],
  "ConfigJson": {
    "Widget": {
      "Height": 550,
      "ActionButtons": []
    },
    "Presentation": {
      "DataColumnBeforeMembers": false,
      "ShowQuickToggleBar": true,
      "IsEditable": false,
      "EnableExpandCollapse": true,
      "EnableOnGridFilter": true,
      "EnableSort": true,
      "EnableColumnReorder": true,
      "DisableBulkEdit": false,
      "DisableCopyOption": false,
      "DisableAdjustOption": false,
      "DisableApplyOption": false,
      "DisableNullifyOption": false,
      "EnableColumnResize": true,
      "ClearColumnFilterOnScopeFilter": false,
      "EnableJitColumns": false,
      "EnableAuditTrail": false,
      "EnableAutoCollapseColumns": false,
      "EnableSparsifyRowSelection": false,
      "UseConditionalFormatting": false,
      "EnablePastDifferentiation": false,
      "SuppressMessageHeader": false,
      "HideActionButtons": true,
      "ShowImage": true,
      "ShowMeasureGroupAsColumn": false,
      "DefaultLinkFiltersAutoSelection": true,
      "RowHeight": "25",
      "ShowServerConditionalFormating": false,
      "InterDependentFilter": false,
      "UseOutlineFormLayout": false,
      "DisableFieldList": false,
      "ShowComments": false,
      "HideNullRows": false,
      "HideNullColumns": false,
      "UserScrollToCurrentBucket": false,
      "HideReadOnlyNullRows": false,
      "DisableBulkEditMeasures": false,
      "EnableMeasureReposition": false,
      "AllowExcelDownload": false,
      "EnableExportPivot": "",
      "DownloadButton": "System Setting",
      "AbovePivotFilterLevelAttribute": "",
      "AbovePivotFilterValue": "",
      "LayoutColumnWidth": "System Setting",
      "LayoutMeasureColumnWidth": "System Setting",
      "IsSummary": false,
      "ActionButtonBindings": "",
      "ExcelActionButtons": "",
      "CollabFolders": "",
      "ColumnProp": {
        "ColumnSubtotalsAtEnd": false,
        "TimeColumnSubTotalAtEnd": false
      },
      "RowProp": {
        "ShowMultiDimensionProperty": false,
        "RowSubtotalsAtEnd": false
      },
      "FilterProperties": "",
      "ReportMeasureSet": "",
      "IsGraphReport": false,
      "IsMultiGraphReport": false,
      "LevelAttributes": [
        {
          "Id": "1055e697-5019-493f-8c04-203626bc8e1d",
          "AttributeName": "Location Region",
          "Dimension": "Location",
          "Axis": "row",
          "ShowInfo": {
            "ShowDetail": true,
            "ShowPulse": true,
            "ShowTask": true,
            "ShowMarketIntelligence": true
          },
          "IsVisible": true,
          "IsAttributeRequired": false,
          "ShowSubtotal": false,
          "ShowMemberConditionalFormatting": false,
          "UOMMember": "",
          "DisplayName": "",
          "ShortName": "",
          "SortBy": "",
          "JoinWithGraph": false,
          "JoinGraphName": null,
          "JoinWithNode": "FROM"
        },
        {
          "Id": "9c3b45ac-e578-4b7d-8bba-9b631bdb0b79",
          "AttributeName": "Location",
          "Dimension": "Location",
          "Axis": "row",
          "ShowInfo": {
            "ShowDetail": true,
            "ShowPulse": true,
            "ShowTask": true,
            "ShowMarketIntelligence": true
          },
          "IsVisible": false,
          "IsAttributeRequired": false,
          "ShowSubtotal": false,
          "ShowMemberConditionalFormatting": false,
          "UOMMember": "",
          "DisplayName": "",
          "ShortName": "",
          "SortBy": "",
          "JoinWithGraph": false,
          "JoinGraphName": null,
          "JoinWithNode": "FROM"
        },
        {
          "Id": "42f1420f-c03e-47f1-8171-47d931aaa6e7",
          "AttributeName": "L4",
          "Dimension": "Item",
          "Axis": "row",
          "ShowInfo": {
            "ShowDetail": true,
            "ShowPulse": true,
            "ShowTask": true,
            "ShowMarketIntelligence": true
          },
          "IsVisible": true,
          "IsAttributeRequired": false,
          "ShowSubtotal": false,
          "ShowMemberConditionalFormatting": false,
          "UOMMember": "",
          "DisplayName": "",
          "ShortName": "",
          "SortBy": "",
          "JoinWithGraph": false,
          "JoinGraphName": null,
          "JoinWithNode": "FROM"
        },
        {
          "Id": "a751dfff-16ff-4402-8002-5d33f03e28a5",
          "AttributeName": "Measure",
          "Dimension": "Measure",
          "Axis": "row",
          "ShowInfo": {
            "ShowDetail": true,
            "ShowPulse": true,
            "ShowTask": true,
            "ShowMarketIntelligence": true
          },
          "IsVisible": true,
          "IsAttributeRequired": false,
          "ShowSubtotal": false,
          "ShowMemberConditionalFormatting": false,
          "SortBy": "",
          "JoinWithGraph": false,
          "DisplayName": "",
          "ShortName": "",
          "UOMMember": ""
        },
        {
          "Id": "e6218cc2-e174-47cf-b75b-e4dd94897ead",
          "AttributeName": "Planning Year",
          "Dimension": "Time",
          "Axis": "column",
          "ShowInfo": {
            "ShowDetail": true,
            "ShowPulse": true,
            "ShowTask": true,
            "ShowMarketIntelligence": true
          },
          "IsVisible": true,
          "IsAttributeRequired": false,
          "ShowSubtotal": false,
          "ShowMemberConditionalFormatting": false,
          "DisplayName": "",
          "ShortName": "",
          "JoinWithGraph": false,
          "JoinGraphName": null,
          "JoinWithNode": "FROM"
        },
        {
          "Id": "ed4df28f-92ef-4cd4-951e-9bde63603b44",
          "AttributeName": "Planning Quarter",
          "Dimension": "Time",
          "Axis": "column",
          "ShowInfo": {
            "ShowDetail": true,
            "ShowPulse": true,
            "ShowTask": true,
            "ShowMarketIntelligence": true
          },
          "IsVisible": true,
          "IsAttributeRequired": false,
          "ShowSubtotal": false,
          "ShowMemberConditionalFormatting": false,
          "DisplayName": "",
          "ShortName": "",
          "JoinWithGraph": false,
          "JoinGraphName": null,
          "JoinWithNode": "FROM"
        },
        {
          "Id": "b798604c-0140-4e29-9b8e-16eb427a4105",
          "AttributeName": "Planning Month",
          "Dimension": "Time",
          "Axis": "column",
          "ShowInfo": {
            "ShowDetail": true,
            "ShowPulse": true,
            "ShowTask": true,
            "ShowMarketIntelligence": true
          },
          "IsVisible": true,
          "IsAttributeRequired": false,
          "ShowSubtotal": false,
          "ShowMemberConditionalFormatting": false,
          "DisplayName": "",
          "ShortName": "",
          "JoinWithGraph": false,
          "JoinGraphName": null,
          "JoinWithNode": "FROM"
        }
      ],
      "FilterGroups": [
        {
          "GroupName": "Selling Season",
          "HierarchyId": "",
          "Id": "d70de97d-f44a-4006-a4e3-5eb81cefe9e1",
          "Attributes": [
            "56b72eb0-2d21-d392-f36d-296d4e622245"
          ]
        },
        {
          "GroupName": "L4",
          "HierarchyId": "ed5f7904-29d5-b0fe-2b9c-1e40e026b4cd",
          "Id": "da98cd0d-f7ad-4b48-910a-7e1ba17b22d8",
          "Attributes": [
            "a82339c5-c98a-4452-a348-a8e522105d7e",
            "42f1420f-c03e-47f1-8171-47d931aaa6e7"
          ]
        },
        {
          "GroupName": "Sales Planning Channel",
          "HierarchyId": "8b997c33-e641-8ddd-be78-021f7472f22f",
          "Id": "cdff99c3-2bb0-4339-b1b1-74137a229220",
          "Attributes": [
            "4d56dac3-270d-449a-9ee5-3ae97fbb32a2",
            "0c4d82ca-2fbe-c1e8-f6c5-51ffdcf84efc"
          ]
        },
        {
          "GroupName": "Location",
          "HierarchyId": "5b1b65dd-6559-29d7-2218-eb249d1e7492",
          "Id": "ab97fa2a-8516-4ed6-bbc5-e73d0e27582d",
          "Attributes": [
            "d00b8ae3-4077-4366-87b7-cf97749f44db",
            "1055e697-5019-493f-8c04-203626bc8e1d",
            "9c3b45ac-e578-4b7d-8bba-9b631bdb0b79"
          ]
        },
        {
          "GroupName": "Version Name",
          "HierarchyId": "",
          "Id": "b2d429ff-a526-4e50-aa7a-ff21df84bc61",
          "Attributes": [
            "211b33d5-d91f-40ec-9668-20e0da2ae7b3"
          ]
        },
        {
          "GroupName": "Currency",
          "HierarchyId": "",
          "Id": "bbdcd7f7-9897-4c13-9017-6eec464d827e",
          "Attributes": [
            "fb78b916-b80b-4b2d-b621-93c5737c74e1"
          ]
        },
        {
          "GroupName": "Week",
          "HierarchyId": "163aa88f-6794-81c8-1b3a-70d159c7571d",
          "Id": "becd5ec1-4e9f-464e-8388-002246bad466",
          "Attributes": [
            "e6218cc2-e174-47cf-b75b-e4dd94897ead",
            "ed4df28f-92ef-4cd4-951e-9bde63603b44",
            "b798604c-0140-4e29-9b8e-16eb427a4105",
            "957e580c-16e5-44fa-9974-220e3e4ed749"
          ]
        }
      ],
      "MeasureCollections": [
        {
          "Title": "Sales Measures",
          "ShowTitle": true,
          "ShowVerticalBorders": true,
          "Id": "b42ac330-a197-4fcf-a44a-a1e31fd96b16",
          "IsGroup": true,
          "ChildMeasureCollections": [
            {
              "Title": "Regular and MD",
              "ShowTitle": true,
              "ShowVerticalBorders": true,
              "Id": "b77a33ec-f496-4d5b-878f-3b3959e2d647",
              "IsGroup": true,
              "ChildMeasureCollections": [],
              "Measures": [
                {
                  "Name": "LP Ttl Sls Rtl",
                  "Id": "5aeaced4-9e9a-47d8-b0d2-e8ca18e1c3c3",
                  "IsVisible": false,
                  "IsEditable": false,
                  "IsMultiFileUpload": false,
                  "ShowInLocalTimeZone": false,
                  "RenderType": "Value",
                  "Alignment": "MiddleRight",
                  "FormatString": "",
                  "ColumnWidth": 0,
                  "Sort": "",
                  "UseExcelAggregation": false,
                  "MeasureFormatting": [
                    {
                      "BGCOLOR": "",
                      "FGCOLOR": "",
                      "ApplyForData": false,
                      "ApplyForHeader": false
                    }
                  ],
                  "TimeHorizon": "",
                  "ShowInfo": {
                    "ShowDetail": true,
                    "ShowPulse": true,
                    "ShowTask": true,
                    "ShowMarketIntelligence": true
                  },
                  "ChildMeasureCollections": null,
                  "IsMultiDimensionProperty": false
                },
                {
                  "Name": "LP Sls % AP",
                  "Id": "7ce9f0f7-4d35-4e02-b0af-4bcf22e54b66",
                  "IsVisible": true,
                  "IsEditable": false,
                  "IsMultiFileUpload": false,
                  "ShowInLocalTimeZone": false,
                  "RenderType": "Value",
                  "Alignment": "MiddleRight",
                  "FormatString": "",
                  "ColumnWidth": 0,
                  "Sort": "",
                  "UseExcelAggregation": false,
                  "MeasureFormatting": [
                    {
                      "BGCOLOR": "",
                      "FGCOLOR": "",
                      "ApplyForData": false,
                      "ApplyForHeader": false
                    }
                  ],
                  "TimeHorizon": "",
                  "ShowInfo": {
                    "ShowDetail": true,
                    "ShowPulse": true,
                    "ShowTask": true,
                    "ShowMarketIntelligence": true
                  },
                  "ChildMeasureCollections": null,
                  "IsMultiDimensionProperty": false
                },
                {
                  "Name": "LP Sls %",
                  "Id": "0256c86f-3ac2-428f-abcf-419289d40b13",
                  "IsVisible": false,
                  "IsEditable": false,
                  "IsMultiFileUpload": false,
                  "ShowInLocalTimeZone": false,
                  "RenderType": "Value",
                  "Alignment": "MiddleRight",
                  "FormatString": "",
                  "ColumnWidth": 0,
                  "Sort": "",
                  "UseExcelAggregation": false,
                  "MeasureFormatting": [
                    {
                      "BGCOLOR": "",
                      "FGCOLOR": "",
                      "ApplyForData": false,
                      "ApplyForHeader": false
                    }
                  ],
                  "TimeHorizon": "",
                  "ShowInfo": {
                    "ShowDetail": true,
                    "ShowPulse": true,
                    "ShowTask": true,
                    "ShowMarketIntelligence": true
                  },
                  "ChildMeasureCollections": null,
                  "IsMultiDimensionProperty": false
                },
                {
                  "Name": "LP Sls Rtl AP",
                  "Id": "5f899afd-457b-4544-bf83-86d5b9efb877",
                  "IsVisible": true,
                  "IsEditable": false,
                  "IsMultiFileUpload": false,
                  "ShowInLocalTimeZone": false,
                  "RenderType": "Value",
                  "Alignment": "MiddleRight",
                  "FormatString": "",
                  "ColumnWidth": 0,
                  "Sort": "",
                  "UseExcelAggregation": false,
                  "MeasureFormatting": [
                    {
                      "BGCOLOR": "",
                      "FGCOLOR": "",
                      "ApplyForData": false,
                      "ApplyForHeader": false
                    }
                  ],
                  "TimeHorizon": "",
                  "ShowInfo": {
                    "ShowDetail": true,
                    "ShowPulse": true,
                    "ShowTask": true,
                    "ShowMarketIntelligence": true
                  },
                  "ChildMeasureCollections": null,
                  "IsMultiDimensionProperty": false
                },
                {
                  "Name": "LP Sls Rtl",
                  "Id": "178d0a14-5345-492a-882a-d0d1336f02d0",
                  "IsVisible": false,
                  "IsEditable": false,
                  "IsMultiFileUpload": false,
                  "ShowInLocalTimeZone": false,
                  "RenderType": "Value",
                  "Alignment": "MiddleRight",
                  "FormatString": "",
                  "ColumnWidth": 0,
                  "Sort": "",
                  "UseExcelAggregation": false,
                  "MeasureFormatting": [
                    {
                      "BGCOLOR": "",
                      "FGCOLOR": "",
                      "ApplyForData": false,
                      "ApplyForHeader": false
                    }
                  ],
                  "TimeHorizon": "",
                  "ShowInfo": {
                    "ShowDetail": true,
                    "ShowPulse": true,
                    "ShowTask": true,
                    "ShowMarketIntelligence": true
                  },
                  "ChildMeasureCollections": null,
                  "IsMultiDimensionProperty": false
                },
                {
                  "Name": "LP FP Sls % AP",
                  "Id": "a29a8d3d-b24b-480c-8c2d-2960f4ca3a62",
                  "IsVisible": true,
                  "IsEditable": false,
                  "IsMultiFileUpload": false,
                  "ShowInLocalTimeZone": false,
                  "RenderType": "Value",
                  "Alignment": "MiddleRight",
                  "FormatString": "",
                  "ColumnWidth": 0,
                  "Sort": "",
                  "UseExcelAggregation": false,
                  "MeasureFormatting": [
                    {
                      "BGCOLOR": "",
                      "FGCOLOR": "",
                      "ApplyForData": false,
                      "ApplyForHeader": false
                    }
                  ],
                  "TimeHorizon": "",
                  "ShowInfo": {
                    "ShowDetail": true,
                    "ShowPulse": true,
                    "ShowTask": true,
                    "ShowMarketIntelligence": true
                  },
                  "ChildMeasureCollections": null,
                  "IsMultiDimensionProperty": false
                },
                {
                  "Name": "LP FP Sls %",
                  "Id": "0f93d7f5-c907-4c22-8ea8-ad97652ad50d",
                  "IsVisible": false,
                  "IsEditable": false,
                  "IsMultiFileUpload": false,
                  "ShowInLocalTimeZone": false,
                  "RenderType": "Value",
                  "Alignment": "MiddleRight",
                  "FormatString": "",
                  "ColumnWidth": 0,
                  "Sort": "",
                  "UseExcelAggregation": false,
                  "MeasureFormatting": [
                    {
                      "BGCOLOR": "",
                      "FGCOLOR": "",
                      "ApplyForData": false,
                      "ApplyForHeader": false
                    }
                  ],
                  "TimeHorizon": "",
                  "ShowInfo": {
                    "ShowDetail": true,
                    "ShowPulse": true,
                    "ShowTask": true,
                    "ShowMarketIntelligence": true
                  },
                  "ChildMeasureCollections": null,
                  "IsMultiDimensionProperty": false
                },
                {
                  "Name": "LP FP Sls Rtl AP",
                  "Id": "c12eb472-c139-4923-b9b9-748a6a89c68b",
                  "IsVisible": true,
                  "IsEditable": false,
                  "IsMultiFileUpload": false,
                  "ShowInLocalTimeZone": false,
                  "RenderType": "Value",
                  "Alignment": "MiddleRight",
                  "FormatString": "",
                  "ColumnWidth": 0,
                  "Sort": "",
                  "UseExcelAggregation": false,
                  "MeasureFormatting": [
                    {
                      "BGCOLOR": "",
                      "FGCOLOR": "",
                      "ApplyForData": false,
                      "ApplyForHeader": false
                    }
                  ],
                  "TimeHorizon": "",
                  "ShowInfo": {
                    "ShowDetail": true,
                    "ShowPulse": true,
                    "ShowTask": true,
                    "ShowMarketIntelligence": true
                  },
                  "ChildMeasureCollections": null,
                  "IsMultiDimensionProperty": false
                },
                {
                  "Name": "LP FP Sls Rtl",
                  "Id": "d395f3dd-766f-44a8-9f2f-36a55e91eb27",
                  "IsVisible": false,
                  "IsEditable": false,
                  "IsMultiFileUpload": false,
                  "ShowInLocalTimeZone": false,
                  "RenderType": "Value",
                  "Alignment": "MiddleRight",
                  "FormatString": "",
                  "ColumnWidth": 0,
                  "Sort": "",
                  "UseExcelAggregation": false,
                  "MeasureFormatting": [
                    {
                      "BGCOLOR": "",
                      "FGCOLOR": "",
                      "ApplyForData": false,
                      "ApplyForHeader": false
                    }
                  ],
                  "TimeHorizon": "",
                  "ShowInfo": {
                    "ShowDetail": true,
                    "ShowPulse": true,
                    "ShowTask": true,
                    "ShowMarketIntelligence": true
                  },
                  "ChildMeasureCollections": null,
                  "IsMultiDimensionProperty": false
                },
                {
                  "Name": "LP PP Sls % AP",
                  "Id": "dbfa4feb-176e-47ff-8ff4-edf5cbf9cb8b",
                  "IsVisible": true,
                  "IsEditable": false,
                  "IsMultiFileUpload": false,
                  "ShowInLocalTimeZone": false,
                  "RenderType": "Value",
                  "Alignment": "MiddleRight",
                  "FormatString": "",
                  "ColumnWidth": 0,
                  "Sort": "",
                  "UseExcelAggregation": false,
                  "MeasureFormatting": [
                    {
                      "BGCOLOR": "",
                      "FGCOLOR": "",
                      "ApplyForData": false,
                      "ApplyForHeader": false
                    }
                  ],
                  "TimeHorizon": "",
                  "ShowInfo": {
                    "ShowDetail": true,
                    "ShowPulse": true,
                    "ShowTask": true,
                    "ShowMarketIntelligence": true
                  },
                  "ChildMeasureCollections": null,
                  "IsMultiDimensionProperty": false
                },
                {
                  "Name": "LP PP Sls %",
                  "Id": "537cc45b-e4da-4e72-a33d-ca9af49445bf",
                  "IsVisible": false,
                  "IsEditable": false,
                  "IsMultiFileUpload": false,
                  "ShowInLocalTimeZone": false,
                  "RenderType": "Value",
                  "Alignment": "MiddleRight",
                  "FormatString": "",
                  "ColumnWidth": 0,
                  "Sort": "",
                  "UseExcelAggregation": false,
                  "MeasureFormatting": [
                    {
                      "BGCOLOR": "",
                      "FGCOLOR": "",
                      "ApplyForData": false,
                      "ApplyForHeader": false
                    }
                  ],
                  "TimeHorizon": "",
                  "ShowInfo": {
                    "ShowDetail": true,
                    "ShowPulse": true,
                    "ShowTask": true,
                    "ShowMarketIntelligence": true
                  },
                  "ChildMeasureCollections": null,
                  "IsMultiDimensionProperty": false
                },
                {
                  "Name": "LP PP Sls Rtl AP",
                  "Id": "615e4b3c-3e35-4aaf-b839-ffb8dae8509e",
                  "IsVisible": true,
                  "IsEditable": false,
                  "IsMultiFileUpload": false,
                  "ShowInLocalTimeZone": false,
                  "RenderType": "Value",
                  "Alignment": "MiddleRight",
                  "FormatString": "",
                  "ColumnWidth": 0,
                  "Sort": "",
                  "UseExcelAggregation": false,
                  "MeasureFormatting": [
                    {
                      "BGCOLOR": "",
                      "FGCOLOR": "",
                      "ApplyForData": false,
                      "ApplyForHeader": false
                    }
                  ],
                  "TimeHorizon": "",
                  "ShowInfo": {
                    "ShowDetail": true,
                    "ShowPulse": true,
                    "ShowTask": true,
                    "ShowMarketIntelligence": true
                  },
                  "ChildMeasureCollections": null,
                  "IsMultiDimensionProperty": false
                },
                {
                  "Name": "LP PP Sls Rtl",
                  "Id": "0af4b33f-a484-4389-986a-893cb613596c",
                  "IsVisible": false,
                  "IsEditable": false,
                  "IsMultiFileUpload": false,
                  "ShowInLocalTimeZone": false,
                  "RenderType": "Value",
                  "Alignment": "MiddleRight",
                  "FormatString": "",
                  "ColumnWidth": 0,
                  "Sort": "",
                  "UseExcelAggregation": false,
                  "MeasureFormatting": [
                    {
                      "BGCOLOR": "",
                      "FGCOLOR": "",
                      "ApplyForData": false,
                      "ApplyForHeader": false
                    }
                  ],
                  "TimeHorizon": "",
                  "ShowInfo": {
                    "ShowDetail": true,
                    "ShowPulse": true,
                    "ShowTask": true,
                    "ShowMarketIntelligence": true
                  },
                  "ChildMeasureCollections": null,
                  "IsMultiDimensionProperty": false
                },
                {
                  "Name": "LP Ttl MD % AP",
                  "Id": "e52d3f59-dfb5-4a1b-8f8f-c10a5ec5bc91",
                  "IsVisible": true,
                  "IsEditable": false,
                  "IsMultiFileUpload": false,
                  "ShowInLocalTimeZone": false,
                  "RenderType": "Value",
                  "Alignment": "MiddleRight",
                  "FormatString": "",
                  "ColumnWidth": 0,
                  "Sort": "",
                  "UseExcelAggregation": false,
                  "MeasureFormatting": [
                    {
                      "BGCOLOR": "",
                      "FGCOLOR": "",
                      "ApplyForData": false,
                      "ApplyForHeader": false
                    }
                  ],
                  "TimeHorizon": "",
                  "ShowInfo": {
                    "ShowDetail": true,
                    "ShowPulse": true,
                    "ShowTask": true,
                    "ShowMarketIntelligence": true
                  },
                  "ChildMeasureCollections": null,
                  "IsMultiDimensionProperty": false
                },
                {
                  "Name": "LP Ttl MD %",
                  "Id": "c0ccbabc-420f-4c81-85c1-0821c240cadc",
                  "IsVisible": false,
                  "IsEditable": false,
                  "IsMultiFileUpload": false,
                  "ShowInLocalTimeZone": false,
                  "RenderType": "Value",
                  "Alignment": "MiddleRight",
                  "FormatString": "",
                  "ColumnWidth": 0,
                  "Sort": "",
                  "UseExcelAggregation": false,
                  "MeasureFormatting": [
                    {
                      "BGCOLOR": "",
                      "FGCOLOR": "",
                      "ApplyForData": false,
                      "ApplyForHeader": false
                    }
                  ],
                  "TimeHorizon": "",
                  "ShowInfo": {
                    "ShowDetail": true,
                    "ShowPulse": true,
                    "ShowTask": true,
                    "ShowMarketIntelligence": true
                  },
                  "ChildMeasureCollections": null,
                  "IsMultiDimensionProperty": false
                },
                {
                  "Name": "LP Ttl MD Rtl AP",
                  "Id": "8f9ebf10-231e-415e-a727-a08803867373",
                  "IsVisible": true,
                  "IsEditable": false,
                  "IsMultiFileUpload": false,
                  "ShowInLocalTimeZone": false,
                  "RenderType": "Value",
                  "Alignment": "MiddleRight",
                  "FormatString": "",
                  "ColumnWidth": 0,
                  "Sort": "",
                  "UseExcelAggregation": false,
                  "MeasureFormatting": [
                    {
                      "BGCOLOR": "",
                      "FGCOLOR": "",
                      "ApplyForData": false,
                      "ApplyForHeader": false
                    }
                  ],
                  "TimeHorizon": "",
                  "ShowInfo": {
                    "ShowDetail": true,
                    "ShowPulse": true,
                    "ShowTask": true,
                    "ShowMarketIntelligence": true
                  },
                  "ChildMeasureCollections": null,
                  "IsMultiDimensionProperty": false
                },
                {
                  "Name": "LP Ttl MD Rtl",
                  "Id": "b7d446a7-a30d-4715-ac67-5b82c9d78b58",
                  "IsVisible": false,
                  "IsEditable": false,
                  "IsMultiFileUpload": false,
                  "ShowInLocalTimeZone": false,
                  "RenderType": "Value",
                  "Alignment": "MiddleRight",
                  "FormatString": "",
                  "ColumnWidth": 0,
                  "Sort": "",
                  "UseExcelAggregation": false,
                  "MeasureFormatting": [
                    {
                      "BGCOLOR": "",
                      "FGCOLOR": "",
                      "ApplyForData": false,
                      "ApplyForHeader": false
                    }
                  ],
                  "TimeHorizon": "",
                  "ShowInfo": {
                    "ShowDetail": true,
                    "ShowPulse": true,
                    "ShowTask": true,
                    "ShowMarketIntelligence": true
                  },
                  "ChildMeasureCollections": null,
                  "IsMultiDimensionProperty": false
                },
                {
                  "Name": "LP POS MD Rtl AP",
                  "Id": "318ace3d-b222-46a4-8a29-92d028da77fb",
                  "IsVisible": true,
                  "IsEditable": false,
                  "IsMultiFileUpload": false,
                  "ShowInLocalTimeZone": false,
                  "RenderType": "Value",
                  "Alignment": "MiddleRight",
                  "FormatString": "",
                  "ColumnWidth": 0,
                  "Sort": "",
                  "UseExcelAggregation": false,
                  "MeasureFormatting": [
                    {
                      "BGCOLOR": "",
                      "FGCOLOR": "",
                      "ApplyForData": false,
                      "ApplyForHeader": false
                    }
                  ],
                  "TimeHorizon": "",
                  "ShowInfo": {
                    "ShowDetail": true,
                    "ShowPulse": true,
                    "ShowTask": true,
                    "ShowMarketIntelligence": true
                  },
                  "ChildMeasureCollections": null,
                  "IsMultiDimensionProperty": false
                },
                {
                  "Name": "LP POS MD Rtl",
                  "Id": "97b96e7c-79f1-4a4f-b6da-45fce60ce4c3",
                  "IsVisible": false,
                  "IsEditable": false,
                  "IsMultiFileUpload": false,
                  "ShowInLocalTimeZone": false,
                  "RenderType": "Value",
                  "Alignment": "MiddleRight",
                  "FormatString": "",
                  "ColumnWidth": 0,
                  "Sort": "",
                  "UseExcelAggregation": false,
                  "MeasureFormatting": [
                    {
                      "BGCOLOR": "",
                      "FGCOLOR": "",
                      "ApplyForData": false,
                      "ApplyForHeader": false
                    }
                  ],
                  "TimeHorizon": "",
                  "ShowInfo": {
                    "ShowDetail": true,
                    "ShowPulse": true,
                    "ShowTask": true,
                    "ShowMarketIntelligence": true
                  },
                  "ChildMeasureCollections": null,
                  "IsMultiDimensionProperty": false
                },
                {
                  "Name": "LP Perm MD Rtl AP",
                  "Id": "9a0cedb2-a08c-481d-87e3-1e5150ae2e86",
                  "IsVisible": true,
                  "IsEditable": false,
                  "IsMultiFileUpload": false,
                  "ShowInLocalTimeZone": false,
                  "RenderType": "Value",
                  "Alignment": "MiddleRight",
                  "FormatString": "",
                  "ColumnWidth": 0,
                  "Sort": "",
                  "UseExcelAggregation": false,
                  "MeasureFormatting": [
                    {
                      "BGCOLOR": "",
                      "FGCOLOR": "",
                      "ApplyForData": false,
                      "ApplyForHeader": false
                    }
                  ],
                  "TimeHorizon": "",
                  "ShowInfo": {
                    "ShowDetail": true,
                    "ShowPulse": true,
                    "ShowTask": true,
                    "ShowMarketIntelligence": true
                  },
                  "ChildMeasureCollections": null,
                  "IsMultiDimensionProperty": false
                },
                {
                  "Name": "LP Perm MD Rtl",
                  "Id": "c0252b4a-a9a7-465c-979f-33e6530f2a0f",
                  "IsVisible": false,
                  "IsEditable": false,
                  "IsMultiFileUpload": false,
                  "ShowInLocalTimeZone": false,
                  "RenderType": "Value",
                  "Alignment": "MiddleRight",
                  "FormatString": "",
                  "ColumnWidth": 0,
                  "Sort": "",
                  "UseExcelAggregation": false,
                  "MeasureFormatting": [
                    {
                      "BGCOLOR": "",
                      "FGCOLOR": "",
                      "ApplyForData": false,
                      "ApplyForHeader": false
                    }
                  ],
                  "TimeHorizon": "",
                  "ShowInfo": {
                    "ShowDetail": true,
                    "ShowPulse": true,
                    "ShowTask": true,
                    "ShowMarketIntelligence": true
                  },
                  "ChildMeasureCollections": null,
                  "IsMultiDimensionProperty": false
                }
              ]
            }
          ],
          "Measures": [
            {
              "Name": "LP Ttl Sls Rtl AP",
              "Id": "8e6116ce-e7b4-4b71-b489-14a42b5a0e33",
              "IsVisible": true,
              "IsEditable": false,
              "IsMultiFileUpload": false,
              "ShowInLocalTimeZone": false,
              "RenderType": "Value",
              "Alignment": "MiddleRight",
              "FormatString": "",
              "ColumnWidth": 0,
              "Sort": "",
              "UseExcelAggregation": false,
              "MeasureFormatting": [
                {
                  "BGCOLOR": "",
                  "FGCOLOR": "",
                  "ApplyForData": false,
                  "ApplyForHeader": false
                }
              ],
              "TimeHorizon": "",
              "ShowInfo": {
                "ShowDetail": true,
                "ShowPulse": true,
                "ShowTask": true,
                "ShowMarketIntelligence": true
              },
              "ChildMeasureCollections": null,
              "IsMultiDimensionProperty": false
            }
          ]
        },
        {
          "Title": "GM, Inv",
          "ShowTitle": true,
          "ShowVerticalBorders": true,
          "Id": "c8161d26-c223-472e-bebb-0593f57b73e1",
          "IsGroup": true,
          "ChildMeasureCollections": [],
          "Measures": [
            {
              "Name": "LP Gross Margin % AP",
              "Id": "ec7fb8b1-f5ee-48d3-b922-f37a4065516c",
              "IsVisible": true,
              "IsEditable": false,
              "IsMultiFileUpload": false,
              "ShowInLocalTimeZone": false,
              "RenderType": "Value",
              "Alignment": "MiddleRight",
              "FormatString": "",
              "ColumnWidth": 0,
              "Sort": "",
              "UseExcelAggregation": false,
              "MeasureFormatting": [
                {
                  "BGCOLOR": "",
                  "FGCOLOR": "",
                  "ApplyForData": false,
                  "ApplyForHeader": false
                }
              ],
              "TimeHorizon": "",
              "ShowInfo": {
                "ShowDetail": true,
                "ShowPulse": true,
                "ShowTask": true,
                "ShowMarketIntelligence": true
              },
              "ChildMeasureCollections": null,
              "IsMultiDimensionProperty": false
            },
            {
              "Name": "LP Gross Margin %",
              "Id": "f1e0c433-d04a-49a5-9193-501638ad85f1",
              "IsVisible": false,
              "IsEditable": false,
              "IsMultiFileUpload": false,
              "ShowInLocalTimeZone": false,
              "RenderType": "Value",
              "Alignment": "MiddleRight",
              "FormatString": "",
              "ColumnWidth": 0,
              "Sort": "",
              "UseExcelAggregation": false,
              "MeasureFormatting": [
                {
                  "BGCOLOR": "",
                  "FGCOLOR": "",
                  "ApplyForData": false,
                  "ApplyForHeader": false
                }
              ],
              "TimeHorizon": "",
              "ShowInfo": {
                "ShowDetail": true,
                "ShowPulse": true,
                "ShowTask": true,
                "ShowMarketIntelligence": true
              },
              "ChildMeasureCollections": null,
              "IsMultiDimensionProperty": false
            },
            {
              "Name": "LP Gross Margin Rtl AP",
              "Id": "745c3927-c334-4e31-b17e-52fab5589ae3",
              "IsVisible": true,
              "IsEditable": false,
              "IsMultiFileUpload": false,
              "ShowInLocalTimeZone": false,
              "RenderType": "Value",
              "Alignment": "MiddleRight",
              "FormatString": "",
              "ColumnWidth": 0,
              "Sort": "",
              "UseExcelAggregation": false,
              "MeasureFormatting": [
                {
                  "BGCOLOR": "",
                  "FGCOLOR": "",
                  "ApplyForData": false,
                  "ApplyForHeader": false
                }
              ],
              "TimeHorizon": "",
              "ShowInfo": {
                "ShowDetail": true,
                "ShowPulse": true,
                "ShowTask": true,
                "ShowMarketIntelligence": true
              },
              "ChildMeasureCollections": null,
              "IsMultiDimensionProperty": false
            },
            {
              "Name": "LP Gross Margin Rtl",
              "Id": "dc645ee8-21b3-4e45-871e-b2d8dd4faccb",
              "IsVisible": false,
              "IsEditable": false,
              "IsMultiFileUpload": false,
              "ShowInLocalTimeZone": false,
              "RenderType": "Value",
              "Alignment": "MiddleRight",
              "FormatString": "",
              "ColumnWidth": 0,
              "Sort": "",
              "UseExcelAggregation": false,
              "MeasureFormatting": [
                {
                  "BGCOLOR": "",
                  "FGCOLOR": "",
                  "ApplyForData": false,
                  "ApplyForHeader": false
                }
              ],
              "TimeHorizon": "",
              "ShowInfo": {
                "ShowDetail": true,
                "ShowPulse": true,
                "ShowTask": true,
                "ShowMarketIntelligence": true
              },
              "ChildMeasureCollections": null,
              "IsMultiDimensionProperty": false
            }
          ]
        }
      ],
      "MeasureCollections2": [],
      "AlwaysOnMeasureCollections": [],
      "GraphRelations": [],
      "Folders": []
    }
  },
  "WidgetKeywordTags": [],
  "DimensionAttributeUsages": [],
  "WidgetModel": {
    "WidgetModelId": "cf93eb69-78f6-4818-ab20-3243c5948a0d",
    "ConfigJson": {
      "LevelAttributes": [
        {
          "Id": "56b72eb0-2d21-d392-f36d-296d4e622245",
          "AttributeName": "Selling Season",
          "Dimension": "Selling Season",
          "DimensionId": 4139898,
          "IsFilter": true,
          "Axis": "none",
          "IsDefault": true,
          "AllSelection": false,
          "SelectedMembers": [
            {
              "Name": "SU22"
            }
          ],
          "Name": "Selling Season",
          "DimensionName": "Selling Season",
          "OverrideFavSelection": false,
          "CurrencyFilter": false,
          "IsSingleSelect": true,
          "MemberFilterExpression": "",
          "DefaultValueExpression": "",
          "WorksheetLevelFilter": false,
          "HideDummyMembers": false,
          "SortBy": "Key",
          "SortOrder": "Ascending",
          "IsNarrowYourSelection": false,
          "Position": -550
        },
        {
          "Id": "a82339c5-c98a-4452-a348-a8e522105d7e",
          "AttributeName": "L6",
          "Dimension": "Item",
          "DimensionId": 4139942,
          "IsFilter": true,
          "Axis": "none",
          "IsDefault": true,
          "AllSelection": false,
          "SelectedMembers": [
            {
              "Name": "Apparel"
            }
          ],
          "Name": "L6",
          "DimensionName": "Item",
          "AliasName": "Business Unit",
          "AliasId": "b677e6b1-9b7d-66e7-4fb6-8510bc98c430",
          "AliasType": "AttributeAlias",
          "OverrideFavSelection": false,
          "CurrencyFilter": false,
          "IsSingleSelect": true,
          "MemberFilterExpression": "&RE2EBusinessUnits",
          "DefaultValueExpression": "",
          "WorksheetLevelFilter": false,
          "HideDummyMembers": false,
          "SortBy": "",
          "SortOrder": "",
          "IsNarrowYourSelection": false,
          "Position": 50
        },
        {
          "Id": "42f1420f-c03e-47f1-8171-47d931aaa6e7",
          "AttributeName": "L4",
          "Dimension": "Item",
          "DimensionId": 4139942,
          "IsFilter": true,
          "Axis": "none",
          "IsDefault": true,
          "AllSelection": true,
          "SelectedMembers": [],
          "Name": "L4",
          "DimensionName": "Item",
          "AliasName": "Department",
          "AliasId": "062348a8-7aec-2f10-6a91-25531f6e57a4",
          "AliasType": "AttributeAlias",
          "OverrideFavSelection": false,
          "CurrencyFilter": false,
          "IsSingleSelect": false,
          "MemberFilterExpression": "&RE2EDepartments",
          "DefaultValueExpression": "",
          "WorksheetLevelFilter": false,
          "HideDummyMembers": false,
          "SortBy": "",
          "SortOrder": "",
          "IsNarrowYourSelection": false,
          "Position": 50
        },
        {
          "Id": "4d56dac3-270d-449a-9ee5-3ae97fbb32a2",
          "AttributeName": "All Sales Domain",
          "Dimension": "Sales Domain",
          "DimensionId": 4139871,
          "IsFilter": true,
          "Axis": "none",
          "IsDefault": true,
          "AllSelection": false,
          "SelectedMembers": [
            {
              "Name": "All"
            }
          ],
          "Name": "All Sales Domain",
          "DimensionName": "Sales Domain",
          "OverrideFavSelection": false,
          "CurrencyFilter": false,
          "IsSingleSelect": true,
          "MemberFilterExpression": "",
          "DefaultValueExpression": "",
          "WorksheetLevelFilter": false,
          "HideDummyMembers": false,
          "SortBy": "",
          "SortOrder": "",
          "IsNarrowYourSelection": false,
          "Position": 60
        },
        {
          "Id": "0c4d82ca-2fbe-c1e8-f6c5-51ffdcf84efc",
          "AttributeName": "Sales Planning Channel",
          "Dimension": "Sales Domain",
          "DimensionId": 4139871,
          "IsFilter": true,
          "Axis": "none",
          "IsDefault": true,
          "AllSelection": true,
          "SelectedMembers": [],
          "Name": "Sales Planning Channel",
          "DimensionName": "Sales Domain",
          "OverrideFavSelection": false,
          "CurrencyFilter": false,
          "IsSingleSelect": false,
          "MemberFilterExpression": "&RE2EChannels",
          "DefaultValueExpression": "",
          "WorksheetLevelFilter": false,
          "HideDummyMembers": false,
          "SortBy": "",
          "SortOrder": "",
          "IsNarrowYourSelection": false,
          "Position": 60
        },
        {
          "Id": "d00b8ae3-4077-4366-87b7-cf97749f44db",
          "AttributeName": "Location Country",
          "Dimension": "Location",
          "DimensionId": 4139835,
          "IsFilter": true,
          "Axis": "none",
          "IsDefault": true,
          "AllSelection": false,
          "SelectedMembers": [
            {
              "Name": "USA"
            }
          ],
          "Name": "Location Country",
          "DimensionName": "Location",
          "AliasName": "Country",
          "AliasId": "47690e8c-bf7f-abdd-8250-0bc27e856388",
          "AliasType": "AttributeAlias",
          "OverrideFavSelection": false,
          "CurrencyFilter": false,
          "IsSingleSelect": true,
          "MemberFilterExpression": "&RE2ECountries",
          "DefaultValueExpression": "",
          "WorksheetLevelFilter": false,
          "HideDummyMembers": false,
          "SortBy": "",
          "SortOrder": "",
          "IsNarrowYourSelection": false,
          "Position": 70
        },
        {
          "Id": "9c3b45ac-e578-4b7d-8bba-9b631bdb0b79",
          "AttributeName": "Location",
          "Dimension": "Location",
          "DimensionId": 4139835,
          "IsFilter": true,
          "Axis": "none",
          "IsDefault": true,
          "AllSelection": true,
          "SelectedMembers": [],
          "Name": "Location",
          "DimensionName": "Location",
          "AliasName": "Store",
          "AliasId": "01024ab1-1efc-65c9-9428-de653b6a9e83",
          "AliasType": "AttributeAlias",
          "OverrideFavSelection": false,
          "CurrencyFilter": false,
          "IsSingleSelect": false,
          "MemberFilterExpression": "",
          "DefaultValueExpression": "",
          "WorksheetLevelFilter": false,
          "HideDummyMembers": false,
          "SortBy": "",
          "SortOrder": "",
          "IsNarrowYourSelection": false,
          "Position": 70
        },
        {
          "Id": "1055e697-5019-493f-8c04-203626bc8e1d",
          "AttributeName": "Location Region",
          "Dimension": "Location",
          "DimensionId": 4139835,
          "IsFilter": true,
          "Axis": "none",
          "IsDefault": true,
          "AllSelection": true,
          "SelectedMembers": [],
          "Name": "Location Region",
          "DimensionName": "Location",
          "AliasName": "Region",
          "AliasId": "dddbcc03-ed16-aa5b-9f74-56648672fa04",
          "AliasType": "AttributeAlias",
          "OverrideFavSelection": false,
          "CurrencyFilter": false,
          "IsSingleSelect": false,
          "MemberFilterExpression": "",
          "DefaultValueExpression": "",
          "WorksheetLevelFilter": false,
          "HideDummyMembers": false,
          "SortBy": "",
          "SortOrder": "",
          "IsNarrowYourSelection": false,
          "Position": 70
        },
        {
          "Id": "211b33d5-d91f-40ec-9668-20e0da2ae7b3",
          "AttributeName": "Version Name",
          "Dimension": "Version",
          "DimensionId": 4139756,
          "IsFilter": true,
          "Axis": "none",
          "IsDefault": true,
          "AllSelection": false,
          "SelectedMembers": [
            {
              "Name": "CurrentWorkingView"
            }
          ],
          "Name": "Version Name",
          "DimensionName": "Version",
          "OverrideFavSelection": false,
          "IsSingleSelect": true,
          "MemberFilterExpression": "",
          "DefaultValueExpression": "",
          "WorksheetLevelFilter": false,
          "HideDummyMembers": false,
          "SortBy": "",
          "SortOrder": "",
          "IsNarrowYourSelection": false,
          "Position": 120
        },
        {
          "Id": "fb78b916-b80b-4b2d-b621-93c5737c74e1",
          "AttributeName": "Currency",
          "Dimension": "Currency",
          "DimensionId": 4139918,
          "IsFilter": true,
          "Axis": "none",
          "IsDefault": true,
          "AllSelection": false,
          "SelectedMembers": [
            {
              "Name": "USD"
            }
          ],
          "Name": "Currency",
          "DimensionName": "Currency",
          "OverrideFavSelection": false,
          "CurrencyFilter": true,
          "IsSingleSelect": true,
          "MemberFilterExpression": "",
          "DefaultValueExpression": "",
          "WorksheetLevelFilter": false,
          "HideDummyMembers": false,
          "SortBy": "",
          "SortOrder": "",
          "IsNarrowYourSelection": false,
          "Position": 180
        },
        {
          "Id": "e6218cc2-e174-47cf-b75b-e4dd94897ead",
          "AttributeName": "Planning Year",
          "Dimension": "Time",
          "DimensionId": 4139821,
          "IsFilter": true,
          "Axis": "none",
          "IsDefault": true,
          "AllSelection": false,
          "SelectedMembers": [
            {
              "Name": "2022"
            }
          ],
          "Name": "Planning Year",
          "DimensionName": "Time",
          "OverrideFavSelection": false,
          "CurrencyFilter": false,
          "RangeSelection": false,
          "CalendarSelection": false,
          "RollingTime": false,
          "IsSingleSelect": true,
          "MemberFilterExpression": "",
          "DefaultValueExpression": "",
          "WorksheetLevelFilter": false,
          "HideDummyMembers": false,
          "IsNarrowYourSelection": false,
          "Position": 290
        },
        {
          "Id": "ed4df28f-92ef-4cd4-951e-9bde63603b44",
          "AttributeName": "Planning Quarter",
          "Dimension": "Time",
          "DimensionId": 4139821,
          "IsFilter": true,
          "Axis": "none",
          "IsDefault": true,
          "AllSelection": true,
          "SelectedMembers": [],
          "Name": "Planning Quarter",
          "DimensionName": "Time",
          "OverrideFavSelection": false,
          "CurrencyFilter": false,
          "RangeSelection": false,
          "CalendarSelection": false,
          "RollingTime": false,
          "IsSingleSelect": false,
          "MemberFilterExpression": "&PreSeasonWeeks.relatedmembers([Planning Quarter])",
          "DefaultValueExpression": "",
          "WorksheetLevelFilter": false,
          "HideDummyMembers": false,
          "IsNarrowYourSelection": false,
          "Position": 290
        },
        {
          "Id": "b798604c-0140-4e29-9b8e-16eb427a4105",
          "AttributeName": "Planning Month",
          "Dimension": "Time",
          "DimensionId": 4139821,
          "IsFilter": true,
          "Axis": "none",
          "IsDefault": true,
          "AllSelection": true,
          "SelectedMembers": [],
          "Name": "Planning Month",
          "DimensionName": "Time",
          "OverrideFavSelection": false,
          "CurrencyFilter": false,
          "RangeSelection": false,
          "CalendarSelection": false,
          "RollingTime": false,
          "IsSingleSelect": false,
          "MemberFilterExpression": "",
          "DefaultValueExpression": "",
          "WorksheetLevelFilter": false,
          "HideDummyMembers": false,
          "IsNarrowYourSelection": false,
          "Position": 290
        },
        {
          "Id": "957e580c-16e5-44fa-9974-220e3e4ed749",
          "AttributeName": "Week",
          "Dimension": "Time",
          "DimensionId": 4139821,
          "IsFilter": true,
          "Axis": "none",
          "IsDefault": true,
          "AllSelection": true,
          "SelectedMembers": [],
          "Name": "Week",
          "DimensionName": "Time",
          "OverrideFavSelection": false,
          "CurrencyFilter": false,
          "RangeSelection": false,
          "CalendarSelection": false,
          "RollingTime": false,
          "IsSingleSelect": false,
          "MemberFilterExpression": "",
          "DefaultValueExpression": "",
          "WorksheetLevelFilter": false,
          "HideDummyMembers": false,
          "IsNarrowYourSelection": false,
          "Position": 290
        },
        {
          "Id": "1055e697-5019-493f-8c04-203626bc8e1d",
          "AttributeName": "Location Region",
          "Dimension": "Location",
          "EdgeDirection": null,
          "IsFilter": false,
          "Axis": "row",
          "IsDefault": true,
          "AllSelection": false,
          "SelectedMembers": [],
          "Name": "Location Region",
          "DimensionName": "Location",
          "AliasName": "Region",
          "AliasId": "dddbcc03-ed16-aa5b-9f74-56648672fa04",
          "AliasType": "AttributeAlias",
          "IsVisible": true,
          "IsAttributeRequired": false,
          "ShowSubtotal": false,
          "ShowMemberConditionalFormatting": false,
          "DisplayName": "",
          "ShortName": "",
          "SortBy": "",
          "JoinWithGraph": false,
          "JoinGraphName": null,
          "JoinWithNode": "FROM"
        },
        {
          "Id": "9c3b45ac-e578-4b7d-8bba-9b631bdb0b79",
          "AttributeName": "Location",
          "Dimension": "Location",
          "EdgeDirection": null,
          "IsFilter": false,
          "Axis": "row",
          "IsDefault": true,
          "AllSelection": false,
          "SelectedMembers": [],
          "Name": "Location",
          "DimensionName": "Location",
          "AliasName": "Store",
          "AliasId": "01024ab1-1efc-65c9-9428-de653b6a9e83",
          "AliasType": "AttributeAlias",
          "IsVisible": false,
          "IsAttributeRequired": false,
          "ShowSubtotal": false,
          "ShowMemberConditionalFormatting": false,
          "DisplayName": "",
          "ShortName": "",
          "SortBy": "",
          "JoinWithGraph": false,
          "JoinGraphName": null,
          "JoinWithNode": "FROM"
        },
        {
          "Id": "42f1420f-c03e-47f1-8171-47d931aaa6e7",
          "AttributeName": "L4",
          "Dimension": "Item",
          "EdgeDirection": null,
          "IsFilter": false,
          "Axis": "row",
          "IsDefault": true,
          "AllSelection": false,
          "SelectedMembers": [],
          "Name": "L4",
          "DimensionName": "Item",
          "AliasName": "Department",
          "AliasId": "062348a8-7aec-2f10-6a91-25531f6e57a4",
          "AliasType": "AttributeAlias",
          "IsVisible": true,
          "IsAttributeRequired": false,
          "ShowSubtotal": false,
          "ShowMemberConditionalFormatting": false,
          "DisplayName": "",
          "ShortName": "",
          "SortBy": "",
          "JoinWithGraph": false,
          "JoinGraphName": null,
          "JoinWithNode": "FROM"
        },
        {
          "Id": "a751dfff-16ff-4402-8002-5d33f03e28a5",
          "AttributeName": "Measure",
          "Dimension": "Measure",
          "IsFilter": false,
          "Axis": "row",
          "IsDefault": true,
          "AllSelection": false,
          "SelectedMembers": [],
          "Name": "Measure",
          "DimensionName": "Measure",
          "IsVisible": true,
          "IsAttributeRequired": false,
          "ShowSubtotal": false,
          "ShowMemberConditionalFormatting": false,
          "SortBy": "",
          "JoinWithGraph": false,
          "DisplayName": "",
          "ShortName": ""
        },
        {
          "Id": "e6218cc2-e174-47cf-b75b-e4dd94897ead",
          "AttributeName": "Planning Year",
          "Dimension": "Time",
          "EdgeDirection": null,
          "IsFilter": false,
          "Axis": "column",
          "IsDefault": true,
          "AllSelection": false,
          "SelectedMembers": [],
          "Name": "Planning Year",
          "DimensionName": "Time",
          "IsVisible": true,
          "IsAttributeRequired": false,
          "ShowSubtotal": false,
          "ShowMemberConditionalFormatting": false,
          "DisplayName": "",
          "ShortName": "",
          "JoinWithGraph": false,
          "JoinGraphName": null,
          "JoinWithNode": "FROM"
        },
        {
          "Id": "ed4df28f-92ef-4cd4-951e-9bde63603b44",
          "AttributeName": "Planning Quarter",
          "Dimension": "Time",
          "EdgeDirection": null,
          "IsFilter": false,
          "Axis": "column",
          "IsDefault": true,
          "AllSelection": false,
          "SelectedMembers": [],
          "Name": "Planning Quarter",
          "DimensionName": "Time",
          "IsVisible": true,
          "IsAttributeRequired": false,
          "ShowSubtotal": false,
          "ShowMemberConditionalFormatting": false,
          "DisplayName": "",
          "ShortName": "",
          "JoinWithGraph": false,
          "JoinGraphName": null,
          "JoinWithNode": "FROM"
        },
        {
          "Id": "b798604c-0140-4e29-9b8e-16eb427a4105",
          "AttributeName": "Planning Month",
          "Dimension": "Time",
          "EdgeDirection": null,
          "IsFilter": false,
          "Axis": "column",
          "IsDefault": true,
          "AllSelection": false,
          "SelectedMembers": [],
          "Name": "Planning Month",
          "DimensionName": "Time",
          "IsVisible": true,
          "IsAttributeRequired": false,
          "ShowSubtotal": false,
          "ShowMemberConditionalFormatting": false,
          "DisplayName": "",
          "ShortName": "",
          "JoinWithGraph": false,
          "JoinGraphName": null,
          "JoinWithNode": "FROM"
        }
      ],
      "PeggingAttributes": [],
      "FlowPlanAttributes": [],
      "Hierarchies": [],
      "NamedSets": [],
      "RegularMeasures": [
        {
          "Id": "8e6116ce-e7b4-4b71-b489-14a42b5a0e33",
          "Name": "LP Ttl Sls Rtl AP"
        },
        {
          "Id": "5aeaced4-9e9a-47d8-b0d2-e8ca18e1c3c3",
          "Name": "LP Ttl Sls Rtl"
        },
        {
          "Id": "7ce9f0f7-4d35-4e02-b0af-4bcf22e54b66",
          "Name": "LP Sls % AP"
        },
        {
          "Id": "0256c86f-3ac2-428f-abcf-419289d40b13",
          "Name": "LP Sls %"
        },
        {
          "Id": "5f899afd-457b-4544-bf83-86d5b9efb877",
          "Name": "LP Sls Rtl AP"
        },
        {
          "Id": "178d0a14-5345-492a-882a-d0d1336f02d0",
          "Name": "LP Sls Rtl"
        },
        {
          "Id": "a29a8d3d-b24b-480c-8c2d-2960f4ca3a62",
          "Name": "LP FP Sls % AP"
        },
        {
          "Id": "0f93d7f5-c907-4c22-8ea8-ad97652ad50d",
          "Name": "LP FP Sls %"
        },
        {
          "Id": "c12eb472-c139-4923-b9b9-748a6a89c68b",
          "Name": "LP FP Sls Rtl AP"
        },
        {
          "Id": "d395f3dd-766f-44a8-9f2f-36a55e91eb27",
          "Name": "LP FP Sls Rtl"
        },
        {
          "Id": "dbfa4feb-176e-47ff-8ff4-edf5cbf9cb8b",
          "Name": "LP PP Sls % AP"
        },
        {
          "Id": "537cc45b-e4da-4e72-a33d-ca9af49445bf",
          "Name": "LP PP Sls %"
        },
        {
          "Id": "615e4b3c-3e35-4aaf-b839-ffb8dae8509e",
          "Name": "LP PP Sls Rtl AP"
        },
        {
          "Id": "0af4b33f-a484-4389-986a-893cb613596c",
          "Name": "LP PP Sls Rtl"
        },
        {
          "Id": "e52d3f59-dfb5-4a1b-8f8f-c10a5ec5bc91",
          "Name": "LP Ttl MD % AP"
        },
        {
          "Id": "c0ccbabc-420f-4c81-85c1-0821c240cadc",
          "Name": "LP Ttl MD %"
        },
        {
          "Id": "8f9ebf10-231e-415e-a727-a08803867373",
          "Name": "LP Ttl MD Rtl AP"
        },
        {
          "Id": "b7d446a7-a30d-4715-ac67-5b82c9d78b58",
          "Name": "LP Ttl MD Rtl"
        },
        {
          "Id": "318ace3d-b222-46a4-8a29-92d028da77fb",
          "Name": "LP POS MD Rtl AP"
        },
        {
          "Id": "97b96e7c-79f1-4a4f-b6da-45fce60ce4c3",
          "Name": "LP POS MD Rtl"
        },
        {
          "Id": "9a0cedb2-a08c-481d-87e3-1e5150ae2e86",
          "Name": "LP Perm MD Rtl AP"
        },
        {
          "Id": "c0252b4a-a9a7-465c-979f-33e6530f2a0f",
          "Name": "LP Perm MD Rtl"
        },
        {
          "Id": "ec7fb8b1-f5ee-48d3-b922-f37a4065516c",
          "Name": "LP Gross Margin % AP"
        },
        {
          "Id": "f1e0c433-d04a-49a5-9193-501638ad85f1",
          "Name": "LP Gross Margin %"
        },
        {
          "Id": "745c3927-c334-4e31-b17e-52fab5589ae3",
          "Name": "LP Gross Margin Rtl AP"
        },
        {
          "Id": "dc645ee8-21b3-4e45-871e-b2d8dd4faccb",
          "Name": "LP Gross Margin Rtl"
        }
      ],
      "TransientMeasures": [],
      "GraphRelations": [],
      "Folders": [],
      "AssociationMeasures": [
        {
          "MeasureFilterIBPLExpression": "",
          "MeasureFilterScope": "Post Filter"
        }
      ],
      "AssociationMeasureExpressions": [
        {
          "Expression": ""
        }
      ],
      "DataProperties": {
        "IncludeInactiveMembers": false,
        "IncludeNulls": false,
        "NullsForFinerGrainSelect": false,
        "NullsForUnrelatedAttrSelect": false,
        "RequireEditValidation": false,
        "SubTotalsType": "NoSubtotals",
        "IncludeNullsForSeries": "",
        "AssociationMeasureExpression": ""
      },
      "FilterProperties": {
        "VersionDependentFilter": false,
        "InterDependentMeasure": {},
        "ExcludeVersionInFavorite": false,
        "StickyDimensionsOnAlwaysOnPane": [
          {
            "DimensionName": "Version",
            "DimensionId": "0d40e77b-9527-489d-a3c9-f8275cd8b0dc",
            "AlwaysShow": false
          },
          {
            "DimensionName": "Time",
            "DimensionId": "0e2c070f-286c-4cb6-ba80-e58a09ff2763",
            "AlwaysShow": false
          }
        ]
      },
      "SortByMeasure": [
        {
          "Measure": null,
          "SortOrder": ""
        }
      ]
    }
  }
}