{
  "Name": "LP Scenario Comparison",
  "WidgetDefinitionId": "b8855f33-a0fd-58ba-00e3-3a1c34d4b425",
  "IsPrivate": false,
  "WidgetType": "o9.pivot",
  "ViewWidgetDefinition": null,
  "PageWidgetDefinition": null,
  "CreatedUserEmail": "rudraksh.gupta@o9solutions.com",
  "ModifiedUserEmail": "pavan.kandi@o9solutions.com",
  "Roles": null,
  "ConfigJson": {
    "Widget": {
      "Height": 550,
      "ActionButtons": []
    },
    "Presentation": {
      "DataColumnBeforeMembers": false,
      "ShowQuickToggleBar": true,
      "IsEditable": true,
      "EnableExpandCollapse": true,
      "EnableOnGridFilter": true,
      "EnableSort": true,
      "EnableColumnReorder": true,
      "DisableBulkEdit": false,
      "DisableCopyOption": false,
      "DisableAdjustOption": false,
      "DisableApplyOption": false,
      "DisableNullifyOption": false,
      "EnableColumnResize": true,
      "ClearColumnFilterOnScopeFilter": false,
      "EnableJitColumns": false,
      "EnableAuditTrail": false,
      "EnableAutoCollapseColumns": false,
      "EnableSparsifyRowSelection": false,
      "UseConditionalFormatting": false,
      "EnablePastDifferentiation": false,
      "SuppressMessageHeader": false,
      "HideActionButtons": true,
      "ShowImage": true,
      "ShowMeasureGroupAsColumn": false,
      "DefaultLinkFiltersAutoSelection": true,
      "RowHeight": "25",
      "ShowServerConditionalFormating": false,
      "InterDependentFilter": false,
      "UseOutlineFormLayout": false,
      "DisableFieldList": false,
      "ShowComments": false,
      "HideNullRows": false,
      "HideNullColumns": false,
      "HideReadOnlyNullRows": false,
      "DisableBulkEditMeasures": false,
      "EnableMeasureReposition": false,
      "AllowExcelDownload": false,
      "EnableExportPivot": "",
      "DownloadButton": "System Setting",
      "AbovePivotFilterLevelAttribute": "",
      "AbovePivotFilterValue": "",
      "LayoutColumnWidth": "Auto fit",
      "IsSummary": false,
      "ActionButtonBindings": "",
      "ExcelActionButtons": "",
      "CollabFolders": "",
      "ColumnProp": {
        "ColumnSubtotalsAtEnd": false,
        "TimeColumnSubTotalAtEnd": false
      },
      "RowProp": {
        "ShowMultiDimensionProperty": false,
        "RowSubtotalsAtEnd": false
      },
      "FilterProperties": "",
      "ReportMeasureSet": "",
      "IsGraphReport": false,
      "IsMultiGraphReport": false,
      "LevelAttributes": [
        {
          "Id": "1055e697-5019-493f-8c04-203626bc8e1d",
          "AttributeName": "Location Region",
          "Dimension": "Location",
          "Axis": "row",
          "ShowInfo": {
            "ShowDetail": true,
            "ShowPulse": true,
            "ShowTask": true,
            "ShowMarketIntelligence": true
          },
          "IsVisible": true,
          "IsAttributeRequired": false,
          "ShowSubtotal": false,
          "ShowMemberConditionalFormatting": false,
          "UOMMember": "",
          "DisplayName": "",
          "ShortName": "",
          "SortBy": "",
          "JoinWithGraph": false,
          "JoinGraphName": null,
          "JoinWithNode": "FROM"
        },
        {
          "Id": "9c3b45ac-e578-4b7d-8bba-9b631bdb0b79",
          "AttributeName": "Location",
          "Dimension": "Location",
          "Axis": "row",
          "ShowInfo": {
            "ShowDetail": true,
            "ShowPulse": true,
            "ShowTask": true,
            "ShowMarketIntelligence": true
          },
          "IsVisible": false,
          "IsAttributeRequired": false,
          "ShowSubtotal": false,
          "ShowMemberConditionalFormatting": false,
          "UOMMember": "",
          "DisplayName": "",
          "ShortName": "",
          "SortBy": "",
          "JoinWithGraph": false,
          "JoinGraphName": null,
          "JoinWithNode": "FROM"
        },
        {
          "Id": "e6218cc2-e174-47cf-b75b-e4dd94897ead",
          "AttributeName": "Planning Year",
          "Dimension": "Time",
          "Axis": "row",
          "ShowInfo": {
            "ShowDetail": true,
            "ShowPulse": true,
            "ShowTask": true,
            "ShowMarketIntelligence": true
          },
          "IsVisible": true,
          "IsAttributeRequired": false,
          "ShowSubtotal": false,
          "ShowMemberConditionalFormatting": false,
          "UOMMember": "",
          "DisplayName": "",
          "ShortName": "",
          "JoinWithGraph": false,
          "JoinGraphName": null,
          "JoinWithNode": "FROM"
        },
        {
          "Id": "ed4df28f-92ef-4cd4-951e-9bde63603b44",
          "AttributeName": "Planning Quarter",
          "Dimension": "Time",
          "Axis": "row",
          "ShowInfo": {
            "ShowDetail": true,
            "ShowPulse": true,
            "ShowTask": true,
            "ShowMarketIntelligence": true
          },
          "IsVisible": true,
          "IsAttributeRequired": false,
          "ShowSubtotal": false,
          "ShowMemberConditionalFormatting": false,
          "UOMMember": "",
          "DisplayName": "",
          "ShortName": "",
          "JoinWithGraph": false,
          "JoinGraphName": null,
          "JoinWithNode": "FROM"
        },
        {
          "Id": "b798604c-0140-4e29-9b8e-16eb427a4105",
          "AttributeName": "Planning Month",
          "Dimension": "Time",
          "Axis": "row",
          "ShowInfo": {
            "ShowDetail": true,
            "ShowPulse": true,
            "ShowTask": true,
            "ShowMarketIntelligence": true
          },
          "IsVisible": true,
          "IsAttributeRequired": false,
          "ShowSubtotal": false,
          "ShowMemberConditionalFormatting": false,
          "UOMMember": "",
          "DisplayName": "",
          "ShortName": "",
          "JoinWithGraph": false,
          "JoinGraphName": null,
          "JoinWithNode": "FROM"
        },
        {
          "Id": "daeb86f4-739d-4a87-ac35-f2a31612f106",
          "AttributeName": "Measure",
          "Dimension": "Measure",
          "Axis": "row",
          "ShowInfo": {
            "ShowDetail": true,
            "ShowPulse": true,
            "ShowTask": true,
            "ShowMarketIntelligence": true
          },
          "IsVisible": true,
          "IsAttributeRequired": false,
          "ShowSubtotal": false,
          "ShowMemberConditionalFormatting": false,
          "SortBy": "",
          "JoinWithGraph": false,
          "DisplayName": "",
          "ShortName": "",
          "UOMMember": ""
        },
        {
          "Id": "211b33d5-d91f-40ec-9668-20e0da2ae7b3",
          "AttributeName": "Version Name",
          "Dimension": "Version",
          "Axis": "column",
          "ShowInfo": {
            "ShowDetail": true,
            "ShowPulse": true,
            "ShowTask": true,
            "ShowMarketIntelligence": true
          },
          "IsVisible": true,
          "IsAttributeRequired": false,
          "ShowSubtotal": false,
          "ShowMemberConditionalFormatting": false,
          "DisplayName": "",
          "ShortName": "",
          "SortBy": "",
          "JoinWithGraph": false,
          "JoinGraphName": null,
          "JoinWithNode": "FROM",
          "CalculatedMember": {
            "MemberAbstractExpressions": [
              {
                "CustomFilterProps": {},
                "Order": {
                  "RelativePosition": "After",
                  "Element": "Every Member",
                  "FormatOnlyCalcMember": true
                },
                "Name": "Delta",
                "FirstOperand": "Every Member",
                "Operator": "-",
                "SecondOperand": "Benchmark Member",
                "DatetimeInterval": "Quarter",
                "CustomFilter": false
              }
            ]
          }
        }
      ],
      "FilterGroups": [
        {
          "GroupName": "Selling Season",
          "HierarchyId": "",
          "Id": "dd681ea0-0187-4e31-8e21-87dfa7cc7ea7",
          "Attributes": [
            "56b72eb0-2d21-d392-f36d-296d4e622245"
          ]
        },
        {
          "GroupName": "L4",
          "HierarchyId": "ed5f7904-29d5-b0fe-2b9c-1e40e026b4cd",
          "Id": "c2f33e66-412a-4176-ae62-c7b3a75cf195",
          "Attributes": [
            "a82339c5-c98a-4452-a348-a8e522105d7e",
            "42f1420f-c03e-47f1-8171-47d931aaa6e7"
          ]
        },
        {
          "GroupName": "Sales Planning Channel",
          "HierarchyId": "8b997c33-e641-8ddd-be78-021f7472f22f",
          "Id": "f9c7bf98-5dd3-47bb-9731-3fb77d2dc958",
          "Attributes": [
            "4d56dac3-270d-449a-9ee5-3ae97fbb32a2",
            "0c4d82ca-2fbe-c1e8-f6c5-51ffdcf84efc"
          ]
        },
        {
          "GroupName": "Location",
          "HierarchyId": "5b1b65dd-6559-29d7-2218-eb249d1e7492",
          "Id": "b8d5b6c3-815c-4d9f-9c4d-8fe92126f61a",
          "Attributes": [
            "d00b8ae3-4077-4366-87b7-cf97749f44db",
            "1055e697-5019-493f-8c04-203626bc8e1d",
            "9c3b45ac-e578-4b7d-8bba-9b631bdb0b79"
          ]
        },
        {
          "GroupName": "Version Name",
          "HierarchyId": "",
          "Id": "d583815a-9379-4fbc-b188-8f85f8d0dcf0",
          "Attributes": [
            "211b33d5-d91f-40ec-9668-20e0da2ae7b3"
          ]
        },
        {
          "GroupName": "Currency",
          "HierarchyId": "",
          "Id": "db3cd858-cc4b-4d4e-830e-42683092de99",
          "Attributes": [
            "fb78b916-b80b-4b2d-b621-93c5737c74e1"
          ]
        },
        {
          "GroupName": "Week",
          "HierarchyId": "163aa88f-6794-81c8-1b3a-70d159c7571d",
          "Id": "c98feb4a-d812-4fe8-a0ce-e6cabf6aec25",
          "Attributes": [
            "e6218cc2-e174-47cf-b75b-e4dd94897ead",
            "ed4df28f-92ef-4cd4-951e-9bde63603b44",
            "b798604c-0140-4e29-9b8e-16eb427a4105",
            "957e580c-16e5-44fa-9974-220e3e4ed749"
          ]
        }
      ],
      "MeasureCollections": [
        {
          "Title": "Total sales",
          "ShowTitle": true,
          "ShowVerticalBorders": true,
          "Id": "d9032c33-4e44-4537-910b-2555784df25c",
          "IsGroup": true,
          "ChildMeasureCollections": [
            {
              "Title": "Reg Sales",
              "ShowTitle": true,
              "ShowVerticalBorders": true,
              "Id": "e3beb7d3-d74f-4b09-b8ac-2d0f9884518a",
              "IsGroup": true,
              "ChildMeasureCollections": [],
              "Measures": [
                {
                  "Name": "LP Sls %",
                  "Id": "0256c86f-3ac2-428f-abcf-419289d40b13",
                  "IsVisible": true,
                  "IsEditable": true,
                  "IsMultiFileUpload": false,
                  "ShowInLocalTimeZone": false,
                  "RenderType": "Value",
                  "Alignment": "MiddleRight",
                  "FormatString": "",
                  "ColumnWidth": 0,
                  "Sort": "",
                  "UseExcelAggregation": false,
                  "MeasureFormatting": [
                    {
                      "BGCOLOR": "",
                      "FGCOLOR": "",
                      "ApplyForData": false,
                      "ApplyForHeader": false
                    }
                  ],
                  "TimeHorizon": "",
                  "ShowInfo": {
                    "ShowDetail": true,
                    "ShowPulse": true,
                    "ShowTask": true,
                    "ShowMarketIntelligence": true
                  },
                  "ChildMeasureCollections": null,
                  "IsMultiDimensionProperty": false
                },
                {
                  "Name": "LP Sls Rtl",
                  "Id": "178d0a14-5345-492a-882a-d0d1336f02d0",
                  "IsVisible": true,
                  "IsEditable": true,
                  "IsMultiFileUpload": false,
                  "ShowInLocalTimeZone": false,
                  "RenderType": "Value",
                  "Alignment": "MiddleRight",
                  "FormatString": "",
                  "ColumnWidth": 0,
                  "Sort": "",
                  "UseExcelAggregation": false,
                  "MeasureFormatting": [
                    {
                      "BGCOLOR": "",
                      "FGCOLOR": "",
                      "ApplyForData": false,
                      "ApplyForHeader": false
                    }
                  ],
                  "TimeHorizon": "",
                  "ShowInfo": {
                    "ShowDetail": true,
                    "ShowPulse": true,
                    "ShowTask": true,
                    "ShowMarketIntelligence": true
                  },
                  "ChildMeasureCollections": null,
                  "IsMultiDimensionProperty": false
                },
                {
                  "Name": "LP FP Sls %",
                  "Id": "0f93d7f5-c907-4c22-8ea8-ad97652ad50d",
                  "IsVisible": true,
                  "IsEditable": true,
                  "IsMultiFileUpload": false,
                  "ShowInLocalTimeZone": false,
                  "RenderType": "Value",
                  "Alignment": "MiddleRight",
                  "FormatString": "",
                  "ColumnWidth": 0,
                  "Sort": "",
                  "UseExcelAggregation": false,
                  "MeasureFormatting": [
                    {
                      "BGCOLOR": "",
                      "FGCOLOR": "",
                      "ApplyForData": false,
                      "ApplyForHeader": false
                    }
                  ],
                  "TimeHorizon": "",
                  "ShowInfo": {
                    "ShowDetail": true,
                    "ShowPulse": true,
                    "ShowTask": true,
                    "ShowMarketIntelligence": true
                  },
                  "ChildMeasureCollections": null,
                  "IsMultiDimensionProperty": false
                },
                {
                  "Name": "LP FP Sls Rtl",
                  "Id": "d395f3dd-766f-44a8-9f2f-36a55e91eb27",
                  "IsVisible": true,
                  "IsEditable": false,
                  "IsMultiFileUpload": false,
                  "ShowInLocalTimeZone": false,
                  "RenderType": "Value",
                  "Alignment": "MiddleRight",
                  "FormatString": "",
                  "ColumnWidth": 0,
                  "Sort": "",
                  "UseExcelAggregation": false,
                  "MeasureFormatting": [
                    {
                      "BGCOLOR": "",
                      "FGCOLOR": "",
                      "ApplyForData": false,
                      "ApplyForHeader": false
                    }
                  ],
                  "TimeHorizon": "",
                  "ShowInfo": {
                    "ShowDetail": true,
                    "ShowPulse": true,
                    "ShowTask": true,
                    "ShowMarketIntelligence": true
                  },
                  "ChildMeasureCollections": null,
                  "IsMultiDimensionProperty": false
                },
                {
                  "Name": "LP PP Sls %",
                  "Id": "537cc45b-e4da-4e72-a33d-ca9af49445bf",
                  "IsVisible": true,
                  "IsEditable": false,
                  "IsMultiFileUpload": false,
                  "ShowInLocalTimeZone": false,
                  "RenderType": "Value",
                  "Alignment": "MiddleRight",
                  "FormatString": "",
                  "ColumnWidth": 0,
                  "Sort": "",
                  "UseExcelAggregation": false,
                  "MeasureFormatting": [
                    {
                      "BGCOLOR": "",
                      "FGCOLOR": "",
                      "ApplyForData": false,
                      "ApplyForHeader": false
                    }
                  ],
                  "TimeHorizon": "",
                  "ShowInfo": {
                    "ShowDetail": true,
                    "ShowPulse": true,
                    "ShowTask": true,
                    "ShowMarketIntelligence": true
                  },
                  "ChildMeasureCollections": null,
                  "IsMultiDimensionProperty": false
                },
                {
                  "Name": "LP PP Sls Rtl",
                  "Id": "0af4b33f-a484-4389-986a-893cb613596c",
                  "IsVisible": true,
                  "IsEditable": false,
                  "IsMultiFileUpload": false,
                  "ShowInLocalTimeZone": false,
                  "RenderType": "Value",
                  "Alignment": "MiddleRight",
                  "FormatString": "",
                  "ColumnWidth": 0,
                  "Sort": "",
                  "UseExcelAggregation": false,
                  "MeasureFormatting": [
                    {
                      "BGCOLOR": "",
                      "FGCOLOR": "",
                      "ApplyForData": false,
                      "ApplyForHeader": false
                    }
                  ],
                  "TimeHorizon": "",
                  "ShowInfo": {
                    "ShowDetail": true,
                    "ShowPulse": true,
                    "ShowTask": true,
                    "ShowMarketIntelligence": true
                  },
                  "ChildMeasureCollections": null,
                  "IsMultiDimensionProperty": false
                }
              ]
            },
            {
              "Title": "Mark Down",
              "ShowTitle": true,
              "ShowVerticalBorders": true,
              "Id": "c5acf5a7-2504-43c1-9524-a8d1e414aab2",
              "IsGroup": true,
              "ChildMeasureCollections": [],
              "Measures": [
                {
                  "Name": "LP Ttl MD %",
                  "Id": "c0ccbabc-420f-4c81-85c1-0821c240cadc",
                  "IsVisible": true,
                  "IsEditable": true,
                  "IsMultiFileUpload": false,
                  "ShowInLocalTimeZone": false,
                  "RenderType": "Value",
                  "Alignment": "MiddleRight",
                  "FormatString": "",
                  "ColumnWidth": 0,
                  "Sort": "",
                  "UseExcelAggregation": false,
                  "MeasureFormatting": [
                    {
                      "BGCOLOR": "",
                      "FGCOLOR": "",
                      "ApplyForData": false,
                      "ApplyForHeader": false
                    }
                  ],
                  "TimeHorizon": "",
                  "ShowInfo": {
                    "ShowDetail": true,
                    "ShowPulse": true,
                    "ShowTask": true,
                    "ShowMarketIntelligence": true
                  },
                  "ChildMeasureCollections": null,
                  "IsMultiDimensionProperty": false
                },
                {
                  "Name": "LP Ttl MD Rtl",
                  "Id": "b7d446a7-a30d-4715-ac67-5b82c9d78b58",
                  "IsVisible": true,
                  "IsEditable": true,
                  "IsMultiFileUpload": false,
                  "ShowInLocalTimeZone": false,
                  "RenderType": "Value",
                  "Alignment": "MiddleRight",
                  "FormatString": "",
                  "ColumnWidth": 0,
                  "Sort": "",
                  "UseExcelAggregation": false,
                  "MeasureFormatting": [
                    {
                      "BGCOLOR": "",
                      "FGCOLOR": "",
                      "ApplyForData": false,
                      "ApplyForHeader": false
                    }
                  ],
                  "TimeHorizon": "",
                  "ShowInfo": {
                    "ShowDetail": true,
                    "ShowPulse": true,
                    "ShowTask": true,
                    "ShowMarketIntelligence": true
                  },
                  "ChildMeasureCollections": null,
                  "IsMultiDimensionProperty": false
                },
                {
                  "Name": "LP POS MD %",
                  "Id": "e50edd16-5e28-4d17-bd72-b9d9c373742f",
                  "IsVisible": true,
                  "IsEditable": true,
                  "IsMultiFileUpload": false,
                  "ShowInLocalTimeZone": false,
                  "RenderType": "Value",
                  "Alignment": "MiddleRight",
                  "FormatString": "",
                  "ColumnWidth": 0,
                  "Sort": "",
                  "UseExcelAggregation": false,
                  "MeasureFormatting": [
                    {
                      "BGCOLOR": "",
                      "FGCOLOR": "",
                      "ApplyForData": false,
                      "ApplyForHeader": false
                    }
                  ],
                  "TimeHorizon": "",
                  "ShowInfo": {
                    "ShowDetail": true,
                    "ShowPulse": true,
                    "ShowTask": true,
                    "ShowMarketIntelligence": true
                  },
                  "ChildMeasureCollections": null,
                  "IsMultiDimensionProperty": false
                },
                {
                  "Name": "LP POS MD Rtl",
                  "Id": "97b96e7c-79f1-4a4f-b6da-45fce60ce4c3",
                  "IsVisible": true,
                  "IsEditable": true,
                  "IsMultiFileUpload": false,
                  "ShowInLocalTimeZone": false,
                  "RenderType": "Value",
                  "Alignment": "MiddleRight",
                  "FormatString": "",
                  "ColumnWidth": 0,
                  "Sort": "",
                  "UseExcelAggregation": false,
                  "MeasureFormatting": [
                    {
                      "BGCOLOR": "",
                      "FGCOLOR": "",
                      "ApplyForData": false,
                      "ApplyForHeader": false
                    }
                  ],
                  "TimeHorizon": "",
                  "ShowInfo": {
                    "ShowDetail": true,
                    "ShowPulse": true,
                    "ShowTask": true,
                    "ShowMarketIntelligence": true
                  },
                  "ChildMeasureCollections": null,
                  "IsMultiDimensionProperty": false
                },
                {
                  "Name": "LP Perm MD %",
                  "Id": "4dbb099f-6d34-4551-ae95-ecf36bcdb805",
                  "IsVisible": true,
                  "IsEditable": true,
                  "IsMultiFileUpload": false,
                  "ShowInLocalTimeZone": false,
                  "RenderType": "Value",
                  "Alignment": "MiddleRight",
                  "FormatString": "",
                  "ColumnWidth": 0,
                  "Sort": "",
                  "UseExcelAggregation": false,
                  "MeasureFormatting": [
                    {
                      "BGCOLOR": "",
                      "FGCOLOR": "",
                      "ApplyForData": false,
                      "ApplyForHeader": false
                    }
                  ],
                  "TimeHorizon": "",
                  "ShowInfo": {
                    "ShowDetail": true,
                    "ShowPulse": true,
                    "ShowTask": true,
                    "ShowMarketIntelligence": true
                  },
                  "ChildMeasureCollections": null,
                  "IsMultiDimensionProperty": false
                },
                {
                  "Name": "LP Perm MD Rtl",
                  "Id": "c0252b4a-a9a7-465c-979f-33e6530f2a0f",
                  "IsVisible": true,
                  "IsEditable": true,
                  "IsMultiFileUpload": false,
                  "ShowInLocalTimeZone": false,
                  "RenderType": "Value",
                  "Alignment": "MiddleRight",
                  "FormatString": "",
                  "ColumnWidth": 0,
                  "Sort": "",
                  "UseExcelAggregation": false,
                  "MeasureFormatting": [
                    {
                      "BGCOLOR": "",
                      "FGCOLOR": "",
                      "ApplyForData": false,
                      "ApplyForHeader": false
                    }
                  ],
                  "TimeHorizon": "",
                  "ShowInfo": {
                    "ShowDetail": true,
                    "ShowPulse": true,
                    "ShowTask": true,
                    "ShowMarketIntelligence": true
                  },
                  "ChildMeasureCollections": null,
                  "IsMultiDimensionProperty": false
                }
              ]
            }
          ],
          "Measures": [
            {
              "Name": "LP Ttl Sls Rtl",
              "Id": "5aeaced4-9e9a-47d8-b0d2-e8ca18e1c3c3",
              "IsVisible": true,
              "IsEditable": true,
              "IsMultiFileUpload": false,
              "ShowInLocalTimeZone": false,
              "RenderType": "Value",
              "Alignment": "MiddleRight",
              "FormatString": "",
              "ColumnWidth": 0,
              "Sort": "",
              "UseExcelAggregation": false,
              "MeasureFormatting": [
                {
                  "BGCOLOR": "",
                  "FGCOLOR": "",
                  "ApplyForData": false,
                  "ApplyForHeader": false
                }
              ],
              "TimeHorizon": "",
              "ShowInfo": {
                "ShowDetail": true,
                "ShowPulse": true,
                "ShowTask": true,
                "ShowMarketIntelligence": true
              },
              "ChildMeasureCollections": null,
              "IsMultiDimensionProperty": false
            }
          ]
        },
        {
          "Measures": [
            {
              "Name": "LP Gross Margin %",
              "Id": "f1e0c433-d04a-49a5-9193-501638ad85f1",
              "IsVisible": true,
              "IsEditable": true,
              "IsMultiFileUpload": false,
              "ShowInLocalTimeZone": false,
              "RenderType": "Value",
              "Alignment": "MiddleRight",
              "FormatString": "",
              "ColumnWidth": 0,
              "Sort": "",
              "UseExcelAggregation": false,
              "MeasureFormatting": [
                {
                  "BGCOLOR": "",
                  "FGCOLOR": "",
                  "ApplyForData": false,
                  "ApplyForHeader": false
                }
              ],
              "TimeHorizon": "",
              "ShowInfo": {
                "ShowDetail": true,
                "ShowPulse": true,
                "ShowTask": true,
                "ShowMarketIntelligence": true
              },
              "ChildMeasureCollections": null,
              "IsMultiDimensionProperty": false
            }
          ]
        },
        {
          "Measures": [
            {
              "Name": "LP Gross Margin Rtl",
              "Id": "dc645ee8-21b3-4e45-871e-b2d8dd4faccb",
              "IsVisible": true,
              "IsEditable": false,
              "IsMultiFileUpload": false,
              "ShowInLocalTimeZone": false,
              "RenderType": "Value",
              "Alignment": "MiddleRight",
              "FormatString": "",
              "ColumnWidth": 0,
              "Sort": "",
              "UseExcelAggregation": false,
              "MeasureFormatting": [
                {
                  "BGCOLOR": "",
                  "FGCOLOR": "",
                  "ApplyForData": false,
                  "ApplyForHeader": false
                }
              ],
              "TimeHorizon": "",
              "ShowInfo": {
                "ShowDetail": true,
                "ShowPulse": true,
                "ShowTask": true,
                "ShowMarketIntelligence": true
              },
              "ChildMeasureCollections": null,
              "IsMultiDimensionProperty": false
            }
          ]
        }
      ],
      "MeasureCollections2": [],
      "AlwaysOnMeasureCollections": [],
      "MeasureSet": [
        {
          "Name": "Sales",
          "DisplayName": "SL",
          "Measures": [
            {
              "MeasureId": "5aeaced4-9e9a-47d8-b0d2-e8ca18e1c3c3",
              "MeasureName": "LP Ttl Sls Rtl"
            },
            {
              "MeasureId": "178d0a14-5345-492a-882a-d0d1336f02d0",
              "MeasureName": "LP Sls Rtl"
            },
            {
              "MeasureId": "0256c86f-3ac2-428f-abcf-419289d40b13",
              "MeasureName": "LP Sls %"
            },
            {
              "MeasureId": "d395f3dd-766f-44a8-9f2f-36a55e91eb27",
              "MeasureName": "LP FP Sls Rtl"
            },
            {
              "MeasureId": "0f93d7f5-c907-4c22-8ea8-ad97652ad50d",
              "MeasureName": "LP FP Sls %"
            },
            {
              "MeasureId": "0af4b33f-a484-4389-986a-893cb613596c",
              "MeasureName": "LP PP Sls Rtl"
            },
            {
              "MeasureId": "537cc45b-e4da-4e72-a33d-ca9af49445bf",
              "MeasureName": "LP PP Sls %"
            },
            {
              "MeasureId": "b7d446a7-a30d-4715-ac67-5b82c9d78b58",
              "MeasureName": "LP Ttl MD Rtl"
            },
            {
              "MeasureId": "c0ccbabc-420f-4c81-85c1-0821c240cadc",
              "MeasureName": "LP Ttl MD %"
            },
            {
              "MeasureId": "97b96e7c-79f1-4a4f-b6da-45fce60ce4c3",
              "MeasureName": "LP POS MD Rtl"
            },
            {
              "MeasureId": "e50edd16-5e28-4d17-bd72-b9d9c373742f",
              "MeasureName": "LP POS MD %"
            },
            {
              "MeasureId": "c0252b4a-a9a7-465c-979f-33e6530f2a0f",
              "MeasureName": "LP Perm MD Rtl"
            },
            {
              "MeasureId": "4dbb099f-6d34-4551-ae95-ecf36bcdb805",
              "MeasureName": "LP Perm MD %"
            }
          ]
        },
        {
          "Name": "Gross Margin",
          "DisplayName": "GM",
          "Measures": [
            {
              "MeasureId": "dc645ee8-21b3-4e45-871e-b2d8dd4faccb",
              "MeasureName": "LP Gross Margin Rtl"
            },
            {
              "MeasureId": "f1e0c433-d04a-49a5-9193-501638ad85f1",
              "MeasureName": "LP Gross Margin %"
            }
          ]
        }
      ],
      "GraphRelations": [],
      "Folders": []
    }
  },
  "WidgetKeywordTags": [],
  "DimensionAttributeUsages": [],
  "WidgetModel": {
    "WidgetModelId": "7a0ba232-f699-4016-8f24-03d2442f358b",
    "ConfigJson": {
      "LevelAttributes": [
        {
          "Id": "56b72eb0-2d21-d392-f36d-296d4e622245",
          "AttributeName": "Selling Season",
          "Dimension": "Selling Season",
          "DimensionId": 2613257,
          "IsFilter": true,
          "Axis": "none",
          "IsDefault": true,
          "AllSelection": false,
          "SelectedMembers": [
            {
              "Name": "SU22"
            }
          ],
          "Name": "Selling Season",
          "DimensionName": "Selling Season",
          "OverrideFavSelection": false,
          "CurrencyFilter": false,
          "IsSingleSelect": true,
          "MemberFilterExpression": "",
          "DefaultValueExpression": "",
          "WorksheetLevelFilter": false,
          "HideDummyMembers": false,
          "SortBy": "Key",
          "SortOrder": "Ascending",
          "IsNarrowYourSelection": false,
          "Position": -550
        },
        {
          "Id": "a82339c5-c98a-4452-a348-a8e522105d7e",
          "AttributeName": "L6",
          "Dimension": "Item",
          "DimensionId": 2613163,
          "IsFilter": true,
          "Axis": "none",
          "IsDefault": true,
          "AllSelection": false,
          "SelectedMembers": [
            {
              "Name": "Apparel"
            }
          ],
          "Name": "L6",
          "DimensionName": "Item",
          "OverrideFavSelection": false,
          "CurrencyFilter": false,
          "IsSingleSelect": true,
          "MemberFilterExpression": "&RE2EBusinessUnits",
          "DefaultValueExpression": "",
          "WorksheetLevelFilter": false,
          "HideDummyMembers": false,
          "SortBy": "",
          "SortOrder": "",
          "IsNarrowYourSelection": false,
          "Position": 50,
          "AliasName": "Business Unit",
          "AliasId": "b677e6b1-9b7d-66e7-4fb6-8510bc98c430"
        },
        {
          "Id": "42f1420f-c03e-47f1-8171-47d931aaa6e7",
          "AttributeName": "L4",
          "Dimension": "Item",
          "DimensionId": 2613163,
          "IsFilter": true,
          "Axis": "none",
          "IsDefault": true,
          "AllSelection": true,
          "SelectedMembers": [],
          "Name": "L4",
          "DimensionName": "Item",
          "OverrideFavSelection": false,
          "CurrencyFilter": false,
          "IsSingleSelect": false,
          "MemberFilterExpression": "&RE2EDepartments",
          "DefaultValueExpression": "",
          "WorksheetLevelFilter": false,
          "HideDummyMembers": false,
          "SortBy": "",
          "SortOrder": "",
          "IsNarrowYourSelection": false,
          "Position": 50,
          "AliasName": "Department",
          "AliasId": "062348a8-7aec-2f10-6a91-25531f6e57a4"
        },
        {
          "Id": "4d56dac3-270d-449a-9ee5-3ae97fbb32a2",
          "AttributeName": "All Sales Domain",
          "Dimension": "Sales Domain",
          "DimensionId": 2613168,
          "IsFilter": true,
          "Axis": "none",
          "IsDefault": true,
          "AllSelection": false,
          "SelectedMembers": [
            {
              "Name": "All"
            }
          ],
          "Name": "All Sales Domain",
          "DimensionName": "Sales Domain",
          "OverrideFavSelection": false,
          "CurrencyFilter": false,
          "IsSingleSelect": true,
          "MemberFilterExpression": "",
          "DefaultValueExpression": "",
          "WorksheetLevelFilter": false,
          "HideDummyMembers": false,
          "SortBy": "",
          "SortOrder": "",
          "IsNarrowYourSelection": false,
          "Position": 60
        },
        {
          "Id": "0c4d82ca-2fbe-c1e8-f6c5-51ffdcf84efc",
          "AttributeName": "Sales Planning Channel",
          "Dimension": "Sales Domain",
          "DimensionId": 2613168,
          "IsFilter": true,
          "Axis": "none",
          "IsDefault": true,
          "AllSelection": true,
          "SelectedMembers": [],
          "Name": "Sales Planning Channel",
          "DimensionName": "Sales Domain",
          "OverrideFavSelection": false,
          "CurrencyFilter": false,
          "IsSingleSelect": false,
          "MemberFilterExpression": "&PlanningChannels",
          "DefaultValueExpression": "",
          "WorksheetLevelFilter": false,
          "HideDummyMembers": false,
          "SortBy": "",
          "SortOrder": "",
          "IsNarrowYourSelection": false,
          "Position": 60
        },
        {
          "Id": "d00b8ae3-4077-4366-87b7-cf97749f44db",
          "AttributeName": "Location Country",
          "Dimension": "Location",
          "DimensionId": 2613171,
          "IsFilter": true,
          "Axis": "none",
          "IsDefault": true,
          "AllSelection": false,
          "SelectedMembers": [
            {
              "Name": "USA"
            }
          ],
          "Name": "Location Country",
          "DimensionName": "Location",
          "OverrideFavSelection": false,
          "CurrencyFilter": false,
          "IsSingleSelect": true,
          "MemberFilterExpression": "&RE2ECountries",
          "DefaultValueExpression": "",
          "WorksheetLevelFilter": false,
          "HideDummyMembers": false,
          "SortBy": "",
          "SortOrder": "",
          "IsNarrowYourSelection": false,
          "Position": 70,
          "AliasName": "Country",
          "AliasId": "47690e8c-bf7f-abdd-8250-0bc27e856388"
        },
        {
          "Id": "9c3b45ac-e578-4b7d-8bba-9b631bdb0b79",
          "AttributeName": "Location",
          "Dimension": "Location",
          "DimensionId": 2613171,
          "IsFilter": true,
          "Axis": "none",
          "IsDefault": true,
          "AllSelection": true,
          "SelectedMembers": [],
          "Name": "Location",
          "DimensionName": "Location",
          "OverrideFavSelection": false,
          "CurrencyFilter": false,
          "IsSingleSelect": false,
          "MemberFilterExpression": "",
          "DefaultValueExpression": "",
          "WorksheetLevelFilter": false,
          "HideDummyMembers": false,
          "SortBy": "",
          "SortOrder": "",
          "IsNarrowYourSelection": false,
          "Position": 70,
          "AliasName": "Store",
          "AliasId": "01024ab1-1efc-65c9-9428-de653b6a9e83"
        },
        {
          "Id": "1055e697-5019-493f-8c04-203626bc8e1d",
          "AttributeName": "Location Region",
          "Dimension": "Location",
          "DimensionId": 2613171,
          "IsFilter": true,
          "Axis": "none",
          "IsDefault": true,
          "AllSelection": true,
          "SelectedMembers": [],
          "Name": "Location Region",
          "DimensionName": "Location",
          "OverrideFavSelection": false,
          "CurrencyFilter": false,
          "IsSingleSelect": false,
          "MemberFilterExpression": "",
          "DefaultValueExpression": "",
          "WorksheetLevelFilter": false,
          "HideDummyMembers": false,
          "SortBy": "",
          "SortOrder": "",
          "IsNarrowYourSelection": false,
          "Position": 70,
          "AliasName": "Region",
          "AliasId": "dddbcc03-ed16-aa5b-9f74-56648672fa04"
        },
        {
          "Id": "211b33d5-d91f-40ec-9668-20e0da2ae7b3",
          "AttributeName": "Version Name",
          "Dimension": "Version",
          "DimensionId": 2613093,
          "IsFilter": true,
          "Axis": "none",
          "IsDefault": true,
          "AllSelection": false,
          "SelectedMembers": [
            {
              "Name": "CurrentWorkingView"
            },
            {
              "Name": "LP Test"
            }
          ],
          "Name": "Version Name",
          "DimensionName": "Version",
          "OverrideFavSelection": false,
          "IsSingleSelect": false,
          "MemberFilterExpression": "",
          "DefaultValueExpression": "",
          "WorksheetLevelFilter": false,
          "HideDummyMembers": false,
          "SortBy": "",
          "SortOrder": "",
          "IsNarrowYourSelection": false,
          "Position": 120
        },
        {
          "Id": "fb78b916-b80b-4b2d-b621-93c5737c74e1",
          "AttributeName": "Currency",
          "Dimension": "Currency",
          "DimensionId": 2613207,
          "IsFilter": true,
          "Axis": "none",
          "IsDefault": true,
          "AllSelection": false,
          "SelectedMembers": [
            {
              "Name": "USD"
            }
          ],
          "Name": "Currency",
          "DimensionName": "Currency",
          "OverrideFavSelection": false,
          "CurrencyFilter": true,
          "IsSingleSelect": true,
          "MemberFilterExpression": "",
          "DefaultValueExpression": "",
          "WorksheetLevelFilter": false,
          "HideDummyMembers": false,
          "SortBy": "",
          "SortOrder": "",
          "IsNarrowYourSelection": false,
          "Position": 180
        },
        {
          "Id": "e6218cc2-e174-47cf-b75b-e4dd94897ead",
          "AttributeName": "Planning Year",
          "Dimension": "Time",
          "DimensionId": 2613160,
          "IsFilter": true,
          "Axis": "none",
          "IsDefault": true,
          "AllSelection": false,
          "SelectedMembers": [
            {
              "Name": "2022"
            }
          ],
          "Name": "Planning Year",
          "DimensionName": "Time",
          "OverrideFavSelection": false,
          "CurrencyFilter": false,
          "RangeSelection": false,
          "CalendarSelection": false,
          "RollingTime": false,
          "IsSingleSelect": true,
          "MemberFilterExpression": "",
          "DefaultValueExpression": "",
          "WorksheetLevelFilter": false,
          "HideDummyMembers": false,
          "IsNarrowYourSelection": false,
          "Position": 290
        },
        {
          "Id": "ed4df28f-92ef-4cd4-951e-9bde63603b44",
          "AttributeName": "Planning Quarter",
          "Dimension": "Time",
          "DimensionId": 2613160,
          "IsFilter": true,
          "Axis": "none",
          "IsDefault": true,
          "AllSelection": true,
          "SelectedMembers": [],
          "Name": "Planning Quarter",
          "DimensionName": "Time",
          "OverrideFavSelection": false,
          "CurrencyFilter": false,
          "RangeSelection": false,
          "CalendarSelection": false,
          "RollingTime": false,
          "IsSingleSelect": false,
          "MemberFilterExpression": "&PreSeasonWeeks.relatedmembers([Planning Quarter])",
          "DefaultValueExpression": "",
          "WorksheetLevelFilter": false,
          "HideDummyMembers": false,
          "IsNarrowYourSelection": false,
          "Position": 290
        },
        {
          "Id": "b798604c-0140-4e29-9b8e-16eb427a4105",
          "AttributeName": "Planning Month",
          "Dimension": "Time",
          "DimensionId": 2613160,
          "IsFilter": true,
          "Axis": "none",
          "IsDefault": true,
          "AllSelection": true,
          "SelectedMembers": [],
          "Name": "Planning Month",
          "DimensionName": "Time",
          "OverrideFavSelection": false,
          "CurrencyFilter": false,
          "RangeSelection": false,
          "CalendarSelection": false,
          "RollingTime": false,
          "IsSingleSelect": false,
          "MemberFilterExpression": "",
          "DefaultValueExpression": "",
          "WorksheetLevelFilter": false,
          "HideDummyMembers": false,
          "IsNarrowYourSelection": false,
          "Position": 290
        },
        {
          "Id": "957e580c-16e5-44fa-9974-220e3e4ed749",
          "AttributeName": "Week",
          "Dimension": "Time",
          "DimensionId": 2613160,
          "IsFilter": true,
          "Axis": "none",
          "IsDefault": true,
          "AllSelection": true,
          "SelectedMembers": [],
          "Name": "Week",
          "DimensionName": "Time",
          "OverrideFavSelection": false,
          "Position": 290
        },
        {
          "Id": "1055e697-5019-493f-8c04-203626bc8e1d",
          "AttributeName": "Location Region",
          "Dimension": "Location",
          "EdgeDirection": null,
          "IsFilter": false,
          "Axis": "row",
          "IsDefault": true,
          "AllSelection": false,
          "SelectedMembers": [],
          "Name": "Location Region",
          "DimensionName": "Location",
          "IsVisible": true,
          "IsAttributeRequired": false,
          "ShowSubtotal": false,
          "ShowMemberConditionalFormatting": false,
          "DisplayName": "",
          "ShortName": "",
          "SortBy": "",
          "JoinWithGraph": false,
          "JoinGraphName": null,
          "JoinWithNode": "FROM"
        },
        {
          "Id": "9c3b45ac-e578-4b7d-8bba-9b631bdb0b79",
          "AttributeName": "Location",
          "Dimension": "Location",
          "EdgeDirection": null,
          "IsFilter": false,
          "Axis": "row",
          "IsDefault": true,
          "AllSelection": false,
          "SelectedMembers": [],
          "Name": "Location",
          "DimensionName": "Location",
          "IsVisible": false,
          "IsAttributeRequired": false,
          "ShowSubtotal": false,
          "ShowMemberConditionalFormatting": false,
          "DisplayName": "",
          "ShortName": "",
          "SortBy": "",
          "JoinWithGraph": false,
          "JoinGraphName": null,
          "JoinWithNode": "FROM"
        },
        {
          "Id": "e6218cc2-e174-47cf-b75b-e4dd94897ead",
          "AttributeName": "Planning Year",
          "Dimension": "Time",
          "EdgeDirection": null,
          "IsFilter": false,
          "Axis": "row",
          "IsDefault": true,
          "AllSelection": false,
          "SelectedMembers": [],
          "Name": "Planning Year",
          "DimensionName": "Time",
          "IsVisible": true,
          "IsAttributeRequired": false,
          "ShowSubtotal": false,
          "ShowMemberConditionalFormatting": false,
          "DisplayName": "",
          "ShortName": "",
          "JoinWithGraph": false,
          "JoinGraphName": null,
          "JoinWithNode": "FROM"
        },
        {
          "Id": "ed4df28f-92ef-4cd4-951e-9bde63603b44",
          "AttributeName": "Planning Quarter",
          "Dimension": "Time",
          "EdgeDirection": null,
          "IsFilter": false,
          "Axis": "row",
          "IsDefault": true,
          "AllSelection": false,
          "SelectedMembers": [],
          "Name": "Planning Quarter",
          "DimensionName": "Time",
          "IsVisible": true,
          "IsAttributeRequired": false,
          "ShowSubtotal": false,
          "ShowMemberConditionalFormatting": false,
          "DisplayName": "",
          "ShortName": "",
          "JoinWithGraph": false,
          "JoinGraphName": null,
          "JoinWithNode": "FROM"
        },
        {
          "Id": "b798604c-0140-4e29-9b8e-16eb427a4105",
          "AttributeName": "Planning Month",
          "Dimension": "Time",
          "EdgeDirection": null,
          "IsFilter": false,
          "Axis": "row",
          "IsDefault": true,
          "AllSelection": false,
          "SelectedMembers": [],
          "Name": "Planning Month",
          "DimensionName": "Time",
          "IsVisible": true,
          "IsAttributeRequired": false,
          "ShowSubtotal": false,
          "ShowMemberConditionalFormatting": false,
          "DisplayName": "",
          "ShortName": "",
          "JoinWithGraph": false,
          "JoinGraphName": null,
          "JoinWithNode": "FROM"
        },
        {
          "Id": "daeb86f4-739d-4a87-ac35-f2a31612f106",
          "AttributeName": "Measure",
          "Dimension": "Measure",
          "IsFilter": false,
          "Axis": "row",
          "IsDefault": true,
          "AllSelection": false,
          "SelectedMembers": [],
          "Name": "Measure",
          "DimensionName": "Measure",
          "IsVisible": true,
          "IsAttributeRequired": false,
          "ShowSubtotal": false,
          "ShowMemberConditionalFormatting": false,
          "SortBy": "",
          "JoinWithGraph": false,
          "DisplayName": "",
          "ShortName": ""
        },
        {
          "Id": "211b33d5-d91f-40ec-9668-20e0da2ae7b3",
          "AttributeName": "Version Name",
          "Dimension": "Version",
          "EdgeDirection": null,
          "IsFilter": false,
          "Axis": "column",
          "IsDefault": true,
          "AllSelection": false,
          "SelectedMembers": [],
          "Name": "Version Name",
          "DimensionName": "Version",
          "IsVisible": true,
          "IsAttributeRequired": false,
          "ShowSubtotal": false,
          "ShowMemberConditionalFormatting": false,
          "DisplayName": "",
          "ShortName": "",
          "SortBy": "",
          "JoinWithGraph": false,
          "JoinGraphName": null,
          "JoinWithNode": "FROM",
          "CalculatedMember": {
            "MemberAbstractExpressions": [
              {
                "CustomFilterProps": {},
                "Order": {
                  "RelativePosition": "After",
                  "Element": "Every Member",
                  "FormatOnlyCalcMember": true
                },
                "Name": "Delta",
                "FirstOperand": "Every Member",
                "Operator": "-",
                "SecondOperand": "Benchmark Member",
                "DatetimeInterval": "Quarter",
                "CustomFilter": false
              }
            ]
          }
        }
      ],
      "PeggingAttributes": [],
      "FlowPlanAttributes": [],
      "Hierarchies": [],
      "NamedSets": [],
      "RegularMeasures": [
        {
          "Id": "5aeaced4-9e9a-47d8-b0d2-e8ca18e1c3c3",
          "Name": "LP Ttl Sls Rtl"
        },
        {
          "Id": "0256c86f-3ac2-428f-abcf-419289d40b13",
          "Name": "LP Sls %"
        },
        {
          "Id": "178d0a14-5345-492a-882a-d0d1336f02d0",
          "Name": "LP Sls Rtl"
        },
        {
          "Id": "0f93d7f5-c907-4c22-8ea8-ad97652ad50d",
          "Name": "LP FP Sls %"
        },
        {
          "Id": "d395f3dd-766f-44a8-9f2f-36a55e91eb27",
          "Name": "LP FP Sls Rtl"
        },
        {
          "Id": "537cc45b-e4da-4e72-a33d-ca9af49445bf",
          "Name": "LP PP Sls %"
        },
        {
          "Id": "0af4b33f-a484-4389-986a-893cb613596c",
          "Name": "LP PP Sls Rtl"
        },
        {
          "Id": "c0ccbabc-420f-4c81-85c1-0821c240cadc",
          "Name": "LP Ttl MD %"
        },
        {
          "Id": "b7d446a7-a30d-4715-ac67-5b82c9d78b58",
          "Name": "LP Ttl MD Rtl"
        },
        {
          "Id": "e50edd16-5e28-4d17-bd72-b9d9c373742f",
          "Name": "LP POS MD %"
        },
        {
          "Id": "97b96e7c-79f1-4a4f-b6da-45fce60ce4c3",
          "Name": "LP POS MD Rtl"
        },
        {
          "Id": "4dbb099f-6d34-4551-ae95-ecf36bcdb805",
          "Name": "LP Perm MD %"
        },
        {
          "Id": "c0252b4a-a9a7-465c-979f-33e6530f2a0f",
          "Name": "LP Perm MD Rtl"
        },
        {
          "Id": "f1e0c433-d04a-49a5-9193-501638ad85f1",
          "Name": "LP Gross Margin %"
        },
        {
          "Id": "dc645ee8-21b3-4e45-871e-b2d8dd4faccb",
          "Name": "LP Gross Margin Rtl"
        }
      ],
      "TransientMeasures": [],
      "GraphRelations": [],
      "Folders": [],
      "AssociationMeasures": [
        {
          "MeasureFilterIBPLExpression": "",
          "MeasureFilterScope": "Post Filter"
        }
      ],
      "AssociationMeasureExpressions": [
        {
          "Expression": ""
        }
      ],
      "DataProperties": {
        "IncludeInactiveMembers": false,
        "IncludeNulls": false,
        "NullsForFinerGrainSelect": false,
        "NullsForUnrelatedAttrSelect": false,
        "RequireEditValidation": false,
        "SubTotalsType": "NoSubtotals",
        "IncludeNullsForSeries": "",
        "AssociationMeasureExpression": ""
      },
      "FilterProperties": {
        "VersionDependentFilter": false,
        "InterDependentMeasure": {},
        "ExcludeVersionInFavorite": false
      },
      "FilterGroups": [
        {
          "Id": "dd681ea0-0187-4e31-8e21-87dfa7cc7ea7",
          "HierarchyId": "",
          "HierarchyName": "",
          "GroupName": "Selling Season",
          "DimensionId": 2613257,
          "DimensionName": "Selling Season",
          "IsHierGroup": false,
          "IsNamedSet": false,
          "Attributes": [
            {
              "AttributeGuid": "56b72eb0-2d21-d392-f36d-296d4e622245",
              "PresentationName": "Selling Season",
              "GivenName": "Selling Season",
              "AttributeName": "Selling Season",
              "LevelPosition": 0,
              "IsKey": true
            }
          ],
          "AttrName": "Selling Season"
        },
        {
          "Id": "c2f33e66-412a-4176-ae62-c7b3a75cf195",
          "HierarchyId": "ed5f7904-29d5-b0fe-2b9c-1e40e026b4cd",
          "HierarchyName": "Retail Item Hierarchy",
          "GroupName": "L4",
          "DimensionId": 2613163,
          "DimensionName": "Item",
          "IsHierGroup": false,
          "IsNamedSet": false,
          "Attributes": [
            {
              "Id": 6083366,
              "LevelName": "L6",
              "LevelId": "953c822b-2044-3df0-1c1e-a369c42945b9",
              "AttributeId": 15578993,
              "AttributeName": "L6",
              "LevelPosition": 1,
              "HierarchyId": 1415029,
              "AttributeGuid": "a82339c5-c98a-4452-a348-a8e522105d7e",
              "IsUIPrefAttr": false,
              "PresentationName": "L6",
              "GivenName": "L6",
              "TranslationName": "None"
            },
            {
              "Id": 6083368,
              "LevelName": "L4",
              "LevelId": "6b8caa75-5c86-b744-09de-200e6a5e2a66",
              "AttributeId": 15578949,
              "AttributeName": "L4",
              "LevelPosition": 3,
              "HierarchyId": 1415029,
              "AttributeGuid": "42f1420f-c03e-47f1-8171-47d931aaa6e7",
              "IsUIPrefAttr": false,
              "PresentationName": "L4",
              "GivenName": "L4",
              "TranslationName": "None"
            }
          ]
        },
        {
          "Id": "f9c7bf98-5dd3-47bb-9731-3fb77d2dc958",
          "HierarchyId": "8b997c33-e641-8ddd-be78-021f7472f22f",
          "HierarchyName": "Retail Sales Domain Hierarchy",
          "GroupName": "Sales Planning Channel",
          "DimensionId": 2613168,
          "DimensionName": "Sales Domain",
          "IsHierGroup": false,
          "IsNamedSet": false,
          "Attributes": [
            {
              "Id": 6083375,
              "LevelName": "All Sales Domain",
              "LevelId": "0d3b6685-2075-5579-3380-3b74c683f909",
              "AttributeId": 15579089,
              "AttributeName": "All Sales Domain",
              "LevelPosition": 0,
              "HierarchyId": 1415030,
              "AttributeGuid": "4d56dac3-270d-449a-9ee5-3ae97fbb32a2",
              "IsUIPrefAttr": false,
              "PresentationName": "All Sales Domain",
              "GivenName": "All Sales Domain",
              "TranslationName": "None"
            },
            {
              "Id": 6083376,
              "LevelName": "Sales Planning Channel",
              "LevelId": "37b045b6-207b-d9d0-f673-bf679917b1cd",
              "AttributeId": 15579107,
              "AttributeName": "Sales Planning Channel",
              "LevelPosition": 1,
              "HierarchyId": 1415030,
              "AttributeGuid": "0c4d82ca-2fbe-c1e8-f6c5-51ffdcf84efc",
              "IsUIPrefAttr": false,
              "PresentationName": "Sales Planning Channel",
              "GivenName": "Sales Planning Channel",
              "TranslationName": "None"
            }
          ]
        },
        {
          "Id": "b8d5b6c3-815c-4d9f-9c4d-8fe92126f61a",
          "HierarchyId": "5b1b65dd-6559-29d7-2218-eb249d1e7492",
          "HierarchyName": "Retail Location Hierarchy",
          "GroupName": "Location",
          "DimensionId": 2613171,
          "DimensionName": "Location",
          "IsHierGroup": false,
          "IsNamedSet": false,
          "Attributes": [
            {
              "Id": 6083386,
              "LevelName": "Location Country",
              "LevelId": "9c6f1b35-df4e-e2b3-654a-878c394f1ee8",
              "AttributeId": 15579172,
              "AttributeName": "Location Country",
              "LevelPosition": 1,
              "HierarchyId": 1415034,
              "AttributeGuid": "d00b8ae3-4077-4366-87b7-cf97749f44db",
              "IsUIPrefAttr": false,
              "PresentationName": "Location Country",
              "GivenName": "Location Country",
              "TranslationName": "None"
            },
            {
              "Id": 6083387,
              "LevelName": "Location Region",
              "LevelId": "3a309757-5280-db0f-e6e0-0f40291b576b",
              "AttributeId": 15579169,
              "AttributeName": "Location Region",
              "LevelPosition": 2,
              "HierarchyId": 1415034,
              "AttributeGuid": "1055e697-5019-493f-8c04-203626bc8e1d",
              "IsUIPrefAttr": false,
              "PresentationName": "Location Region",
              "GivenName": "Location Region",
              "TranslationName": "None"
            },
            {
              "Id": 6083382,
              "LevelName": "Location",
              "LevelId": "870aee36-5a48-35ff-008a-8502cc076fc7",
              "AttributeId": 15579140,
              "AttributeName": "Location",
              "LevelPosition": 1,
              "HierarchyId": 1415032,
              "AttributeGuid": "9c3b45ac-e578-4b7d-8bba-9b631bdb0b79",
              "IsUIPrefAttr": false,
              "PresentationName": "Location",
              "GivenName": "Location",
              "TranslationName": "None"
            }
          ]
        },
        {
          "Id": "d583815a-9379-4fbc-b188-8f85f8d0dcf0",
          "HierarchyId": "",
          "HierarchyName": "",
          "GroupName": "Version Name",
          "DimensionId": 2613093,
          "DimensionName": "Version",
          "IsHierGroup": false,
          "IsNamedSet": false,
          "Attributes": [
            {
              "AttributeGuid": "211b33d5-d91f-40ec-9668-20e0da2ae7b3",
              "PresentationName": "Version Name",
              "GivenName": "Version Name",
              "AttributeName": "Version Name",
              "LevelPosition": 0,
              "IsKey": true
            }
          ],
          "AttrName": "Version Name"
        },
        {
          "Id": "db3cd858-cc4b-4d4e-830e-42683092de99",
          "HierarchyId": "",
          "HierarchyName": "",
          "GroupName": "Currency",
          "DimensionId": 2613207,
          "DimensionName": "Currency",
          "IsHierGroup": false,
          "IsNamedSet": false,
          "Attributes": [
            {
              "AttributeGuid": "fb78b916-b80b-4b2d-b621-93c5737c74e1",
              "PresentationName": "Currency",
              "GivenName": "Currency",
              "AttributeName": "Currency",
              "LevelPosition": 0,
              "IsKey": true
            }
          ],
          "AttrName": "Currency"
        },
        {
          "Id": "c98feb4a-d812-4fe8-a0ce-e6cabf6aec25",
          "HierarchyId": "163aa88f-6794-81c8-1b3a-70d159c7571d",
          "HierarchyName": "Retail Planning Hierarchy",
          "GroupName": "Week",
          "DimensionId": 2613160,
          "DimensionName": "Time",
          "IsHierGroup": false,
          "IsNamedSet": false,
          "Attributes": [
            {
              "Id": 6083359,
              "LevelName": "Planning Year",
              "LevelId": "7065bf39-4ef1-864c-185c-87057b5601ad",
              "AttributeId": 15578823,
              "AttributeName": "Planning Year",
              "LevelPosition": 1,
              "HierarchyId": 1415028,
              "AttributeGuid": "e6218cc2-e174-47cf-b75b-e4dd94897ead",
              "IsUIPrefAttr": false,
              "PresentationName": "Planning Year",
              "GivenName": "Planning Year",
              "TranslationName": "None"
            },
            {
              "Id": 6083360,
              "LevelName": "Planning Quarter",
              "LevelId": "91930ebf-d4bc-57a5-a746-2565db41ca11",
              "AttributeId": 15578848,
              "AttributeName": "Planning Quarter",
              "LevelPosition": 2,
              "HierarchyId": 1415028,
              "AttributeGuid": "ed4df28f-92ef-4cd4-951e-9bde63603b44",
              "IsUIPrefAttr": false,
              "PresentationName": "Planning Quarter",
              "GivenName": "Planning Quarter",
              "TranslationName": "None"
            },
            {
              "Id": 6083361,
              "LevelName": "Planning Month",
              "LevelId": "3f2b0b6c-24ab-4b63-fcc4-beafe2cef7e0",
              "AttributeId": 15578837,
              "AttributeName": "Planning Month",
              "LevelPosition": 3,
              "HierarchyId": 1415028,
              "AttributeGuid": "b798604c-0140-4e29-9b8e-16eb427a4105",
              "IsUIPrefAttr": false,
              "PresentationName": "Planning Month",
              "GivenName": "Planning Month",
              "TranslationName": "None"
            },
            {
              "Id": 6083362,
              "LevelName": "Week",
              "LevelId": "2e383c45-4ec0-26d2-7fc8-a6eccc7183ed",
              "AttributeId": 15578828,
              "AttributeName": "Week",
              "LevelPosition": 4,
              "HierarchyId": 1415028,
              "AttributeGuid": "957e580c-16e5-44fa-9974-220e3e4ed749",
              "IsUIPrefAttr": false,
              "PresentationName": "Week",
              "GivenName": "Week",
              "TranslationName": "None"
            }
          ]
        }
      ],
      "SortByMeasure": [
        {
          "Measure": null,
          "SortOrder": ""
        }
      ]
    }
  }
}