{
  "Name": "Margin Store Landing",
  "WidgetDefinitionId": "c03d9948-a623-468f-a85c-a9f8373fe44b",
  "IsPrivate": false,
  "WidgetType": "o9.dynamicreport",
  "ViewWidgetDefinition": null,
  "PageWidgetDefinition": null,
  "CreatedUserEmail": "shishupal.kumar@o9solutions.com",
  "ModifiedUserEmail": "shishupal.kumar@o9solutions.com",
  "Roles": [
    "public"
  ],
  "ConfigJson": {
    "Widget": {
      "Height": 550,
      "ActionButtons": []
    },
    "Presentation": {
      "WidgetName": "O9DynamicReport",
      "Title": "DynamicReport Title",
      "DefaultWidget": "",
      "IsGraphReport": false,
      "IsMultiGraphReport": false,
      "LevelAttributes": [],
      "MeasureCollections": [],
      "MeasureCollections2": [],
      "GraphRelations": [],
      "Folders": []
    }
  },
  "WidgetKeywordTags": [],
  "DimensionAttributeUsages": [],
  "WidgetModel": {
    "WidgetModelId": "e40de9ce-9b63-4d62-986e-cd55cc1aee7d",
    "ConfigJson": {
      "LevelAttributes": [],
      "PeggingAttributes": [],
      "FlowPlanAttributes": [],
      "NamedSets": [],
      "RegularMeasures": [],
      "TransientMeasures": [],
      "GraphRelations": [],
      "NlpQuery": "Top 5 Store TD Gross Margin by Store for Fall-20 and Winter-20",
      "NLPContext": [
        {
          "tId": 8259,
          "grandParentKey": "",
          "grandParentName": "",
          "parentKey": "ea21616e-03b0-450a-bb2e-e1ce86618985",
          "parentName": "SalesDomain",
          "key": "9c8e6f69-2fc5-4ba1-8fd3-b242e1c5139e",
          "name": "Store",
          "display": "Store",
          "suggest": [
            "Store"
          ],
          "result": [
            "Store"
          ],
          "type": "attribute",
          "_version_": 1670811226880344000
        }
      ],
      "Folders": [],
      "AssociationMeasures": [
        {}
      ],
      "AssociationMeasureExpressions": [
        {}
      ],
      "DataProperties": {
        "IncludeInactiveMembers": false
      }
    }
  }
}