{
  "Name": "Merge Plan",
  "WidgetDefinitionId": "3a9fdd7f-d0b9-f82c-0623-3bffe8b98131",
  "IsPrivate": false,
  "WidgetType": "o9.pivot",
  "ViewWidgetDefinition": null,
  "PageWidgetDefinition": null,
  "CreatedUserEmail": "hardik.rastogi@o9solutions.com",
  "ModifiedUserEmail": "hardik.rastogi@o9solutions.com",
  "Roles": [
    "public"
  ],
  "ConfigJson": {
    "Widget": {
      "Height": 550,
      "ActionButtons": []
    },
    "Presentation": {
      "DataColumnBeforeMembers": false,
      "ShowQuickToggleBar": false,
      "IsEditable": false,
      "EnableExpandCollapse": true,
      "EnableOnGridFilter": true,
      "EnableSort": true,
      "EnableColumnReorder": true,
      "DisableBulkEdit": false,
      "DisableCopyOption": false,
      "DisableAdjustOption": false,
      "DisableApplyOption": false,
      "DisableNullifyOption": false,
      "EnableColumnResize": true,
      "ClearColumnFilterOnScopeFilter": false,
      "EnableJitColumns": false,
      "EnableAuditTrail": false,
      "EnableAutoCollapseColumns": false,
      "EnableSparsifyRowSelection": false,
      "UseConditionalFormatting": false,
      "EnablePastDifferentiation": false,
      "SuppressMessageHeader": false,
      "HideActionButtons": true,
      "ShowImage": true,
      "ShowMeasureGroupAsColumn": false,
      "DefaultLinkFiltersAutoSelection": true,
      "RowHeight": "25",
      "ShowServerConditionalFormating": false,
      "InterDependentFilter": false,
      "UseOutlineFormLayout": false,
      "DisableFieldList": false,
      "ShowComments": false,
      "HideNullRows": false,
      "HideNullColumns": false,
      "HideReadOnlyNullRows": false,
      "DisableBulkEditMeasures": false,
      "EnableMeasureReposition": false,
      "AllowExcelDownload": false,
      "EnableExportPivot": "",
      "DownloadButton": "System Setting",
      "AbovePivotFilterLevelAttribute": "",
      "AbovePivotFilterValue": "",
      "LayoutColumnWidth": "System Setting",
      "IsSummary": false,
      "ActionButtonBindings": "",
      "ExcelActionButtons": "",
      "CollabFolders": "",
      "ColumnProp": {
        "ColumnSubtotalsAtEnd": false,
        "TimeColumnSubTotalAtEnd": false
      },
      "RowProp": {
        "ShowMultiDimensionProperty": false,
        "RowSubtotalsAtEnd": false
      },
      "FilterProperties": "",
      "ReportMeasureSet": "",
      "IsGraphReport": false,
      "IsMultiGraphReport": false,
      "LevelAttributes": [
        {
          "Id": "3d422598-3d44-4f72-8064-770cb75be814",
          "AttributeName": "L5",
          "Dimension": "Item",
          "Axis": "row",
          "ShowInfo": {
            "ShowDetail": true,
            "ShowPulse": true,
            "ShowTask": true,
            "ShowMarketIntelligence": true
          },
          "IsVisible": true,
          "IsAttributeRequired": false,
          "ShowSubtotal": false,
          "ShowMemberConditionalFormatting": false,
          "UOMMember": "",
          "DisplayName": "",
          "ShortName": "",
          "SortBy": "",
          "JoinWithGraph": false,
          "JoinGraphName": null,
          "JoinWithNode": "FROM"
        },
        {
          "Id": "42f1420f-c03e-47f1-8171-47d931aaa6e7",
          "AttributeName": "L4",
          "Dimension": "Item",
          "Axis": "row",
          "ShowInfo": {
            "ShowDetail": true,
            "ShowPulse": true,
            "ShowTask": true,
            "ShowMarketIntelligence": true
          },
          "IsVisible": true,
          "IsAttributeRequired": false,
          "ShowSubtotal": false,
          "ShowMemberConditionalFormatting": false,
          "UOMMember": "",
          "DisplayName": "",
          "ShortName": "",
          "SortBy": "",
          "JoinWithGraph": false,
          "JoinGraphName": null,
          "JoinWithNode": "FROM"
        },
        {
          "Id": "c8215069-c134-49e6-a1de-5f681eb07b83",
          "AttributeName": "L3",
          "Dimension": "Item",
          "Axis": "row",
          "ShowInfo": {
            "ShowDetail": true,
            "ShowPulse": true,
            "ShowTask": true,
            "ShowMarketIntelligence": true
          },
          "IsVisible": true,
          "IsAttributeRequired": false,
          "ShowSubtotal": false,
          "ShowMemberConditionalFormatting": false,
          "UOMMember": "",
          "DisplayName": "",
          "ShortName": "",
          "SortBy": "",
          "JoinWithGraph": false,
          "JoinGraphName": null,
          "JoinWithNode": "FROM"
        },
        {
          "Id": "9c3b45ac-e578-4b7d-8bba-9b631bdb0b79",
          "AttributeName": "Location",
          "Dimension": "Location",
          "Axis": "row",
          "ShowInfo": {
            "ShowDetail": true,
            "ShowPulse": true,
            "ShowTask": true,
            "ShowMarketIntelligence": true
          },
          "IsVisible": true,
          "IsAttributeRequired": false,
          "ShowSubtotal": false,
          "ShowMemberConditionalFormatting": false,
          "UOMMember": "",
          "DisplayName": "",
          "ShortName": "",
          "SortBy": "",
          "JoinWithGraph": false,
          "JoinGraphName": null,
          "JoinWithNode": "FROM"
        },
        {
          "Id": "0c4d82ca-2fbe-c1e8-f6c5-51ffdcf84efc",
          "AttributeName": "Sales Planning Channel",
          "Dimension": "Sales Domain",
          "Axis": "row",
          "ShowInfo": {
            "ShowDetail": true,
            "ShowPulse": true,
            "ShowTask": true,
            "ShowMarketIntelligence": true
          },
          "IsVisible": true,
          "IsAttributeRequired": false,
          "ShowSubtotal": false,
          "ShowMemberConditionalFormatting": false,
          "UOMMember": "",
          "DisplayName": "",
          "ShortName": "",
          "SortBy": "",
          "JoinWithGraph": false,
          "JoinGraphName": null,
          "JoinWithNode": "FROM"
        },
        {
          "Id": "d24b7cb9-2466-42ae-861d-dacb1b07e2b1",
          "AttributeName": "Measure",
          "Dimension": "Measure",
          "Axis": "column",
          "ShowInfo": {
            "ShowDetail": true,
            "ShowPulse": true,
            "ShowTask": true,
            "ShowMarketIntelligence": true
          },
          "IsVisible": true,
          "IsAttributeRequired": false,
          "ShowSubtotal": false,
          "ShowMemberConditionalFormatting": false,
          "SortBy": "",
          "JoinWithGraph": false,
          "DisplayName": "",
          "ShortName": "",
          "UOMMember": ""
        }
      ],
      "FilterGroups": [
        {
          "GroupName": "L4",
          "HierarchyId": "ed5f7904-29d5-b0fe-2b9c-1e40e026b4cd",
          "Id": "e1319e1e-8685-48a5-bdf9-40604095fe44",
          "Attributes": [
            "42f1420f-c03e-47f1-8171-47d931aaa6e7"
          ]
        },
        {
          "GroupName": "Selling Season",
          "HierarchyId": "",
          "Id": "b622ec74-699f-481a-a3fa-b9a5972adaf3",
          "Attributes": [
            "56b72eb0-2d21-d392-f36d-296d4e622245"
          ]
        },
        {
          "GroupName": "Sales Planning Channel",
          "HierarchyId": "8b997c33-e641-8ddd-be78-021f7472f22f",
          "Id": "e76b6c4d-3467-4ce1-ab42-a9fec33e8171",
          "Attributes": [
            "0c4d82ca-2fbe-c1e8-f6c5-51ffdcf84efc"
          ]
        },
        {
          "GroupName": "Location Country",
          "HierarchyId": "5b1b65dd-6559-29d7-2218-eb249d1e7492",
          "Id": "fed0d38d-485c-423c-8718-64efcdcee7ea",
          "Attributes": [
            "d00b8ae3-4077-4366-87b7-cf97749f44db"
          ]
        },
        {
          "GroupName": "Planning Month",
          "HierarchyId": "163aa88f-6794-81c8-1b3a-70d159c7571d",
          "Id": "dcf245d3-2f23-42a9-a2f1-246cd0c4c629",
          "Attributes": [
            "b798604c-0140-4e29-9b8e-16eb427a4105"
          ]
        },
        {
          "GroupName": "Version Name",
          "HierarchyId": "",
          "Id": "f2ec8421-01be-49eb-8e22-eed5f4698dd3",
          "Attributes": [
            "211b33d5-d91f-40ec-9668-20e0da2ae7b3"
          ]
        },
        {
          "GroupName": "Currency",
          "HierarchyId": "",
          "Id": "d1f6d502-5ece-4d07-ae10-61fb580de6f4",
          "Attributes": [
            "fb78b916-b80b-4b2d-b621-93c5737c74e1"
          ]
        }
      ],
      "MeasureCollections": [
        {
          "Measures": [
            {
              "Name": "Merge LY Ttl Sls Rtl",
              "Id": "37b458f4-bd02-3bf9-f6fb-9e9f2f90a849",
              "IsVisible": false,
              "IsEditable": false,
              "IsMultiFileUpload": false,
              "ShowInLocalTimeZone": false,
              "RenderType": "Value",
              "Alignment": "MiddleRight",
              "FormatString": "",
              "ColumnWidth": 0,
              "Sort": "",
              "UseExcelAggregation": false,
              "MeasureFormatting": [
                {
                  "BGCOLOR": "",
                  "FGCOLOR": "",
                  "ApplyForData": false,
                  "ApplyForHeader": false
                }
              ],
              "TimeHorizon": "",
              "ShowInfo": {
                "ShowDetail": true,
                "ShowPulse": true,
                "ShowTask": true,
                "ShowMarketIntelligence": true
              },
              "ChildMeasureCollections": null,
              "IsMultiDimensionProperty": false
            }
          ]
        },
        {
          "Measures": [
            {
              "Name": "LP Ttl Sls Rtl",
              "Id": "5aeaced4-9e9a-47d8-b0d2-e8ca18e1c3c3",
              "IsVisible": false,
              "IsEditable": false,
              "IsMultiFileUpload": false,
              "ShowInLocalTimeZone": false,
              "RenderType": "Value",
              "Alignment": "MiddleRight",
              "FormatString": "",
              "ColumnWidth": 0,
              "Sort": "",
              "UseExcelAggregation": false,
              "MeasureFormatting": [
                {
                  "BGCOLOR": "",
                  "FGCOLOR": "",
                  "ApplyForData": false,
                  "ApplyForHeader": false
                }
              ],
              "TimeHorizon": "",
              "ShowInfo": {
                "ShowDetail": true,
                "ShowPulse": true,
                "ShowTask": true,
                "ShowMarketIntelligence": true
              },
              "ChildMeasureCollections": null,
              "IsMultiDimensionProperty": false
            }
          ]
        },
        {
          "Measures": [
            {
              "Name": "Merge Ttl Sls Rtl",
              "Id": "739b0e1b-af15-115f-31a7-2a9dc4ebe457",
              "IsVisible": true,
              "IsEditable": false,
              "IsMultiFileUpload": false,
              "ShowInLocalTimeZone": false,
              "RenderType": "Value",
              "Alignment": "MiddleRight",
              "FormatString": "",
              "ColumnWidth": 0,
              "Sort": "",
              "UseExcelAggregation": false,
              "MeasureFormatting": [
                {
                  "BGCOLOR": "",
                  "FGCOLOR": "",
                  "ApplyForData": false,
                  "ApplyForHeader": false
                }
              ],
              "TimeHorizon": "",
              "ShowInfo": {
                "ShowDetail": true,
                "ShowPulse": true,
                "ShowTask": true,
                "ShowMarketIntelligence": true
              },
              "ChildMeasureCollections": null,
              "IsMultiDimensionProperty": false
            }
          ]
        },
        {
          "Measures": [
            {
              "Name": "Deviation from LP",
              "Id": "8d1b6478-a372-43cd-893a-01eff50029ca",
              "IsTransient": true,
              "IsVisible": false,
              "IsEditable": false,
              "IsMultiFileUpload": false,
              "ShowInLocalTimeZone": false,
              "RenderType": "Value",
              "Alignment": "MiddleRight",
              "FormatString": "0.00%",
              "ColumnWidth": 0,
              "Sort": "",
              "UseExcelAggregation": false,
              "MeasureFormatting": [
                {
                  "BGCOLOR": "",
                  "FGCOLOR": "",
                  "ApplyForData": false,
                  "ApplyForHeader": false
                }
              ],
              "TimeHorizon": "",
              "Label": "Deviation from LP",
              "Formula": "safedivide(sum(Measure.[Merge Ttl Sls Rtl],-1*Measure.[LP Ttl Sls Rtl]), Measure.[LP Ttl Sls Rtl])",
              "ShowInfo": {
                "ShowDetail": true,
                "ShowPulse": true,
                "ShowTask": true,
                "ShowMarketIntelligence": true
              },
              "ChildMeasureCollections": null,
              "IsMultiDimensionProperty": false
            }
          ]
        }
      ],
      "MeasureCollections2": [],
      "AlwaysOnMeasureCollections": [],
      "GraphRelations": [],
      "Folders": []
    }
  },
  "WidgetKeywordTags": [],
  "DimensionAttributeUsages": [],
  "WidgetModel": {
    "WidgetModelId": "6a29867b-38a1-499e-8b64-65db051de59c",
    "ConfigJson": {
      "LevelAttributes": [
        {
          "Id": "56b72eb0-2d21-d392-f36d-296d4e622245",
          "AttributeName": "Selling Season",
          "Dimension": "Selling Season",
          "DimensionId": 2957042,
          "IsFilter": true,
          "Axis": "none",
          "IsDefault": true,
          "AllSelection": false,
          "SelectedMembers": [
            {
              "Name": "SU24",
              "DisplayAlias": null
            }
          ],
          "Name": "Selling Season",
          "DimensionName": "Selling Season",
          "OverrideFavSelection": false,
          "CurrencyFilter": false,
          "IsSingleSelect": true,
          "MemberFilterExpression": "&MFPSellingSeason",
          "DefaultValueExpression": "",
          "WorksheetLevelFilter": false,
          "HideDummyMembers": false,
          "SortBy": "",
          "SortOrder": "",
          "IsNarrowYourSelection": false,
          "Position": -550
        },
        {
          "Id": "42f1420f-c03e-47f1-8171-47d931aaa6e7",
          "AttributeName": "L4",
          "Dimension": "Item",
          "DimensionId": 2957086,
          "IsFilter": true,
          "Axis": "none",
          "IsDefault": true,
          "AllSelection": true,
          "SelectedMembers": [],
          "Name": "L4",
          "DimensionName": "Item",
          "AliasName": "Department",
          "AliasId": "062348a8-7aec-2f10-6a91-25531f6e57a4",
          "AliasType": "AttributeAlias",
          "OverrideFavSelection": false,
          "CurrencyFilter": false,
          "IsSingleSelect": false,
          "MemberFilterExpression": "&RE2EDepartments",
          "DefaultValueExpression": "",
          "WorksheetLevelFilter": false,
          "HideDummyMembers": false,
          "SortBy": "",
          "SortOrder": "",
          "IsNarrowYourSelection": false,
          "Position": 50
        },
        {
          "Id": "0c4d82ca-2fbe-c1e8-f6c5-51ffdcf84efc",
          "AttributeName": "Sales Planning Channel",
          "Dimension": "Sales Domain",
          "DimensionId": 2957016,
          "IsFilter": true,
          "Axis": "none",
          "IsDefault": true,
          "AllSelection": true,
          "SelectedMembers": [],
          "Name": "Sales Planning Channel",
          "DimensionName": "Sales Domain",
          "OverrideFavSelection": false,
          "CurrencyFilter": false,
          "IsSingleSelect": false,
          "MemberFilterExpression": "&PlanningChannels",
          "DefaultValueExpression": "",
          "WorksheetLevelFilter": false,
          "HideDummyMembers": false,
          "SortBy": "",
          "SortOrder": "",
          "IsNarrowYourSelection": false,
          "Position": 60
        },
        {
          "Id": "d00b8ae3-4077-4366-87b7-cf97749f44db",
          "AttributeName": "Location Country",
          "Dimension": "Location",
          "DimensionId": 2956981,
          "IsFilter": true,
          "Axis": "none",
          "IsDefault": true,
          "AllSelection": true,
          "SelectedMembers": [],
          "Name": "Location Country",
          "DimensionName": "Location",
          "AliasName": "Country",
          "AliasId": "47690e8c-bf7f-abdd-8250-0bc27e856388",
          "AliasType": "AttributeAlias",
          "OverrideFavSelection": false,
          "CurrencyFilter": false,
          "IsSingleSelect": false,
          "MemberFilterExpression": "&RE2ECountries",
          "DefaultValueExpression": "",
          "WorksheetLevelFilter": false,
          "HideDummyMembers": false,
          "SortBy": "",
          "SortOrder": "",
          "IsNarrowYourSelection": false,
          "Position": 70
        },
        {
          "Id": "211b33d5-d91f-40ec-9668-20e0da2ae7b3",
          "AttributeName": "Version Name",
          "Dimension": "Version",
          "DimensionId": 2956898,
          "IsFilter": true,
          "Axis": "none",
          "IsDefault": true,
          "AllSelection": false,
          "SelectedMembers": [
            {
              "Name": "CurrentWorkingView",
              "DisplayAlias": null
            }
          ],
          "Name": "Version Name",
          "DimensionName": "Version",
          "OverrideFavSelection": false,
          "IsSingleSelect": true,
          "MemberFilterExpression": "",
          "DefaultValueExpression": "",
          "WorksheetLevelFilter": false,
          "HideDummyMembers": false,
          "SortBy": "",
          "SortOrder": "",
          "IsNarrowYourSelection": false,
          "Position": 120
        },
        {
          "Id": "fb78b916-b80b-4b2d-b621-93c5737c74e1",
          "AttributeName": "Currency",
          "Dimension": "Currency",
          "DimensionId": 2957062,
          "IsFilter": true,
          "Axis": "none",
          "IsDefault": true,
          "AllSelection": false,
          "SelectedMembers": [
            {
              "Name": "USD",
              "DisplayAlias": null
            }
          ],
          "Name": "Currency",
          "DimensionName": "Currency",
          "OverrideFavSelection": false,
          "CurrencyFilter": true,
          "IsSingleSelect": true,
          "MemberFilterExpression": "",
          "DefaultValueExpression": "",
          "WorksheetLevelFilter": false,
          "HideDummyMembers": false,
          "SortBy": "",
          "SortOrder": "",
          "IsNarrowYourSelection": false,
          "Position": 180
        },
        {
          "Id": "b798604c-0140-4e29-9b8e-16eb427a4105",
          "AttributeName": "Planning Month",
          "Dimension": "Time",
          "DimensionId": 2956967,
          "IsFilter": true,
          "Axis": "none",
          "IsDefault": true,
          "AllSelection": false,
          "SelectedMembers": [
            {
              "Name": "M08-24",
              "DisplayAlias": null
            }
          ],
          "Name": "Planning Month",
          "DimensionName": "Time",
          "OverrideFavSelection": false,
          "CurrencyFilter": false,
          "RangeSelection": false,
          "CalendarSelection": false,
          "RollingTime": false,
          "IsSingleSelect": true,
          "MemberFilterExpression": "&PreSeasonWeeks.relatedmembers([Planning Month])",
          "DefaultValueExpression": "",
          "WorksheetLevelFilter": false,
          "HideDummyMembers": false,
          "IsNarrowYourSelection": false,
          "Position": 290
        },
        {
          "Id": "3d422598-3d44-4f72-8064-770cb75be814",
          "AttributeName": "L5",
          "Dimension": "Item",
          "EdgeDirection": null,
          "IsFilter": false,
          "Axis": "row",
          "IsDefault": true,
          "AllSelection": false,
          "SelectedMembers": [],
          "Name": "L5",
          "DimensionName": "Item",
          "AliasName": "Division",
          "AliasId": "29969393-8c9c-6e04-1796-fd59fe131c33",
          "AliasType": "AttributeAlias",
          "IsVisible": true,
          "IsAttributeRequired": false,
          "ShowSubtotal": false,
          "ShowMemberConditionalFormatting": false,
          "DisplayName": "",
          "ShortName": "",
          "SortBy": "",
          "JoinWithGraph": false,
          "JoinGraphName": null,
          "JoinWithNode": "FROM"
        },
        {
          "Id": "42f1420f-c03e-47f1-8171-47d931aaa6e7",
          "AttributeName": "L4",
          "Dimension": "Item",
          "EdgeDirection": null,
          "IsFilter": false,
          "Axis": "row",
          "IsDefault": true,
          "AllSelection": false,
          "SelectedMembers": [],
          "Name": "L4",
          "DimensionName": "Item",
          "AliasName": "Department",
          "AliasId": "062348a8-7aec-2f10-6a91-25531f6e57a4",
          "AliasType": "AttributeAlias",
          "IsVisible": true,
          "IsAttributeRequired": false,
          "ShowSubtotal": false,
          "ShowMemberConditionalFormatting": false,
          "DisplayName": "",
          "ShortName": "",
          "SortBy": "",
          "JoinWithGraph": false,
          "JoinGraphName": null,
          "JoinWithNode": "FROM"
        },
        {
          "Id": "c8215069-c134-49e6-a1de-5f681eb07b83",
          "AttributeName": "L3",
          "Dimension": "Item",
          "EdgeDirection": null,
          "IsFilter": false,
          "Axis": "row",
          "IsDefault": true,
          "AllSelection": false,
          "SelectedMembers": [],
          "Name": "L3",
          "DimensionName": "Item",
          "IsVisible": true,
          "IsAttributeRequired": false,
          "ShowSubtotal": false,
          "ShowMemberConditionalFormatting": false,
          "DisplayName": "",
          "ShortName": "",
          "SortBy": "",
          "JoinWithGraph": false,
          "JoinGraphName": null,
          "JoinWithNode": "FROM"
        },
        {
          "Id": "9c3b45ac-e578-4b7d-8bba-9b631bdb0b79",
          "AttributeName": "Location",
          "Dimension": "Location",
          "EdgeDirection": null,
          "IsFilter": false,
          "Axis": "row",
          "IsDefault": true,
          "AllSelection": false,
          "SelectedMembers": [],
          "Name": "Location",
          "DimensionName": "Location",
          "IsVisible": true,
          "IsAttributeRequired": false,
          "ShowSubtotal": false,
          "ShowMemberConditionalFormatting": false,
          "DisplayName": "",
          "ShortName": "",
          "SortBy": "",
          "JoinWithGraph": false,
          "JoinGraphName": null,
          "JoinWithNode": "FROM"
        },
        {
          "Id": "0c4d82ca-2fbe-c1e8-f6c5-51ffdcf84efc",
          "AttributeName": "Sales Planning Channel",
          "Dimension": "Sales Domain",
          "EdgeDirection": null,
          "IsFilter": false,
          "Axis": "row",
          "IsDefault": true,
          "AllSelection": false,
          "SelectedMembers": [],
          "Name": "Sales Planning Channel",
          "DimensionName": "Sales Domain",
          "IsVisible": true,
          "IsAttributeRequired": false,
          "ShowSubtotal": false,
          "ShowMemberConditionalFormatting": false,
          "DisplayName": "",
          "ShortName": "",
          "SortBy": "",
          "JoinWithGraph": false,
          "JoinGraphName": null,
          "JoinWithNode": "FROM"
        },
        {
          "Id": "d24b7cb9-2466-42ae-861d-dacb1b07e2b1",
          "AttributeName": "Measure",
          "Dimension": "Measure",
          "IsFilter": false,
          "Axis": "column",
          "IsDefault": true,
          "AllSelection": false,
          "SelectedMembers": [],
          "Name": "Measure",
          "DimensionName": "Measure",
          "IsVisible": true,
          "IsAttributeRequired": false,
          "ShowSubtotal": false,
          "ShowMemberConditionalFormatting": false,
          "SortBy": "",
          "JoinWithGraph": false,
          "DisplayName": "",
          "ShortName": "",
          "UOMMember": ""
        }
      ],
      "PeggingAttributes": [],
      "FlowPlanAttributes": [],
      "Hierarchies": [],
      "NamedSets": [],
      "RegularMeasures": [
        {
          "Id": "37b458f4-bd02-3bf9-f6fb-9e9f2f90a849",
          "Name": "Merge LY Ttl Sls Rtl"
        },
        {
          "Id": "5aeaced4-9e9a-47d8-b0d2-e8ca18e1c3c3",
          "Name": "LP Ttl Sls Rtl"
        },
        {
          "Id": "739b0e1b-af15-115f-31a7-2a9dc4ebe457",
          "Name": "Merge Ttl Sls Rtl"
        }
      ],
      "TransientMeasures": [
        {
          "Id": "8d1b6478-a372-43cd-893a-01eff50029ca",
          "Name": "Deviation from LP",
          "DisplayName": "Deviation from LP",
          "Formula": "safedivide(sum(Measure.[Merge Ttl Sls Rtl],-1*Measure.[LP Ttl Sls Rtl]), Measure.[LP Ttl Sls Rtl])"
        }
      ],
      "GraphRelations": [],
      "Folders": [],
      "AssociationMeasures": [
        {
          "MeasureFilterIBPLExpression": "",
          "MeasureFilterScope": "Post Filter"
        }
      ],
      "AssociationMeasureExpressions": [
        {
          "Expression": ""
        }
      ],
      "MeasureValueFilters": [],
      "DataProperties": {
        "IncludeInactiveMembers": false,
        "IncludeNulls": false,
        "NullsForFinerGrainSelect": false,
        "NullsForUnrelatedAttrSelect": false,
        "RequireEditValidation": false,
        "SubTotalsType": "NoSubtotals",
        "IncludeNullsForSeries": "",
        "AssociationMeasureExpression": ""
      },
      "FilterProperties": {
        "VersionDependentFilter": false,
        "InterDependentMeasure": {},
        "ExcludeVersionInFavorite": false
      },
      "FilterGroups": [
        {
          "Id": "e1319e1e-8685-48a5-bdf9-40604095fe44",
          "DimensionId": 2957086,
          "DimensionName": "Item",
          "GroupName": "L4",
          "HierarchyId": "ed5f7904-29d5-b0fe-2b9c-1e40e026b4cd",
          "HierarchyName": "Retail Item Hierarchy",
          "IsHierGroup": false,
          "Attributes": [
            {
              "Id": 6836429,
              "LevelName": "L4",
              "LevelId": "6b8caa75-5c86-b744-09de-200e6a5e2a66",
              "AttributeId": 17648908,
              "AttributeName": "L4",
              "LevelPosition": 3,
              "HierarchyId": 1591088,
              "AttributeGuid": "42f1420f-c03e-47f1-8171-47d931aaa6e7",
              "IsUIPrefAttr": false,
              "PresentationName": "L4",
              "GivenName": "L4",
              "TranslationName": "None"
            }
          ],
          "IsNamedSet": false
        },
        {
          "Id": "b622ec74-699f-481a-a3fa-b9a5972adaf3",
          "GroupName": "Selling Season",
          "HierarchyId": "",
          "IsHierGroup": false,
          "Attributes": [
            {
              "AttributeId": 17648772,
              "AttributeName": "Selling Season",
              "LevelPosition": 0,
              "AttributeGuid": "56b72eb0-2d21-d392-f36d-296d4e622245",
              "IsKey": true,
              "GivenName": "Selling Season",
              "PresentationName": "Selling Season"
            }
          ],
          "IsNamedSet": false,
          "DimensionId": 2957042,
          "DimensionName": "Selling Season"
        },
        {
          "Id": "e76b6c4d-3467-4ce1-ab42-a9fec33e8171",
          "DimensionId": 2957016,
          "DimensionName": "Sales Domain",
          "GroupName": "Sales Planning Channel",
          "HierarchyId": "8b997c33-e641-8ddd-be78-021f7472f22f",
          "HierarchyName": "Retail Sales Domain Hierarchy",
          "IsHierGroup": false,
          "Attributes": [
            {
              "Id": 6836409,
              "LevelName": "Sales Planning Channel",
              "LevelId": "37b045b6-207b-d9d0-f673-bf679917b1cd",
              "AttributeId": 17648664,
              "AttributeName": "Sales Planning Channel",
              "LevelPosition": 1,
              "HierarchyId": 1591082,
              "AttributeGuid": "0c4d82ca-2fbe-c1e8-f6c5-51ffdcf84efc",
              "IsUIPrefAttr": false,
              "PresentationName": "Sales Planning Channel",
              "GivenName": "Sales Planning Channel",
              "TranslationName": "None"
            }
          ],
          "IsNamedSet": false
        },
        {
          "Id": "fed0d38d-485c-423c-8718-64efcdcee7ea",
          "DimensionId": 2956981,
          "DimensionName": "Location",
          "GroupName": "Location Country",
          "HierarchyId": "5b1b65dd-6559-29d7-2218-eb249d1e7492",
          "HierarchyName": "Retail Location Hierarchy",
          "IsHierGroup": false,
          "Attributes": [
            {
              "Id": 6836391,
              "LevelName": "Location Country",
              "LevelId": "9c6f1b35-df4e-e2b3-654a-878c394f1ee8",
              "AttributeId": 17648371,
              "AttributeName": "Location Country",
              "LevelPosition": 1,
              "HierarchyId": 1591076,
              "AttributeGuid": "d00b8ae3-4077-4366-87b7-cf97749f44db",
              "IsUIPrefAttr": false,
              "PresentationName": "Location Country",
              "GivenName": "Location Country",
              "TranslationName": "None"
            }
          ],
          "IsNamedSet": false
        },
        {
          "Id": "dcf245d3-2f23-42a9-a2f1-246cd0c4c629",
          "DimensionId": 2956967,
          "DimensionName": "Time",
          "GroupName": "Planning Month",
          "HierarchyId": "163aa88f-6794-81c8-1b3a-70d159c7571d",
          "HierarchyName": "Retail Planning Hierarchy",
          "IsHierGroup": false,
          "Attributes": [
            {
              "Id": 6836384,
              "LevelName": "Planning Month",
              "LevelId": "3f2b0b6c-24ab-4b63-fcc4-beafe2cef7e0",
              "AttributeId": 17648154,
              "AttributeName": "Planning Month",
              "LevelPosition": 3,
              "HierarchyId": 1591074,
              "AttributeGuid": "b798604c-0140-4e29-9b8e-16eb427a4105",
              "IsUIPrefAttr": false,
              "PresentationName": "Planning Month",
              "GivenName": "Planning Month",
              "TranslationName": "None"
            }
          ],
          "IsNamedSet": false
        },
        {
          "Id": "f2ec8421-01be-49eb-8e22-eed5f4698dd3",
          "GroupName": "Version Name",
          "HierarchyId": "",
          "IsHierGroup": false,
          "Attributes": [
            {
              "AttributeId": 17647878,
              "AttributeName": "Version Name",
              "LevelPosition": 0,
              "AttributeGuid": "211b33d5-d91f-40ec-9668-20e0da2ae7b3",
              "IsKey": true,
              "GivenName": "Version Name",
              "PresentationName": "Version Name"
            }
          ],
          "IsNamedSet": false,
          "DimensionId": 2956898,
          "DimensionName": "Version"
        },
        {
          "Id": "d1f6d502-5ece-4d07-ae10-61fb580de6f4",
          "GroupName": "Currency",
          "HierarchyId": "",
          "IsHierGroup": false,
          "Attributes": [
            {
              "AttributeId": 17648830,
              "AttributeName": "Currency",
              "LevelPosition": 0,
              "AttributeGuid": "fb78b916-b80b-4b2d-b621-93c5737c74e1",
              "IsKey": true,
              "GivenName": "Currency",
              "PresentationName": "Currency"
            }
          ],
          "IsNamedSet": false,
          "DimensionId": 2957062,
          "DimensionName": "Currency"
        }
      ],
      "SortByMeasure": [
        {
          "Measure": null,
          "SortOrder": ""
        }
      ]
    }
  }
}