{
  "Name": "TD Graph-Sales - Store",
  "WidgetDefinitionId": "344699e2-e86a-44af-8979-fdcb399d5c59",
  "IsPrivate": false,
  "WidgetType": "o9.linechart",
  "ViewWidgetDefinition": null,
  "PageWidgetDefinition": null,
  "CreatedUserEmail": "shishupal.kumar@o9solutions.com",
  "ModifiedUserEmail": "karthik.alagesh@o9solutions.com",
  "Roles": null,
  "ConfigJson": {
    "Widget": {
      "Height": 550,
      "ActionButtons": []
    },
    "Presentation": {
      "FilterProperties": "",
      "Cumulative": "Disable",
      "EnableComparison": false,
      "EnableMultiVersionMultiMeasure": false,
      "Y1": {
        "Min": "",
        "Max": "",
        "Format": ""
      },
      "Y2": {
        "Min": "",
        "Max": "",
        "Format": ""
      },
      "XAxis": {
        "EnableSort": false,
        "SortDirection": "Descending",
        "SortLimit": "0"
      },
      "IsGraphReport": false,
      "IsMultiGraphReport": false,
      "LevelAttributes": [
        {
          "Id": "d00b8ae3-4077-4366-87b7-cf97749f44db",
          "AttributeName": "Location Country",
          "Dimension": "Location",
          "Axis": "row",
          "ShowInfo": {
            "ShowDetail": true,
            "ShowPulse": true,
            "ShowTask": true,
            "ShowMarketIntelligence": true
          },
          "IsDefault": true,
          "ShortName": "",
          "XAxisSelectedMember": "",
          "SortBy": "",
          "SortOrder": ""
        }
      ],
      "MeasureCollections": [
        {
          "Measures": [
            {
              "Name": "Store TD Sales",
              "Id": "5aeaced4-9e9a-47d8-b0d2-e8ca18e1c3c3",
              "Visible": true,
              "Type": "Bar",
              "ShowPointLabel": true,
              "Color": "rgba(166, 202, 167, 1)",
              "ShowColorForNegVal": false,
              "Format": "($0,000.0 a)",
              "ThresholdVal": 0,
              "ColorForNegVal": "",
              "ShowMarker": false,
              "MarkerInfo": [
                {
                  "MarkerColor": "",
                  "MarkerSize": 10,
                  "MarkerLineWidth": 3,
                  "MarkerStyle": "circle"
                }
              ],
              "ShowPopover": true,
              "OtherMeasures": [
                "5aeaced4-9e9a-47d8-b0d2-e8ca18e1c3c3"
              ],
              "ShowInfo": {
                "ShowDetail": true,
                "ShowPulse": true,
                "ShowTask": true,
                "ShowMarketIntelligence": true
              },
              "ChildMeasureCollections": null
            }
          ]
        },
        {
          "Measures": [
            {
              "Name": "Store TD Sales LY",
              "Id": "38a53c27-67c4-449a-82e3-28c350794f51",
              "Visible": true,
              "Type": "Line",
              "LineInfo": [
                {
                  "Width": 3,
                  "Pattern": "dotted",
                  "NullAs": "Zero"
                }
              ],
              "Color": "rgba(46, 102, 214, 1)",
              "Format": "($0,000.0 a)",
              "ThresholdVal": 0,
              "ColorForNegVal": "",
              "ShowMarker": true,
              "MarkerInfo": [
                {
                  "MarkerColor": "",
                  "MarkerSize": 10,
                  "MarkerLineWidth": 3,
                  "MarkerStyle": "filledDiamond"
                }
              ],
              "ShowPopover": true,
              "OtherMeasures": [
                "38a53c27-67c4-449a-82e3-28c350794f51"
              ],
              "ShowInfo": {
                "ShowDetail": true,
                "ShowPulse": true,
                "ShowTask": true,
                "ShowMarketIntelligence": true
              },
              "ChildMeasureCollections": null
            }
          ]
        }
      ],
      "MeasureCollections2": [],
      "GraphRelations": [],
      "Folders": []
    }
  },
  "WidgetKeywordTags": [],
  "DimensionAttributeUsages": [],
  "WidgetModel": {
    "WidgetModelId": "5d496a8b-467f-4609-9fb1-0bc39eb48b03",
    "ConfigJson": {
      "LevelAttributes": [
        {
          "Id": "3f2dc0ee-8c91-4351-9333-dd81b82e75c4",
          "AttributeName": "Selling Season",
          "Dimension": "Selling Season",
          "IsFilter": true,
          "Axis": "none",
          "IsDefault": true,
          "AllSelection": true,
          "SelectedMembers": [],
          "Name": "Selling Season",
          "DimensionName": "Selling Season",
          "IsVisible": true,
          "Position": -460
        },
        {
          "Id": "a82339c5-c98a-4452-a348-a8e522105d7e",
          "AttributeName": "L6",
          "Dimension": "Item",
          "DimensionId": 530852,
          "IsFilter": true,
          "Axis": "none",
          "IsDefault": true,
          "AllSelection": true,
          "SelectedMembers": [],
          "Name": "L6",
          "DimensionName": "Item",
          "OverrideFavSelection": false,
          "CurrencyFilter": false,
          "IsSingleSelect": false,
          "MemberFilterExpression": "",
          "DefaultValueExpression": "",
          "WorksheetLevelFilter": false,
          "SortBy": "",
          "SortOrder": "",
          "IsNarrowYourSelection": false,
          "Position": 50
        },
        {
          "Id": "34cfdce9-0f48-48a9-8f87-aa12ac5ae0cf",
          "AttributeName": "Channel",
          "Dimension": "Sales Domain",
          "DimensionId": 530849,
          "IsFilter": true,
          "Axis": "none",
          "IsDefault": true,
          "AllSelection": true,
          "SelectedMembers": [],
          "Name": "Channel",
          "DimensionName": "Sales Domain",
          "CurrencyFilter": false,
          "IsSingleSelect": false,
          "MemberFilterExpression": "",
          "DefaultValueExpression": "",
          "OverrideFavSelection": false,
          "WorksheetLevelFilter": false,
          "SortBy": "",
          "SortOrder": "",
          "IsNarrowYourSelection": false,
          "Position": 60
        },
        {
          "Id": "d00b8ae3-4077-4366-87b7-cf97749f44db",
          "AttributeName": "Location Country",
          "Dimension": "Location",
          "DimensionId": 530848,
          "IsFilter": true,
          "Axis": "none",
          "IsDefault": true,
          "AllSelection": true,
          "SelectedMembers": [],
          "Name": "Location Country",
          "DimensionName": "Location",
          "OverrideFavSelection": false,
          "CurrencyFilter": false,
          "IsSingleSelect": false,
          "MemberFilterExpression": "",
          "DefaultValueExpression": "",
          "WorksheetLevelFilter": false,
          "SortBy": "",
          "SortOrder": "",
          "IsNarrowYourSelection": false,
          "Position": 70
        },
        {
          "Id": "9c3b45ac-e578-4b7d-8bba-9b631bdb0b79",
          "AttributeName": "Location",
          "Dimension": "Location",
          "DimensionId": 530848,
          "IsFilter": true,
          "Axis": "none",
          "IsDefault": true,
          "AllSelection": true,
          "SelectedMembers": [],
          "Name": "Location",
          "DimensionName": "Location",
          "OverrideFavSelection": false,
          "CurrencyFilter": false,
          "IsSingleSelect": false,
          "MemberFilterExpression": "",
          "DefaultValueExpression": "",
          "WorksheetLevelFilter": false,
          "SortBy": "",
          "SortOrder": "",
          "IsNarrowYourSelection": false,
          "Position": 70
        },
        {
          "Id": "211b33d5-d91f-40ec-9668-20e0da2ae7b3",
          "AttributeName": "Version Name",
          "Dimension": "Version",
          "DimensionId": 530834,
          "IsFilter": true,
          "Axis": "none",
          "IsDefault": true,
          "AllSelection": false,
          "SelectedMembers": [
            {
              "Name": "CurrentWorkingView"
            }
          ],
          "Name": "Version Name",
          "DimensionName": "Version",
          "OverrideFavSelection": false,
          "IsSingleSelect": false,
          "MemberFilterExpression": "",
          "DefaultValueExpression": "",
          "WorksheetLevelFilter": false,
          "SortBy": "",
          "SortOrder": "",
          "IsNarrowYourSelection": false,
          "Position": 1310
        },
        {
          "Id": "d00b8ae3-4077-4366-87b7-cf97749f44db",
          "AttributeName": "Location Country",
          "Dimension": "Location",
          "EdgeDirection": null,
          "IsFilter": false,
          "Axis": "row",
          "IsDefault": true,
          "AllSelection": false,
          "SelectedMembers": [],
          "Name": "Location Country",
          "DimensionName": "Location",
          "ShortName": "",
          "XAxisSelectedMember": "",
          "SortBy": "",
          "SortOrder": ""
        }
      ],
      "PeggingAttributes": [],
      "FlowPlanAttributes": [],
      "NamedSets": [],
      "RegularMeasures": [
        {
          "Id": "5aeaced4-9e9a-47d8-b0d2-e8ca18e1c3c3",
          "Name": "Store TD Sales"
        },
        {
          "Id": "38a53c27-67c4-449a-82e3-28c350794f51",
          "Name": "Store TD Sales LY"
        }
      ],
      "TransientMeasures": [],
      "GraphRelations": [],
      "Folders": [],
      "AssociationMeasures": [
        {
          "MeasureFilterIBPLExpression": "",
          "MeasureFilterScope": "Post Filter"
        }
      ],
      "AssociationMeasureExpressions": [
        {
          "Expression": ""
        }
      ],
      "DataProperties": {
        "IncludeInactiveMembers": false,
        "IncludeNulls": false,
        "NullsForFinerGrainSelect": false,
        "NullsForUnrelatedAttrSelect": false,
        "SubTotalsType": "NoSubtotals",
        "IncludeNullsForSeries": "",
        "AssociationMeasureExpression": "",
        "MeasureValueFilters": ""
      },
      "FilterProperties": {
        "VersionDependentFilter": false,
        "ExcludeVersionInFavorite": false
      }
    }
  }
}