{
  "Name": "TD Top level Scenario Comparison Store",
  "WidgetDefinitionId": "cdf3a499-8ff3-443d-8575-8938486cb07d",
  "IsPrivate": false,
  "WidgetType": "o9.linechart",
  "ViewWidgetDefinition": null,
  "PageWidgetDefinition": null,
  "CreatedUserEmail": "shishupal.kumar@o9solutions.com",
  "ModifiedUserEmail": "karthik.alagesh@o9solutions.com",
  "Roles": null,
  "ConfigJson": {
    "Widget": {
      "Height": 550,
      "ActionButtons": []
    },
    "Presentation": {
      "FilterProperties": "",
      "Cumulative": "Enable",
      "EnableComparison": true,
      "EnableMultiVersionMultiMeasure": false,
      "Y1": {
        "Min": "",
        "Max": "",
        "Format": ""
      },
      "Y2": {
        "Min": "",
        "Max": "",
        "Format": ""
      },
      "XAxis": {
        "EnableSort": false,
        "SortDirection": "Descending",
        "SortLimit": "0"
      },
      "IsGraphReport": false,
      "IsMultiGraphReport": false,
      "LevelAttributes": [
        {
          "Id": "ed4df28f-92ef-4cd4-951e-9bde63603b44",
          "AttributeName": "Planning Quarter",
          "Dimension": "Time",
          "Axis": "row",
          "ShowInfo": {
            "ShowDetail": true,
            "ShowPulse": true,
            "ShowTask": true,
            "ShowMarketIntelligence": true
          },
          "IsDefault": true,
          "ShortName": "",
          "XAxisSelectedMember": ""
        }
      ],
      "MeasureCollections": [
        {
          "Measures": [
            {
              "Name": "LP Ttl Sls Rtl",
              "Id": "5aeaced4-9e9a-47d8-b0d2-e8ca18e1c3c3",
              "Visible": true,
              "Type": "Bar",
              "ShowPointLabel": true,
              "Color": "rgba(166, 202, 167, 1)",
              "ShowColorForNegVal": false,
              "Format": " ($0,000.0 a)",
              "ThresholdVal": 0,
              "ColorForNegVal": "",
              "ShowMarker": false,
              "MarkerInfo": [
                {
                  "MarkerColor": "",
                  "MarkerSize": 10,
                  "MarkerLineWidth": 3,
                  "MarkerStyle": "circle"
                }
              ],
              "ShowPopover": true,
              "OtherMeasures": [
                "5aeaced4-9e9a-47d8-b0d2-e8ca18e1c3c3"
              ],
              "ShowInfo": {
                "ShowDetail": true,
                "ShowPulse": true,
                "ShowTask": true,
                "ShowMarketIntelligence": true
              },
              "ChildMeasureCollections": null
            }
          ]
        },
        {
          "Measures": [
            {
              "Name": "LP Gross Margin Rtl",
              "Id": "dc645ee8-21b3-4e45-871e-b2d8dd4faccb",
              "Visible": true,
              "Type": "Bar",
              "ShowPointLabel": true,
              "Color": "rgba(46, 102, 214, 1)",
              "ShowColorForNegVal": false,
              "Format": "($0,000.0 a)",
              "ThresholdVal": 0,
              "ColorForNegVal": "",
              "ShowMarker": false,
              "MarkerInfo": [
                {
                  "MarkerColor": "",
                  "MarkerSize": 10,
                  "MarkerLineWidth": 3,
                  "MarkerStyle": "circle"
                }
              ],
              "ShowPopover": true,
              "OtherMeasures": [
                "dc645ee8-21b3-4e45-871e-b2d8dd4faccb"
              ],
              "ShowInfo": {
                "ShowDetail": true,
                "ShowPulse": true,
                "ShowTask": true,
                "ShowMarketIntelligence": true
              },
              "ChildMeasureCollections": null
            }
          ]
        },
        {
          "Measures": [
            {
              "Name": "LP Gross Margin %",
              "Id": "f1e0c433-d04a-49a5-9193-501638ad85f1",
              "Visible": false,
              "Type": "Bar",
              "ShowPointLabel": true,
              "Color": "",
              "ShowColorForNegVal": false,
              "Format": "",
              "ThresholdVal": 0,
              "ColorForNegVal": "",
              "ShowMarker": false,
              "MarkerInfo": [
                {
                  "MarkerColor": "",
                  "MarkerSize": 10,
                  "MarkerLineWidth": 3,
                  "MarkerStyle": "circle"
                }
              ],
              "ShowPopover": true,
              "OtherMeasures": [
                "f1e0c433-d04a-49a5-9193-501638ad85f1"
              ],
              "ShowInfo": {
                "ShowDetail": true,
                "ShowPulse": true,
                "ShowTask": true,
                "ShowMarketIntelligence": true
              },
              "ChildMeasureCollections": null
            }
          ]
        }
      ],
      "MeasureCollections2": [],
      "GraphRelations": [],
      "Folders": []
    }
  },
  "WidgetKeywordTags": [],
  "DimensionAttributeUsages": [],
  "WidgetModel": {
    "WidgetModelId": "8468d24b-060c-41d9-8532-5b3a1c4a6104",
    "ConfigJson": {
      "LevelAttributes": [
        {
          "Id": "3d422598-3d44-4f72-8064-770cb75be814",
          "AttributeName": "L5",
          "Dimension": "Item",
          "DimensionId": 892694,
          "IsFilter": true,
          "Axis": "none",
          "IsDefault": true,
          "AllSelection": true,
          "SelectedMembers": [],
          "Name": "L5",
          "DimensionName": "Item",
          "OverrideFavSelection": false,
          "CurrencyFilter": false,
          "IsSingleSelect": false,
          "MemberFilterExpression": "",
          "DefaultValueExpression": "",
          "WorksheetLevelFilter": false,
          "SortBy": "",
          "SortOrder": "",
          "IsNarrowYourSelection": false,
          "Position": 50
        },
        {
          "Id": "0c4d82ca-2fbe-c1e8-f6c5-51ffdcf84efc",
          "AttributeName": "Sales Planning Channel",
          "Dimension": "Sales Domain",
          "DimensionId": 892699,
          "IsFilter": true,
          "Axis": "none",
          "IsDefault": true,
          "AllSelection": true,
          "SelectedMembers": [],
          "Name": "Sales Planning Channel",
          "DimensionName": "Sales Domain",
          "Position": 60
        },
        {
          "Id": "d00b8ae3-4077-4366-87b7-cf97749f44db",
          "AttributeName": "Location Country",
          "Dimension": "Location",
          "DimensionId": 892701,
          "IsFilter": true,
          "Axis": "none",
          "IsDefault": true,
          "AllSelection": true,
          "SelectedMembers": [],
          "Name": "Location Country",
          "DimensionName": "Location",
          "CurrencyFilter": false,
          "IsSingleSelect": false,
          "MemberFilterExpression": "",
          "DefaultValueExpression": "",
          "OverrideFavSelection": false,
          "WorksheetLevelFilter": false,
          "SortBy": "",
          "SortOrder": "",
          "IsNarrowYourSelection": false,
          "Position": 70
        },
        {
          "Id": "211b33d5-d91f-40ec-9668-20e0da2ae7b3",
          "AttributeName": "Version Name",
          "Dimension": "Version",
          "DimensionId": 892683,
          "IsFilter": true,
          "Axis": "none",
          "IsDefault": true,
          "AllSelection": false,
          "SelectedMembers": [
            {
              "Name": "CurrentWorkingView"
            },
            {
              "Name": "Left Goal Post(LGP)"
            },
            {
              "Name": "Right Goal Post(RGP)"
            }
          ],
          "Name": "Version Name",
          "DimensionName": "Version",
          "OverrideFavSelection": false,
          "IsSingleSelect": false,
          "MemberFilterExpression": "",
          "DefaultValueExpression": "",
          "WorksheetLevelFilter": false,
          "SortBy": "",
          "SortOrder": "",
          "IsNarrowYourSelection": false,
          "Position": 100
        },
        
        {
          "Id": "ed4df28f-92ef-4cd4-951e-9bde63603b44",
          "AttributeName": "Planning Quarter",
          "Dimension": "Time",
          "DimensionId": 892691,
          "IsFilter": true,
          "Axis": "none",
          "IsDefault": true,
          "AllSelection": true,
          "SelectedMembers": [],
          "Name": "Planning Quarter",
          "DimensionName": "Time",
          "CurrencyFilter": false,
          "RangeSelection": false,
          "CalendarSelection": false,
          "RollingTime": false,
          "IsSingleSelect": false,
          "MemberFilterExpression": "",
          "DefaultValueExpression": "",
          "OverrideFavSelection": false,
          "WorksheetLevelFilter": false,
          "IsNarrowYourSelection": false,
          "Position": 290
        },
        {
          "Id": "ed4df28f-92ef-4cd4-951e-9bde63603b44",
          "AttributeName": "Planning Quarter",
          "Dimension": "Time",
          "IsFilter": false,
          "Axis": "row",
          "IsDefault": true,
          "AllSelection": false,
          "SelectedMembers": [],
          "Name": "Planning Quarter",
          "DimensionName": "Time",
          "ShortName": "",
          "XAxisSelectedMember": ""
        }
      ],
      "PeggingAttributes": [],
      "FlowPlanAttributes": [],
      "NamedSets": [],
      "RegularMeasures": [
        {
          "Id": "5aeaced4-9e9a-47d8-b0d2-e8ca18e1c3c3",
          "Name": "LP Ttl Sls Rtl"
        },
        {
          "Id": "dc645ee8-21b3-4e45-871e-b2d8dd4faccb",
          "Name": "LP Gross Margin Rtl"
        },
        {
          "Id": "f1e0c433-d04a-49a5-9193-501638ad85f1",
          "Name": "LP Gross Margin %"
        }
      ],
      "TransientMeasures": [],
      "GraphRelations": [],
      "Folders": [],
      "AssociationMeasures": [
        {
          "MeasureFilterIBPLExpression": "",
          "MeasureFilterScope": "Post Filter"
        }
      ],
      "AssociationMeasureExpressions": [
        {
          "Expression": ""
        }
      ],
      "DataProperties": {
        "IncludeInactiveMembers": false,
        "IncludeNulls": false,
        "NullsForFinerGrainSelect": false,
        "NullsForUnrelatedAttrSelect": false,
        "SubTotalsType": "NoSubtotals",
        "IncludeNullsForSeries": "",
        "AssociationMeasureExpression": "",
        "MeasureValueFilters": ""
      },
      "FilterProperties": {
        "VersionDependentFilter": false,
        "InterDependentMeasure": {},
        "ExcludeVersionInFavorite": false
      }
    }
  }
}