{
  "MeasureGroupName": "008 Space Units Input",
  "MeasureGroupId": "d4359a69-4c74-128a-a727-5a80e53487a6",
  "ParentMeasureGroupName": null,
  "HasShadow": false,
  "MeasureGroupDescription": "008 Space Units Input",
  "MeasureGroupType": "Regular",
  "FactTableName": "Fact008SpaceUnitsInput",
  "SchemaMajorVersion": 0,
  "ConfigJson": {},
  "ApiName": null,
  "Repartition": false,
  "Unpartition": false,
  "ApiEnabled": false,
  "DimensionUsages": [
    {
      "DimensionName": "Version",
      "AttributeName": "Version Name",
      "SortOrder": 0,
      "DimensionType": "Regular"
    },
    {
      "DimensionName": "Time",
      "AttributeName": "Week",
      "SortOrder": 0,
      "DimensionType": "Time"
    },
    {
      "DimensionName": "Item",
      "AttributeName": "L3",
      "SortOrder": 1,
      "DimensionType": "Regular"
    },
    {
      "DimensionName": "Location",
      "AttributeName": "Location",
      "SortOrder": 2,
      "DimensionType": "Regular"
    },
    {
      "DimensionName": "Cluster",
      "AttributeName": "Cluster",
      "SortOrder": 3,
      "DimensionType": "Regular"
    },
    {
      "DimensionName": "Selling Season",
      "AttributeName": "Selling Season",
      "SortOrder": 4,
      "DimensionType": "Regular"
    },
    {
      "DimensionName": "Sales Domain",
      "AttributeName": "Sales Planning Channel",
      "SortOrder": 5,
      "DimensionType": "Regular"
    }
  ]
}