{
  "MeasureName": "Region L4 Count",
  "MeasureId": "9ea9e8cb-9e68-4b20-a8a4-75f4b0f69111",
  "MeasureDescription": "Region L4 Count",
  "DataType": "number",
  "MeasureType": "Regular",
  "AggregateFunction": "Sum",
  "FormatString": "#,##0;(#,##0)",
  "MeasureColumnName": "RegionL4Count",
  "MeasureFormula": "0",
  "IsEditable": false,
  "ApplyConversion": false,
  "ConversionFormula": "",
  "PickListName": null,
  "BgColorFormula": "",
  "FgColorFormula": "",
  "TrendFormula": "",
  "FormattingViewModel": "[]",
  "ParentMeasureName": null,
  "AssociationMeasure": false,
  "IsComputedByPlanningService": false,
  "ToolTip": "",
  "ConfigJson": {},
  "ApiName": null,
  "ApiDisabled": false,
  "IsReportingMeasure": false,
  "MeasureConditionalFormulaProperties": [],
  "PicklistSource": null
}