{
  "Name": "AP60CreateLinePlan",
  "Description": "Create Line Plan",
  "ActionButtonId": "36e3cf6d-bed4-2cdc-0760-e43272a9249f",
  "Tooltip": "Create Line Plan",
  "ActionButtonType": "Rule",
  "Alignment": "right",
  "IsPopOver": true,
  "IsGlobal": false,
  "ActionClickHandler": null,
  "Icon": null,
  "Image": null,
  "ConfigJson": {
    "DisplayName": "Create Line Plan",
    "icon": "plus-square",
    "Position": "0",
    "SubmitButton": {
      "Label": "Submit"
    },
    "ResetButton": {
      "Label": "Reset"
    },
    "CloseButton": {
      "Label": "Close",
      "ConfirmMessage": "Unsaved changes will be lost. Continue?"
    },
    "NotifyRoles": false,
    "NotifyAll": false,
    "IBPLRules": [
      {
        "template": "exec procedure AP07CreatePAG {\"Version\": \"{{Version}}\", \"Class\": [{{#csv Class}}], \"SellingSeason\": [{{#csv SellingSeason}}] };"
      },
      {
        "template": "scope: (&CWVAndScenarios{{#filter Version}} * &APClasses{{#filter Class}} * &APCountries{{#filter Country}} * &APChannels{{#filter Channel}} * &APSellingSeasons{{#filter SellingSeason}} * [Process].[Process].[PAG Creation]) ;\nMeasure.[Line Plan Execution Status] = \"Successful\";\nEnd Scope;"
      },
      {
        "template": "exec procedure AP15CalculateRateOfSale {\"Version\": \"{{Version}}\", \"Class\": [{{#csv Class}}], \"Country\": [{{#csv Country}}], \"Channel\" : [{{#csv Channel}}], \"SellingSeason\": [{{#csv SellingSeason}}] ,\"Markdown\" : \"{{Markdown}}\", \"HistoricalPeriod\" : [{{#csv HistoricalPeriod}}], \"ProductSeason\" : [{{#csv ProductSeason}}], \"Execution\": {{Execution}}, \"userinputflag\": {{userinputflag}} };"
      },
      {
        "template": "scope: (&CWVAndScenarios{{#filter Version}} * &APClasses{{#filter Class}} * &APCountries{{#filter Country}} * &APChannels{{#filter Channel}} * &APSellingSeasons{{#filter SellingSeason}} * [Process].[Process].[ROS Calculation]) ;\nMeasure.[Line Plan Execution Status] = \"Successful\";\nEnd Scope;"
      },
      {
        "template": "exec procedure AP51SeedTargetAndCalculateOptions {\"Version\" : \"{{Version}}\", \"SellingSeason\": \"{{SellingSeason}}\" , \"Channel\" : [{{#csv Channel}}], \"Class\": [{{#csv Class}}], \"ProductAG\": [{{#csv ProductAG}}], \"Country\": [{{#csv Country}}], \"Cluster\": [{{#csv Cluster}}]};"
      },
      {
        "template": "exec procedure AP14CalculateOptionsPlan {\"Version\": \"{{Version}}\", \"Class\": [{{#csv Class}}], \"Country\": [{{#csv Country}}], \"Channel\" : [{{#csv Channel}}], \"SellingSeason\": \"{{SellingSeason}}\" , \"ProductAG\": [{{#csv ProductAG}}], \"Cluster\": [{{#csv Cluster}}]};"
      },
      {
        "template": "exec procedure AP30ApproveOptionsStrategy {\"Version\": \"{{Version}}\", \"Class\": [{{#csv Class}}], \"Country\": [{{#csv Country}}], \"Channel\" : [{{#csv Channel}}], \"SellingSeason\": \"{{SellingSeason}}\" , \"ProductAG\": [{{#csv ProductAG}}], \"Cluster\": [{{#csv Cluster}}]};"
      },
      {
        "template": "scope: (&CWVAndScenarios{{#filter Version}} * &APClasses{{#filter Class}} * &APCountries{{#filter Country}} * &APChannels{{#filter Channel}} * &APSellingSeasons{{#filter SellingSeason}} * [Process].[Process].[Assortment Strategy Approval]) ;\nMeasure.[Line Plan Execution Status] = \"Successful\";\nEnd Scope;"
      },
      {
        "template": "{{#if Override}}\nexec procedure AP17PopulateBenchmarks {\"Version\": \"{{Version}}\", \"Class\": [{{#csv Class}}], \"Country\": [{{#csv Country}}], \"Channel\" : [{{#csv Channel}}], \"ProductSeason\": [{{#csv ProductSeason}}], \"HistoricalPeriod\" : [{{#csv HistoricalPeriod}}], \"Execution\": {{Execution}} };\nexec procedure AP18RunHeatMap {\"Version\": \"{{Version}}\", \"Class\": [{{#csv Class}}], \"Country\": [{{#csv Country}}], \"Channel\" : [{{#csv Channel}}], \"ProductSeason\": [{{#csv ProductSeason}}]};\n{{#else}}\nexec procedure AP18RunHeatMap {\"Version\": \"{{Version}}\", \"Class\": [{{#csv Class}}], \"Country\": [{{#csv Country}}], \"Channel\" : [{{#csv Channel}}], \"ProductSeason\": [{{#csv ProductSeason}}]};\n{{/if}}"
      },
      {
        "template": "scope: (&CWVAndScenarios{{#filter Version}} * &APClasses{{#filter Class}} * &APCountries{{#filter Country}} * &APChannels{{#filter Channel}} * &APSellingSeasons{{#filter SellingSeason}} * [Process].[Process].[Repeat Recommendation]) ;\nMeasure.[Line Plan Execution Status] = \"Successful\";\nEnd Scope;"
      },
      {
        "template": "exec procedure AP49CreateBulkPlaceholders {\"Version\": \"{{Version}}\", \"ItemClass\":  [{{#csv Class}}], \"ItemProgram\": [{{#csv ItemProgram}}], \"ItemStyle\" : [{{#csv ItemStyle}}], \"SellingSeason\": \"{{SellingSeason}}\" , \"Prefix\": \"{{Prefix}}\", \"Channel\": [{{#csv Channel}}], \"Country\": [{{#csv Country}}], \"LikeSC\": \"{{LikeSC}}\", \"SourceSC\": \"{{SourceSC}}\", \"PlaceholderSuffix\": \"{{PlaceholderSuffix}}\",\"StyleColorGrain\": \"{{StyleColorGrain}}\" ,\"StyleGrain\": \"{{StyleGrain}}\",\"SeqDimPrefix\": \"{{SeqDimPrefix}}\",\"ItemConcurrencyGrain\": \"{{ItemConcurrencyGrain}}\",\n\"EmptyAttributeFillValue\": \"{{EmptyAttributeFillValue}}\",\"LBOptionsCompare\": \"{{LBOptionsCompare}}\",\"PAG\": [{{#csv PAG}}],\"RosOption\":\"{{RosOption}}\",\"PHSource\":\"{{PHSource}}\"};"
      },
      {
        "template": "scope: (&CWVAndScenarios{{#filter Version}} * &APClasses{{#filter Class}} * &APCountries{{#filter Country}} * &APChannels{{#filter Channel}} * &APSellingSeasons{{#filter SellingSeason}} * [Process].[Process].[Bulk PH Creation]) ;\nMeasure.[Line Plan Execution Status] = \"Successful\";\nEnd Scope;"
      }
    ],
    "JavascriptRules": [],
    "FieldBindings": [
      {
        "fieldName": "Version",
        "title": "Version",
        "Description": "Version",
        "type": "picklistDropdown",
        "selectionType": "single",
        "clearSearch": true,
        "source": "filter",
        "DimensionName": "Version",
        "LevelAttributeName": "Version Name",
        "visible": false,
        "isEditable": true,
        "validation": {
          "maxLength": "0",
          "required": true
        }
      },
      {
        "fieldName": "Class",
        "title": "Class",
        "Description": "Class",
        "type": "picklistDropdown",
        "clearSearch": true,
        "source": "parentAttribute",
        "DimensionName": "Item",
        "key": {
          "LevelAttribute": {
            "Name": "L3",
            "Property": "Name"
          }
        },
        "visible": true,
        "isEditable": true,
        "validation": {
          "maxLength": "0",
          "required": true
        },
        "selectionType": "multiple"
      },
      {
        "fieldName": "Country",
        "title": "Country",
        "Description": "Country",
        "type": "picklistDropdown",
        "selectionType": "multiple",
        "clearSearch": true,
        "source": "parentAttribute",
        "DimensionName": "Location",
        "key": {
          "LevelAttribute": {
            "Name": "Location Country",
            "Property": "Name"
          }
        },
        "visible": true,
        "isEditable": true,
        "validation": {
          "maxLength": "0",
          "required": true
        }
      },
      {
        "fieldName": "Channel",
        "title": "Channel",
        "Description": "Channel",
        "type": "picklistDropdown",
        "selectionType": "multiple",
        "clearSearch": true,
        "source": "parentAttribute",
        "DimensionName": "Sales Domain",
        "key": {
          "LevelAttribute": {
            "Name": "Sales Planning Channel",
            "Property": "Name"
          }
        },
        "visible": true,
        "isEditable": true,
        "validation": {
          "maxLength": "0",
          "required": true
        }
      },
      {
        "fieldName": "SellingSeason",
        "title": "Selling Season",
        "Description": "Selling Season",
        "type": "picklistDropdown",
        "selectionType": "single",
        "clearSearch": true,
        "source": "filter",
        "DimensionName": "Selling Season",
        "LevelAttributeName": "Selling Season",
        "visible": true,
        "isEditable": true,
        "validation": {
          "maxLength": "0",
          "required": true
        }
      },
      {
        "fieldName": "LBOptionsCompare",
        "title": "LBOptionsCompare",
        "Description": "LBOptionsCompare",
        "type": "string",
        "clearSearch": true,
        "source": "literal",
        "defaultValue": "YES",
        "visible": false,
        "isEditable": false,
        "validation": {
          "maxLength": "0",
          "required": true
        }
      },
      {
        "fieldName": "Markdown",
        "title": "Include Markdown Period for ROS Calculation",
        "Description": "Checked (Yes)",
        "type": "boolean",
        "selectionType": "single",
        "clearSearch": true,
        "source": "literal",
        "defaultValue": true,
        "visible": false,
        "isEditable": true,
        "validation": {
          "maxLength": "0",
          "required": true
        }
      },
      {
        "fieldName": "Override",
        "title": "Repopulate Benchmark",
        "Description": "If this is checked, benchmarks will not get recalculated.",
        "type": "boolean",
        "selectionType": "single",
        "clearSearch": true,
        "source": "literal",
        "defaultValue": true,
        "visible": false,
        "isEditable": true,
        "validation": {
          "maxLength": "0",
          "required": true
        }
      },
      {
        "fieldName": "Cluster",
        "title": "Cluster",
        "Description": "Cluster",
        "type": "picklistDropdown",
        "selectionType": "multiple",
        "clearSearch": true,
        "select": "ALL",
        "source": "members",
        "DimensionName": "Cluster",
        "LevelAttributeName": "Cluster",
        "FilterExpression": "&APClusters",
        "sortBy": "DisplayName",
        "sortOrder": "asc",
        "visible": false,
        "isEditable": true,
        "validation": {
          "maxLength": "0",
          "required": true
        }
      },
      {
        "fieldName": "ProductSeason",
        "title": "Product Season",
        "Description": "Product Season",
        "type": "picklist",
        "selectionType": "multiple",
        "clearSearch": true,
        "source": "parentMeasure",
        "key": {
          "Measure": {
            "Name": "Product Seasons"
          }
        },
        "visible": false,
        "isEditable": false,
        "validation": {
          "maxLength": "0",
          "required": true
        }
      },
      {
        "fieldName": "HistoricalPeriod",
        "title": "Historical Period",
        "Description": "Historical Period",
        "type": "picklist",
        "selectionType": "multiple",
        "clearSearch": true,
        "source": "parentMeasure",
        "key": {
          "Measure": {
            "Name": "Historical Period"
          }
        },
        "visible": false,
        "isEditable": false,
        "validation": {
          "maxLength": "0",
          "required": true
        }
      },
      {
        "fieldName": "ItemProgram",
        "title": "Program",
        "Description": "Item Sub-Class",
        "type": "picklistDropdown",
        "selectionType": "multiple",
        "clearSearch": true,
        "source": "datasource",
        "key": "SourceProgram",
        "valueField": "Name",
        "textField": "DisplayName",
        "overrideFieldBindingType": false,
        "visible": false,
        "isEditable": true,
        "cascadeFrom": "Class",
        "validation": {
          "maxLength": "0",
          "required": true
        }
      },
      {
        "fieldName": "ItemStyle",
        "title": "Style",
        "Description": "Style Name",
        "type": "picklistDropdown",
        "selectionType": "multiple",
        "clearSearch": true,
        "source": "datasource",
        "key": "SourceStyle",
        "valueField": "Name",
        "textField": "DisplayName",
        "overrideFieldBindingType": false,
        "visible": false,
        "isEditable": true,
        "cascadeFrom": "ItemProgram",
        "validation": {
          "maxLength": "0",
          "required": true
        }
      },
      {
        "fieldName": "Prefix",
        "title": "Prefix For Placeholder Name",
        "Description": "Prefix For Placeholder Name",
        "type": "string",
        "clearSearch": true,
        "source": "literal",
        "defaultValue": "PH-",
        "visible": false,
        "isEditable": false,
        "validation": {
          "maxLength": "0",
          "required": true
        }
      },
      {
        "fieldName": "LikeSC",
        "title": "Like Style Color?",
        "Description": "Like Style Color?",
        "type": "picklistDropdown",
        "selectionType": "single",
        "clearSearch": true,
        "source": "localPicklist",
        "values": [
          {
            "Key": "0",
            "Name": "No"
          }
        ],
        "valueField": "Name",
        "visible": false,
        "isEditable": true,
        "validation": {
          "maxLength": "0",
          "required": true
        }
      },
      {
        "fieldName": "SourceSC",
        "title": "Source Style Color",
        "Description": "Source Style Color",
        "type": "picklistDropdown",
        "selectionType": "single",
        "clearSearch": true,
        "select": "NONE",
        "source": "datasource",
        "key": "SourceSCDS",
        "valueField": "Name",
        "textField": "DisplayName",
        "overrideFieldBindingType": false,
        "visible": false,
        "isEditable": false,
        "cascadeFrom": "ItemStyle",
        "validation": {
          "maxLength": "0",
          "required": true
        }
      },
      {
        "fieldName": "SeqDimPrefix",
        "title": "SeqDimPrefix",
        "Description": "Prefix of the sequence dimension to be used in the creation of placeholders from heatmap",
        "type": "string",
        "clearSearch": true,
        "source": "literal",
        "defaultValue": "LPH-",
        "visible": false,
        "isEditable": false,
        "validation": {
          "maxLength": "0",
          "required": true
        }
      },
      {
        "fieldName": "ItemConcurrencyGrain",
        "title": "ItemConcurrencyGrain",
        "Description": "Item dimension grain to allow for concurrent creation of placeholders",
        "type": "string",
        "clearSearch": true,
        "source": "literal",
        "defaultValue": "Item.[L3]",
        "visible": false,
        "isEditable": false,
        "validation": {
          "maxLength": "0",
          "required": true
        }
      },
      {
        "fieldName": "EmptyAttributeFillValue",
        "title": "EmptyAttributeFillValue",
        "Description": "Member to be used to fill attributes which are empty",
        "type": "string",
        "clearSearch": true,
        "source": "literal",
        "defaultValue": "Undefined",
        "visible": false,
        "isEditable": false,
        "validation": {
          "maxLength": "0",
          "required": true
        }
      },
      {
        "fieldName": "PlaceholderSuffix",
        "title": "PlaceholderSuffix",
        "Description": "The string to be added to the end of the placeholder name",
        "type": "string",
        "clearSearch": true,
        "source": "literal",
        "defaultValue": "SC-",
        "visible": false,
        "isEditable": false,
        "validation": {
          "maxLength": "0",
          "required": true
        }
      },
      {
        "fieldName": "StyleColorGrain",
        "title": "StyleColorGrain",
        "Description": "The grain at which style colors are created",
        "type": "string",
        "clearSearch": true,
        "source": "literal",
        "defaultValue": "Item.[Planning Item]",
        "visible": false,
        "isEditable": false,
        "validation": {
          "maxLength": "0",
          "required": true
        }
      },
      {
        "fieldName": "StyleGrain",
        "title": "StyleGrain",
        "Description": "The grain at which styles are created",
        "type": "string",
        "clearSearch": true,
        "source": "literal",
        "defaultValue": "Item.[L1]",
        "visible": false,
        "isEditable": false,
        "validation": {
          "maxLength": "0",
          "required": true
        }
      },
      {
        "fieldName": "RosOption",
        "title": "RosOption",
        "type": "string",
        "clearSearch": true,
        "source": "literal",
        "defaultValue": "PAG ROS",
        "visible": false,
        "isEditable": true,
        "validation": {
          "maxLength": "0",
          "required": true
        }
      },
      {
        "fieldName": "PHSource",
        "title": "PHSource",
        "type": "string",
        "clearSearch": true,
        "source": "literal",
        "defaultValue": "Bulk",
        "visible": false,
        "isEditable": true,
        "validation": {
          "maxLength": "0",
          "required": true
        }
      },
      {
        "fieldName": "ProductAG",
        "title": "Product Attribute Group",
        "Description": "Product Attribute Group",
        "type": "picklistDropdown",
        "selectionType": "multiple",
        "clearSearch": true,
        "select": "ALL",
        "source": "members",
        "DimensionName": "Product Attribute Group",
        "LevelAttributeName": "Product Attribute Group",
        "FilterExpression": "&APProductAttributes",
        "sortBy": "Key",
        "sortOrder": "asc",
        "visible": false,
        "isEditable": true,
        "validation": {
          "maxLength": "0",
          "required": true
        }
      },
      {
        "fieldName": "PAG",
        "title": "PAG",
        "Description": "PAG",
        "type": "picklistDropdown",
        "selectionType": "multiple",
        "clearSearch": true,
        "select": "ALL",
        "source": "members",
        "DimensionName": "Product Attribute Group",
        "LevelAttributeName": "Product Attribute Group",
        "FilterExpression": "&APProductAttributes",
        "sortBy": "Key",
        "sortOrder": "asc",
        "visible": false,
        "isEditable": true,
        "validation": {
          "maxLength": "0",
          "required": true
        }
      },
      {
        "fieldName": "ItemClass",
        "title": "Class",
        "Description": "Item Class",
        "type": "picklistDropdown",
        "selectionType": "multiple",
        "clearSearch": true,
        "source": "parentAttribute",
        "DimensionName": "Item",
        "key": {
          "LevelAttribute": {
            "Name": "L3",
            "Property": "Name"
          }
        },
        "visible": false,
        "isEditable": false,
        "validation": {
          "maxLength": "0",
          "required": true
        }
      },
      {
        "fieldName": "Execution",
        "title": "Execution Mode",
        "type": "boolean",
        "clearSearch": true,
        "source": "localPicklist",
        "values": [
          {
            "Key": true,
            "Name": "Medium Weight"
          },
          {
            "Key": false,
            "Name": "Heavy Weight"
          }
        ],
        "visible": false,
        "isEditable": true,
        "validation": {
          "maxLength": "0",
          "required": true
        },
        "defaultValue": false
      },
      {
        "fieldName": "userinputflag",
        "title": "userinputflag",
        "type": "boolean",
        "clearSearch": true,
        "source": "literal",
        "defaultValue": true,
        "visible": false,
        "isEditable": true,
        "validation": {
          "maxLength": "0",
          "required": true
        }
      }
    ],
    "Range": [],
    "DataSources": [
      {
        "Name": "Historical",
        "IBPLRules": [
          {
            "template": "Select (&CWVAndScenarios{{#filter Version}}  *  &APClasses{{#filter Class}} * &APCountries{{#filter Country}} * &APChannels{{#filter Channel}} * &APSellingSeasons{{#filter SellingSeason}}) on row, \n({Measure.[Historical Period]}) on column;"
          }
        ],
        "JavascriptRules": [],
        "IncludeDSFieldsOnly": false,
        "FieldBindings": []
      },
      {
        "Name": "Historicals",
        "IBPLRules": [
          {
            "template": "Select (&CWVAndScenarios{{#filter Version}} * &AllPastPlanningMonths * &APClasses{{#filter Class}} * &APCountries{{#filter Country}} * &APChannels{{#filter Channel}} * &APSellingSeasons{{#filter ProductSeason}} ) on row, \n({Measure.[Sales Units Actuals]}) on column;"
          }
        ],
        "JavascriptRules": [],
        "IncludeDSFieldsOnly": false,
        "FieldBindings": []
      },
      {
        "Name": "SourceProgram",
        "IBPLRules": [
          {
            "template": "select &APClasses{{#filter Class}}.relatedmembers([L2]);"
          }
        ],
        "JavascriptRules": [],
        "IncludeDSFieldsOnly": false,
        "FieldBindings": []
      },
      {
        "Name": "SourceStyle",
        "IBPLRules": [
          {
            "template": "select [Item].[L2]{{#filter ItemProgram}}.relatedmembers([L1]);"
          }
        ],
        "JavascriptRules": [],
        "IncludeDSFieldsOnly": false,
        "FieldBindings": []
      },
      {
        "Name": "SourceSCDS",
        "IBPLRules": [
          {
            "template": "select [Item].[L2]{{#filter ItemProgram}}.relatedmembers([Planning Item]);"
          }
        ],
        "JavascriptRules": [],
        "IncludeDSFieldsOnly": false,
        "FieldBindings": []
      }
    ],
    "AutoExecute": false,
    "isAsync": true,
    "hasMembersUpdates": false,
    "Compact": false,
    "TwoColumn": false,
    "IsGlobalForExcelAddIn": false,
    "ExcludeFromNavLink": false,
    "FilterFieldBindings": []
  },
  "Widget": null,
  "Roles": []
}