{
  "Name": "SeedTDPlan",
  "Description": null,
  "ActionButtonId": "a0bd34e6-12a8-4bad-bbe2-9ffe28c29145",
  "Tooltip": "Seed Top Down Plan",
  "ActionButtonType": "Widget",
  "Alignment": "right",
  "IsPopOver": true,
  "IsGlobal": true,
  "ActionClickHandler": null,
  "Icon": null,
  "Image": null,
  "ConfigJson": {
    "DisplayName": "Seed Plan",
    "icon": "arrow-circle-o-right",
    "SubmitButton": {
      "Label": "Submit"
    },
    "ResetButton": {
      "Label": "Reset"
    },
    "CloseButton": {
      "Label": "Close",
      "ConfirmMessage": "Unsaved changes will be lost. Continue?"
    },
    "NotifyAll": false,
    "IBPLRules": [],
    "JavascriptRules": [
      {
        "modulename": "o9.referencemodelretailmfp.SeedTD",
        "functionname": "SeedTD"
      }
    ],
    "FieldBindings": [
      {
        "fieldName": "Version",
        "title": "Version",
        "source": "filter",
        "type": "picklistDropdown",
        "key": "LA-Version",
        "visible": true,
        "isEditable": false,
        "validation": {
          "required": true,
          "maxLength": "0"
        },
        "DimensionName": "Version",
        "LevelAttributeName": "Version Name",
        "clearSearch": true,
        "selectionType": "single"
      },
      {
        "fieldName": "Select",
        "title": "Select Seed Source",
        "Description": "Select Seed Source",
        "type": "picklistDropdown",
        "selectionType": "single",
        "clearSearch": true,
        "source": "localPicklist",
        "values": [
          {
            "Key": "1",
            "Name": "LY"
          },
          {
            "Key": "2",
            "Name": "LLY"
          },
          {
            "Key": "3",
            "Name": "LLLY"
          },
          {
            "Key": "4",
            "Name": "LRP"
          },
          {
            "Key": "5",
            "Name": "Adj LY"
          },
          {
            "Key": "6",
            "Name": "Weighted"
          }
        ],
        "valueField": "Key",
        "visible": true,
        "isEditable": true,
        "validation": {
          "maxLength": "0",
          "required": true
        }
      },
      {
        "fieldName": "Department",
        "title": "Department",
        "Description": "Department",
        "type": "picklistDropdown",
        "selectionType": "multiple",
        "clearSearch": true,
        "source": "filter",
        "DimensionName": "Item",
        "LevelAttributeName": "L4",
        "visible": true,
        "isEditable": true,
        "validation": {
          "maxLength": "0",
          "required": true
        }
      },
      {
        "fieldName": "Channel",
        "title": "Channel",
        "Description": "Channel",
        "type": "picklistDropdown",
        "clearSearch": true,
        "source": "filter",
        "DimensionName": "Sales Domain",
        "LevelAttributeName": "Sales Planning Channel",
        "visible": true,
        "isEditable": true,
        "validation": {
          "maxLength": "0",
          "required": true
        }
      },
      {
        "fieldName": "Market",
        "title": "Market",
        "Description": "Market",
        "type": "picklistDropdown",
        "clearSearch": true,
        "source": "filter",
        "DimensionName": "Location",
        "LevelAttributeName": "Location Country",
        "visible": true,
        "isEditable": true,
        "validation": {
          "maxLength": "0",
          "required": true
        }
      },
      {
        "fieldName": "Quarter",
        "title": "Quarter",
        "Description": "Quarter",
        "type": "picklistDropdown",
        "clearSearch": true,
        "source": "filter",
        "DimensionName": "Time",
        "LevelAttributeName": "Planning Quarter",
        "visible": true,
        "isEditable": true,
        "validation": {
          "maxLength": "0",
          "required": true
        }
      },
      {
        "fieldName": "SellingSeason",
        "title": "Selling Season",
        "Description": "Selling Season",
        "type": "picklistDropdown",
        "selectionType": "multiple",
        "clearSearch": true,
        "source": "filter",
        "DimensionName": "Selling Season",
        "LevelAttributeName": "Selling Season",
        "visible": true,
        "isEditable": true,
        "validation": {
          "maxLength": "0",
          "required": true
        }
      }
    ],
    "Range": [],
    "DataSources": [],
    "AutoExecute": false,
    "isAsync": true,
    "hasMembersUpdates": false,
    "Compact": false,
    "TwoColumn": false,
    "IsGlobalForExcelAddIn": false,
    "enableTransaction": false,
    "ReturnFilterByUpdate": false,
    "ExcludeFromNavLink": false,
    "FilterFieldBindings": []
  },
  "Widget": null,
  "Roles": []
}