{
  "Name": "Allocation NAN Cluster Inputs",
  "WidgetDefinitionName": "Allocation NAN Cluster Inputs",
  "IsPrimary": true,
  "ConfigJson": {
    "ContainerId": "bf2cce6a-52d7-44a9-8ea1-b2c9749f58c0",
    "CompositeContainerId": null,
    "Position": 0,
    "ShowInfoContext": {
      "ActionColumn": true,
      "RowInfo": true,
      "MemberInfo": true
    },
    "ShowHeader": {
      "Icon": "",
      "Color": null
    },
    "FilterSharings": [
      {
        "LevelAttribute": {
          "Dimension": "Version",
          "AttributeName": "Version Name"
        },
        "DisableSelection": false
      }
    ]
  },
  "ViewWidgetDefinitionId": "67760dd7-f82b-8558-daa6-4b362e61e6f2",
  "Title": "Cluster Inputs"
}