{
  "DimensionId": "a9b61ca2-94c0-de59-9236-4ba542418836",
  "DimensionName": "Outbound Connection Parameter",
  "DimensionTableName": "DimOutboundConnectionParameter",
  "DimensionType": "Regular",
  "DimensionKeyColumnName": "OutboundConnectionParameterKey",
  "DimensionDescription": "Outbound Connection Parameter",
  "Modifiable": false,
  "LockFree": false,
  "IsReservedBySystem": false,
  "ConfigJson": {
    "Position": -560
  },
  "ApiName": null,
  "ApiEnabled": false,
  "Translation": null,
  "Aliases": []
}