{
  "AttributeName": "Class Group",
  "AttributeId": "cf205f74-5f87-48a6-ab05-f64d04ee41ea",
  "AttributeHierarchyEnabled": true,
  "IsKey": false,
  "Description": "Class Group",
  "OrderBy": "Name",
  "KeyColumnName": "ClassGroupKey",
  "NameColumnName": "ClassGroupName",
  "KeyColumnDataType": "integer",
  "SeedTags": true,
  "KeyGenerationType": "Auto",
  "PickListName": null,
  "ConfigJson": {},
  "FormatString": null,
  "Translation": null,
  "Aliases": [],
  "ApiName": null,
  "ApiDisabled": false
}