{
  "Name": "APIConnectorToSAP",
  "Description": null,
  "ActionButtonId": "ec8d495f-a0c0-6ffa-d2a3-9700f8d830fc",
  "Tooltip": "Update SAP Po",
  "ActionButtonType": "Widget",
  "Alignment": "right",
  "IsPopOver": true,
  "IsGlobal": true,
  "ActionClickHandler": null,
  "Icon": null,
  "Image": null,
  "ConfigJson": {
    "DisplayName": "Update SAP Po",
    "icon": "arrows-h",
    "SubmitButton": {
      "Label": "Submit"
    },
    "ResetButton": {
      "Label": "Reset"
    },
    "CloseButton": {
      "Label": "Close",
      "ConfirmMessage": "Unsaved changes will be lost. Continue?"
    },
    "NotifyAll": false,
    "IBPLRules": [
      {
        "template": "EXEC plugin instance [APIConnectorToSAPPO] for measures {[PO Detail Status]} using scope ([Version].[Version Name].filter(#.Name in {\"CurrentWorkingView\"}) *[Documents].[OrderID]{{#filter HeaderID}}) ;"
      }
    ],
    "JavascriptRules": [],
    "FieldBindings": [
      {
        "fieldName": "HeaderID",
        "title": "HeaderID",
        "Description": "HeaderID",
        "type": "picklist",
        "selectionType": "multiple",
        "clearSearch": true,
        "source": "parentAttribute",
        "DimensionName": "Documents",
        "key": {
          "LevelAttribute": {
            "Name": "OrderID",
            "Property": "Name"
          }
        },
        "visible": true,
        "isEditable": true,
        "validation": {
          "maxLength": "0",
          "required": true
        }
      }
    ],
    "DataSources": [],
    "AutoExecute": false,
    "isAsync": true,
    "hasMembersUpdates": false,
    "Compact": false,
    "TwoColumn": false,
    "IsGlobalForExcelAddIn": false,
    "ReturnFilterByUpdate": false,
    "FilterFieldBindings": []
  },
  "Widget": null
}