{
  "Name": "SupplyPlan601DDemandDueDateOverride",
  "Description": "Daily Demand Due Date Override",
  "ActionButtonId": "dd0a3e3f-8fb0-8417-930f-ce8622d75e41",
  "Tooltip": "Demand Due Date Override",
  "ActionButtonType": "Rule",
  "Alignment": "right",
  "IsPopOver": true,
  "IsGlobal": false,
  "ActionClickHandler": null,
  "Icon": null,
  "Image": null,
  "ConfigJson": {
    "icon": "calendar",
    "Position": "0",
    "SubmitButton": {
      "Label": "Submit"
    },
    "ResetButton": {
      "Label": "Reset"
    },
    "CloseButton": {
      "Label": "Close",
      "ConfirmMessage": "Unsaved changes will be lost. Continue?"
    },
    "NotifyAll": false,
    "IBPLRules": [
      {
        "template": "\nEXEC plugin instance [SupplyPlan601DDemandDueDateUpdate] for measures {[D Demand Priority], [D Demand Quantity]} using scope ([Version].[Version Name].filter(#.Name in { \"{{Version}}\"}) * [Demand Type].[Demand Type] * [Demand].[DemandID] * [Location].[Location] * [Sales Domain].[Customer Group] * [Time].[Day] * [Item].[Item]) using arguments { ([MaxSliceTableCells], 150000000),([MaxMessageLength], 5000000),(ExecutionMode, \"MediumWeight\"),([op_priority],\"{{DemandPriority}}\"), ([op_bal],\"{{DemandBuildAheadLimit}}\"),([op_bll],\"{{DemandBuildLateLimit}}\")};\n\n{{#if PriortisationFlag}}\n\nexec procedure DemandPrioritizationDaily {\"Version\" : \"{{Version}}\"};\n\n{{/if}}\n"
      }
    ],
    "JavascriptRules": [],
    "FieldBindings": [
      {
        "fieldName": "Version",
        "title": "Version",
        "Description": "Version",
        "type": "picklistDropdown",
        "selectionType": "single",
        "clearSearch": true,
        "source": "filter",
        "DimensionName": "Version",
        "LevelAttributeName": "Version Name",
        "visible": true,
        "isEditable": true,
        "validation": {
          "maxLength": "0",
          "required": true
        }
      },
      {
        "fieldName": "DemandPriority",
        "title": "Demand Priority",
        "Description": "Selecting Demand Priority",
        "type": "dropdown",
        "selectionType": "single",
        "clearSearch": true,
        "select": "NONE",
        "source": "localPicklist",
        "values": [
          {
            "Key": "max",
            "Name": "max "
          },
          {
            "Key": "min",
            "Name": "min"
          }
        ],
        "valueField": "Key",
        "visible": true,
        "isEditable": true,
        "validation": {
          "maxLength": "0",
          "required": true
        }
      },
      {
        "fieldName": "DemandBuildAheadLimit",
        "title": "Demand Build Ahead Limit",
        "Description": "Selecting Min or Max BAL Limit",
        "type": "dropdown",
        "selectionType": "single",
        "clearSearch": true,
        "select": "NONE",
        "source": "localPicklist",
        "values": [
          {
            "Key": "max",
            "Name": "max"
          },
          {
            "Key": "min",
            "Name": "min"
          }
        ],
        "visible": true,
        "isEditable": true,
        "validation": {
          "maxLength": "0",
          "required": true
        }
      },
      {
        "fieldName": "DemandBuildLateLimit",
        "title": "Demand Build Late Limit",
        "Description": "Selecting Min or Max BLL Limit",
        "type": "dropdown",
        "selectionType": "single",
        "clearSearch": true,
        "select": "NONE",
        "source": "localPicklist",
        "values": [
          {
            "Key": "max",
            "Name": "max"
          },
          {
            "Key": "min",
            "Name": "min"
          }
        ],
        "visible": true,
        "isEditable": true,
        "validation": {
          "maxLength": "0",
          "required": true
        }
      },
      {
        "fieldName": "PriortisationFlag",
        "title": "Re-run Daily Demand Priortisation",
        "Description": "Priortisation",
        "type": "boolean",
        "clearSearch": true,
        "source": "literal",
        "defaultValue": false,
        "visible": true,
        "isEditable": true,
        "validation": {
          "maxLength": "0",
          "required": true
        }
      }
    ],
    "Range": [],
    "DataSources": [],
    "AutoExecute": false,
    "isAsync": false,
    "hasMembersUpdates": false,
    "Compact": false,
    "TwoColumn": false,
    "IsGlobalForExcelAddIn": false,
    "ExcludeFromNavLink": false,
    "FilterFieldBindings": []
  },
  "Widget": null,
  "Roles": []
}