{
  "Name": "NexprimeAddFixedPlan",
  "Description": "Add Fixed Plan",
  "ActionButtonId": "8952ef23-045e-edd7-d9c3-545f80eb1cf5",
  "Tooltip": "Add Fixed Plan",
  "ActionButtonType": "Rule",
  "Alignment": "right",
  "IsPopOver": true,
  "IsGlobal": false,
  "ActionClickHandler": null,
  "Icon": null,
  "Image": null,
  "ConfigJson": {
    "icon": "plus-square",
    "Position": "0",
    "SubmitButton": {
      "Label": "Submit"
    },
    "ResetButton": {
      "Label": "Reset"
    },
    "CloseButton": {
      "Label": "Close",
      "ConfirmMessage": "Unsaved changes will be lost. Continue?"
    },
    "NotifyAll": false,
    "IBPLRules": [
      {
        "template": "CREATEMEMBER([Documents].[All Documents]={,\"All\"}, [Documents].[Document Type]={,\"Nexprime Fixed Plan\"}, [Documents].[Ext ASNID]={,\"Nexprime Fixed Plan\"}, [Documents].[Ext Line CommitID]={,\"Nexprime Fixed Plan\"}, [Documents].[Ext LineID]={,\"Nexprime Fixed Plan\"}, [Documents].[Ext LoadID]={,\"Nexprime Fixed Plan\"}, [Documents].[Ext ShipmentID]={,\"Nexprime Fixed Plan\"}, [Documents].[OrderID]={,\"Nexprime Fixed Plan\"}, [Documents].[Orderline RequestID]={,\"Nexprime Fixed Plan\"}, [Documents].[OrderlineID]={,\"{{TransactionID}}\"});"
      },
      {
        "template": "cartesian scope:([Documents].[OrderlineID].[{{TransactionID}}] * [Version].[Version Name].[{{Version}}] * [Activity1].[Activity1].[{{Activity1}}] * [Activity2].[Activity2].[{{Activity2}}] * [Activity3].[Activity3].[{{Activity3}}]);\nMeasure.[D Fixed Plan Quantity Override]={{Quantity}};\nend scope;"
      },
      {
        "template": "cartesian scope: ([Version].[Version Name].[{{Version}}] * [Activity1].[Activity1].[{{Activity1}}] * [Activity2].[Activity2].[{{Activity2}}] * [Activity3].[Activity3].[{{Activity3}}]);\nMeasure.[D Activity Changed Nodes] = 1;\nend scope;"
      }
    ],
    "JavascriptRules": [],
    "FieldBindings": [
      {
        "fieldName": "Version",
        "title": "Version",
        "Description": "Version ",
        "type": "picklistDropdown",
        "selectionType": "single",
        "clearSearch": true,
        "source": "filter",
        "DimensionName": "Version",
        "LevelAttributeName": "Version Name",
        "visible": true,
        "isEditable": false,
        "validation": {
          "maxLength": "0",
          "required": true
        }
      },
      {
        "fieldName": "TransactionID",
        "title": "TransactionID",
        "type": "string",
        "clearSearch": true,
        "source": "literal",
        "defaultValue": "Fixed_Plan_01",
        "visible": true,
        "isEditable": true,
        "validation": {
          "maxLength": "0",
          "required": true
        }
      },
      {
        "fieldName": "Activity1",
        "title": "BOM or Lane",
        "Description": "BOM or Lane",
        "type": "picklistDropdown",
        "selectionType": "single",
        "clearSearch": true,
        "select": "NONE",
        "source": "members",
        "DimensionName": "Activity1",
        "LevelAttributeName": "Activity1",
        "visible": true,
        "isEditable": true,
        "validation": {
          "maxLength": "0",
          "required": true
        }
      },
      {
        "fieldName": "Activity2",
        "title": "Routing or Transmode",
        "type": "picklistDropdown",
        "selectionType": "single",
        "clearSearch": true,
        "source": "datasource",
        "key": "Activity2DS",
        "valueField": "Name",
        "textField": "Name",
        "visible": true,
        "isEditable": true,
        "validation": {
          "maxLength": "0",
          "required": true
        },
        "overrideFieldBindingType": false,
        "Description": "Routing or Transmode",
        "cascadeFrom": "Activity1"
      },
      {
        "fieldName": "Activity3",
        "title": "Produced Item",
        "Description": "Produced Item",
        "type": "picklistDropdown",
        "selectionType": "single",
        "clearSearch": true,
        "source": "datasource",
        "key": "Activity3DS",
        "valueField": "Name",
        "textField": "Name",
        "overrideFieldBindingType": false,
        "visible": true,
        "isEditable": true,
        "validation": {
          "maxLength": "0",
          "required": true
        },
        "cascadeFrom": "Activity2"
      },
      {
        "fieldName": "Quantity",
        "title": "Quantity",
        "Description": "Quantity",
        "type": "number",
        "selectionType": "single",
        "clearSearch": true,
        "source": "literal",
        "visible": true,
        "isEditable": true,
        "validation": {
          "maxLength": "0",
          "required": true
        }
      }
    ],
    "Range": [],
    "DataSources": [
      {
        "Name": "Activity2DS",
        "IBPLRules": [
          {
            "template": "select (Activity2.[Activity2]) where {[Version].[Version Name].[{{Version}}], [Activity1].[Activity1].[{{Activity1}}],Measure.[D Activity Segment Number By Sequence ID]>=0};"
          }
        ],
        "JavascriptRules": [],
        "IncludeDSFieldsOnly": false,
        "FieldBindings": []
      },
      {
        "Name": "Activity3DS",
        "IBPLRules": [
          {
            "template": "select (Activity3.[Activity3]) where {[Version].[Version Name]{{#filter Version}}, [Activity1].[Activity1]{{#filter Activity1}}, [Activity2].[Activity2]{{#filter Activity2}},Measure.[D Activity Segment Number By Sequence ID]>=0};"
          }
        ],
        "JavascriptRules": [],
        "IncludeDSFieldsOnly": false,
        "FieldBindings": []
      }
    ],
    "AutoExecute": false,
    "isAsync": true,
    "hasMembersUpdates": true,
    "Compact": false,
    "TwoColumn": true,
    "IsGlobalForExcelAddIn": false,
    "enableTransaction": false,
    "ExcludeFromNavLink": false,
    "FilterFieldBindings": []
  },
  "Widget": null,
  "Roles": []
}