{
  "AttributeName": "ShipmentLineID",
  "AttributeId": "ba3a660d-fd32-4156-920a-019d40015d4a",
  "AttributeHierarchyEnabled": true,
  "IsKey": false,
  "Description": "ShipmentLineID",
  "OrderBy": "Name",
  "KeyColumnName": "ShipmentLineIDKey",
  "NameColumnName": "ShipmentLineIDName",
  "KeyColumnDataType": "integer",
  "SeedTags": false,
  "KeyGenerationType": "Auto",
  "PickListName": null,
  "ConfigJson": {
    "ShowFilterAs": "TileView",
    "MemberDisplayNameEditable": true,
    "IsMultipleImage": false,
    "MemberDisplayColor": false
  },
  "FormatString": null,
  "Translation": null,
  "Aliases": [],
  "ApiName": null,
  "ApiDisabled": false,
  "FgColorFormula": null,
  "BgColorFormula": null,
  "IsReservedBySystem": false
}