{
  "Name": "SalesCorrection",
  "Description": "Historical Sales Data Correction",
  "ActionButtonId": "48d1e1f4-a53a-5328-b377-a950b57519bd",
  "Tooltip": "Historical Sales Data Correction",
  "ActionButtonType": "Rule",
  "Alignment": "right",
  "IsPopOver": true,
  "IsGlobal": false,
  "ActionClickHandler": null,
  "Icon": null,
  "Image": null,
  "ConfigJson": {
    "DisplayName": "Sales Correction",
    "icon": "pencil-square",
    "Position": "0",
    "SubmitButton": {
      "Label": "Submit"
    },
    "ResetButton": {
      "Label": "Reset"
    },
    "CloseButton": {
      "Label": "Close",
      "ConfirmMessage": "Unsaved changes will be lost. Continue?"
    },
    "NotifyAll": false,
    "IBPLRules": [
      {
        "template": "exec procedure [SalesCorrection] {\"Version\":\"{{Version}}\",\"Department\":[{{#csv Department}}],\"Stores\":[{{#csv Stores}}],\"Channel\":[{{#csv Channel}}],\"TimeHorizon\":\"{{TimeHorizon}}\" };\n"
      }
    ],
    "JavascriptRules": [],
    "FieldBindings": [
      {
        "fieldName": "Version",
        "title": "Version",
        "Description": "Version",
        "type": "picklistDropdown",
        "selectionType": "single",
        "clearSearch": true,
        "source": "filter",
        "DimensionName": "Version",
        "LevelAttributeName": "Version Name",
        "visible": true,
        "isEditable": true,
        "validation": {
          "maxLength": "0",
          "required": true
        }
      },
      {
        "fieldName": "Department",
        "title": "Department",
        "Description": "Department",
        "type": "picklistDropdown",
        "selectionType": "multiple",
        "clearSearch": true,
        "select": "ALL",
        "source": "members",
        "DimensionName": "Item",
        "LevelAttributeName": "L4",
        "sortBy": "DisplayName",
        "sortOrder": "asc",
        "visible": true,
        "isEditable": true,
        "validation": {
          "maxLength": "0",
          "required": true
        }
      },
      {
        "fieldName": "Channel",
        "title": "Channel",
        "Description": "Channel",
        "type": "picklistDropdown",
        "selectionType": "multiple",
        "clearSearch": true,
        "select": "ALL",
        "source": "members",
        "DimensionName": "Sales Domain",
        "LevelAttributeName": "Sales Planning Channel",
        "sortBy": "DisplayName",
        "sortOrder": "asc",
        "visible": true,
        "isEditable": true,
        "validation": {
          "maxLength": "0",
          "required": true
        },
        "FilterExpression": "&APChannels"
      },
      {
        "fieldName": "Stores",
        "title": "Stores",
        "Description": "Stores",
        "type": "picklistDropdown",
        "selectionType": "multiple",
        "clearSearch": true,
        "select": "ALL",
        "source": "members",
        "DimensionName": "Location",
        "LevelAttributeName": "Location",
        "sortBy": "DisplayName",
        "sortOrder": "asc",
        "visible": true,
        "isEditable": true,
        "validation": {
          "maxLength": "0",
          "required": true
        }
      },
      {
        "fieldName": "TimeHorizon",
        "title": "Time Horizon",
        "Description": "Time Horizon",
        "type": "picklistDropdown",
        "selectionType": "multiple",
        "clearSearch": true,
        "select": "ALL",
        "source": "picklist",
        "key": "Time Horizon Mapping",
        "visible": true,
        "isEditable": true,
        "validation": {
          "maxLength": "0",
          "required": true
        }
      }
    ],
    "Range": [],
    "DataSources": [],
    "AutoExecute": false,
    "isAsync": true,
    "hasMembersUpdates": false,
    "Compact": false,
    "TwoColumn": false,
    "IsGlobalForExcelAddIn": false,
    "enableTransaction": false,
    "ExcludeFromNavLink": false,
    "FilterFieldBindings": []
  },
  "Widget": null,
  "Roles": []
}