{
  "Override": [
    {
      "ViewName": "Cross Channel Transfer",
      "PageName": "Plan Sales",
      "WorkspaceName": "Class Plan-V3Migrated",
      "Position": 4,
      "ConfigBlockName": "o9 Retail MFP RMA Product Plan"
    },
    {
      "ViewName": "Sales Mix",
      "PageName": "Plan Sales",
      "WorkspaceName": "Class Plan-V3Migrated",
      "Position": 1,
      "ConfigBlockName": "o9 Retail MFP RMA Product Plan"
    },
    {
      "ViewName": "Plan Sales",
      "PageName": "Plan Sales",
      "WorkspaceName": "Class Plan-V3Migrated",
      "Position": 0,
      "ConfigBlockName": "o9 Retail MFP RMA Product Plan"
    },
    {
      "ViewName": "Gregorian Calendar",
      "PageName": "Plan Sales",
      "WorkspaceName": "Class Plan-V3Migrated",
      "Position": 2,
      "ConfigBlockName": "o9 Retail MFP RMA Product Plan"
    }
  ]
}