{
  "MeasureName": "D Demand Priority Plugin Output Rules Used Description",
  "MeasureId": "d8d41edc-3dc5-4f0f-bf7b-a678d3fb5121",
  "MeasureDescription": "Demand Priority Plugin Output Rules Used Description: Displays the text description for the specific rule that was applied in demand prioritization.",
  "DataType": "string",
  "MeasureType": "Regular",
  "AggregateFunction": "DistinctSum",
  "FormatString": "#",
  "MeasureColumnName": "DDemandPriorityPluginOutputRulesUsedDescription",
  "MeasureFormula": "",
  "IsEditable": false,
  "ApplyConversion": false,
  "ConversionFormula": "",
  "PickListName": null,
  "BgColorFormula": "",
  "FgColorFormula": "",
  "TrendFormula": "",
  "FormattingViewModel": "[]",
  "ParentMeasureName": null,
  "AssociationMeasure": false,
  "IsComputedByPlanningService": false,
  "ToolTip": "Demand Priority Plugin Output Rules Used Description: Displays the text description for the specific rule that was applied in demand prioritization.",
  "ConfigJson": {},
  "ApiName": null,
  "ApiDisabled": false,
  "IsReportingMeasure": false,
  "MeasureConditionalFormulaProperties": [],
  "PicklistSource": null
}