{
  "AttributeName": "All Item Image",
  "AttributeId": "8d9d7d31-12b8-4326-b81e-7f48548b0972",
  "AttributeHierarchyEnabled": false,
  "IsKey": false,
  "Description": "All Item Image",
  "OrderBy": "Key",
  "KeyColumnName": "AllItemImageKey",
  "NameColumnName": null,
  "KeyColumnDataType": "image",
  "SeedTags": false,
  "KeyGenerationType": null,
  "PickListName": null,
  "ConfigJson": {},
  "FormatString": null,
  "Translation": null,
  "Aliases": [],
  "ApiName": null,
  "ApiDisabled": false
}