{
  "MeasureGroupName": "005 Trade Spend Actual",
  "MeasureGroupId": "79b3b9a6-3b94-443b-b741-86faed4cde83",
  "ParentMeasureGroupName": null,
  "HasShadow": false,
  "MeasureGroupDescription": "Trade Spend Actuals",
  "MeasureGroupType": "Regular",
  "FactTableName": "Fact005TradeSpendActual",
  "SchemaMajorVersion": 0,
  "ConfigJson": {},
  "ApiName": null,
  "Repartition": false,
  "Unpartition": false,
  "ApiEnabled": false,
  "DimensionUsages": [
    {
      "DimensionName": "Version",
      "AttributeName": "Version Name",
      "SortOrder": 1,
      "DimensionType": "Regular"
    },
    {
      "DimensionName": "Item",
      "AttributeName": "Item",
      "SortOrder": 2,
      "DimensionType": "Regular"
    },
    {
      "DimensionName": "Account",
      "AttributeName": "Account",
      "SortOrder": 3,
      "DimensionType": "Regular"
    },
    {
      "DimensionName": "Channel",
      "AttributeName": "Channel",
      "SortOrder": 4,
      "DimensionType": "Regular"
    },
    {
      "DimensionName": "Region",
      "AttributeName": "Region",
      "SortOrder": 5,
      "DimensionType": "Regular"
    },
    {
      "DimensionName": "PnL",
      "AttributeName": "PnL",
      "SortOrder": 6,
      "DimensionType": "Regular"
    },
    {
      "DimensionName": "Location",
      "AttributeName": "Location",
      "SortOrder": 7,
      "DimensionType": "Regular"
    },
    {
      "DimensionName": "Demand Domain",
      "AttributeName": "Demand Domain",
      "SortOrder": 8,
      "DimensionType": "Regular"
    },
    {
      "DimensionName": "Time",
      "AttributeName": "Day",
      "SortOrder": 9,
      "DimensionType": "Time"
    }
  ]
}