{
  "HierarchyName": "Location Climate Hierarchy",
  "HierarchyId": "1b3d4971-f0cd-3797-8ff2-4b4f58291a69",
  "HierarchyDescription": "Location Climate Hierarchy",
  "Translations": null,
  "Levels": [
    {
      "LevelName": "LA7",
      "LevelId": "25f15620-3381-8d37-27c6-038a640bd5f9",
      "SourceAttributeName": "LA7",
      "LevelDescription": "LA7",
      "LevelPosition": 0,
      "Translations": null
    },
    {
      "LevelName": "Location",
      "LevelId": "3f7c32b8-a49e-d486-daad-227a1bdb472a",
      "SourceAttributeName": "Location",
      "LevelDescription": "Location from supply perspective. Consists of mainly manufacturing and distribution locations. Supplier locations are created in this dimension, based on supplier_location within Supplier dimension. ",
      "LevelPosition": 1,
      "Translations": null
    }
  ],
  "IsEnabled": true,
  "ErrorMessage": null
}