{
  "HierarchyName": "Location Classification Hierarchy",
  "HierarchyId": "fe5b8964-c4b4-be29-c049-71bc651ed66e",
  "HierarchyDescription": "Location Classification Hierarchy",
  "Translations": null,
  "Levels": [
    {
      "LevelName": "LA6",
      "LevelId": "eb1b39a1-9ad5-e96b-d35d-8fe1c88b4c90",
      "SourceAttributeName": "LA6",
      "LevelDescription": "LA6",
      "LevelPosition": 0,
      "Translations": null
    },
    {
      "LevelName": "Location",
      "LevelId": "5d2a5b9e-68d7-b4a8-5135-6b563388340e",
      "SourceAttributeName": "Location",
      "LevelDescription": "Location from supply perspective. Consists of mainly manufacturing and distribution locations. Supplier locations are created in this dimension, based on supplier_location within Supplier dimension. ",
      "LevelPosition": 1,
      "Translations": null
    }
  ],
  "IsEnabled": true,
  "ErrorMessage": null
}