{
  "Name": "DP009CreateStatMember",
  "Description": "Generate stat actuals",
  "ActionButtonId": "d30b8964-7750-8fe2-5336-c8b1fbebb91a",
  "Tooltip": "Generate stat actuals",
  "ActionButtonType": "Widget",
  "Alignment": "right",
  "IsPopOver": true,
  "IsGlobal": true,
  "ActionClickHandler": null,
  "Icon": null,
  "Image": null,
  "ConfigJson": {
    "DisplayName": "Stat Actuals ",
    "icon": "cog",
    "Validate": {
      "DataSource": {
        "IBPLRules": [],
        "JavascriptRules": [
          {
            "modulename": "o9.DemandPlanning.StatIterationValidation",
            "functionname": "validation"
          },
          {
            "modulename": "o9.DemandPlanning.ExistingMasterIterationValidation",
            "functionname": "validation"
          }
        ],
        "FieldBindings": [
          {
            "fieldName": "VersionName",
            "title": "Version Name",
            "Description": "Version Name",
            "type": "picklist",
            "selectionType": "single",
            "clearSearch": true,
            "source": "filter",
            "DimensionName": "Version",
            "LevelAttributeName": "Version Name",
            "visible": true,
            "isEditable": true,
            "validation": {
              "maxLength": "0",
              "required": true
            }
          },
          {
            "fieldName": "ForecastIteration",
            "title": "Forecast Iteration",
            "type": "picklist",
            "selectionType": "single",
            "clearSearch": true,
            "source": "parentAttribute",
            "DimensionName": "Forecast Iteration",
            "key": {
              "LevelAttribute": {
                "Name": "Forecast Iteration",
                "Property": "Name"
              }
            },
            "visible": true,
            "isEditable": true,
            "validation": {
              "maxLength": "0",
              "required": true
            }
          }
        ]
      }
    },
    "SubmitButton": {
      "Label": "Submit",
      "ProgressMessage": "Executing...",
      "SuccessMessage": "Successfully Executed.",
      "ErrorMessage": "Error in Execution.",
      "ConfirmMessage": "Are you sure you want to go ahead with the changes? You will not be able to make any changes to your iteration setup post this stage!"
    },
    "ResetButton": {
      "Label": "Reset"
    },
    "CloseButton": {
      "Label": "Close",
      "ConfirmMessage": "Unsaved changes will be lost. Continue?"
    },
    "NotifyAll": false,
    "IBPLRules": [],
    "JavascriptRules": [
      {
        "modulename": "o9.DemandPlanning.CreateStatMember",
        "functionname": "CreateStatData"
      }
    ],
    "FieldBindings": [
      {
        "fieldName": "Information",
        "title": "Information",
        "type": "info",
        "clearSearch": true,
        "source": "literal",
        "defaultValue": "Please click on \"Submit\" to create Stat Members for the Forecast Iteration",
        "visible": true,
        "isEditable": false,
        "validation": {
          "maxLength": "0",
          "required": true
        }
      },
      {
        "fieldName": "MediumWeight",
        "title": "Medium Weight",
        "Description": "Enable plugin run in Medium Weight execution mode (suitable for small scope).",
        "type": "boolean",
        "selectionType": "single",
        "clearSearch": true,
        "source": "literal",
        "defaultValue": false,
        "visible": true,
        "isEditable": true,
        "validation": {
          "maxLength": "0",
          "required": true
        }
      },
      {
        "fieldName": "VersionName",
        "title": "Version Name",
        "Description": "Version Name",
        "type": "picklist",
        "clearSearch": true,
        "source": "filter",
        "DimensionName": "Version",
        "LevelAttributeName": "Version Name",
        "visible": true,
        "isEditable": true,
        "validation": {
          "maxLength": "0",
          "required": true
        }
      },
      {
        "fieldName": "ForecastIterationType",
        "title": "Forecast Iteration Type",
        "Description": "Forecast Iteration Type",
        "type": "picklist",
        "selectionType": "single",
        "clearSearch": true,
        "source": "datasource",
        "key": "DSForecastIteationType",
        "valueField": "Forecast Iteration Type",
        "overrideFieldBindingType": false,
        "visible": false,
        "isEditable": true,
        "cascadeFrom": "ForecastIteration",
        "validation": {
          "maxLength": "0",
          "required": true
        }
      },
      {
        "fieldName": "ForecastIteration",
        "title": "Forecast Iteration",
        "Description": "Forecast Iteration",
        "type": "picklist",
        "selectionType": "single",
        "clearSearch": true,
        "source": "parentAttribute",
        "DimensionName": "Forecast Iteration",
        "key": {
          "LevelAttribute": {
            "Name": "Forecast Iteration",
            "Property": "Name"
          }
        },
        "visible": true,
        "isEditable": false,
        "validation": {
          "maxLength": "0",
          "required": true
        }
      },
      {
        "fieldName": "IsScopeLocked",
        "title": "Is Scope Locked",
        "type": "picklistDropdown",
        "selectionType": "single",
        "clearSearch": true,
        "source": "parentMeasure",
        "key": {
          "Measure": {
            "Name": "Is Scope Selected"
          }
        },
        "visible": false,
        "isEditable": false,
        "validation": {
          "maxLength": "0",
          "required": true
        }
      }
    ],
    "Range": [],
    "DataSources": [
      {
        "Name": "DSForecastIteration",
        "IBPLRules": [
          {
            "template": "\nSelect ([Forecast Iteration].[Forecast Iteration] * [Version].[Version Name]{{#filter VersionName}}*{Measure.[Is Scope Selected]}) where {Measure.[Is Scope Selected]==1};"
          }
        ],
        "JavascriptRules": [],
        "IncludeDSFieldsOnly": false,
        "FieldBindings": []
      },
      {
        "Name": "DSForecastIteationType",
        "IBPLRules": [
          {
            "template": "/*DSIterationType*/\n\nselect ([Forecast Iteration].[Forecast Iteration].[{{ForecastIteration}}] * [Forecast Iteration].[Forecast Iteration Type]);\n"
          }
        ],
        "JavascriptRules": [],
        "IncludeDSFieldsOnly": false,
        "FieldBindings": []
      }
    ],
    "AutoExecute": false,
    "isAsync": true,
    "hasMembersUpdates": true,
    "Compact": false,
    "TwoColumn": false,
    "IsGlobalForExcelAddIn": false,
    "enableTransaction": false,
    "ReturnFilterByUpdate": false,
    "ExcludeFromNavLink": false,
    "FilterFieldBindings": []
  },
  "Widget": null,
  "Roles": []
}