{
  "MeasureName": "Global Scenario Age Threshold",
  "MeasureId": "f0ad69bc-bdbf-444c-a501-ee31645c7f30",
  "MeasureDescription": "Threshold for the Global Scenario Age",
  "DataType": "integer",
  "MeasureType": "Regular",
  "AggregateFunction": "Sum",
  "FormatString": "#",
  "MeasureColumnName": "GlobalScenarioAgeThreshold",
  "MeasureFormula": "",
  "IsEditable": true,
  "ApplyConversion": false,
  "ConversionFormula": "",
  "PickListName": null,
  "BgColorFormula": "",
  "FgColorFormula": "",
  "TrendFormula": "",
  "FormattingViewModel": "[]",
  "ParentMeasureName": null,
  "AssociationMeasure": false,
  "IsComputedByPlanningService": false,
  "ToolTip": "Threshold for the Global Scenario Age",
  "ConfigJson": {},
  "ApiName": null,
  "ApiDisabled": false,
  "IsReportingMeasure": false,
  "MeasureConditionalFormulaProperties": [],
  "PicklistSource": null
}