{
  "Name": "o9EKGMaptoSampleData",
  "Description": "o9 AI Data Mapping",
  "ActionButtonId": "5deed4f4-a6a0-1e27-13ee-4d31da9cca98",
  "Tooltip": "Map sample data to ODM using o9 AI",
  "ActionButtonType": "Widget",
  "Alignment": "right",
  "IsPopOver": true,
  "IsGlobal": true,
  "ActionClickHandler": null,
  "Icon": null,
  "Image": null,
  "ConfigJson": {
    "DisplayName": "AI Mapping",
    "icon": "slack",
    "SubmitButton": {
      "Label": "Submit",
      "ProgressMessage": "Please look for a notification of completion. You will need to refresh the view."
    },
    "ResetButton": {
      "Label": "Reset"
    },
    "CloseButton": {
      "Label": "Close",
      "ConfirmMessage": "Unsaved changes will be lost. Continue?"
    },
    "NotifyAll": false,
    "IBPLRules": [
      {
        "template": "EXEC plugin instance [o9EKGRawDataMapping] for measures {[o9EKG Field Short Description]} using scope([Version].[Version Name].[{{Version}}] * [o9EKG Customer].[Project Name].[{{Project}}]) using arguments {(DriverMemory, \"2G\")};"
      }
    ],
    "JavascriptRules": [],
    "FieldBindings": [
      {
        "fieldName": "Project",
        "title": "Project",
        "Description": "Project",
        "type": "picklistDropdown",
        "selectionType": "single",
        "clearSearch": true,
        "source": "filter",
        "DimensionName": "o9EKG Customer",
        "LevelAttributeName": "Project Name",
        "visible": false,
        "isEditable": false,
        "validation": {
          "maxLength": "0",
          "required": true
        }
      },
      {
        "fieldName": "Version",
        "title": "Version",
        "Description": "Version",
        "type": "picklistDropdown",
        "selectionType": "single",
        "clearSearch": true,
        "source": "filter",
        "DimensionName": "Version",
        "LevelAttributeName": "Version Name",
        "visible": false,
        "isEditable": false,
        "validation": {
          "maxLength": "0",
          "required": true
        }
      },
      {
        "fieldName": "Info",
        "title": "Info",
        "Description": "Info",
        "type": "info",
        "clearSearch": true,
        "source": "literal",
        "defaultValue": "<div style=\"height:200px; margin-top:10px; display:flex; justify-content:center; align-items:center; background-color:transparent; text-align:center;\">     <p>         AI-assisted data mapping will map data where such links can be inferred.          Please review the results – AI can make mistakes.     </p> </div>",
        "visible": true,
        "isEditable": true,
        "validation": {
          "maxLength": "0",
          "required": true
        }
      }
    ],
    "Range": [],
    "DataSources": [],
    "AutoExecute": false,
    "isAsync": true,
    "hasMembersUpdates": false,
    "Compact": true,
    "TwoColumn": false,
    "IsGlobalForExcelAddIn": false,
    "enableTransaction": false,
    "ReturnFilterByUpdate": false,
    "ExcludeFromNavLink": false,
    "FilterFieldBindings": []
  },
  "Widget": null,
  "Roles": []
}