{
  "Name": "o9MKCreatePipeline",
  "Description": "Generate Pipeline",
  "ActionButtonId": "427614f4-8ea8-c94a-f738-1a43f771ee4b",
  "Tooltip": "Generate Pipeline",
  "ActionButtonType": "Rule",
  "Alignment": "right",
  "IsPopOver": true,
  "IsGlobal": false,
  "ActionClickHandler": null,
  "Icon": null,
  "Image": null,
  "ConfigJson": {
    "DisplayName": "Generate Pipeline",
    "icon": "magic",
    "Position": 1,
    "SubmitButton": {
      "Label": "Submit",
      "ProgressMessage": "Pipeline generation in progress. Please wait for the process to complete",
      "SuccessMessage": "Pipeline generated successfully",
      "ErrorMessage": "Failed during pipeline generation. Please check error logs."
    },
    "ResetButton": {
      "Label": "Reset"
    },
    "CloseButton": {
      "Label": "Close",
      "ConfirmMessage": "Unsaved changes will be lost. Continue?"
    },
    "NotifyAll": false,
    "IBPLRules": [
      {
        "template": "EXEC plugin instance AutoGenPipeline_v3_threading;"
      }
    ],
    "JavascriptRules": [],
    "FieldBindings": [],
    "DataSources": [],
    "AutoExecute": false,
    "isAsync": true,
    "hasMembersUpdates": true,
    "Compact": true,
    "TwoColumn": false,
    "IsGlobalForExcelAddIn": false,
    "ExcludeFromNavLink": false,
    "FilterFieldBindings": []
  },
  "Widget": null
}