{
  "HierarchyName": "Component Hierarchy",
  "HierarchyId": "c9937ac7-4bc0-8de7-66c5-40e65f5bddb3",
  "HierarchyDescription": "Component Hierarchy",
  "Translations": null,
  "Levels": [
    {
      "LevelName": "All Component",
      "LevelId": "16e2e366-2578-10b9-ca1f-03c3a0cd101f",
      "SourceAttributeName": "All Component",
      "LevelDescription": "All Component",
      "LevelPosition": 0,
      "Translations": null
    },
    {
      "LevelName": "Component L2",
      "LevelId": "53a33705-bc26-afed-2529-819ea5bba79b",
      "SourceAttributeName": "Component L2",
      "LevelDescription": "Component L2",
      "LevelPosition": 3,
      "Translations": null
    },
    {
      "LevelName": "Component L1",
      "LevelId": "ffc38a68-6490-731d-35be-100688e8887d",
      "SourceAttributeName": "Component L1",
      "LevelDescription": "Component L1",
      "LevelPosition": 4,
      "Translations": null
    },
    {
      "LevelName": "Component",
      "LevelId": "3e319eee-7683-1bb0-f4e1-7ca06810cc92",
      "SourceAttributeName": "Component",
      "LevelDescription": "Component",
      "LevelPosition": 5,
      "Translations": null
    }
  ],
  "IsEnabled": true,
  "ErrorMessage": null
}