{
  "EdgePropertyId": "d0535c84-973a-4a5f-bb8f-65eb8cafe8aa",
  "PropertyName": "D Is Demand Node Item Input",
  "PropertyDescription": "Whether primary node is demand node or not",
  "PropertyDataType": "number",
  "PropertyDataSize": 0,
  "PropertyColumnName": "DIsDemandNodeItemInput",
  "AggregateFunction": "Max",
  "PropertyFormula": null,
  "IsEditable": false,
  "FormatString": "#,##0",
  "ActivationProperty": false,
  "IsComputedByPlanningService": false,
  "ToolTip": null,
  "ApiName": null,
  "ApiDisabled": false,
  "BgColorFormula": null,
  "FgColorFormula": null,
  "TrendFormula": null,
  "FormattingViewModel": null,
  "ConditionalFormulas": []
}