{
  "AttributeName": "Container Brand",
  "AttributeId": "0d0e3fd4-7445-447d-bae3-bf932902f9a5",
  "AttributeHierarchyEnabled": false,
  "IsKey": false,
  "Description": "Container Brand",
  "OrderBy": "Key",
  "KeyColumnName": "ContainerBrandKey",
  "NameColumnName": null,
  "KeyColumnDataType": "string",
  "SeedTags": false,
  "KeyGenerationType": null,
  "PickListName": null,
  "ConfigJson": {
    "IsVisible": true,
    "IsEditable": true
  },
  "FormatString": "",
  "Translation": null,
  "Aliases": [],
  "ApiName": null,
  "ApiDisabled": false
}