{
  "AttributeName": "Manual Config Flag",
  "AttributeId": "57240652-8cd5-30b4-6a48-076dbeeae4b0",
  "AttributeHierarchyEnabled": false,
  "IsKey": false,
  "Description": "Manual Config Flag",
  "OrderBy": "Key",
  "KeyColumnName": "ManualConfigFlagKey",
  "NameColumnName": null,
  "KeyColumnDataType": "number",
  "SeedTags": false,
  "KeyGenerationType": null,
  "PickListName": null,
  "ConfigJson": {
    "IsVisible": true,
    "IsEditable": true
  },
  "FormatString": "#,##0; (#,##0)",
  "Translation": null,
  "Aliases": [],
  "ApiName": null,
  "ApiDisabled": false,
  "FgColorFormula": null,
  "BgColorFormula": null,
  "IsReservedBySystem": false
}