{
  "Name": "DI003AddingRowsIntegrationBatchMilestone",
  "Description": "Add Record",
  "ActionButtonId": "1e9317bb-0a06-4452-a5aa-d9c0a0eadaf7",
  "Tooltip": "Add Record",
  "ActionButtonType": "Rule",
  "Alignment": "right",
  "IsPopOver": true,
  "IsGlobal": false,
  "ActionClickHandler": null,
  "Icon": null,
  "Image": null,
  "ConfigJson": {
    "icon": "plus",
    "Position": "0",
    "SubmitButton": {
      "Label": "Submit"
    },
    "ResetButton": {
      "Label": "Reset"
    },
    "CloseButton": {
      "Label": "Close",
      "ConfirmMessage": "Unsaved changes will be lost. Continue?"
    },
    "NotifyAll": false,
    "IBPLRules": [
      {
        "template": "Createmember([Integration Batch Milestones].[Serial No] = {, \"{{SerialNo}}\"},[Integration Batch Milestones].[SSIS Task Name] = {, \"{{SSISTaskName}}\"});\n\ncartesian scope:([Version].[Version Name].[{{Version}}]*[Integration Batch Milestones].[Serial No].[{{SerialNo}}]*[Integration Batch Milestones].[SSIS Task Name].[{{SSISTaskName}}]);\nMeasure.[Task Display Name] =\"{{TaskDisplayName}}\";\nMeasure.[Include In Performance Benchmark?] =\"{{IncludeInPerformanceBenchmark}}\";\nend scope;\n\n"
      }
    ],
    "JavascriptRules": [],
    "FieldBindings": [
      {
        "fieldName": "Version",
        "title": "Version",
        "Description": "Version",
        "type": "picklistDropdown",
        "selectionType": "single",
        "clearSearch": true,
        "source": "members",
        "DimensionName": "Version",
        "LevelAttributeName": "Version Name",
        "visible": true,
        "isEditable": true,
        "validation": {
          "maxLength": "0",
          "required": true
        }
      },
      {
        "fieldName": "SerialNo",
        "title": "Serial No",
        "Description": "Serial No",
        "type": "number",
        "clearSearch": true,
        "source": "literal",
        "visible": true,
        "isEditable": true,
        "validation": {
          "maxLength": "0",
          "required": true
        }
      },
      {
        "fieldName": "SSISTaskName",
        "title": "SSIS Task Name",
        "Description": "Specify the List of  valid SSIS Task names present in the Integration solution, which has to be included in the Batch Performance summary report",
        "type": "string",
        "clearSearch": true,
        "source": "literal",
        "visible": true,
        "isEditable": true,
        "validation": {
          "maxLength": "0",
          "required": true
        }
      },
      {
        "fieldName": "TaskDisplayName",
        "title": "Task Display Name",
        "Description": "Specify the Name in which the SSIS task has to be appeared in the Batch performance report. If blank, SSIS Task Name will be considered as DisplayName.",
        "type": "string",
        "clearSearch": true,
        "source": "literal",
        "visible": true,
        "isEditable": true,
        "validation": {
          "maxLength": "0",
          "required": false
        }
      },
      {
        "fieldName": "IncludeInPerformanceBenchmark",
        "title": "Include In Performance Benchmark?",
        "Description": "Choose Yes, if the task has to be included in the report. else choose No.",
        "type": "picklistDropdown",
        "selectionType": "single",
        "clearSearch": true,
        "source": "picklist",
        "key": "Integration Yes No",
        "visible": true,
        "isEditable": true,
        "validation": {
          "maxLength": "0",
          "required": true
        },
        "select": "NONE"
      }
    ],
    "DataSources": [],
    "AutoExecute": false,
    "isAsync": false,
    "hasMembersUpdates": false,
    "Compact": false,
    "TwoColumn": false,
    "IsGlobalForExcelAddIn": false,
    "FilterFieldBindings": []
  },
  "Widget": null
}