{
  "MeasureName": "Sales $ Benchmark Override",
  "MeasureId": "ce651da1-4ef0-ebcd-5bfd-95aedb34269a",
  "MeasureDescription": "Sales Benchmark Override for top selling products",
  "DataType": "number",
  "MeasureType": "Regular",
  "AggregateFunction": "Avg",
  "FormatString": "$#,##0;(#,##0)",
  "MeasureColumnName": "Sales$BenchmarkOverride",
  "MeasureFormula": "",
  "IsEditable": true,
  "ApplyConversion": false,
  "ConversionFormula": "",
  "PickListName": null,
  "BgColorFormula": "",
  "FgColorFormula": "",
  "TrendFormula": "",
  "FormattingViewModel": "[]",
  "ParentMeasureName": null,
  "AssociationMeasure": false,
  "IsComputedByPlanningService": false,
  "ToolTip": "Sales Benchmark Override for top selling products",
  "ConfigJson": {},
  "ApiName": null,
  "ApiDisabled": false,
  "IsReportingMeasure": false,
  "MeasureConditionalFormulaProperties": [],
  "PicklistSource": null
}