{
  "Name": "SupplyPlan073DGetDemandsForMaterialIncrease",
  "Description": null,
  "ActionButtonId": "dacf4e28-3d99-4c59-a782-b65aaef99853",
  "Tooltip": "Get Demands for Material Increase Replan",
  "ActionButtonType": "Rule",
  "Alignment": "right",
  "IsPopOver": true,
  "IsGlobal": false,
  "ActionClickHandler": null,
  "Icon": null,
  "Image": null,
  "ConfigJson": {
    "icon": "chevron-up",
    "Position": "0",
    "SubmitButton": {
      "Label": "Submit"
    },
    "ResetButton": {
      "Label": "Reset"
    },
    "CloseButton": {
      "Label": "Close",
      "ConfirmMessage": "Unsaved changes will be lost. Continue?"
    },
    "NotifyAll": false,
    "IBPLRules": [
      {
        "template": "//Setting Material IncrementalFlag\nscope: ( Item.[Item] * Location.[Location] * Version.[Version Name]{{#filter Version}} );\nMeasure.[D Material Incremental Flag] = NULL;\nend scope;\nscope: (Item.[Item]{{#filter Item}} * Location.[Location]{{#filter Location}} * Version.[Version Name]{{#filter Version}} );\nMeasure.[D Material Incremental Flag] = if(coalesce(Measure.[D WIP Material Production Quantity],0) != coalesce(Measure.[D WIP Material Production Quantity Baseline],0) || coalesce(Measure.[D Expected Receipts],0) != coalesce(Measure.[D Expected Receipts Quantity Baseline],0) || coalesce(Measure.[D OnHand Quantity],0) != coalesce(Measure.[D OnHand Quantity Baseline],0)) then 1;\nend scope;\n//Setting Demands for Material Incremental Flag\nscope: ([Sales Domain].[Customer Group] * Demand.[DemandID] * Item.[Item] * Location.[Location] * [Demand Type].[Demand Type] * Version.[Version Name]{{#filter Version}} * &DailyPlanningHorizon);Measure.[D Item Incremental Flag] =Edge.[006.001D Material Incremental Demand Selection].[D Demand Flagged for Supply Inc]@(To.Location.Location, To.Item.Item, To.Demand.DemandID ,To.[Demand Type].[Demand Type], To.[Sales Domain].[Customer Group] ,To.Time.Day);\nend scope;\n"
      }
    ],
    "JavascriptRules": [],
    "FieldBindings": [
      {
        "fieldName": "Location",
        "title": "Location",
        "Description": "Location",
        "type": "picklistDropdown",
        "selectionType": "multiple",
        "clearSearch": true,
        "source": "filter",
        "DimensionName": "Location",
        "LevelAttributeName": "Location",
        "RelationshipType": "006.004D Exception Planning Material Root Cause",
        "EdgeDirection": "FROM",
        "visible": true,
        "isEditable": true,
        "validation": {
          "maxLength": "0",
          "required": true
        }
      },
      {
        "fieldName": "Version",
        "title": "Version",
        "Description": "Version",
        "type": "picklistDropdown",
        "selectionType": "single",
        "clearSearch": true,
        "source": "filter",
        "DimensionName": "Version",
        "LevelAttributeName": "Version Name",
        "visible": true,
        "isEditable": true,
        "validation": {
          "maxLength": "0",
          "required": true
        }
      },
      {
        "fieldName": "Item",
        "title": "Item",
        "Description": "Item",
        "type": "picklistDropdown",
        "selectionType": "single",
        "clearSearch": true,
        "source": "filter",
        "DimensionName": "Item",
        "LevelAttributeName": "Item",
        "RelationshipType": "006.004D Exception Planning Material Root Cause",
        "EdgeDirection": "FROM",
        "visible": true,
        "isEditable": true,
        "validation": {
          "maxLength": "0",
          "required": true
        }
      }
    ],
    "DataSources": [],
    "AutoExecute": false,
    "isAsync": true,
    "hasMembersUpdates": false,
    "Compact": false,
    "TwoColumn": true,
    "IsGlobalForExcelAddIn": false,
    "FilterFieldBindings": []
  },
  "Widget": null
}