{
  "EdgePropertyId": "2c1be28e-9a3f-43b4-898f-8e683be82eda",
  "PropertyName": "W Is Alternate within GroupID Item Input",
  "PropertyDescription": "Whether Alternate is in group or not",
  "PropertyDataType": "number",
  "PropertyDataSize": 0,
  "PropertyColumnName": "WIsAlternatewithinGroupIDItemInput",
  "AggregateFunction": "Max",
  "PropertyFormula": null,
  "IsEditable": false,
  "FormatString": "#,##0",
  "ActivationProperty": false,
  "IsComputedByPlanningService": false,
  "ToolTip": null,
  "ApiName": null,
  "ApiDisabled": false,
  "BgColorFormula": "",
  "FgColorFormula": "",
  "TrendFormula": "",
  "FormattingViewModel": null,
  "ConditionalFormulas": []
}