{
  "Name": "CopyScenario",
  "Description": null,
  "ActionButtonId": "e1864e39-0b12-4e57-8477-397ac2442e69",
  "Tooltip": "Publish Scenario",
  "ActionButtonType": "Widget",
  "Alignment": "right",
  "IsPopOver": true,
  "IsGlobal": true,
  "ActionClickHandler": null,
  "Icon": null,
  "Image": null,
  "ConfigJson": {
    "DisplayName": "Publish Scenario",
    "icon": "paper-plane",
    "SubmitButton": {
      "Label": "Submit"
    },
    "ResetButton": {
      "Label": "Reset"
    },
    "CloseButton": {
      "Label": "Close",
      "ConfirmMessage": "Unsaved changes will be lost. Continue?"
    },
    "NotifyAll": false,
    "IBPLRules": [
      {
        "template": "scope:([Item].[L3] * [Sales Domain].[Sales Planning Channel] * [Location].[Location Country] * &PlanningWeeks * [Version].[Version Name].[{{Target}}] * [Selling Season].[Selling Season]);\nMeasure.[BU POS MD %]= Measure.[BU POS MD %]@([Version].[Version Name].[{{Source}}]);\nMeasure.[BU Perm MD %]= Measure.[BU Perm MD %]@([Version].[Version Name].[{{Source}}]);\nMeasure.[BU Rec Rtl]= Measure.[BU Rec Rtl]@([Version].[Version Name].[{{Source}}]);\nend scope;"
      }
    ],
    "JavascriptRules": [],
    "FieldBindings": [
      {
        "fieldName": "Source",
        "title": "Source Scenario",
        "Description": "Source Scenario",
        "type": "picklist",
        "selectionType": "single",
        "clearSearch": true,
        "source": "filter",
        "DimensionName": "Version",
        "LevelAttributeName": "Version Name",
        "visible": true,
        "isEditable": true,
        "validation": {
          "maxLength": "0",
          "required": true
        }
      },
      {
        "fieldName": "Target",
        "title": "Target Scenario",
        "Description": "Target Scenario",
        "type": "picklist",
        "selectionType": "single",
        "clearSearch": true,
        "source": "filter",
        "DimensionName": "Version",
        "LevelAttributeName": "Version Name",
        "visible": true,
        "isEditable": true,
        "validation": {
          "maxLength": "0",
          "required": true
        }
      }
    ],
    "DataSources": [],
    "AutoExecute": false,
    "isAsync": true,
    "hasMembersUpdates": false,
    "Compact": true,
    "TwoColumn": false,
    "IsGlobalForExcelAddIn": false,
    "ReturnFilterByUpdate": false,
    "FilterFieldBindings": []
  },
  "Widget": null
}