{
  "MeasureName": "TD Ttl MD Rtl Build %",
  "MeasureId": "06515e18-609d-4a9d-f970-c741f9ab5731",
  "MeasureDescription": "TD Ttl MD Rtl Build %",
  "DataType": "number",
  "MeasureType": "Regular",
  "AggregateFunction": "Computed",
  "FormatString": "0.00%",
  "MeasureColumnName": "TDTtlMDRtlBuild%",
  "MeasureFormula": "Safedivide((Measure.[TD Ttl MD Rtl] - Measure.[TD Ttl MD Rtl]@(Time.#.LeadOffset(-1))),Measure.[TD Ttl MD Rtl]@(Time.#.LeadOffset(-1)))",
  "IsEditable": false,
  "ApplyConversion": false,
  "ConversionFormula": "",
  "PickListName": null,
  "BgColorFormula": "",
  "FgColorFormula": "",
  "TrendFormula": "",
  "FormattingViewModel": "[]",
  "ParentMeasureName": null,
  "AssociationMeasure": false,
  "IsComputedByPlanningService": true,
  "ToolTip": "(TD Total Markdown Rtl - TD Total Markdown Rtl (of previous time period)) / TD Total Markdown Rtl (of previous time period)",
  "ConfigJson": {},
  "ApiName": null,
  "ApiDisabled": false,
  "IsReportingMeasure": false,
  "MeasureConditionalFormulaProperties": [],
  "PicklistSource": null
}