{
  "AttributeName": "EA Price Class",
  "AttributeId": "db5f8ffe-6ce7-4c6e-86f9-45a596f7b818",
  "AttributeHierarchyEnabled": true,
  "IsKey": false,
  "Description": "EA Price Class",
  "OrderBy": "Key",
  "KeyColumnName": "EAPriceClassKey",
  "NameColumnName": "EAPriceClassName",
  "KeyColumnDataType": "integer",
  "SeedTags": false,
  "KeyGenerationType": "Auto",
  "PickListName": null,
  "ConfigJson": {},
  "FormatString": null,
  "Translation": null,
  "Aliases": null,
  "ApiName": null,
  "ApiDisabled": false,
  "FgColorFormula": null,
  "BgColorFormula": null,
  "IsReservedBySystem": false
}