{
  "Name": "Demand Netting Parameter Inputs",
  "WidgetDefinitionName": "Demand Netting Parameter Inputs",
  "IsPrimary": true,
  "ConfigJson": {
    "ContainerId": "b7e6eb74-3dc5-455a-8c7d-49bc1a811abc",
    "CompositeContainerId": null,
    "Position": 0,
    "ShowInfoContext": {
      "ActionColumn": true,
      "RowInfo": true,
      "MemberInfo": true
    },
    "ShowHeader": null,
    "FilterPromotions": [],
    "FilterSharings": [
      {
        "LevelAttribute": {
          "Dimension": "o9PC Setting",
          "AttributeName": "Setting Group"
        },
        "MemberFilterExpression": "[o9PC Setting].[Setting Group].filter(#.Name == [Supply Model Outputs])"
      },
      {
        "LevelAttribute": {
          "Dimension": "o9PC Component",
          "AttributeName": "Component Instance"
        },
        "MemberFilterExpression": "[o9PC Component].[Component].filter(#.Name == [Supply Model]).relatedmembers([Component Instance])"
      },
      {
        "LevelAttribute": {
          "Dimension": "Version",
          "AttributeName": "Version Name"
        },
        "DisableSelection": false
      }
    ],
    "ActionButtonBindings": [
      {
        "ActionButtonName": "PCSupplyPlan0400TransactionalCG",
        "HotKey": "",
        "ExcludeHiddenAttributes": false,
        "ModuleId": "69c63dc5-4f82-4296-89e9-7839154cd5be"
      }
    ]
  },
  "ViewWidgetDefinitionId": "24bfdb2c-c5ac-29f8-4efb-0080512829c1",
  "Title": "Demand Netting Parameter Inputs"
}