{
  "Name": "Approved Ratios",
  "ViewId": "c1727d15-3970-d896-5051-72e982ac52f3",
  "ContentType": "Regular",
  "Title": "Approved Profiles",
  "Position": 2,
  "IsDefault": false,
  "Resource": null,
  "RazorViewTemplate": "_containers",
  "ConfigJson": {
    "WidgetContainers": {
      "Containers": [
        1
      ],
      "Key": 0,
      "IsModified": false,
      "ViewSpread": {
        "RowLevel": 60,
        "ColLevel": 12
      },
      "Data": [
        {
          "Id": "e02b0e8f-178c-4294-848a-27d856e3e5ed",
          "Col": 0,
          "Row": 0,
          "SizeX": 12,
          "SizeY": 60
        }
      ]
    },
    "CompactMode": false,
    "IsHidden": false
  },
  "Roles": [
    "public"
  ]
}