{
  "ModuleId": "b7824156-8448-4b9b-8b7e-6397b69f9391",
  "ModuleName": "o9 EKG Configurator",
  "Description": "o9 EKG Configurator",
  "URL": "https://dev.azure.com/o9git/ec07b4e6-de11-4c3d-988e-d2ed5a5a28e9/_apis/git/repositories/b7824156-8448-4b9b-8b7e-6397b69f9391",
  "ParentModule": null,
  "Dependencies": [],
  "Type": "Regular",
  "Category": null,
  "Project": {
    "Id": "ec07b4e6-de11-4c3d-988e-d2ed5a5a28e9",
    "Name": "RefDev",
    "Url": "https://dev.azure.com/o9git/_apis/projects/ec07b4e6-de11-4c3d-988e-d2ed5a5a28e9"
  },
  "VersionType": "branch",
  "Version": null,
  "IsReadOnlyModule": false,
  "IsPromoteDisabled": false,
  "CreatorEmail": "shrey.mahant@o9solutions.com",
  "CreationTime": "2023-10-06T15:03:44.328881+00:00",
  "IsMergedModule": false,
  "MergedModuleParentModule": null,
  "IsSolutionBlock": false,
  "NameSpace": "",
  "Org": "RefDev"
}
