{
  "AttributeName": "Ti",
  "AttributeId": "d639cc76-f127-f9cb-624b-1d201ee2cde9",
  "AttributeHierarchyEnabled": false,
  "IsKey": false,
  "Description": "Number of cases that can be arranged in a single layer of a pallet",
  "OrderBy": "Key",
  "KeyColumnName": "TiKey",
  "NameColumnName": null,
  "KeyColumnDataType": "number",
  "SeedTags": false,
  "KeyGenerationType": null,
  "PickListName": null,
  "ConfigJson": {
    "IsVisible": false
  },
  "FormatString": "#,##0; (#,##0)",
  "Translation": null,
  "Aliases": [],
  "ApiName": null,
  "ApiDisabled": false
}