{
  "Name": "Network Model Inputs",
  "WidgetDefinitionName": "Network Model Inputs",
  "IsPrimary": true,
  "ConfigJson": {
    "ContainerId": "a9b1e88f-2c4c-432a-9ba5-74dd70f92e40",
    "CompositeContainerId": null,
    "Position": 0,
    "ShowInfoContext": {
      "ActionColumn": true,
      "RowInfo": true,
      "MemberInfo": true
    },
    "ShowHeader": null,
    "FilterPromotions": [],
    "FilterSharings": [
      {
        "LevelAttribute": {
          "Dimension": "o9PC Setting",
          "AttributeName": "Setting Group"
        },
        "MemberFilterExpression": "[o9PC Setting].[Setting Group].filter(#.Name == [Network Manufacturing Inputs])"
      },
      {
        "LevelAttribute": {
          "Dimension": "Version",
          "AttributeName": "Version Name"
        },
        "DisableSelection": false
      }
    ],
    "ActionButtonBindings": [
      {
        "ActionButtonName": "PCSupplyPlan0000NetworkCG",
        "HotKey": "",
        "ExcludeHiddenAttributes": false,
        "ModuleId": "69c63dc5-4f82-4296-89e9-7839154cd5be"
      }
    ]
  },
  "ViewWidgetDefinitionId": "afa0cf86-46bf-5bd9-f5a4-a0f971f917b4",
  "Title": "Network Model Inputs"
}