{
  "Name": "Netting Outputs",
  "ViewId": "fff83853-87da-459d-e0f0-fc77a8d861bd",
  "ContentType": "Regular",
  "Title": "Netting Outputs",
  "Position": 6,
  "IsDefault": false,
  "Resource": null,
  "RazorViewTemplate": "_containers",
  "ConfigJson": {
    "WidgetContainers": {
      "Containers": [
        1
      ],
      "Key": 0,
      "IsModified": false,
      "ViewSpread": {
        "RowLevel": 60,
        "ColLevel": 12
      },
      "Data": [
        {
          "Id": "fe3225ad-b0d9-401b-aab4-62ffa54b9bdf",
          "Col": 0,
          "Row": 0,
          "SizeX": 12,
          "SizeY": 60
        }
      ]
    },
    "CompactMode": false,
    "IsHidden": false
  },
  "Roles": [
    "public"
  ]
}