{
  "Name": "NexprimeWeeklyEngineRun",
  "Description": null,
  "ActionButtonId": "52dbbde1-d7f7-470b-85af-1adc9bf3c47a",
  "Tooltip": "Run Weekly Nexprime Engine",
  "ActionButtonType": "Rule",
  "Alignment": "right",
  "IsPopOver": true,
  "IsGlobal": false,
  "ActionClickHandler": null,
  "Icon": null,
  "Image": null,
  "ConfigJson": {
    "icon": "retweet",
    "Position": "0",
    "SubmitButton": {
      "Label": "Submit"
    },
    "ResetButton": {
      "Label": "Reset"
    },
    "CloseButton": {
      "Label": "Close",
      "ConfirmMessage": "Unsaved changes will be lost. Continue?"
    },
    "NotifyAll": false,
    "IBPLRules": [
      {
        "template": "exec procedure NexprimeGenerateWeeklyCalendar {\"Version\" : \"{{Version}}\"};"
      },
      {
        "template": "Exec procedure RunNexprimeWeeklySolver {\"Version\" : \"{{Version}}\", \"dag\" : \"{{dag}}\" , \"Tenant\" : \"{{Tenant}}\"};"
      },
      {
        "template": "exec procedure CopySolverOutputsToUI {\"Version\" :  [\"{{Version}}\"]  };"
      },
      {
        "template": "exec procedure CopySolverInputstoBackupMeasuresWeekly {\"Version\" : \"{{Version}}\"};"
      },
      {
        "template": "exec procedure IdentifySegmentsWeekly {\"Version\" : \"{{Version}}\", \"SolverCurrentBucket\" : {{SolverCurrentBucket}}, \"SolverStartingBucket\" : {{SolverStartingBucket}}, \"SolverEndingBucket\" : {{SolverEndingBucket}}};"
      },
      {
        "template": "exec procedure AddSequenceToNetworkSegmentID_Weekly {\"Version\" : \"{{Version}}\"};"
      }
    ],
    "JavascriptRules": [],
    "FieldBindings": [
      {
        "fieldName": "Version",
        "title": "Version",
        "Description": "Version",
        "type": "picklistDropdown",
        "selectionType": "single",
        "clearSearch": true,
        "source": "filter",
        "DimensionName": "Version",
        "LevelAttributeName": "Version Name",
        "visible": true,
        "isEditable": true,
        "validation": {
          "maxLength": "0",
          "required": true
        }
      },
      {
        "fieldName": "dag",
        "title": "dag",
        "Description": "dag",
        "type": "picklistDropdown",
        "selectionType": "single",
        "clearSearch": true,
        "source": "localPicklist",
        "values": [
          {
            "Key": "NexprimeResponseBatchRun_old",
            "Name": "NexprimeResponseBatchRun_old"
          }
        ],
        "valueField": "Name",
        "visible": true,
        "isEditable": true,
        "validation": {
          "maxLength": "0",
          "required": true
        }
      },
      {
        "fieldName": "Tenant",
        "title": "Tenant",
        "Description": "Tenant Name",
        "type": "picklistDropdown",
        "selectionType": "single",
        "clearSearch": true,
        "select": "ALL",
        "source": "datasource",
        "key": "TenantName",
        "valueField": "W Tenant Name",
        "textField": "W Tenant Name",
        "visible": true,
        "isEditable": false,
        "validation": {
          "maxLength": "0",
          "required": true
        },
        "cascadeFrom": "Version",
        "overrideFieldBindingType": false
      },
      {
        "fieldName": "SolverCurrentBucket",
        "title": "SolverCurrentBucket",
        "Description": "SolverCurrentBucket",
        "type": "string",
        "selectionType": "single",
        "clearSearch": true,
        "select": "ALL",
        "source": "datasource",
        "key": "SolverCurrentBucket",
        "valueField": "Name",
        "textField": "Name",
        "overrideFieldBindingType": false,
        "visible": false,
        "isEditable": false,
        "validation": {
          "maxLength": "0",
          "required": true
        }
      },
      {
        "fieldName": "SolverStartingBucket",
        "title": "SolverStartingBucket",
        "Description": "SolverStartingBucket",
        "type": "string",
        "selectionType": "single",
        "clearSearch": true,
        "select": "ALL",
        "source": "datasource",
        "key": "SolverStartingBucket",
        "valueField": "Name",
        "textField": "Name",
        "overrideFieldBindingType": false,
        "visible": false,
        "isEditable": false,
        "validation": {
          "maxLength": "0",
          "required": true
        }
      },
      {
        "fieldName": "SolverEndingBucket",
        "title": "SolverEndingBucket",
        "Description": "SolverEndingBucket",
        "type": "string",
        "selectionType": "single",
        "clearSearch": true,
        "select": "ALL",
        "source": "datasource",
        "key": "SolverEndingBucket",
        "valueField": "Name",
        "textField": "Name",
        "overrideFieldBindingType": false,
        "visible": false,
        "isEditable": false,
        "validation": {
          "maxLength": "0",
          "required": true
        }
      }
    ],
    "DataSources": [
      {
        "Name": "TenantName",
        "IBPLRules": [
          {
            "template": "Select ([Version].[Version Name].[{{Version}}] ) on row, \n({Measure.[W Tenant Name]}) on column;"
          }
        ],
        "JavascriptRules": [],
        "FieldBindings": [],
        "IncludeDSFieldsOnly": false
      },
      {
        "Name": "SolverEndingBucket",
        "IBPLRules": [
          {
            "template": "SELECT &SolverEndBucket.element(0);"
          }
        ],
        "JavascriptRules": [],
        "IncludeDSFieldsOnly": false,
        "FieldBindings": []
      },
      {
        "Name": "SolverStartingBucket",
        "IBPLRules": [
          {
            "template": "SELECT &SolverStartBucket.element(0);"
          }
        ],
        "JavascriptRules": [],
        "IncludeDSFieldsOnly": false,
        "FieldBindings": []
      },
      {
        "Name": "SolverCurrentBucket",
        "IBPLRules": [
          {
            "template": "SELECT &SolverCurrentBucket.element(0);"
          }
        ],
        "JavascriptRules": [],
        "IncludeDSFieldsOnly": false,
        "FieldBindings": []
      }
    ],
    "AutoExecute": false,
    "isAsync": true,
    "hasMembersUpdates": false,
    "Compact": true,
    "TwoColumn": true,
    "IsGlobalForExcelAddIn": false,
    "ExcludeFromNavLink": false,
    "FilterFieldBindings": []
  },
  "Widget": null
}