{
  "MeasureGroupName": "001.011 Allocation DILOP Total NaN Met by PackID",
  "MeasureGroupId": "580597d0-306e-22a2-b1ca-08b6170d52c1",
  "ParentMeasureGroupName": null,
  "HasShadow": false,
  "MeasureGroupDescription": "001.011 Allocation DILOP Total NaN Met by PackID",
  "MeasureGroupType": "Regular",
  "FactTableName": "Fact001.011AllocationDILOPTotalNaNMetbyPackID",
  "SchemaMajorVersion": 0,
  "ConfigJson": {},
  "ApiName": null,
  "Repartition": false,
  "Unpartition": false,
  "ApiEnabled": false,
  "DimensionUsages": [
    {
      "DimensionName": "Version",
      "AttributeName": "Version Name",
      "SortOrder": 0,
      "DimensionType": "Regular"
    },
    {
      "DimensionName": "Location",
      "AttributeName": "Location",
      "SortOrder": 1,
      "DimensionType": "Regular"
    },
    {
      "DimensionName": "Item",
      "AttributeName": "Item",
      "SortOrder": 2,
      "DimensionType": "Regular"
    },
    {
      "DimensionName": "Pack",
      "AttributeName": "PackID",
      "SortOrder": 3,
      "DimensionType": "Regular"
    }
  ],
  "MeasureGroupSortOrders": [],
  "AutoIdEnabled": false
}