{
  "Override": [
    {
      "PageName": "Week Mapping",
      "WorkspaceName": "Planning Admin",
      "DisplayOrder": 1,
      "ConfigBlockName": "o9 Retail Foundation"
    },
    {
      "PageName": "Weightage Seeding Setup",
      "WorkspaceName": "Planning Admin",
      "DisplayOrder": 1,
      "ConfigBlockName": "o9 Retail Foundation"
    },
    {
      "PageName": "UI Access",
      "WorkspaceName": "Planning Admin",
      "DisplayOrder": 4,
      "ConfigBlockName": "o9 Retail Foundation"
    },
    {
      "PageName": "Data Access",
      "WorkspaceName": "Planning Admin",
      "DisplayOrder": 3,
      "ConfigBlockName": "o9 Retail Foundation"
    },
    {
      "PageName": "Partial Week Split",
      "WorkspaceName": "Planning Admin",
      "DisplayOrder": 2,
      "ConfigBlockName": "o9 Retail Foundation"
    }
  ]
}