{
  "MeasureName": "Heat Map Threshold Band4 SC",
  "MeasureId": "8eb2865b-6872-4e74-97fa-e1ca13792ad2",
  "MeasureDescription": "Heat Map Threshold Band4 SC",
  "DataType": "number",
  "MeasureType": "Regular",
  "AggregateFunction": "AvgNonNull",
  "FormatString": "%",
  "MeasureColumnName": "SCParetoThresholdBand4",
  "MeasureFormula": "",
  "IsEditable": false,
  "ApplyConversion": false,
  "ConversionFormula": "",
  "PickListName": null,
  "BgColorFormula": "",
  "FgColorFormula": "",
  "TrendFormula": "",
  "FormattingViewModel": null,
  "ParentMeasureName": null,
  "AssociationMeasure": false,
  "IsComputedByPlanningService": true,
  "ToolTip": "SC Pareto Threshold Band4",
  "ConfigJson": {},
  "ApiName": null,
  "ApiDisabled": false,
  "IsReportingMeasure": false,
  "MeasureConditionalFormulaProperties": [],
  "PicklistSource": null
}