{
  "Name": "DP011GenerateReconciledForecast",
  "Description": null,
  "ActionButtonId": "b1d9a0e4-5448-23f9-2ef7-ebf2756c0347",
  "Tooltip": "Generate reconciled forecast",
  "ActionButtonType": "Rule",
  "Alignment": "right",
  "IsPopOver": true,
  "IsGlobal": false,
  "ActionClickHandler": null,
  "Icon": null,
  "Image": null,
  "ConfigJson": {
    "DisplayName": "Reconciled Fcst",
    "icon": "cog",
    "Position": "0",
    "SubmitButton": {
      "Label": "Submit"
    },
    "ResetButton": {
      "Label": "Reset"
    },
    "CloseButton": {
      "Label": "Close",
      "ConfirmMessage": "Unsaved changes will be lost. Continue?"
    },
    "NotifyAll": false,
    "IBPLRules": [],
    "JavascriptRules": [
      {
        "modulename": "o9.DemandPlanning.ReconList",
        "functionname": "ReconList"
      }
    ],
    "FieldBindings": [
      {
        "fieldName": "MediumWeight",
        "title": "Medium Weight",
        "Description": "Enable plugin run in Medium Weight execution mode (suitable for small scope).",
        "type": "boolean",
        "clearSearch": true,
        "source": "literal",
        "defaultValue": true,
        "visible": true,
        "isEditable": true,
        "validation": {
          "maxLength": "0",
          "required": true
        }
      },
      {
        "fieldName": "VersionName",
        "title": "Version Name",
        "Description": "Version Name",
        "type": "picklistDropdown",
        "selectionType": "single",
        "clearSearch": true,
        "source": "filter",
        "DimensionName": "Version",
        "LevelAttributeName": "Version Name",
        "visible": true,
        "isEditable": true,
        "validation": {
          "maxLength": "0",
          "required": true
        }
      },
      {
        "fieldName": "InputStream",
        "title": "Input Stream",
        "type": "picklistDropdown",
        "selectionType": "single",
        "clearSearch": true,
        "source": "picklist",
        "key": "Forecast Input Stream",
        "visible": true,
        "isEditable": true,
        "validation": {
          "maxLength": "0",
          "required": true
        }
      },
      {
        "fieldName": "ForecastReconciliationList",
        "title": "Forecast Reconciliation List",
        "Description": "Fixed configuration from Reconciliation Setup in Common Admin",
        "type": "picklist",
        "selectionType": "multiple",
        "clearSearch": true,
        "select": "ALL",
        "source": "datasource",
        "key": "ReconciliationList",
        "valueField": "List",
        "textField": "List",
        "overrideFieldBindingType": true,
        "visible": true,
        "isEditable": false,
        "cascadeFrom": "InputStream",
        "validation": {
          "required": true,
          "maxLength": "0"
        }
      }
    ],
    "Range": [],
    "DataSources": [
      {
        "Name": "ReconciliationList",
        "IBPLRules": [
          {
            "template": "Select ([Version].[Version Name]{{#filter VersionName}} *  [Data Stream].[Data Stream Type].[{{InputStream}}]) on row,  ({tostring(Measure.[Forecast Reconciliation]) as transient.[List]}) on column;"
          }
        ],
        "JavascriptRules": [],
        "IncludeDSFieldsOnly": false,
        "FieldBindings": []
      }
    ],
    "AutoExecute": false,
    "isAsync": true,
    "hasMembersUpdates": false,
    "Compact": false,
    "TwoColumn": false,
    "IsGlobalForExcelAddIn": false,
    "enableTransaction": false,
    "ExcludeFromNavLink": false,
    "FilterFieldBindings": []
  },
  "Widget": null,
  "Roles": []
}