{
  "Name": "TestNikhilAB",
  "Description": null,
  "ActionButtonId": "de7f80b3-7ba0-818f-bbd9-eeaff442992a",
  "Tooltip": "TestNikhilAB",
  "ActionButtonType": "Form",
  "Alignment": "right",
  "IsPopOver": true,
  "IsGlobal": false,
  "ActionClickHandler": null,
  "Icon": null,
  "Image": null,
  "ConfigJson": {
    "SubmitButton": {
      "Label": "Submit"
    },
    "ResetButton": {
      "Label": "Reset"
    },
    "IBPLRules": [],
    "JavascriptRules": [],
    "FieldBindings": [
      {
        "fieldName": "AbsStartDate",
        "title": "AbsStartDate",
        "type": "datetime",
        "clearSearch": true,
        "source": "literal",
        "visible": true,
        "isEditable": true,
        "validation": {
          "maxLength": "0",
          "required": true
        }
      }
    ],
    "AccessSources": [],
    "Range": [],
    "ConditionalBindings": [],
    "DataSources": [],
    "hasMembersUpdates": false,
    "Compact": false,
    "TwoColumn": true,
    "ReadOnlyGlobal": false,
    "ApplyReadOnlyStyle": false,
    "ExcludeFromNavLink": false,
    "FilterFieldBindings": [],
    "WidgetSharingFieldBindings": []
  },
  "Widget": null,
  "Roles": []
}