{
  "EdgePropertyId": "28ed71c8-0872-4470-9d46-8b012ee2813e",
  "PropertyName": "D Is Alternate within GroupID Item Input",
  "PropertyDescription": "Whether Alternate is in group or not",
  "PropertyDataType": "number",
  "PropertyDataSize": 0,
  "PropertyColumnName": "DIsAlternatewithinGroupIDItemInput",
  "AggregateFunction": "Max",
  "PropertyFormula": null,
  "IsEditable": false,
  "FormatString": "#,##0",
  "ActivationProperty": false,
  "IsComputedByPlanningService": false,
  "ToolTip": null,
  "ApiName": null,
  "ApiDisabled": false,
  "BgColorFormula": null,
  "FgColorFormula": null,
  "TrendFormula": null,
  "FormattingViewModel": null,
  "ConditionalFormulas": []
}