{
  "Name": "Allocation OnHand - Packs",
  "WidgetDefinitionName": "Allocation OnHand - Packs",
  "IsPrimary": true,
  "ConfigJson": {
    "ContainerId": "a5bc3cc0-722b-490b-a624-432cb779c26a",
    "CompositeContainerId": null,
    "Position": 0,
    "ShowInfoContext": {
      "ActionColumn": true,
      "RowInfo": true,
      "MemberInfo": true
    },
    "ShowHeader": {
      "Icon": "",
      "Color": null
    },
    "ActionButtonBindings": [
      {
        "ActionButtonName": "Allocation013DCPacksStepAllocation",
        "HotKey": "",
        "ExcludeHiddenAttributes": false
      }
    ]
  },
  "ViewWidgetDefinitionId": "f2241474-f3a0-b31b-43a0-17049553a11a",
  "Title": "On Hand - Packs"
}