{
  "MeasureGroupName": "001.003 ABDM Mappings",
  "MeasureGroupId": "cc393694-7cac-4195-aa9f-69b147659542",
  "ParentMeasureGroupName": null,
  "HasShadow": false,
  "MeasureGroupDescription": "Attribute Mappings",
  "MeasureGroupType": "Regular",
  "FactTableName": "Fact001.003ABDMMappings",
  "SchemaMajorVersion": 0,
  "ConfigJson": {},
  "ApiName": null,
  "Repartition": false,
  "Unpartition": false,
  "ApiEnabled": false,
  "DimensionUsages": [
    {
      "DimensionName": "Version",
      "AttributeName": "Version Name",
      "SortOrder": 0,
      "DimensionType": "Regular"
    }
  ]
}