{
  "Name": "o9EKG Task Performance - Copy",
  "WidgetDefinitionName": "o9EKG Task Performance - Copy",
  "IsPrimary": false,
  "ConfigJson": {
    "ContainerId": "abd0c163-73db-4e29-a1ab-a2391ea11ab5",
    "CompositeContainerId": null,
    "Position": 0,
    "ShowInfoContext": {
      "ActionColumn": true,
      "RowInfo": true,
      "MemberInfo": true
    },
    "ShowHeader": {
      "Icon": "",
      "Color": null
    },
    "FilterPromotions": [],
    "FilterScopes": [
      {
        "LevelAttribute": {
          "Dimension": "o9EKG Batch",
          "AttributeName": "Batch ID"
        },
        "Scope": "Widget",
        "Widget": "95c3bada-1108-e273-3be6-5faea70d2aaa"
      }
    ],
    "Navigations": {
      "ShowMemberSpecific": false,
      "RowNavigationList": {
        "AllowMultiRowSelection": false,
        "Views": [
          {
            "ViewId": "25951449-4c0a-7901-819e-d2ce228324ca"
          },
          {
            "ViewId": "09c09725-c853-f890-6265-d7b642462454"
          }
        ],
        "ActionButtons": []
      }
    }
  },
  "ViewWidgetDefinitionId": "c338fa48-5562-14fd-533e-544e4bf6278e",
  "Title": "Batch Details"
}