{
  "MeasureName": "SP Non-Comp Sls % AP",
  "MeasureId": "e8107362-3555-4ade-ac8e-415ebcc6e85c",
  "MeasureDescription": "SP Non-Comp Sales % Approved",
  "DataType": "number",
  "MeasureType": "Regular",
  "AggregateFunction": "Computed",
  "FormatString": "0.00%",
  "MeasureColumnName": "SPNon-CompSls%AP",
  "MeasureFormula": "Safedivide(Measure.[SP Non-Comp Sls Rtl AP], Measure.[SP Sls Rtl AP])",
  "IsEditable": false,
  "ApplyConversion": false,
  "ConversionFormula": "",
  "PickListName": null,
  "BgColorFormula": "",
  "FgColorFormula": "",
  "TrendFormula": "",
  "FormattingViewModel": null,
  "ParentMeasureName": null,
  "AssociationMeasure": false,
  "IsComputedByPlanningService": false,
  "ToolTip": "SP Non-Comp Sales % Approved",
  "ConfigJson": {},
  "ApiName": null,
  "ApiDisabled": false,
  "IsReportingMeasure": false,
  "MeasureConditionalFormulaProperties": [],
  "PicklistSource": null
}