{
  "Name": "SupplyPlan153CommonDeleteRouteWidget",
  "Description": "Delete Routing",
  "ActionButtonId": "1fc7f725-273e-4b68-aa4d-c196b6018b52",
  "Tooltip": "Delete Routing",
  "ActionButtonType": "Widget",
  "Alignment": "right",
  "IsPopOver": true,
  "IsGlobal": true,
  "ActionClickHandler": null,
  "Icon": null,
  "Image": null,
  "ConfigJson": {
    "DisplayName": "Delete Routing",
    "icon": "minus",
    "SubmitButton": {
      "Label": "Submit"
    },
    "ResetButton": {
      "Label": "Reset"
    },
    "CloseButton": {
      "Label": "Close",
      "ConfirmMessage": "Unsaved changes will be lost. Continue?"
    },
    "NotifyAll": false,
    "IBPLRules": [
      {
        "template": "\n{{#each Tuple}}\n\nscope:(Version.[Version Name]{{#filter Version}} *{{#entity RoutingID}} * {{#entity Location}});\nMeasure.[o9 Routing Association] = null;\nMeasure.[o9 Routing End Date] = null;\nMeasure.[o9 Routing Lead Time] = null;\nMeasure.[o9 Routing Start Date] = null;\nend scope;\n\n{{/each}}\n\n\n{{#each Tuple}}\n\n//--Uncomment the below code to enable Net change functionality\n/*\ncartesian scope:(Version.[Version Name]{{#filter Version}} *{{#entity RoutingID}} * {{#entity Location}});\nMeasure.[o9 Routing Association NC Deletion] = 1;\nend scope;\n\nscope:(Version.[Version Name]{{#filter Version}} *{{#entity RoutingID}} * {{#entity Location}});\nMeasure.[o9 Routing Association NC Addition] = Null;\nMeasure.[ERP Routing Association NC Addition] = Null;\nend scope;\n*/\n\n{{/each}}\n"
      }
    ],
    "JavascriptRules": [],
    "FieldBindings": [
      {
        "fieldName": "Version",
        "title": "Version",
        "Description": "Version",
        "type": "picklistDropdown",
        "selectionType": "single",
        "clearSearch": true,
        "source": "filter",
        "DimensionName": "Version",
        "LevelAttributeName": "Version Name",
        "visible": true,
        "isEditable": true,
        "validation": {
          "maxLength": "0",
          "required": true
        }
      },
      {
        "fieldName": "Tuple",
        "title": "Intersections",
        "Description": "Intersections",
        "type": "picklistDropdown",
        "select": "ALL",
        "clearSearch": true,
        "source": "parentTuple",
        "TuplesList": [
          {
            "Key": "Location",
            "LevelAttribute": {
              "DimensionName": "Location",
              "Name": "Location",
              "textField": "Name"
            },
            "tuplesource": "LevelAttribute"
          },
          {
            "Key": "RoutingID",
            "LevelAttribute": {
              "DimensionName": "Activity2",
              "Name": "Activity2",
              "textField": "Name"
            },
            "tuplesource": "LevelAttribute"
          }
        ],
        "visible": true,
        "isEditable": false,
        "validation": {
          "required": true
        }
      }
    ],
    "Range": [],
    "DataSources": [],
    "AutoExecute": false,
    "isAsync": true,
    "hasMembersUpdates": false,
    "Compact": false,
    "TwoColumn": false,
    "IsGlobalForExcelAddIn": false,
    "enableTransaction": false,
    "ReturnFilterByUpdate": true,
    "ExcludeFromNavLink": false,
    "FilterFieldBindings": []
  },
  "Widget": null,
  "Roles": []
}