{
  "DimensionId": "b33b06b4-fb8e-917f-6b04-22001b6f83ba",
  "DimensionName": "Confirmation Schedule",
  "DimensionTableName": "DimConfirmationSchedule",
  "DimensionType": "Regular",
  "DimensionKeyColumnName": "ConfirmationScheduleKey",
  "DimensionDescription": "Confirmation Schedule",
  "Modifiable": false,
  "LockFree": false,
  "IsReservedBySystem": false,
  "ConfigJson": {
    "Position": -670
  },
  "ApiName": null,
  "ApiEnabled": false,
  "Translation": null,
  "Aliases": []
}