{
  "MeasureGroupName": "001.003 Transformation Interactions Exception Measure",
  "MeasureGroupId": "474c8e4c-82a8-4b13-b44c-ec28fd18b9f6",
  "ParentMeasureGroupName": null,
  "HasShadow": false,
  "MeasureGroupDescription": "001.003 Transformation Interactions Exception Measure",
  "MeasureGroupType": "Regular",
  "FactTableName": "Fact001.003TransformationInteractionsExceptionMeasure",
  "SchemaMajorVersion": 0,
  "ConfigJson": {},
  "ApiName": null,
  "Repartition": false,
  "Unpartition": false,
  "ApiEnabled": false,
  "DimensionUsages": [
    {
      "DimensionName": "Version",
      "AttributeName": "Version Name",
      "SortOrder": 0,
      "DimensionType": "Regular"
    }
  ]
}