{
  "Name": "SupplyPlan068WScenarioPlanningPlanOverridesStockTransferOrders",
  "Description": null,
  "ActionButtonId": "17c4b2b4-1efd-4460-ac45-b1640fb44e99",
  "Tooltip": "Add Stock Transfer Orders",
  "ActionButtonType": "Rule",
  "Alignment": "right",
  "IsPopOver": true,
  "IsGlobal": false,
  "ActionClickHandler": null,
  "Icon": null,
  "Image": null,
  "ConfigJson": {
    "icon": "plus",
    "Position": "0",
    "SubmitButton": {
      "Label": "Submit"
    },
    "ResetButton": {
      "Label": "Reset"
    },
    "CloseButton": {
      "Label": "Close",
      "ConfirmMessage": "Unsaved changes will be lost. Continue?"
    },
    "NotifyAll": false,
    "IBPLRules": [
      {
        "template": "createmember(Documents.[OrderlineID]={,\"{{StockTransferOrderID}}\"},Documents.[Document Type]={,\"Stock Transfer Orders\"},[Documents].[Created By]={\"{{User}}\",},[Documents].[Is Approved]={\"True\",},Documents.[OrderID]={,\"{{StockTransferOrderID}}\"},Documents.[Orderline RequestID]={,\"{{StockTransferOrderID}}\"});\n\ncartesian scope:([Documents].[OrderlineID].[{{StockTransferOrderID}}] * [Activity1].[Activity1].[{{BODLanes}}] * [Version].[Version Name].[{{Version}}] * [Item].[Item].[{{Item}}] * [Location].[Location].[{{ToLocation}}] * [Activity2].[Activity2].[{{TransMode}}]);\nMeasure.[W STO Quantity Override Inc]={{STOQuantity}};\nMeasure.[W STO Delivery Date Override Inc]=\"{{STODeliveryDate}}\";\nend scope;"
      }
    ],
    "JavascriptRules": [],
    "FieldBindings": [
      {
        "fieldName": "Version",
        "title": "Version",
        "Description": "Version",
        "type": "picklistDropdown",
        "selectionType": "single",
        "clearSearch": true,
        "source": "filter",
        "DimensionName": "Version",
        "LevelAttributeName": "Version Name",
        "visible": true,
        "isEditable": true,
        "validation": {
          "maxLength": "0",
          "required": true
        }
      },
      {
        "fieldName": "StockTransferOrderID",
        "title": "STO ID",
        "Description": "STO ID",
        "type": "picklistDropdown",
        "selectionType": "single",
        "clearSearch": true,
        "source": "datasource",
        "key": "UniqueID",
        "valueField": "result",
        "textField": "result",
        "visible": true,
        "isEditable": true,
        "validation": {
          "maxLength": "0",
          "required": true
        }
      },
      {
        "fieldName": "Item",
        "title": "Item",
        "Description": "Item",
        "type": "picklistDropdown",
        "selectionType": "single",
        "clearSearch": true,
        "source": "filter",
        "DimensionName": "Item",
        "LevelAttributeName": "Item",
        "visible": true,
        "isEditable": true,
        "validation": {
          "maxLength": "0",
          "required": true
        }
      },
      {
        "fieldName": "ToLocation",
        "title": "Location",
        "Description": "Location",
        "type": "picklistDropdown",
        "selectionType": "single",
        "clearSearch": true,
        "source": "filter",
        "DimensionName": "Location",
        "visible": true,
        "isEditable": true,
        "validation": {
          "maxLength": "0",
          "required": true
        },
        "LevelAttributeName": "Location"
      },
      {
        "fieldName": "BODLanes",
        "title": "BODLanes",
        "Description": "BODLanes",
        "type": "picklistDropdown",
        "selectionType": "single",
        "clearSearch": true,
        "source": "datasource",
        "key": "BODLanes",
        "valueField": "Activity1",
        "textField": "Activity1",
        "visible": true,
        "isEditable": true,
        "cascadeFrom": "ToLocation",
        "validation": {
          "maxLength": "0",
          "required": true
        }
      },
      {
        "fieldName": "TransMode",
        "title": "TransMode",
        "Description": "TransMode",
        "type": "picklistDropdown",
        "selectionType": "single",
        "clearSearch": true,
        "select": "NONE",
        "source": "members",
        "DimensionName": "Activity2",
        "LevelAttributeName": "Activity2",
        "FilterExpression": "&AllTransModes",
        "visible": true,
        "isEditable": true,
        "validation": {
          "maxLength": "0",
          "required": true
        }
      },
      {
        "fieldName": "STOQuantity",
        "title": "STO Line Detail Quantity",
        "Description": "STO Line Detail Quantity",
        "type": "number",
        "selectionType": "single",
        "clearSearch": true,
        "source": "literal",
        "visible": true,
        "isEditable": true,
        "validation": {
          "maxLength": "0",
          "required": true
        }
      },
      {
        "fieldName": "STODeliveryDate",
        "title": "STO Line Detail Delivery Date",
        "Description": "STO Line Detail Delivery Date",
        "type": "datetime",
        "selectionType": "single",
        "clearSearch": true,
        "source": "literal",
        "visible": true,
        "isEditable": true,
        "validation": {
          "maxLength": "0",
          "required": true
        }
      },
      {
        "fieldName": "User",
        "title": "User",
        "Description": "User",
        "type": "combobox",
        "selectionType": "single",
        "clearSearch": true,
        "source": "datasource",
        "key": "CurrentUser",
        "valueField": "Name",
        "textField": "Name",
        "visible": true,
        "isEditable": false,
        "validation": {
          "maxLength": "0",
          "required": true
        }
      }
    ],
    "DataSources": [
      {
        "Name": "UniqueID",
        "IBPLRules": [
          {
            "template": "select NextLabel([STOOrderlineID]);"
          }
        ],
        "JavascriptRules": [],
        "FieldBindings": [],
        "IncludeDSFieldsOnly": false
      },
      {
        "Name": "BODLanes",
        "IBPLRules": [
          {
            "template": "select (&AllBODLanes * Activity1.[From Location] * Activity1.[To Location]{{#filter ToLocation}});"
          }
        ],
        "JavascriptRules": [],
        "FieldBindings": [],
        "IncludeDSFieldsOnly": false
      },
      {
        "Name": "CurrentUser",
        "IBPLRules": [
          {
            "template": "select CurrentUser();"
          }
        ],
        "JavascriptRules": [],
        "FieldBindings": [],
        "IncludeDSFieldsOnly": false
      }
    ],
    "AutoExecute": false,
    "isAsync": true,
    "hasMembersUpdates": true,
    "Compact": false,
    "TwoColumn": true,
    "IsGlobalForExcelAddIn": false,
    "FilterFieldBindings": []
  },
  "Widget": null
}