{
  "MeasureGroupName": "010.005 OrderlineID Deletion Flags",
  "MeasureGroupId": "a106d24e-27bf-4f13-aec0-15790d2816f6",
  "ParentMeasureGroupName": null,
  "HasShadow": false,
  "MeasureGroupDescription": "Measure group for OrderlineID member deletion flags",
  "MeasureGroupType": "Regular",
  "FactTableName": "Fact010.005OrderlineIDDeletionFlags",
  "SchemaMajorVersion": 0,
  "ConfigJson": {},
  "ApiName": null,
  "Repartition": false,
  "Unpartition": false,
  "ApiEnabled": false,
  "DimensionUsages": [
    {
      "DimensionName": "Version",
      "AttributeName": "Version Name",
      "SortOrder": 0,
      "DimensionType": "Regular"
    },
    {
      "DimensionName": "Documents",
      "AttributeName": "OrderlineID",
      "SortOrder": 1,
      "DimensionType": "Regular"
    }
  ]
}