{
  "MeasureGroupName": "003.015 Common Demand Netting Aggregate Parameter Inputs",
  "MeasureGroupId": "d40a6dec-cf6c-803f-094f-4464dd6ba4d1",
  "ParentMeasureGroupName": null,
  "HasShadow": false,
  "MeasureGroupDescription": "Aggregate Parameter Inputs",
  "MeasureGroupType": "Regular",
  "FactTableName": "Fact003.015CommonDemandNettingAggregateParameterInputs",
  "SchemaMajorVersion": 0,
  "ConfigJson": {},
  "ApiName": null,
  "Repartition": false,
  "Unpartition": false,
  "ApiEnabled": false,
  "DimensionUsages": [
    {
      "DimensionName": "Version",
      "AttributeName": "Version Name",
      "SortOrder": 0,
      "DimensionType": "Regular"
    }
  ]
}