{
  "Name": "Size Range Master",
  "WidgetDefinitionId": "45a2f4da-f400-1202-98a5-520501f684a4",
  "IsPrivate": false,
  "WidgetType": "o9.masterData",
  "ViewWidgetDefinition": null,
  "PageWidgetDefinition": null,
  "CreatedUserEmail": "gokul.nath@o9solutions.com",
  "ModifiedUserEmail": "gokul.nath@o9solutions.com",
  "Roles": [
    "public"
  ],
  "ConfigJson": {
    "Widget": {
      "Height": 550,
      "ActionButtons": []
    },
    "Presentation": {
      "FilterProperties": "",
      "IsEditable": true,
      "Height": "",
      "EnableOnGridFilter": true,
      "EnableSort": true,
      "SuppressMessageHeader": false,
      "ShowImage": true,
      "RowHeight": "25",
      "AllowExcelDownload": false,
      "DownloadButton": "Hide",
      "NoOfSteps": "0",
      "traversalDirection": "Towards Child",
      "ShowAllDescendants": false,
      "DefaultView": "Grid",
      "IsGraphReport": false,
      "IsMultiGraphReport": false,
      "LevelAttributes": [
        {
          "Id": "a27ab63f-7700-7247-cc55-4f303f8876a7",
          "AttributeName": "Size Range",
          "Dimension": "Size Range",
          "Axis": "row",
          "ShowInfo": {
            "ShowDetail": true,
            "ShowPulse": true,
            "ShowTask": true,
            "ShowMarketIntelligence": true
          },
          "IsVisible": true
        }
      ],
      "MeasureCollections": [],
      "MeasureCollections2": [],
      "GraphRelations": [],
      "Folders": []
    }
  },
  "WidgetKeywordTags": [],
  "DimensionAttributeUsages": [],
  "WidgetModel": {
    "WidgetModelId": "b9b112a1-e78f-4203-a8a5-02b144626f01",
    "ConfigJson": {
      "LevelAttributes": [
        {
          "Id": "a27ab63f-7700-7247-cc55-4f303f8876a7",
          "AttributeName": "Size Range",
          "Dimension": "Size Range",
          "EdgeDirection": null,
          "IsFilter": false,
          "Axis": "row",
          "IsDefault": true,
          "AllSelection": false,
          "SelectedMembers": [],
          "Name": "Size Range",
          "DimensionName": "Size Range",
          "IsVisible": true
        }
      ],
      "PeggingAttributes": [],
      "FlowPlanAttributes": [],
      "NamedSets": [],
      "RegularMeasures": [],
      "TransientMeasures": [],
      "GraphRelations": [],
      "Folders": [],
      "AssociationMeasures": [
        {}
      ],
      "AssociationMeasureExpressions": [
        {}
      ],
      "DataProperties": {
        "IncludeInactiveMembers": false,
        "IncludeNullMembers": true
      },
      "FilterProperties": {
        "VersionDependentFilter": false,
        "InterDependentMeasure": {},
        "ExcludeVersionInFavorite": false
      }
    }
  }
}