{
  "MeasureName": "Stat Last Run",
  "MeasureId": "32e40673-95ec-4f14-a6d8-8b95a1289cd0",
  "MeasureDescription": "When was the stat forecast last run",
  "DataType": "datetime",
  "MeasureType": "Regular",
  "AggregateFunction": "Null",
  "FormatString": "MM/dd/yyyy",
  "MeasureColumnName": "StatLastRun",
  "MeasureFormula": "",
  "IsEditable": false,
  "ApplyConversion": false,
  "ConversionFormula": "",
  "PickListName": null,
  "BgColorFormula": "",
  "FgColorFormula": "",
  "TrendFormula": "",
  "FormattingViewModel": null,
  "ParentMeasureName": null,
  "AssociationMeasure": false,
  "IsComputedByPlanningService": false,
  "ToolTip": "When was the stat forecast last run",
  "ConfigJson": {},
  "ApiName": null,
  "ApiDisabled": false,
  "IsReportingMeasure": false,
  "MeasureConditionalFormulaProperties": [],
  "PicklistSource": null
}