{
  "MeasureName": "Activity Planned Start Date",
  "MeasureId": "32200965-ece1-40d4-a3c8-e8340a63011c",
  "MeasureDescription": "Models the date from which the Activity will be actively affect revenue or spend",
  "DataType": "datetime",
  "MeasureType": "Regular",
  "AggregateFunction": "Min",
  "FormatString": "dd-MMM-yy",
  "MeasureColumnName": "ActivityPlannedStartDate",
  "MeasureFormula": "",
  "IsEditable": true,
  "ApplyConversion": false,
  "ConversionFormula": "",
  "PickListName": null,
  "BgColorFormula": "",
  "FgColorFormula": "",
  "TrendFormula": "",
  "FormattingViewModel": "[]",
  "ParentMeasureName": null,
  "AssociationMeasure": false,
  "IsComputedByPlanningService": false,
  "ToolTip": "Models the date from which the Activity will be actively affect revenue or spend",
  "ConfigJson": {},
  "ApiName": null,
  "ApiDisabled": false,
  "IsReportingMeasure": false,
  "MeasureConditionalFormulaProperties": [],
  "PicklistSource": null
}