{
  "Name": "SupplyPlan171CommonAddStorageNodeToMaterialNode",
  "Description": null,
  "ActionButtonId": "ca2aa9d8-3dec-4bb3-b596-0fb3965679c4",
  "Tooltip": "Add Storage To Material Node",
  "ActionButtonType": "Widget",
  "Alignment": "right",
  "IsPopOver": true,
  "IsGlobal": true,
  "ActionClickHandler": null,
  "Icon": null,
  "Image": null,
  "ConfigJson": {
    "DisplayName": "Add Storage To Material Node",
    "icon": "plus",
    "SubmitButton": {
      "Label": "Submit"
    },
    "ResetButton": {
      "Label": "Reset"
    },
    "CloseButton": {
      "Label": "Close",
      "ConfirmMessage": "Unsaved changes will be lost. Continue?"
    },
    "NotifyRoles": true,
    "NotifyAll": false,
    "IBPLRules": [
      {
        "template": "Cartesian Scope: ([Storage].[Storage ID].[{{StorageID}}] *[Item].[Item]{{#filter Item}} * [Location].[Location]{{#filter Location}} * [Version].[Version Name]{{#filter Version}});\nMeasure.[Storage Consumption Association Default]=1;\nend scope;\n"
      }
    ],
    "JavascriptRules": [],
    "FieldBindings": [
      {
        "fieldName": "Version",
        "title": "Version",
        "type": "picklistDropdown",
        "selectionType": "single",
        "clearSearch": true,
        "source": "filter",
        "DimensionName": "Version",
        "LevelAttributeName": "Version Name",
        "visible": true,
        "isEditable": true,
        "validation": {
          "maxLength": "0",
          "required": true
        }
      },
      {
        "fieldName": "Location",
        "title": "Location",
        "type": "picklistDropdown",
        "selectionType": "single",
        "clearSearch": true,
        "source": "filter",
        "DimensionName": "Location",
        "LevelAttributeName": "Location",
        "visible": true,
        "isEditable": true,
        "validation": {
          "maxLength": "0",
          "required": true
        }
      },
      {
        "fieldName": "Item",
        "title": "Item",
        "type": "picklistDropdown",
        "selectionType": "multiple",
        "clearSearch": true,
        "source": "datasource",
        "key": "ItemL",
        "visible": true,
        "isEditable": true,
        "validation": {
          "maxLength": "0",
          "required": true
        },
        "valueField": "Name",
        "textField": "Name",
        "cascadeFrom": "Location",
        "overrideFieldBindingType": false
      },
      {
        "fieldName": "StorageID",
        "title": "Storage ID",
        "type": "picklistDropdown",
        "selectionType": "single",
        "clearSearch": true,
        "source": "members",
        "DimensionName": "Storage",
        "LevelAttributeName": "Storage ID",
        "visible": true,
        "isEditable": true,
        "validation": {
          "maxLength": "0",
          "required": true
        }
      }
    ],
    "Range": [],
    "DataSources": [
      {
        "Name": "ItemL",
        "IBPLRules": [
          {
            "template": "Select ([Item].[Item]) where {[Version].[Version Name]{{#filter Version}}, [Location].[Location]{{#filter Location}},Measure.[Valid Item Location Association] > 0};"
          }
        ],
        "JavascriptRules": [],
        "IncludeDSFieldsOnly": false,
        "FieldBindings": []
      }
    ],
    "AutoExecute": false,
    "isAsync": false,
    "hasMembersUpdates": true,
    "Compact": true,
    "TwoColumn": false,
    "IsGlobalForExcelAddIn": false,
    "ReturnFilterByUpdate": true,
    "ExcludeFromNavLink": false,
    "FilterFieldBindings": []
  },
  "Widget": null,
  "Roles": []
}