{
  "AttributeName": "Commodity",
  "AttributeId": "891980bc-b5b3-46a6-b252-1139368aea3b",
  "AttributeHierarchyEnabled": true,
  "IsKey": false,
  "Description": "Commodity",
  "OrderBy": "Name",
  "KeyColumnName": "CommodityKey",
  "NameColumnName": "CommodityName",
  "KeyColumnDataType": "integer",
  "SeedTags": true,
  "KeyGenerationType": "Auto",
  "PickListName": null,
  "ConfigJson": {
    "ShowFilterAs": "TileView"
  },
  "FormatString": null,
  "Translation": null,
  "Aliases": [],
  "ApiName": null,
  "ApiDisabled": false
}