{
  "HierarchyName": "Process Hierarchy",
  "HierarchyId": "81e0cd84-6aec-4235-aaab-3d55d97b5654",
  "HierarchyDescription": "Process Hierarchy",
  "Translations": [],
  "Levels": [
    {
      "LevelName": "Process Type",
      "LevelId": "e6954906-658d-4f64-9c6b-8b4a131b4035",
      "SourceAttributeName": "Process Type",
      "LevelDescription": "Process Type",
      "LevelPosition": 0,
      "Translations": []
    },
    {
      "LevelName": "Process Sub Type",
      "LevelId": "955cb287-090e-4aa1-8fda-5e918e35a7d8",
      "SourceAttributeName": "Process Sub Type",
      "LevelDescription": "Process Sub Type",
      "LevelPosition": 1,
      "Translations": []
    },
    {
      "LevelName": "Process",
      "LevelId": "19ba7d49-b88e-4781-8155-c155348c0c1b",
      "SourceAttributeName": "Process",
      "LevelDescription": "Process",
      "LevelPosition": 2,
      "Translations": []
    }
  ]
}