{
  "AttributeName": "File Name",
  "AttributeId": "8ca74a52-af07-03e9-f74a-e82f24d18c89",
  "AttributeHierarchyEnabled": true,
  "IsKey": true,
  "Description": "File Name",
  "OrderBy": "Key",
  "KeyColumnName": "FileNameKey",
  "NameColumnName": "FileNameName",
  "KeyColumnDataType": "integer",
  "SeedTags": false,
  "KeyGenerationType": "Auto",
  "PickListName": null,
  "ConfigJson": {
    "ShowFilterAs": "TileView",
    "MemberDisplayNameEditable": true,
    "IsMultipleImage": false,
    "MemberDisplayColor": false
  },
  "FormatString": null,
  "Translation": null,
  "Aliases": [],
  "ApiName": null,
  "ApiDisabled": false
}