{
  "AttributeName": "From Location",
  "AttributeId": "879aea9e-1544-477f-bb91-0afecf4842f9",
  "AttributeHierarchyEnabled": true,
  "IsKey": false,
  "Description": "From Location",
  "OrderBy": "Name",
  "KeyColumnName": "FromLocationKey",
  "NameColumnName": "FromLocationName",
  "KeyColumnDataType": "integer",
  "SeedTags": true,
  "KeyGenerationType": "Auto",
  "PickListName": null,
  "ConfigJson": {
    "ShowFilterAs": "TileView"
  },
  "FormatString": null,
  "Translation": null,
  "Aliases": [],
  "ApiName": null,
  "ApiDisabled": false
}