{
  "AttributeName": "Activity Resource",
  "AttributeId": "25a49f17-0514-4a68-b587-6cdf1fbdd47b",
  "AttributeHierarchyEnabled": true,
  "IsKey": false,
  "Description": "Resource Attached to the Activity",
  "OrderBy": "Key",
  "KeyColumnName": "ActivityResourceKey",
  "NameColumnName": "ActivityResourceName",
  "KeyColumnDataType": "integer",
  "SeedTags": false,
  "KeyGenerationType": "Auto",
  "PickListName": null,
  "ConfigJson": {
    "ShowFilterAs": "TileView",
    "MemberDisplayNameEditable": true,
    "IsMultipleImage": false
  },
  "FormatString": null,
  "Translation": null,
  "Aliases": [],
  "ApiName": null,
  "ApiDisabled": false
}