{
  "/Workspaces/Class Plan-V3Migrated/Pages/Plan Sales/Views/Sales Mix/ViewWidgetDefinitions/BU Sales Mix_BU Sales Mix/ViewWidgetDefinition.json": {
    "commitId": "67265d86a7c2ea9491b6b3ec2118717f43997457",
    "committer": {
      "name": "sa.o9git-RefDev.rw",
      "email": "sa.o9git-RefDev.rw@platform.o9solutions.com",
      "date": "2024-09-02T03:39:55Z"
    }
  },
  "/Workspaces/Class Plan-V3Migrated/Pages/Plan Sales/Views/Sales Mix/ViewWidgetDefinitions/BU at Gregorian Calendar (GC)_BU at Gregorian Calendar (GC)/ViewWidgetDefinition.json": {
    "commitId": "e293f9719cb693b4d39b2f58cbd878a3262d9927",
    "committer": {
      "name": "sa.o9git-RefDev.rw",
      "email": "sa.o9git-RefDev.rw@platform.o9solutions.com",
      "date": "2024-09-02T03:39:57Z"
    }
  },
  "/Workspaces/Class Plan-V3Migrated/Pages/Plan Sales/Views/Sales Mix/View.json": {
    "commitId": "27e1747a0c17775b935a445d34170a7ad061d188",
    "committer": {
      "name": "sa.o9git-RefDev.rw",
      "email": "sa.o9git-RefDev.rw@platform.o9solutions.com",
      "date": "2024-09-02T03:40:00Z"
    }
  },
  "/Plans/MFP RMA Product Plan/MeasureGroups/025 Bottom Up Plan RMA/Measures/BU BOP Markup % Override RMA/MeasureSpreads/BU BOP Markup % Override RMA_Basis Measure.json": {
    "commitId": "da286fc9f98c50204279bee899c2b42061e51334",
    "committer": {
      "name": "sa.o9git-RefDev.rw",
      "email": "sa.o9git-RefDev.rw@platform.o9solutions.com",
      "date": "2024-12-05T09:16:24Z"
    }
  }
}