{
  "ModuleId": "e8a1d971-67ac-40b9-89f5-f60d79b5c317",
  "ModuleName": "o9 Retail MFP RMA Product Plan",
  "Description": "o9 Retail MFP Retail Accounting Method of Product Plan",
  "URL": "https://dev.azure.com/o9git/ec07b4e6-de11-4c3d-988e-d2ed5a5a28e9/_apis/git/repositories/e8a1d971-67ac-40b9-89f5-f60d79b5c317",
  "ParentModule": null,
  "Dependencies": null,
  "Type": "Regular",
  "Category": null,
  "Project": {
    "Id": "ec07b4e6-de11-4c3d-988e-d2ed5a5a28e9",
    "Name": "RefDev",
    "Url": "https://dev.azure.com/o9git/_apis/projects/ec07b4e6-de11-4c3d-988e-d2ed5a5a28e9"
  },
  "VersionType": "branch",
  "Version": null,
  "IsReadOnlyModule": false,
  "CreatorEmail": "karthik.alagesh@o9solutions.com",
  "CreationTime": "2023-07-19T07:00:25.3817609+00:00",
  "IsMergedModule": false,
  "MergedModuleParentModule": null,
  "IsSolutionBlock": false,
  "NameSpace": ""
}