{
  "Name": "PCSupplyPlan0100NettingCG",
  "Description": "Demand Netting Code Generator",
  "ActionButtonId": "7aa4df54-050c-fe59-28ef-e7ae2c742dbe",
  "Tooltip": "Demand Netting Code Generator",
  "ActionButtonType": "Integration3 Function",
  "Alignment": "right",
  "IsPopOver": true,
  "IsGlobal": false,
  "ActionClickHandler": null,
  "Icon": null,
  "Image": null,
  "ConfigJson": {
    "Pipeline": "Demand_Netting",
    "DisplayName": "Demand Netting Code Generator",
    "icon": "fire",
    "Position": "0",
    "SubmitButton": {
      "Label": "Submit"
    },
    "ResetButton": {
      "Label": "Reset"
    },
    "CloseButton": {
      "Label": "Close",
      "ConfirmMessage": "Unsaved changes will be lost. Continue?"
    },
    "NotifyRoles": true,
    "NotifyAll": false,
    "FieldBindings": [
      {
        "fieldName": "version",
        "title": "Version Name",
        "Description": "Version",
        "type": "picklistDropdown",
        "selectionType": "single",
        "clearSearch": true,
        "source": "filter",
        "DimensionName": "Version",
        "LevelAttributeName": "Version Name",
        "visible": true,
        "isEditable": true,
        "validation": {
          "maxLength": "0",
          "required": true
        }
      },
      {
        "fieldName": "instance",
        "title": "Component Instance",
        "Description": "Instance",
        "type": "picklistDropdown",
        "selectionType": "single",
        "clearSearch": true,
        "source": "filter",
        "DimensionName": "o9PC Component",
        "LevelAttributeName": "Component Instance",
        "visible": true,
        "isEditable": true,
        "validation": {
          "maxLength": "0",
          "required": true
        }
      },
      {
        "fieldName": "configBlock",
        "title": "Config Block",
        "Description": "Config Block Where plugin is generated",
        "type": "string",
        "clearSearch": true,
        "source": "literal",
        "visible": true,
        "isEditable": true,
        "validation": {
          "maxLength": "0",
          "required": true
        },
        "defaultValue": "o9 SP Netting"
      },
      {
        "fieldName": "sparkMode",
        "title": "Big Data",
        "Description": "Spark Mode for Big Data",
        "type": "boolean",
        "clearSearch": true,
        "source": "literal",
        "defaultValue": false,
        "visible": true,
        "isEditable": true,
        "validation": {
          "maxLength": "0",
          "required": true
        }
      }
    ],
    "Range": [],
    "DataSources": [],
    "AutoExecute": false,
    "hasMembersUpdates": false,
    "Compact": false,
    "TwoColumn": false,
    "ParameterToFieldBindingMapping": {
      "refdevsp11_params": {
        "version": "version",
        "instance": "instance",
        "isSpark": "sparkMode",
        "tenant_module_id": "configBlock"
      }
    },
    "ExcludeFromNavLink": false,
    "FilterFieldBindings": [],
    "isAsync": true
  },
  "Widget": null,
  "Roles": []
}