{
  "MeasureName": "o9EKGSuccessCount",
  "MeasureId": "b8f6a6fb-eaf1-4159-99f8-5029850cf733",
  "MeasureDescription": "SuccessCount",
  "DataType": "number",
  "MeasureType": "Regular",
  "AggregateFunction": "Sum",
  "FormatString": "#,##0; (#,##0)",
  "MeasureColumnName": "o9EKGSuccessCount",
  "MeasureFormula": null,
  "IsEditable": false,
  "ApplyConversion": false,
  "ConversionFormula": "",
  "PickListName": null,
  "BgColorFormula": null,
  "FgColorFormula": null,
  "TrendFormula": null,
  "FormattingViewModel": null,
  "ParentMeasureName": null,
  "AssociationMeasure": false,
  "IsComputedByPlanningService": false,
  "ToolTip": "SuccessCount",
  "ConfigJson": {},
  "ApiName": null,
  "ApiDisabled": false,
  "IsReportingMeasure": false,
  "MeasureConditionalFormulaProperties": [],
  "PicklistSource": null
}