{
  "Name": "APWSSIPlan",
  "Description": "Performance Indicator",
  "ActionButtonId": "bc96927d-d42e-eff5-e1c1-3c0f4e4408f7",
  "Tooltip": "Performance Indicator",
  "ActionButtonType": "Rule",
  "Alignment": "right",
  "IsPopOver": true,
  "IsGlobal": false,
  "ActionClickHandler": null,
  "Icon": null,
  "Image": null,
  "ConfigJson": {
    "DisplayName": "Performance Indicator",
    "icon": "certificate",
    "Position": "0",
    "SubmitButton": {
      "Label": "Submit"
    },
    "ResetButton": {
      "Label": "Reset"
    },
    "CloseButton": {
      "Label": "Close",
      "ConfirmMessage": "Unsaved changes will be lost. Continue?"
    },
    "NotifyAll": false,
    "IBPLRules": [
      {
        "template": "scope: (&CWV * &APClasses.relatedmembers([Planning Item]) * &APCountries.relatedmembers([Location]) * &APChannels * &APSellingSeasons * &APClusters );\nMeasure.[Ttl Sls Rtl Gap] =\nif (Measure.[WSSI KPI]@([Item].#.AncestorsAtLevel([L3]).element(0))==\"0\") then\n    (if (Measure.[YTD Ttl Sls Rtl Act vs RP]@([Item].#.AncestorsAtLevel([L3]).element(0))>1) then\n        (if(Measure.[Threshold (Over)]@([Item].#.AncestorsAtLevel([L3]).element(0))==\"1\" && Measure.[YTD Ttl Sls Rtl Act vs RP]@([Item].#.AncestorsAtLevel([L3]).element(0))>1.2) Then \"Over\" \n        else if(Measure.[Threshold (Over)]@([Item].#.AncestorsAtLevel([L3]).element(0))==\"2\" && Measure.[YTD Ttl Sls Rtl Act vs RP]@([Item].#.AncestorsAtLevel([L3]).element(0))>1.1) then \"Over\"\n        else if (Measure.[Threshold (Over)]@([Item].#.AncestorsAtLevel([L3]).element(0))==\"3\" && Measure.[YTD Ttl Sls Rtl Act vs RP]@([Item].#.AncestorsAtLevel([L3]).element(0))>1) then \"Over\" \n        else \"Balanced\")\n    else if (Measure.[YTD Ttl Sls Rtl Act vs RP]@([Item].#.AncestorsAtLevel([L3]).element(0))<1) then\n        (if(Measure.[Threshold (Under)]@([Item].#.AncestorsAtLevel([L3]).element(0))==\"1\" && Measure.[YTD Ttl Sls Rtl Act vs RP]@([Item].#.AncestorsAtLevel([L3]).element(0)) < 0.7) then \"Under\"\n        else if(Measure.[Threshold (Under)]@([Item].#.AncestorsAtLevel([L3]).element(0))==\"2\" && Measure.[YTD Ttl Sls Rtl Act vs RP]@([Item].#.AncestorsAtLevel([L3]).element(0)) < 0.8) then \"Under\"\n        else if(Measure.[Threshold (Under)]@([Item].#.AncestorsAtLevel([L3]).element(0))==\"3\" && Measure.[YTD Ttl Sls Rtl Act vs RP]@([Item].#.AncestorsAtLevel([L3]).element(0)) < 0.9) then \"Under\"\n        else \"Balanced\")\n    else \"Balanced\")\nelse null;\nend scope;\n\n______________________________________________________\n\n\nscope: (&CWV * &APClasses.relatedmembers([Planning Item]) * &APCountries.relatedmembers([Location]) * &APChannels * &APSellingSeasons * &APClusters );\nMeasure.[WSSI ROS Gap] =\nif (Measure.[WSSI KPI]@([Item].#.AncestorsAtLevel([L3]).element(0))==\"1\") then\n    (if (Measure.[YTD ROS Act vs RP]@([Item].#.AncestorsAtLevel([L3]).element(0))>1) then\n        (if(Measure.[Threshold (Over)]@([Item].#.AncestorsAtLevel([L3]).element(0))==\"1\" && Measure.[YTD ROS Act vs RP]@([Item].#.AncestorsAtLevel([L3]).element(0))>1.2) Then \"Over\" \n        else if(Measure.[Threshold (Over)]@([Item].#.AncestorsAtLevel([L3]).element(0))==\"2\" && Measure.[YTD ROS Act vs RP]@([Item].#.AncestorsAtLevel([L3]).element(0))>1.1) then \"Over\"\n        else if (Measure.[Threshold (Over)]@([Item].#.AncestorsAtLevel([L3]).element(0))==\"3\" && Measure.[YTD ROS Act vs RP]@([Item].#.AncestorsAtLevel([L3]).element(0))>1) then \"Over\" \n        else \"Balanced\")\n    else if (Measure.[YTD ROS Act vs RP]@([Item].#.AncestorsAtLevel([L3]).element(0))<1) then\n        (if(Measure.[Threshold (Under)]@([Item].#.AncestorsAtLevel([L3]).element(0))==\"1\" && Measure.[YTD ROS Act vs RP]@([Item].#.AncestorsAtLevel([L3]).element(0)) < 0.7) then \"Under\"\n        else if(Measure.[Threshold (Under)]@([Item].#.AncestorsAtLevel([L3]).element(0))==\"2\" && Measure.[YTD ROS Act vs RP]@([Item].#.AncestorsAtLevel([L3]).element(0)) < 0.8) then \"Under\"\n        else if(Measure.[Threshold (Under)]@([Item].#.AncestorsAtLevel([L3]).element(0))==\"3\" && Measure.[YTD ROS Act vs RP]@([Item].#.AncestorsAtLevel([L3]).element(0)) < 0.9) then \"Under\"\n        else \"Balanced\")\n    else \"Balanced\")\nelse null;\nend scope;\n\n____________________________________________________________\n\n\n\nscope: (&CWV * &APClasses.relatedmembers([Planning Item]) * &APCountries.relatedmembers([Location]) * &APChannels * &APSellingSeasons * &APClusters );\nMeasure.[Gross Margin Rtl Gap] =\nif (Measure.[WSSI KPI]@([Item].#.AncestorsAtLevel([L3]).element(0))==\"2\") then\n    (if (Measure.[YTD Gross Margin Rtl Act vs RP]@([Item].#.AncestorsAtLevel([L3]).element(0))>1) then\n        (if(Measure.[Threshold (Over)]@([Item].#.AncestorsAtLevel([L3]).element(0))==\"1\" && Measure.[YTD Gross Margin Rtl Act vs RP]@([Item].#.AncestorsAtLevel([L3]).element(0))>1.2) Then \"Over\" \n        else if(Measure.[Threshold (Over)]@([Item].#.AncestorsAtLevel([L3]).element(0))==\"2\" && Measure.[YTD Gross Margin Rtl Act vs RP]@([Item].#.AncestorsAtLevel([L3]).element(0))>1.1) then \"Over\"\n        else if (Measure.[Threshold (Over)]@([Item].#.AncestorsAtLevel([L3]).element(0))==\"3\" && Measure.[YTD Gross Margin Rtl Act vs RP]@([Item].#.AncestorsAtLevel([L3]).element(0))>1) then \"Over\" \n        else \"Balanced\")\n    else if (Measure.[YTD Gross Margin Rtl Act vs RP]@([Item].#.AncestorsAtLevel([L3]).element(0))<1) then\n        (if(Measure.[Threshold (Under)]@([Item].#.AncestorsAtLevel([L3]).element(0))==\"1\" && Measure.[YTD Gross Margin Rtl Act vs RP]@([Item].#.AncestorsAtLevel([L3]).element(0)) < 0.7) then \"Under\"\n        else if(Measure.[Threshold (Under)]@([Item].#.AncestorsAtLevel([L3]).element(0))==\"2\" && Measure.[YTD Gross Margin Rtl Act vs RP]@([Item].#.AncestorsAtLevel([L3]).element(0)) < 0.8) then \"Under\"\n        else if(Measure.[Threshold (Under)]@([Item].#.AncestorsAtLevel([L3]).element(0))==\"3\" && Measure.[YTD Gross Margin Rtl Act vs RP]@([Item].#.AncestorsAtLevel([L3]).element(0)) < 0.9) then \"Under\"\n        else \"Balanced\")\n    else \"Balanced\")\nelse null;\nend scope;\n\n_______________________________________________________\n\nscope: (&CWV * &APClasses.relatedmembers([Planning Item]) * &APCountries.relatedmembers([Location]) * &APChannels * &APSellingSeasons * &APClusters );\nMeasure.[WOS Gap] =\nif (Measure.[WSSI KPI]@([Item].#.AncestorsAtLevel([L3]).element(0))==\"3\") then\n    (if (Measure.[YTD WOS Act vs RP]@([Item].#.AncestorsAtLevel([L3]).element(0))>1) then\n        (if(Measure.[Threshold (Over)]@([Item].#.AncestorsAtLevel([L3]).element(0))==\"1\" && Measure.[YTD WOS Act vs RP]@([Item].#.AncestorsAtLevel([L3]).element(0))>1.2) Then \"Over\" \n        else if(Measure.[Threshold (Over)]@([Item].#.AncestorsAtLevel([L3]).element(0))==\"2\" && Measure.[YTD WOS Act vs RP]@([Item].#.AncestorsAtLevel([L3]).element(0))>1.1) then \"Over\"\n        else if (Measure.[Threshold (Over)]@([Item].#.AncestorsAtLevel([L3]).element(0))==\"3\" && Measure.[YTD WOS Act vs RP]@([Item].#.AncestorsAtLevel([L3]).element(0))>1) then \"Over\" \n        else \"Balanced\")\n    else if (Measure.[YTD WOS Act vs RP]@([Item].#.AncestorsAtLevel([L3]).element(0))<1) then\n        (if(Measure.[Threshold (Under)]@([Item].#.AncestorsAtLevel([L3]).element(0))==\"1\" && Measure.[YTD WOS Act vs RP]@([Item].#.AncestorsAtLevel([L3]).element(0)) < 0.7) then \"Under\"\n        else if(Measure.[Threshold (Under)]@([Item].#.AncestorsAtLevel([L3]).element(0))==\"2\" && Measure.[YTD WOS Act vs RP]@([Item].#.AncestorsAtLevel([L3]).element(0)) < 0.8) then \"Under\"\n        else if(Measure.[Threshold (Under)]@([Item].#.AncestorsAtLevel([L3]).element(0))==\"3\" && Measure.[YTD WOS Act vs RP]@([Item].#.AncestorsAtLevel([L3]).element(0)) < 0.9) then \"Under\"\n        else \"Balanced\")\n    else \"Balanced\")\nelse null;\nend scope;\n\n\n_________________________________________________\n\n\nscope: (&CWV * &APClasses.relatedmembers([Planning Item]) * &APCountries.relatedmembers([Location]) * &APChannels * &APSellingSeasons * &APClusters );\nMeasure.[Sell Thru Gap] =\nif (Measure.[WSSI KPI]@([Item].#.AncestorsAtLevel([L3]).element(0))==\"4\") then\n    (if (Measure.[YTD Sell Thru Act vs RP]@([Item].#.AncestorsAtLevel([L3]).element(0))>1) then\n        (if(Measure.[Threshold (Over)]@([Item].#.AncestorsAtLevel([L3]).element(0))==\"1\" && Measure.[YTD Sell Thru Act vs RP]@([Item].#.AncestorsAtLevel([L3]).element(0))>1.2) Then \"Over\" \n        else if(Measure.[Threshold (Over)]@([Item].#.AncestorsAtLevel([L3]).element(0))==\"2\" && Measure.[YTD Sell Thru Act vs RP]@([Item].#.AncestorsAtLevel([L3]).element(0))>1.1) then \"Over\"\n        else if (Measure.[Threshold (Over)]@([Item].#.AncestorsAtLevel([L3]).element(0))==\"3\" && Measure.[YTD Sell Thru Act vs RP]@([Item].#.AncestorsAtLevel([L3]).element(0))>1) then \"Over\" \n        else \"Balanced\")\n    else if (Measure.[YTD Sell Thru Act vs RP]@([Item].#.AncestorsAtLevel([L3]).element(0))<1) then\n        (if(Measure.[Threshold (Under)]@([Item].#.AncestorsAtLevel([L3]).element(0))==\"1\" && Measure.[YTD Sell Thru Act vs RP]@([Item].#.AncestorsAtLevel([L3]).element(0)) < 0.7) then \"Under\"\n        else if(Measure.[Threshold (Under)]@([Item].#.AncestorsAtLevel([L3]).element(0))==\"2\" && Measure.[YTD Sell Thru Act vs RP]@([Item].#.AncestorsAtLevel([L3]).element(0)) < 0.8) then \"Under\"\n        else if(Measure.[Threshold (Under)]@([Item].#.AncestorsAtLevel([L3]).element(0))==\"3\" && Measure.[YTD Sell Thru Act vs RP]@([Item].#.AncestorsAtLevel([L3]).element(0)) < 0.9) then \"Under\"\n        else \"Balanced\")\n    else \"Balanced\")\nelse null;\nend scope;\n\n"
      }
    ],
    "JavascriptRules": [],
    "FieldBindings": [
      {
        "fieldName": "Version",
        "title": "Version",
        "Description": "Version",
        "type": "dropdown",
        "selectionType": "single",
        "clearSearch": true,
        "source": "filter",
        "DimensionName": "Version",
        "LevelAttributeName": "Version Name",
        "visible": true,
        "isEditable": true,
        "validation": {
          "maxLength": "0",
          "required": true
        }
      }
    ],
    "Range": [],
    "DataSources": [],
    "AutoExecute": false,
    "isAsync": true,
    "hasMembersUpdates": false,
    "Compact": true,
    "TwoColumn": false,
    "IsGlobalForExcelAddIn": false,
    "enableTransaction": false,
    "ExcludeFromNavLink": false,
    "FilterFieldBindings": []
  },
  "Widget": null,
  "Roles": []
}