{
  "Name": "SupplyPlan170BodLaneUpdateRule",
  "Description": "Edit Rule for BODLane",
  "ActionButtonId": "db4e40e4-4524-4171-f8db-f915c75ac694",
  "Tooltip": "Edit Rule for BODLane",
  "ActionButtonType": "Rule",
  "Alignment": "right",
  "IsPopOver": true,
  "IsGlobal": false,
  "ActionClickHandler": null,
  "Icon": null,
  "Image": null,
  "ConfigJson": {
    "icon": "pencil",
    "Position": "0",
    "SubmitButton": {
      "Label": "Submit"
    },
    "ResetButton": {
      "Label": "Reset"
    },
    "CloseButton": {
      "Label": "Close",
      "ConfirmMessage": "Unsaved changes will be lost. Continue?"
    },
    "NotifyRoles": true,
    "NotifyAll": false,
    "IBPLRules": [
      {
        "template": "//Nulling out the existing Assoc's---------\nScope: ([Version].[Version Name].filter(#.Name in {\"{{Version}}\"}) * [Data Object].[Data Object].[Item BODLane Association]*[DM Rule].[Rule]{{#filter DMRule}} * [Activity1].[To Location]);\nMeasure.[ABDM BODLane Destination Location Association] = null;\nend scope;\n\n\nScope: ([Version].[Version Name].filter(#.Name in {\"{{Version}}\"}) * [Data Object].[Data Object].[Item BODLane Association]*[DM Rule].[Rule]{{#filter DMRule}}* [Item].[Item Type]);\nMeasure.[ABDM Item Type Association] = null;\nend scope;\n\nScope: ([Version].[Version Name].filter(#.Name in {\"{{Version}}\"}) * [Data Object].[Data Object].[Item BODLane Association]*[DM Rule].[Rule]{{#filter DMRule}} * [Item].[PackageType]);\nMeasure.[ABDM PackageType Association] = null;\nend scope;\n\nScope: ([Version].[Version Name].filter(#.Name in {\"{{Version}}\"}) * [Data Object].[Data Object].[Item BODLane Association]*[DM Rule].[Rule]{{#filter DMRule}} * [Item].[ContainerType]);\nMeasure.[ABDM ContainerType Association] = null;\nend scope;\n\nScope: ([Version].[Version Name].filter(#.Name in {\"{{Version}}\"}) * [Data Object].[Data Object].[Item BODLane Association]*[DM Rule].[Rule]{{#filter DMRule}}* [Item].[L1]);\nMeasure.[ABDM BODLane Item L1 Association] = null;\nend scope;\n\n\nScope: ([Version].[Version Name].filter(#.Name in {\"{{Version}}\"}) * [Data Object].[Data Object].[Item BODLane Association]*[DM Rule].[Rule]{{#filter DMRule}}* [Item].[Item Stage]);\nMeasure.[ABDM BODLane ItemStage Association] = null;\nend scope;"
      },
      {
        "template": "//Repopulating the Assoc's------------\n\n\nCartesian Scope: ([Version].[Version Name].filter(#.Name in {\"{{Version}}\"}) * [Data Object].[Data Object].[Item BODLane Association]*[DM Rule].[Rule]{{#filter DMRule}} * [Activity1].[To Location]{{#filter Activity1BODLaneToLoc}});\nMeasure.[ABDM BODLane Destination Location Association] = 1;\nend Scope;\n\n\nCartesian Scope: ([Version].[Version Name].filter(#.Name in {\"{{Version}}\"}) * [Data Object].[Data Object].[Item BODLane Association]*[DM Rule].[Rule]{{#filter DMRule}}* [Item].[Item Type]{{#filter ItemType}});\nMeasure.[ABDM Item Type Association] = 1;\nend Scope;\n\nCartesian Scope: ([Version].[Version Name].filter(#.Name in {\"{{Version}}\"}) * [Data Object].[Data Object].[Item BODLane Association]*[DM Rule].[Rule]{{#filter DMRule}} * [Item].[PackageType]{{#filter PackageType}});\nMeasure.[ABDM PackageType Association] = 1;\nend Scope;\n\nCartesian Scope: ([Version].[Version Name].filter(#.Name in {\"{{Version}}\"}) * [Data Object].[Data Object].[Item BODLane Association]*[DM Rule].[Rule]{{#filter DMRule}} * [Item].[ContainerType]{{#filter ContainerType}});\nMeasure.[ABDM ContainerType Association] = 1;\nend Scope;\n\nCartesian Scope: ([Version].[Version Name].filter(#.Name in {\"{{Version}}\"}) * [Data Object].[Data Object].[Item BODLane Association]*[DM Rule].[Rule]{{#filter DMRule}}* [Item].[Item Stage]{{#filter ItemStage}});\nMeasure.[ABDM BODLane ItemStage Association] = 1;\nend Scope;\n\nCartesian Scope: ([Version].[Version Name].filter(#.Name in {\"{{Version}}\"}) * [Data Object].[Data Object].[Item BODLane Association]*[DM Rule].[Rule]{{#filter DMRule}}* [Item].[L1]{{#filter ItemL1}});\nMeasure.[ABDM BODLane Item L1 Association] = 1;\nend Scope;"
      },
      {
        "template": "Scope: ([Version].[Version Name].filter(#.Name in {\"{{Version}}\"}) * [Data Object].[Data Object].[Item BODLane Association]*[DM Rule].[Rule]{{#filter DMRule}});\nMeasure.[ABDM Item Lane Transmode Association]=\"1\";\nMeasure.[ABDM Item Lane Transmode Lead Time]={{LeadTime}};\nMeasure.[ABDM Item BODLane TransMode Lot Size Increment]={{LotSizeIncrement}};\nMeasure.[ABDM Item BODLane TransMode Soft Lot Size]={{SoftLotSize}};\nMeasure.[ABDM Item BODLane TransMode Min Lot Size]={{MinLotSize}};\nMeasure.[ABDM DIST Exclude For MP]={{DISTExcludeForMP}};\nMeasure.[ABDM DIST Exclude For OP]={{DISTExcludeForOP}};\nMeasure.[ABDM DIST Include For MP]= if ({{DISTExcludeForMP}} == True) then False else True;\nMeasure.[ABDM DIST Include For OP]=if ({{DISTExcludeForOP}} == True) then False else True;\nMeasure.[Rule Sequence]={{RuleSequence}};\n\nend scope;\n\n{{#if StartDate}}\nScope: ([Version].[Version Name].filter(#.Name in {\"{{Version}}\"}) * [Data Object].[Data Object].[Item BODLane Association]*[DM Rule].[Rule]{{#filter DMRule}});\nMeasure.[ABDM Item BODLane TransMode Start Date]=todatetime(\"{{StartDate}}\");\nend scope;\n{{/if}}\n\n{{#if EndDate}}\nScope: ([Version].[Version Name].filter(#.Name in {\"{{Version}}\"}) * [Data Object].[Data Object].[Item BODLane Association]*[DM Rule].[Rule]{{#filter DMRule}});\nMeasure.[ABDM Item BODLane TransMode End Date]=todatetime(\"{{EndDate}}\");\nend scope;\n{{/if}}\n\nScope: ([Version].[Version Name].filter(#.Name in {\"{{Version}}\"}) * [Data Object].[Data Object].[Item BODLane Association]*[DM Rule].[Rule]{{#filter DMRule}});\nMeasure.[ABDM Updated TimeStamp]=todatetime(\"{{TimeStamp}}\");\nMeasure.[ABDM Updated User]=(\"{{User}}\");\nMeasure.[Rule Comment]=(\"{{NewRuleDescription}}\");\nend scope;\n"
      }
    ],
    "JavascriptRules": [
      {
        "modulename": "o9.SupplyPlan170UpdateRule.MultiItemAttributes",
        "functionname": "MultiItemAttributes"
      },
      {
        "modulename": "o9.SupplyPlan170UpdateRule.MultiDestinations",
        "functionname": "MultiDestinations"
      }
    ],
    "FieldBindings": [
      {
        "fieldName": "Version",
        "title": "Version",
        "type": "picklistDropdown",
        "selectionType": "single",
        "clearSearch": true,
        "source": "filter",
        "DimensionName": "Version",
        "LevelAttributeName": "Version Name",
        "visible": true,
        "isEditable": true,
        "validation": {
          "maxLength": "0",
          "required": true
        }
      },
      {
        "fieldName": "DMRule",
        "title": "Rule",
        "Description": "Rule",
        "type": "picklistDropdown",
        "selectionType": "multiple",
        "clearSearch": true,
        "source": "parentAttribute",
        "DimensionName": "DM Rule",
        "key": {
          "LevelAttribute": {
            "Name": "Rule",
            "Property": "Name"
          }
        },
        "visible": true,
        "isEditable": false,
        "validation": {
          "maxLength": "0",
          "required": true
        }
      },
      {
        "fieldName": "o9BodLaneRuleFinal",
        "title": "o9 BodLane Rule Final",
        "type": "picklistDropdown",
        "clearSearch": true,
        "source": "datasource",
        "key": "o9BodLaneRuleDS",
        "valueField": "Value",
        "textField": "Value",
        "visible": false,
        "isEditable": true,
        "cascadeFrom": "Version",
        "validation": {
          "maxLength": "0",
          "required": true
        },
        "overrideFieldBindingType": false
      },
      {
        "fieldName": "DataObject",
        "title": "Data Object",
        "type": "picklistDropdown",
        "clearSearch": true,
        "source": "members",
        "DimensionName": "Data Object",
        "LevelAttributeName": "Data Object",
        "FilterExpression": "[Data Object].[Data Object].[Item BODLane Association]",
        "visible": false,
        "isEditable": false,
        "validation": {
          "maxLength": "0",
          "required": true
        }
      },
      {
        "fieldName": "Activity2TransMode",
        "title": "TransMode",
        "type": "picklistDropdown",
        "fieldGroup": "Lane Setup",
        "selectionType": "single",
        "clearSearch": true,
        "source": "parentMeasureWithDataSource",
        "key": {
          "Measure": {
            "Name": "Activity2 Transmode"
          }
        },
        "visible": true,
        "isEditable": true,
        "validation": {
          "required": true
        },
        "dataSourceBinding": {
          "key": "TransmodeDS",
          "valueField": "Name",
          "textField": "Name"
        }
      },
      {
        "fieldName": "Activity1BODLaneFromLoc",
        "title": "Source Location",
        "type": "picklistDropdown",
        "fieldGroup": "Lane Setup",
        "selectionType": "single",
        "clearSearch": true,
        "source": "parentMeasureWithDataSource",
        "key": {
          "Measure": {
            "Name": "Activity1 From Location"
          }
        },
        "visible": true,
        "isEditable": true,
        "validation": {
          "required": true
        },
        "dataSourceBinding": {
          "key": "Activity1FromLocDS",
          "valueField": "DisplayName",
          "textField": "DisplayName"
        }
      },
      {
        "fieldName": "PrefixFB",
        "title": "Prefix",
        "type": "string",
        "fieldGroup": "Lane Setup",
        "clearSearch": true,
        "source": "literal",
        "visible": true,
        "isEditable": true,
        "validation": {
          "maxLength": "0",
          "required": false
        }
      },
      {
        "fieldName": "ItemLaneTransModeAssoc",
        "title": "Item Lane Transmode Association",
        "type": "number",
        "fieldGroup": "Lane Setup",
        "clearSearch": true,
        "source": "literal",
        "visible": false,
        "isEditable": true,
        "validation": {
          "maxLength": "0",
          "required": false
        }
      },
      {
        "fieldName": "LeadTime",
        "title": "Lead Time",
        "type": "string",
        "fieldGroup": "Lane Setup",
        "clearSearch": true,
        "source": "parentMeasure",
        "key": {
          "Measure": {
            "Name": "ABDM Item Lane Transmode Lead Time"
          }
        },
        "visible": true,
        "isEditable": true,
        "validation": {
          "maxLength": "0",
          "required": false
        }
      },
      {
        "fieldName": "LotSizeIncrement",
        "title": "Lot Size Increment",
        "type": "string",
        "fieldGroup": "Lane Setup",
        "clearSearch": true,
        "source": "parentMeasure",
        "key": {
          "Measure": {
            "Name": "ABDM Item BODLane TransMode Lot Size Increment"
          }
        },
        "visible": true,
        "isEditable": true,
        "validation": {
          "maxLength": "0",
          "required": false
        }
      },
      {
        "fieldName": "SoftLotSize",
        "title": "Soft LotSize",
        "type": "string",
        "fieldGroup": "Lane Setup",
        "clearSearch": true,
        "source": "parentMeasure",
        "key": {
          "Measure": {
            "Name": "ABDM Item BODLane TransMode Soft Lot Size"
          }
        },
        "visible": true,
        "isEditable": true,
        "validation": {
          "maxLength": "0",
          "required": false
        }
      },
      {
        "fieldName": "MinLotSize",
        "title": "Min Lot Size",
        "type": "string",
        "fieldGroup": "Lane Setup",
        "clearSearch": true,
        "source": "parentMeasure",
        "key": {
          "Measure": {
            "Name": "ABDM Item BODLane TransMode Min Lot Size"
          }
        },
        "visible": true,
        "isEditable": true,
        "validation": {
          "maxLength": "0",
          "required": false
        }
      },
      {
        "fieldName": "StartDate",
        "title": "Start Date",
        "type": "datetime",
        "fieldGroup": "Lane Setup",
        "clearSearch": true,
        "source": "parentMeasure",
        "key": {
          "Measure": {
            "Name": "ABDM Item BODLane TransMode Start Date"
          }
        },
        "visible": true,
        "isEditable": true,
        "validation": {
          "maxLength": "0",
          "required": false
        }
      },
      {
        "fieldName": "EndDate",
        "title": "End Date",
        "type": "datetime",
        "fieldGroup": "Lane Setup",
        "clearSearch": true,
        "source": "parentMeasure",
        "key": {
          "Measure": {
            "Name": "ABDM Item BODLane TransMode End Date"
          }
        },
        "visible": true,
        "isEditable": true,
        "validation": {
          "maxLength": "0",
          "required": false
        }
      },
      {
        "fieldName": "DISTExcludeForOP",
        "title": "Exclude For OP",
        "type": "boolean",
        "clearSearch": true,
        "source": "parentMeasure",
        "key": {
          "Measure": {
            "Name": "ABDM DIST Exclude For OP"
          }
        },
        "visible": true,
        "isEditable": true,
        "validation": {
          "maxLength": "0",
          "required": true
        },
        "defaultValue": false,
        "fieldGroup": "Lane Setup"
      },
      {
        "fieldName": "DISTExcludeForMP",
        "title": "Exclude For MP",
        "type": "boolean",
        "fieldGroup": "Lane Setup",
        "clearSearch": true,
        "source": "parentMeasure",
        "key": {
          "Measure": {
            "Name": "ABDM DIST Exclude For MP"
          }
        },
        "visible": true,
        "isEditable": true,
        "validation": {
          "maxLength": "0",
          "required": true
        },
        "defaultValue": false
      },
      {
        "fieldName": "RuleSequence",
        "title": "Rule Sequence",
        "type": "number",
        "fieldGroup": "Lane Setup",
        "clearSearch": true,
        "source": "parentMeasure",
        "key": {
          "Measure": {
            "Name": "Rule Sequence"
          }
        },
        "visible": true,
        "isEditable": true,
        "validation": {
          "maxLength": "0",
          "required": true
        }
      },
      {
        "fieldName": "NewRuleDescription",
        "title": "New Rule Comment",
        "type": "string",
        "clearSearch": true,
        "source": "literal",
        "visible": true,
        "isEditable": true,
        "validation": {
          "maxLength": "0",
          "required": false
        }
      },
      {
        "fieldName": "User",
        "title": "User",
        "type": "string",
        "clearSearch": true,
        "source": "datasource",
        "key": "DSUser",
        "valueField": "Name",
        "textField": "Name",
        "visible": false,
        "isEditable": true,
        "validation": {
          "maxLength": "0",
          "required": true
        },
        "overrideFieldBindingType": false
      },
      {
        "fieldName": "TimeStamp",
        "title": "Time Stamp",
        "type": "datetime",
        "fieldGroup": "Lane Setup",
        "clearSearch": true,
        "source": "datasource",
        "key": "DSTimeStamp",
        "valueField": "result",
        "textField": "result",
        "visible": false,
        "isEditable": true,
        "validation": {
          "maxLength": "0",
          "required": true
        },
        "overrideFieldBindingType": false
      },
      {
        "fieldName": "ItemType",
        "title": "Item Type",
        "Description": "Select Item Type",
        "type": "picklistDropdown",
        "fieldGroup": "Item Attributes",
        "selectionType": "multiple",
        "clearSearch": true,
        "source": "datasourceWithMember",
        "key": "ItemTypeDS",
        "columnName": "Item Type",
        "DimensionName": "Item",
        "memberKey": {
          "LevelAttribute": {
            "Name": "Item Type"
          }
        },
        "visible": true,
        "isEditable": true,
        "validation": {
          "required": true
        }
      },
      {
        "fieldName": "PackageType",
        "title": "Package Type",
        "Description": "Package Type",
        "type": "picklistDropdown",
        "selectionType": "multiple",
        "clearSearch": true,
        "source": "datasourceWithMember",
        "key": "ItemPackageTypeDS",
        "columnName": "PackageType",
        "DimensionName": "Item",
        "memberKey": {
          "LevelAttribute": {
            "Name": "PackageType"
          }
        },
        "visible": true,
        "isEditable": true,
        "validation": {
          "required": false
        }
      },
      {
        "fieldName": "ContainerType",
        "title": "Container Type",
        "Description": "Container Type",
        "type": "picklistDropdown",
        "fieldGroup": "Item Attributes",
        "selectionType": "multiple",
        "clearSearch": true,
        "source": "datasourceWithMember",
        "key": "ItemContainerTypeDS",
        "columnName": "ContainerType",
        "DimensionName": "Item",
        "memberKey": {
          "LevelAttribute": {
            "Name": "ContainerType"
          }
        },
        "visible": true,
        "isEditable": true,
        "validation": {
          "required": false
        }
      },
      {
        "fieldName": "ItemStage",
        "title": "Item Stage",
        "Description": "Item Stage",
        "type": "picklistDropdown",
        "fieldGroup": "Item Attributes",
        "selectionType": "multiple",
        "clearSearch": true,
        "source": "datasourceWithMember",
        "key": "ItemItemStageDS",
        "columnName": "Item Stage",
        "DimensionName": "Item",
        "memberKey": {
          "LevelAttribute": {
            "Name": "Item Stage"
          }
        },
        "visible": true,
        "isEditable": true,
        "validation": {
          "required": false
        }
      },
      {
        "fieldName": "ItemL1",
        "title": "Item L1",
        "Description": "Item L1",
        "type": "picklistDropdown",
        "fieldGroup": "Item Attributes",
        "selectionType": "multiple",
        "clearSearch": true,
        "source": "datasourceWithMember",
        "key": "ItemL1DS",
        "columnName": "L1",
        "DimensionName": "Item",
        "memberKey": {
          "LevelAttribute": {
            "Name": "L1"
          }
        },
        "visible": true,
        "isEditable": true,
        "validation": {
          "required": false
        }
      },
      {
        "fieldName": "Activity1BODLaneToLoc",
        "title": "Destination Location",
        "Description": "Destination Location",
        "type": "picklistDropdown",
        "fieldGroup": "Lane Setup",
        "selectionType": "multiple",
        "clearSearch": true,
        "source": "datasourceWithMember",
        "key": "Activity1ToLocDS",
        "columnName": "To Location",
        "DimensionName": "Activity1",
        "memberKey": {
          "LevelAttribute": {
            "Name": "To Location"
          }
        },
        "visible": true,
        "isEditable": true,
        "validation": {
          "required": true
        }
      }
    ],
    "Range": [],
    "DataSources": [
      {
        "Name": "o9BodLaneRuleDS",
        "IBPLRules": [
          {
            "template": "Select({Measure.[o9 BodLane Rule Final]}) where{[Version].[Version Name].filter(#.Name in {\"{{Version}}\"}),[Data Object].[Data Object].filter(#.Name in {[Item BODLane Association]})};\n"
          }
        ],
        "JavascriptRules": [],
        "IncludeDSFieldsOnly": false,
        "FieldBindings": []
      },
      {
        "Name": "DSUser",
        "IBPLRules": [
          {
            "template": "select CurrentUser();"
          }
        ],
        "JavascriptRules": [],
        "IncludeDSFieldsOnly": false,
        "FieldBindings": []
      },
      {
        "Name": "DSTimeStamp",
        "IBPLRules": [
          {
            "template": "select now();\n"
          }
        ],
        "JavascriptRules": [],
        "IncludeDSFieldsOnly": false,
        "FieldBindings": []
      },
      {
        "Name": "LocationDS",
        "IBPLRules": [
          {
            "template": "select(Location.[Location].filter(~(#.Name in {\"{{Activity1BODLaneFromLoc}}\"})));"
          }
        ],
        "JavascriptRules": [],
        "IncludeDSFieldsOnly": false,
        "FieldBindings": []
      },
      {
        "Name": "ItemTypeDS",
        "IBPLRules": [
          {
            "template": "Select ([Version].[Version Name]{{#filter Version}} * [Item].[Item Type] * [Data Object].[Data Object]{{#filter DataObject}} * [DM Rule].[Rule]{{#filter DMRule}} ) on row, \n({Measure.[ABDM Item Type Association]}) on column;"
          }
        ],
        "JavascriptRules": [],
        "IncludeDSFieldsOnly": false,
        "FieldBindings": [
          {
            "fieldName": "Version",
            "title": "Version",
            "Description": "Version",
            "type": "picklistDropdown",
            "clearSearch": true,
            "source": "filter",
            "DimensionName": "Version",
            "LevelAttributeName": "Version Name",
            "visible": true,
            "isEditable": true,
            "validation": {
              "maxLength": "0",
              "required": true
            }
          },
          {
            "fieldName": "DMRule",
            "title": "DM Rule",
            "Description": "DM Rule",
            "type": "picklistDropdown",
            "clearSearch": true,
            "source": "parentAttribute",
            "DimensionName": "DM Rule",
            "key": {
              "LevelAttribute": {
                "Name": "Rule",
                "Property": "Name"
              }
            },
            "visible": true,
            "isEditable": true,
            "validation": {
              "maxLength": "0",
              "required": true
            }
          },
          {
            "fieldName": "DataObject",
            "title": "Data Object",
            "Description": "Data Object",
            "type": "picklistDropdown",
            "selectionType": "single",
            "clearSearch": true,
            "source": "parentAttribute",
            "DimensionName": "Data Object",
            "key": {
              "LevelAttribute": {
                "Name": "Data Object",
                "Property": "Name"
              }
            },
            "visible": true,
            "isEditable": false,
            "validation": {
              "maxLength": "0",
              "required": true
            }
          }
        ]
      },
      {
        "Name": "ItemPackageTypeDS",
        "IBPLRules": [
          {
            "template": "Select ([Version].[Version Name]{{#filter Version}} * [Item].[PackageType] * [Data Object].[Data Object]{{#filter DataObject}} * [DM Rule].[Rule]{{#filter DMRule}} ) on row, \n({Measure.[ABDM PackageType Association]}) on column;"
          }
        ],
        "JavascriptRules": [],
        "IncludeDSFieldsOnly": false,
        "FieldBindings": [
          {
            "fieldName": "Version",
            "title": "Version",
            "Description": "Version",
            "type": "picklistDropdown",
            "clearSearch": true,
            "source": "filter",
            "DimensionName": "Version",
            "LevelAttributeName": "Version Name",
            "visible": true,
            "isEditable": true,
            "validation": {
              "maxLength": "0",
              "required": true
            }
          },
          {
            "fieldName": "DMRule",
            "title": "DM Rule",
            "Description": "DM Rule",
            "type": "picklistDropdown",
            "clearSearch": true,
            "source": "parentAttribute",
            "DimensionName": "DM Rule",
            "key": {
              "LevelAttribute": {
                "Name": "Rule",
                "Property": "Name"
              }
            },
            "visible": true,
            "isEditable": true,
            "validation": {
              "maxLength": "0",
              "required": true
            }
          },
          {
            "fieldName": "DataObject",
            "title": "Data Object",
            "Description": "Data Object",
            "type": "picklistDropdown",
            "selectionType": "single",
            "clearSearch": true,
            "source": "parentAttribute",
            "DimensionName": "Data Object",
            "key": {
              "LevelAttribute": {
                "Name": "Data Object",
                "Property": "Name"
              }
            },
            "visible": true,
            "isEditable": false,
            "validation": {
              "maxLength": "0",
              "required": true
            }
          }
        ]
      },
      {
        "Name": "ItemContainerTypeDS",
        "IBPLRules": [
          {
            "template": "Select ([Version].[Version Name]{{#filter Version}} * [Item].[ContainerType] * [Data Object].[Data Object]{{#filter DataObject}} * [DM Rule].[Rule]{{#filter DMRule}} ) on row, \n({Measure.[ABDM ContainerType Association]}) on column;"
          }
        ],
        "JavascriptRules": [],
        "IncludeDSFieldsOnly": false,
        "FieldBindings": [
          {
            "fieldName": "Version",
            "title": "Version",
            "Description": "Version",
            "type": "picklistDropdown",
            "clearSearch": true,
            "source": "filter",
            "DimensionName": "Version",
            "LevelAttributeName": "Version Name",
            "visible": true,
            "isEditable": true,
            "validation": {
              "maxLength": "0",
              "required": true
            }
          },
          {
            "fieldName": "DMRule",
            "title": "DM Rule",
            "Description": "DM Rule",
            "type": "picklistDropdown",
            "clearSearch": true,
            "source": "parentAttribute",
            "DimensionName": "DM Rule",
            "key": {
              "LevelAttribute": {
                "Name": "Rule",
                "Property": "Name"
              }
            },
            "visible": true,
            "isEditable": true,
            "validation": {
              "maxLength": "0",
              "required": true
            }
          },
          {
            "fieldName": "DataObject",
            "title": "Data Object",
            "Description": "Data Object",
            "type": "picklistDropdown",
            "selectionType": "single",
            "clearSearch": true,
            "source": "parentAttribute",
            "DimensionName": "Data Object",
            "key": {
              "LevelAttribute": {
                "Name": "Data Object",
                "Property": "Name"
              }
            },
            "visible": true,
            "isEditable": false,
            "validation": {
              "maxLength": "0",
              "required": true
            }
          }
        ]
      },
      {
        "Name": "ItemItemStageDS",
        "IBPLRules": [
          {
            "template": "Select ([Version].[Version Name]{{#filter Version}} * [Item].[Item Stage] * [Data Object].[Data Object]{{#filter DataObject}} * [DM Rule].[Rule]{{#filter DMRule}} ) on row, \n({Measure.[ABDM BODLane ItemStage Association]}) on column;"
          }
        ],
        "JavascriptRules": [],
        "IncludeDSFieldsOnly": false,
        "FieldBindings": [
          {
            "fieldName": "Version",
            "title": "Version",
            "Description": "Version",
            "type": "picklistDropdown",
            "clearSearch": true,
            "source": "filter",
            "DimensionName": "Version",
            "LevelAttributeName": "Version Name",
            "visible": true,
            "isEditable": true,
            "validation": {
              "maxLength": "0",
              "required": true
            }
          },
          {
            "fieldName": "DMRule",
            "title": "DM Rule",
            "Description": "DM Rule",
            "type": "picklistDropdown",
            "clearSearch": true,
            "source": "parentAttribute",
            "DimensionName": "DM Rule",
            "key": {
              "LevelAttribute": {
                "Name": "Rule",
                "Property": "Name"
              }
            },
            "visible": true,
            "isEditable": true,
            "validation": {
              "maxLength": "0",
              "required": true
            }
          },
          {
            "fieldName": "DataObject",
            "title": "Data Object",
            "Description": "Data Object",
            "type": "picklistDropdown",
            "selectionType": "single",
            "clearSearch": true,
            "source": "parentAttribute",
            "DimensionName": "Data Object",
            "key": {
              "LevelAttribute": {
                "Name": "Data Object",
                "Property": "Name"
              }
            },
            "visible": true,
            "isEditable": false,
            "validation": {
              "maxLength": "0",
              "required": true
            }
          }
        ]
      },
      {
        "Name": "ItemL1DS",
        "IBPLRules": [
          {
            "template": "Select ([Version].[Version Name]{{#filter Version}} * [Item].[L1] * [Data Object].[Data Object]{{#filter DataObject}} * [DM Rule].[Rule]{{#filter DMRule}} ) on row, \n({Measure.[ABDM BODLane Item L1 Association]}) on column;"
          }
        ],
        "JavascriptRules": [],
        "IncludeDSFieldsOnly": false,
        "FieldBindings": [
          {
            "fieldName": "Version",
            "title": "Version",
            "Description": "Version",
            "type": "picklistDropdown",
            "clearSearch": true,
            "source": "filter",
            "DimensionName": "Version",
            "LevelAttributeName": "Version Name",
            "visible": true,
            "isEditable": true,
            "validation": {
              "maxLength": "0",
              "required": true
            }
          },
          {
            "fieldName": "DMRule",
            "title": "DMRule",
            "Description": "DMRule",
            "type": "picklistDropdown",
            "clearSearch": true,
            "source": "parentAttribute",
            "DimensionName": "DM Rule",
            "key": {
              "LevelAttribute": {
                "Name": "Rule",
                "Property": "Name"
              }
            },
            "visible": true,
            "isEditable": true,
            "validation": {
              "maxLength": "0",
              "required": true
            }
          },
          {
            "fieldName": "DataObject",
            "title": "Data Object",
            "Description": "Data Object",
            "type": "picklistDropdown",
            "clearSearch": true,
            "source": "parentAttribute",
            "DimensionName": "Data Object",
            "key": {
              "LevelAttribute": {
                "Name": "Data Object",
                "Property": "Name"
              }
            },
            "visible": true,
            "isEditable": false,
            "validation": {
              "maxLength": "0",
              "required": true
            }
          }
        ]
      },
      {
        "Name": "TransmodeDS",
        "IBPLRules": [
          {
            "template": "select (&AllTransmodes);"
          }
        ],
        "JavascriptRules": [],
        "IncludeDSFieldsOnly": false,
        "FieldBindings": []
      },
      {
        "Name": "Activity1FromLocDS",
        "IBPLRules": [
          {
            "template": "select (Location.[Location]);"
          }
        ],
        "JavascriptRules": [],
        "IncludeDSFieldsOnly": false,
        "FieldBindings": []
      },
      {
        "Name": "Activity1ToLocDS",
        "IBPLRules": [
          {
            "template": "Select ([Version].[Version Name]{{#filter Version}} * [Activity1].[To Location] * [Data Object].[Data Object]{{#filter DataObject}} * [DM Rule].[Rule]{{#filter DMRule}} ) on row, \n({Measure.[ABDM BODLane Destination Location Association]}) on column;"
          }
        ],
        "JavascriptRules": [],
        "IncludeDSFieldsOnly": false,
        "FieldBindings": [
          {
            "fieldName": "Version",
            "title": "Version",
            "Description": "Version",
            "type": "picklistDropdown",
            "clearSearch": true,
            "source": "filter",
            "DimensionName": "Version",
            "LevelAttributeName": "Version Name",
            "visible": true,
            "isEditable": true,
            "validation": {
              "maxLength": "0",
              "required": true
            }
          },
          {
            "fieldName": "DMRule",
            "title": "DM Rule",
            "Description": "DM Rule",
            "type": "picklistDropdown",
            "clearSearch": true,
            "source": "parentAttribute",
            "DimensionName": "DM Rule",
            "key": {
              "LevelAttribute": {
                "Name": "Rule",
                "Property": "Name"
              }
            },
            "visible": true,
            "isEditable": true,
            "validation": {
              "maxLength": "0",
              "required": true
            }
          },
          {
            "fieldName": "DataObject",
            "title": "Data Object",
            "Description": "Data Object",
            "type": "picklistDropdown",
            "selectionType": "single",
            "clearSearch": true,
            "source": "parentAttribute",
            "DimensionName": "Data Object",
            "key": {
              "LevelAttribute": {
                "Name": "Data Object",
                "Property": "Name"
              }
            },
            "visible": true,
            "isEditable": false,
            "validation": {
              "maxLength": "0",
              "required": true
            }
          }
        ]
      }
    ],
    "AutoExecute": false,
    "isAsync": true,
    "hasMembersUpdates": false,
    "Compact": false,
    "TwoColumn": true,
    "IsGlobalForExcelAddIn": false,
    "ExcludeFromNavLink": false,
    "FilterFieldBindings": [],
    "enableTransaction": false
  },
  "Widget": null,
  "Roles": []
}