{
  "AttributeName": "o9EKG Batch Error Reason",
  "AttributeId": "98a88347-60ef-72f4-0776-4a967f7a29dd",
  "AttributeHierarchyEnabled": true,
  "IsKey": true,
  "Description": "o9EKG Batch Error Reason",
  "OrderBy": "Name",
  "KeyColumnName": "o9EKGBatchErrorReasonKey",
  "NameColumnName": "o9EKGBatchErrorReasonName",
  "KeyColumnDataType": "integer",
  "SeedTags": false,
  "KeyGenerationType": "Auto",
  "PickListName": null,
  "ConfigJson": {
    "ShowFilterAs": "TileView",
    "MemberDisplayNameEditable": false,
    "IsMultipleImage": false,
    "MemberDisplayColor": false
  },
  "FormatString": null,
  "Translation": null,
  "Aliases": [],
  "ApiName": null,
  "ApiDisabled": false,
  "FgColorFormula": "",
  "BgColorFormula": "",
  "IsReservedBySystem": false
}