{
  "MeasureName": "SP Perm MD %",
  "MeasureId": "f0139430-b6a6-f5ae-efb9-b44baa477b93",
  "MeasureDescription": "SP Permanent Mark Down %",
  "DataType": "number",
  "MeasureType": "Regular",
  "AggregateFunction": "Computed",
  "FormatString": "0.00%",
  "MeasureColumnName": "SPPermMD%",
  "MeasureFormula": "Safedivide(Measure.[SP Perm MD Rtl],Measure.[SP Ttl Sls Rtl])",
  "IsEditable": true,
  "ApplyConversion": false,
  "ConversionFormula": "",
  "PickListName": null,
  "BgColorFormula": "",
  "FgColorFormula": "",
  "TrendFormula": "",
  "FormattingViewModel": "[]",
  "ParentMeasureName": null,
  "AssociationMeasure": false,
  "IsComputedByPlanningService": false,
  "ToolTip": "(SP Permanent Mark Down Rtl / SP Total Sales Rtl)",
  "ConfigJson": {},
  "ApiName": null,
  "ApiDisabled": false,
  "IsReportingMeasure": false,
  "MeasureConditionalFormulaProperties": [],
  "PicklistSource": null
}