{
  "MeasureName": "W Demand Priority Plugin Output Rules Used",
  "MeasureId": "d3c3d07a-416d-4b2d-8d97-19e6e4f3d2bc",
  "MeasureDescription": "Demand Priority Plugin Output Rules Used: Displays the specific rule that was applied to determine the priority for a given demand. For details on rule groups and their mappings, refer to the inputs page.",
  "DataType": "string",
  "MeasureType": "Regular",
  "AggregateFunction": "DistinctSum",
  "FormatString": "#",
  "MeasureColumnName": "WDemandPriorityPluginOutputRulesUsed",
  "MeasureFormula": "",
  "IsEditable": false,
  "ApplyConversion": false,
  "ConversionFormula": "",
  "PickListName": null,
  "BgColorFormula": "",
  "FgColorFormula": "",
  "TrendFormula": "",
  "FormattingViewModel": "[]",
  "ParentMeasureName": null,
  "AssociationMeasure": false,
  "IsComputedByPlanningService": false,
  "ToolTip": "Demand Priority Plugin Output Rules Used: Displays the specific rule that was applied to determine the priority for a given demand. For details on rule groups and their mappings, refer to the inputs page.",
  "ConfigJson": {},
  "ApiName": null,
  "ApiDisabled": false,
  "IsReportingMeasure": false,
  "MeasureConditionalFormulaProperties": [],
  "PicklistSource": null
}