{
  "MeasureName": "TD Vs LLLY Sls Rtl Growth %",
  "MeasureId": "5de595c4-bfd9-cda4-d6ad-f1d7b1bc2bab",
  "MeasureDescription": "TD Vs LLLY Sls Rtl Growth %",
  "DataType": "number",
  "MeasureType": "Regular",
  "AggregateFunction": "Computed",
  "FormatString": "0.00%",
  "MeasureColumnName": "TDVsLLLYSlsRtlGrowth%",
  "MeasureFormula": "safedivide((Measure.[TD Sls Rtl] - Measure.[LLLY Sls Rtl]),Measure.[LLLY Sls Rtl])",
  "IsEditable": false,
  "ApplyConversion": false,
  "ConversionFormula": null,
  "PickListName": null,
  "BgColorFormula": "",
  "FgColorFormula": "",
  "TrendFormula": "",
  "FormattingViewModel": "[]",
  "ParentMeasureName": null,
  "AssociationMeasure": false,
  "IsComputedByPlanningService": false,
  "ToolTip": "TD Sales Rtl - LLLLY Sales Rtl)/LLLLY Sales Rtl",
  "ConfigJson": {},
  "ApiName": null,
  "ApiDisabled": false,
  "IsReportingMeasure": true,
  "MeasureConditionalFormulaProperties": [],
  "PicklistSource": null
}