{
  "MeasureGroupName": "070 Run Times",
  "MeasureGroupId": "58cc5d13-162d-42f0-ae69-8e5e13c6827c",
  "ParentMeasureGroupName": null,
  "HasShadow": false,
  "MeasureGroupDescription": "Tracking start and end times for each user actions/process",
  "MeasureGroupType": "Regular",
  "FactTableName": "Fact070RunTimes",
  "SchemaMajorVersion": 0,
  "ConfigJson": {},
  "ApiName": null,
  "Repartition": false,
  "Unpartition": false,
  "ApiEnabled": false,
  "DimensionUsages": [
    {
      "DimensionName": "Personnel",
      "AttributeName": "Email",
      "SortOrder": 0,
      "DimensionType": "Regular"
    },
    {
      "DimensionName": "Action",
      "AttributeName": "RunID",
      "SortOrder": 0,
      "DimensionType": "Regular"
    },
    {
      "DimensionName": "Version",
      "AttributeName": "Version Name",
      "SortOrder": 0,
      "DimensionType": "Regular"
    },
    {
      "DimensionName": "Time",
      "AttributeName": "Day",
      "SortOrder": 0,
      "DimensionType": "Time"
    }
  ]
}