{
  "Name": "SupplyPlan175WPromoteSupplierSharedConstraintTuple",
  "Description": "Promote Supplier Shared Capacity",
  "ActionButtonId": "83b9c71b-962b-7d14-5270-d421226ea8ee",
  "Tooltip": "Promote Supplier Shared Capacity",
  "ActionButtonType": "Widget",
  "Alignment": "right",
  "IsPopOver": true,
  "IsGlobal": true,
  "ActionClickHandler": null,
  "Icon": null,
  "Image": null,
  "ConfigJson": {
    "DisplayName": "Promote Supplier Shared Capacity",
    "icon": "chain",
    "SubmitButton": {
      "Label": "Submit"
    },
    "ResetButton": {
      "Label": "Reset"
    },
    "CloseButton": {
      "Label": "Close",
      "ConfirmMessage": "Unsaved changes will be lost. Continue?"
    },
    "NotifyAll": false,
    "IBPLRules": [
      {
        "template": "{{#each Tuple}}\n\nscope:({{#entity SupplierLocation}} * {{#entity Resource}} * {{#entity Week}} * Version.[Version Name].[{{TargetScenario}}]);\n\nMeasure.[Base Item Shared Supplier Capacity By Week] = Measure.[Base Item Shared Supplier Capacity By Week]@(Version.[Version Name].[{{SourceScenario}}]);\nMeasure.[Flex1 Item Shared Supplier Capacity By Week] = Measure.[Flex1 Item Shared Supplier Capacity By Week]@(Version.[Version Name].[{{SourceScenario}}]);\nMeasure.[Flex2 Item Shared Supplier Capacity By Week] = Measure.[Flex2 Item Shared Supplier Capacity By Week]@(Version.[Version Name].[{{SourceScenario}}]);\n\nend scope;\n\n{{/each}}"
      }
    ],
    "JavascriptRules": [],
    "FieldBindings": [
      {
        "fieldName": "SourceScenario",
        "title": "SourceScenario",
        "type": "picklistDropdown",
        "selectionType": "single",
        "clearSearch": true,
        "select": "NONE",
        "source": "datasource",
        "key": "SourceScenarioWS",
        "valueField": "Name",
        "textField": "Name",
        "visible": true,
        "isEditable": true,
        "validation": {
          "maxLength": "0",
          "required": true
        }
      },
      {
        "fieldName": "TargetScenario",
        "title": "TargetScenario",
        "type": "picklistDropdown",
        "selectionType": "single",
        "clearSearch": true,
        "source": "datasource",
        "key": "TargetScenarioWS",
        "valueField": "Name",
        "textField": "Name",
        "visible": true,
        "isEditable": true,
        "validation": {
          "maxLength": "0",
          "required": true
        }
      },
      {
        "fieldName": "Tuple",
        "title": "Tuple",
        "type": "picklistDropdown",
        "select": "ALL",
        "clearSearch": true,
        "source": "parentTuple",
        "TuplesList": [
          {
            "Key": "SupplierLocation",
            "LevelAttribute": {
              "DimensionName": "Supplier",
              "Name": "Supplier Location",
              "textField": "Name"
            },
            "tuplesource": "LevelAttribute"
          },
          {
            "Key": "Resource",
            "LevelAttribute": {
              "DimensionName": "Resource",
              "Name": "Resource",
              "textField": "Name"
            },
            "tuplesource": "LevelAttribute"
          },
          {
            "Key": "Week",
            "LevelAttribute": {
              "DimensionName": "Time",
              "Name": "Week",
              "textField": "Name"
            },
            "tuplesource": "LevelAttribute"
          }
        ],
        "visible": false,
        "isEditable": true,
        "validation": {
          "required": true
        }
      }
    ],
    "DataSources": [
      {
        "Name": "SourceScenarioWS",
        "IBPLRules": [
          {
            "template": "Select &CWVAndScenarios.filter(#.Name !=\"CurrentWorkingView\");"
          }
        ],
        "JavascriptRules": [],
        "IncludeDSFieldsOnly": false,
        "FieldBindings": []
      },
      {
        "Name": "TargetScenarioWS",
        "IBPLRules": [
          {
            "template": "Select &CWV;"
          }
        ],
        "JavascriptRules": [],
        "IncludeDSFieldsOnly": false,
        "FieldBindings": []
      }
    ],
    "AutoExecute": false,
    "isAsync": false,
    "hasMembersUpdates": false,
    "Compact": false,
    "TwoColumn": false,
    "IsGlobalForExcelAddIn": false,
    "ReturnFilterByUpdate": false,
    "FilterFieldBindings": []
  },
  "Widget": null
}