{
  "Name": "APInfoWishlist",
  "Description": "Information",
  "ActionButtonId": "ecd9b652-31ae-0383-0861-497b784c8eb6",
  "Tooltip": "Report Information",
  "ActionButtonType": "Widget",
  "Alignment": "right",
  "IsPopOver": true,
  "IsGlobal": true,
  "ActionClickHandler": null,
  "Icon": null,
  "Image": null,
  "ConfigJson": {
    "icon": "info-circle",
    "SubmitButton": {
      "Label": " "
    },
    "ResetButton": {},
    "CloseButton": {
      "Label": " "
    },
    "NotifyRoles": false,
    "NotifyAll": false,
    "IBPLRules": [],
    "JavascriptRules": [],
    "FieldBindings": [
      {
        "fieldName": "Information",
        "title": "Information",
        "type": "info",
        "clearSearch": true,
        "source": "literal",
        "defaultValue": "<!DOCTYPE html> <html lang=\"en\"> <head>     <meta charset=\"UTF-8\">     <meta name=\"viewport\" content=\"width=device-width, initial-scale=1.0\">     <title>Heat Map Inputs Process</title> </head> <body style=\"text-align: left;\">     <p align=\"left\"><strong>Overview</strong></p>     <p align=\"left\">A Wishlist serves as a tool for planners, and merchandisers to reconsider or reintroduce the products before finalizing the assortment.  Any Style Color removed from Line Build is moved to Wishlist for future reference.</p>      <p align=\"left\"><strong>How to Use</strong></p>     <p align=\"left\">Planner can select the Style Color and add it to Line Build using \"Add to Line Build\" button.</p>            <p align=\"left\"><strong>Output</strong></p>     <p align=\"left\">Style Color will appear on the Line Build.</p>              <p align=\"left\"></p> </body> </html>",
        "visible": true,
        "isEditable": true,
        "validation": {
          "maxLength": "0",
          "required": true
        }
      }
    ],
    "Range": [],
    "DataSources": [],
    "AutoExecute": false,
    "isAsync": false,
    "hasMembersUpdates": false,
    "Compact": false,
    "TwoColumn": false,
    "IsGlobalForExcelAddIn": false,
    "ReturnFilterByUpdate": false,
    "ExcludeFromNavLink": false,
    "FilterFieldBindings": [],
    "enableTransaction": false
  },
  "Widget": null,
  "Roles": []
}