{
  "Name": "Outputs",
  "ViewId": "8de46c3e-fb4e-34d4-f800-561019f7c176",
  "ContentType": "Regular",
  "Title": "Outputs",
  "Position": 3,
  "IsDefault": false,
  "Resource": null,
  "RazorViewTemplate": "_containers",
  "ConfigJson": {
    "WidgetContainers": {
      "Containers": [
        1
      ],
      "Key": 0,
      "IsModified": false,
      "ViewSpread": {
        "RowLevel": 60,
        "ColLevel": 12
      },
      "Data": [
        {
          "Id": "ff6aeb55-fb92-4ea2-8bfd-2a534dcfd0e9",
          "Col": 0,
          "Row": 0,
          "SizeX": 12,
          "SizeY": 60
        }
      ]
    }
  },
  "Roles": [
    "public"
  ]
}