[
  {
    "Id": 395746,
    "TenantId": 7496,
    "DimensionId": 674267,
    "DimensionName": null,
    "HierarchyId": "c631ce2d-3251-1f44-915e-736090b238b9",
    "HierarchyName": "Account Hierarchy",
    "HierarchyDescription": "Account Hierarchy",
    "ModuleId": "273029c8-d2db-4c26-91c2-c6ade5ef2bd4",
    "IsEnabled": true,
    "Translation": null,
    "ErrorMessage": null
  },
  {
    "Id": 395650,
    "TenantId": 7496,
    "DimensionId": 674146,
    "DimensionName": null,
    "HierarchyId": "eb5ea2e6-0030-fcae-0f1d-6873c4f7b5c3",
    "HierarchyName": "Algorithm Hierarchy",
    "HierarchyDescription": "Algorithm Hierarchy",
    "ModuleId": null,
    "IsEnabled": true,
    "Translation": null,
    "ErrorMessage": null
  },
  {
    "Id": 395756,
    "TenantId": 7496,
    "DimensionId": 674294,
    "DimensionName": null,
    "HierarchyId": "bc0f3ea7-643b-4043-89ca-c48721898576",
    "HierarchyName": "Alternate Hierarchy",
    "HierarchyDescription": "Alternate Hierarchy",
    "ModuleId": "89ea750b-98c6-4aa1-aee2-7136e4f17745",
    "IsEnabled": true,
    "Translation": null,
    "ErrorMessage": null
  },
  {
    "Id": 395683,
    "TenantId": 7496,
    "DimensionId": 674231,
    "DimensionName": null,
    "HierarchyId": "450875ce-1e40-42f5-a229-a668a30aab5b",
    "HierarchyName": "Calendar Hierarchy",
    "HierarchyDescription": "Calendar Hierarchy",
    "ModuleId": "273029c8-d2db-4c26-91c2-c6ade5ef2bd4",
    "IsEnabled": true,
    "Translation": null,
    "ErrorMessage": null
  },
  {
    "Id": 395682,
    "TenantId": 7496,
    "DimensionId": 674231,
    "DimensionName": null,
    "HierarchyId": "710b6efe-77c6-4c18-afa6-de439640986c",
    "HierarchyName": "Calendar YTD Hierarchy",
    "HierarchyDescription": "Calendar YTD Hierarchy",
    "ModuleId": "273029c8-d2db-4c26-91c2-c6ade5ef2bd4",
    "IsEnabled": true,
    "Translation": null,
    "ErrorMessage": null
  },
  {
    "Id": 395704,
    "TenantId": 7496,
    "DimensionId": 674240,
    "DimensionName": null,
    "HierarchyId": "fa6253a6-c46e-3807-2dd8-4943e977b90a",
    "HierarchyName": "Channel Hierarchy",
    "HierarchyDescription": "Channel Hierarchy",
    "ModuleId": "273029c8-d2db-4c26-91c2-c6ade5ef2bd4",
    "IsEnabled": true,
    "Translation": null,
    "ErrorMessage": null
  },
  {
    "Id": 395759,
    "TenantId": 7496,
    "DimensionId": 674304,
    "DimensionName": null,
    "HierarchyId": "5bd89215-a67d-799d-f042-3262f215c28d",
    "HierarchyName": "CollabCalendar",
    "HierarchyDescription": "Hierarchy for Collab Calendar",
    "ModuleId": "40787334-d114-4118-82e3-eec1fce692eb",
    "IsEnabled": false,
    "Translation": null,
    "ErrorMessage": null
  },
  {
    "Id": 395726,
    "TenantId": 7496,
    "DimensionId": 674244,
    "DimensionName": null,
    "HierarchyId": "63b90d32-18a7-e184-9413-fd48c07bb698",
    "HierarchyName": "Color Hierarchy",
    "HierarchyDescription": "Color Hierarchy",
    "ModuleId": "d5a6c6d9-1161-4e67-9668-58aa708e9a75",
    "IsEnabled": true,
    "Translation": null,
    "ErrorMessage": null
  },
  {
    "Id": 395753,
    "TenantId": 7496,
    "DimensionId": 674282,
    "DimensionName": null,
    "HierarchyId": "c9937ac7-4bc0-8de7-66c5-40e65f5bddb3",
    "HierarchyName": "Component Hierarchy",
    "HierarchyDescription": "Component Hierarchy",
    "ModuleId": "40787334-d114-4118-82e3-eec1fce692eb",
    "IsEnabled": true,
    "Translation": null,
    "ErrorMessage": null
  },
  {
    "Id": 395668,
    "TenantId": 7496,
    "DimensionId": 674220,
    "DimensionName": null,
    "HierarchyId": "deded5b5-2c17-48cc-d9e2-ca57535a50da",
    "HierarchyName": "Config Hierarchy",
    "HierarchyDescription": "Config Hierarchy",
    "ModuleId": "40787334-d114-4118-82e3-eec1fce692eb",
    "IsEnabled": true,
    "Translation": null,
    "ErrorMessage": null
  },
  {
    "Id": 395694,
    "TenantId": 7496,
    "DimensionId": 674231,
    "DimensionName": null,
    "HierarchyId": "cf905e2a-55a4-4797-876f-61c04113606b",
    "HierarchyName": "CT Telescopic Hierarchy",
    "HierarchyDescription": "Telescopic Hierarchy for Daily Planning",
    "ModuleId": "89ea750b-98c6-4aa1-aee2-7136e4f17745",
    "IsEnabled": true,
    "Translation": null,
    "ErrorMessage": null
  },
  {
    "Id": 395710,
    "TenantId": 7496,
    "DimensionId": 674241,
    "DimensionName": null,
    "HierarchyId": "d8fd580e-3e02-4ab2-9c7e-6b76a8cbfa86",
    "HierarchyName": "Customer Class Hierarchy",
    "HierarchyDescription": "Alternate Hierarchy for Customer class",
    "ModuleId": "89ea750b-98c6-4aa1-aee2-7136e4f17745",
    "IsEnabled": true,
    "Translation": null,
    "ErrorMessage": null
  },
  {
    "Id": 395744,
    "TenantId": 7496,
    "DimensionId": 674264,
    "DimensionName": null,
    "HierarchyId": "42e8bed8-4843-4d46-a831-98b54a9d67a9",
    "HierarchyName": "Data Object Hierarchy",
    "HierarchyDescription": "Data Object Hierarchy",
    "ModuleId": "89ea750b-98c6-4aa1-aee2-7136e4f17745",
    "IsEnabled": true,
    "Translation": null,
    "ErrorMessage": null
  },
  {
    "Id": 395733,
    "TenantId": 7496,
    "DimensionId": 674247,
    "DimensionName": null,
    "HierarchyId": "aa207295-f921-44f0-9aa2-d9782e00facd",
    "HierarchyName": "Data Stream Hierarchy",
    "HierarchyDescription": "Data Stream Hierarchy",
    "ModuleId": "273029c8-d2db-4c26-91c2-c6ade5ef2bd4",
    "IsEnabled": true,
    "Translation": null,
    "ErrorMessage": null
  },
  {
    "Id": 395737,
    "TenantId": 7496,
    "DimensionId": 674256,
    "DimensionName": null,
    "HierarchyId": "fbd07513-3325-419f-82bb-de52a5721332",
    "HierarchyName": "Data Validation Hierarchy",
    "HierarchyDescription": "Data Validation Hierarchy",
    "ModuleId": "89ea750b-98c6-4aa1-aee2-7136e4f17745",
    "IsEnabled": true,
    "Translation": null,
    "ErrorMessage": null
  },
  {
    "Id": 395732,
    "TenantId": 7496,
    "DimensionId": 674245,
    "DimensionName": null,
    "HierarchyId": "05be066a-720b-1987-616d-59858f57653a",
    "HierarchyName": "Demand Domain Hierarchy",
    "HierarchyDescription": "Demand Domain Hierarchy",
    "ModuleId": "273029c8-d2db-4c26-91c2-c6ade5ef2bd4",
    "IsEnabled": true,
    "Translation": null,
    "ErrorMessage": null
  },
  {
    "Id": 395644,
    "TenantId": 7496,
    "DimensionId": 674143,
    "DimensionName": null,
    "HierarchyId": "f91df78b-bebc-316f-bb50-db5b7f50cc46",
    "HierarchyName": "Dimension-Attribute-Level",
    "HierarchyDescription": "Dimension-Attribute-Level",
    "ModuleId": null,
    "IsEnabled": true,
    "Translation": null,
    "ErrorMessage": null
  },
  {
    "Id": 395649,
    "TenantId": 7496,
    "DimensionId": 674143,
    "DimensionName": null,
    "HierarchyId": "551ea4c7-cb13-e87b-8d3b-5f104acad84d",
    "HierarchyName": "Dimension-Attribute-NamedSet",
    "HierarchyDescription": "Dimension-Attribute-NamedSet",
    "ModuleId": null,
    "IsEnabled": true,
    "Translation": null,
    "ErrorMessage": null
  },
  {
    "Id": 395642,
    "TenantId": 7496,
    "DimensionId": 674143,
    "DimensionName": null,
    "HierarchyId": "f5170de6-2cbf-9c74-d6fb-a182266db47e",
    "HierarchyName": "Dimension-Attribute-Property",
    "HierarchyDescription": "Dimension-Attribute-Property",
    "ModuleId": null,
    "IsEnabled": true,
    "Translation": null,
    "ErrorMessage": null
  },
  {
    "Id": 395643,
    "TenantId": 7496,
    "DimensionId": 674143,
    "DimensionName": null,
    "HierarchyId": "c9450489-d87a-9c47-e173-35bf71e04e78",
    "HierarchyName": "Dimension-Hierarchy-Level",
    "HierarchyDescription": "Dimension-Hierarchy-Level",
    "ModuleId": null,
    "IsEnabled": true,
    "Translation": null,
    "ErrorMessage": null
  },
  {
    "Id": 395727,
    "TenantId": 7496,
    "DimensionId": 674244,
    "DimensionName": null,
    "HierarchyId": "1e25fc15-46bf-5406-af3e-dbc8b1ff5db5",
    "HierarchyName": "DP Item Class Hierarchy",
    "HierarchyDescription": "DP Item Class Hierarchy",
    "ModuleId": "273029c8-d2db-4c26-91c2-c6ade5ef2bd4",
    "IsEnabled": true,
    "Translation": null,
    "ErrorMessage": null
  },
  {
    "Id": 395723,
    "TenantId": 7496,
    "DimensionId": 674244,
    "DimensionName": null,
    "HierarchyId": "f94c9d1f-bef3-81ff-cfb7-bbe2ed2fd1a9",
    "HierarchyName": "DP Item Hierarchy",
    "HierarchyDescription": "DP Item Hierarchy",
    "ModuleId": "273029c8-d2db-4c26-91c2-c6ade5ef2bd4",
    "IsEnabled": true,
    "Translation": null,
    "ErrorMessage": null
  },
  {
    "Id": 395679,
    "TenantId": 7496,
    "DimensionId": 674225,
    "DimensionName": null,
    "HierarchyId": "66d7f33a-609b-5a35-f2ce-2f00eda1b540",
    "HierarchyName": "DP Location Hierarchy",
    "HierarchyDescription": "DP Location Hierarchy",
    "ModuleId": "273029c8-d2db-4c26-91c2-c6ade5ef2bd4",
    "IsEnabled": true,
    "Translation": null,
    "ErrorMessage": null
  },
  {
    "Id": 395675,
    "TenantId": 7496,
    "DimensionId": 674225,
    "DimensionName": null,
    "HierarchyId": "84d094bd-eb59-4311-ab78-9506d7955f87",
    "HierarchyName": "DP Location Type Hierarchy",
    "HierarchyDescription": "DP Location Type Hierarchy",
    "ModuleId": "273029c8-d2db-4c26-91c2-c6ade5ef2bd4",
    "IsEnabled": true,
    "Translation": null,
    "ErrorMessage": null
  },
  {
    "Id": 395690,
    "TenantId": 7496,
    "DimensionId": 674231,
    "DimensionName": null,
    "HierarchyId": "f719dfb5-abb5-9ba9-12ba-38519bce3e51",
    "HierarchyName": "DP Planning Hierarchy",
    "HierarchyDescription": "DP Planning Hierarchy",
    "ModuleId": "273029c8-d2db-4c26-91c2-c6ade5ef2bd4",
    "IsEnabled": true,
    "Translation": null,
    "ErrorMessage": null
  },
  {
    "Id": 395755,
    "TenantId": 7496,
    "DimensionId": 674290,
    "DimensionName": null,
    "HierarchyId": "0b16c254-b616-4bfa-9431-a832226b1489",
    "HierarchyName": "End Application Hierarchy",
    "HierarchyDescription": "End Application Hierarchy",
    "ModuleId": "273029c8-d2db-4c26-91c2-c6ade5ef2bd4",
    "IsEnabled": true,
    "Translation": null,
    "ErrorMessage": null
  },
  {
    "Id": 395652,
    "TenantId": 7496,
    "DimensionId": 674152,
    "DimensionName": null,
    "HierarchyId": "baa81b2a-3556-69db-d192-d1ee8a9cfea8",
    "HierarchyName": "Forecast Iteration Type",
    "HierarchyDescription": "Forecast Iteration Type",
    "ModuleId": "273029c8-d2db-4c26-91c2-c6ade5ef2bd4",
    "IsEnabled": true,
    "Translation": null,
    "ErrorMessage": null
  },
  {
    "Id": 395760,
    "TenantId": 7496,
    "DimensionId": 674323,
    "DimensionName": null,
    "HierarchyId": "cec551f0-5ca9-9bf9-78e6-eb699661eb51",
    "HierarchyName": "Hierarchy",
    "HierarchyDescription": "Hierarchy",
    "ModuleId": "d5a6c6d9-1161-4e67-9668-58aa708e9a75",
    "IsEnabled": true,
    "Translation": null,
    "ErrorMessage": null
  },
  {
    "Id": 395761,
    "TenantId": 7496,
    "DimensionId": 674323,
    "DimensionName": null,
    "HierarchyId": "39085f67-ac08-6272-e8c1-3194ad9afe94",
    "HierarchyName": "Hierarchy2",
    "HierarchyDescription": "Hierarchy2",
    "ModuleId": "d5a6c6d9-1161-4e67-9668-58aa708e9a75",
    "IsEnabled": true,
    "Translation": null,
    "ErrorMessage": null
  },
  {
    "Id": 395721,
    "TenantId": 7496,
    "DimensionId": 674244,
    "DimensionName": null,
    "HierarchyId": "82a38489-116d-4e8a-a8b0-a8492f368d2f",
    "HierarchyName": "Item Class Hierarchy",
    "HierarchyDescription": "Item Class Hierarchy",
    "ModuleId": "89ea750b-98c6-4aa1-aee2-7136e4f17745",
    "IsEnabled": true,
    "Translation": null,
    "ErrorMessage": null
  },
  {
    "Id": 395719,
    "TenantId": 7496,
    "DimensionId": 674244,
    "DimensionName": null,
    "HierarchyId": "3a9dfac3-b140-44c3-93b2-35103814b24d",
    "HierarchyName": "Item Hierarchy",
    "HierarchyDescription": "Item Hierarchy",
    "ModuleId": "89ea750b-98c6-4aa1-aee2-7136e4f17745",
    "IsEnabled": true,
    "Translation": null,
    "ErrorMessage": null
  },
  {
    "Id": 395752,
    "TenantId": 7496,
    "DimensionId": 674281,
    "DimensionName": null,
    "HierarchyId": "5622610f-eb78-becf-9bdc-28f97fe0d073",
    "HierarchyName": "Lifecycle Calendar Month Hierarchy",
    "HierarchyDescription": "Lifecycle Calendar Month Hierarchy",
    "ModuleId": "273029c8-d2db-4c26-91c2-c6ade5ef2bd4",
    "IsEnabled": true,
    "Translation": null,
    "ErrorMessage": null
  },
  {
    "Id": 395751,
    "TenantId": 7496,
    "DimensionId": 674281,
    "DimensionName": null,
    "HierarchyId": "e2662ef2-edf1-4888-ac6a-e9ed55e5b909",
    "HierarchyName": "Lifecycle Planning Month Hierarchy",
    "HierarchyDescription": "Lifecycle Planning Month Hierarchy",
    "ModuleId": "273029c8-d2db-4c26-91c2-c6ade5ef2bd4",
    "IsEnabled": true,
    "Translation": null,
    "ErrorMessage": null
  },
  {
    "Id": 395673,
    "TenantId": 7496,
    "DimensionId": 674225,
    "DimensionName": null,
    "HierarchyId": "fe5b8964-c4b4-be29-c049-71bc651ed66e",
    "HierarchyName": "Location Classification Hierarchy",
    "HierarchyDescription": "Location Classification Hierarchy",
    "ModuleId": "97428148-218e-4b85-81d1-68ef84f70b05",
    "IsEnabled": true,
    "Translation": null,
    "ErrorMessage": null
  },
  {
    "Id": 395676,
    "TenantId": 7496,
    "DimensionId": 674225,
    "DimensionName": null,
    "HierarchyId": "1b3d4971-f0cd-3797-8ff2-4b4f58291a69",
    "HierarchyName": "Location Climate Hierarchy",
    "HierarchyDescription": "Location Climate Hierarchy",
    "ModuleId": "97428148-218e-4b85-81d1-68ef84f70b05",
    "IsEnabled": true,
    "Translation": null,
    "ErrorMessage": null
  },
  {
    "Id": 395671,
    "TenantId": 7496,
    "DimensionId": 674225,
    "DimensionName": null,
    "HierarchyId": "1f68f135-2c92-4f44-8722-a8a3e921eb8e",
    "HierarchyName": "Location Hierarchy",
    "HierarchyDescription": "Location Hierarchy",
    "ModuleId": "89ea750b-98c6-4aa1-aee2-7136e4f17745",
    "IsEnabled": true,
    "Translation": null,
    "ErrorMessage": null
  },
  {
    "Id": 395678,
    "TenantId": 7496,
    "DimensionId": 674225,
    "DimensionName": null,
    "HierarchyId": "16de5db0-5c66-def6-6e66-bd9861d0c1c2",
    "HierarchyName": "Location Space Hierarchy",
    "HierarchyDescription": "Location Space Hierarchy",
    "ModuleId": "97428148-218e-4b85-81d1-68ef84f70b05",
    "IsEnabled": true,
    "Translation": null,
    "ErrorMessage": null
  },
  {
    "Id": 395674,
    "TenantId": 7496,
    "DimensionId": 674225,
    "DimensionName": null,
    "HierarchyId": "bf19b49c-d102-48b3-ae8a-fb62f8f42cd2",
    "HierarchyName": "Location Type Hierarchy",
    "HierarchyDescription": "Location Type Hierarchy",
    "ModuleId": "89ea750b-98c6-4aa1-aee2-7136e4f17745",
    "IsEnabled": true,
    "Translation": null,
    "ErrorMessage": null
  },
  {
    "Id": 395718,
    "TenantId": 7496,
    "DimensionId": 674244,
    "DimensionName": null,
    "HierarchyId": "c66e7d9f-5ce2-8a87-4ec3-8f26cbbd00b3",
    "HierarchyName": "Material Hierarchy",
    "HierarchyDescription": "Material Hierarchy",
    "ModuleId": "d5a6c6d9-1161-4e67-9668-58aa708e9a75",
    "IsEnabled": true,
    "Translation": null,
    "ErrorMessage": null
  },
  {
    "Id": 395745,
    "TenantId": 7496,
    "DimensionId": 674265,
    "DimensionName": null,
    "HierarchyId": "a7610fb9-ab5b-2ba4-3b7a-da9243f73ff8",
    "HierarchyName": "Milestone Hierarchy",
    "HierarchyDescription": "Milestone Hierarchy",
    "ModuleId": "40787334-d114-4118-82e3-eec1fce692eb",
    "IsEnabled": true,
    "Translation": null,
    "ErrorMessage": null
  },
  {
    "Id": 395754,
    "TenantId": 7496,
    "DimensionId": 674289,
    "DimensionName": null,
    "HierarchyId": "9c04bcf7-ae74-a4cf-5af2-3460a9c39297",
    "HierarchyName": "ML Driver Hierarchy",
    "HierarchyDescription": "ML Driver Hierarchy",
    "ModuleId": "52370024-0307-4d32-9948-435d1a6d8e73",
    "IsEnabled": true,
    "Translation": null,
    "ErrorMessage": null
  },
  {
    "Id": 395686,
    "TenantId": 7496,
    "DimensionId": 674231,
    "DimensionName": null,
    "HierarchyId": "d2b2c29e-86c8-41be-8156-ee3a4149e18c",
    "HierarchyName": "Month Name Hierarchy",
    "HierarchyDescription": "Month Name Hierarchy",
    "ModuleId": "273029c8-d2db-4c26-91c2-c6ade5ef2bd4",
    "IsEnabled": true,
    "Translation": null,
    "ErrorMessage": null
  },
  {
    "Id": 395688,
    "TenantId": 7496,
    "DimensionId": 674231,
    "DimensionName": null,
    "HierarchyId": "6deaa3e1-5314-415f-8f0a-654d1a7e59ed",
    "HierarchyName": "MP Telescopic Hierarchy",
    "HierarchyDescription": "Telescopic Hierarchy for Master Planning",
    "ModuleId": "89ea750b-98c6-4aa1-aee2-7136e4f17745",
    "IsEnabled": true,
    "Translation": null,
    "ErrorMessage": null
  },
  {
    "Id": 395715,
    "TenantId": 7496,
    "DimensionId": 674243,
    "DimensionName": null,
    "HierarchyId": "a420f185-6923-40fc-9aca-7b67afbaadc5",
    "HierarchyName": "Nexprime Calendar Hierarchy",
    "HierarchyDescription": "Nexprime Calendar Hierarchy",
    "ModuleId": "89ea750b-98c6-4aa1-aee2-7136e4f17745",
    "IsEnabled": true,
    "Translation": null,
    "ErrorMessage": null
  },
  {
    "Id": 395736,
    "TenantId": 7496,
    "DimensionId": 674255,
    "DimensionName": null,
    "HierarchyId": "eebf4ed3-95cc-4e4a-b688-c87a7655e6ec",
    "HierarchyName": "Nexprime Operation Hierarchy",
    "HierarchyDescription": "Nexprime Operation Hierarchy",
    "ModuleId": "89ea750b-98c6-4aa1-aee2-7136e4f17745",
    "IsEnabled": true,
    "Translation": null,
    "ErrorMessage": null
  },
  {
    "Id": 395661,
    "TenantId": 7496,
    "DimensionId": 674177,
    "DimensionName": null,
    "HierarchyId": "bb7d3761-8ab3-0eca-3c59-82684295ca0b",
    "HierarchyName": "o9EKG Building Blocks",
    "HierarchyDescription": "o9EKG Building Blocks",
    "ModuleId": "b7824156-8448-4b9b-8b7e-6397b69f9391",
    "IsEnabled": true,
    "Translation": null,
    "ErrorMessage": null
  },
  {
    "Id": 395663,
    "TenantId": 7496,
    "DimensionId": 674180,
    "DimensionName": null,
    "HierarchyId": "82abd99e-cad4-a875-6c7a-d69cd4ccc9be",
    "HierarchyName": "o9EKG Business Category",
    "HierarchyDescription": "o9EKG Business Category",
    "ModuleId": "b7824156-8448-4b9b-8b7e-6397b69f9391",
    "IsEnabled": true,
    "Translation": null,
    "ErrorMessage": null
  },
  {
    "Id": 395664,
    "TenantId": 7496,
    "DimensionId": 674181,
    "DimensionName": null,
    "HierarchyId": "90112923-8295-35ed-8ecd-e2fc2d510135",
    "HierarchyName": "o9EKG Customer",
    "HierarchyDescription": "o9EKG Customer",
    "ModuleId": "b7824156-8448-4b9b-8b7e-6397b69f9391",
    "IsEnabled": true,
    "Translation": null,
    "ErrorMessage": null
  },
  {
    "Id": 395665,
    "TenantId": 7496,
    "DimensionId": 674184,
    "DimensionName": null,
    "HierarchyId": "b1b3d6bb-5e4e-ef36-2766-211ec38bd781",
    "HierarchyName": "o9EKG File Type",
    "HierarchyDescription": "o9EKG File Type",
    "ModuleId": "b7824156-8448-4b9b-8b7e-6397b69f9391",
    "IsEnabled": true,
    "Translation": null,
    "ErrorMessage": null
  },
  {
    "Id": 395658,
    "TenantId": 7496,
    "DimensionId": 674175,
    "DimensionName": null,
    "HierarchyId": "6e3d95f7-36d1-5520-bc4b-e7cbca55375a",
    "HierarchyName": "o9EKG Industry",
    "HierarchyDescription": "o9EKG Industry",
    "ModuleId": "b7824156-8448-4b9b-8b7e-6397b69f9391",
    "IsEnabled": true,
    "Translation": null,
    "ErrorMessage": null
  },
  {
    "Id": 395660,
    "TenantId": 7496,
    "DimensionId": 674176,
    "DimensionName": null,
    "HierarchyId": "5c30f977-4ebf-822c-f4e7-49a09b3c4ce4",
    "HierarchyName": "o9EKG Table Group",
    "HierarchyDescription": "o9EKG Table Group",
    "ModuleId": "b7824156-8448-4b9b-8b7e-6397b69f9391",
    "IsEnabled": true,
    "Translation": null,
    "ErrorMessage": null
  },
  {
    "Id": 395659,
    "TenantId": 7496,
    "DimensionId": 674176,
    "DimensionName": null,
    "HierarchyId": "6567e93a-7d97-52df-4ca3-728b65d47b69",
    "HierarchyName": "o9EKG Table Type",
    "HierarchyDescription": "o9EKG Table Type",
    "ModuleId": "b7824156-8448-4b9b-8b7e-6397b69f9391",
    "IsEnabled": true,
    "Translation": null,
    "ErrorMessage": null
  },
  {
    "Id": 395758,
    "TenantId": 7496,
    "DimensionId": 674304,
    "DimensionName": null,
    "HierarchyId": "270a3892-a4c8-8610-ec4c-c1df88bcebfa",
    "HierarchyName": "Onboarding",
    "HierarchyDescription": "Hierarchy for Onboarding",
    "ModuleId": "40787334-d114-4118-82e3-eec1fce692eb",
    "IsEnabled": true,
    "Translation": null,
    "ErrorMessage": null
  },
  {
    "Id": 395748,
    "TenantId": 7496,
    "DimensionId": 674269,
    "DimensionName": null,
    "HierarchyId": "7574a6c6-f391-d5cd-2f8d-45112697c18c",
    "HierarchyName": "Opportunity Hierarchy",
    "HierarchyDescription": "Opportunity Hierarchy",
    "ModuleId": "273029c8-d2db-4c26-91c2-c6ade5ef2bd4",
    "IsEnabled": true,
    "Translation": null,
    "ErrorMessage": null
  },
  {
    "Id": 395653,
    "TenantId": 7496,
    "DimensionId": 674157,
    "DimensionName": null,
    "HierarchyId": "03513fb2-4278-e2d5-b5d2-6dbf742079ad",
    "HierarchyName": "PC Component Hierarchy",
    "HierarchyDescription": "PC Component Hierarchy",
    "ModuleId": "69c63dc5-4f82-4296-89e9-7839154cd5be",
    "IsEnabled": true,
    "Translation": null,
    "ErrorMessage": null
  },
  {
    "Id": 395656,
    "TenantId": 7496,
    "DimensionId": 674168,
    "DimensionName": null,
    "HierarchyId": "029ecd63-6313-0b57-ae07-d6a858ca459a",
    "HierarchyName": "Pipeline Group",
    "HierarchyDescription": "Pipeline Group",
    "ModuleId": "c5dfb0f8-a9ea-4208-a148-5e7adb4dad96",
    "IsEnabled": true,
    "Translation": null,
    "ErrorMessage": null
  },
  {
    "Id": 395641,
    "TenantId": 7496,
    "DimensionId": 674142,
    "DimensionName": null,
    "HierarchyId": "a69a0183-45ec-6f7e-2995-7e260b36d76c",
    "HierarchyName": "Plan-MeasureGroup-DimensionUsage",
    "HierarchyDescription": "Plan-MeasureGroup-DimensionUsage",
    "ModuleId": null,
    "IsEnabled": true,
    "Translation": null,
    "ErrorMessage": null
  },
  {
    "Id": 395640,
    "TenantId": 7496,
    "DimensionId": 674142,
    "DimensionName": null,
    "HierarchyId": "263cd5e0-66a4-72b8-d202-dc3c33821d55",
    "HierarchyName": "Plan-MeasureGroup-Measure",
    "HierarchyDescription": "Plan-MeasureGroup-Measure",
    "ModuleId": null,
    "IsEnabled": true,
    "Translation": null,
    "ErrorMessage": null
  },
  {
    "Id": 395689,
    "TenantId": 7496,
    "DimensionId": 674231,
    "DimensionName": null,
    "HierarchyId": "c4ec7aff-34af-434d-bace-2749c01454f0",
    "HierarchyName": "Planning Hierarchy",
    "HierarchyDescription": "Planning Hierarchy",
    "ModuleId": "89ea750b-98c6-4aa1-aee2-7136e4f17745",
    "IsEnabled": true,
    "Translation": null,
    "ErrorMessage": null
  },
  {
    "Id": 395684,
    "TenantId": 7496,
    "DimensionId": 674231,
    "DimensionName": null,
    "HierarchyId": "6ee90a29-e7a2-4eeb-b777-347b3703ad6e",
    "HierarchyName": "Planning Month Name Hierarchy",
    "HierarchyDescription": "Planning Month Name Hierarchy",
    "ModuleId": "273029c8-d2db-4c26-91c2-c6ade5ef2bd4",
    "IsEnabled": true,
    "Translation": null,
    "ErrorMessage": null
  },
  {
    "Id": 395685,
    "TenantId": 7496,
    "DimensionId": 674231,
    "DimensionName": null,
    "HierarchyId": "9d5afb6f-1f4e-4f13-9afb-2d9653ec324b",
    "HierarchyName": "Planning YTD Hierarchy",
    "HierarchyDescription": "Planning YTD Hierarchy",
    "ModuleId": "273029c8-d2db-4c26-91c2-c6ade5ef2bd4",
    "IsEnabled": true,
    "Translation": null,
    "ErrorMessage": null
  },
  {
    "Id": 395695,
    "TenantId": 7496,
    "DimensionId": 674231,
    "DimensionName": null,
    "HierarchyId": "0dbe4a8f-bf44-48bf-ad3d-8fb08463849b",
    "HierarchyName": "Planning YTD Name Hierarchy",
    "HierarchyDescription": "Planning YTD Name Hierarchy",
    "ModuleId": "273029c8-d2db-4c26-91c2-c6ade5ef2bd4",
    "IsEnabled": true,
    "Translation": null,
    "ErrorMessage": null
  },
  {
    "Id": 395725,
    "TenantId": 7496,
    "DimensionId": 674244,
    "DimensionName": null,
    "HierarchyId": "ef1c2e95-c262-4ba2-be7d-df86ad2d5e58",
    "HierarchyName": "PLC Hierarchy",
    "HierarchyDescription": "PLC Hierarchy",
    "ModuleId": "273029c8-d2db-4c26-91c2-c6ade5ef2bd4",
    "IsEnabled": true,
    "Translation": null,
    "ErrorMessage": null
  },
  {
    "Id": 395651,
    "TenantId": 7496,
    "DimensionId": 674148,
    "DimensionName": null,
    "HierarchyId": "b82b832d-f7a1-a2c1-5d36-fbdeea217954",
    "HierarchyName": "Plugin Hierarchy",
    "HierarchyDescription": "Plugin Hierarchy",
    "ModuleId": null,
    "IsEnabled": true,
    "Translation": null,
    "ErrorMessage": null
  },
  {
    "Id": 395714,
    "TenantId": 7496,
    "DimensionId": 674242,
    "DimensionName": null,
    "HierarchyId": "a1bf9752-1940-2bc2-f0f3-1338250c4f19",
    "HierarchyName": "PnL Hierarchy",
    "HierarchyDescription": "PnL Hierarchy",
    "ModuleId": "273029c8-d2db-4c26-91c2-c6ade5ef2bd4",
    "IsEnabled": true,
    "Translation": null,
    "ErrorMessage": null
  },
  {
    "Id": 395724,
    "TenantId": 7496,
    "DimensionId": 674244,
    "DimensionName": null,
    "HierarchyId": "dbc7526a-6dce-5d4b-9bf7-94189046f4f9",
    "HierarchyName": "Price Point Hierarchy",
    "HierarchyDescription": "Price Point Hierarchy",
    "ModuleId": "d5a6c6d9-1161-4e67-9668-58aa708e9a75",
    "IsEnabled": true,
    "Translation": null,
    "ErrorMessage": null
  },
  {
    "Id": 395681,
    "TenantId": 7496,
    "DimensionId": 674228,
    "DimensionName": null,
    "HierarchyId": "81e0cd84-6aec-4235-aaab-3d55d97b5654",
    "HierarchyName": "Process Hierarchy",
    "HierarchyDescription": "Process Hierarchy",
    "ModuleId": "273029c8-d2db-4c26-91c2-c6ade5ef2bd4",
    "IsEnabled": true,
    "Translation": null,
    "ErrorMessage": null
  },
  {
    "Id": 395730,
    "TenantId": 7496,
    "DimensionId": 674244,
    "DimensionName": null,
    "HierarchyId": "b6b2dfe7-a00f-cc95-4f69-7e6100ea7d58",
    "HierarchyName": "Program Type Hierarchy",
    "HierarchyDescription": "Program Type Hierarchy",
    "ModuleId": "d5a6c6d9-1161-4e67-9668-58aa708e9a75",
    "IsEnabled": true,
    "Translation": null,
    "ErrorMessage": null
  },
  {
    "Id": 395666,
    "TenantId": 7496,
    "DimensionId": 674219,
    "DimensionName": null,
    "HierarchyId": "05f659b0-7c0f-7ab3-67bf-574671208aff",
    "HierarchyName": "Region Hierarachy",
    "HierarchyDescription": "Region Hierarachy",
    "ModuleId": "273029c8-d2db-4c26-91c2-c6ade5ef2bd4",
    "IsEnabled": true,
    "Translation": null,
    "ErrorMessage": null
  },
  {
    "Id": 395667,
    "TenantId": 7496,
    "DimensionId": 674219,
    "DimensionName": null,
    "HierarchyId": "bfcb4b0a-1a4c-422c-3123-e7a61f51c9cb",
    "HierarchyName": "Region Stat Hierarchy",
    "HierarchyDescription": "Region Stat Hierarchy",
    "ModuleId": "273029c8-d2db-4c26-91c2-c6ade5ef2bd4",
    "IsEnabled": true,
    "Translation": null,
    "ErrorMessage": null
  },
  {
    "Id": 395648,
    "TenantId": 7496,
    "DimensionId": 674144,
    "DimensionName": null,
    "HierarchyId": "a76b8c8d-4c82-6091-8e1b-b2840660f0f6",
    "HierarchyName": "RelationshipPlan-NodeProperty-NodePropertyDimensionUsage",
    "HierarchyDescription": "RelationshipPlan-NodeProperty-NodePropertyDimensionUsage",
    "ModuleId": null,
    "IsEnabled": true,
    "Translation": null,
    "ErrorMessage": null
  },
  {
    "Id": 395646,
    "TenantId": 7496,
    "DimensionId": 674144,
    "DimensionName": null,
    "HierarchyId": "a83bc0fa-75b9-d92f-cfba-efb0a858cd98",
    "HierarchyName": "RelationshipPlan-RelationshipType-FromDimensionUsage",
    "HierarchyDescription": "RelationshipPlan-RelationshipType-FromDimensionUsage",
    "ModuleId": null,
    "IsEnabled": true,
    "Translation": null,
    "ErrorMessage": null
  },
  {
    "Id": 395647,
    "TenantId": 7496,
    "DimensionId": 674144,
    "DimensionName": null,
    "HierarchyId": "f247e15a-9eb1-728d-0cf0-b12b16d1de5b",
    "HierarchyName": "RelationshipPlan-RelationshipType-ToDimensionUsage",
    "HierarchyDescription": "RelationshipPlan-RelationshipType-ToDimensionUsage",
    "ModuleId": null,
    "IsEnabled": true,
    "Translation": null,
    "ErrorMessage": null
  },
  {
    "Id": 395645,
    "TenantId": 7496,
    "DimensionId": 674144,
    "DimensionName": null,
    "HierarchyId": "438659bd-4d92-d3a3-7420-e9fa7729338b",
    "HierarchyName": "RelationshipPlan-Type-EdgeProperty",
    "HierarchyDescription": "RelationshipPlan-Type-EdgeProperty",
    "ModuleId": null,
    "IsEnabled": true,
    "Translation": null,
    "ErrorMessage": null
  },
  {
    "Id": 395757,
    "TenantId": 7496,
    "DimensionId": 674294,
    "DimensionName": null,
    "HierarchyId": "bd58e9cd-76d7-4f94-8313-228cb41c85ed",
    "HierarchyName": "Resource Hierarchy",
    "HierarchyDescription": "Resource Hierarchy",
    "ModuleId": "89ea750b-98c6-4aa1-aee2-7136e4f17745",
    "IsEnabled": true,
    "Translation": null,
    "ErrorMessage": null
  },
  {
    "Id": 395693,
    "TenantId": 7496,
    "DimensionId": 674231,
    "DimensionName": null,
    "HierarchyId": "a7be4c37-c740-eaa8-8bfc-4edb7581b95b",
    "HierarchyName": "Retail Calendar Hierarchy",
    "HierarchyDescription": "Retail Calendar Hierarchy",
    "ModuleId": "d5a6c6d9-1161-4e67-9668-58aa708e9a75",
    "IsEnabled": true,
    "Translation": null,
    "ErrorMessage": null
  },
  {
    "Id": 395720,
    "TenantId": 7496,
    "DimensionId": 674244,
    "DimensionName": null,
    "HierarchyId": "ed5f7904-29d5-b0fe-2b9c-1e40e026b4cd",
    "HierarchyName": "Retail Item Hierarchy",
    "HierarchyDescription": "Retail Item Hierarchy",
    "ModuleId": "d5a6c6d9-1161-4e67-9668-58aa708e9a75",
    "IsEnabled": true,
    "Translation": null,
    "ErrorMessage": null
  },
  {
    "Id": 395677,
    "TenantId": 7496,
    "DimensionId": 674225,
    "DimensionName": null,
    "HierarchyId": "5b1b65dd-6559-29d7-2218-eb249d1e7492",
    "HierarchyName": "Retail Location Hierarchy",
    "HierarchyDescription": "Retail Location Hierarchy",
    "ModuleId": "d5a6c6d9-1161-4e67-9668-58aa708e9a75",
    "IsEnabled": true,
    "Translation": null,
    "ErrorMessage": null
  },
  {
    "Id": 395696,
    "TenantId": 7496,
    "DimensionId": 674231,
    "DimensionName": null,
    "HierarchyId": "163aa88f-6794-81c8-1b3a-70d159c7571d",
    "HierarchyName": "Retail Planning Hierarchy",
    "HierarchyDescription": "Retail Planning Hierarchy",
    "ModuleId": "d5a6c6d9-1161-4e67-9668-58aa708e9a75",
    "IsEnabled": true,
    "Translation": null,
    "ErrorMessage": null
  },
  {
    "Id": 395680,
    "TenantId": 7496,
    "DimensionId": 674228,
    "DimensionName": null,
    "HierarchyId": "aa73e67b-2717-0563-68ee-4d1c360daf0b",
    "HierarchyName": "Retail Process Hierarchy",
    "HierarchyDescription": "Retail Process Hierarchy",
    "ModuleId": "d5a6c6d9-1161-4e67-9668-58aa708e9a75",
    "IsEnabled": true,
    "Translation": null,
    "ErrorMessage": null
  },
  {
    "Id": 395707,
    "TenantId": 7496,
    "DimensionId": 674241,
    "DimensionName": null,
    "HierarchyId": "8b997c33-e641-8ddd-be78-021f7472f22f",
    "HierarchyName": "Retail Sales Domain Hierarchy",
    "HierarchyDescription": "Retail Sales Domain Hierarchy",
    "ModuleId": "d5a6c6d9-1161-4e67-9668-58aa708e9a75",
    "IsEnabled": true,
    "Translation": null,
    "ErrorMessage": null
  },
  {
    "Id": 395657,
    "TenantId": 7496,
    "DimensionId": 674173,
    "DimensionName": null,
    "HierarchyId": "7d361068-94e4-4219-9c68-eb53474513b8",
    "HierarchyName": "Rule Hierarchies",
    "HierarchyDescription": "Rule Hierarchies",
    "ModuleId": "b7824156-8448-4b9b-8b7e-6397b69f9391",
    "IsEnabled": true,
    "Translation": null,
    "ErrorMessage": null
  },
  {
    "Id": 395712,
    "TenantId": 7496,
    "DimensionId": 674241,
    "DimensionName": null,
    "HierarchyId": "4cc07316-1edb-54a0-bde3-ec9cee470fec",
    "HierarchyName": "Sales Account Customer Group Hierarchy",
    "HierarchyDescription": "Sales Account Customer Group Hierarchy",
    "ModuleId": "89ea750b-98c6-4aa1-aee2-7136e4f17745",
    "IsEnabled": true,
    "Translation": null,
    "ErrorMessage": null
  },
  {
    "Id": 395705,
    "TenantId": 7496,
    "DimensionId": 674241,
    "DimensionName": null,
    "HierarchyId": "4e305929-fd44-1f6b-74e3-a8532bcb73e3",
    "HierarchyName": "Sales Account Hierarchy",
    "HierarchyDescription": "Sales Account Hierarchy",
    "ModuleId": "89ea750b-98c6-4aa1-aee2-7136e4f17745",
    "IsEnabled": true,
    "Translation": null,
    "ErrorMessage": null
  },
  {
    "Id": 395711,
    "TenantId": 7496,
    "DimensionId": 674241,
    "DimensionName": null,
    "HierarchyId": "cf8d15b2-444c-29fa-d4ba-622fb5db6ae8",
    "HierarchyName": "Sales Channel Customer Group Hierarchy",
    "HierarchyDescription": "Sales Channel Customer Group Hierarchy",
    "ModuleId": "89ea750b-98c6-4aa1-aee2-7136e4f17745",
    "IsEnabled": true,
    "Translation": null,
    "ErrorMessage": null
  },
  {
    "Id": 395708,
    "TenantId": 7496,
    "DimensionId": 674241,
    "DimensionName": null,
    "HierarchyId": "c65227b8-ffe3-7422-acb4-dab46070723a",
    "HierarchyName": "Sales Channel Hierarchy",
    "HierarchyDescription": "Sales Channel Hierarchy",
    "ModuleId": "89ea750b-98c6-4aa1-aee2-7136e4f17745",
    "IsEnabled": true,
    "Translation": null,
    "ErrorMessage": null
  },
  {
    "Id": 395750,
    "TenantId": 7496,
    "DimensionId": 674279,
    "DimensionName": null,
    "HierarchyId": "e60a4669-3f24-4597-8d2f-18b56bff1d0d",
    "HierarchyName": "Sales Order",
    "HierarchyDescription": "Sales Order Hierarchy",
    "ModuleId": "89ea750b-98c6-4aa1-aee2-7136e4f17745",
    "IsEnabled": true,
    "Translation": null,
    "ErrorMessage": null
  },
  {
    "Id": 395706,
    "TenantId": 7496,
    "DimensionId": 674241,
    "DimensionName": null,
    "HierarchyId": "3c40e122-e3b3-d6d2-d147-49d9a4d9482f",
    "HierarchyName": "Sales Region Customer Group Hierarchy",
    "HierarchyDescription": "Sales Region Customer Group Hierarchy",
    "ModuleId": "89ea750b-98c6-4aa1-aee2-7136e4f17745",
    "IsEnabled": true,
    "Translation": null,
    "ErrorMessage": null
  },
  {
    "Id": 395709,
    "TenantId": 7496,
    "DimensionId": 674241,
    "DimensionName": null,
    "HierarchyId": "d6c0b6e5-dda1-c825-3ebd-721481ae9dcc",
    "HierarchyName": "Sales Region Hierarchy",
    "HierarchyDescription": "Sales Region Hierarchy",
    "ModuleId": "89ea750b-98c6-4aa1-aee2-7136e4f17745",
    "IsEnabled": true,
    "Translation": null,
    "ErrorMessage": null
  },
  {
    "Id": 395654,
    "TenantId": 7496,
    "DimensionId": 674158,
    "DimensionName": null,
    "HierarchyId": "821e2d3d-b5b2-50dd-6804-09cddb52db3c",
    "HierarchyName": "Setting Hierarchy",
    "HierarchyDescription": "Parameter Hierarchy",
    "ModuleId": "69c63dc5-4f82-4296-89e9-7839154cd5be",
    "IsEnabled": true,
    "Translation": null,
    "ErrorMessage": null
  },
  {
    "Id": 395670,
    "TenantId": 7496,
    "DimensionId": 674221,
    "DimensionName": null,
    "HierarchyId": "8f604c41-376f-6f7f-023c-d0dfbd75132c",
    "HierarchyName": "ShipmentLineID",
    "HierarchyDescription": "ShipmentLineID",
    "ModuleId": "40787334-d114-4118-82e3-eec1fce692eb",
    "IsEnabled": true,
    "Translation": null,
    "ErrorMessage": null
  },
  {
    "Id": 395692,
    "TenantId": 7496,
    "DimensionId": 674231,
    "DimensionName": null,
    "HierarchyId": "cee25a8e-da85-43e3-9e5f-b2153ebb5118",
    "HierarchyName": "SP Calendar Hierarchy",
    "HierarchyDescription": "Calendar Hierarchy used for Monthly Planning",
    "ModuleId": "89ea750b-98c6-4aa1-aee2-7136e4f17745",
    "IsEnabled": true,
    "Translation": null,
    "ErrorMessage": null
  },
  {
    "Id": 395728,
    "TenantId": 7496,
    "DimensionId": 674244,
    "DimensionName": null,
    "HierarchyId": "5d133afb-2dc2-4d3d-b997-0502abdafcb6",
    "HierarchyName": "Stage Hierarchy",
    "HierarchyDescription": "Stage Hierarchy",
    "ModuleId": "89ea750b-98c6-4aa1-aee2-7136e4f17745",
    "IsEnabled": true,
    "Translation": null,
    "ErrorMessage": null
  },
  {
    "Id": 395747,
    "TenantId": 7496,
    "DimensionId": 674267,
    "DimensionName": null,
    "HierarchyId": "febd25ca-80b7-ca93-c7f4-b5ce17d2c720",
    "HierarchyName": "Stat Account Hierarchy",
    "HierarchyDescription": "Stat Account Hierarchy",
    "ModuleId": "273029c8-d2db-4c26-91c2-c6ade5ef2bd4",
    "IsEnabled": true,
    "Translation": null,
    "ErrorMessage": null
  },
  {
    "Id": 395703,
    "TenantId": 7496,
    "DimensionId": 674240,
    "DimensionName": null,
    "HierarchyId": "c43e80f3-062f-fd56-3495-c86b6dc80ece",
    "HierarchyName": "Stat Channel Hierarchy",
    "HierarchyDescription": "Stat Channel Hierarchy",
    "ModuleId": "273029c8-d2db-4c26-91c2-c6ade5ef2bd4",
    "IsEnabled": true,
    "Translation": null,
    "ErrorMessage": null
  },
  {
    "Id": 395731,
    "TenantId": 7496,
    "DimensionId": 674245,
    "DimensionName": null,
    "HierarchyId": "de290cba-8fd8-5a75-90d4-9cf5dcbeb81e",
    "HierarchyName": "Stat Demand Domain Hierarchy",
    "HierarchyDescription": "Stat Demand Domain Hierarchy",
    "ModuleId": "273029c8-d2db-4c26-91c2-c6ade5ef2bd4",
    "IsEnabled": true,
    "Translation": null,
    "ErrorMessage": null
  },
  {
    "Id": 395716,
    "TenantId": 7496,
    "DimensionId": 674244,
    "DimensionName": null,
    "HierarchyId": "80cc11d3-66a1-4806-9ac4-c30de7c1bb53",
    "HierarchyName": "Stat Level Hierarchy",
    "HierarchyDescription": "Stat Level Hierarchy",
    "ModuleId": "273029c8-d2db-4c26-91c2-c6ade5ef2bd4",
    "IsEnabled": true,
    "Translation": null,
    "ErrorMessage": ""
  },
  {
    "Id": 395672,
    "TenantId": 7496,
    "DimensionId": 674225,
    "DimensionName": null,
    "HierarchyId": "dd4a948c-dcbb-435b-a434-281dcae3a36b",
    "HierarchyName": "Stat Location Hierarchy",
    "HierarchyDescription": "Stat Location Hierarchy",
    "ModuleId": "273029c8-d2db-4c26-91c2-c6ade5ef2bd4",
    "IsEnabled": true,
    "Translation": null,
    "ErrorMessage": null
  },
  {
    "Id": 395713,
    "TenantId": 7496,
    "DimensionId": 674242,
    "DimensionName": null,
    "HierarchyId": "1a3e8e71-5b0e-c2e8-9a66-7349e1c15f8e",
    "HierarchyName": "Stat PnL Hierarchy",
    "HierarchyDescription": "Stat PnL Hierarchy",
    "ModuleId": "273029c8-d2db-4c26-91c2-c6ade5ef2bd4",
    "IsEnabled": true,
    "Translation": null,
    "ErrorMessage": null
  },
  {
    "Id": 395662,
    "TenantId": 7496,
    "DimensionId": 674179,
    "DimensionName": null,
    "HierarchyId": "499b7f52-5420-1cda-0ea9-80ae033adca8",
    "HierarchyName": "Tenant Hierarchies",
    "HierarchyDescription": "Tenant Hierarchies",
    "ModuleId": "b7824156-8448-4b9b-8b7e-6397b69f9391",
    "IsEnabled": true,
    "Translation": null,
    "ErrorMessage": null
  },
  {
    "Id": 395655,
    "TenantId": 7496,
    "DimensionId": 674163,
    "DimensionName": null,
    "HierarchyId": "2b0568a0-2759-7f67-dc8a-92e43f63e811",
    "HierarchyName": "Time",
    "HierarchyDescription": "Time",
    "ModuleId": "c5dfb0f8-a9ea-4208-a148-5e7adb4dad96",
    "IsEnabled": true,
    "Translation": null,
    "ErrorMessage": null
  },
  {
    "Id": 395697,
    "TenantId": 7496,
    "DimensionId": 674235,
    "DimensionName": null,
    "HierarchyId": "9b4132b3-3f7c-4dc2-9aa0-3f20a9469c39",
    "HierarchyName": "To Calendar Hierarchy",
    "HierarchyDescription": "To Calendar Hierarchy",
    "ModuleId": "89ea750b-98c6-4aa1-aee2-7136e4f17745",
    "IsEnabled": true,
    "Translation": null,
    "ErrorMessage": null
  },
  {
    "Id": 395698,
    "TenantId": 7496,
    "DimensionId": 674235,
    "DimensionName": null,
    "HierarchyId": "8c17506a-3b78-474d-8da7-dcfdf79bbe8e",
    "HierarchyName": "To Calendar YTD Hierarchy",
    "HierarchyDescription": "To Calendar YTD Hierarchy",
    "ModuleId": "89ea750b-98c6-4aa1-aee2-7136e4f17745",
    "IsEnabled": true,
    "Translation": null,
    "ErrorMessage": null
  },
  {
    "Id": 395701,
    "TenantId": 7496,
    "DimensionId": 674235,
    "DimensionName": null,
    "HierarchyId": "caa81b04-3a94-4309-a881-6905245a59a9",
    "HierarchyName": "To CT Telescopic Hierarchy",
    "HierarchyDescription": "To CT Telescopic Hierarchy",
    "ModuleId": "89ea750b-98c6-4aa1-aee2-7136e4f17745",
    "IsEnabled": true,
    "Translation": null,
    "ErrorMessage": null
  },
  {
    "Id": 395743,
    "TenantId": 7496,
    "DimensionId": 674261,
    "DimensionName": null,
    "HierarchyId": "53e16b37-2f7c-4a37-81ba-0ad60223f351",
    "HierarchyName": "To Item Class",
    "HierarchyDescription": "To Item Class",
    "ModuleId": "89ea750b-98c6-4aa1-aee2-7136e4f17745",
    "IsEnabled": true,
    "Translation": null,
    "ErrorMessage": null
  },
  {
    "Id": 395742,
    "TenantId": 7496,
    "DimensionId": 674261,
    "DimensionName": null,
    "HierarchyId": "323afe05-5392-47e8-989d-6e9917c2d9ba",
    "HierarchyName": "To Item Hierarchy",
    "HierarchyDescription": "To Item",
    "ModuleId": "89ea750b-98c6-4aa1-aee2-7136e4f17745",
    "IsEnabled": true,
    "Translation": null,
    "ErrorMessage": null
  },
  {
    "Id": 395734,
    "TenantId": 7496,
    "DimensionId": 674250,
    "DimensionName": null,
    "HierarchyId": "31bdc0f4-840a-4ed3-9fa4-398dc5916bb8",
    "HierarchyName": "To Location Hierarchy",
    "HierarchyDescription": "To Location Hierarchy",
    "ModuleId": "89ea750b-98c6-4aa1-aee2-7136e4f17745",
    "IsEnabled": true,
    "Translation": null,
    "ErrorMessage": null
  },
  {
    "Id": 395735,
    "TenantId": 7496,
    "DimensionId": 674250,
    "DimensionName": null,
    "HierarchyId": "846e8c97-2d41-42a5-a75c-df16ddfb7e13",
    "HierarchyName": "To Location Type Hierarchy",
    "HierarchyDescription": "Location Type",
    "ModuleId": "89ea750b-98c6-4aa1-aee2-7136e4f17745",
    "IsEnabled": true,
    "Translation": null,
    "ErrorMessage": null
  },
  {
    "Id": 395699,
    "TenantId": 7496,
    "DimensionId": 674235,
    "DimensionName": null,
    "HierarchyId": "4f4ce793-4839-4aff-bed1-b0b96b37b141",
    "HierarchyName": "To MP Telescopic Hierarchy",
    "HierarchyDescription": "To MP Telescopic Hierarchy",
    "ModuleId": "89ea750b-98c6-4aa1-aee2-7136e4f17745",
    "IsEnabled": true,
    "Translation": null,
    "ErrorMessage": null
  },
  {
    "Id": 395700,
    "TenantId": 7496,
    "DimensionId": 674235,
    "DimensionName": null,
    "HierarchyId": "a951ecd3-b098-4f78-a0d3-d602dbd2ad79",
    "HierarchyName": "To Planning Hierarchy",
    "HierarchyDescription": "To Planning Hierarchy",
    "ModuleId": "89ea750b-98c6-4aa1-aee2-7136e4f17745",
    "IsEnabled": true,
    "Translation": null,
    "ErrorMessage": null
  },
  {
    "Id": 395702,
    "TenantId": 7496,
    "DimensionId": 674235,
    "DimensionName": null,
    "HierarchyId": "ce6e754f-a268-453a-b55b-5807d622a9c4",
    "HierarchyName": "To Planning YTD Hierarchy",
    "HierarchyDescription": "To Planning YTD Hierarchy",
    "ModuleId": "89ea750b-98c6-4aa1-aee2-7136e4f17745",
    "IsEnabled": true,
    "Translation": null,
    "ErrorMessage": null
  },
  {
    "Id": 395739,
    "TenantId": 7496,
    "DimensionId": 674261,
    "DimensionName": null,
    "HierarchyId": "01a51bf6-ade9-4870-8749-2bfb0d945965",
    "HierarchyName": "To PLC Hierarchy",
    "HierarchyDescription": "To PLC Hierarchy",
    "ModuleId": "40787334-d114-4118-82e3-eec1fce692eb",
    "IsEnabled": true,
    "Translation": null,
    "ErrorMessage": null
  },
  {
    "Id": 395741,
    "TenantId": 7496,
    "DimensionId": 674261,
    "DimensionName": null,
    "HierarchyId": "6f2113ac-10f3-47e1-a544-763116c1c631",
    "HierarchyName": "To Stage Hierarchy",
    "HierarchyDescription": "To Stage",
    "ModuleId": "89ea750b-98c6-4aa1-aee2-7136e4f17745",
    "IsEnabled": true,
    "Translation": null,
    "ErrorMessage": null
  },
  {
    "Id": 395740,
    "TenantId": 7496,
    "DimensionId": 674261,
    "DimensionName": null,
    "HierarchyId": "644ca9b7-865c-46ba-b01e-c37ac1ecdf3c",
    "HierarchyName": "To Transition Group Hierarchy",
    "HierarchyDescription": "To Transition Group",
    "ModuleId": "40787334-d114-4118-82e3-eec1fce692eb",
    "IsEnabled": true,
    "Translation": null,
    "ErrorMessage": null
  },
  {
    "Id": 395738,
    "TenantId": 7496,
    "DimensionId": 674261,
    "DimensionName": null,
    "HierarchyId": "5ff7c82d-9b09-4931-8d10-068f819b01cb",
    "HierarchyName": "To Type Hierarchy",
    "HierarchyDescription": "To Type",
    "ModuleId": "89ea750b-98c6-4aa1-aee2-7136e4f17745",
    "IsEnabled": true,
    "Translation": null,
    "ErrorMessage": null
  },
  {
    "Id": 395749,
    "TenantId": 7496,
    "DimensionId": 674271,
    "DimensionName": null,
    "HierarchyId": "d6519b17-d43b-4b4b-a58c-105aad97b15f",
    "HierarchyName": "Tracking Equipment Hierarchy",
    "HierarchyDescription": "Tracking Equipment Hierarchy",
    "ModuleId": "89ea750b-98c6-4aa1-aee2-7136e4f17745",
    "IsEnabled": true,
    "Translation": null,
    "ErrorMessage": null
  },
  {
    "Id": 395669,
    "TenantId": 7496,
    "DimensionId": 674221,
    "DimensionName": null,
    "HierarchyId": "36e61afa-ec96-4712-9ae6-0ac562e51081",
    "HierarchyName": "Transactional Hierarchy",
    "HierarchyDescription": "Transactional Hierarchy",
    "ModuleId": "89ea750b-98c6-4aa1-aee2-7136e4f17745",
    "IsEnabled": true,
    "Translation": null,
    "ErrorMessage": null
  },
  {
    "Id": 395729,
    "TenantId": 7496,
    "DimensionId": 674244,
    "DimensionName": null,
    "HierarchyId": "368d5d66-ade9-437a-b21c-0666c84c78d6",
    "HierarchyName": "Transition Group Hierarchy",
    "HierarchyDescription": "Transition Group Hierarchy",
    "ModuleId": "273029c8-d2db-4c26-91c2-c6ade5ef2bd4",
    "IsEnabled": true,
    "Translation": null,
    "ErrorMessage": null
  },
  {
    "Id": 395717,
    "TenantId": 7496,
    "DimensionId": 674244,
    "DimensionName": null,
    "HierarchyId": "1682ff33-67a0-47f9-b2be-636f620a130a",
    "HierarchyName": "Transition Hierarchy",
    "HierarchyDescription": "Transition Hierarchy",
    "ModuleId": "273029c8-d2db-4c26-91c2-c6ade5ef2bd4",
    "IsEnabled": true,
    "Translation": null,
    "ErrorMessage": null
  },
  {
    "Id": 395722,
    "TenantId": 7496,
    "DimensionId": 674244,
    "DimensionName": null,
    "HierarchyId": "e1d62417-5978-4026-9949-e7a3271d19fb",
    "HierarchyName": "Type Hierarchy",
    "HierarchyDescription": "Type Hierarchy",
    "ModuleId": "89ea750b-98c6-4aa1-aee2-7136e4f17745",
    "IsEnabled": true,
    "Translation": null,
    "ErrorMessage": null
  },
  {
    "Id": 395687,
    "TenantId": 7496,
    "DimensionId": 674231,
    "DimensionName": null,
    "HierarchyId": "911ad87c-7d4d-459f-8a46-b1f3a1f25673",
    "HierarchyName": "Week Name Hierarchy",
    "HierarchyDescription": "Week Name Hierarchy",
    "ModuleId": "273029c8-d2db-4c26-91c2-c6ade5ef2bd4",
    "IsEnabled": true,
    "Translation": null,
    "ErrorMessage": null
  },
  {
    "Id": 395691,
    "TenantId": 7496,
    "DimensionId": 674231,
    "DimensionName": null,
    "HierarchyId": "b0dfa8d7-24e7-4ff5-85c9-7c48fdafa32b",
    "HierarchyName": "YTD Name Hierarchy",
    "HierarchyDescription": "YTD Name Hierarchy",
    "ModuleId": "273029c8-d2db-4c26-91c2-c6ade5ef2bd4",
    "IsEnabled": true,
    "Translation": null,
    "ErrorMessage": null
  }
]