[
  {
    "Id": 38135,
    "TenantId": 7496,
    "Name": "AdditionalDemandID",
    "MinValue": 1,
    "Increment": 1,
    "Prefix": "Add_Demand_",
    "Suffix": "",
    "Description": "Unique DemandID for new demands",
    "LSSequenceId": "39beac04-fc7a-7bd7-55ec-53fc8792419f",
    "ModuleId": "0f784411-720c-4319-bc9a-c0994d2eb20e"
  },
  {
    "Id": 38140,
    "TenantId": 7496,
    "Name": "IntransitOrderlineID",
    "MinValue": 0,
    "Increment": 1,
    "Prefix": "User_Intransit_",
    "Suffix": "",
    "Description": "Generates sequenced OrderlineID",
    "LSSequenceId": "2ed54746-3602-402b-aadd-f1d27bbefb99",
    "ModuleId": "0f784411-720c-4319-bc9a-c0994d2eb20e"
  },
  {
    "Id": 38143,
    "TenantId": 7496,
    "Name": "IterationSequence",
    "MinValue": 1,
    "Increment": 1,
    "Prefix": "FI-",
    "Suffix": "",
    "Description": "Sequence for forecast iteration",
    "LSSequenceId": "271c3989-7328-6095-eb21-bb1d12865b1c",
    "ModuleId": "273029c8-d2db-4c26-91c2-c6ade5ef2bd4"
  },
  {
    "Id": 38144,
    "TenantId": 7496,
    "Name": "IterationTypeSequence",
    "MinValue": 1,
    "Increment": 1,
    "Prefix": "",
    "Suffix": "",
    "Description": "Sequence to create forecast iteration type",
    "LSSequenceId": "06dd1468-c2bb-52a4-61a2-25154ef6f8e5",
    "ModuleId": "273029c8-d2db-4c26-91c2-c6ade5ef2bd4"
  },
  {
    "Id": 38145,
    "TenantId": 7496,
    "Name": "NPIInitiativeID",
    "MinValue": 10000,
    "Increment": 1,
    "Prefix": "NPI -",
    "Suffix": "",
    "Description": "ID for NPI Initiatives",
    "LSSequenceId": "22e997f6-e32a-55e5-dbb7-36243bba5121",
    "ModuleId": "273029c8-d2db-4c26-91c2-c6ade5ef2bd4"
  },
  {
    "Id": 38134,
    "TenantId": 7496,
    "Name": "o9InputStructureSerialNo",
    "MinValue": 10000,
    "Increment": 1,
    "Prefix": "",
    "Suffix": "",
    "Description": "o9InputStructureSerialNo",
    "LSSequenceId": "7a3383cb-f5af-40b1-9696-a47b8ca26790",
    "ModuleId": "4c075c57-6f44-464e-a1ec-c23fe53c4d44"
  },
  {
    "Id": 38148,
    "TenantId": 7496,
    "Name": "ProductionOrderlineID",
    "MinValue": 0,
    "Increment": 1,
    "Prefix": "User_WIP_",
    "Suffix": "",
    "Description": "Generates sequenced OrderlineID",
    "LSSequenceId": "7ea03c7b-7830-439f-ac1e-0db0ce1c105b",
    "ModuleId": "0f784411-720c-4319-bc9a-c0994d2eb20e"
  },
  {
    "Id": 38139,
    "TenantId": 7496,
    "Name": "PurchaseOrderASNID",
    "MinValue": 0,
    "Increment": 1,
    "Prefix": "User_PO_ASN",
    "Suffix": "",
    "Description": "Generates sequenced OrderlineID",
    "LSSequenceId": "a4d75df9-da18-480e-b285-ac42f3235723",
    "ModuleId": "0f784411-720c-4319-bc9a-c0994d2eb20e"
  },
  {
    "Id": 38141,
    "TenantId": 7496,
    "Name": "PurchaseOrderID",
    "MinValue": 0,
    "Increment": 1,
    "Prefix": "User_PO_",
    "Suffix": "",
    "Description": "Generates sequenced OrderlineID",
    "LSSequenceId": "195bad3d-ea98-4b1a-b883-ad687ee50e7d",
    "ModuleId": "0f784411-720c-4319-bc9a-c0994d2eb20e"
  },
  {
    "Id": 38136,
    "TenantId": 7496,
    "Name": "RunID",
    "MinValue": 5,
    "Increment": 5,
    "Prefix": "",
    "Suffix": "",
    "Description": "Generates sequenced RunID",
    "LSSequenceId": "bb901eb6-1e45-4c8d-a9c9-a55715683a6b",
    "ModuleId": "ddab5036-c377-42df-a830-e56e77624e89"
  },
  {
    "Id": 38137,
    "TenantId": 7496,
    "Name": "RunID Parent",
    "MinValue": 1000,
    "Increment": 1,
    "Prefix": "",
    "Suffix": "",
    "Description": "RunID Parent",
    "LSSequenceId": "7e10ed32-2077-4d77-805f-94f034162367",
    "ModuleId": "ddab5036-c377-42df-a830-e56e77624e89"
  },
  {
    "Id": 38142,
    "TenantId": 7496,
    "Name": "SrNo_FieldID",
    "MinValue": 1,
    "Increment": 1,
    "Prefix": "CF_",
    "Suffix": "",
    "Description": "Sr No for unique Field ID",
    "LSSequenceId": "423664a6-250b-b92d-be48-97b72ca64114",
    "ModuleId": "b7824156-8448-4b9b-8b7e-6397b69f9391"
  },
  {
    "Id": 38138,
    "TenantId": 7496,
    "Name": "SROrderlineID",
    "MinValue": 0,
    "Increment": 1,
    "Prefix": "User_SR_",
    "Suffix": "",
    "Description": "Generates sequenced OrderlineID",
    "LSSequenceId": "13bb661d-67c3-46fb-b8fa-20eac8f2b8f0",
    "ModuleId": "0f784411-720c-4319-bc9a-c0994d2eb20e"
  },
  {
    "Id": 38147,
    "TenantId": 7496,
    "Name": "SSOrderlineID",
    "MinValue": 0,
    "Increment": 1,
    "Prefix": "User_SS_",
    "Suffix": "",
    "Description": "Generates sequenced OrderlineID",
    "LSSequenceId": "48e6aa9f-ea06-4a56-a572-6edc1382c968",
    "ModuleId": "0f784411-720c-4319-bc9a-c0994d2eb20e"
  },
  {
    "Id": 38146,
    "TenantId": 7496,
    "Name": "STOOrderlineID",
    "MinValue": 0,
    "Increment": 1,
    "Prefix": "User_STO_",
    "Suffix": "",
    "Description": "Generates sequenced OrderlineID",
    "LSSequenceId": "1506b695-cf13-4578-8dba-a8a5463e896b",
    "ModuleId": "0f784411-720c-4319-bc9a-c0994d2eb20e"
  }
]