[
  {
    "Id": 43051,
    "TenantId": 7496,
    "PrimaryMeasureId": 29055615,
    "PrimaryMeasureGuid": "00000000-0000-0000-0000-000000000000",
    "TwinMeasureId": 29055604,
    "TwinMeasureGuid": "00000000-0000-0000-0000-000000000000",
    "TwinToPrimaryFormula": "(Measure.[W PO Shipped Quantity] * Measure.[W PO Shipped Quantity Increment %]) + Measure.[W PO Shipped Quantity]",
    "PrimaryMeasureName": null,
    "TwinMeasureName": "W PO Shipped Quantity Increment %",
    "ExternalChangeUpdatesPrimary": false,
    "ModuleId": "0f784411-720c-4319-bc9a-c0994d2eb20e"
  },
  {
    "Id": 43058,
    "TenantId": 7496,
    "PrimaryMeasureId": 29056412,
    "PrimaryMeasureGuid": "00000000-0000-0000-0000-000000000000",
    "TwinMeasureId": 29056460,
    "TwinMeasureGuid": "00000000-0000-0000-0000-000000000000",
    "TwinToPrimaryFormula": "Measure.[SP POS MD %] * Measure.[SP Ttl Sls Rtl]",
    "PrimaryMeasureName": null,
    "TwinMeasureName": "SP POS MD %",
    "ExternalChangeUpdatesPrimary": null,
    "ModuleId": "e8a1d971-67ac-40b9-89f5-f60d79b5c317"
  },
  {
    "Id": 43057,
    "TenantId": 7496,
    "PrimaryMeasureId": 29056450,
    "PrimaryMeasureGuid": "00000000-0000-0000-0000-000000000000",
    "TwinMeasureId": 29056410,
    "TwinMeasureGuid": "00000000-0000-0000-0000-000000000000",
    "TwinToPrimaryFormula": "Measure.[SP Sls %]*Measure.[SP Ttl Sls Rtl]",
    "PrimaryMeasureName": null,
    "TwinMeasureName": "SP Sls %",
    "ExternalChangeUpdatesPrimary": null,
    "ModuleId": "e8a1d971-67ac-40b9-89f5-f60d79b5c317"
  },
  {
    "Id": 43056,
    "TenantId": 7496,
    "PrimaryMeasureId": 29056451,
    "PrimaryMeasureGuid": "00000000-0000-0000-0000-000000000000",
    "TwinMeasureId": 29056461,
    "TwinMeasureGuid": "00000000-0000-0000-0000-000000000000",
    "TwinToPrimaryFormula": "Measure.[SP Perm MD %] * Measure.[SP Ttl Sls Rtl]",
    "PrimaryMeasureName": null,
    "TwinMeasureName": "SP Perm MD %",
    "ExternalChangeUpdatesPrimary": null,
    "ModuleId": "e8a1d971-67ac-40b9-89f5-f60d79b5c317"
  },
  {
    "Id": 43055,
    "TenantId": 7496,
    "PrimaryMeasureId": 29056478,
    "PrimaryMeasureGuid": "00000000-0000-0000-0000-000000000000",
    "TwinMeasureId": 29056504,
    "TwinMeasureGuid": "00000000-0000-0000-0000-000000000000",
    "TwinToPrimaryFormula": "(Measure.[SP Vs LY Ttl Sls Rtl Growth %] + 1) * Measure.[LY Ttl Sls Rtl]",
    "PrimaryMeasureName": null,
    "TwinMeasureName": "SP Vs LY Ttl Sls Rtl Growth %",
    "ExternalChangeUpdatesPrimary": null,
    "ModuleId": "e8a1d971-67ac-40b9-89f5-f60d79b5c317"
  },
  {
    "Id": 43054,
    "TenantId": 7496,
    "PrimaryMeasureId": 29056507,
    "PrimaryMeasureGuid": "00000000-0000-0000-0000-000000000000",
    "TwinMeasureId": 29056511,
    "TwinMeasureGuid": "00000000-0000-0000-0000-000000000000",
    "TwinToPrimaryFormula": "Measure.[SP Ttl MD %]*Measure.[SP Ttl Sls Rtl]",
    "PrimaryMeasureName": null,
    "TwinMeasureName": "SP Ttl MD %",
    "ExternalChangeUpdatesPrimary": false,
    "ModuleId": "e8a1d971-67ac-40b9-89f5-f60d79b5c317"
  },
  {
    "Id": 43059,
    "TenantId": 7496,
    "PrimaryMeasureId": 29056554,
    "PrimaryMeasureGuid": "00000000-0000-0000-0000-000000000000",
    "TwinMeasureId": 29056537,
    "TwinMeasureGuid": "00000000-0000-0000-0000-000000000000",
    "TwinToPrimaryFormula": "(Measure.[InTransit Quantity] * Measure.[InTransit Quantity Increment %]) + Measure.[InTransit Quantity]",
    "PrimaryMeasureName": null,
    "TwinMeasureName": "InTransit Quantity Increment %",
    "ExternalChangeUpdatesPrimary": null,
    "ModuleId": "ddab5036-c377-42df-a830-e56e77624e89"
  },
  {
    "Id": 43067,
    "TenantId": 7496,
    "PrimaryMeasureId": 29056905,
    "PrimaryMeasureGuid": "00000000-0000-0000-0000-000000000000",
    "TwinMeasureId": 29056811,
    "TwinMeasureGuid": "00000000-0000-0000-0000-000000000000",
    "TwinToPrimaryFormula": "(Measure.[PrO Detail Quantity] * Measure.[PrO Detail Quantity Increment %]) + Measure.[PrO Detail Quantity]",
    "PrimaryMeasureName": null,
    "TwinMeasureName": "PrO Detail Quantity Increment %",
    "ExternalChangeUpdatesPrimary": false,
    "ModuleId": "ddab5036-c377-42df-a830-e56e77624e89"
  },
  {
    "Id": 43063,
    "TenantId": 7496,
    "PrimaryMeasureId": 29056798,
    "PrimaryMeasureGuid": "00000000-0000-0000-0000-000000000000",
    "TwinMeasureId": 29056849,
    "TwinMeasureGuid": "00000000-0000-0000-0000-000000000000",
    "TwinToPrimaryFormula": "(Measure.[LP Vs LP LY Ttl Sls Rtl Growth %] + 1) * Measure.[LP LY Ttl Sls Rtl]",
    "PrimaryMeasureName": null,
    "TwinMeasureName": "LP Vs LP LY Ttl Sls Rtl Growth %",
    "ExternalChangeUpdatesPrimary": null,
    "ModuleId": "872cd171-8caa-4e3a-bd94-265838c2d91a"
  },
  {
    "Id": 43064,
    "TenantId": 7496,
    "PrimaryMeasureId": 29056768,
    "PrimaryMeasureGuid": "00000000-0000-0000-0000-000000000000",
    "TwinMeasureId": 29056895,
    "TwinMeasureGuid": "00000000-0000-0000-0000-000000000000",
    "TwinToPrimaryFormula": "Measure.[LP Ttl MD %] * Measure.[LP Ttl Sls Rtl]",
    "PrimaryMeasureName": null,
    "TwinMeasureName": "LP Ttl MD %",
    "ExternalChangeUpdatesPrimary": null,
    "ModuleId": "872cd171-8caa-4e3a-bd94-265838c2d91a"
  },
  {
    "Id": 43065,
    "TenantId": 7496,
    "PrimaryMeasureId": 29056765,
    "PrimaryMeasureGuid": "00000000-0000-0000-0000-000000000000",
    "TwinMeasureId": 29056909,
    "TwinMeasureGuid": "00000000-0000-0000-0000-000000000000",
    "TwinToPrimaryFormula": "Measure.[LP Perm MD %] * Measure.[LP Ttl Sls Rtl]",
    "PrimaryMeasureName": null,
    "TwinMeasureName": "LP Perm MD %",
    "ExternalChangeUpdatesPrimary": null,
    "ModuleId": "872cd171-8caa-4e3a-bd94-265838c2d91a"
  },
  {
    "Id": 43062,
    "TenantId": 7496,
    "PrimaryMeasureId": 29056845,
    "PrimaryMeasureGuid": "00000000-0000-0000-0000-000000000000",
    "TwinMeasureId": 29056935,
    "TwinMeasureGuid": "00000000-0000-0000-0000-000000000000",
    "TwinToPrimaryFormula": "Measure.[LP Sls %] * Measure.[LP Ttl Sls Rtl]",
    "PrimaryMeasureName": null,
    "TwinMeasureName": "LP Sls %",
    "ExternalChangeUpdatesPrimary": null,
    "ModuleId": "872cd171-8caa-4e3a-bd94-265838c2d91a"
  },
  {
    "Id": 43061,
    "TenantId": 7496,
    "PrimaryMeasureId": 29056883,
    "PrimaryMeasureGuid": "00000000-0000-0000-0000-000000000000",
    "TwinMeasureId": 29056937,
    "TwinMeasureGuid": "00000000-0000-0000-0000-000000000000",
    "TwinToPrimaryFormula": "Measure.[LP POS MD %] * Measure.[LP Ttl Sls Rtl]",
    "PrimaryMeasureName": null,
    "TwinMeasureName": "LP POS MD %",
    "ExternalChangeUpdatesPrimary": null,
    "ModuleId": "872cd171-8caa-4e3a-bd94-265838c2d91a"
  },
  {
    "Id": 43068,
    "TenantId": 7496,
    "PrimaryMeasureId": 29057745,
    "PrimaryMeasureGuid": "00000000-0000-0000-0000-000000000000",
    "TwinMeasureId": 29057779,
    "TwinMeasureGuid": "00000000-0000-0000-0000-000000000000",
    "TwinToPrimaryFormula": "(Measure.[PO Commit Quantity] * Measure.[PO Commit Quantity Increment %]) + Measure.[PO Commit Quantity]",
    "PrimaryMeasureName": null,
    "TwinMeasureName": "PO Commit Quantity Increment %",
    "ExternalChangeUpdatesPrimary": false,
    "ModuleId": "ddab5036-c377-42df-a830-e56e77624e89"
  },
  {
    "Id": 43073,
    "TenantId": 7496,
    "PrimaryMeasureId": 29058320,
    "PrimaryMeasureGuid": "00000000-0000-0000-0000-000000000000",
    "TwinMeasureId": 29058176,
    "TwinMeasureGuid": "00000000-0000-0000-0000-000000000000",
    "TwinToPrimaryFormula": "Measure.[BU POS MD %] * Measure.[BU Ttl Sls Rtl]",
    "PrimaryMeasureName": null,
    "TwinMeasureName": "BU POS MD %",
    "ExternalChangeUpdatesPrimary": null,
    "ModuleId": "e8a1d971-67ac-40b9-89f5-f60d79b5c317"
  },
  {
    "Id": 43070,
    "TenantId": 7496,
    "PrimaryMeasureId": 29058383,
    "PrimaryMeasureGuid": "00000000-0000-0000-0000-000000000000",
    "TwinMeasureId": 29058314,
    "TwinMeasureGuid": "00000000-0000-0000-0000-000000000000",
    "TwinToPrimaryFormula": "(Measure.[BU Vs LY Ttl Sls Growth %] + 1) * Measure.[LY Ttl Sls Rtl]",
    "PrimaryMeasureName": null,
    "TwinMeasureName": "BU Vs LY Ttl Sls Growth %",
    "ExternalChangeUpdatesPrimary": null,
    "ModuleId": "e8a1d971-67ac-40b9-89f5-f60d79b5c317"
  },
  {
    "Id": 43071,
    "TenantId": 7496,
    "PrimaryMeasureId": 29058355,
    "PrimaryMeasureGuid": "00000000-0000-0000-0000-000000000000",
    "TwinMeasureId": 29058335,
    "TwinMeasureGuid": "00000000-0000-0000-0000-000000000000",
    "TwinToPrimaryFormula": "Measure.[BU Ttl MD %]*Measure.[BU Ttl Sls Rtl]",
    "PrimaryMeasureName": null,
    "TwinMeasureName": "BU Ttl MD %",
    "ExternalChangeUpdatesPrimary": null,
    "ModuleId": "e8a1d971-67ac-40b9-89f5-f60d79b5c317"
  },
  {
    "Id": 43069,
    "TenantId": 7496,
    "PrimaryMeasureId": 29058477,
    "PrimaryMeasureGuid": "00000000-0000-0000-0000-000000000000",
    "TwinMeasureId": 29058518,
    "TwinMeasureGuid": "00000000-0000-0000-0000-000000000000",
    "TwinToPrimaryFormula": "Measure.[BU Sls %]*Measure.[BU Ttl Sls Rtl]",
    "PrimaryMeasureName": null,
    "TwinMeasureName": "BU Sls %",
    "ExternalChangeUpdatesPrimary": null,
    "ModuleId": "e8a1d971-67ac-40b9-89f5-f60d79b5c317"
  },
  {
    "Id": 43072,
    "TenantId": 7496,
    "PrimaryMeasureId": 29058332,
    "PrimaryMeasureGuid": "00000000-0000-0000-0000-000000000000",
    "TwinMeasureId": 29058524,
    "TwinMeasureGuid": "00000000-0000-0000-0000-000000000000",
    "TwinToPrimaryFormula": "Measure.[BU Perm MD %] * Measure.[BU Ttl Sls Rtl]",
    "PrimaryMeasureName": null,
    "TwinMeasureName": "BU Perm MD %",
    "ExternalChangeUpdatesPrimary": null,
    "ModuleId": "e8a1d971-67ac-40b9-89f5-f60d79b5c317"
  },
  {
    "Id": 43080,
    "TenantId": 7496,
    "PrimaryMeasureId": 29059768,
    "PrimaryMeasureGuid": "00000000-0000-0000-0000-000000000000",
    "TwinMeasureId": 29059719,
    "TwinMeasureGuid": "00000000-0000-0000-0000-000000000000",
    "TwinToPrimaryFormula": "(Measure.[W Demand Quantity] * Measure.[W Demand Quantity Increment %]) + Measure.[W Demand Quantity]",
    "PrimaryMeasureName": null,
    "TwinMeasureName": "W Demand Quantity Increment %",
    "ExternalChangeUpdatesPrimary": false,
    "ModuleId": "0f784411-720c-4319-bc9a-c0994d2eb20e"
  },
  {
    "Id": 43081,
    "TenantId": 7496,
    "PrimaryMeasureId": 29060437,
    "PrimaryMeasureGuid": "00000000-0000-0000-0000-000000000000",
    "TwinMeasureId": 29060402,
    "TwinMeasureGuid": "00000000-0000-0000-0000-000000000000",
    "TwinToPrimaryFormula": "DATEDIFF(Measure.[Initiative Start], Measure.[Initiative End], [day])",
    "PrimaryMeasureName": null,
    "TwinMeasureName": "Initiative End",
    "ExternalChangeUpdatesPrimary": true,
    "ModuleId": "273029c8-d2db-4c26-91c2-c6ade5ef2bd4"
  },
  {
    "Id": 43078,
    "TenantId": 7496,
    "PrimaryMeasureId": 29061041,
    "PrimaryMeasureGuid": "00000000-0000-0000-0000-000000000000",
    "TwinMeasureId": 29060674,
    "TwinMeasureGuid": "00000000-0000-0000-0000-000000000000",
    "TwinToPrimaryFormula": "Measure.[TD Perm MD %] * Measure.[TD Ttl Sls Rtl]",
    "PrimaryMeasureName": null,
    "TwinMeasureName": "TD Perm MD %",
    "ExternalChangeUpdatesPrimary": null,
    "ModuleId": "e8a1d971-67ac-40b9-89f5-f60d79b5c317"
  },
  {
    "Id": 43082,
    "TenantId": 7496,
    "PrimaryMeasureId": 29060739,
    "PrimaryMeasureGuid": "00000000-0000-0000-0000-000000000000",
    "TwinMeasureId": 29060712,
    "TwinMeasureGuid": "00000000-0000-0000-0000-000000000000",
    "TwinToPrimaryFormula": "(Measure.[D Demand Quantity] * Measure.[D Demand Quantity Increment %]) + Measure.[D Demand Quantity]",
    "PrimaryMeasureName": null,
    "TwinMeasureName": "D Demand Quantity Increment %",
    "ExternalChangeUpdatesPrimary": false,
    "ModuleId": "0f784411-720c-4319-bc9a-c0994d2eb20e"
  },
  {
    "Id": 43075,
    "TenantId": 7496,
    "PrimaryMeasureId": 29061119,
    "PrimaryMeasureGuid": "00000000-0000-0000-0000-000000000000",
    "TwinMeasureId": 29060734,
    "TwinMeasureGuid": "00000000-0000-0000-0000-000000000000",
    "TwinToPrimaryFormula": "Measure.[TD Sls %]*Measure.[TD Ttl Sls Rtl]",
    "PrimaryMeasureName": null,
    "TwinMeasureName": "TD Sls %",
    "ExternalChangeUpdatesPrimary": null,
    "ModuleId": "e8a1d971-67ac-40b9-89f5-f60d79b5c317"
  },
  {
    "Id": 43076,
    "TenantId": 7496,
    "PrimaryMeasureId": 29061115,
    "PrimaryMeasureGuid": "00000000-0000-0000-0000-000000000000",
    "TwinMeasureId": 29061104,
    "TwinMeasureGuid": "00000000-0000-0000-0000-000000000000",
    "TwinToPrimaryFormula": "Measure.[TD Ttl MD %]*Measure.[TD Ttl Sls Rtl]",
    "PrimaryMeasureName": null,
    "TwinMeasureName": "TD Ttl MD %",
    "ExternalChangeUpdatesPrimary": null,
    "ModuleId": "e8a1d971-67ac-40b9-89f5-f60d79b5c317"
  },
  {
    "Id": 43077,
    "TenantId": 7496,
    "PrimaryMeasureId": 29061042,
    "PrimaryMeasureGuid": "00000000-0000-0000-0000-000000000000",
    "TwinMeasureId": 29061142,
    "TwinMeasureGuid": "00000000-0000-0000-0000-000000000000",
    "TwinToPrimaryFormula": "(Measure.[TD Vs LY Ttl Sls Rtl Growth %]+ 1) * Measure.[LY Ttl Sls Rtl]",
    "PrimaryMeasureName": null,
    "TwinMeasureName": "TD Vs LY Ttl Sls Rtl Growth %",
    "ExternalChangeUpdatesPrimary": true,
    "ModuleId": "e8a1d971-67ac-40b9-89f5-f60d79b5c317"
  },
  {
    "Id": 43079,
    "TenantId": 7496,
    "PrimaryMeasureId": 29060954,
    "PrimaryMeasureGuid": "00000000-0000-0000-0000-000000000000",
    "TwinMeasureId": 29061153,
    "TwinMeasureGuid": "00000000-0000-0000-0000-000000000000",
    "TwinToPrimaryFormula": "Measure.[TD POS MD %] * Measure.[TD Ttl Sls Rtl]",
    "PrimaryMeasureName": null,
    "TwinMeasureName": "TD POS MD %",
    "ExternalChangeUpdatesPrimary": null,
    "ModuleId": "e8a1d971-67ac-40b9-89f5-f60d79b5c317"
  },
  {
    "Id": 43074,
    "TenantId": 7496,
    "PrimaryMeasureId": 29061206,
    "PrimaryMeasureGuid": "00000000-0000-0000-0000-000000000000",
    "TwinMeasureId": 29061215,
    "TwinMeasureGuid": "00000000-0000-0000-0000-000000000000",
    "TwinToPrimaryFormula": "Measure.[BU Rec Rtl] * Sum(1,-1*Measure.[BU Rec IMU % RMA])",
    "PrimaryMeasureName": null,
    "TwinMeasureName": "BU Rec IMU % RMA",
    "ExternalChangeUpdatesPrimary": true,
    "ModuleId": "e8a1d971-67ac-40b9-89f5-f60d79b5c317"
  },
  {
    "Id": 43086,
    "TenantId": 7496,
    "PrimaryMeasureId": 29061446,
    "PrimaryMeasureGuid": "00000000-0000-0000-0000-000000000000",
    "TwinMeasureId": 29061554,
    "TwinMeasureGuid": "00000000-0000-0000-0000-000000000000",
    "TwinToPrimaryFormula": "Measure.[OTB Sls %]*Measure.[OTB Ttl Sls Rtl]",
    "PrimaryMeasureName": null,
    "TwinMeasureName": "OTB Sls %",
    "ExternalChangeUpdatesPrimary": null,
    "ModuleId": "e8a1d971-67ac-40b9-89f5-f60d79b5c317"
  },
  {
    "Id": 43087,
    "TenantId": 7496,
    "PrimaryMeasureId": 29061410,
    "PrimaryMeasureGuid": "00000000-0000-0000-0000-000000000000",
    "TwinMeasureId": 29061703,
    "TwinMeasureGuid": "00000000-0000-0000-0000-000000000000",
    "TwinToPrimaryFormula": "(Measure.[OTB Vs LY Ttl Sls Rtl Growth %] + 1) * Measure.[LY Ttl Sls Rtl]",
    "PrimaryMeasureName": null,
    "TwinMeasureName": "OTB Vs LY Ttl Sls Rtl Growth %",
    "ExternalChangeUpdatesPrimary": null,
    "ModuleId": "e8a1d971-67ac-40b9-89f5-f60d79b5c317"
  },
  {
    "Id": 43083,
    "TenantId": 7496,
    "PrimaryMeasureId": 29061617,
    "PrimaryMeasureGuid": "00000000-0000-0000-0000-000000000000",
    "TwinMeasureId": 29061467,
    "TwinMeasureGuid": "00000000-0000-0000-0000-000000000000",
    "TwinToPrimaryFormula": "Measure.[OTB POS MD %] * Measure.[OTB Ttl Sls Rtl]",
    "PrimaryMeasureName": null,
    "TwinMeasureName": "OTB POS MD %",
    "ExternalChangeUpdatesPrimary": null,
    "ModuleId": "e8a1d971-67ac-40b9-89f5-f60d79b5c317"
  },
  {
    "Id": 43084,
    "TenantId": 7496,
    "PrimaryMeasureId": 29061568,
    "PrimaryMeasureGuid": "00000000-0000-0000-0000-000000000000",
    "TwinMeasureId": 29061510,
    "TwinMeasureGuid": "00000000-0000-0000-0000-000000000000",
    "TwinToPrimaryFormula": "Measure.[OTB Ttl MD %]*Measure.[OTB Ttl Sls Rtl]",
    "PrimaryMeasureName": null,
    "TwinMeasureName": "OTB Ttl MD %",
    "ExternalChangeUpdatesPrimary": null,
    "ModuleId": "e8a1d971-67ac-40b9-89f5-f60d79b5c317"
  },
  {
    "Id": 43085,
    "TenantId": 7496,
    "PrimaryMeasureId": 29061503,
    "PrimaryMeasureGuid": "00000000-0000-0000-0000-000000000000",
    "TwinMeasureId": 29061630,
    "TwinMeasureGuid": "00000000-0000-0000-0000-000000000000",
    "TwinToPrimaryFormula": "Measure.[OTB Perm MD %] * Measure.[OTB Ttl Sls Rtl]",
    "PrimaryMeasureName": null,
    "TwinMeasureName": "OTB Perm MD %",
    "ExternalChangeUpdatesPrimary": null,
    "ModuleId": "e8a1d971-67ac-40b9-89f5-f60d79b5c317"
  },
  {
    "Id": 43088,
    "TenantId": 7496,
    "PrimaryMeasureId": 29062464,
    "PrimaryMeasureGuid": "00000000-0000-0000-0000-000000000000",
    "TwinMeasureId": 29062472,
    "TwinMeasureGuid": "00000000-0000-0000-0000-000000000000",
    "TwinToPrimaryFormula": "(Measure.[W InTransit Quantity] * Measure.[W InTransit Quantity Increment %]) + Measure.[W InTransit Quantity]",
    "PrimaryMeasureName": null,
    "TwinMeasureName": "W InTransit Quantity Increment %",
    "ExternalChangeUpdatesPrimary": false,
    "ModuleId": "0f784411-720c-4319-bc9a-c0994d2eb20e"
  },
  {
    "Id": 43053,
    "TenantId": 7496,
    "PrimaryMeasureId": 29063257,
    "PrimaryMeasureGuid": "00000000-0000-0000-0000-000000000000",
    "TwinMeasureId": 29063255,
    "TwinMeasureGuid": "00000000-0000-0000-0000-000000000000",
    "TwinToPrimaryFormula": "(Measure.[W MFG WIP Operation Quantity] * Measure.[W MFG WIP Operation Quantity Increment %]) + Measure.[W MFG WIP Operation Quantity]",
    "PrimaryMeasureName": null,
    "TwinMeasureName": "W MFG WIP Operation Quantity Increment %",
    "ExternalChangeUpdatesPrimary": false,
    "ModuleId": "0f784411-720c-4319-bc9a-c0994d2eb20e"
  },
  {
    "Id": 43089,
    "TenantId": 7496,
    "PrimaryMeasureId": 29063689,
    "PrimaryMeasureGuid": "00000000-0000-0000-0000-000000000000",
    "TwinMeasureId": 29063694,
    "TwinMeasureGuid": "00000000-0000-0000-0000-000000000000",
    "TwinToPrimaryFormula": "(Measure.[STO Line Detail Quantity BODLane Location] * Measure.[STO Line Detail Quantity Increment %]) + Measure.[STO Line Detail Quantity BODLane Location]",
    "PrimaryMeasureName": null,
    "TwinMeasureName": "STO Line Detail Quantity Increment %",
    "ExternalChangeUpdatesPrimary": false,
    "ModuleId": "ddab5036-c377-42df-a830-e56e77624e89"
  },
  {
    "Id": 43090,
    "TenantId": 7496,
    "PrimaryMeasureId": 29063874,
    "PrimaryMeasureGuid": "00000000-0000-0000-0000-000000000000",
    "TwinMeasureId": 29063873,
    "TwinMeasureGuid": "00000000-0000-0000-0000-000000000000",
    "TwinToPrimaryFormula": "Measure.[W Supplier Commits Flex %] * Measure.[W Supplier Commits]",
    "PrimaryMeasureName": null,
    "TwinMeasureName": "W Supplier Commits Flex %",
    "ExternalChangeUpdatesPrimary": false,
    "ModuleId": "0f784411-720c-4319-bc9a-c0994d2eb20e"
  },
  {
    "Id": 43091,
    "TenantId": 7496,
    "PrimaryMeasureId": 29064055,
    "PrimaryMeasureGuid": "00000000-0000-0000-0000-000000000000",
    "TwinMeasureId": 29064035,
    "TwinMeasureGuid": "00000000-0000-0000-0000-000000000000",
    "TwinToPrimaryFormula": "(Measure.[PO ASN Delivery Quantity] * Measure.[PO ASN Delivery Quantity Increment %]) + Measure.[PO ASN Delivery Quantity]",
    "PrimaryMeasureName": null,
    "TwinMeasureName": "PO ASN Delivery Quantity Increment %",
    "ExternalChangeUpdatesPrimary": false,
    "ModuleId": "ddab5036-c377-42df-a830-e56e77624e89"
  },
  {
    "Id": 43066,
    "TenantId": 7496,
    "PrimaryMeasureId": 29064121,
    "PrimaryMeasureGuid": "00000000-0000-0000-0000-000000000000",
    "TwinMeasureId": 29064131,
    "TwinMeasureGuid": "00000000-0000-0000-0000-000000000000",
    "TwinToPrimaryFormula": "(Measure.[PrO WIP Operation Quantity] * Measure.[PrO WIP Operation Quantity Increment %]) + Measure.[PrO WIP Operation Quantity]",
    "PrimaryMeasureName": null,
    "TwinMeasureName": "PrO WIP Operation Quantity Increment %",
    "ExternalChangeUpdatesPrimary": false,
    "ModuleId": "0f784411-720c-4319-bc9a-c0994d2eb20e"
  },
  {
    "Id": 43060,
    "TenantId": 7496,
    "PrimaryMeasureId": 29064755,
    "PrimaryMeasureGuid": "00000000-0000-0000-0000-000000000000",
    "TwinMeasureId": 29064767,
    "TwinMeasureGuid": "00000000-0000-0000-0000-000000000000",
    "TwinToPrimaryFormula": "DateADD (Measure.[Process Start Date], Measure.[Process Duration]-1, [day])",
    "PrimaryMeasureName": null,
    "TwinMeasureName": "Process Duration",
    "ExternalChangeUpdatesPrimary": false,
    "ModuleId": "273029c8-d2db-4c26-91c2-c6ade5ef2bd4"
  },
  {
    "Id": 43050,
    "TenantId": 7496,
    "PrimaryMeasureId": 29069726,
    "PrimaryMeasureGuid": "00000000-0000-0000-0000-000000000000",
    "TwinMeasureId": 29069727,
    "TwinMeasureGuid": "00000000-0000-0000-0000-000000000000",
    "TwinToPrimaryFormula": "(Measure.[D OnHand Quantity] * Measure.[D OnHand Quantity Increment %]) + Measure.[D OnHand Quantity]",
    "PrimaryMeasureName": null,
    "TwinMeasureName": "D OnHand Quantity Increment %",
    "ExternalChangeUpdatesPrimary": false,
    "ModuleId": "0f784411-720c-4319-bc9a-c0994d2eb20e"
  },
  {
    "Id": 43052,
    "TenantId": 7496,
    "PrimaryMeasureId": 29069961,
    "PrimaryMeasureGuid": "00000000-0000-0000-0000-000000000000",
    "TwinMeasureId": 29069966,
    "TwinMeasureGuid": "00000000-0000-0000-0000-000000000000",
    "TwinToPrimaryFormula": "(Measure.[W OnHand Quantity Input] * Measure.[W OnHand Quantity Increment %]) + Measure.[W OnHand Quantity Input]",
    "PrimaryMeasureName": null,
    "TwinMeasureName": "W OnHand Quantity Increment %",
    "ExternalChangeUpdatesPrimary": false,
    "ModuleId": "0f784411-720c-4319-bc9a-c0994d2eb20e"
  }
]