[
  {
    "Id": 315217,
    "TenantId": 7496,
    "MeasureGroupId": 6119689,
    "LCID": 1033,
    "MeasureGroupName": "Stat Item * Stat Account * Stat Channel * Stat Region * Stat PnL * Stat Demand Domain * Stat Location * Lag * Week",
    "MeasureGroupDescription": "Stat Item * Stat Account * Stat Channel * Stat Region * Stat PnL * Stat Demand Domain * Stat Location * Lag * Week",
    "Language": null,
    "MeasureGroupGuid": "00000000-0000-0000-0000-000000000000",
    "ToolTip": null,
    "ModuleId": "52370024-0307-4d32-9948-435d1a6d8e73"
  },
  {
    "Id": 315218,
    "TenantId": 7496,
    "MeasureGroupId": 6119702,
    "LCID": 9,
    "MeasureGroupName": "BU Total Sales Retail Approved",
    "MeasureGroupDescription": "BU Total Sales Retail Approved",
    "Language": null,
    "MeasureGroupGuid": "00000000-0000-0000-0000-000000000000",
    "ToolTip": null,
    "ModuleId": "c928002a-6e25-4e69-af62-e9065f3a8b31"
  },
  {
    "Id": 315219,
    "TenantId": 7496,
    "MeasureGroupId": 6119721,
    "LCID": 1033,
    "MeasureGroupName": "Storage Short Quantity",
    "MeasureGroupDescription": "Storage Short Quantity",
    "Language": null,
    "MeasureGroupGuid": "00000000-0000-0000-0000-000000000000",
    "ToolTip": null,
    "ModuleId": "9d5b1914-72d3-4490-b4c6-bed4165aa9cc"
  },
  {
    "Id": 315220,
    "TenantId": 7496,
    "MeasureGroupId": 6119735,
    "LCID": 1033,
    "MeasureGroupName": "Capacity Short Quantity",
    "MeasureGroupDescription": "Capacity Short Quantity",
    "Language": null,
    "MeasureGroupGuid": "00000000-0000-0000-0000-000000000000",
    "ToolTip": null,
    "ModuleId": "9d5b1914-72d3-4490-b4c6-bed4165aa9cc"
  },
  {
    "Id": 315221,
    "TenantId": 7496,
    "MeasureGroupId": 6119821,
    "LCID": 9,
    "MeasureGroupName": "Batch Duration(In Seconds)",
    "MeasureGroupDescription": "Batch Duration(In Seconds)",
    "Language": null,
    "MeasureGroupGuid": "00000000-0000-0000-0000-000000000000",
    "ToolTip": null,
    "ModuleId": "4c075c57-6f44-464e-a1ec-c23fe53c4d44"
  },
  {
    "Id": 315222,
    "TenantId": 7496,
    "MeasureGroupId": 6119799,
    "LCID": 1033,
    "MeasureGroupName": "CML Backfill",
    "MeasureGroupDescription": "CML Backfill",
    "Language": null,
    "MeasureGroupGuid": "00000000-0000-0000-0000-000000000000",
    "ToolTip": null,
    "ModuleId": "52370024-0307-4d32-9948-435d1a6d8e73"
  },
  {
    "Id": 315223,
    "TenantId": 7496,
    "MeasureGroupId": 6119852,
    "LCID": 1033,
    "MeasureGroupName": "ItemType",
    "MeasureGroupDescription": "ItemType",
    "Language": null,
    "MeasureGroupGuid": "00000000-0000-0000-0000-000000000000",
    "ToolTip": null,
    "ModuleId": "89ea750b-98c6-4aa1-aee2-7136e4f17745"
  },
  {
    "Id": 315224,
    "TenantId": 7496,
    "MeasureGroupId": 6119914,
    "LCID": 1033,
    "MeasureGroupName": "Destination Location Attribute2",
    "MeasureGroupDescription": "Destination Location Attribute2",
    "Language": null,
    "MeasureGroupGuid": "00000000-0000-0000-0000-000000000000",
    "ToolTip": null,
    "ModuleId": "d5a6c6d9-1161-4e67-9668-58aa708e9a75"
  },
  {
    "Id": 315225,
    "TenantId": 7496,
    "MeasureGroupId": 6119986,
    "LCID": 1033,
    "MeasureGroupName": "DC Reserve % Availabiliy",
    "MeasureGroupDescription": "DC Reserve % Availabiliy",
    "Language": null,
    "MeasureGroupGuid": "00000000-0000-0000-0000-000000000000",
    "ToolTip": null,
    "ModuleId": "ad45cd90-f934-4050-9deb-db09941fd4be"
  },
  {
    "Id": 315226,
    "TenantId": 7496,
    "MeasureGroupId": 6119903,
    "LCID": 1033,
    "MeasureGroupName": "Tgt WOS Final",
    "MeasureGroupDescription": "Weeks of Cover Final",
    "Language": null,
    "MeasureGroupGuid": "00000000-0000-0000-0000-000000000000",
    "ToolTip": null,
    "ModuleId": "c928002a-6e25-4e69-af62-e9065f3a8b31"
  },
  {
    "Id": 315227,
    "TenantId": 7496,
    "MeasureGroupId": 6120012,
    "LCID": 1033,
    "MeasureGroupName": "Stat Item * Stat Account * Stat Channel * Stat Region * Stat PnL * Stat Demand Domain * Stat Location * Partial Week",
    "MeasureGroupDescription": "Stat Item * Stat Account * Stat Channel * Stat Region * Stat PnL * Stat Demand Domain * Stat Location * Partial Week",
    "Language": null,
    "MeasureGroupGuid": "00000000-0000-0000-0000-000000000000",
    "ToolTip": null,
    "ModuleId": "52370024-0307-4d32-9948-435d1a6d8e73"
  },
  {
    "Id": 315228,
    "TenantId": 7496,
    "MeasureGroupId": 6120227,
    "LCID": 1033,
    "MeasureGroupName": "Data Segment * Data Stream",
    "MeasureGroupDescription": "Data Segment * Data Stream",
    "Language": null,
    "MeasureGroupGuid": "00000000-0000-0000-0000-000000000000",
    "ToolTip": null,
    "ModuleId": "ddab5036-c377-42df-a830-e56e77624e89"
  },
  {
    "Id": 315229,
    "TenantId": 7496,
    "MeasureGroupId": 6120306,
    "LCID": 1033,
    "MeasureGroupName": "Priority Format",
    "MeasureGroupDescription": "Priority Format",
    "Language": null,
    "MeasureGroupGuid": "00000000-0000-0000-0000-000000000000",
    "ToolTip": null,
    "ModuleId": "49b150bd-7b0d-4c1a-b4a1-5155143e3bbc"
  },
  {
    "Id": 315230,
    "TenantId": 7496,
    "MeasureGroupId": 6120294,
    "LCID": 1033,
    "MeasureGroupName": "Stat Item * Stat Account * Stat Channel * Stat Region * Stat PnL * Stat Demand Domain * Stat Location * Partial Week",
    "MeasureGroupDescription": "Stat Item * Stat Account * Stat Channel * Stat Region * Stat PnL * Stat Demand Domain * Stat Location * Partial Week",
    "Language": null,
    "MeasureGroupGuid": "00000000-0000-0000-0000-000000000000",
    "ToolTip": null,
    "ModuleId": "52370024-0307-4d32-9948-435d1a6d8e73"
  },
  {
    "Id": 315231,
    "TenantId": 7496,
    "MeasureGroupId": 6120374,
    "LCID": 1033,
    "MeasureGroupName": "026 Attribute Planning",
    "MeasureGroupDescription": "026 Attribute Planning",
    "Language": null,
    "MeasureGroupGuid": "00000000-0000-0000-0000-000000000000",
    "ToolTip": null,
    "ModuleId": "e8a1d971-67ac-40b9-89f5-f60d79b5c317"
  },
  {
    "Id": 315232,
    "TenantId": 7496,
    "MeasureGroupId": 6120381,
    "LCID": 1033,
    "MeasureGroupName": "Initiative ",
    "MeasureGroupDescription": "Initiative ",
    "Language": null,
    "MeasureGroupGuid": "00000000-0000-0000-0000-000000000000",
    "ToolTip": null,
    "ModuleId": "273029c8-d2db-4c26-91c2-c6ade5ef2bd4"
  },
  {
    "Id": 315233,
    "TenantId": 7496,
    "MeasureGroupId": 6120370,
    "LCID": 1033,
    "MeasureGroupName": "Stat Item * Stat Account * Stat Channel * Stat Region * Stat PnL * Stat Demand Domain * Stat Location * Partial Week",
    "MeasureGroupDescription": "Stat Item * Stat Account * Stat Channel * Stat Region * Stat PnL * Stat Demand Domain * Stat Location * Partial Week",
    "Language": null,
    "MeasureGroupGuid": "00000000-0000-0000-0000-000000000000",
    "ToolTip": null,
    "ModuleId": "52370024-0307-4d32-9948-435d1a6d8e73"
  },
  {
    "Id": 315234,
    "TenantId": 7496,
    "MeasureGroupId": 6120591,
    "LCID": 1033,
    "MeasureGroupName": "Planning Item * Planning Account * Planning Channel * Planning Region * Planning PnL * Planning Demand Domain * Week",
    "MeasureGroupDescription": "Planning Item * Planning Account * Planning Channel * Planning Region * Planning PnL * Planning Demand Domain * Week",
    "Language": null,
    "MeasureGroupGuid": "00000000-0000-0000-0000-000000000000",
    "ToolTip": null,
    "ModuleId": "52370024-0307-4d32-9948-435d1a6d8e73"
  },
  {
    "Id": 315235,
    "TenantId": 7496,
    "MeasureGroupId": 6120590,
    "LCID": 1033,
    "MeasureGroupName": "Item * Account * Channel * Region * PnL  * Demand Domain * Location * Day",
    "MeasureGroupDescription": "Item * Account * Channel * Region * PnL  * Demand Domain * Location * Day",
    "Language": null,
    "MeasureGroupGuid": "00000000-0000-0000-0000-000000000000",
    "ToolTip": null,
    "ModuleId": "273029c8-d2db-4c26-91c2-c6ade5ef2bd4"
  },
  {
    "Id": 315236,
    "TenantId": 7496,
    "MeasureGroupId": 6120632,
    "LCID": 1033,
    "MeasureGroupName": "Stat Item * Stat Account * Stat Channel * Stat Region * Stat PnL * Stat Demand Domain * Stat Location * Partial Week",
    "MeasureGroupDescription": "Stat Item * Stat Account * Stat Channel * Stat Region * Stat PnL * Stat Demand Domain * Stat Location * Partial Week",
    "Language": null,
    "MeasureGroupGuid": "00000000-0000-0000-0000-000000000000",
    "ToolTip": null,
    "ModuleId": "52370024-0307-4d32-9948-435d1a6d8e73"
  },
  {
    "Id": 315237,
    "TenantId": 7496,
    "MeasureGroupId": 6120679,
    "LCID": 1033,
    "MeasureGroupName": "AP Sales Retail",
    "MeasureGroupDescription": "Assortment Sales Retail",
    "Language": null,
    "MeasureGroupGuid": "00000000-0000-0000-0000-000000000000",
    "ToolTip": null,
    "ModuleId": "c928002a-6e25-4e69-af62-e9065f3a8b31"
  },
  {
    "Id": 315238,
    "TenantId": 7496,
    "MeasureGroupId": 6120708,
    "LCID": 1033,
    "MeasureGroupName": "Links",
    "MeasureGroupDescription": "Url of the link",
    "Language": null,
    "MeasureGroupGuid": "00000000-0000-0000-0000-000000000000",
    "ToolTip": null,
    "ModuleId": "b7824156-8448-4b9b-8b7e-6397b69f9391"
  },
  {
    "Id": 315239,
    "TenantId": 7496,
    "MeasureGroupId": 6120756,
    "LCID": 1033,
    "MeasureGroupName": "Planning Item * Account * Channel * Region * Pnl * Demand Domain * Planning Location * Opportunity Line * Day",
    "MeasureGroupDescription": "Planning Item * Account * Channel * Region * Pnl * Demand Domain * Planning Location * Opportunity Line * Day",
    "Language": null,
    "MeasureGroupGuid": "00000000-0000-0000-0000-000000000000",
    "ToolTip": null,
    "ModuleId": "273029c8-d2db-4c26-91c2-c6ade5ef2bd4"
  },
  {
    "Id": 315240,
    "TenantId": 7496,
    "MeasureGroupId": 6120777,
    "LCID": 1033,
    "MeasureGroupName": "Priority Format",
    "MeasureGroupDescription": "Priority Format",
    "Language": null,
    "MeasureGroupGuid": "00000000-0000-0000-0000-000000000000",
    "ToolTip": null,
    "ModuleId": "49b150bd-7b0d-4c1a-b4a1-5155143e3bbc"
  },
  {
    "Id": 315241,
    "TenantId": 7496,
    "MeasureGroupId": 6120776,
    "LCID": 1033,
    "MeasureGroupName": "Transition Item * Planning Account * Planning Channel * Planning Region * Planning PnL * Transition Demand Domain * Planning Location * Sequence",
    "MeasureGroupDescription": "Transition Item * Planning Account * Planning Channel * Planning Region * Planning PnL * Transition Demand Domain * Planning Location * Sequence",
    "Language": null,
    "MeasureGroupGuid": "00000000-0000-0000-0000-000000000000",
    "ToolTip": null,
    "ModuleId": "273029c8-d2db-4c26-91c2-c6ade5ef2bd4"
  },
  {
    "Id": 315242,
    "TenantId": 7496,
    "MeasureGroupId": 6120800,
    "LCID": 1033,
    "MeasureGroupName": "Initiative * Partial Week",
    "MeasureGroupDescription": "Initiative * Partial Week",
    "Language": null,
    "MeasureGroupGuid": "00000000-0000-0000-0000-000000000000",
    "ToolTip": null,
    "ModuleId": "273029c8-d2db-4c26-91c2-c6ade5ef2bd4"
  },
  {
    "Id": 315243,
    "TenantId": 7496,
    "MeasureGroupId": 6120805,
    "LCID": 1033,
    "MeasureGroupName": "027 Attribute Approval Status",
    "MeasureGroupDescription": "027 Attribute Approval Status",
    "Language": null,
    "MeasureGroupGuid": "00000000-0000-0000-0000-000000000000",
    "ToolTip": null,
    "ModuleId": "e8a1d971-67ac-40b9-89f5-f60d79b5c317"
  },
  {
    "Id": 315244,
    "TenantId": 7496,
    "MeasureGroupId": 6120787,
    "LCID": 1033,
    "MeasureGroupName": "Stat Item * Stat Account * Stat Channel * Stat Region * Stat PnL * Stat Demand Domain * Stat Location * Lag * Month",
    "MeasureGroupDescription": "Stat Item * Stat Account * Stat Channel * Stat Region * Stat PnL * Stat Demand Domain * Stat Location * Lag * Month",
    "Language": null,
    "MeasureGroupGuid": "00000000-0000-0000-0000-000000000000",
    "ToolTip": null,
    "ModuleId": "52370024-0307-4d32-9948-435d1a6d8e73"
  },
  {
    "Id": 315245,
    "TenantId": 7496,
    "MeasureGroupId": 6120831,
    "LCID": 1033,
    "MeasureGroupName": "Initiative * Data Object",
    "MeasureGroupDescription": "Initiative * Data Object",
    "Language": null,
    "MeasureGroupGuid": "00000000-0000-0000-0000-000000000000",
    "ToolTip": null,
    "ModuleId": "273029c8-d2db-4c26-91c2-c6ade5ef2bd4"
  },
  {
    "Id": 315246,
    "TenantId": 7496,
    "MeasureGroupId": 6120867,
    "LCID": 1033,
    "MeasureGroupName": "Base Capacity",
    "MeasureGroupDescription": "Base Capacity",
    "Language": null,
    "MeasureGroupGuid": "00000000-0000-0000-0000-000000000000",
    "ToolTip": null,
    "ModuleId": "89ea750b-98c6-4aa1-aee2-7136e4f17745"
  },
  {
    "Id": 315247,
    "TenantId": 7496,
    "MeasureGroupId": 6120887,
    "LCID": 1033,
    "MeasureGroupName": "Initiative * Account * Channel * Region * Pnl * Demand Domain",
    "MeasureGroupDescription": "Initiative * Account * Channel * Region * Pnl * Demand Domain",
    "Language": null,
    "MeasureGroupGuid": "00000000-0000-0000-0000-000000000000",
    "ToolTip": null,
    "ModuleId": "273029c8-d2db-4c26-91c2-c6ade5ef2bd4"
  },
  {
    "Id": 315248,
    "TenantId": 7496,
    "MeasureGroupId": 6120899,
    "LCID": 1033,
    "MeasureGroupName": "L4 * Planning Account * Planning Channel * Planning Region * Planning PnL * Planning Demand Domain * Planning Location * Week",
    "MeasureGroupDescription": "L4 * Planning Account * Planning Channel * Planning Region * Planning PnL * Planning Demand Domain * Planning Location * Week",
    "Language": null,
    "MeasureGroupGuid": "00000000-0000-0000-0000-000000000000",
    "ToolTip": null,
    "ModuleId": "273029c8-d2db-4c26-91c2-c6ade5ef2bd4"
  },
  {
    "Id": 315249,
    "TenantId": 7496,
    "MeasureGroupId": 6120933,
    "LCID": 1033,
    "MeasureGroupName": "Stat Item * Stat Account * Stat Channel * Stat Region * Stat PnL * Stat Demand Domain * Stat Location * Partial Week",
    "MeasureGroupDescription": "Stat Item * Stat Account * Stat Channel * Stat Region * Stat PnL * Stat Demand Domain * Stat Location * Partial Week",
    "Language": null,
    "MeasureGroupGuid": "00000000-0000-0000-0000-000000000000",
    "ToolTip": null,
    "ModuleId": "52370024-0307-4d32-9948-435d1a6d8e73"
  },
  {
    "Id": 315250,
    "TenantId": 7496,
    "MeasureGroupId": 6120953,
    "LCID": 1033,
    "MeasureGroupName": "Item * Account * Channel * Region * PnL  * Demand Domain * Location * Day",
    "MeasureGroupDescription": "Item * Account * Channel * Region * PnL  * Demand Domain * Location * Day",
    "Language": null,
    "MeasureGroupGuid": "00000000-0000-0000-0000-000000000000",
    "ToolTip": null,
    "ModuleId": "273029c8-d2db-4c26-91c2-c6ade5ef2bd4"
  },
  {
    "Id": 315251,
    "TenantId": 7496,
    "MeasureGroupId": 6120956,
    "LCID": 1033,
    "MeasureGroupName": "Approval Status",
    "MeasureGroupDescription": "Approval Status",
    "Language": null,
    "MeasureGroupGuid": "00000000-0000-0000-0000-000000000000",
    "ToolTip": null,
    "ModuleId": "e8a1d971-67ac-40b9-89f5-f60d79b5c317"
  },
  {
    "Id": 315252,
    "TenantId": 7496,
    "MeasureGroupId": 6120956,
    "LCID": 16393,
    "MeasureGroupName": "Approval Status",
    "MeasureGroupDescription": "Approval Status",
    "Language": null,
    "MeasureGroupGuid": "00000000-0000-0000-0000-000000000000",
    "ToolTip": null,
    "ModuleId": "e8a1d971-67ac-40b9-89f5-f60d79b5c317"
  },
  {
    "Id": 315253,
    "TenantId": 7496,
    "MeasureGroupId": 6120956,
    "LCID": 2057,
    "MeasureGroupName": "Approval Status",
    "MeasureGroupDescription": "Approval Status",
    "Language": null,
    "MeasureGroupGuid": "00000000-0000-0000-0000-000000000000",
    "ToolTip": null,
    "ModuleId": "e8a1d971-67ac-40b9-89f5-f60d79b5c317"
  },
  {
    "Id": 315254,
    "TenantId": 7496,
    "MeasureGroupId": 6120967,
    "LCID": 1033,
    "MeasureGroupName": "Item * Account * Channel * Region * PnL  * Demand Domain * Location * Day",
    "MeasureGroupDescription": "Item * Account * Channel * Region * PnL  * Demand Domain * Location * Day",
    "Language": null,
    "MeasureGroupGuid": "00000000-0000-0000-0000-000000000000",
    "ToolTip": null,
    "ModuleId": "273029c8-d2db-4c26-91c2-c6ade5ef2bd4"
  },
  {
    "Id": 315255,
    "TenantId": 7496,
    "MeasureGroupId": 6120944,
    "LCID": 1033,
    "MeasureGroupName": "Stat Item * Stat Account * Stat Channel * Stat Region * Stat PnL * Stat Demand Domain * Stat Location * Stat Algorithm",
    "MeasureGroupDescription": "Stat Item * Stat Account * Stat Channel * Stat Region * Stat PnL * Stat Demand Domain * Stat Location * Stat Algorithm",
    "Language": null,
    "MeasureGroupGuid": "00000000-0000-0000-0000-000000000000",
    "ToolTip": null,
    "ModuleId": "52370024-0307-4d32-9948-435d1a6d8e73"
  },
  {
    "Id": 315256,
    "TenantId": 7496,
    "MeasureGroupId": 6121007,
    "LCID": 1033,
    "MeasureGroupName": "Planning Item * Account * Channel * Region * Pnl * Demand Domain * Initiative *  Partial Week",
    "MeasureGroupDescription": "Planning Item * Account * Channel * Region * Pnl * Demand Domain * Initiative *  Partial Week",
    "Language": null,
    "MeasureGroupGuid": "00000000-0000-0000-0000-000000000000",
    "ToolTip": null,
    "ModuleId": "273029c8-d2db-4c26-91c2-c6ade5ef2bd4"
  },
  {
    "Id": 315257,
    "TenantId": 7496,
    "MeasureGroupId": 6121016,
    "LCID": 1033,
    "MeasureGroupName": "Planning PnL",
    "MeasureGroupDescription": "Planning PnL",
    "Language": null,
    "MeasureGroupGuid": "00000000-0000-0000-0000-000000000000",
    "ToolTip": null,
    "ModuleId": "273029c8-d2db-4c26-91c2-c6ade5ef2bd4"
  },
  {
    "Id": 315258,
    "TenantId": 7496,
    "MeasureGroupId": 6121087,
    "LCID": 1033,
    "MeasureGroupName": "Version",
    "MeasureGroupDescription": "Version",
    "Language": null,
    "MeasureGroupGuid": "00000000-0000-0000-0000-000000000000",
    "ToolTip": null,
    "ModuleId": "273029c8-d2db-4c26-91c2-c6ade5ef2bd4"
  },
  {
    "Id": 315259,
    "TenantId": 7496,
    "MeasureGroupId": 6121118,
    "LCID": 1033,
    "MeasureGroupName": "Planning Item ",
    "MeasureGroupDescription": "Planning Item ",
    "Language": null,
    "MeasureGroupGuid": "00000000-0000-0000-0000-000000000000",
    "ToolTip": null,
    "ModuleId": "273029c8-d2db-4c26-91c2-c6ade5ef2bd4"
  },
  {
    "Id": 315260,
    "TenantId": 7496,
    "MeasureGroupId": 6121152,
    "LCID": 1033,
    "MeasureGroupName": "Planning Item * Account * Channel * Region * Pnl * Demand Domain  * Initiative",
    "MeasureGroupDescription": "Planning Item * Account * Channel * Region * Pnl * Demand Domain  * Initiative",
    "Language": null,
    "MeasureGroupGuid": "00000000-0000-0000-0000-000000000000",
    "ToolTip": null,
    "ModuleId": "273029c8-d2db-4c26-91c2-c6ade5ef2bd4"
  },
  {
    "Id": 315261,
    "TenantId": 7496,
    "MeasureGroupId": 6121148,
    "LCID": 1033,
    "MeasureGroupName": "Stat Item * Stat Account * Stat Channel * Stat Region * Stat PnL * Stat Demand Domain * Stat Location",
    "MeasureGroupDescription": "Stat Item * Stat Account * Stat Channel * Stat Region * Stat PnL * Stat Demand Domain * Stat Location",
    "Language": null,
    "MeasureGroupGuid": "00000000-0000-0000-0000-000000000000",
    "ToolTip": null,
    "ModuleId": "52370024-0307-4d32-9948-435d1a6d8e73"
  },
  {
    "Id": 315262,
    "TenantId": 7496,
    "MeasureGroupId": 6121190,
    "LCID": 1033,
    "MeasureGroupName": "Planning Cycle * Process",
    "MeasureGroupDescription": "Planning Cycle * Process",
    "Language": null,
    "MeasureGroupGuid": "00000000-0000-0000-0000-000000000000",
    "ToolTip": null,
    "ModuleId": "273029c8-d2db-4c26-91c2-c6ade5ef2bd4"
  },
  {
    "Id": 315263,
    "TenantId": 7496,
    "MeasureGroupId": 6121197,
    "LCID": 1033,
    "MeasureGroupName": "Week",
    "MeasureGroupDescription": "Week",
    "Language": null,
    "MeasureGroupGuid": "00000000-0000-0000-0000-000000000000",
    "ToolTip": null,
    "ModuleId": "273029c8-d2db-4c26-91c2-c6ade5ef2bd4"
  },
  {
    "Id": 315264,
    "TenantId": 7496,
    "MeasureGroupId": 6121199,
    "LCID": 1033,
    "MeasureGroupName": "Lag * Partial Week",
    "MeasureGroupDescription": "Lag * Partial Week",
    "Language": null,
    "MeasureGroupGuid": "00000000-0000-0000-0000-000000000000",
    "ToolTip": null,
    "ModuleId": "273029c8-d2db-4c26-91c2-c6ade5ef2bd4"
  },
  {
    "Id": 315265,
    "TenantId": 7496,
    "MeasureGroupId": 6121211,
    "LCID": 1033,
    "MeasureGroupName": "Stat Item * Stat Account * Stat Channel * Stat Region * Stat PnL * Stat Demand Domain * Stat Location",
    "MeasureGroupDescription": "Stat Item * Stat Account * Stat Channel * Stat Region * Stat PnL * Stat Demand Domain * Stat Location",
    "Language": null,
    "MeasureGroupGuid": "00000000-0000-0000-0000-000000000000",
    "ToolTip": null,
    "ModuleId": "52370024-0307-4d32-9948-435d1a6d8e73"
  },
  {
    "Id": 315266,
    "TenantId": 7496,
    "MeasureGroupId": 6121216,
    "LCID": 1033,
    "MeasureGroupName": "Item * Planning Account * Planning Channel * Planning Region * Planning PnL  * Planning Demand Domain * Location",
    "MeasureGroupDescription": "Item * Planning Account * Planning Channel * Planning Region * Planning PnL  * Planning Demand Domain * Location",
    "Language": null,
    "MeasureGroupGuid": "00000000-0000-0000-0000-000000000000",
    "ToolTip": null,
    "ModuleId": "273029c8-d2db-4c26-91c2-c6ade5ef2bd4"
  },
  {
    "Id": 315267,
    "TenantId": 7496,
    "MeasureGroupId": 6121219,
    "LCID": 1033,
    "MeasureGroupName": "Stat Item * Stat Account * Stat Channel * Stat Region * Stat PnL * Stat Demand Domain * Stat Location * Partial Week",
    "MeasureGroupDescription": "Stat Item * Stat Account * Stat Channel * Stat Region * Stat PnL * Stat Demand Domain * Stat Location * Partial Week",
    "Language": null,
    "MeasureGroupGuid": "00000000-0000-0000-0000-000000000000",
    "ToolTip": null,
    "ModuleId": "52370024-0307-4d32-9948-435d1a6d8e73"
  },
  {
    "Id": 315268,
    "TenantId": 7496,
    "MeasureGroupId": 6121234,
    "LCID": 1033,
    "MeasureGroupName": "Stat Item * Stat Account * Stat Channel * Stat Region * Stat PnL * Stat Demand Domain * Stat Location * Lag * Planning Month",
    "MeasureGroupDescription": "Stat Item * Stat Account * Stat Channel * Stat Region * Stat PnL * Stat Demand Domain * Stat Location * Lag * Planning Month",
    "Language": null,
    "MeasureGroupGuid": "00000000-0000-0000-0000-000000000000",
    "ToolTip": null,
    "ModuleId": "52370024-0307-4d32-9948-435d1a6d8e73"
  },
  {
    "Id": 315269,
    "TenantId": 7496,
    "MeasureGroupId": 6121273,
    "LCID": 1033,
    "MeasureGroupName": "Item * Account * Channel * Region * Pnl * Demand Domain * Location * Day",
    "MeasureGroupDescription": "Item * Account * Channel * Region * Pnl * Demand Domain * Location * Day",
    "Language": null,
    "MeasureGroupGuid": "00000000-0000-0000-0000-000000000000",
    "ToolTip": null,
    "ModuleId": "273029c8-d2db-4c26-91c2-c6ade5ef2bd4"
  },
  {
    "Id": 315270,
    "TenantId": 7496,
    "MeasureGroupId": 6121277,
    "LCID": 1033,
    "MeasureGroupName": "Planning Item * Planning Account * Planning Channel * Planning Region * Planning PnL * Planning Demand Domain * Planning Location * Partial Week",
    "MeasureGroupDescription": "Planning Item * Planning Account * Planning Channel * Planning Region * Planning PnL * Planning Demand Domain * Planning Location * Partial Week",
    "Language": null,
    "MeasureGroupGuid": "00000000-0000-0000-0000-000000000000",
    "ToolTip": null,
    "ModuleId": "52370024-0307-4d32-9948-435d1a6d8e73"
  },
  {
    "Id": 315271,
    "TenantId": 7496,
    "MeasureGroupId": 6121318,
    "LCID": 1033,
    "MeasureGroupName": "Stat Item * Stat Account * Stat Channel * Stat Region * Stat PnL * Stat Demand Domain * Stat Location * Stat Algorithm",
    "MeasureGroupDescription": "Stat Item * Stat Account * Stat Channel * Stat Region * Stat PnL * Stat Demand Domain * Stat Location * Stat Algorithm",
    "Language": null,
    "MeasureGroupGuid": "00000000-0000-0000-0000-000000000000",
    "ToolTip": null,
    "ModuleId": "52370024-0307-4d32-9948-435d1a6d8e73"
  },
  {
    "Id": 315272,
    "TenantId": 7496,
    "MeasureGroupId": 6121329,
    "LCID": 1033,
    "MeasureGroupName": "Version",
    "MeasureGroupDescription": "Version",
    "Language": null,
    "MeasureGroupGuid": "00000000-0000-0000-0000-000000000000",
    "ToolTip": null,
    "ModuleId": "52370024-0307-4d32-9948-435d1a6d8e73"
  },
  {
    "Id": 315273,
    "TenantId": 7496,
    "MeasureGroupId": 6121348,
    "LCID": 1033,
    "MeasureGroupName": "Item * Account * Channel * Region * PnL * Demand Domain * Location * Day",
    "MeasureGroupDescription": "Item * Account * Channel * Region * PnL * Demand Domain * Location * Day",
    "Language": null,
    "MeasureGroupGuid": "00000000-0000-0000-0000-000000000000",
    "ToolTip": null,
    "ModuleId": "273029c8-d2db-4c26-91c2-c6ade5ef2bd4"
  },
  {
    "Id": 315274,
    "TenantId": 7496,
    "MeasureGroupId": 6121356,
    "LCID": 1033,
    "MeasureGroupName": "Version*Initiative*Data Validation",
    "MeasureGroupDescription": "Version*Initiative*Data Validation",
    "Language": null,
    "MeasureGroupGuid": "00000000-0000-0000-0000-000000000000",
    "ToolTip": null,
    "ModuleId": "273029c8-d2db-4c26-91c2-c6ade5ef2bd4"
  },
  {
    "Id": 315275,
    "TenantId": 7496,
    "MeasureGroupId": 6121371,
    "LCID": 1033,
    "MeasureGroupName": "Planning Item * Planning Account * Planning Channel * Planning Region * Planning PnL * Planning Demand Domain * Week",
    "MeasureGroupDescription": "Planning Item * Planning Account * Planning Channel * Planning Region * Planning PnL * Planning Demand Domain * Week",
    "Language": null,
    "MeasureGroupGuid": "00000000-0000-0000-0000-000000000000",
    "ToolTip": null,
    "ModuleId": "52370024-0307-4d32-9948-435d1a6d8e73"
  },
  {
    "Id": 315276,
    "TenantId": 7496,
    "MeasureGroupId": 6121366,
    "LCID": 1033,
    "MeasureGroupName": "Item * Account * Channel * Region * Pnl * Demand Domain * Location * Day",
    "MeasureGroupDescription": "Item * Account * Channel * Region * Pnl * Demand Domain * Location * Day",
    "Language": null,
    "MeasureGroupGuid": "00000000-0000-0000-0000-000000000000",
    "ToolTip": null,
    "ModuleId": "273029c8-d2db-4c26-91c2-c6ade5ef2bd4"
  },
  {
    "Id": 315277,
    "TenantId": 7496,
    "MeasureGroupId": 6121360,
    "LCID": 1033,
    "MeasureGroupName": "Expedite Cost",
    "MeasureGroupDescription": "Expedite Cost",
    "Language": null,
    "MeasureGroupGuid": "00000000-0000-0000-0000-000000000000",
    "ToolTip": null,
    "ModuleId": "0f784411-720c-4319-bc9a-c0994d2eb20e"
  },
  {
    "Id": 315278,
    "TenantId": 7496,
    "MeasureGroupId": 6121394,
    "LCID": 1033,
    "MeasureGroupName": "Item * Account * Channel * Region * Pnl * Demand Domain * Location * Day",
    "MeasureGroupDescription": "Item * Account * Channel * Region * Pnl * Demand Domain * Location * Day",
    "Language": null,
    "MeasureGroupGuid": "00000000-0000-0000-0000-000000000000",
    "ToolTip": null,
    "ModuleId": "273029c8-d2db-4c26-91c2-c6ade5ef2bd4"
  },
  {
    "Id": 315279,
    "TenantId": 7496,
    "MeasureGroupId": 6121411,
    "LCID": 1033,
    "MeasureGroupName": "Opportunity Line * Planning Item * Account * Channel * Region * PnL * Demand Domain * Planning Location * Partial Week",
    "MeasureGroupDescription": "Opportunity Line * Planning Item * Account * Channel * Region * PnL * Demand Domain * Planning Location * Partial Week",
    "Language": null,
    "MeasureGroupGuid": "00000000-0000-0000-0000-000000000000",
    "ToolTip": null,
    "ModuleId": "273029c8-d2db-4c26-91c2-c6ade5ef2bd4"
  },
  {
    "Id": 315280,
    "TenantId": 7496,
    "MeasureGroupId": 6121412,
    "LCID": 1033,
    "MeasureGroupName": "Stat Item * Stat Account * Stat Channel * Stat Region * Stat PnL * Stat Demand Domain * Stat Location",
    "MeasureGroupDescription": "Stat Item * Stat Account * Stat Channel * Stat Region * Stat PnL * Stat Demand Domain * Stat Location",
    "Language": null,
    "MeasureGroupGuid": "00000000-0000-0000-0000-000000000000",
    "ToolTip": null,
    "ModuleId": "52370024-0307-4d32-9948-435d1a6d8e73"
  },
  {
    "Id": 315281,
    "TenantId": 7496,
    "MeasureGroupId": 6121432,
    "LCID": 1033,
    "MeasureGroupName": "Planning Item * Planning Account * Planning Channel * Planning Region * Planning PnL * Planning Demand Domain * Planning Location * Sequence",
    "MeasureGroupDescription": "Planning Item * Planning Account * Planning Channel * Planning Region * Planning PnL * Planning Demand Domain * Planning Location * Sequence",
    "Language": null,
    "MeasureGroupGuid": "00000000-0000-0000-0000-000000000000",
    "ToolTip": null,
    "ModuleId": "273029c8-d2db-4c26-91c2-c6ade5ef2bd4"
  },
  {
    "Id": 315282,
    "TenantId": 7496,
    "MeasureGroupId": 6121474,
    "LCID": 1033,
    "MeasureGroupName": "Item * Account * Channel * Region * Demand Domain * Day",
    "MeasureGroupDescription": "Item * Account * Channel * Region * Demand Domain * Day",
    "Language": null,
    "MeasureGroupGuid": "00000000-0000-0000-0000-000000000000",
    "ToolTip": null,
    "ModuleId": "273029c8-d2db-4c26-91c2-c6ade5ef2bd4"
  },
  {
    "Id": 315283,
    "TenantId": 7496,
    "MeasureGroupId": 6121480,
    "LCID": 1033,
    "MeasureGroupName": "Item * Account * Channel * Region * Demand Domain * Day",
    "MeasureGroupDescription": "Item * Account * Channel * Region * Demand Domain * Day",
    "Language": null,
    "MeasureGroupGuid": "00000000-0000-0000-0000-000000000000",
    "ToolTip": null,
    "ModuleId": "273029c8-d2db-4c26-91c2-c6ade5ef2bd4"
  },
  {
    "Id": 315284,
    "TenantId": 7496,
    "MeasureGroupId": 6121489,
    "LCID": 1033,
    "MeasureGroupName": "Planning Item * Planning Account * Planning Channel * Planning Region * Planning PnL * Planning Demand Domain * Planning Location",
    "MeasureGroupDescription": "Planning Item *  Planning Account * Planning Channel * Planning Region * Planning PnL * Planning Demand Domain * Planning Location",
    "Language": null,
    "MeasureGroupGuid": "00000000-0000-0000-0000-000000000000",
    "ToolTip": null,
    "ModuleId": "273029c8-d2db-4c26-91c2-c6ade5ef2bd4"
  },
  {
    "Id": 315285,
    "TenantId": 7496,
    "MeasureGroupId": 6121505,
    "LCID": 1033,
    "MeasureGroupName": "Item * Location * Day",
    "MeasureGroupDescription": "Item * Location * Day",
    "Language": null,
    "MeasureGroupGuid": "00000000-0000-0000-0000-000000000000",
    "ToolTip": null,
    "ModuleId": "273029c8-d2db-4c26-91c2-c6ade5ef2bd4"
  },
  {
    "Id": 315286,
    "TenantId": 7496,
    "MeasureGroupId": 6121509,
    "LCID": 1033,
    "MeasureGroupName": "Planning Item * Planning Account * Planning Channel * Planning Region * Planning PnL * Planning Demand Domain * Planning Location * Partial Week",
    "MeasureGroupDescription": "Planning Item * Planning Account * Planning Channel * Planning Region * Planning PnL * Planning Demand Domain * Planning Location * Partial Week",
    "Language": null,
    "MeasureGroupGuid": "00000000-0000-0000-0000-000000000000",
    "ToolTip": null,
    "ModuleId": "52370024-0307-4d32-9948-435d1a6d8e73"
  },
  {
    "Id": 315287,
    "TenantId": 7496,
    "MeasureGroupId": 6121546,
    "LCID": 1033,
    "MeasureGroupName": "Item * Account * Channel * Region * Pnl * Demand Domain * Day",
    "MeasureGroupDescription": "Item * Account * Channel * Region * Pnl * Demand Domain * Day",
    "Language": null,
    "MeasureGroupGuid": "00000000-0000-0000-0000-000000000000",
    "ToolTip": null,
    "ModuleId": "273029c8-d2db-4c26-91c2-c6ade5ef2bd4"
  },
  {
    "Id": 315288,
    "TenantId": 7496,
    "MeasureGroupId": 6121562,
    "LCID": 1033,
    "MeasureGroupName": "Item * Account * Channel * Region * PnL  * Demand Domain * Location * Day",
    "MeasureGroupDescription": "Item * Account * Channel * Region * PnL  * Demand Domain * Location * Day",
    "Language": null,
    "MeasureGroupGuid": "00000000-0000-0000-0000-000000000000",
    "ToolTip": null,
    "ModuleId": "273029c8-d2db-4c26-91c2-c6ade5ef2bd4"
  },
  {
    "Id": 315289,
    "TenantId": 7496,
    "MeasureGroupId": 6121589,
    "LCID": 1033,
    "MeasureGroupName": "L4 * Region *  Initiative * Partial Week",
    "MeasureGroupDescription": "L4 * Region *  Initiative * Partial Week",
    "Language": null,
    "MeasureGroupGuid": "00000000-0000-0000-0000-000000000000",
    "ToolTip": null,
    "ModuleId": "273029c8-d2db-4c26-91c2-c6ade5ef2bd4"
  },
  {
    "Id": 315290,
    "TenantId": 7496,
    "MeasureGroupId": 6121592,
    "LCID": 1033,
    "MeasureGroupName": "Day ",
    "MeasureGroupDescription": "Day ",
    "Language": null,
    "MeasureGroupGuid": "00000000-0000-0000-0000-000000000000",
    "ToolTip": null,
    "ModuleId": "273029c8-d2db-4c26-91c2-c6ade5ef2bd4"
  },
  {
    "Id": 315291,
    "TenantId": 7496,
    "MeasureGroupId": 6121627,
    "LCID": 1033,
    "MeasureGroupName": "Planning Item * Planning Account * Planning Channel * Planning Region * Planning Demand Domain * Week",
    "MeasureGroupDescription": "Planning Item * Planning Account * Planning Channel * Planning Region * Planning Demand Domain * Week",
    "Language": null,
    "MeasureGroupGuid": "00000000-0000-0000-0000-000000000000",
    "ToolTip": null,
    "ModuleId": "273029c8-d2db-4c26-91c2-c6ade5ef2bd4"
  },
  {
    "Id": 315292,
    "TenantId": 7496,
    "MeasureGroupId": 6121653,
    "LCID": 1033,
    "MeasureGroupName": "Planning Demand Domain",
    "MeasureGroupDescription": "Planning Demand Domain",
    "Language": null,
    "MeasureGroupGuid": "00000000-0000-0000-0000-000000000000",
    "ToolTip": null,
    "ModuleId": "273029c8-d2db-4c26-91c2-c6ade5ef2bd4"
  },
  {
    "Id": 315293,
    "TenantId": 7496,
    "MeasureGroupId": 6121667,
    "LCID": 1033,
    "MeasureGroupName": "Planning Item * UOM",
    "MeasureGroupDescription": "Planning Item * UOM",
    "Language": null,
    "MeasureGroupGuid": "00000000-0000-0000-0000-000000000000",
    "ToolTip": null,
    "ModuleId": "273029c8-d2db-4c26-91c2-c6ade5ef2bd4"
  },
  {
    "Id": 315294,
    "TenantId": 7496,
    "MeasureGroupId": 6121681,
    "LCID": 1033,
    "MeasureGroupName": "Planning Item * Opportunity Line * Config * Component",
    "MeasureGroupDescription": "Used by interfaces to populate component qty per from the source system",
    "Language": null,
    "MeasureGroupGuid": "00000000-0000-0000-0000-000000000000",
    "ToolTip": null,
    "ModuleId": "273029c8-d2db-4c26-91c2-c6ade5ef2bd4"
  },
  {
    "Id": 315295,
    "TenantId": 7496,
    "MeasureGroupId": 6121673,
    "LCID": 1033,
    "MeasureGroupName": "Planning Item * Location * Week",
    "MeasureGroupDescription": "Planning Item * Location * Week",
    "Language": null,
    "MeasureGroupGuid": "00000000-0000-0000-0000-000000000000",
    "ToolTip": null,
    "ModuleId": "52370024-0307-4d32-9948-435d1a6d8e73"
  },
  {
    "Id": 315296,
    "TenantId": 7496,
    "MeasureGroupId": 6121689,
    "LCID": 1033,
    "MeasureGroupName": "Planning Item * Planning Account * Planning Channel * Planning Region * Planning PnL * Planning Demand Domain * Lag * Planning Month",
    "MeasureGroupDescription": "Planning Item * Planning Account * Planning Channel * Planning Region * Planning PnL * Planning Demand Domain * Lag * Planning Month",
    "Language": null,
    "MeasureGroupGuid": "00000000-0000-0000-0000-000000000000",
    "ToolTip": null,
    "ModuleId": "52370024-0307-4d32-9948-435d1a6d8e73"
  },
  {
    "Id": 315297,
    "TenantId": 7496,
    "MeasureGroupId": 6121730,
    "LCID": 1033,
    "MeasureGroupName": "Region * Day",
    "MeasureGroupDescription": "Region * Day",
    "Language": null,
    "MeasureGroupGuid": "00000000-0000-0000-0000-000000000000",
    "ToolTip": null,
    "ModuleId": "273029c8-d2db-4c26-91c2-c6ade5ef2bd4"
  },
  {
    "Id": 315298,
    "TenantId": 7496,
    "MeasureGroupId": 6121743,
    "LCID": 1033,
    "MeasureGroupName": "Planning Item * Week",
    "MeasureGroupDescription": "Planning Item * Week",
    "Language": null,
    "MeasureGroupGuid": "00000000-0000-0000-0000-000000000000",
    "ToolTip": null,
    "ModuleId": "52370024-0307-4d32-9948-435d1a6d8e73"
  },
  {
    "Id": 315299,
    "TenantId": 7496,
    "MeasureGroupId": 6121755,
    "LCID": 1033,
    "MeasureGroupName": "End Application * Item * Account * Channel * Region * PnL * Demand Domain * Location * Day",
    "MeasureGroupDescription": "End Application * Item * Account * Channel * Region * PnL * Demand Domain * Location * Day",
    "Language": null,
    "MeasureGroupGuid": "00000000-0000-0000-0000-000000000000",
    "ToolTip": null,
    "ModuleId": "273029c8-d2db-4c26-91c2-c6ade5ef2bd4"
  },
  {
    "Id": 315300,
    "TenantId": 7496,
    "MeasureGroupId": 6121765,
    "LCID": 1033,
    "MeasureGroupName": "L4 * Region * Initiative ",
    "MeasureGroupDescription": "L4 * Region * Initiative ",
    "Language": null,
    "MeasureGroupGuid": "00000000-0000-0000-0000-000000000000",
    "ToolTip": null,
    "ModuleId": "273029c8-d2db-4c26-91c2-c6ade5ef2bd4"
  },
  {
    "Id": 315301,
    "TenantId": 7496,
    "MeasureGroupId": 6121776,
    "LCID": 1033,
    "MeasureGroupName": "Item * Account * Channel * Region * Pnl * Demand Domain * Day",
    "MeasureGroupDescription": "Item * Account * Channel * Region * Pnl * Demand Domain * Day",
    "Language": null,
    "MeasureGroupGuid": "00000000-0000-0000-0000-000000000000",
    "ToolTip": null,
    "ModuleId": "273029c8-d2db-4c26-91c2-c6ade5ef2bd4"
  },
  {
    "Id": 315302,
    "TenantId": 7496,
    "MeasureGroupId": 6121779,
    "LCID": 1033,
    "MeasureGroupName": "Stat Item * Stat Account * Stat Channel * Stat Region * Stat PnL * Stat Demand Domain * Stat Location",
    "MeasureGroupDescription": "Stat Item * Stat Account * Stat Channel * Stat Region * Stat PnL * Stat Demand Domain * Stat Location",
    "Language": null,
    "MeasureGroupGuid": "00000000-0000-0000-0000-000000000000",
    "ToolTip": null,
    "ModuleId": "52370024-0307-4d32-9948-435d1a6d8e73"
  },
  {
    "Id": 315303,
    "TenantId": 7496,
    "MeasureGroupId": 6121791,
    "LCID": 1033,
    "MeasureGroupName": "Stat Item * Stat Account * Stat Channel * Stat Region * Stat PnL * Stat Demand Domain * Stat Location",
    "MeasureGroupDescription": "Stat Item * Stat Account * Stat Channel * Stat Region * Stat PnL * Stat Demand Domain * Stat Location",
    "Language": null,
    "MeasureGroupGuid": "00000000-0000-0000-0000-000000000000",
    "ToolTip": null,
    "ModuleId": "52370024-0307-4d32-9948-435d1a6d8e73"
  },
  {
    "Id": 315304,
    "TenantId": 7496,
    "MeasureGroupId": 6121795,
    "LCID": 1033,
    "MeasureGroupName": "Planning Cycle * Process* Day ",
    "MeasureGroupDescription": "Planning Cycle * Process* Day ",
    "Language": null,
    "MeasureGroupGuid": "00000000-0000-0000-0000-000000000000",
    "ToolTip": null,
    "ModuleId": "273029c8-d2db-4c26-91c2-c6ade5ef2bd4"
  },
  {
    "Id": 315305,
    "TenantId": 7496,
    "MeasureGroupId": 6121801,
    "LCID": 1033,
    "MeasureGroupName": "Planning Region * Currency * Month",
    "MeasureGroupDescription": "Planning Region * Currency * Month",
    "Language": null,
    "MeasureGroupGuid": "00000000-0000-0000-0000-000000000000",
    "ToolTip": null,
    "ModuleId": "273029c8-d2db-4c26-91c2-c6ade5ef2bd4"
  },
  {
    "Id": 315306,
    "TenantId": 7496,
    "MeasureGroupId": 6121798,
    "LCID": 1033,
    "MeasureGroupName": "Planning Item * Planning Account * Planning Channel * Planning Region * Planning PnL * Planning Demand Domain * Lag * Month",
    "MeasureGroupDescription": "Planning Item * Planning Account * Planning Channel * Planning Region * Planning PnL * Planning Demand Domain * Lag * Month",
    "Language": null,
    "MeasureGroupGuid": "00000000-0000-0000-0000-000000000000",
    "ToolTip": null,
    "ModuleId": "52370024-0307-4d32-9948-435d1a6d8e73"
  },
  {
    "Id": 315307,
    "TenantId": 7496,
    "MeasureGroupId": 6121810,
    "LCID": 1033,
    "MeasureGroupName": "Planning Location",
    "MeasureGroupDescription": "Planning Location",
    "Language": null,
    "MeasureGroupGuid": "00000000-0000-0000-0000-000000000000",
    "ToolTip": null,
    "ModuleId": "273029c8-d2db-4c26-91c2-c6ade5ef2bd4"
  },
  {
    "Id": 315308,
    "TenantId": 7496,
    "MeasureGroupId": 6121835,
    "LCID": 1033,
    "MeasureGroupName": "Planning Channel",
    "MeasureGroupDescription": "Planning Channel",
    "Language": null,
    "MeasureGroupGuid": "00000000-0000-0000-0000-000000000000",
    "ToolTip": null,
    "ModuleId": "273029c8-d2db-4c26-91c2-c6ade5ef2bd4"
  },
  {
    "Id": 315309,
    "TenantId": 7496,
    "MeasureGroupId": 6121864,
    "LCID": 1033,
    "MeasureGroupName": "Location * Day",
    "MeasureGroupDescription": "Location * Day",
    "Language": null,
    "MeasureGroupGuid": "00000000-0000-0000-0000-000000000000",
    "ToolTip": null,
    "ModuleId": "273029c8-d2db-4c26-91c2-c6ade5ef2bd4"
  },
  {
    "Id": 315310,
    "TenantId": 7496,
    "MeasureGroupId": 6121875,
    "LCID": 1033,
    "MeasureGroupName": "Planning Item ",
    "MeasureGroupDescription": "Planning Item ",
    "Language": null,
    "MeasureGroupGuid": "00000000-0000-0000-0000-000000000000",
    "ToolTip": null,
    "ModuleId": "52370024-0307-4d32-9948-435d1a6d8e73"
  },
  {
    "Id": 315311,
    "TenantId": 7496,
    "MeasureGroupId": 6121884,
    "LCID": 1033,
    "MeasureGroupName": "Item * Day",
    "MeasureGroupDescription": "Item * Day",
    "Language": null,
    "MeasureGroupGuid": "00000000-0000-0000-0000-000000000000",
    "ToolTip": null,
    "ModuleId": "273029c8-d2db-4c26-91c2-c6ade5ef2bd4"
  },
  {
    "Id": 315312,
    "TenantId": 7496,
    "MeasureGroupId": 6121890,
    "LCID": 1033,
    "MeasureGroupName": "Stat Item * Stat Account * Stat Channel * Stat Region * Stat PnL * Stat Demand Domain * Stat Location * Sequence",
    "MeasureGroupDescription": "Stat Item * Stat Account * Stat Channel * Stat Region * Stat PnL * Stat Demand Domain * Stat Location * Sequence",
    "Language": null,
    "MeasureGroupGuid": "00000000-0000-0000-0000-000000000000",
    "ToolTip": null,
    "ModuleId": "273029c8-d2db-4c26-91c2-c6ade5ef2bd4"
  },
  {
    "Id": 315313,
    "TenantId": 7496,
    "MeasureGroupId": 6121908,
    "LCID": 1033,
    "MeasureGroupName": "Customer Group ",
    "MeasureGroupDescription": "Customer Group ",
    "Language": null,
    "MeasureGroupGuid": "00000000-0000-0000-0000-000000000000",
    "ToolTip": null,
    "ModuleId": "273029c8-d2db-4c26-91c2-c6ade5ef2bd4"
  },
  {
    "Id": 315314,
    "TenantId": 7496,
    "MeasureGroupId": 6121912,
    "LCID": 1033,
    "MeasureGroupName": "Planning Region * Day",
    "MeasureGroupDescription": "Planning Region * Day",
    "Language": null,
    "MeasureGroupGuid": "00000000-0000-0000-0000-000000000000",
    "ToolTip": null,
    "ModuleId": "273029c8-d2db-4c26-91c2-c6ade5ef2bd4"
  },
  {
    "Id": 315315,
    "TenantId": 7496,
    "MeasureGroupId": 6121931,
    "LCID": 1033,
    "MeasureGroupName": "Planning Account",
    "MeasureGroupDescription": "Planning Account",
    "Language": null,
    "MeasureGroupGuid": "00000000-0000-0000-0000-000000000000",
    "ToolTip": null,
    "ModuleId": "273029c8-d2db-4c26-91c2-c6ade5ef2bd4"
  },
  {
    "Id": 315316,
    "TenantId": 7496,
    "MeasureGroupId": 6121935,
    "LCID": 1033,
    "MeasureGroupName": "Item * Day",
    "MeasureGroupDescription": "Item * Day",
    "Language": null,
    "MeasureGroupGuid": "00000000-0000-0000-0000-000000000000",
    "ToolTip": null,
    "ModuleId": "273029c8-d2db-4c26-91c2-c6ade5ef2bd4"
  },
  {
    "Id": 315317,
    "TenantId": 7496,
    "MeasureGroupId": 6121926,
    "LCID": 1033,
    "MeasureGroupName": "Transition Item * Planning Account * Planning Channel * Planning Region * Planning PnL * Planning Demand Domain * Planning Location * Partial Week",
    "MeasureGroupDescription": "Transition Item * Planning Account * Planning Channel * Planning Region * Planning PnL * Planning Demand Domain * Planning Location * Partial Week",
    "Language": null,
    "MeasureGroupGuid": "00000000-0000-0000-0000-000000000000",
    "ToolTip": null,
    "ModuleId": "52370024-0307-4d32-9948-435d1a6d8e73"
  },
  {
    "Id": 315318,
    "TenantId": 7496,
    "MeasureGroupId": 6121952,
    "LCID": 1033,
    "MeasureGroupName": "Item * Location * Region * Day",
    "MeasureGroupDescription": "Item * Location * Region * Day",
    "Language": null,
    "MeasureGroupGuid": "00000000-0000-0000-0000-000000000000",
    "ToolTip": null,
    "ModuleId": "273029c8-d2db-4c26-91c2-c6ade5ef2bd4"
  },
  {
    "Id": 315319,
    "TenantId": 7496,
    "MeasureGroupId": 6121955,
    "LCID": 1033,
    "MeasureGroupName": "Planning Item * Planning Account * Planning Channel * Planning Region * Planning PnL * Planning Demand Domain * Week",
    "MeasureGroupDescription": "Planning Item * Planning Account * Planning Channel * Planning Region * Planning PnL * Planning Demand Domain * Week",
    "Language": null,
    "MeasureGroupGuid": "00000000-0000-0000-0000-000000000000",
    "ToolTip": null,
    "ModuleId": "273029c8-d2db-4c26-91c2-c6ade5ef2bd4"
  },
  {
    "Id": 315320,
    "TenantId": 7496,
    "MeasureGroupId": 6121959,
    "LCID": 1033,
    "MeasureGroupName": "Planning Item * Planning Account * Planning Channel * Planning Region * Planning Demand Domain * Week",
    "MeasureGroupDescription": "Planning Item * Planning Account * Planning Channel * Planning Region * Planning Demand Domain * Week",
    "Language": null,
    "MeasureGroupGuid": "00000000-0000-0000-0000-000000000000",
    "ToolTip": null,
    "ModuleId": "273029c8-d2db-4c26-91c2-c6ade5ef2bd4"
  },
  {
    "Id": 315321,
    "TenantId": 7496,
    "MeasureGroupId": 6121969,
    "LCID": 1033,
    "MeasureGroupName": "Procurement Plan Overrides",
    "MeasureGroupDescription": "Procurement Plan Overrides",
    "Language": null,
    "MeasureGroupGuid": "00000000-0000-0000-0000-000000000000",
    "ToolTip": null,
    "ModuleId": "0f784411-720c-4319-bc9a-c0994d2eb20e"
  },
  {
    "Id": 315322,
    "TenantId": 7496,
    "MeasureGroupId": 6121967,
    "LCID": 1033,
    "MeasureGroupName": "Opportunity Line * Item * Account * Channel * Region * PnL * Demand Domain * Location * Day",
    "MeasureGroupDescription": "Historical Transaction data for detailed orders",
    "Language": null,
    "MeasureGroupGuid": "00000000-0000-0000-0000-000000000000",
    "ToolTip": null,
    "ModuleId": "273029c8-d2db-4c26-91c2-c6ade5ef2bd4"
  },
  {
    "Id": 315323,
    "TenantId": 7496,
    "MeasureGroupId": 6121982,
    "LCID": 1033,
    "MeasureGroupName": "End Application * Account * Channel * Region * PnL * Demand Domain * Location * Day",
    "MeasureGroupDescription": "End Application * Account * Channel * Region * PnL * Demand Domain * Location * Day",
    "Language": null,
    "MeasureGroupGuid": "00000000-0000-0000-0000-000000000000",
    "ToolTip": null,
    "ModuleId": "273029c8-d2db-4c26-91c2-c6ade5ef2bd4"
  },
  {
    "Id": 315324,
    "TenantId": 7496,
    "MeasureGroupId": 6121984,
    "LCID": 1033,
    "MeasureGroupName": "Stat Rule",
    "MeasureGroupDescription": "Stat Rule",
    "Language": null,
    "MeasureGroupGuid": "00000000-0000-0000-0000-000000000000",
    "ToolTip": null,
    "ModuleId": "52370024-0307-4d32-9948-435d1a6d8e73"
  },
  {
    "Id": 315325,
    "TenantId": 7496,
    "MeasureGroupId": 6122002,
    "LCID": 1033,
    "MeasureGroupName": "Currency * Month",
    "MeasureGroupDescription": "Currency * Month",
    "Language": null,
    "MeasureGroupGuid": "00000000-0000-0000-0000-000000000000",
    "ToolTip": null,
    "ModuleId": "273029c8-d2db-4c26-91c2-c6ade5ef2bd4"
  },
  {
    "Id": 315326,
    "TenantId": 7496,
    "MeasureGroupId": 6122016,
    "LCID": 1033,
    "MeasureGroupName": "Planning Item * Planning Account * Planning Channel * Planning Region * Planning PnL * Planning Demand Domain * Planning Location * Week",
    "MeasureGroupDescription": "Planning Item * Planning Account * Planning Channel * Planning Region * Planning PnL * Planning Demand Domain * Planning Location * Week",
    "Language": null,
    "MeasureGroupGuid": "00000000-0000-0000-0000-000000000000",
    "ToolTip": null,
    "ModuleId": "52370024-0307-4d32-9948-435d1a6d8e73"
  },
  {
    "Id": 315327,
    "TenantId": 7496,
    "MeasureGroupId": 6122017,
    "LCID": 1033,
    "MeasureGroupName": "Region * Day",
    "MeasureGroupDescription": "Region * Day",
    "Language": null,
    "MeasureGroupGuid": "00000000-0000-0000-0000-000000000000",
    "ToolTip": null,
    "ModuleId": "273029c8-d2db-4c26-91c2-c6ade5ef2bd4"
  },
  {
    "Id": 315328,
    "TenantId": 7496,
    "MeasureGroupId": 6122029,
    "LCID": 1033,
    "MeasureGroupName": "Planning Region",
    "MeasureGroupDescription": "Planning Region",
    "Language": null,
    "MeasureGroupGuid": "00000000-0000-0000-0000-000000000000",
    "ToolTip": null,
    "ModuleId": "273029c8-d2db-4c26-91c2-c6ade5ef2bd4"
  },
  {
    "Id": 315329,
    "TenantId": 7496,
    "MeasureGroupId": 6122027,
    "LCID": 1033,
    "MeasureGroupName": "Stat Item * Stat Account * Stat Channel * Stat Region * Stat PnL * Stat Demand Domain * Stat Location * Partial Week",
    "MeasureGroupDescription": "Stat Item * Stat Account * Stat Channel * Stat Region * Stat PnL * Stat Demand Domain * Stat Location * Partial Week",
    "Language": null,
    "MeasureGroupGuid": "00000000-0000-0000-0000-000000000000",
    "ToolTip": null,
    "ModuleId": "52370024-0307-4d32-9948-435d1a6d8e73"
  },
  {
    "Id": 315330,
    "TenantId": 7496,
    "MeasureGroupId": 6122035,
    "LCID": 1033,
    "MeasureGroupName": "Partial Week",
    "MeasureGroupDescription": "Partial Week",
    "Language": null,
    "MeasureGroupGuid": "00000000-0000-0000-0000-000000000000",
    "ToolTip": null,
    "ModuleId": "273029c8-d2db-4c26-91c2-c6ade5ef2bd4"
  },
  {
    "Id": 315331,
    "TenantId": 7496,
    "MeasureGroupId": 6122036,
    "LCID": 1033,
    "MeasureGroupName": "Stat Item * Stat Account * Stat Channel * Stat Region * Stat PnL * Stat Demand Domain * Stat Location * Stat Algorithm * Stat Parameter",
    "MeasureGroupDescription": "Stat Item * Stat Account * Stat Channel * Stat Region * Stat PnL * Stat Demand Domain * Stat Location * Stat Algorithm * Stat Parameter",
    "Language": null,
    "MeasureGroupGuid": "00000000-0000-0000-0000-000000000000",
    "ToolTip": null,
    "ModuleId": "52370024-0307-4d32-9948-435d1a6d8e73"
  },
  {
    "Id": 315332,
    "TenantId": 7496,
    "MeasureGroupId": 6122041,
    "LCID": 1033,
    "MeasureGroupName": "Planning Item * Planning Account * Planning Channel * Planning Region * Planning PnL * Planning Demand Domain * Lag * Week",
    "MeasureGroupDescription": "Planning Item * Planning Account * Planning Channel * Planning Region * Planning PnL * Planning Demand Domain * Lag * Week",
    "Language": null,
    "MeasureGroupGuid": "00000000-0000-0000-0000-000000000000",
    "ToolTip": null,
    "ModuleId": "52370024-0307-4d32-9948-435d1a6d8e73"
  },
  {
    "Id": 315333,
    "TenantId": 7496,
    "MeasureGroupId": 6122047,
    "LCID": 1033,
    "MeasureGroupName": "Stat Item * Stat Account * Stat Channel * Stat Region * Stat PnL * Stat Demand Domain * Stat Location",
    "MeasureGroupDescription": "Stat Item * Stat Account * Stat Channel * Stat Region * Stat PnL * Stat Demand Domain * Stat Location",
    "Language": null,
    "MeasureGroupGuid": "00000000-0000-0000-0000-000000000000",
    "ToolTip": null,
    "ModuleId": "52370024-0307-4d32-9948-435d1a6d8e73"
  },
  {
    "Id": 315334,
    "TenantId": 7496,
    "MeasureGroupId": 6122048,
    "LCID": 1033,
    "MeasureGroupName": "Opportunity Line * Item * Account * Channel * Region * PnL * Demand Domain * Location * Day",
    "MeasureGroupDescription": "Input Measures of Historical Transaction data for detailed orders",
    "Language": null,
    "MeasureGroupGuid": "00000000-0000-0000-0000-000000000000",
    "ToolTip": null,
    "ModuleId": "273029c8-d2db-4c26-91c2-c6ade5ef2bd4"
  },
  {
    "Id": 315335,
    "TenantId": 7496,
    "MeasureGroupId": 6122057,
    "LCID": 1033,
    "MeasureGroupName": "Transition Item * Planning Account * Planning Channel * Planning Region * Planning PnL * Transition Demand Domain * Lag  * Partial Week",
    "MeasureGroupDescription": "Transition Item * Planning Account * Planning Channel * Planning Region * Planning PnL * Transition Demand Domain * Lag  * Partial Week",
    "Language": null,
    "MeasureGroupGuid": "00000000-0000-0000-0000-000000000000",
    "ToolTip": null,
    "ModuleId": "52370024-0307-4d32-9948-435d1a6d8e73"
  },
  {
    "Id": 315336,
    "TenantId": 7496,
    "MeasureGroupId": 6122066,
    "LCID": 1033,
    "MeasureGroupName": "Stat Model",
    "MeasureGroupDescription": "Stat Model",
    "Language": null,
    "MeasureGroupGuid": "00000000-0000-0000-0000-000000000000",
    "ToolTip": null,
    "ModuleId": "52370024-0307-4d32-9948-435d1a6d8e73"
  },
  {
    "Id": 315337,
    "TenantId": 7496,
    "MeasureGroupId": 6122076,
    "LCID": 1033,
    "MeasureGroupName": "Planning Item * Planning Account * Planning Channel * Planning Region * Planning PnL * Planning Demand Domain * Planning Location",
    "MeasureGroupDescription": "Planning Item * Planning Account * Planning Channel * Planning Region * Planning PnL * Planning Demand Domain * Planning Location",
    "Language": null,
    "MeasureGroupGuid": "00000000-0000-0000-0000-000000000000",
    "ToolTip": null,
    "ModuleId": "52370024-0307-4d32-9948-435d1a6d8e73"
  },
  {
    "Id": 315338,
    "TenantId": 7496,
    "MeasureGroupId": 6122081,
    "LCID": 1033,
    "MeasureGroupName": "Planning Item  * Planning Account * Planning Channel * Planning Region * Planning PnL * Planning Demand Domain * Planning Location * Week",
    "MeasureGroupDescription": "Planning Item  * Planning Account * Planning Channel * Planning Region * Planning PnL * Planning Demand Domain * Planning Location * Week",
    "Language": null,
    "MeasureGroupGuid": "00000000-0000-0000-0000-000000000000",
    "ToolTip": null,
    "ModuleId": "52370024-0307-4d32-9948-435d1a6d8e73"
  },
  {
    "Id": 315339,
    "TenantId": 7496,
    "MeasureGroupId": 6122085,
    "LCID": 1033,
    "MeasureGroupName": "Planning Item * Planning Account * Planning Channel * Planning Region * Planning PnL * Planning Demand Domain * Planning Location",
    "MeasureGroupDescription": "Planning Item * Planning Account * Planning Channel * Planning Region * Planning PnL * Planning Demand Domain * Planning Location",
    "Language": null,
    "MeasureGroupGuid": "00000000-0000-0000-0000-000000000000",
    "ToolTip": null,
    "ModuleId": "52370024-0307-4d32-9948-435d1a6d8e73"
  },
  {
    "Id": 315340,
    "TenantId": 7496,
    "MeasureGroupId": 6122112,
    "LCID": 1033,
    "MeasureGroupName": "Push No Carry Excess Local",
    "MeasureGroupDescription": "Push No Carry Excess Local",
    "Language": null,
    "MeasureGroupGuid": "00000000-0000-0000-0000-000000000000",
    "ToolTip": null,
    "ModuleId": "89ea750b-98c6-4aa1-aee2-7136e4f17745"
  },
  {
    "Id": 315341,
    "TenantId": 7496,
    "MeasureGroupId": 6122111,
    "LCID": 1033,
    "MeasureGroupName": "Stat Item * Stat Account * Stat Channel * Stat Region * Stat PnL * Stat Demand Domain * Stat Location",
    "MeasureGroupDescription": "Stat Item * Stat Account * Stat Channel * Stat Region * Stat PnL * Stat Demand Domain * Stat Location",
    "Language": null,
    "MeasureGroupGuid": "00000000-0000-0000-0000-000000000000",
    "ToolTip": null,
    "ModuleId": "52370024-0307-4d32-9948-435d1a6d8e73"
  },
  {
    "Id": 315342,
    "TenantId": 7496,
    "MeasureGroupId": 6122127,
    "LCID": 1033,
    "MeasureGroupName": "Stat Item * Stat Account * Stat Channel * Stat Region * Stat PnL * Stat Demand Domain  * Stat Location * Class",
    "MeasureGroupDescription": "Stat Item * Stat Account * Stat Channel * Stat Region * Stat PnL * Stat Demand Domain  * Stat Location * Class",
    "Language": null,
    "MeasureGroupGuid": "00000000-0000-0000-0000-000000000000",
    "ToolTip": null,
    "ModuleId": "52370024-0307-4d32-9948-435d1a6d8e73"
  },
  {
    "Id": 315343,
    "TenantId": 7496,
    "MeasureGroupId": 6122135,
    "LCID": 9,
    "MeasureGroupName": "Planning Item",
    "MeasureGroupDescription": "Planning Item",
    "Language": null,
    "MeasureGroupGuid": "00000000-0000-0000-0000-000000000000",
    "ToolTip": null,
    "ModuleId": "52370024-0307-4d32-9948-435d1a6d8e73"
  },
  {
    "Id": 315344,
    "TenantId": 7496,
    "MeasureGroupId": 6122135,
    "LCID": 1033,
    "MeasureGroupName": "Planning Item",
    "MeasureGroupDescription": "Planning Item",
    "Language": null,
    "MeasureGroupGuid": "00000000-0000-0000-0000-000000000000",
    "ToolTip": null,
    "ModuleId": "52370024-0307-4d32-9948-435d1a6d8e73"
  },
  {
    "Id": 315345,
    "TenantId": 7496,
    "MeasureGroupId": 6122148,
    "LCID": 1033,
    "MeasureGroupName": "Stat Item",
    "MeasureGroupDescription": "Stat Item",
    "Language": null,
    "MeasureGroupGuid": "00000000-0000-0000-0000-000000000000",
    "ToolTip": null,
    "ModuleId": "52370024-0307-4d32-9948-435d1a6d8e73"
  },
  {
    "Id": 315346,
    "TenantId": 7496,
    "MeasureGroupId": 6122150,
    "LCID": 1033,
    "MeasureGroupName": "Planning Item * Class",
    "MeasureGroupDescription": "Planning Item * Class",
    "Language": null,
    "MeasureGroupGuid": "00000000-0000-0000-0000-000000000000",
    "ToolTip": null,
    "ModuleId": "52370024-0307-4d32-9948-435d1a6d8e73"
  },
  {
    "Id": 315347,
    "TenantId": 7496,
    "MeasureGroupId": 6122155,
    "LCID": 1033,
    "MeasureGroupName": "Stat Algorithm * Stat Model",
    "MeasureGroupDescription": "Stat Algorithm * Stat Model",
    "Language": null,
    "MeasureGroupGuid": "00000000-0000-0000-0000-000000000000",
    "ToolTip": null,
    "ModuleId": "52370024-0307-4d32-9948-435d1a6d8e73"
  },
  {
    "Id": 315348,
    "TenantId": 7496,
    "MeasureGroupId": 6122157,
    "LCID": 1033,
    "MeasureGroupName": "Planning Item * Planning Account * Planning Channel * Planning Region * Planning PnL * Planning Demand Domain",
    "MeasureGroupDescription": "Planning Item * Planning Account * Planning Channel * Planning Region * Planning PnL * Planning Demand Domain",
    "Language": null,
    "MeasureGroupGuid": "00000000-0000-0000-0000-000000000000",
    "ToolTip": null,
    "ModuleId": "52370024-0307-4d32-9948-435d1a6d8e73"
  },
  {
    "Id": 315349,
    "TenantId": 7496,
    "MeasureGroupId": 6122160,
    "LCID": 1033,
    "MeasureGroupName": "Transition Item * Planning Account * Planning Channel * Planning Region * Planning PnL * Transition Demand Domain * Lag  * Planning Month",
    "MeasureGroupDescription": "Transition Item * Planning Account * Planning Channel * Planning Region * Planning PnL * Transition Demand Domain * Lag  * Planning Month",
    "Language": null,
    "MeasureGroupGuid": "00000000-0000-0000-0000-000000000000",
    "ToolTip": null,
    "ModuleId": "52370024-0307-4d32-9948-435d1a6d8e73"
  },
  {
    "Id": 315350,
    "TenantId": 7496,
    "MeasureGroupId": 6122175,
    "LCID": 1033,
    "MeasureGroupName": "Stat Item * Stat Account * Stat Channel * Stat Region * Stat PnL * Stat Demand Domain * Stat Location * Partial Week",
    "MeasureGroupDescription": "Stat Item * Stat Account * Stat Channel * Stat Region * Stat PnL * Stat Demand Domain * Stat Location * Partial Week",
    "Language": null,
    "MeasureGroupGuid": "00000000-0000-0000-0000-000000000000",
    "ToolTip": null,
    "ModuleId": "52370024-0307-4d32-9948-435d1a6d8e73"
  },
  {
    "Id": 315351,
    "TenantId": 7496,
    "MeasureGroupId": 6122187,
    "LCID": 1033,
    "MeasureGroupName": "Forecast Iteration* Stat Item * Stat Account * Stat Channel * Stat Region * Stat PnL * Stat Demand Domain * Stat Location * Partial Week",
    "MeasureGroupDescription": "Forecast Iteration* Stat Item * Stat Account * Stat Channel * Stat Region * Stat PnL * Stat Demand Domain * Stat Location * Partial Week",
    "Language": null,
    "MeasureGroupGuid": "00000000-0000-0000-0000-000000000000",
    "ToolTip": null,
    "ModuleId": "52370024-0307-4d32-9948-435d1a6d8e73"
  },
  {
    "Id": 315352,
    "TenantId": 7496,
    "MeasureGroupId": 6122203,
    "LCID": 1033,
    "MeasureGroupName": "Planning Item * Planning Account * Planning Channel * Planning Region * Planning PnL * Planning Demand Domain  * ML Driver",
    "MeasureGroupDescription": "Planning Item * Planning Account * Planning Channel * Planning Region * Planning PnL * Planning Demand Domain  * ML Driver",
    "Language": null,
    "MeasureGroupGuid": "00000000-0000-0000-0000-000000000000",
    "ToolTip": null,
    "ModuleId": "52370024-0307-4d32-9948-435d1a6d8e73"
  },
  {
    "Id": 315353,
    "TenantId": 7496,
    "MeasureGroupId": 6122213,
    "LCID": 1033,
    "MeasureGroupName": "Planning Item  * Planning Account * Planning Channel * Planning Region * Planning PnL * Planning Demand Domain * Planning Location * Stat Model",
    "MeasureGroupDescription": "Planning Item  * Planning Account * Planning Channel * Planning Region * Planning PnL * Planning Demand Domain * Planning Location * Stat Model",
    "Language": null,
    "MeasureGroupGuid": "00000000-0000-0000-0000-000000000000",
    "ToolTip": null,
    "ModuleId": "52370024-0307-4d32-9948-435d1a6d8e73"
  },
  {
    "Id": 315354,
    "TenantId": 7496,
    "MeasureGroupId": 6122225,
    "LCID": 1033,
    "MeasureGroupName": "Stat Item * Stat Account * Stat Channel * Stat Region * Stat PnL * Stat Demand Domain * Stat Location",
    "MeasureGroupDescription": "Stat Item * Stat Account * Stat Channel * Stat Region * Stat PnL * Stat Demand Domain * Stat Location",
    "Language": null,
    "MeasureGroupGuid": "00000000-0000-0000-0000-000000000000",
    "ToolTip": null,
    "ModuleId": "52370024-0307-4d32-9948-435d1a6d8e73"
  },
  {
    "Id": 315355,
    "TenantId": 7496,
    "MeasureGroupId": 6122232,
    "LCID": 1033,
    "MeasureGroupName": "Stat Item * Stat Account * Stat Channel * Stat Region * Stat PnL * Stat Demand Domain * Stat Location * Week",
    "MeasureGroupDescription": "Stat Item * Stat Account * Stat Channel * Stat Region * Stat PnL * Stat Demand Domain * Stat Location * Week",
    "Language": null,
    "MeasureGroupGuid": "00000000-0000-0000-0000-000000000000",
    "ToolTip": null,
    "ModuleId": "52370024-0307-4d32-9948-435d1a6d8e73"
  },
  {
    "Id": 315356,
    "TenantId": 7496,
    "MeasureGroupId": 6122246,
    "LCID": 1033,
    "MeasureGroupName": "Hard Quarantine",
    "MeasureGroupDescription": "Hard Quarantine",
    "Language": null,
    "MeasureGroupGuid": "00000000-0000-0000-0000-000000000000",
    "ToolTip": null,
    "ModuleId": "89ea750b-98c6-4aa1-aee2-7136e4f17745"
  },
  {
    "Id": 315357,
    "TenantId": 7496,
    "MeasureGroupId": 6122247,
    "LCID": 1033,
    "MeasureGroupName": "Class",
    "MeasureGroupDescription": "Class",
    "Language": null,
    "MeasureGroupGuid": "00000000-0000-0000-0000-000000000000",
    "ToolTip": null,
    "ModuleId": "52370024-0307-4d32-9948-435d1a6d8e73"
  },
  {
    "Id": 315358,
    "TenantId": 7496,
    "MeasureGroupId": 6122270,
    "LCID": 1033,
    "MeasureGroupName": "Stat Item * Stat Account * Stat Channel * Stat Region * Stat PnL * Stat Demand Domain * Stat Location",
    "MeasureGroupDescription": "Stat Item * Stat Account * Stat Channel * Stat Region * Stat PnL * Stat Demand Domain * Stat Location",
    "Language": null,
    "MeasureGroupGuid": "00000000-0000-0000-0000-000000000000",
    "ToolTip": null,
    "ModuleId": "52370024-0307-4d32-9948-435d1a6d8e73"
  },
  {
    "Id": 315359,
    "TenantId": 7496,
    "MeasureGroupId": 6122286,
    "LCID": 1033,
    "MeasureGroupName": "Is Categorical",
    "MeasureGroupDescription": "Is Categorical",
    "Language": null,
    "MeasureGroupGuid": "00000000-0000-0000-0000-000000000000",
    "ToolTip": null,
    "ModuleId": "52370024-0307-4d32-9948-435d1a6d8e73"
  },
  {
    "Id": 315360,
    "TenantId": 7496,
    "MeasureGroupId": 6122293,
    "LCID": 1033,
    "MeasureGroupName": "Stat Algorithm * Stat Model* Stat Parameter",
    "MeasureGroupDescription": "Stat Algorithm * Stat Model* Stat Parameter",
    "Language": null,
    "MeasureGroupGuid": "00000000-0000-0000-0000-000000000000",
    "ToolTip": null,
    "ModuleId": "52370024-0307-4d32-9948-435d1a6d8e73"
  },
  {
    "Id": 315361,
    "TenantId": 7496,
    "MeasureGroupId": 6122342,
    "LCID": 1033,
    "MeasureGroupName": "Stat Algorithm * Stat Parameter",
    "MeasureGroupDescription": "Stat Algorithm * Stat Parameter",
    "Language": null,
    "MeasureGroupGuid": "00000000-0000-0000-0000-000000000000",
    "ToolTip": null,
    "ModuleId": "52370024-0307-4d32-9948-435d1a6d8e73"
  },
  {
    "Id": 315362,
    "TenantId": 7496,
    "MeasureGroupId": 6122344,
    "LCID": 1033,
    "MeasureGroupName": "Transition Item * Planning Account * Planning Channel * Planning Region * Planning PnL * Transition Demand Domain * Lag  * Week",
    "MeasureGroupDescription": "Transition Item * Planning Account * Planning Channel * Planning Region * Planning PnL * Transition Demand Domain * Lag  * Week",
    "Language": null,
    "MeasureGroupGuid": "00000000-0000-0000-0000-000000000000",
    "ToolTip": null,
    "ModuleId": "52370024-0307-4d32-9948-435d1a6d8e73"
  },
  {
    "Id": 315363,
    "TenantId": 7496,
    "MeasureGroupId": 6122388,
    "LCID": 1033,
    "MeasureGroupName": "Segmentation LOB",
    "MeasureGroupDescription": "Segmentation LOB",
    "Language": null,
    "MeasureGroupGuid": "00000000-0000-0000-0000-000000000000",
    "ToolTip": null,
    "ModuleId": "52370024-0307-4d32-9948-435d1a6d8e73"
  },
  {
    "Id": 315364,
    "TenantId": 7496,
    "MeasureGroupId": 6122392,
    "LCID": 1033,
    "MeasureGroupName": "Segmentation LOB * Day",
    "MeasureGroupDescription": "Segmentation LOB * Day",
    "Language": null,
    "MeasureGroupGuid": "00000000-0000-0000-0000-000000000000",
    "ToolTip": null,
    "ModuleId": "52370024-0307-4d32-9948-435d1a6d8e73"
  },
  {
    "Id": 315365,
    "TenantId": 7496,
    "MeasureGroupId": 6122395,
    "LCID": 1033,
    "MeasureGroupName": "Stat Item * Stat Account * Stat Channel * Stat Region * Stat PnL * Stat Demand Domain * Stat Location",
    "MeasureGroupDescription": "Stat Item * Stat Account * Stat Channel * Stat Region * Stat PnL * Stat Demand Domain * Stat Location",
    "Language": null,
    "MeasureGroupGuid": "00000000-0000-0000-0000-000000000000",
    "ToolTip": null,
    "ModuleId": "52370024-0307-4d32-9948-435d1a6d8e73"
  }
]