[
  {
    "Id": 10991,
    "TenantId": 7496,
    "MeasureId": 29056490,
    "MeasureGuid": "00000000-0000-0000-0000-000000000000",
    "RelatedMeasureId": 29056450,
    "RelatedMeasureGuid": "00000000-0000-0000-0000-000000000000",
    "Type": "PercentPlanning",
    "SubType": "PercentToParent",
    "RawConfig": null,
    "ModuleId": "e8a1d971-67ac-40b9-89f5-f60d79b5c317"
  },
  {
    "Id": 10992,
    "TenantId": 7496,
    "MeasureId": 29056489,
    "MeasureGuid": "00000000-0000-0000-0000-000000000000",
    "RelatedMeasureId": 29056478,
    "RelatedMeasureGuid": "00000000-0000-0000-0000-000000000000",
    "Type": "PercentPlanning",
    "SubType": "PercentToParent",
    "RawConfig": null,
    "ModuleId": "e8a1d971-67ac-40b9-89f5-f60d79b5c317"
  },
  {
    "Id": 10994,
    "TenantId": 7496,
    "MeasureId": 29056455,
    "MeasureGuid": "00000000-0000-0000-0000-000000000000",
    "RelatedMeasureId": 29056451,
    "RelatedMeasureGuid": "00000000-0000-0000-0000-000000000000",
    "Type": "PercentPlanning",
    "SubType": "PercentToParent",
    "RawConfig": null,
    "ModuleId": "e8a1d971-67ac-40b9-89f5-f60d79b5c317"
  },
  {
    "Id": 10993,
    "TenantId": 7496,
    "MeasureId": 29056456,
    "MeasureGuid": "00000000-0000-0000-0000-000000000000",
    "RelatedMeasureId": 29056412,
    "RelatedMeasureGuid": "00000000-0000-0000-0000-000000000000",
    "Type": "PercentPlanning",
    "SubType": "PercentToParent",
    "RawConfig": null,
    "ModuleId": "e8a1d971-67ac-40b9-89f5-f60d79b5c317"
  },
  {
    "Id": 10996,
    "TenantId": 7496,
    "MeasureId": 29056855,
    "MeasureGuid": "00000000-0000-0000-0000-000000000000",
    "RelatedMeasureId": 29056798,
    "RelatedMeasureGuid": "00000000-0000-0000-0000-000000000000",
    "Type": "PercentPlanning",
    "SubType": "PercentToParent",
    "RawConfig": null,
    "ModuleId": "872cd171-8caa-4e3a-bd94-265838c2d91a"
  },
  {
    "Id": 10995,
    "TenantId": 7496,
    "MeasureId": 29056859,
    "MeasureGuid": "00000000-0000-0000-0000-000000000000",
    "RelatedMeasureId": 29056883,
    "RelatedMeasureGuid": "00000000-0000-0000-0000-000000000000",
    "Type": "PercentPlanning",
    "SubType": "PercentToParent",
    "RawConfig": null,
    "ModuleId": "872cd171-8caa-4e3a-bd94-265838c2d91a"
  },
  {
    "Id": 10998,
    "TenantId": 7496,
    "MeasureId": 29056832,
    "MeasureGuid": "00000000-0000-0000-0000-000000000000",
    "RelatedMeasureId": 29056765,
    "RelatedMeasureGuid": "00000000-0000-0000-0000-000000000000",
    "Type": "PercentPlanning",
    "SubType": "PercentToParent",
    "RawConfig": null,
    "ModuleId": "872cd171-8caa-4e3a-bd94-265838c2d91a"
  },
  {
    "Id": 10997,
    "TenantId": 7496,
    "MeasureId": 29056842,
    "MeasureGuid": "00000000-0000-0000-0000-000000000000",
    "RelatedMeasureId": 29056845,
    "RelatedMeasureGuid": "00000000-0000-0000-0000-000000000000",
    "Type": "PercentPlanning",
    "SubType": "PercentToParent",
    "RawConfig": null,
    "ModuleId": "872cd171-8caa-4e3a-bd94-265838c2d91a"
  },
  {
    "Id": 11004,
    "TenantId": 7496,
    "MeasureId": 29058165,
    "MeasureGuid": "00000000-0000-0000-0000-000000000000",
    "RelatedMeasureId": 29058632,
    "RelatedMeasureGuid": "00000000-0000-0000-0000-000000000000",
    "Type": "PercentPlanning",
    "SubType": "PercentToParent",
    "RawConfig": null,
    "ModuleId": "e8a1d971-67ac-40b9-89f5-f60d79b5c317"
  },
  {
    "Id": 11003,
    "TenantId": 7496,
    "MeasureId": 29058174,
    "MeasureGuid": "00000000-0000-0000-0000-000000000000",
    "RelatedMeasureId": 29058320,
    "RelatedMeasureGuid": "00000000-0000-0000-0000-000000000000",
    "Type": "PercentPlanning",
    "SubType": "PercentToParent",
    "RawConfig": null,
    "ModuleId": "e8a1d971-67ac-40b9-89f5-f60d79b5c317"
  },
  {
    "Id": 11002,
    "TenantId": 7496,
    "MeasureId": 29058285,
    "MeasureGuid": "00000000-0000-0000-0000-000000000000",
    "RelatedMeasureId": 29058477,
    "RelatedMeasureGuid": "00000000-0000-0000-0000-000000000000",
    "Type": "PercentPlanning",
    "SubType": "PercentToParent",
    "RawConfig": null,
    "ModuleId": "e8a1d971-67ac-40b9-89f5-f60d79b5c317"
  },
  {
    "Id": 11001,
    "TenantId": 7496,
    "MeasureId": 29058352,
    "MeasureGuid": "00000000-0000-0000-0000-000000000000",
    "RelatedMeasureId": 29058496,
    "RelatedMeasureGuid": "00000000-0000-0000-0000-000000000000",
    "Type": "PercentPlanning",
    "SubType": "PercentToTotal",
    "RawConfig": null,
    "ModuleId": "e8a1d971-67ac-40b9-89f5-f60d79b5c317"
  },
  {
    "Id": 11000,
    "TenantId": 7496,
    "MeasureId": 29058386,
    "MeasureGuid": "00000000-0000-0000-0000-000000000000",
    "RelatedMeasureId": 29058383,
    "RelatedMeasureGuid": "00000000-0000-0000-0000-000000000000",
    "Type": "PercentPlanning",
    "SubType": "PercentToParent",
    "RawConfig": null,
    "ModuleId": "e8a1d971-67ac-40b9-89f5-f60d79b5c317"
  },
  {
    "Id": 10999,
    "TenantId": 7496,
    "MeasureId": 29058542,
    "MeasureGuid": "00000000-0000-0000-0000-000000000000",
    "RelatedMeasureId": 29058332,
    "RelatedMeasureGuid": "00000000-0000-0000-0000-000000000000",
    "Type": "PercentPlanning",
    "SubType": "PercentToParent",
    "RawConfig": null,
    "ModuleId": "e8a1d971-67ac-40b9-89f5-f60d79b5c317"
  },
  {
    "Id": 11009,
    "TenantId": 7496,
    "MeasureId": 29060385,
    "MeasureGuid": "00000000-0000-0000-0000-000000000000",
    "RelatedMeasureId": 29060405,
    "RelatedMeasureGuid": "00000000-0000-0000-0000-000000000000",
    "Type": "PercentPlanning",
    "SubType": "PercentToTotal",
    "RawConfig": null,
    "ModuleId": "e8a1d971-67ac-40b9-89f5-f60d79b5c317"
  },
  {
    "Id": 11008,
    "TenantId": 7496,
    "MeasureId": 29060422,
    "MeasureGuid": "00000000-0000-0000-0000-000000000000",
    "RelatedMeasureId": 29060383,
    "RelatedMeasureGuid": "00000000-0000-0000-0000-000000000000",
    "Type": "PercentPlanning",
    "SubType": "PercentToTotal",
    "RawConfig": null,
    "ModuleId": "e8a1d971-67ac-40b9-89f5-f60d79b5c317"
  },
  {
    "Id": 11007,
    "TenantId": 7496,
    "MeasureId": 29060438,
    "MeasureGuid": "00000000-0000-0000-0000-000000000000",
    "RelatedMeasureId": 29060413,
    "RelatedMeasureGuid": "00000000-0000-0000-0000-000000000000",
    "Type": "PercentPlanning",
    "SubType": "PercentToParent",
    "RawConfig": null,
    "ModuleId": "e8a1d971-67ac-40b9-89f5-f60d79b5c317"
  },
  {
    "Id": 11006,
    "TenantId": 7496,
    "MeasureId": 29060479,
    "MeasureGuid": "00000000-0000-0000-0000-000000000000",
    "RelatedMeasureId": 29060405,
    "RelatedMeasureGuid": "00000000-0000-0000-0000-000000000000",
    "Type": "PercentPlanning",
    "SubType": "PercentToParent",
    "RawConfig": null,
    "ModuleId": "e8a1d971-67ac-40b9-89f5-f60d79b5c317"
  },
  {
    "Id": 11005,
    "TenantId": 7496,
    "MeasureId": 29060481,
    "MeasureGuid": "00000000-0000-0000-0000-000000000000",
    "RelatedMeasureId": 29060413,
    "RelatedMeasureGuid": "00000000-0000-0000-0000-000000000000",
    "Type": "PercentPlanning",
    "SubType": "PercentToTotal",
    "RawConfig": null,
    "ModuleId": "e8a1d971-67ac-40b9-89f5-f60d79b5c317"
  },
  {
    "Id": 11013,
    "TenantId": 7496,
    "MeasureId": 29060554,
    "MeasureGuid": "00000000-0000-0000-0000-000000000000",
    "RelatedMeasureId": 29060954,
    "RelatedMeasureGuid": "00000000-0000-0000-0000-000000000000",
    "Type": "PercentPlanning",
    "SubType": "PercentToParent",
    "RawConfig": null,
    "ModuleId": "e8a1d971-67ac-40b9-89f5-f60d79b5c317"
  },
  {
    "Id": 11012,
    "TenantId": 7496,
    "MeasureId": 29060612,
    "MeasureGuid": "00000000-0000-0000-0000-000000000000",
    "RelatedMeasureId": 29061041,
    "RelatedMeasureGuid": "00000000-0000-0000-0000-000000000000",
    "Type": "PercentPlanning",
    "SubType": "PercentToParent",
    "RawConfig": null,
    "ModuleId": "e8a1d971-67ac-40b9-89f5-f60d79b5c317"
  },
  {
    "Id": 11011,
    "TenantId": 7496,
    "MeasureId": 29061053,
    "MeasureGuid": "00000000-0000-0000-0000-000000000000",
    "RelatedMeasureId": 29061119,
    "RelatedMeasureGuid": "00000000-0000-0000-0000-000000000000",
    "Type": "PercentPlanning",
    "SubType": "PercentToParent",
    "RawConfig": null,
    "ModuleId": "e8a1d971-67ac-40b9-89f5-f60d79b5c317"
  },
  {
    "Id": 11010,
    "TenantId": 7496,
    "MeasureId": 29061061,
    "MeasureGuid": "00000000-0000-0000-0000-000000000000",
    "RelatedMeasureId": 29061042,
    "RelatedMeasureGuid": "00000000-0000-0000-0000-000000000000",
    "Type": "PercentPlanning",
    "SubType": "PercentToParent",
    "RawConfig": null,
    "ModuleId": "e8a1d971-67ac-40b9-89f5-f60d79b5c317"
  },
  {
    "Id": 11017,
    "TenantId": 7496,
    "MeasureId": 29061453,
    "MeasureGuid": "00000000-0000-0000-0000-000000000000",
    "RelatedMeasureId": 29061410,
    "RelatedMeasureGuid": "00000000-0000-0000-0000-000000000000",
    "Type": "PercentPlanning",
    "SubType": "PercentToParent",
    "RawConfig": null,
    "ModuleId": "e8a1d971-67ac-40b9-89f5-f60d79b5c317"
  },
  {
    "Id": 11016,
    "TenantId": 7496,
    "MeasureId": 29061464,
    "MeasureGuid": "00000000-0000-0000-0000-000000000000",
    "RelatedMeasureId": 29061617,
    "RelatedMeasureGuid": "00000000-0000-0000-0000-000000000000",
    "Type": "PercentPlanning",
    "SubType": "PercentToParent",
    "RawConfig": null,
    "ModuleId": "e8a1d971-67ac-40b9-89f5-f60d79b5c317"
  },
  {
    "Id": 11015,
    "TenantId": 7496,
    "MeasureId": 29061478,
    "MeasureGuid": "00000000-0000-0000-0000-000000000000",
    "RelatedMeasureId": 29061503,
    "RelatedMeasureGuid": "00000000-0000-0000-0000-000000000000",
    "Type": "PercentPlanning",
    "SubType": "PercentToParent",
    "RawConfig": null,
    "ModuleId": "e8a1d971-67ac-40b9-89f5-f60d79b5c317"
  },
  {
    "Id": 11014,
    "TenantId": 7496,
    "MeasureId": 29061623,
    "MeasureGuid": "00000000-0000-0000-0000-000000000000",
    "RelatedMeasureId": 29061446,
    "RelatedMeasureGuid": "00000000-0000-0000-0000-000000000000",
    "Type": "PercentPlanning",
    "SubType": "PercentToParent",
    "RawConfig": null,
    "ModuleId": "e8a1d971-67ac-40b9-89f5-f60d79b5c317"
  }
]