[
  {
    "Id": 650058,
    "TenantId": 7496,
    "MemberRelationshipPropertysKey": 1883098,
    "PropertyName": "Detailed Orders Requested Date",
    "PropertyDescription": "Detailed Orders Requested Date",
    "LCID": 1033,
    "Language": null,
    "ToolTip": "",
    "ModuleId": "273029c8-d2db-4c26-91c2-c6ade5ef2bd4"
  },
  {
    "Id": 650059,
    "TenantId": 7496,
    "MemberRelationshipPropertysKey": 1883099,
    "PropertyName": "Detailed Orders Units",
    "PropertyDescription": "Detailed Orders Units",
    "LCID": 1033,
    "Language": null,
    "ToolTip": "",
    "ModuleId": "273029c8-d2db-4c26-91c2-c6ade5ef2bd4"
  },
  {
    "Id": 650060,
    "TenantId": 7496,
    "MemberRelationshipPropertysKey": 1883100,
    "PropertyName": "Capacity Root Cause Quantity",
    "PropertyDescription": "Capacity Root Cause Quantity",
    "LCID": 1033,
    "Language": null,
    "ToolTip": null,
    "ModuleId": "0f784411-720c-4319-bc9a-c0994d2eb20e"
  },
  {
    "Id": 650061,
    "TenantId": 7496,
    "MemberRelationshipPropertysKey": 1883102,
    "PropertyName": "Constraint Quantity",
    "PropertyDescription": "Constraint Quantity",
    "LCID": 1033,
    "Language": null,
    "ToolTip": null,
    "ModuleId": "0f784411-720c-4319-bc9a-c0994d2eb20e"
  },
  {
    "Id": 650062,
    "TenantId": 7496,
    "MemberRelationshipPropertysKey": 1883105,
    "PropertyName": "Consumed Per",
    "PropertyDescription": "Substitute Item Consumed Per",
    "LCID": 1033,
    "Language": null,
    "ToolTip": null,
    "ModuleId": "0f784411-720c-4319-bc9a-c0994d2eb20e"
  },
  {
    "Id": 650063,
    "TenantId": 7496,
    "MemberRelationshipPropertysKey": 1883106,
    "PropertyName": "Substitute Item Consumed Per",
    "PropertyDescription": "Substitute Item Consumed Per",
    "LCID": 1033,
    "Language": null,
    "ToolTip": null,
    "ModuleId": "0f784411-720c-4319-bc9a-c0994d2eb20e"
  },
  {
    "Id": 650064,
    "TenantId": 7496,
    "MemberRelationshipPropertysKey": 1883107,
    "PropertyName": "Priority",
    "PropertyDescription": "Substitute Item Priority",
    "LCID": 1033,
    "Language": null,
    "ToolTip": null,
    "ModuleId": "0f784411-720c-4319-bc9a-c0994d2eb20e"
  },
  {
    "Id": 650065,
    "TenantId": 7496,
    "MemberRelationshipPropertysKey": 1883108,
    "PropertyName": "Substitute Item Association",
    "PropertyDescription": "Substitute Item Association",
    "LCID": 1033,
    "Language": null,
    "ToolTip": null,
    "ModuleId": "0f784411-720c-4319-bc9a-c0994d2eb20e"
  },
  {
    "Id": 650066,
    "TenantId": 7496,
    "MemberRelationshipPropertysKey": 1883109,
    "PropertyName": "Association",
    "PropertyDescription": "Substitute Item Association",
    "LCID": 1033,
    "Language": null,
    "ToolTip": null,
    "ModuleId": "0f784411-720c-4319-bc9a-c0994d2eb20e"
  },
  {
    "Id": 650067,
    "TenantId": 7496,
    "MemberRelationshipPropertysKey": 1883110,
    "PropertyName": "End Date",
    "PropertyDescription": "End Date",
    "LCID": 1033,
    "Language": null,
    "ToolTip": null,
    "ModuleId": "0f784411-720c-4319-bc9a-c0994d2eb20e"
  },
  {
    "Id": 650068,
    "TenantId": 7496,
    "MemberRelationshipPropertysKey": 1883111,
    "PropertyName": "Is Demand Node",
    "PropertyDescription": "Is Demand Node",
    "LCID": 1033,
    "Language": null,
    "ToolTip": null,
    "ModuleId": "0f784411-720c-4319-bc9a-c0994d2eb20e"
  },
  {
    "Id": 650069,
    "TenantId": 7496,
    "MemberRelationshipPropertysKey": 1883112,
    "PropertyName": "Start Date",
    "PropertyDescription": "Start Date",
    "LCID": 1033,
    "Language": null,
    "ToolTip": null,
    "ModuleId": "0f784411-720c-4319-bc9a-c0994d2eb20e"
  },
  {
    "Id": 650070,
    "TenantId": 7496,
    "MemberRelationshipPropertysKey": 1883113,
    "PropertyName": "Start Date",
    "PropertyDescription": "Substitute Item Start Date",
    "LCID": 1033,
    "Language": null,
    "ToolTip": null,
    "ModuleId": "0f784411-720c-4319-bc9a-c0994d2eb20e"
  },
  {
    "Id": 650071,
    "TenantId": 7496,
    "MemberRelationshipPropertysKey": 1883114,
    "PropertyName": "WIP Sweep Priority",
    "PropertyDescription": "WIP Sweep Priority",
    "LCID": 1033,
    "Language": null,
    "ToolTip": null,
    "ModuleId": "0f784411-720c-4319-bc9a-c0994d2eb20e"
  },
  {
    "Id": 650072,
    "TenantId": 7496,
    "MemberRelationshipPropertysKey": 1883116,
    "PropertyName": "Priority",
    "PropertyDescription": "Priority",
    "LCID": 1033,
    "Language": null,
    "ToolTip": null,
    "ModuleId": "0f784411-720c-4319-bc9a-c0994d2eb20e"
  },
  {
    "Id": 650073,
    "TenantId": 7496,
    "MemberRelationshipPropertysKey": 1883117,
    "PropertyName": "End Date",
    "PropertyDescription": "Substitute Item End Date",
    "LCID": 1033,
    "Language": null,
    "ToolTip": null,
    "ModuleId": "0f784411-720c-4319-bc9a-c0994d2eb20e"
  },
  {
    "Id": 650074,
    "TenantId": 7496,
    "MemberRelationshipPropertysKey": 1883118,
    "PropertyName": "Is Demand Node",
    "PropertyDescription": "Is Demand Node",
    "LCID": 1033,
    "Language": null,
    "ToolTip": null,
    "ModuleId": "0f784411-720c-4319-bc9a-c0994d2eb20e"
  },
  {
    "Id": 650075,
    "TenantId": 7496,
    "MemberRelationshipPropertysKey": 1883119,
    "PropertyName": "Is Alternate Within Group",
    "PropertyDescription": "Is Alternate Within Group",
    "LCID": 1033,
    "Language": null,
    "ToolTip": null,
    "ModuleId": "0f784411-720c-4319-bc9a-c0994d2eb20e"
  },
  {
    "Id": 650076,
    "TenantId": 7496,
    "MemberRelationshipPropertysKey": 1883120,
    "PropertyName": "Item Depth",
    "PropertyDescription": "Item Depth",
    "LCID": 1033,
    "Language": null,
    "ToolTip": null,
    "ModuleId": "0f784411-720c-4319-bc9a-c0994d2eb20e"
  },
  {
    "Id": 650077,
    "TenantId": 7496,
    "MemberRelationshipPropertysKey": 1883121,
    "PropertyName": "WIP Sweep Depth",
    "PropertyDescription": "WIP Sweep Depth",
    "LCID": 1033,
    "Language": null,
    "ToolTip": null,
    "ModuleId": "0f784411-720c-4319-bc9a-c0994d2eb20e"
  },
  {
    "Id": 650078,
    "TenantId": 7496,
    "MemberRelationshipPropertysKey": 1883124,
    "PropertyName": "WIP Sweep Priority",
    "PropertyDescription": "Substitute Item WIP Sweep Priority",
    "LCID": 1033,
    "Language": null,
    "ToolTip": null,
    "ModuleId": "0f784411-720c-4319-bc9a-c0994d2eb20e"
  },
  {
    "Id": 650079,
    "TenantId": 7496,
    "MemberRelationshipPropertysKey": 1883136,
    "PropertyName": "COC Material Production Quantity Change %",
    "PropertyDescription": "Load Plan Material Production Quantity COC%",
    "LCID": 1033,
    "Language": null,
    "ToolTip": "Load Plan Material Production Quantity COC%",
    "ModuleId": "0f784411-720c-4319-bc9a-c0994d2eb20e"
  },
  {
    "Id": 650080,
    "TenantId": 7496,
    "MemberRelationshipPropertysKey": 1883140,
    "PropertyName": "Pegged COGS",
    "PropertyDescription": "COGS By Demand",
    "LCID": 1033,
    "Language": null,
    "ToolTip": null,
    "ModuleId": "0f784411-720c-4319-bc9a-c0994d2eb20e"
  },
  {
    "Id": 650081,
    "TenantId": 7496,
    "MemberRelationshipPropertysKey": 1883157,
    "PropertyName": "Pegged Mfg Variable Cost",
    "PropertyDescription": "Mfg Cost By Demand",
    "LCID": 1033,
    "Language": null,
    "ToolTip": null,
    "ModuleId": "0f784411-720c-4319-bc9a-c0994d2eb20e"
  },
  {
    "Id": 650082,
    "TenantId": 7496,
    "MemberRelationshipPropertysKey": 1883161,
    "PropertyName": "Pegged Logistics Cost",
    "PropertyDescription": "Logistics Cost By Demand",
    "LCID": 1033,
    "Language": null,
    "ToolTip": null,
    "ModuleId": "0f784411-720c-4319-bc9a-c0994d2eb20e"
  },
  {
    "Id": 650083,
    "TenantId": 7496,
    "MemberRelationshipPropertysKey": 1883164,
    "PropertyName": "Pegged Material Cost",
    "PropertyDescription": "Domain Material Cost By Demand",
    "LCID": 1033,
    "Language": null,
    "ToolTip": null,
    "ModuleId": "0f784411-720c-4319-bc9a-c0994d2eb20e"
  },
  {
    "Id": 650084,
    "TenantId": 7496,
    "MemberRelationshipPropertysKey": 1883154,
    "PropertyName": "Material Production Quantity",
    "PropertyDescription": "Load Plan Material Production Quantity UI",
    "LCID": 1033,
    "Language": null,
    "ToolTip": "Load Plan Material Production Quantity UI",
    "ModuleId": "0f784411-720c-4319-bc9a-c0994d2eb20e"
  },
  {
    "Id": 650085,
    "TenantId": 7496,
    "MemberRelationshipPropertysKey": 1883166,
    "PropertyName": "Resource Consumption Quantity",
    "PropertyDescription": "Load Plan Resource Consumption Quantity UI",
    "LCID": 1033,
    "Language": null,
    "ToolTip": "Load Plan Resource Consumption Quantity UI",
    "ModuleId": "0f784411-720c-4319-bc9a-c0994d2eb20e"
  },
  {
    "Id": 650086,
    "TenantId": 7496,
    "MemberRelationshipPropertysKey": 1883167,
    "PropertyName": "Resource Consumption Quantity LC",
    "PropertyDescription": "Load Plan Resource Consumption Quantity LC",
    "LCID": 1033,
    "Language": null,
    "ToolTip": "Load Plan Resource Consumption Quantity LC",
    "ModuleId": "0f784411-720c-4319-bc9a-c0994d2eb20e"
  },
  {
    "Id": 650087,
    "TenantId": 7496,
    "MemberRelationshipPropertysKey": 1883168,
    "PropertyName": "COC Resource Consumption Quantity Change %",
    "PropertyDescription": "Load Plan Resource Consumption Quantity COC%",
    "LCID": 1033,
    "Language": null,
    "ToolTip": "Load Plan Resource Consumption Quantity COC%",
    "ModuleId": "0f784411-720c-4319-bc9a-c0994d2eb20e"
  },
  {
    "Id": 650088,
    "TenantId": 7496,
    "MemberRelationshipPropertysKey": 1883169,
    "PropertyName": "Material Production Quantity LC",
    "PropertyDescription": "Load Plan Material Production Quantity LC",
    "LCID": 1033,
    "Language": null,
    "ToolTip": "Load Plan Material Production Quantity LC",
    "ModuleId": "0f784411-720c-4319-bc9a-c0994d2eb20e"
  },
  {
    "Id": 650089,
    "TenantId": 7496,
    "MemberRelationshipPropertysKey": 1883172,
    "PropertyName": "DIST Outbound Quantity",
    "PropertyDescription": "DIST Outbound Quantity",
    "LCID": 1033,
    "Language": null,
    "ToolTip": null,
    "ModuleId": "0f784411-720c-4319-bc9a-c0994d2eb20e"
  },
  {
    "Id": 650090,
    "TenantId": 7496,
    "MemberRelationshipPropertysKey": 1883179,
    "PropertyName": "Is Alternate Within Group",
    "PropertyDescription": "Is Alternate Within Group",
    "LCID": 1033,
    "Language": null,
    "ToolTip": null,
    "ModuleId": "0f784411-720c-4319-bc9a-c0994d2eb20e"
  },
  {
    "Id": 650091,
    "TenantId": 7496,
    "MemberRelationshipPropertysKey": 1883180,
    "PropertyName": "Substitute Item Association",
    "PropertyDescription": "Substitute Item Association",
    "LCID": 1033,
    "Language": null,
    "ToolTip": null,
    "ModuleId": "0f784411-720c-4319-bc9a-c0994d2eb20e"
  },
  {
    "Id": 650092,
    "TenantId": 7496,
    "MemberRelationshipPropertysKey": 1883181,
    "PropertyName": "WIP Sweep Priority",
    "PropertyDescription": "WIP Sweep Priority",
    "LCID": 1033,
    "Language": null,
    "ToolTip": null,
    "ModuleId": "0f784411-720c-4319-bc9a-c0994d2eb20e"
  },
  {
    "Id": 650093,
    "TenantId": 7496,
    "MemberRelationshipPropertysKey": 1883185,
    "PropertyName": "WIP Sweep Depth",
    "PropertyDescription": "WIP Sweep Depth",
    "LCID": 1033,
    "Language": null,
    "ToolTip": null,
    "ModuleId": "0f784411-720c-4319-bc9a-c0994d2eb20e"
  },
  {
    "Id": 650094,
    "TenantId": 7496,
    "MemberRelationshipPropertysKey": 1883187,
    "PropertyName": "End Date",
    "PropertyDescription": "End Date",
    "LCID": 1033,
    "Language": null,
    "ToolTip": null,
    "ModuleId": "0f784411-720c-4319-bc9a-c0994d2eb20e"
  },
  {
    "Id": 650095,
    "TenantId": 7496,
    "MemberRelationshipPropertysKey": 1883189,
    "PropertyName": "Start Date",
    "PropertyDescription": "Start Date",
    "LCID": 1033,
    "Language": null,
    "ToolTip": null,
    "ModuleId": "0f784411-720c-4319-bc9a-c0994d2eb20e"
  },
  {
    "Id": 650096,
    "TenantId": 7496,
    "MemberRelationshipPropertysKey": 1883190,
    "PropertyName": "Priority",
    "PropertyDescription": "Priority",
    "LCID": 1033,
    "Language": null,
    "ToolTip": null,
    "ModuleId": "0f784411-720c-4319-bc9a-c0994d2eb20e"
  },
  {
    "Id": 650097,
    "TenantId": 7496,
    "MemberRelationshipPropertysKey": 1883191,
    "PropertyName": "Is Demand Node",
    "PropertyDescription": "Is Demand Node",
    "LCID": 1033,
    "Language": null,
    "ToolTip": null,
    "ModuleId": "0f784411-720c-4319-bc9a-c0994d2eb20e"
  },
  {
    "Id": 650098,
    "TenantId": 7496,
    "MemberRelationshipPropertysKey": 1883192,
    "PropertyName": "Substitute Item Consumed Per",
    "PropertyDescription": "Substitute Item Consumed Per",
    "LCID": 1033,
    "Language": null,
    "ToolTip": null,
    "ModuleId": "0f784411-720c-4319-bc9a-c0994d2eb20e"
  },
  {
    "Id": 650099,
    "TenantId": 7496,
    "MemberRelationshipPropertysKey": 1883193,
    "PropertyName": "Material Production Quantity LC",
    "PropertyDescription": "Material Production Pegged Quantity LC",
    "LCID": 1033,
    "Language": null,
    "ToolTip": "Material Production Pegged Quantity LC",
    "ModuleId": "0f784411-720c-4319-bc9a-c0994d2eb20e"
  },
  {
    "Id": 650100,
    "TenantId": 7496,
    "MemberRelationshipPropertysKey": 1883195,
    "PropertyName": "Realignment % Normalized",
    "PropertyDescription": "Realignment % Normalized",
    "LCID": 1033,
    "Language": null,
    "ToolTip": null,
    "ModuleId": "273029c8-d2db-4c26-91c2-c6ade5ef2bd4"
  },
  {
    "Id": 650101,
    "TenantId": 7496,
    "MemberRelationshipPropertysKey": 1883196,
    "PropertyName": "Realignment %",
    "PropertyDescription": "Realignment %",
    "LCID": 1033,
    "Language": null,
    "ToolTip": null,
    "ModuleId": "273029c8-d2db-4c26-91c2-c6ade5ef2bd4"
  },
  {
    "Id": 650102,
    "TenantId": 7496,
    "MemberRelationshipPropertysKey": 1883197,
    "PropertyName": "Created On",
    "PropertyDescription": "Created On",
    "LCID": 1033,
    "Language": null,
    "ToolTip": null,
    "ModuleId": "273029c8-d2db-4c26-91c2-c6ade5ef2bd4"
  },
  {
    "Id": 650103,
    "TenantId": 7496,
    "MemberRelationshipPropertysKey": 1883200,
    "PropertyName": "Created By",
    "PropertyDescription": "Created By",
    "LCID": 1033,
    "Language": null,
    "ToolTip": null,
    "ModuleId": "273029c8-d2db-4c26-91c2-c6ade5ef2bd4"
  },
  {
    "Id": 650104,
    "TenantId": 7496,
    "MemberRelationshipPropertysKey": 1883202,
    "PropertyName": "Is Active for Batch",
    "PropertyDescription": "Realignment records to be considered as part of Batch",
    "LCID": 1033,
    "Language": null,
    "ToolTip": null,
    "ModuleId": "273029c8-d2db-4c26-91c2-c6ade5ef2bd4"
  },
  {
    "Id": 650105,
    "TenantId": 7496,
    "MemberRelationshipPropertysKey": 1883204,
    "PropertyName": "Flex2 Capacity Pegged Quantity",
    "PropertyDescription": "Flex2 Capacity Pegged Quantity",
    "LCID": 1033,
    "Language": null,
    "ToolTip": null,
    "ModuleId": "0f784411-720c-4319-bc9a-c0994d2eb20e"
  },
  {
    "Id": 650106,
    "TenantId": 7496,
    "MemberRelationshipPropertysKey": 1883205,
    "PropertyName": "Capacity Pegged Quantity",
    "PropertyDescription": "Capacity Pegged Quantity",
    "LCID": 1033,
    "Language": null,
    "ToolTip": null,
    "ModuleId": "0f784411-720c-4319-bc9a-c0994d2eb20e"
  },
  {
    "Id": 650107,
    "TenantId": 7496,
    "MemberRelationshipPropertysKey": 1883206,
    "PropertyName": "Flex1 Capacity Pegged Quantity",
    "PropertyDescription": "Flex1 Capacity Pegged Quantity",
    "LCID": 1033,
    "Language": null,
    "ToolTip": null,
    "ModuleId": "0f784411-720c-4319-bc9a-c0994d2eb20e"
  },
  {
    "Id": 650108,
    "TenantId": 7496,
    "MemberRelationshipPropertysKey": 1883209,
    "PropertyName": "Start Date",
    "PropertyDescription": "Substitute Item Start Date",
    "LCID": 1033,
    "Language": null,
    "ToolTip": null,
    "ModuleId": "0f784411-720c-4319-bc9a-c0994d2eb20e"
  },
  {
    "Id": 650109,
    "TenantId": 7496,
    "MemberRelationshipPropertysKey": 1883210,
    "PropertyName": "Priority",
    "PropertyDescription": "Substitute Item Priority",
    "LCID": 1033,
    "Language": null,
    "ToolTip": null,
    "ModuleId": "0f784411-720c-4319-bc9a-c0994d2eb20e"
  },
  {
    "Id": 650110,
    "TenantId": 7496,
    "MemberRelationshipPropertysKey": 1883211,
    "PropertyName": "End Date",
    "PropertyDescription": "Substitute Item End Date",
    "LCID": 1033,
    "Language": null,
    "ToolTip": null,
    "ModuleId": "0f784411-720c-4319-bc9a-c0994d2eb20e"
  },
  {
    "Id": 650111,
    "TenantId": 7496,
    "MemberRelationshipPropertysKey": 1883212,
    "PropertyName": "Item Depth",
    "PropertyDescription": "Substitute Item Depth",
    "LCID": 1033,
    "Language": null,
    "ToolTip": null,
    "ModuleId": "0f784411-720c-4319-bc9a-c0994d2eb20e"
  },
  {
    "Id": 650112,
    "TenantId": 7496,
    "MemberRelationshipPropertysKey": 1883213,
    "PropertyName": "Consumed Per",
    "PropertyDescription": "Substitute Item Consumed Per",
    "LCID": 1033,
    "Language": null,
    "ToolTip": null,
    "ModuleId": "0f784411-720c-4319-bc9a-c0994d2eb20e"
  },
  {
    "Id": 650113,
    "TenantId": 7496,
    "MemberRelationshipPropertysKey": 1883214,
    "PropertyName": "WIP Sweep Priority",
    "PropertyDescription": "Substitute Item WIP Sweep Priority",
    "LCID": 1033,
    "Language": null,
    "ToolTip": null,
    "ModuleId": "0f784411-720c-4319-bc9a-c0994d2eb20e"
  },
  {
    "Id": 650114,
    "TenantId": 7496,
    "MemberRelationshipPropertysKey": 1883215,
    "PropertyName": "Is Demand Node",
    "PropertyDescription": "Is Demand Node",
    "LCID": 1033,
    "Language": null,
    "ToolTip": null,
    "ModuleId": "0f784411-720c-4319-bc9a-c0994d2eb20e"
  },
  {
    "Id": 650115,
    "TenantId": 7496,
    "MemberRelationshipPropertysKey": 1883216,
    "PropertyName": "Is Alternate within GroupID",
    "PropertyDescription": "Is Alternate within GroupID",
    "LCID": 1033,
    "Language": null,
    "ToolTip": null,
    "ModuleId": "0f784411-720c-4319-bc9a-c0994d2eb20e"
  },
  {
    "Id": 650116,
    "TenantId": 7496,
    "MemberRelationshipPropertysKey": 1883217,
    "PropertyName": "Association",
    "PropertyDescription": "Substitute Item Association",
    "LCID": 1033,
    "Language": null,
    "ToolTip": null,
    "ModuleId": "0f784411-720c-4319-bc9a-c0994d2eb20e"
  },
  {
    "Id": 650117,
    "TenantId": 7496,
    "MemberRelationshipPropertysKey": 1883222,
    "PropertyName": "Storage Capacity Constraint Qty",
    "PropertyDescription": "Stores Additive Storage Capacity Root Cause Qty",
    "LCID": 1033,
    "Language": null,
    "ToolTip": null,
    "ModuleId": "0f784411-720c-4319-bc9a-c0994d2eb20e"
  },
  {
    "Id": 650118,
    "TenantId": 7496,
    "MemberRelationshipPropertysKey": 1883224,
    "PropertyName": "Material Production Quantity",
    "PropertyDescription": "Material Production Pegged Quantity UI",
    "LCID": 1033,
    "Language": null,
    "ToolTip": "Material Production Pegged Quantity UI",
    "ModuleId": "0f784411-720c-4319-bc9a-c0994d2eb20e"
  },
  {
    "Id": 650119,
    "TenantId": 7496,
    "MemberRelationshipPropertysKey": 1883225,
    "PropertyName": "Material Production Change Reason",
    "PropertyDescription": "Material Production Pegged Quantity COC Change Reason",
    "LCID": 1033,
    "Language": null,
    "ToolTip": "Material Production Pegged Quantity COC Change Reason",
    "ModuleId": "0f784411-720c-4319-bc9a-c0994d2eb20e"
  },
  {
    "Id": 650120,
    "TenantId": 7496,
    "MemberRelationshipPropertysKey": 1883226,
    "PropertyName": "COC Material Production Change %",
    "PropertyDescription": "Material Production Pegged Quantity COC%",
    "LCID": 1033,
    "Language": null,
    "ToolTip": "Material Production Pegged Quantity COC%",
    "ModuleId": "0f784411-720c-4319-bc9a-c0994d2eb20e"
  },
  {
    "Id": 650121,
    "TenantId": 7496,
    "MemberRelationshipPropertysKey": 1883233,
    "PropertyName": "Inbound Qty",
    "PropertyDescription": "Pegging report which stores DIST Inbound/Produced Quantity",
    "LCID": 1033,
    "Language": null,
    "ToolTip": null,
    "ModuleId": "0f784411-720c-4319-bc9a-c0994d2eb20e"
  },
  {
    "Id": 650122,
    "TenantId": 7496,
    "MemberRelationshipPropertysKey": 1883278,
    "PropertyName": "Capacity Changed Demands Local",
    "PropertyDescription": "Related Demands for Capacity Change Local",
    "LCID": 1033,
    "Language": null,
    "ToolTip": null,
    "ModuleId": "0f784411-720c-4319-bc9a-c0994d2eb20e"
  },
  {
    "Id": 650123,
    "TenantId": 7496,
    "MemberRelationshipPropertysKey": 1883279,
    "PropertyName": "Capacity Changed Demands Global",
    "PropertyDescription": "Demands for Capacity Changed Global",
    "LCID": 1033,
    "Language": null,
    "ToolTip": null,
    "ModuleId": "0f784411-720c-4319-bc9a-c0994d2eb20e"
  },
  {
    "Id": 650124,
    "TenantId": 7496,
    "MemberRelationshipPropertysKey": 1883294,
    "PropertyName": "Realignment %",
    "PropertyDescription": "Realignment %",
    "LCID": 1033,
    "Language": null,
    "ToolTip": null,
    "ModuleId": "273029c8-d2db-4c26-91c2-c6ade5ef2bd4"
  },
  {
    "Id": 650125,
    "TenantId": 7496,
    "MemberRelationshipPropertysKey": 1883297,
    "PropertyName": "Created By",
    "PropertyDescription": "Created By",
    "LCID": 1033,
    "Language": null,
    "ToolTip": null,
    "ModuleId": "273029c8-d2db-4c26-91c2-c6ade5ef2bd4"
  },
  {
    "Id": 650126,
    "TenantId": 7496,
    "MemberRelationshipPropertysKey": 1883299,
    "PropertyName": "Created On",
    "PropertyDescription": "Created On",
    "LCID": 1033,
    "Language": null,
    "ToolTip": null,
    "ModuleId": "273029c8-d2db-4c26-91c2-c6ade5ef2bd4"
  },
  {
    "Id": 650127,
    "TenantId": 7496,
    "MemberRelationshipPropertysKey": 1883350,
    "PropertyName": "Resource Consumption Quantity LC",
    "PropertyDescription": "Load Plan Resource Consumption Quantity LC",
    "LCID": 1033,
    "Language": null,
    "ToolTip": "Load Plan Resource Consumption Quantity LC",
    "ModuleId": "0f784411-720c-4319-bc9a-c0994d2eb20e"
  },
  {
    "Id": 650128,
    "TenantId": 7496,
    "MemberRelationshipPropertysKey": 1883354,
    "PropertyName": "Inbound Shipment Quantity",
    "PropertyDescription": "Produced Quantity UI",
    "LCID": 1033,
    "Language": null,
    "ToolTip": "Produced Quantity UI",
    "ModuleId": "0f784411-720c-4319-bc9a-c0994d2eb20e"
  },
  {
    "Id": 650129,
    "TenantId": 7496,
    "MemberRelationshipPropertysKey": 1883361,
    "PropertyName": "Outbound Shipment Quantity LC",
    "PropertyDescription": "Consumed Quantity LC",
    "LCID": 1033,
    "Language": null,
    "ToolTip": "Consumed Quantity LC",
    "ModuleId": "0f784411-720c-4319-bc9a-c0994d2eb20e"
  },
  {
    "Id": 650130,
    "TenantId": 7496,
    "MemberRelationshipPropertysKey": 1883363,
    "PropertyName": "COC Outbound Shipment Quantity Change %",
    "PropertyDescription": "Consumed Quantity COC%",
    "LCID": 1033,
    "Language": null,
    "ToolTip": "Consumed Quantity COC%",
    "ModuleId": "0f784411-720c-4319-bc9a-c0994d2eb20e"
  },
  {
    "Id": 650131,
    "TenantId": 7496,
    "MemberRelationshipPropertysKey": 1883364,
    "PropertyName": "Inbound Shipment Quantity LC",
    "PropertyDescription": "Produced Quantity LC",
    "LCID": 1033,
    "Language": null,
    "ToolTip": "Produced Quantity LC",
    "ModuleId": "0f784411-720c-4319-bc9a-c0994d2eb20e"
  },
  {
    "Id": 650132,
    "TenantId": 7496,
    "MemberRelationshipPropertysKey": 1883365,
    "PropertyName": "COC Inbound Shipment Quantity Change %",
    "PropertyDescription": "Produced Quantity COC%",
    "LCID": 1033,
    "Language": null,
    "ToolTip": "Produced Quantity COC%",
    "ModuleId": "0f784411-720c-4319-bc9a-c0994d2eb20e"
  },
  {
    "Id": 650133,
    "TenantId": 7496,
    "MemberRelationshipPropertysKey": 1883366,
    "PropertyName": "Outbound Shipment Quantity",
    "PropertyDescription": "Consumed Quantity UI",
    "LCID": 1033,
    "Language": null,
    "ToolTip": "Consumed Quantity UI",
    "ModuleId": "0f784411-720c-4319-bc9a-c0994d2eb20e"
  },
  {
    "Id": 650134,
    "TenantId": 7496,
    "MemberRelationshipPropertysKey": 1883357,
    "PropertyName": "Material Production Quantity LC",
    "PropertyDescription": "Load Plan Material Production Quantity LC",
    "LCID": 1033,
    "Language": null,
    "ToolTip": "Load Plan Material Production Quantity LC",
    "ModuleId": "0f784411-720c-4319-bc9a-c0994d2eb20e"
  },
  {
    "Id": 650135,
    "TenantId": 7496,
    "MemberRelationshipPropertysKey": 1883379,
    "PropertyName": "Material Production Quantity",
    "PropertyDescription": "Load Plan Material Production Quantity UI",
    "LCID": 1033,
    "Language": null,
    "ToolTip": "Load Plan Material Production Quantity UI",
    "ModuleId": "0f784411-720c-4319-bc9a-c0994d2eb20e"
  },
  {
    "Id": 650136,
    "TenantId": 7496,
    "MemberRelationshipPropertysKey": 1883380,
    "PropertyName": "COC Resource Consumption Change %",
    "PropertyDescription": "Load Plan Resource Consumption Quantity COC%",
    "LCID": 1033,
    "Language": null,
    "ToolTip": "Load Plan Resource Consumption Quantity COC%",
    "ModuleId": "0f784411-720c-4319-bc9a-c0994d2eb20e"
  },
  {
    "Id": 650137,
    "TenantId": 7496,
    "MemberRelationshipPropertysKey": 1883381,
    "PropertyName": "Resource Consumption Quantity",
    "PropertyDescription": "Load Plan Resource Consumption Quantity UI",
    "LCID": 1033,
    "Language": null,
    "ToolTip": "Load Plan Resource Consumption Quantity UI",
    "ModuleId": "0f784411-720c-4319-bc9a-c0994d2eb20e"
  },
  {
    "Id": 650138,
    "TenantId": 7496,
    "MemberRelationshipPropertysKey": 1883382,
    "PropertyName": "Load Plan Change Reason",
    "PropertyDescription": "Load Plan Change Reason",
    "LCID": 1033,
    "Language": null,
    "ToolTip": "Load Plan Change Reason",
    "ModuleId": "0f784411-720c-4319-bc9a-c0994d2eb20e"
  },
  {
    "Id": 650139,
    "TenantId": 7496,
    "MemberRelationshipPropertysKey": 1883383,
    "PropertyName": "COC Material Production Change %",
    "PropertyDescription": "Load Plan Material Production Quantity COC%",
    "LCID": 1033,
    "Language": null,
    "ToolTip": "Load Plan Material Production Quantity COC%",
    "ModuleId": "0f784411-720c-4319-bc9a-c0994d2eb20e"
  },
  {
    "Id": 650140,
    "TenantId": 7496,
    "MemberRelationshipPropertysKey": 1883406,
    "PropertyName": "Material Production Quantity",
    "PropertyDescription": "Producer To Producer To Pegged Quantity UI",
    "LCID": 1033,
    "Language": null,
    "ToolTip": "Producer To Producer To Pegged Quantity UI",
    "ModuleId": "0f784411-720c-4319-bc9a-c0994d2eb20e"
  },
  {
    "Id": 650141,
    "TenantId": 7496,
    "MemberRelationshipPropertysKey": 1883409,
    "PropertyName": "Material Production Quantity LC",
    "PropertyDescription": "Producer To Producer To Pegged Quantity LC",
    "LCID": 1033,
    "Language": null,
    "ToolTip": "Producer To Producer To Pegged Quantity LC",
    "ModuleId": "0f784411-720c-4319-bc9a-c0994d2eb20e"
  },
  {
    "Id": 650142,
    "TenantId": 7496,
    "MemberRelationshipPropertysKey": 1883412,
    "PropertyName": "COC Upstream Material Production Quantity Change%",
    "PropertyDescription": "Producer To Producer From Pegged Quantity COC%",
    "LCID": 1033,
    "Language": null,
    "ToolTip": "Producer To Producer From Pegged Quantity COC%",
    "ModuleId": "0f784411-720c-4319-bc9a-c0994d2eb20e"
  },
  {
    "Id": 650143,
    "TenantId": 7496,
    "MemberRelationshipPropertysKey": 1883414,
    "PropertyName": "COC Material Production Quantity Change%",
    "PropertyDescription": "Producer To Producer To Pegged Quantity COC%",
    "LCID": 1033,
    "Language": null,
    "ToolTip": "Producer To Producer To Pegged Quantity COC%",
    "ModuleId": "0f784411-720c-4319-bc9a-c0994d2eb20e"
  },
  {
    "Id": 650144,
    "TenantId": 7496,
    "MemberRelationshipPropertysKey": 1883416,
    "PropertyName": "Upstream Material Production Quantity LC",
    "PropertyDescription": "Producer To Producer From Pegged Quantity LC",
    "LCID": 1033,
    "Language": null,
    "ToolTip": "Producer To Producer From Pegged Quantity LC",
    "ModuleId": "0f784411-720c-4319-bc9a-c0994d2eb20e"
  },
  {
    "Id": 650145,
    "TenantId": 7496,
    "MemberRelationshipPropertysKey": 1883419,
    "PropertyName": "Upstream Material Production Quantity",
    "PropertyDescription": "Producer To Producer From Pegged Quantity UI",
    "LCID": 1033,
    "Language": null,
    "ToolTip": "Producer To Producer From Pegged Quantity UI",
    "ModuleId": "0f784411-720c-4319-bc9a-c0994d2eb20e"
  },
  {
    "Id": 650146,
    "TenantId": 7496,
    "MemberRelationshipPropertysKey": 1883429,
    "PropertyName": "Material Production Pegged Quantity",
    "PropertyDescription": "Material Production Pegged Quantity",
    "LCID": 1033,
    "Language": null,
    "ToolTip": null,
    "ModuleId": "0f784411-720c-4319-bc9a-c0994d2eb20e"
  },
  {
    "Id": 650147,
    "TenantId": 7496,
    "MemberRelationshipPropertysKey": 1883433,
    "PropertyName": "COC Material RCA Change %",
    "PropertyDescription": "Cycle on Cycle Material RCA Change %",
    "LCID": 1033,
    "Language": null,
    "ToolTip": "Cycle on Cycle Material RCA Change %",
    "ModuleId": "0f784411-720c-4319-bc9a-c0994d2eb20e"
  },
  {
    "Id": 650148,
    "TenantId": 7496,
    "MemberRelationshipPropertysKey": 1883434,
    "PropertyName": "Material Constraint Quantity",
    "PropertyDescription": "Copy of solver output material RCA",
    "LCID": 1033,
    "Language": null,
    "ToolTip": null,
    "ModuleId": "0f784411-720c-4319-bc9a-c0994d2eb20e"
  },
  {
    "Id": 650149,
    "TenantId": 7496,
    "MemberRelationshipPropertysKey": 1883435,
    "PropertyName": "RM Planner Flag",
    "PropertyDescription": "Planner assigned material constraints Raw materials",
    "LCID": 1033,
    "Language": null,
    "ToolTip": null,
    "ModuleId": "0f784411-720c-4319-bc9a-c0994d2eb20e"
  },
  {
    "Id": 650150,
    "TenantId": 7496,
    "MemberRelationshipPropertysKey": 1883436,
    "PropertyName": "Material Constraint Quantity Baseline",
    "PropertyDescription": "Material Root Cause Quantity Baseline",
    "LCID": 1033,
    "Language": null,
    "ToolTip": "Material Root Cause Quantity Baseline",
    "ModuleId": "0f784411-720c-4319-bc9a-c0994d2eb20e"
  },
  {
    "Id": 650151,
    "TenantId": 7496,
    "MemberRelationshipPropertysKey": 1883441,
    "PropertyName": "Factory Planner Flag",
    "PropertyDescription": "Planner assigned material constraints at Plant",
    "LCID": 1033,
    "Language": null,
    "ToolTip": null,
    "ModuleId": "0f784411-720c-4319-bc9a-c0994d2eb20e"
  },
  {
    "Id": 650152,
    "TenantId": 7496,
    "MemberRelationshipPropertysKey": 1883442,
    "PropertyName": "Material Constraint Quantity LC",
    "PropertyDescription": "Last cycle Material RCA value",
    "LCID": 1033,
    "Language": null,
    "ToolTip": null,
    "ModuleId": "0f784411-720c-4319-bc9a-c0994d2eb20e"
  },
  {
    "Id": 650153,
    "TenantId": 7496,
    "MemberRelationshipPropertysKey": 1883444,
    "PropertyName": "Distribution Planner Flag",
    "PropertyDescription": "Material constraints at DC",
    "LCID": 1033,
    "Language": null,
    "ToolTip": null,
    "ModuleId": "0f784411-720c-4319-bc9a-c0994d2eb20e"
  },
  {
    "Id": 650154,
    "TenantId": 7496,
    "MemberRelationshipPropertysKey": 1883461,
    "PropertyName": "Distribution Planner",
    "PropertyDescription": "Distribution Capacity constraint.",
    "LCID": 1033,
    "Language": null,
    "ToolTip": "Distribution Capacity constraint.",
    "ModuleId": "0f784411-720c-4319-bc9a-c0994d2eb20e"
  },
  {
    "Id": 650155,
    "TenantId": 7496,
    "MemberRelationshipPropertysKey": 1883462,
    "PropertyName": "D capacity Root Cause LC",
    "PropertyDescription": "D capacity Root Cause LC",
    "LCID": 1033,
    "Language": null,
    "ToolTip": null,
    "ModuleId": "0f784411-720c-4319-bc9a-c0994d2eb20e"
  },
  {
    "Id": 650156,
    "TenantId": 7496,
    "MemberRelationshipPropertysKey": 1883463,
    "PropertyName": "Capacity Constraint Baseline",
    "PropertyDescription": "Capacity Root Cause Quantity Baseline",
    "LCID": 1033,
    "Language": null,
    "ToolTip": "Capacity Root Cause Quantity Baseline",
    "ModuleId": "0f784411-720c-4319-bc9a-c0994d2eb20e"
  },
  {
    "Id": 650157,
    "TenantId": 7496,
    "MemberRelationshipPropertysKey": 1883464,
    "PropertyName": "COC Capacity Constraint Change %",
    "PropertyDescription": "Cycle on Cycle capacity RCA Change %",
    "LCID": 1033,
    "Language": null,
    "ToolTip": "Cycle on Cycle capacity RCA Change %",
    "ModuleId": "0f784411-720c-4319-bc9a-c0994d2eb20e"
  },
  {
    "Id": 650158,
    "TenantId": 7496,
    "MemberRelationshipPropertysKey": 1883465,
    "PropertyName": "Capacity Demand Late Short Quantity",
    "PropertyDescription": "Stores Demand Late Short Qty for comparison with constraint qty(Aggregation:Max)",
    "LCID": 1033,
    "Language": null,
    "ToolTip": "Stores Demand Late Short Qty for comparison with constraint qty(Aggregation:Max)",
    "ModuleId": "0f784411-720c-4319-bc9a-c0994d2eb20e"
  },
  {
    "Id": 650159,
    "TenantId": 7496,
    "MemberRelationshipPropertysKey": 1883466,
    "PropertyName": "Factory Planner",
    "PropertyDescription": "Manufacturing Capacity constraint.",
    "LCID": 1033,
    "Language": null,
    "ToolTip": "Manufacturing Capacity constraint.",
    "ModuleId": "0f784411-720c-4319-bc9a-c0994d2eb20e"
  },
  {
    "Id": 650160,
    "TenantId": 7496,
    "MemberRelationshipPropertysKey": 1883467,
    "PropertyName": "Capacity Constraint",
    "PropertyDescription": "Copy of solver output capacity RCA",
    "LCID": 1033,
    "Language": null,
    "ToolTip": "Copy of solver output capacity RCA",
    "ModuleId": "0f784411-720c-4319-bc9a-c0994d2eb20e"
  },
  {
    "Id": 650161,
    "TenantId": 7496,
    "MemberRelationshipPropertysKey": 1883468,
    "PropertyName": "RM Planner",
    "PropertyDescription": "Procurement Capacity constraint.",
    "LCID": 1033,
    "Language": null,
    "ToolTip": "Procurement Capacity constraint.",
    "ModuleId": "0f784411-720c-4319-bc9a-c0994d2eb20e"
  },
  {
    "Id": 650162,
    "TenantId": 7496,
    "MemberRelationshipPropertysKey": 1883471,
    "PropertyName": "Upstream Network Lead Time",
    "PropertyDescription": "Upstream Network Lead Time",
    "LCID": 1033,
    "Language": null,
    "ToolTip": null,
    "ModuleId": "0f784411-720c-4319-bc9a-c0994d2eb20e"
  },
  {
    "Id": 650163,
    "TenantId": 7496,
    "MemberRelationshipPropertysKey": 1883486,
    "PropertyName": "Upstream Network Association",
    "PropertyDescription": "Association with the upstream node.",
    "LCID": 1033,
    "Language": null,
    "ToolTip": "Association with the upstream node.",
    "ModuleId": "0f784411-720c-4319-bc9a-c0994d2eb20e"
  },
  {
    "Id": 650164,
    "TenantId": 7496,
    "MemberRelationshipPropertysKey": 1883490,
    "PropertyName": "Is Alternate Within Group",
    "PropertyDescription": "Is Alternate Within Group",
    "LCID": 1033,
    "Language": null,
    "ToolTip": null,
    "ModuleId": "0f784411-720c-4319-bc9a-c0994d2eb20e"
  },
  {
    "Id": 650165,
    "TenantId": 7496,
    "MemberRelationshipPropertysKey": 1883492,
    "PropertyName": "Priority",
    "PropertyDescription": "Priority",
    "LCID": 1033,
    "Language": null,
    "ToolTip": null,
    "ModuleId": "0f784411-720c-4319-bc9a-c0994d2eb20e"
  },
  {
    "Id": 650166,
    "TenantId": 7496,
    "MemberRelationshipPropertysKey": 1883493,
    "PropertyName": "Substitute Item Association",
    "PropertyDescription": "Substitute Item Association",
    "LCID": 1033,
    "Language": null,
    "ToolTip": null,
    "ModuleId": "0f784411-720c-4319-bc9a-c0994d2eb20e"
  },
  {
    "Id": 650167,
    "TenantId": 7496,
    "MemberRelationshipPropertysKey": 1883497,
    "PropertyName": "Outbound Shipment LC",
    "PropertyDescription": "Consumed Quantity LC",
    "LCID": 1033,
    "Language": null,
    "ToolTip": "Consumed Quantity LC",
    "ModuleId": "0f784411-720c-4319-bc9a-c0994d2eb20e"
  },
  {
    "Id": 650168,
    "TenantId": 7496,
    "MemberRelationshipPropertysKey": 1883498,
    "PropertyName": "End Date",
    "PropertyDescription": "End Date",
    "LCID": 1033,
    "Language": null,
    "ToolTip": null,
    "ModuleId": "0f784411-720c-4319-bc9a-c0994d2eb20e"
  },
  {
    "Id": 650169,
    "TenantId": 7496,
    "MemberRelationshipPropertysKey": 1883500,
    "PropertyName": "Capacity Constraint Quantity LC",
    "PropertyDescription": "Last cycle capacity RCA value",
    "LCID": 1033,
    "Language": null,
    "ToolTip": null,
    "ModuleId": "0f784411-720c-4319-bc9a-c0994d2eb20e"
  },
  {
    "Id": 650170,
    "TenantId": 7496,
    "MemberRelationshipPropertysKey": 1883503,
    "PropertyName": "Inbound Shipment",
    "PropertyDescription": "Produced Quantity UI",
    "LCID": 1033,
    "Language": null,
    "ToolTip": "Produced Quantity UI",
    "ModuleId": "0f784411-720c-4319-bc9a-c0994d2eb20e"
  },
  {
    "Id": 650171,
    "TenantId": 7496,
    "MemberRelationshipPropertysKey": 1883505,
    "PropertyName": "Start Date",
    "PropertyDescription": "Start Date",
    "LCID": 1033,
    "Language": null,
    "ToolTip": null,
    "ModuleId": "0f784411-720c-4319-bc9a-c0994d2eb20e"
  },
  {
    "Id": 650172,
    "TenantId": 7496,
    "MemberRelationshipPropertysKey": 1883507,
    "PropertyName": "RM Planner Flag",
    "PropertyDescription": "Planner assigned capacity constraints flag",
    "LCID": 1033,
    "Language": null,
    "ToolTip": null,
    "ModuleId": "0f784411-720c-4319-bc9a-c0994d2eb20e"
  },
  {
    "Id": 650173,
    "TenantId": 7496,
    "MemberRelationshipPropertysKey": 1883509,
    "PropertyName": "COC Inbound Shipment Change %",
    "PropertyDescription": "Produced Quantity COC%",
    "LCID": 1033,
    "Language": null,
    "ToolTip": "Produced Quantity COC%",
    "ModuleId": "0f784411-720c-4319-bc9a-c0994d2eb20e"
  },
  {
    "Id": 650174,
    "TenantId": 7496,
    "MemberRelationshipPropertysKey": 1883512,
    "PropertyName": "WIP Sweep Depth",
    "PropertyDescription": "WIP Sweep Depth",
    "LCID": 1033,
    "Language": null,
    "ToolTip": null,
    "ModuleId": "0f784411-720c-4319-bc9a-c0994d2eb20e"
  },
  {
    "Id": 650175,
    "TenantId": 7496,
    "MemberRelationshipPropertysKey": 1883513,
    "PropertyName": "Factory Planner Flag",
    "PropertyDescription": "Planner assigned capacity constraints at plant",
    "LCID": 1033,
    "Language": null,
    "ToolTip": null,
    "ModuleId": "0f784411-720c-4319-bc9a-c0994d2eb20e"
  },
  {
    "Id": 650176,
    "TenantId": 7496,
    "MemberRelationshipPropertysKey": 1883515,
    "PropertyName": "Inbound Shipment LC",
    "PropertyDescription": "Produced Quantity LC",
    "LCID": 1033,
    "Language": null,
    "ToolTip": "Produced Quantity LC",
    "ModuleId": "0f784411-720c-4319-bc9a-c0994d2eb20e"
  },
  {
    "Id": 650177,
    "TenantId": 7496,
    "MemberRelationshipPropertysKey": 1883516,
    "PropertyName": "Is Demand Node",
    "PropertyDescription": "Is Demand Node",
    "LCID": 1033,
    "Language": null,
    "ToolTip": null,
    "ModuleId": "0f784411-720c-4319-bc9a-c0994d2eb20e"
  },
  {
    "Id": 650178,
    "TenantId": 7496,
    "MemberRelationshipPropertysKey": 1883518,
    "PropertyName": "COC Capacity RCA Change %",
    "PropertyDescription": "Cycle on Cycle capacity RCA Change %",
    "LCID": 1033,
    "Language": null,
    "ToolTip": "Cycle on Cycle capacity RCA Change %",
    "ModuleId": "0f784411-720c-4319-bc9a-c0994d2eb20e"
  },
  {
    "Id": 650179,
    "TenantId": 7496,
    "MemberRelationshipPropertysKey": 1883520,
    "PropertyName": "COC Outbound Shipment Change %",
    "PropertyDescription": "Consumed Quantity COC%",
    "LCID": 1033,
    "Language": null,
    "ToolTip": "Consumed Quantity COC%",
    "ModuleId": "0f784411-720c-4319-bc9a-c0994d2eb20e"
  },
  {
    "Id": 650180,
    "TenantId": 7496,
    "MemberRelationshipPropertysKey": 1883521,
    "PropertyName": "WIP Sweep Priority",
    "PropertyDescription": "WIP Sweep Priority",
    "LCID": 1033,
    "Language": null,
    "ToolTip": null,
    "ModuleId": "0f784411-720c-4319-bc9a-c0994d2eb20e"
  },
  {
    "Id": 650181,
    "TenantId": 7496,
    "MemberRelationshipPropertysKey": 1883523,
    "PropertyName": "Distribution Planner Flag",
    "PropertyDescription": "Planner assigned capacity constrained flag",
    "LCID": 1033,
    "Language": null,
    "ToolTip": null,
    "ModuleId": "0f784411-720c-4319-bc9a-c0994d2eb20e"
  },
  {
    "Id": 650182,
    "TenantId": 7496,
    "MemberRelationshipPropertysKey": 1883524,
    "PropertyName": "Outbound Shipment",
    "PropertyDescription": "Consumed Quantity UI",
    "LCID": 1033,
    "Language": null,
    "ToolTip": "Consumed Quantity UI",
    "ModuleId": "0f784411-720c-4319-bc9a-c0994d2eb20e"
  },
  {
    "Id": 650183,
    "TenantId": 7496,
    "MemberRelationshipPropertysKey": 1883525,
    "PropertyName": "Substitute Item Consumed Per",
    "PropertyDescription": "Substitute Item Consumed Per",
    "LCID": 1033,
    "Language": null,
    "ToolTip": null,
    "ModuleId": "0f784411-720c-4319-bc9a-c0994d2eb20e"
  },
  {
    "Id": 650184,
    "TenantId": 7496,
    "MemberRelationshipPropertysKey": 1883531,
    "PropertyName": "Capacity Constraint Quantity Baseline",
    "PropertyDescription": "Capacity Root Cause Quantity Baseline",
    "LCID": 1033,
    "Language": null,
    "ToolTip": null,
    "ModuleId": "0f784411-720c-4319-bc9a-c0994d2eb20e"
  },
  {
    "Id": 650185,
    "TenantId": 7496,
    "MemberRelationshipPropertysKey": 1883533,
    "PropertyName": "Dmd Pegged Qty Detail Item",
    "PropertyDescription": "Demand Pegged Quantity Detail Item: Demand pegging at detail level, generated by disaggregating Demand Pegged Quantity Header Item.",
    "LCID": 1033,
    "Language": null,
    "ToolTip": "Demand Pegged Quantity Detail Item: Demand pegging at detail level, generated by disaggregating Demand Pegged Quantity Header Item.",
    "ModuleId": "5fb00a3a-3d20-4d2b-b866-61ef1c0c40b2"
  },
  {
    "Id": 650186,
    "TenantId": 7496,
    "MemberRelationshipPropertysKey": 1883535,
    "PropertyName": "Capacity Constraint Quantity",
    "PropertyDescription": "Copy of solver output capacity RCA",
    "LCID": 1033,
    "Language": null,
    "ToolTip": null,
    "ModuleId": "0f784411-720c-4319-bc9a-c0994d2eb20e"
  },
  {
    "Id": 650187,
    "TenantId": 7496,
    "MemberRelationshipPropertysKey": 1883547,
    "PropertyName": "Shipment Plan",
    "PropertyDescription": "Pegging report which stores DIST Outbound/Consumed Quantity",
    "LCID": 1033,
    "Language": null,
    "ToolTip": null,
    "ModuleId": "0f784411-720c-4319-bc9a-c0994d2eb20e"
  },
  {
    "Id": 650188,
    "TenantId": 7496,
    "MemberRelationshipPropertysKey": 1883548,
    "PropertyName": "End Date",
    "PropertyDescription": "End Date",
    "LCID": 1033,
    "Language": null,
    "ToolTip": null,
    "ModuleId": "0f784411-720c-4319-bc9a-c0994d2eb20e"
  },
  {
    "Id": 650189,
    "TenantId": 7496,
    "MemberRelationshipPropertysKey": 1883549,
    "PropertyName": "Priority",
    "PropertyDescription": "Priority",
    "LCID": 1033,
    "Language": null,
    "ToolTip": null,
    "ModuleId": "0f784411-720c-4319-bc9a-c0994d2eb20e"
  },
  {
    "Id": 650190,
    "TenantId": 7496,
    "MemberRelationshipPropertysKey": 1883550,
    "PropertyName": "WIP Sweep Depth",
    "PropertyDescription": "WIP Sweep Depth",
    "LCID": 1033,
    "Language": null,
    "ToolTip": null,
    "ModuleId": "0f784411-720c-4319-bc9a-c0994d2eb20e"
  },
  {
    "Id": 650191,
    "TenantId": 7496,
    "MemberRelationshipPropertysKey": 1883551,
    "PropertyName": "Is Demand Node",
    "PropertyDescription": "Is Demand Node",
    "LCID": 1033,
    "Language": null,
    "ToolTip": null,
    "ModuleId": "0f784411-720c-4319-bc9a-c0994d2eb20e"
  },
  {
    "Id": 650192,
    "TenantId": 7496,
    "MemberRelationshipPropertysKey": 1883552,
    "PropertyName": "Substitute Item Association",
    "PropertyDescription": "Substitute Item Association",
    "LCID": 1033,
    "Language": null,
    "ToolTip": null,
    "ModuleId": "0f784411-720c-4319-bc9a-c0994d2eb20e"
  },
  {
    "Id": 650193,
    "TenantId": 7496,
    "MemberRelationshipPropertysKey": 1883553,
    "PropertyName": "Start Date",
    "PropertyDescription": "Start Date",
    "LCID": 1033,
    "Language": null,
    "ToolTip": null,
    "ModuleId": "0f784411-720c-4319-bc9a-c0994d2eb20e"
  },
  {
    "Id": 650194,
    "TenantId": 7496,
    "MemberRelationshipPropertysKey": 1883554,
    "PropertyName": "Substitute Item Consumed Per",
    "PropertyDescription": "Substitute Item Consumed Per",
    "LCID": 1033,
    "Language": null,
    "ToolTip": null,
    "ModuleId": "0f784411-720c-4319-bc9a-c0994d2eb20e"
  },
  {
    "Id": 650195,
    "TenantId": 7496,
    "MemberRelationshipPropertysKey": 1883555,
    "PropertyName": "Material Production Quantity LC",
    "PropertyDescription": "Producer To Producer To Pegged Quantity LC",
    "LCID": 1033,
    "Language": null,
    "ToolTip": "Producer To Producer To Pegged Quantity LC",
    "ModuleId": "0f784411-720c-4319-bc9a-c0994d2eb20e"
  },
  {
    "Id": 650196,
    "TenantId": 7496,
    "MemberRelationshipPropertysKey": 1883556,
    "PropertyName": "COC Material Production Change%",
    "PropertyDescription": "Producer To Producer To Pegged Quantity COC%",
    "LCID": 1033,
    "Language": null,
    "ToolTip": "Producer To Producer To Pegged Quantity COC%",
    "ModuleId": "0f784411-720c-4319-bc9a-c0994d2eb20e"
  },
  {
    "Id": 650197,
    "TenantId": 7496,
    "MemberRelationshipPropertysKey": 1883557,
    "PropertyName": "Intermediate Pegging Change Reason",
    "PropertyDescription": "Intermediate Pegging Change Reason",
    "LCID": 1033,
    "Language": null,
    "ToolTip": "Intermediate Pegging Change Reason",
    "ModuleId": "0f784411-720c-4319-bc9a-c0994d2eb20e"
  },
  {
    "Id": 650198,
    "TenantId": 7496,
    "MemberRelationshipPropertysKey": 1883558,
    "PropertyName": "Upstream Material Production LC",
    "PropertyDescription": "Producer To Producer From Pegged Quantity LC",
    "LCID": 1033,
    "Language": null,
    "ToolTip": "Producer To Producer From Pegged Quantity LC",
    "ModuleId": "0f784411-720c-4319-bc9a-c0994d2eb20e"
  },
  {
    "Id": 650199,
    "TenantId": 7496,
    "MemberRelationshipPropertysKey": 1883571,
    "PropertyName": "Upstream Material Production Quantity",
    "PropertyDescription": "Producer To Producer From Pegged Quantity UI",
    "LCID": 1033,
    "Language": null,
    "ToolTip": "Producer To Producer From Pegged Quantity UI",
    "ModuleId": "0f784411-720c-4319-bc9a-c0994d2eb20e"
  },
  {
    "Id": 650200,
    "TenantId": 7496,
    "MemberRelationshipPropertysKey": 1883572,
    "PropertyName": "Material Production Quantity",
    "PropertyDescription": "Producer To Producer To Pegged Quantity UI",
    "LCID": 1033,
    "Language": null,
    "ToolTip": "Producer To Producer To Pegged Quantity UI",
    "ModuleId": "0f784411-720c-4319-bc9a-c0994d2eb20e"
  },
  {
    "Id": 650201,
    "TenantId": 7496,
    "MemberRelationshipPropertysKey": 1883573,
    "PropertyName": "COC Upstream Material Production Change%",
    "PropertyDescription": "Producer To Producer From Pegged Quantity COC%",
    "LCID": 1033,
    "Language": null,
    "ToolTip": "Producer To Producer From Pegged Quantity COC%",
    "ModuleId": "0f784411-720c-4319-bc9a-c0994d2eb20e"
  },
  {
    "Id": 650202,
    "TenantId": 7496,
    "MemberRelationshipPropertysKey": 1883574,
    "PropertyName": "Is Alternate Within Group",
    "PropertyDescription": "Is Alternate Within Group",
    "LCID": 1033,
    "Language": null,
    "ToolTip": null,
    "ModuleId": "0f784411-720c-4319-bc9a-c0994d2eb20e"
  },
  {
    "Id": 650203,
    "TenantId": 7496,
    "MemberRelationshipPropertysKey": 1883575,
    "PropertyName": "WIP Sweep Priority",
    "PropertyDescription": "WIP Sweep Priority",
    "LCID": 1033,
    "Language": null,
    "ToolTip": null,
    "ModuleId": "0f784411-720c-4319-bc9a-c0994d2eb20e"
  },
  {
    "Id": 650204,
    "TenantId": 7496,
    "MemberRelationshipPropertysKey": 1883578,
    "PropertyName": "Upstream Network Resource Lead Time",
    "PropertyDescription": "Upstream Network Resource Lead Time",
    "LCID": 1033,
    "Language": null,
    "ToolTip": "Upstream Network Resource Lead Time",
    "ModuleId": "0f784411-720c-4319-bc9a-c0994d2eb20e"
  },
  {
    "Id": 650205,
    "TenantId": 7496,
    "MemberRelationshipPropertysKey": 1883579,
    "PropertyName": "Upstream Network Resource Cum Yield",
    "PropertyDescription": "Upstream Network Resource Cum Yield",
    "LCID": 1033,
    "Language": null,
    "ToolTip": "Upstream Network Resource Cum Yield",
    "ModuleId": "0f784411-720c-4319-bc9a-c0994d2eb20e"
  },
  {
    "Id": 650206,
    "TenantId": 7496,
    "MemberRelationshipPropertysKey": 1883580,
    "PropertyName": "Upstream Network Resource Primary Path Flag",
    "PropertyDescription": "Upstream Network Resource Primary Path Flag",
    "LCID": 1033,
    "Language": null,
    "ToolTip": "Upstream Network Resource Primary Path Flag",
    "ModuleId": "0f784411-720c-4319-bc9a-c0994d2eb20e"
  },
  {
    "Id": 650207,
    "TenantId": 7496,
    "MemberRelationshipPropertysKey": 1883592,
    "PropertyName": "SS Material Constraint Quantity",
    "PropertyDescription": "SS Material Constraint Quantity",
    "LCID": 1033,
    "Language": null,
    "ToolTip": null,
    "ModuleId": "0f784411-720c-4319-bc9a-c0994d2eb20e"
  },
  {
    "Id": 650208,
    "TenantId": 7496,
    "MemberRelationshipPropertysKey": 1883604,
    "PropertyName": "COC Material Production Pegged Quantity Change %",
    "PropertyDescription": "Material Production Pegged Quantity COC%",
    "LCID": 1033,
    "Language": null,
    "ToolTip": "Material Production Pegged Quantity COC%",
    "ModuleId": "0f784411-720c-4319-bc9a-c0994d2eb20e"
  },
  {
    "Id": 650209,
    "TenantId": 7496,
    "MemberRelationshipPropertysKey": 1883606,
    "PropertyName": "Material Production Pegged Quantity LC",
    "PropertyDescription": "Material Production Pegged Quantity LC",
    "LCID": 1033,
    "Language": null,
    "ToolTip": "Material Production Pegged Quantity LC",
    "ModuleId": "0f784411-720c-4319-bc9a-c0994d2eb20e"
  },
  {
    "Id": 650210,
    "TenantId": 7496,
    "MemberRelationshipPropertysKey": 1883607,
    "PropertyName": "Material Production Pegged Quantity",
    "PropertyDescription": "Material Production Pegged Quantity UI",
    "LCID": 1033,
    "Language": null,
    "ToolTip": "Material Production Pegged Quantity UI",
    "ModuleId": "0f784411-720c-4319-bc9a-c0994d2eb20e"
  },
  {
    "Id": 650211,
    "TenantId": 7496,
    "MemberRelationshipPropertysKey": 1883608,
    "PropertyName": "Material Constraint",
    "PropertyDescription": "Copy of solver output material RCA",
    "LCID": 1033,
    "Language": null,
    "ToolTip": "Copy of solver output material RCA",
    "ModuleId": "0f784411-720c-4319-bc9a-c0994d2eb20e"
  },
  {
    "Id": 650212,
    "TenantId": 7496,
    "MemberRelationshipPropertysKey": 1883609,
    "PropertyName": "COC Material Constraint Change %",
    "PropertyDescription": "Cycle on Cycle Material RCA Change %",
    "LCID": 1033,
    "Language": null,
    "ToolTip": "Cycle on Cycle Material RCA Change %",
    "ModuleId": "0f784411-720c-4319-bc9a-c0994d2eb20e"
  },
  {
    "Id": 650213,
    "TenantId": 7496,
    "MemberRelationshipPropertysKey": 1883610,
    "PropertyName": "Factory Planner Flag",
    "PropertyDescription": "FG/SA Material constraints at plant.",
    "LCID": 1033,
    "Language": null,
    "ToolTip": null,
    "ModuleId": "0f784411-720c-4319-bc9a-c0994d2eb20e"
  },
  {
    "Id": 650214,
    "TenantId": 7496,
    "MemberRelationshipPropertysKey": 1883614,
    "PropertyName": "Material Demand Late Short Quantity",
    "PropertyDescription": "Stores Demand Late Short Qty for comparison with constraint Quantity(Aggreagation:Max)",
    "LCID": 1033,
    "Language": null,
    "ToolTip": "Stores Demand Late Short Qty for comparison with constraint Quantity(Aggreagation:Max)",
    "ModuleId": "0f784411-720c-4319-bc9a-c0994d2eb20e"
  },
  {
    "Id": 650215,
    "TenantId": 7496,
    "MemberRelationshipPropertysKey": 1883615,
    "PropertyName": "RM Planner Flag",
    "PropertyDescription": "Planner assigned material constraints Raw materials",
    "LCID": 1033,
    "Language": null,
    "ToolTip": null,
    "ModuleId": "0f784411-720c-4319-bc9a-c0994d2eb20e"
  },
  {
    "Id": 650216,
    "TenantId": 7496,
    "MemberRelationshipPropertysKey": 1883616,
    "PropertyName": "Material Constraint Baseline",
    "PropertyDescription": "Material Root Cause Quantity Baseline",
    "LCID": 1033,
    "Language": null,
    "ToolTip": "Material Root Cause Quantity Baseline",
    "ModuleId": "0f784411-720c-4319-bc9a-c0994d2eb20e"
  },
  {
    "Id": 650217,
    "TenantId": 7496,
    "MemberRelationshipPropertysKey": 1883618,
    "PropertyName": "Distribution Planner Flag",
    "PropertyDescription": "Material constraints at DC.",
    "LCID": 1033,
    "Language": null,
    "ToolTip": null,
    "ModuleId": "0f784411-720c-4319-bc9a-c0994d2eb20e"
  },
  {
    "Id": 650218,
    "TenantId": 7496,
    "MemberRelationshipPropertysKey": 1883632,
    "PropertyName": "Constraint Quantity",
    "PropertyDescription": "Constraint Quantity",
    "LCID": 1033,
    "Language": null,
    "ToolTip": null,
    "ModuleId": "0f784411-720c-4319-bc9a-c0994d2eb20e"
  },
  {
    "Id": 650219,
    "TenantId": 7496,
    "MemberRelationshipPropertysKey": 1883647,
    "PropertyName": "Material Production Pegged Qty",
    "PropertyDescription": "Material Production Pegged Qty",
    "LCID": 1033,
    "Language": null,
    "ToolTip": null,
    "ModuleId": "0f784411-720c-4319-bc9a-c0994d2eb20e"
  },
  {
    "Id": 650220,
    "TenantId": 7496,
    "MemberRelationshipPropertysKey": 1883648,
    "PropertyName": "Transaction has changed post plan run",
    "PropertyDescription": "Transaction has changed post plan run",
    "LCID": 1033,
    "Language": null,
    "ToolTip": null,
    "ModuleId": "0f784411-720c-4319-bc9a-c0994d2eb20e"
  },
  {
    "Id": 650221,
    "TenantId": 7496,
    "MemberRelationshipPropertysKey": 1883650,
    "PropertyName": "Material Production Pegged Qty",
    "PropertyDescription": "Solver output which stores material received/produced to a node",
    "LCID": 1033,
    "Language": null,
    "ToolTip": null,
    "ModuleId": "0f784411-720c-4319-bc9a-c0994d2eb20e"
  },
  {
    "Id": 650222,
    "TenantId": 7496,
    "MemberRelationshipPropertysKey": 1883664,
    "PropertyName": "Material Root Cause Quantity",
    "PropertyDescription": "Material Root Cause Quantity",
    "LCID": 1033,
    "Language": null,
    "ToolTip": null,
    "ModuleId": "0f784411-720c-4319-bc9a-c0994d2eb20e"
  },
  {
    "Id": 650223,
    "TenantId": 7496,
    "MemberRelationshipPropertysKey": 1883672,
    "PropertyName": "Late Short Demand Qty",
    "PropertyDescription": "Total Late and Short Qty",
    "LCID": 1033,
    "Language": null,
    "ToolTip": "",
    "ModuleId": "0f784411-720c-4319-bc9a-c0994d2eb20e"
  },
  {
    "Id": 650224,
    "TenantId": 7496,
    "MemberRelationshipPropertysKey": 1883673,
    "PropertyName": "Material Root Cause Qty",
    "PropertyDescription": "Material Root Cause Quantity",
    "LCID": 1033,
    "Language": null,
    "ToolTip": "",
    "ModuleId": "0f784411-720c-4319-bc9a-c0994d2eb20e"
  },
  {
    "Id": 650225,
    "TenantId": 7496,
    "MemberRelationshipPropertysKey": 1883674,
    "PropertyName": "Late Short Demand Value",
    "PropertyDescription": "Value of the late and short demands",
    "LCID": 1033,
    "Language": null,
    "ToolTip": "",
    "ModuleId": "0f784411-720c-4319-bc9a-c0994d2eb20e"
  },
  {
    "Id": 650226,
    "TenantId": 7496,
    "MemberRelationshipPropertysKey": 1883675,
    "PropertyName": "Demand Qty Impacted",
    "PropertyDescription": "Quantity Demands Impacted due to Components",
    "LCID": 1033,
    "Language": null,
    "ToolTip": "",
    "ModuleId": "0f784411-720c-4319-bc9a-c0994d2eb20e"
  },
  {
    "Id": 650227,
    "TenantId": 7496,
    "MemberRelationshipPropertysKey": 1883676,
    "PropertyName": "Late Demand Qty",
    "PropertyDescription": "Quantity of Late Demands",
    "LCID": 1033,
    "Language": null,
    "ToolTip": "",
    "ModuleId": "0f784411-720c-4319-bc9a-c0994d2eb20e"
  },
  {
    "Id": 650228,
    "TenantId": 7496,
    "MemberRelationshipPropertysKey": 1883677,
    "PropertyName": "Short Demand Qty",
    "PropertyDescription": "Quantity of Short Demands",
    "LCID": 1033,
    "Language": null,
    "ToolTip": "",
    "ModuleId": "0f784411-720c-4319-bc9a-c0994d2eb20e"
  },
  {
    "Id": 650229,
    "TenantId": 7496,
    "MemberRelationshipPropertysKey": 1883678,
    "PropertyName": "RM Cost",
    "PropertyDescription": "Raw Material Cost",
    "LCID": 1033,
    "Language": null,
    "ToolTip": "",
    "ModuleId": "0f784411-720c-4319-bc9a-c0994d2eb20e"
  },
  {
    "Id": 650230,
    "TenantId": 7496,
    "MemberRelationshipPropertysKey": 1883679,
    "PropertyName": "Upstream Network Item Cum Yield Platform",
    "PropertyDescription": "Upstream Network Item Cum Yield Platform",
    "LCID": 1033,
    "Language": null,
    "ToolTip": "Upstream Network Item Cum Yield Platform",
    "ModuleId": "0f784411-720c-4319-bc9a-c0994d2eb20e"
  },
  {
    "Id": 650231,
    "TenantId": 7496,
    "MemberRelationshipPropertysKey": 1883680,
    "PropertyName": "D Upstream Network Item Primary Path Flag Platform",
    "PropertyDescription": "D Upstream Network Item Primary Path Flag Platform",
    "LCID": 1033,
    "Language": null,
    "ToolTip": "D Upstream Network Item Primary Path Flag Platform",
    "ModuleId": "0f784411-720c-4319-bc9a-c0994d2eb20e"
  },
  {
    "Id": 650232,
    "TenantId": 7496,
    "MemberRelationshipPropertysKey": 1883681,
    "PropertyName": "Upstream Network Item Lead Time",
    "PropertyDescription": "Upstream Network Item Lead Time",
    "LCID": 1033,
    "Language": null,
    "ToolTip": "Upstream Network Item Lead Time",
    "ModuleId": "0f784411-720c-4319-bc9a-c0994d2eb20e"
  },
  {
    "Id": 650233,
    "TenantId": 7496,
    "MemberRelationshipPropertysKey": 1883688,
    "PropertyName": "Flex2 Capacity Pegged Quantity",
    "PropertyDescription": "Solver output Flex2 Capacity Pegged Quantity",
    "LCID": 1033,
    "Language": null,
    "ToolTip": null,
    "ModuleId": "0f784411-720c-4319-bc9a-c0994d2eb20e"
  },
  {
    "Id": 650234,
    "TenantId": 7496,
    "MemberRelationshipPropertysKey": 1883689,
    "PropertyName": "Flex1 Capacity Pegged Quantity",
    "PropertyDescription": "Solver output Flex1 Capacity Pegged Quantity",
    "LCID": 1033,
    "Language": null,
    "ToolTip": null,
    "ModuleId": "0f784411-720c-4319-bc9a-c0994d2eb20e"
  },
  {
    "Id": 650235,
    "TenantId": 7496,
    "MemberRelationshipPropertysKey": 1883692,
    "PropertyName": "Capacity Pegged Quantity",
    "PropertyDescription": "Solver output capacity pegged quantity",
    "LCID": 1033,
    "Language": null,
    "ToolTip": null,
    "ModuleId": "0f784411-720c-4319-bc9a-c0994d2eb20e"
  },
  {
    "Id": 650236,
    "TenantId": 7496,
    "MemberRelationshipPropertysKey": 1883696,
    "PropertyName": "Inbound Qty",
    "PropertyDescription": "Inbound Qty",
    "LCID": 1033,
    "Language": null,
    "ToolTip": null,
    "ModuleId": "0f784411-720c-4319-bc9a-c0994d2eb20e"
  },
  {
    "Id": 650237,
    "TenantId": 7496,
    "MemberRelationshipPropertysKey": 1883715,
    "PropertyName": "Upstream Network Primary Path Flag",
    "PropertyDescription": "Upstream Network Primary Path Flag",
    "LCID": 1033,
    "Language": null,
    "ToolTip": "Upstream Network Primary Path Flag",
    "ModuleId": "0f784411-720c-4319-bc9a-c0994d2eb20e"
  },
  {
    "Id": 650238,
    "TenantId": 7496,
    "MemberRelationshipPropertysKey": 1883718,
    "PropertyName": "Upstream Network Item Lead Time",
    "PropertyDescription": "Upstream Network Item Lead Time",
    "LCID": 1033,
    "Language": null,
    "ToolTip": "Upstream Network Item Lead Time",
    "ModuleId": "0f784411-720c-4319-bc9a-c0994d2eb20e"
  },
  {
    "Id": 650239,
    "TenantId": 7496,
    "MemberRelationshipPropertysKey": 1883722,
    "PropertyName": "Upstream Network Item Cum Yield",
    "PropertyDescription": "Upstream Network Item Cum Yield",
    "LCID": 1033,
    "Language": null,
    "ToolTip": "Upstream Network Item Cum Yield",
    "ModuleId": "0f784411-720c-4319-bc9a-c0994d2eb20e"
  },
  {
    "Id": 650240,
    "TenantId": 7496,
    "MemberRelationshipPropertysKey": 1883735,
    "PropertyName": "Material Constraint Qty",
    "PropertyDescription": "Stores Additive Material Root Cause Qty",
    "LCID": 1033,
    "Language": null,
    "ToolTip": null,
    "ModuleId": "0f784411-720c-4319-bc9a-c0994d2eb20e"
  },
  {
    "Id": 650241,
    "TenantId": 7496,
    "MemberRelationshipPropertysKey": 1883736,
    "PropertyName": "Demand Late Short Revenue Impact",
    "PropertyDescription": "Stores Demand Late Short Revenue Impact",
    "LCID": 1033,
    "Language": null,
    "ToolTip": null,
    "ModuleId": "0f784411-720c-4319-bc9a-c0994d2eb20e"
  },
  {
    "Id": 650242,
    "TenantId": 7496,
    "MemberRelationshipPropertysKey": 1883738,
    "PropertyName": "Dist Plan",
    "PropertyDescription": "Dist Plan",
    "LCID": 1033,
    "Language": null,
    "ToolTip": null,
    "ModuleId": "0f784411-720c-4319-bc9a-c0994d2eb20e"
  },
  {
    "Id": 650243,
    "TenantId": 7496,
    "MemberRelationshipPropertysKey": 1883741,
    "PropertyName": "Demand Late Short Qty",
    "PropertyDescription": "Stores Demand Late Short Qty for comparison with constraint Quantity",
    "LCID": 1033,
    "Language": null,
    "ToolTip": null,
    "ModuleId": "0f784411-720c-4319-bc9a-c0994d2eb20e"
  },
  {
    "Id": 650244,
    "TenantId": 7496,
    "MemberRelationshipPropertysKey": 1883752,
    "PropertyName": "Flex2 Capacity Pegged Quantity",
    "PropertyDescription": "D Flex2 Capacity Pegged Quantity",
    "LCID": 1033,
    "Language": null,
    "ToolTip": null,
    "ModuleId": "0f784411-720c-4319-bc9a-c0994d2eb20e"
  },
  {
    "Id": 650245,
    "TenantId": 7496,
    "MemberRelationshipPropertysKey": 1883753,
    "PropertyName": "Capacity Pegged Quantity",
    "PropertyDescription": "Capacity Pegged Quantity",
    "LCID": 1033,
    "Language": null,
    "ToolTip": null,
    "ModuleId": "0f784411-720c-4319-bc9a-c0994d2eb20e"
  },
  {
    "Id": 650246,
    "TenantId": 7496,
    "MemberRelationshipPropertysKey": 1883754,
    "PropertyName": "Flex1 Capacity Pegged Quantity",
    "PropertyDescription": "D Flex1 Capacity Pegged Quantity",
    "LCID": 1033,
    "Language": null,
    "ToolTip": null,
    "ModuleId": "0f784411-720c-4319-bc9a-c0994d2eb20e"
  },
  {
    "Id": 650247,
    "TenantId": 7496,
    "MemberRelationshipPropertysKey": 1883765,
    "PropertyName": "Upstream Network Lead Time",
    "PropertyDescription": "Upstream Network Lead Time",
    "LCID": 1033,
    "Language": null,
    "ToolTip": null,
    "ModuleId": "0f784411-720c-4319-bc9a-c0994d2eb20e"
  },
  {
    "Id": 650248,
    "TenantId": 7496,
    "MemberRelationshipPropertysKey": 1883772,
    "PropertyName": "Supply Pegged Quantity",
    "PropertyDescription": "Supply Pegged Quantity",
    "LCID": 1033,
    "Language": null,
    "ToolTip": "",
    "ModuleId": "0f784411-720c-4319-bc9a-c0994d2eb20e"
  },
  {
    "Id": 650249,
    "TenantId": 7496,
    "MemberRelationshipPropertysKey": 1883773,
    "PropertyName": "Component Supply Type",
    "PropertyDescription": "Component Supply Type",
    "LCID": 1033,
    "Language": null,
    "ToolTip": "",
    "ModuleId": "0f784411-720c-4319-bc9a-c0994d2eb20e"
  },
  {
    "Id": 650250,
    "TenantId": 7496,
    "MemberRelationshipPropertysKey": 1883857,
    "PropertyName": "Where Used Broken Network Node",
    "PropertyDescription": "Where Used Broken Network Node",
    "LCID": 1033,
    "Language": null,
    "ToolTip": null,
    "ModuleId": "0f784411-720c-4319-bc9a-c0994d2eb20e"
  },
  {
    "Id": 650251,
    "TenantId": 7496,
    "MemberRelationshipPropertysKey": 1883862,
    "PropertyName": "Upstream Network Resource Cum Yield",
    "PropertyDescription": "Upstream Network Resource Cum Yield",
    "LCID": 1033,
    "Language": null,
    "ToolTip": "Upstream Network Resource Cum Yield",
    "ModuleId": "0f784411-720c-4319-bc9a-c0994d2eb20e"
  },
  {
    "Id": 650252,
    "TenantId": 7496,
    "MemberRelationshipPropertysKey": 1883866,
    "PropertyName": "Upstream Network Resource Lead Time",
    "PropertyDescription": "Upstream Network Resource Lead Time",
    "LCID": 1033,
    "Language": null,
    "ToolTip": "Upstream Network Resource Lead Time",
    "ModuleId": "0f784411-720c-4319-bc9a-c0994d2eb20e"
  },
  {
    "Id": 650253,
    "TenantId": 7496,
    "MemberRelationshipPropertysKey": 1883890,
    "PropertyName": "Demand Late Short Qty",
    "PropertyDescription": "CapacityLateShortQty",
    "LCID": 1033,
    "Language": null,
    "ToolTip": null,
    "ModuleId": "0f784411-720c-4319-bc9a-c0994d2eb20e"
  },
  {
    "Id": 650254,
    "TenantId": 7496,
    "MemberRelationshipPropertysKey": 1883891,
    "PropertyName": "Demand Late Short Revenue Impact",
    "PropertyDescription": "CapacityDemandLateShortRevenueImpact",
    "LCID": 1033,
    "Language": null,
    "ToolTip": null,
    "ModuleId": "0f784411-720c-4319-bc9a-c0994d2eb20e"
  },
  {
    "Id": 650255,
    "TenantId": 7496,
    "MemberRelationshipPropertysKey": 1883894,
    "PropertyName": "Capacity Constraint Qty",
    "PropertyDescription": "Capacity Constraint Qty",
    "LCID": 1033,
    "Language": null,
    "ToolTip": null,
    "ModuleId": "0f784411-720c-4319-bc9a-c0994d2eb20e"
  },
  {
    "Id": 650256,
    "TenantId": 7496,
    "MemberRelationshipPropertysKey": 1883945,
    "PropertyName": "Material Constraint Qty",
    "PropertyDescription": "Material Constraint Qty",
    "LCID": 1033,
    "Language": null,
    "ToolTip": null,
    "ModuleId": "0f784411-720c-4319-bc9a-c0994d2eb20e"
  },
  {
    "Id": 650257,
    "TenantId": 7496,
    "MemberRelationshipPropertysKey": 1883947,
    "PropertyName": "Demand Late Short Revenue Impact",
    "PropertyDescription": "MaterialDemandLateShortRevenueImpact",
    "LCID": 1033,
    "Language": null,
    "ToolTip": null,
    "ModuleId": "0f784411-720c-4319-bc9a-c0994d2eb20e"
  },
  {
    "Id": 650258,
    "TenantId": 7496,
    "MemberRelationshipPropertysKey": 1883951,
    "PropertyName": "Demand Late Short Qty",
    "PropertyDescription": "MaterialDemandLateShortQty",
    "LCID": 1033,
    "Language": null,
    "ToolTip": null,
    "ModuleId": "0f784411-720c-4319-bc9a-c0994d2eb20e"
  },
  {
    "Id": 650259,
    "TenantId": 7496,
    "MemberRelationshipPropertysKey": 1883992,
    "PropertyName": "Inbound Shipment",
    "PropertyDescription": "Inbound shipment to a meaterial node",
    "LCID": 1033,
    "Language": null,
    "ToolTip": "Inbound shipment to a meaterial node",
    "ModuleId": "0f784411-720c-4319-bc9a-c0994d2eb20e"
  },
  {
    "Id": 650260,
    "TenantId": 7496,
    "MemberRelationshipPropertysKey": 1883993,
    "PropertyName": "Outbound Shipment",
    "PropertyDescription": "Outbound shipment from a material node",
    "LCID": 1033,
    "Language": null,
    "ToolTip": "Outbound shipment from a material node",
    "ModuleId": "0f784411-720c-4319-bc9a-c0994d2eb20e"
  },
  {
    "Id": 650261,
    "TenantId": 7496,
    "MemberRelationshipPropertysKey": 1884001,
    "PropertyName": "Material Consumption Pegged Qty",
    "PropertyDescription": "Solver output which stores material shipped/consumed from a node",
    "LCID": 1033,
    "Language": null,
    "ToolTip": null,
    "ModuleId": "0f784411-720c-4319-bc9a-c0994d2eb20e"
  },
  {
    "Id": 650262,
    "TenantId": 7496,
    "MemberRelationshipPropertysKey": 1884005,
    "PropertyName": "Storage Capacity Constraint Qty",
    "PropertyDescription": "Stores Additive Storage Capacity Root Cause Qty",
    "LCID": 1033,
    "Language": null,
    "ToolTip": null,
    "ModuleId": "0f784411-720c-4319-bc9a-c0994d2eb20e"
  },
  {
    "Id": 650263,
    "TenantId": 7496,
    "MemberRelationshipPropertysKey": 1884018,
    "PropertyName": "Outbound Shipment",
    "PropertyDescription": "Outbound shipment from a material node",
    "LCID": 1033,
    "Language": null,
    "ToolTip": "Outbound shipment from a material node",
    "ModuleId": "0f784411-720c-4319-bc9a-c0994d2eb20e"
  },
  {
    "Id": 650264,
    "TenantId": 7496,
    "MemberRelationshipPropertysKey": 1884019,
    "PropertyName": "Inbound Shipment",
    "PropertyDescription": "Inbound shipment to a meaterial node",
    "LCID": 1033,
    "Language": null,
    "ToolTip": "Inbound shipment to a meaterial node",
    "ModuleId": "0f784411-720c-4319-bc9a-c0994d2eb20e"
  },
  {
    "Id": 650265,
    "TenantId": 7496,
    "MemberRelationshipPropertysKey": 1884020,
    "PropertyName": "Capacity Constraint Qty",
    "PropertyDescription": "Stores Additive Capacity Root Cause Qty",
    "LCID": 1033,
    "Language": null,
    "ToolTip": null,
    "ModuleId": "0f784411-720c-4319-bc9a-c0994d2eb20e"
  },
  {
    "Id": 650266,
    "TenantId": 7496,
    "MemberRelationshipPropertysKey": 1884025,
    "PropertyName": "Demand Late Short Revenue Impact",
    "PropertyDescription": "Stores Demand Late Short Revenue Impact",
    "LCID": 1033,
    "Language": null,
    "ToolTip": null,
    "ModuleId": "0f784411-720c-4319-bc9a-c0994d2eb20e"
  },
  {
    "Id": 650267,
    "TenantId": 7496,
    "MemberRelationshipPropertysKey": 1884026,
    "PropertyName": "Demand Late Short Qty",
    "PropertyDescription": "Stores Demand Late Short Qty for comparison with constraint Quantity",
    "LCID": 1033,
    "Language": null,
    "ToolTip": null,
    "ModuleId": "0f784411-720c-4319-bc9a-c0994d2eb20e"
  },
  {
    "Id": 650268,
    "TenantId": 7496,
    "MemberRelationshipPropertysKey": 1884044,
    "PropertyName": "SS Capacity Constraint Quantity",
    "PropertyDescription": "SS Capacity Constraint Quantity",
    "LCID": 1033,
    "Language": null,
    "ToolTip": null,
    "ModuleId": "0f784411-720c-4319-bc9a-c0994d2eb20e"
  },
  {
    "Id": 650269,
    "TenantId": 7496,
    "MemberRelationshipPropertysKey": 1884045,
    "PropertyName": "SS Material Constraint Quantity",
    "PropertyDescription": "SS Material Constraint Quantity",
    "LCID": 1033,
    "Language": null,
    "ToolTip": null,
    "ModuleId": "0f784411-720c-4319-bc9a-c0994d2eb20e"
  },
  {
    "Id": 650270,
    "TenantId": 7496,
    "MemberRelationshipPropertysKey": 1884046,
    "PropertyName": "Demand Fulfilled Qty",
    "PropertyDescription": "Solver output which stores the demand fullfilment quantity",
    "LCID": 1033,
    "Language": null,
    "ToolTip": null,
    "ModuleId": "0f784411-720c-4319-bc9a-c0994d2eb20e"
  },
  {
    "Id": 650271,
    "TenantId": 7496,
    "MemberRelationshipPropertysKey": 1884082,
    "PropertyName": "Storage Capacity Pegged Quantity",
    "PropertyDescription": "Solver output storage capacity pegged quantity",
    "LCID": 1033,
    "Language": null,
    "ToolTip": null,
    "ModuleId": "0f784411-720c-4319-bc9a-c0994d2eb20e"
  },
  {
    "Id": 650272,
    "TenantId": 7496,
    "MemberRelationshipPropertysKey": 1884087,
    "PropertyName": "SS Capacity Constraint Quantity",
    "PropertyDescription": "SS Capacity Constraint Quantity",
    "LCID": 1033,
    "Language": null,
    "ToolTip": null,
    "ModuleId": "0f784411-720c-4319-bc9a-c0994d2eb20e"
  },
  {
    "Id": 650273,
    "TenantId": 7496,
    "MemberRelationshipPropertysKey": 1884092,
    "PropertyName": "Supply Code Mapping",
    "PropertyDescription": "Supply Code Mapping: Defines the relationship between a Supply Lot ID and its corresponding LotID.",
    "LCID": 1033,
    "Language": null,
    "ToolTip": "Supply Code Mapping: Defines the relationship between a Supply Lot ID and its corresponding LotID.",
    "ModuleId": "5fb00a3a-3d20-4d2b-b866-61ef1c0c40b2"
  },
  {
    "Id": 650274,
    "TenantId": 7496,
    "MemberRelationshipPropertysKey": 1884097,
    "PropertyName": "Material Consumption Pegged Qty",
    "PropertyDescription": "Material Consumption Pegged Qty",
    "LCID": 1033,
    "Language": null,
    "ToolTip": null,
    "ModuleId": "0f784411-720c-4319-bc9a-c0994d2eb20e"
  },
  {
    "Id": 650275,
    "TenantId": 7496,
    "MemberRelationshipPropertysKey": 1884108,
    "PropertyName": "Storage Capacity Pegged Quantity",
    "PropertyDescription": "Solver output storage capacity pegged quantity",
    "LCID": 1033,
    "Language": null,
    "ToolTip": null,
    "ModuleId": "0f784411-720c-4319-bc9a-c0994d2eb20e"
  },
  {
    "Id": 650276,
    "TenantId": 7496,
    "MemberRelationshipPropertysKey": 1884109,
    "PropertyName": "Demand Pegged Quantity Header Item",
    "PropertyDescription": "Demand Pegged Quantity Header Item: Demand pegging generated by Supply Chain Solver, calculated based on operational constraints.",
    "LCID": 1033,
    "Language": null,
    "ToolTip": "Demand Pegged Quantity Header Item: Demand pegging generated by Supply Chain Solver, calculated based on operational constraints.",
    "ModuleId": "5fb00a3a-3d20-4d2b-b866-61ef1c0c40b2"
  },
  {
    "Id": 650277,
    "TenantId": 7496,
    "MemberRelationshipPropertysKey": 1884111,
    "PropertyName": "Demand Fulfilled Qty",
    "PropertyDescription": "Demand Fulfilled Qty",
    "LCID": 1033,
    "Language": null,
    "ToolTip": null,
    "ModuleId": "0f784411-720c-4319-bc9a-c0994d2eb20e"
  }
]