[
  {
    "Id": 6503,
    "TenantId": 7496,
    "MemberRelNodeId": 4866829,
    "AliasName": "Transition Date",
    "AliasDescription": "Transition Date",
    "AliasId": "646c5a4c-119c-48d0-bcad-9ee64bdbdfc9",
    "ModuleId": "273029c8-d2db-4c26-91c2-c6ade5ef2bd4"
  },
  {
    "Id": 6502,
    "TenantId": 7496,
    "MemberRelNodeId": 4866827,
    "AliasName": "To Location",
    "AliasDescription": "To Location",
    "AliasId": "068f3328-59a9-45dd-9add-a5da70061e2d",
    "ModuleId": "273029c8-d2db-4c26-91c2-c6ade5ef2bd4"
  },
  {
    "Id": 6501,
    "TenantId": 7496,
    "MemberRelNodeId": 4866821,
    "AliasName": "From Location",
    "AliasDescription": "From Location",
    "AliasId": "ca87d2ca-9e8f-49f2-a1ff-d89bd3945bd8",
    "ModuleId": "273029c8-d2db-4c26-91c2-c6ade5ef2bd4"
  }
]