[
  {
    "Id": 27435,
    "TenantId": 7496,
    "ProjectId": "958a7655-91f2-41a8-8b8f-8443d15b8412",
    "ProjectName": "ChinaDelivery",
    "ModuleId": "d4bb476c-04fa-489d-a1f4-08f3c75b6d2a",
    "ModuleName": "o9 SP Foundation - Replen",
    "ModuleUrl": "https://dev.azure.com/o9delivery/958a7655-91f2-41a8-8b8f-8443d15b8412/_apis/git/repositories/d4bb476c-04fa-489d-a1f4-08f3c75b6d2a",
    "IsReadOnlyModule": false,
    "VersionType": "branch",
    "Version": "Tenant_gcpconsultdevsb_YingZhangDemo",
    "ParentModuleId": "c351998a-7d04-495f-bef9-d202bf295988",
    "Type": "RegularDelta",
    "IsSolutionBlock": false,
    "SolutionBlockId": null,
    "NameSpace": null,
    "Org": "o9Delivery",
    "IsPromoteDisabled": false,
    "PackageName": null,
    "PackagePublishType": null
  },
  {
    "Id": 27431,
    "TenantId": 7496,
    "ProjectId": "958a7655-91f2-41a8-8b8f-8443d15b8412",
    "ProjectName": "ChinaDelivery",
    "ModuleId": "f58cf5e8-23a6-414b-b931-0976a5d23c48",
    "ModuleName": "o9 Retail Foundation - Replen",
    "ModuleUrl": "https://dev.azure.com/o9delivery/958a7655-91f2-41a8-8b8f-8443d15b8412/_apis/git/repositories/f58cf5e8-23a6-414b-b931-0976a5d23c48",
    "IsReadOnlyModule": false,
    "VersionType": "branch",
    "Version": "Tenant_gcpconsultdevsb_YingZhangDemo",
    "ParentModuleId": "ad45cd90-f934-4050-9deb-db09941fd4be",
    "Type": "RegularDelta",
    "IsSolutionBlock": false,
    "SolutionBlockId": null,
    "NameSpace": null,
    "Org": "o9Delivery",
    "IsPromoteDisabled": false,
    "PackageName": null,
    "PackagePublishType": null
  },
  {
    "Id": 27441,
    "TenantId": 7496,
    "ProjectId": "958a7655-91f2-41a8-8b8f-8443d15b8412",
    "ProjectName": "ChinaDelivery",
    "ModuleId": "894d918e-29c3-41ac-9615-1b6623016fc1",
    "ModuleName": "o9 SP Prioritization - Replen",
    "ModuleUrl": "https://dev.azure.com/o9delivery/958a7655-91f2-41a8-8b8f-8443d15b8412/_apis/git/repositories/894d918e-29c3-41ac-9615-1b6623016fc1",
    "IsReadOnlyModule": false,
    "VersionType": "branch",
    "Version": "Tenant_gcpconsultdevsb_YingZhangDemo",
    "ParentModuleId": "49b150bd-7b0d-4c1a-b4a1-5155143e3bbc",
    "Type": "RegularDelta",
    "IsSolutionBlock": false,
    "SolutionBlockId": null,
    "NameSpace": null,
    "Org": "o9Delivery",
    "IsPromoteDisabled": false,
    "PackageName": null,
    "PackagePublishType": null
  },
  {
    "Id": 27446,
    "TenantId": 7496,
    "ProjectId": "ec07b4e6-de11-4c3d-988e-d2ed5a5a28e9",
    "ProjectName": "RefDev",
    "ModuleId": "872cd171-8caa-4e3a-bd94-265838c2d91a",
    "ModuleName": "o9 Retail MFP RMA Location Plan",
    "ModuleUrl": "https://dev.azure.com/o9git/ec07b4e6-de11-4c3d-988e-d2ed5a5a28e9/_apis/git/repositories/872cd171-8caa-4e3a-bd94-265838c2d91a",
    "IsReadOnlyModule": true,
    "VersionType": "tag",
    "Version": "R2025.04.01",
    "ParentModuleId": null,
    "Type": "Regular",
    "IsSolutionBlock": false,
    "SolutionBlockId": null,
    "NameSpace": "",
    "Org": "RefDev",
    "IsPromoteDisabled": false,
    "PackageName": "o9 Retail MFP RMA",
    "PackagePublishType": "Public"
  },
  {
    "Id": 27449,
    "TenantId": 7496,
    "ProjectId": "ec07b4e6-de11-4c3d-988e-d2ed5a5a28e9",
    "ProjectName": "RefDev",
    "ModuleId": "f248c782-eff0-4b45-beed-353b2a64cedd",
    "ModuleName": "o9 Retail Assortment Line Build",
    "ModuleUrl": "https://dev.azure.com/o9git/ec07b4e6-de11-4c3d-988e-d2ed5a5a28e9/_apis/git/repositories/f248c782-eff0-4b45-beed-353b2a64cedd",
    "IsReadOnlyModule": true,
    "VersionType": "tag",
    "Version": "R2025.04.00",
    "ParentModuleId": null,
    "Type": "Regular",
    "IsSolutionBlock": false,
    "SolutionBlockId": null,
    "NameSpace": "",
    "Org": "RefDev",
    "IsPromoteDisabled": false,
    "PackageName": "o9 Retail Assortment Planning",
    "PackagePublishType": "Public"
  },
  {
    "Id": 27456,
    "TenantId": 7496,
    "ProjectId": "ec07b4e6-de11-4c3d-988e-d2ed5a5a28e9",
    "ProjectName": "RefDev",
    "ModuleId": "52370024-0307-4d32-9948-435d1a6d8e73",
    "ModuleName": "o9 DP Stat ML Forecasting",
    "ModuleUrl": "https://dev.azure.com/o9git/ec07b4e6-de11-4c3d-988e-d2ed5a5a28e9/_apis/git/repositories/52370024-0307-4d32-9948-435d1a6d8e73",
    "IsReadOnlyModule": true,
    "VersionType": "tag",
    "Version": "R2025.04.01",
    "ParentModuleId": null,
    "Type": "Regular",
    "IsSolutionBlock": false,
    "SolutionBlockId": null,
    "NameSpace": null,
    "Org": "DPPSR",
    "IsPromoteDisabled": false,
    "PackageName": "o9 Retail MFP RMA",
    "PackagePublishType": "Public"
  },
  {
    "Id": 27440,
    "TenantId": 7496,
    "ProjectId": "4d9f5a7e-6f55-4525-b6cd-f95ca971fef7",
    "ProjectName": "BMC-5",
    "ModuleId": "49b150bd-7b0d-4c1a-b4a1-5155143e3bbc",
    "ModuleName": "o9 SP Prioritization - Replen",
    "ModuleUrl": "https://dev.azure.com/o9git/4d9f5a7e-6f55-4525-b6cd-f95ca971fef7/_apis/git/repositories/49b150bd-7b0d-4c1a-b4a1-5155143e3bbc",
    "IsReadOnlyModule": true,
    "VersionType": "tag",
    "Version": "R2025.04.02",
    "ParentModuleId": null,
    "Type": "Regular",
    "IsSolutionBlock": false,
    "SolutionBlockId": null,
    "NameSpace": null,
    "Org": "RefDev",
    "IsPromoteDisabled": false,
    "PackageName": null,
    "PackagePublishType": null
  },
  {
    "Id": 27445,
    "TenantId": 7496,
    "ProjectId": "ec07b4e6-de11-4c3d-988e-d2ed5a5a28e9",
    "ProjectName": "RefDev",
    "ModuleId": "d5a6c6d9-1161-4e67-9668-58aa708e9a75",
    "ModuleName": "o9 Retail Foundation",
    "ModuleUrl": "https://dev.azure.com/o9git/ec07b4e6-de11-4c3d-988e-d2ed5a5a28e9/_apis/git/repositories/d5a6c6d9-1161-4e67-9668-58aa708e9a75",
    "IsReadOnlyModule": true,
    "VersionType": "tag",
    "Version": "R2025.04.01",
    "ParentModuleId": null,
    "Type": "Regular",
    "IsSolutionBlock": false,
    "SolutionBlockId": null,
    "NameSpace": "",
    "Org": "RefDev",
    "IsPromoteDisabled": false,
    "PackageName": "o9 Retail MFP RMA",
    "PackagePublishType": "Public"
  },
  {
    "Id": 27424,
    "TenantId": 7496,
    "ProjectId": "ec07b4e6-de11-4c3d-988e-d2ed5a5a28e9",
    "ProjectName": "RefDev",
    "ModuleId": "c5dfb0f8-a9ea-4208-a148-5e7adb4dad96",
    "ModuleName": "o9 EKG Deployment",
    "ModuleUrl": "https://dev.azure.com/o9git/ec07b4e6-de11-4c3d-988e-d2ed5a5a28e9/_apis/git/repositories/c5dfb0f8-a9ea-4208-a148-5e7adb4dad96",
    "IsReadOnlyModule": true,
    "VersionType": "tag",
    "Version": "R2025.04.00",
    "ParentModuleId": null,
    "Type": "Regular",
    "IsSolutionBlock": false,
    "SolutionBlockId": null,
    "NameSpace": "",
    "Org": "RefDev",
    "IsPromoteDisabled": false,
    "PackageName": null,
    "PackagePublishType": null
  },
  {
    "Id": 27438,
    "TenantId": 7496,
    "ProjectId": "4d9f5a7e-6f55-4525-b6cd-f95ca971fef7",
    "ProjectName": "BMC-5",
    "ModuleId": "5fb00a3a-3d20-4d2b-b866-61ef1c0c40b2",
    "ModuleName": "o9 SP Planning - Replen",
    "ModuleUrl": "https://dev.azure.com/o9git/4d9f5a7e-6f55-4525-b6cd-f95ca971fef7/_apis/git/repositories/5fb00a3a-3d20-4d2b-b866-61ef1c0c40b2",
    "IsReadOnlyModule": true,
    "VersionType": "tag",
    "Version": "R2025.04.02",
    "ParentModuleId": null,
    "Type": "Regular",
    "IsSolutionBlock": false,
    "SolutionBlockId": null,
    "NameSpace": null,
    "Org": "RefDev",
    "IsPromoteDisabled": false,
    "PackageName": null,
    "PackagePublishType": null
  },
  {
    "Id": 27422,
    "TenantId": 7496,
    "ProjectId": "ec07b4e6-de11-4c3d-988e-d2ed5a5a28e9",
    "ProjectName": "RefDev",
    "ModuleId": "b7824156-8448-4b9b-8b7e-6397b69f9391",
    "ModuleName": "o9 EKG Configurator",
    "ModuleUrl": "https://dev.azure.com/o9git/ec07b4e6-de11-4c3d-988e-d2ed5a5a28e9/_apis/git/repositories/b7824156-8448-4b9b-8b7e-6397b69f9391",
    "IsReadOnlyModule": true,
    "VersionType": "tag",
    "Version": "R2025.04.00",
    "ParentModuleId": null,
    "Type": "Regular",
    "IsSolutionBlock": false,
    "SolutionBlockId": null,
    "NameSpace": "",
    "Org": "RefDev",
    "IsPromoteDisabled": false,
    "PackageName": null,
    "PackagePublishType": null
  },
  {
    "Id": 27425,
    "TenantId": 7496,
    "ProjectId": "958a7655-91f2-41a8-8b8f-8443d15b8412",
    "ProjectName": "ChinaDelivery",
    "ModuleId": "13ece2b0-a0be-47bb-8172-64e3f6a66bd5",
    "ModuleName": "o9 EKG Deployment",
    "ModuleUrl": "https://dev.azure.com/o9delivery/958a7655-91f2-41a8-8b8f-8443d15b8412/_apis/git/repositories/13ece2b0-a0be-47bb-8172-64e3f6a66bd5",
    "IsReadOnlyModule": false,
    "VersionType": "branch",
    "Version": "Tenant_gcpconsultdevsb_YingZhangDemo",
    "ParentModuleId": "c5dfb0f8-a9ea-4208-a148-5e7adb4dad96",
    "Type": "RegularDelta",
    "IsSolutionBlock": false,
    "SolutionBlockId": null,
    "NameSpace": "",
    "Org": "o9Delivery",
    "IsPromoteDisabled": false,
    "PackageName": null,
    "PackagePublishType": null
  },
  {
    "Id": 27443,
    "TenantId": 7496,
    "ProjectId": "958a7655-91f2-41a8-8b8f-8443d15b8412",
    "ProjectName": "ChinaDelivery",
    "ModuleId": "5ca1fab1-d512-4878-b7a6-651e7753c980",
    "ModuleName": "o9 Shared",
    "ModuleUrl": "https://dev.azure.com/o9delivery/958a7655-91f2-41a8-8b8f-8443d15b8412/_apis/git/repositories/5ca1fab1-d512-4878-b7a6-651e7753c980",
    "IsReadOnlyModule": false,
    "VersionType": "branch",
    "Version": "Tenant_gcpconsultdevsb_YingZhangDemo",
    "ParentModuleId": "ddab5036-c377-42df-a830-e56e77624e89",
    "Type": "RegularDelta",
    "IsSolutionBlock": false,
    "SolutionBlockId": null,
    "NameSpace": "",
    "Org": "o9Delivery",
    "IsPromoteDisabled": false,
    "PackageName": null,
    "PackagePublishType": null
  },
  {
    "Id": 27452,
    "TenantId": 7496,
    "ProjectId": "ec07b4e6-de11-4c3d-988e-d2ed5a5a28e9",
    "ProjectName": "RefDev",
    "ModuleId": "97428148-218e-4b85-81d1-68ef84f70b05",
    "ModuleName": "o9 Retail Assortment Ranging",
    "ModuleUrl": "https://dev.azure.com/o9git/ec07b4e6-de11-4c3d-988e-d2ed5a5a28e9/_apis/git/repositories/97428148-218e-4b85-81d1-68ef84f70b05",
    "IsReadOnlyModule": true,
    "VersionType": "tag",
    "Version": "R2025.04.00",
    "ParentModuleId": null,
    "Type": "Regular",
    "IsSolutionBlock": false,
    "SolutionBlockId": null,
    "NameSpace": "",
    "Org": "RefDev",
    "IsPromoteDisabled": false,
    "PackageName": "o9 Retail Assortment Planning",
    "PackagePublishType": "Public"
  },
  {
    "Id": 27419,
    "TenantId": 7496,
    "ProjectId": "958a7655-91f2-41a8-8b8f-8443d15b8412",
    "ProjectName": "ChinaDelivery",
    "ModuleId": "35976705-acd8-44f1-bf8a-6ae2265dbc61",
    "ModuleName": "o9 Common",
    "ModuleUrl": "https://dev.azure.com/o9delivery/958a7655-91f2-41a8-8b8f-8443d15b8412/_apis/git/repositories/35976705-acd8-44f1-bf8a-6ae2265dbc61",
    "IsReadOnlyModule": false,
    "VersionType": "branch",
    "Version": "Tenant_gcpconsultdevsb_YingZhangDemo",
    "ParentModuleId": "40787334-d114-4118-82e3-eec1fce692eb",
    "Type": "CommonDelta",
    "IsSolutionBlock": false,
    "SolutionBlockId": null,
    "NameSpace": null,
    "Org": "o9Delivery",
    "IsPromoteDisabled": false,
    "PackageName": null,
    "PackagePublishType": null
  },
  {
    "Id": 27447,
    "TenantId": 7496,
    "ProjectId": "ec07b4e6-de11-4c3d-988e-d2ed5a5a28e9",
    "ProjectName": "RefDev",
    "ModuleId": "89ea750b-98c6-4aa1-aee2-7136e4f17745",
    "ModuleName": "o9 SP Foundation",
    "ModuleUrl": "https://dev.azure.com/o9git/ec07b4e6-de11-4c3d-988e-d2ed5a5a28e9/_apis/git/repositories/89ea750b-98c6-4aa1-aee2-7136e4f17745",
    "IsReadOnlyModule": true,
    "VersionType": "tag",
    "Version": "R2025.04.00",
    "ParentModuleId": null,
    "Type": "Regular",
    "IsSolutionBlock": false,
    "SolutionBlockId": null,
    "NameSpace": "",
    "Org": "RefDev",
    "IsPromoteDisabled": false,
    "PackageName": "o9 Retail Assortment Planning",
    "PackagePublishType": "Public"
  },
  {
    "Id": 27437,
    "TenantId": 7496,
    "ProjectId": "958a7655-91f2-41a8-8b8f-8443d15b8412",
    "ProjectName": "ChinaDelivery",
    "ModuleId": "be1774c3-b8bc-4078-9363-717b91ab1222",
    "ModuleName": "o9 SP Netting - Replen",
    "ModuleUrl": "https://dev.azure.com/o9delivery/958a7655-91f2-41a8-8b8f-8443d15b8412/_apis/git/repositories/be1774c3-b8bc-4078-9363-717b91ab1222",
    "IsReadOnlyModule": false,
    "VersionType": "branch",
    "Version": "Tenant_gcpconsultdevsb_YingZhangDemo",
    "ParentModuleId": "ec3d04db-c5c2-4b47-9799-9ed962d3f306",
    "Type": "RegularDelta",
    "IsSolutionBlock": false,
    "SolutionBlockId": null,
    "NameSpace": null,
    "Org": "o9Delivery",
    "IsPromoteDisabled": false,
    "PackageName": null,
    "PackagePublishType": null
  },
  {
    "Id": 27426,
    "TenantId": 7496,
    "ProjectId": "ec07b4e6-de11-4c3d-988e-d2ed5a5a28e9",
    "ProjectName": "RefDev",
    "ModuleId": "69c63dc5-4f82-4296-89e9-7839154cd5be",
    "ModuleName": "o9 Product Configurator",
    "ModuleUrl": "https://dev.azure.com/o9git/ec07b4e6-de11-4c3d-988e-d2ed5a5a28e9/_apis/git/repositories/69c63dc5-4f82-4296-89e9-7839154cd5be",
    "IsReadOnlyModule": true,
    "VersionType": "tag",
    "Version": "R2025.04.00",
    "ParentModuleId": null,
    "Type": "Regular",
    "IsSolutionBlock": false,
    "SolutionBlockId": null,
    "NameSpace": "",
    "Org": "RefDev",
    "IsPromoteDisabled": false,
    "PackageName": null,
    "PackagePublishType": null
  },
  {
    "Id": 27427,
    "TenantId": 7496,
    "ProjectId": "958a7655-91f2-41a8-8b8f-8443d15b8412",
    "ProjectName": "ChinaDelivery",
    "ModuleId": "12507679-c809-42ab-8f87-7b975312161a",
    "ModuleName": "o9 Product Configurator",
    "ModuleUrl": "https://dev.azure.com/o9delivery/958a7655-91f2-41a8-8b8f-8443d15b8412/_apis/git/repositories/12507679-c809-42ab-8f87-7b975312161a",
    "IsReadOnlyModule": false,
    "VersionType": "branch",
    "Version": "Tenant_gcpconsultdevsb_YingZhangDemo",
    "ParentModuleId": "69c63dc5-4f82-4296-89e9-7839154cd5be",
    "Type": "RegularDelta",
    "IsSolutionBlock": false,
    "SolutionBlockId": null,
    "NameSpace": "",
    "Org": "o9Delivery",
    "IsPromoteDisabled": false,
    "PackageName": null,
    "PackagePublishType": null
  },
  {
    "Id": 27428,
    "TenantId": 7496,
    "ProjectId": "4d9f5a7e-6f55-4525-b6cd-f95ca971fef7",
    "ProjectName": "BMC-5",
    "ModuleId": "2c346251-8901-4f55-8032-8ca23d6a079d",
    "ModuleName": "o9 Retail Allocation",
    "ModuleUrl": "https://dev.azure.com/o9git/4d9f5a7e-6f55-4525-b6cd-f95ca971fef7/_apis/git/repositories/2c346251-8901-4f55-8032-8ca23d6a079d",
    "IsReadOnlyModule": true,
    "VersionType": "tag",
    "Version": "R2025.04.02",
    "ParentModuleId": null,
    "Type": "Regular",
    "IsSolutionBlock": false,
    "SolutionBlockId": null,
    "NameSpace": null,
    "Org": "RefDev",
    "IsPromoteDisabled": false,
    "PackageName": null,
    "PackagePublishType": null
  },
  {
    "Id": 27417,
    "TenantId": 7496,
    "ProjectId": "958a7655-91f2-41a8-8b8f-8443d15b8412",
    "ProjectName": "ChinaDelivery",
    "ModuleId": "c888344e-e799-4c51-90da-8f967e873405",
    "ModuleName": "ChinaDemo_Retail",
    "ModuleUrl": "https://dev.azure.com/o9delivery/958a7655-91f2-41a8-8b8f-8443d15b8412/_apis/git/repositories/c888344e-e799-4c51-90da-8f967e873405",
    "IsReadOnlyModule": false,
    "VersionType": "branch",
    "Version": "Tenant_gcpconsultdevsb_YingZhangDemo",
    "ParentModuleId": null,
    "Type": "Regular",
    "IsSolutionBlock": true,
    "SolutionBlockId": null,
    "NameSpace": null,
    "Org": "o9Delivery",
    "IsPromoteDisabled": false,
    "PackageName": null,
    "PackagePublishType": null
  },
  {
    "Id": 27423,
    "TenantId": 7496,
    "ProjectId": "958a7655-91f2-41a8-8b8f-8443d15b8412",
    "ProjectName": "ChinaDelivery",
    "ModuleId": "1d465193-9700-40c0-9d92-9e81d764a45b",
    "ModuleName": "o9 EKG Configurator",
    "ModuleUrl": "https://dev.azure.com/o9delivery/958a7655-91f2-41a8-8b8f-8443d15b8412/_apis/git/repositories/1d465193-9700-40c0-9d92-9e81d764a45b",
    "IsReadOnlyModule": false,
    "VersionType": "branch",
    "Version": "Tenant_gcpconsultdevsb_YingZhangDemo",
    "ParentModuleId": "b7824156-8448-4b9b-8b7e-6397b69f9391",
    "Type": "RegularDelta",
    "IsSolutionBlock": false,
    "SolutionBlockId": null,
    "NameSpace": "",
    "Org": "o9Delivery",
    "IsPromoteDisabled": false,
    "PackageName": null,
    "PackagePublishType": null
  },
  {
    "Id": 27436,
    "TenantId": 7496,
    "ProjectId": "4d9f5a7e-6f55-4525-b6cd-f95ca971fef7",
    "ProjectName": "BMC-5",
    "ModuleId": "ec3d04db-c5c2-4b47-9799-9ed962d3f306",
    "ModuleName": "o9 SP Netting - Replen",
    "ModuleUrl": "https://dev.azure.com/o9git/4d9f5a7e-6f55-4525-b6cd-f95ca971fef7/_apis/git/repositories/ec3d04db-c5c2-4b47-9799-9ed962d3f306",
    "IsReadOnlyModule": true,
    "VersionType": "tag",
    "Version": "R2025.04.02",
    "ParentModuleId": null,
    "Type": "Regular",
    "IsSolutionBlock": false,
    "SolutionBlockId": null,
    "NameSpace": null,
    "Org": "RefDev",
    "IsPromoteDisabled": false,
    "PackageName": null,
    "PackagePublishType": null
  },
  {
    "Id": 27433,
    "TenantId": 7496,
    "ProjectId": "958a7655-91f2-41a8-8b8f-8443d15b8412",
    "ProjectName": "ChinaDelivery",
    "ModuleId": "5108d9ea-e6a8-40d2-893f-aa158ccecde2",
    "ModuleName": "o9 Retail Replenishment Flow Plan Daily",
    "ModuleUrl": "https://dev.azure.com/o9delivery/958a7655-91f2-41a8-8b8f-8443d15b8412/_apis/git/repositories/5108d9ea-e6a8-40d2-893f-aa158ccecde2",
    "IsReadOnlyModule": false,
    "VersionType": "branch",
    "Version": "Tenant_gcpconsultdevsb_YingZhangDemo",
    "ParentModuleId": "9d5b1914-72d3-4490-b4c6-bed4165aa9cc",
    "Type": "RegularDelta",
    "IsSolutionBlock": false,
    "SolutionBlockId": null,
    "NameSpace": "",
    "Org": "o9Delivery",
    "IsPromoteDisabled": false,
    "PackageName": null,
    "PackagePublishType": null
  },
  {
    "Id": 27454,
    "TenantId": 7496,
    "ProjectId": "ec07b4e6-de11-4c3d-988e-d2ed5a5a28e9",
    "ProjectName": "RefDev",
    "ModuleId": "eeb2bc27-d481-4b7e-a0b6-b141b110a4a4",
    "ModuleName": "o9 Retail Size Profiler",
    "ModuleUrl": "https://dev.azure.com/o9git/ec07b4e6-de11-4c3d-988e-d2ed5a5a28e9/_apis/git/repositories/eeb2bc27-d481-4b7e-a0b6-b141b110a4a4",
    "IsReadOnlyModule": true,
    "VersionType": "tag",
    "Version": "R2025.04.00",
    "ParentModuleId": null,
    "Type": "Regular",
    "IsSolutionBlock": false,
    "SolutionBlockId": null,
    "NameSpace": "",
    "Org": "RefDev",
    "IsPromoteDisabled": false,
    "PackageName": "o9 Retail Assortment Planning",
    "PackagePublishType": "Public"
  },
  {
    "Id": 27429,
    "TenantId": 7496,
    "ProjectId": "958a7655-91f2-41a8-8b8f-8443d15b8412",
    "ProjectName": "ChinaDelivery",
    "ModuleId": "73ee2783-f6ae-4021-a83f-b8baeebdc047",
    "ModuleName": "o9 Retail Allocation",
    "ModuleUrl": "https://dev.azure.com/o9delivery/958a7655-91f2-41a8-8b8f-8443d15b8412/_apis/git/repositories/73ee2783-f6ae-4021-a83f-b8baeebdc047",
    "IsReadOnlyModule": false,
    "VersionType": "branch",
    "Version": "Tenant_gcpconsultdevsb_YingZhangDemo",
    "ParentModuleId": "2c346251-8901-4f55-8032-8ca23d6a079d",
    "Type": "RegularDelta",
    "IsSolutionBlock": false,
    "SolutionBlockId": null,
    "NameSpace": null,
    "Org": "o9Delivery",
    "IsPromoteDisabled": false,
    "PackageName": null,
    "PackagePublishType": null
  },
  {
    "Id": 27432,
    "TenantId": 7496,
    "ProjectId": "4d9f5a7e-6f55-4525-b6cd-f95ca971fef7",
    "ProjectName": "BMC-5",
    "ModuleId": "9d5b1914-72d3-4490-b4c6-bed4165aa9cc",
    "ModuleName": "o9 Retail Replenishment Flow Plan Daily",
    "ModuleUrl": "https://dev.azure.com/o9git/4d9f5a7e-6f55-4525-b6cd-f95ca971fef7/_apis/git/repositories/9d5b1914-72d3-4490-b4c6-bed4165aa9cc",
    "IsReadOnlyModule": true,
    "VersionType": "tag",
    "Version": "R2025.04.02",
    "ParentModuleId": null,
    "Type": "Regular",
    "IsSolutionBlock": false,
    "SolutionBlockId": null,
    "NameSpace": "",
    "Org": "RefDev",
    "IsPromoteDisabled": false,
    "PackageName": null,
    "PackagePublishType": null
  },
  {
    "Id": 27421,
    "TenantId": 7496,
    "ProjectId": "958a7655-91f2-41a8-8b8f-8443d15b8412",
    "ProjectName": "ChinaDelivery",
    "ModuleId": "85c8858b-5399-48a3-bede-c038e8c98ff9",
    "ModuleName": "o9 Data Integration",
    "ModuleUrl": "https://dev.azure.com/o9delivery/958a7655-91f2-41a8-8b8f-8443d15b8412/_apis/git/repositories/85c8858b-5399-48a3-bede-c038e8c98ff9",
    "IsReadOnlyModule": false,
    "VersionType": "branch",
    "Version": "Tenant_gcpconsultdevsb_YingZhangDemo",
    "ParentModuleId": "4c075c57-6f44-464e-a1ec-c23fe53c4d44",
    "Type": "RegularDelta",
    "IsSolutionBlock": false,
    "SolutionBlockId": null,
    "NameSpace": null,
    "Org": "o9Delivery",
    "IsPromoteDisabled": false,
    "PackageName": null,
    "PackagePublishType": null
  },
  {
    "Id": 27448,
    "TenantId": 7496,
    "ProjectId": "ec07b4e6-de11-4c3d-988e-d2ed5a5a28e9",
    "ProjectName": "RefDev",
    "ModuleId": "0f784411-720c-4319-bc9a-c0994d2eb20e",
    "ModuleName": "o9 SP Planning",
    "ModuleUrl": "https://dev.azure.com/o9git/ec07b4e6-de11-4c3d-988e-d2ed5a5a28e9/_apis/git/repositories/0f784411-720c-4319-bc9a-c0994d2eb20e",
    "IsReadOnlyModule": true,
    "VersionType": "tag",
    "Version": "R2025.04.00",
    "ParentModuleId": null,
    "Type": "Regular",
    "IsSolutionBlock": false,
    "SolutionBlockId": null,
    "NameSpace": "",
    "Org": "RefDev",
    "IsPromoteDisabled": false,
    "PackageName": "o9 Retail Assortment Planning",
    "PackagePublishType": "Public"
  },
  {
    "Id": 27420,
    "TenantId": 7496,
    "ProjectId": "ec07b4e6-de11-4c3d-988e-d2ed5a5a28e9",
    "ProjectName": "RefDev",
    "ModuleId": "4c075c57-6f44-464e-a1ec-c23fe53c4d44",
    "ModuleName": "o9 Data Integration",
    "ModuleUrl": "https://dev.azure.com/o9git/ec07b4e6-de11-4c3d-988e-d2ed5a5a28e9/_apis/git/repositories/4c075c57-6f44-464e-a1ec-c23fe53c4d44",
    "IsReadOnlyModule": true,
    "VersionType": "tag",
    "Version": "R2025.04.01",
    "ParentModuleId": null,
    "Type": "Regular",
    "IsSolutionBlock": false,
    "SolutionBlockId": null,
    "NameSpace": null,
    "Org": "RefDev",
    "IsPromoteDisabled": false,
    "PackageName": null,
    "PackagePublishType": null
  },
  {
    "Id": 27455,
    "TenantId": 7496,
    "ProjectId": "ec07b4e6-de11-4c3d-988e-d2ed5a5a28e9",
    "ProjectName": "RefDev",
    "ModuleId": "273029c8-d2db-4c26-91c2-c6ade5ef2bd4",
    "ModuleName": "o9 DP Foundation",
    "ModuleUrl": "https://dev.azure.com/o9git/ec07b4e6-de11-4c3d-988e-d2ed5a5a28e9/_apis/git/repositories/273029c8-d2db-4c26-91c2-c6ade5ef2bd4",
    "IsReadOnlyModule": true,
    "VersionType": "tag",
    "Version": "R2025.04.01",
    "ParentModuleId": null,
    "Type": "Regular",
    "IsSolutionBlock": false,
    "SolutionBlockId": null,
    "NameSpace": "",
    "Org": "DPPSR",
    "IsPromoteDisabled": false,
    "PackageName": "o9 Retail MFP RMA",
    "PackagePublishType": "Public"
  },
  {
    "Id": 27451,
    "TenantId": 7496,
    "ProjectId": "ec07b4e6-de11-4c3d-988e-d2ed5a5a28e9",
    "ProjectName": "RefDev",
    "ModuleId": "eb48e7fa-4ec8-45bf-a965-ccd035a00872",
    "ModuleName": "o9 Retail Assortment Options Strategy",
    "ModuleUrl": "https://dev.azure.com/o9git/ec07b4e6-de11-4c3d-988e-d2ed5a5a28e9/_apis/git/repositories/eb48e7fa-4ec8-45bf-a965-ccd035a00872",
    "IsReadOnlyModule": true,
    "VersionType": "tag",
    "Version": "R2025.04.00",
    "ParentModuleId": null,
    "Type": "Regular",
    "IsSolutionBlock": false,
    "SolutionBlockId": null,
    "NameSpace": "",
    "Org": "RefDev",
    "IsPromoteDisabled": false,
    "PackageName": "o9 Retail Assortment Planning",
    "PackagePublishType": "Public"
  },
  {
    "Id": 27434,
    "TenantId": 7496,
    "ProjectId": "4d9f5a7e-6f55-4525-b6cd-f95ca971fef7",
    "ProjectName": "BMC-5",
    "ModuleId": "c351998a-7d04-495f-bef9-d202bf295988",
    "ModuleName": "o9 SP Foundation - Replen",
    "ModuleUrl": "https://dev.azure.com/o9git/4d9f5a7e-6f55-4525-b6cd-f95ca971fef7/_apis/git/repositories/c351998a-7d04-495f-bef9-d202bf295988",
    "IsReadOnlyModule": true,
    "VersionType": "tag",
    "Version": "R2025.04.02",
    "ParentModuleId": null,
    "Type": "Regular",
    "IsSolutionBlock": false,
    "SolutionBlockId": null,
    "NameSpace": null,
    "Org": "RefDev",
    "IsPromoteDisabled": false,
    "PackageName": null,
    "PackagePublishType": null
  },
  {
    "Id": 27430,
    "TenantId": 7496,
    "ProjectId": "4d9f5a7e-6f55-4525-b6cd-f95ca971fef7",
    "ProjectName": "BMC-5",
    "ModuleId": "ad45cd90-f934-4050-9deb-db09941fd4be",
    "ModuleName": "o9 Retail Foundation - Replen",
    "ModuleUrl": "https://dev.azure.com/o9git/4d9f5a7e-6f55-4525-b6cd-f95ca971fef7/_apis/git/repositories/ad45cd90-f934-4050-9deb-db09941fd4be",
    "IsReadOnlyModule": true,
    "VersionType": "tag",
    "Version": "R2025.04.02",
    "ParentModuleId": null,
    "Type": "Regular",
    "IsSolutionBlock": false,
    "SolutionBlockId": null,
    "NameSpace": null,
    "Org": "RefDev",
    "IsPromoteDisabled": false,
    "PackageName": null,
    "PackagePublishType": null
  },
  {
    "Id": 27442,
    "TenantId": 7496,
    "ProjectId": "ec07b4e6-de11-4c3d-988e-d2ed5a5a28e9",
    "ProjectName": "RefDev",
    "ModuleId": "ddab5036-c377-42df-a830-e56e77624e89",
    "ModuleName": "o9 Shared",
    "ModuleUrl": "https://dev.azure.com/o9git/ec07b4e6-de11-4c3d-988e-d2ed5a5a28e9/_apis/git/repositories/ddab5036-c377-42df-a830-e56e77624e89",
    "IsReadOnlyModule": true,
    "VersionType": "tag",
    "Version": "R2025.04.01",
    "ParentModuleId": null,
    "Type": "Regular",
    "IsSolutionBlock": false,
    "SolutionBlockId": null,
    "NameSpace": "",
    "Org": "RefDev",
    "IsPromoteDisabled": false,
    "PackageName": null,
    "PackagePublishType": null
  },
  {
    "Id": 27439,
    "TenantId": 7496,
    "ProjectId": "958a7655-91f2-41a8-8b8f-8443d15b8412",
    "ProjectName": "ChinaDelivery",
    "ModuleId": "1193e78c-557f-4b69-9568-e77469e1a827",
    "ModuleName": "o9 SP Planning - Replen",
    "ModuleUrl": "https://dev.azure.com/o9delivery/958a7655-91f2-41a8-8b8f-8443d15b8412/_apis/git/repositories/1193e78c-557f-4b69-9568-e77469e1a827",
    "IsReadOnlyModule": false,
    "VersionType": "branch",
    "Version": "Tenant_gcpconsultdevsb_YingZhangDemo",
    "ParentModuleId": "5fb00a3a-3d20-4d2b-b866-61ef1c0c40b2",
    "Type": "RegularDelta",
    "IsSolutionBlock": false,
    "SolutionBlockId": null,
    "NameSpace": null,
    "Org": "o9Delivery",
    "IsPromoteDisabled": false,
    "PackageName": null,
    "PackagePublishType": null
  },
  {
    "Id": 27453,
    "TenantId": 7496,
    "ProjectId": "ec07b4e6-de11-4c3d-988e-d2ed5a5a28e9",
    "ProjectName": "RefDev",
    "ModuleId": "c928002a-6e25-4e69-af62-e9065f3a8b31",
    "ModuleName": "o9 Retail Assortment Sales and Buy Plan",
    "ModuleUrl": "https://dev.azure.com/o9git/ec07b4e6-de11-4c3d-988e-d2ed5a5a28e9/_apis/git/repositories/c928002a-6e25-4e69-af62-e9065f3a8b31",
    "IsReadOnlyModule": true,
    "VersionType": "tag",
    "Version": "R2025.04.00",
    "ParentModuleId": null,
    "Type": "Regular",
    "IsSolutionBlock": false,
    "SolutionBlockId": null,
    "NameSpace": "",
    "Org": "RefDev",
    "IsPromoteDisabled": false,
    "PackageName": "o9 Retail Assortment Planning",
    "PackagePublishType": "Public"
  },
  {
    "Id": 27418,
    "TenantId": 7496,
    "ProjectId": "ec07b4e6-de11-4c3d-988e-d2ed5a5a28e9",
    "ProjectName": "RefDev",
    "ModuleId": "40787334-d114-4118-82e3-eec1fce692eb",
    "ModuleName": "o9 Common",
    "ModuleUrl": "https://dev.azure.com/o9git/ec07b4e6-de11-4c3d-988e-d2ed5a5a28e9/_apis/git/repositories/40787334-d114-4118-82e3-eec1fce692eb",
    "IsReadOnlyModule": true,
    "VersionType": "tag",
    "Version": "R2025.04.01",
    "ParentModuleId": null,
    "Type": "Common",
    "IsSolutionBlock": false,
    "SolutionBlockId": null,
    "NameSpace": null,
    "Org": "RefDev",
    "IsPromoteDisabled": false,
    "PackageName": null,
    "PackagePublishType": null
  },
  {
    "Id": 27444,
    "TenantId": 7496,
    "ProjectId": "ec07b4e6-de11-4c3d-988e-d2ed5a5a28e9",
    "ProjectName": "RefDev",
    "ModuleId": "e8a1d971-67ac-40b9-89f5-f60d79b5c317",
    "ModuleName": "o9 Retail MFP RMA Product Plan",
    "ModuleUrl": "https://dev.azure.com/o9git/ec07b4e6-de11-4c3d-988e-d2ed5a5a28e9/_apis/git/repositories/e8a1d971-67ac-40b9-89f5-f60d79b5c317",
    "IsReadOnlyModule": true,
    "VersionType": "tag",
    "Version": "R2025.04.01",
    "ParentModuleId": null,
    "Type": "Regular",
    "IsSolutionBlock": false,
    "SolutionBlockId": null,
    "NameSpace": "",
    "Org": "RefDev",
    "IsPromoteDisabled": false,
    "PackageName": "o9 Retail MFP RMA",
    "PackagePublishType": "Public"
  },
  {
    "Id": 27450,
    "TenantId": 7496,
    "ProjectId": "ec07b4e6-de11-4c3d-988e-d2ed5a5a28e9",
    "ProjectName": "RefDev",
    "ModuleId": "c6833622-0e96-4f42-bcce-fba1a353cfc5",
    "ModuleName": "o9 Retail Assortment ROS",
    "ModuleUrl": "https://dev.azure.com/o9git/ec07b4e6-de11-4c3d-988e-d2ed5a5a28e9/_apis/git/repositories/c6833622-0e96-4f42-bcce-fba1a353cfc5",
    "IsReadOnlyModule": true,
    "VersionType": "tag",
    "Version": "R2025.04.00",
    "ParentModuleId": null,
    "Type": "Regular",
    "IsSolutionBlock": false,
    "SolutionBlockId": null,
    "NameSpace": "",
    "Org": "RefDev",
    "IsPromoteDisabled": false,
    "PackageName": "o9 Retail Assortment Planning",
    "PackagePublishType": "Public"
  }
]