{
  "MeasureGroupName": "004.002 Sorting Priority Framework Plugin Output Mappings",
  "MeasureGroupId": "d9b96148-fe49-f66b-e863-972f60045ef6",
  "ParentMeasureGroupName": null,
  "HasShadow": false,
  "MeasureGroupDescription": "Measures for plugin output mappings",
  "MeasureGroupType": "Regular",
  "FactTableName": "Fact004.002SortingPriorityFrameworkPluginOutputMappings",
  "SchemaMajorVersion": 0,
  "ConfigJson": {},
  "ApiName": null,
  "Repartition": false,
  "Unpartition": false,
  "ApiEnabled": false,
  "DimensionUsages": [
    {
      "DimensionName": "Version",
      "AttributeName": "Version Name",
      "SortOrder": 0,
      "DimensionType": "Regular"
    },
    {
      "DimensionName": "Data Object",
      "AttributeName": "Data Object",
      "SortOrder": 1,
      "DimensionType": null
    },
    {
      "DimensionName": "Plan Type",
      "AttributeName": "Plan Type",
      "SortOrder": 2,
      "DimensionType": null
    }
  ]
}