{
  "MeasureGroupName": "160 Stat Segment L1",
  "MeasureGroupId": "f00d0a28-c87c-4d85-aeec-4866873e3b7f",
  "ParentMeasureGroupName": null,
  "HasShadow": false,
  "MeasureGroupDescription": "Segmentation of Product Customer at higher level",
  "MeasureGroupType": "Regular",
  "FactTableName": "Fact160StatSegmentL1",
  "SchemaMajorVersion": 0,
  "ConfigJson": {},
  "ApiName": null,
  "Repartition": false,
  "Unpartition": false,
  "ApiEnabled": false,
  "DimensionUsages": [
    {
      "DimensionName": "Version",
      "AttributeName": "Version Name",
      "SortOrder": 0,
      "DimensionType": "Regular"
    },
    {
      "DimensionName": "Forecast Iteration",
      "AttributeName": "Forecast Iteration",
      "SortOrder": 1,
      "DimensionType": "Regular"
    },
    {
      "DimensionName": "Item",
      "AttributeName": "Stat Item",
      "SortOrder": 2,
      "DimensionType": "Regular"
    },
    {
      "DimensionName": "Account",
      "AttributeName": "Stat Account",
      "SortOrder": 3,
      "DimensionType": "Regular"
    },
    {
      "DimensionName": "Channel",
      "AttributeName": "Stat Channel",
      "SortOrder": 4,
      "DimensionType": "Regular"
    },
    {
      "DimensionName": "Region",
      "AttributeName": "Stat Region",
      "SortOrder": 5,
      "DimensionType": "Regular"
    },
    {
      "DimensionName": "PnL",
      "AttributeName": "Stat PnL",
      "SortOrder": 6,
      "DimensionType": "Regular"
    },
    {
      "DimensionName": "Location",
      "AttributeName": "Stat Location",
      "SortOrder": 7,
      "DimensionType": "Regular"
    },
    {
      "DimensionName": "Demand Domain",
      "AttributeName": "Stat Demand Domain",
      "SortOrder": 8,
      "DimensionType": "Regular"
    }
  ]
}