{
  "MeasureGroupName": "012 MOQ vs Store Intake Calculation",
  "MeasureGroupId": "1e2dbaa7-2e72-3214-3f95-394ed2628828",
  "ParentMeasureGroupName": null,
  "HasShadow": false,
  "MeasureGroupDescription": "012 MOQ vs Store Intake Calculation",
  "MeasureGroupType": "Regular",
  "FactTableName": "Fact012MOQvsStoreIntakeCalculation",
  "SchemaMajorVersion": 0,
  "ConfigJson": {},
  "ApiName": null,
  "Repartition": false,
  "Unpartition": false,
  "ApiEnabled": false,
  "DimensionUsages": [
    {
      "DimensionName": "Version",
      "AttributeName": "Version Name",
      "SortOrder": 0,
      "DimensionType": "Regular"
    },
    {
      "DimensionName": "NamedNode",
      "AttributeName": "Retail_AP_BP_SKU_Location_NN",
      "SortOrder": 1,
      "DimensionType": "NamedNode"
    },
    {
      "DimensionName": "To Location",
      "AttributeName": "To Location",
      "SortOrder": 2,
      "DimensionType": "Regular"
    }
  ]
}