{
  "MeasureName": "D WIP Priority Production Plugin Output Normalised",
  "MeasureId": "7396fb0a-9c48-48b5-8222-48b50a2520bf",
  "MeasureDescription": "WIP Priority Output Normalised",
  "DataType": "number",
  "MeasureType": "Regular",
  "AggregateFunction": "Max",
  "FormatString": "#,##0",
  "MeasureColumnName": "DWIPPriorityProductionPluginOutputNormalised",
  "MeasureFormula": "",
  "IsEditable": true,
  "ApplyConversion": false,
  "ConversionFormula": "",
  "PickListName": null,
  "BgColorFormula": "",
  "FgColorFormula": "",
  "TrendFormula": "",
  "FormattingViewModel": "[]",
  "ParentMeasureName": null,
  "AssociationMeasure": false,
  "IsComputedByPlanningService": false,
  "ToolTip": "WIP Priority Output Normalised",
  "ConfigJson": {},
  "ApiName": null,
  "ApiDisabled": false,
  "IsReportingMeasure": false,
  "MeasureConditionalFormulaProperties": [],
  "PicklistSource": null
}