{
  "MeasureName": "Helper Measure For Material Node Priority",
  "MeasureId": "31c31e3e-f6b5-4bb0-99a9-9da3c5e776e8",
  "MeasureDescription": "Helper Measure For Material Node Priority",
  "DataType": "number",
  "MeasureType": "Regular",
  "AggregateFunction": "Sum",
  "FormatString": "#,##0",
  "MeasureColumnName": "HelperMeasureForMaterialNodePriority",
  "MeasureFormula": "",
  "IsEditable": false,
  "ApplyConversion": false,
  "ConversionFormula": "",
  "PickListName": null,
  "BgColorFormula": "",
  "FgColorFormula": "",
  "TrendFormula": "",
  "FormattingViewModel": null,
  "ParentMeasureName": null,
  "AssociationMeasure": false,
  "IsComputedByPlanningService": false,
  "ToolTip": "Helper Measure For Material Node Priority",
  "ConfigJson": {},
  "ApiName": null,
  "ApiDisabled": false,
  "IsReportingMeasure": false,
  "MeasureConditionalFormulaProperties": [],
  "PicklistSource": null
}