{
  "AttributeName": "Retail_AP_LB_PHSQ_NN",
  "AttributeId": "be7b0b4b-acfd-4b95-eafa-f4e2ac8a0ee3",
  "AttributeHierarchyEnabled": true,
  "IsKey": false,
  "Description": "Placeholder Item Selling Season with Sequence",
  "OrderBy": "Key",
  "KeyColumnName": "Retail_AP_LB_PHSQ_NNKey",
  "NameColumnName": "Retail_AP_LB_PHSQ_NNName",
  "KeyColumnDataType": "integer",
  "SeedTags": true,
  "KeyGenerationType": "Auto",
  "PickListName": null,
  "ConfigJson": {
    "ShowFilterAs": "TileView",
    "MemberDisplayNameEditable": true,
    "IsMultipleImage": false,
    "MemberDisplayColor": false
  },
  "FormatString": null,
  "Translation": null,
  "Aliases": [],
  "ApiName": null,
  "ApiDisabled": false,
  "ParentAttributeName": null,
  "NamedNodeUsages": [
    {
      "DimensionName": "Item",
      "AttributeName": "L3"
    },
    {
      "DimensionName": "Selling Season",
      "AttributeName": "Selling Season"
    },
    {
      "DimensionName": "Sequence",
      "AttributeName": "Sequence"
    }
  ]
}