{
  "AttributeName": "Item Disc Date",
  "AttributeId": "783e8ef3-a1bc-4136-b54b-413c59376620",
  "AttributeHierarchyEnabled": false,
  "IsKey": false,
  "Description": "Item Disc Date",
  "OrderBy": "Key",
  "KeyColumnName": "ItemDiscDateKey",
  "NameColumnName": null,
  "KeyColumnDataType": "datetime",
  "SeedTags": false,
  "KeyGenerationType": null,
  "PickListName": null,
  "ConfigJson": {
    "IsVisible": true,
    "IsEditable": false
  },
  "FormatString": "MM / dd / yyyy",
  "Translation": null,
  "Aliases": [],
  "ApiName": null,
  "ApiDisabled": false
}