{
  "MeasureName": "Behavior Identifier",
  "MeasureId": "151821c6-9de5-4eb8-867e-0228d2f3bf91",
  "MeasureDescription": "Mention the Deletion Behavior. ?Individual Delete Member? is the Default Behavior, Deletemember is run for each member, ?Parent Member Cascade? - Quicker Method but requires Modelling of Hierarchy with 2 Members Parent Cascade and Level Attribute. Parent cascade should not be part of any other hierarchy. Picklist -  ?Individual Delete Member? ?Parent Member Cascade?",
  "DataType": "picklist",
  "MeasureType": "Regular",
  "AggregateFunction": "DistinctSum",
  "FormatString": "#,##0;(#,##0)",
  "MeasureColumnName": "BehaviorIdentifier",
  "MeasureFormula": "",
  "IsEditable": true,
  "ApplyConversion": false,
  "ConversionFormula": "",
  "PickListName": "DeleteObsoleteMembersBehaviorPicklist",
  "BgColorFormula": "",
  "FgColorFormula": "",
  "TrendFormula": "",
  "FormattingViewModel": null,
  "ParentMeasureName": null,
  "AssociationMeasure": false,
  "IsComputedByPlanningService": false,
  "ToolTip": "Choose Between the Deletion Behavior",
  "ConfigJson": {},
  "ApiName": null,
  "ApiDisabled": false,
  "IsReportingMeasure": false,
  "MeasureConditionalFormulaProperties": [],
  "PicklistSource": null
}