{
  "AttributeName": "Barcode UOM",
  "AttributeId": "cb1c05b0-0aeb-5dca-e8ae-ec5dffe1c196",
  "AttributeHierarchyEnabled": true,
  "IsKey": false,
  "Description": "Base UOM against which the data will be received for unit size from syndicated data sources",
  "OrderBy": "Key",
  "KeyColumnName": "BarcodeUOMKey",
  "NameColumnName": "BarcodeUOMName",
  "KeyColumnDataType": "integer",
  "SeedTags": false,
  "KeyGenerationType": "Auto",
  "PickListName": null,
  "ConfigJson": {
    "ShowFilterAs": "TileView",
    "MemberDisplayNameEditable": true,
    "IsMultipleImage": false,
    "MemberDisplayColor": false
  },
  "FormatString": null,
  "Translation": null,
  "Aliases": [],
  "ApiName": null,
  "ApiDisabled": false,
  "FgColorFormula": "",
  "BgColorFormula": "",
  "IsReservedBySystem": false
}