{
  "AttributeName": "Parameter Name",
  "AttributeId": "99a3f862-b404-0566-d50a-e70f1d097373",
  "AttributeHierarchyEnabled": true,
  "IsKey": true,
  "Description": "Parameter Name",
  "OrderBy": "Name",
  "KeyColumnName": "ParameterNameKey",
  "NameColumnName": "ParameterNameName",
  "KeyColumnDataType": "integer",
  "SeedTags": false,
  "KeyGenerationType": "Auto",
  "PickListName": null,
  "ConfigJson": {
    "ShowFilterAs": "TileView",
    "MemberDisplayNameEditable": true,
    "IsMultipleImage": false,
    "MemberDisplayColor": false
  },
  "FormatString": null,
  "Translation": null,
  "Aliases": [],
  "ApiName": null,
  "ApiDisabled": false,
  "ToolTip": "Parameter Name",
  "FgColorFormula": null,
  "BgColorFormula": null,
  "IsReservedBySystem": false
}