{
  "MeasureGroupName": "020.003 MN Priority Rules",
  "MeasureGroupId": "e510cd3c-e578-4daf-8a32-003769ce2dbc",
  "ParentMeasureGroupName": null,
  "HasShadow": false,
  "MeasureGroupDescription": "Material Node Priority rules definition",
  "MeasureGroupType": "Regular",
  "FactTableName": "Fact020.003MNPriorityRules",
  "SchemaMajorVersion": 0,
  "ConfigJson": {},
  "ApiName": null,
  "Repartition": false,
  "Unpartition": false,
  "ApiEnabled": false,
  "DimensionUsages": [
    {
      "DimensionName": "Version",
      "AttributeName": "Version Name",
      "SortOrder": 0,
      "DimensionType": "Regular"
    },
    {
      "DimensionName": "Prioritization",
      "AttributeName": "Priority Rule",
      "SortOrder": 1,
      "DimensionType": "Regular"
    },
    {
      "DimensionName": "Demand Priority Group",
      "AttributeName": "Priority Group",
      "SortOrder": 2,
      "DimensionType": "Regular"
    }
  ]
}