{
  "AttributeName": "To Location",
  "AttributeId": "a516e912-f92b-4ed4-bc2c-d182b095821d",
  "AttributeHierarchyEnabled": true,
  "IsKey": false,
  "Description": "To Location",
  "OrderBy": "Name",
  "KeyColumnName": "ToLocationKey",
  "NameColumnName": "ToLocationName",
  "KeyColumnDataType": "integer",
  "SeedTags": true,
  "KeyGenerationType": "Auto",
  "PickListName": null,
  "ConfigJson": {
    "ShowFilterAs": "TileView"
  },
  "FormatString": null,
  "Translation": null,
  "Aliases": [],
  "ApiName": null,
  "ApiDisabled": false
}