{
  "MeasureGroupName": "001.008 Staging Info",
  "MeasureGroupId": "547370a2-5502-46d0-aec4-0ade7ebbe469",
  "ParentMeasureGroupName": null,
  "HasShadow": false,
  "MeasureGroupDescription": "001.008 Staging Info",
  "MeasureGroupType": "Regular",
  "FactTableName": "Fact001.008StagingInfo",
  "SchemaMajorVersion": 0,
  "ConfigJson": {},
  "ApiName": null,
  "Repartition": false,
  "Unpartition": false,
  "ApiEnabled": false,
  "DimensionUsages": [
    {
      "DimensionName": "Version",
      "AttributeName": "Version Name",
      "SortOrder": 0,
      "DimensionType": "Regular"
    },
    {
      "DimensionName": "Staging Info",
      "AttributeName": "Serial No",
      "SortOrder": 1,
      "DimensionType": "Regular"
    }
  ]
}