{
  "MeasureName": "Country Receipt Week4",
  "MeasureId": "a2de85df-9979-3f47-f168-017ab1910bc3",
  "MeasureDescription": "Country Receipt Week4",
  "DataType": "datetime",
  "MeasureType": "Regular",
  "AggregateFunction": "Max",
  "FormatString": "dd-MMM-yyyy",
  "MeasureColumnName": "CountryReceiptWeek4",
  "MeasureFormula": "",
  "IsEditable": true,
  "ApplyConversion": false,
  "ConversionFormula": "",
  "PickListName": null,
  "BgColorFormula": "",
  "FgColorFormula": "",
  "TrendFormula": "",
  "FormattingViewModel": "[]",
  "ParentMeasureName": null,
  "AssociationMeasure": false,
  "IsComputedByPlanningService": false,
  "ToolTip": "Country Receipt Week4",
  "ConfigJson": {},
  "ApiName": null,
  "ApiDisabled": false,
  "IsReportingMeasure": false,
  "MeasureConditionalFormulaProperties": [],
  "PicklistSource": null
}