{
  "AttributeName": "IL2",
  "AttributeId": "a1fea5e7-ac4d-4bf5-b1fe-337c937acee4",
  "AttributeHierarchyEnabled": true,
  "IsKey": false,
  "Description": "L2 Initiatives",
  "OrderBy": "Name",
  "KeyColumnName": "L2Key",
  "NameColumnName": "L2Name",
  "KeyColumnDataType": "integer",
  "SeedTags": true,
  "KeyGenerationType": "Auto",
  "PickListName": null,
  "ConfigJson": {
    "ShowFilterAs": "TileView",
    "MemberDisplayNameEditable": true,
    "IsMultipleImage": false,
    "MemberDisplayColor": false
  },
  "FormatString": null,
  "Translation": null,
  "Aliases": [],
  "ApiName": null,
  "ApiDisabled": false
}