{
  "AttributeName": "Component L2",
  "AttributeId": "d2d3e9c0-55ef-e648-169b-69eec78f4b82",
  "AttributeHierarchyEnabled": true,
  "IsKey": false,
  "Description": "Component L2",
  "OrderBy": "Name",
  "KeyColumnName": "ComponentL2Key",
  "NameColumnName": "ComponentL2Name",
  "KeyColumnDataType": "integer",
  "SeedTags": false,
  "KeyGenerationType": "Auto",
  "PickListName": null,
  "ConfigJson": {
    "ShowFilterAs": "TileView",
    "MemberDisplayNameEditable": true,
    "IsMultipleImage": false,
    "MemberDisplayColor": false
  },
  "FormatString": null,
  "Translation": null,
  "Aliases": [],
  "ApiName": null,
  "ApiDisabled": false,
  "FgColorFormula": null,
  "BgColorFormula": null,
  "IsReservedBySystem": false
}