{
  "Name": "Inputs",
  "ViewId": "2d3dd431-788b-ef6d-21fa-7a5f2df67ff9",
  "ContentType": "Regular",
  "Title": "Inputs",
  "Position": 1,
  "IsDefault": false,
  "Resource": null,
  "RazorViewTemplate": "_containers",
  "ConfigJson": {
    "WidgetContainers": {
      "Containers": [
        1
      ],
      "Key": 0,
      "IsModified": false,
      "ViewSpread": {
        "RowLevel": 60,
        "ColLevel": 12
      },
      "Data": [
        {
          "Id": "c03d66c2-f9e4-4c16-99db-26929c7a4bc9",
          "Col": 0,
          "Row": 0,
          "SizeX": 12,
          "SizeY": 60
        }
      ]
    },
    "CompactMode": false,
    "IsHidden": false
  },
  "Roles": [
    "public"
  ]
}