{
  "MeasureName": "Delete Scenario Final",
  "MeasureId": "dd461f8c-9d30-4ec6-a7df-755bb33f8ba2",
  "MeasureDescription": "Final Measure combining manual and scenario age exceeding",
  "DataType": "boolean",
  "MeasureType": "Regular",
  "AggregateFunction": "Sum",
  "FormatString": "#",
  "MeasureColumnName": "DeleteScenarioFinal",
  "MeasureFormula": "",
  "IsEditable": false,
  "ApplyConversion": false,
  "ConversionFormula": "",
  "PickListName": null,
  "BgColorFormula": null,
  "FgColorFormula": null,
  "TrendFormula": null,
  "FormattingViewModel": null,
  "ParentMeasureName": null,
  "AssociationMeasure": false,
  "IsComputedByPlanningService": false,
  "ToolTip": "Final Measure combining manual and scenario age exceeding",
  "ConfigJson": {},
  "ApiName": null,
  "ApiDisabled": false,
  "IsReportingMeasure": false,
  "MeasureConditionalFormulaProperties": [],
  "PicklistSource": null
}