{
  "AttributeName": "Delivery Schedule",
  "AttributeId": "e3166dfa-19db-1a44-3786-64836efbbbb0",
  "AttributeHierarchyEnabled": true,
  "IsKey": true,
  "Description": "Document Schedule",
  "OrderBy": "Name",
  "KeyColumnName": "DeliveryScheduleKey",
  "NameColumnName": "DeliveryScheduleName",
  "KeyColumnDataType": "integer",
  "SeedTags": true,
  "KeyGenerationType": "Auto",
  "PickListName": null,
  "ConfigJson": {
    "ShowFilterAs": "TileView",
    "MemberDisplayNameEditable": true,
    "IsMultipleImage": false,
    "MemberDisplayColor": false
  },
  "FormatString": null,
  "Translation": null,
  "Aliases": [],
  "ApiName": null,
  "ApiDisabled": false,
  "FgColorFormula": "",
  "BgColorFormula": "",
  "IsReservedBySystem": false
}