{
  "Name": "MFGProducedItemsInfo",
  "Description": "Information",
  "ActionButtonId": "fc71c27e-1555-4978-820a-3eec5877155f",
  "Tooltip": "Information",
  "ActionButtonType": "Widget",
  "Alignment": "right",
  "IsPopOver": true,
  "IsGlobal": true,
  "ActionClickHandler": null,
  "Icon": null,
  "Image": null,
  "ConfigJson": {
    "icon": "info-circle",
    "SubmitButton": {
      "Label": "Submit"
    },
    "ResetButton": {
      "Label": "Reset"
    },
    "CloseButton": {
      "Label": "Close",
      "ConfirmMessage": "Unsaved changes will be lost. Continue?"
    },
    "NotifyAll": false,
    "IBPLRules": [],
    "JavascriptRules": [],
    "FieldBindings": [
      {
        "fieldName": "Information",
        "title": "Information",
        "type": "info",
        "clearSearch": true,
        "source": "literal",
        "defaultValue": "<b>Produced Items</b>  <p align = \"left\">This table contains the BOMID and the produced Item information at a plant location.The fields with the prefix ERP represents the data extracted from the ERP tables and the field with o9 can be used to override the ERP data. </p><p>BOM Quantity per value should be greater than or equals to 0 and not more than 1. A value of zero represents no production using the BOMID. Date effectivity can be used to control the start and the end date of the BOM. An item is producible only between the start and date date. A null start date means the BOMID can be used from the solver start date and the null end date represents the production will continue till the solver end date. <p align = \"left\"><b>Link Filters: </b>Clicking on the &quotChain&quot icon in Actions column will allow to display Consumed items (in below table) for the selected BOM ID</p>",
        "visible": true,
        "isEditable": false,
        "validation": {
          "maxLength": "0",
          "required": true
        }
      }
    ],
    "DataSources": [],
    "AutoExecute": false,
    "isAsync": false,
    "hasMembersUpdates": false,
    "Compact": false,
    "TwoColumn": false,
    "IsGlobalForExcelAddIn": false,
    "ReturnFilterByUpdate": false,
    "FilterFieldBindings": []
  },
  "Widget": null
}