{
  "Name": "APInfoROS01",
  "Description": "Information",
  "ActionButtonId": "03c8a058-150d-1e3b-35a8-d23c63f16b3c",
  "Tooltip": "Report Information",
  "ActionButtonType": "Widget",
  "Alignment": "right",
  "IsPopOver": true,
  "IsGlobal": true,
  "ActionClickHandler": null,
  "Icon": null,
  "Image": null,
  "ConfigJson": {
    "icon": "info-circle",
    "SubmitButton": {
      "Label": " "
    },
    "ResetButton": {},
    "CloseButton": {
      "Label": " "
    },
    "NotifyRoles": false,
    "NotifyAll": false,
    "IBPLRules": [],
    "JavascriptRules": [],
    "FieldBindings": [
      {
        "fieldName": "Information",
        "title": "Information",
        "type": "info",
        "clearSearch": true,
        "source": "literal",
        "defaultValue": "<!DOCTYPE html> <html lang=\"en\">  <head>     <meta charset=\"UTF-8\">     <meta name=\"viewport\" content=\"width=device-width, initial-scale=1.0\">     <title>Rate of Sale Overview</title> </head>  <body style=\"text-align: left;\">     <p align=\"left\"><strong>Overview</strong></p>     <p align=\"left\">Rate of Sale (ROS) refers to the speed at which products are sold over a specific period.          <br>        <br>          The ROS value is further used in the following process :        <br>        <br>          1. Options Planning : Determine the options count based on Sales Quantity, ASP , Time on Offer and Options Count        <br>  <br>          2. Line Build : Determine the aggregated ROS for each style color at Country * Channel level        <br>  <br>          3. Range Plan : Determine the ROS for each style color at Country * Channel * Cluster* Store level        <br>     </p>     <p align=\"left\"><strong>How to Use</strong></p>     <p align=\"left\">         Planner selects the relevant Class, Channel, Country, and Selling Season for which he/she want to calculate ROS and execute \"Calculate ROS\" action button. Select the Product Seasons for the historical Style Colors and based on this selection, the Historical Period value will popup where user can select the required months.     </p>     <p align=\"left\"><strong>Output</strong></p>     <p align=\"left\">Planner can overview the ROS for each Class * Country * Channel * PAG combination.     </p> </body>  </html>",
        "visible": true,
        "isEditable": true,
        "validation": {
          "maxLength": "0",
          "required": true
        }
      }
    ],
    "Range": [],
    "DataSources": [],
    "AutoExecute": false,
    "isAsync": false,
    "hasMembersUpdates": false,
    "Compact": false,
    "TwoColumn": false,
    "IsGlobalForExcelAddIn": false,
    "ReturnFilterByUpdate": false,
    "ExcludeFromNavLink": false,
    "FilterFieldBindings": []
  },
  "Widget": null,
  "Roles": []
}