{
  "MeasureName": "Location Location Region Mapping",
  "MeasureId": "ab762732-37d1-4608-9a83-3612d0a6146d",
  "MeasureDescription": "IDB SP - Location Location Region Mapping",
  "DataType": "string",
  "MeasureType": "Regular",
  "AggregateFunction": "Null",
  "FormatString": "#,##0;(#,##0)",
  "MeasureColumnName": "LocationLocationRegionMapping_1",
  "MeasureFormula": "",
  "IsEditable": true,
  "ApplyConversion": false,
  "ConversionFormula": "",
  "PickListName": null,
  "BgColorFormula": "",
  "FgColorFormula": "",
  "TrendFormula": "",
  "FormattingViewModel": null,
  "ParentMeasureName": null,
  "AssociationMeasure": false,
  "IsComputedByPlanningService": false,
  "ToolTip": "Location Location Region Mapping",
  "ConfigJson": {},
  "ApiName": null,
  "ApiDisabled": false,
  "IsReportingMeasure": false,
  "MeasureConditionalFormulaProperties": [],
  "PicklistSource": null
}