{
  "MeasureName": "SP Perm MD Ttl %",
  "MeasureId": "fede57ab-c39d-f6c7-3744-e8a03778bf2c",
  "MeasureDescription": "SP Perm MarkDown  Total %",
  "DataType": "number",
  "MeasureType": "Regular",
  "AggregateFunction": "Computed",
  "FormatString": "0.00%",
  "MeasureColumnName": "SPPermMDTtl%",
  "MeasureFormula": "Measure.[SP Perm MD Rtl] + Measure.[SP POS MD Rtl]",
  "IsEditable": false,
  "ApplyConversion": false,
  "ConversionFormula": "",
  "PickListName": null,
  "BgColorFormula": "",
  "FgColorFormula": "",
  "TrendFormula": "",
  "FormattingViewModel": null,
  "ParentMeasureName": null,
  "AssociationMeasure": false,
  "IsComputedByPlanningService": false,
  "ToolTip": "SP Perm MarkDown  Total %",
  "ConfigJson": {},
  "ApiName": null,
  "ApiDisabled": false,
  "IsReportingMeasure": false,
  "MeasureConditionalFormulaProperties": [],
  "PicklistSource": null
}