{
  "Name": "o9EKGInOdmMatchWidget",
  "Description": null,
  "ActionButtonId": "183c939b-136a-8ec1-0273-7a72fc1d7bd9",
  "Tooltip": "IN-ODM Match for user inputs",
  "ActionButtonType": "Widget",
  "Alignment": "right",
  "IsPopOver": true,
  "IsGlobal": true,
  "ActionClickHandler": null,
  "Icon": null,
  "Image": null,
  "ConfigJson": {
    "icon": "arrows-h",
    "SubmitButton": {
      "Label": "Start IN-ODM Match",
      "ProgressMessage": "Please wait 3 mins approx for the validation errors to show up in the \"Errors\" report below"
    },
    "ResetButton": {
      "Label": "Reset"
    },
    "CloseButton": {
      "Label": "Close",
      "ConfirmMessage": "Unsaved changes will be lost. Continue?"
    },
    "NotifyAll": false,
    "IBPLRules": [
      {
        "template": "//Empty Validation Errors//\n\nDELETE DATA FOR MODEL [o9EKG Validation Errors] WHERE {Version.[Version Name].[CurrentWorkingView], [o9EKG Customer].[Project Name].[{{Project}}]};"
      },
      {
        "template": "//Run validation plugin//\n\nExec plugin instance o9EKG_InOdmMatch for measures {[o9EKG Field Name]}  using scope (&CWV * [o9EKG Customer].[Project Name].[{{Project}}] ) ;"
      }
    ],
    "JavascriptRules": [],
    "FieldBindings": [
      {
        "fieldName": "Project",
        "title": "Project Name",
        "type": "string",
        "fieldGroup": "Customer Info",
        "selectionType": "single",
        "clearSearch": true,
        "source": "filter",
        "DimensionName": "o9EKG Customer",
        "LevelAttributeName": "Project Name",
        "visible": true,
        "isEditable": true,
        "validation": {
          "maxLength": "0",
          "required": true
        }
      }
    ],
    "Range": [],
    "DataSources": [],
    "AutoExecute": false,
    "isAsync": false,
    "hasMembersUpdates": false,
    "Compact": false,
    "TwoColumn": false,
    "IsGlobalForExcelAddIn": false,
    "ReturnFilterByUpdate": false,
    "ExcludeFromNavLink": false,
    "FilterFieldBindings": []
  },
  "Widget": null,
  "Roles": [
    "admin",
    "EKG_PMM_DI"
  ]
}