{
  "MeasureGroupName": "010 Process Activity SP Status Measures",
  "MeasureGroupId": "1693510b-f135-4ff8-62c4-ee539b2c3188",
  "ParentMeasureGroupName": null,
  "HasShadow": false,
  "MeasureGroupDescription": "Measures to capture and associate the approval status and date at Business Unit level",
  "MeasureGroupType": "Regular",
  "FactTableName": "Fact010ProcessActivitySPStatusMeasures",
  "SchemaMajorVersion": 0,
  "ConfigJson": {},
  "ApiName": null,
  "Repartition": false,
  "Unpartition": false,
  "ApiEnabled": false,
  "DimensionUsages": [
    {
      "DimensionName": "Version",
      "AttributeName": "Version Name",
      "SortOrder": 0,
      "DimensionType": "Regular"
    },
    {
      "DimensionName": "Process",
      "AttributeName": "Process",
      "SortOrder": 1,
      "DimensionType": "Regular"
    },
    {
      "DimensionName": "Item",
      "AttributeName": "L6",
      "SortOrder": 2,
      "DimensionType": "Regular"
    }
  ]
}