{
  "AttributeName": "File Status",
  "AttributeId": "389145cc-b7f5-419f-bcee-0d74a1b7ddf7",
  "AttributeHierarchyEnabled": true,
  "IsKey": true,
  "Description": "File Status",
  "OrderBy": "Name",
  "KeyColumnName": "FileStatusKey",
  "NameColumnName": "FileStatusName",
  "KeyColumnDataType": "integer",
  "SeedTags": false,
  "KeyGenerationType": "Auto",
  "PickListName": null,
  "ConfigJson": {
    "ShowFilterAs": "TileView",
    "MemberDisplayNameEditable": true,
    "IsMultipleImage": false
  },
  "FormatString": null,
  "Translation": null,
  "Aliases": [],
  "ApiName": null,
  "ApiDisabled": false
}