{
  "HierarchyName": "CT Telescopic Hierarchy",
  "HierarchyId": "cf905e2a-55a4-4797-876f-61c04113606b",
  "HierarchyDescription": "Telescopic Hierarchy for Daily Planning",
  "Translations": [],
  "Levels": [
    {
      "LevelName": "All Time",
      "LevelId": "76fcb8ea-475d-4e4f-9c3b-2f3fcfebbef4",
      "SourceAttributeName": "All Time",
      "LevelDescription": "All level in time dimension to enable aggregation without dropping time dimension in case time dimension can't be dropped from the view ",
      "LevelPosition": 0,
      "Translations": []
    },
    {
      "LevelName": "Planning Year",
      "LevelId": "d89362df-2606-4aaa-802e-a2e86755a3ed",
      "SourceAttributeName": "Planning Year",
      "LevelDescription": "Planning year in time dimension",
      "LevelPosition": 1,
      "Translations": []
    },
    {
      "LevelName": "Planning Quarter",
      "LevelId": "f53d6897-5528-4b73-8f0e-aa8a491242d6",
      "SourceAttributeName": "Planning Quarter",
      "LevelDescription": "Quarter in time dimension ",
      "LevelPosition": 2,
      "Translations": []
    },
    {
      "LevelName": "Planning Month",
      "LevelId": "c8260ef6-f616-4a93-a441-6869746c7e4f",
      "SourceAttributeName": "Planning Month",
      "LevelDescription": "Month in time dimension",
      "LevelPosition": 3,
      "Translations": []
    },
    {
      "LevelName": "Week",
      "LevelId": "efba77b2-551a-49e3-9f65-941917220097",
      "SourceAttributeName": "Week",
      "LevelDescription": "Week in time dimension. Default level for supply planning w.r.t. time.",
      "LevelPosition": 4,
      "Translations": []
    },
    {
      "LevelName": "CT Telescopic Reporting",
      "LevelId": "4199a6e7-975d-482d-8fa8-9817077ddd42",
      "SourceAttributeName": "CT Telescopic Reporting",
      "LevelDescription": "Reporting attribute for CT Telescopic",
      "LevelPosition": 5,
      "Translations": []
    },
    {
      "LevelName": "CT Telescopic",
      "LevelId": "51f7593f-3897-4592-bb2f-73982b43cb1e",
      "SourceAttributeName": "CT Telescopic",
      "LevelDescription": "Telescopic attribute for daily planning",
      "LevelPosition": 6,
      "Translations": []
    },
    {
      "LevelName": "Day",
      "LevelId": "c23b0750-5245-4f9a-9324-a9f6cd82a2fc",
      "SourceAttributeName": "Day",
      "LevelDescription": "Day in time dimension. Lowest level in time dimension, but not necessarily the level of planning. ",
      "LevelPosition": 7,
      "Translations": []
    }
  ]
}