{
  "HierarchyName": "Planning Hierarchy",
  "HierarchyId": "c4ec7aff-34af-434d-bace-2749c01454f0",
  "HierarchyDescription": "Planning Hierarchy",
  "Translations": [],
  "Levels": [
    {
      "LevelName": "All Time",
      "LevelId": "772d04c3-a649-43b4-adde-732309994088",
      "SourceAttributeName": "All Time",
      "LevelDescription": "All Time",
      "LevelPosition": 0,
      "Translations": []
    },
    {
      "LevelName": "Planning Year",
      "LevelId": "e4f87faf-eb33-4207-b4cd-82ae856b7237",
      "SourceAttributeName": "Planning Year",
      "LevelDescription": "Planning Year",
      "LevelPosition": 1,
      "Translations": []
    },
    {
      "LevelName": "Planning Quarter",
      "LevelId": "cbdfa7bc-3fc0-47c9-82bb-c8c32eeccef1",
      "SourceAttributeName": "Planning Quarter",
      "LevelDescription": "Planning Quarter",
      "LevelPosition": 2,
      "Translations": []
    },
    {
      "LevelName": "Planning Month",
      "LevelId": "5e6182d2-3001-46ff-9f93-c9990bed98a2",
      "SourceAttributeName": "Planning Month",
      "LevelDescription": "Planning Month",
      "LevelPosition": 3,
      "Translations": []
    },
    {
      "LevelName": "Week",
      "LevelId": "56787937-629e-4e24-8749-4543b450432d",
      "SourceAttributeName": "Week",
      "LevelDescription": "Week",
      "LevelPosition": 4,
      "Translations": []
    },
    {
      "LevelName": "Partial Week",
      "LevelId": "202aba4e-5b1d-4ebd-af52-ea72cfdc9c49",
      "SourceAttributeName": "Partial Week",
      "LevelDescription": "Partial Week",
      "LevelPosition": 5,
      "Translations": []
    },
    {
      "LevelName": "Day",
      "LevelId": "014b17b1-2dd8-47ab-a7af-52ad0e605ece",
      "SourceAttributeName": "Day",
      "LevelDescription": "Day",
      "LevelPosition": 6,
      "Translations": []
    }
  ]
}