{
  "Name": "o9EKGGenerateTimeMasterPipeline",
  "Description": null,
  "ActionButtonId": "c915196c-6dca-be38-a1fb-6d8e4970dcde",
  "Tooltip": "Fetch Time Master Settings",
  "ActionButtonType": "Rule",
  "Alignment": "right",
  "IsPopOver": true,
  "IsGlobal": false,
  "ActionClickHandler": null,
  "Icon": null,
  "Image": null,
  "ConfigJson": {
    "icon": "clock-o",
    "Position": "0",
    "SubmitButton": {
      "Label": "Submit",
      "ErrorMessage": "Failed to Generate Time Master Pipeline. Please check error logs.",
      "ProgressMessage": "Please wait for 2 minutes while your Time Master settings from EKGC are being fetched."
    },
    "ResetButton": {
      "Label": "Reset"
    },
    "CloseButton": {
      "Label": "Close",
      "ConfirmMessage": "Unsaved changes will be lost. Continue?"
    },
    "NotifyRoles": false,
    "NotifyAll": false,
    "IBPLRules": [
      {
        "template": "// Exec Plugin//\n\nEXEC plugin instance ExecuteTimeUtilityPipeline;"
      }
    ],
    "JavascriptRules": [],
    "FieldBindings": [
      {
        "fieldName": "Info",
        "title": "Info",
        "type": "info",
        "clearSearch": true,
        "source": "literal",
        "defaultValue": "<div style=\"height:200px; margin-top:10px; display:flex; justify-content:center; align-items:center; background-color:transparent; text-align:center;\">     <p> Time Generator Parameters will be fetch from EKGC settings. </p> </div>",
        "visible": true,
        "isEditable": true,
        "validation": {
          "maxLength": "0",
          "required": true
        }
      }
    ],
    "Range": [],
    "DataSources": [],
    "AutoExecute": false,
    "isAsync": true,
    "hasMembersUpdates": false,
    "Compact": true,
    "TwoColumn": false,
    "IsGlobalForExcelAddIn": false,
    "ExcludeFromNavLink": false,
    "FilterFieldBindings": []
  },
  "Widget": null,
  "Roles": []
}