{
  "MeasureName": "Open to Assort",
  "MeasureId": "fd9fc1fb-8565-526b-b26e-b5a6a808869f",
  "MeasureDescription": "Difference between options count and ranged options",
  "DataType": "number",
  "MeasureType": "Regular",
  "AggregateFunction": "Computed",
  "FormatString": "#,##0; (#,##0)",
  "MeasureColumnName": "OpentoAssort",
  "MeasureFormula": "if (~isnull(Measure.[Options Count AP]) || ~isnull(Measure.[Ranged Options Count])) then (round(coalesce(Measure.[Options Count AP],0) - coalesce(Measure.[Ranged Options Count],0))) else null",
  "IsEditable": false,
  "ApplyConversion": false,
  "ConversionFormula": "",
  "PickListName": null,
  "BgColorFormula": "",
  "FgColorFormula": "",
  "TrendFormula": " IF(Measure.[Open to Assort]<0) then 13 else  IF(Measure.[Open to Assort]==0) then 14 else  IF(Measure.[Open to Assort]>0) then 10",
  "FormattingViewModel": "[\r\n  {\r\n    \"INDICATOR\": \"13\",\r\n    \"Condition\": \"Measure.[Open to Assort]<0\"\r\n  },\r\n  {\r\n    \"INDICATOR\": \"14\",\r\n    \"Condition\": \"Measure.[Open to Assort]==0\"\r\n  },\r\n  {\r\n    \"INDICATOR\": \"10\",\r\n    \"Condition\": \"Measure.[Open to Assort]>0\"\r\n  }\r\n]",
  "ParentMeasureName": null,
  "AssociationMeasure": false,
  "IsComputedByPlanningService": false,
  "ToolTip": "Options Strategy Count - Ranged Options Count",
  "ConfigJson": {},
  "ApiName": null,
  "ApiDisabled": false,
  "IsReportingMeasure": true,
  "MeasureConditionalFormulaProperties": [
    {
      "MeasureName": null,
      "ConditionalFormula": "Measure.[Open to Assort]<0",
      "BGCOLOR": "",
      "LegendText": "",
      "DisplayOrder": 0
    },
    {
      "MeasureName": null,
      "ConditionalFormula": "Measure.[Open to Assort]==0",
      "BGCOLOR": "",
      "LegendText": "",
      "DisplayOrder": 1
    },
    {
      "MeasureName": null,
      "ConditionalFormula": "Measure.[Open to Assort]>0",
      "BGCOLOR": "",
      "LegendText": "",
      "DisplayOrder": 2
    }
  ],
  "PicklistSource": null
}