{
  "MeasureName": "D Capacity RCA Quantity_To Location",
  "MeasureId": "ea57b45e-ea24-4db5-bdea-d640b543a971",
  "MeasureDescription": "Additive Capacity Root Cause Quantity at Demand Node",
  "DataType": "integer",
  "MeasureType": "Regular",
  "AggregateFunction": "Sum",
  "FormatString": "#,##0; (#,##0)",
  "MeasureColumnName": "DCapacityRCAQuantity_ToLocation",
  "MeasureFormula": "",
  "IsEditable": false,
  "ApplyConversion": false,
  "ConversionFormula": "",
  "PickListName": null,
  "BgColorFormula": "",
  "FgColorFormula": "",
  "TrendFormula": "",
  "FormattingViewModel": null,
  "ParentMeasureName": null,
  "AssociationMeasure": false,
  "IsComputedByPlanningService": false,
  "ToolTip": "Additive Capacity Root Cause Quantity at Demand Node",
  "ConfigJson": {},
  "ApiName": null,
  "ApiDisabled": false,
  "IsReportingMeasure": false,
  "MeasureConditionalFormulaProperties": [],
  "PicklistSource": null
}