{
  "AttributeName": "Currency Locale",
  "AttributeId": "58ba57ae-3bf5-4d4c-b17c-c7f1e0e36afd",
  "AttributeHierarchyEnabled": false,
  "IsKey": false,
  "Description": "Currency Locale",
  "OrderBy": "Key",
  "KeyColumnName": "CurrencyLocaleKey",
  "NameColumnName": null,
  "KeyColumnDataType": "locale",
  "SeedTags": false,
  "KeyGenerationType": null,
  "PickListName": null,
  "ConfigJson": {},
  "FormatString": "#",
  "Translation": null,
  "Aliases": [],
  "ApiName": null,
  "ApiDisabled": false
}