{
  "Name": "SupplyPlan066DDownStreamDemandSelection",
  "Description": "To select down stream demands depending on a material node",
  "ActionButtonId": "03cba365-6382-8ff0-f642-53d742ccf398",
  "Tooltip": "User Defined Downstream Selection",
  "ActionButtonType": "Widget",
  "Alignment": "right",
  "IsPopOver": true,
  "IsGlobal": true,
  "ActionClickHandler": null,
  "Icon": null,
  "Image": null,
  "ConfigJson": {
    "icon": "arrow-circle-down",
    "SubmitButton": {
      "Label": "Submit"
    },
    "ResetButton": {
      "Label": "Reset"
    },
    "CloseButton": {
      "Label": "Close",
      "ConfirmMessage": "Unsaved changes will be lost. Continue?"
    },
    "NotifyAll": false,
    "IBPLRules": [
      {
        "template": "//Populating Downstream Flag-------------------\n\n{{#if DItem}}\n\nscope: ([Version].[Version Name]{{#filter Version}} * [Location].[Location]{{#filter DLocation}} * [Item].[Item]{{#filter DItem}});\nMeasure.[Downstream Node Flag] = Edge.[004.001D Item Where Used].[D Upstream Network Item Primary Path Flag]@(To.[Location].[Location], To.[Item].[Item]);\nend scope;\n\n{{/if}}\n\n{{#if RDItem}}\n\nscope: ([Version].[Version Name]{{#filter Version}} * [Location].[Location]{{#filter RDLocation}} * [Item].[Item]{{#filter RDItem}});\nMeasure.[Downstream Node Flag] = Edge.[004.001D Item Where Used].[D Upstream Network Item Primary Path Flag]@(To.[Location].[Location], To.[Item].[Item]);\nend scope;\n\n{{/if}}"
      },
      {
        "template": "//Populating Demand Incremental Flag for all Downstream nodes------------------------\n\n{{#if DItem}}\n\nscope: ([Demand Type].[Demand Type]{{#filter DemandType}} * [Version].[Version Name]{{#filter Version}} * [Demand].[DemandID] * [Location].[Location]{{#filter DLocation}} * [Sales Domain].[Customer Group]{{#filter CustGroup}} * [Time].[Day]{{#filter Day}} * [Item].[Item]{{#filter DItem}});\nMeasure.[D Demand Incremental Flag Input] = if((Measure.[Downstream Node Flag]> 0) && (Measure.[D Demand Quantity to SCS] > 0)) then True;\nend scope;\n\n{{/if}}\n\n{{#if RDItem}}\n\nscope: ([Demand Type].[Demand Type]{{#filter DemandType}} * [Version].[Version Name]{{#filter Version}} * [Demand].[DemandID] * [Location].[Location]{{#filter RDLocation}} * [Sales Domain].[Customer Group]{{#filter CustGroup}} * [Time].[Day]{{#filter Day}} * [Item].[Item]{{#filter RDItem}});\nMeasure.[D Demand Incremental Flag Input] = if((Measure.[Downstream Node Flag]> 0) && (Measure.[D Demand Quantity to SCS] > 0)) then True;\nend scope;\n\n{{/if}}"
      }
    ],
    "JavascriptRules": [],
    "FieldBindings": [
      {
        "fieldName": "Version",
        "title": "Version",
        "Description": "Version",
        "type": "picklistDropdown",
        "selectionType": "single",
        "clearSearch": true,
        "source": "filter",
        "DimensionName": "Version",
        "LevelAttributeName": "Version Name",
        "visible": true,
        "isEditable": true,
        "validation": {
          "maxLength": "0",
          "required": true
        }
      },
      {
        "fieldName": "ItemType",
        "title": "Item Type",
        "Description": "Select Item Type",
        "type": "picklistDropdown",
        "fieldGroup": "Material Node",
        "selectionType": "multiple",
        "clearSearch": true,
        "select": "ALL",
        "source": "members",
        "DimensionName": "Item",
        "LevelAttributeName": "Item Type",
        "visible": true,
        "isEditable": true,
        "validation": {
          "maxLength": "0",
          "required": false
        }
      },
      {
        "fieldName": "Item",
        "title": "Item",
        "Description": "Select Item",
        "type": "picklistDropdown",
        "fieldGroup": "Material Node",
        "selectionType": "multiple",
        "clearSearch": true,
        "select": "NONE",
        "source": "datasource",
        "key": "ItemDS",
        "valueField": "Name",
        "textField": "Name",
        "overrideFieldBindingType": false,
        "visible": true,
        "isEditable": true,
        "cascadeFrom": "ItemType",
        "validation": {
          "maxLength": "0",
          "required": false
        }
      },
      {
        "fieldName": "Location",
        "title": "Location",
        "Description": "Select the Location",
        "type": "picklistDropdown",
        "fieldGroup": "Material Node",
        "selectionType": "multiple",
        "clearSearch": true,
        "select": "NONE",
        "source": "datasource",
        "key": "LocationDS",
        "valueField": "Name",
        "textField": "Name",
        "visible": true,
        "isEditable": true,
        "cascadeFrom": "Item",
        "validation": {
          "maxLength": "0",
          "required": false
        },
        "overrideFieldBindingType": false
      },
      {
        "fieldName": "DItem",
        "title": "Downstream Items",
        "Description": "Items that are effected by the Material Node",
        "type": "picklistDropdown",
        "fieldGroup": "Material Node - Downstream Nodes",
        "selectionType": "multiple",
        "clearSearch": true,
        "select": "ALL",
        "source": "datasource",
        "key": "DItemDS",
        "valueField": "Item",
        "textField": "Item",
        "visible": true,
        "isEditable": true,
        "cascadeFrom": "Location",
        "validation": {
          "maxLength": "0",
          "required": false
        },
        "overrideFieldBindingType": false
      },
      {
        "fieldName": "DLocation",
        "title": "Downstream Locations",
        "Description": "Locations that are effected by the Material Node",
        "type": "picklistDropdown",
        "fieldGroup": "Material Node - Downstream Nodes",
        "selectionType": "multiple",
        "clearSearch": true,
        "select": "ALL",
        "source": "datasource",
        "key": "DLocationDS",
        "valueField": "Location",
        "textField": "Location",
        "visible": true,
        "isEditable": true,
        "cascadeFrom": "Location",
        "validation": {
          "maxLength": "0",
          "required": false
        },
        "overrideFieldBindingType": false
      },
      {
        "fieldName": "Resource",
        "title": "Resource",
        "Description": "Select Resource",
        "type": "picklistDropdown",
        "fieldGroup": "Resource Node",
        "selectionType": "multiple",
        "clearSearch": true,
        "select": "NONE",
        "source": "members",
        "DimensionName": "Resource",
        "LevelAttributeName": "Resource",
        "visible": true,
        "isEditable": true,
        "validation": {
          "maxLength": "0",
          "required": false
        }
      },
      {
        "fieldName": "RLocation",
        "title": "Location",
        "Description": "Plant Location where the capacity has been updated",
        "type": "picklistDropdown",
        "fieldGroup": "Resource Node",
        "selectionType": "multiple",
        "clearSearch": true,
        "select": "NONE",
        "source": "datasource",
        "key": "RLocationDS",
        "valueField": "Name",
        "textField": "Name",
        "visible": true,
        "isEditable": true,
        "cascadeFrom": "Resource",
        "validation": {
          "maxLength": "0",
          "required": false
        },
        "overrideFieldBindingType": false
      },
      {
        "fieldName": "RItem",
        "title": "Item",
        "Description": "Items that are affected by the updated capacity at the selected location",
        "type": "picklistDropdown",
        "fieldGroup": "Resource Node",
        "selectionType": "multiple",
        "clearSearch": true,
        "select": "ALL",
        "source": "datasource",
        "key": "RItemDS",
        "valueField": "Name",
        "textField": "Name",
        "visible": false,
        "isEditable": true,
        "cascadeFrom": "RLocation",
        "validation": {
          "maxLength": "0",
          "required": false
        },
        "overrideFieldBindingType": false
      },
      {
        "fieldName": "RDItem",
        "title": "Downstream Items",
        "Description": "Items that are effected by the Resource Node",
        "type": "picklistDropdown",
        "fieldGroup": "Resource Node - Downstream Nodes",
        "selectionType": "multiple",
        "clearSearch": true,
        "select": "ALL",
        "source": "datasource",
        "key": "RDItemDS",
        "valueField": "Item",
        "textField": "Item",
        "visible": true,
        "isEditable": true,
        "cascadeFrom": "RItem",
        "validation": {
          "maxLength": "0",
          "required": false
        },
        "overrideFieldBindingType": false
      },
      {
        "fieldName": "RDLocation",
        "title": "Downstream Locations",
        "Description": "Locations that are effected by the Resource Node",
        "type": "picklistDropdown",
        "fieldGroup": "Resource Node - Downstream Nodes",
        "selectionType": "multiple",
        "clearSearch": true,
        "select": "ALL",
        "source": "datasource",
        "key": "RDLocationDS",
        "valueField": "Location",
        "textField": "Location",
        "visible": true,
        "isEditable": true,
        "cascadeFrom": "RItem",
        "validation": {
          "maxLength": "0",
          "required": false
        },
        "overrideFieldBindingType": false
      },
      {
        "fieldName": "DemandType",
        "title": "DemandType",
        "Description": "Select Demand Type",
        "type": "picklistDropdown",
        "fieldGroup": "Demand Parameters",
        "selectionType": "multiple",
        "clearSearch": true,
        "select": "NONE",
        "source": "datasource",
        "key": "DTypeDS",
        "valueField": "Demand Type",
        "textField": "Demand Type",
        "visible": true,
        "isEditable": true,
        "cascadeFrom": "Version",
        "validation": {
          "maxLength": "0",
          "required": false
        },
        "overrideFieldBindingType": false
      },
      {
        "fieldName": "CustGroup",
        "title": "Customer Group",
        "Description": "Select Customer Group",
        "type": "picklistDropdown",
        "fieldGroup": "Demand Parameters",
        "selectionType": "multiple",
        "clearSearch": true,
        "select": "ALL",
        "source": "datasource",
        "key": "CGroupDS",
        "valueField": "Customer Group",
        "textField": "Customer Group",
        "visible": true,
        "isEditable": true,
        "cascadeFrom": "DemandType",
        "validation": {
          "maxLength": "0",
          "required": false
        },
        "overrideFieldBindingType": false
      },
      {
        "fieldName": "Day",
        "title": "Demand Day",
        "Description": "Select Demand Day",
        "type": "picklistDropdown",
        "fieldGroup": "Demand Parameters",
        "selectionType": "multiple",
        "clearSearch": true,
        "select": "ALL",
        "source": "datasource",
        "key": "DayDS",
        "valueField": "Day",
        "textField": "Day",
        "visible": true,
        "isEditable": true,
        "cascadeFrom": "CustGroup",
        "validation": {
          "maxLength": "0",
          "required": false
        },
        "overrideFieldBindingType": false
      }
    ],
    "DataSources": [
      {
        "Name": "ItemDS",
        "IBPLRules": [
          {
            "template": "Select ([Item].[Item Type]{{#filter ItemType}}.relatedmembers([Item]));"
          }
        ],
        "JavascriptRules": [],
        "IncludeDSFieldsOnly": false,
        "FieldBindings": []
      },
      {
        "Name": "LocationDS",
        "IBPLRules": [
          {
            "template": "Select ([Location].[Location]) where {[Item].[Item]{{#filter Item}}, [Version].[Version Name]{{#filter Version}}, Measure.[D Material Consumption Association] > 0 };"
          }
        ],
        "JavascriptRules": [],
        "IncludeDSFieldsOnly": false,
        "FieldBindings": []
      },
      {
        "Name": "DItemDS",
        "IBPLRules": [
          {
            "template": "Select (TO.[Item].[Item]) on row, ({Edge.[004.001D Item Where Used].[D Upstream Network Item Primary Path Flag]}) on column where {RelationshipType.[004.001D Item Where Used], From.[Item].[Item]{{#filter Item}}, From.[Location].[Location]{{#filter Location}}, Version.[Version Name]{{#filter Version}}};"
          }
        ],
        "JavascriptRules": [],
        "IncludeDSFieldsOnly": false,
        "FieldBindings": []
      },
      {
        "Name": "DLocationDS",
        "IBPLRules": [
          {
            "template": "Select (TO.[Location].[Location]) on row, ({Edge.[004.001D Item Where Used].[D Upstream Network Item Primary Path Flag]}) on column where {RelationshipType.[004.001D Item Where Used], From.[Item].[Item]{{#filter Item}}, From.[Location].[Location]{{#filter Location}}, Version.[Version Name]{{#filter Version}}};"
          }
        ],
        "JavascriptRules": [],
        "IncludeDSFieldsOnly": false,
        "FieldBindings": []
      },
      {
        "Name": "RLocationDS",
        "IBPLRules": [
          {
            "template": "Select ([Location].[Location]) where {[Resource].[Resource]{{#filter Resource}}, [Version].[Version Name]{{#filter Version}}, Measure.[o9 Resource Location Association] > 0 };"
          }
        ],
        "JavascriptRules": [],
        "IncludeDSFieldsOnly": false,
        "FieldBindings": []
      },
      {
        "Name": "RItemDS",
        "IBPLRules": [
          {
            "template": "Select ([Item].[Item]) where {[Resource].[Resource]{{#filter Resource}}, [Location].[Location]{{#filter RLocation}}, [Version].[Version Name]{{#filter Version}}, Measure.[Final Resource Routing Association] > 0 };"
          }
        ],
        "JavascriptRules": [],
        "IncludeDSFieldsOnly": false,
        "FieldBindings": []
      },
      {
        "Name": "RDItemDS",
        "IBPLRules": [
          {
            "template": "Select (TO.[Item].[Item]) on row, ({Edge.[004.001D Item Where Used].[D Upstream Network Item Primary Path Flag]}) on column where {RelationshipType.[004.001D Item Where Used], From.[Item].[Item]{{#filter RItem}}, From.[Location].[Location]{{#filter RLocation}}, Version.[Version Name]{{#filter Version}}};"
          }
        ],
        "JavascriptRules": [],
        "IncludeDSFieldsOnly": false,
        "FieldBindings": []
      },
      {
        "Name": "RDLocationDS",
        "IBPLRules": [
          {
            "template": "Select (TO.[Location].[Location]) on row, ({Edge.[004.001D Item Where Used].[D Upstream Network Item Primary Path Flag]}) on column where {RelationshipType.[004.001D Item Where Used], From.[Item].[Item]{{#filter RItem}}, From.[Location].[Location]{{#filter RLocation}}, Version.[Version Name]{{#filter Version}}};"
          }
        ],
        "JavascriptRules": [],
        "IncludeDSFieldsOnly": false,
        "FieldBindings": []
      },
      {
        "Name": "DTypeDS",
        "IBPLRules": [
          {
            "template": "Select ([Demand Type].[Demand Type] * [Version].[Version Name]{{#filter Version}}) on row, \n({Measure.[D Demand Quantity to SCS]}) on column;"
          }
        ],
        "JavascriptRules": [],
        "IncludeDSFieldsOnly": false,
        "FieldBindings": []
      },
      {
        "Name": "CGroupDS",
        "IBPLRules": [
          {
            "template": "Select ([Demand Type].[Demand Type]{{#filter DemandType}} * [Version].[Version Name]{{#filter Version}} * [Sales Domain].[Customer Group]) on row, \n({Measure.[D Demand Quantity to SCS]}) on column;\n"
          }
        ],
        "JavascriptRules": [],
        "IncludeDSFieldsOnly": false,
        "FieldBindings": []
      },
      {
        "Name": "DayDS",
        "IBPLRules": [
          {
            "template": "Select ([Demand Type].[Demand Type]{{#filter DemandType}} * [Version].[Version Name]{{#filter Version}} * [Sales Domain].[Customer Group]{{#filter CustGroup}} * [Time].[Day]) on row, \n({Measure.[D Demand Quantity to SCS]}) on column;"
          }
        ],
        "JavascriptRules": [],
        "IncludeDSFieldsOnly": false,
        "FieldBindings": []
      }
    ],
    "AutoExecute": false,
    "isAsync": true,
    "hasMembersUpdates": false,
    "Compact": false,
    "TwoColumn": true,
    "IsGlobalForExcelAddIn": false,
    "ReturnFilterByUpdate": false,
    "ExcludeFromNavLink": false,
    "FilterFieldBindings": []
  },
  "Widget": null
}