{
  "MeasureGroupName": "000 Product Config Parameters",
  "MeasureGroupId": "e444f53a-c85c-8469-4235-2743678495fa",
  "ParentMeasureGroupName": null,
  "HasShadow": false,
  "MeasureGroupDescription": "Product Config Parameters",
  "MeasureGroupType": "Regular",
  "FactTableName": "Fact000ProductConfigParameters",
  "SchemaMajorVersion": 0,
  "ConfigJson": {},
  "ApiName": null,
  "Repartition": false,
  "Unpartition": false,
  "ApiEnabled": false,
  "DimensionUsages": [
    {
      "DimensionName": "Version",
      "AttributeName": "Version Name",
      "SortOrder": 0,
      "DimensionType": "Regular"
    },
    {
      "DimensionName": "o9PC Setting",
      "AttributeName": "Setting",
      "SortOrder": 1,
      "DimensionType": "Regular"
    },
    {
      "DimensionName": "o9PC Component",
      "AttributeName": "Component Instance",
      "SortOrder": 2,
      "DimensionType": "Regular"
    }
  ]
}