{
  "MeasureName": "Location Attribute5",
  "MeasureId": "fce26149-f42a-4eca-b8b7-339348126c3f",
  "MeasureDescription": "Location Attribute5",
  "DataType": "string",
  "MeasureType": "Regular",
  "AggregateFunction": "Sum",
  "FormatString": "#,##0;(#,##0)",
  "MeasureColumnName": "LocationAttribute5",
  "MeasureFormula": "",
  "IsEditable": true,
  "ApplyConversion": false,
  "ConversionFormula": "",
  "PickListName": null,
  "BgColorFormula": " IF(Measure.[Location Attribute5 DV Identification]==1) then argb( 1,255, 58, 62)",
  "FgColorFormula": " IF(Measure.[Location Attribute5 DV Identification]==1) then argb( 1,255, 255, 255)",
  "TrendFormula": "",
  "FormattingViewModel": "[\r\n  {\r\n    \"BGCOLOR\": \"argb(1,255,58,62)\",\r\n    \"FGCOLOR\": \"argb(1,255,255,255)\",\r\n    \"Condition\": \"Measure.[Location Attribute5 DV Identification]==1\"\r\n  }\r\n]",
  "ParentMeasureName": null,
  "AssociationMeasure": false,
  "IsComputedByPlanningService": false,
  "ToolTip": "Location Attribute5",
  "ConfigJson": {},
  "ApiName": null,
  "ApiDisabled": false,
  "IsReportingMeasure": false,
  "MeasureConditionalFormulaProperties": [
    {
      "MeasureName": null,
      "ConditionalFormula": "Measure.[Location Attribute5 DV Identification]==1",
      "BGCOLOR": "argb(1,255,58,62)",
      "LegendText": "",
      "DisplayOrder": 0
    }
  ],
  "PicklistSource": null
}