{
  "MeasureGroupName": "o9EKG BusinessChar SubBlock Field Association",
  "MeasureGroupId": "6b643a7c-0b19-badd-784b-74ab400da150",
  "ParentMeasureGroupName": null,
  "HasShadow": false,
  "MeasureGroupDescription": "o9EKG BusinessChar SubBlock Field Association",
  "MeasureGroupType": "Regular",
  "FactTableName": "Facto9EKGBusinessCharSubBlockFieldAssociation",
  "SchemaMajorVersion": 0,
  "ConfigJson": {},
  "ApiName": null,
  "Repartition": false,
  "Unpartition": false,
  "ApiEnabled": false,
  "DimensionUsages": [
    {
      "DimensionName": "Version",
      "AttributeName": "Version Name",
      "SortOrder": 0,
      "DimensionType": "Regular"
    },
    {
      "DimensionName": "o9EKG Customer",
      "AttributeName": "Project Name",
      "SortOrder": 1,
      "DimensionType": null
    },
    {
      "DimensionName": "o9EKG Building Blocks",
      "AttributeName": "Sub Block",
      "SortOrder": 2,
      "DimensionType": null
    },
    {
      "DimensionName": "o9EKG Business Characteristics",
      "AttributeName": "Business Characteristics",
      "SortOrder": 3,
      "DimensionType": null
    },
    {
      "DimensionName": "o9EKG Table",
      "AttributeName": "Field ID",
      "SortOrder": 4,
      "DimensionType": null
    }
  ]
}
