{
  "Name": "SupplyPlan066DUpdateDemandSelection",
  "Description": "Exclude Demands from Selection",
  "ActionButtonId": "af76dbe8-484c-7cae-d8d9-a5a629c2dfb9",
  "Tooltip": "Exclude Demands from Selection",
  "ActionButtonType": "Rule",
  "Alignment": "right",
  "IsPopOver": true,
  "IsGlobal": false,
  "ActionClickHandler": null,
  "Icon": null,
  "Image": null,
  "ConfigJson": {
    "icon": "minus-square-o",
    "Position": "0",
    "SubmitButton": {
      "Label": "Submit"
    },
    "ResetButton": {
      "Label": "Reset"
    },
    "CloseButton": {
      "Label": "Close",
      "ConfirmMessage": "Unsaved changes will be lost. Continue?"
    },
    "NotifyAll": false,
    "IBPLRules": [
      {
        "template": "scope: ([Version].[Version Name].[{{Version}}]*[Demand Type].[Demand Type]* [Demand].[DemandID] * [Location].[Location] * [Location].[Location Region]{{#filter LocationRegion}} * [Sales Domain].[Customer Group] * [Time].[Day] * [Item].[Item] * [Item].[L2]{{#filter L2}} * [Item].[L1]{{#filter L1}});\nMeasure.[D Demand Incremental Flag Input]  = false;\nMeasure.[D Demand Incremental Flag]  = false;\nend scope;"
      }
    ],
    "JavascriptRules": [],
    "FieldBindings": [
      {
        "fieldName": "Version",
        "title": "Version Name",
        "Description": "Version Name",
        "type": "picklist",
        "selectionType": "single",
        "clearSearch": true,
        "source": "filter",
        "DimensionName": "Version",
        "LevelAttributeName": "Version Name",
        "visible": true,
        "isEditable": true,
        "validation": {
          "maxLength": "0",
          "required": true
        }
      },
      {
        "fieldName": "L2",
        "title": "Item.L2",
        "Description": "Higher Level Item Attribute",
        "type": "picklistDropdown",
        "selectionType": "multiple",
        "clearSearch": true,
        "select": "NONE",
        "source": "datasource",
        "key": "DemandFlag",
        "valueField": "L2",
        "textField": "L2",
        "overrideFieldBindingType": false,
        "visible": true,
        "isEditable": true,
        "cascadeFrom": "Version",
        "validation": {
          "maxLength": "0",
          "required": true
        }
      },
      {
        "fieldName": "L1",
        "title": "Item.L1",
        "Description": "Higher Level Item Attribute",
        "type": "picklistDropdown",
        "selectionType": "multiple",
        "clearSearch": true,
        "select": "ALL",
        "source": "datasource",
        "key": "L1DS",
        "valueField": "L1",
        "textField": "L1",
        "overrideFieldBindingType": false,
        "visible": true,
        "isEditable": true,
        "cascadeFrom": "L2",
        "validation": {
          "maxLength": "0",
          "required": true
        }
      },
      {
        "fieldName": "LocationRegion",
        "title": "Location.Region",
        "Description": "Location Region",
        "type": "picklistDropdown",
        "selectionType": "multiple",
        "clearSearch": true,
        "select": "ALL",
        "source": "datasource",
        "key": "RegionDS",
        "valueField": "Location Region",
        "textField": "Location Region",
        "visible": true,
        "isEditable": true,
        "cascadeFrom": "L1",
        "validation": {
          "maxLength": "0",
          "required": true
        },
        "overrideFieldBindingType": false
      }
    ],
    "DataSources": [
      {
        "Name": "DemandFlag",
        "IBPLRules": [
          {
            "template": "Select ([Version].[Version Name].[{{Version}}]  * [Item].[L2] * [Item].[L1] * [Location].[Location Region] * [Demand Type].[Demand Type] * [Demand].[DemandID] * [Sales Domain].[Customer Group] * &DailyPlanningHorizon ) on row, \n({Measure.[D Demand Incremental Flag]}) on column where {Measure.[D Demand Incremental Flag] == true };"
          }
        ],
        "JavascriptRules": [],
        "IncludeDSFieldsOnly": false,
        "FieldBindings": []
      },
      {
        "Name": "L1DS",
        "IBPLRules": [
          {
            "template": "Select ([Version].[Version Name].[{{Version}}]  * [Item].[L2]{{#filter L2}} * [Item].[L1] * [Location].[Location Region] * [Demand Type].[Demand Type] * [Demand].[DemandID] * [Sales Domain].[Customer Group] * &DailyPlanningHorizon ) on row, \n({Measure.[D Demand Incremental Flag]}) on column where {Measure.[D Demand Incremental Flag] == true };"
          }
        ],
        "JavascriptRules": [],
        "IncludeDSFieldsOnly": false,
        "FieldBindings": []
      },
      {
        "Name": "RegionDS",
        "IBPLRules": [
          {
            "template": "Select ([Version].[Version Name].[{{Version}}]  * [Item].[L2]{{#filter L2}} * [Item].[L1]{{#filter L1}} * [Location].[Location Region] * [Demand Type].[Demand Type] * [Demand].[DemandID] * [Sales Domain].[Customer Group] * &DailyPlanningHorizon ) on row, \n({Measure.[D Demand Incremental Flag]}) on column where {Measure.[D Demand Incremental Flag] == true };"
          }
        ],
        "JavascriptRules": [],
        "IncludeDSFieldsOnly": false,
        "FieldBindings": []
      }
    ],
    "AutoExecute": false,
    "isAsync": true,
    "hasMembersUpdates": false,
    "Compact": false,
    "TwoColumn": false,
    "IsGlobalForExcelAddIn": false,
    "ExcludeFromNavLink": false,
    "FilterFieldBindings": []
  },
  "Widget": null
}