{
  "AttributeName": "Size Group",
  "AttributeId": "875b9e31-50bd-e6f3-b646-d522882f0707",
  "AttributeHierarchyEnabled": false,
  "IsKey": false,
  "Description": "Size Group",
  "OrderBy": "Key",
  "KeyColumnName": "SizeGroupKey",
  "NameColumnName": null,
  "KeyColumnDataType": "string",
  "SeedTags": false,
  "KeyGenerationType": null,
  "PickListName": null,
  "ConfigJson": {
    "IsVisible": true,
    "IsEditable": true
  },
  "FormatString": "#",
  "Translation": null,
  "Aliases": [],
  "ApiName": null,
  "ApiDisabled": false,
  "FgColorFormula": null,
  "BgColorFormula": null,
  "IsReservedBySystem": false
}