{
  "Name": "Allocation003POAllocation",
  "Description": "PO Allocation",
  "ActionButtonId": "f493d93b-a9b9-6ea4-aadf-86fa073854bc",
  "Tooltip": "PO Allocation",
  "ActionButtonType": "Widget",
  "Alignment": "right",
  "IsPopOver": true,
  "IsGlobal": true,
  "ActionClickHandler": null,
  "Icon": null,
  "Image": null,
  "ConfigJson": {
    "DisplayName": "PO Allocation",
    "icon": "gears",
    "SubmitButton": {
      "Label": "Submit"
    },
    "ResetButton": {
      "Label": "Reset"
    },
    "CloseButton": {
      "Label": "Close",
      "ConfirmMessage": "Unsaved changes will be lost. Continue?"
    },
    "NotifyRoles": false,
    "NotifyAll": false,
    "IBPLRules": [
      {
        "template": "// Nullifying output data\n\nDELETE DATA FOR MODEL [002.002 Allocation Outputs in Packs] WHERE {[Version].[Version Name]{{#filter Version}}};\n"
      },
      {
        "template": "// Manual Allocation Plugin Run //\n\nexec plugin instance [POAllocationPlugin] for measures {[D Allocated Packs at Store]} using scope ([Version].[Version Name]{{#filter Version}} * [Pack].[PackID] * [Documents].[OrderlineID]{{#filter PONos}}) using arguments {(DriverMemory,\"2g\"), (\"IncludeNullRows\", \"False\"),(DataTransferMode, \"csv\"),([FailedExecutionCount], 1),([FailedExecutionPercent], 0.0), ([ThrowExceptionOnFailure], true)};\n"
      },
      {
        "template": "// Pack Status //\n\nScope : ([Version].[Version Name].{{#filter Version}} * [Pack].[PackID] * [Item].[Item] * [Location].[Location] * [Supplier].[Supplier Location] * [Activity2].[Activity2] * [Documents].[OrderlineID]{{#filter PONos}} );\nMeasure.[Allocation Pack Status] = if (isnull(Measure.[Remaining Packs after Allocation])) then \"Open To Allocate\" else if (Measure.[Remaining Packs after Allocation] > 0 ) then \"Partially Allocated\" else \"Allocated\"; \nend scope;\n\n"
      }
    ],
    "JavascriptRules": [],
    "FieldBindings": [
      {
        "fieldName": "Version",
        "title": "Version",
        "Description": "Version",
        "type": "string",
        "selectionType": "single",
        "clearSearch": true,
        "source": "filter",
        "DimensionName": "Version",
        "LevelAttributeName": "Version Name",
        "visible": true,
        "isEditable": true,
        "validation": {
          "maxLength": "0",
          "required": true
        }
      },
      {
        "fieldName": "PONos",
        "title": "Select POs",
        "Description": "Selected POs will be allocated",
        "type": "picklist",
        "clearSearch": true,
        "source": "parentAttributeWithMember",
        "DimensionName": "Documents",
        "key": {
          "LevelAttribute": {
            "Name": "OrderID",
            "Property": "Name"
          }
        },
        "visible": true,
        "isEditable": true,
        "validation": {
          "required": true
        }
      },
      {
        "fieldName": "POPackID",
        "title": "PO Pack ID",
        "Description": "PO Pack ID",
        "type": "picklist",
        "selectionType": "multiple",
        "clearSearch": true,
        "source": "parentAttributeWithMember",
        "DimensionName": "Pack",
        "key": {
          "LevelAttribute": {
            "Name": "PackID",
            "Property": "Name"
          }
        },
        "visible": true,
        "isEditable": true,
        "validation": {
          "required": true
        }
      },
      {
        "fieldName": "SelectedStoresClusters",
        "title": "Select Store Clusters to allocate",
        "Description": "Select Store Clusters to allocate",
        "type": "picklist",
        "selectionType": "multiple",
        "clearSearch": true,
        "select": "ALL",
        "source": "datasource",
        "key": "StoreClusters",
        "valueField": "Name",
        "textField": "Name",
        "overrideFieldBindingType": false,
        "visible": false,
        "isEditable": true,
        "validation": {
          "maxLength": "0",
          "required": true
        }
      }
    ],
    "Range": [],
    "DataSources": [
      {
        "Name": "POPackID",
        "IBPLRules": [
          {
            "template": "Select ([Version].[Version Name]{{#filter Version}} * [Documents].[OrderlineID]{{#filter PONos}} * [Location].[Location] * [Item].[Item] * [Supplier].[Supplier Location] * [Activity2].[Activity2] * [Pack].[PackID]{{#filter POPackID}} ) on row, \n({Measure.[Inbound Inventory DC in packs for Allocation]}) on column;"
          }
        ],
        "JavascriptRules": [],
        "IncludeDSFieldsOnly": false,
        "FieldBindings": []
      },
      {
        "Name": "StoreClusters",
        "IBPLRules": [
          {
            "template": "Select ([Cluster].[Cluster]);"
          }
        ],
        "JavascriptRules": [],
        "IncludeDSFieldsOnly": false,
        "FieldBindings": []
      }
    ],
    "AutoExecute": false,
    "isAsync": true,
    "hasMembersUpdates": false,
    "Compact": false,
    "TwoColumn": false,
    "IsGlobalForExcelAddIn": false,
    "ReturnFilterByUpdate": false,
    "ExcludeFromNavLink": false,
    "FilterFieldBindings": [],
    "enableTransaction": false
  },
  "Widget": null,
  "Roles": []
}