{
  "Name": "Storage Setup",
  "WidgetDefinitionName": "Storage Association Input",
  "IsPrimary": false,
  "ConfigJson": {
    "ContainerId": "f38756c4-2d91-4076-bc37-7540ddcd839b",
    "CompositeContainerId": null,
    "Position": 1,
    "ShowInfoContext": {
      "MemberInfo": true
    },
    "ShowHeader": {
      "Icon": "",
      "Color": null
    },
    "ActionButtonBindings": [
      {
        "ActionButtonName": "SupplyPlan171CommonCreateNewStorage",
        "HotKey": ""
      },
      {
        "ActionButtonName": "SupplyPlan171CommonAddStorageNodeToMaterialNode",
        "HotKey": ""
      },
      {
        "ActionButtonName": "RetailReplen004RemoveStorageID",
        "HotKey": ""
      }
    ]
  },
  "ViewWidgetDefinitionId": "d23a8c62-4f8b-ae0c-2b1c-87997f3f3dbe",
  "Title": null
}