{
  "Name": "Approved Plan",
  "ViewId": "2193143c-f5ab-45ef-4c2f-26402dbb07fc",
  "ContentType": "Regular",
  "Title": "Approved Plan",
  "Position": 0,
  "IsDefault": true,
  "Resource": null,
  "RazorViewTemplate": "_containers",
  "ConfigJson": {
    "WidgetContainers": {
      "Containers": [
        1,
        1
      ],
      "Key": 1,
      "IsModified": false,
      "ViewSpread": {
        "RowLevel": 60,
        "ColLevel": 12
      },
      "Data": [
        {
          "Id": "f5385707-f772-4c54-b239-699aee9f9bb6",
          "Col": 0,
          "Row": 0,
          "SizeX": 12,
          "SizeY": 30
        },
        {
          "Id": "dcafe997-0f17-4993-820a-eb03a1642ee2",
          "Col": 0,
          "Row": 30,
          "SizeX": 12,
          "SizeY": 30
        }
      ]
    },
    "CompactMode": false,
    "IsHidden": false
  },
  "Roles": [
    "admin",
    "dataadmin",
    "public"
  ]
}