{
  "Override": [
    {
      "ViewName": "SP Reconciliation",
      "PageName": "Reconciliation Summary",
      "WorkspaceName": "Seasonal Department Plan-V2Migrated",
      "Position": 0,
      "ConfigBlockName": "o9 Retail MFP RMA Product Plan"
    },
    {
      "ViewName": "BottomUp Reconciliation",
      "PageName": "Reconciliation Summary",
      "WorkspaceName": "Seasonal Department Plan-V2Migrated",
      "Position": 1,
      "ConfigBlockName": "o9 Retail MFP RMA Product Plan"
    }
  ]
}