{
  "Name": "41ExecuteStatProcesses",
  "Description": null,
  "ActionButtonId": "548d6285-7554-095a-0390-1aa0dd6a9af3",
  "Tooltip": "Execute Stat Processes",
  "ActionButtonType": "Rule",
  "Alignment": "right",
  "IsPopOver": true,
  "IsGlobal": false,
  "ActionClickHandler": null,
  "Icon": null,
  "Image": null,
  "ConfigJson": {
    "DisplayName": "Execute Stat Processes",
    "icon": "gear",
    "Position": "0",
    "SubmitButton": {
      "Label": "Submit"
    },
    "ResetButton": {
      "Label": "Reset"
    },
    "CloseButton": {
      "Label": "Close",
      "ConfirmMessage": "Unsaved changes will be lost. Continue?"
    },
    "NotifyRoles": true,
    "NotifyAll": false,
    "IBPLRules": [],
    "JavascriptRules": [
      {
        "modulename": "o9.DemandPlanning.RunStatBatch",
        "functionname": "RunBatch"
      }
    ],
    "FieldBindings": [
      {
        "fieldName": "ExecutionMode",
        "title": "Execution Mode",
        "type": "picklist",
        "fieldGroup": "Setup",
        "selectionType": "single",
        "clearSearch": true,
        "source": "datasource",
        "key": "DSExecutionMode",
        "valueField": "Stat Process Execution Mode",
        "textField": "Stat Process Execution Mode",
        "overrideFieldBindingType": false,
        "visible": true,
        "isEditable": false,
        "validation": {
          "maxLength": "0",
          "required": true
        }
      },
      {
        "fieldName": "VersionName",
        "title": "Version Name",
        "type": "picklist",
        "fieldGroup": "Setup",
        "selectionType": "multiple",
        "clearSearch": true,
        "source": "filter",
        "DimensionName": "Version",
        "LevelAttributeName": "Version Name",
        "visible": true,
        "isEditable": true,
        "validation": {
          "maxLength": "0",
          "required": true
        }
      },
      {
        "fieldName": "Save",
        "title": "Intermediate Save",
        "Description": "Check this box if you wish to enable intermediate save",
        "type": "boolean",
        "fieldGroup": "Setup",
        "clearSearch": true,
        "source": "literal",
        "defaultValue": false,
        "visible": true,
        "isEditable": true,
        "validation": {
          "maxLength": "0",
          "required": true
        }
      },
      {
        "fieldName": "ForecastIterationType",
        "title": "Forecast Iteration Type",
        "type": "picklist",
        "fieldGroup": "Forecast Iteration",
        "selectionType": "multiple",
        "clearSearch": true,
        "source": "members",
        "DimensionName": "Forecast Iteration",
        "LevelAttributeName": "Forecast Iteration Type",
        "visible": true,
        "isEditable": true,
        "validation": {
          "maxLength": "0",
          "required": true
        }
      },
      {
        "fieldName": "ForecastIteration",
        "title": "Forecast Iteration",
        "type": "picklist",
        "fieldGroup": "Forecast Iteration",
        "selectionType": "multiple",
        "clearSearch": true,
        "select": "ALL",
        "source": "datasource",
        "key": "DSIteration",
        "valueField": "Name",
        "textField": "DisplayName",
        "overrideFieldBindingType": false,
        "visible": true,
        "isEditable": false,
        "cascadeFrom": "ForecastIterationType",
        "validation": {
          "maxLength": "0",
          "required": true
        }
      },
      {
        "fieldName": "Cycles",
        "title": "Cycles",
        "type": "picklist",
        "selectionType": "single",
        "clearSearch": true,
        "source": "datasource",
        "key": "DSCycles",
        "valueField": "Cycles",
        "textField": "Cycles",
        "overrideFieldBindingType": false,
        "visible": false,
        "isEditable": false,
        "cascadeFrom": "ForecastIterationType",
        "validation": {
          "maxLength": "0",
          "required": true
        }
      },
      {
        "fieldName": "PlanningCycles",
        "title": "Planning Cycles",
        "type": "picklist",
        "fieldGroup": "Process",
        "selectionType": "multiple",
        "clearSearch": true,
        "select": "ALL",
        "source": "datasource",
        "key": "DSStatCycles",
        "valueField": "Name",
        "textField": "Name",
        "overrideFieldBindingType": false,
        "visible": true,
        "isEditable": true,
        "cascadeFrom": "Cycles",
        "validation": {
          "maxLength": "0",
          "required": true
        }
      },
      {
        "fieldName": "ProcessList",
        "title": "Processes",
        "type": "picklist",
        "selectionType": "single",
        "clearSearch": true,
        "source": "datasource",
        "key": "DSStatProcess",
        "valueField": "StatProcesses",
        "textField": "StatProcesses",
        "overrideFieldBindingType": false,
        "visible": false,
        "isEditable": false,
        "cascadeFrom": "ExecutionMode",
        "validation": {
          "maxLength": "0",
          "required": true
        }
      },
      {
        "fieldName": "StatProcesses",
        "title": "Processes",
        "type": "picklist",
        "fieldGroup": "Process",
        "selectionType": "multiple",
        "clearSearch": true,
        "select": "ALL",
        "source": "datasource",
        "key": "DSProcesses",
        "valueField": "Name",
        "textField": "Name",
        "overrideFieldBindingType": false,
        "visible": true,
        "isEditable": false,
        "cascadeFrom": "ProcessList",
        "validation": {
          "maxLength": "0",
          "required": true
        }
      },
      {
        "fieldName": "Processes",
        "title": "Processes",
        "type": "picklist",
        "selectionType": "multiple",
        "clearSearch": true,
        "source": "parentAttribute",
        "DimensionName": "Process",
        "key": {
          "LevelAttribute": {
            "Name": "Process",
            "Property": "Name"
          }
        },
        "visible": false,
        "isEditable": false,
        "validation": {
          "maxLength": "0",
          "required": true
        }
      }
    ],
    "Range": [],
    "DataSources": [
      {
        "Name": "DSIteration",
        "IBPLRules": [
          {
            "template": "Select([Forecast Iteration].[Forecast Iteration Type]{{#filter ForecastIterationType}}.relatedmembers([Forecast Iteration]));"
          }
        ],
        "JavascriptRules": [],
        "IncludeDSFieldsOnly": false,
        "FieldBindings": []
      },
      {
        "Name": "DSCycles",
        "IBPLRules": [],
        "JavascriptRules": [
          {
            "modulename": "o9.DemandPlanning.StatProcesses",
            "functionname": "Cycles"
          }
        ],
        "IncludeDSFieldsOnly": false,
        "FieldBindings": []
      },
      {
        "Name": "DSStatCycles",
        "IBPLRules": [
          {
            "template": "Select([Time].[Day].filter(#.Key in {{{Cycles}}}));"
          }
        ],
        "JavascriptRules": [],
        "IncludeDSFieldsOnly": false,
        "FieldBindings": []
      },
      {
        "Name": "DSStatProcess",
        "IBPLRules": [],
        "JavascriptRules": [
          {
            "modulename": "o9.DemandPlanning.StatProcesses",
            "functionname": "Process"
          }
        ],
        "IncludeDSFieldsOnly": false,
        "FieldBindings": []
      },
      {
        "Name": "DSProcesses",
        "IBPLRules": [
          {
            "template": "Select([Process].[Process].filter(#.Name in {{{ProcessList}}}));"
          }
        ],
        "JavascriptRules": [],
        "IncludeDSFieldsOnly": false,
        "FieldBindings": []
      },
      {
        "Name": "DSExecutionMode",
        "IBPLRules": [
          {
            "template": "Select ([Version].[Version Name]) on row, \n({Measure.[Stat Process Execution Mode]}) on column;\n"
          }
        ],
        "JavascriptRules": [],
        "IncludeDSFieldsOnly": false,
        "FieldBindings": []
      }
    ],
    "AutoExecute": false,
    "isAsync": true,
    "hasMembersUpdates": false,
    "Compact": false,
    "TwoColumn": true,
    "IsGlobalForExcelAddIn": false,
    "ExcludeFromNavLink": false,
    "FilterFieldBindings": []
  },
  "Widget": null,
  "Roles": []
}