{
  "Override": [
    {
      "ViewName": "Holiday Input Setup",
      "PageName": "Buy Plan Input",
      "WorkspaceName": "Assortment",
      "Position": 1,
      "ConfigBlockName": "o9 Retail Assortment Sales and Buy Plan"
    },
    {
      "ViewName": "Holiday Calendar",
      "PageName": "Buy Plan Input",
      "WorkspaceName": "Assortment",
      "Position": 2,
      "ConfigBlockName": "o9 Retail Assortment Sales and Buy Plan"
    },
    {
      "ViewName": "Exception Report",
      "PageName": "Buy Plan Input",
      "WorkspaceName": "Assortment",
      "Position": 3,
      "ConfigBlockName": "o9 Retail Assortment Sales and Buy Plan"
    },
    {
      "ViewName": "Finalize Profiles",
      "PageName": "Buy Plan Input",
      "WorkspaceName": "Assortment",
      "Position": 5,
      "ConfigBlockName": "o9 Retail Assortment Sales and Buy Plan"
    },
    {
      "ViewName": "Receipt Aggregation New",
      "PageName": "Buy Plan Input",
      "WorkspaceName": "Assortment",
      "Position": 6,
      "ConfigBlockName": "o9 Retail Assortment Sales and Buy Plan"
    }
  ]
}