{
  "MeasureGroupName": "o9EKG Field Notes",
  "MeasureGroupId": "d578a66c-a4e6-713e-c286-eeebadf87554",
  "ParentMeasureGroupName": null,
  "HasShadow": false,
  "MeasureGroupDescription": "o9EKG Field Notes",
  "MeasureGroupType": "Regular",
  "FactTableName": "Facto9EKGFieldNotes",
  "SchemaMajorVersion": 0,
  "ConfigJson": {},
  "ApiName": null,
  "Repartition": false,
  "Unpartition": false,
  "ApiEnabled": false,
  "DimensionUsages": [
    {
      "DimensionName": "Version",
      "AttributeName": "Version Name",
      "SortOrder": 0,
      "DimensionType": "Regular"
    },
    {
      "DimensionName": "o9EKG Customer",
      "AttributeName": "Project Name",
      "SortOrder": 1,
      "DimensionType": null
    },
    {
      "DimensionName": "o9EKG Table",
      "AttributeName": "Field ID",
      "SortOrder": 2,
      "DimensionType": null
    },
    {
      "DimensionName": "Sequence",
      "AttributeName": "Sequence",
      "SortOrder": 3,
      "DimensionType": null
    }
  ]
}
