{
  "Name": "GenerateReceipts",
  "Description": "Generate Receipts",
  "ActionButtonId": "e154da7b-bdde-9067-f040-3c80ee5c7e86",
  "Tooltip": "Generate Receipts",
  "ActionButtonType": "Widget",
  "Alignment": "right",
  "IsPopOver": true,
  "IsGlobal": true,
  "ActionClickHandler": null,
  "Icon": null,
  "Image": null,
  "ConfigJson": {
    "DisplayName": "Generate Receipts",
    "icon": "calculator",
    "SubmitButton": {
      "Label": "Submit"
    },
    "ResetButton": {
      "Label": "Reset"
    },
    "CloseButton": {
      "Label": "Close",
      "ConfirmMessage": "Unsaved changes will be lost. Continue?"
    },
    "NotifyRoles": true,
    "NotifyAll": false,
    "IBPLRules": [
      {
        "template": "exec procedure AP30GenerateReceipts {\"Version\": \"{{Version}}\", \"SellingSeason\": \"{{SellingSeason}}\", \"Class\": \"{{Class}}\", \"Country\": \"{{Country}}\"};\n"
      },
      {
        "template": "exec procedure AP22GenerateSizeReceipts {\"Version\": \"{{Version}}\", \"SellingSeason\": \"{{SellingSeason}}\", \"Class\": \"{{Class}}\", \"Country\": \"{{Country}}\"};"
      }
    ],
    "JavascriptRules": [],
    "FieldBindings": [
      {
        "fieldName": "Version",
        "title": "Version",
        "Description": "Version",
        "type": "picklistDropdown",
        "selectionType": "single",
        "clearSearch": true,
        "source": "filter",
        "DimensionName": "Version",
        "LevelAttributeName": "Version Name",
        "visible": false,
        "isEditable": true,
        "validation": {
          "maxLength": "0",
          "required": true
        }
      },
      {
        "fieldName": "Class",
        "title": "Class",
        "Description": "Class",
        "type": "picklistDropdown",
        "selectionType": "single",
        "clearSearch": true,
        "source": "filter",
        "DimensionName": "Item",
        "LevelAttributeName": "L3",
        "visible": true,
        "isEditable": true,
        "validation": {
          "maxLength": "0",
          "required": true
        }
      },
      {
        "fieldName": "SellingSeason",
        "title": "SellingSeason",
        "Description": "SellingSeason",
        "type": "picklistDropdown",
        "selectionType": "single",
        "clearSearch": true,
        "source": "filter",
        "DimensionName": "Selling Season",
        "LevelAttributeName": "Selling Season",
        "visible": true,
        "isEditable": true,
        "validation": {
          "maxLength": "0",
          "required": true
        }
      },
      {
        "fieldName": "Country",
        "title": "Country",
        "Description": "Country",
        "type": "picklistDropdown",
        "selectionType": "single",
        "clearSearch": true,
        "source": "members",
        "DimensionName": "Location",
        "LevelAttributeName": "Location Country",
        "sortBy": "DisplayName",
        "visible": true,
        "isEditable": true,
        "validation": {
          "maxLength": "0",
          "required": true
        },
        "filterBinding": "CurrentView"
      }
    ],
    "Range": [],
    "DataSources": [],
    "AutoExecute": false,
    "isAsync": true,
    "hasMembersUpdates": false,
    "Compact": false,
    "TwoColumn": false,
    "IsGlobalForExcelAddIn": false,
    "ReturnFilterByUpdate": false,
    "ExcludeFromNavLink": false,
    "FilterFieldBindings": [],
    "enableTransaction": false
  },
  "Widget": null,
  "Roles": []
}