{
  "Name": "SupplyPlanCommon001CreateNewInstance",
  "Description": null,
  "ActionButtonId": "f4697c3d-0325-9717-00f3-36ee82d6ea91",
  "Tooltip": "Create New Instance",
  "ActionButtonType": "Rule",
  "Alignment": "right",
  "IsPopOver": true,
  "IsGlobal": false,
  "ActionClickHandler": null,
  "Icon": null,
  "Image": null,
  "ConfigJson": {
    "DisplayName": "Create New Instance",
    "icon": "plus-circle",
    "Position": "0",
    "SubmitButton": {
      "Label": "Submit"
    },
    "ResetButton": {
      "Label": "Reset"
    },
    "CloseButton": {
      "Label": "Close",
      "ConfirmMessage": "Unsaved changes will be lost. Continue?"
    },
    "NotifyAll": false,
    "IBPLRules": [
      {
        "template": "createmember(\n [o9PC Component].[Component] = {,[{{insParent}}]}\n,[o9PC Component].[Component Instance] = {,[{{InstanceName}}]}\n,[o9PC Component].[Instance Description] = {[{{Description}}],}\n);"
      }
    ],
    "JavascriptRules": [],
    "FieldBindings": [
      {
        "fieldName": "filterInstance",
        "title": "Current Instance",
        "type": "picklistDropdown",
        "selectionType": "single",
        "clearSearch": true,
        "source": "filter",
        "DimensionName": "o9PC Component",
        "LevelAttributeName": "Component Instance",
        "visible": false,
        "isEditable": false,
        "validation": {
          "maxLength": "0",
          "required": true
        }
      },
      {
        "fieldName": "insParent",
        "title": "Component",
        "type": "picklistDropdown",
        "selectionType": "single",
        "clearSearch": true,
        "select": "ALL",
        "source": "datasource",
        "key": "Instances",
        "valueField": "Component",
        "textField": "Component",
        "overrideFieldBindingType": false,
        "visible": true,
        "isEditable": false,
        "cascadeFrom": "filterInstance",
        "validation": {
          "maxLength": "0",
          "required": true
        }
      },
      {
        "fieldName": "InstanceName",
        "title": "Component Instance",
        "type": "string",
        "clearSearch": true,
        "source": "literal",
        "visible": true,
        "isEditable": true,
        "validation": {
          "maxLength": "0",
          "required": true
        }
      },
      {
        "fieldName": "Description",
        "title": "Description",
        "type": "string",
        "clearSearch": true,
        "source": "literal",
        "visible": true,
        "isEditable": true,
        "validation": {
          "maxLength": "0",
          "required": true
        }
      }
    ],
    "Range": [],
    "DataSources": [
      {
        "Name": "Instances",
        "IBPLRules": [
          {
            "template": "Select ([o9PC Component].[Component Instance].[{{filterInstance}}] * [o9PC Component].[Component]);"
          }
        ],
        "JavascriptRules": [],
        "IncludeDSFieldsOnly": false,
        "FieldBindings": []
      }
    ],
    "AutoExecute": false,
    "isAsync": false,
    "hasMembersUpdates": false,
    "Compact": false,
    "TwoColumn": false,
    "IsGlobalForExcelAddIn": false,
    "ExcludeFromNavLink": false,
    "FilterFieldBindings": []
  },
  "Widget": null,
  "Roles": []
}