{
  "Name": "55GenerateSeasonalIndices",
  "Description": "Generate Seasonal Indices",
  "ActionButtonId": "c46d6a65-fd2b-068d-904e-cb38fdfa8541",
  "Tooltip": "Generate Seasonal Indices for SCHM Algorithm ",
  "ActionButtonType": "Widget",
  "Alignment": "right",
  "IsPopOver": true,
  "IsGlobal": true,
  "ActionClickHandler": null,
  "Icon": null,
  "Image": null,
  "ConfigJson": {
    "DisplayName": "Seasonal Indices",
    "icon": "gear",
    "SubmitButton": {
      "Label": "Submit",
      "ProgressMessage": "Executing...",
      "SuccessMessage": "Successfully Executed.",
      "ErrorMessage": "Error in Execution.",
      "ConfirmMessage": "Are you sure you want to go ahead with the changes?"
    },
    "ResetButton": {
      "Label": "Reset"
    },
    "CloseButton": {
      "Label": "Close",
      "ConfirmMessage": "Unsaved changes will be lost. Continue?"
    },
    "NotifyAll": false,
    "IBPLRules": [
      {
        "template": "{{#if Forward}}\nexec procedure o9DP0154GenerateSeasonalIndices {\"VersionName\" : [\"{{VersionName}}\"],\"MediumWeight\" : {{MediumWeight}}, \"ForecastIteration\" : [{{#csv ForecastIteration}}]};\n{{/if}}\n{{#if Backtest}}\nexec procedure o9DP0175GenerateBacktestSeasonalIndices {\"VersionName\" : [\"{{VersionName}}\"],\"MediumWeight\" : {{MediumWeight}}, \"ForecastIteration\" : [{{#csv ForecastIteration}}]};\n{{/if}}\n\n"
      }
    ],
    "JavascriptRules": [
      {
        "modulename": "o9.DemandPlanning.ValidateTimeBucketSetup",
        "functionname": "validation"
      },
      {
        "modulename": "o9.DemandPlanning.SeasonalIndicesValidation",
        "functionname": "validation"
      }
    ],
    "FieldBindings": [
      {
        "fieldName": "Information",
        "title": "Information",
        "type": "info",
        "clearSearch": true,
        "source": "literal",
        "defaultValue": "Please click on \"Submit\" to generate seasonal indices",
        "visible": true,
        "isEditable": false,
        "validation": {
          "maxLength": "0",
          "required": true
        }
      },
      {
        "fieldName": "Forward",
        "title": "Forward Forecast",
        "Description": "Generate Seasonal Indices for Forward Forecast",
        "type": "boolean",
        "clearSearch": true,
        "source": "literal",
        "defaultValue": true,
        "visible": true,
        "isEditable": true,
        "validation": {
          "maxLength": "0",
          "required": true
        },
        "fieldGroup": "Execution Mode"
      },
      {
        "fieldName": "Backtest",
        "title": "Backtest Forecast",
        "Description": "Generate Seasonal Indices for Backtest Forecast",
        "type": "boolean",
        "clearSearch": true,
        "source": "literal",
        "defaultValue": false,
        "visible": true,
        "isEditable": true,
        "validation": {
          "maxLength": "0",
          "required": true
        },
        "fieldGroup": "Execution Mode"
      },
      {
        "fieldName": "MediumWeight",
        "title": "Medium Weight Run",
        "Description": "Enable plugin run in Medium Weight execution mode (suitable for small scope).",
        "type": "boolean",
        "selectionType": "single",
        "clearSearch": true,
        "source": "literal",
        "defaultValue": true,
        "visible": true,
        "isEditable": true,
        "validation": {
          "maxLength": "0",
          "required": true
        }
      },
      {
        "fieldName": "VersionName",
        "title": "Version Name",
        "Description": "Version Name",
        "type": "picklist",
        "selectionType": "single",
        "clearSearch": true,
        "source": "filter",
        "DimensionName": "Version",
        "LevelAttributeName": "Version Name",
        "visible": true,
        "isEditable": true,
        "validation": {
          "maxLength": "0",
          "required": true
        }
      },
      {
        "fieldName": "ForecastIteration",
        "title": "Forecast Iteration",
        "Description": "Forecast Iteration",
        "type": "picklist",
        "selectionType": "multiple",
        "clearSearch": true,
        "source": "filter",
        "DimensionName": "Forecast Iteration",
        "LevelAttributeName": "Forecast Iteration",
        "visible": true,
        "isEditable": true,
        "validation": {
          "maxLength": "0",
          "required": true
        }
      }
    ],
    "Range": [],
    "DataSources": [
      {
        "Name": "DSForecastIteration",
        "IBPLRules": [
          {
            "template": "Select(&AllLockedForecastIterations);"
          }
        ],
        "JavascriptRules": [],
        "IncludeDSFieldsOnly": false,
        "FieldBindings": []
      }
    ],
    "AutoExecute": false,
    "isAsync": true,
    "hasMembersUpdates": false,
    "Compact": false,
    "TwoColumn": true,
    "IsGlobalForExcelAddIn": false,
    "enableTransaction": false,
    "ReturnFilterByUpdate": false,
    "ExcludeFromNavLink": false,
    "FilterFieldBindings": []
  },
  "Widget": null,
  "Roles": []
}