{
  "Name": "Daily Demand Supportability Storage Constraint Report_Retail",
  "WidgetDefinitionId": "c2cb9271-747d-4554-9083-0a244161bb82",
  "IsPrivate": false,
  "WidgetType": "o9.pivot",
  "ViewWidgetDefinition": null,
  "PageWidgetDefinition": null,
  "CreatedUserEmail": "rushabh.doshi@o9solutions.com",
  "ModifiedUserEmail": "parichay.mitra@o9solutions.com",
  "Roles": [
    "public"
  ],
  "ConfigJson": {
    "Widget": {
      "Height": 550,
      "ActionButtons": []
    },
    "Presentation": {
      "DataColumnBeforeMembers": false,
      "ShowQuickToggleBar": false,
      "IsEditable": true,
      "EnableExpandCollapse": false,
      "EnableOnGridFilter": true,
      "EnableSort": true,
      "EnableColumnReorder": true,
      "DisableBulkEdit": false,
      "EnableColumnResize": true,
      "ClearColumnFilterOnScopeFilter": false,
      "EnableJitColumns": false,
      "EnableAuditTrail": false,
      "EnableAutoCollapseColumns": false,
      "EnableSparsifyRowSelection": false,
      "UseConditionalFormatting": false,
      "SuppressMessageHeader": false,
      "ShowImage": true,
      "ShowMeasureGroupAsColumn": false,
      "RowHeight": "25",
      "ShowServerConditionalFormating": false,
      "InterDependentFilter": false,
      "UseOutlineFormLayout": false,
      "DisableFieldList": false,
      "ShowComments": false,
      "HideNullRows": false,
      "HideReadOnlyNullRows": false,
      "DisableBulkEditMeasures": false,
      "EnableMeasureReposition": false,
      "AllowExcelDownload": false,
      "EnableExportPivot": "",
      "DownloadButton": "System Setting",
      "AbovePivotFilterLevelAttribute": "",
      "AbovePivotFilterValue": "",
      "IsSummary": false,
      "ActionButtonBindings": "",
      "ExcelActionButtons": "",
      "CollabFolders": "",
      "ColumnProp": {
        "ColumnSubtotalsAtEnd": false,
        "TimeColumnSubTotalAtEnd": false
      },
      "RowProp": {
        "ShowMultiDimensionProperty": false,
        "RowSubtotalsAtEnd": false
      },
      "FilterProperties": "",
      "ReportMeasureSet": "",
      "IsGraphReport": true,
      "IsMultiGraphReport": false,
      "LevelAttributes": [
        {
          "Id": "e594aad2-d604-4a05-95b8-81a9047605b7",
          "AttributeName": "Item",
          "Dimension": "Item",
          "Axis": "row",
          "ShowInfo": {
            "ShowDetail": true,
            "ShowPulse": true,
            "ShowTask": true,
            "ShowMarketIntelligence": true
          },
          "RelationshipTypeId": "cdb36bba-5503-42b6-9a55-156ec353e241",
          "RelationshipType": "002.020D Solver Outputs Storage Capacity Root Cause",
          "EdgeDirection": "FROM",
          "IsVisible": true,
          "IsAttributeRequired": false,
          "ShowSubtotal": false,
          "UOMMember": null,
          "DisplayName": "",
          "ShortName": "",
          "SortBy": "",
          "JoinWithGraph": false,
          "JoinGraphName": "",
          "JoinWithNode": "FROM"
        },
        {
          "Id": "9c3b45ac-e578-4b7d-8bba-9b631bdb0b79",
          "AttributeName": "Location",
          "Dimension": "Location",
          "Axis": "row",
          "ShowInfo": {
            "ShowDetail": true,
            "ShowPulse": true,
            "ShowTask": true,
            "ShowMarketIntelligence": true
          },
          "RelationshipTypeId": "cdb36bba-5503-42b6-9a55-156ec353e241",
          "RelationshipType": "002.020D Solver Outputs Storage Capacity Root Cause",
          "EdgeDirection": "FROM",
          "IsVisible": true,
          "IsAttributeRequired": false,
          "ShowSubtotal": false,
          "UOMMember": null,
          "DisplayName": "",
          "ShortName": "",
          "SortBy": "",
          "JoinWithGraph": false,
          "JoinGraphName": "",
          "JoinWithNode": "FROM"
        },
        {
          "Id": "662fa7dc-53eb-4ef5-9857-1f60c4365b47",
          "AttributeName": "Day",
          "Dimension": "Time",
          "Axis": "row",
          "ShowInfo": {
            "ShowDetail": true,
            "ShowPulse": true,
            "ShowTask": true,
            "ShowMarketIntelligence": true
          },
          "RelationshipTypeId": "cdb36bba-5503-42b6-9a55-156ec353e241",
          "RelationshipType": "002.020D Solver Outputs Storage Capacity Root Cause",
          "EdgeDirection": "FROM",
          "IsVisible": true,
          "IsAttributeRequired": false,
          "ShowSubtotal": false,
          "UOMMember": null,
          "DisplayName": "",
          "ShortName": "",
          "JoinWithGraph": false,
          "JoinGraphName": "",
          "JoinWithNode": "FROM"
        },
        {
          "Id": "0786c155-90e0-47d1-bc5c-af83807d9dac",
          "AttributeName": "Problem Type",
          "Dimension": "RootCause",
          "Axis": "row",
          "ShowInfo": {
            "ShowDetail": true,
            "ShowPulse": true,
            "ShowTask": true,
            "ShowMarketIntelligence": true
          },
          "RelationshipTypeId": "cdb36bba-5503-42b6-9a55-156ec353e241",
          "RelationshipType": "002.020D Solver Outputs Storage Capacity Root Cause",
          "EdgeDirection": "FROM",
          "IsVisible": true,
          "IsAttributeRequired": false,
          "ShowSubtotal": false,
          "UOMMember": null,
          "DisplayName": "",
          "ShortName": "",
          "SortBy": "",
          "JoinWithGraph": false,
          "JoinGraphName": "",
          "JoinWithNode": "FROM"
        },
        {
          "Id": "4e54a3e3-adfd-48f9-b881-7f5e3bdbcee1",
          "AttributeName": "DemandID",
          "Dimension": "Demand",
          "Axis": "row",
          "ShowInfo": {
            "ShowDetail": true,
            "ShowPulse": true,
            "ShowTask": true,
            "ShowMarketIntelligence": true
          },
          "RelationshipTypeId": "cdb36bba-5503-42b6-9a55-156ec353e241",
          "RelationshipType": "002.020D Solver Outputs Storage Capacity Root Cause",
          "EdgeDirection": "FROM",
          "IsVisible": true,
          "IsAttributeRequired": false,
          "ShowSubtotal": false,
          "UOMMember": null,
          "DisplayName": "",
          "ShortName": "",
          "SortBy": "",
          "JoinWithGraph": false,
          "JoinGraphName": "",
          "JoinWithNode": "FROM"
        },
        {
          "Id": "667ed008-53b6-4824-9b09-9aa4abe0d2bd",
          "AttributeName": "Demand Type",
          "Dimension": "Demand Type",
          "Axis": "row",
          "ShowInfo": {
            "ShowDetail": true,
            "ShowPulse": true,
            "ShowTask": true,
            "ShowMarketIntelligence": true
          },
          "RelationshipTypeId": "cdb36bba-5503-42b6-9a55-156ec353e241",
          "RelationshipType": "002.020D Solver Outputs Storage Capacity Root Cause",
          "EdgeDirection": "FROM",
          "IsVisible": true,
          "IsAttributeRequired": false,
          "ShowSubtotal": false,
          "UOMMember": null,
          "DisplayName": "",
          "ShortName": "",
          "SortBy": "",
          "JoinWithGraph": false,
          "JoinGraphName": "",
          "JoinWithNode": "FROM"
        },
        {
          "Id": "cf4d90bc-af56-4f4e-ab2a-0f8d4ff6f484",
          "AttributeName": "Customer Group",
          "Dimension": "Sales Domain",
          "Axis": "row",
          "ShowInfo": {
            "ShowDetail": true,
            "ShowPulse": true,
            "ShowTask": true,
            "ShowMarketIntelligence": true
          },
          "RelationshipTypeId": "cdb36bba-5503-42b6-9a55-156ec353e241",
          "RelationshipType": "002.020D Solver Outputs Storage Capacity Root Cause",
          "EdgeDirection": "FROM",
          "IsVisible": true,
          "IsAttributeRequired": false,
          "ShowSubtotal": false,
          "UOMMember": null,
          "DisplayName": "",
          "ShortName": "",
          "SortBy": "",
          "JoinWithGraph": false,
          "JoinGraphName": "",
          "JoinWithNode": "FROM"
        },
        {
          "Id": "e594aad2-d604-4a05-95b8-81a9047605b7",
          "AttributeName": "Item",
          "Dimension": "Item",
          "Axis": "row",
          "ShowInfo": {
            "ShowDetail": true,
            "ShowPulse": true,
            "ShowTask": true,
            "ShowMarketIntelligence": true
          },
          "RelationshipTypeId": "cdb36bba-5503-42b6-9a55-156ec353e241",
          "RelationshipType": "002.020D Solver Outputs Storage Capacity Root Cause",
          "EdgeDirection": "TO",
          "IsVisible": true,
          "IsAttributeRequired": false,
          "ShowSubtotal": false,
          "UOMMember": null,
          "DisplayName": "",
          "ShortName": "",
          "SortBy": "",
          "JoinWithGraph": false,
          "JoinGraphName": "",
          "JoinWithNode": "FROM"
        },
        {
          "Id": "9c3b45ac-e578-4b7d-8bba-9b631bdb0b79",
          "AttributeName": "Location",
          "Dimension": "Location",
          "Axis": "row",
          "ShowInfo": {
            "ShowDetail": true,
            "ShowPulse": true,
            "ShowTask": true,
            "ShowMarketIntelligence": true
          },
          "RelationshipTypeId": "cdb36bba-5503-42b6-9a55-156ec353e241",
          "RelationshipType": "002.020D Solver Outputs Storage Capacity Root Cause",
          "EdgeDirection": "TO",
          "IsVisible": true,
          "IsAttributeRequired": false,
          "ShowSubtotal": false,
          "UOMMember": null,
          "DisplayName": "",
          "ShortName": "",
          "SortBy": "",
          "JoinWithGraph": false,
          "JoinGraphName": "",
          "JoinWithNode": "FROM"
        },
        {
          "Id": "662fa7dc-53eb-4ef5-9857-1f60c4365b47",
          "AttributeName": "Day",
          "Dimension": "Time",
          "Axis": "row",
          "ShowInfo": {
            "ShowDetail": true,
            "ShowPulse": true,
            "ShowTask": true,
            "ShowMarketIntelligence": true
          },
          "RelationshipTypeId": "cdb36bba-5503-42b6-9a55-156ec353e241",
          "RelationshipType": "002.020D Solver Outputs Storage Capacity Root Cause",
          "EdgeDirection": "TO",
          "IsVisible": true,
          "IsAttributeRequired": false,
          "ShowSubtotal": false,
          "UOMMember": null,
          "DisplayName": "",
          "ShortName": "",
          "JoinWithGraph": false,
          "JoinGraphName": "",
          "JoinWithNode": "FROM"
        },
        {
          "Id": "7369395f-64e1-45c3-994b-cfa998a94fcb",
          "AttributeName": "Measure",
          "Dimension": "Measure",
          "Axis": "column",
          "ShowInfo": {
            "ShowDetail": true,
            "ShowPulse": true,
            "ShowTask": true,
            "ShowMarketIntelligence": true
          },
          "IsVisible": true,
          "IsAttributeRequired": false,
          "ShowSubtotal": false,
          "SortBy": "",
          "JoinWithGraph": false,
          "DisplayName": "",
          "ShortName": "",
          "UOMMember": ""
        }
      ],
      "MeasureCollections": [
        {
          "Measures": [
            {
              "Name": "D Storage Capacity Root Cause Quantity",
              "Id": "ea3eb73f-f63c-4325-b304-be3cf3b3c00b",
              "RelationshipTypeId": "cdb36bba-5503-42b6-9a55-156ec353e241",
              "RelationshipType": "002.020D Solver Outputs Storage Capacity Root Cause",
              "IsEdgeProperty": true,
              "EdgeDirection": "FROM",
              "IsVisible": true,
              "IsEditable": false,
              "ShowInLocalTimeZone": false,
              "RenderType": "Value",
              "Alignment": "MiddleRight",
              "FormatString": "",
              "ColumnWidth": 0,
              "Sort": "",
              "UseExcelAggregation": false,
              "TimeHorizon": "",
              "ShowInfo": {
                "ShowDetail": true,
                "ShowPulse": true,
                "ShowTask": true,
                "ShowMarketIntelligence": true
              },
              "ChildMeasureCollections": null,
              "IsMultiDimensionProperty": false
            }
          ]
        }
      ],
      "MeasureCollections2": [],
      "GraphRelations": [],
      "Folders": []
    }
  },
  "WidgetKeywordTags": [],
  "DimensionAttributeUsages": [],
  "WidgetModel": {
    "WidgetModelId": "d9402295-b65a-4f4a-b7c3-2264fdd4dce2",
    "ConfigJson": {
      "LevelAttributes": [
        {
          "Id": "c8215069-c134-49e6-a1de-5f681eb07b83",
          "AttributeName": "L3",
          "Dimension": "Item",
          "DimensionId": 699341,
          "EdgeDirection": "FROM",
          "IsFilter": true,
          "Axis": "none",
          "IsDefault": true,
          "AllSelection": true,
          "SelectedMembers": [],
          "Name": "L3",
          "DimensionName": "Item",
          "OverrideFavSelection": false,
          "RelationshipTypeId": "cdb36bba-5503-42b6-9a55-156ec353e241",
          "RelationshipType": "002.020D Solver Outputs Storage Capacity Root Cause",
          "CurrencyFilter": false,
          "IsSingleSelect": false,
          "MemberFilterExpression": "",
          "DefaultValueExpression": "",
          "WorksheetLevelFilter": false,
          "SortBy": "",
          "SortOrder": "",
          "IsNarrowYourSelection": false,
          "Position": 50
        },
        {
          "Id": "cf4d90bc-af56-4f4e-ab2a-0f8d4ff6f484",
          "AttributeName": "Customer Group",
          "Dimension": "Sales Domain",
          "DimensionId": 699339,
          "EdgeDirection": "FROM",
          "IsFilter": true,
          "Axis": "none",
          "IsDefault": true,
          "AllSelection": true,
          "SelectedMembers": [],
          "Name": "Customer Group",
          "DimensionName": "Sales Domain",
          "OverrideFavSelection": false,
          "RelationshipTypeId": "cdb36bba-5503-42b6-9a55-156ec353e241",
          "RelationshipType": "002.020D Solver Outputs Storage Capacity Root Cause",
          "CurrencyFilter": false,
          "IsSingleSelect": false,
          "MemberFilterExpression": "",
          "DefaultValueExpression": "",
          "WorksheetLevelFilter": false,
          "SortBy": "",
          "SortOrder": "",
          "IsNarrowYourSelection": false,
          "Position": 60
        },
        {
          "Id": "1055e697-5019-493f-8c04-203626bc8e1d",
          "AttributeName": "Location Region",
          "Dimension": "Location",
          "DimensionId": 699334,
          "EdgeDirection": "FROM",
          "IsFilter": true,
          "Axis": "none",
          "IsDefault": true,
          "AllSelection": true,
          "SelectedMembers": [],
          "Name": "Location Region",
          "DimensionName": "Location",
          "OverrideFavSelection": false,
          "RelationshipTypeId": "cdb36bba-5503-42b6-9a55-156ec353e241",
          "RelationshipType": "002.020D Solver Outputs Storage Capacity Root Cause",
          "CurrencyFilter": false,
          "IsSingleSelect": false,
          "MemberFilterExpression": "",
          "DefaultValueExpression": "",
          "WorksheetLevelFilter": false,
          "SortBy": "",
          "SortOrder": "",
          "IsNarrowYourSelection": false,
          "Position": 70
        },
        {
          "Id": "9c3b45ac-e578-4b7d-8bba-9b631bdb0b79",
          "AttributeName": "Location",
          "Dimension": "Location",
          "DimensionId": 699334,
          "EdgeDirection": "FROM",
          "IsFilter": true,
          "Axis": "none",
          "IsDefault": true,
          "AllSelection": true,
          "SelectedMembers": [],
          "Name": "Location",
          "DimensionName": "Location",
          "OverrideFavSelection": false,
          "RelationshipTypeId": "cdb36bba-5503-42b6-9a55-156ec353e241",
          "RelationshipType": "002.020D Solver Outputs Storage Capacity Root Cause",
          "CurrencyFilter": false,
          "IsSingleSelect": false,
          "MemberFilterExpression": "",
          "DefaultValueExpression": "",
          "WorksheetLevelFilter": false,
          "SortBy": "",
          "SortOrder": "",
          "IsNarrowYourSelection": false,
          "Position": 70
        },
        {
          "Id": "667ed008-53b6-4824-9b09-9aa4abe0d2bd",
          "AttributeName": "Demand Type",
          "Dimension": "Demand Type",
          "DimensionId": 699324,
          "EdgeDirection": "FROM",
          "IsFilter": true,
          "Axis": "none",
          "IsDefault": true,
          "AllSelection": true,
          "SelectedMembers": [],
          "Name": "Demand Type",
          "DimensionName": "Demand Type",
          "OverrideFavSelection": false,
          "RelationshipTypeId": "cdb36bba-5503-42b6-9a55-156ec353e241",
          "RelationshipType": "002.020D Solver Outputs Storage Capacity Root Cause",
          "CurrencyFilter": false,
          "IsSingleSelect": false,
          "MemberFilterExpression": "",
          "DefaultValueExpression": "",
          "WorksheetLevelFilter": false,
          "SortBy": "",
          "SortOrder": "",
          "IsNarrowYourSelection": false,
          "Position": 80
        },
        {
          "Id": "0786c155-90e0-47d1-bc5c-af83807d9dac",
          "AttributeName": "Problem Type",
          "Dimension": "RootCause",
          "DimensionId": 699242,
          "EdgeDirection": "FROM",
          "IsFilter": true,
          "Axis": "none",
          "IsDefault": true,
          "AllSelection": true,
          "SelectedMembers": [],
          "Name": "Problem Type",
          "DimensionName": "RootCause",
          "OverrideFavSelection": false,
          "RelationshipTypeId": "cdb36bba-5503-42b6-9a55-156ec353e241",
          "RelationshipType": "002.020D Solver Outputs Storage Capacity Root Cause",
          "CurrencyFilter": false,
          "IsSingleSelect": false,
          "MemberFilterExpression": "",
          "DefaultValueExpression": "",
          "WorksheetLevelFilter": false,
          "SortBy": "",
          "SortOrder": "",
          "IsNarrowYourSelection": false,
          "Position": 80
        },
        {
          "Id": "4e54a3e3-adfd-48f9-b881-7f5e3bdbcee1",
          "AttributeName": "DemandID",
          "Dimension": "Demand",
          "DimensionId": 699326,
          "EdgeDirection": "FROM",
          "IsFilter": true,
          "Axis": "none",
          "IsDefault": true,
          "AllSelection": true,
          "SelectedMembers": [],
          "Name": "DemandID",
          "DimensionName": "Demand",
          "OverrideFavSelection": false,
          "RelationshipTypeId": "cdb36bba-5503-42b6-9a55-156ec353e241",
          "RelationshipType": "002.020D Solver Outputs Storage Capacity Root Cause",
          "CurrencyFilter": false,
          "IsSingleSelect": false,
          "MemberFilterExpression": "",
          "DefaultValueExpression": "",
          "WorksheetLevelFilter": false,
          "SortBy": "",
          "SortOrder": "",
          "IsNarrowYourSelection": false,
          "Position": 90
        },
        {
          "Id": "211b33d5-d91f-40ec-9668-20e0da2ae7b3",
          "AttributeName": "Version Name",
          "Dimension": "Version",
          "DimensionId": 699327,
          "IsFilter": true,
          "Axis": "none",
          "IsDefault": true,
          "AllSelection": false,
          "SelectedMembers": [
            {
              "Name": "CurrentWorkingView"
            }
          ],
          "Name": "Version Name",
          "DimensionName": "Version",
          "OverrideFavSelection": false,
          "IsSingleSelect": false,
          "MemberFilterExpression": "",
          "DefaultValueExpression": "",
          "WorksheetLevelFilter": false,
          "SortBy": "",
          "SortOrder": "",
          "IsNarrowYourSelection": false,
          "Position": 1300
        },
        {
          "Id": "e594aad2-d604-4a05-95b8-81a9047605b7",
          "AttributeName": "Item",
          "Dimension": "Item",
          "EdgeDirection": "FROM",
          "IsFilter": false,
          "Axis": "row",
          "IsDefault": true,
          "AllSelection": false,
          "SelectedMembers": [],
          "Name": "Item",
          "DimensionName": "Item",
          "RelationshipTypeId": "cdb36bba-5503-42b6-9a55-156ec353e241",
          "RelationshipType": "002.020D Solver Outputs Storage Capacity Root Cause",
          "IsVisible": true,
          "IsAttributeRequired": false,
          "ShowSubtotal": false,
          "DisplayName": "",
          "ShortName": "",
          "SortBy": "",
          "JoinWithGraph": false,
          "JoinGraphName": "",
          "JoinWithNode": "FROM"
        },
        {
          "Id": "9c3b45ac-e578-4b7d-8bba-9b631bdb0b79",
          "AttributeName": "Location",
          "Dimension": "Location",
          "EdgeDirection": "FROM",
          "IsFilter": false,
          "Axis": "row",
          "IsDefault": true,
          "AllSelection": false,
          "SelectedMembers": [],
          "Name": "Location",
          "DimensionName": "Location",
          "RelationshipTypeId": "cdb36bba-5503-42b6-9a55-156ec353e241",
          "RelationshipType": "002.020D Solver Outputs Storage Capacity Root Cause",
          "IsVisible": true,
          "IsAttributeRequired": false,
          "ShowSubtotal": false,
          "DisplayName": "",
          "ShortName": "",
          "SortBy": "",
          "JoinWithGraph": false,
          "JoinGraphName": "",
          "JoinWithNode": "FROM"
        },
        {
          "Id": "662fa7dc-53eb-4ef5-9857-1f60c4365b47",
          "AttributeName": "Day",
          "Dimension": "Time",
          "EdgeDirection": "FROM",
          "IsFilter": false,
          "Axis": "row",
          "IsDefault": true,
          "AllSelection": false,
          "SelectedMembers": [],
          "Name": "Day",
          "DimensionName": "Time",
          "RelationshipTypeId": "cdb36bba-5503-42b6-9a55-156ec353e241",
          "RelationshipType": "002.020D Solver Outputs Storage Capacity Root Cause",
          "IsVisible": true,
          "IsAttributeRequired": false,
          "ShowSubtotal": false,
          "DisplayName": "",
          "ShortName": "",
          "JoinWithGraph": false,
          "JoinGraphName": "",
          "JoinWithNode": "FROM"
        },
        {
          "Id": "0786c155-90e0-47d1-bc5c-af83807d9dac",
          "AttributeName": "Problem Type",
          "Dimension": "RootCause",
          "EdgeDirection": "FROM",
          "IsFilter": false,
          "Axis": "row",
          "IsDefault": true,
          "AllSelection": false,
          "SelectedMembers": [],
          "Name": "Problem Type",
          "DimensionName": "RootCause",
          "RelationshipTypeId": "cdb36bba-5503-42b6-9a55-156ec353e241",
          "RelationshipType": "002.020D Solver Outputs Storage Capacity Root Cause",
          "IsVisible": true,
          "IsAttributeRequired": false,
          "ShowSubtotal": false,
          "DisplayName": "",
          "ShortName": "",
          "SortBy": "",
          "JoinWithGraph": false,
          "JoinGraphName": "",
          "JoinWithNode": "FROM"
        },
        {
          "Id": "4e54a3e3-adfd-48f9-b881-7f5e3bdbcee1",
          "AttributeName": "DemandID",
          "Dimension": "Demand",
          "EdgeDirection": "FROM",
          "IsFilter": false,
          "Axis": "row",
          "IsDefault": true,
          "AllSelection": false,
          "SelectedMembers": [],
          "Name": "DemandID",
          "DimensionName": "Demand",
          "RelationshipTypeId": "cdb36bba-5503-42b6-9a55-156ec353e241",
          "RelationshipType": "002.020D Solver Outputs Storage Capacity Root Cause",
          "IsVisible": true,
          "IsAttributeRequired": false,
          "ShowSubtotal": false,
          "DisplayName": "",
          "ShortName": "",
          "SortBy": "",
          "JoinWithGraph": false,
          "JoinGraphName": "",
          "JoinWithNode": "FROM"
        },
        {
          "Id": "667ed008-53b6-4824-9b09-9aa4abe0d2bd",
          "AttributeName": "Demand Type",
          "Dimension": "Demand Type",
          "EdgeDirection": "FROM",
          "IsFilter": false,
          "Axis": "row",
          "IsDefault": true,
          "AllSelection": false,
          "SelectedMembers": [],
          "Name": "Demand Type",
          "DimensionName": "Demand Type",
          "RelationshipTypeId": "cdb36bba-5503-42b6-9a55-156ec353e241",
          "RelationshipType": "002.020D Solver Outputs Storage Capacity Root Cause",
          "IsVisible": true,
          "IsAttributeRequired": false,
          "ShowSubtotal": false,
          "DisplayName": "",
          "ShortName": "",
          "SortBy": "",
          "JoinWithGraph": false,
          "JoinGraphName": "",
          "JoinWithNode": "FROM"
        },
        {
          "Id": "cf4d90bc-af56-4f4e-ab2a-0f8d4ff6f484",
          "AttributeName": "Customer Group",
          "Dimension": "Sales Domain",
          "EdgeDirection": "FROM",
          "IsFilter": false,
          "Axis": "row",
          "IsDefault": true,
          "AllSelection": false,
          "SelectedMembers": [],
          "Name": "Customer Group",
          "DimensionName": "Sales Domain",
          "RelationshipTypeId": "cdb36bba-5503-42b6-9a55-156ec353e241",
          "RelationshipType": "002.020D Solver Outputs Storage Capacity Root Cause",
          "IsVisible": true,
          "IsAttributeRequired": false,
          "ShowSubtotal": false,
          "DisplayName": "",
          "ShortName": "",
          "SortBy": "",
          "JoinWithGraph": false,
          "JoinGraphName": "",
          "JoinWithNode": "FROM"
        },
        {
          "Id": "e594aad2-d604-4a05-95b8-81a9047605b7",
          "AttributeName": "Item",
          "Dimension": "Item",
          "EdgeDirection": "TO",
          "IsFilter": false,
          "Axis": "row",
          "IsDefault": true,
          "AllSelection": false,
          "SelectedMembers": [],
          "Name": "Item",
          "DimensionName": "Item",
          "RelationshipTypeId": "cdb36bba-5503-42b6-9a55-156ec353e241",
          "RelationshipType": "002.020D Solver Outputs Storage Capacity Root Cause",
          "IsVisible": true,
          "IsAttributeRequired": false,
          "ShowSubtotal": false,
          "DisplayName": "",
          "ShortName": "",
          "SortBy": "",
          "JoinWithGraph": false,
          "JoinGraphName": "",
          "JoinWithNode": "FROM"
        },
        {
          "Id": "9c3b45ac-e578-4b7d-8bba-9b631bdb0b79",
          "AttributeName": "Location",
          "Dimension": "Location",
          "EdgeDirection": "TO",
          "IsFilter": false,
          "Axis": "row",
          "IsDefault": true,
          "AllSelection": false,
          "SelectedMembers": [],
          "Name": "Location",
          "DimensionName": "Location",
          "RelationshipTypeId": "cdb36bba-5503-42b6-9a55-156ec353e241",
          "RelationshipType": "002.020D Solver Outputs Storage Capacity Root Cause",
          "IsVisible": true,
          "IsAttributeRequired": false,
          "ShowSubtotal": false,
          "DisplayName": "",
          "ShortName": "",
          "SortBy": "",
          "JoinWithGraph": false,
          "JoinGraphName": "",
          "JoinWithNode": "FROM"
        },
        {
          "Id": "662fa7dc-53eb-4ef5-9857-1f60c4365b47",
          "AttributeName": "Day",
          "Dimension": "Time",
          "EdgeDirection": "TO",
          "IsFilter": false,
          "Axis": "row",
          "IsDefault": true,
          "AllSelection": false,
          "SelectedMembers": [],
          "Name": "Day",
          "DimensionName": "Time",
          "RelationshipTypeId": "cdb36bba-5503-42b6-9a55-156ec353e241",
          "RelationshipType": "002.020D Solver Outputs Storage Capacity Root Cause",
          "IsVisible": true,
          "IsAttributeRequired": false,
          "ShowSubtotal": false,
          "DisplayName": "",
          "ShortName": "",
          "JoinWithGraph": false,
          "JoinGraphName": "",
          "JoinWithNode": "FROM"
        },
        {
          "Id": "7369395f-64e1-45c3-994b-cfa998a94fcb",
          "AttributeName": "Measure",
          "Dimension": "Measure",
          "IsFilter": false,
          "Axis": "column",
          "IsDefault": true,
          "AllSelection": false,
          "SelectedMembers": [],
          "Name": "Measure",
          "DimensionName": "Measure",
          "IsVisible": true,
          "IsAttributeRequired": false,
          "ShowSubtotal": false,
          "SortBy": "",
          "JoinWithGraph": false,
          "DisplayName": "",
          "ShortName": "",
          "UOMMember": ""
        }
      ],
      "PeggingAttributes": [],
      "FlowPlanAttributes": [],
      "NamedSets": [
        {
          "DimensionId": "0e2c070f-286c-4cb6-ba80-e58a09ff2763",
          "DimensionName": "Time",
          "SelectedNamedSet": {
            "Name": "DailyPlanningHorizon",
            "DisplayName": "DailyPlanningHorizon",
            "Id": "cee2c817-59de-49c6-a795-4041238c814e"
          },
          "AvailableNamedSets": [
            {
              "Name": "DailyPlanningHorizon",
              "DisplayName": "DailyPlanningHorizon",
              "Id": "cee2c817-59de-49c6-a795-4041238c814e"
            },
            {
              "Name": "Next7Days",
              "DisplayName": "Next7Days",
              "Id": "0e8782f5-e378-463e-9bdb-e79116bc847c"
            },
            {
              "Name": "Next14Days",
              "DisplayName": "Next14Days",
              "Id": "ddc726a2-2637-4e2a-bd4f-66e5e8693d28"
            },
            {
              "Name": "Next21Days",
              "DisplayName": "Next21Days",
              "Id": "e15962a5-1643-4754-8793-f4e271a197fb"
            }
          ],
          "Position": 290,
          "EdgeDirection": "TO",
          "RelationshipType": "002.020D Solver Outputs Storage Capacity Root Cause",
          "RelationshipTypeId": "cdb36bba-5503-42b6-9a55-156ec353e241",
          "WorksheetLevelFilter": false
        }
      ],
      "RegularMeasures": [
        {
          "Id": "ea3eb73f-f63c-4325-b304-be3cf3b3c00b",
          "Name": "D Storage Capacity Root Cause Quantity",
          "RelationshipTypeId": "cdb36bba-5503-42b6-9a55-156ec353e241",
          "RelationshipType": "002.020D Solver Outputs Storage Capacity Root Cause",
          "IsEdgeProperty": true,
          "EdgeDirection": "FROM"
        }
      ],
      "TransientMeasures": [],
      "GraphRelations": [],
      "Folders": [],
      "AssociationMeasures": [
        {
          "MeasureFilterIBPLExpression": "",
          "MeasureFilterScope": "Post Filter"
        }
      ],
      "AssociationMeasureExpressions": [
        {
          "Expression": ""
        }
      ],
      "DataProperties": {
        "IncludeInactiveMembers": false,
        "IncludeNulls": false,
        "NullsForFinerGrainSelect": false,
        "NullsForUnrelatedAttrSelect": false,
        "RequireEditValidation": false,
        "SubTotalsType": "NoSubtotals",
        "IncludeNullsForSeries": "",
        "AssociationMeasureExpression": ""
      },
      "FilterProperties": {
        "VersionDependentFilter": false,
        "ExcludeVersionInFavorite": false
      },
      "SortByMeasure": [
        {
          "Measure": null,
          "SortOrder": ""
        }
      ]
    }
  }
}