{
  "Name": "Daily DIST Resource Plan Capacity Utilization Chart_Retail",
  "WidgetDefinitionId": "e93304ad-2221-4e73-af8b-61dfdfc86fb1",
  "IsPrivate": false,
  "WidgetType": "o9.linechart",
  "ViewWidgetDefinition": null,
  "PageWidgetDefinition": null,
  "CreatedUserEmail": "rushabh.doshi@o9solutions.com",
  "ModifiedUserEmail": "rushabh.doshi@o9solutions.com",
  "Roles": [
    "public"
  ],
  "ConfigJson": {
    "Widget": {
      "Height": 550,
      "ActionButtons": []
    },
    "Presentation": {
      "FilterProperties": "",
      "Cumulative": "Enable",
      "EnableComparison": false,
      "EnableMultiVersionMultiMeasure": false,
      "Y1": {
        "Min": "",
        "Max": "",
        "Format": ""
      },
      "Y2": {
        "Min": "",
        "Max": "",
        "Format": ""
      },
      "XAxis": {
        "EnableSort": false,
        "SortDirection": "Descending",
        "SortLimit": "0"
      },
      "IsGraphReport": false,
      "IsMultiGraphReport": false,
      "LevelAttributes": [
        {
          "Id": "662fa7dc-53eb-4ef5-9857-1f60c4365b47",
          "AttributeName": "Day",
          "Dimension": "Time",
          "Axis": "row",
          "ShowInfo": {
            "ShowDetail": true,
            "ShowPulse": true,
            "ShowTask": true,
            "ShowMarketIntelligence": true
          },
          "IsDefault": true,
          "ShortName": "D",
          "XAxisSelectedMember": ""
        },
        {
          "Id": "957e580c-16e5-44fa-9974-220e3e4ed749",
          "AttributeName": "Week",
          "Dimension": "Time",
          "Axis": "row",
          "ShowInfo": {
            "ShowDetail": true,
            "ShowPulse": true,
            "ShowTask": true,
            "ShowMarketIntelligence": true
          },
          "IsDefault": false,
          "ShortName": "",
          "XAxisSelectedMember": "",
          "memberProperty": ""
        },
        {
          "Id": "b798604c-0140-4e29-9b8e-16eb427a4105",
          "AttributeName": "Planning Month",
          "Dimension": "Time",
          "Axis": "row",
          "ShowInfo": {
            "ShowDetail": true,
            "ShowPulse": true,
            "ShowTask": true,
            "ShowMarketIntelligence": true
          },
          "IsDefault": false,
          "ShortName": "M",
          "XAxisSelectedMember": ""
        },
        {
          "Id": "ed4df28f-92ef-4cd4-951e-9bde63603b44",
          "AttributeName": "Planning Quarter",
          "Dimension": "Time",
          "Axis": "row",
          "ShowInfo": {
            "ShowDetail": true,
            "ShowPulse": true,
            "ShowTask": true,
            "ShowMarketIntelligence": true
          },
          "IsDefault": false,
          "ShortName": "Q",
          "XAxisSelectedMember": ""
        },
        {
          "Id": "e6218cc2-e174-47cf-b75b-e4dd94897ead",
          "AttributeName": "Planning Year",
          "Dimension": "Time",
          "Axis": "row",
          "ShowInfo": {
            "ShowDetail": true,
            "ShowPulse": true,
            "ShowTask": true,
            "ShowMarketIntelligence": true
          },
          "IsDefault": false,
          "ShortName": "Y",
          "XAxisSelectedMember": ""
        }
      ],
      "MeasureCollections": [
        {
          "Measures": [
            {
              "Name": "D Total Capacity",
              "Id": "ef3f8f13-ea00-4633-9dd8-af02a1db5caa",
              "Visible": true,
              "Type": "Line",
              "LineInfo": [
                {
                  "Width": 3,
                  "Pattern": "solid",
                  "NullAs": "Zero"
                }
              ],
              "Color": "",
              "Format": "",
              "ThresholdVal": 0,
              "ColorForNegVal": "",
              "ShowMarker": false,
              "MarkerInfo": [
                {
                  "MarkerColor": "",
                  "MarkerSize": 10,
                  "MarkerLineWidth": 3,
                  "MarkerStyle": "circle"
                }
              ],
              "ShowPopover": true,
              "OtherMeasures": [
                "ef3f8f13-ea00-4633-9dd8-af02a1db5caa"
              ],
              "ShowInfo": {
                "ShowDetail": true,
                "ShowPulse": true,
                "ShowTask": true,
                "ShowMarketIntelligence": true
              },
              "ChildMeasureCollections": null
            }
          ]
        },
        {
          "Title": "Load group",
          "Id": "fc29604b-1924-42e2-a6e5-dabfbffd61eb",
          "IsGroup": true,
          "ChildMeasureCollections": [],
          "Measures": [
            {
              "Name": "D Capacity Consumption Quantity Plan Output",
              "Id": "96fae8db-38d5-49f5-bed5-04b9edfe1650",
              "Visible": true,
              "Type": "Bar",
              "ShowPointLabel": false,
              "Color": "rgba(144, 142, 142, 1)",
              "ShowColorForNegVal": false,
              "Format": "",
              "ThresholdVal": 0,
              "ColorForNegVal": "",
              "ShowMarker": false,
              "MarkerInfo": [
                {
                  "MarkerColor": "",
                  "MarkerSize": 10,
                  "MarkerLineWidth": 3,
                  "MarkerStyle": "circle"
                }
              ],
              "ShowPopover": true,
              "OtherMeasures": [
                "96fae8db-38d5-49f5-bed5-04b9edfe1650"
              ],
              "ShowInfo": {
                "ShowDetail": true,
                "ShowPulse": true,
                "ShowTask": true,
                "ShowMarketIntelligence": true
              },
              "ChildMeasureCollections": null
            },
            {
              "Name": "D Capacity RCA Quantity",
              "Id": "f911654f-e0e7-4e8c-a1a5-6eb0a1911bbe",
              "Visible": true,
              "Type": "Bar",
              "ShowPointLabel": true,
              "Color": "rgba(255, 0, 0, 1)",
              "ShowColorForNegVal": false,
              "Format": "",
              "ThresholdVal": 0,
              "ColorForNegVal": "",
              "ShowMarker": false,
              "MarkerInfo": [
                {
                  "MarkerColor": "",
                  "MarkerSize": 10,
                  "MarkerLineWidth": 3,
                  "MarkerStyle": "circle"
                }
              ],
              "ShowPopover": true,
              "OtherMeasures": [
                "f911654f-e0e7-4e8c-a1a5-6eb0a1911bbe"
              ],
              "ShowInfo": {
                "ShowDetail": true,
                "ShowPulse": true,
                "ShowTask": true,
                "ShowMarketIntelligence": true
              },
              "ChildMeasureCollections": null
            }
          ]
        },
        {
          "Measures": [
            {
              "Name": "D Resource Base Capacity",
              "Id": "a01da812-9117-4a2f-903a-fc56d1103461",
              "Visible": true,
              "Type": "Line",
              "LineInfo": [
                {
                  "Width": 3,
                  "Pattern": "solid",
                  "NullAs": "Zero"
                }
              ],
              "Color": "",
              "Format": "",
              "ThresholdVal": 0,
              "ColorForNegVal": "",
              "ShowMarker": false,
              "MarkerInfo": [
                {
                  "MarkerColor": "",
                  "MarkerSize": 10,
                  "MarkerLineWidth": 3,
                  "MarkerStyle": "circle"
                }
              ],
              "ShowPopover": true,
              "OtherMeasures": [
                "a01da812-9117-4a2f-903a-fc56d1103461"
              ],
              "ShowInfo": {
                "ShowDetail": true,
                "ShowPulse": true,
                "ShowTask": true,
                "ShowMarketIntelligence": true
              },
              "ChildMeasureCollections": null
            }
          ]
        },
        {
          "Measures": [
            {
              "Name": "D Flex Capacity Band1",
              "Id": "20003613-7c8a-4f4e-8a7e-e7d598729924",
              "Visible": true,
              "Type": "Line",
              "LineInfo": [
                {
                  "Width": 3,
                  "Pattern": "solid",
                  "NullAs": "Zero"
                }
              ],
              "Color": "",
              "Format": "",
              "ThresholdVal": 0,
              "ColorForNegVal": "",
              "ShowMarker": false,
              "MarkerInfo": [
                {
                  "MarkerColor": "",
                  "MarkerSize": 10,
                  "MarkerLineWidth": 3,
                  "MarkerStyle": "circle"
                }
              ],
              "ShowPopover": true,
              "OtherMeasures": [],
              "ShowInfo": {
                "ShowDetail": true,
                "ShowPulse": true,
                "ShowTask": true,
                "ShowMarketIntelligence": true
              },
              "ChildMeasureCollections": null
            }
          ]
        }
      ],
      "MeasureCollections2": [],
      "GraphRelations": [],
      "Folders": []
    }
  },
  "WidgetKeywordTags": [],
  "DimensionAttributeUsages": [],
  "WidgetModel": {
    "WidgetModelId": "9abc9234-3ab0-4af8-9303-92085364ef02",
    "ConfigJson": {
      "LevelAttributes": [
        {
          "Id": "1055e697-5019-493f-8c04-203626bc8e1d",
          "AttributeName": "Location Region",
          "Dimension": "Location",
          "DimensionId": 360752,
          "IsFilter": true,
          "Axis": "none",
          "IsDefault": true,
          "AllSelection": false,
          "SelectedMembers": [
            {
              "Name": "Raomb"
            }
          ],
          "Name": "Location Region",
          "DimensionName": "Location",
          "OverrideFavSelection": false,
          "CurrencyFilter": false,
          "IsSingleSelect": true,
          "MemberFilterExpression": "",
          "DefaultValueExpression": "",
          "WorksheetLevelFilter": false,
          "SortBy": "",
          "SortOrder": "",
          "IsNarrowYourSelection": false,
          "Position": 60
        },
        {
          "Id": "9c3b45ac-e578-4b7d-8bba-9b631bdb0b79",
          "AttributeName": "Location",
          "Dimension": "Location",
          "DimensionId": 360752,
          "IsFilter": true,
          "Axis": "none",
          "IsDefault": true,
          "AllSelection": true,
          "SelectedMembers": [],
          "Name": "Location",
          "DimensionName": "Location",
          "OverrideFavSelection": false,
          "CurrencyFilter": false,
          "IsSingleSelect": false,
          "MemberFilterExpression": "&AllDCs",
          "DefaultValueExpression": "",
          "WorksheetLevelFilter": false,
          "SortBy": "",
          "SortOrder": "",
          "IsNarrowYourSelection": false,
          "Position": 60
        },
        {
          "Id": "451d4d1d-cb43-4f0a-9678-69d46b042b86",
          "AttributeName": "Resource",
          "Dimension": "Resource",
          "DimensionId": 360743,
          "IsFilter": true,
          "Axis": "none",
          "IsDefault": true,
          "AllSelection": true,
          "SelectedMembers": [],
          "Name": "Resource",
          "DimensionName": "Resource",
          "OverrideFavSelection": false,
          "CurrencyFilter": false,
          "IsSingleSelect": false,
          "MemberFilterExpression": "&DistributionResource",
          "DefaultValueExpression": "",
          "WorksheetLevelFilter": false,
          "SortBy": "",
          "SortOrder": "",
          "IsNarrowYourSelection": false,
          "Position": 120
        },
        {
          "Id": "55d36b1d-0410-4b48-b21f-54f57bc38bbd",
          "AttributeName": "Resource Type",
          "Dimension": "Resource",
          "DimensionId": 360743,
          "IsFilter": true,
          "Axis": "none",
          "IsDefault": true,
          "AllSelection": true,
          "SelectedMembers": [],
          "Name": "Resource Type",
          "DimensionName": "Resource",
          "OverrideFavSelection": false,
          "CurrencyFilter": false,
          "IsSingleSelect": false,
          "MemberFilterExpression": "",
          "DefaultValueExpression": "",
          "WorksheetLevelFilter": false,
          "SortBy": "",
          "SortOrder": "",
          "IsNarrowYourSelection": false,
          "Position": 120
        },
        {
          "Id": "211b33d5-d91f-40ec-9668-20e0da2ae7b3",
          "AttributeName": "Version Name",
          "Dimension": "Version",
          "DimensionId": 360750,
          "IsFilter": true,
          "Axis": "none",
          "IsDefault": true,
          "AllSelection": false,
          "SelectedMembers": [
            {
              "Name": "CurrentWorkingView"
            }
          ],
          "Name": "Version Name",
          "DimensionName": "Version",
          "OverrideFavSelection": false,
          "IsSingleSelect": true,
          "MemberFilterExpression": "",
          "DefaultValueExpression": "",
          "WorksheetLevelFilter": false,
          "SortBy": "",
          "SortOrder": "",
          "IsNarrowYourSelection": false,
          "Position": 1310
        },
        {
          "Id": "662fa7dc-53eb-4ef5-9857-1f60c4365b47",
          "AttributeName": "Day",
          "Dimension": "Time",
          "IsFilter": false,
          "Axis": "row",
          "IsDefault": true,
          "AllSelection": false,
          "SelectedMembers": [],
          "Name": "Day",
          "DimensionName": "Time",
          "ShortName": "D",
          "XAxisSelectedMember": ""
        },
        {
          "Id": "957e580c-16e5-44fa-9974-220e3e4ed749",
          "AttributeName": "Week",
          "Dimension": "Time",
          "IsFilter": false,
          "Axis": "row",
          "IsDefault": false,
          "AllSelection": false,
          "SelectedMembers": [],
          "Name": "Week",
          "DimensionName": "Time",
          "ShortName": "",
          "XAxisSelectedMember": "",
          "memberProperty": ""
        },
        {
          "Id": "b798604c-0140-4e29-9b8e-16eb427a4105",
          "AttributeName": "Planning Month",
          "Dimension": "Time",
          "IsFilter": false,
          "Axis": "row",
          "IsDefault": false,
          "AllSelection": false,
          "SelectedMembers": [],
          "Name": "Planning Month",
          "DimensionName": "Time",
          "ShortName": "M",
          "XAxisSelectedMember": ""
        },
        {
          "Id": "ed4df28f-92ef-4cd4-951e-9bde63603b44",
          "AttributeName": "Planning Quarter",
          "Dimension": "Time",
          "IsFilter": false,
          "Axis": "row",
          "IsDefault": false,
          "AllSelection": false,
          "SelectedMembers": [],
          "Name": "Planning Quarter",
          "DimensionName": "Time",
          "ShortName": "Q",
          "XAxisSelectedMember": ""
        },
        {
          "Id": "e6218cc2-e174-47cf-b75b-e4dd94897ead",
          "AttributeName": "Planning Year",
          "Dimension": "Time",
          "IsFilter": false,
          "Axis": "row",
          "IsDefault": false,
          "AllSelection": false,
          "SelectedMembers": [],
          "Name": "Planning Year",
          "DimensionName": "Time",
          "ShortName": "Y",
          "XAxisSelectedMember": ""
        }
      ],
      "PeggingAttributes": [],
      "FlowPlanAttributes": [],
      "NamedSets": [
        {
          "DimensionId": "0e2c070f-286c-4cb6-ba80-e58a09ff2763",
          "DimensionName": "Time",
          "SelectedNamedSet": {
            "Name": "DailyPlanningHorizon",
            "DisplayName": "Daily Planning Horizon",
            "Id": "cee2c817-59de-49c6-a795-4041238c814e"
          },
          "AvailableNamedSets": [
            {
              "Name": "CurrentPlanningMonth",
              "DisplayName": "CM",
              "Id": "158f3884-15a0-4044-a6a6-0eb54b3587fc"
            },
            {
              "Name": "CurrentPlanningYear",
              "DisplayName": "CY",
              "Id": "27b2c392-e94a-4719-ae94-d96eabf346ec"
            },
            {
              "Name": "CurrentWeek",
              "DisplayName": "CW",
              "Id": "f3c2a12c-02c2-449f-93ea-3d7f3eb4e732"
            },
            {
              "Name": "CurrentPlanningQuarter",
              "DisplayName": "CQ",
              "Id": "b2d10a09-fbaf-4656-bc79-34f2e33c29fc"
            },
            {
              "Name": "DailyPlanningHorizon",
              "DisplayName": "Daily Planning Horizon",
              "Id": "cee2c817-59de-49c6-a795-4041238c814e"
            },
            {
              "Name": "CurrentAndFutureDay",
              "DisplayName": "CurrentAndFutureDay",
              "Id": "ee3094a9-01fb-41f1-80cb-d3f512dab353"
            }
          ],
          "Position": 290,
          "WorksheetLevelFilter": false
        }
      ],
      "RegularMeasures": [
        {
          "Id": "ef3f8f13-ea00-4633-9dd8-af02a1db5caa",
          "Name": "D Total Capacity"
        },
        {
          "Id": "96fae8db-38d5-49f5-bed5-04b9edfe1650",
          "Name": "D Capacity Consumption Quantity Plan Output"
        },
        {
          "Id": "f911654f-e0e7-4e8c-a1a5-6eb0a1911bbe",
          "Name": "D Capacity RCA Quantity"
        },
        {
          "Id": "a01da812-9117-4a2f-903a-fc56d1103461",
          "Name": "D Resource Base Capacity"
        },
        {
          "Id": "20003613-7c8a-4f4e-8a7e-e7d598729924",
          "Name": "D Flex Capacity Band1"
        }
      ],
      "TransientMeasures": [],
      "GraphRelations": [],
      "Folders": [],
      "AssociationMeasures": [
        {
          "MeasureFilterIBPLExpression": "",
          "MeasureFilterScope": "Post Filter"
        }
      ],
      "AssociationMeasureExpressions": [
        {
          "Expression": ""
        }
      ],
      "DataProperties": {
        "IncludeInactiveMembers": false,
        "IncludeNulls": false,
        "NullsForFinerGrainSelect": false,
        "NullsForUnrelatedAttrSelect": false,
        "SubTotalsType": "NoSubtotals",
        "IncludeNullsForSeries": "Time",
        "AssociationMeasureExpression": "",
        "MeasureValueFilters": ""
      },
      "FilterProperties": {
        "VersionDependentFilter": false,
        "InterDependentMeasure": {},
        "ExcludeVersionInFavorite": false
      }
    }
  }
}