{
  "MeasureName": "SP POS MD Rtl",
  "MeasureId": "2be7e040-d96e-1b5a-1905-b8e0f44a10ab",
  "MeasureDescription": "SP Point of Sale Mark Down Retail",
  "DataType": "number",
  "MeasureType": "Currency",
  "AggregateFunction": "Sum",
  "FormatString": "($0,000.00a)",
  "MeasureColumnName": "SPPOSMDRtl",
  "MeasureFormula": "",
  "IsEditable": true,
  "ApplyConversion": true,
  "ConversionFormula": "Exchange Rate Monthly",
  "PickListName": null,
  "BgColorFormula": "",
  "FgColorFormula": "",
  "TrendFormula": "",
  "FormattingViewModel": null,
  "ParentMeasureName": null,
  "AssociationMeasure": false,
  "IsComputedByPlanningService": false,
  "ToolTip": "SP Point of Sale Mark Down Retail",
  "ConfigJson": {},
  "ApiName": null,
  "ApiDisabled": false,
  "IsReportingMeasure": false,
  "MeasureConditionalFormulaProperties": [],
  "PicklistSource": null
}