{
  "MeasureGroupName": "o9EKG Broker Rules",
  "MeasureGroupId": "19218d11-2016-e3e3-9b4e-dc6f17d43a68",
  "ParentMeasureGroupName": null,
  "HasShadow": false,
  "MeasureGroupDescription": "Stores Broker Rules for multi-tenant",
  "MeasureGroupType": "Regular",
  "FactTableName": "Facto9EKGBrokerRules",
  "SchemaMajorVersion": 0,
  "ConfigJson": {},
  "ApiName": null,
  "Repartition": false,
  "Unpartition": false,
  "ApiEnabled": false,
  "DimensionUsages": [
    {
      "DimensionName": "Version",
      "AttributeName": "Version Name",
      "SortOrder": 0,
      "DimensionType": "Regular"
    },
    {
      "DimensionName": "o9EKG Customer",
      "AttributeName": "Project Name",
      "SortOrder": 1,
      "DimensionType": "Regular"
    },
    {
      "DimensionName": "o9EKG Rule Set",
      "AttributeName": "Rule",
      "SortOrder": 4,
      "DimensionType": "Regular"
    }
  ]
}