{
  "AttributeName": "Group Type",
  "AttributeId": "62ecb148-a80e-c973-ff92-a1e04e6ca5cc",
  "AttributeHierarchyEnabled": true,
  "IsKey": false,
  "Description": "Group Type",
  "OrderBy": "Name",
  "KeyColumnName": "GroupTypeKey",
  "NameColumnName": "GroupTypeName",
  "KeyColumnDataType": "integer",
  "SeedTags": true,
  "KeyGenerationType": "Auto",
  "PickListName": null,
  "ConfigJson": {
    "ShowFilterAs": "TileView",
    "MemberDisplayNameEditable": false,
    "IsMultipleImage": false,
    "MemberDisplayColor": false
  },
  "FormatString": null,
  "Translation": null,
  "Aliases": [],
  "ApiName": null,
  "ApiDisabled": false,
  "FgColorFormula": "",
  "BgColorFormula": "",
  "IsReservedBySystem": false
}