{
  "MeasureName": "Target Sales PAG SS",
  "MeasureId": "03c3e3f3-4bb1-4234-ae1c-b0a29e5fcd9e",
  "MeasureDescription": "Target Sales at Product Attribute Group - Selling Season",
  "DataType": "number",
  "MeasureType": "Regular",
  "AggregateFunction": "Sum",
  "FormatString": "$ #,##0; (#,##0)",
  "MeasureColumnName": "TargetSalesPASS",
  "MeasureFormula": "",
  "IsEditable": false,
  "ApplyConversion": false,
  "ConversionFormula": "",
  "PickListName": null,
  "BgColorFormula": "",
  "FgColorFormula": "",
  "TrendFormula": "",
  "FormattingViewModel": "[]",
  "ParentMeasureName": null,
  "AssociationMeasure": false,
  "IsComputedByPlanningService": false,
  "ToolTip": "Target Sales at Product Attribute Group - Selling Season",
  "ConfigJson": {},
  "ApiName": null,
  "ApiDisabled": false,
  "IsReportingMeasure": false,
  "MeasureConditionalFormulaProperties": [],
  "PicklistSource": null
}