{
  "Name": "40GenerateInteractiveStat",
  "Description": null,
  "ActionButtonId": "d60509a2-2d93-4a13-abb3-359f497b8cda",
  "Tooltip": "Generate statistical forecast",
  "ActionButtonType": "Rule",
  "Alignment": "right",
  "IsPopOver": true,
  "IsGlobal": false,
  "ActionClickHandler": null,
  "Icon": null,
  "Image": null,
  "ConfigJson": {
    "DisplayName": "Statistical Fcst",
    "icon": "cog",
    "Position": "0",
    "SubmitButton": {
      "Label": "Submit",
      "ProgressMessage": "Executing. You may close this pop up and wait for the notification.",
      "SuccessMessage": "Successfully Executed. Please refresh the data.",
      "ErrorMessage": "Error in Execution.",
      "ConfirmMessage": "Are you sure you want to go ahead with the changes?"
    },
    "ResetButton": {
      "Label": "Reset"
    },
    "CloseButton": {
      "Label": "Close",
      "ConfirmMessage": "Unsaved changes will be lost. Continue?"
    },
    "NotifyAll": false,
    "IBPLRules": [
      {
        "template": "exec procedure o9DP0232GenerateInteractiveStat\t {\"VersionName\" : [{{#csv VersionName}}], \"L5\" : [{{#csv L5}}],  \"AccountL3\" : [{{#csv AccountL3}}], \"ChannelL1\" : [{{#csv ChannelL1}}], \"RegionL3\" : [{{#csv RegionL3}}], \"PnLL3\" : [{{#csv PnLL3}}], \"DemandDomainL3\" : [{{#csv DemandDomainL3}}], \"LocationRegion\" : [{{#csv LocationRegion}}] ,  \"StatModel\" : [{{#csv StatModel}}] , \"MediumWeight\":{{MediumWeight}} };"
      }
    ],
    "JavascriptRules": [],
    "FieldBindings": [
      {
        "fieldName": "Information",
        "title": "Information",
        "Description": "Information",
        "type": "info",
        "clearSearch": true,
        "source": "literal",
        "defaultValue": "Please select the appropriate filters and click on \"Submit\" to generate forecast for the selected scope",
        "visible": true,
        "isEditable": false,
        "validation": {
          "maxLength": "0",
          "required": true
        }
      },
      {
        "fieldName": "VersionName",
        "title": "Version Name",
        "Description": "Version Name",
        "type": "picklist",
        "selectionType": "single",
        "clearSearch": true,
        "source": "filter",
        "DimensionName": "Version",
        "LevelAttributeName": "Version Name",
        "visible": true,
        "isEditable": true,
        "validation": {
          "maxLength": "0",
          "required": true
        },
        "fieldGroup": "Version"
      },
      {
        "fieldName": "MediumWeight",
        "title": "Medium Weight",
        "Description": "Medium Weight Execution Mode",
        "type": "boolean",
        "fieldGroup": "Execution Mode",
        "clearSearch": true,
        "source": "literal",
        "defaultValue": true,
        "visible": true,
        "isEditable": true,
        "validation": {
          "maxLength": "0",
          "required": true
        }
      },
      {
        "fieldName": "L6",
        "title": "L6",
        "Description": "L6",
        "type": "picklist",
        "fieldGroup": "Item",
        "selectionType": "multiple",
        "clearSearch": true,
        "select": "ALL",
        "source": "members",
        "DimensionName": "Item",
        "LevelAttributeName": "L6",
        "visible": true,
        "isEditable": true,
        "validation": {
          "maxLength": "0",
          "required": true
        }
      },
      {
        "fieldName": "L5",
        "title": "L5",
        "Description": "L5",
        "type": "picklist",
        "fieldGroup": "Item",
        "selectionType": "multiple",
        "clearSearch": true,
        "select": "ALL",
        "source": "datasource",
        "key": "DSL5",
        "valueField": "Name",
        "textField": "DisplayName",
        "visible": true,
        "isEditable": true,
        "validation": {
          "maxLength": "0",
          "required": true
        },
        "cascadeFrom": "L6",
        "overrideFieldBindingType": false
      },
      {
        "fieldName": "AccountL4",
        "title": "Account L4",
        "Description": "Account L4",
        "type": "picklistDropdown",
        "fieldGroup": "Customer",
        "selectionType": "multiple",
        "clearSearch": true,
        "select": "ALL",
        "source": "members",
        "DimensionName": "Account",
        "LevelAttributeName": "Account L4",
        "visible": true,
        "isEditable": true,
        "validation": {
          "maxLength": "0",
          "required": true
        }
      },
      {
        "fieldName": "AccountL3",
        "title": "Account L3",
        "Description": "Account L3",
        "type": "picklistDropdown",
        "fieldGroup": "Customer",
        "selectionType": "multiple",
        "clearSearch": true,
        "select": "ALL",
        "source": "datasource",
        "key": "Account",
        "valueField": "Name",
        "textField": "DisplayName",
        "visible": true,
        "isEditable": true,
        "cascadeFrom": "AccountL4",
        "validation": {
          "maxLength": "0",
          "required": true
        },
        "overrideFieldBindingType": false
      },
      {
        "fieldName": "ChannelL2",
        "title": "Channel L2",
        "Description": "Channel L2",
        "type": "picklistDropdown",
        "fieldGroup": "Customer",
        "selectionType": "multiple",
        "clearSearch": true,
        "select": "ALL",
        "source": "members",
        "DimensionName": "Channel",
        "LevelAttributeName": "Channel L2",
        "visible": true,
        "isEditable": true,
        "validation": {
          "maxLength": "0",
          "required": true
        }
      },
      {
        "fieldName": "ChannelL1",
        "title": "Channel L1",
        "Description": "Channel L1",
        "type": "picklistDropdown",
        "fieldGroup": "Customer",
        "selectionType": "multiple",
        "clearSearch": true,
        "select": "ALL",
        "source": "datasource",
        "key": "Channel",
        "valueField": "Name",
        "textField": "DisplayName",
        "visible": true,
        "isEditable": true,
        "cascadeFrom": "ChannelL2",
        "validation": {
          "maxLength": "0",
          "required": true
        },
        "overrideFieldBindingType": false
      },
      {
        "fieldName": "RegionL4",
        "title": "Region L4",
        "Description": "Region L4",
        "type": "picklistDropdown",
        "fieldGroup": "Customer",
        "selectionType": "multiple",
        "clearSearch": true,
        "select": "ALL",
        "source": "members",
        "DimensionName": "Region",
        "LevelAttributeName": "Region L4",
        "visible": true,
        "isEditable": true,
        "validation": {
          "maxLength": "0",
          "required": true
        }
      },
      {
        "fieldName": "RegionL3",
        "title": "Region L3",
        "Description": "Region L3",
        "type": "picklistDropdown",
        "fieldGroup": "Customer",
        "selectionType": "multiple",
        "clearSearch": true,
        "select": "ALL",
        "source": "datasource",
        "key": "Region",
        "valueField": "Name",
        "textField": "DisplayName",
        "visible": true,
        "isEditable": true,
        "cascadeFrom": "RegionL4",
        "validation": {
          "maxLength": "0",
          "required": true
        },
        "overrideFieldBindingType": false
      },
      {
        "fieldName": "LocationCountry",
        "title": "Location Country",
        "Description": "Location Country",
        "type": "picklistDropdown",
        "fieldGroup": "Location",
        "selectionType": "multiple",
        "clearSearch": true,
        "select": "ALL",
        "source": "members",
        "DimensionName": "Location",
        "LevelAttributeName": "Location Country",
        "visible": true,
        "isEditable": true,
        "validation": {
          "maxLength": "0",
          "required": true
        }
      },
      {
        "fieldName": "LocationRegion",
        "title": "Location Region",
        "Description": "Location Region",
        "type": "picklistDropdown",
        "fieldGroup": "Location",
        "selectionType": "multiple",
        "clearSearch": true,
        "select": "ALL",
        "source": "datasource",
        "key": "Location",
        "valueField": "Name",
        "textField": "DisplayName",
        "visible": true,
        "isEditable": true,
        "cascadeFrom": "LocationCountry",
        "validation": {
          "maxLength": "0",
          "required": true
        },
        "overrideFieldBindingType": false
      },
      {
        "fieldName": "PnLL4",
        "title": "PnL L4",
        "Description": "PnL L4",
        "type": "picklistDropdown",
        "fieldGroup": "Others",
        "selectionType": "multiple",
        "clearSearch": true,
        "select": "ALL",
        "source": "members",
        "DimensionName": "PnL",
        "LevelAttributeName": "PnL L4",
        "visible": true,
        "isEditable": true,
        "validation": {
          "maxLength": "0",
          "required": true
        }
      },
      {
        "fieldName": "PnLL3",
        "title": "PnL L3",
        "Description": "PnL L3",
        "type": "picklistDropdown",
        "fieldGroup": "Others",
        "selectionType": "multiple",
        "clearSearch": true,
        "select": "ALL",
        "source": "datasource",
        "key": "PnL",
        "valueField": "Name",
        "textField": "DisplayName",
        "visible": true,
        "isEditable": true,
        "cascadeFrom": "PnLL4",
        "validation": {
          "maxLength": "0",
          "required": true
        },
        "overrideFieldBindingType": false
      },
      {
        "fieldName": "DemandDomainL4",
        "title": "Demand Domain L4",
        "Description": "Demand Domain L4",
        "type": "picklistDropdown",
        "fieldGroup": "Others",
        "selectionType": "multiple",
        "clearSearch": true,
        "select": "ALL",
        "source": "members",
        "DimensionName": "Demand Domain",
        "LevelAttributeName": "Demand Domain L4",
        "visible": true,
        "isEditable": true,
        "validation": {
          "maxLength": "0",
          "required": true
        }
      },
      {
        "fieldName": "DemandDomainL3",
        "title": "Demand Domain L3",
        "Description": "Demand Domain L3",
        "type": "picklistDropdown",
        "fieldGroup": "Others",
        "selectionType": "multiple",
        "clearSearch": true,
        "select": "ALL",
        "source": "datasource",
        "key": "DemandDomain",
        "valueField": "Name",
        "textField": "DisplayName",
        "visible": true,
        "isEditable": true,
        "cascadeFrom": "DemandDomainL4",
        "validation": {
          "maxLength": "0",
          "required": true
        },
        "overrideFieldBindingType": false
      },
      {
        "fieldName": "StatModel",
        "title": "Stat Model",
        "Description": "Stat Model",
        "type": "picklist",
        "fieldGroup": "Stat Model",
        "selectionType": "multiple",
        "clearSearch": true,
        "select": "ALL",
        "source": "members",
        "DimensionName": "Stat Model",
        "LevelAttributeName": "Stat Model",
        "FilterExpression": "[Stat Model].[Stat Model].filter(#.Name in {\"Model 1\", \"Model 2\", \"Model 3\"})",
        "visible": true,
        "isEditable": true,
        "validation": {
          "maxLength": "0",
          "required": true
        }
      }
    ],
    "Range": [],
    "DataSources": [
      {
        "Name": "DSL5",
        "IBPLRules": [
          {
            "template": "Select (&AllL6{{#filter L6}}.relatedmembers([L5]));"
          }
        ],
        "JavascriptRules": [],
        "FieldBindings": [],
        "IncludeDSFieldsOnly": false
      },
      {
        "Name": "Account",
        "IBPLRules": [
          {
            "template": "Select ([Account].[Account L4]{{#filter AccountL4}}.relatedmembers([Account L3]));"
          }
        ],
        "JavascriptRules": [],
        "IncludeDSFieldsOnly": false,
        "FieldBindings": []
      },
      {
        "Name": "Channel",
        "IBPLRules": [
          {
            "template": "Select ([Channel].[Channel L2]{{#filter ChannelL2}}.relatedmembers([Channel L1]));"
          }
        ],
        "JavascriptRules": [],
        "IncludeDSFieldsOnly": false,
        "FieldBindings": []
      },
      {
        "Name": "Region",
        "IBPLRules": [
          {
            "template": "Select ([Region].[Region L4]{{#filter RegionL4}}.relatedmembers([Region L3]));"
          }
        ],
        "JavascriptRules": [],
        "IncludeDSFieldsOnly": false,
        "FieldBindings": []
      },
      {
        "Name": "PnL",
        "IBPLRules": [
          {
            "template": "Select ([PnL].[PnL L4]{{#filter PnLL4}}.relatedmembers([PnL L3]));"
          }
        ],
        "JavascriptRules": [],
        "IncludeDSFieldsOnly": false,
        "FieldBindings": []
      },
      {
        "Name": "DemandDomain",
        "IBPLRules": [
          {
            "template": "Select ([Demand Domain].[Demand Domain L4]{{#filter DemandDomainL4}}.relatedmembers([Demand Domain L3]));"
          }
        ],
        "JavascriptRules": [],
        "IncludeDSFieldsOnly": false,
        "FieldBindings": []
      },
      {
        "Name": "Location",
        "IBPLRules": [
          {
            "template": "Select ([Location].[Location Country]{{#filter LocationCountry}}.relatedmembers([Location Region]));"
          }
        ],
        "JavascriptRules": [],
        "IncludeDSFieldsOnly": false,
        "FieldBindings": []
      }
    ],
    "AutoExecute": false,
    "isAsync": true,
    "hasMembersUpdates": false,
    "Compact": false,
    "TwoColumn": true,
    "IsGlobalForExcelAddIn": false,
    "enableTransaction": false,
    "ExcludeFromNavLink": false,
    "FilterFieldBindings": []
  },
  "Widget": null,
  "Roles": []
}