{
  "DimensionId": "a815ba7c-a19b-45ec-95b7-e389743005ab",
  "DimensionName": "Integration Batch Milestones",
  "DimensionTableName": "DimIntegrationBatchMilestones",
  "DimensionType": "Regular",
  "DimensionKeyColumnName": "IntegrationBatchMilestonesKey",
  "DimensionDescription": "Integration Batch Milestones",
  "Modifiable": false,
  "LockFree": false,
  "IsReservedBySystem": false,
  "ConfigJson": {
    "Position": 850
  },
  "ApiName": null,
  "ApiEnabled": false,
  "Translation": null,
  "Aliases": []
}