{
  "AttributeName": "Solution Set",
  "AttributeId": "c0ac8f9c-68d7-24ff-6fa6-3d6d671c3c3b",
  "AttributeHierarchyEnabled": true,
  "IsKey": true,
  "Description": "Solution Set",
  "OrderBy": "Name",
  "KeyColumnName": "SolutionSetKey",
  "NameColumnName": "SolutionSetName",
  "KeyColumnDataType": "integer",
  "SeedTags": false,
  "KeyGenerationType": "Auto",
  "PickListName": null,
  "ConfigJson": {
    "ShowFilterAs": "TileView",
    "MemberDisplayNameEditable": true,
    "IsMultipleImage": false,
    "MemberDisplayColor": false
  },
  "FormatString": null,
  "Translation": null,
  "Aliases": [],
  "ApiName": null,
  "ApiDisabled": false,
  "FgColorFormula": "",
  "BgColorFormula": "",
  "IsReservedBySystem": false
}