{
  "MeasureGroupName": "001.006 Raw Value Mapping",
  "MeasureGroupId": "96277ea4-1b8b-44b2-b0f4-f3dece135489",
  "ParentMeasureGroupName": null,
  "HasShadow": false,
  "MeasureGroupDescription": "001.006 Raw Value Mapping",
  "MeasureGroupType": "Regular",
  "FactTableName": "Fact001.006RawValueMapping",
  "SchemaMajorVersion": 0,
  "ConfigJson": {},
  "ApiName": null,
  "Repartition": false,
  "Unpartition": false,
  "ApiEnabled": false,
  "DimensionUsages": [
    {
      "DimensionName": "Version",
      "AttributeName": "Version Name",
      "SortOrder": 0,
      "DimensionType": "Regular"
    },
    {
      "DimensionName": "Raw Value Mapping",
      "AttributeName": "Serial No",
      "SortOrder": 1,
      "DimensionType": "Regular"
    }
  ]
}