{
  "EdgePropertyId": "c72d951d-673e-428a-be6f-8981e6b4e52d",
  "PropertyName": "Item Location Realignment Created By",
  "PropertyDescription": "Item Location Realignment Created By",
  "PropertyDataType": "string",
  "PropertyDataSize": 0,
  "PropertyColumnName": "ItemLocationRealignmentCreatedBy",
  "AggregateFunction": "DistinctSum",
  "PropertyFormula": null,
  "IsEditable": false,
  "FormatString": "#",
  "ActivationProperty": false,
  "IsComputedByPlanningService": false,
  "ToolTip": null,
  "ApiName": null,
  "ApiDisabled": false,
  "BgColorFormula": null,
  "FgColorFormula": null,
  "TrendFormula": null,
  "FormattingViewModel": null,
  "ConditionalFormulas": []
}