{
  "MeasureName": "End Week SC SS",
  "MeasureId": "954d8b0f-540c-4e26-82b5-957a3d0ef288",
  "MeasureDescription": "End Week",
  "DataType": "picklist",
  "MeasureType": "Regular",
  "AggregateFunction": "Max",
  "FormatString": "",
  "MeasureColumnName": "SSEndWeek",
  "MeasureFormula": "",
  "IsEditable": true,
  "ApplyConversion": false,
  "ConversionFormula": "",
  "PickListName": "SS_DatetoWeek",
  "BgColorFormula": "",
  "FgColorFormula": "",
  "TrendFormula": "",
  "FormattingViewModel": "[]",
  "ParentMeasureName": null,
  "AssociationMeasure": false,
  "IsComputedByPlanningService": false,
  "ToolTip": "End Week",
  "ConfigJson": {},
  "ApiName": null,
  "ApiDisabled": false,
  "IsReportingMeasure": false,
  "MeasureConditionalFormulaProperties": [],
  "PicklistSource": null
}