{
  "AttributeName": "Demand Domain L1",
  "AttributeId": "960d8d8d-3350-41da-a5aa-38785300ea9e",
  "AttributeHierarchyEnabled": true,
  "IsKey": false,
  "Description": "Demand Domain L1",
  "OrderBy": "Key",
  "KeyColumnName": "DemandDomainL1Key",
  "NameColumnName": "DemandDomainL1Name",
  "KeyColumnDataType": "integer",
  "SeedTags": true,
  "KeyGenerationType": "Auto",
  "PickListName": null,
  "ConfigJson": {
    "ShowFilterAs": "TileView",
    "MemberDisplayNameEditable": true,
    "IsMultipleImage": false,
    "MemberDisplayColor": false
  },
  "FormatString": null,
  "Translation": null,
  "Aliases": [],
  "ApiName": null,
  "ApiDisabled": false
}