{
  "Name": "Opportunities",
  "FolderEntityId": "b38d8231-1b68-54d9-d8b4-09b6e1ce3874",
  "Roles": [
    "admin",
    "Account Manager UI",
    "Data Scientist UI",
    "Demand Planner UI",
    "DP Admin UI"
  ],
  "Position": 4,
  "Description": null,
  "GroupName": "",
  "Path": "",
  "Category": "Pulse",
  "Color": "rgba(65, 171, 93, 1)",
  "Image": null,
  "MeasureGroup": null,
  "AnchorAttributes": [],
  "UnreadCount": 0,
  "IsPrivate": false,
  "VersionCategory": null,
  "FullPath": "Opportunities",
  "EmailAlias": "",
  "FullFolderEmail": "mail.awssandbox+63206d192e47b729188bc399@o9solutions.com",
  "ParentFullPath": null,
  "UserAccessEmails": null
}