{
  "Name": "Planner Comments",
  "FolderEntityId": "df2106d4-a8fa-44f5-5cd9-aefec225ca92",
  "Roles": [
    "admin",
    "Account Manager UI",
    "Data Scientist UI",
    "Demand Planner UI",
    "DP Admin UI"
  ],
  "Position": 0,
  "Description": null,
  "GroupName": "",
  "Path": "",
  "Category": "Pulse",
  "Color": "rgba(82, 82, 82, 1)",
  "Image": null,
  "MeasureGroup": null,
  "AnchorAttributes": [],
  "UnreadCount": 0,
  "IsPrivate": false,
  "VersionCategory": null,
  "FullPath": "Planner Comments",
  "EmailAlias": "",
  "FullFolderEmail": "mail.awssandbox+63206d192e47b729188bc393@o9solutions.com",
  "ParentFullPath": null,
  "UserAccessEmails": null
}