{
  "Name": "Post Game",
  "FolderEntityId": "8e367de1-8241-2803-4627-526c5183719f",
  "Roles": [
    "admin",
    "Account Manager UI",
    "Data Scientist UI",
    "Demand Planner UI",
    "DP Admin UI"
  ],
  "Position": 0,
  "Description": null,
  "GroupName": "",
  "Path": "",
  "Category": "Pulse",
  "Color": "rgba(254, 178, 76, 1)",
  "Image": null,
  "MeasureGroup": null,
  "AnchorAttributes": [],
  "UnreadCount": 0,
  "IsPrivate": false,
  "VersionCategory": null,
  "FullPath": "Post Game",
  "EmailAlias": "",
  "FullFolderEmail": "mail.awssandbox+63206d192e47b729188bc395@o9solutions.com",
  "ParentFullPath": null,
  "UserAccessEmails": null
}