{
  "Name": "Risks",
  "FolderEntityId": "002fb228-4d4c-64b5-ec2d-2b7a91c078ad",
  "Roles": [
    "admin",
    "Account Manager UI",
    "Data Scientist UI",
    "Demand Planner UI",
    "DP Admin UI"
  ],
  "Position": 3,
  "Description": null,
  "GroupName": "",
  "Path": "",
  "Category": "Pulse",
  "Color": "rgba(252, 187, 161, 1)",
  "Image": null,
  "MeasureGroup": null,
  "AnchorAttributes": [],
  "UnreadCount": 0,
  "IsPrivate": false,
  "VersionCategory": null,
  "FullPath": "Risks",
  "EmailAlias": "",
  "FullFolderEmail": "mail.awssandbox+63206d192e47b729188bc398@o9solutions.com",
  "ParentFullPath": null,
  "UserAccessEmails": null
}