{
  "Name": "Tasks",
  "FolderEntityId": "bcd75c3d-8bb0-277e-7ff6-c1af6eb71588",
  "Roles": [],
  "Position": 0,
  "Description": null,
  "GroupName": "",
  "Path": "",
  "Category": "Task",
  "Color": null,
  "Image": null,
  "MeasureGroup": null,
  "AnchorAttributes": [],
  "UnreadCount": 0,
  "IsPrivate": false,
  "VersionCategory": null,
  "FullPath": "Tasks",
  "EmailAlias": "",
  "FullFolderEmail": "mail.awssandbox+63206d192e47b729188bc392@o9solutions.com",
  "ParentFullPath": null,
  "UserAccessEmails": null
}