{
  "Name": "Tenant Help Content",
  "FolderEntityId": "568f4d38-8c54-b332-7dbb-e15b8552197a",
  "Roles": [
    "admin",
    "Account Manager UI",
    "Data Scientist UI",
    "Demand Planner UI",
    "DP Admin UI"
  ],
  "Position": 0,
  "Description": null,
  "GroupName": "",
  "Path": "",
  "Category": "Pulse",
  "Color": "rgba(116, 196, 118, 1)",
  "Image": null,
  "MeasureGroup": null,
  "AnchorAttributes": [],
  "UnreadCount": 0,
  "IsPrivate": false,
  "VersionCategory": null,
  "FullPath": "Tenant Help Content",
  "EmailAlias": "",
  "FullFolderEmail": "mail.awssandbox+63206d192e47b729188bc394@o9solutions.com",
  "ParentFullPath": null,
  "UserAccessEmails": null
}