{
  "MeasureGroupName": "004 Value Tracking Period",
  "MeasureGroupId": "c738bb76-fdbd-4578-ce55-f1a9b17119b8",
  "ParentMeasureGroupName": null,
  "HasShadow": false,
  "MeasureGroupDescription": "004 Value Tracking Period",
  "MeasureGroupType": "Regular",
  "FactTableName": "Fact004ValueTrackingPeriod",
  "SchemaMajorVersion": 0,
  "ConfigJson": {},
  "ApiName": null,
  "Repartition": false,
  "Unpartition": false,
  "ApiEnabled": false,
  "DimensionUsages": [
    {
      "DimensionName": "Version",
      "AttributeName": "Version Name",
      "SortOrder": 0,
      "DimensionType": "Regular"
    }
  ]
}