{
  "Name": "SupplyPlan171StorageFenceInfo",
  "Description": "Information",
  "ActionButtonId": "59bc38ab-9650-4c42-8d16-a7229b251712",
  "Tooltip": "Information",
  "ActionButtonType": "Widget",
  "Alignment": "right",
  "IsPopOver": true,
  "IsGlobal": true,
  "ActionClickHandler": null,
  "Icon": null,
  "Image": null,
  "ConfigJson": {
    "icon": "info-circle",
    "SubmitButton": {
      "Label": "Submit"
    },
    "ResetButton": {
      "Label": "Reset"
    },
    "CloseButton": {
      "Label": "Close",
      "ConfirmMessage": "Unsaved changes will be lost. Continue?"
    },
    "NotifyAll": false,
    "IBPLRules": [],
    "JavascriptRules": [],
    "FieldBindings": [
      {
        "fieldName": "Information",
        "title": "Information",
        "type": "info",
        "clearSearch": true,
        "source": "literal",
        "defaultValue": "<b>Storage Fence</b><p>This grid displays the storage fence setup. Storage fence implies that after a certain number of buckets, the solver considers the storage to be unconstrained. This data is set at the Storage ID level, so all the storages pertaining to that ID will have the same value for the fences. The fences for the mid/long term solver are set up in terms of weeks and for operational plan in terms of days. The planner can set fence values for the mid/long term solvers and operational plan here.</>",
        "visible": true,
        "isEditable": false,
        "validation": {
          "maxLength": "0",
          "required": true
        }
      }
    ],
    "DataSources": [],
    "AutoExecute": false,
    "isAsync": false,
    "hasMembersUpdates": false,
    "Compact": false,
    "TwoColumn": false,
    "IsGlobalForExcelAddIn": false,
    "ReturnFilterByUpdate": false,
    "FilterFieldBindings": []
  },
  "Widget": null
}