{
  "MeasureName": "Margin Cumulative",
  "MeasureId": "617dd3d3-f8a0-492b-a094-6a9a65b4702f",
  "MeasureDescription": "Margin Cumulative at Style Color * Selling Season",
  "DataType": "number",
  "MeasureType": "Regular",
  "AggregateFunction": "Sum",
  "FormatString": "#,##0; (#,##0)",
  "MeasureColumnName": "MarginAPCumm_Color",
  "MeasureFormula": "",
  "IsEditable": false,
  "ApplyConversion": false,
  "ConversionFormula": "",
  "PickListName": null,
  "BgColorFormula": "",
  "FgColorFormula": "",
  "TrendFormula": "",
  "FormattingViewModel": null,
  "ParentMeasureName": null,
  "AssociationMeasure": false,
  "IsComputedByPlanningService": false,
  "ToolTip": "Margin AP Cumm_Color",
  "ConfigJson": {},
  "ApiName": null,
  "ApiDisabled": false,
  "IsReportingMeasure": false,
  "MeasureConditionalFormulaProperties": [],
  "PicklistSource": null
}