{
  "AttributeName": "Master Table Column",
  "AttributeId": "40c14f9a-bf31-4c30-8773-0c50da909be5",
  "AttributeHierarchyEnabled": true,
  "IsKey": false,
  "Description": "Master Table Column",
  "OrderBy": "Name",
  "KeyColumnName": "MasterTableColumnKey",
  "NameColumnName": "MasterTableColumnName",
  "KeyColumnDataType": "integer",
  "SeedTags": false,
  "KeyGenerationType": "Auto",
  "PickListName": null,
  "ConfigJson": {
    "ShowFilterAs": "TileView",
    "MemberDisplayNameEditable": true,
    "IsMultipleImage": false
  },
  "FormatString": null,
  "Translation": null,
  "Aliases": [],
  "ApiName": null,
  "ApiDisabled": false
}