{
  "MeasureName": "SellingSeason Param",
  "MeasureId": "33eed2b2-23e8-3143-2e48-609edfd59842",
  "MeasureDescription": "SellingSeason Param",
  "DataType": "string",
  "MeasureType": "Regular",
  "AggregateFunction": "Sum",
  "FormatString": "",
  "MeasureColumnName": "LikeStyleColorBool",
  "MeasureFormula": "",
  "IsEditable": false,
  "ApplyConversion": false,
  "ConversionFormula": "",
  "PickListName": null,
  "BgColorFormula": "",
  "FgColorFormula": "",
  "TrendFormula": "",
  "FormattingViewModel": "[]",
  "ParentMeasureName": null,
  "AssociationMeasure": false,
  "IsComputedByPlanningService": false,
  "ToolTip": "SellingSeason Param",
  "ConfigJson": {},
  "ApiName": null,
  "ApiDisabled": false,
  "IsReportingMeasure": false,
  "MeasureConditionalFormulaProperties": [],
  "PicklistSource": null
}