{
  "Name": "Assign Size Ratios",
  "ViewId": "2693ff4e-5fde-9e9a-1ff0-a3e4ac883ed4",
  "ContentType": "Regular",
  "Title": "Size Profile Assignment",
  "Position": 1,
  "IsDefault": false,
  "Resource": null,
  "RazorViewTemplate": "_containers",
  "ConfigJson": {
    "WidgetContainers": {
      "Containers": [
        1,
        1
      ],
      "Key": 1,
      "IsModified": false,
      "ViewSpread": {
        "RowLevel": 60,
        "ColLevel": 12
      },
      "Data": [
        {
          "Id": "b54a4c7b-8ae4-4206-a1d2-11ab050266cc",
          "Col": 0,
          "Row": 0,
          "SizeX": 12,
          "SizeY": 30
        },
        {
          "Id": "c2e7a4f7-cd3a-495e-8d9a-523efc9b79d9",
          "Col": 0,
          "Row": 30,
          "SizeX": 12,
          "SizeY": 30
        }
      ]
    },
    "CompactMode": false,
    "IsHidden": false
  },
  "Roles": [
    "public"
  ]
}