{
  "ModuleId": "35976705-acd8-44f1-bf8a-6ae2265dbc61",
  "ModuleName": "o9 Common",
  "Description": "o9 Common",
  "URL": "https://dev.azure.com/o9delivery/958a7655-91f2-41a8-8b8f-8443d15b8412/_apis/git/repositories/35976705-acd8-44f1-bf8a-6ae2265dbc61",
  "ParentModule": {
    "ProjectId": "ec07b4e6-de11-4c3d-988e-d2ed5a5a28e9",
    "ProjectName": "RefDev",
    "ModuleId": "40787334-d114-4118-82e3-eec1fce692eb",
    "ModuleName": "o9 Common",
    "VersionType": "tag",
    "Version": "R2025.04.01",
    "URL": "https://dev.azure.com/o9git/ec07b4e6-de11-4c3d-988e-d2ed5a5a28e9/_apis/git/repositories/40787334-d114-4118-82e3-eec1fce692eb",
    "Org": "RefDev",
    "PackageName": "o9 Supply Planning",
    "PackagePublishType": "Public"
  },
  "Dependencies": [],
  "Type": "CommonDelta",
  "Category": null,
  "Project": {
    "Id": "958a7655-91f2-41a8-8b8f-8443d15b8412",
    "Name": "ChinaDelivery",
    "Url": "https://dev.azure.com/o9delivery/_apis/projects/958a7655-91f2-41a8-8b8f-8443d15b8412"
  },
  "VersionType": "branch",
  "Version": null,
  "IsReadOnlyModule": false,
  "IsPromoteDisabled": false,
  "SelectedBranch": null,
  "CreatorEmail": "wentao.wang@o9solutions.com",
  "CreationTime": "2025-07-03T07:40:28.5276211+00:00",
  "IsMergedModule": false,
  "MergedModuleParentModule": null,
  "IsSolutionBlock": false,
  "NameSpace": null,
  "Org": "o9Delivery",
  "PackageName": null,
  "PackagePublishType": null,
  "PackageVersion": null,
  "IsFinerRulesUtilityRan": true
}