{
  "MeasureName": "Allocation DILOP Inbound Order Status",
  "MeasureId": "54ced62e-8949-35e2-9e67-f719dbbbbdcf",
  "MeasureDescription": "Allocation DILOP Inbound Order Status",
  "DataType": "string",
  "MeasureType": "Regular",
  "AggregateFunction": "Max",
  "FormatString": "#,##0;(#,##0)",
  "MeasureColumnName": "AllocationDILOPInboundOrderStatus",
  "MeasureFormula": "",
  "IsEditable": false,
  "ApplyConversion": false,
  "ConversionFormula": "",
  "PickListName": null,
  "BgColorFormula": "",
  "FgColorFormula": " IF(Measure.[Allocation DILOP Inbound Order Status] == \"Approved\") then argb( 1,0, 149, 133)",
  "TrendFormula": " IF(Measure.[Allocation DILOP Inbound Order Status] == \"Approved\") then [19] else  IF(Measure.[Allocation DILOP Inbound Order Status] == \"Partially Allocated\") then [20] else  IF(Measure.[Allocation DILOP Inbound Order Status] == \"Available\") then [21] else  IF(Measure.[Allocation DILOP Inbound Order Status] == \"Allocated\") then [19]",
  "FormattingViewModel": "[\r\n  {\r\n    \"FGCOLOR\": \"argb(1,0,149,133)\",\r\n    \"INDICATOR\": \"[19]\",\r\n    \"Condition\": \"Measure.[Allocation DILOP Inbound Order Status]==\\\"Approved\\\"\"\r\n  },\r\n  {\r\n    \"INDICATOR\": \"[20]\",\r\n    \"Condition\": \"Measure.[Allocation DILOP Inbound Order Status]==\\\"Partially Allocated\\\"\"\r\n  },\r\n  {\r\n    \"INDICATOR\": \"[21]\",\r\n    \"Condition\": \"Measure.[Allocation DILOP Inbound Order Status]==\\\"Available\\\"\"\r\n  },\r\n  {\r\n    \"INDICATOR\": \"[19]\",\r\n    \"Condition\": \"Measure.[Allocation DILOP Inbound Order Status]==\\\"Allocated\\\"\"\r\n  }\r\n]",
  "ParentMeasureName": null,
  "AssociationMeasure": false,
  "IsComputedByPlanningService": false,
  "ToolTip": "Allocation DILOP Inbound Order Status",
  "ConfigJson": {},
  "ApiName": null,
  "ApiDisabled": false,
  "IsReportingMeasure": false,
  "MeasureConditionalFormulaProperties": [
    {
      "MeasureName": null,
      "ConditionalFormula": "Measure.[Allocation DILOP Inbound Order Status]==\"Approved\"",
      "BGCOLOR": "",
      "LegendText": "",
      "DisplayOrder": 0
    },
    {
      "MeasureName": null,
      "ConditionalFormula": "Measure.[Allocation DILOP Inbound Order Status]==\"Partially Allocated\"",
      "BGCOLOR": "",
      "LegendText": "",
      "DisplayOrder": 1
    },
    {
      "MeasureName": null,
      "ConditionalFormula": "Measure.[Allocation DILOP Inbound Order Status]==\"Available\"",
      "BGCOLOR": "",
      "LegendText": "",
      "DisplayOrder": 2
    },
    {
      "MeasureName": null,
      "ConditionalFormula": "Measure.[Allocation DILOP Inbound Order Status]==\"Allocated\"",
      "BGCOLOR": "",
      "LegendText": "",
      "DisplayOrder": 3
    }
  ],
  "PicklistSource": null
}