{
  "EdgePropertyId": "339d3e7e-e5c8-42c4-9bdc-dc2b639e790e",
  "PropertyName": "Location Realignment Created On",
  "PropertyDescription": "Location Realignment Created On",
  "PropertyDataType": "datetime",
  "PropertyDataSize": 0,
  "PropertyColumnName": "LocationRealignmentCreatedOn",
  "AggregateFunction": "Min",
  "PropertyFormula": "",
  "IsEditable": false,
  "FormatString": "dd-MMM-yy",
  "ActivationProperty": false,
  "IsComputedByPlanningService": false,
  "ToolTip": null,
  "ApiName": null,
  "ApiDisabled": false,
  "BgColorFormula": "",
  "FgColorFormula": "",
  "TrendFormula": "",
  "FormattingViewModel": null,
  "ConditionalFormulas": []
}