{
  "Name": "setexpirydate",
  "Description": null,
  "ActionButtonId": "0184463e-91b8-459c-bcdf-42ae0a561e4a",
  "Tooltip": "Set Expiry Date",
  "ActionButtonType": "Rule",
  "Alignment": "right",
  "IsPopOver": true,
  "IsGlobal": false,
  "ActionClickHandler": null,
  "Icon": null,
  "Image": null,
  "ConfigJson": {
    "icon": "calendar-o",
    "Position": "0",
    "Validate": {
      "DataSource": {
        "IBPLRules": [
          {
            "template": "select CurrentUser().Name;",
            "output": {
              "name": "User",
              "type": "memberpairs"
            }
          },
          {
            "template": "select ([Personnel].[Email]{{#filter User}} * Version.[Version Name].[CurrentWorkingView]  * {Measure.[Daily Planning Create Scenario Validation]}).filter(Measure.[Daily Planning Create Scenario Validation] == true);\n",
            "input": {
              "name": "User"
            }
          }
        ],
        "JavascriptRules": [],
        "FieldBindings": []
      },
      "Message": "Scenario cannot be created. Global limit/user limit has been exhausted."
    },
    "SubmitButton": {
      "Label": "Submit"
    },
    "ResetButton": {
      "Label": "Reset"
    },
    "CloseButton": {
      "Label": "Close",
      "ConfirmMessage": "Unsaved changes will be lost. Continue?"
    },
    "NotifyAll": false,
    "IBPLRules": [
      {
        "template": "updatemember ([Version].[Version Name] = {,\"{{Source}}\"},[Version].[Version Expiry Date] = {todatetime(\"{{ExpiryDate}}\"),});"
      }
    ],
    "JavascriptRules": [],
    "FieldBindings": [
      {
        "fieldName": "Source",
        "title": "Select Scenario/Version",
        "clearSearch": true,
        "source": "members",
        "visible": true,
        "isEditable": true,
        "validation": {
          "maxLength": "0",
          "required": true
        },
        "type": "picklist",
        "selectionType": "single",
        "DimensionName": "Version",
        "LevelAttributeName": "Version Name",
        "FilterExpression": "Version.[Version Name].filter(#.Name != \"CurrentWorkingView\")"
      },
      {
        "fieldName": "ExpiryDate",
        "clearSearch": true,
        "source": "datasource",
        "visible": true,
        "isEditable": true,
        "validation": {
          "maxLength": "0",
          "required": true
        },
        "title": "Expiry Date",
        "Description": "Expiry Date",
        "type": "date",
        "select": "ALL",
        "key": "Now",
        "valueField": "result"
      },
      {
        "fieldName": "Solution",
        "title": "Solution",
        "type": "string",
        "clearSearch": true,
        "source": "datasource",
        "key": "Product",
        "valueField": "Name",
        "textField": "Name",
        "visible": false,
        "isEditable": true,
        "validation": {
          "maxLength": "0",
          "required": true
        }
      }
    ],
    "DataSources": [
      {
        "Name": "Now",
        "IBPLRules": [
          {
            "template": "Select Now();"
          }
        ],
        "JavascriptRules": [],
        "FieldBindings": [],
        "IncludeDSFieldsOnly": false
      }
    ],
    "AutoExecute": false,
    "isAsync": false,
    "hasMembersUpdates": true,
    "Compact": false,
    "TwoColumn": false,
    "IsGlobalForExcelAddIn": false,
    "FilterFieldBindings": []
  },
  "Widget": null
}