{
  "MeasureGroupName": "001.006 Advanced Priority Helpers",
  "MeasureGroupId": "c8c889f9-95e2-43f0-b506-82d757a0ec3e",
  "ParentMeasureGroupName": null,
  "HasShadow": false,
  "MeasureGroupDescription": "Consists of measures used as helpers in configuring action buttons",
  "MeasureGroupType": "Regular",
  "FactTableName": "Fact001.006AdvancedPriorityHelpers",
  "SchemaMajorVersion": 0,
  "ConfigJson": {},
  "ApiName": null,
  "Repartition": false,
  "Unpartition": false,
  "ApiEnabled": false,
  "DimensionUsages": [
    {
      "DimensionName": "Version",
      "AttributeName": "Version Name",
      "SortOrder": 0,
      "DimensionType": "Regular"
    }
  ]
}