{
  "AttributeName": "Demand Domain L4",
  "AttributeId": "0d0d82d6-417c-1622-1791-6b0634ab4512",
  "AttributeHierarchyEnabled": true,
  "IsKey": false,
  "Description": "Demand Domain L4",
  "OrderBy": "Key",
  "KeyColumnName": "DemandDomainL4Key",
  "NameColumnName": "DemandDomainL4Name",
  "KeyColumnDataType": "integer",
  "SeedTags": true,
  "KeyGenerationType": "Auto",
  "PickListName": null,
  "ConfigJson": {
    "ShowFilterAs": "TileView",
    "MemberDisplayNameEditable": true,
    "IsMultipleImage": false,
    "MemberDisplayColor": false
  },
  "FormatString": null,
  "Translation": null,
  "Aliases": [],
  "ApiName": null,
  "ApiDisabled": false
}