{
  "MeasureName": "o9EKG Pipeline Folder Group",
  "MeasureId": "347232af-7811-5638-7df8-abb8115d23b6",
  "MeasureDescription": "Pipeline Group which will be created in Integrations workspace",
  "DataType": "string",
  "MeasureType": "Regular",
  "AggregateFunction": "DistinctSum",
  "FormatString": "",
  "MeasureColumnName": "o9EKGPipelineFolderGroup",
  "MeasureFormula": "",
  "IsEditable": false,
  "ApplyConversion": false,
  "ConversionFormula": "",
  "PickListName": null,
  "BgColorFormula": " IF(Measure.[o9EKG Pipeline Folder Group]==\"EKG_Default\") then argb( 1,244, 204, 111)",
  "FgColorFormula": "",
  "TrendFormula": "",
  "FormattingViewModel": "[\r\n  {\r\n    \"BGCOLOR\": \"argb(1,244,204,111)\",\r\n    \"Condition\": \"Measure.[o9EKG Pipeline Folder Group]==\\\"EKG_Default\\\"\"\r\n  }\r\n]",
  "ParentMeasureName": null,
  "AssociationMeasure": false,
  "IsComputedByPlanningService": false,
  "ToolTip": "Pipeline group folders will be created in Integrations workspace",
  "ConfigJson": {},
  "ApiName": null,
  "ApiDisabled": false,
  "IsReportingMeasure": false,
  "MeasureConditionalFormulaProperties": [
    {
      "MeasureName": null,
      "ConditionalFormula": "Measure.[o9EKG Pipeline Folder Group]==\"EKG_Default\"",
      "BGCOLOR": "argb(1,244,204,111)",
      "LegendText": "",
      "DisplayOrder": 0
    }
  ],
  "PicklistSource": null
}