{
  "MeasureName": "TD Ttl All Sls Rtl",
  "MeasureId": "855f2103-3ac4-49d8-b26a-422b099536a7",
  "MeasureDescription": "TD Total All Sales Rtl",
  "DataType": "number",
  "MeasureType": "Regular",
  "AggregateFunction": "Computed",
  "FormatString": "#,##0; (#,##0)",
  "MeasureColumnName": "TotalAllSalesPVH",
  "MeasureFormula": "Measure.[TD Ttl Sls Rtl]@([Item].#.ancestorsatlevel([All Item]).element(0))",
  "IsEditable": false,
  "ApplyConversion": false,
  "ConversionFormula": "",
  "PickListName": null,
  "BgColorFormula": "",
  "FgColorFormula": "",
  "TrendFormula": "",
  "FormattingViewModel": null,
  "ParentMeasureName": null,
  "AssociationMeasure": false,
  "IsComputedByPlanningService": true,
  "ToolTip": "TD Total All Sales Rtl",
  "ConfigJson": {},
  "ApiName": null,
  "ApiDisabled": false,
  "IsReportingMeasure": false,
  "MeasureConditionalFormulaProperties": [],
  "PicklistSource": null
}