{
  "Name": "ABDM Inputs",
  "WidgetDefinitionName": "ABDM Inputs",
  "IsPrimary": true,
  "ConfigJson": {
    "ContainerId": "d84deae3-db55-4f18-9a94-acc32bd0bda1",
    "CompositeContainerId": "a63432c1-331e-429a-b32f-6c57dd0a1570",
    "Position": 0,
    "ShowInfoContext": {
      "ActionColumn": true,
      "RowInfo": true,
      "MemberInfo": true
    },
    "ShowHeader": {
      "Icon": "",
      "Color": null
    },
    "ActionButtonBindings": [
      {
        "ActionButtonName": "Common0000ABDM",
        "HotKey": "",
        "ExcludeHiddenAttributes": false,
        "ModuleId": "69c63dc5-4f82-4296-89e9-7839154cd5be"
      },
      {
        "ActionButtonName": "SCDMABDMGeneratePlugins",
        "HotKey": "",
        "ExcludeHiddenAttributes": false,
        "ModuleId": "ee3ceee4-2b28-4b41-9b7f-25ab52c9a322"
      },
      {
        "ActionButtonName": "SCDMABDMInputsCreateRow",
        "HotKey": "0",
        "ExcludeHiddenAttributes": false,
        "ModuleId": "ee3ceee4-2b28-4b41-9b7f-25ab52c9a322"
      },
      {
        "ActionButtonName": "SCDMABDMInputsDeleteRow",
        "HotKey": "",
        "ExcludeHiddenAttributes": false,
        "ModuleId": "ee3ceee4-2b28-4b41-9b7f-25ab52c9a322"
      }
    ]
  },
  "ViewWidgetDefinitionId": "715bae77-b54b-a2ba-1eb7-e7248ad8290b",
  "Title": "Inputs"
}