{
  "AttributeName": "Retail_AP_LP_Product_NN",
  "AttributeId": "1afbc064-8f7e-c698-cfb0-250d3f1f3ce9",
  "AttributeHierarchyEnabled": true,
  "IsKey": false,
  "Description": "Retail AP Line Plan Product Named Node",
  "OrderBy": "Key",
  "KeyColumnName": "Retail_AP_LP_Product_NNKey",
  "NameColumnName": "Retail_AP_LP_Product_NNName",
  "KeyColumnDataType": "integer",
  "SeedTags": true,
  "KeyGenerationType": "Auto",
  "PickListName": null,
  "ConfigJson": {
    "ShowFilterAs": "TileView",
    "MemberDisplayNameEditable": true,
    "IsMultipleImage": false,
    "MemberDisplayColor": false
  },
  "FormatString": null,
  "Translation": null,
  "Aliases": [],
  "ApiName": null,
  "ApiDisabled": false,
  "ParentAttributeName": null,
  "NamedNodeUsages": [
    {
      "DimensionName": "Item",
      "AttributeName": "Planning Item"
    }
  ]
}