{
  "Name": "SupplyPlan171DAddDemand",
  "Description": "AddDemand",
  "ActionButtonId": "a5bbf970-83c1-4a89-a54f-269f5476a66f",
  "Tooltip": "Add Demand",
  "ActionButtonType": "Rule",
  "Alignment": "right",
  "IsPopOver": true,
  "IsGlobal": false,
  "ActionClickHandler": null,
  "Icon": null,
  "Image": null,
  "ConfigJson": {
    "icon": "plus",
    "Position": "0",
    "SubmitButton": {
      "Label": "Submit"
    },
    "ResetButton": {
      "Label": "Reset"
    },
    "CloseButton": {
      "Label": "Close",
      "ConfirmMessage": "Unsaved changes will be lost. Continue?"
    },
    "NotifyAll": false,
    "IBPLRules": [
      {
        "template": "\nCREATEMEMBER(Demand.[All Demand]={,\"All\"},Demand.[Demand Group]={,\"Additional Demand\"}, Demand.[Demand Class]={,\"Additional Demand\"}, Demand.[Demand HeaderID]={,\"Additional Demand\"},Demand.[Demand RequestID]={,\"Additional Demand\"},Demand.[DemandID]={,\"{{DemandID}}\"});\n\n\n\n\nCartesian scope: ([Demand Type].[Demand Type].[{{DemandType}}] * [Demand].[DemandID]{{#filter DemandID}} * [Location].[Location]{{#filter Location}} * [Version].[Version Name]{{#filter Version}} * [Sales Domain].[Customer Group]{{#filter CustomerGroup}} * [Time].[Day]{{#filter DemandDay}} * [Item].[Item]{{#filter Item}} );\nMeasure.[D Demand Quantity Override] = {{DemandQuantity}} ;\nend scope;\n\nscope: ([Demand Type].[Demand Type].[{{DemandType}}] * [Demand].[DemandID]{{#filter DemandID}} * [Location].[Location]{{#filter Location}} * [Version].[Version Name]{{#filter Version}} * [Sales Domain].[Customer Group]{{#filter CustomerGroup}} * [Time].[Day]{{#filter DemandDay}} * [Item].[Item]{{#filter Item}} );\nMeasure.[D Demand Build Ahead Limit Override]  = {{BuildAheadLimit}};\nMeasure.[D Demand Build Late Limit Override] = {{BuildLateLimit}};\nMeasure.[D Demand Priority Override] = {{DemandPriority}};\nend scope;"
      }
    ],
    "JavascriptRules": [],
    "FieldBindings": [
      {
        "fieldName": "Version",
        "title": "Version",
        "Description": "Version",
        "type": "picklistDropdown",
        "selectionType": "single",
        "clearSearch": true,
        "source": "filter",
        "DimensionName": "Version",
        "LevelAttributeName": "Version Name",
        "visible": true,
        "isEditable": true,
        "validation": {
          "maxLength": "0",
          "required": true
        }
      },
      {
        "fieldName": "Item",
        "title": "Item",
        "Description": "Item",
        "type": "picklistDropdown",
        "selectionType": "single",
        "clearSearch": true,
        "source": "filter",
        "DimensionName": "Item",
        "LevelAttributeName": "Item",
        "visible": true,
        "isEditable": true,
        "validation": {
          "maxLength": "0",
          "required": true
        }
      },
      {
        "fieldName": "Location",
        "title": "Location",
        "Description": "Location",
        "type": "picklistDropdown",
        "selectionType": "single",
        "clearSearch": true,
        "source": "filter",
        "DimensionName": "Location",
        "LevelAttributeName": "Location",
        "visible": true,
        "isEditable": true,
        "validation": {
          "maxLength": "0",
          "required": true
        }
      },
      {
        "fieldName": "CustomerGroup",
        "title": "CustomerGroup",
        "Description": "CustomerGroup",
        "type": "picklistDropdown",
        "selectionType": "single",
        "clearSearch": true,
        "source": "filter",
        "DimensionName": "Sales Domain",
        "LevelAttributeName": "Customer Group",
        "visible": true,
        "isEditable": true,
        "validation": {
          "maxLength": "0",
          "required": true
        }
      },
      {
        "fieldName": "DemandType",
        "title": "DemandType",
        "Description": "DemandType",
        "type": "picklistDropdown",
        "selectionType": "single",
        "clearSearch": true,
        "source": "datasource",
        "key": "DemandType",
        "valueField": "Name",
        "textField": "Name",
        "visible": true,
        "isEditable": true,
        "validation": {
          "maxLength": "0",
          "required": true
        },
        "overrideFieldBindingType": false
      },
      {
        "fieldName": "DemandID",
        "title": "DemandID",
        "Description": "DemandID",
        "type": "picklistDropdown",
        "selectionType": "single",
        "clearSearch": true,
        "source": "datasource",
        "key": "DefaultOrderID",
        "valueField": "result",
        "textField": "result",
        "visible": true,
        "isEditable": false,
        "validation": {
          "maxLength": "0",
          "required": true
        },
        "overrideFieldBindingType": false
      },
      {
        "fieldName": "DemandDay",
        "title": "Demand Day",
        "Description": "DemandDay",
        "type": "picklistDropdown",
        "selectionType": "single",
        "clearSearch": true,
        "source": "datasource",
        "key": "TimeHorizon",
        "valueField": "Name",
        "textField": "Name",
        "visible": true,
        "isEditable": true,
        "validation": {
          "maxLength": "0",
          "required": true
        },
        "overrideFieldBindingType": false
      },
      {
        "fieldName": "DemandQuantity",
        "title": "Demand Quantity",
        "Description": "DemandQuantity",
        "type": "number",
        "selectionType": "single",
        "clearSearch": true,
        "source": "literal",
        "visible": true,
        "isEditable": true,
        "validation": {
          "maxLength": "0",
          "required": true
        }
      },
      {
        "fieldName": "DemandPriority",
        "title": "Demand Priority",
        "Description": "DemandPriority",
        "type": "number",
        "selectionType": "single",
        "clearSearch": true,
        "source": "literal",
        "visible": true,
        "isEditable": true,
        "validation": {
          "maxLength": "0",
          "required": true
        }
      },
      {
        "fieldName": "BuildAheadLimit",
        "title": "Build Ahead Limit",
        "Description": "BuildAheadLimit",
        "type": "number",
        "selectionType": "single",
        "clearSearch": true,
        "source": "literal",
        "visible": true,
        "isEditable": true,
        "validation": {
          "maxLength": "0",
          "required": true
        }
      },
      {
        "fieldName": "BuildLateLimit",
        "title": "Build Late Limit",
        "Description": "BuildLateLimit",
        "type": "number",
        "selectionType": "single",
        "clearSearch": true,
        "source": "literal",
        "visible": true,
        "isEditable": true,
        "validation": {
          "maxLength": "0",
          "required": true
        }
      }
    ],
    "Range": [],
    "DataSources": [
      {
        "Name": "DefaultOrderID",
        "IBPLRules": [
          {
            "template": "select NextLabel ([AdditionalDemandID]);"
          }
        ],
        "JavascriptRules": [],
        "IncludeDSFieldsOnly": false,
        "FieldBindings": []
      },
      {
        "Name": "DemandType",
        "IBPLRules": [
          {
            "template": "select([Demand Type].[Demand Type].filter(#. Name in{\"NEW_FCST\",\"NEW_ORDER\"}));"
          }
        ],
        "JavascriptRules": [],
        "IncludeDSFieldsOnly": false,
        "FieldBindings": []
      },
      {
        "Name": "TimeHorizon",
        "IBPLRules": [
          {
            "template": "select(&DailyPlanningHorizon);"
          }
        ],
        "JavascriptRules": [],
        "IncludeDSFieldsOnly": false,
        "FieldBindings": []
      }
    ],
    "AutoExecute": false,
    "isAsync": false,
    "hasMembersUpdates": false,
    "Compact": false,
    "TwoColumn": false,
    "IsGlobalForExcelAddIn": false,
    "enableTransaction": false,
    "ExcludeFromNavLink": false,
    "FilterFieldBindings": []
  },
  "Widget": null,
  "Roles": []
}