{
  "MeasureName": "Inbound Order Status",
  "MeasureId": "2014c1e8-fed5-2e05-ac2e-1b4101b767a1",
  "MeasureDescription": "Inbound Order Status",
  "DataType": "string",
  "MeasureType": "Regular",
  "AggregateFunction": "DistinctSum",
  "FormatString": "#,##0;(#,##0)",
  "MeasureColumnName": "InboundOrderStatus",
  "MeasureFormula": "",
  "IsEditable": false,
  "ApplyConversion": false,
  "ConversionFormula": "",
  "PickListName": null,
  "BgColorFormula": "",
  "FgColorFormula": "",
  "TrendFormula": " IF(Measure.[Inbound Order Status]==\"Available\") then [58,rgba(53, 139, 106, 1)]",
  "FormattingViewModel": "[\r\n  {\r\n    \"INDICATOR\": \"[58,rgba(53, 139, 106, 1)]\",\r\n    \"Condition\": \"Measure.[Inbound Order Status]==\\\"Available\\\"\"\r\n  }\r\n]",
  "ParentMeasureName": null,
  "AssociationMeasure": false,
  "IsComputedByPlanningService": true,
  "ToolTip": "Inbound Order Status",
  "ConfigJson": {},
  "ApiName": null,
  "ApiDisabled": false,
  "IsReportingMeasure": false,
  "MeasureConditionalFormulaProperties": [
    {
      "MeasureName": null,
      "ConditionalFormula": "Measure.[Inbound Order Status]==\"Available\"",
      "BGCOLOR": "",
      "LegendText": "",
      "DisplayOrder": 0
    }
  ],
  "PicklistSource": null
}