{
  "MeasureName": "Final Options Count",
  "MeasureId": "48f9aead-76e9-4ae9-ff83-5b5a896dfd6b",
  "MeasureDescription": "Final Options Count",
  "DataType": "number",
  "MeasureType": "Regular",
  "AggregateFunction": "Sum",
  "FormatString": "#,##0;(#,##0)",
  "MeasureColumnName": "FinalOptionsCount",
  "MeasureFormula": "",
  "IsEditable": false,
  "ApplyConversion": false,
  "ConversionFormula": "",
  "PickListName": null,
  "BgColorFormula": " IF(Measure.[Space Options Count]<Measure.[Final Options Count]) then argb( 1,255, 255, 255)",
  "FgColorFormula": "",
  "TrendFormula": " IF(Measure.[Space Options Count]<Measure.[Final Options Count]) then [13] else  IF(Measure.[Space Options Count]>Measure.[Final Options Count]) then [10]",
  "FormattingViewModel": "[\r\n  {\r\n    \"BGCOLOR\": \"argb(1,255,255,255)\",\r\n    \"INDICATOR\": \"[13]\",\r\n    \"Condition\": \"Measure.[Space Options Count]<Measure.[Final Options Count]\"\r\n  },\r\n  {\r\n    \"INDICATOR\": \"[10]\",\r\n    \"Condition\": \"Measure.[Space Options Count]>Measure.[Final Options Count]\"\r\n  }\r\n]",
  "ParentMeasureName": null,
  "AssociationMeasure": false,
  "IsComputedByPlanningService": true,
  "ToolTip": "Options Count = Sales Quantity / (Time On Offer * Store Count Override * ROS Override)",
  "ConfigJson": {},
  "ApiName": null,
  "ApiDisabled": false,
  "IsReportingMeasure": false,
  "MeasureConditionalFormulaProperties": [
    {
      "MeasureName": null,
      "ConditionalFormula": "Measure.[Space Options Count]<Measure.[Final Options Count]",
      "BGCOLOR": "argb(1,255,255,255)",
      "LegendText": "",
      "DisplayOrder": 0
    },
    {
      "MeasureName": null,
      "ConditionalFormula": "Measure.[Space Options Count]>Measure.[Final Options Count]",
      "BGCOLOR": "",
      "LegendText": "",
      "DisplayOrder": 1
    }
  ],
  "PicklistSource": null
}