{
  "AttributeName": "Planning Account",
  "AttributeId": "001ab28f-6998-0c42-4b13-fd6ad702bfb8",
  "AttributeHierarchyEnabled": true,
  "IsKey": false,
  "Description": "Planning Account",
  "OrderBy": "Key",
  "KeyColumnName": "PlanningAccountKey",
  "NameColumnName": "PlanningAccountName",
  "KeyColumnDataType": "integer",
  "SeedTags": true,
  "KeyGenerationType": "Auto",
  "PickListName": null,
  "ConfigJson": {
    "ShowFilterAs": "TileView",
    "MemberDisplayNameEditable": true,
    "IsMultipleImage": false,
    "MemberDisplayColor": false
  },
  "FormatString": null,
  "Translation": null,
  "Aliases": [],
  "ApiName": null,
  "ApiDisabled": false
}