{
  "AttributeName": "Emission Driver",
  "AttributeId": "57478ea2-5f12-44b1-a24a-427f655161a1",
  "AttributeHierarchyEnabled": true,
  "IsKey": true,
  "Description": "Emission Driver",
  "OrderBy": "Key",
  "KeyColumnName": "EmissionDriverKey",
  "NameColumnName": "EmissionDriverName",
  "KeyColumnDataType": "integer",
  "SeedTags": false,
  "KeyGenerationType": "Auto",
  "PickListName": null,
  "ConfigJson": {
    "ShowFilterAs": "TileView",
    "MemberDisplayNameEditable": true,
    "IsMultipleImage": false,
    "MemberDisplayColor": true
  },
  "FormatString": null,
  "Translation": null,
  "Aliases": [],
  "ApiName": null,
  "ApiDisabled": false
}