{
  "Name": "BUSubmitPlan",
  "Description": "BU Submit Plan",
  "ActionButtonId": "6700d418-afb4-d2c3-e979-cc836094d354",
  "Tooltip": "BU Submit Plan",
  "ActionButtonType": "Widget",
  "Alignment": "right",
  "IsPopOver": true,
  "IsGlobal": true,
  "ActionClickHandler": null,
  "Icon": null,
  "Image": null,
  "ConfigJson": {
    "DisplayName": "Submit Plan",
    "icon": "check-circle-o",
    "SubmitButton": {
      "Label": "Submit"
    },
    "ResetButton": {
      "Label": "Reset"
    },
    "CloseButton": {
      "Label": "Close",
      "ConfirmMessage": "Unsaved changes will be lost. Continue?"
    },
    "NotifyRoles": true,
    "NotifyAll": false,
    "IBPLRules": [],
    "JavascriptRules": [
      {
        "modulename": "o9.referencemodelretailmfp.BUSubmitPlan",
        "functionname": "BUSubmitPlan"
      }
    ],
    "FieldBindings": [
      {
        "fieldName": "Version",
        "title": "Version",
        "source": "filter",
        "type": "picklistDropdown",
        "key": "LA-Version",
        "visible": true,
        "isEditable": false,
        "validation": {
          "required": true,
          "maxLength": "0"
        },
        "DimensionName": "Version",
        "LevelAttributeName": "Version Name",
        "clearSearch": false,
        "selectionType": "single"
      },
      {
        "fieldName": "SubmitPlan",
        "title": "Submit Plan",
        "Description": "Submit Plan",
        "type": "picklistDropdown",
        "selectionType": "single",
        "clearSearch": true,
        "source": "localPicklist",
        "values": [
          {
            "Key": "1",
            "Name": "WP to AP"
          },
          {
            "Key": "2",
            "Name": "WP to OP"
          },
          {
            "Key": "3",
            "Name": "AP to WP"
          },
          {
            "Key": "4",
            "Name": "AP to OP"
          },
          {
            "Key": "5",
            "Name": "OP to WP"
          },
          {
            "Key": "6",
            "Name": "OP to AP"
          },
          {
            "Key": "7",
            "Name": "WP to RP"
          }
        ],
        "visible": true,
        "isEditable": true,
        "validation": {
          "maxLength": "0",
          "required": true
        },
        "valueField": "Key"
      },
      {
        "fieldName": "Class",
        "title": "Class",
        "Description": "Class",
        "type": "picklistDropdown",
        "clearSearch": true,
        "source": "filter",
        "DimensionName": "Item",
        "LevelAttributeName": "L3",
        "visible": true,
        "isEditable": true,
        "validation": {
          "maxLength": "0",
          "required": true
        },
        "selectionType": "multiple"
      },
      {
        "fieldName": "Channel",
        "title": "Channel",
        "Description": "Channel",
        "type": "picklistDropdown",
        "selectionType": "multiple",
        "clearSearch": true,
        "source": "filter",
        "DimensionName": "Sales Domain",
        "LevelAttributeName": "Sales Planning Channel",
        "visible": true,
        "isEditable": true,
        "validation": {
          "maxLength": "0",
          "required": true
        }
      },
      {
        "fieldName": "Market",
        "title": "Market",
        "Description": "Market",
        "type": "picklistDropdown",
        "clearSearch": true,
        "source": "filter",
        "DimensionName": "Location",
        "LevelAttributeName": "Location Country",
        "visible": true,
        "isEditable": true,
        "validation": {
          "maxLength": "0",
          "required": true
        }
      },
      {
        "fieldName": "Quarter",
        "title": "Quarter",
        "Description": "Quarter",
        "type": "picklistDropdown",
        "selectionType": "multiple",
        "clearSearch": true,
        "source": "filter",
        "DimensionName": "Time",
        "LevelAttributeName": "Planning Quarter",
        "visible": true,
        "isEditable": true,
        "validation": {
          "maxLength": "0",
          "required": true
        }
      },
      {
        "fieldName": "SellingSeason",
        "title": "SellingSeason",
        "Description": "SellingSeason",
        "type": "picklistDropdown",
        "selectionType": "multiple",
        "clearSearch": true,
        "source": "filter",
        "DimensionName": "Selling Season",
        "LevelAttributeName": "Selling Season",
        "visible": true,
        "isEditable": true,
        "validation": {
          "maxLength": "0",
          "required": true
        }
      }
    ],
    "Range": [],
    "DataSources": [],
    "AutoExecute": false,
    "isAsync": true,
    "hasMembersUpdates": false,
    "Compact": false,
    "TwoColumn": false,
    "IsGlobalForExcelAddIn": true,
    "ReturnFilterByUpdate": true,
    "ExcludeFromNavLink": false,
    "FilterFieldBindings": [],
    "enableTransaction": false
  },
  "Widget": null,
  "Roles": []
}