{
  "Name": "713AddDriver",
  "Description": "Add Driver details",
  "ActionButtonId": "8534e855-c1af-9e6b-2660-4ab1f32c2330",
  "Tooltip": "Add Driver details",
  "ActionButtonType": "Widget",
  "Alignment": "right",
  "IsPopOver": true,
  "IsGlobal": true,
  "ActionClickHandler": null,
  "Icon": null,
  "Image": null,
  "ConfigJson": {
    "icon": "plus-square-o",
    "SubmitButton": {
      "Label": "Submit",
      "ProgressMessage": "Executing...",
      "SuccessMessage": "Successfully Executed.",
      "ErrorMessage": "Error in Execution."
    },
    "ResetButton": {
      "Label": "Reset"
    },
    "CloseButton": {
      "Label": "Close"
    },
    "NotifyRoles": true,
    "NotifyAll": false,
    "IBPLRules": [
      {
        "template": "updatemember ([ML Driver].[ML Driver]= {,\"{{MLDriver}}\"},[ML Driver].[ML Driver L1]= {,\"{{MLDriverL1}}\"} ,[ML Driver].[ML Driver L2]= {,\"{{MLDriverL1}}\"});\n\n\n"
      },
      {
        "template": "\ncartesian scope :(Version.[Version Name].filter(#.Name in {\"{{VersionName}}\"})*[ML Driver].[ML Driver].filter(#.Name in {\"{{MLDriver}}\"}));\nMeasure.[ML Driver Agg Method]= \"{{MLDriverAggMethod}}\";\nMeasure.[ML Driver Disagg Method]=\"{{MLDriverDisaggMethod}}\";\nMeasure.[ML Driver Is Categorical]={{IsCategorical}};\nMeasure.[ML Driver Null Handling]= \"{{NullHandling}}\";\nend scope;\n\ncartesian scope:(Version.[Version Name].filter(#.Name in {\"{{VersionName}}\"}) * [Forecast Iteration].[Forecast Iteration] * [ML Driver].[ML Driver].filter(#.Name in {\"{{MLDriver}}\"}));\nMeasure.[ML Driver Include] = false;\nend scope;\n\n"
      }
    ],
    "JavascriptRules": [],
    "FieldBindings": [
      {
        "fieldName": "Information",
        "title": "Information",
        "type": "info",
        "clearSearch": true,
        "source": "literal",
        "defaultValue": "Please click on \"Submit\" to Add Driver details",
        "visible": true,
        "isEditable": true,
        "validation": {
          "maxLength": "0",
          "required": true
        }
      },
      {
        "fieldName": "VersionName",
        "title": "Version Name",
        "type": "picklist",
        "clearSearch": false,
        "source": "filter",
        "DimensionName": "Version",
        "LevelAttributeName": "Version Name",
        "visible": true,
        "isEditable": true,
        "validation": {
          "maxLength": "0",
          "required": true
        },
        "selectionType": "single"
      },
      {
        "fieldName": "MLDriverL1",
        "title": "ML Driver L1",
        "Description": "ML Driver L1",
        "type": "combobox",
        "fieldGroup": "ML Driver",
        "selectionType": "single",
        "clearSearch": true,
        "source": "picklist",
        "key": "ML Driver L1",
        "visible": true,
        "isEditable": true,
        "validation": {
          "maxLength": "0",
          "required": true
        }
      },
      {
        "fieldName": "MLDriver",
        "title": "ML Driver",
        "Description": "ML Driver",
        "type": "string",
        "fieldGroup": "ML Driver",
        "selectionType": "single",
        "clearSearch": true,
        "source": "literal",
        "visible": true,
        "isEditable": true,
        "validation": {
          "maxLength": "0",
          "required": true
        }
      },
      {
        "fieldName": "MLDriverAggMethod",
        "title": "ML Driver Agg Method",
        "Description": "ML Driver Agg Method",
        "type": "picklist",
        "selectionType": "single",
        "clearSearch": false,
        "source": "picklist",
        "key": "ML Feature Agg Method",
        "visible": true,
        "isEditable": true,
        "validation": {
          "maxLength": "0",
          "required": true
        },
        "fieldGroup": "Driver Parameters"
      },
      {
        "fieldName": "IsCategorical",
        "title": "Is Categorical",
        "Description": "Is Categorical",
        "type": "boolean",
        "fieldGroup": "Driver Parameters",
        "selectionType": "single",
        "clearSearch": true,
        "source": "literal",
        "defaultValue": false,
        "visible": true,
        "isEditable": true,
        "validation": {
          "maxLength": "0",
          "required": true
        }
      },
      {
        "fieldName": "MLDriverDisaggMethod",
        "title": "ML Driver Disagg Method",
        "Description": "ML Driver Disagg Method",
        "type": "picklist",
        "selectionType": "single",
        "clearSearch": true,
        "source": "picklist",
        "key": "ML Feature Disagg Method",
        "visible": true,
        "isEditable": true,
        "validation": {
          "maxLength": "0",
          "required": true
        },
        "fieldGroup": "Driver Parameters"
      },
      {
        "fieldName": "NullHandling",
        "title": "Null Handling",
        "Description": "Null Handling",
        "type": "picklist",
        "fieldGroup": "Driver Parameters",
        "selectionType": "single",
        "clearSearch": true,
        "source": "picklist",
        "key": "CML Null Handling",
        "visible": true,
        "isEditable": true,
        "validation": {
          "maxLength": "0",
          "required": true
        }
      }
    ],
    "Range": [],
    "DataSources": [],
    "AutoExecute": false,
    "isAsync": true,
    "hasMembersUpdates": true,
    "Compact": false,
    "TwoColumn": true,
    "IsGlobalForExcelAddIn": false,
    "ReturnFilterByUpdate": false,
    "ExcludeFromNavLink": false,
    "FilterFieldBindings": [],
    "enableTransaction": false
  },
  "Widget": null,
  "Roles": []
}