{
  "EdgePropertyId": "ef2ec435-ff05-4b6f-bec2-942f690e00cb",
  "PropertyName": "W Substitute Item Start Date Item Location Input",
  "PropertyDescription": "Substitute Item Start Date Input",
  "PropertyDataType": "datetime",
  "PropertyDataSize": 0,
  "PropertyColumnName": "WSubstituteItemStartDateItemLocationInput",
  "AggregateFunction": "Min",
  "PropertyFormula": null,
  "IsEditable": false,
  "FormatString": "MM/dd/yyyy",
  "ActivationProperty": false,
  "IsComputedByPlanningService": false,
  "ToolTip": null,
  "ApiName": null,
  "ApiDisabled": false,
  "BgColorFormula": "",
  "FgColorFormula": "",
  "TrendFormula": "",
  "FormattingViewModel": null,
  "ConditionalFormulas": []
}