{
  "ModuleId": "1193e78c-557f-4b69-9568-e77469e1a827",
  "ModuleName": "o9 SP Planning - Replen",
  "Description": "o9 SP Planning - Replen",
  "URL": "https://dev.azure.com/o9delivery/958a7655-91f2-41a8-8b8f-8443d15b8412/_apis/git/repositories/1193e78c-557f-4b69-9568-e77469e1a827",
  "ParentModule": {
    "ProjectId": "4d9f5a7e-6f55-4525-b6cd-f95ca971fef7",
    "ProjectName": "BMC-5",
    "ModuleId": "5fb00a3a-3d20-4d2b-b866-61ef1c0c40b2",
    "ModuleName": "o9 SP Planning - Replen",
    "VersionType": "tag",
    "Version": "R2025.04.02",
    "URL": "https://dev.azure.com/o9git/4d9f5a7e-6f55-4525-b6cd-f95ca971fef7/_apis/git/repositories/5fb00a3a-3d20-4d2b-b866-61ef1c0c40b2",
    "Org": "RefDev",
    "PackageName": "o9 Retail Replenishment",
    "PackagePublishType": null
  },
  "Dependencies": [],
  "Type": "RegularDelta",
  "Category": null,
  "Project": {
    "Id": "958a7655-91f2-41a8-8b8f-8443d15b8412",
    "Name": "ChinaDelivery",
    "Url": "https://dev.azure.com/o9delivery/_apis/projects/958a7655-91f2-41a8-8b8f-8443d15b8412"
  },
  "VersionType": "branch",
  "Version": null,
  "IsReadOnlyModule": false,
  "IsPromoteDisabled": false,
  "SelectedBranch": null,
  "CreatorEmail": "owen.ouyang@o9solutions.com",
  "CreationTime": "2025-08-01T13:24:19.6868424+00:00",
  "IsMergedModule": false,
  "MergedModuleParentModule": null,
  "IsSolutionBlock": false,
  "NameSpace": null,
  "Org": "o9Delivery",
  "PackageName": null,
  "PackagePublishType": null,
  "PackageVersion": null,
  "IsFinerRulesUtilityRan": true
}