{
  "WorkspaceId": "f736e26b-e18b-f32d-c1ac-fa7c4cbb1082",
  "Title": "o9 Product Configurator",
  "Name": "o9 Product Configurator",
  "ShortTitle": "o9 Product Configurator",
  "HasIndicator": false,
  "IsHidden": false,
  "Image": "university",
  "Controller": null,
  "DefaultPageName": "Network Setup",
  "PageNavType": "VerticalTiles",
  "Orientation": null,
  "ViewTemplateFolder": null,
  "Tooltip": "",
  "Position": 27,
  "FilterBindings": [],
  "ActionButtonBindings": [],
  "Roles": [
    "public"
  ]
}