{
  "AttributeName": "Retail_AP_Range_WSSI_NN",
  "AttributeId": "b09c72e4-c152-0b3d-e397-f84a691db248",
  "AttributeHierarchyEnabled": true,
  "IsKey": false,
  "Description": "Ranging for Buy Plan & WSSI",
  "OrderBy": "Key",
  "KeyColumnName": "Retail_AP_Range_WSSI_NNKey",
  "NameColumnName": "Retail_AP_Range_WSSI_NNName",
  "KeyColumnDataType": "integer",
  "SeedTags": true,
  "KeyGenerationType": "Auto",
  "PickListName": null,
  "ConfigJson": {
    "ShowFilterAs": "TileView",
    "MemberDisplayNameEditable": true,
    "IsMultipleImage": false,
    "MemberDisplayColor": false
  },
  "FormatString": null,
  "Translation": null,
  "Aliases": [],
  "ApiName": null,
  "ApiDisabled": false,
  "ParentAttributeName": null,
  "NamedNodeUsages": [
    {
      "DimensionName": "Location",
      "AttributeName": "Location"
    },
    {
      "DimensionName": "Sales Domain",
      "AttributeName": "Sales Planning Channel"
    },
    {
      "DimensionName": "Item",
      "AttributeName": "Planning Item"
    },
    {
      "DimensionName": "Selling Season",
      "AttributeName": "Selling Season"
    },
    {
      "DimensionName": "Cluster",
      "AttributeName": "Cluster"
    }
  ]
}