{
  "MeasureGroupName": "AL Transactional Stock Transfer Order Goods Receipt Intermediate",
  "MeasureGroupId": "f42eecdf-e7a1-8bd7-fa8b-55dd68b3b0dc",
  "ParentMeasureGroupName": null,
  "HasShadow": false,
  "MeasureGroupDescription": "AL Transactional Stock Transfer Order Goods Receipt Intermediate",
  "MeasureGroupType": "Regular",
  "FactTableName": "FactALTransactionalStockTransferOrderGoodsReceiptIntermediate",
  "SchemaMajorVersion": 0,
  "ConfigJson": {},
  "ApiName": null,
  "Repartition": false,
  "Unpartition": false,
  "ApiEnabled": false,
  "DimensionUsages": [
    {
      "DimensionName": "Version",
      "AttributeName": "Version Name",
      "SortOrder": 0,
      "DimensionType": "Regular"
    },
    {
      "DimensionName": "Documents",
      "AttributeName": "OrderlineID",
      "SortOrder": 1,
      "DimensionType": null
    },
    {
      "DimensionName": "Item",
      "AttributeName": "Item",
      "SortOrder": 2,
      "DimensionType": null
    },
    {
      "DimensionName": "Activity1",
      "AttributeName": "Activity1",
      "SortOrder": 3,
      "DimensionType": null
    },
    {
      "DimensionName": "Location",
      "AttributeName": "Location",
      "SortOrder": 4,
      "DimensionType": null
    },
    {
      "DimensionName": "Activity2",
      "AttributeName": "Activity2",
      "SortOrder": 5,
      "DimensionType": null
    }
  ]
}