{
  "MeasureName": "Entropy L1",
  "MeasureId": "818abb43-8991-427f-852c-152d15324b6a",
  "MeasureDescription": "Measures the forecastability of the historical data, where low values indicate a high signal-to-noise ratio",
  "DataType": "number",
  "MeasureType": "Regular",
  "AggregateFunction": "Sum",
  "FormatString": "%0",
  "MeasureColumnName": "EntropyL1",
  "MeasureFormula": "",
  "IsEditable": false,
  "ApplyConversion": false,
  "ConversionFormula": "",
  "PickListName": null,
  "BgColorFormula": "",
  "FgColorFormula": "",
  "TrendFormula": "",
  "FormattingViewModel": "[]",
  "ParentMeasureName": null,
  "AssociationMeasure": false,
  "IsComputedByPlanningService": false,
  "ToolTip": "Measures the forecastability of the historical data, where low values indicate a high signal-to-noise ratio",
  "ConfigJson": {},
  "ApiName": null,
  "ApiDisabled": false,
  "IsReportingMeasure": false,
  "MeasureConditionalFormulaProperties": [],
  "PicklistSource": null
}