{
  "AttributeName": "Is CoPack",
  "AttributeId": "17ddb23e-b71e-35d2-bdac-6dcc8b1cdcd5",
  "AttributeHierarchyEnabled": false,
  "IsKey": false,
  "Description": "Flag for Copack Items",
  "OrderBy": "Key",
  "KeyColumnName": "IsCoPackKey",
  "NameColumnName": null,
  "KeyColumnDataType": "number",
  "SeedTags": false,
  "KeyGenerationType": null,
  "PickListName": null,
  "ConfigJson": {
    "IsVisible": true,
    "IsEditable": true
  },
  "FormatString": "#,##0; (#,##0)",
  "Translation": null,
  "Aliases": [],
  "ApiName": null,
  "ApiDisabled": false
}