{
  "MeasureGroupName": "155 Product Customer L1 Segment",
  "MeasureGroupId": "73498103-88dd-48e3-8249-20947dc29650",
  "ParentMeasureGroupName": null,
  "HasShadow": false,
  "MeasureGroupDescription": "Product Customer Segmentation Association at higher level",
  "MeasureGroupType": "Regular",
  "FactTableName": "Fact155ProductCustomerL1Segment",
  "SchemaMajorVersion": 0,
  "ConfigJson": {},
  "ApiName": null,
  "Repartition": false,
  "Unpartition": false,
  "ApiEnabled": false,
  "DimensionUsages": [
    {
      "DimensionName": "Version",
      "AttributeName": "Version Name",
      "SortOrder": 0,
      "DimensionType": "Regular"
    },
    {
      "DimensionName": "Forecast Iteration",
      "AttributeName": "Forecast Iteration",
      "SortOrder": 1,
      "DimensionType": "Regular"
    },
    {
      "DimensionName": "Class",
      "AttributeName": "Class",
      "SortOrder": 2,
      "DimensionType": "Regular"
    },
    {
      "DimensionName": "Item",
      "AttributeName": "Stat Item",
      "SortOrder": 3,
      "DimensionType": "Regular"
    },
    {
      "DimensionName": "Account",
      "AttributeName": "Stat Account",
      "SortOrder": 4,
      "DimensionType": "Regular"
    },
    {
      "DimensionName": "Channel",
      "AttributeName": "Stat Channel",
      "SortOrder": 5,
      "DimensionType": "Regular"
    },
    {
      "DimensionName": "Region",
      "AttributeName": "Stat Region",
      "SortOrder": 6,
      "DimensionType": "Regular"
    },
    {
      "DimensionName": "PnL",
      "AttributeName": "Stat PnL",
      "SortOrder": 7,
      "DimensionType": "Regular"
    },
    {
      "DimensionName": "Location",
      "AttributeName": "Stat Location",
      "SortOrder": 8,
      "DimensionType": "Regular"
    },
    {
      "DimensionName": "Demand Domain",
      "AttributeName": "Stat Demand Domain",
      "SortOrder": 9,
      "DimensionType": "Regular"
    }
  ]
}