{
  "Name": "APInfoBuyPlan05",
  "Description": "Information",
  "ActionButtonId": "59657bfe-a741-7db8-ae5c-a582def84027",
  "Tooltip": "Report Information",
  "ActionButtonType": "Widget",
  "Alignment": "right",
  "IsPopOver": true,
  "IsGlobal": true,
  "ActionClickHandler": null,
  "Icon": null,
  "Image": null,
  "ConfigJson": {
    "icon": "info-circle",
    "SubmitButton": {
      "Label": " "
    },
    "ResetButton": {},
    "CloseButton": {
      "Label": " "
    },
    "NotifyAll": false,
    "IBPLRules": [],
    "JavascriptRules": [],
    "FieldBindings": [
      {
        "fieldName": "Information",
        "title": "Information",
        "type": "info",
        "clearSearch": true,
        "source": "literal",
        "defaultValue": "<!DOCTYPE html> <html lang=\"en\"> <head>     <meta charset=\"UTF-8\">     <meta name=\"viewport\" content=\"width=device-width, initial-scale=1.0\">     <title>DC Receipts</title> </head> <body style=\"text-align: left;\">     <p align=\"left\"><strong>Overview</strong></p>     <p align=\"left\">This view lets you generate receipts using a receipt aggregation logic. <Br> The DC Receipt report displays the receipts for each Style Color at a DC level, including splits based on Channel and Supplier. The \"Generate Receipts\" action button allows you to execute the receipt aggregation logic for specific Class - Selling Season - Country combinations. All the prerequisites listed below must be populated before using this action button. <Br> 1. Store Intake <Br> 2. Item Location Supplier Association <Br> 3. Item DC Store Association <Br> 4. Aggregation Level <Br> 5. Receipt Strategy <Br> 6. Receipt Weeks <Br> 7. Receipt Split % (Optional) <Br> 8. Aggregation Threshold (Optional) <Br> 9. Receipt MOQ (Optional) <Br> 10. Total Minimum Buy (Optional) </p>      <p align=\"left\"><strong>How to Use</strong></p>     <p align=\"left\">1. Populate all the prerequisite inputs mentioned in the Overview section <Br> 2. Execute the \"Generate Receipts\" action button</p>         <p align=\"left\"><strong>Output</strong></p>     <p align=\"left\">DC-level receipts split by Supplier and Channel are computed.</p> </body> </html>",
        "visible": true,
        "isEditable": true,
        "validation": {
          "maxLength": "0",
          "required": true
        }
      }
    ],
    "Range": [],
    "DataSources": [],
    "AutoExecute": false,
    "isAsync": false,
    "hasMembersUpdates": false,
    "Compact": false,
    "TwoColumn": false,
    "IsGlobalForExcelAddIn": false,
    "enableTransaction": false,
    "ReturnFilterByUpdate": false,
    "ExcludeFromNavLink": false,
    "FilterFieldBindings": []
  },
  "Widget": null,
  "Roles": []
}