{
  "MeasureName": "DBNS From Time",
  "MeasureId": "cef32198-7057-9af6-eb4a-a2aa026614e1",
  "MeasureDescription": "Start date from which the restriction for fulfilment will start if the validity is selective",
  "DataType": "datetime",
  "MeasureType": "Regular",
  "AggregateFunction": "Min",
  "FormatString": "MM/dd/yyyy",
  "MeasureColumnName": "DBNSFromTime",
  "MeasureFormula": "",
  "IsEditable": true,
  "ApplyConversion": false,
  "ConversionFormula": "",
  "PickListName": null,
  "BgColorFormula": "",
  "FgColorFormula": "",
  "TrendFormula": "",
  "FormattingViewModel": null,
  "ParentMeasureName": null,
  "AssociationMeasure": false,
  "IsComputedByPlanningService": false,
  "ToolTip": "This measure can't be null if validity type is selective",
  "ConfigJson": {},
  "ApiName": null,
  "ApiDisabled": false,
  "IsReportingMeasure": false,
  "MeasureConditionalFormulaProperties": [],
  "PicklistSource": null
}