{
  "MeasureName": "End Time",
  "MeasureId": "bfaa7101-7342-4720-ac5b-03e8346e70a4",
  "MeasureDescription": "End Time",
  "DataType": "datetime",
  "MeasureType": "Regular",
  "AggregateFunction": "Sum",
  "FormatString": "yyyy-MM-dd hh:mm:ss",
  "MeasureColumnName": "EndTime",
  "MeasureFormula": "",
  "IsEditable": false,
  "ApplyConversion": false,
  "ConversionFormula": "",
  "PickListName": null,
  "BgColorFormula": "",
  "FgColorFormula": "",
  "TrendFormula": "",
  "FormattingViewModel": null,
  "ParentMeasureName": null,
  "AssociationMeasure": false,
  "IsComputedByPlanningService": false,
  "ToolTip": "End Time",
  "ConfigJson": {},
  "ApiName": null,
  "ApiDisabled": false,
  "IsReportingMeasure": false,
  "MeasureConditionalFormulaProperties": [],
  "PicklistSource": null
}