{
  "HierarchyName": "Calendar Hierarchy",
  "HierarchyId": "450875ce-1e40-42f5-a229-a668a30aab5b",
  "HierarchyDescription": "Calendar Hierarchy",
  "Translations": [],
  "Levels": [
    {
      "LevelName": "All Time",
      "LevelId": "be90cba0-ab5f-466a-b452-69d3e0dacd45",
      "SourceAttributeName": "All Time",
      "LevelDescription": "All Time",
      "LevelPosition": 0,
      "Translations": []
    },
    {
      "LevelName": "Year",
      "LevelId": "9890064a-2df3-429c-a5a6-26ff9d57954b",
      "SourceAttributeName": "Year",
      "LevelDescription": "Year",
      "LevelPosition": 1,
      "Translations": []
    },
    {
      "LevelName": "Half",
      "LevelId": "f56522e8-ecb4-47e4-a644-c02878ea03e6",
      "SourceAttributeName": "Half",
      "LevelDescription": "Half",
      "LevelPosition": 2,
      "Translations": []
    },
    {
      "LevelName": "Quarter",
      "LevelId": "6038b6e7-ccd5-4b06-80d1-f7b665f39e43",
      "SourceAttributeName": "Quarter",
      "LevelDescription": "Quarter",
      "LevelPosition": 3,
      "Translations": []
    },
    {
      "LevelName": "Month",
      "LevelId": "ce46e77c-c72b-4dfb-a573-12fe9647a044",
      "SourceAttributeName": "Month",
      "LevelDescription": "Month",
      "LevelPosition": 4,
      "Translations": []
    },
    {
      "LevelName": "Partial Week",
      "LevelId": "49d0ee0a-6a3d-4dca-8249-d0abb01c20aa",
      "SourceAttributeName": "Partial Week",
      "LevelDescription": "Partial Week",
      "LevelPosition": 5,
      "Translations": []
    },
    {
      "LevelName": "Day",
      "LevelId": "aacad931-3d32-464b-85db-7c6845c7b019",
      "SourceAttributeName": "Day",
      "LevelDescription": "Day",
      "LevelPosition": 6,
      "Translations": []
    }
  ]
}