{
  "HierarchyName": "Calendar YTD Hierarchy",
  "HierarchyId": "710b6efe-77c6-4c18-afa6-de439640986c",
  "HierarchyDescription": "Calendar YTD Hierarchy",
  "Translations": [],
  "Levels": [
    {
      "LevelName": "All Time",
      "LevelId": "4c75808d-f6dc-432f-8188-d280a581c1fd",
      "SourceAttributeName": "All Time",
      "LevelDescription": "All Time",
      "LevelPosition": 0,
      "Translations": []
    },
    {
      "LevelName": "Year",
      "LevelId": "663cfbe2-643b-4931-9a4a-e1b43ed7f481",
      "SourceAttributeName": "Year",
      "LevelDescription": "Year",
      "LevelPosition": 1,
      "Translations": []
    },
    {
      "LevelName": "YTD",
      "LevelId": "b8a4fc38-a064-42e7-84f3-991226b22340",
      "SourceAttributeName": "YTD",
      "LevelDescription": "YTD",
      "LevelPosition": 2,
      "Translations": []
    },
    {
      "LevelName": "Month",
      "LevelId": "7016f8c5-5725-47ac-ac13-f33ea1be12f1",
      "SourceAttributeName": "Month",
      "LevelDescription": "Month",
      "LevelPosition": 3,
      "Translations": []
    },
    {
      "LevelName": "Partial Week",
      "LevelId": "ec696e1a-8fcc-429d-a431-f5ed1ce2f3c8",
      "SourceAttributeName": "Partial Week",
      "LevelDescription": "Partial Week",
      "LevelPosition": 4,
      "Translations": []
    },
    {
      "LevelName": "Day",
      "LevelId": "bb615015-7984-484b-936a-d1543bc8a3e8",
      "SourceAttributeName": "Day",
      "LevelDescription": "Day",
      "LevelPosition": 5,
      "Translations": []
    }
  ]
}