{
  "HierarchyName": "DP Planning Hierarchy",
  "HierarchyId": "f719dfb5-abb5-9ba9-12ba-38519bce3e51",
  "HierarchyDescription": "DP Planning Hierarchy",
  "Translations": null,
  "Levels": [
    {
      "LevelName": "All Time",
      "LevelId": "32de50f5-e193-cc84-0b0f-37f63ac0a3d2",
      "SourceAttributeName": "All Time",
      "LevelDescription": "All level in time dimension to enable aggregation without dropping time dimension in case time dimension can't be dropped from the view ",
      "LevelPosition": 0,
      "Translations": null
    },
    {
      "LevelName": "Planning Year",
      "LevelId": "7335df20-67bd-ea59-08db-5b116f18c8a1",
      "SourceAttributeName": "Planning Year",
      "LevelDescription": "Planning year in time dimension",
      "LevelPosition": 1,
      "Translations": null
    },
    {
      "LevelName": "Planning Quarter",
      "LevelId": "8f2de2fb-218b-9824-2109-1dae571714e5",
      "SourceAttributeName": "Planning Quarter",
      "LevelDescription": "Quarter in time dimension ",
      "LevelPosition": 2,
      "Translations": null
    },
    {
      "LevelName": "Planning Month",
      "LevelId": "4e7459ec-38e2-e435-823f-94e3bb6f8e4d",
      "SourceAttributeName": "Planning Month",
      "LevelDescription": "Month in time dimension",
      "LevelPosition": 3,
      "Translations": null
    },
    {
      "LevelName": "Week",
      "LevelId": "3bf5ac66-c0f9-c4ba-8f62-dfd3567e84f9",
      "SourceAttributeName": "Week",
      "LevelDescription": "Week in time dimension. Default level for supply planning w.r.t. time.",
      "LevelPosition": 4,
      "Translations": null
    },
    {
      "LevelName": "Partial Week",
      "LevelId": "5cbfcf40-9f93-3441-3286-ec67c6c1e2e2",
      "SourceAttributeName": "Partial Week",
      "LevelDescription": "Partial week in time dimension. Default level for supply planning w.r.t. time.",
      "LevelPosition": 5,
      "Translations": null
    },
    {
      "LevelName": "Day",
      "LevelId": "4081855c-6044-eda2-8e34-77b433c0c77b",
      "SourceAttributeName": "Day",
      "LevelDescription": "Day in time dimension. Lowest level in time dimension, but not necessarily the level of planning. ",
      "LevelPosition": 6,
      "Translations": null
    }
  ],
  "IsEnabled": true,
  "ErrorMessage": null
}