{
  "HierarchyName": "Planning Month Name Hierarchy",
  "HierarchyId": "6ee90a29-e7a2-4eeb-b777-347b3703ad6e",
  "HierarchyDescription": "Planning Month Name Hierarchy",
  "Translations": [],
  "Levels": [
    {
      "LevelName": "Planning Month Name",
      "LevelId": "ff11a061-132d-4a13-b845-5f7b61068a12",
      "SourceAttributeName": "Planning Month Name",
      "LevelDescription": "Planning Month Name",
      "LevelPosition": 0,
      "Translations": []
    },
    {
      "LevelName": "Planning Month",
      "LevelId": "ae250c2d-7bc9-47c9-9bf6-e11ac6aee3d6",
      "SourceAttributeName": "Planning Month",
      "LevelDescription": "Month in time dimension",
      "LevelPosition": 1,
      "Translations": []
    },
    {
      "LevelName": "Week",
      "LevelId": "f1e3d69f-bf6d-40fd-ae83-8f9d366232b8",
      "SourceAttributeName": "Week",
      "LevelDescription": "Week in time dimension. Default level for supply planning w.r.t. time.",
      "LevelPosition": 2,
      "Translations": []
    },
    {
      "LevelName": "Partial Week",
      "LevelId": "1e717198-136a-45f6-b56b-7dd4be713e47",
      "SourceAttributeName": "Partial Week",
      "LevelDescription": "Partial week in time dimension. Default level for supply planning w.r.t. time.",
      "LevelPosition": 3,
      "Translations": []
    },
    {
      "LevelName": "Day",
      "LevelId": "afe245d2-1128-40aa-8406-0c8c81efb723",
      "SourceAttributeName": "Day",
      "LevelDescription": "Day in time dimension. Lowest level in time dimension, but not necessarily the level of planning. ",
      "LevelPosition": 4,
      "Translations": []
    }
  ]
}