{
  "HierarchyName": "YTD Name Hierarchy",
  "HierarchyId": "b0dfa8d7-24e7-4ff5-85c9-7c48fdafa32b",
  "HierarchyDescription": "YTD Name Hierarchy",
  "Translations": [],
  "Levels": [
    {
      "LevelName": "YTD Name",
      "LevelId": "6cd099bb-8415-4080-9ee5-b409efa99c23",
      "SourceAttributeName": "YTD Name",
      "LevelDescription": "YTD Name",
      "LevelPosition": 0,
      "Translations": []
    },
    {
      "LevelName": "YTD",
      "LevelId": "82ebe8ce-2ca0-48bf-9374-4c61d3b106d0",
      "SourceAttributeName": "YTD",
      "LevelDescription": "YTD",
      "LevelPosition": 1,
      "Translations": []
    },
    {
      "LevelName": "Month",
      "LevelId": "8fe3dcd3-7edd-48e7-aba1-4141176c749f",
      "SourceAttributeName": "Month",
      "LevelDescription": "Month",
      "LevelPosition": 2,
      "Translations": []
    },
    {
      "LevelName": "Partial Week",
      "LevelId": "192288d2-c590-442f-b7b0-8dcb2171a92e",
      "SourceAttributeName": "Partial Week",
      "LevelDescription": "Partial week in time dimension. Default level for supply planning w.r.t. time.",
      "LevelPosition": 3,
      "Translations": []
    },
    {
      "LevelName": "Day",
      "LevelId": "51037f80-0bf5-414e-911d-289a3a8c264a",
      "SourceAttributeName": "Day",
      "LevelDescription": "Day in time dimension. Lowest level in time dimension, but not necessarily the level of planning. ",
      "LevelPosition": 4,
      "Translations": []
    }
  ]
}