{
  "Name": "Suggested Order by Units",
  "ViewId": "74da558d-7d2a-1fdf-1083-9a18e43f686e",
  "ContentType": "Regular",
  "Title": "Units",
  "Position": 1,
  "IsDefault": false,
  "Resource": null,
  "RazorViewTemplate": "_containers",
  "ConfigJson": {
    "WidgetContainers": {
      "Containers": [
        1
      ],
      "Key": 0,
      "IsModified": false,
      "ViewSpread": {
        "RowLevel": 60,
        "ColLevel": 12
      },
      "Data": [
        {
          "Id": "a6229d7b-d035-4630-92b8-6cd65527da84",
          "Col": 0,
          "Row": 0,
          "SizeX": 12,
          "SizeY": 60
        }
      ]
    },
    "CompactMode": false,
    "IsHidden": false
  },
  "Roles": [
    "public"
  ]
}