{
  "Name": "SupplyPlan069DScenarioPlanningAddProWip",
  "Description": "Add Pro WIP",
  "ActionButtonId": "3f391cd8-01e2-4190-a110-e66ceee2241b",
  "Tooltip": "Add Pro WIP",
  "ActionButtonType": "Rule",
  "Alignment": "right",
  "IsPopOver": true,
  "IsGlobal": false,
  "ActionClickHandler": null,
  "Icon": null,
  "Image": null,
  "ConfigJson": {
    "icon": "plus",
    "Position": "0",
    "SubmitButton": {
      "Label": "Submit"
    },
    "ResetButton": {
      "Label": "Reset"
    },
    "CloseButton": {
      "Label": "Close",
      "ConfirmMessage": "Unsaved changes will be lost. Continue?"
    },
    "NotifyAll": false,
    "IBPLRules": [
      {
        "template": "createmember(Documents.[OrderlineID]={,\"{{ProductionOrderID}}\"},Documents.[Document Type]={,\"Production Orders\"},[Documents].[Created By]={\"{{User}}\",},[Documents].[Is Approved]={\"True\",},Documents.[OrderID]={,\"{{ProductionOrderID}}\"},Documents.[Orderline RequestID]={,\"{{ProductionOrderID}}\"});\n\ncartesian scope:([Documents].[OrderlineID].[{{ProductionOrderID}}] * [Activity1].[Activity1].[{{BOMID}}] * [Version].[Version Name].[{{Version}}] * [Item].[Item].[{{Item}}] * Location.[Location].[{{Location}}] * Activity2.Activity2.[{{RoutingID}}]);\nMeasure.[PrO WIP Operation Quantity Override]={{Quantity}};\nMeasure.[PrO WIP Delivery Date Override]=\"{{DeliveryDate}}\";\nMeasure.[PrO Detail Status]=\"Open\";\nend scope;"
      }
    ],
    "JavascriptRules": [],
    "FieldBindings": [
      {
        "fieldName": "Version",
        "title": "Version",
        "Description": "Version ",
        "type": "picklistDropdown",
        "selectionType": "single",
        "clearSearch": true,
        "source": "filter",
        "DimensionName": "Version",
        "LevelAttributeName": "Version Name",
        "visible": true,
        "isEditable": false,
        "validation": {
          "maxLength": "0",
          "required": true
        }
      },
      {
        "fieldName": "Item",
        "title": "Item",
        "Description": "Item",
        "type": "picklistDropdown",
        "selectionType": "single",
        "clearSearch": true,
        "source": "filter",
        "DimensionName": "Item",
        "LevelAttributeName": "Item",
        "RelationshipType": "006.004D Exception Planning Material Root Cause",
        "EdgeDirection": "FROM",
        "visible": true,
        "isEditable": true,
        "validation": {
          "maxLength": "0",
          "required": true
        }
      },
      {
        "fieldName": "Location",
        "title": "Location",
        "Description": "Location",
        "type": "picklistDropdown",
        "selectionType": "single",
        "clearSearch": true,
        "source": "filter",
        "DimensionName": "Location",
        "LevelAttributeName": "Location",
        "RelationshipType": "006.004D Exception Planning Material Root Cause",
        "EdgeDirection": "FROM",
        "visible": true,
        "isEditable": true,
        "validation": {
          "maxLength": "0",
          "required": true
        }
      },
      {
        "fieldName": "BOMID",
        "title": "BOMID",
        "Description": "BOMID",
        "type": "picklistDropdown",
        "selectionType": "single",
        "clearSearch": true,
        "source": "datasource",
        "key": "Activity",
        "valueField": "Activity1",
        "textField": "Activity1",
        "visible": true,
        "isEditable": true,
        "cascadeFrom": "Location",
        "validation": {
          "maxLength": "0",
          "required": true
        }
      },
      {
        "fieldName": "RoutingID",
        "title": "RoutingID",
        "Description": "RoutingID",
        "type": "picklistDropdown",
        "selectionType": "single",
        "clearSearch": true,
        "source": "datasource",
        "key": "Activity",
        "valueField": "Activity2",
        "textField": "Activity2",
        "visible": true,
        "isEditable": true,
        "cascadeFrom": "Location",
        "validation": {
          "maxLength": "0",
          "required": true
        }
      },
      {
        "fieldName": "ProductionOrderID",
        "title": "Production Order ID",
        "Description": "Production Order ID",
        "type": "picklistDropdown",
        "selectionType": "single",
        "clearSearch": true,
        "source": "datasource",
        "key": "UniqueID",
        "valueField": "result",
        "textField": "result",
        "visible": true,
        "isEditable": true,
        "validation": {
          "maxLength": "0",
          "required": true
        }
      },
      {
        "fieldName": "User",
        "title": "User",
        "Description": "User",
        "type": "combobox",
        "selectionType": "single",
        "clearSearch": true,
        "source": "datasource",
        "key": "CurrentUser",
        "valueField": "Name",
        "textField": "Name",
        "visible": true,
        "isEditable": false,
        "validation": {
          "maxLength": "0",
          "required": true
        }
      },
      {
        "fieldName": "Quantity",
        "title": "PrO WIP Operation Quantity",
        "Description": "PrO WIP Operation Quantity",
        "type": "number",
        "selectionType": "single",
        "clearSearch": true,
        "source": "literal",
        "visible": true,
        "isEditable": true,
        "validation": {
          "maxLength": "0",
          "required": true
        }
      },
      {
        "fieldName": "DeliveryDate",
        "title": "PrO WIP Delivery Date",
        "Description": "PrO WIP Delivery Date",
        "type": "datetime",
        "selectionType": "single",
        "clearSearch": true,
        "source": "literal",
        "visible": true,
        "isEditable": true,
        "validation": {
          "maxLength": "0",
          "required": true
        }
      }
    ],
    "DataSources": [
      {
        "IBPLRules": [
          {
            "template": "select NextLabel([ProductionOrderlineID]);"
          }
        ],
        "JavascriptRules": [],
        "FieldBindings": [],
        "Name": "UniqueID",
        "IncludeDSFieldsOnly": false
      },
      {
        "Name": "Activity",
        "IBPLRules": [
          {
            "template": "Select ([Activity2].[Activity2] * [Activity1].[Activity1] * [Location].[Location].[{{Location}}] * [Version].[Version Name].[{{Version}}] * [Item].[Item].[{{Item}}]) on row, ({Measure.[D Item BOM Routing Association]}) on column where{~IsNull(Measure.[D Item BOM Routing Association])};"
          }
        ],
        "JavascriptRules": [],
        "FieldBindings": [],
        "IncludeDSFieldsOnly": false
      },
      {
        "Name": "CurrentUser",
        "IBPLRules": [
          {
            "template": "select CurrentUser();"
          }
        ],
        "JavascriptRules": [],
        "FieldBindings": [],
        "IncludeDSFieldsOnly": false
      }
    ],
    "AutoExecute": false,
    "isAsync": true,
    "hasMembersUpdates": true,
    "Compact": false,
    "TwoColumn": true,
    "IsGlobalForExcelAddIn": false,
    "FilterFieldBindings": []
  },
  "Widget": null
}