{
  "ModuleId": "be1774c3-b8bc-4078-9363-717b91ab1222",
  "ModuleName": "o9 SP Netting - Replen",
  "Description": "o9 SP Netting - Replen",
  "URL": "https://dev.azure.com/o9delivery/958a7655-91f2-41a8-8b8f-8443d15b8412/_apis/git/repositories/be1774c3-b8bc-4078-9363-717b91ab1222",
  "ParentModule": {
    "ProjectId": "4d9f5a7e-6f55-4525-b6cd-f95ca971fef7",
    "ProjectName": "BMC-5",
    "ModuleId": "ec3d04db-c5c2-4b47-9799-9ed962d3f306",
    "ModuleName": "o9 SP Netting - Replen",
    "VersionType": "tag",
    "Version": "R2025.04.02",
    "URL": "https://dev.azure.com/o9git/4d9f5a7e-6f55-4525-b6cd-f95ca971fef7/_apis/git/repositories/ec3d04db-c5c2-4b47-9799-9ed962d3f306",
    "Org": "RefDev",
    "PackageName": "o9 Retail Replenishment",
    "PackagePublishType": null
  },
  "Dependencies": [],
  "Type": "RegularDelta",
  "Category": null,
  "Project": {
    "Id": "958a7655-91f2-41a8-8b8f-8443d15b8412",
    "Name": "ChinaDelivery",
    "Url": "https://dev.azure.com/o9delivery/_apis/projects/958a7655-91f2-41a8-8b8f-8443d15b8412"
  },
  "VersionType": "branch",
  "Version": null,
  "IsReadOnlyModule": false,
  "IsPromoteDisabled": false,
  "SelectedBranch": null,
  "CreatorEmail": "owen.ouyang@o9solutions.com",
  "CreationTime": "2025-08-01T13:27:07.359579+00:00",
  "IsMergedModule": false,
  "MergedModuleParentModule": null,
  "IsSolutionBlock": false,
  "NameSpace": null,
  "Org": "o9Delivery",
  "PackageName": null,
  "PackagePublishType": null,
  "PackageVersion": null,
  "IsFinerRulesUtilityRan": true
}