{
  "AttributeName": "Case Weight",
  "AttributeId": "0f083c08-49ce-d839-2d44-83e20478fe57",
  "AttributeHierarchyEnabled": false,
  "IsKey": false,
  "Description": "Weight of the case in kg",
  "OrderBy": "Key",
  "KeyColumnName": "CaseWeightKey",
  "NameColumnName": null,
  "KeyColumnDataType": "number",
  "SeedTags": false,
  "KeyGenerationType": null,
  "PickListName": null,
  "ConfigJson": {
    "IsVisible": false
  },
  "FormatString": "#,##0; (#,##0)",
  "Translation": null,
  "Aliases": [],
  "ApiName": null,
  "ApiDisabled": false
}