{
  "Name": "Transformation",
  "ViewId": "d698718c-2585-4e76-c959-e48c9ec51099",
  "ContentType": "Regular",
  "Title": "Transformation Rules",
  "Position": 2,
  "IsDefault": false,
  "Resource": null,
  "RazorViewTemplate": "_containers",
  "ConfigJson": {
    "WidgetContainers": {
      "Containers": [
        1
      ],
      "Key": 0,
      "IsModified": false,
      "ViewSpread": {
        "RowLevel": 60,
        "ColLevel": 12
      },
      "Data": [
        {
          "Id": "a844ec55-4b9d-4fe6-b863-ddbd6b9947f4",
          "Col": 0,
          "Row": 0,
          "SizeX": 12,
          "SizeY": 60
        }
      ]
    },
    "CompactMode": false,
    "IsHidden": false
  },
  "Roles": [
    "public"
  ]
}