{
  "AttributeName": "Retail_MFP_SP_Product_NN",
  "AttributeId": "5b7a1f91-8b8a-badc-3c6e-2306da6b589b",
  "AttributeHierarchyEnabled": true,
  "IsKey": false,
  "Description": "Retail MFP Strategic Plan Product Namednode",
  "OrderBy": "Key",
  "KeyColumnName": "Retail_MFP_SP_Product_NNKey",
  "NameColumnName": "Retail_MFP_SP_Product_NNName",
  "KeyColumnDataType": "integer",
  "SeedTags": true,
  "KeyGenerationType": "Auto",
  "PickListName": null,
  "ConfigJson": {
    "ShowFilterAs": "TileView",
    "MemberDisplayNameEditable": true,
    "IsMultipleImage": false,
    "MemberDisplayColor": false
  },
  "FormatString": null,
  "Translation": null,
  "Aliases": [],
  "ApiName": null,
  "ApiDisabled": false,
  "ParentAttributeName": null,
  "NamedNodeUsages": [
    {
      "DimensionName": "Item",
      "AttributeName": "L6"
    }
  ]
}