{
  "AttributeName": "Is DDMRP Inactive",
  "AttributeId": "3111e3b9-9d3e-3a26-eb43-dc67915dd40f",
  "AttributeHierarchyEnabled": false,
  "IsKey": false,
  "Description": "Is DDMRP Inactive",
  "OrderBy": "Key",
  "KeyColumnName": "IsDDMRPInactiveKey",
  "NameColumnName": null,
  "KeyColumnDataType": "number",
  "SeedTags": false,
  "KeyGenerationType": "UserSupplied",
  "PickListName": null,
  "ConfigJson": {
    "IsVisible": true,
    "IsEditable": true
  },
  "FormatString": "#,##0; (#,##0)",
  "Translation": null,
  "Aliases": [],
  "ApiName": null,
  "ApiDisabled": false,
  "FgColorFormula": null,
  "BgColorFormula": null,
  "IsReservedBySystem": false
}