{
  "AttributeName": "EXT Brand",
  "AttributeId": "855c9db5-0a0d-fbbd-6afe-76e4f0ca8df9",
  "AttributeHierarchyEnabled": true,
  "IsKey": false,
  "Description": "External Brand derived from syndicated data sources",
  "OrderBy": "Key",
  "KeyColumnName": "EXTBrandKey",
  "NameColumnName": "EXTBrandName",
  "KeyColumnDataType": "integer",
  "SeedTags": false,
  "KeyGenerationType": "Auto",
  "PickListName": null,
  "ConfigJson": {
    "ShowFilterAs": "TileView",
    "MemberDisplayNameEditable": true,
    "IsMultipleImage": false,
    "MemberDisplayColor": false
  },
  "FormatString": null,
  "Translation": null,
  "Aliases": [],
  "ApiName": null,
  "ApiDisabled": false,
  "FgColorFormula": "",
  "BgColorFormula": "",
  "IsReservedBySystem": false
}