{
  "Name": "Inputs",
  "ViewId": "95bd9525-ce8c-1a75-ac1f-0beccaceb3a1",
  "ContentType": "Regular",
  "Title": "Inputs",
  "Position": 1,
  "IsDefault": true,
  "Resource": null,
  "RazorViewTemplate": "_containers",
  "ConfigJson": {
    "WidgetContainers": {
      "Containers": [
        1
      ],
      "Key": 0,
      "IsModified": false,
      "ViewSpread": {
        "RowLevel": 60,
        "ColLevel": 12
      },
      "Data": [
        {
          "Id": "b7e6eb74-3dc5-455a-8c7d-49bc1a811abc",
          "Col": 0,
          "Row": 0,
          "SizeX": 12,
          "SizeY": 60
        }
      ]
    },
    "CompactMode": false,
    "IsHidden": false
  },
  "Roles": [
    "public"
  ]
}