{
  "AttributeName": "Planning Item",
  "AttributeId": "304e572f-fe17-4be2-87bb-469f33bee496",
  "AttributeHierarchyEnabled": true,
  "IsKey": false,
  "Description": "Planning Item",
  "OrderBy": "Key",
  "KeyColumnName": "PlanningItemKey",
  "NameColumnName": "PlanningItemName",
  "KeyColumnDataType": "integer",
  "SeedTags": true,
  "KeyGenerationType": "Auto",
  "PickListName": null,
  "ConfigJson": {
    "ShowFilterAs": "TileView",
    "MemberDisplayNameEditable": true,
    "IsMultipleImage": false,
    "MemberDisplayColor": false
  },
  "FormatString": null,
  "Translation": null,
  "Aliases": [],
  "ApiName": null,
  "ApiDisabled": false,
  "FgColorFormula": "",
  "BgColorFormula": "",
  "IsReservedBySystem": false
}