{
  "AttributeName": "All External Item",
  "AttributeId": "5f1a8583-839f-8b0f-21ae-ba82c6461b32",
  "AttributeHierarchyEnabled": true,
  "IsKey": false,
  "Description": "Used to aggregate data across Items",
  "OrderBy": "Key",
  "KeyColumnName": "AllExternalItemKey",
  "NameColumnName": "AllExternalItemName",
  "KeyColumnDataType": "integer",
  "SeedTags": false,
  "KeyGenerationType": "Auto",
  "PickListName": null,
  "ConfigJson": {
    "ShowFilterAs": "TileView",
    "MemberDisplayNameEditable": true,
    "IsMultipleImage": false,
    "MemberDisplayColor": false
  },
  "FormatString": null,
  "Translation": null,
  "Aliases": [],
  "ApiName": null,
  "ApiDisabled": false,
  "FgColorFormula": "",
  "BgColorFormula": "",
  "IsReservedBySystem": false
}