{
  "Name": "916RunLocationRealignment",
  "Description": "Run Realignment",
  "ActionButtonId": "297e9fdd-f73b-4dd8-be4e-b0cd52c44f1c",
  "Tooltip": "Run Realignment",
  "ActionButtonType": "Rule",
  "Alignment": "right",
  "IsPopOver": true,
  "IsGlobal": false,
  "ActionClickHandler": null,
  "Icon": null,
  "Image": null,
  "ConfigJson": {
    "icon": "caret-square-o-right",
    "Position": "0",
    "SubmitButton": {
      "Label": "Submit"
    },
    "ResetButton": {
      "Label": "Reset"
    },
    "CloseButton": {
      "Label": "Close",
      "ConfirmMessage": "Unsaved changes will be lost. Continue?"
    },
    "NotifyAll": false,
    "IBPLRules": [
      {
        "template": "/*Rule to calculate realignment percentages*/\n/*scope:([910 Location Realignment], &CWVAndScenarios , From [Location].[Location]  , To[Location].[Location] * [Time].[Day]);\nEdge.[Location Realignment Percentage Weighted] = Safedivide(Edge.[910 Location Realignment].[Location Realignment Percentage],Measure.[Location Realignment Percentages Sum]@(From.[Location].[Location],To.[Time].[Day]));\nend scope;*/\n\n/*Rule to run realignment*/\n/*Step 1 : Calculate weighted percentages*/\n/*Step 2 : Null Actual Input*/\n/*Step 3 : Execute realignment Plugin*/\nexec procedure o9DPRealignment\t {\"VersionName\" : [{{#csv VersionName}}]};\n\n"
      }
    ],
    "JavascriptRules": [],
    "FieldBindings": [
      {
        "fieldName": "VersionName",
        "title": "Version",
        "type": "picklist",
        "selectionType": "single",
        "clearSearch": true,
        "source": "filter",
        "DimensionName": "Version",
        "LevelAttributeName": "Version Name",
        "visible": true,
        "isEditable": true,
        "validation": {
          "maxLength": "0",
          "required": true
        }
      },
      {
        "fieldName": "FromLocation",
        "title": "From Location",
        "type": "picklist",
        "selectionType": "single",
        "clearSearch": true,
        "source": "parentAttribute",
        "DimensionName": "Location",
        "key": {
          "LevelAttribute": {
            "Name": "Location",
            "Property": "Name"
          },
          "RelationshipType": "910 Location Realignment",
          "EdgeDirection": "FROM"
        },
        "visible": false,
        "isEditable": true,
        "validation": {
          "maxLength": "0",
          "required": false
        }
      },
      {
        "fieldName": "ToLocation",
        "title": "To Location",
        "type": "picklist",
        "selectionType": "single",
        "clearSearch": true,
        "source": "parentAttribute",
        "DimensionName": "Location",
        "key": {
          "LevelAttribute": {
            "Name": "Location",
            "Property": "Name"
          },
          "RelationshipType": "910 Location Realignment",
          "EdgeDirection": "TO"
        },
        "visible": false,
        "isEditable": true,
        "validation": {
          "maxLength": "0",
          "required": false
        }
      },
      {
        "fieldName": "TransitionDate",
        "title": "Transition Date",
        "type": "picklist",
        "selectionType": "single",
        "clearSearch": true,
        "source": "parentAttribute",
        "DimensionName": "Time",
        "key": {
          "LevelAttribute": {
            "Name": "Day",
            "Property": "Name"
          },
          "RelationshipType": "910 Location Realignment",
          "EdgeDirection": "TO"
        },
        "visible": false,
        "isEditable": true,
        "validation": {
          "maxLength": "0",
          "required": false
        }
      },
      {
        "fieldName": "RealignmentPercentage",
        "title": "Realignment Percentage",
        "Description": "Realignment Percentage",
        "type": "picklist",
        "selectionType": "single",
        "clearSearch": true,
        "source": "parentEdgeProperty",
        "key": {
          "EdgeProperty": {
            "RelationshipType": "910 Location Realignment",
            "PropertyName": "Location Realignment Percentage Weighted"
          }
        },
        "visible": false,
        "isEditable": true,
        "validation": {
          "maxLength": "0",
          "required": false
        }
      },
      {
        "fieldName": "IsActiveForBatch",
        "title": "Is Active For Batch",
        "Description": "Is Active For Batch",
        "type": "picklist",
        "selectionType": "single",
        "clearSearch": true,
        "source": "parentEdgeProperty",
        "key": {
          "EdgeProperty": {
            "RelationshipType": "910 Location Realignment",
            "PropertyName": "Is Active for Batch"
          }
        },
        "visible": false,
        "isEditable": true,
        "validation": {
          "maxLength": "0",
          "required": false
        }
      }
    ],
    "DataSources": [],
    "AutoExecute": false,
    "isAsync": true,
    "hasMembersUpdates": false,
    "Compact": false,
    "TwoColumn": false,
    "IsGlobalForExcelAddIn": false,
    "FilterFieldBindings": []
  },
  "Widget": null
}