{
  "MeasureName": "Sales $ Benchmark",
  "MeasureId": "347dac6b-b512-f3dc-cd8a-82c46bbfae72",
  "MeasureDescription": "Sales Benchmark for top selling products",
  "DataType": "number",
  "MeasureType": "Regular",
  "AggregateFunction": "Avg",
  "FormatString": "$#,##0;(#,##0)",
  "MeasureColumnName": "Sales$Benchmark",
  "MeasureFormula": "",
  "IsEditable": false,
  "ApplyConversion": false,
  "ConversionFormula": "",
  "PickListName": null,
  "BgColorFormula": "",
  "FgColorFormula": "",
  "TrendFormula": "",
  "FormattingViewModel": "[]",
  "ParentMeasureName": null,
  "AssociationMeasure": false,
  "IsComputedByPlanningService": false,
  "ToolTip": "Sales Benchmark for top selling products",
  "ConfigJson": {},
  "ApiName": null,
  "ApiDisabled": false,
  "IsReportingMeasure": false,
  "MeasureConditionalFormulaProperties": [],
  "PicklistSource": null
}