{
  "Name": "SupplyPlan100WDemandParameterMerge",
  "Description": null,
  "ActionButtonId": "5a2df2f9-b836-4b68-8188-9f3a04b3266f",
  "Tooltip": "Merge Demand Parameters",
  "ActionButtonType": "Rule",
  "Alignment": "right",
  "IsPopOver": true,
  "IsGlobal": false,
  "ActionClickHandler": null,
  "Icon": null,
  "Image": null,
  "ConfigJson": {
    "icon": "upload",
    "Position": "0",
    "SubmitButton": {
      "Label": "Submit"
    },
    "ResetButton": {
      "Label": "Reset"
    },
    "CloseButton": {
      "Label": "Close",
      "ConfirmMessage": "Unsaved changes will be lost. Continue?"
    },
    "NotifyAll": false,
    "IBPLRules": [
      {
        "template": "/* Copies over the demand measures, if selected */\n\n{{#if Demand}}\n\n{{#each Demand}}\n\n\nscope: (Version.[Version Name].[{{Target}}] * Item.Item{{#filter Item}} * Location.Location{{#filter Location}} * [Sales Domain].[Customer Group]{{#filter Customer}} * [Demand].[DemandID] * [Demand Type].[Demand Type] * &PlanningHorizon);\n\nMeasure.[{{this}}] = sum(Measure.[{{this}}]@(Version.[Version Name].[{{Source}}]) );\n\nend scope;\n\n{{/each}}\n\n{{/if}}\n\n"
      }
    ],
    "JavascriptRules": [],
    "FieldBindings": [
      {
        "fieldName": "Target",
        "title": "Target Scenario",
        "Description": "Target Scenario",
        "type": "picklistDropdown",
        "selectionType": "single",
        "clearSearch": true,
        "select": "ALL",
        "source": "members",
        "DimensionName": "Version",
        "LevelAttributeName": "Version Name",
        "visible": true,
        "isEditable": false,
        "validation": {
          "maxLength": "0",
          "required": true
        }
      },
      {
        "fieldName": "Source",
        "title": "Source Scenario",
        "Description": "Source Scenario",
        "type": "picklistDropdown",
        "selectionType": "single",
        "clearSearch": true,
        "select": "NONE",
        "source": "members",
        "DimensionName": "Version",
        "LevelAttributeName": "Version Name",
        "visible": true,
        "isEditable": true,
        "validation": {
          "maxLength": "0",
          "required": true
        },
        "FilterExpression": "&Scenarios"
      },
      {
        "fieldName": "Location",
        "title": "Location",
        "Description": "Location",
        "type": "picklistDropdown",
        "selectionType": "single",
        "clearSearch": true,
        "select": "NONE",
        "source": "members",
        "DimensionName": "Location",
        "LevelAttributeName": "Location",
        "visible": true,
        "isEditable": true,
        "validation": {
          "maxLength": "0",
          "required": true
        }
      },
      {
        "fieldName": "Item",
        "title": "Item",
        "type": "picklistDropdown",
        "selectionType": "multiple",
        "clearSearch": true,
        "select": "NONE",
        "source": "datasource",
        "key": "dsItem",
        "valueField": "Item",
        "textField": "Item",
        "visible": true,
        "isEditable": true,
        "cascadeFrom": "Location",
        "validation": {
          "maxLength": "0",
          "required": false
        }
      },
      {
        "fieldName": "Customer",
        "title": "Customer",
        "type": "picklistDropdown",
        "selectionType": "multiple",
        "clearSearch": true,
        "select": "NONE",
        "source": "datasource",
        "key": "dsCustomer",
        "valueField": "Customer Group",
        "textField": "Customer Group",
        "visible": true,
        "isEditable": true,
        "cascadeFrom": "Item",
        "validation": {
          "maxLength": "0",
          "required": false
        }
      },
      {
        "fieldName": "Demand",
        "title": "Parameters",
        "Description": "Demand Measures",
        "type": "picklistDropdown",
        "selectionType": "multiple",
        "clearSearch": true,
        "select": "NONE",
        "source": "picklist",
        "key": "DemandMeasures",
        "visible": true,
        "isEditable": true,
        "validation": {
          "maxLength": "0",
          "required": true
        }
      }
    ],
    "DataSources": [
      {
        "Name": "dsItem",
        "IBPLRules": [
          {
            "template": "Select ([Location].[Location]{{#filter Location}} * [Sales Domain].[Customer Group] * [Demand].[DemandID] * [Demand Type].[Demand Type] * &PlanningHorizon * [Item].[Item] * [Version].[Version Name]{{#filter Source}} ) on row, \n({Measure.[W Demand Quantity]}) on column where {Measure.[W Demand Quantity] > 0};"
          }
        ],
        "JavascriptRules": [],
        "FieldBindings": [],
        "IncludeDSFieldsOnly": false
      },
      {
        "Name": "dsCustomer",
        "IBPLRules": [
          {
            "template": "Select ([Location].[Location]{{#filter Location}} * [Sales Domain].[Customer Group] * [Demand].[DemandID] * [Demand Type].[Demand Type] * &PlanningHorizon * [Item].[Item]{{#filter Item}} * [Version].[Version Name]{{#filter Source}} ) on row, \n({Measure.[W Demand Quantity]}) on column where {Measure.[W Demand Quantity] > 0};"
          }
        ],
        "JavascriptRules": [],
        "FieldBindings": [],
        "IncludeDSFieldsOnly": false
      }
    ],
    "AutoExecute": false,
    "isAsync": false,
    "hasMembersUpdates": false,
    "Compact": true,
    "TwoColumn": true,
    "IsGlobalForExcelAddIn": false,
    "FilterFieldBindings": []
  },
  "Widget": null
}