{
  "Name": "Review Approval",
  "ViewId": "de83ee27-1d80-70a1-c15b-76cadf91c982",
  "ContentType": "Regular",
  "Title": "Review Approval",
  "Position": 4,
  "IsDefault": false,
  "Resource": null,
  "RazorViewTemplate": "_containers",
  "ConfigJson": {
    "WidgetContainers": {
      "Containers": [
        1
      ],
      "Key": 0,
      "IsModified": false,
      "ViewSpread": {
        "RowLevel": 60,
        "ColLevel": 12
      },
      "Data": [
        {
          "Id": "b58f4e02-8402-41ba-a850-f9ce9a14a5ed",
          "Col": 0,
          "Row": 0,
          "SizeX": 12,
          "SizeY": 60
        }
      ]
    },
    "CompactMode": false,
    "IsHidden": false
  },
  "Roles": [
    "public"
  ]
}