{
  "AttributeName": "Project Archived",
  "AttributeId": "dd9fe1d9-5ac4-d003-6686-c579bac4664d",
  "AttributeHierarchyEnabled": false,
  "IsKey": false,
  "Description": "Project Archived",
  "OrderBy": "Key",
  "KeyColumnName": "ProjectArchivedKey",
  "NameColumnName": null,
  "KeyColumnDataType": "number",
  "SeedTags": false,
  "KeyGenerationType": "UserSupplied",
  "PickListName": null,
  "ConfigJson": {
    "IsVisible": true,
    "IsEditable": false
  },
  "FormatString": "#,##0; (#,##0)",
  "Translation": null,
  "Aliases": [],
  "ApiName": null,
  "ApiDisabled": false,
  "FgColorFormula": null,
  "BgColorFormula": null,
  "IsReservedBySystem": false
}