{
  "EdgePropertyId": "e8d563c8-4617-4b02-8150-cbf2616769d5",
  "PropertyName": "Location Realignment Created By",
  "PropertyDescription": "Location Realignment Created By",
  "PropertyDataType": "string",
  "PropertyDataSize": 0,
  "PropertyColumnName": "LocationRealignmentCreatedBy",
  "AggregateFunction": "DistinctSum",
  "PropertyFormula": "",
  "IsEditable": false,
  "FormatString": "#",
  "ActivationProperty": false,
  "IsComputedByPlanningService": false,
  "ToolTip": null,
  "ApiName": null,
  "ApiDisabled": false,
  "BgColorFormula": "",
  "FgColorFormula": "",
  "TrendFormula": "",
  "FormattingViewModel": null,
  "ConditionalFormulas": []
}