{
  "AttributeName": "Config Status",
  "AttributeId": "c9376549-2c41-f4f6-a2f8-15c993e9dc88",
  "AttributeHierarchyEnabled": false,
  "IsKey": false,
  "Description": "Config Status",
  "OrderBy": "Key",
  "KeyColumnName": "ConfigStatusKey",
  "NameColumnName": null,
  "KeyColumnDataType": "string",
  "SeedTags": false,
  "KeyGenerationType": null,
  "PickListName": null,
  "ConfigJson": {
    "IsVisible": true,
    "IsEditable": true
  },
  "FormatString": "#",
  "Translation": null,
  "Aliases": [],
  "ApiName": null,
  "ApiDisabled": false,
  "FgColorFormula": null,
  "BgColorFormula": null,
  "IsReservedBySystem": false
}