{
  "Name": "o9EKGDeleteSolutionSet",
  "Description": "Delete Solution Set",
  "ActionButtonId": "0e066706-aad8-8cca-d64c-ff5eb31fd649",
  "Tooltip": "Delete Solution Set",
  "ActionButtonType": "Widget",
  "Alignment": "right",
  "IsPopOver": true,
  "IsGlobal": true,
  "ActionClickHandler": null,
  "Icon": null,
  "Image": null,
  "ConfigJson": {
    "icon": "trash-o",
    "SubmitButton": {
      "Label": "Submit"
    },
    "ResetButton": {
      "Label": "Reset"
    },
    "CloseButton": {
      "Label": "Close",
      "ConfirmMessage": "Unsaved changes will be lost. Continue?"
    },
    "NotifyRoles": true,
    "NotifyAll": false,
    "IBPLRules": [
      {
        "template": "scope: (&CWV * [o9EKG Customer].[Project Name].[{{Project}}] * [o9EKG Solution Set].[Solution Set]{{#filter SolutionSet}});\nMeasure.[o9EKG Solution Set Description] = null;\nend scope;\n\n\nscope: (&CWV * [o9EKG Customer].[Project Name].[{{Project}}] * [o9EKG Building Blocks].[Building Block] * [o9EKG Solution Set].[Solution Set]{{#filter SolutionSet}});\nMeasure.[o9EKG Solution Set SBB] = null;\nend scope;\n\n// delete from Tenant Setup\nscope: (&CWV * [o9EKG Customer].[Project Name].[{{Project}}] * [o9EKG Solution Set].[Solution Set]{{#filter SolutionSet}} * [o9EKG Rule Set].[Rule Set] * [o9EKG Tenant].[Profile]);\nMeasure.[o9EKG Tenant Description] = Null;\nend scope;\n\n\n// delete from tenant profile\n\nscope: (&CWV * [o9EKG Customer].[Project Name].[{{Project}}] * [o9EKG Tenant].[Profile]{{#filter ProfileList}}.relatedmembers([Tenant]));\nMeasure.[o9EKG Tenant Org Name] = Null;\nend scope;\n"
      }
    ],
    "JavascriptRules": [],
    "FieldBindings": [
      {
        "fieldName": "Project",
        "title": "Project",
        "Description": "Project",
        "type": "picklistDropdown",
        "selectionType": "single",
        "clearSearch": true,
        "source": "filter",
        "DimensionName": "o9EKG Customer",
        "LevelAttributeName": "Project Name",
        "visible": false,
        "isEditable": false,
        "validation": {
          "maxLength": "0",
          "required": true
        }
      },
      {
        "fieldName": "SolutionSet",
        "title": "Solution Set",
        "type": "picklistDropdown",
        "selectionType": "multiple",
        "clearSearch": true,
        "source": "parentAttribute",
        "DimensionName": "o9EKG Solution Set",
        "key": {
          "LevelAttribute": {
            "Name": "Solution Set",
            "Property": "Name"
          }
        },
        "visible": true,
        "isEditable": false,
        "validation": {
          "maxLength": "0",
          "required": true
        }
      },
      {
        "fieldName": "ProfileList",
        "title": "Profile List",
        "type": "picklistDropdown",
        "selectionType": "multiple",
        "clearSearch": true,
        "select": "ALL",
        "source": "datasource",
        "key": "ProfileListDS",
        "valueField": "Profile",
        "textField": "Profile",
        "overrideFieldBindingType": false,
        "visible": false,
        "isEditable": false,
        "cascadeFrom": "SolutionSet",
        "validation": {
          "maxLength": "0",
          "required": true
        }
      }
    ],
    "Range": [],
    "DataSources": [
      {
        "Name": "ProfileListDS",
        "IBPLRules": [
          {
            "template": "Select (&CWV * [o9EKG Customer].[Project Name].[{{Project}}] * [o9EKG Solution Set].[Solution Set]{{#filter SolutionSet}} * [o9EKG Rule Set].[Rule Set] * [o9EKG Tenant].[Profile] * {Measure.[o9EKG Tenant Description]});"
          }
        ],
        "JavascriptRules": [],
        "IncludeDSFieldsOnly": false,
        "FieldBindings": []
      }
    ],
    "AutoExecute": false,
    "isAsync": false,
    "hasMembersUpdates": false,
    "Compact": false,
    "TwoColumn": false,
    "IsGlobalForExcelAddIn": false,
    "ReturnFilterByUpdate": false,
    "ExcludeFromNavLink": false,
    "FilterFieldBindings": [],
    "enableTransaction": false
  },
  "Widget": null,
  "Roles": [
    "EKG_Intg_Arch",
    "EKG_SA"
  ]
}