{
  "Name": "SupplyPlan070WScenarioPlanningPlanOverridesAddPurchaseOrders",
  "Description": null,
  "ActionButtonId": "528fea79-0c23-41d7-a5b6-4c09d1b49d62",
  "Tooltip": "Add PO Open Quantity",
  "ActionButtonType": "Rule",
  "Alignment": "right",
  "IsPopOver": true,
  "IsGlobal": false,
  "ActionClickHandler": null,
  "Icon": null,
  "Image": null,
  "ConfigJson": {
    "icon": "plus",
    "Position": "0",
    "SubmitButton": {
      "Label": "Submit"
    },
    "ResetButton": {
      "Label": "Reset"
    },
    "CloseButton": {
      "Label": "Close",
      "ConfirmMessage": "Unsaved changes will be lost. Continue?"
    },
    "NotifyAll": false,
    "IBPLRules": [
      {
        "template": "createmember(Documents.[OrderlineID]={,\"{{POID}}\"},Documents.[Document Type]={,\"Purchase Orders\"},[Documents].[Created By]={\"{{User}}\",},[Documents].[Is Approved]={\"True\",},Documents.[OrderID]={,\"{{POID}}\"},Documents.[Orderline RequestID]={,\"{{POID}}\"} );\n\n\ncartesian scope:([Documents].[OrderlineID].[{{POID}}] * [Supplier].[Supplier Location].[{{SupplierLocation}}] * [Version].[Version Name].[{{Version}}] * [Item].[Item].[{{Item}}] * Location.[Location].[{{Location}}] * Activity2.Activity2.[{{TransMode}}]);\nMeasure.[W PO Open Quantity Override Inc]={{POOpenQuantity}};\nMeasure.[W PO Delivery Date Override Inc]=\"{{DeliveryDate}}\";end scope;"
      }
    ],
    "JavascriptRules": [],
    "FieldBindings": [
      {
        "fieldName": "Version",
        "title": "Version",
        "Description": "Version",
        "type": "picklistDropdown",
        "selectionType": "single",
        "clearSearch": true,
        "source": "filter",
        "DimensionName": "Version",
        "LevelAttributeName": "Version Name",
        "visible": true,
        "isEditable": false,
        "validation": {
          "maxLength": "0",
          "required": true
        }
      },
      {
        "fieldName": "POID",
        "title": "PO ID",
        "Description": "PO ID",
        "type": "picklistDropdown",
        "selectionType": "single",
        "clearSearch": true,
        "source": "datasource",
        "key": "UniquePOID",
        "valueField": "result",
        "textField": "result",
        "visible": true,
        "isEditable": true,
        "validation": {
          "maxLength": "0",
          "required": true
        }
      },
      {
        "fieldName": "Item",
        "title": "Item",
        "Description": "Item",
        "type": "picklistDropdown",
        "selectionType": "single",
        "clearSearch": true,
        "source": "datasource",
        "key": "Item",
        "valueField": "Name",
        "visible": true,
        "isEditable": true,
        "validation": {
          "maxLength": "0",
          "required": true
        },
        "select": "NONE"
      },
      {
        "fieldName": "Location",
        "title": "Location",
        "Description": "Location",
        "type": "picklistDropdown",
        "selectionType": "single",
        "clearSearch": true,
        "source": "datasource",
        "key": "Location",
        "valueField": "Name",
        "visible": true,
        "isEditable": true,
        "validation": {
          "maxLength": "0",
          "required": true
        },
        "select": "NONE"
      },
      {
        "fieldName": "SupplierLocation",
        "title": "Supplier Location",
        "Description": "Supplier Location",
        "type": "picklistDropdown",
        "selectionType": "single",
        "clearSearch": true,
        "source": "datasource",
        "key": "Supplier",
        "valueField": "Supplier Location",
        "visible": true,
        "isEditable": true,
        "cascadeFrom": "Location",
        "validation": {
          "maxLength": "0",
          "required": true
        },
        "textField": "Supplier Location"
      },
      {
        "fieldName": "TransMode",
        "title": "TransMode",
        "Description": "TransMode",
        "type": "picklistDropdown",
        "selectionType": "single",
        "clearSearch": true,
        "source": "datasource",
        "key": "TransMode",
        "valueField": "Activity2",
        "visible": true,
        "isEditable": true,
        "cascadeFrom": "Location",
        "validation": {
          "maxLength": "0",
          "required": true
        },
        "textField": "Activity2"
      },
      {
        "fieldName": "POOpenQuantity",
        "title": "PO Open Quantity",
        "Description": "PO Open Quantity",
        "type": "number",
        "clearSearch": true,
        "source": "literal",
        "visible": true,
        "isEditable": true,
        "validation": {
          "maxLength": "0",
          "required": true
        },
        "selectionType": "single"
      },
      {
        "fieldName": "DeliveryDate",
        "title": "Delivery Date",
        "Description": "Delivery Date",
        "type": "datetime",
        "selectionType": "single",
        "clearSearch": true,
        "source": "literal",
        "visible": true,
        "isEditable": true,
        "validation": {
          "maxLength": "0",
          "required": true
        }
      },
      {
        "fieldName": "User",
        "title": "User",
        "Description": "User",
        "type": "combobox",
        "selectionType": "single",
        "clearSearch": true,
        "source": "datasource",
        "key": "CurrentUser",
        "valueField": "Name",
        "textField": "Name",
        "visible": true,
        "isEditable": false,
        "validation": {
          "maxLength": "0",
          "required": true
        }
      }
    ],
    "DataSources": [
      {
        "Name": "UniquePOID",
        "IBPLRules": [
          {
            "template": "select NextLabel([PurchaseOrderID]);"
          }
        ],
        "JavascriptRules": [],
        "FieldBindings": [],
        "IncludeDSFieldsOnly": false
      },
      {
        "Name": "CurrentUser",
        "IBPLRules": [
          {
            "template": "select CurrentUser();"
          }
        ],
        "JavascriptRules": [],
        "FieldBindings": [],
        "IncludeDSFieldsOnly": false
      },
      {
        "Name": "Supplier",
        "IBPLRules": [
          {
            "template": "Select ([Activity2].[Activity2] * [Supplier].[Supplier Location] * [Location].[Location].[{{Location}}] * [Version].[Version Name].[{{Version}}] * [Item].[Item].[{{Item}}] ) on row, ({Measure.[Final Item Location Supplier TransMode Association]}) on column where{~IsNull(Measure.[Final Item Location Supplier TransMode Association])};"
          }
        ],
        "JavascriptRules": [],
        "FieldBindings": [],
        "IncludeDSFieldsOnly": false
      },
      {
        "Name": "Item",
        "IBPLRules": [
          {
            "template": "Select (&AllRawMaterials);"
          }
        ],
        "JavascriptRules": [],
        "IncludeDSFieldsOnly": false,
        "FieldBindings": []
      },
      {
        "Name": "TransMode",
        "IBPLRules": [
          {
            "template": "Select ([Activity2].[Activity2] * [Supplier].[Supplier Location] * [Location].[Location].[{{Location}}] * [Version].[Version Name].[{{Version}}] * [Item].[Item].[{{Item}}] ) on row, ({Measure.[Final Item Location Supplier TransMode Association]}) on column where{~IsNull(Measure.[Final Item Location Supplier TransMode Association])};"
          }
        ],
        "JavascriptRules": [],
        "FieldBindings": [],
        "IncludeDSFieldsOnly": false
      },
      {
        "Name": "Location",
        "IBPLRules": [
          {
            "template": "select (&AllPlantLocations);"
          }
        ],
        "JavascriptRules": [],
        "IncludeDSFieldsOnly": false,
        "FieldBindings": []
      }
    ],
    "AutoExecute": false,
    "isAsync": true,
    "hasMembersUpdates": true,
    "Compact": false,
    "TwoColumn": true,
    "IsGlobalForExcelAddIn": false,
    "FilterFieldBindings": []
  },
  "Widget": null
}