{
  "PickListName": "NettingSplitProfile",
  "PickListId": "a8171ee1-89ce-4d41-82da-aaee83481e0c",
  "PickListDescription": "Profiling Options for forecasts in netting",
  "DataType": "string",
  "IsMultiSelectAllowed": false,
  "Values": [
    {
      "Value": "1",
      "DisplayName": "Equal Split",
      "DisplayPosition": 0,
      "Icon": null,
      "Color": null,
      "Image": null
    },
    {
      "Value": "2",
      "DisplayName": "Hist Sales Pattern",
      "DisplayPosition": 1,
      "Icon": null,
      "Color": null,
      "Image": null
    },
    {
      "Value": "3",
      "DisplayName": "Recommendation",
      "DisplayPosition": 2,
      "Icon": null,
      "Color": null,
      "Image": null
    },
    {
      "Value": "4",
      "DisplayName": "User Override",
      "DisplayPosition": 3,
      "Icon": null,
      "Color": null,
      "Image": null
    }
  ]
}