{
  "Name": "o9EKGCloneTable",
  "Description": null,
  "ActionButtonId": "24508b2f-7a56-ab79-4f47-a2810bc0f21a",
  "Tooltip": "Clone Table",
  "ActionButtonType": "Widget",
  "Alignment": "right",
  "IsPopOver": true,
  "IsGlobal": true,
  "ActionClickHandler": null,
  "Icon": null,
  "Image": null,
  "ConfigJson": {
    "icon": "copy",
    "SubmitButton": {
      "Label": "Submit"
    },
    "ResetButton": {},
    "CloseButton": {
      "Label": "Close"
    },
    "NotifyAll": false,
    "IBPLRules": [],
    "JavascriptRules": [
      {
        "modulename": "o9.EKG.validateTable",
        "functionname": "validateTable"
      }
    ],
    "FieldBindings": [
      {
        "fieldName": "Table",
        "title": "Table Name",
        "type": "picklistDropdown",
        "selectionType": "multiple",
        "clearSearch": true,
        "source": "parentAttribute",
        "DimensionName": "o9EKG Table",
        "key": {
          "LevelAttribute": {
            "Name": "Table Name",
            "Property": "Name"
          }
        },
        "visible": false,
        "isEditable": false,
        "validation": {
          "maxLength": "0",
          "required": true
        }
      },
      {
        "fieldName": "ExistingTableName",
        "title": "Selected Table to clone",
        "type": "picklistDropdown",
        "selectionType": "single",
        "clearSearch": false,
        "source": "datasource",
        "key": "Table",
        "valueField": "Name",
        "textField": "Name",
        "overrideFieldBindingType": false,
        "visible": true,
        "isEditable": true,
        "cascadeFrom": "Table",
        "validation": {
          "maxLength": "0",
          "required": true
        },
        "select": "ALL"
      },
      {
        "fieldName": "TableType",
        "title": "Table Type",
        "type": "picklistDropdown",
        "selectionType": "single",
        "clearSearch": false,
        "source": "datasource",
        "key": "TableList",
        "valueField": "Table Type",
        "textField": "Table Type",
        "overrideFieldBindingType": false,
        "visible": false,
        "isEditable": false,
        "cascadeFrom": "ExistingTableName",
        "validation": {
          "maxLength": "0",
          "required": true
        }
      },
      {
        "fieldName": "TableGroup",
        "title": "Table Group",
        "type": "picklistDropdown",
        "selectionType": "single",
        "clearSearch": false,
        "source": "datasource",
        "key": "TableList",
        "valueField": "Table Group",
        "textField": "Table Group",
        "overrideFieldBindingType": false,
        "visible": false,
        "isEditable": false,
        "cascadeFrom": "ExistingTableName",
        "validation": {
          "maxLength": "0",
          "required": true
        }
      },
      {
        "fieldName": "TableName",
        "title": "New Table Name",
        "Description": "should only contain alphanumeric characters (a-z, A-Z, 0-9) or spaces. Cannot start with a number, or be more than 50 characters long. ",
        "type": "string",
        "clearSearch": true,
        "source": "literal",
        "visible": true,
        "isEditable": true,
        "validation": {
          "maxLength": "0",
          "required": true
        }
      },
      {
        "fieldName": "ExistingFields",
        "title": "Existing Fields",
        "type": "picklistDropdown",
        "selectionType": "multiple",
        "clearSearch": true,
        "source": "datasource",
        "key": "FieldList",
        "valueField": "Field ID",
        "textField": "Field ID",
        "overrideFieldBindingType": false,
        "visible": true,
        "isEditable": true,
        "cascadeFrom": "ExistingTableName",
        "validation": {
          "maxLength": "0",
          "required": true
        }
      }
    ],
    "Range": [],
    "DataSources": [
      {
        "Name": "Table",
        "IBPLRules": [
          {
            "template": "Select ( [o9EKG Table].[Table Name]{{#filter Table}} );"
          }
        ],
        "JavascriptRules": [],
        "IncludeDSFieldsOnly": false,
        "FieldBindings": []
      },
      {
        "Name": "TableList",
        "IBPLRules": [
          {
            "template": "Select (  [o9EKG Table].[Table Type] * [o9EKG Table].[Table Group] * [o9EKG Table].[Table Name].[{{ExistingTableName}}]  );"
          }
        ],
        "JavascriptRules": [],
        "IncludeDSFieldsOnly": false,
        "FieldBindings": []
      },
      {
        "Name": "FieldList",
        "IBPLRules": [
          {
            "template": "Select (  [o9EKG Table].[Table Name].[{{ExistingTableName}}] * [o9EKG Table].[Field ID] );"
          }
        ],
        "JavascriptRules": [],
        "IncludeDSFieldsOnly": false,
        "FieldBindings": []
      }
    ],
    "AutoExecute": false,
    "isAsync": false,
    "hasMembersUpdates": true,
    "Compact": true,
    "TwoColumn": false,
    "IsGlobalForExcelAddIn": false,
    "ReturnFilterByUpdate": false,
    "ExcludeFromNavLink": false,
    "FilterFieldBindings": []
  },
  "Widget": null,
  "Roles": [
    "EKG_DataAdmin",
    "EKG_Intg_Arch"
  ]
}