{
  "MeasureName": "TD Vs LY Ttl Sls Rtl Growth %",
  "MeasureId": "51bef7af-bb76-eaab-6cad-5f0a78f5fa11",
  "MeasureDescription": "TD Vs LY Total Sales Rtl Growth %",
  "DataType": "number",
  "MeasureType": "Regular",
  "AggregateFunction": "Computed",
  "FormatString": "0.00%",
  "MeasureColumnName": "TDVsLYTtlSlsRtlGrowth%",
  "MeasureFormula": "safedivide((Measure.[TD Ttl Sls Rtl] - Measure.[LY Ttl Sls Rtl]),Measure.[LY Ttl Sls Rtl])",
  "IsEditable": true,
  "ApplyConversion": false,
  "ConversionFormula": "",
  "PickListName": null,
  "BgColorFormula": "",
  "FgColorFormula": "",
  "TrendFormula": "",
  "FormattingViewModel": "[]",
  "ParentMeasureName": null,
  "AssociationMeasure": false,
  "IsComputedByPlanningService": false,
  "ToolTip": "(TD Total Sales Retail - LY Total Sales Retail)/LY Total Sales Retail",
  "ConfigJson": {},
  "ApiName": null,
  "ApiDisabled": false,
  "IsReportingMeasure": false,
  "MeasureConditionalFormulaProperties": [],
  "PicklistSource": null
}