{
  "Name": "717CMLSliceLevelSetup",
  "Description": "Update the CML Slice Level with Chosen Slice Attribute Combination.(By default CML Slice Level is Updated with Rank 1 Combination)",
  "ActionButtonId": "bb634ef5-67fc-fe38-a8c3-808165221c01",
  "Tooltip": "Promote",
  "ActionButtonType": "Widget",
  "Alignment": "right",
  "IsPopOver": true,
  "IsGlobal": true,
  "ActionClickHandler": null,
  "Icon": null,
  "Image": null,
  "ConfigJson": {
    "DisplayName": "Apply Slice Level",
    "icon": "refresh",
    "SubmitButton": {
      "Label": "Submit",
      "ProgressMessage": "Executing...",
      "SuccessMessage": "Successfully Executed.",
      "ErrorMessage": "Error in Execution.",
      "ConfirmMessage": "Are you sure you want to go ahead with the changes?"
    },
    "ResetButton": {
      "Label": "Reset"
    },
    "CloseButton": {
      "Label": "Close",
      "ConfirmMessage": "Unsaved changes will be lost. Continue?"
    },
    "NotifyRoles": false,
    "NotifyAll": false,
    "IBPLRules": [
      {
        "template": "Scope: (&CWVAndScenarios.filter(#.Name in{{#ibplList VersionName}}) * &AllLockedForecastIterations.filter(#.Name in{{#ibplList ForecastIteration}}) );\nMeasure.[CML Iteration Slice Level]= null;\nMeasure.[CML Iteration System Slice Level]=null;\nMeasure.[CML Iteration Planner Slice Level]=null;\nend scope;\n\nscope: (&CWVAndScenarios.filter(#.Name in{{#ibplList VersionName}}) * &AllLockedForecastIterations.filter(#.Name in{{#ibplList ForecastIteration}}) * [Sequence].[Sequence].filter(#.Name in {{#ibplList Sequence}}) );\nMeasure.[CML Iteration System Slice Level]=Measure.[Slice Attribute Combinations];\nend scope;"
      },
      {
        "template": "Scope: (&CWVAndScenarios.filter(#.Name in{{#ibplList VersionName}}) * &AllLockedForecastIterations.filter(#.Name in{{#ibplList ForecastIteration}}) );\nMeasure.[CML Iteration Slice Level]= Measure.[CML Iteration System Slice Level];\nMeasure.[CML Iteration Planner Slice Level]= Measure.[CML Iteration System Slice Level];\nend scope;\n\n"
      },
      {
        "template": "exec procedure o9DP0168SliceAssociationCML {\"VersionName\" : [{{#csv VersionName}}],\"MediumWeight\" : {{MediumWeight}}, \"ForecastIteration\" : [{{#csv ForecastIteration}}]};"
      }
    ],
    "JavascriptRules": [],
    "FieldBindings": [
      {
        "fieldName": "Information",
        "title": "Information",
        "Description": "Information",
        "type": "info",
        "clearSearch": true,
        "source": "literal",
        "defaultValue": "Please Click on \"Submit\" to Update CML Slice Level with CML Slice Attribute Combination.",
        "visible": true,
        "isEditable": true,
        "validation": {
          "maxLength": "0",
          "required": true
        }
      },
      {
        "fieldName": "MediumWeight",
        "title": "Medium Weight Run",
        "type": "boolean",
        "selectionType": "single",
        "clearSearch": true,
        "source": "literal",
        "defaultValue": true,
        "visible": true,
        "isEditable": true,
        "validation": {
          "maxLength": "0",
          "required": true
        }
      },
      {
        "fieldName": "VersionName",
        "title": "Version Name",
        "Description": "Version Name",
        "type": "picklist",
        "selectionType": "single",
        "clearSearch": true,
        "source": "filter",
        "DimensionName": "Version",
        "LevelAttributeName": "Version Name",
        "visible": true,
        "isEditable": true,
        "validation": {
          "maxLength": "0",
          "required": true
        }
      },
      {
        "fieldName": "Sequence",
        "title": "Ranking",
        "Description": "Sequence",
        "type": "picklistDropdown",
        "selectionType": "single",
        "clearSearch": true,
        "source": "parentAttribute",
        "DimensionName": "Sequence",
        "key": {
          "LevelAttribute": {
            "Name": "Sequence",
            "Property": "Name"
          }
        },
        "visible": false,
        "isEditable": true,
        "validation": {
          "maxLength": "0",
          "required": true
        }
      },
      {
        "fieldName": "ForecastIteration",
        "title": "Forecast Iteration",
        "type": "picklist",
        "selectionType": "single",
        "clearSearch": true,
        "source": "parentAttribute",
        "DimensionName": "Forecast Iteration",
        "key": {
          "LevelAttribute": {
            "Name": "Forecast Iteration",
            "Property": "Name"
          }
        },
        "visible": true,
        "isEditable": true,
        "validation": {
          "maxLength": "0",
          "required": true
        }
      },
      {
        "fieldName": "ForecastIterationType",
        "title": "Forecast Iteration Type",
        "type": "picklist",
        "selectionType": "single",
        "clearSearch": true,
        "source": "parentAttribute",
        "DimensionName": "Forecast Iteration",
        "key": {
          "LevelAttribute": {
            "Name": "Forecast Iteration Type",
            "Property": "Name"
          }
        },
        "visible": false,
        "isEditable": false,
        "validation": {
          "maxLength": "0",
          "required": true
        }
      },
      {
        "fieldName": "SliceAttribute",
        "title": "Slice Attribute Combination",
        "Description": "Slice Attribute Combination",
        "type": "combobox",
        "clearSearch": true,
        "source": "datasource",
        "key": "DSSliceAttribute",
        "valueField": "Slice Attribute Combinations",
        "textField": "Slice Attribute Combinations",
        "overrideFieldBindingType": false,
        "visible": true,
        "isEditable": false,
        "cascadeFrom": "Sequence",
        "validation": {
          "maxLength": "0",
          "required": true
        }
      }
    ],
    "Range": [],
    "DataSources": [
      {
        "Name": "DSSliceAttribute",
        "IBPLRules": [
          {
            "template": "Select (&CWVAndScenarios.filter(#.Name in{{#ibplList VersionName}}) * &AllLockedForecastIterations.filter(#.Name in{{#ibplList ForecastIteration}}) * [Sequence].[Sequence].filter(#.Name in {{#ibplList Sequence}}) ) on row, \n({Measure.[Slice Attribute Combinations]}) on column;"
          }
        ],
        "JavascriptRules": [],
        "IncludeDSFieldsOnly": false,
        "FieldBindings": []
      }
    ],
    "AutoExecute": false,
    "isAsync": false,
    "hasMembersUpdates": false,
    "Compact": false,
    "TwoColumn": false,
    "IsGlobalForExcelAddIn": false,
    "ReturnFilterByUpdate": false,
    "ExcludeFromNavLink": false,
    "FilterFieldBindings": []
  },
  "Widget": null,
  "Roles": []
}