{
  "HierarchyName": "Forecast Iteration Type",
  "HierarchyId": "baa81b2a-3556-69db-d192-d1ee8a9cfea8",
  "HierarchyDescription": "Forecast Iteration Type",
  "Translations": null,
  "Levels": [
    {
      "LevelName": "Forecast Iteration Type",
      "LevelId": "f4f902da-0da5-8d50-392a-0eddece5cd8c",
      "SourceAttributeName": "Forecast Iteration Type",
      "LevelDescription": "Type of Forecast Iteration",
      "LevelPosition": 0,
      "Translations": null
    },
    {
      "LevelName": "Forecast Iteration",
      "LevelId": "4f6d96a5-8c25-a28b-d705-4d07a4500bac",
      "SourceAttributeName": "Forecast Iteration",
      "LevelDescription": "Forecast Iteration",
      "LevelPosition": 1,
      "Translations": null
    }
  ],
  "IsEnabled": true,
  "ErrorMessage": null
}