{
  "Name": "CreateNewSizeRanges",
  "Description": "Create a new size range",
  "ActionButtonId": "c71f468a-68aa-9e77-f3da-8662c2f56491",
  "Tooltip": "Create a new size range",
  "ActionButtonType": "Widget",
  "Alignment": "right",
  "IsPopOver": true,
  "IsGlobal": true,
  "ActionClickHandler": null,
  "Icon": null,
  "Image": null,
  "ConfigJson": {
    "DisplayName": "Create New Size Range",
    "icon": "plus-square",
    "SubmitButton": {
      "Label": "Submit"
    },
    "ResetButton": {
      "Label": "Reset"
    },
    "CloseButton": {
      "Label": "Close",
      "ConfirmMessage": "Unsaved changes will be lost. Continue?"
    },
    "NotifyAll": false,
    "IBPLRules": [
      {
        "template": "createmember ([Size Range].[Size Range] = {,[{{SizeRange}}]});"
      },
      {
        "template": "Cartesian Scope :(&CWVAndScenarios * [Size Range].[Size Range].[{{SizeRange}}] );\nMeasure.[New Size Range Association] = 1;\nend scope;"
      },
      {
        "template": "exec plugin instance [RetailSizeRangeSizeAssociation] for measures {Measure.[Size Range Size Association]} using scope (&CWVAndScenarios *  [Size Range].[Size Range].[{{SizeRange}}])using arguments {(\"IncludeNullRows\", False),(ExecutionMode, \"MediumWeight\"),(DataTransferMode,\"csv\")};"
      }
    ],
    "JavascriptRules": [],
    "FieldBindings": [
      {
        "fieldName": "SizeRange",
        "title": "Enter the name of the new size range separated by pipe symbol (eg: S|M|L, 30|32|34 etc.)",
        "type": "string",
        "clearSearch": true,
        "source": "literal",
        "visible": true,
        "isEditable": true,
        "validation": {
          "maxLength": "0",
          "required": true
        }
      }
    ],
    "Range": [],
    "DataSources": [],
    "AutoExecute": false,
    "isAsync": true,
    "hasMembersUpdates": false,
    "Compact": false,
    "TwoColumn": false,
    "IsGlobalForExcelAddIn": false,
    "ReturnFilterByUpdate": false,
    "ExcludeFromNavLink": false,
    "FilterFieldBindings": []
  },
  "Widget": null,
  "Roles": []
}