{
  "MeasureName": "o9EKG Source Field Mapping",
  "MeasureId": "0b66402e-4b3d-a298-e438-3b35c630a4b1",
  "MeasureDescription": "o9EKG Source Field Mapping",
  "DataType": "string",
  "MeasureType": "Regular",
  "AggregateFunction": "DistinctSum",
  "FormatString": "#,##0;(#,##0)",
  "MeasureColumnName": "o9EKGSourceFieldMapping",
  "MeasureFormula": "",
  "IsEditable": true,
  "ApplyConversion": false,
  "ConversionFormula": "",
  "PickListName": null,
  "BgColorFormula": " IF(Measure.[o9EKG Source Field Mapping]==\"Not specified\") then argb( 1,237, 49, 49)",
  "FgColorFormula": "",
  "TrendFormula": "",
  "FormattingViewModel": "[\r\n  {\r\n    \"BGCOLOR\": \"argb(1,237,49,49)\",\r\n    \"Condition\": \"Measure.[o9EKG Source Field Mapping]==\\\"Not specified\\\"\"\r\n  }\r\n]",
  "ParentMeasureName": null,
  "AssociationMeasure": false,
  "IsComputedByPlanningService": false,
  "ToolTip": "o9EKG Source Field Mapping",
  "ConfigJson": {},
  "ApiName": null,
  "ApiDisabled": false,
  "IsReportingMeasure": false,
  "MeasureConditionalFormulaProperties": [
    {
      "MeasureName": null,
      "ConditionalFormula": "Measure.[o9EKG Source Field Mapping]==\"Not specified\"",
      "BGCOLOR": "rgba(237, 49, 49, 1)",
      "LegendText": "Please specify correct mapping",
      "DisplayOrder": 0
    }
  ],
  "PicklistSource": null
}