{
  "Name": "MFPInfoTDSalesPlan",
  "Description": "Information",
  "ActionButtonId": "30054587-711e-65b9-9d83-4f8e750b2c07",
  "Tooltip": "Report Information",
  "ActionButtonType": "Widget",
  "Alignment": "right",
  "IsPopOver": true,
  "IsGlobal": true,
  "ActionClickHandler": null,
  "Icon": null,
  "Image": null,
  "ConfigJson": {
    "icon": "info-circle",
    "SubmitButton": {
      "Label": " "
    },
    "ResetButton": {},
    "CloseButton": {
      "Label": " "
    },
    "NotifyRoles": false,
    "NotifyAll": false,
    "IBPLRules": [],
    "JavascriptRules": [],
    "FieldBindings": [
      {
        "fieldName": "Information",
        "title": "Information",
        "type": "info",
        "clearSearch": true,
        "source": "literal",
        "defaultValue": "<!DOCTYPE html> <html lang=\"en\"> <head>     <meta charset=\"UTF-8\">     <meta name=\"viewport\" content=\"width=device-width, initial-scale=1.0\">     <title>Top Down Plan Seeding & 3-Way Edit</title> </head> <body style=\"text-align: left;\">     <p style=\"text-align: left;\"><strong>Overview</strong></p>     <p style=\"text-align: left;\">         Allows the merchandise planner to seed the Top Down Plan with historical sales data at the Department level.          This enables them to plan Sales, Margin, and key components for future seasons using past trends as a foundation.          Additionally, the 3-Way Edit functionality allows planners to edit one metric—Sales, Units, or Average Selling Price—         with automatic recalculations of the other two.     </p>     <p style=\"text-align: left;\">         <a href=\"https://docs.google.com/spreadsheets/d/1Lpofne7zD4myBYE_IqogQP-6cwPyoLz0UzOreS4NT8U/edit?gid=1167015010#gid=1167015010\" target=\"_blank\">             Sales Calculations         </a>     </p>      <p style=\"text-align: left;\"><strong>How to Use</strong></p>     <p style=\"text-align: left;\">         1. Click \"Seed plan\" to seed the plan with any of the options - LY / LLY / LLLY / LRP / Adj LY / Weighted<br>         &nbsp;&nbsp;&nbsp;&nbsp;(LRP - LY Actuals + Planned values for unrealized months,<br>         &nbsp;&nbsp;&nbsp;&nbsp;Adj LY - Based on week mapping present in Planning Admin workspace)<br>         2. Planner plans Sales, Components of Sales, Growth, and Margin values for the planning season<br>         3. Click \"Approve Plan\" to copy the values to the Approved set of measures, which can be seen in the next view \"Approved Plan\"     </p> </body> </html>",
        "visible": true,
        "isEditable": true,
        "validation": {
          "maxLength": "0",
          "required": true
        }
      }
    ],
    "Range": [],
    "DataSources": [],
    "AutoExecute": false,
    "isAsync": false,
    "hasMembersUpdates": false,
    "Compact": false,
    "TwoColumn": false,
    "IsGlobalForExcelAddIn": false,
    "ReturnFilterByUpdate": false,
    "ExcludeFromNavLink": false,
    "FilterFieldBindings": []
  },
  "Widget": null,
  "Roles": []
}