{
  "Name": "010TLBCreateNewShipment",
  "Description": "Create New Shipment",
  "ActionButtonId": "9b0c834d-a0b0-b0cf-9f66-c2a522b7cd86",
  "Tooltip": "Create New Shipment",
  "ActionButtonType": "Rule",
  "Alignment": "right",
  "IsPopOver": true,
  "IsGlobal": false,
  "ActionClickHandler": null,
  "Icon": null,
  "Image": null,
  "ConfigJson": {
    "DisplayName": "Create New Shipment",
    "icon": "plus",
    "Position": "0",
    "SubmitButton": {
      "Label": "Submit"
    },
    "ResetButton": {
      "Label": "Reset"
    },
    "CloseButton": {
      "Label": "Close",
      "ConfirmMessage": "Unsaved changes will be lost. Continue?"
    },
    "NotifyRoles": false,
    "NotifyAll": false,
    "IBPLRules": [
      {
        "template": "cartesian scope:([Version].[Version Name]{{#filter Version}} * [Documents].[OrderlineID]{{#filter OrderLineID}} * [Cluster].[Cluster]{{#filter Cluster}}  * [Activity1].[Activity1]{{#filter Activity1}} * [Item].[Item]{{#filter Item}} * [Sequence].[Sequence]{{#filter TruckNumber}} * [Time].[Day]{{#filter Day}} * [Activity2].[Activity2]{{#filter Activity2}} * [Equipment].[Equipment ID]{{#filter EquipmentID}} * [UOM].[UOM]{{#filter UOM}});\nmeasure.[D TLB Plan Output Quantity Override Final]={{Quantity}};\nend scope;"
      }
    ],
    "JavascriptRules": [],
    "FieldBindings": [
      {
        "fieldName": "Version",
        "title": "Version",
        "Description": "Version",
        "selectionType": "single",
        "clearSearch": true,
        "source": "filter",
        "DimensionName": "Version",
        "LevelAttributeName": "Version Name",
        "visible": true,
        "isEditable": true,
        "validation": {
          "maxLength": "0",
          "required": true
        },
        "type": "picklistDropdown"
      },
      {
        "fieldName": "Cluster",
        "title": "Cluster",
        "Description": "Cluster",
        "type": "picklistDropdown",
        "selectionType": "single",
        "clearSearch": true,
        "source": "members",
        "DimensionName": "Cluster",
        "LevelAttributeName": "Cluster",
        "visible": true,
        "isEditable": true,
        "validation": {
          "maxLength": "0",
          "required": true
        }
      },
      {
        "fieldName": "Activity1",
        "title": "Lane",
        "Description": "Activity1",
        "type": "picklistDropdown",
        "selectionType": "single",
        "clearSearch": true,
        "source": "datasource",
        "key": "Activity1DS",
        "valueField": "Name",
        "textField": "Name",
        "overrideFieldBindingType": false,
        "visible": true,
        "isEditable": true,
        "cascadeFrom": "Cluster",
        "validation": {
          "maxLength": "0",
          "required": true
        }
      },
      {
        "fieldName": "Activity2",
        "title": "Transmode",
        "Description": "Activity2",
        "type": "picklistDropdown",
        "selectionType": "single",
        "clearSearch": true,
        "source": "datasource",
        "key": "Activity2DS",
        "valueField": "Name",
        "textField": "Name",
        "overrideFieldBindingType": false,
        "visible": true,
        "isEditable": true,
        "cascadeFrom": "Cluster",
        "validation": {
          "maxLength": "0",
          "required": true
        }
      },
      {
        "fieldName": "EquipmentID",
        "title": "Equipment ID",
        "Description": "Equipment ID",
        "type": "picklistDropdown",
        "selectionType": "single",
        "clearSearch": true,
        "source": "datasource",
        "key": "EquipmentDS",
        "valueField": "Name",
        "textField": "Name",
        "overrideFieldBindingType": false,
        "visible": true,
        "isEditable": true,
        "cascadeFrom": "Activity2",
        "validation": {
          "maxLength": "0",
          "required": true
        }
      },
      {
        "fieldName": "UOM",
        "title": "UOM",
        "Description": "UOM",
        "type": "picklistDropdown",
        "selectionType": "single",
        "clearSearch": true,
        "source": "members",
        "DimensionName": "UOM",
        "LevelAttributeName": "UOM",
        "visible": true,
        "isEditable": true,
        "validation": {
          "maxLength": "0",
          "required": true
        }
      },
      {
        "fieldName": "Item",
        "title": "Item",
        "Description": "Item",
        "type": "picklistDropdown",
        "selectionType": "single",
        "clearSearch": true,
        "source": "datasource",
        "key": "Item_DS",
        "valueField": "Name",
        "textField": "Name",
        "overrideFieldBindingType": false,
        "visible": true,
        "isEditable": true,
        "cascadeFrom": "Activity1",
        "validation": {
          "maxLength": "0",
          "required": true
        }
      },
      {
        "fieldName": "TruckNumber",
        "title": "Truck Number",
        "Description": "Truck Number",
        "type": "picklistDropdown",
        "selectionType": "single",
        "clearSearch": true,
        "source": "datasource",
        "key": "TruckNumber_DS",
        "valueField": "result",
        "textField": "result",
        "overrideFieldBindingType": false,
        "visible": true,
        "isEditable": true,
        "validation": {
          "maxLength": "0",
          "required": true
        }
      },
      {
        "fieldName": "OrderLineID",
        "title": "OrderLineID",
        "Description": "OrderLineID",
        "type": "picklistDropdown",
        "selectionType": "single",
        "clearSearch": true,
        "source": "members",
        "DimensionName": "Documents",
        "LevelAttributeName": "OrderlineID",
        "visible": true,
        "isEditable": true,
        "validation": {
          "maxLength": "0",
          "required": true
        }
      },
      {
        "fieldName": "Day",
        "title": "Shipment Date",
        "Description": "Day",
        "type": "picklistDropdown",
        "selectionType": "single",
        "clearSearch": true,
        "source": "members",
        "DimensionName": "Time",
        "LevelAttributeName": "Day",
        "FilterExpression": "&TLBShipmentPlanningHorizon",
        "visible": true,
        "isEditable": true,
        "validation": {
          "maxLength": "0",
          "required": true
        }
      },
      {
        "fieldName": "Quantity",
        "title": "Quantity",
        "Description": "Quantity",
        "type": "number",
        "displayFormat": "0.00",
        "selectionType": "single",
        "clearSearch": true,
        "source": "literal",
        "visible": true,
        "isEditable": true,
        "validation": {
          "maxLength": "0",
          "required": true
        }
      }
    ],
    "Range": [],
    "DataSources": [
      {
        "Name": "TruckNumber_DS",
        "IBPLRules": [
          {
            "template": "select NextLabel([RunID Parent]);"
          }
        ],
        "JavascriptRules": [],
        "IncludeDSFieldsOnly": false,
        "FieldBindings": []
      },
      {
        "Name": "Item_DS",
        "IBPLRules": [
          {
            "template": "Select (&AllItems) where{\n[Version].[Version Name]{{#filter Version}},[Activity1].[Activity1]{{#filter Activity1}},Measure.[Material Consumption Association]==1};"
          }
        ],
        "JavascriptRules": [],
        "IncludeDSFieldsOnly": false,
        "FieldBindings": []
      },
      {
        "Name": "Activity1DS",
        "IBPLRules": [
          {
            "template": "Select ([Activity1].[Activity1]) where{\n[Version].[Version Name]{{#filter Version}},[Cluster].[Cluster]{{#filter Cluster}},Measure.[TLB Location Cluster Association]==1};"
          }
        ],
        "JavascriptRules": [],
        "IncludeDSFieldsOnly": false,
        "FieldBindings": []
      },
      {
        "Name": "Activity2DS",
        "IBPLRules": [
          {
            "template": "Select (&AllTransmodes) where{\n[Version].[Version Name]{{#filter Version}},[Cluster].[Cluster]{{#filter Cluster}},Measure.[TLB Location Cluster Association]==1};"
          }
        ],
        "JavascriptRules": [],
        "IncludeDSFieldsOnly": false,
        "FieldBindings": []
      },
      {
        "Name": "EquipmentDS",
        "IBPLRules": [
          {
            "template": "Select ([Equipment].[Equipment ID]) where{\n[Version].[Version Name]{{#filter Version}},[Activity2].[Activity2]{{#filter Activity2}},Measure.[TLB Transmode EquipmentID Association]==1};"
          }
        ],
        "JavascriptRules": [],
        "IncludeDSFieldsOnly": false,
        "FieldBindings": []
      }
    ],
    "AutoExecute": false,
    "isAsync": true,
    "hasMembersUpdates": false,
    "Compact": true,
    "TwoColumn": true,
    "IsGlobalForExcelAddIn": false,
    "ExcludeFromNavLink": false,
    "FilterFieldBindings": []
  },
  "Widget": null,
  "Roles": []
}