{
  "AttributeName": "Stat Account",
  "AttributeId": "3d1271b4-1ef3-d6be-4947-433f9a228aed",
  "AttributeHierarchyEnabled": true,
  "IsKey": false,
  "Description": "Stat Account",
  "OrderBy": "Key",
  "KeyColumnName": "StatAccountKey",
  "NameColumnName": "StatAccountName",
  "KeyColumnDataType": "integer",
  "SeedTags": true,
  "KeyGenerationType": "Auto",
  "PickListName": null,
  "ConfigJson": {
    "ShowFilterAs": "TileView",
    "MemberDisplayNameEditable": true,
    "IsMultipleImage": false,
    "MemberDisplayColor": false
  },
  "FormatString": null,
  "Translation": null,
  "Aliases": [],
  "ApiName": null,
  "ApiDisabled": false
}