{
  "MeasureName": "Start Week SC L",
  "MeasureId": "c1df2618-4b71-4ee0-897c-5e184eca59dd",
  "MeasureDescription": "Start Week",
  "DataType": "datetime",
  "MeasureType": "Regular",
  "AggregateFunction": "Min",
  "FormatString": "dd-MMM-yyyy",
  "MeasureColumnName": "APStartWeekRR",
  "MeasureFormula": "",
  "IsEditable": true,
  "ApplyConversion": false,
  "ConversionFormula": "",
  "PickListName": null,
  "BgColorFormula": " IF(Measure.[End Week SC L]<Measure.[Start Week SC L]) then argb( 1,255, 0, 0) else  IF(Isnull(Measure.[Start Week SC L])) then argb( 1,255, 0, 0)",
  "FgColorFormula": "",
  "TrendFormula": "",
  "FormattingViewModel": "[\r\n  {\r\n    \"BGCOLOR\": \"argb(1,255,0,0)\",\r\n    \"Condition\": \"Measure.[End Week SC L]<Measure.[Start Week SC L]\"\r\n  },\r\n  {\r\n    \"BGCOLOR\": \"argb(1,255,0,0)\",\r\n    \"Condition\": \"Isnull(Measure.[Start Week SC L])\"\r\n  }\r\n]",
  "ParentMeasureName": null,
  "AssociationMeasure": false,
  "IsComputedByPlanningService": true,
  "ToolTip": "Start Week",
  "ConfigJson": {},
  "ApiName": null,
  "ApiDisabled": false,
  "IsReportingMeasure": false,
  "MeasureConditionalFormulaProperties": [
    {
      "MeasureName": null,
      "ConditionalFormula": "Measure.[End Week SC L]<Measure.[Start Week SC L]",
      "BGCOLOR": "argb(1,255,0,0)",
      "LegendText": "",
      "DisplayOrder": 0
    },
    {
      "MeasureName": null,
      "ConditionalFormula": "Isnull(Measure.[Start Week SC L])",
      "BGCOLOR": "argb(1,255,0,0)",
      "LegendText": "",
      "DisplayOrder": 1
    }
  ],
  "PicklistSource": null
}