{
  "MeasureGroupName": "o9EKG Pipeline Performance",
  "MeasureGroupId": "9a88aa7c-6300-5a76-ee4f-cf8c0e39f2d9",
  "ParentMeasureGroupName": null,
  "HasShadow": false,
  "MeasureGroupDescription": "o9EKG Pipeline Performance",
  "MeasureGroupType": "Regular",
  "FactTableName": "Facto9EKGPipelinePerformance",
  "SchemaMajorVersion": 0,
  "ConfigJson": {},
  "ApiName": null,
  "Repartition": false,
  "Unpartition": false,
  "ApiEnabled": false,
  "DimensionUsages": [
    {
      "DimensionName": "Version",
      "AttributeName": "Version Name",
      "SortOrder": 0,
      "DimensionType": "Regular"
    },
    {
      "DimensionName": "o9EKG Batch",
      "AttributeName": "Batch ID",
      "SortOrder": 1,
      "DimensionType": "Regular"
    }
  ]
}