{
  "MeasureName": "Seasonal Strength L1",
  "MeasureId": "21e700c9-6c94-4d14-86bc-bf5d31415acc",
  "MeasureDescription": "Displays the ratio of variance of error component to seasonal component at stat Level",
  "DataType": "number",
  "MeasureType": "Regular",
  "AggregateFunction": "Sum",
  "FormatString": "%0",
  "MeasureColumnName": "SeasonalStrengthL1",
  "MeasureFormula": "",
  "IsEditable": false,
  "ApplyConversion": false,
  "ConversionFormula": "",
  "PickListName": null,
  "BgColorFormula": "",
  "FgColorFormula": "",
  "TrendFormula": "",
  "FormattingViewModel": "[]",
  "ParentMeasureName": null,
  "AssociationMeasure": false,
  "IsComputedByPlanningService": false,
  "ToolTip": "Displays the ratio of variance of error component to seasonal component at stat Level",
  "ConfigJson": {},
  "ApiName": null,
  "ApiDisabled": false,
  "IsReportingMeasure": false,
  "MeasureConditionalFormulaProperties": [],
  "PicklistSource": null
}