{
  "Name": "SupplyPlan144EnablePROCLoadingResource",
  "Description": "SupplyPlan144EnablePROCLoadingResource",
  "ActionButtonId": "93df996e-eeb7-0d61-574e-0159d1025157",
  "Tooltip": "SupplyPlan144EnablePROCLoadingResource",
  "ActionButtonType": "Widget",
  "Alignment": "right",
  "IsPopOver": true,
  "IsGlobal": true,
  "ActionClickHandler": null,
  "Icon": null,
  "Image": null,
  "ConfigJson": {
    "icon": "plus",
    "SubmitButton": {
      "Label": "Submit"
    },
    "ResetButton": {
      "Label": "Reset"
    },
    "CloseButton": {
      "Label": "Close",
      "ConfirmMessage": "Unsaved changes will be lost. Continue?"
    },
    "NotifyAll": false,
    "IBPLRules": [
      {
        "template": "cartesian scope: (Version.[Version Name]{{#filter Version}} * Location.Location{{#filter Location}} ); \nMeasure.[PROC Loading Shared Resource Association] = 1; \nend scope;"
      },
      {
        "template": "\ncartesian scope: (Version.[Version Name]{{#filter Version}} * Location.Location{{#filter Location}} );\nMeasure.[PROC Loading Shared Resource Association NC Addition] = 1;\nend scope;\n\nscope: (Version.[Version Name]{{#filter Version}} * Location.Location{{#filter Location}} );\nMeasure.[PROC Loading Shared Resource Association NC Deletion] = Null;\nend scope;\n\nscope:(Version.[Version Name]{{#filter Version}} * Location.[Location]{{#filter Location}});\nMeasure.[PROCLoadingResource] = if (Measure.[PROC Loading Shared Resource Association] > 0) then (\"PROCLoading_Resource_{{Location}}\");\nend scope;\n\nCreateMember( \nResource.[Resource]={,Measure.[PROCLoadingResource]},\nResource.[Resource All]={,[All]},\nResource.[Resource Type]={,[Procurement Loading]},\nResource.[Resource Alternate Group1]={,[Procurement Loading]},\nResource.[Resource Alternate Group2]={,[Procurement Loading]})\nusing scope (Version.[Version Name]{{#filter Version}} * Location.[Location]{{#filter Location}});\n\nCartesian Scope: (Version.[Version Name]{{#filter Version}} * Location.[Location]{{#filter Location}} * &PROCOutboundResource.[PROCLoading_Resource_{{Location}}]);\nMeasure.[PROC Outbound Shared Resource Association Intermediate] = 1;\nMeasure.[PROC Outbound Shared Resource Category Intermediate] = \"I\";\nend scope;"
      }
    ],
    "JavascriptRules": [],
    "FieldBindings": [
      {
        "fieldName": "Version",
        "title": "Version",
        "Description": "Version",
        "type": "picklistDropdown",
        "selectionType": "single",
        "clearSearch": true,
        "source": "filter",
        "DimensionName": "Version",
        "LevelAttributeName": "Version Name",
        "visible": true,
        "isEditable": true,
        "validation": {
          "maxLength": "0",
          "required": true
        }
      },
      {
        "fieldName": "Location",
        "title": "Source Location",
        "type": "picklistDropdown",
        "selectionType": "single",
        "clearSearch": true,
        "select": "NONE",
        "source": "members",
        "DimensionName": "Location",
        "LevelAttributeName": "Location",
        "FilterExpression": " &AllSupplierLocations",
        "visible": true,
        "isEditable": true,
        "validation": {
          "maxLength": "0",
          "required": true
        }
      }
    ],
    "DataSources": [],
    "AutoExecute": false,
    "isAsync": false,
    "hasMembersUpdates": false,
    "Compact": false,
    "TwoColumn": false,
    "IsGlobalForExcelAddIn": false,
    "ReturnFilterByUpdate": false,
    "ExcludeFromNavLink": false,
    "FilterFieldBindings": []
  },
  "Widget": null
}