{
  "AttributeName": "Retail_AP_FD_SCSS_NN",
  "AttributeId": "0f53b945-ebc8-e772-27b3-11e7c9ce62ff",
  "AttributeHierarchyEnabled": true,
  "IsKey": false,
  "Description": "Planning Item Selling Season Definition",
  "OrderBy": "Key",
  "KeyColumnName": "Retail_AP_FD_SCSS_NNKey",
  "NameColumnName": "Retail_AP_FD_SCSS_NNName",
  "KeyColumnDataType": "integer",
  "SeedTags": true,
  "KeyGenerationType": "Auto",
  "PickListName": null,
  "ConfigJson": {
    "ShowFilterAs": "TileView",
    "MemberDisplayNameEditable": true,
    "IsMultipleImage": false,
    "MemberDisplayColor": false
  },
  "FormatString": null,
  "Translation": null,
  "Aliases": [],
  "ApiName": null,
  "ApiDisabled": false,
  "ParentAttributeName": null,
  "NamedNodeUsages": [
    {
      "DimensionName": "Location",
      "AttributeName": "Location Country"
    },
    {
      "DimensionName": "Item",
      "AttributeName": "Planning Item"
    },
    {
      "DimensionName": "Sales Domain",
      "AttributeName": "Sales Planning Channel"
    },
    {
      "DimensionName": "Selling Season",
      "AttributeName": "Selling Season"
    }
  ]
}