{
  "Name": "Common Prioritization Rules",
  "WidgetDefinitionName": "Common Prioritization Rules",
  "IsPrimary": true,
  "ConfigJson": {
    "ContainerId": "b841f3bd-812c-48f2-b4ca-13d7d4e12df5",
    "CompositeContainerId": null,
    "Position": 0,
    "ShowInfoContext": {
      "ActionColumn": true,
      "RowInfo": true,
      "MemberInfo": true
    },
    "ShowHeader": {
      "Icon": "",
      "Color": null
    },
    "ActionButtonBindings": [
      {
        "ActionButtonName": "DemandPrioritizationDataValidation",
        "HotKey": "",
        "ExcludeHiddenAttributes": false
      },
      {
        "ActionButtonName": "SupplyPlan084DRunDemandPrioritization",
        "HotKey": "",
        "ExcludeHiddenAttributes": false
      },
      {
        "ActionButtonName": "SupplyPlan083WAddPriorityGroupRule",
        "HotKey": "",
        "ExcludeHiddenAttributes": false
      },
      {
        "ActionButtonName": "SupplyPlan106WRemovePriorityRule",
        "HotKey": "",
        "ExcludeHiddenAttributes": false
      },
      {
        "ActionButtonName": "SupplyPlan107MNAddPriorityGroupRuleExisting",
        "HotKey": "",
        "ExcludeHiddenAttributes": false
      }
    ]
  },
  "ViewWidgetDefinitionId": "d0925bf2-bf67-158e-c62d-66eabb3e6834",
  "Title": "Prioritization Rules"
}