{
  "AttributeName": "Used For Netting",
  "AttributeId": "274b0a9c-4e97-4108-a1df-c2c089c1810f",
  "AttributeHierarchyEnabled": false,
  "IsKey": false,
  "Description": "Whether this demand type is being used for demand netting. Tags[ SupplyReview ] ",
  "OrderBy": "Key",
  "KeyColumnName": "UsedForNettingKey",
  "NameColumnName": null,
  "KeyColumnDataType": "string",
  "SeedTags": false,
  "KeyGenerationType": null,
  "PickListName": null,
  "ConfigJson": {},
  "FormatString": null,
  "Translation": null,
  "Aliases": [],
  "ApiName": null,
  "ApiDisabled": false
}