{
  "ModuleId": "ec3d04db-c5c2-4b47-9799-9ed962d3f306",
  "ModuleName": "o9 SP Netting - Replen",
  "Description": null,
  "URL": "https://dev.azure.com/o9git/4d9f5a7e-6f55-4525-b6cd-f95ca971fef7/_apis/git/repositories/ec3d04db-c5c2-4b47-9799-9ed962d3f306",
  "ParentModule": null,
  "Dependencies": [],
  "Type": "Regular",
  "Category": null,
  "Project": {
    "Id": "4d9f5a7e-6f55-4525-b6cd-f95ca971fef7",
    "Name": "BMC-5",
    "Url": null
  },
  "VersionType": "branch",
  "Version": "main",
  "IsReadOnlyModule": true,
  "IsPromoteDisabled": true,
  "SelectedBranch": null,
  "CreatorEmail": "mayank.dhawariya@o9solutions.com",
  "CreationTime": "2025-06-30T06:09:00.875083+00:00",
  "IsMergedModule": true,
  "MergedModuleParentModule": {
    "ProjectId": "4d9f5a7e-6f55-4525-b6cd-f95ca971fef7",
    "ProjectName": "BMC-5",
    "ModuleId": "c9020499-9204-464a-8e91-0cee8e1927fa",
    "ModuleName": "o9 SP Netting",
    "VersionType": "branch",
    "Version": "Tenant_gcppmm_ReleaseAutomation02",
    "URL": "https://dev.azure.com/o9git/4d9f5a7e-6f55-4525-b6cd-f95ca971fef7/_apis/git/repositories/c9020499-9204-464a-8e91-0cee8e1927fa",
    "Org": "RefDev",
    "Type": "RegularDelta",
    "PackageName": null,
    "PackagePublishType": null
  },
  "IsSolutionBlock": false,
  "NameSpace": null,
  "Org": "RefDev",
  "PackageName": null,
  "PackagePublishType": null,
  "PackageVersion": null,
  "IsFinerRulesUtilityRan": false
}