{
  "MeasureGroupName": "020.005 Material Node Priority Plugin Output",
  "MeasureGroupId": "88d1b340-971e-4f2a-b363-b3b8818e126c",
  "ParentMeasureGroupName": null,
  "HasShadow": false,
  "MeasureGroupDescription": "Material Node Priority Plugin Output",
  "MeasureGroupType": "Regular",
  "FactTableName": "Fact020.005MaterialNodePriorityPluginOutput",
  "SchemaMajorVersion": 0,
  "ConfigJson": {},
  "ApiName": null,
  "Repartition": false,
  "Unpartition": false,
  "ApiEnabled": false,
  "DimensionUsages": [
    {
      "DimensionName": "Version",
      "AttributeName": "Version Name",
      "SortOrder": 0,
      "DimensionType": "Regular"
    },
    {
      "DimensionName": "Location",
      "AttributeName": "Location",
      "SortOrder": 1,
      "DimensionType": "Regular"
    },
    {
      "DimensionName": "Item",
      "AttributeName": "Item",
      "SortOrder": 2,
      "DimensionType": "Regular"
    }
  ]
}