{
  "MeasureName": "WOS L3",
  "MeasureId": "0790a81a-76cc-4a63-9854-cda62275fd09",
  "MeasureDescription": "Weeks of Supply at Class",
  "DataType": "number",
  "MeasureType": "Regular",
  "AggregateFunction": "AvgNonNull",
  "FormatString": "#,##0; (#,##0)",
  "MeasureColumnName": "DefaultWOS",
  "MeasureFormula": "",
  "IsEditable": true,
  "ApplyConversion": false,
  "ConversionFormula": "",
  "PickListName": null,
  "BgColorFormula": " IF(Isnull(Measure.[WOS L3])) then argb( 1,247, 215, 215)",
  "FgColorFormula": "",
  "TrendFormula": "",
  "FormattingViewModel": "[\r\n  {\r\n    \"BGCOLOR\": \"argb(1,247,215,215)\",\r\n    \"Condition\": \"Isnull(Measure.[WOS L3])\"\r\n  }\r\n]",
  "ParentMeasureName": null,
  "AssociationMeasure": false,
  "IsComputedByPlanningService": false,
  "ToolTip": "Weeks of Supply at Class",
  "ConfigJson": {},
  "ApiName": null,
  "ApiDisabled": false,
  "IsReportingMeasure": false,
  "MeasureConditionalFormulaProperties": [
    {
      "MeasureName": null,
      "ConditionalFormula": "Isnull(Measure.[WOS L3])",
      "BGCOLOR": "rgba(247,215,215,1)",
      "LegendText": "",
      "DisplayOrder": 0
    }
  ],
  "PicklistSource": null
}