{
  "AttributeName": "Config L1",
  "AttributeId": "2f5e988e-7910-c499-9bf0-c138c9b55133",
  "AttributeHierarchyEnabled": true,
  "IsKey": false,
  "Description": "Config L1",
  "OrderBy": "Name",
  "KeyColumnName": "ConfigL1Key",
  "NameColumnName": "ConfigL1Name",
  "KeyColumnDataType": "integer",
  "SeedTags": false,
  "KeyGenerationType": "Auto",
  "PickListName": null,
  "ConfigJson": {
    "ShowFilterAs": "TileView",
    "MemberDisplayNameEditable": true,
    "IsMultipleImage": false,
    "MemberDisplayColor": false
  },
  "FormatString": null,
  "Translation": null,
  "Aliases": [],
  "ApiName": null,
  "ApiDisabled": false,
  "FgColorFormula": null,
  "BgColorFormula": null,
  "IsReservedBySystem": false
}