{
  "MeasureGroupName": "020 DC Receipt Inputs",
  "MeasureGroupId": "b553794a-5c8c-ca02-d661-175ca430c187",
  "ParentMeasureGroupName": null,
  "HasShadow": false,
  "MeasureGroupDescription": "Receipt Inputs at DC Level",
  "MeasureGroupType": "Regular",
  "FactTableName": "Fact020DCReceiptInputs",
  "SchemaMajorVersion": 0,
  "ConfigJson": {},
  "ApiName": null,
  "Repartition": false,
  "Unpartition": false,
  "ApiEnabled": false,
  "DimensionUsages": [
    {
      "DimensionName": "Version",
      "AttributeName": "Version Name",
      "SortOrder": 0,
      "DimensionType": "Regular"
    },
    {
      "DimensionName": "NamedNode",
      "AttributeName": "Retail_AP_BP_Product_Location_NN",
      "SortOrder": 1,
      "DimensionType": "NamedNode"
    },
    {
      "DimensionName": "NamedNode",
      "AttributeName": "Retail_AP_FD_Season_NN",
      "SortOrder": 2,
      "DimensionType": "NamedNode"
    }
  ]
}