{
  "/Workspaces/o9 Product Config Layer/Pages/Network Setup/Views/Manufacturing Inputs/ViewWidgetDefinitions/Network Model Inputs_Network Model Inputs/ViewWidgetDefinition.json": {
    "commitId": "618d7145db91df09ad90d610301e01edecad8e89",
    "committer": {
      "name": "sa.o9git-RefDev.rw",
      "email": "sa.o9git-RefDev.rw@platform.o9solutions.com",
      "date": "2024-11-07T04:18:10Z"
    }
  },
  "/Workspaces/o9 Product Config Layer/Pages/Network Setup/Views/Procurement Inputs/ViewWidgetDefinitions/Network Model Inputs_Network Model Inputs/ViewWidgetDefinition.json": {
    "commitId": "df559987cc94f40d9db57c37c0ac3e21f4fe87d0",
    "committer": {
      "name": "sa.o9git-RefDev.rw",
      "email": "sa.o9git-RefDev.rw@platform.o9solutions.com",
      "date": "2024-11-07T04:18:19Z"
    }
  }
}