{
  "Name": "DP005SetGroupFilter",
  "Description": "Set stat group level",
  "ActionButtonId": "21ec718a-2dec-a71a-f341-5621d68d8839",
  "Tooltip": "Set stat group level",
  "ActionButtonType": "Widget",
  "Alignment": "right",
  "IsPopOver": true,
  "IsGlobal": true,
  "ActionClickHandler": null,
  "Icon": null,
  "Image": null,
  "ConfigJson": {
    "DisplayName": "Stat Group Level",
    "icon": "cog",
    "Validate": {
      "DataSource": {
        "IBPLRules": [],
        "JavascriptRules": [
          {
            "modulename": "o9.DemandPlanning.FilterValidation",
            "functionname": "validation"
          },
          {
            "modulename": "o9.DemandPlanning.ExistingMasterIterationValidation",
            "functionname": "validation"
          }
        ],
        "FieldBindings": [
          {
            "fieldName": "VersionName",
            "title": "Version Name",
            "type": "picklist",
            "selectionType": "single",
            "clearSearch": true,
            "source": "filter",
            "DimensionName": "Version",
            "LevelAttributeName": "Version Name",
            "visible": false,
            "isEditable": false,
            "validation": {
              "maxLength": "0",
              "required": true
            }
          }
        ]
      }
    },
    "SubmitButton": {
      "Label": "Submit",
      "SuccessMessage": "Successfully Executed.",
      "ErrorMessage": "Error in Execution.",
      "ConfirmMessage": "Are you sure you want to go ahead with the changes?"
    },
    "ResetButton": {
      "Label": "Reset"
    },
    "CloseButton": {
      "Label": "Close",
      "ConfirmMessage": "Unsaved changes will be lost. Continue?"
    },
    "NotifyAll": false,
    "IBPLRules": [
      {
        "template": "exec procedure o9DP003InitializeStatGlobalFilter {\"VersionName\" : [\"{{VersionName}}\"], \"ForecastIterationType\" : \"{{ForecastIterationType}}\", \"StatItemGroup\" : \"{{StatItemGroup}}\", \"StatAccountGroup\"  :\"{{StatAccountGroup}}\", \"StatLocationGroup\" : \"{{StatLocationGroup}}\", \"StatRegionGroup\" : \"{{StatRegionGroup}}\", \"StatChannelGroup\" : \"{{StatChannelGroup}}\", \"StatDemandDomainGroup\" : \"{{StatDemandDomainGroup}}\", \"StatPnLGroup\" : \"{{StatPnLGroup}}\", \"SegmentationLOB\":\"{{SegmentationLOB}}\"};"
      }
    ],
    "JavascriptRules": [],
    "FieldBindings": [
      {
        "fieldName": "Information",
        "title": "Information",
        "type": "info",
        "clearSearch": true,
        "source": "literal",
        "defaultValue": "Please click on \"Submit\" to create Stat Group filter for all Iterations",
        "visible": true,
        "isEditable": true,
        "validation": {
          "maxLength": "0",
          "required": true
        },
        "showInLocalTimeZone": false
      },
      {
        "fieldName": "VersionName",
        "title": "Version Name",
        "Description": "Version Name",
        "type": "picklistDropdown",
        "selectionType": "single",
        "clearSearch": true,
        "source": "filter",
        "DimensionName": "Version",
        "LevelAttributeName": "Version Name",
        "visible": true,
        "isEditable": true,
        "validation": {
          "maxLength": "0",
          "required": true
        },
        "fieldGroup": "Version"
      },
      {
        "fieldName": "ForecastIterationType",
        "title": "Forecast Iteration Type",
        "Description": "Forecast Iteration Type",
        "type": "picklist",
        "selectionType": "single",
        "clearSearch": true,
        "select": "ALL",
        "source": "datasource",
        "key": "DSIterationType",
        "valueField": "Forecast Iteration Type",
        "textField": "Forecast Iteration Type",
        "overrideFieldBindingType": false,
        "visible": false,
        "isEditable": true,
        "cascadeFrom": "VersionName",
        "validation": {
          "maxLength": "0",
          "required": true
        }
      },
      {
        "fieldName": "ForecastIteration",
        "title": "Forecast Iteration",
        "Description": "Forecast Iteration",
        "type": "picklist",
        "selectionType": "multiple",
        "clearSearch": true,
        "select": "ALL",
        "source": "datasource",
        "key": "DSForecastIteration",
        "valueField": "Forecast Iteration",
        "textField": "Forecast Iteration",
        "overrideFieldBindingType": false,
        "visible": false,
        "isEditable": false,
        "cascadeFrom": "ForecastIterationType",
        "validation": {
          "maxLength": "0",
          "required": true
        }
      },
      {
        "fieldName": "StatItemAttribute",
        "title": "Stat Item Attribute",
        "type": "picklistDropdown",
        "selectionType": "single",
        "clearSearch": true,
        "source": "datasource",
        "key": "DSItemGroup",
        "valueField": "HighestItem",
        "overrideFieldBindingType": true,
        "visible": false,
        "isEditable": true,
        "validation": {
          "maxLength": "0",
          "required": true
        },
        "cascadeFrom": "ForecastIterationType",
        "Description": "This level will be set as parent attribute of Stat Item & help with filtering in the UI"
      },
      {
        "fieldName": "StatItemGroup",
        "title": "Stat Item Group",
        "type": "picklistDropdown",
        "selectionType": "single",
        "clearSearch": true,
        "source": "datasource",
        "key": "DSItem",
        "valueField": "AttributeName",
        "overrideFieldBindingType": false,
        "visible": true,
        "isEditable": true,
        "cascadeFrom": "StatItemAttribute",
        "validation": {
          "maxLength": "0",
          "required": true
        },
        "Description": "This level will be set as parent attribute of Stat Item & help with filtering in the UI",
        "fieldGroup": "Item"
      },
      {
        "fieldName": "SegmentationLOB",
        "title": "Segmentation LOB Level",
        "Description": "This Level will be set as level for Segmentation Line of Balance",
        "type": "picklistDropdown",
        "fieldGroup": "Item",
        "selectionType": "single",
        "clearSearch": true,
        "source": "datasource",
        "key": "DSSegmentLOB",
        "valueField": "AttributeName",
        "overrideFieldBindingType": false,
        "visible": true,
        "isEditable": true,
        "cascadeFrom": "StatItemGroup",
        "validation": {
          "maxLength": "0",
          "required": true
        }
      },
      {
        "fieldName": "StatChannelAttribute",
        "title": "Stat Channel Attribute",
        "type": "picklistDropdown",
        "selectionType": "single",
        "clearSearch": true,
        "source": "datasource",
        "key": "DSChannelGroup",
        "valueField": "HighestChannel",
        "overrideFieldBindingType": false,
        "visible": false,
        "isEditable": true,
        "cascadeFrom": "ForecastIterationType",
        "validation": {
          "maxLength": "0",
          "required": true
        },
        "Description": "This level will be set as parent attribute of Stat Channel & help with filtering in the UI"
      },
      {
        "fieldName": "StatChannelGroup",
        "title": "Stat Channel Group",
        "type": "picklistDropdown",
        "selectionType": "single",
        "clearSearch": true,
        "source": "datasource",
        "key": "DSChannel",
        "valueField": "AttributeName",
        "overrideFieldBindingType": false,
        "visible": true,
        "isEditable": true,
        "cascadeFrom": "StatChannelAttribute",
        "validation": {
          "maxLength": "0",
          "required": true
        },
        "Description": "This level will be set as parent attribute of Stat Channel & help with filtering in the UI",
        "fieldGroup": "Customer"
      },
      {
        "fieldName": "StatAccountAttribute",
        "title": "Stat Account Attribute",
        "type": "picklistDropdown",
        "selectionType": "single",
        "clearSearch": true,
        "source": "datasource",
        "key": "DSAccountGroup",
        "valueField": "HighestAccount",
        "overrideFieldBindingType": false,
        "visible": false,
        "isEditable": true,
        "cascadeFrom": "ForecastIterationType",
        "validation": {
          "maxLength": "0",
          "required": true
        },
        "Description": "This level will be set as parent attribute of Stat Item & help with filtering in the UI"
      },
      {
        "fieldName": "StatAccountGroup",
        "title": "Stat Account Group",
        "type": "picklistDropdown",
        "selectionType": "single",
        "clearSearch": true,
        "source": "datasource",
        "key": "DSAccount",
        "valueField": "AttributeName",
        "overrideFieldBindingType": false,
        "visible": true,
        "isEditable": true,
        "cascadeFrom": "StatAccountAttribute",
        "validation": {
          "maxLength": "0",
          "required": true
        },
        "Description": "This level will be set as parent attribute of Stat Account & help with filtering in the UI",
        "fieldGroup": "Customer"
      },
      {
        "fieldName": "StatRegionAttribute",
        "title": "Stat Region Attribute",
        "type": "picklistDropdown",
        "selectionType": "single",
        "clearSearch": false,
        "source": "datasource",
        "key": "DSRegionGroup",
        "valueField": "HighestRegion",
        "overrideFieldBindingType": false,
        "visible": false,
        "isEditable": true,
        "cascadeFrom": "ForecastIterationType",
        "validation": {
          "maxLength": "0",
          "required": true
        }
      },
      {
        "fieldName": "StatRegionGroup",
        "title": "Stat Region Group",
        "type": "picklistDropdown",
        "selectionType": "single",
        "clearSearch": true,
        "source": "datasource",
        "key": "DSRegion",
        "valueField": "AttributeName",
        "overrideFieldBindingType": false,
        "visible": true,
        "isEditable": true,
        "cascadeFrom": "StatRegionAttribute",
        "validation": {
          "maxLength": "0",
          "required": true
        },
        "Description": "This level will be set as parent attribute of Stat Region & help with filtering in the UI",
        "fieldGroup": "Customer"
      },
      {
        "fieldName": "StatLocationAttribute",
        "title": "Stat Location Attribute",
        "type": "picklistDropdown",
        "selectionType": "single",
        "clearSearch": true,
        "source": "datasource",
        "key": "DSLocationGroup",
        "valueField": "HighestLocation",
        "overrideFieldBindingType": false,
        "visible": false,
        "isEditable": true,
        "cascadeFrom": "ForecastIterationType",
        "validation": {
          "maxLength": "0",
          "required": true
        }
      },
      {
        "fieldName": "StatLocationGroup",
        "title": "Stat Location Group",
        "type": "picklistDropdown",
        "selectionType": "single",
        "clearSearch": true,
        "source": "datasource",
        "key": "DSLocation",
        "valueField": "AttributeName",
        "overrideFieldBindingType": false,
        "visible": true,
        "isEditable": true,
        "cascadeFrom": "StatLocationAttribute",
        "validation": {
          "maxLength": "0",
          "required": true
        },
        "Description": "This level will be set as parent attribute of Stat Location & help with filtering in the UI",
        "fieldGroup": "Location"
      },
      {
        "fieldName": "StatPnLAttribute",
        "title": "Stat PnL Attribute",
        "type": "picklistDropdown",
        "selectionType": "single",
        "clearSearch": true,
        "source": "datasource",
        "key": "DSPnLGroup",
        "valueField": "HighestPnL",
        "overrideFieldBindingType": false,
        "visible": false,
        "isEditable": true,
        "cascadeFrom": "ForecastIterationType",
        "validation": {
          "maxLength": "0",
          "required": true
        }
      },
      {
        "fieldName": "StatPnLGroup",
        "title": "Stat PnL Group",
        "type": "picklistDropdown",
        "selectionType": "single",
        "clearSearch": true,
        "source": "datasource",
        "key": "DSPnL",
        "valueField": "AttributeName",
        "overrideFieldBindingType": false,
        "visible": true,
        "isEditable": true,
        "cascadeFrom": "StatPnLAttribute",
        "validation": {
          "maxLength": "0",
          "required": true
        },
        "Description": "This level will be set as parent attribute of Stat PnL & help with filtering in the UI",
        "fieldGroup": "Others"
      },
      {
        "fieldName": "StatDemandDomainAttribute",
        "title": "Stat Demand Domain Attribute",
        "type": "picklistDropdown",
        "selectionType": "single",
        "clearSearch": true,
        "source": "datasource",
        "key": "DSDemandDomainGroup",
        "valueField": "HighestDemandDomain",
        "overrideFieldBindingType": false,
        "visible": false,
        "isEditable": true,
        "cascadeFrom": "ForecastIterationType",
        "validation": {
          "maxLength": "0",
          "required": true
        }
      },
      {
        "fieldName": "StatDemandDomainGroup",
        "title": "Stat Demand Domain Group",
        "type": "picklistDropdown",
        "selectionType": "single",
        "clearSearch": true,
        "source": "datasource",
        "key": "DSDemandDomain",
        "valueField": "AttributeName",
        "overrideFieldBindingType": false,
        "visible": true,
        "isEditable": true,
        "cascadeFrom": "StatDemandDomainAttribute",
        "validation": {
          "maxLength": "0",
          "required": true
        },
        "Description": "This level will be set as parent attribute of Stat Demand Domain & help with filtering in the UI",
        "fieldGroup": "Others"
      }
    ],
    "Range": [],
    "DataSources": [
      {
        "Name": "DSItemGroup",
        "IBPLRules": [],
        "JavascriptRules": [
          {
            "modulename": "o9.DemandPlanning.AllHighestLevel",
            "functionname": "HighestItem"
          }
        ],
        "IncludeDSFieldsOnly": false,
        "FieldBindings": []
      },
      {
        "Name": "DSItem",
        "IBPLRules": [
          {
            "template": "SELECT ([_SchemaDimension].[_Dimension].[Item] * [_SchemaDimension].[_Attribute] * [_SchemaDimension].[_Level].filter(#.AttributeName in {{{StatItemAttribute}}})) on row , () on column include memberproperties { [_SchemaDimension].[_Attribute], [DisplayName]} orderby   [_SchemaDimension].[_Level].LevelPosition  desc;"
          }
        ],
        "JavascriptRules": [],
        "IncludeDSFieldsOnly": false,
        "FieldBindings": []
      },
      {
        "Name": "DSAccountGroup",
        "IBPLRules": [],
        "JavascriptRules": [
          {
            "modulename": "o9.DemandPlanning.AllHighestLevel",
            "functionname": "HighestAccount"
          }
        ],
        "IncludeDSFieldsOnly": false,
        "FieldBindings": []
      },
      {
        "Name": "DSAccount",
        "IBPLRules": [
          {
            "template": "\nSELECT ([_SchemaDimension].[_Dimension].[Account] * [_SchemaDimension].[_Attribute] * [_SchemaDimension].[_Level].filter(#.AttributeName in {{{StatAccountAttribute}}})) on row , () on column include memberproperties { [_SchemaDimension].[_Attribute], [DisplayName]} orderby  [_SchemaDimension].[_Level].LevelPosition  desc;"
          }
        ],
        "JavascriptRules": [],
        "IncludeDSFieldsOnly": false,
        "FieldBindings": []
      },
      {
        "Name": "DSChannelGroup",
        "IBPLRules": [],
        "JavascriptRules": [
          {
            "modulename": "o9.DemandPlanning.AllHighestLevel",
            "functionname": "HighestChannel"
          }
        ],
        "IncludeDSFieldsOnly": false,
        "FieldBindings": []
      },
      {
        "Name": "DSChannel",
        "IBPLRules": [
          {
            "template": "SELECT ([_SchemaDimension].[_Dimension].[Channel] * [_SchemaDimension].[_Attribute] * [_SchemaDimension].[_Level].filter(#.AttributeName in {{{StatChannelAttribute}}})) on row , () on column include memberproperties { [_SchemaDimension].[_Attribute], [DisplayName]} orderby   [_SchemaDimension].[_Level].LevelPosition  desc;"
          }
        ],
        "JavascriptRules": [],
        "IncludeDSFieldsOnly": false,
        "FieldBindings": []
      },
      {
        "Name": "DSLocationGroup",
        "IBPLRules": [],
        "JavascriptRules": [
          {
            "modulename": "o9.DemandPlanning.AllHighestLevel",
            "functionname": "HighestLocation"
          }
        ],
        "IncludeDSFieldsOnly": false,
        "FieldBindings": []
      },
      {
        "Name": "DSLocation",
        "IBPLRules": [
          {
            "template": "SELECT ([_SchemaDimension].[_Dimension].[Location] * [_SchemaDimension].[_Attribute] * [_SchemaDimension].[_Level].filter(#.AttributeName in {{{StatLocationAttribute}}})) on row , () on column include memberproperties { [_SchemaDimension].[_Attribute], [DisplayName]} orderby  [_SchemaDimension].[_Level].LevelPosition  desc;"
          }
        ],
        "JavascriptRules": [],
        "IncludeDSFieldsOnly": false,
        "FieldBindings": []
      },
      {
        "Name": "DSPnLGroup",
        "IBPLRules": [],
        "JavascriptRules": [
          {
            "modulename": "o9.DemandPlanning.AllHighestLevel",
            "functionname": "HighestPnL"
          }
        ],
        "IncludeDSFieldsOnly": false,
        "FieldBindings": []
      },
      {
        "Name": "DSPnL",
        "IBPLRules": [
          {
            "template": "SELECT ([_SchemaDimension].[_Dimension].[PnL] * [_SchemaDimension].[_Attribute] * [_SchemaDimension].[_Level].filter(#.AttributeName in {{{StatPnLAttribute}}})) on row , () on column include memberproperties { [_SchemaDimension].[_Attribute], [DisplayName]} orderby   [_SchemaDimension].[_Level].LevelPosition  desc;"
          }
        ],
        "JavascriptRules": [],
        "IncludeDSFieldsOnly": false,
        "FieldBindings": []
      },
      {
        "Name": "DSDemandDomainGroup",
        "IBPLRules": [],
        "JavascriptRules": [
          {
            "modulename": "o9.DemandPlanning.AllHighestLevel",
            "functionname": "HighestDemandDomain"
          }
        ],
        "IncludeDSFieldsOnly": false,
        "FieldBindings": []
      },
      {
        "Name": "DSDemandDomain",
        "IBPLRules": [
          {
            "template": "SELECT ([_SchemaDimension].[_Dimension].[Demand Domain] * [_SchemaDimension].[_Attribute] * [_SchemaDimension].[_Level].filter(#.AttributeName in {{{StatDemandDomainAttribute}}})) on row , () on column include memberproperties { [_SchemaDimension].[_Attribute], [DisplayName]} orderby  [_SchemaDimension].[_Level].LevelPosition  desc;"
          }
        ],
        "JavascriptRules": [],
        "IncludeDSFieldsOnly": false,
        "FieldBindings": []
      },
      {
        "Name": "DSRegionGroup",
        "IBPLRules": [],
        "JavascriptRules": [
          {
            "modulename": "o9.DemandPlanning.AllHighestLevel",
            "functionname": "HighestRegion"
          }
        ],
        "IncludeDSFieldsOnly": false,
        "FieldBindings": []
      },
      {
        "Name": "DSRegion",
        "IBPLRules": [
          {
            "template": "SELECT ([_SchemaDimension].[_Dimension].[Region] * [_SchemaDimension].[_Attribute] * [_SchemaDimension].[_Level].filter(#.AttributeName in {{{StatRegionAttribute}}})) on row , () on column include memberproperties { [_SchemaDimension].[_Attribute], [DisplayName]} orderby   [_SchemaDimension].[_Level].LevelPosition  desc;"
          }
        ],
        "JavascriptRules": [],
        "IncludeDSFieldsOnly": false,
        "FieldBindings": []
      },
      {
        "Name": "DSForecastIteration",
        "IBPLRules": [
          {
            "template": "Select([Forecast Iteration].[Forecast Iteration Type]{{#filter ForecastIterationType}}*[Forecast Iteration].[Forecast Iteration]);"
          }
        ],
        "JavascriptRules": [],
        "IncludeDSFieldsOnly": false,
        "FieldBindings": []
      },
      {
        "Name": "DSIterationType",
        "IBPLRules": [
          {
            "template": "(Select ([Version].[Version Name]{{#filter VersionName}}*[Forecast Iteration].[Forecast Iteration Type] * [Forecast Iteration].[Forecast Iteration] ) on row, \n({Measure.[Is Filter Attribute Set]}) on column include nulls).filter(isnull(Measure.[Is Filter Attribute Set])) ;\n"
          }
        ],
        "JavascriptRules": [],
        "IncludeDSFieldsOnly": false,
        "FieldBindings": []
      },
      {
        "Name": "DSSegmentLOB",
        "IBPLRules": [
          {
            "template": "SELECT ([_SchemaDimension].[_Dimension].[Item] * [_SchemaDimension].[_Attribute] * [_SchemaDimension].[_Level].filter(#.Name contains \"[DP Item Hierarchy]\"  && #.LevelPosition <= [_SchemaDimension].[_Level].filter(#.AttributeName in { \"{{StatItemGroup}}\" }).element(0).LevelPosition)) on row , () on column include memberproperties { [_SchemaDimension].[_Attribute], [DisplayName]} orderby   [_SchemaDimension].[_Level].LevelPosition  desc;"
          }
        ],
        "JavascriptRules": [],
        "IncludeDSFieldsOnly": false,
        "FieldBindings": []
      }
    ],
    "AutoExecute": false,
    "isAsync": true,
    "hasMembersUpdates": true,
    "Compact": false,
    "TwoColumn": true,
    "IsGlobalForExcelAddIn": false,
    "enableTransaction": false,
    "ReturnFilterByUpdate": false,
    "ExcludeFromNavLink": false,
    "FilterFieldBindings": []
  },
  "Widget": null,
  "Roles": []
}