{
  "MeasureGroupName": "001.007 Allocation Lead Time Inputs",
  "MeasureGroupId": "1131e61b-8286-af3c-dafb-4399e4c19df6",
  "ParentMeasureGroupName": null,
  "HasShadow": false,
  "MeasureGroupDescription": "001.007 Allocation Lead Time Inputs",
  "MeasureGroupType": "Regular",
  "FactTableName": "001.007AllocationLeadTimeInputs",
  "SchemaMajorVersion": 0,
  "ConfigJson": null,
  "ApiName": null,
  "Repartition": false,
  "Unpartition": false,
  "ApiEnabled": false,
  "DimensionUsages": [
    {
      "DimensionName": "Version",
      "AttributeName": "Version Name",
      "SortOrder": 0,
      "DimensionType": "Regular"
    },
    {
      "DimensionName": "Activity1",
      "AttributeName": "Activity1",
      "SortOrder": 2,
      "DimensionType": null
    },
    {
      "DimensionName": "Activity2",
      "AttributeName": "Activity2",
      "SortOrder": 3,
      "DimensionType": null
    },
    {
      "DimensionName": "Item",
      "AttributeName": "Item",
      "SortOrder": 4,
      "DimensionType": null
    }
  ]
}