{
  "MeasureGroupName": "001.004W Seed Inputs Demand Netting",
  "MeasureGroupId": "186deb5b-c52e-49e5-969f-1742ef2919ef",
  "ParentMeasureGroupName": null,
  "HasShadow": false,
  "MeasureGroupDescription": "Input to skip DemandID creation",
  "MeasureGroupType": "Regular",
  "FactTableName": "Fact001.004WSeedInputsDemandNetting",
  "SchemaMajorVersion": 0,
  "ConfigJson": {},
  "ApiName": null,
  "Repartition": false,
  "Unpartition": false,
  "ApiEnabled": false,
  "DimensionUsages": [
    {
      "DimensionName": "Version",
      "AttributeName": "Version Name",
      "SortOrder": 0,
      "DimensionType": "Regular"
    }
  ]
}