{
  "MeasureName": "SP FP Sls % AP",
  "MeasureId": "b1e4e67d-8ff9-44e6-9fea-c69da2d4c9b3",
  "MeasureDescription": "SP FP Sls Percent Approved",
  "DataType": "number",
  "MeasureType": "Regular",
  "AggregateFunction": "Computed",
  "FormatString": "0.00%",
  "MeasureColumnName": "SPFPSls%AP",
  "MeasureFormula": "safedivide(Measure.[SP FP Sls Rtl AP],Measure.[SP Sls Rtl AP])",
  "IsEditable": false,
  "ApplyConversion": false,
  "ConversionFormula": "",
  "PickListName": null,
  "BgColorFormula": "",
  "FgColorFormula": "",
  "TrendFormula": "",
  "FormattingViewModel": "[]",
  "ParentMeasureName": null,
  "AssociationMeasure": false,
  "IsComputedByPlanningService": false,
  "ToolTip": "SP FP Sls Rtl AP / SP Sls Rtl AP",
  "ConfigJson": {},
  "ApiName": null,
  "ApiDisabled": false,
  "IsReportingMeasure": false,
  "MeasureConditionalFormulaProperties": [],
  "PicklistSource": null
}