{
  "MeasureName": "Input Segmentation",
  "MeasureId": "b13c2e5d-f465-852e-a9c2-db509b7aee97",
  "MeasureDescription": "Specify Mandatory if the input data is expected in the  Batch processing. Specify Optional if the input data is optional in the Batch Processing. Blank cell indicates that the input data is not expected for the batch",
  "DataType": "picklist",
  "MeasureType": "Regular",
  "AggregateFunction": "Sum",
  "FormatString": "",
  "MeasureColumnName": "InputSegmentation",
  "MeasureFormula": "",
  "IsEditable": true,
  "ApplyConversion": false,
  "ConversionFormula": "",
  "PickListName": "Integration Source Type",
  "BgColorFormula": "",
  "FgColorFormula": "",
  "TrendFormula": "",
  "FormattingViewModel": "[]",
  "ParentMeasureName": null,
  "AssociationMeasure": false,
  "IsComputedByPlanningService": false,
  "ToolTip": "Input Segmentation",
  "ConfigJson": {},
  "ApiName": null,
  "ApiDisabled": false,
  "IsReportingMeasure": false,
  "MeasureConditionalFormulaProperties": [],
  "PicklistSource": null
}