{
  "Name": "Batch Analytics",
  "ViewId": "25951449-4c0a-7901-819e-d2ce228324ca",
  "ContentType": "Regular",
  "Title": "Batch Performance",
  "Position": 0,
  "IsDefault": true,
  "Resource": null,
  "RazorViewTemplate": "_containers",
  "ConfigJson": {
    "WidgetContainers": {
      "Containers": [
        1,
        1
      ],
      "Key": 4,
      "IsModified": false,
      "ViewSpread": {
        "RowLevel": 60,
        "ColLevel": 12
      },
      "Data": [
        {
          "Id": "e07b1c07-bea4-4ed7-bd3a-76caf0e4e7cf",
          "Col": 0,
          "Row": 0,
          "SizeX": 12,
          "SizeY": 30
        },
        {
          "Id": "bf81e29b-5577-4f66-b995-6a3cb419fc27",
          "Col": 0,
          "Row": 30,
          "SizeX": 12,
          "SizeY": 30
        }
      ],
      "Composites": {
        "e07b1c07-bea4-4ed7-bd3a-76caf0e4e7cf": [
          {
            "Height": 50,
            "CompositeIds": [
              "d3ade61c-6ef7-4b8c-92ce-31cc067f16d9"
            ]
          }
        ]
      }
    },
    "CompactMode": false,
    "IsHidden": false
  },
  "Roles": [
    "admin",
    "dataadmin",
    "public",
    "EKG_DataAdmin",
    "EKG_DataDefault",
    "EKG_Intg_Arch"
  ]
}