{
  "MeasureGroupName": "004 Options Plan AP",
  "MeasureGroupId": "9bb07132-ebe0-f6c7-0816-95d9b40da037",
  "ParentMeasureGroupName": null,
  "HasShadow": false,
  "MeasureGroupDescription": "004 Options Plan AP",
  "MeasureGroupType": "Regular",
  "FactTableName": "Fact004OptionsPlanAP",
  "SchemaMajorVersion": 0,
  "ConfigJson": {},
  "ApiName": null,
  "Repartition": false,
  "Unpartition": false,
  "ApiEnabled": false,
  "DimensionUsages": [
    {
      "DimensionName": "Version",
      "AttributeName": "Version Name",
      "SortOrder": 0,
      "DimensionType": "Regular"
    },
    {
      "DimensionName": "NamedNode",
      "AttributeName": "Retail_AP_FD_Common_NN",
      "SortOrder": 1,
      "DimensionType": "NamedNode"
    },
    {
      "DimensionName": "NamedNode",
      "AttributeName": "Retail_AP_Strategy_Product_Cluster_NN",
      "SortOrder": 2,
      "DimensionType": "NamedNode"
    }
  ]
}