{
  "MeasureName": "LP Non-Comp Sls Rtl",
  "MeasureId": "b45fc075-fb77-4115-8a35-610a13ceb306",
  "MeasureDescription": "LP Non-Comp Sales Retail",
  "DataType": "number",
  "MeasureType": "Currency",
  "AggregateFunction": "Sum",
  "FormatString": "($0,000.00a)",
  "MeasureColumnName": "LPNon-CompSlsRtl",
  "MeasureFormula": "",
  "IsEditable": false,
  "ApplyConversion": true,
  "ConversionFormula": "Exchange Rate Monthly",
  "PickListName": null,
  "BgColorFormula": "",
  "FgColorFormula": "",
  "TrendFormula": "",
  "FormattingViewModel": null,
  "ParentMeasureName": null,
  "AssociationMeasure": false,
  "IsComputedByPlanningService": false,
  "ToolTip": "LP Non-Comp Sales Retail",
  "ConfigJson": {},
  "ApiName": null,
  "ApiDisabled": false,
  "IsReportingMeasure": false,
  "MeasureConditionalFormulaProperties": [],
  "PicklistSource": null
}