{
  "MeasureName": "Requirement Generation Policy",
  "MeasureId": "fae88313-b5c0-4a74-9bbc-d19604d47ce2",
  "MeasureDescription": "Planner input to generate either WOS or Sell Thru based Buy Plan",
  "DataType": "picklist",
  "MeasureType": "Regular",
  "AggregateFunction": "DistinctSum",
  "FormatString": "",
  "MeasureColumnName": "RequirementGenerationPolicy",
  "MeasureFormula": "",
  "IsEditable": true,
  "ApplyConversion": false,
  "ConversionFormula": "",
  "PickListName": "Requirement Generation Policy",
  "BgColorFormula": "",
  "FgColorFormula": "",
  "TrendFormula": "",
  "FormattingViewModel": "[]",
  "ParentMeasureName": null,
  "AssociationMeasure": false,
  "IsComputedByPlanningService": false,
  "ToolTip": "Planner input to generate either WOS or Sell Thru based Buy Plan",
  "ConfigJson": {},
  "ApiName": null,
  "ApiDisabled": false,
  "IsReportingMeasure": false,
  "MeasureConditionalFormulaProperties": [],
  "PicklistSource": null
}