{
  "MeasureGroupName": "007 Product Attribute Group Definition",
  "MeasureGroupId": "c4cd6530-5f43-4f5f-bdb5-596250e1f6f7",
  "ParentMeasureGroupName": null,
  "HasShadow": false,
  "MeasureGroupDescription": "007 Product Attribute Group Definition",
  "MeasureGroupType": "Regular",
  "FactTableName": "Fact007ProductAttributeGroupDefinition",
  "SchemaMajorVersion": 0,
  "ConfigJson": {},
  "ApiName": null,
  "Repartition": false,
  "Unpartition": false,
  "ApiEnabled": false,
  "DimensionUsages": [
    {
      "DimensionName": "Version",
      "AttributeName": "Version Name",
      "SortOrder": 0,
      "DimensionType": "Regular"
    },
    {
      "DimensionName": "NamedNode",
      "AttributeName": "Retail_AP_FD_Attribute_Intermediate_NN",
      "SortOrder": 1,
      "DimensionType": "NamedNode"
    },
    {
      "DimensionName": "NamedNode",
      "AttributeName": "Retail_AP_FD_Season_NN",
      "SortOrder": 2,
      "DimensionType": "NamedNode"
    }
  ]
}