{
  "MeasureName": "Key Size Sales Threshold",
  "MeasureId": "72633723-f6d3-dc2a-a7db-b998ad1a39e3",
  "MeasureDescription": "Minimum Cummulative sales contribution by key sizes for a Style Color. This is relevant for Stock Out Exclusion strategy.",
  "DataType": "number",
  "MeasureType": "Regular",
  "AggregateFunction": "Sum",
  "FormatString": "0.00%",
  "MeasureColumnName": "KeySizeSalesThreshold",
  "MeasureFormula": "",
  "IsEditable": true,
  "ApplyConversion": false,
  "ConversionFormula": "",
  "PickListName": null,
  "BgColorFormula": "",
  "FgColorFormula": "",
  "TrendFormula": "",
  "FormattingViewModel": "[]",
  "ParentMeasureName": null,
  "AssociationMeasure": false,
  "IsComputedByPlanningService": false,
  "ToolTip": "Minimum Cummulative sales contribution by key sizes for a Style Color. This is relevant for Stock Out Exclusion strategy.",
  "ConfigJson": {},
  "ApiName": null,
  "ApiDisabled": false,
  "IsReportingMeasure": false,
  "MeasureConditionalFormulaProperties": [],
  "PicklistSource": null
}