{
  "Name": "o9EKGRemoveFromBatch",
  "Description": "Remove From Batch",
  "ActionButtonId": "9b2b3cc9-8506-ceb5-9cd2-5767b78e5047",
  "Tooltip": "Remove From Batch",
  "ActionButtonType": "Widget",
  "Alignment": "right",
  "IsPopOver": true,
  "IsGlobal": true,
  "ActionClickHandler": null,
  "Icon": null,
  "Image": null,
  "ConfigJson": {
    "icon": "minus-square-o",
    "SubmitButton": {
      "Label": "Submit"
    },
    "ResetButton": {
      "Label": "Reset"
    },
    "CloseButton": {
      "Label": "Close",
      "ConfirmMessage": "Unsaved changes will be lost. Continue?"
    },
    "NotifyRoles": false,
    "NotifyAll": false,
    "IBPLRules": [
      {
        "template": "{{#each BatchTable}}\n\nscope: ({{#entity BatchType}} * [o9EKG Customer].[Project Name].[{{Project}}] * &CWV * {{#entity TableName}} );\nMeasure.[o9EKG Table Batch Association] = Null;\nMeasure.[o9EKG Table Batch Method] = Null;\nMeasure.[o9EKG Table Batch Processed] = Null;\nend scope;\n\n{{/each}}"
      },
      {
        "template": "DELETE DATA FOR MODEL [o9EKG PG Dependency] where {&CWV, [o9EKG Customer].[Project Name].[{{Project}}]};\n"
      },
      {
        "template": "EXEC plugin instance o9EKGOptimized_PipelineGrouping for measures {[o9EKG Field Name]} using scope (&CWV * [o9EKG Customer].[Project Name].[{{Project}}] );"
      }
    ],
    "JavascriptRules": [],
    "FieldBindings": [
      {
        "fieldName": "Project",
        "title": "Project",
        "type": "picklistDropdown",
        "selectionType": "single",
        "clearSearch": true,
        "source": "filter",
        "DimensionName": "o9EKG Customer",
        "LevelAttributeName": "Project Name",
        "visible": true,
        "isEditable": false,
        "validation": {
          "maxLength": "0",
          "required": true
        }
      },
      {
        "fieldName": "BatchTable",
        "title": "Batch - Table",
        "type": "picklistDropdown",
        "select": "ALL",
        "clearSearch": true,
        "source": "parentTuple",
        "TuplesList": [
          {
            "Key": "BatchType",
            "LevelAttribute": {
              "DimensionName": "o9EKG Batch Type",
              "Name": "Batch Type",
              "textField": "Name"
            },
            "tuplesource": "LevelAttribute"
          },
          {
            "Key": "TableName",
            "LevelAttribute": {
              "DimensionName": "o9EKG Table",
              "Name": "Table Name",
              "textField": "Name"
            },
            "tuplesource": "LevelAttribute"
          }
        ],
        "visible": true,
        "isEditable": true,
        "validation": {
          "required": true
        }
      }
    ],
    "Range": [],
    "DataSources": [],
    "AutoExecute": false,
    "isAsync": false,
    "hasMembersUpdates": true,
    "Compact": false,
    "TwoColumn": false,
    "IsGlobalForExcelAddIn": false,
    "ReturnFilterByUpdate": true,
    "ExcludeFromNavLink": false,
    "FilterFieldBindings": []
  },
  "Widget": null,
  "Roles": [
    "EKG_Intg_Arch",
    "EKG_SA"
  ]
}