{
  "Name": "Network Parameters",
  "WidgetDefinitionName": "Network Parameters",
  "IsPrimary": true,
  "ConfigJson": {
    "ContainerId": "db7d201f-2a5b-4bba-ac28-3e05f9148153",
    "CompositeContainerId": null,
    "Position": 0,
    "ShowInfoContext": {
      "ActionColumn": true,
      "RowInfo": true,
      "MemberInfo": true
    },
    "ShowHeader": null,
    "ActionButtonBindings": [
      {
        "ActionButtonName": "PCSupplyPlan0000NetworkCG",
        "HotKey": "",
        "ExcludeHiddenAttributes": false,
        "ModuleId": "69c63dc5-4f82-4296-89e9-7839154cd5be"
      }
    ]
  },
  "ViewWidgetDefinitionId": "30c8564d-8dfb-b5b4-6d6b-adaaacf2a20c",
  "Title": "Parameters"
}