{
  "AttributeName": "Description IL6",
  "AttributeId": "ae96269f-b45e-4acc-b881-aa02e17d6e16",
  "AttributeHierarchyEnabled": false,
  "IsKey": false,
  "Description": "Description of L6",
  "OrderBy": "Key",
  "KeyColumnName": "Description2Key",
  "NameColumnName": null,
  "KeyColumnDataType": "string",
  "SeedTags": false,
  "KeyGenerationType": null,
  "PickListName": null,
  "ConfigJson": {
    "IsVisible": true,
    "IsEditable": true
  },
  "FormatString": "",
  "Translation": null,
  "Aliases": [],
  "ApiName": null,
  "ApiDisabled": false
}