{
  "Name": "Inbound/Outbound Plan Capacity Utilization",
  "WidgetDefinitionName": "Inbound/Outbound Plan Capacity Utilization",
  "IsPrimary": true,
  "ConfigJson": {
    "ContainerId": "805d6323-97cc-427a-8a14-3370527bcb72",
    "CompositeContainerId": null,
    "Position": 0,
    "ShowInfoContext": {
      "MemberInfo": true
    },
    "ShowHeader": {},
    "ActionButtonBindings": [
      {
        "ActionButtonName": "__o9__BUILTIN__memberDisplayNameDownload",
        "HotKey": ""
      }
    ]
  },
  "ViewWidgetDefinitionId": "8b913c2e-b845-4f08-bffd-b881002dfa1d"
}