{
  "Name": "o9EKGAddTable",
  "Description": "Add Table",
  "ActionButtonId": "9f807377-89ba-2456-a85d-4e301f316857",
  "Tooltip": "Add Table",
  "ActionButtonType": "Widget",
  "Alignment": "right",
  "IsPopOver": true,
  "IsGlobal": true,
  "ActionClickHandler": null,
  "Icon": null,
  "Image": null,
  "ConfigJson": {
    "icon": "plus-square",
    "SubmitButton": {
      "Label": "Submit"
    },
    "ResetButton": {},
    "CloseButton": {
      "Label": "Close"
    },
    "NotifyRoles": true,
    "NotifyAll": false,
    "IBPLRules": [
      {
        "template": "//New member//\n\ncreatemember( [o9EKG Table].[Table Type] = { , \"{{TableType}}\" }  , [o9EKG Table].[Table Group] = { , \"{{TableGroup}}\" } , [o9EKG Table].[Table Name] = { , \"{{TableName}}\" } );\n"
      },
      {
        "template": "//Table Desc//\n\ncartesian scope: ( &CWV * [o9EKG Table].[Table Name].[{{TableName}}] * [o9EKG Customer].[Project Name].[{{Project}}] ) ;\nMeasure.[o9EKG Table Included] = 1 ;\nMeasure.[o9EKG Table Short Description] = \"{{TableDesc}}\" ;\nend scope ; \n\n"
      },
      {
        "template": "//Table Creation Stats//\n\ncartesian scope: ( &CWV * [o9EKG Table].[Table Name].[{{TableName}}] * [o9EKG Customer].[Project Name].[{{Project}}] ) ;\n\nMeasure.[o9EKG Table Created By] = \"{{user}}\" ;\nMeasure.[o9EKG Table Creation Timestamp] = \"{{now}}\" ;\n\nend scope ; \n\n"
      }
    ],
    "JavascriptRules": [
      {
        "modulename": "o9.EKG.validateTable",
        "functionname": "validateTable"
      }
    ],
    "FieldBindings": [
      {
        "fieldName": "Project",
        "title": "Project Name",
        "type": "string",
        "fieldGroup": "Customer Info",
        "selectionType": "single",
        "clearSearch": false,
        "source": "filter",
        "DimensionName": "o9EKG Customer",
        "LevelAttributeName": "Project Name",
        "visible": true,
        "isEditable": false,
        "validation": {
          "maxLength": "0",
          "required": true
        }
      },
      {
        "fieldName": "TableType",
        "title": "Table Type",
        "type": "picklistDropdown",
        "selectionType": "single",
        "clearSearch": false,
        "source": "members",
        "DimensionName": "o9EKG Table",
        "LevelAttributeName": "Table Type",
        "visible": true,
        "isEditable": true,
        "validation": {
          "maxLength": "0",
          "required": true
        },
        "Description": "Layer which the table belongs to",
        "fieldGroup": "Table Info",
        "select": "NONE"
      },
      {
        "fieldName": "TableGroup",
        "title": "Table Group",
        "type": "picklistDropdown",
        "selectionType": "single",
        "clearSearch": false,
        "source": "members",
        "DimensionName": "o9EKG Table",
        "LevelAttributeName": "Table Group",
        "visible": true,
        "isEditable": true,
        "validation": {
          "maxLength": "0",
          "required": true
        },
        "Description": "Group which the table belongs to",
        "fieldGroup": "Table Info",
        "select": "NONE"
      },
      {
        "fieldName": "TableName",
        "title": "Table Name",
        "type": "string",
        "clearSearch": true,
        "source": "literal",
        "visible": true,
        "isEditable": true,
        "validation": {
          "maxLength": "0",
          "required": true
        },
        "fieldGroup": "Table Info",
        "Description": "should only contain alphanumeric characters (a-z, A-Z, 0-9). Cannot start with a number, or be more than 50 characters long. "
      },
      {
        "fieldName": "TableDesc",
        "title": "Table Description",
        "type": "string",
        "fieldGroup": "Table Info",
        "clearSearch": true,
        "source": "literal",
        "visible": true,
        "isEditable": true,
        "validation": {
          "maxLength": "0",
          "required": true
        }
      },
      {
        "fieldName": "now",
        "title": "now",
        "type": "string",
        "selectionType": "single",
        "clearSearch": false,
        "source": "datasource",
        "key": "NOW",
        "valueField": "result",
        "textField": "result",
        "overrideFieldBindingType": false,
        "visible": false,
        "isEditable": false,
        "validation": {
          "maxLength": "0",
          "required": true
        }
      },
      {
        "fieldName": "user",
        "title": "user",
        "type": "string",
        "selectionType": "single",
        "clearSearch": false,
        "source": "datasource",
        "key": "USER",
        "valueField": "Name",
        "textField": "Name",
        "overrideFieldBindingType": false,
        "visible": false,
        "isEditable": false,
        "validation": {
          "maxLength": "0",
          "required": true
        }
      }
    ],
    "Range": [],
    "DataSources": [
      {
        "Name": "NOW",
        "IBPLRules": [
          {
            "template": "Select (now());"
          }
        ],
        "JavascriptRules": [],
        "IncludeDSFieldsOnly": false,
        "FieldBindings": []
      },
      {
        "Name": "USER",
        "IBPLRules": [
          {
            "template": "Select (Currentuser());"
          }
        ],
        "JavascriptRules": [],
        "IncludeDSFieldsOnly": false,
        "FieldBindings": []
      }
    ],
    "AutoExecute": false,
    "isAsync": false,
    "hasMembersUpdates": true,
    "Compact": true,
    "TwoColumn": false,
    "IsGlobalForExcelAddIn": false,
    "ReturnFilterByUpdate": false,
    "NavigateTo": {
      "TargetWorkspaceName": "EKG Configurator",
      "TargetPageName": "Model Explorer",
      "TargetViewName": "Table List"
    },
    "DataSourceForFilter": {
      "Name": "DataSourceForFilter",
      "IBPLRule": {
        "template": "Select (&CWV * [o9EKG Table].[Table Name].[{{TableName}}] * [o9EKG Customer].[Project Name].[{{Project}}]);"
      },
      "IncludeDSFieldsOnly": false,
      "FieldBindings": []
    },
    "ExcludeFromNavLink": false,
    "FilterFieldBindings": [
      {
        "fieldName": "TableName",
        "type": "picklist",
        "selectionType": "multiple",
        "select": "ALL",
        "source": "datasource",
        "key": "DataSourceForFilter",
        "valueField": "Table Name",
        "DimensionName": "o9EKG Table",
        "LevelAttributeName": "Table Name"
      },
      {
        "fieldName": "Project",
        "type": "picklist",
        "selectionType": "multiple",
        "select": "ALL",
        "source": "datasource",
        "key": "DataSourceForFilter",
        "valueField": "Project Name",
        "DimensionName": "o9EKG Customer",
        "LevelAttributeName": "Project Name"
      }
    ]
  },
  "Widget": null,
  "Roles": [
    "EKG_DataAdmin",
    "EKG_Intg_Arch"
  ]
}