{
  "MeasureName": "Elasticity Coeff L3",
  "MeasureId": "8cb3e95e-a8f4-9fec-b226-cc72c9d5d9d9",
  "MeasureDescription": "Responsiveness of one variable to changes in another variable",
  "DataType": "number",
  "MeasureType": "Regular",
  "AggregateFunction": "Sum",
  "FormatString": "0.00",
  "MeasureColumnName": "ElasticityCoeffL3",
  "MeasureFormula": "",
  "IsEditable": true,
  "ApplyConversion": false,
  "ConversionFormula": "",
  "PickListName": null,
  "BgColorFormula": "",
  "FgColorFormula": "",
  "TrendFormula": "",
  "FormattingViewModel": "[]",
  "ParentMeasureName": null,
  "AssociationMeasure": false,
  "IsComputedByPlanningService": false,
  "ToolTip": "Responsiveness of one variable to changes in another variable",
  "ConfigJson": {},
  "ApiName": null,
  "ApiDisabled": false,
  "IsReportingMeasure": false,
  "MeasureConditionalFormulaProperties": [],
  "PicklistSource": null
}