{
  "MeasureName": "End Week SC LC",
  "MeasureId": "6bddf30e-728e-4edf-b433-b2af94a517e3",
  "MeasureDescription": "End Week",
  "DataType": "datetime",
  "MeasureType": "Regular",
  "AggregateFunction": "Max",
  "FormatString": "dd-MMM-yyyy",
  "MeasureColumnName": "APExitWeek",
  "MeasureFormula": "",
  "IsEditable": true,
  "ApplyConversion": false,
  "ConversionFormula": "",
  "PickListName": null,
  "BgColorFormula": " IF(isnull(measure.[End Week SC LC])) then argb( 1,247, 215, 215) else  IF(Measure.[End Week SC LC]<Measure.[Start Week SC LC]) then argb( 1,255, 0, 0)",
  "FgColorFormula": " IF(Measure.[End Week SC LC]<Measure.[Start Week SC LC]) then argb( 1,255, 255, 255)",
  "TrendFormula": "",
  "FormattingViewModel": "[\r\n  {\r\n    \"BGCOLOR\": \"argb(1,247,215,215)\",\r\n    \"Condition\": \"isnull(measure.[End Week SC LC])\"\r\n  },\r\n  {\r\n    \"BGCOLOR\": \"argb(1,255,0,0)\",\r\n    \"FGCOLOR\": \"argb(1,255,255,255)\",\r\n    \"Condition\": \"Measure.[End Week SC LC]<Measure.[Start Week SC LC]\"\r\n  }\r\n]",
  "ParentMeasureName": null,
  "AssociationMeasure": false,
  "IsComputedByPlanningService": false,
  "ToolTip": "End Week",
  "ConfigJson": {},
  "ApiName": null,
  "ApiDisabled": false,
  "IsReportingMeasure": false,
  "MeasureConditionalFormulaProperties": [
    {
      "MeasureName": null,
      "ConditionalFormula": "isnull(measure.[End Week SC LC])",
      "BGCOLOR": "rgba(247,215,215,1)",
      "LegendText": "",
      "DisplayOrder": 0
    },
    {
      "MeasureName": null,
      "ConditionalFormula": "Measure.[End Week SC LC]<Measure.[Start Week SC LC]",
      "BGCOLOR": "rgba(255,0,0,1)",
      "LegendText": "",
      "DisplayOrder": 1
    }
  ],
  "PicklistSource": null
}