{
  "AttributeName": "Business Model",
  "AttributeId": "ea884dea-db0a-4c3e-f40e-7d02dff8630a",
  "AttributeHierarchyEnabled": true,
  "IsKey": false,
  "Description": "Business Model",
  "OrderBy": "Name",
  "KeyColumnName": "BizCategoryKey",
  "NameColumnName": "BizCategoryName",
  "KeyColumnDataType": "integer",
  "SeedTags": false,
  "KeyGenerationType": "Auto",
  "PickListName": null,
  "ConfigJson": {
    "ShowFilterAs": "GridView",
    "MemberDisplayNameEditable": false,
    "IsMultipleImage": false,
    "MemberDisplayColor": false
  },
  "FormatString": null,
  "Translation": null,
  "Aliases": [],
  "ApiName": null,
  "ApiDisabled": false
}
