{
  "Name": "Store Sales Plan by Channel",
  "WidgetDefinitionName": "Store Sales Plan by Channel",
  "IsPrimary": false,
  "ConfigJson": {
    "ContainerId": "c6c626e0-4629-479d-a039-8c7ee0bd6c2a",
    "CompositeContainerId": null,
    "Position": 0,
    "ShowInfoContext": {
      "ActionColumn": true,
      "RowInfo": true,
      "MemberInfo": true
    },
    "ShowHeader": {
      "Icon": "",
      "Color": null
    }
  },
  "ViewWidgetDefinitionId": "39c5ed3f-5d13-36f9-578f-33f4159ca5e8",
  "Title": "Location Sales and Margin Plan- Channel"
}