{
  "Name": "AP40UpdateStoreCluster",
  "Description": "Update Store Cluster",
  "ActionButtonId": "8bd175ba-c410-5107-f47d-a2c0a22d6c63",
  "Tooltip": "Update Store Cluster",
  "ActionButtonType": "Rule",
  "Alignment": "right",
  "IsPopOver": true,
  "IsGlobal": false,
  "ActionClickHandler": null,
  "Icon": null,
  "Image": null,
  "ConfigJson": {
    "DisplayName": "Update Store Cluster",
    "icon": "hand-o-down",
    "Position": "0",
    "SubmitButton": {
      "Label": "Submit"
    },
    "ResetButton": {
      "Label": "Reset"
    },
    "CloseButton": {
      "Label": "Close",
      "ConfirmMessage": "Unsaved changes will be lost. Continue?"
    },
    "NotifyRoles": false,
    "NotifyAll": false,
    "IBPLRules": [
      {
        "template": "exec procedure AP35UpdateStoreCluster {\"Version\": \"{{Version}}\", \"Class\": [{{#csv Class}}], \"LocationCountry\": [{{#csv LocationCountry}}], \"Channel\" : [{{#csv Channel}}], \"Cluster\" : [{{#csv Cluster}}], \"SellingSeason\": \"{{SellingSeason}}\"};"
      },
      {
        "template": "{{#if ToAutoAssort}}\nexec procedure AP32SeedOptionsToRangingSCLevel {\"Version\": \"{{Version}}\", \"SellingSeason\": \"{{SellingSeason}}\", \"Channel\" : [{{#csv Channel}}], \"Class\": [{{#csv Class}}], \"LocationCountry\": [{{#csv LocationCountry}}], \"Cluster\": [{{#csv Cluster}}], \"CopyToLeaves\": {{CopyToLeaves}}, \"StyleColor\": [{{#csv StyleColor}}]};\n\n\n\nexec procedure AP38ProductRanking {\"Version\": \"{{Version}}\", \"SellingSeason\": \"{{SellingSeason}}\", \"ProductRankAndRecommendationLevel\": \"{{ProductRankAndRecommendationLevel}}\", \"Channel\" : [{{#csv Channel}}], \"Class\": [{{#csv Class}}], \"LocationCountry\": [{{#csv LocationCountry}}], \"Cluster\": [{{#csv Cluster}}]};\n\n\n{{#else}}\n\nexec procedure AP32SeedOptionsToRangingSCLevel {\"Version\": \"{{Version}}\", \"SellingSeason\": \"{{SellingSeason}}\", \"Channel\" : [{{#csv Channel}}], \"Class\": [{{#csv Class}}], \"LocationCountry\": [{{#csv LocationCountry}}], \"Cluster\": [{{#csv Cluster}}], \"CopyToLeaves\": {{CopyToLeaves}}, \"StyleColor\": [{{#csv StyleColor}}]};\n\n{{/if}}\n\n"
      }
    ],
    "JavascriptRules": [],
    "FieldBindings": [
      {
        "fieldName": "Version",
        "title": "Version",
        "type": "picklistDropdown",
        "selectionType": "single",
        "clearSearch": true,
        "source": "filter",
        "DimensionName": "Version",
        "LevelAttributeName": "Version Name",
        "visible": true,
        "isEditable": true,
        "validation": {
          "maxLength": "0",
          "required": true
        }
      },
      {
        "fieldName": "SellingSeason",
        "title": "SellingSeason",
        "type": "picklistDropdown",
        "selectionType": "single",
        "clearSearch": true,
        "source": "filter",
        "DimensionName": "Selling Season",
        "LevelAttributeName": "Selling Season",
        "visible": true,
        "isEditable": true,
        "validation": {
          "maxLength": "0",
          "required": true
        }
      },
      {
        "fieldName": "Class",
        "title": "Class",
        "type": "picklistDropdown",
        "selectionType": "multiple",
        "clearSearch": true,
        "source": "filter",
        "DimensionName": "Item",
        "LevelAttributeName": "L3",
        "visible": false,
        "isEditable": true,
        "validation": {
          "maxLength": "0",
          "required": true
        }
      },
      {
        "fieldName": "StyleColor",
        "title": "Style Colors",
        "Description": "Style Colors Selected from Cluster Assortment Report",
        "type": "picklistDropdown",
        "selectionType": "multiple",
        "clearSearch": true,
        "source": "parentAttribute",
        "DimensionName": "Item",
        "key": {
          "LevelAttribute": {
            "Name": "Planning Item",
            "Property": "Name"
          }
        },
        "sortBy": "DisplayName",
        "visible": true,
        "isEditable": true,
        "validation": {
          "maxLength": "0",
          "required": true
        }
      },
      {
        "fieldName": "LocationCountry",
        "title": "Country",
        "Description": "Country",
        "type": "picklistDropdown",
        "selectionType": "multiple",
        "clearSearch": true,
        "source": "filter",
        "DimensionName": "Location",
        "LevelAttributeName": "Location Country",
        "visible": true,
        "isEditable": true,
        "validation": {
          "maxLength": "0",
          "required": true
        }
      },
      {
        "fieldName": "Channel",
        "title": "Channel",
        "Description": "Channel",
        "type": "picklistDropdown",
        "selectionType": "multiple",
        "clearSearch": true,
        "source": "filter",
        "DimensionName": "Sales Domain",
        "LevelAttributeName": "Sales Planning Channel",
        "visible": true,
        "isEditable": true,
        "validation": {
          "maxLength": "0",
          "required": true
        }
      },
      {
        "fieldName": "Cluster",
        "title": "Cluster",
        "Description": "Cluster",
        "type": "picklistDropdown",
        "selectionType": "multiple",
        "clearSearch": true,
        "select": "ALL",
        "source": "datasource",
        "key": "Cluster",
        "valueField": "Cluster",
        "textField": "Cluster",
        "overrideFieldBindingType": false,
        "visible": true,
        "isEditable": true,
        "cascadeFrom": "LocationCountry",
        "validation": {
          "maxLength": "0",
          "required": true
        }
      },
      {
        "fieldName": "ToAutoAssort",
        "title": "Calculate Product Rank and Recommendation",
        "type": "boolean",
        "selectionType": "single",
        "clearSearch": true,
        "select": "NONE",
        "source": "picklist",
        "visible": true,
        "isEditable": true,
        "validation": {
          "maxLength": "0",
          "required": true
        },
        "defaultValue": false,
        "Description": "Calculate Product Rank and Recommendation"
      },
      {
        "fieldName": "ProductRankAndRecommendationLevel",
        "title": "Product Rank And Recommendation Level",
        "Description": "Applicable only when \"Product Rank And Recommendation Level\" is being calculated",
        "type": "radio",
        "selectionType": "single",
        "clearSearch": true,
        "select": "ALL",
        "source": "localPicklist",
        "values": [
          {
            "Key": "1",
            "Name": "Class"
          },
          {
            "Key": "2",
            "Name": "PAG"
          }
        ],
        "visible": true,
        "isEditable": true,
        "validation": {
          "maxLength": "0",
          "required": true
        },
        "valueField": "Name"
      },
      {
        "fieldName": "CopyToLeaves",
        "title": "Spreading Type",
        "type": "radio",
        "selectionType": "single",
        "clearSearch": true,
        "select": "ALL",
        "source": "localPicklist",
        "values": [
          {
            "Key": "1",
            "Name": "Proportional Spreading"
          },
          {
            "Key": "2",
            "Name": "Copy To Leaves"
          }
        ],
        "valueField": "Key",
        "visible": false,
        "isEditable": true,
        "validation": {
          "maxLength": "0",
          "required": false
        }
      }
    ],
    "Range": [],
    "DataSources": [
      {
        "Name": "Cluster",
        "IBPLRules": [
          {
            "template": "Select (&CWVAndScenarios{{#filter Version}} * &APClasses{{#filter Class}} * &APCountries{{#filter LocationCountry}} *&APSellingSeasons{{#filter SellingSeason}}* &APClusters * &APChannels{{#filter Channel}}) on row, \n({Measure.[Store Grade Association]}) on column;"
          }
        ],
        "JavascriptRules": [],
        "IncludeDSFieldsOnly": false,
        "FieldBindings": []
      }
    ],
    "AutoExecute": false,
    "isAsync": true,
    "hasMembersUpdates": false,
    "Compact": false,
    "TwoColumn": false,
    "IsGlobalForExcelAddIn": false,
    "ExcludeFromNavLink": false,
    "FilterFieldBindings": [],
    "enableTransaction": false
  },
  "Widget": null,
  "Roles": []
}