{
  "LabelId": "2b4296b7-14b7-b85c-1b41-ceb5cf4026d2",
  "LabelName": "ebdf61b8-681c-46e7-a9d7-4a812061052b",
  "LabelDescription": "To add Week grain to Assorted AggAP",
  "Position": 9.0,
  "RuleGroupType": "Regular",
  "IgnoreErrors": false,
  "HasErrors": false,
  "ErrorMessage": null,
  "ScopeExpression": {
    "AttributeMemberScopes": [
      {
        "FilterExpression": "%%Retail_AP_FD_Time_FS"
      },
      {
        "FilterExpression": "&CWVAndScenarios"
      },
      {
        "FilterExpression": "%%Retail_AP_RP_Product_Cluster_FS"
      },
      {
        "FilterExpression": "%%Retail_AP_FD_Common_FS"
      }
    ]
  },
  "Formulas": [
    {
      "RuleGroupId": "27a31bc0-cb83-5ec1-ed7a-df29ab8c81d6",
      "RuleGroupLabelName": null,
      "ScopeLabelName": null,
      "RuleGroupName": "c4975073-b017-4796-8cc2-d09360f2f366",
      "RuleGroupLabelPosition": 0.0,
      "ScopeLabelPosition": 200.0,
      "RuleGroupDescription": " ",
      "IsEnabled": false,
      "RuleGroupContent": {
        "ScopeExpression": null,
        "IsParameterized": false,
        "ParameterJson": null,
        "IsParallel": false,
        "RuleGroupText": "Measure.[Assorted SC L W]=if(Time.#.leadoffset(1).Key > todatetime(Measure.[Start Week SC L AP]) && Time.#.Key <= todatetime(Measure.[End Week SC L AP])) then Measure.[Assorted SC L AP] else Null;",
        "NamedNodeName": null,
        "PluginInstanceName": null,
        "PluginScopes": null,
        "PluginArguments": null,
        "PluginModified": false
      },
      "RuleGroupType": "Regular",
      "HasErrors": false,
      "ErrorMessage": null,
      "IgnoreErrors": false,
      "Translations": [],
      "DimensionUsages": [
        {
          "DimensionName": "Cluster",
          "AttributeName": "Cluster"
        },
        {
          "DimensionName": "Location",
          "AttributeName": "Location"
        },
        {
          "DimensionName": "Item",
          "AttributeName": "Planning Item"
        },
        {
          "DimensionName": "Sales Domain",
          "AttributeName": "Sales Planning Channel"
        },
        {
          "DimensionName": "Selling Season",
          "AttributeName": "Selling Season"
        },
        {
          "DimensionName": "Version",
          "AttributeName": "Version Name"
        },
        {
          "DimensionName": "Time",
          "AttributeName": "Week"
        }
      ],
      "MeasureUsages": [
        {
          "MeasureName": "Assorted SC L AP",
          "IsInput": true,
          "IsOutput": false
        },
        {
          "MeasureName": "Assorted SC L W",
          "IsInput": false,
          "IsOutput": true
        },
        {
          "MeasureName": "End Week SC L AP",
          "IsInput": true,
          "IsOutput": false
        },
        {
          "MeasureName": "Start Week SC L AP",
          "IsInput": true,
          "IsOutput": false
        }
      ],
      "ActionButtonUsages": [],
      "RelationshipPropertyUsages": []
    }
  ]
}