{
  "LabelId": "2f385acc-d00a-cd8c-5218-352b31130f6b",
  "LabelName": "9e5b4b11-9c5e-42f1-954c-d657a2ed14d6",
  "LabelDescription": "To inherit the values updated by the user in LB to Ranging",
  "Position": 1.0,
  "RuleGroupType": "Spreading",
  "IgnoreErrors": false,
  "HasErrors": false,
  "ErrorMessage": null,
  "ScopeExpression": {
    "AttributeMemberScopes": [
      {
        "FilterExpression": "&CWVAndScenarios"
      },
      {
        "FilterExpression": "%%Retail_AP_LP_Product_Location_FS"
      },
      {
        "FilterExpression": "%%Retail_AP_FD_Common_FS"
      }
    ]
  },
  "Formulas": [
    {
      "RuleGroupId": "af90c2e1-6716-3087-6a93-c4f79a22f271",
      "RuleGroupLabelName": null,
      "ScopeLabelName": null,
      "RuleGroupName": "d4f8264a-3035-4895-8f60-1b3687f153be",
      "RuleGroupLabelPosition": 0.0,
      "ScopeLabelPosition": 0.0,
      "RuleGroupDescription": " ",
      "IsEnabled": false,
      "RuleGroupContent": {
        "ScopeExpression": null,
        "IsParameterized": false,
        "ParameterJson": null,
        "IsParallel": false,
        "RuleGroupText": "Measure.[CP SC L]=Measure.[CP SC LC Final];",
        "NamedNodeName": null,
        "PluginInstanceName": null,
        "PluginScopes": null,
        "PluginArguments": null,
        "PluginModified": false
      },
      "RuleGroupType": "Spreading",
      "HasErrors": false,
      "ErrorMessage": null,
      "IgnoreErrors": false,
      "Translations": [],
      "DimensionUsages": [
        {
          "DimensionName": "Location",
          "AttributeName": "Location Country"
        },
        {
          "DimensionName": "Item",
          "AttributeName": "Planning Item"
        },
        {
          "DimensionName": "Sales Domain",
          "AttributeName": "Sales Planning Channel"
        },
        {
          "DimensionName": "Selling Season",
          "AttributeName": "Selling Season"
        },
        {
          "DimensionName": "Version",
          "AttributeName": "Version Name"
        }
      ],
      "MeasureUsages": [
        {
          "MeasureName": "CP SC L",
          "IsInput": false,
          "IsOutput": true
        },
        {
          "MeasureName": "CP SC LC Final",
          "IsInput": true,
          "IsOutput": false
        }
      ],
      "ActionButtonUsages": [],
      "RelationshipPropertyUsages": []
    },
    {
      "RuleGroupId": "c494d75e-9a6d-72be-79a5-a0e45e1475d1",
      "RuleGroupLabelName": null,
      "ScopeLabelName": null,
      "RuleGroupName": "14b892f4-173c-4a51-a48c-c494fdff260a",
      "RuleGroupLabelPosition": 0.0,
      "ScopeLabelPosition": 600.0,
      "RuleGroupDescription": " ",
      "IsEnabled": false,
      "RuleGroupContent": {
        "ScopeExpression": null,
        "IsParameterized": false,
        "ParameterJson": null,
        "IsParallel": false,
        "RuleGroupText": "Measure.[End Week SC L]=Measure.[End Week SC LC];",
        "NamedNodeName": null,
        "PluginInstanceName": null,
        "PluginScopes": null,
        "PluginArguments": null,
        "PluginModified": false
      },
      "RuleGroupType": "Spreading",
      "HasErrors": false,
      "ErrorMessage": null,
      "IgnoreErrors": false,
      "Translations": [],
      "DimensionUsages": [
        {
          "DimensionName": "Location",
          "AttributeName": "Location Country"
        },
        {
          "DimensionName": "Item",
          "AttributeName": "Planning Item"
        },
        {
          "DimensionName": "Sales Domain",
          "AttributeName": "Sales Planning Channel"
        },
        {
          "DimensionName": "Selling Season",
          "AttributeName": "Selling Season"
        },
        {
          "DimensionName": "Version",
          "AttributeName": "Version Name"
        }
      ],
      "MeasureUsages": [
        {
          "MeasureName": "End Week SC L",
          "IsInput": false,
          "IsOutput": true
        },
        {
          "MeasureName": "End Week SC LC",
          "IsInput": true,
          "IsOutput": false
        }
      ],
      "ActionButtonUsages": [],
      "RelationshipPropertyUsages": []
    },
    {
      "RuleGroupId": "a4f0c899-ef5d-722c-4299-9f227bcb6eda",
      "RuleGroupLabelName": null,
      "ScopeLabelName": null,
      "RuleGroupName": "a0716a4b-c684-485b-9552-ad35f5ad4e91",
      "RuleGroupLabelPosition": 0.0,
      "ScopeLabelPosition": 0.0,
      "RuleGroupDescription": " ",
      "IsEnabled": false,
      "RuleGroupContent": {
        "ScopeExpression": null,
        "IsParameterized": false,
        "ParameterJson": null,
        "IsParallel": false,
        "RuleGroupText": "Measure.[ASP SC L]=Measure.[ASP SC LC Final];",
        "NamedNodeName": null,
        "PluginInstanceName": null,
        "PluginScopes": null,
        "PluginArguments": null,
        "PluginModified": false
      },
      "RuleGroupType": "Spreading",
      "HasErrors": false,
      "ErrorMessage": null,
      "IgnoreErrors": false,
      "Translations": [],
      "DimensionUsages": [
        {
          "DimensionName": "Location",
          "AttributeName": "Location Country"
        },
        {
          "DimensionName": "Item",
          "AttributeName": "Planning Item"
        },
        {
          "DimensionName": "Sales Domain",
          "AttributeName": "Sales Planning Channel"
        },
        {
          "DimensionName": "Selling Season",
          "AttributeName": "Selling Season"
        },
        {
          "DimensionName": "Version",
          "AttributeName": "Version Name"
        }
      ],
      "MeasureUsages": [
        {
          "MeasureName": "ASP SC L",
          "IsInput": false,
          "IsOutput": true
        },
        {
          "MeasureName": "ASP SC LC",
          "IsInput": true,
          "IsOutput": false
        }
      ],
      "ActionButtonUsages": [],
      "RelationshipPropertyUsages": []
    },
    {
      "RuleGroupId": "295197c5-3cd1-258c-ce23-7c280b5b8ea2",
      "RuleGroupLabelName": null,
      "ScopeLabelName": null,
      "RuleGroupName": "afb93026-f2c9-4c8d-8ce4-91d1dd2f3b33",
      "RuleGroupLabelPosition": 0.0,
      "ScopeLabelPosition": 0.0,
      "RuleGroupDescription": " ",
      "IsEnabled": false,
      "RuleGroupContent": {
        "ScopeExpression": null,
        "IsParameterized": false,
        "ParameterJson": null,
        "IsParallel": false,
        "RuleGroupText": "Measure.[Start Week SC L] = Measure.[Start Week SC LC];",
        "NamedNodeName": null,
        "PluginInstanceName": null,
        "PluginScopes": null,
        "PluginArguments": null,
        "PluginModified": false
      },
      "RuleGroupType": "Spreading",
      "HasErrors": false,
      "ErrorMessage": null,
      "IgnoreErrors": false,
      "Translations": [],
      "DimensionUsages": [
        {
          "DimensionName": "Location",
          "AttributeName": "Location Country"
        },
        {
          "DimensionName": "Item",
          "AttributeName": "Planning Item"
        },
        {
          "DimensionName": "Sales Domain",
          "AttributeName": "Sales Planning Channel"
        },
        {
          "DimensionName": "Selling Season",
          "AttributeName": "Selling Season"
        },
        {
          "DimensionName": "Version",
          "AttributeName": "Version Name"
        }
      ],
      "MeasureUsages": [
        {
          "MeasureName": "Start Week SC L",
          "IsInput": false,
          "IsOutput": true
        },
        {
          "MeasureName": "Start Week SC LC",
          "IsInput": true,
          "IsOutput": false
        }
      ],
      "ActionButtonUsages": [],
      "RelationshipPropertyUsages": []
    },
    {
      "RuleGroupId": "88cdfd9e-6c23-8b2d-e40b-81b5a0f38aef",
      "RuleGroupLabelName": null,
      "ScopeLabelName": null,
      "RuleGroupName": "47b18a50-c710-42aa-9c79-6ece208787dc",
      "RuleGroupLabelPosition": 0.0,
      "ScopeLabelPosition": 0.0,
      "RuleGroupDescription": " ",
      "IsEnabled": false,
      "RuleGroupContent": {
        "ScopeExpression": null,
        "IsParameterized": false,
        "ParameterJson": null,
        "IsParallel": false,
        "RuleGroupText": "Measure.[Sell Through % SC L]=Measure.[Sell Through % SC LC Final];",
        "NamedNodeName": null,
        "PluginInstanceName": null,
        "PluginScopes": null,
        "PluginArguments": null,
        "PluginModified": false
      },
      "RuleGroupType": "Spreading",
      "HasErrors": false,
      "ErrorMessage": null,
      "IgnoreErrors": false,
      "Translations": [],
      "DimensionUsages": [
        {
          "DimensionName": "Location",
          "AttributeName": "Location Country"
        },
        {
          "DimensionName": "Item",
          "AttributeName": "Planning Item"
        },
        {
          "DimensionName": "Sales Domain",
          "AttributeName": "Sales Planning Channel"
        },
        {
          "DimensionName": "Selling Season",
          "AttributeName": "Selling Season"
        },
        {
          "DimensionName": "Version",
          "AttributeName": "Version Name"
        }
      ],
      "MeasureUsages": [
        {
          "MeasureName": "Sell Through % SC L",
          "IsInput": false,
          "IsOutput": true
        },
        {
          "MeasureName": "Sell Through % SC LC Final",
          "IsInput": true,
          "IsOutput": false
        }
      ],
      "ActionButtonUsages": [],
      "RelationshipPropertyUsages": []
    },
    {
      "RuleGroupId": "84fdd695-9322-b27b-e2ef-56d7402a5a93",
      "RuleGroupLabelName": null,
      "ScopeLabelName": null,
      "RuleGroupName": "ea70f344-0dac-4566-a053-474939764b3f",
      "RuleGroupLabelPosition": 0.0,
      "ScopeLabelPosition": 600.0,
      "RuleGroupDescription": " ",
      "IsEnabled": false,
      "RuleGroupContent": {
        "ScopeExpression": null,
        "IsParameterized": false,
        "ParameterJson": null,
        "IsParallel": false,
        "RuleGroupText": "Measure.[WOS SC L] = Measure.[WOS SC LC Final];",
        "NamedNodeName": null,
        "PluginInstanceName": null,
        "PluginScopes": null,
        "PluginArguments": null,
        "PluginModified": false
      },
      "RuleGroupType": "Spreading",
      "HasErrors": false,
      "ErrorMessage": null,
      "IgnoreErrors": false,
      "Translations": [],
      "DimensionUsages": [
        {
          "DimensionName": "Location",
          "AttributeName": "Location Country"
        },
        {
          "DimensionName": "Item",
          "AttributeName": "Planning Item"
        },
        {
          "DimensionName": "Sales Domain",
          "AttributeName": "Sales Planning Channel"
        },
        {
          "DimensionName": "Selling Season",
          "AttributeName": "Selling Season"
        },
        {
          "DimensionName": "Version",
          "AttributeName": "Version Name"
        }
      ],
      "MeasureUsages": [
        {
          "MeasureName": "WOS SC L",
          "IsInput": false,
          "IsOutput": true
        },
        {
          "MeasureName": "WOS SC LC Final",
          "IsInput": true,
          "IsOutput": false
        }
      ],
      "ActionButtonUsages": [],
      "RelationshipPropertyUsages": []
    },
    {
      "RuleGroupId": "512d7a3d-e818-e65f-ce88-97515b5907e9",
      "RuleGroupLabelName": null,
      "ScopeLabelName": null,
      "RuleGroupName": "3f7b76c2-7695-47ba-a72f-873adc15c2c6",
      "RuleGroupLabelPosition": 0.0,
      "ScopeLabelPosition": 800.0,
      "RuleGroupDescription": " ",
      "IsEnabled": false,
      "RuleGroupContent": {
        "ScopeExpression": null,
        "IsParameterized": false,
        "ParameterJson": null,
        "IsParallel": false,
        "RuleGroupText": "Measure.[Duration SC L] = Measure.[Duration SC LC];",
        "NamedNodeName": null,
        "PluginInstanceName": null,
        "PluginScopes": null,
        "PluginArguments": null,
        "PluginModified": false
      },
      "RuleGroupType": "Spreading",
      "HasErrors": false,
      "ErrorMessage": null,
      "IgnoreErrors": false,
      "Translations": [],
      "DimensionUsages": [
        {
          "DimensionName": "Location",
          "AttributeName": "Location Country"
        },
        {
          "DimensionName": "Item",
          "AttributeName": "Planning Item"
        },
        {
          "DimensionName": "Sales Domain",
          "AttributeName": "Sales Planning Channel"
        },
        {
          "DimensionName": "Selling Season",
          "AttributeName": "Selling Season"
        },
        {
          "DimensionName": "Version",
          "AttributeName": "Version Name"
        }
      ],
      "MeasureUsages": [
        {
          "MeasureName": "Duration SC L",
          "IsInput": false,
          "IsOutput": true
        },
        {
          "MeasureName": "Duration SC LC",
          "IsInput": true,
          "IsOutput": false
        }
      ],
      "ActionButtonUsages": [],
      "RelationshipPropertyUsages": []
    },
    {
      "RuleGroupId": "caa22d42-30cb-2978-232c-b8966193dd8b",
      "RuleGroupLabelName": null,
      "ScopeLabelName": null,
      "RuleGroupName": "d1739c5d-d334-4e41-9d93-5e6b01876630",
      "RuleGroupLabelPosition": 0.0,
      "ScopeLabelPosition": 1000.0,
      "RuleGroupDescription": " ",
      "IsEnabled": true,
      "RuleGroupContent": {
        "ScopeExpression": null,
        "IsParameterized": false,
        "ParameterJson": null,
        "IsParallel": false,
        "RuleGroupText": "Measure.[Full Price End Week SC L] = Measure.[Full Price End Week SC LC];",
        "NamedNodeName": null,
        "PluginInstanceName": null,
        "PluginScopes": null,
        "PluginArguments": null,
        "PluginModified": false
      },
      "RuleGroupType": "Spreading",
      "HasErrors": false,
      "ErrorMessage": null,
      "IgnoreErrors": false,
      "Translations": [],
      "DimensionUsages": [
        {
          "DimensionName": "Location",
          "AttributeName": "Location Country"
        },
        {
          "DimensionName": "Item",
          "AttributeName": "Planning Item"
        },
        {
          "DimensionName": "Sales Domain",
          "AttributeName": "Sales Planning Channel"
        },
        {
          "DimensionName": "Selling Season",
          "AttributeName": "Selling Season"
        },
        {
          "DimensionName": "Version",
          "AttributeName": "Version Name"
        }
      ],
      "MeasureUsages": [
        {
          "MeasureName": "Full Price End Week SC L",
          "IsInput": false,
          "IsOutput": true
        },
        {
          "MeasureName": "Full Price End Week SC LC",
          "IsInput": true,
          "IsOutput": false
        }
      ],
      "ActionButtonUsages": [],
      "RelationshipPropertyUsages": []
    },
    {
      "RuleGroupId": "4a0f997c-d4ff-97fc-ad49-911a60ad7734",
      "RuleGroupLabelName": null,
      "ScopeLabelName": null,
      "RuleGroupName": "7fc1d886-8868-4252-82c4-793b6565d459",
      "RuleGroupLabelPosition": 0.0,
      "ScopeLabelPosition": 1200.0,
      "RuleGroupDescription": " ",
      "IsEnabled": false,
      "RuleGroupContent": {
        "ScopeExpression": null,
        "IsParameterized": false,
        "ParameterJson": null,
        "IsParallel": false,
        "RuleGroupText": "Measure.[Display Stock SC L]=Measure.[Display Stock SC LC Final];",
        "NamedNodeName": null,
        "PluginInstanceName": null,
        "PluginScopes": null,
        "PluginArguments": null,
        "PluginModified": false
      },
      "RuleGroupType": "Spreading",
      "HasErrors": false,
      "ErrorMessage": null,
      "IgnoreErrors": false,
      "Translations": [],
      "DimensionUsages": [
        {
          "DimensionName": "Location",
          "AttributeName": "Location Country"
        },
        {
          "DimensionName": "Item",
          "AttributeName": "Planning Item"
        },
        {
          "DimensionName": "Sales Domain",
          "AttributeName": "Sales Planning Channel"
        },
        {
          "DimensionName": "Selling Season",
          "AttributeName": "Selling Season"
        },
        {
          "DimensionName": "Version",
          "AttributeName": "Version Name"
        }
      ],
      "MeasureUsages": [
        {
          "MeasureName": "Display Stock SC L",
          "IsInput": false,
          "IsOutput": true
        },
        {
          "MeasureName": "Display Stock SC LC Final",
          "IsInput": true,
          "IsOutput": false
        }
      ],
      "ActionButtonUsages": [],
      "RelationshipPropertyUsages": []
    },
    {
      "RuleGroupId": "c9cf211a-e18a-f12c-0487-0ce8585dd419",
      "RuleGroupLabelName": null,
      "ScopeLabelName": null,
      "RuleGroupName": "d9b49649-a4f5-4866-be27-3a403b0209b0",
      "RuleGroupLabelPosition": 0.0,
      "ScopeLabelPosition": 1400.0,
      "RuleGroupDescription": " ",
      "IsEnabled": true,
      "RuleGroupContent": {
        "ScopeExpression": null,
        "IsParameterized": false,
        "ParameterJson": null,
        "IsParallel": false,
        "RuleGroupText": "Measure.[Markdown Weeks L]=Measure.[Markdown Weeks SC LC];",
        "NamedNodeName": null,
        "PluginInstanceName": null,
        "PluginScopes": null,
        "PluginArguments": null,
        "PluginModified": false
      },
      "RuleGroupType": "Spreading",
      "HasErrors": false,
      "ErrorMessage": null,
      "IgnoreErrors": false,
      "Translations": [],
      "DimensionUsages": [
        {
          "DimensionName": "Location",
          "AttributeName": "Location Country"
        },
        {
          "DimensionName": "Item",
          "AttributeName": "Planning Item"
        },
        {
          "DimensionName": "Sales Domain",
          "AttributeName": "Sales Planning Channel"
        },
        {
          "DimensionName": "Selling Season",
          "AttributeName": "Selling Season"
        },
        {
          "DimensionName": "Version",
          "AttributeName": "Version Name"
        }
      ],
      "MeasureUsages": [
        {
          "MeasureName": "Markdown Weeks L",
          "IsInput": false,
          "IsOutput": true
        },
        {
          "MeasureName": "Markdown Weeks SC LC",
          "IsInput": true,
          "IsOutput": false
        }
      ],
      "ActionButtonUsages": [],
      "RelationshipPropertyUsages": []
    }
  ]
}