{
  "LabelId": "a113a7e9-4593-3035-0978-0be000076dd5",
  "LabelName": "9cf16354-a228-40ee-a07a-cc5d262ecba8",
  "LabelDescription": "Final measure for Approval Flow",
  "Position": 8.0,
  "RuleGroupType": "Regular",
  "IgnoreErrors": false,
  "HasErrors": false,
  "ErrorMessage": null,
  "ScopeExpression": {
    "AttributeMemberScopes": [
      {
        "FilterExpression": "&CWVAndScenarios"
      },
      {
        "FilterExpression": "%%Retail_AP_RP_Product_Cluster_FS"
      },
      {
        "FilterExpression": "%%Retail_AP_FD_Common_FS"
      }
    ]
  },
  "Formulas": [
    {
      "RuleGroupId": "95cedbc5-5613-af1d-fb12-b46de51d5d16",
      "RuleGroupLabelName": null,
      "ScopeLabelName": null,
      "RuleGroupName": "29b83d38-5da7-4797-8206-d9b68abf0bc3",
      "RuleGroupLabelPosition": 0.0,
      "ScopeLabelPosition": 150.0,
      "RuleGroupDescription": " ",
      "IsEnabled": true,
      "RuleGroupContent": {
        "ScopeExpression": null,
        "IsParameterized": false,
        "ParameterJson": null,
        "IsParallel": false,
        "RuleGroupText": "Measure.[ASP SC L Final] = if(Measure.[Assorted SC L Final]==true) then coalesce(Measure.[ASP SC L Override],Measure.[ASP SC L]);",
        "NamedNodeName": null,
        "PluginInstanceName": null,
        "PluginScopes": null,
        "PluginArguments": null,
        "PluginModified": false
      },
      "RuleGroupType": "Regular",
      "HasErrors": false,
      "ErrorMessage": null,
      "IgnoreErrors": false,
      "Translations": [],
      "DimensionUsages": [
        {
          "DimensionName": "Cluster",
          "AttributeName": "Cluster"
        },
        {
          "DimensionName": "Location",
          "AttributeName": "Location"
        },
        {
          "DimensionName": "Item",
          "AttributeName": "Planning Item"
        },
        {
          "DimensionName": "Sales Domain",
          "AttributeName": "Sales Planning Channel"
        },
        {
          "DimensionName": "Selling Season",
          "AttributeName": "Selling Season"
        },
        {
          "DimensionName": "Version",
          "AttributeName": "Version Name"
        }
      ],
      "MeasureUsages": [
        {
          "MeasureName": "ASP SC L",
          "IsInput": true,
          "IsOutput": false
        },
        {
          "MeasureName": "ASP SC L Final",
          "IsInput": false,
          "IsOutput": true
        },
        {
          "MeasureName": "ASP SC L Override",
          "IsInput": true,
          "IsOutput": false
        },
        {
          "MeasureName": "Assorted SC L Final",
          "IsInput": true,
          "IsOutput": false
        }
      ],
      "ActionButtonUsages": [],
      "RelationshipPropertyUsages": []
    },
    {
      "RuleGroupId": "bcdc965a-3911-02a1-06a0-19bf38e9a3f4",
      "RuleGroupLabelName": null,
      "ScopeLabelName": null,
      "RuleGroupName": "f404af3f-78e0-45d7-8dfb-86029bdb876c",
      "RuleGroupLabelPosition": 0.0,
      "ScopeLabelPosition": 250.0,
      "RuleGroupDescription": " ",
      "IsEnabled": true,
      "RuleGroupContent": {
        "ScopeExpression": null,
        "IsParameterized": false,
        "ParameterJson": null,
        "IsParallel": false,
        "RuleGroupText": "Measure.[Assorted SC L Final] = Measure.[Assorted SC L];",
        "NamedNodeName": null,
        "PluginInstanceName": null,
        "PluginScopes": null,
        "PluginArguments": null,
        "PluginModified": false
      },
      "RuleGroupType": "Regular",
      "HasErrors": false,
      "ErrorMessage": null,
      "IgnoreErrors": false,
      "Translations": [],
      "DimensionUsages": [
        {
          "DimensionName": "Cluster",
          "AttributeName": "Cluster"
        },
        {
          "DimensionName": "Location",
          "AttributeName": "Location"
        },
        {
          "DimensionName": "Item",
          "AttributeName": "Planning Item"
        },
        {
          "DimensionName": "Sales Domain",
          "AttributeName": "Sales Planning Channel"
        },
        {
          "DimensionName": "Selling Season",
          "AttributeName": "Selling Season"
        },
        {
          "DimensionName": "Version",
          "AttributeName": "Version Name"
        }
      ],
      "MeasureUsages": [
        {
          "MeasureName": "Assorted SC L",
          "IsInput": true,
          "IsOutput": false
        },
        {
          "MeasureName": "Assorted SC L Final",
          "IsInput": false,
          "IsOutput": true
        }
      ],
      "ActionButtonUsages": [],
      "RelationshipPropertyUsages": []
    },
    {
      "RuleGroupId": "0592ac83-70e5-f03a-1259-1cf0490be891",
      "RuleGroupLabelName": null,
      "ScopeLabelName": null,
      "RuleGroupName": "40a5c387-1198-4e64-8f48-aa4de9afc311",
      "RuleGroupLabelPosition": 0.0,
      "ScopeLabelPosition": 350.0,
      "RuleGroupDescription": " ",
      "IsEnabled": true,
      "RuleGroupContent": {
        "ScopeExpression": null,
        "IsParameterized": false,
        "ParameterJson": null,
        "IsParallel": false,
        "RuleGroupText": "Measure.[ROS SC C Final] = if(Measure.[Assorted SC L Final]==true) then coalesce(Measure.[ROS Override SC C], Measure.[ROS SC C]);",
        "NamedNodeName": null,
        "PluginInstanceName": null,
        "PluginScopes": null,
        "PluginArguments": null,
        "PluginModified": false
      },
      "RuleGroupType": "Regular",
      "HasErrors": false,
      "ErrorMessage": null,
      "IgnoreErrors": false,
      "Translations": [],
      "DimensionUsages": [
        {
          "DimensionName": "Cluster",
          "AttributeName": "Cluster"
        },
        {
          "DimensionName": "Location",
          "AttributeName": "Location"
        },
        {
          "DimensionName": "Item",
          "AttributeName": "Planning Item"
        },
        {
          "DimensionName": "Sales Domain",
          "AttributeName": "Sales Planning Channel"
        },
        {
          "DimensionName": "Selling Season",
          "AttributeName": "Selling Season"
        },
        {
          "DimensionName": "Version",
          "AttributeName": "Version Name"
        }
      ],
      "MeasureUsages": [
        {
          "MeasureName": "Assorted SC L Final",
          "IsInput": true,
          "IsOutput": false
        },
        {
          "MeasureName": "ROS Override SC C",
          "IsInput": true,
          "IsOutput": false
        },
        {
          "MeasureName": "ROS SC C",
          "IsInput": true,
          "IsOutput": false
        },
        {
          "MeasureName": "ROS SC C Final",
          "IsInput": false,
          "IsOutput": true
        }
      ],
      "ActionButtonUsages": [],
      "RelationshipPropertyUsages": []
    },
    {
      "RuleGroupId": "38c8dcb6-d7e8-c4b7-0c26-3c7bb7875633",
      "RuleGroupLabelName": null,
      "ScopeLabelName": null,
      "RuleGroupName": "fe7a7552-3b7a-486f-8caf-63ff53a43f1d",
      "RuleGroupLabelPosition": 0.0,
      "ScopeLabelPosition": 450.0,
      "RuleGroupDescription": " ",
      "IsEnabled": true,
      "RuleGroupContent": {
        "ScopeExpression": null,
        "IsParameterized": false,
        "ParameterJson": null,
        "IsParallel": false,
        "RuleGroupText": "Measure.[Sell Through % SC L Final] = if(Measure.[Assorted SC L Final]==true) then coalesce(Measure.[Sell Through % SC L Override],Measure.[Sell Through % SC L]);",
        "NamedNodeName": null,
        "PluginInstanceName": null,
        "PluginScopes": null,
        "PluginArguments": null,
        "PluginModified": false
      },
      "RuleGroupType": "Regular",
      "HasErrors": false,
      "ErrorMessage": null,
      "IgnoreErrors": false,
      "Translations": [],
      "DimensionUsages": [
        {
          "DimensionName": "Cluster",
          "AttributeName": "Cluster"
        },
        {
          "DimensionName": "Location",
          "AttributeName": "Location"
        },
        {
          "DimensionName": "Item",
          "AttributeName": "Planning Item"
        },
        {
          "DimensionName": "Sales Domain",
          "AttributeName": "Sales Planning Channel"
        },
        {
          "DimensionName": "Selling Season",
          "AttributeName": "Selling Season"
        },
        {
          "DimensionName": "Version",
          "AttributeName": "Version Name"
        }
      ],
      "MeasureUsages": [
        {
          "MeasureName": "Assorted SC L Final",
          "IsInput": true,
          "IsOutput": false
        },
        {
          "MeasureName": "Sell Through % SC L",
          "IsInput": true,
          "IsOutput": false
        },
        {
          "MeasureName": "Sell Through % SC L Final",
          "IsInput": false,
          "IsOutput": true
        },
        {
          "MeasureName": "Sell Through % SC L Override",
          "IsInput": true,
          "IsOutput": false
        }
      ],
      "ActionButtonUsages": [],
      "RelationshipPropertyUsages": []
    },
    {
      "RuleGroupId": "0dbd8768-ab73-7be2-1952-7758f08ba381",
      "RuleGroupLabelName": null,
      "ScopeLabelName": null,
      "RuleGroupName": "2ab84d90-6341-460e-9982-14f3cf1e2def",
      "RuleGroupLabelPosition": 0.0,
      "ScopeLabelPosition": 550.0,
      "RuleGroupDescription": " ",
      "IsEnabled": true,
      "RuleGroupContent": {
        "ScopeExpression": null,
        "IsParameterized": false,
        "ParameterJson": null,
        "IsParallel": false,
        "RuleGroupText": "Measure.[WOS SC L Final] = if(Measure.[Assorted SC L Final]==true) then coalesce(Measure.[WOS SC L Override],Measure.[WOS SC L]);",
        "NamedNodeName": null,
        "PluginInstanceName": null,
        "PluginScopes": null,
        "PluginArguments": null,
        "PluginModified": false
      },
      "RuleGroupType": "Regular",
      "HasErrors": false,
      "ErrorMessage": null,
      "IgnoreErrors": false,
      "Translations": [],
      "DimensionUsages": [
        {
          "DimensionName": "Cluster",
          "AttributeName": "Cluster"
        },
        {
          "DimensionName": "Location",
          "AttributeName": "Location"
        },
        {
          "DimensionName": "Item",
          "AttributeName": "Planning Item"
        },
        {
          "DimensionName": "Sales Domain",
          "AttributeName": "Sales Planning Channel"
        },
        {
          "DimensionName": "Selling Season",
          "AttributeName": "Selling Season"
        },
        {
          "DimensionName": "Version",
          "AttributeName": "Version Name"
        }
      ],
      "MeasureUsages": [
        {
          "MeasureName": "Assorted SC L Final",
          "IsInput": true,
          "IsOutput": false
        },
        {
          "MeasureName": "WOS SC L",
          "IsInput": true,
          "IsOutput": false
        },
        {
          "MeasureName": "WOS SC L Final",
          "IsInput": false,
          "IsOutput": true
        },
        {
          "MeasureName": "WOS SC L Override",
          "IsInput": true,
          "IsOutput": false
        }
      ],
      "ActionButtonUsages": [],
      "RelationshipPropertyUsages": []
    },
    {
      "RuleGroupId": "0ffc6677-92c1-b6ab-990f-4c428b350d1e",
      "RuleGroupLabelName": null,
      "ScopeLabelName": null,
      "RuleGroupName": "fc354f03-ba9a-4c82-8031-4a8d3a00d52a",
      "RuleGroupLabelPosition": 0.0,
      "ScopeLabelPosition": 700.0,
      "RuleGroupDescription": " ",
      "IsEnabled": true,
      "RuleGroupContent": {
        "ScopeExpression": null,
        "IsParameterized": false,
        "ParameterJson": null,
        "IsParallel": false,
        "RuleGroupText": "Measure.[Size Range Association SC L Final] = if(Measure.[Assorted SC L Final] == true) then coalesce(Measure.[Size Range Association SC Override],Measure.[Size Range Association SC L]);",
        "NamedNodeName": null,
        "PluginInstanceName": null,
        "PluginScopes": null,
        "PluginArguments": null,
        "PluginModified": false
      },
      "RuleGroupType": "Regular",
      "HasErrors": false,
      "ErrorMessage": null,
      "IgnoreErrors": false,
      "Translations": [],
      "DimensionUsages": [
        {
          "DimensionName": "Cluster",
          "AttributeName": "Cluster"
        },
        {
          "DimensionName": "Location",
          "AttributeName": "Location"
        },
        {
          "DimensionName": "Item",
          "AttributeName": "Planning Item"
        },
        {
          "DimensionName": "Sales Domain",
          "AttributeName": "Sales Planning Channel"
        },
        {
          "DimensionName": "Selling Season",
          "AttributeName": "Selling Season"
        },
        {
          "DimensionName": "Version",
          "AttributeName": "Version Name"
        }
      ],
      "MeasureUsages": [
        {
          "MeasureName": "Assorted SC L Final",
          "IsInput": true,
          "IsOutput": false
        },
        {
          "MeasureName": "Size Range Association SC L",
          "IsInput": true,
          "IsOutput": false
        },
        {
          "MeasureName": "Size Range Association SC L Final",
          "IsInput": false,
          "IsOutput": true
        },
        {
          "MeasureName": "Size Range Association SC Override",
          "IsInput": true,
          "IsOutput": false
        }
      ],
      "ActionButtonUsages": [],
      "RelationshipPropertyUsages": []
    },
    {
      "RuleGroupId": "7e746ae6-8cc7-bf99-69fd-af5b3fcaa1b3",
      "RuleGroupLabelName": null,
      "ScopeLabelName": null,
      "RuleGroupName": "058b8da5-6af9-4c82-830d-6fc272bf6411",
      "RuleGroupLabelPosition": 0.0,
      "ScopeLabelPosition": 900.0,
      "RuleGroupDescription": " ",
      "IsEnabled": true,
      "RuleGroupContent": {
        "ScopeExpression": null,
        "IsParameterized": false,
        "ParameterJson": null,
        "IsParallel": false,
        "RuleGroupText": "Measure.[Display Stock SC L Final] = if(Measure.[Assorted SC L Final]==true) then coalesce(Measure.[Display Stock SC L Override],Measure.[Display Stock SC L]);",
        "NamedNodeName": null,
        "PluginInstanceName": null,
        "PluginScopes": null,
        "PluginArguments": null,
        "PluginModified": false
      },
      "RuleGroupType": "Regular",
      "HasErrors": false,
      "ErrorMessage": null,
      "IgnoreErrors": false,
      "Translations": [],
      "DimensionUsages": [
        {
          "DimensionName": "Cluster",
          "AttributeName": "Cluster"
        },
        {
          "DimensionName": "Location",
          "AttributeName": "Location"
        },
        {
          "DimensionName": "Item",
          "AttributeName": "Planning Item"
        },
        {
          "DimensionName": "Sales Domain",
          "AttributeName": "Sales Planning Channel"
        },
        {
          "DimensionName": "Selling Season",
          "AttributeName": "Selling Season"
        },
        {
          "DimensionName": "Version",
          "AttributeName": "Version Name"
        }
      ],
      "MeasureUsages": [
        {
          "MeasureName": "Assorted SC L Final",
          "IsInput": true,
          "IsOutput": false
        },
        {
          "MeasureName": "Display Stock SC L",
          "IsInput": true,
          "IsOutput": false
        },
        {
          "MeasureName": "Display Stock SC L Final",
          "IsInput": false,
          "IsOutput": true
        },
        {
          "MeasureName": "Display Stock SC L Override",
          "IsInput": true,
          "IsOutput": false
        }
      ],
      "ActionButtonUsages": [],
      "RelationshipPropertyUsages": []
    },
    {
      "RuleGroupId": "ea55eb2b-1f3e-c833-bc0d-aa1352cb9e7e",
      "RuleGroupLabelName": null,
      "ScopeLabelName": null,
      "RuleGroupName": "858edd2c-dd8a-4f05-9efc-5a9087be1773",
      "RuleGroupLabelPosition": 0.0,
      "ScopeLabelPosition": 1100.0,
      "RuleGroupDescription": " ",
      "IsEnabled": true,
      "RuleGroupContent": {
        "ScopeExpression": null,
        "IsParameterized": false,
        "ParameterJson": null,
        "IsParallel": false,
        "RuleGroupText": "Measure.[Store Count SC L Final] = Measure.[Store Count];",
        "NamedNodeName": null,
        "PluginInstanceName": null,
        "PluginScopes": null,
        "PluginArguments": null,
        "PluginModified": false
      },
      "RuleGroupType": "Regular",
      "HasErrors": false,
      "ErrorMessage": null,
      "IgnoreErrors": false,
      "Translations": [],
      "DimensionUsages": [
        {
          "DimensionName": "Cluster",
          "AttributeName": "Cluster"
        },
        {
          "DimensionName": "Location",
          "AttributeName": "Location"
        },
        {
          "DimensionName": "Item",
          "AttributeName": "Planning Item"
        },
        {
          "DimensionName": "Sales Domain",
          "AttributeName": "Sales Planning Channel"
        },
        {
          "DimensionName": "Selling Season",
          "AttributeName": "Selling Season"
        },
        {
          "DimensionName": "Version",
          "AttributeName": "Version Name"
        }
      ],
      "MeasureUsages": [
        {
          "MeasureName": "Store Count",
          "IsInput": true,
          "IsOutput": false
        },
        {
          "MeasureName": "Store Count SC L Final",
          "IsInput": false,
          "IsOutput": true
        }
      ],
      "ActionButtonUsages": [],
      "RelationshipPropertyUsages": []
    }
  ]
}