{
  "LabelId": "dabc5a33-d6c0-0939-9098-15402e4b7851",
  "LabelName": "644b2c66-0ac9-4a2d-ae2d-3409776265b4",
  "LabelDescription": "To add Week grain to Assorted AggAP",
  "Position": 3.0,
  "RuleGroupType": "EvaluateMember",
  "IgnoreErrors": false,
  "HasErrors": false,
  "ErrorMessage": null,
  "ScopeExpression": {
    "AttributeMemberScopes": [
      {
        "FilterExpression": "&CWVAndScenarios"
      },
      {
        "FilterExpression": "&APWeeks"
      },
      {
        "FilterExpression": "%%Retail_AP_Range_WSSI_FS"
      }
    ]
  },
  "Formulas": [
    {
      "RuleGroupId": "6420bf45-87f5-9802-bf96-6a0e0e836578",
      "RuleGroupLabelName": null,
      "ScopeLabelName": null,
      "RuleGroupName": "d18bcb11-9cba-4a50-ab20-e7533cb164ba",
      "RuleGroupLabelPosition": 0.0,
      "ScopeLabelPosition": 100.0,
      "RuleGroupDescription": " ",
      "IsEnabled": false,
      "RuleGroupContent": {
        "ScopeExpression": null,
        "IsParameterized": false,
        "ParameterJson": null,
        "IsParallel": false,
        "RuleGroupText": "Measure.[Assorted SC L W]=if(Time.#.leadoffset(1).Key > todatetime(Measure.[Start Week SC L]) && Time.#.Key <= todatetime(Measure.[End Week SC L])) then Measure.[Assorted SC L] else Null;",
        "NamedNodeName": null,
        "PluginInstanceName": null,
        "PluginScopes": null,
        "PluginArguments": null,
        "PluginModified": false
      },
      "RuleGroupType": "EvaluateMember",
      "HasErrors": false,
      "ErrorMessage": null,
      "IgnoreErrors": false,
      "Translations": [],
      "DimensionUsages": [
        {
          "DimensionName": "Location",
          "AttributeName": "Location"
        },
        {
          "DimensionName": "Item",
          "AttributeName": "Planning Item"
        },
        {
          "DimensionName": "Sales Domain",
          "AttributeName": "Sales Planning Channel"
        },
        {
          "DimensionName": "Version",
          "AttributeName": "Version Name"
        },
        {
          "DimensionName": "Time",
          "AttributeName": "Week"
        }
      ],
      "MeasureUsages": [
        {
          "MeasureName": "Assorted SC L",
          "IsInput": true,
          "IsOutput": false
        },
        {
          "MeasureName": "Assorted SC L W",
          "IsInput": false,
          "IsOutput": true
        },
        {
          "MeasureName": "End Week SC L",
          "IsInput": true,
          "IsOutput": false
        },
        {
          "MeasureName": "Start Week SC L",
          "IsInput": true,
          "IsOutput": false
        }
      ],
      "ActionButtonUsages": [],
      "RelationshipPropertyUsages": []
    }
  ]
}