{
  "LabelId": "f882a66e-d537-b565-6ff3-a87e06b71416",
  "LabelName": "70a29716-9ca0-4bc5-8d5b-f3a6582b818a",
  "LabelDescription": "Calculate End Week for Full Price by subtracting from Markdown duration",
  "Position": 10.0,
  "RuleGroupType": "Regular",
  "IgnoreErrors": false,
  "HasErrors": false,
  "ErrorMessage": null,
  "ScopeExpression": {
    "AttributeMemberScopes": [
      {
        "FilterExpression": "&CWVAndScenarios"
      },
      {
        "FilterExpression": "%%Retail_AP_RP_Product_Cluster_FS"
      },
      {
        "FilterExpression": "%%Retail_AP_FD_Common_FS"
      }
    ]
  },
  "Formulas": [
    {
      "RuleGroupId": "a67e6411-e7da-5cc5-50eb-cb6fe0cb85e9",
      "RuleGroupLabelName": null,
      "ScopeLabelName": null,
      "RuleGroupName": "a413b8f5-e8eb-436d-afb3-e6087ae704c7",
      "RuleGroupLabelPosition": 0.0,
      "ScopeLabelPosition": 200.0,
      "RuleGroupDescription": " ",
      "IsEnabled": true,
      "RuleGroupContent": {
        "ScopeExpression": null,
        "IsParameterized": false,
        "ParameterJson": null,
        "IsParallel": false,
        "RuleGroupText": "Measure.[Full Price End Week SC L]=DateAdd(Measure.[End Week SC L],-1*Measure.[Markdown Weeks L],\"week\");",
        "NamedNodeName": null,
        "PluginInstanceName": null,
        "PluginScopes": null,
        "PluginArguments": null,
        "PluginModified": false
      },
      "RuleGroupType": "Regular",
      "HasErrors": false,
      "ErrorMessage": null,
      "IgnoreErrors": false,
      "Translations": [],
      "DimensionUsages": [
        {
          "DimensionName": "Cluster",
          "AttributeName": "Cluster"
        },
        {
          "DimensionName": "Location",
          "AttributeName": "Location"
        },
        {
          "DimensionName": "Item",
          "AttributeName": "Planning Item"
        },
        {
          "DimensionName": "Sales Domain",
          "AttributeName": "Sales Planning Channel"
        },
        {
          "DimensionName": "Selling Season",
          "AttributeName": "Selling Season"
        },
        {
          "DimensionName": "Version",
          "AttributeName": "Version Name"
        }
      ],
      "MeasureUsages": [
        {
          "MeasureName": "End Week SC L",
          "IsInput": true,
          "IsOutput": false
        },
        {
          "MeasureName": "Full Price End Week SC L",
          "IsInput": false,
          "IsOutput": true
        },
        {
          "MeasureName": "Markdown Weeks L",
          "IsInput": true,
          "IsOutput": false
        }
      ],
      "ActionButtonUsages": [],
      "RelationshipPropertyUsages": []
    }
  ]
}