{
  "MeasureName": "InSeason Sell Thru % Calculated",
  "MeasureId": "6f72d27e-d021-4078-edcf-9e1ff2a85078",
  "MeasureDescription": "InSeason Sell Thru % Calculated",
  "DataType": "number",
  "MeasureType": "Regular",
  "AggregateFunction": "AvgNonNullOrZero",
  "FormatString": "0.00%",
  "MeasureColumnName": "InSeasonSellThru%Calculated",
  "MeasureFormula": "",
  "IsEditable": false,
  "ApplyConversion": false,
  "ConversionFormula": "",
  "PickListName": null,
  "BgColorFormula": " IF(abs((Measure.[InSeason Sell Thru % Calculated]-Measure.[Sell Through % SC L W Final]))>0.02&&abs((Measure.[InSeason Sell Thru % Calculated]-Measure.[Sell Through % SC L W Final]))<0.05) then argb( 1,255, 135, 135) else  IF(abs((Measure.[InSeason Sell Thru % Calculated]-Measure.[Sell Through % SC L W Final]))>=0.05) then argb( 1,247, 23, 23)",
  "FgColorFormula": "",
  "TrendFormula": "",
  "FormattingViewModel": "[\r\n  {\r\n    \"BGCOLOR\": \"argb(1,255,135,135)\",\r\n    \"Condition\": \"abs((Measure.[InSeason Sell Thru % Calculated]-Measure.[Sell Through % SC L W Final]))>0.02&&abs((Measure.[InSeason Sell Thru % Calculated]-Measure.[Sell Through % SC L W Final]))<0.05\"\r\n  },\r\n  {\r\n    \"BGCOLOR\": \"argb(1,247,23,23)\",\r\n    \"Condition\": \"abs((Measure.[InSeason Sell Thru % Calculated]-Measure.[Sell Through % SC L W Final]))>=0.05\"\r\n  }\r\n]",
  "ParentMeasureName": null,
  "AssociationMeasure": false,
  "IsComputedByPlanningService": true,
  "ToolTip": "InSeason Sell Thru % Calculated",
  "ConfigJson": {},
  "ApiName": null,
  "ApiDisabled": false,
  "IsReportingMeasure": false,
  "MeasureConditionalFormulaProperties": [
    {
      "MeasureName": null,
      "ConditionalFormula": "abs((Measure.[InSeason Sell Thru % Calculated]-Measure.[Sell Through % SC L W Final]))>0.02&&abs((Measure.[InSeason Sell Thru % Calculated]-Measure.[Sell Through % SC L W Final]))<0.05",
      "BGCOLOR": "argb(1,255,135,135)",
      "LegendText": "",
      "DisplayOrder": 0
    },
    {
      "MeasureName": null,
      "ConditionalFormula": "abs((Measure.[InSeason Sell Thru % Calculated]-Measure.[Sell Through % SC L W Final]))>=0.05",
      "BGCOLOR": "argb(1,247,23,23)",
      "LegendText": "",
      "DisplayOrder": 1
    }
  ],
  "PicklistSource": null
}