{
  "MeasureGroupName": "003 Sales Correction Results",
  "MeasureGroupId": "26dfb3a8-6330-f5ac-6f3b-3fbabfc6180a",
  "ParentMeasureGroupName": null,
  "HasShadow": false,
  "MeasureGroupDescription": "Sales Correction Results",
  "MeasureGroupType": "Regular",
  "FactTableName": "Fact003SalesCorrectionResults",
  "SchemaMajorVersion": 0,
  "ConfigJson": {},
  "ApiName": null,
  "Repartition": false,
  "Unpartition": false,
  "ApiEnabled": false,
  "DimensionUsages": [
    {
      "DimensionName": "Version",
      "AttributeName": "Version Name",
      "SortOrder": 0,
      "DimensionType": "Regular"
    },
    {
      "DimensionName": "NamedNode",
      "AttributeName": "Retail_AP_SZP_Product_Location_NN",
      "SortOrder": 1,
      "DimensionType": "NamedNode"
    }
  ]
}