{
  "AttributeName": "Batch ID",
  "AttributeId": "f7839f47-2415-0deb-9ef3-5e04980b1086",
  "AttributeHierarchyEnabled": true,
  "IsKey": true,
  "Description": "Batch ID",
  "OrderBy": "Name",
  "KeyColumnName": "BatchIDKey",
  "NameColumnName": "BatchIDName",
  "KeyColumnDataType": "integer",
  "SeedTags": false,
  "KeyGenerationType": "Auto",
  "PickListName": null,
  "ConfigJson": {
    "ShowFilterAs": "TileView",
    "MemberDisplayNameEditable": false,
    "IsMultipleImage": false,
    "MemberDisplayColor": false
  },
  "FormatString": null,
  "Translation": null,
  "Aliases": [],
  "ApiName": null,
  "ApiDisabled": false,
  "FgColorFormula": "",
  "BgColorFormula": "",
  "IsReservedBySystem": false
}