{
  "MeasureName": "Staging Table With SAP Master Table Column",
  "MeasureId": "309f055d-c4ef-4f5c-bad8-851b23032707",
  "MeasureDescription": "Staging Table With SAP Master Table Column",
  "DataType": "string",
  "MeasureType": "Regular",
  "AggregateFunction": "Null",
  "FormatString": "#,##0;(#,##0)",
  "MeasureColumnName": "StagingTableWithSAPMasterTableColumn",
  "MeasureFormula": "",
  "IsEditable": true,
  "ApplyConversion": false,
  "ConversionFormula": "",
  "PickListName": null,
  "BgColorFormula": "",
  "FgColorFormula": "",
  "TrendFormula": "",
  "FormattingViewModel": null,
  "ParentMeasureName": null,
  "AssociationMeasure": false,
  "IsComputedByPlanningService": false,
  "ToolTip": "Stg Table W SAP Master Table Column",
  "ConfigJson": {},
  "ApiName": null,
  "ApiDisabled": false,
  "IsReportingMeasure": false,
  "MeasureConditionalFormulaProperties": [],
  "PicklistSource": null
}