{
  "HierarchyName": "Retail Location Hierarchy",
  "HierarchyId": "5b1b65dd-6559-29d7-2218-eb249d1e7492",
  "HierarchyDescription": "Retail Location Hierarchy",
  "Translations": null,
  "Levels": [
    {
      "LevelName": "All Location",
      "LevelId": "028e764b-306d-75e7-05b4-53e7648abd4f",
      "SourceAttributeName": "All Location",
      "LevelDescription": "All Locations roll upto this. Usually contains 'All' as its member.",
      "LevelPosition": 0,
      "Translations": null
    },
    {
      "LevelName": "Geo Region",
      "LevelId": "4636589f-1d37-846d-b6a5-9f16f7d7cd9c",
      "SourceAttributeName": "Geo Region",
      "LevelDescription": "Geo Region",
      "LevelPosition": 1,
      "Translations": null
    },
    {
      "LevelName": "Location Country",
      "LevelId": "9c6f1b35-df4e-e2b3-654a-878c394f1ee8",
      "SourceAttributeName": "Location Country",
      "LevelDescription": "Country",
      "LevelPosition": 2,
      "Translations": null
    },
    {
      "LevelName": "Location Region",
      "LevelId": "3a309757-5280-db0f-e6e0-0f40291b576b",
      "SourceAttributeName": "Location Region",
      "LevelDescription": "Region",
      "LevelPosition": 3,
      "Translations": null
    },
    {
      "LevelName": "Reporting Location",
      "LevelId": "ec3b6639-46f7-9054-65e9-079a1c5f4f95",
      "SourceAttributeName": "Reporting Location",
      "LevelDescription": "Reporting Location",
      "LevelPosition": 4,
      "Translations": null
    },
    {
      "LevelName": "Location",
      "LevelId": "d7a4ea48-2bc3-4225-98c2-53dae066288b",
      "SourceAttributeName": "Location",
      "LevelDescription": "Location from supply perspective. Consists of mainly manufacturing and distribution locations. Supplier locations are created in this dimension, based on supplier_location within Supplier dimension. ",
      "LevelPosition": 5,
      "Translations": null
    }
  ],
  "IsEnabled": true,
  "ErrorMessage": null
}