{
  "MeasureName": "TD Ttl Sls Unt Build %",
  "MeasureId": "98aabc85-32f3-baa6-afd4-7b703b3f7173",
  "MeasureDescription": "TD Total Sales Unit Build %",
  "DataType": "number",
  "MeasureType": "Regular",
  "AggregateFunction": "Computed",
  "FormatString": "0.00%",
  "MeasureColumnName": "TDTtlSlsUntBuild%",
  "MeasureFormula": "safedivide(Measure.[TD Ttl Sls Unt]-Measure.[TD Ttl Sls Unt]@(Time.#.LeadOffset(-1)),Measure.[TD Ttl Sls Unt]@(Time.#.LeadOffset(-1)))",
  "IsEditable": false,
  "ApplyConversion": false,
  "ConversionFormula": "",
  "PickListName": null,
  "BgColorFormula": "",
  "FgColorFormula": "",
  "TrendFormula": "",
  "FormattingViewModel": "[]",
  "ParentMeasureName": null,
  "AssociationMeasure": false,
  "IsComputedByPlanningService": false,
  "ToolTip": "TD Total Sales Unit Build %",
  "ConfigJson": {},
  "ApiName": null,
  "ApiDisabled": false,
  "IsReportingMeasure": false,
  "MeasureConditionalFormulaProperties": [],
  "PicklistSource": null
}