{
  "AttributeName": "Solution Name",
  "AttributeId": "fd03f66c-3c44-469c-bcdb-bd70a98f84ef",
  "AttributeHierarchyEnabled": true,
  "IsKey": true,
  "Description": "Solution Name",
  "OrderBy": "Name",
  "KeyColumnName": "SolutionNameKey",
  "NameColumnName": "SolutionNameName",
  "KeyColumnDataType": "integer",
  "SeedTags": false,
  "KeyGenerationType": "Auto",
  "PickListName": null,
  "ConfigJson": {
    "ShowFilterAs": "TileView",
    "MemberDisplayNameEditable": true
  },
  "FormatString": null,
  "Translation": null,
  "Aliases": [],
  "ApiName": null,
  "ApiDisabled": false
}