{
  "HierarchyName": "Sales Order",
  "HierarchyId": "e60a4669-3f24-4597-8d2f-18b56bff1d0d",
  "HierarchyDescription": "Sales Order Hierarchy",
  "Translations": [],
  "Levels": [
    {
      "LevelName": "Demand Group",
      "LevelId": "7341842b-959d-4df7-b823-14b95d4c4e04",
      "SourceAttributeName": "Demand Group",
      "LevelDescription": "Order or Forecast grouping ",
      "LevelPosition": 0,
      "Translations": []
    },
    {
      "LevelName": "Demand HeaderID",
      "LevelId": "b31fd7b1-57cb-4e88-a61d-ff39178ac520",
      "SourceAttributeName": "Demand HeaderID",
      "LevelDescription": "Header ID of the Sales Order",
      "LevelPosition": 1,
      "Translations": []
    },
    {
      "LevelName": "Demand RequestID",
      "LevelId": "e92d4707-6759-475b-9d1e-01434c212e36",
      "SourceAttributeName": "Demand RequestID",
      "LevelDescription": "Sales Order Header ID and Sales Order Line ID concatenated",
      "LevelPosition": 2,
      "Translations": []
    },
    {
      "LevelName": "DemandID",
      "LevelId": "97391b41-2253-4b61-91a7-4b26f097f946",
      "SourceAttributeName": "DemandID",
      "LevelDescription": "Internally generated ID to enable easy filtering and analysis using solver outputs. It's OrderID for orders and a concatenated string for netted forecasts. ",
      "LevelPosition": 3,
      "Translations": []
    }
  ]
}