{
  "MeasureName": "Priority Number",
  "MeasureId": "8c94f4bc-df27-4a7f-9666-f81131e2b21d",
  "MeasureDescription": "Priority Number",
  "DataType": "number",
  "MeasureType": "Regular",
  "AggregateFunction": "Max",
  "FormatString": "#,##0;(#,##0)",
  "MeasureColumnName": "PriorityNumber",
  "MeasureFormula": "",
  "IsEditable": true,
  "ApplyConversion": false,
  "ConversionFormula": "",
  "PickListName": null,
  "BgColorFormula": " IF(Measure.[Priority Rule Sequence]>0&&isnull(Measure.[Priority Number])) then argb( 1,255, 58, 62)",
  "FgColorFormula": " IF(Measure.[Priority Rule Sequence]>0&&isnull(Measure.[Priority Number])) then argb( 1,255, 255, 255)",
  "TrendFormula": "",
  "FormattingViewModel": "[\r\n  {\r\n    \"BGCOLOR\": \"argb(1,255,58,62)\",\r\n    \"FGCOLOR\": \"argb(1,255,255,255)\",\r\n    \"Condition\": \"Measure.[Priority Rule Sequence]>0&&isnull(Measure.[Priority Number])\"\r\n  }\r\n]",
  "ParentMeasureName": null,
  "AssociationMeasure": false,
  "IsComputedByPlanningService": false,
  "ToolTip": "Priority Number",
  "ConfigJson": {},
  "ApiName": null,
  "ApiDisabled": false,
  "IsReportingMeasure": false,
  "MeasureConditionalFormulaProperties": [
    {
      "MeasureName": null,
      "ConditionalFormula": "Measure.[Priority Rule Sequence]>0&&isnull(Measure.[Priority Number])",
      "BGCOLOR": "argb(1,255,58,62)",
      "LegendText": "",
      "DisplayOrder": 0
    }
  ],
  "PicklistSource": null
}