{
  "HierarchyName": "Location Type Hierarchy",
  "HierarchyId": "bf19b49c-d102-48b3-ae8a-fb62f8f42cd2",
  "HierarchyDescription": "Location Type Hierarchy",
  "Translations": [],
  "Levels": [
    {
      "LevelName": "All Location",
      "LevelId": "d8c9e82b-c182-46d2-9306-24236927b73e",
      "SourceAttributeName": "All Location",
      "LevelDescription": "All Location",
      "LevelPosition": 0,
      "Translations": []
    },
    {
      "LevelName": "Location Type",
      "LevelId": "f79d5f2d-1509-4b51-86d5-be31e4bf1e7f",
      "SourceAttributeName": "Location Type",
      "LevelDescription": "Location Type",
      "LevelPosition": 1,
      "Translations": []
    },
    {
      "LevelName": "Reporting Location",
      "LevelId": "653768e0-be77-4b66-ac19-0c179828cabe",
      "SourceAttributeName": "Reporting Location",
      "LevelDescription": "Reporting Location",
      "LevelPosition": 2,
      "Translations": []
    },
    {
      "LevelName": "Location",
      "LevelId": "6bb1c3e6-4731-4398-80c6-160e3cd22fd8",
      "SourceAttributeName": "Location",
      "LevelDescription": "Location from supply perspective. Consists of mainly manufacturing and distribution locations. Supplier locations are created in this dimension, based on supplier_location within Supplier dimension. ",
      "LevelPosition": 3,
      "Translations": []
    }
  ]
}