{
  "Name": "ODP011ADDDemandtorelease",
  "Description": "Demand to release",
  "ActionButtonId": "c6532f7b-dbb8-6733-8bec-a5751893ef8d",
  "Tooltip": "Add Demand to release",
  "ActionButtonType": "Widget",
  "Alignment": "right",
  "IsPopOver": true,
  "IsGlobal": true,
  "ActionClickHandler": null,
  "Icon": null,
  "Image": null,
  "ConfigJson": {
    "icon": "plus",
    "SubmitButton": {
      "Label": "Submit"
    },
    "ResetButton": {
      "Label": "Reset"
    },
    "CloseButton": {
      "Label": "Close",
      "ConfirmMessage": "Unsaved changes will be lost. Continue?"
    },
    "NotifyRoles": true,
    "NotifyAll": false,
    "IBPLRules": [
      {
        "template": "Cartesian Scope:(Version.[Version Name]{{#filter Version}} * [Item].[Item]{{#filter Item}} * [Sales Domain].[Customer Group]{{#filter CustomerGroup}} * [Location].[Location]{{#filter Location}} * [Demand Type].[Demand Type]{{#filter DemandType}}); \nMeasure.[Demand To Release] = {{DemandToRelease}};\nend scope;"
      }
    ],
    "JavascriptRules": [],
    "FieldBindings": [
      {
        "fieldName": "Version",
        "title": "Version",
        "type": "picklistDropdown",
        "selectionType": "single",
        "clearSearch": true,
        "source": "filter",
        "DimensionName": "Version",
        "LevelAttributeName": "Version Name",
        "visible": true,
        "isEditable": true,
        "validation": {
          "maxLength": "0",
          "required": true
        }
      },
      {
        "fieldName": "Item",
        "title": "Item",
        "Description": "Item",
        "type": "picklistDropdown",
        "selectionType": "single",
        "clearSearch": true,
        "source": "datasource",
        "key": "ItemDS",
        "valueField": "Name",
        "textField": "Name",
        "visible": true,
        "isEditable": true,
        "validation": {
          "maxLength": "0",
          "required": true
        },
        "overrideFieldBindingType": false
      },
      {
        "fieldName": "Location",
        "title": "Location",
        "Description": "Location",
        "type": "picklistDropdown",
        "selectionType": "single",
        "clearSearch": true,
        "source": "datasource",
        "key": "LocationDS",
        "valueField": "Name",
        "textField": "Name",
        "visible": true,
        "isEditable": true,
        "cascadeFrom": "Item",
        "validation": {
          "maxLength": "0",
          "required": true
        },
        "overrideFieldBindingType": false
      },
      {
        "fieldName": "DemandType",
        "title": "DemandType",
        "Description": "DemandType",
        "type": "picklistDropdown",
        "selectionType": "single",
        "clearSearch": true,
        "source": "datasource",
        "key": "DemandTypeDS",
        "valueField": "Name",
        "visible": true,
        "isEditable": true,
        "validation": {
          "maxLength": "0",
          "required": true
        },
        "textField": "Name",
        "overrideFieldBindingType": false
      },
      {
        "fieldName": "CustomerGroup",
        "title": "CustomerGroup",
        "Description": "CustomerGroup",
        "type": "picklistDropdown",
        "selectionType": "single",
        "clearSearch": true,
        "source": "datasource",
        "key": "CustomerGroupDS",
        "valueField": "Name",
        "textField": "Name",
        "visible": true,
        "isEditable": true,
        "validation": {
          "maxLength": "0",
          "required": true
        },
        "overrideFieldBindingType": false
      },
      {
        "fieldName": "DemandToRelease",
        "title": "Demand to release",
        "Description": "Demand to release",
        "type": "boolean",
        "selectionType": "single",
        "clearSearch": true,
        "source": "picklist",
        "visible": true,
        "isEditable": true,
        "validation": {
          "maxLength": "0",
          "required": true
        },
        "defaultValue": false
      }
    ],
    "Range": [],
    "DataSources": [
      {
        "Name": "ItemDS",
        "IBPLRules": [
          {
            "template": "Select [Item].[Item].filter(#.Name startswith ([F]));"
          }
        ],
        "JavascriptRules": [],
        "IncludeDSFieldsOnly": false,
        "FieldBindings": []
      },
      {
        "Name": "LocationDS",
        "IBPLRules": [
          {
            "template": "select ([Location].[Location]) where{Version.[Version Name]{{#filter Version}}, [Item].[Item]{{#filter Item}}, Measure.[ERP Item Location Association] > 0};"
          }
        ],
        "JavascriptRules": [],
        "IncludeDSFieldsOnly": false,
        "FieldBindings": []
      },
      {
        "Name": "DemandTypeDS",
        "IBPLRules": [
          {
            "template": "Select[Demand Type].[Demand Type];"
          }
        ],
        "JavascriptRules": [],
        "IncludeDSFieldsOnly": false,
        "FieldBindings": []
      },
      {
        "Name": "CustomerGroupDS",
        "IBPLRules": [
          {
            "template": "Select [Sales Domain].[Customer Group];"
          }
        ],
        "JavascriptRules": [],
        "IncludeDSFieldsOnly": false,
        "FieldBindings": []
      }
    ],
    "AutoExecute": false,
    "isAsync": false,
    "hasMembersUpdates": false,
    "Compact": true,
    "TwoColumn": false,
    "IsGlobalForExcelAddIn": false,
    "ReturnFilterByUpdate": false,
    "ExcludeFromNavLink": false,
    "FilterFieldBindings": []
  },
  "Widget": null,
  "Roles": []
}