{
  "Name": "130CreateNewAssortmentWithLikeAssortment",
  "Description": null,
  "ActionButtonId": "6363ed73-2cdb-0d80-59f4-bd99d90cda15",
  "Tooltip": "Create New Assortment",
  "ActionButtonType": "Widget",
  "Alignment": "right",
  "IsPopOver": true,
  "IsGlobal": true,
  "ActionClickHandler": null,
  "Icon": null,
  "Image": null,
  "ConfigJson": {
    "DisplayName": "New Assortment",
    "icon": "plus-square-o",
    "SubmitButton": {
      "Label": "Submit",
      "ProgressMessage": "Executing...",
      "SuccessMessage": "Successfully Executed.",
      "ErrorMessage": "Error in Execution.",
      "ConfirmMessage": "Are you sure you want to go ahead with the changes?"
    },
    "ResetButton": {
      "Label": "Reset"
    },
    "CloseButton": {
      "Label": "Close",
      "ConfirmMessage": "Unsaved changes will be lost. Continue?"
    },
    "NotifyAll": false,
    "IBPLRules": [
      {
        "template": "Cartesian Scope:(Version.[Version Name]{{#filter Version}} * &AllItem{{#filter Item}} * &AllPlanningAccount{{#filter PlanningAccount}} * &AllPlanningChannel{{#filter PlanningChannel}} * &AllPlanningRegion{{#filter PlanningRegion}} * &AllPlanningPnL{{#filter PlanningPnL}} * &AllPlanningDemandDomain{{#filter PlanningDemandDomain}} * &AllLocation{{#filter Location}});\nMeasure.[Assortment New] = 1;\nEnd scope;\n\nScope:(Version.[Version Name]{{#filter Version}} * &AllItem{{#filter Item}} * &AllPlanningAccount{{#filter PlanningAccount}} * &AllPlanningChannel{{#filter PlanningChannel}} * &AllPlanningRegion{{#filter PlanningRegion}} * &AllPlanningPnL{{#filter PlanningPnL}} * &AllPlanningDemandDomain{{#filter PlanningDemandDomain}} * &AllLocation{{#filter Location}});\nMeasure.[Assortment Inactive] = null;\nEnd scope;\n\nscope: (&AllItem{{#filter Item}} * &AllPlanningAccount{{#filter PlanningAccount}} * &AllPlanningChannel{{#filter PlanningChannel}} * &AllPlanningRegion{{#filter PlanningRegion}} * &AllPlanningPnL{{#filter PlanningPnL}} * &AllPlanningDemandDomain{{#filter PlanningDemandDomain}} * &AllLocation{{#filter Location}} * Version.[Version Name]{{#filter Version}});\nMeasure.[Assortment Final] = if(sum(Measure.[Assortment System], Measure.[Assortment New]) >=1 && coalesce(Measure.[Assortment Inactive],0)>=1) then 0 else 1;\nend scope;\n\n{{#if IsNewItem}}\n{{#if ExistingItemInPlanningItem}}\n{{#else}}\nCartesian Scope:(Version.[Version Name]{{#filter Version}} * &AllItem{{#filter Item}}.Filter(#.[Is New Item] == TRUE).relatedmembers([Planning Item]) * &AllPlanningAccount{{#filter PlanningAccount}} * &AllPlanningChannel{{#filter PlanningChannel}} * &AllPlanningRegion{{#filter PlanningRegion}} * &AllPlanningPnL{{#filter PlanningPnL}} * &AllPlanningDemandDomain{{#filter PlanningDemandDomain}} * &AllLocation{{#filter Location}}.relatedmembers([Planning Location]));\nMeasure.[Is Assorted] = 1;\nEnd scope;\n\nScope:(Version.[Version Name]{{#filter Version}} * &AllItem{{#filter Item}}.Filter(#.[Is New Item] == TRUE).relatedmembers([Planning Item]) * &AllPlanningAccount{{#filter PlanningAccount}} * &AllPlanningChannel{{#filter PlanningChannel}} * &AllPlanningRegion{{#filter PlanningRegion}} * &AllPlanningPnL{{#filter PlanningPnL}} * &AllPlanningDemandDomain{{#filter PlanningDemandDomain}} * &AllLocation{{#filter Location}}.relatedmembers([Planning Location]));\nMeasure.[Intro Date] = if (Item.#.[Planning Item Intro Date] > ToDateTime(\"1900-01-01\")) then todatetime(Item.#.[Planning Item Intro Date]); \nMeasure.[Disco Date] = if (Item.#.[Planning Item Disc Date]>ToDateTime(\"1900-01-01\")) then todatetime(Item.#.[Planning Item Disc Date]);\nMeasure.[Assortment Creation Date] = todatetime(now());\nEnd scope;\n\nscope: (Version.[Version Name]{{#filter Version}} * &AllItem{{#filter Item}}.relatedmembers([Planning Item]) * &AllPlanningAccount{{#filter PlanningAccount}} * &AllPlanningChannel{{#filter PlanningChannel}} * &AllPlanningRegion{{#filter PlanningRegion}} * &AllPlanningPnL{{#filter PlanningPnL}} * &AllPlanningDemandDomain{{#filter PlanningDemandDomain}} * &AllLocation{{#filter Location}}.relatedmembers([Planning Location]));\nMeasure.[Generate System Like Item Match Assortment] = if (coalesce(Measure.[Is Assorted],0)==1) then 1;\nend scope;\n\nEXEC plugin instance [DP021SystemLikeAssortmentMatch] for measures {[Like Item Actual]} using scope (Version.[Version Name]{{#filter Version}}) using arguments {([IgnoreMissingOutputs], true),([MaxSliceTableCells], 2000000000),(\"IncludeNullRows\", \"False\"), (DriverMemory, \"32G\") , (DriverCores, 12), (NumExecutors, 12), (ExecutorMemory, \"20G\"), (ExecutorCores, 10)};\n\nscope: (Version.[Version Name]{{#filter Version}} * &AllItem{{#filter Item}}.relatedmembers([Planning Item]) * &AllPlanningAccount{{#filter PlanningAccount}} * &AllPlanningChannel{{#filter PlanningChannel}} * &AllPlanningRegion{{#filter PlanningRegion}} * &AllPlanningPnL{{#filter PlanningPnL}} * &AllPlanningDemandDomain{{#filter PlanningDemandDomain}} * &AllLocation{{#filter Location}}.relatedmembers([Planning Location]));\nMeasure.[Generate System Like Item Match Assortment] = Null;\nend scope;\n\ncartesian scope: ([620 Like Assortment Match], [Version].[Version Name]{{#filter Version}}, FROM &AllItem{{#filter Item}}.relatedmembers([Planning Item]) *  &AllPlanningAccount{{#filter PlanningAccount}}  * &AllPlanningChannel{{#filter PlanningChannel}} *&AllPlanningRegion{{#filter PlanningRegion}} * &AllPlanningPnL{{#filter PlanningPnL}} * &AllPlanningDemandDomain{{#filter PlanningDemandDomain}} *&AllLocation{{#filter Location}}.relatedmembers([Planning Location]) , TO [Item].[Planning Item] * [Account].[Planning Account] * [Channel].[Planning Channel] * [Region].[Planning Region] * [PnL].[Planning PnL] * [Demand Domain].[Planning Demand Domain] * [Location].[Planning Location]);\nEdge.[Final Like Assortment Selected] = Edge.[620 Like Assortment Match].[System Suggested Like Assortment];\nend scope;\n\nscope: (Version.[Version Name]{{#filter Version}} * &AllItem{{#filter Item}}.relatedmembers([Planning Item]) * &AllPlanningAccount{{#filter PlanningAccount}} * &AllPlanningChannel{{#filter PlanningChannel}} * &AllPlanningRegion{{#filter PlanningRegion}} * &AllPlanningPnL{{#filter PlanningPnL}} * &AllPlanningDemandDomain{{#filter PlanningDemandDomain}} * &AllLocation{{#filter Location}}.relatedmembers([Planning Location]));\nMeasure.[Populate Like Item Fcst Assortment] = if (coalesce(Measure.[Is Assorted],0)==1) then 1;\nMeasure.[Like Item Fcst Method] = if(isnull(Measure.[Like Item Fcst Method])) then \"Weighted Average\" else Measure.[Like Item Fcst Method];\nend scope;\n\nEXEC plugin instance [DP023PopulateLikeAssortmentFcst] for measures {[Stat Fcst NPI BB]} using scope (Version.[Version Name]{{#filter Version}}) using arguments {([MaxSliceTableCells],9999999),([MaxMessageLength],9999999),(\"IncludeNullRows\",\"False\"),(ExecutionMode, \"MediumWeight\")};\n\nscope: (Version.[Version Name]{{#filter Version}} * &AllItem{{#filter Item}}.relatedmembers([Planning Item]) * &AllPlanningAccount{{#filter PlanningAccount}} * &AllPlanningChannel{{#filter PlanningChannel}} * &AllPlanningRegion{{#filter PlanningRegion}} * &AllPlanningPnL{{#filter PlanningPnL}} * &AllPlanningDemandDomain{{#filter PlanningDemandDomain}} * &AllLocation{{#filter Location}}.relatedmembers([Planning Location]));\nMeasure.[Populate Like Item Fcst Assortment] = Null;\nend scope;\n\nscope: (Version.[Version Name]{{#filter Version}} * &AllItem{{#filter Item}}.relatedmembers([Planning Item]) * &AllPlanningAccount{{#filter PlanningAccount}} * &AllPlanningChannel{{#filter PlanningChannel}} * &AllPlanningRegion{{#filter PlanningRegion}} * &AllPlanningPnL{{#filter PlanningPnL}} * &AllPlanningDemandDomain{{#filter PlanningDemandDomain}} * &AllLocation{{#filter Location}}.relatedmembers([Planning Location]));\nMeasure.[Scaling Factor] = 1;\nend scope;\n\nEXEC plugin instance [DP049PopulateNPIFcst] for measures {[Like Item Fcst]} using scope (Version.[Version Name]{{#filter Version}} * &AllItem{{#filter Item}}.relatedmembers([Planning Item]) * &AllPlanningAccount{{#filter PlanningAccount}} * &AllPlanningChannel{{#filter PlanningChannel}} * &AllPlanningRegion{{#filter PlanningRegion}} * &AllPlanningPnL{{#filter PlanningPnL}} * &AllPlanningDemandDomain{{#filter PlanningDemandDomain}} * &AllLocation{{#filter Location}}.relatedmembers([Planning Location])) using arguments { ([IgnoreMissingOutputs], true), ([MaxSliceTableCells],2000000000),(\"IncludeNullRows\", \"False\"),(ExecutionMode, \"MediumWeight\")};\n{{/if}}\n{{/if}}"
      }
    ],
    "JavascriptRules": [],
    "FieldBindings": [
      {
        "fieldName": "Item",
        "title": "Item",
        "Description": "Item for New Assortment Creation",
        "type": "picklistDropdown",
        "selectionType": "single",
        "clearSearch": true,
        "source": "parentAttributeWithMember",
        "DimensionName": "Item",
        "key": {
          "LevelAttribute": {
            "Name": "Item",
            "Property": "Name"
          }
        },
        "visible": true,
        "isEditable": true,
        "validation": {
          "required": true
        },
        "fieldGroup": "Item"
      },
      {
        "fieldName": "PlanningAccount",
        "title": "Planning Account",
        "Description": "Planning Account for New Assortment Creation",
        "type": "picklistDropdown",
        "selectionType": "single",
        "clearSearch": true,
        "source": "parentAttributeWithMember",
        "DimensionName": "Account",
        "key": {
          "LevelAttribute": {
            "Name": "Planning Account",
            "Property": "Name"
          }
        },
        "visible": true,
        "isEditable": true,
        "validation": {
          "required": true
        },
        "fieldGroup": "Customer"
      },
      {
        "fieldName": "PlanningChannel",
        "title": "Planning Channel",
        "Description": "Planning Channel for New Assortment Creation",
        "type": "picklistDropdown",
        "selectionType": "single",
        "clearSearch": true,
        "source": "parentAttributeWithMember",
        "DimensionName": "Channel",
        "key": {
          "LevelAttribute": {
            "Name": "Planning Channel",
            "Property": "Name"
          }
        },
        "visible": true,
        "isEditable": true,
        "validation": {
          "required": true
        },
        "fieldGroup": "Customer"
      },
      {
        "fieldName": "PlanningRegion",
        "title": "Planning Region",
        "Description": "Planning Region for New Assortment Creation",
        "type": "picklistDropdown",
        "selectionType": "single",
        "clearSearch": true,
        "source": "parentAttributeWithMember",
        "DimensionName": "Region",
        "key": {
          "LevelAttribute": {
            "Name": "Planning Region",
            "Property": "Name"
          }
        },
        "visible": true,
        "isEditable": true,
        "validation": {
          "required": true
        },
        "fieldGroup": "Customer"
      },
      {
        "fieldName": "Location",
        "title": "Location",
        "Description": "Location for New Assortment Creation",
        "type": "picklistDropdown",
        "selectionType": "single",
        "clearSearch": true,
        "source": "parentAttributeWithMember",
        "DimensionName": "Location",
        "key": {
          "LevelAttribute": {
            "Name": "Location",
            "Property": "Name"
          }
        },
        "visible": true,
        "isEditable": true,
        "validation": {
          "required": true
        },
        "fieldGroup": "Location"
      },
      {
        "fieldName": "PlanningPnL",
        "title": "Planning PnL",
        "Description": "Planning PnL for New Assortment Creation",
        "type": "picklistDropdown",
        "selectionType": "single",
        "clearSearch": true,
        "source": "parentAttributeWithMember",
        "DimensionName": "PnL",
        "key": {
          "LevelAttribute": {
            "Name": "Planning PnL",
            "Property": "Name"
          }
        },
        "visible": true,
        "isEditable": true,
        "validation": {
          "required": true
        },
        "fieldGroup": "Others"
      },
      {
        "fieldName": "PlanningDemandDomain",
        "title": "Planning Demand Domain",
        "Description": "Planning Demand Domain for New Assortment Creation",
        "type": "picklistDropdown",
        "selectionType": "single",
        "clearSearch": true,
        "source": "parentAttributeWithMember",
        "DimensionName": "Demand Domain",
        "key": {
          "LevelAttribute": {
            "Name": "Planning Demand Domain",
            "Property": "Name"
          }
        },
        "visible": true,
        "isEditable": true,
        "validation": {
          "required": true
        },
        "fieldGroup": "Others"
      },
      {
        "fieldName": "Version",
        "title": "Version",
        "Description": "Version",
        "type": "picklist",
        "selectionType": "single",
        "clearSearch": true,
        "source": "filter",
        "DimensionName": "Version",
        "LevelAttributeName": "Version Name",
        "visible": false,
        "isEditable": false,
        "validation": {
          "maxLength": "0",
          "required": true
        }
      },
      {
        "fieldName": "ExistingItemInPlanningItem",
        "title": "ExistingItemInPlanningItem",
        "type": "combobox",
        "selectionType": "single",
        "clearSearch": true,
        "select": "ALL",
        "source": "datasource",
        "key": "ExistingItemInPlanningItem",
        "valueField": "result",
        "textField": "result",
        "overrideFieldBindingType": false,
        "visible": false,
        "isEditable": false,
        "cascadeFrom": "Item",
        "validation": {
          "maxLength": "0",
          "required": false
        }
      },
      {
        "fieldName": "IsNewItem",
        "title": "IsNewItem",
        "type": "picklist",
        "selectionType": "single",
        "clearSearch": true,
        "select": "ALL",
        "source": "datasource",
        "key": "IsNewItem",
        "valueField": "Name",
        "textField": "Name",
        "overrideFieldBindingType": false,
        "visible": false,
        "isEditable": false,
        "cascadeFrom": "Item",
        "validation": {
          "maxLength": "0",
          "required": false
        }
      }
    ],
    "Range": [],
    "DataSources": [
      {
        "Name": "ExistingItemInPlanningItem",
        "IBPLRules": [
          {
            "template": "(select([Item].[Item]{{#filter Item}}.relatedmembers([Planning Item]).relatedmembers([Item]).filter(#.[Is New Item] == False))).count;"
          }
        ],
        "JavascriptRules": [],
        "IncludeDSFieldsOnly": false,
        "FieldBindings": []
      },
      {
        "Name": "IsNewItem",
        "IBPLRules": [
          {
            "template": "select([Item].[Item]{{#filter Item}}.filter(#.[Is New Item] == True));"
          }
        ],
        "JavascriptRules": [],
        "IncludeDSFieldsOnly": false,
        "FieldBindings": []
      }
    ],
    "AutoExecute": false,
    "isAsync": true,
    "hasMembersUpdates": false,
    "Compact": true,
    "TwoColumn": true,
    "IsGlobalForExcelAddIn": false,
    "enableTransaction": false,
    "ReturnFilterByUpdate": false,
    "ExcludeFromNavLink": false,
    "FilterFieldBindings": [
      {
        "fieldName": "Item",
        "source": "existingfield",
        "DimensionName": "Item",
        "LevelAttributeName": "Item"
      },
      {
        "fieldName": "PlanningAccount",
        "source": "existingfield",
        "DimensionName": "Account",
        "LevelAttributeName": "Planning Account"
      },
      {
        "fieldName": "PlanningChannel",
        "source": "existingfield",
        "DimensionName": "Channel",
        "LevelAttributeName": "Planning Channel"
      },
      {
        "fieldName": "PlanningRegion",
        "source": "existingfield",
        "DimensionName": "Region",
        "LevelAttributeName": "Planning Region"
      },
      {
        "fieldName": "Location",
        "source": "existingfield",
        "DimensionName": "Location",
        "LevelAttributeName": "Location"
      },
      {
        "fieldName": "PlanningPnL",
        "source": "existingfield",
        "DimensionName": "PnL",
        "LevelAttributeName": "Planning PnL"
      },
      {
        "fieldName": "PlanningDemandDomain",
        "source": "existingfield",
        "DimensionName": "Demand Domain",
        "LevelAttributeName": "Planning Demand Domain"
      }
    ]
  },
  "Widget": null,
  "Roles": []
}