{
  "Name": "Storage Inputss",
  "ViewId": "7a43d28c-1730-4b83-a2a5-4810ff647aca",
  "ContentType": "Regular",
  "Title": "Storage Capacity",
  "Position": 4,
  "IsDefault": false,
  "Resource": null,
  "RazorViewTemplate": "_containers",
  "ConfigJson": {
    "WidgetContainers": {
      "Containers": [
        1
      ],
      "Key": 0,
      "IsModified": false,
      "ViewSpread": {
        "RowLevel": 60,
        "ColLevel": 12
      },
      "Data": [
        {
          "Id": "f38756c4-2d91-4076-bc37-7540ddcd839b",
          "Col": 0,
          "Row": 0,
          "SizeX": 12,
          "SizeY": 60
        }
      ]
    },
    "CompactMode": false,
    "IsHidden": false
  },
  "Roles": [
    "public"
  ]
}