{
  "PickListName": "CML Slice Level",
  "PickListId": "7b9876de-1a80-fde7-f507-bd5394e06d9a",
  "PickListDescription": "CML Slice Level Picklist",
  "DataType": "string",
  "IsMultiSelectAllowed": false,
  "Values": [
    {
      "Value": "Version.[Version Name]",
      "DisplayName": "Unsliced",
      "DisplayPosition": 0,
      "Icon": null,
      "Color": null,
      "Image": null
    },
    {
      "Value": "Item.[L1]",
      "DisplayName": "Item.[L1]",
      "DisplayPosition": 1,
      "Icon": null,
      "Color": null,
      "Image": null
    },
    {
      "Value": "Item.[L2]",
      "DisplayName": "Item.[L2]",
      "DisplayPosition": 2,
      "Icon": null,
      "Color": null,
      "Image": null
    },
    {
      "Value": "Item.[L3]",
      "DisplayName": "Item.[L3]",
      "DisplayPosition": 3,
      "Icon": null,
      "Color": null,
      "Image": null
    },
    {
      "Value": "Item.[L4]",
      "DisplayName": "Item.[L4]",
      "DisplayPosition": 4,
      "Icon": null,
      "Color": null,
      "Image": null
    },
    {
      "Value": "Item.[L5]",
      "DisplayName": "Item.[L5]",
      "DisplayPosition": 5,
      "Icon": null,
      "Color": null,
      "Image": null
    },
    {
      "Value": "Item.[L6]",
      "DisplayName": "Item.[L6]",
      "DisplayPosition": 6,
      "Icon": null,
      "Color": null,
      "Image": null
    },
    {
      "Value": "Account.[Account L1]",
      "DisplayName": "Account.[Account L1]",
      "DisplayPosition": 8,
      "Icon": null,
      "Color": null,
      "Image": null
    },
    {
      "Value": "Account.[Account L2]",
      "DisplayName": "Account.[Account L2]",
      "DisplayPosition": 9,
      "Icon": null,
      "Color": null,
      "Image": null
    },
    {
      "Value": "Account.[Account L3]",
      "DisplayName": "Account.[Account L3]",
      "DisplayPosition": 10,
      "Icon": null,
      "Color": null,
      "Image": null
    },
    {
      "Value": "Account.[Account L4]",
      "DisplayName": "Account.[Account L4]",
      "DisplayPosition": 11,
      "Icon": null,
      "Color": null,
      "Image": null
    },
    {
      "Value": "ML Item Class",
      "DisplayName": "Class Segmentation",
      "DisplayPosition": 12,
      "Icon": null,
      "Color": null,
      "Image": null
    },
    {
      "Value": "ML Item Volume Segment",
      "DisplayName": "Volume Segmentation",
      "DisplayPosition": 13,
      "Icon": null,
      "Color": null,
      "Image": null
    },
    {
      "Value": "Item.[Planning Item]",
      "DisplayName": "Item.[Planning Item]",
      "DisplayPosition": 7,
      "Icon": null,
      "Color": null,
      "Image": null
    }
  ]
}