{
  "PickListName": "CML PnL Level",
  "PickListId": "86b8489e-b3af-d3d0-6803-20bca09f5fbb",
  "PickListDescription": "CML PnL Level",
  "DataType": "string",
  "IsMultiSelectAllowed": true,
  "Values": [
    {
      "Value": "[PnL].[PnL L3]",
      "DisplayName": "[PnL].[PnL L3]",
      "DisplayPosition": 1,
      "Icon": null,
      "Color": null,
      "Image": null
    },
    {
      "Value": "[PnL].[PnL L2]",
      "DisplayName": "[PnL].[PnL L2]",
      "DisplayPosition": 2,
      "Icon": null,
      "Color": null,
      "Image": null
    },
    {
      "Value": "[PnL].[PnL L1]",
      "DisplayName": "[PnL].[PnL L1]",
      "DisplayPosition": 3,
      "Icon": null,
      "Color": null,
      "Image": null
    },
    {
      "Value": "[PnL].[PnL]",
      "DisplayName": "[PnL].[PnL]",
      "DisplayPosition": 4,
      "Icon": null,
      "Color": null,
      "Image": null
    },
    {
      "Value": "[PnL].[Planning PnL]",
      "DisplayName": "[PnL].[Planning PnL]",
      "DisplayPosition": 5,
      "Icon": null,
      "Color": null,
      "Image": null
    },
    {
      "Value": "[PnL].[PnL L4]",
      "DisplayName": "[PnL].[PnL L4]",
      "DisplayPosition": 0,
      "Icon": null,
      "Color": null,
      "Image": null
    }
  ]
}