{
  "PickListName": "CML Location Level",
  "PickListId": "dda3cc18-53e2-6ec8-324b-7d7c89e5b9dc",
  "PickListDescription": "CML Location Level",
  "DataType": "string",
  "IsMultiSelectAllowed": true,
  "Values": [
    {
      "Value": "Location.[Location Region]",
      "DisplayName": "Location.[Location Region]",
      "DisplayPosition": 1,
      "Icon": null,
      "Color": null,
      "Image": null
    },
    {
      "Value": "Location.[Reporting Location]",
      "DisplayName": "Location.[Reporting Location]",
      "DisplayPosition": 2,
      "Icon": null,
      "Color": null,
      "Image": null
    },
    {
      "Value": "Location.[Location Country]",
      "DisplayName": "Location.[Location Country]",
      "DisplayPosition": 0,
      "Icon": null,
      "Color": null,
      "Image": null
    },
    {
      "Value": "[Location].[Reporting Location]",
      "DisplayName": "[Location].[Reporting Location]",
      "DisplayPosition": 3,
      "Icon": null,
      "Color": null,
      "Image": null
    },
    {
      "Value": "[Location].[Location Type]",
      "DisplayName": "[Location].[Location Type]",
      "DisplayPosition": 4,
      "Icon": null,
      "Color": null,
      "Image": null
    },
    {
      "Value": "[Location].[Location]",
      "DisplayName": "[Location].[Location]",
      "DisplayPosition": 5,
      "Icon": null,
      "Color": null,
      "Image": null
    }
  ]
}