{
  "PickListName": "CML Iteration Slice Level",
  "PickListId": "505a7cfe-3727-9480-d728-a2f5490fa620",
  "PickListDescription": "CML Iteration Slice Level Picklist",
  "DataType": "string",
  "IsMultiSelectAllowed": true,
  "Values": [
    {
      "Value": "Version.[Version Name]",
      "DisplayName": "Unsliced",
      "DisplayPosition": 0,
      "Icon": null,
      "Color": null,
      "Image": null
    },
    {
      "Value": "Item.[L6]",
      "DisplayName": "Item.[L6]",
      "DisplayPosition": 1,
      "Icon": null,
      "Color": null,
      "Image": null
    },
    {
      "Value": "Item.[L5]",
      "DisplayName": "Item.[L5]",
      "DisplayPosition": 2,
      "Icon": null,
      "Color": null,
      "Image": null
    },
    {
      "Value": "Item.[L4]",
      "DisplayName": "Item.[L4]",
      "DisplayPosition": 3,
      "Icon": null,
      "Color": null,
      "Image": null
    },
    {
      "Value": "Item.[L3]",
      "DisplayName": "Item.[L3]",
      "DisplayPosition": 4,
      "Icon": null,
      "Color": null,
      "Image": null
    },
    {
      "Value": "Item.[L2]",
      "DisplayName": "Item.[L2]",
      "DisplayPosition": 5,
      "Icon": null,
      "Color": null,
      "Image": null
    },
    {
      "Value": "Item.[L1]",
      "DisplayName": "Item.[L1]",
      "DisplayPosition": 6,
      "Icon": null,
      "Color": null,
      "Image": null
    },
    {
      "Value": "Item.[Planning Item]",
      "DisplayName": "Item.[Planning Item]",
      "DisplayPosition": 7,
      "Icon": null,
      "Color": null,
      "Image": null
    },
    {
      "Value": "Location.[Location Country]",
      "DisplayName": "Location.[Location Country]",
      "DisplayPosition": 8,
      "Icon": null,
      "Color": null,
      "Image": null
    },
    {
      "Value": "Location.[Location Region]",
      "DisplayName": "Location.[Location Region]",
      "DisplayPosition": 9,
      "Icon": null,
      "Color": null,
      "Image": null
    },
    {
      "Value": "Location.[Reporting Location]",
      "DisplayName": "Location.[Reporting Location]",
      "DisplayPosition": 10,
      "Icon": null,
      "Color": null,
      "Image": null
    },
    {
      "Value": "Channel.[Channel L1]",
      "DisplayName": "Channel.[Channel L1]",
      "DisplayPosition": 11,
      "Icon": null,
      "Color": null,
      "Image": null
    },
    {
      "Value": "Channel.[Channel L2]",
      "DisplayName": "Channel.[Channel L2]",
      "DisplayPosition": 12,
      "Icon": null,
      "Color": null,
      "Image": null
    },
    {
      "Value": "Channel.[Planning Channel]",
      "DisplayName": "Channel.[Planning Channel]",
      "DisplayPosition": 13,
      "Icon": null,
      "Color": null,
      "Image": null
    },
    {
      "Value": "Account.[Planning Account]",
      "DisplayName": "Account.[Planning Account]",
      "DisplayPosition": 14,
      "Icon": null,
      "Color": null,
      "Image": null
    },
    {
      "Value": "Account.[Account L4]",
      "DisplayName": "Account.[Account L4]",
      "DisplayPosition": 15,
      "Icon": null,
      "Color": null,
      "Image": null
    },
    {
      "Value": "Account.[Account L3]",
      "DisplayName": "Account.[Account L3]",
      "DisplayPosition": 16,
      "Icon": null,
      "Color": null,
      "Image": null
    },
    {
      "Value": "Account.[Account L2]",
      "DisplayName": "Account.[Account L2]",
      "DisplayPosition": 16,
      "Icon": null,
      "Color": null,
      "Image": null
    },
    {
      "Value": "Account.[Account L1]",
      "DisplayName": "Account.[Account L1]",
      "DisplayPosition": 17,
      "Icon": null,
      "Color": null,
      "Image": null
    },
    {
      "Value": "Region.[Planning Region]",
      "DisplayName": "Region.[Planning Region]",
      "DisplayPosition": 18,
      "Icon": null,
      "Color": null,
      "Image": null
    },
    {
      "Value": "Region.[Region L4]",
      "DisplayName": "Region.[Region L4]",
      "DisplayPosition": 19,
      "Icon": null,
      "Color": null,
      "Image": null
    },
    {
      "Value": "Region.[Region L3]",
      "DisplayName": "Region.[Region L3]",
      "DisplayPosition": 20,
      "Icon": null,
      "Color": null,
      "Image": null
    },
    {
      "Value": "Region.[Region L2]",
      "DisplayName": "Region.[Region L2]",
      "DisplayPosition": 21,
      "Icon": null,
      "Color": null,
      "Image": null
    },
    {
      "Value": "Region.[Region L1]",
      "DisplayName": "Region.[Region L1]",
      "DisplayPosition": 23,
      "Icon": null,
      "Color": null,
      "Image": null
    },
    {
      "Value": "Item Class L1",
      "DisplayName": "Item Class L1",
      "DisplayPosition": 24,
      "Icon": null,
      "Color": null,
      "Image": null
    },
    {
      "Value": "Volume Segment L1",
      "DisplayName": "Volume Segment L1",
      "DisplayPosition": 25,
      "Icon": null,
      "Color": null,
      "Image": null
    }
  ]
}