{
  "PickListName": "CML Iteration Backfill Method",
  "PickListId": "48d4349f-4160-6ef0-e916-c06b03ca15dd",
  "PickListDescription": "CML Iteration Backfill Method",
  "DataType": "string",
  "IsMultiSelectAllowed": false,
  "Values": [
    {
      "Value": "Naive",
      "DisplayName": "naive",
      "DisplayPosition": 1,
      "Icon": null,
      "Color": null,
      "Image": null
    },
    {
      "Value": "Moving Average",
      "DisplayName": "moving average",
      "DisplayPosition": 0,
      "Icon": null,
      "Color": null,
      "Image": null
    }
  ]
}