{
  "PickListName": "CML Objective Function",
  "PickListId": "88afe204-16cb-3d65-f10d-dc1ec7734799",
  "PickListDescription": "CML Objective Function",
  "DataType": "string",
  "IsMultiSelectAllowed": false,
  "Values": [
    {
      "Value": "fair",
      "DisplayName": "fair",
      "DisplayPosition": 4,
      "Icon": null,
      "Color": null,
      "Image": null
    },
    {
      "Value": "gamma",
      "DisplayName": "gamma",
      "DisplayPosition": 6,
      "Icon": null,
      "Color": null,
      "Image": null
    },
    {
      "Value": "quantile",
      "DisplayName": "quantile",
      "DisplayPosition": 5,
      "Icon": null,
      "Color": null,
      "Image": null
    },
    {
      "Value": "regression_l1",
      "DisplayName": "regression_l1",
      "DisplayPosition": 2,
      "Icon": null,
      "Color": null,
      "Image": null
    },
    {
      "Value": "regression",
      "DisplayName": "regression",
      "DisplayPosition": 1,
      "Icon": null,
      "Color": null,
      "Image": null
    },
    {
      "Value": "regression_l2",
      "DisplayName": "regression_l2",
      "DisplayPosition": 3,
      "Icon": null,
      "Color": null,
      "Image": null
    },
    {
      "Value": "tweedie",
      "DisplayName": "tweedie",
      "DisplayPosition": 0,
      "Icon": null,
      "Color": null,
      "Image": null
    }
  ]
}