{
  "PickListName": "CML Region Level",
  "PickListId": "9dd13c7c-3cfd-0a32-e729-867cb605c2a3",
  "PickListDescription": "CML Region Level",
  "DataType": "string",
  "IsMultiSelectAllowed": true,
  "Values": [
    {
      "Value": "Region.[Region L3]",
      "DisplayName": "Region.[Region L3]",
      "DisplayPosition": 1,
      "Icon": null,
      "Color": null,
      "Image": null
    },
    {
      "Value": "Region.[Region L2]",
      "DisplayName": "Region.[Region L2]",
      "DisplayPosition": 2,
      "Icon": null,
      "Color": null,
      "Image": null
    },
    {
      "Value": "Region.[Region L1]",
      "DisplayName": "Region.[Region L1]",
      "DisplayPosition": 3,
      "Icon": null,
      "Color": null,
      "Image": null
    },
    {
      "Value": "Region.[Region L4]",
      "DisplayName": "Region.[Region L4]",
      "DisplayPosition": 0,
      "Icon": null,
      "Color": null,
      "Image": null
    },
    {
      "Value": "Region.[Planning Region]",
      "DisplayName": "Region.[Planning Region]",
      "DisplayPosition": 4,
      "Icon": null,
      "Color": null,
      "Image": null
    },
    {
      "Value": "[Region].[Region]",
      "DisplayName": "[Region].[Region]",
      "DisplayPosition": 5,
      "Icon": null,
      "Color": null,
      "Image": null
    }
  ]
}