{
  "PickListName": "CML Demand Domain Level",
  "PickListId": "90f7cd9f-9006-9ee1-85fe-81500df72623",
  "PickListDescription": "CML Demand Domain Level",
  "DataType": "string",
  "IsMultiSelectAllowed": true,
  "Values": [
    {
      "Value": "[Demand Domain].[Demand Domain L3]",
      "DisplayName": "[Demand Domain].[Demand Domain L3]",
      "DisplayPosition": 1,
      "Icon": null,
      "Color": null,
      "Image": null
    },
    {
      "Value": "[Demand Domain].[Demand Domain L2]",
      "DisplayName": "[Demand Domain].[Demand Domain L2]",
      "DisplayPosition": 2,
      "Icon": null,
      "Color": null,
      "Image": null
    },
    {
      "Value": "[Demand Domain].[Demand Domain L1]",
      "DisplayName": "[Demand Domain].[Demand Domain L1]",
      "DisplayPosition": 3,
      "Icon": null,
      "Color": null,
      "Image": null
    },
    {
      "Value": "[Demand Domain].[Planning Demand Domain]",
      "DisplayName": "[Demand Domain].[Planning Demand Domain]",
      "DisplayPosition": 4,
      "Icon": null,
      "Color": null,
      "Image": null
    },
    {
      "Value": "[Demand Domain].[Demand Domain]",
      "DisplayName": "[Demand Domain].[Demand Domain]",
      "DisplayPosition": 6,
      "Icon": null,
      "Color": null,
      "Image": null
    },
    {
      "Value": "[Demand Domain].[Demand Domain L4]",
      "DisplayName": "[Demand Domain].[Demand Domain L4]",
      "DisplayPosition": 0,
      "Icon": null,
      "Color": null,
      "Image": null
    },
    {
      "Value": "[Demand Domain].[Transition Demand Domain]",
      "DisplayName": "[Demand Domain].[Transition Demand Domain]",
      "DisplayPosition": 5,
      "Icon": null,
      "Color": null,
      "Image": null
    }
  ]
}