{
  "PickListName": "Forecast Strategy",
  "PickListId": "b47557db-28d5-7dd0-806a-e17e3688f6aa",
  "PickListDescription": "Forecast Strategy to be used for",
  "DataType": "string",
  "IsMultiSelectAllowed": false,
  "Values": [
    {
      "Value": "Bestfit",
      "DisplayName": "Bestfit",
      "DisplayPosition": 0,
      "Icon": null,
      "Color": null,
      "Image": null
    },
    {
      "Value": "Ensemble",
      "DisplayName": "Ensemble",
      "DisplayPosition": 1,
      "Icon": null,
      "Color": null,
      "Image": null
    }
  ]
}