{
  "PickListName": "HML NPI Feature",
  "PickListId": "24b2ef31-8e7f-f10f-f927-fcfe5a875b43",
  "PickListDescription": "HML NPI Features",
  "DataType": "string",
  "IsMultiSelectAllowed": true,
  "Values": [
    {
      "Value": "L3",
      "DisplayName": "L3",
      "DisplayPosition": 2,
      "Icon": "",
      "Color": "",
      "Image": ""
    },
    {
      "Value": "L4",
      "DisplayName": "L4",
      "DisplayPosition": 3,
      "Icon": "",
      "Color": "",
      "Image": ""
    },
    {
      "Value": "L5",
      "DisplayName": "L5",
      "DisplayPosition": 4,
      "Icon": "",
      "Color": "",
      "Image": ""
    },
    {
      "Value": "L6",
      "DisplayName": "L6",
      "DisplayPosition": 5,
      "Icon": "",
      "Color": "",
      "Image": ""
    },
    {
      "Value": "A1",
      "DisplayName": "A1",
      "DisplayPosition": 6,
      "Icon": "",
      "Color": "",
      "Image": ""
    },
    {
      "Value": "A2",
      "DisplayName": "A2",
      "DisplayPosition": 7,
      "Icon": "",
      "Color": "",
      "Image": ""
    },
    {
      "Value": "A3",
      "DisplayName": "A3",
      "DisplayPosition": 8,
      "Icon": "",
      "Color": "",
      "Image": ""
    },
    {
      "Value": "A4",
      "DisplayName": "A4",
      "DisplayPosition": 9,
      "Icon": "",
      "Color": "",
      "Image": ""
    },
    {
      "Value": "A5",
      "DisplayName": "A5",
      "DisplayPosition": 10,
      "Icon": "",
      "Color": "",
      "Image": ""
    },
    {
      "Value": "A6",
      "DisplayName": "A6",
      "DisplayPosition": 11,
      "Icon": "",
      "Color": "",
      "Image": ""
    },
    {
      "Value": "A7",
      "DisplayName": "A7",
      "DisplayPosition": 12,
      "Icon": "",
      "Color": "",
      "Image": ""
    },
    {
      "Value": "A8",
      "DisplayName": "A8",
      "DisplayPosition": 13,
      "Icon": "",
      "Color": "",
      "Image": ""
    },
    {
      "Value": "A9",
      "DisplayName": "A9",
      "DisplayPosition": 14,
      "Icon": "",
      "Color": "",
      "Image": ""
    },
    {
      "Value": "A10",
      "DisplayName": "A10",
      "DisplayPosition": 15,
      "Icon": "",
      "Color": "",
      "Image": ""
    },
    {
      "Value": "Location",
      "DisplayName": "Location",
      "DisplayPosition": 16,
      "Icon": "",
      "Color": "",
      "Image": ""
    },
    {
      "Value": "Planning Location",
      "DisplayName": "Planning Location",
      "DisplayPosition": 17,
      "Icon": "",
      "Color": "",
      "Image": ""
    },
    {
      "Value": "Location Region",
      "DisplayName": "Location Region",
      "DisplayPosition": 18,
      "Icon": "",
      "Color": "",
      "Image": ""
    },
    {
      "Value": "Location City",
      "DisplayName": "Location City",
      "DisplayPosition": 19,
      "Icon": "",
      "Color": "",
      "Image": ""
    },
    {
      "Value": "Location Country",
      "DisplayName": "Location Country",
      "DisplayPosition": 20,
      "Icon": "",
      "Color": "",
      "Image": ""
    },
    {
      "Value": "LA1",
      "DisplayName": "LA1",
      "DisplayPosition": 21,
      "Icon": "",
      "Color": "",
      "Image": ""
    },
    {
      "Value": "LA2",
      "DisplayName": "LA2",
      "DisplayPosition": 22,
      "Icon": "",
      "Color": "",
      "Image": ""
    },
    {
      "Value": "LA3",
      "DisplayName": "LA3",
      "DisplayPosition": 23,
      "Icon": "",
      "Color": "",
      "Image": ""
    },
    {
      "Value": "LA4",
      "DisplayName": "LA4",
      "DisplayPosition": 24,
      "Icon": "",
      "Color": "",
      "Image": ""
    },
    {
      "Value": "LA5",
      "DisplayName": "LA5",
      "DisplayPosition": 25,
      "Icon": "",
      "Color": "",
      "Image": ""
    },
    {
      "Value": "LA6",
      "DisplayName": "LA6",
      "DisplayPosition": 26,
      "Icon": "",
      "Color": "",
      "Image": ""
    },
    {
      "Value": "Channel",
      "DisplayName": "Channel",
      "DisplayPosition": 27,
      "Icon": "",
      "Color": "",
      "Image": ""
    },
    {
      "Value": "Planning Channel",
      "DisplayName": "Planning Channel",
      "DisplayPosition": 28,
      "Icon": "",
      "Color": "",
      "Image": ""
    },
    {
      "Value": "Channel L1",
      "DisplayName": "Channel L1",
      "DisplayPosition": 29,
      "Icon": "",
      "Color": "",
      "Image": ""
    },
    {
      "Value": "Channel L2",
      "DisplayName": "Channel L2",
      "DisplayPosition": 30,
      "Icon": "",
      "Color": "",
      "Image": ""
    },
    {
      "Value": "PnL",
      "DisplayName": "PnL",
      "DisplayPosition": 31,
      "Icon": "",
      "Color": "",
      "Image": ""
    },
    {
      "Value": "Region",
      "DisplayName": "Region",
      "DisplayPosition": 32,
      "Icon": "",
      "Color": "",
      "Image": ""
    },
    {
      "Value": "Account",
      "DisplayName": "Account",
      "DisplayPosition": 33,
      "Icon": "",
      "Color": "",
      "Image": ""
    }
  ]
}