{
  "PickListName": "HML Hierarchy Levels",
  "PickListId": "5dba0dc5-eb38-e244-d154-dfda608daf07",
  "PickListDescription": "HML Hierarchy Levels",
  "DataType": "string",
  "IsMultiSelectAllowed": true,
  "Values": [
    {
      "Value": "L1",
      "DisplayName": "L1",
      "DisplayPosition": 0,
      "Icon": null,
      "Color": null,
      "Image": null
    },
    {
      "Value": "L2",
      "DisplayName": "L2",
      "DisplayPosition": 1,
      "Icon": null,
      "Color": null,
      "Image": null
    },
    {
      "Value": "L3",
      "DisplayName": "L3",
      "DisplayPosition": 2,
      "Icon": null,
      "Color": null,
      "Image": null
    },
    {
      "Value": "L4",
      "DisplayName": "L4",
      "DisplayPosition": 3,
      "Icon": null,
      "Color": null,
      "Image": null
    },
    {
      "Value": "L5",
      "DisplayName": "L5",
      "DisplayPosition": 4,
      "Icon": null,
      "Color": null,
      "Image": null
    },
    {
      "Value": "L6",
      "DisplayName": "L6",
      "DisplayPosition": 5,
      "Icon": null,
      "Color": null,
      "Image": null
    },
    {
      "Value": "All",
      "DisplayName": "All",
      "DisplayPosition": 6,
      "Icon": null,
      "Color": null,
      "Image": null
    },
    {
      "Value": "Location Region",
      "DisplayName": "Location Region",
      "DisplayPosition": 7,
      "Icon": null,
      "Color": null,
      "Image": null
    },
    {
      "Value": "Location Country",
      "DisplayName": "Location Country",
      "DisplayPosition": 8,
      "Icon": null,
      "Color": null,
      "Image": null
    },
    {
      "Value": "Planning Location",
      "DisplayName": "Planning Location",
      "DisplayPosition": 9,
      "Icon": null,
      "Color": null,
      "Image": null
    },
    {
      "Value": "Planning Channel",
      "DisplayName": "Planning Channel",
      "DisplayPosition": 11,
      "Icon": null,
      "Color": null,
      "Image": null
    },
    {
      "Value": "Location",
      "DisplayName": "Location",
      "DisplayPosition": 10,
      "Icon": null,
      "Color": null,
      "Image": null
    }
  ]
}