{
  "PickListName": "ML Driver L1",
  "PickListId": "7c198d7e-89b2-2e2e-eff1-7592ead5fc45",
  "PickListDescription": "ML Driver L1",
  "DataType": "string",
  "IsMultiSelectAllowed": false,
  "Values": [
    {
      "Value": "Holiday",
      "DisplayName": "Holiday",
      "DisplayPosition": 1,
      "Icon": null,
      "Color": null,
      "Image": null
    },
    {
      "Value": "Weather",
      "DisplayName": "Weather",
      "DisplayPosition": 2,
      "Icon": null,
      "Color": null,
      "Image": null
    },
    {
      "Value": "Promo",
      "DisplayName": "Promo",
      "DisplayPosition": 3,
      "Icon": null,
      "Color": null,
      "Image": null
    },
    {
      "Value": "Marketing",
      "DisplayName": "Marketing",
      "DisplayPosition": 4,
      "Icon": null,
      "Color": null,
      "Image": null
    },
    {
      "Value": "Price",
      "DisplayName": "Price",
      "DisplayPosition": 5,
      "Icon": null,
      "Color": null,
      "Image": null
    },
    {
      "Value": "External Driver",
      "DisplayName": "External Driver",
      "DisplayPosition": 0,
      "Icon": null,
      "Color": null,
      "Image": null
    }
  ]
}