{
  "PickListName": "ML Feature Disagg Method",
  "PickListId": "f340f3db-17f0-3c67-3cef-65a20f58cf71",
  "PickListDescription": "ML Feature Disagg Method",
  "DataType": "string",
  "IsMultiSelectAllowed": false,
  "Values": [
    {
      "Value": "Custom Disagg",
      "DisplayName": "Custom Disagg",
      "DisplayPosition": 3,
      "Icon": null,
      "Color": null,
      "Image": null
    },
    {
      "Value": "Target Distribute To Leaves",
      "DisplayName": "Target Distribute To Leaves",
      "DisplayPosition": 1,
      "Icon": null,
      "Color": null,
      "Image": null
    },
    {
      "Value": "Copy To Leaves",
      "DisplayName": "Copy To Leaves",
      "DisplayPosition": 2,
      "Icon": null,
      "Color": null,
      "Image": null
    },
    {
      "Value": "Equal Distribute To Leaves",
      "DisplayName": "Equal Distribute To Leaves",
      "DisplayPosition": 0,
      "Icon": null,
      "Color": null,
      "Image": null
    }
  ]
}