{
  "PickListName": "Stat PnL Level Picklist",
  "PickListId": "bf11342f-f512-4782-5572-471e8f6c0e4d",
  "PickListDescription": "Stat PnL Level Picklist",
  "DataType": "string",
  "IsMultiSelectAllowed": false,
  "Values": [
    {
      "Value": "All PnL",
      "DisplayName": "All PnL",
      "DisplayPosition": 0,
      "Icon": null,
      "Color": null,
      "Image": null
    },
    {
      "Value": "PnL L4",
      "DisplayName": "PnL L4",
      "DisplayPosition": 1,
      "Icon": null,
      "Color": null,
      "Image": null
    },
    {
      "Value": "PnL L3",
      "DisplayName": "PnL L3",
      "DisplayPosition": 2,
      "Icon": null,
      "Color": null,
      "Image": null
    },
    {
      "Value": "PnL L2",
      "DisplayName": "PnL L2",
      "DisplayPosition": 3,
      "Icon": null,
      "Color": null,
      "Image": null
    },
    {
      "Value": "PnL L1",
      "DisplayName": "PnL L1",
      "DisplayPosition": 4,
      "Icon": null,
      "Color": null,
      "Image": null
    },
    {
      "Value": "Stat PnL",
      "DisplayName": "Stat PnL",
      "DisplayPosition": 5,
      "Icon": null,
      "Color": null,
      "Image": null
    },
    {
      "Value": "Planning PnL",
      "DisplayName": "Planning PnL",
      "DisplayPosition": 6,
      "Icon": null,
      "Color": null,
      "Image": null
    }
  ]
}