{
  "PickListName": "Stat Channel Level Picklist",
  "PickListId": "96f44365-d6b7-b4ed-6468-261307d9fd14",
  "PickListDescription": "Stat Channel Level Picklist",
  "DataType": "string",
  "IsMultiSelectAllowed": false,
  "Values": [
    {
      "Value": "Channel L2",
      "DisplayName": "Channel L2",
      "DisplayPosition": 1,
      "Icon": null,
      "Color": null,
      "Image": null
    },
    {
      "Value": "Channel L1",
      "DisplayName": "Channel L1",
      "DisplayPosition": 2,
      "Icon": null,
      "Color": null,
      "Image": null
    },
    {
      "Value": "Stat Channel",
      "DisplayName": "Stat Channel",
      "DisplayPosition": 3,
      "Icon": null,
      "Color": null,
      "Image": null
    },
    {
      "Value": "Planning Channel",
      "DisplayName": "Planning Channel",
      "DisplayPosition": 4,
      "Icon": null,
      "Color": null,
      "Image": null
    },
    {
      "Value": "Channel",
      "DisplayName": "Channel",
      "DisplayPosition": 5,
      "Icon": null,
      "Color": null,
      "Image": null
    },
    {
      "Value": "All Channel",
      "DisplayName": "All Channel",
      "DisplayPosition": 0,
      "Icon": null,
      "Color": null,
      "Image": null
    }
  ]
}