{
  "PickListName": "Stat Archetype",
  "PickListId": "6f7f1069-f2c4-ed86-1ea9-448907607fab",
  "PickListDescription": "Stat Archetype",
  "DataType": "boolean",
  "IsMultiSelectAllowed": false,
  "Values": [
    {
      "Value": "true",
      "DisplayName": "Container",
      "DisplayPosition": 1,
      "Icon": null,
      "Color": null,
      "Image": null
    },
    {
      "Value": "false",
      "DisplayName": "Spark",
      "DisplayPosition": 0,
      "Icon": null,
      "Color": null,
      "Image": null
    }
  ]
}