{
  "AttributeName": "Activity2",
  "AttributeId": "f3ef988d-0c0f-49d8-b99b-018eba45cc1c",
  "AttributeHierarchyEnabled": true,
  "IsKey": true,
  "Description": "Models the TransMode, RoutingID Attribute.",
  "OrderBy": "Key",
  "KeyColumnName": "Activity2Key",
  "NameColumnName": "Activity2Name",
  "KeyColumnDataType": "integer",
  "SeedTags": false,
  "KeyGenerationType": "Auto",
  "PickListName": null,
  "ConfigJson": {
    "ShowFilterAs": "TileView"
  },
  "FormatString": null,
  "Translation": null,
  "Aliases": [],
  "ApiName": null,
  "ApiDisabled": false
}