{
  "Name": "701SyncMLwithStat",
  "Description": null,
  "ActionButtonId": "cb8c0922-33b3-f897-ab03-51680bd32966",
  "Tooltip": "Initialize ML",
  "ActionButtonType": "Rule",
  "Alignment": "right",
  "IsPopOver": true,
  "IsGlobal": false,
  "ActionClickHandler": null,
  "Icon": null,
  "Image": null,
  "ConfigJson": {
    "DisplayName": "Initialize ML",
    "icon": "refresh",
    "Position": "0",
    "Validate": {
      "DataSource": {
        "IBPLRules": [],
        "JavascriptRules": [],
        "FieldBindings": []
      }
    },
    "SubmitButton": {
      "Label": "Submit"
    },
    "ResetButton": {
      "Label": "Reset"
    },
    "CloseButton": {
      "Label": "Close"
    },
    "NotifyAll": false,
    "IBPLRules": [
      {
        "template": "exec procedure o9DP500SyncStatMLPeriods {\"VersionName\" : [{{#csv VersionName}}], \"SyncML\":{{SyncML}}};"
      }
    ],
    "JavascriptRules": [],
    "FieldBindings": [
      {
        "fieldName": "VersionName",
        "title": "Version",
        "type": "picklistDropdown",
        "selectionType": "single",
        "clearSearch": true,
        "source": "filter",
        "DimensionName": "Version",
        "LevelAttributeName": "Version Name",
        "visible": true,
        "isEditable": true,
        "validation": {
          "maxLength": "0",
          "required": true
        }
      },
      {
        "fieldName": "SyncML",
        "title": "Sync Stat Dates with ML",
        "Description": "Sync Stat Dates with ML",
        "type": "boolean",
        "clearSearch": true,
        "source": "literal",
        "defaultValue": false,
        "visible": true,
        "isEditable": true,
        "validation": {
          "maxLength": "0",
          "required": true
        }
      }
    ],
    "Range": [],
    "DataSources": [],
    "AutoExecute": false,
    "isAsync": true,
    "hasMembersUpdates": false,
    "Compact": false,
    "TwoColumn": false,
    "IsGlobalForExcelAddIn": false,
    "enableTransaction": false,
    "ExcludeFromNavLink": false,
    "FilterFieldBindings": []
  },
  "Widget": null,
  "Roles": []
}