{
  "Name": "Non Auto Rollup Profiles",
  "ViewId": "c7e71408-7edb-f957-ec05-c8dd12ae1417",
  "ContentType": "Regular",
  "Title": "Basic Profiles",
  "Position": 0,
  "IsDefault": true,
  "Resource": null,
  "RazorViewTemplate": "_containers",
  "ConfigJson": {
    "WidgetContainers": {
      "Containers": [
        1
      ],
      "Key": 0,
      "IsModified": false,
      "ViewSpread": {
        "RowLevel": 60,
        "ColLevel": 12
      },
      "Data": [
        {
          "Id": "cbfc796c-8903-4750-9b5e-26a09fdc46e0",
          "Col": 0,
          "Row": 0,
          "SizeX": 12,
          "SizeY": 60
        }
      ]
    },
    "CompactMode": false,
    "IsHidden": false
  },
  "Roles": [
    "public"
  ]
}