{
  "AttributeName": "Item Type",
  "AttributeId": "53d1dc5b-1cb4-4ca4-afa4-fcebf83c1bec",
  "AttributeHierarchyEnabled": true,
  "IsKey": false,
  "Description": "Item Type from supply perspective eg. raw material, subassembly and finished goods . Mainly used in filters on UI and in scope statements.",
  "OrderBy": "Key",
  "KeyColumnName": "ItemTypeKey",
  "NameColumnName": "ItemTypeName",
  "KeyColumnDataType": "integer",
  "SeedTags": false,
  "KeyGenerationType": "Auto",
  "PickListName": null,
  "ConfigJson": {},
  "FormatString": null,
  "Translation": null,
  "Aliases": [],
  "ApiName": null,
  "ApiDisabled": false
}