{
  "Name": "SupplyPlan400DCreateNewRuleProcShippingNew",
  "Description": "Create New Rule ",
  "ActionButtonId": "a2865313-3a43-62f1-a4cc-10c1cebd3275",
  "Tooltip": "Create New Rule (PROC Shipping)",
  "ActionButtonType": "Rule",
  "Alignment": "right",
  "IsPopOver": true,
  "IsGlobal": false,
  "ActionClickHandler": null,
  "Icon": null,
  "Image": null,
  "ConfigJson": {
    "icon": "plus",
    "Position": "0",
    "SubmitButton": {
      "Label": "Submit"
    },
    "ResetButton": {
      "Label": "Reset"
    },
    "CloseButton": {
      "Label": "Close",
      "ConfirmMessage": "Unsaved changes will be lost. Continue?"
    },
    "NotifyRoles": true,
    "NotifyAll": false,
    "IBPLRules": [
      {
        "template": "Cartesian Scope: ([Version].[Version Name].filter(#.Name in {\"{{Version}}\"}) * [Data Object].[Data Object].[Daily PROC Shipping Holidays Maintenance]*[DM Rule].[Rule].filter(#.Name in {\"{{o9CalendarCycleRuleFinal}}\"}));\n\nMeasure.[D PROC Shipping Holidays Calendar Association1]=\"{{DMValue1}}\";\nMeasure.[Rule Sequence]={{RuleSequence}};\nend scope;\n\nCartesian Scope: ([Version].[Version Name].filter(#.Name in {\"{{Version}}\"}) * [Data Object].[Data Object].[Daily PROC Shipping Holidays Maintenance]*[DM Rule].[Rule].filter(#.Name in {\"{{o9CalendarCycleRuleFinal}}\"}));\nMeasure.[ABDM TimeStamp]=todatetime(\"{{TimeStamp}}\");\nMeasure.[ABDM User]=(\"{{User}}\");\nMeasure.[Rule Comment] = (\"{{NewComment}}\");\nend scope;\n"
      },
      {
        "template": "exec plugin instance [SupplyPlan400DProcShippingHolidayCycleCountRule] for measures {[o9 Calendar Cycle Rule Final]} using scope ([Version].[Version Name].filter(#.Name in{\"{{Version}}\"})*[Data Object].[Data Object].filter(#.Name in {\"Daily PROC Shipping Holidays Maintenance\"})) using arguments {(WriteOutputsConcurrently, False), (\"IncludeNullRows\", \"False\"), (MaxSliceTableCells, 8000000),(ExecutionMode,\"LightWeight\")};"
      }
    ],
    "JavascriptRules": [
      {
        "modulename": "o9.SupplyPlanning400DCreateRule.PROCShippingCalendar",
        "functionname": "PROCShippingCalendar"
      }
    ],
    "FieldBindings": [
      {
        "fieldName": "Version",
        "title": "Version Name",
        "Description": "Version Name",
        "type": "picklistDropdown",
        "selectionType": "single",
        "clearSearch": true,
        "source": "filter",
        "DimensionName": "Version",
        "LevelAttributeName": "Version Name",
        "visible": true,
        "isEditable": true,
        "validation": {
          "maxLength": "0",
          "required": true
        }
      },
      {
        "fieldName": "DataObject",
        "title": "Data Object",
        "Description": "Data Object Daily DIST Shipping Holidays Maintenance",
        "type": "picklistDropdown",
        "selectionType": "single",
        "clearSearch": true,
        "source": "members",
        "DimensionName": "Data Object",
        "LevelAttributeName": "Data Object",
        "FilterExpression": "[Data Object].[Data Object].[Daily DIST Shipping Holidays Maintenance]  ",
        "visible": false,
        "isEditable": false,
        "validation": {
          "maxLength": "0",
          "required": true
        }
      },
      {
        "fieldName": "o9CalendarCycleRuleFinal",
        "title": "o9 Calendar Cycle Rule Final",
        "Description": "o9 Calendar Cycle Rule Final",
        "type": "picklist",
        "selectionType": "single",
        "clearSearch": true,
        "source": "datasource",
        "key": "o9CalendarCycleRuleDS",
        "valueField": "Value",
        "textField": "Value",
        "visible": false,
        "isEditable": false,
        "cascadeFrom": "Version",
        "validation": {
          "maxLength": "0",
          "required": true
        },
        "overrideFieldBindingType": false
      },
      {
        "fieldName": "DMItemAttribute1",
        "title": "L1",
        "Description": "Select L1",
        "type": "picklistDropdown",
        "selectionType": "multiple",
        "clearSearch": true,
        "source": "members",
        "DimensionName": "Item",
        "LevelAttributeName": "L1",
        "visible": true,
        "isEditable": true,
        "validation": {
          "maxLength": "0",
          "required": false
        },
        "select": "NONE",
        "fieldGroup": "Item Attributes"
      },
      {
        "fieldName": "DMItemAttribute2",
        "title": "Item Type",
        "Description": "Select Item Type",
        "type": "picklistDropdown",
        "selectionType": "single",
        "clearSearch": true,
        "source": "members",
        "DimensionName": "Item",
        "LevelAttributeName": "Item Type",
        "visible": true,
        "isEditable": true,
        "validation": {
          "maxLength": "0",
          "required": true
        },
        "fieldGroup": "Item Attributes",
        "FilterExpression": "Item.[Item Type].[RawMaterials]"
      },
      {
        "fieldName": "DMLocationAttribute1",
        "title": "Location Region",
        "Description": "Select Location Region",
        "type": "picklistDropdown",
        "fieldGroup": "Location Attributes",
        "selectionType": "multiple",
        "clearSearch": true,
        "select": "NONE",
        "source": "members",
        "DimensionName": "Location",
        "LevelAttributeName": "Location Region",
        "visible": true,
        "isEditable": true,
        "validation": {
          "maxLength": "0",
          "required": false
        },
        "FilterExpression": "&AllSupplierLocations.relatedmembers([Location Region])"
      },
      {
        "fieldName": "DMLocationAttribute2",
        "title": "Location Type",
        "Description": "Select Location Type",
        "type": "picklistDropdown",
        "selectionType": "multiple",
        "clearSearch": true,
        "source": "members",
        "DimensionName": "Location",
        "LevelAttributeName": "Location Type",
        "visible": true,
        "isEditable": true,
        "validation": {
          "maxLength": "0",
          "required": false
        },
        "select": "NONE",
        "fieldGroup": "Location Attributes",
        "FilterExpression": "&AllSupplierLocations.relatedmembers([Location Type])"
      },
      {
        "fieldName": "DMLocationAttribute3",
        "title": "Location",
        "Description": "Select Location",
        "type": "picklistDropdown",
        "fieldGroup": "Location Attributes",
        "selectionType": "multiple",
        "clearSearch": true,
        "select": "NONE",
        "source": "members",
        "DimensionName": "Location",
        "LevelAttributeName": "Location",
        "visible": true,
        "isEditable": true,
        "validation": {
          "maxLength": "0",
          "required": false
        },
        "FilterExpression": "&AllSupplierLocations"
      },
      {
        "fieldName": "RuleSequence",
        "title": "Rule Sequence",
        "Description": "Rule Sequence",
        "type": "number",
        "selectionType": "single",
        "clearSearch": true,
        "source": "literal",
        "visible": true,
        "isEditable": true,
        "validation": {
          "maxLength": "0",
          "required": true
        }
      },
      {
        "fieldName": "DMValue1",
        "title": "Calendar Association",
        "Description": "Select the Calendar",
        "type": "picklistDropdown",
        "selectionType": "single",
        "clearSearch": true,
        "select": "NONE",
        "source": "members",
        "DimensionName": "Calendar",
        "LevelAttributeName": "Calendar",
        "visible": true,
        "isEditable": true,
        "validation": {
          "maxLength": "0",
          "required": true
        },
        "FilterExpression": "Calendar.[Calendar Type].[Daily Proc Shipping Holiday].relatedmembers(Calendar)"
      },
      {
        "fieldName": "TimeStamp",
        "title": "TimeStamp",
        "Description": "TimeStamp",
        "type": "datetime",
        "selectionType": "single",
        "clearSearch": true,
        "select": "ALL",
        "source": "datasource",
        "key": "DSTimeStamp",
        "valueField": "result",
        "textField": "result",
        "visible": false,
        "isEditable": false,
        "validation": {
          "maxLength": "0",
          "required": false
        },
        "overrideFieldBindingType": false
      },
      {
        "fieldName": "User",
        "title": "User",
        "Description": "User who created the rule",
        "type": "string",
        "selectionType": "single",
        "clearSearch": true,
        "source": "datasource",
        "key": "DSUser",
        "valueField": "Name",
        "textField": "Name",
        "visible": false,
        "isEditable": false,
        "validation": {
          "maxLength": "0",
          "required": false
        },
        "overrideFieldBindingType": false
      },
      {
        "fieldName": "NewComment",
        "title": "New Comment",
        "Description": "Description about the Rule",
        "type": "string",
        "selectionType": "single",
        "clearSearch": true,
        "source": "literal",
        "visible": true,
        "isEditable": true,
        "validation": {
          "maxLength": "0",
          "required": false
        }
      }
    ],
    "Range": [],
    "DataSources": [
      {
        "Name": "o9CalendarCycleRuleDS",
        "IBPLRules": [
          {
            "template": "Select({Measure.[o9 Calendar Cycle Rule Final]}) where{[Version].[Version Name].filter(#.Name in {\"{{Version}}\"}),[Data Object].[Data Object].filter(#.Name in {[Daily PROC Shipping Holidays Maintenance]})};"
          }
        ],
        "JavascriptRules": [],
        "IncludeDSFieldsOnly": false,
        "FieldBindings": []
      },
      {
        "Name": "DSUser",
        "IBPLRules": [
          {
            "template": "select CurrentUser();"
          }
        ],
        "JavascriptRules": [],
        "IncludeDSFieldsOnly": false,
        "FieldBindings": []
      },
      {
        "Name": "DSTimeStamp",
        "IBPLRules": [
          {
            "template": "select now();"
          }
        ],
        "JavascriptRules": [],
        "IncludeDSFieldsOnly": false,
        "FieldBindings": []
      }
    ],
    "AutoExecute": false,
    "isAsync": true,
    "hasMembersUpdates": false,
    "Compact": false,
    "TwoColumn": true,
    "IsGlobalForExcelAddIn": false,
    "ExcludeFromNavLink": false,
    "FilterFieldBindings": []
  },
  "Widget": null,
  "Roles": []
}