{
  "Name": "SupplyPlan6009DCSplitEffectivityDatesInfo",
  "Description": "Information",
  "ActionButtonId": "c98bae5c-af8c-9898-ff76-4711b584a9a2",
  "Tooltip": "Information",
  "ActionButtonType": "Widget",
  "Alignment": "right",
  "IsPopOver": true,
  "IsGlobal": true,
  "ActionClickHandler": null,
  "Icon": null,
  "Image": null,
  "ConfigJson": {
    "icon": "info-circle",
    "SubmitButton": {
      "Label": "Submit"
    },
    "ResetButton": {},
    "CloseButton": {
      "Label": "Close",
      "ConfirmMessage": "Unsaved changes will be lost. Continue?"
    },
    "NotifyAll": false,
    "IBPLRules": [],
    "JavascriptRules": [],
    "FieldBindings": [
      {
        "fieldName": "Information",
        "title": "Information",
        "type": "info",
        "showInLocalTimeZone": false,
        "clearSearch": true,
        "source": "literal",
        "defaultValue": "<b>DC Split Inputs Effectivity Info</b> <p> <ul> <li><p aligns=\"left\">This View Contains the Effectivity dates of the DC's</li> </p> <li><p aligns=\"left\">To modify the dates kindly double click on the cell to edit then press enter to save</li></p>",
        "visible": true,
        "isEditable": false,
        "validation": {
          "maxLength": "0",
          "required": true
        }
      }
    ],
    "Range": [],
    "DataSources": [],
    "AutoExecute": false,
    "isAsync": false,
    "hasMembersUpdates": false,
    "Compact": false,
    "TwoColumn": false,
    "IsGlobalForExcelAddIn": false,
    "ReturnFilterByUpdate": false,
    "ExcludeFromNavLink": false,
    "FilterFieldBindings": []
  },
  "Widget": null,
  "Roles": []
}