{
  "Override": [
    {
      "ViewName": "Sales  Margin Plan",
      "PageName": "Sales  Margin Plan",
      "WorkspaceName": "Class Plan-V3Migrated",
      "Position": 1,
      "ConfigBlockName": "o9 Retail MFP RMA Product Plan"
    },
    {
      "ViewName": "Assign Weightage",
      "PageName": "Sales  Margin Plan",
      "WorkspaceName": "Class Plan-V3Migrated",
      "Position": 0,
      "ConfigBlockName": "o9 Retail MFP RMA Product Plan"
    },
    {
      "ViewName": "Approval Plan",
      "PageName": "Sales  Margin Plan",
      "WorkspaceName": "Class Plan-V3Migrated",
      "Position": 2,
      "ConfigBlockName": "o9 Retail MFP RMA Product Plan"
    }
  ]
}