{
  "Name": "SupplyPlan700MCampaignPlanDemandAllocation",
  "Description": null,
  "ActionButtonId": "7e833c9a-e08c-d5d9-01d1-439035423265",
  "Tooltip": "Run Monthly Campaign Plan",
  "ActionButtonType": "Rule",
  "Alignment": "right",
  "IsPopOver": true,
  "IsGlobal": false,
  "ActionClickHandler": null,
  "Icon": null,
  "Image": null,
  "ConfigJson": {
    "icon": "chevron-circle-right",
    "Position": -1,
    "SubmitButton": {
      "Label": "Submit"
    },
    "ResetButton": {
      "Label": "Reset"
    },
    "CloseButton": {
      "Label": "Close",
      "ConfirmMessage": "Unsaved changes will be lost. Continue?"
    },
    "NotifyAll": false,
    "IBPLRules": [
      {
        "template": "{{#if Monthly}}\t\n{{#if DemandAllocation}}\nexec procedure RunMonthlyBasicPlan {\"Version\" : [{{#csv TargetVersion}}] , \"MSolverCurrentBucket\" : \"{{SolverCurrentBucket}}\" ,\"MSolverStartingBucket\" : \"{{SolverStartingBucket}}\", \"MSolverEndingBucket\" :\"{{SolverEndingBucket}}\",\"MSolverDemandSliceFactor\" : {{SolverDemandSliceFactor}},\"MSolverFlagAllowNOH\" : \"{{SolverFlagAllowNOH}}\",\"MSolverFlagRespectFreezeWindowForWIPs\" : \"{{SolverFlagRespectFreezeWindowForWIPs}}\",\"MSolverFlagMinimizeInventoryBuildAhead\" : \"{{SolverFlagMinimizeInventoryBuildAhead}}\",\"MSolverFlagInventoryPlanType\" : \"{{SolverFlagInventoryPlanType}}\" ,\"MSolverFlagInventoryPlanPolicy\" : \"{{SolverFlagInventoryPlanPolicy}}\",\"MSolverInventoryPlanBands\" : \"{{SolverInventoryPlanBands}}\",\"MMaterialConstrained\" : \"{{MaterialConstrained}}\",\"MCapacityConstrained\" : \"{{CapacityConstrained}}\",\"MSolverDeleteData\" : \"{{SolverDeleteData}}\",\"MSolverSSBuildAheadLimit\" : {{SolverSSBuildAheadLimit}},\"MSolverFlagMinimizeNoCarryViolations\" : \"{{SolverFlagMinimizeNoCarryViolations}}\",\"MSolverFlagTryMaterialReallocationInRCA\" : \"{{SolverFlagTryMaterialReallocationInRCA}}\",\"MSolverFlagInventoryPlanStrategy\" : \"{{SolverFlagInventoryPlanStrategy}}\",\"MSolverGlobalBuildAheadLimit\" : {{SolverDemandBuildAheadLimit}},\"MSolverGlobalBuildLateLimit\" : {{SolverDemandBuildLateLimit}},\"MNoPeggings\" : \"{{NoPeggings}}\",\"MSolverSupplyCodePlan\" : \"{{SupplyCodePlan}}\",\"MSolverShelfLifePlan\" : \"{{ShelfLifePlan}}\",\"MSolverPlanDateHardPeg\" : \"{{PlanDateHardPeg}}\",\"MSolverMinTimeHardPeg\" : \"{{MinTimeHardPeg}}\",\"MSolverLatePlanStrategy\" : \"{{LatePlanStrategy}}\",\"MSolverSkipSSForUnviableBuckets\" : {{SkipSSForUnviableBuckets}},\"MSolverDemandSliceThreshold\" : {{DemandSliceThreshold}}};                                                \nexec procedure MonthlyProductionRequirementsfromDemands {\"TargetVersion\" : \"{{TargetVersion}}\"};\n{{/if}}\t\n{{/if}}\t\t\t\t\t\t"
      },
      {
        "template": "{{#if Monthly}}\t\nexec procedure MonthlyDemandAllocationCampaignPlan {\"TargetVersion\" : \"{{TargetVersion}}\"};\n\nexec Procedure CampaignPlanningInputsPopulationMasterProcedure {\"TargetVersion\" : \"{{TargetVersion}}\",\"Item\" : {{Item}},\"Group\" : {{Group}},\"Fixed\":{{Fixed}},\"ItemGroup\" : {{ItemGroup}},\"Weekly\": false,\"Daily\": false,\"Monthly\":{{Monthly}}};\n{{/if}}\t\t\t\t\t\t"
      },
      {
        "template": "{{#if Monthly}}\t\nexec procedure RunMonthlyLPPlanBasic {\"Version\" : [{{#csv TargetVersion}}] , \"MSolverCurrentBucket\" : \"{{SolverCurrentBucket}}\" ,\"MSolverStartingBucket\" : \"{{SolverStartingBucket}}\", \"MSolverEndingBucket\" :\"{{SolverEndingBucket}}\",\"MSolverFlagRespectFreezeWindowForWIPs\" : \"{{SolverFlagRespectFreezeWindowForWIPs}}\",\"MSolverFlagInventoryPlanType\" : \"{{SolverFlagInventoryPlanType}}\" ,\"MSolverFlagInventoryPlanPolicy\" : \"{{SolverFlagInventoryPlanPolicy}}\", \"MMaterialConstrained\" : \"FALSE\",\"MCapacityConstrained\" : \"{{CapacityConstrained}}\",\"MSolverGlobalBuildLateLimit\" : {{SolverDemandBuildLateLimit}},\"MSolverDemandSliceThreshold\" : {{DemandSliceThreshold}},\"MLPSolverName\":\"{{LPSolverName}}\", \"GeneratePeggings\" : false,\"MCampaignHorizon\":{{CampaignHorizon}},\"MIsMIP\":true};\t\n{{/if}}\t\t\t\t\t\t"
      },
      {
        "template": "{{#if Monthly}}\t\nexec procedure OutputPostProcessingMonthly {\"TargetVersion\" : \"{{TargetVersion}}\",\"Item\" : {{Item}},\"Group\" : {{Group}},\"ItemGroup\" : {{ItemGroup}}};\n{{/if}}\t\t\t\t\t\t\t"
      },
      {
        "template": "{{#if Monthly}}\t\nexec procedure ApprovedCampaignPlanMonthly {\"TargetVersion\" : \"{{TargetVersion}}\",\"BaseVersion\" : \"{{BaseVersion}}\"};\n{{/if}}\t\t"
      }
    ],
    "JavascriptRules": [],
    "FieldBindings": [
      {
        "fieldName": "SolverCurrentBucket",
        "title": "SolverCurrentBucket",
        "type": "string",
        "selectionType": "single",
        "clearSearch": true,
        "select": "ALL",
        "source": "datasource",
        "key": "SolverCurrentBucket",
        "valueField": "Name",
        "textField": "Name",
        "visible": true,
        "isEditable": false,
        "validation": {
          "maxLength": "0",
          "required": true
        },
        "overrideFieldBindingType": false
      },
      {
        "fieldName": "SolverStartingBucket",
        "title": "SolverStartingBucket",
        "type": "string",
        "selectionType": "single",
        "clearSearch": true,
        "select": "ALL",
        "source": "datasource",
        "key": "SolverStartingBucket",
        "valueField": "Name",
        "textField": "Name",
        "visible": true,
        "isEditable": false,
        "validation": {
          "maxLength": "0",
          "required": true
        },
        "overrideFieldBindingType": false
      },
      {
        "fieldName": "SolverEndingBucket",
        "title": "SolverEndingBucket",
        "type": "string",
        "selectionType": "single",
        "clearSearch": true,
        "select": "ALL",
        "source": "datasource",
        "key": "SolverEndingBucket",
        "valueField": "Name",
        "textField": "Name",
        "visible": true,
        "isEditable": false,
        "validation": {
          "maxLength": "0",
          "required": true
        },
        "overrideFieldBindingType": false
      },
      {
        "fieldName": "SolverDemandSliceFactor",
        "title": "Demand Slice Factor",
        "type": "picklistDropdown",
        "selectionType": "single",
        "clearSearch": true,
        "select": "ALL",
        "source": "datasource",
        "key": "SolverDemandSliceFactor",
        "valueField": "M Solver Demand Slice Factor",
        "textField": "M Solver Demand Slice Factor",
        "visible": true,
        "isEditable": false,
        "cascadeFrom": "TargetVersion",
        "validation": {
          "maxLength": "0",
          "required": true
        },
        "overrideFieldBindingType": false
      },
      {
        "fieldName": "SolverFlagAllowNOH",
        "title": "M Solver Flag Allow NOH",
        "type": "picklistDropdown",
        "selectionType": "single",
        "clearSearch": true,
        "source": "datasource",
        "key": "SolverFlagAllowNOH",
        "valueField": "M Solver Flag Allow NOH",
        "textField": "M Solver Flag Allow NOH",
        "visible": false,
        "isEditable": false,
        "validation": {
          "maxLength": "0",
          "required": true
        },
        "cascadeFrom": "TargetVersion",
        "overrideFieldBindingType": false
      },
      {
        "fieldName": "SolverFlagRespectFreezeWindowForWIPs",
        "title": "M Solver Flag Respect Freeze Window For WIPs",
        "Description": "M Solver Flag Respect Freeze Window For WIPs",
        "type": "picklistDropdown",
        "selectionType": "single",
        "clearSearch": true,
        "select": "ALL",
        "source": "datasource",
        "key": "SolverFlagRespectFreezeWindowForWIPs",
        "valueField": "M Solver Flag Respect Freeze Window For WIPs",
        "textField": "M Solver Flag Respect Freeze Window For WIPs",
        "visible": false,
        "isEditable": false,
        "cascadeFrom": "TargetVersion",
        "validation": {
          "maxLength": "0",
          "required": true
        },
        "overrideFieldBindingType": false
      },
      {
        "fieldName": "SolverFlagInventoryPlanType",
        "title": "M Solver Flag Inventory Plan Type",
        "Description": "M Solver Flag Inventory Plan Type",
        "type": "picklistDropdown",
        "selectionType": "single",
        "clearSearch": true,
        "select": "ALL",
        "source": "datasource",
        "key": "SolverFlagInventoryPlanType",
        "valueField": "M Solver Flag Inventory Plan Type Modified",
        "textField": "M Solver Flag Inventory Plan Type Modified",
        "visible": false,
        "isEditable": false,
        "cascadeFrom": "TargetVersion",
        "validation": {
          "maxLength": "0",
          "required": true
        },
        "overrideFieldBindingType": false
      },
      {
        "fieldName": "SolverInventoryPlanBands",
        "title": "M Solver Inventory Plan Bands",
        "Description": "M Solver Inventory Plan Bands",
        "type": "picklistDropdown",
        "selectionType": "single",
        "clearSearch": true,
        "select": "ALL",
        "source": "datasource",
        "key": "SolverInventoryPlanBands",
        "valueField": "M Solver Inventory Plan Bands",
        "textField": "M Solver Inventory Plan Bands",
        "visible": false,
        "isEditable": false,
        "cascadeFrom": "TargetVersion",
        "validation": {
          "maxLength": "0",
          "required": true
        },
        "overrideFieldBindingType": false
      },
      {
        "fieldName": "SolverDeleteData",
        "title": "M Solver Delete Data",
        "type": "picklistDropdown",
        "selectionType": "single",
        "clearSearch": true,
        "select": "ALL",
        "source": "datasource",
        "key": "SolverDeleteData",
        "valueField": "M Solver Delete Data",
        "textField": "M Solver Delete Data",
        "visible": true,
        "isEditable": true,
        "cascadeFrom": "TargetVersion",
        "validation": {
          "maxLength": "0",
          "required": true
        },
        "overrideFieldBindingType": false
      },
      {
        "fieldName": "SolverCapacityBandsToMinimizeLateness",
        "title": "Use Capacity Bands To Minimize Lateness",
        "Description": "Use Capacity Bands To Minimize Lateness",
        "type": "picklistDropdown",
        "selectionType": "single",
        "clearSearch": true,
        "select": "ALL",
        "source": "datasource",
        "key": "SolverCapacityBandsToMinimizeLateness",
        "valueField": "M Solver Capacity Bands To Minimize Lateness",
        "textField": "M Solver Capacity Bands To Minimize Lateness",
        "visible": false,
        "isEditable": false,
        "cascadeFrom": "TargetVersion",
        "validation": {
          "maxLength": "0",
          "required": true
        },
        "overrideFieldBindingType": false
      },
      {
        "fieldName": "SolverFlagInventoryPlanPolicy",
        "title": "M Solver Flag Inventory Plan Policy",
        "Description": "M Solver Flag Inventory Plan Policy",
        "type": "picklistDropdown",
        "selectionType": "single",
        "clearSearch": true,
        "select": "ALL",
        "source": "datasource",
        "key": "SolverFlagInventoryPlanPolicy",
        "valueField": "M Solver Flag Inventory Plan Policy",
        "textField": "M Solver Flag Inventory Plan Policy",
        "visible": false,
        "isEditable": false,
        "cascadeFrom": "TargetVersion",
        "validation": {
          "maxLength": "0",
          "required": true
        },
        "overrideFieldBindingType": false
      },
      {
        "fieldName": "SolverFlagMinimizeInventoryBuildAhead",
        "title": "M Solver Flag Minimize Inventory Build Ahead",
        "Description": "M Solver Flag Minimize Inventory Build Ahead",
        "type": "picklistDropdown",
        "selectionType": "single",
        "clearSearch": true,
        "select": "ALL",
        "source": "datasource",
        "key": "SolverFlagMinimizeInventoryBuildAhead",
        "valueField": "M Solver Flag Minimize Inventory Build Ahead",
        "textField": "M Solver Flag Minimize Inventory Build Ahead",
        "visible": false,
        "isEditable": false,
        "cascadeFrom": "TargetVersion",
        "validation": {
          "maxLength": "0",
          "required": true
        },
        "overrideFieldBindingType": false
      },
      {
        "fieldName": "CapacityConstrained",
        "title": "Capacity Constrained Flag",
        "type": "picklistDropdown",
        "selectionType": "single",
        "clearSearch": true,
        "select": "ALL",
        "source": "datasource",
        "key": "SolverCapacityConstrained",
        "valueField": "M Capacity Constrained",
        "textField": "M Capacity Constrained",
        "visible": true,
        "isEditable": true,
        "cascadeFrom": "TargetVersion",
        "validation": {
          "maxLength": "0",
          "required": true
        },
        "overrideFieldBindingType": false
      },
      {
        "fieldName": "MaterialConstrained",
        "title": "Material Constrained Flag",
        "type": "picklistDropdown",
        "selectionType": "single",
        "clearSearch": true,
        "select": "ALL",
        "source": "datasource",
        "key": "SolverMaterialConstrained",
        "valueField": "M Material Constrained",
        "textField": "M Material Constrained",
        "visible": true,
        "isEditable": true,
        "cascadeFrom": "TargetVersion",
        "validation": {
          "maxLength": "0",
          "required": true
        },
        "overrideFieldBindingType": false
      },
      {
        "fieldName": "Now",
        "title": "Now",
        "Description": "Now",
        "type": "datetime",
        "selectionType": "single",
        "clearSearch": true,
        "select": "ALL",
        "source": "datasource",
        "key": "Now",
        "valueField": "result",
        "visible": false,
        "isEditable": false,
        "validation": {
          "maxLength": "0",
          "required": true
        },
        "overrideFieldBindingType": false
      },
      {
        "fieldName": "Constrained",
        "title": "Constrained or Procurement",
        "type": "picklistDropdown",
        "selectionType": "single",
        "clearSearch": true,
        "select": "ALL",
        "source": "picklist",
        "key": "SolverRunType",
        "visible": false,
        "isEditable": true,
        "validation": {
          "maxLength": "0",
          "required": true
        }
      },
      {
        "fieldName": "SolverSSBuildAheadLimit",
        "title": "SS Build Ahead Limit",
        "Description": "SS Build Ahead Limit",
        "type": "picklistDropdown",
        "selectionType": "single",
        "clearSearch": true,
        "select": "ALL",
        "source": "datasource",
        "key": "SolverSSBuildAheadLimit",
        "valueField": "M Solver SS Build Ahead Limit",
        "textField": "M Solver SS Build Ahead Limit",
        "visible": false,
        "isEditable": false,
        "cascadeFrom": "TargetVersion",
        "validation": {
          "maxLength": "0",
          "required": true
        },
        "overrideFieldBindingType": false
      },
      {
        "fieldName": "SolverFlagMinimizeNoCarryViolations",
        "title": "M Solver Flag Minimize No Carry Violations",
        "Description": "M Solver Flag Minimize No Carry Violations",
        "type": "picklistDropdown",
        "selectionType": "single",
        "clearSearch": true,
        "select": "ALL",
        "source": "datasource",
        "key": "SolverFlagMinimizeNoCarryViolations",
        "valueField": "M Solver Flag Minimize No Carry Violations",
        "textField": "M Solver Flag Minimize No Carry Violations",
        "visible": false,
        "isEditable": false,
        "cascadeFrom": "TargetVersion",
        "validation": {
          "maxLength": "0",
          "required": true
        },
        "overrideFieldBindingType": false
      },
      {
        "fieldName": "SolverFlagTryMaterialReallocationInRCA",
        "title": "M Solver Flag Try Material Real location In RCA",
        "Description": "M Solver Flag Try Material Real location In RCA",
        "type": "picklistDropdown",
        "clearSearch": true,
        "source": "datasource",
        "key": "SolverFlagTryMaterialReallocationInRCA",
        "valueField": "M Solver Flag Try Material Reallocation In RCA",
        "textField": "M Solver Flag Try Material Reallocation In RCA",
        "visible": false,
        "isEditable": false,
        "cascadeFrom": "TargetVersion",
        "validation": {
          "maxLength": "0",
          "required": true
        },
        "selectionType": "single",
        "overrideFieldBindingType": false
      },
      {
        "fieldName": "SolverFlagInventoryPlanStrategy",
        "title": "M Solver Flag Inventory Plan Strategy",
        "Description": "M Solver Flag Inventory Plan Strategy",
        "type": "picklistDropdown",
        "selectionType": "single",
        "clearSearch": true,
        "select": "ALL",
        "source": "datasource",
        "key": "SolverFlagInventoryPlanStrategy",
        "valueField": "M Solver Flag Inventory Plan Strategy",
        "textField": "M Solver Flag Inventory Plan Strategy",
        "visible": false,
        "isEditable": false,
        "cascadeFrom": "TargetVersion",
        "validation": {
          "maxLength": "0",
          "required": true
        },
        "overrideFieldBindingType": false
      },
      {
        "fieldName": "SolverDemandBuildAheadLimit",
        "title": "Demand Build Ahead Limit",
        "Description": "Demand Build Ahead Limit",
        "type": "picklistDropdown",
        "selectionType": "single",
        "clearSearch": true,
        "select": "ALL",
        "source": "datasource",
        "key": "SolverDemandBuildAheadLimit",
        "valueField": "M Global Demand Build Ahead Limit",
        "textField": "M Global Demand Build Ahead Limit",
        "visible": false,
        "isEditable": false,
        "cascadeFrom": "TargetVersion",
        "validation": {
          "maxLength": "0",
          "required": true
        },
        "overrideFieldBindingType": false
      },
      {
        "fieldName": "SolverDemandBuildLateLimit",
        "title": "Demand Build Late Limit",
        "Description": "Demand Build Late Limit",
        "type": "picklistDropdown",
        "selectionType": "single",
        "clearSearch": true,
        "select": "ALL",
        "source": "datasource",
        "key": "SolverDemandBuildLateLimit",
        "valueField": "M Global Demand Build Late Limit",
        "textField": "M Global Demand Build Late Limit",
        "visible": false,
        "isEditable": false,
        "cascadeFrom": "TargetVersion",
        "validation": {
          "maxLength": "0",
          "required": true
        },
        "overrideFieldBindingType": false
      },
      {
        "fieldName": "SolverExpediteWIP",
        "title": "M Solver Expedite WIP",
        "Description": "M Solver Expedite WIP",
        "type": "picklistDropdown",
        "selectionType": "single",
        "clearSearch": true,
        "source": "datasource",
        "key": "SolverExpediteWIP",
        "valueField": "M Solver Flag Expedite WIP",
        "textField": "M Solver Flag Expedite WIP",
        "visible": false,
        "isEditable": false,
        "cascadeFrom": "TargetVersion",
        "validation": {
          "maxLength": "0",
          "required": true
        },
        "select": "ALL",
        "overrideFieldBindingType": false
      },
      {
        "fieldName": "NoPeggings",
        "title": "No Peggings",
        "Description": "No Peggings",
        "type": "picklistDropdown",
        "selectionType": "single",
        "clearSearch": true,
        "select": "ALL",
        "source": "datasource",
        "key": "SolverNoPeggings",
        "valueField": "M Solver Flag No Peggings",
        "textField": "M Solver Flag No Peggings",
        "visible": false,
        "isEditable": false,
        "cascadeFrom": "TargetVersion",
        "validation": {
          "maxLength": "0",
          "required": true
        },
        "overrideFieldBindingType": false
      },
      {
        "fieldName": "SupplyCodePlan",
        "title": "Supply Code Plan",
        "Description": "Supply Code Plan",
        "type": "picklistDropdown",
        "selectionType": "single",
        "clearSearch": true,
        "select": "ALL",
        "source": "datasource",
        "key": "SolverSupplyCodePlan",
        "valueField": "M Solver Flag SupplyCode Plan",
        "textField": "M Solver Flag SupplyCode Plan",
        "visible": false,
        "isEditable": false,
        "cascadeFrom": "TargetVersion",
        "validation": {
          "maxLength": "0",
          "required": true
        },
        "overrideFieldBindingType": false
      },
      {
        "fieldName": "ShelfLifePlan",
        "title": "Shelf Life Plan",
        "Description": "Shelf Life Plan",
        "type": "picklistDropdown",
        "selectionType": "single",
        "clearSearch": true,
        "select": "ALL",
        "source": "datasource",
        "key": "SolverShelfLifePlan",
        "valueField": "M Solver Flag Shelf Life Plan",
        "textField": "M Solver Flag Shelf Life Plan",
        "visible": false,
        "isEditable": false,
        "cascadeFrom": "TargetVersion",
        "validation": {
          "maxLength": "0",
          "required": true
        },
        "overrideFieldBindingType": false
      },
      {
        "fieldName": "PlanDateHardPeg",
        "title": "Plan Date Hard Peg",
        "Description": "Plan Date Hard Peg",
        "type": "picklistDropdown",
        "selectionType": "single",
        "clearSearch": true,
        "select": "ALL",
        "source": "datasource",
        "key": "SolverPlanDateHardPeg",
        "valueField": "M Plan Date Hard Peg",
        "textField": "M Plan Date Hard Peg",
        "visible": false,
        "isEditable": false,
        "cascadeFrom": "TargetVersion",
        "validation": {
          "maxLength": "0",
          "required": true
        },
        "overrideFieldBindingType": false
      },
      {
        "fieldName": "MinTimeHardPeg",
        "title": "Min Time Hard Peg",
        "Description": "Min Time Hard Peg",
        "type": "picklistDropdown",
        "selectionType": "single",
        "clearSearch": true,
        "select": "ALL",
        "source": "datasource",
        "key": "SolverMinTimeHardPeg",
        "valueField": "M Min Time Hard Peg",
        "textField": "M Min Time Hard Peg",
        "visible": false,
        "isEditable": false,
        "cascadeFrom": "TargetVersion",
        "validation": {
          "maxLength": "0",
          "required": true
        },
        "overrideFieldBindingType": false
      },
      {
        "fieldName": "LatePlanStrategy",
        "title": "Late Plan Strategy",
        "Description": "Late Plan Strategy",
        "type": "string",
        "selectionType": "single",
        "clearSearch": true,
        "select": "ALL",
        "source": "datasource",
        "key": "SolverLatePlanStrategy",
        "valueField": "M Late Plan Strategy",
        "textField": "M Late Plan Strategy",
        "visible": false,
        "isEditable": false,
        "cascadeFrom": "TargetVersion",
        "validation": {
          "maxLength": "0",
          "required": true
        },
        "overrideFieldBindingType": false
      },
      {
        "fieldName": "DemandSliceThreshold",
        "title": "Demand Slice Threshold",
        "Description": "Demand Slice Threshold",
        "type": "picklistDropdown",
        "selectionType": "single",
        "clearSearch": true,
        "select": "ALL",
        "source": "datasource",
        "key": "SolverDemandSliceThreshold",
        "valueField": "M Solver Demand Slice Threshold",
        "textField": "M Solver Demand Slice Threshold",
        "visible": false,
        "isEditable": false,
        "cascadeFrom": "TargetVersion",
        "validation": {
          "maxLength": "0",
          "required": true
        },
        "overrideFieldBindingType": false
      },
      {
        "fieldName": "User",
        "title": "User",
        "type": "picklistDropdown",
        "selectionType": "single",
        "clearSearch": true,
        "select": "ALL",
        "source": "datasource",
        "key": "CurrentUser",
        "valueField": "Name",
        "textField": "Name",
        "visible": false,
        "isEditable": false,
        "validation": {
          "maxLength": "0",
          "required": true
        },
        "overrideFieldBindingType": false
      },
      {
        "fieldName": "ScenarioCount",
        "title": "Scenario Count",
        "type": "number",
        "selectionType": "single",
        "clearSearch": true,
        "select": "ALL",
        "source": "datasource",
        "key": "ScenarioCount",
        "valueField": "result",
        "textField": "result",
        "visible": false,
        "isEditable": false,
        "validation": {
          "maxLength": "0",
          "required": true
        },
        "overrideFieldBindingType": false
      },
      {
        "fieldName": "VersionCount",
        "title": "Version Count",
        "type": "number",
        "selectionType": "single",
        "clearSearch": true,
        "select": "ALL",
        "source": "datasource",
        "key": "VersionCount",
        "valueField": "result",
        "textField": "result",
        "visible": false,
        "isEditable": false,
        "validation": {
          "maxLength": "0",
          "required": true
        },
        "overrideFieldBindingType": false
      },
      {
        "fieldName": "ActionType",
        "title": "Action Type",
        "type": "string",
        "selectionType": "single",
        "clearSearch": true,
        "source": "literal",
        "defaultValue": "Constrained Plan Monthly",
        "visible": false,
        "isEditable": false,
        "validation": {
          "maxLength": "0",
          "required": true
        }
      },
      {
        "fieldName": "Product",
        "title": "Product",
        "type": "string",
        "selectionType": "single",
        "clearSearch": true,
        "source": "literal",
        "defaultValue": "Master Planning",
        "visible": false,
        "isEditable": false,
        "validation": {
          "maxLength": "0",
          "required": true
        }
      },
      {
        "fieldName": "RunID",
        "title": "RunID",
        "type": "string",
        "selectionType": "single",
        "clearSearch": true,
        "select": "ALL",
        "source": "datasource",
        "key": "RunID",
        "valueField": "Name",
        "textField": "Name",
        "visible": false,
        "isEditable": false,
        "validation": {
          "maxLength": "0",
          "required": true
        },
        "cascadeFrom": "RunIDParent",
        "overrideFieldBindingType": false
      },
      {
        "fieldName": "RunIDParent",
        "title": "RunID Parent",
        "type": "picklistDropdown",
        "selectionType": "single",
        "clearSearch": true,
        "select": "ALL",
        "source": "datasource",
        "key": "RunIDParent",
        "valueField": "result",
        "textField": "result",
        "visible": false,
        "isEditable": false,
        "validation": {
          "maxLength": "0",
          "required": true
        },
        "overrideFieldBindingType": false
      },
      {
        "fieldName": "SkipSSForUnviableBuckets",
        "title": "Skip SS For Unviable Buckets",
        "Description": "Skip SS For Unviable Buckets",
        "type": "picklistDropdown",
        "selectionType": "single",
        "clearSearch": true,
        "select": "ALL",
        "source": "datasource",
        "key": "SolverSkipSSForUnviableBuckets",
        "valueField": "M Skip SS For Unviable Buckets",
        "textField": "M Skip SS For Unviable Buckets",
        "visible": false,
        "isEditable": false,
        "validation": {
          "maxLength": "0",
          "required": true
        },
        "cascadeFrom": "TargetVersion",
        "overrideFieldBindingType": false
      },
      {
        "fieldName": "PDODataObject",
        "title": "PDODataObject",
        "Description": "PDODataObject",
        "type": "string",
        "selectionType": "single",
        "clearSearch": true,
        "source": "literal",
        "defaultValue": "Monthly PDO Generation and Transfer",
        "visible": false,
        "isEditable": false,
        "validation": {
          "maxLength": "0",
          "required": true
        }
      },
      {
        "fieldName": "InvTargetDataObject",
        "title": "InvTargetDataObject",
        "Description": "InvTargetDataObject",
        "type": "string",
        "selectionType": "single",
        "clearSearch": true,
        "source": "literal",
        "defaultValue": "Inventory Targets Handoff",
        "visible": false,
        "isEditable": false,
        "validation": {
          "maxLength": "0",
          "required": true
        }
      },
      {
        "fieldName": "Plan",
        "title": "Run Financial Plan",
        "type": "boolean",
        "clearSearch": true,
        "source": "literal",
        "defaultValue": false,
        "visible": true,
        "isEditable": true,
        "validation": {
          "maxLength": "0",
          "required": true
        }
      },
      {
        "fieldName": "TargetVersion",
        "title": "TargetVersion",
        "type": "picklistDropdown",
        "selectionType": "single",
        "clearSearch": true,
        "select": "NONE",
        "source": "members",
        "DimensionName": "Version",
        "LevelAttributeName": "Version Name",
        "visible": true,
        "isEditable": true,
        "validation": {
          "maxLength": "0",
          "required": true
        }
      },
      {
        "fieldName": "BaseVersion",
        "title": "BaseVersion",
        "type": "picklistDropdown",
        "clearSearch": true,
        "source": "datasource",
        "overrideFieldBindingType": false,
        "visible": false,
        "isEditable": false,
        "validation": {
          "maxLength": "0",
          "required": true
        },
        "selectionType": "single",
        "select": "ALL",
        "cascadeFrom": "TargetVersion",
        "key": "BaseVersion",
        "valueField": "M Base Version",
        "textField": "M Base Version"
      },
      {
        "fieldName": "Monthly",
        "title": "Monthly",
        "type": "picklistDropdown",
        "clearSearch": true,
        "source": "datasource",
        "overrideFieldBindingType": false,
        "visible": false,
        "isEditable": false,
        "validation": {
          "maxLength": "0",
          "required": true
        },
        "selectionType": "single",
        "select": "ALL",
        "cascadeFrom": "TargetVersion",
        "key": "Monthly",
        "valueField": "Param Value",
        "textField": "Param Value"
      },
      {
        "fieldName": "Item",
        "title": "Item",
        "type": "picklistDropdown",
        "clearSearch": true,
        "source": "datasource",
        "overrideFieldBindingType": false,
        "visible": false,
        "isEditable": false,
        "validation": {
          "maxLength": "0",
          "required": false
        },
        "selectionType": "single",
        "select": "ALL",
        "cascadeFrom": "TargetVersion",
        "key": "Item",
        "valueField": "Param Value",
        "textField": "Param Value"
      },
      {
        "fieldName": "Fixed",
        "title": "Fixed",
        "type": "picklistDropdown",
        "clearSearch": true,
        "source": "datasource",
        "overrideFieldBindingType": false,
        "visible": false,
        "isEditable": false,
        "validation": {
          "maxLength": "0",
          "required": false
        },
        "selectionType": "single",
        "select": "ALL",
        "cascadeFrom": "TargetVersion",
        "key": "Fixed",
        "valueField": "Param Value",
        "textField": "Param Value"
      },
      {
        "fieldName": "Group",
        "title": "Group",
        "type": "picklistDropdown",
        "clearSearch": true,
        "source": "datasource",
        "overrideFieldBindingType": false,
        "visible": false,
        "isEditable": false,
        "validation": {
          "maxLength": "0",
          "required": false
        },
        "selectionType": "single",
        "select": "ALL",
        "cascadeFrom": "TargetVersion",
        "key": "Group",
        "valueField": "Param Value",
        "textField": "Param Value"
      },
      {
        "fieldName": "ItemGroup",
        "title": "ItemGroup",
        "type": "picklistDropdown",
        "selectionType": "single",
        "clearSearch": true,
        "select": "ALL",
        "source": "datasource",
        "key": "ItemGroup",
        "valueField": "Param Value",
        "textField": "Param Value",
        "overrideFieldBindingType": false,
        "visible": false,
        "isEditable": false,
        "cascadeFrom": "TargetVersion",
        "validation": {
          "maxLength": "0",
          "required": false
        }
      },
      {
        "fieldName": "CampaignHorizon",
        "title": "Campaign Horizon",
        "Description": "Campaign Horizon",
        "type": "picklistDropdown",
        "selectionType": "single",
        "clearSearch": true,
        "select": "ALL",
        "source": "datasource",
        "key": "CampaignHorizon",
        "valueField": "M Campaign Plan Horizon",
        "textField": "M Campaign Plan Horizon",
        "overrideFieldBindingType": false,
        "visible": false,
        "isEditable": false,
        "cascadeFrom": "BaseVersion",
        "validation": {
          "required": true,
          "maxLength": "0"
        }
      },
      {
        "fieldName": "LPSolverName",
        "title": "LP Solver Name",
        "Description": "LP Solver Name",
        "type": "picklist",
        "selectionType": "single",
        "clearSearch": true,
        "select": "ALL",
        "source": "datasource",
        "key": "LPSolverName",
        "valueField": "M LP Solver Name",
        "textField": "M LP Solver Name",
        "overrideFieldBindingType": false,
        "visible": false,
        "isEditable": false,
        "cascadeFrom": "TargetVersion",
        "validation": {
          "maxLength": "0",
          "required": true
        }
      },
      {
        "fieldName": "DemandAllocation",
        "title": "DemandAllocation",
        "type": "boolean",
        "clearSearch": true,
        "source": "literal",
        "defaultValue": false,
        "visible": true,
        "isEditable": true,
        "validation": {
          "maxLength": "0",
          "required": true
        }
      }
    ],
    "Range": [],
    "DataSources": [
      {
        "Name": "SolverEndingBucket",
        "IBPLRules": [
          {
            "template": "SELECT &MonthlySolverEndBucket.element(0);"
          }
        ],
        "JavascriptRules": [],
        "FieldBindings": [],
        "IncludeDSFieldsOnly": false
      },
      {
        "Name": "SolverStartingBucket",
        "IBPLRules": [
          {
            "template": "SELECT &MonthlySolverStartBucket.element(0);"
          }
        ],
        "JavascriptRules": [],
        "FieldBindings": [],
        "IncludeDSFieldsOnly": false
      },
      {
        "Name": "SolverDemandSliceFactor",
        "IBPLRules": [
          {
            "template": "Select ([Version].[Version Name]{{#filter TargetVersion}} * {Measure.[M Solver Demand Slice Factor]});"
          }
        ],
        "JavascriptRules": [],
        "FieldBindings": [],
        "IncludeDSFieldsOnly": false
      },
      {
        "Name": "SolverFlagAllowNOH",
        "IBPLRules": [
          {
            "template": "Select ([Version].[Version Name]{{#filter TargetVersion}} * {Measure.[M Solver Flag Allow NOH]});"
          }
        ],
        "JavascriptRules": [],
        "FieldBindings": [],
        "IncludeDSFieldsOnly": false
      },
      {
        "Name": "SolverFlagRespectFreezeWindowForWIPs",
        "IBPLRules": [
          {
            "template": "Select ([Version].[Version Name]{{#filter TargetVersion}} * {Measure.[M Solver Flag Respect Freeze Window For WIPs]});"
          }
        ],
        "JavascriptRules": [],
        "FieldBindings": [],
        "IncludeDSFieldsOnly": false
      },
      {
        "Name": "SolverFlagMinimizeInventoryBuildAhead",
        "IBPLRules": [
          {
            "template": "Select ([Version].[Version Name]{{#filter TargetVersion}} * {Measure.[M Solver Flag Minimize Inventory Build Ahead]});"
          }
        ],
        "JavascriptRules": [],
        "FieldBindings": [],
        "IncludeDSFieldsOnly": false
      },
      {
        "Name": "SolverFlagInventoryPlanType",
        "IBPLRules": [
          {
            "template": "Select ([Version].[Version Name]{{#filter TargetVersion}} * { (if    (Measure.[M Solver Flag Inventory Plan Type] == \"BOS_TO_QUANTITY\") then \"QUANTITY\" else Measure.[M Solver Flag Inventory Plan Type]) as Transient.[M Solver Flag Inventory Plan Type Modified]});"
          }
        ],
        "JavascriptRules": [],
        "FieldBindings": [],
        "IncludeDSFieldsOnly": false
      },
      {
        "Name": "SolverFlagInventoryPlanPolicy",
        "IBPLRules": [
          {
            "template": "Select ([Version].[Version Name]{{#filter TargetVersion}} * {Measure.[M Solver Flag Inventory Plan Policy]});"
          }
        ],
        "JavascriptRules": [],
        "FieldBindings": [],
        "IncludeDSFieldsOnly": false
      },
      {
        "Name": "SolverInventoryPlanBands",
        "IBPLRules": [
          {
            "template": "Select ([Version].[Version Name]{{#filter TargetVersion}} * {Measure.[M Solver Inventory Plan Bands]});"
          }
        ],
        "JavascriptRules": [],
        "FieldBindings": [],
        "IncludeDSFieldsOnly": false
      },
      {
        "Name": "SolverCurrentBucket",
        "IBPLRules": [
          {
            "template": "SELECT &MonthlySolverCurrentBucket.element(0);"
          }
        ],
        "JavascriptRules": [],
        "FieldBindings": [],
        "IncludeDSFieldsOnly": false
      },
      {
        "Name": "Now",
        "IBPLRules": [
          {
            "template": "Select NOW();"
          }
        ],
        "JavascriptRules": [],
        "FieldBindings": [],
        "IncludeDSFieldsOnly": false
      },
      {
        "Name": "SolverMaterialConstrained",
        "IBPLRules": [
          {
            "template": "Select ([Version].[Version Name]{{#filter TargetVersion}} * {Measure.[M Material Constrained]});"
          }
        ],
        "JavascriptRules": [],
        "FieldBindings": [],
        "IncludeDSFieldsOnly": false
      },
      {
        "Name": "SolverCapacityConstrained",
        "IBPLRules": [
          {
            "template": "Select ([Version].[Version Name]{{#filter TargetVersion}} * {Measure.[M Capacity Constrained]});"
          }
        ],
        "JavascriptRules": [],
        "FieldBindings": [],
        "IncludeDSFieldsOnly": false
      },
      {
        "Name": "SolverCapacityBandsToMinimizeLateness",
        "IBPLRules": [
          {
            "template": "Select ([Version].[Version Name]{{#filter TargetVersion}} * {Measure.[M Solver Capacity Bands To Minimize Lateness]});"
          }
        ],
        "JavascriptRules": [],
        "FieldBindings": [],
        "IncludeDSFieldsOnly": false
      },
      {
        "Name": "SolverDeleteData",
        "IBPLRules": [
          {
            "template": "Select ([Version].[Version Name]{{#filter TargetVersion}} * {Measure.[M Solver Delete Data]});"
          }
        ],
        "JavascriptRules": [],
        "FieldBindings": [],
        "IncludeDSFieldsOnly": false
      },
      {
        "Name": "SolverRun",
        "IBPLRules": [
          {
            "template": "Select ([Version].[Version Name]{{#filter TargetVersion}} * {Measure.[M Solver Run Type Flag]});"
          }
        ],
        "JavascriptRules": [],
        "FieldBindings": [],
        "IncludeDSFieldsOnly": false
      },
      {
        "Name": "SolverSSBuildAheadLimit",
        "IBPLRules": [
          {
            "template": "Select ([Version].[Version Name]{{#filter TargetVersion}} * {Measure.[M Solver SS Build Ahead Limit]});"
          }
        ],
        "JavascriptRules": [],
        "FieldBindings": [],
        "IncludeDSFieldsOnly": false
      },
      {
        "Name": "SolverFlagMinimizeNoCarryViolations",
        "IBPLRules": [
          {
            "template": "Select ([Version].[Version Name]{{#filter TargetVersion}} * {Measure.[M Solver Flag Minimize No Carry Violations]});"
          }
        ],
        "JavascriptRules": [],
        "FieldBindings": [],
        "IncludeDSFieldsOnly": false
      },
      {
        "Name": "SolverFlagTryMaterialReallocationInRCA",
        "IBPLRules": [
          {
            "template": "Select ([Version].[Version Name]{{#filter TargetVersion}} * {Measure.[M Solver Flag Try Material Reallocation In RCA]});"
          }
        ],
        "JavascriptRules": [],
        "FieldBindings": [],
        "IncludeDSFieldsOnly": false
      },
      {
        "Name": "SolverFlagInventoryPlanStrategy",
        "IBPLRules": [
          {
            "template": "Select ([Version].[Version Name]{{#filter TargetVersion}} * {Measure.[M Solver Flag Inventory Plan Strategy]});"
          }
        ],
        "JavascriptRules": [],
        "FieldBindings": [],
        "IncludeDSFieldsOnly": false
      },
      {
        "Name": "SolverDemandBuildAheadLimit",
        "IBPLRules": [
          {
            "template": "Select ([Version].[Version Name]{{#filter TargetVersion}} * {Measure.[M Global Demand Build Ahead Limit]});"
          }
        ],
        "JavascriptRules": [],
        "FieldBindings": [],
        "IncludeDSFieldsOnly": false
      },
      {
        "Name": "SolverDemandBuildLateLimit",
        "IBPLRules": [
          {
            "template": "Select ([Version].[Version Name]{{#filter TargetVersion}} * {Measure.[M Global Demand Build Late Limit]});"
          }
        ],
        "JavascriptRules": [],
        "FieldBindings": [],
        "IncludeDSFieldsOnly": false
      },
      {
        "Name": "SolverExpediteWIP",
        "IBPLRules": [
          {
            "template": "Select ([Version].[Version Name]{{#filter TargetVersion}} * {Measure.[M Solver Flag Expedite WIP]});"
          }
        ],
        "JavascriptRules": [],
        "FieldBindings": [],
        "IncludeDSFieldsOnly": false
      },
      {
        "Name": "SolverNoPeggings",
        "IBPLRules": [
          {
            "template": "Select ([Version].[Version Name]{{#filter TargetVersion}} * {Measure.[M Solver Flag No Peggings]});"
          }
        ],
        "JavascriptRules": [],
        "FieldBindings": [],
        "IncludeDSFieldsOnly": false
      },
      {
        "Name": "SolverSupplyCodePlan",
        "IBPLRules": [
          {
            "template": "Select ([Version].[Version Name]{{#filter TargetVersion}} * {Measure.[M Solver Flag SupplyCode Plan]});"
          }
        ],
        "JavascriptRules": [],
        "FieldBindings": [],
        "IncludeDSFieldsOnly": false
      },
      {
        "Name": "SolverShelfLifePlan",
        "IBPLRules": [
          {
            "template": "Select ([Version].[Version Name]{{#filter TargetVersion}} * {Measure.[M Solver Flag Shelf Life Plan]});"
          }
        ],
        "JavascriptRules": [],
        "FieldBindings": [],
        "IncludeDSFieldsOnly": false
      },
      {
        "Name": "SolverPlanDateHardPeg",
        "IBPLRules": [
          {
            "template": "Select ([Version].[Version Name]{{#filter TargetVersion}} * {Measure.[M Plan Date Hard Peg]});"
          }
        ],
        "JavascriptRules": [],
        "FieldBindings": [],
        "IncludeDSFieldsOnly": false
      },
      {
        "Name": "SolverMinTimeHardPeg",
        "IBPLRules": [
          {
            "template": "Select ([Version].[Version Name]{{#filter TargetVersion}} * {Measure.[M Min Time Hard Peg]});"
          }
        ],
        "JavascriptRules": [],
        "FieldBindings": [],
        "IncludeDSFieldsOnly": false
      },
      {
        "Name": "SolverLatePlanStrategy",
        "IBPLRules": [
          {
            "template": "Select ([Version].[Version Name]{{#filter TargetVersion}} * {Measure.[M Late Plan Strategy]});"
          }
        ],
        "JavascriptRules": [],
        "FieldBindings": [],
        "IncludeDSFieldsOnly": false
      },
      {
        "Name": "SolverDemandSliceThreshold",
        "IBPLRules": [
          {
            "template": "Select ([Version].[Version Name]{{#filter TargetVersion}} * {Measure.[M Solver Demand Slice Threshold]});"
          }
        ],
        "JavascriptRules": [],
        "FieldBindings": [],
        "IncludeDSFieldsOnly": false
      },
      {
        "Name": "CurrentUser",
        "IBPLRules": [
          {
            "template": "Select CurrentUser();"
          }
        ],
        "JavascriptRules": [],
        "FieldBindings": [],
        "IncludeDSFieldsOnly": false
      },
      {
        "Name": "RunID",
        "IBPLRules": [
          {
            "template": "createmember ([Action].[RunID]={,\"{{RunIDParent}}-{{ActionType}}\"});"
          }
        ],
        "JavascriptRules": [],
        "FieldBindings": [],
        "IncludeDSFieldsOnly": false
      },
      {
        "Name": "ScenarioCount",
        "IBPLRules": [
          {
            "template": "Select ([Version].[Version Name].filter(#.Key <=0).count);"
          }
        ],
        "JavascriptRules": [],
        "FieldBindings": [],
        "IncludeDSFieldsOnly": false
      },
      {
        "Name": "VersionCount",
        "IBPLRules": [
          {
            "template": "Select ([Version].[Version Name].filter(#.Key >=0).count);"
          }
        ],
        "JavascriptRules": [],
        "FieldBindings": [],
        "IncludeDSFieldsOnly": false
      },
      {
        "Name": "RunIDParent",
        "IBPLRules": [
          {
            "template": "select NextLabel([RunID Parent]);"
          }
        ],
        "JavascriptRules": [],
        "FieldBindings": [],
        "IncludeDSFieldsOnly": false
      },
      {
        "Name": "SolverSkipSSForUnviableBuckets",
        "IBPLRules": [
          {
            "template": "Select ([Version].[Version Name]{{#filter TargetVersion}} * {Measure.[M Skip SS For Unviable Buckets]});"
          }
        ],
        "JavascriptRules": [],
        "FieldBindings": [],
        "IncludeDSFieldsOnly": false
      },
      {
        "Name": "Item",
        "IBPLRules": [
          {
            "template": "select ([Version].[Version Name]{{#filter TargetVersion}} * {(if (Measure.[M Type of Campaign Plan] ==  2) then \"true\" else \"false\") as Transient.[Param Value]});\t\t\t"
          }
        ],
        "JavascriptRules": [],
        "IncludeDSFieldsOnly": false,
        "FieldBindings": []
      },
      {
        "Name": "Fixed",
        "IBPLRules": [
          {
            "template": "select ([Version].[Version Name]{{#filter TargetVersion}} * {(if (Measure.[M Type of Campaign Plan] ==  1) then \"true\" else \"false\") as Transient.[Param Value]});\t\t\t"
          }
        ],
        "JavascriptRules": [],
        "IncludeDSFieldsOnly": false,
        "FieldBindings": []
      },
      {
        "Name": "Group",
        "IBPLRules": [
          {
            "template": "select ([Version].[Version Name]{{#filter TargetVersion}} * {(if (Measure.[M Type of Campaign Plan] ==  3) then \"true\" else \"false\") as Transient.[Param Value]});\t\t\t"
          }
        ],
        "JavascriptRules": [],
        "IncludeDSFieldsOnly": false,
        "FieldBindings": []
      },
      {
        "Name": "ItemGroup",
        "IBPLRules": [
          {
            "template": "select ([Version].[Version Name]{{#filter TargetVersion}} * {(if (Measure.[M Type of Campaign Plan] ==  4) then \"true\" else \"false\") as Transient.[Param Value]});"
          }
        ],
        "JavascriptRules": [],
        "IncludeDSFieldsOnly": false,
        "FieldBindings": []
      },
      {
        "Name": "Monthly",
        "IBPLRules": [
          {
            "template": "select ([Version].[Version Name]{{#filter TargetVersion}} * {(if (Measure.[Is M Campaign Plan] ==  true) then \"true\" else \"false\") as Transient.[Param Value]});\t\t\t"
          }
        ],
        "JavascriptRules": [],
        "IncludeDSFieldsOnly": false,
        "FieldBindings": []
      },
      {
        "Name": "BaseVersion",
        "IBPLRules": [
          {
            "template": "select ([Version].[Version Name]{{#filter TargetVersion}} * {Measure.[M Base Version]});\t\t\t"
          }
        ],
        "JavascriptRules": [],
        "IncludeDSFieldsOnly": false,
        "FieldBindings": []
      },
      {
        "Name": "CampaignHorizon",
        "IBPLRules": [
          {
            "template": "Select ([Version].[Version Name]{{#filter TargetVersion}} * {Measure.[M Campaign Plan Horizon]});"
          }
        ],
        "JavascriptRules": [],
        "IncludeDSFieldsOnly": false,
        "FieldBindings": []
      },
      {
        "Name": "LPSolverName",
        "IBPLRules": [
          {
            "template": "Select ([Version].[Version Name]{{#filter TargetVersion}} * {Measure.[M LP Solver Name]});"
          }
        ],
        "JavascriptRules": [],
        "IncludeDSFieldsOnly": false,
        "FieldBindings": []
      }
    ],
    "AutoExecute": false,
    "isAsync": true,
    "hasMembersUpdates": false,
    "Compact": true,
    "TwoColumn": true,
    "IsGlobalForExcelAddIn": false,
    "enableTransaction": false,
    "ExcludeFromNavLink": false,
    "FilterFieldBindings": []
  },
  "Widget": null,
  "Roles": []
}