{
  "AttributeName": "L3",
  "AttributeId": "c8215069-c134-49e6-a1de-5f681eb07b83",
  "AttributeHierarchyEnabled": true,
  "IsKey": false,
  "Description": "Attribute for Alternate hierarchy of Item.",
  "OrderBy": "Key",
  "KeyColumnName": "L3Key",
  "NameColumnName": "L3Name",
  "KeyColumnDataType": "integer",
  "SeedTags": true,
  "KeyGenerationType": "Auto",
  "PickListName": null,
  "ConfigJson": {},
  "FormatString": null,
  "Translation": null,
  "Aliases": [],
  "ApiName": null,
  "ApiDisabled": false
}