{
  "AttributeName": "Table Name",
  "AttributeId": "73ac8916-e9cc-41b6-b3c6-bd7a23f03e35",
  "AttributeHierarchyEnabled": true,
  "IsKey": false,
  "Description": "Table Name",
  "OrderBy": "Name",
  "KeyColumnName": "TableNameKey",
  "NameColumnName": "TableNameName",
  "KeyColumnDataType": "integer",
  "SeedTags": false,
  "KeyGenerationType": "Auto",
  "PickListName": null,
  "ConfigJson": {
    "ShowFilterAs": "TileView",
    "MemberDisplayNameEditable": true,
    "IsMultipleImage": false
  },
  "FormatString": null,
  "Translation": null,
  "Aliases": [],
  "ApiName": null,
  "ApiDisabled": false
}