{
  "AttributeName": "Account L4",
  "AttributeId": "199951e3-1bd8-32c2-94c4-2f4f0dba5107",
  "AttributeHierarchyEnabled": true,
  "IsKey": false,
  "Description": "Account L4",
  "OrderBy": "Key",
  "KeyColumnName": "AccountL4Key",
  "NameColumnName": "AccountL4Name",
  "KeyColumnDataType": "integer",
  "SeedTags": true,
  "KeyGenerationType": "Auto",
  "PickListName": null,
  "ConfigJson": {
    "ShowFilterAs": "TileView",
    "MemberDisplayNameEditable": true,
    "IsMultipleImage": false,
    "MemberDisplayColor": false
  },
  "FormatString": null,
  "Translation": null,
  "Aliases": [],
  "ApiName": null,
  "ApiDisabled": false
}