{
  "RelationshipTypeName": "701.001 Common Solver Inputs Multi Step Routing",
  "RelationshipTypeId": "0cfecc18-e783-eb77-2af2-0cd043d581c6",
  "RelationshipTypeDescription": "Graph for visualizing multi step routing",
  "MemberRelationFactSchemaName": "graph",
  "MemberRelationFactTableName": "Fact701.001CommonSolverInputsMultiStepRouting",
  "IsDirected": true,
  "AutoCreateActivationProperty": false,
  "IsAssociationGraph": false,
  "ConfigJson": {},
  "ApiName": null,
  "ApiEnabled": false
}