{
  "AttributeName": "Stat Demand Domain Group",
  "AttributeId": "325042ad-9d05-832d-7094-5cc10b402f95",
  "AttributeHierarchyEnabled": true,
  "IsKey": false,
  "Description": "Highest Level in Stat Hierarchy",
  "OrderBy": "Name",
  "KeyColumnName": "StatDemandDomainGroupKey",
  "NameColumnName": "StatDemandDomainGroupName",
  "KeyColumnDataType": "integer",
  "SeedTags": true,
  "KeyGenerationType": "Auto",
  "PickListName": null,
  "ConfigJson": {
    "ShowFilterAs": "TileView",
    "MemberDisplayNameEditable": true,
    "IsMultipleImage": false,
    "MemberDisplayColor": false
  },
  "FormatString": null,
  "Translation": null,
  "Aliases": [],
  "ApiName": null,
  "ApiDisabled": false,
  "FgColorFormula": null,
  "BgColorFormula": null,
  "IsReservedBySystem": false
}