{
  "MeasureName": "LP Sls %",
  "MeasureId": "0256c86f-3ac2-428f-abcf-419289d40b13",
  "MeasureDescription": "LP Regular Sales %",
  "DataType": "number",
  "MeasureType": "Regular",
  "AggregateFunction": "Computed",
  "FormatString": "0.00%",
  "MeasureColumnName": "LPSls%",
  "MeasureFormula": "Safedivide(Measure.[LP Sls Rtl], Measure.[LP Ttl Sls Rtl])",
  "IsEditable": true,
  "ApplyConversion": false,
  "ConversionFormula": "",
  "PickListName": null,
  "BgColorFormula": "",
  "FgColorFormula": "",
  "TrendFormula": "",
  "FormattingViewModel": null,
  "ParentMeasureName": null,
  "AssociationMeasure": false,
  "IsComputedByPlanningService": false,
  "ToolTip": "Safedivide(LP Sls Rtl, LP Ttl Sls Rtl)",
  "ConfigJson": {},
  "ApiName": null,
  "ApiDisabled": false,
  "IsReportingMeasure": false,
  "MeasureConditionalFormulaProperties": [],
  "PicklistSource": null
}