{
  "AttributeName": "Demand Domain L2",
  "AttributeId": "45b8bc61-8de6-3c77-eedb-81a87a7ed9af",
  "AttributeHierarchyEnabled": true,
  "IsKey": false,
  "Description": "Demand Domain L2",
  "OrderBy": "Key",
  "KeyColumnName": "DemandDomainL2Key",
  "NameColumnName": "DemandDomainL2Name",
  "KeyColumnDataType": "integer",
  "SeedTags": true,
  "KeyGenerationType": "Auto",
  "PickListName": null,
  "ConfigJson": {
    "ShowFilterAs": "TileView",
    "MemberDisplayNameEditable": true,
    "IsMultipleImage": false,
    "MemberDisplayColor": false
  },
  "FormatString": null,
  "Translation": null,
  "Aliases": [],
  "ApiName": null,
  "ApiDisabled": false
}