{
  "Name": "o9EKGDeletePipeline",
  "Description": null,
  "ActionButtonId": "a620f20b-f5db-2bc8-1bfc-2492cc2f3b28",
  "Tooltip": "Delete Pipeline",
  "ActionButtonType": "Widget",
  "Alignment": "right",
  "IsPopOver": true,
  "IsGlobal": true,
  "ActionClickHandler": null,
  "Icon": null,
  "Image": null,
  "ConfigJson": {
    "icon": "minus-square-o",
    "SubmitButton": {
      "Label": "Submit",
      "SuccessMessage": "Pipeline has been deleted."
    },
    "ResetButton": {},
    "CloseButton": {
      "Label": "Close"
    },
    "NotifyAll": false,
    "IBPLRules": [
      {
        "template": "// Delete Member multiple //\n\nblock begin\n{{#each Pipeline}}\ndeletemember( [o9EKG Pipeline].[Pipeline Name] = { , \"{{this}}\" } ) cascade;\n{{/each}}\nend;"
      },
      {
        "template": "purge members ([o9EKG Pipeline].[Pipeline Name]);"
      }
    ],
    "JavascriptRules": [
      {
        "modulename": "o9.EKG.validatePipelineTableMapping",
        "functionname": "validatePipelineTableMapping"
      }
    ],
    "FieldBindings": [
      {
        "fieldName": "Pipeline",
        "title": "Pipeline Name",
        "type": "picklistDropdown",
        "selectionType": "multiple",
        "clearSearch": true,
        "source": "members",
        "DimensionName": "o9EKG Pipeline",
        "LevelAttributeName": "Pipeline Name",
        "visible": true,
        "isEditable": true,
        "validation": {
          "maxLength": "0",
          "required": true
        },
        "select": "NONE"
      }
    ],
    "Range": [],
    "DataSources": [],
    "AutoExecute": false,
    "isAsync": false,
    "hasMembersUpdates": true,
    "Compact": true,
    "TwoColumn": false,
    "IsGlobalForExcelAddIn": false,
    "enableTransaction": false,
    "ReturnFilterByUpdate": false,
    "ExcludeFromNavLink": false,
    "FilterFieldBindings": []
  },
  "Widget": null,
  "Roles": [
    "EKG_Intg_Arch"
  ]
}