{
  "Name": "PROCTransportationResourceInfo",
  "Description": "Information",
  "ActionButtonId": "d3ded715-b2cf-4ac8-9688-511e945a27ce",
  "Tooltip": "Information",
  "ActionButtonType": "Widget",
  "Alignment": "right",
  "IsPopOver": true,
  "IsGlobal": true,
  "ActionClickHandler": null,
  "Icon": null,
  "Image": null,
  "ConfigJson": {
    "icon": "info-circle",
    "SubmitButton": {
      "Label": "Submit"
    },
    "ResetButton": {
      "Label": "Reset"
    },
    "CloseButton": {
      "Label": "Close",
      "ConfirmMessage": "Unsaved changes will be lost. Continue?"
    },
    "NotifyAll": false,
    "IBPLRules": [],
    "JavascriptRules": [],
    "FieldBindings": [
      {
        "fieldName": "Information",
        "title": "Information",
        "type": "info",
        "clearSearch": true,
        "source": "literal",
        "visible": true,
        "isEditable": false,
        "validation": {
          "maxLength": "0",
          "required": true
        },
        "defaultValue": "<b>Supplier-TransMode Resource Info</b> <p> <ul> <li><p aligns=\"left\">Here the Planner can maintain Capacity at an Item-Supplier-Location and TransMode level. </li> </p> <li><p aligns=\"left\"> Transportation mode can be constrained to carry only a group of items to a specified plant location.</li></p> <li><p aligns=\"left\">Each supplier location, location, Item and transmode can have unique resources or can be shared between two lanes.</li></p>"
      }
    ],
    "DataSources": [],
    "AutoExecute": false,
    "isAsync": false,
    "hasMembersUpdates": false,
    "Compact": false,
    "TwoColumn": false,
    "IsGlobalForExcelAddIn": false,
    "ReturnFilterByUpdate": false,
    "FilterFieldBindings": []
  },
  "Widget": null
}