{
  "AttributeName": "Description",
  "AttributeId": "c346ec81-55f6-428e-8793-0df254d726a2",
  "AttributeHierarchyEnabled": false,
  "IsKey": false,
  "Description": "Description",
  "OrderBy": "Key",
  "KeyColumnName": "DescriptionKey",
  "NameColumnName": null,
  "KeyColumnDataType": "string",
  "SeedTags": false,
  "KeyGenerationType": null,
  "PickListName": null,
  "ConfigJson": {
    "IsVisible": true,
    "IsEditable": true
  },
  "FormatString": "",
  "Translation": null,
  "Aliases": [],
  "ApiName": null,
  "ApiDisabled": false
}