{
  "Name": "Allocation005ResetPOPacks",
  "Description": "Reset PO - Packs",
  "ActionButtonId": "28e56074-2c5b-7135-b488-40cfd460dda8",
  "Tooltip": "Reset PO - Packs",
  "ActionButtonType": "Widget",
  "Alignment": "right",
  "IsPopOver": true,
  "IsGlobal": true,
  "ActionClickHandler": null,
  "Icon": null,
  "Image": null,
  "ConfigJson": {
    "DisplayName": "Reset PO - Packs",
    "icon": "recycle",
    "SubmitButton": {
      "Label": "Submit"
    },
    "ResetButton": {
      "Label": "Reset"
    },
    "CloseButton": {
      "Label": "Close",
      "ConfirmMessage": "Unsaved changes will be lost. Continue?"
    },
    "NotifyRoles": false,
    "NotifyAll": false,
    "IBPLRules": [
      {
        "template": "{{#each TestTuple}}\nscope: ([Version].[Version Name]{{#filter Version}} * {{#entity PackID}} * {{#entity Item}} * {{#entity Location}} * {{#entity Day}} * {{#entity Activity1}} * {{#entity Activity2}} * {{#entity Activity3}} * {{#entity Demand}} * {{#entity DemandType}});\n\nMeasure.[Allocation Status Packs] = \"To Be Reviewed\";\nMeasure.[Allocation Approver Packs] = Null;\nMeasure.[Allocation Approval Date Packs] = Null;\nend scope;\n\n{{/each}}\n\n"
      },
      {
        "template": "//Status after STO Approval//\n\nexec plugin instance [Allocation510InboundInventoryStatus] for measures {[Inbound Order Status]} using scope ([Version].[Version Name]{{#filter Version}}) using arguments {(DriverMemory,\"2g\"), (\"IncludeNullRows\", \"False\"),(DataTransferMode, \"csv\"),([FailedExecutionCount], 1),([FailedExecutionPercent], 0.0), ([ThrowExceptionOnFailure], true),([ExecutionMode],\"MediumWeight\")};"
      }
    ],
    "JavascriptRules": [],
    "FieldBindings": [
      {
        "fieldName": "Version",
        "title": "Version",
        "Description": "Version",
        "type": "picklistDropdown",
        "selectionType": "single",
        "clearSearch": true,
        "source": "filter",
        "DimensionName": "Version",
        "LevelAttributeName": "Version Name",
        "visible": true,
        "isEditable": false,
        "validation": {
          "maxLength": "0",
          "required": true
        }
      },
      {
        "fieldName": "PackID",
        "title": "PackID",
        "Description": "PackID",
        "type": "picklistDropdown",
        "selectionType": "multiple",
        "clearSearch": true,
        "source": "parentAttributeWithMember",
        "DimensionName": "Pack",
        "key": {
          "LevelAttribute": {
            "Name": "PackID",
            "Property": "Name"
          }
        },
        "visible": true,
        "isEditable": false,
        "validation": {
          "required": true
        }
      },
      {
        "fieldName": "Item",
        "title": "Item",
        "Description": "Item",
        "type": "picklistDropdown",
        "selectionType": "multiple",
        "clearSearch": true,
        "source": "parentAttributeWithMember",
        "DimensionName": "Item",
        "key": {
          "LevelAttribute": {
            "Name": "Item",
            "Property": "Name"
          }
        },
        "visible": true,
        "isEditable": false,
        "validation": {
          "required": true
        }
      },
      {
        "fieldName": "Location",
        "title": "Select Location",
        "Description": "Select Location",
        "type": "picklistDropdown",
        "selectionType": "multiple",
        "clearSearch": true,
        "source": "parentAttributeWithMember",
        "DimensionName": "Location",
        "key": {
          "LevelAttribute": {
            "Name": "Location",
            "Property": "Name"
          }
        },
        "visible": true,
        "isEditable": false,
        "validation": {
          "required": true
        }
      },
      {
        "fieldName": "Day",
        "title": "Select Day",
        "Description": "Select Day",
        "type": "picklistDropdown",
        "selectionType": "multiple",
        "clearSearch": true,
        "source": "parentAttributeWithMember",
        "DimensionName": "Time",
        "key": {
          "LevelAttribute": {
            "Name": "Day",
            "Property": "Name"
          }
        },
        "visible": true,
        "isEditable": false,
        "validation": {
          "required": true
        }
      },
      {
        "fieldName": "Activity1",
        "title": "Select Activity1",
        "Description": "Select Activity1",
        "type": "picklistDropdown",
        "selectionType": "multiple",
        "clearSearch": true,
        "source": "parentAttributeWithMember",
        "DimensionName": "Activity1",
        "key": {
          "LevelAttribute": {
            "Name": "Activity1",
            "Property": "Name"
          }
        },
        "visible": true,
        "isEditable": false,
        "validation": {
          "required": true
        }
      },
      {
        "fieldName": "Activity2",
        "title": "Select Activity2",
        "Description": "Select Activity2",
        "type": "picklistDropdown",
        "selectionType": "multiple",
        "clearSearch": true,
        "source": "parentAttributeWithMember",
        "DimensionName": "Activity2",
        "key": {
          "LevelAttribute": {
            "Name": "Activity2",
            "Property": "Name"
          }
        },
        "visible": true,
        "isEditable": false,
        "validation": {
          "required": true
        }
      },
      {
        "fieldName": "Activity3",
        "title": "Select Activity3",
        "Description": "Select Activity3",
        "type": "picklistDropdown",
        "selectionType": "multiple",
        "clearSearch": true,
        "source": "parentAttributeWithMember",
        "DimensionName": "Activity3",
        "key": {
          "LevelAttribute": {
            "Name": "Activity3",
            "Property": "Name"
          }
        },
        "visible": true,
        "isEditable": false,
        "validation": {
          "required": true
        }
      },
      {
        "fieldName": "Demand",
        "title": "Selecrt Demand",
        "Description": "Select Demand",
        "type": "picklistDropdown",
        "selectionType": "multiple",
        "clearSearch": true,
        "source": "parentAttributeWithMember",
        "DimensionName": "Demand",
        "key": {
          "LevelAttribute": {
            "Name": "DemandID",
            "Property": "Name"
          }
        },
        "visible": true,
        "isEditable": false,
        "validation": {
          "required": true
        }
      },
      {
        "fieldName": "DemandType",
        "title": "Select Demand Type",
        "Description": "Select Demand Type",
        "type": "picklistDropdown",
        "selectionType": "multiple",
        "clearSearch": true,
        "source": "parentAttributeWithMember",
        "DimensionName": "Demand",
        "key": {
          "LevelAttribute": {
            "Name": "DemandID",
            "Property": "Name"
          }
        },
        "visible": true,
        "isEditable": true,
        "validation": {
          "required": true
        }
      },
      {
        "fieldName": "TestTuple",
        "title": "Combination",
        "Description": "TestTuple",
        "type": "picklistDropdown",
        "select": "ALL",
        "clearSearch": true,
        "source": "parentTuple",
        "TuplesList": [
          {
            "Key": "PackID",
            "LevelAttribute": {
              "DimensionName": "Pack",
              "Name": "PackID",
              "textField": "Name"
            },
            "tuplesource": "LevelAttribute"
          },
          {
            "Key": "Item",
            "LevelAttribute": {
              "DimensionName": "Item",
              "Name": "Item",
              "textField": "Name"
            },
            "tuplesource": "LevelAttribute"
          },
          {
            "Key": "Location",
            "LevelAttribute": {
              "DimensionName": "Location",
              "Name": "Location",
              "textField": "Name"
            },
            "tuplesource": "LevelAttribute"
          },
          {
            "Key": "Day",
            "LevelAttribute": {
              "DimensionName": "Time",
              "Name": "Day",
              "textField": "Name"
            },
            "tuplesource": "LevelAttribute"
          },
          {
            "Key": "Activity1",
            "LevelAttribute": {
              "DimensionName": "Activity1",
              "Name": "Activity1",
              "textField": "Name"
            },
            "tuplesource": "LevelAttribute"
          },
          {
            "Key": "Activity2",
            "LevelAttribute": {
              "DimensionName": "Activity2",
              "Name": "Activity2",
              "textField": "Name"
            },
            "tuplesource": "LevelAttribute"
          },
          {
            "Key": "Activity3",
            "LevelAttribute": {
              "DimensionName": "Activity3",
              "Name": "Activity3",
              "textField": "Name"
            },
            "tuplesource": "LevelAttribute"
          },
          {
            "Key": "Demand",
            "LevelAttribute": {
              "DimensionName": "Demand",
              "Name": "DemandID",
              "textField": "Name"
            },
            "tuplesource": "LevelAttribute"
          },
          {
            "Key": "DemandType",
            "LevelAttribute": {
              "DimensionName": "Demand Type",
              "Name": "Demand Type",
              "textField": "Name"
            },
            "tuplesource": "LevelAttribute"
          }
        ],
        "visible": true,
        "isEditable": false,
        "validation": {
          "required": true
        }
      }
    ],
    "Range": [],
    "DataSources": [
      {
        "Name": "ResetData",
        "IBPLRules": [
          {
            "template": "Select ([Version].[Version Name] * [Time].[Day] * [Pack].[PackID] * [Item].[Item] * [Location].[Location] * [Activity1].[Activity1] * [Activity2].[Activity2] * [Activity3].[Activity3]) on row, \n({Measure.[Allocation Approval Date Packs], Measure.[Allocation Approver Packs], Measure.[Allocation Status Packs], Measure.[D Planner Override Packs], Measure.[Delivery Date at Store for Packs]}) on column where {Measure.[Allocation Status Packs]!= \"Released\"};"
          }
        ],
        "JavascriptRules": [],
        "IncludeDSFieldsOnly": false,
        "FieldBindings": []
      }
    ],
    "AutoExecute": true,
    "isAsync": true,
    "hasMembersUpdates": false,
    "Compact": false,
    "TwoColumn": false,
    "IsGlobalForExcelAddIn": false,
    "ReturnFilterByUpdate": false,
    "ExcludeFromNavLink": false,
    "FilterFieldBindings": [],
    "enableTransaction": false
  },
  "Widget": null,
  "Roles": []
}