{
  "MeasureGroupName": "o9EKG Pipeline Properties",
  "MeasureGroupId": "51f25ea3-6c92-eae9-4aa7-db2586a6bca6",
  "ParentMeasureGroupName": null,
  "HasShadow": false,
  "MeasureGroupDescription": "o9EKG Pipeline Properties",
  "MeasureGroupType": "Regular",
  "FactTableName": "Facto9EKGPipelineProperties",
  "SchemaMajorVersion": 0,
  "ConfigJson": {},
  "ApiName": null,
  "Repartition": false,
  "Unpartition": false,
  "ApiEnabled": false,
  "DimensionUsages": [
    {
      "DimensionName": "Version",
      "AttributeName": "Version Name",
      "SortOrder": 0,
      "DimensionType": "Regular"
    },
    {
      "DimensionName": "o9EKG Customer",
      "AttributeName": "Project Name",
      "SortOrder": 2,
      "DimensionType": "Regular"
    },
    {
      "DimensionName": "o9EKG Pipeline",
      "AttributeName": "Pipeline Name",
      "SortOrder": 3,
      "DimensionType": "Regular"
    },
    {
      "DimensionName": "o9EKG Batch Type",
      "AttributeName": "Batch Type",
      "SortOrder": 4,
      "DimensionType": "Regular"
    }
  ]
}