{
  "Name": "SupplyPlan380CapacityMixMonthlySolver",
  "Description": "Runs Capacity Mix Monthly using Monthly Solver",
  "ActionButtonId": "3fba08d0-3d50-cc2d-989d-ea097bb7b5a2",
  "Tooltip": "Run Capacity Mix Monthly",
  "ActionButtonType": "Widget",
  "Alignment": "right",
  "IsPopOver": true,
  "IsGlobal": true,
  "ActionClickHandler": null,
  "Icon": null,
  "Image": null,
  "ConfigJson": {
    "DisplayName": "Run Capacity Mix Monthly",
    "icon": "bookmark",
    "SubmitButton": {
      "Label": "Submit"
    },
    "ResetButton": {
      "Label": "Reset"
    },
    "CloseButton": {
      "Label": "Close",
      "ConfirmMessage": "Unsaved changes will be lost. Continue?"
    },
    "NotifyAll": false,
    "IBPLRules": [
      {
        "template": "exec procedure CapacityMixMonthly {\"Version\" : \"{{Version}}\"};"
      }
    ],
    "JavascriptRules": [],
    "FieldBindings": [
      {
        "fieldName": "Version",
        "title": "Version",
        "Description": "Version",
        "type": "picklistDropdown",
        "clearSearch": true,
        "source": "members",
        "DimensionName": "Version",
        "LevelAttributeName": "Version Name",
        "visible": true,
        "isEditable": true,
        "validation": {
          "maxLength": "0",
          "required": true
        },
        "selectionType": "single"
      }
    ],
    "DataSources": [],
    "AutoExecute": false,
    "isAsync": true,
    "hasMembersUpdates": false,
    "Compact": false,
    "TwoColumn": false,
    "IsGlobalForExcelAddIn": false,
    "ReturnFilterByUpdate": false,
    "ExcludeFromNavLink": false,
    "FilterFieldBindings": []
  },
  "Widget": null
}