{
  "EdgePropertyId": "e1c476e6-2ee3-4fcb-b06f-7b68074a35e0",
  "PropertyName": "W Substitute Item Consumed Per Item Input",
  "PropertyDescription": "Substitute Item Consumed Per Intermediate",
  "PropertyDataType": "number",
  "PropertyDataSize": 0,
  "PropertyColumnName": "WSubstituteItemConsumedPerItemInput",
  "AggregateFunction": "Max",
  "PropertyFormula": null,
  "IsEditable": false,
  "FormatString": "#,##0",
  "ActivationProperty": false,
  "IsComputedByPlanningService": false,
  "ToolTip": null,
  "ApiName": null,
  "ApiDisabled": false,
  "BgColorFormula": "",
  "FgColorFormula": "",
  "TrendFormula": "",
  "FormattingViewModel": null,
  "ConditionalFormulas": []
}