{
  "Name": "Lane Resource",
  "ViewId": "68b4c031-6cf5-4e39-a7c0-0fd4b736bf03",
  "ContentType": "Regular",
  "Title": "Lane Capacity",
  "Position": 3,
  "IsDefault": false,
  "Resource": null,
  "RazorViewTemplate": "_containers",
  "ConfigJson": {
    "WidgetContainers": {
      "Containers": [
        1
      ],
      "Key": 0,
      "IsModified": false,
      "ViewSpread": {
        "RowLevel": 60,
        "ColLevel": 12
      },
      "Data": [
        {
          "Id": "775c01f1-35a7-4399-bbf7-4c155202b9be",
          "Col": 0,
          "Row": 0,
          "SizeX": 12,
          "SizeY": 60
        }
      ]
    },
    "CompactMode": false,
    "IsHidden": false
  },
  "Roles": [
    "public"
  ]
}