{
  "Name": "SupplyPlan071DScenarioPlanningAddPurchaseOrdersDelivered",
  "Description": null,
  "ActionButtonId": "37204dd7-d02f-4846-92ea-ef500e067a2e",
  "Tooltip": "Add PO Delivered Quantity",
  "ActionButtonType": "Rule",
  "Alignment": "right",
  "IsPopOver": true,
  "IsGlobal": false,
  "ActionClickHandler": null,
  "Icon": null,
  "Image": null,
  "ConfigJson": {
    "icon": "plus",
    "Position": "0",
    "SubmitButton": {
      "Label": "Submit"
    },
    "ResetButton": {
      "Label": "Reset"
    },
    "CloseButton": {
      "Label": "Close",
      "ConfirmMessage": "Unsaved changes will be lost. Continue?"
    },
    "NotifyAll": false,
    "IBPLRules": [
      {
        "template": "createmember(Documents.[OrderlineID]={,\"{{POID}}\"},Documents.[Document Type]={,\"Purchase Orders\"},[Documents].[Created By]={\"{{User}}\",},[Documents].[Is Approved]={\"True\",},Documents.[OrderID]={,\"{{POID}}\"},Documents.[Orderline RequestID]={,\"{{POID}}\"});\n\ncartesian scope:([Documents].[OrderlineID].[{{POID}}] * [Supplier].[Supplier Location].[{{SupplierLocation}}] * [Version].[Version Name].[{{Version}}] * [Item].[Item].[{{Item}}] * Location.[Location].[{{Location}}] * Activity2.Activity2.[{{TransMode}}]);\nMeasure.[PO Commit Delivered Quantity Override]={{POCommitDeliveredQuantity}};\nMeasure.[PO Committed Delivery Date Override]=\"{{POCommittedDeliveryDate}}\";\nend scope;"
      }
    ],
    "JavascriptRules": [],
    "FieldBindings": [
      {
        "fieldName": "Version",
        "title": "Version",
        "Description": "Version",
        "type": "picklistDropdown",
        "selectionType": "single",
        "clearSearch": true,
        "source": "filter",
        "DimensionName": "Version",
        "LevelAttributeName": "Version Name",
        "visible": true,
        "isEditable": false,
        "validation": {
          "maxLength": "0",
          "required": true
        }
      },
      {
        "fieldName": "Item",
        "title": "Item",
        "Description": "Item",
        "type": "picklistDropdown",
        "selectionType": "single",
        "clearSearch": true,
        "source": "filter",
        "DimensionName": "Item",
        "LevelAttributeName": "Item",
        "RelationshipType": "006.004D Exception Planning Material Root Cause",
        "EdgeDirection": "FROM",
        "visible": true,
        "isEditable": true,
        "validation": {
          "maxLength": "0",
          "required": true
        }
      },
      {
        "fieldName": "Location",
        "title": "Location",
        "Description": "Location",
        "type": "picklistDropdown",
        "selectionType": "single",
        "clearSearch": true,
        "source": "filter",
        "DimensionName": "Location",
        "LevelAttributeName": "Location",
        "RelationshipType": "006.004D Exception Planning Material Root Cause",
        "EdgeDirection": "FROM",
        "visible": true,
        "isEditable": true,
        "validation": {
          "maxLength": "0",
          "required": true
        }
      },
      {
        "fieldName": "SupplierLocation",
        "title": "Supplier Location",
        "Description": "Supplier Location",
        "type": "picklistDropdown",
        "selectionType": "single",
        "clearSearch": true,
        "source": "datasource",
        "key": "Supplier",
        "valueField": "Supplier Location",
        "textField": "Supplier Location",
        "visible": true,
        "isEditable": true,
        "cascadeFrom": "Location",
        "validation": {
          "maxLength": "0",
          "required": true
        }
      },
      {
        "fieldName": "TransMode",
        "title": "TransMode",
        "Description": "TransMode",
        "type": "picklistDropdown",
        "selectionType": "single",
        "clearSearch": true,
        "source": "datasource",
        "key": "TransMode",
        "valueField": "Activity2",
        "textField": "Activity2",
        "visible": true,
        "isEditable": true,
        "cascadeFrom": "Location",
        "validation": {
          "maxLength": "0",
          "required": true
        }
      },
      {
        "fieldName": "POID",
        "title": "PO ID",
        "Description": "PO ID",
        "type": "picklistDropdown",
        "selectionType": "single",
        "clearSearch": true,
        "source": "datasource",
        "key": "UniquePOID",
        "valueField": "result",
        "textField": "result",
        "visible": true,
        "isEditable": true,
        "validation": {
          "maxLength": "0",
          "required": true
        }
      },
      {
        "fieldName": "User",
        "title": "User",
        "Description": "User",
        "type": "combobox",
        "selectionType": "single",
        "clearSearch": true,
        "source": "datasource",
        "key": "CurrentUser",
        "valueField": "Name",
        "textField": "Name",
        "visible": true,
        "isEditable": false,
        "validation": {
          "maxLength": "0",
          "required": true
        }
      },
      {
        "fieldName": "POCommitDeliveredQuantity",
        "title": "PO Commit Delivered Quantity",
        "Description": "PO Commit Delivered Quantity",
        "type": "number",
        "selectionType": "single",
        "clearSearch": true,
        "source": "literal",
        "visible": true,
        "isEditable": true,
        "validation": {
          "maxLength": "0",
          "required": true
        }
      },
      {
        "fieldName": "POCommittedDeliveryDate",
        "title": "PO Committed Delivery Date",
        "Description": "PO Committed Delivery Date",
        "type": "datetime",
        "selectionType": "literal",
        "clearSearch": true,
        "source": "literal",
        "visible": true,
        "isEditable": true,
        "validation": {
          "maxLength": "0",
          "required": true
        }
      }
    ],
    "DataSources": [
      {
        "Name": "UniquePOID",
        "IBPLRules": [
          {
            "template": "select NextLabel([PurchaseOrderID]);"
          }
        ],
        "JavascriptRules": [],
        "FieldBindings": [],
        "IncludeDSFieldsOnly": false
      },
      {
        "Name": "CurrentUser",
        "IBPLRules": [
          {
            "template": "select CurrentUser();"
          }
        ],
        "JavascriptRules": [],
        "FieldBindings": [],
        "IncludeDSFieldsOnly": false
      },
      {
        "Name": "Supplier",
        "IBPLRules": [
          {
            "template": "Select ([Activity2].[Activity2] * [Supplier].[Supplier Location] * [Location].[Location].[{{Location}}] * [Version].[Version Name].[{{Version}}] * [Item].[Item].[{{Item}}] ) on row, ({Measure.[D Supplier Item Location Association]}) on column where{~IsNull(Measure.[D Supplier Item Location Association])};"
          }
        ],
        "JavascriptRules": [],
        "FieldBindings": [],
        "IncludeDSFieldsOnly": false
      },
      {
        "Name": "TransMode",
        "IBPLRules": [
          {
            "template": "Select ([Activity2].[Activity2] * [Supplier].[Supplier Location] * [Location].[Location].[{{Location}}] * [Version].[Version Name].[{{Version}}] * [Item].[Item].[{{Item}}] ) on row, ({Measure.[D Supplier Item Location Association]}) on column where{~IsNull(Measure.[D Supplier Item Location Association])};"
          }
        ],
        "JavascriptRules": [],
        "FieldBindings": [],
        "IncludeDSFieldsOnly": false
      }
    ],
    "AutoExecute": false,
    "isAsync": true,
    "hasMembersUpdates": true,
    "Compact": false,
    "TwoColumn": true,
    "IsGlobalForExcelAddIn": false,
    "FilterFieldBindings": []
  },
  "Widget": null
}