{
  "EdgePropertyId": "a427d7ce-ac39-4e15-851f-c32c08bbc391",
  "PropertyName": "ShipTo Realignment Percentage Weighted",
  "PropertyDescription": "Edge carrying the weighted percentage of shipments to be realigned for ShipTo Realignment",
  "PropertyDataType": "number",
  "PropertyDataSize": 0,
  "PropertyColumnName": "ShipToRealignmentPercentageWeighted",
  "AggregateFunction": "Sum",
  "PropertyFormula": "",
  "IsEditable": false,
  "FormatString": "0%",
  "ActivationProperty": false,
  "IsComputedByPlanningService": false,
  "ToolTip": null,
  "ApiName": null,
  "ApiDisabled": false,
  "BgColorFormula": "",
  "FgColorFormula": "",
  "TrendFormula": "",
  "FormattingViewModel": null,
  "ConditionalFormulas": []
}