{
  "MeasureGroupName": "007 Line Build",
  "MeasureGroupId": "18634646-92c1-47dd-8cd2-02d82fa9482c",
  "ParentMeasureGroupName": null,
  "HasShadow": false,
  "MeasureGroupDescription": "007 Line Build",
  "MeasureGroupType": "Regular",
  "FactTableName": "Fact007LineBuild",
  "SchemaMajorVersion": 0,
  "ConfigJson": {},
  "ApiName": null,
  "Repartition": false,
  "Unpartition": false,
  "ApiEnabled": false,
  "DimensionUsages": [
    {
      "DimensionName": "Version",
      "AttributeName": "Version Name",
      "SortOrder": 0,
      "DimensionType": "Regular"
    },
    {
      "DimensionName": "NamedNode",
      "AttributeName": "Retail_AP_LP_Product_Location_NN",
      "SortOrder": 1,
      "DimensionType": "NamedNode"
    },
    {
      "DimensionName": "NamedNode",
      "AttributeName": "Retail_AP_FD_Common_NN",
      "SortOrder": 2,
      "DimensionType": "NamedNode"
    }
  ]
}