{
  "HierarchyName": "Tracking Equipment Hierarchy",
  "HierarchyId": "d6519b17-d43b-4b4b-a58c-105aad97b15f",
  "HierarchyDescription": "Tracking Equipment Hierarchy",
  "Translations": [],
  "Levels": [
    {
      "LevelName": "Equipment Type",
      "LevelId": "df0ee20b-49cb-44e0-b34a-b474ffe299f8",
      "SourceAttributeName": "Equipment Type",
      "LevelDescription": "Transmode",
      "LevelPosition": 0,
      "Translations": []
    },
    {
      "LevelName": "Equipment",
      "LevelId": "419792c7-01a0-4453-ad05-5458512d75e4",
      "SourceAttributeName": "Equipment",
      "LevelDescription": "Container/Truck/Trailer",
      "LevelPosition": 1,
      "Translations": []
    },
    {
      "LevelName": "Equipment ID",
      "LevelId": "f1c7cb89-ab9d-4a76-8bd3-7ed1d570c058",
      "SourceAttributeName": "Equipment ID",
      "LevelDescription": "Container ID/Truck No",
      "LevelPosition": 2,
      "Translations": []
    }
  ]
}