{
  "MeasureName": "Priority Rule Sequence",
  "MeasureId": "fd0830eb-bbcd-4cad-988a-552996db6681",
  "MeasureDescription": "Priority Rule Sequence",
  "DataType": "number",
  "MeasureType": "Regular",
  "AggregateFunction": "Max",
  "FormatString": "#,##0;(#,##0)",
  "MeasureColumnName": "PriorityRuleSequence",
  "MeasureFormula": "",
  "IsEditable": true,
  "ApplyConversion": false,
  "ConversionFormula": "",
  "PickListName": null,
  "BgColorFormula": " IF(isnull(Measure.[Priority Rule Sequence])) then argb( 1,255, 58, 62)",
  "FgColorFormula": " IF(isnull(Measure.[Priority Rule Sequence])) then argb( 1,255, 255, 255)",
  "TrendFormula": "",
  "FormattingViewModel": "[\r\n  {\r\n    \"BGCOLOR\": \"argb(1,255,58,62)\",\r\n    \"FGCOLOR\": \"argb(1,255,255,255)\",\r\n    \"Condition\": \"isnull(Measure.[Priority Rule Sequence])\"\r\n  }\r\n]",
  "ParentMeasureName": null,
  "AssociationMeasure": false,
  "IsComputedByPlanningService": false,
  "ToolTip": "Priority Rule Sequence",
  "ConfigJson": {},
  "ApiName": null,
  "ApiDisabled": false,
  "IsReportingMeasure": false,
  "MeasureConditionalFormulaProperties": [
    {
      "MeasureName": null,
      "ConditionalFormula": "isnull(Measure.[Priority Rule Sequence])",
      "BGCOLOR": "argb(1,255,58,62)",
      "LegendText": "",
      "DisplayOrder": 0
    }
  ],
  "PicklistSource": null
}