{
  "AttributeName": "EA Type",
  "AttributeId": "07063677-cc25-4d30-8858-28538413fb77",
  "AttributeHierarchyEnabled": true,
  "IsKey": false,
  "Description": "EA Type",
  "OrderBy": "Key",
  "KeyColumnName": "EATypeKey",
  "NameColumnName": "EATypeName",
  "KeyColumnDataType": "integer",
  "SeedTags": false,
  "KeyGenerationType": "Auto",
  "PickListName": null,
  "ConfigJson": {},
  "FormatString": null,
  "Translation": null,
  "Aliases": null,
  "ApiName": null,
  "ApiDisabled": false,
  "FgColorFormula": null,
  "BgColorFormula": null,
  "IsReservedBySystem": false
}