{
  "AttributeName": "Currency Image",
  "AttributeId": "cf6b35ed-5387-4653-a459-60b0b784248a",
  "AttributeHierarchyEnabled": false,
  "IsKey": false,
  "Description": "Currency Image",
  "OrderBy": "Key",
  "KeyColumnName": "CurrencyImageKey",
  "NameColumnName": null,
  "KeyColumnDataType": "image",
  "SeedTags": false,
  "KeyGenerationType": null,
  "PickListName": null,
  "ConfigJson": {},
  "FormatString": "#",
  "Translation": null,
  "Aliases": [],
  "ApiName": null,
  "ApiDisabled": false
}