{
  "MeasureName": "Channel Receipt Week3",
  "MeasureId": "bc4cbd81-30b4-f88f-9ae5-5ee9695ceb31",
  "MeasureDescription": "Channel Receipt Week3",
  "DataType": "datetime",
  "MeasureType": "Regular",
  "AggregateFunction": "Max",
  "FormatString": "dd-MMM-yyyy",
  "MeasureColumnName": "ChannelReceiptWeek3",
  "MeasureFormula": "",
  "IsEditable": true,
  "ApplyConversion": false,
  "ConversionFormula": "",
  "PickListName": null,
  "BgColorFormula": "",
  "FgColorFormula": "",
  "TrendFormula": "",
  "FormattingViewModel": "[]",
  "ParentMeasureName": null,
  "AssociationMeasure": false,
  "IsComputedByPlanningService": false,
  "ToolTip": "Channel Receipt Week3",
  "ConfigJson": {},
  "ApiName": null,
  "ApiDisabled": false,
  "IsReportingMeasure": false,
  "MeasureConditionalFormulaProperties": [],
  "PicklistSource": null
}