{
  "DimensionId": "371fe8c8-b014-0691-6d5b-35b2468c1263",
  "DimensionName": "Exception",
  "DimensionTableName": "DimException",
  "DimensionType": "Regular",
  "DimensionKeyColumnName": "ExceptionKey",
  "DimensionDescription": "Filtering and analyzing the Inventory Plan based on different inventory alerts",
  "Modifiable": true,
  "LockFree": false,
  "IsReservedBySystem": false,
  "ConfigJson": {
    "Position": -940
  },
  "ApiName": null,
  "ApiEnabled": false,
  "Translation": null,
  "Aliases": []
}