{
  "Name": "SZPInfoProfiles01",
  "Description": "Information",
  "ActionButtonId": "a7d65a82-a5d6-36ab-4fa0-23b6282417c5",
  "Tooltip": "Report Information",
  "ActionButtonType": "Widget",
  "Alignment": "right",
  "IsPopOver": true,
  "IsGlobal": true,
  "ActionClickHandler": null,
  "Icon": null,
  "Image": null,
  "ConfigJson": {
    "icon": "info-circle",
    "SubmitButton": {
      "Label": "Submit"
    },
    "ResetButton": {},
    "CloseButton": {
      "Label": "Close"
    },
    "NotifyAll": false,
    "IBPLRules": [],
    "JavascriptRules": [],
    "FieldBindings": [
      {
        "fieldName": "Information",
        "title": "Information",
        "type": "info",
        "clearSearch": true,
        "source": "literal",
        "defaultValue": "<!DOCTYPE html> <html lang=\"en\"> <head>     <meta charset=\"UTF-8\">     <meta name=\"viewport\" content=\"width=device-width, initial-scale=1.0\">     <title>Auto Rollup Profiles</title> </head> <body style=\"text-align: left;\">     <p align=\"left\"><strong>Overview</strong></p>     <p align=\"left\">This view enables users to define multiple rollup levels. Size ratios are calculated at the appropriate level where sufficient data is available, where data sufficiency is determined by the sales threshold. </p>      <p align=\"left\"><strong>How to Use</strong></p>     <p align=\"left\">1. Define sequences using \"Add Sequence\"/\"Copy Sequence\" such that each sequence is a rollup of one or more attributes of the previous aggregation level (sequence). <Br> 2. Run \"Create Rollup Profiles\" for the required scope. Aggregation Threshold and Fringe Size Threshold can be defined in the action button.</p>         <p align=\"left\"><strong>Output</strong></p>     <p align=\"left\">The output of this execution can be viewed in the Auto Rollup Profiles view in the Profile Output page.</p> </body> </html>",
        "visible": true,
        "isEditable": true,
        "validation": {
          "maxLength": "0",
          "required": true
        }
      }
    ],
    "Range": [],
    "DataSources": [],
    "AutoExecute": false,
    "isAsync": false,
    "hasMembersUpdates": false,
    "Compact": false,
    "TwoColumn": false,
    "IsGlobalForExcelAddIn": false,
    "enableTransaction": false,
    "ReturnFilterByUpdate": false,
    "ExcludeFromNavLink": false,
    "FilterFieldBindings": []
  },
  "Widget": null,
  "Roles": []
}