{
  "Name": "SPNPIRefreshtheNetwork",
  "Description": "Refresh the Network for Like SKU",
  "ActionButtonId": "fa40eb67-6614-1bd2-da1c-712b382b2218",
  "Tooltip": "Refresh the Network for Like SKU",
  "ActionButtonType": "Rule",
  "Alignment": "right",
  "IsPopOver": true,
  "IsGlobal": false,
  "ActionClickHandler": null,
  "Icon": null,
  "Image": null,
  "ConfigJson": {
    "DisplayName": "Refresh NPI Network",
    "icon": "circle-o",
    "Position": "0",
    "SubmitButton": {
      "Label": "Submit"
    },
    "ResetButton": {
      "Label": "Reset"
    },
    "CloseButton": {
      "Label": "Close",
      "ConfirmMessage": "Unsaved changes will be lost. Continue?"
    },
    "NotifyAll": false,
    "IBPLRules": [
      {
        "template": "block scope: ([Version].[Version Name]{{#filter Version}} * &AllBOMs * &AllNewItems * [Location].[Location]);\nMeasure.[o9 BOM Association] = if (Measure.[NPI LikeSKU Keep/Refresh]==\"Refresh\") then null else Measure.[o9 BOM Association];\nMeasure.[o9 BOM Quantity Produced Per]=if (Measure.[NPI LikeSKU Keep/Refresh]==\"Refresh\") then null else Measure.[o9 BOM Quantity Produced Per];\nend scope;\n\nblock scope: ([Version].[Version Name]{{#filter Version}} * &AllBOMs * &AllRoutings * &AllNewItems * [Location].[Location]);\nMeasure.[o9 Item BOM Routing Association]= if (Measure.[NPI LikeSKU Keep/Refresh]==\"Refresh\") then null else Measure.[o9 Item BOM Routing Association];\nMeasure.[o9 Item BOM Routing Priority]= if (Measure.[NPI LikeSKU Keep/Refresh]==\"Refresh\") then null else Measure.[o9 Item BOM Routing Priority];\nMeasure.[o9 Item BOM Routing Min LotSize]= if (Measure.[NPI LikeSKU Keep/Refresh]==\"Refresh\") then null else Measure.[o9 Item BOM Routing Min LotSize];\nMeasure.[o9 Item BOM Routing LotSize Increment]= if (Measure.[NPI LikeSKU Keep/Refresh]==\"Refresh\") then null else Measure.[o9 Item BOM Routing LotSize Increment];\nend scope;\n\nblock scope: ([Version].[Version Name]{{#filter Version}} * &AllNewItems * [Location].[Location]);\nMeasure.[o9 Item Location Association]= if (Measure.[NPI LikeSKU Keep/Refresh]==\"Refresh\") then null else Measure.[o9 Item Location Association];\nMeasure.[o9 Procurement Type]= if (Measure.[NPI LikeSKU Keep/Refresh]==\"Refresh\") then null else Measure.[o9 Procurement Type];\nend scope;\n\nblock scope: ([Version].[Version Name]{{#filter Version}} * &AllBODLanes * &AllTransModes * &AllNewItems);\nMeasure.[Item BODLane TransMode Association Override]= if (Measure.[NPI LikeSKU Keep/Refresh]==\"Refresh\") then null else Measure.[Item BODLane TransMode Association Override];\nMeasure.[Item BODLane TransMode Priority Override]= if (Measure.[NPI LikeSKU Keep/Refresh]==\"Refresh\") then null else Measure.[Item BODLane TransMode Priority Override];\nMeasure.[Item BODLane TransMode Lead Time Override]= if (Measure.[NPI LikeSKU Keep/Refresh]==\"Refresh\") then null else Measure.[Item BODLane TransMode Lead Time Override];\nMeasure.[Item BODLane TransMode Override Start Date]= if (Measure.[NPI LikeSKU Keep/Refresh]==\"Refresh\") then null else Measure.[Item BODLane TransMode Override Start Date];\nMeasure.[Item BODLane TransMode Override End Date]= if (Measure.[NPI LikeSKU Keep/Refresh]==\"Refresh\") then null else Measure.[Item BODLane TransMode Override End Date];\nMeasure.[Item BODLane TransMode Min Lot Size Override]= if (Measure.[NPI LikeSKU Keep/Refresh]==\"Refresh\") then null else Measure.[Item BODLane TransMode Min Lot Size Override];\nMeasure.[Item BODLane TransMode Lot Size Increment Override]= if (Measure.[NPI LikeSKU Keep/Refresh]==\"Refresh\") then null else Measure.[Item BODLane TransMode Lot Size Increment Override];\nMeasure.[Item BODLane TransMode Soft Lot Size Override]= if (Measure.[NPI LikeSKU Keep/Refresh]==\"Refresh\") then null else Measure.[Item BODLane TransMode Soft Lot Size Override];\nend scope;\n\nscope: (&AllRoutings * [Version].[Version Name]{{#filter Version}} * [Location].[Location] * &AllNewItems);\nMeasure.[o9 Routing Item Location Association]=if (Measure.[NPI LikeSKU Keep/Refresh]==\"Refresh\") then null else Measure.[o9 Routing Item Location Association];\nend scope;\n\nblock scope: ([Resource].[Resource] * [Activity2].[Activity2] * [Version].[Version Name]{{#filter Version}} * [Location].[Location] * &AllNewItems);\nMeasure.[o9 Resource Routing Association]=if (Measure.[NPI LikeSKU Keep/Refresh]==\"Refresh\") then null else Measure.[o9 Resource Routing Association];\nMeasure.[o9 Resource Consumed Per Override]=if (Measure.[NPI LikeSKU Keep/Refresh]==\"Refresh\") then null else Measure.[o9 Resource Consumed Per Override];\nend scope;\n\nblock scope: ([Version].[Version Name]{{#filter Version}} * [Supplier].[Supplier Location] * [Location].[Location] * &AllTransModes * &AllNewItems);\nMeasure.[Item Location Supplier TransMode Association Override]= if (Measure.[NPI LikeSKU Keep/Refresh]==\"Refresh\") then null else Measure.[Item Location Supplier TransMode Association Override];\nMeasure.[PROC Lead Time Override]= if (Measure.[NPI LikeSKU Keep/Refresh]==\"Refresh\") then null else Measure.[PROC Lead Time Override];\nMeasure.[Supplier Item Priority Override]= if (Measure.[NPI LikeSKU Keep/Refresh]==\"Refresh\") then null else Measure.[Supplier Item Priority Override];\nMeasure.[PROC Min Lot Size Override]= if (Measure.[NPI LikeSKU Keep/Refresh]==\"Refresh\") then null else Measure.[PROC Min Lot Size Override];\nMeasure.[PROC Max Lot Size Override]= if (Measure.[NPI LikeSKU Keep/Refresh]==\"Refresh\") then null else Measure.[PROC Max Lot Size Override];\nMeasure.[PROC Lot Size Increment Override]= if (Measure.[NPI LikeSKU Keep/Refresh]==\"Refresh\") then null else Measure.[PROC Lot Size Increment Override];\nMeasure.[PROC Soft Lot Size Override]= if (Measure.[NPI LikeSKU Keep/Refresh]==\"Refresh\") then null else Measure.[PROC Soft Lot Size Override];\nMeasure.[Supplier Start Date Override]= if (Measure.[NPI LikeSKU Keep/Refresh]==\"Refresh\") then null else Measure.[Supplier Start Date Override];\nMeasure.[Supplier End Date Override]= if (Measure.[NPI LikeSKU Keep/Refresh]==\"Refresh\") then null else Measure.[Supplier End Date Override];\nend scope;\n\nscope: ([Version].[Version Name]{{#filter Version}} * [Time].[Day] * &AllNewItems * [Location].[Location] * &AllResources);\nMeasure.[D Override Intermediate Production Cycle Active Days]=if (Measure.[NPI LikeSKU Keep/Refresh]==\"Refresh\") then null else Measure.[D Override Intermediate Production Cycle Active Days];\nMeasure.[MFG Network Inputs For Cycle Plan By Day]=if (Measure.[NPI LikeSKU Keep/Refresh]==\"Refresh\") then null else Measure.[MFG Network Inputs For Cycle Plan By Day];\nend scope;\n\nscope: ([Version].[Version Name]{{#filter Version}} * [Time].[Week] * &AllNewItems * [Location].[Location] * &AllResources);\nMeasure.[W Override Intermediate Production Cycle Active Weeks]=if (Measure.[NPI LikeSKU Keep/Refresh]==\"Refresh\") then null else Measure.[W Override Intermediate Production Cycle Active Weeks];\nMeasure.[MFG Network Inputs For Cycle Plan]=if (Measure.[NPI LikeSKU Keep/Refresh]==\"Refresh\") then null else Measure.[MFG Network Inputs For Cycle Plan];\nend scope;\n\n\nscope: ([Version].[Version Name]{{#filter Version}} * [Time].[Week] * &AllNewItems * [Location].[Location] * &AllBOMs * &AllRoutings);\nMeasure.[MFG Activity Share]=if (Measure.[NPI LikeSKU Keep/Refresh]==\"Refresh\") then null else Measure.[MFG Activity Share];\nend scope;\n\nscope: ([Version].[Version Name]{{#filter Version}} * [Time].[Day] * &AllNewItems * [To Location].[To Location] * [Location].[Location] * &AllTransModes );\nMeasure.[D DIST Activity Share Override]=if (Measure.[NPI LikeSKU Keep/Refresh]==\"Refresh\") then null else Measure.[D DIST Activity Share Override];\nend scope;\n\nscope: ([Version].[Version Name]{{#filter Version}} * [Time].[Week] * &AllNewItems * [To Location].[To Location] * [Location].[Location] * &AllTransModes );\nMeasure.[W DIST Activity Share Override]=if (Measure.[NPI LikeSKU Keep/Refresh]==\"Refresh\") then null else Measure.[W DIST Activity Share Override];\nend scope;\n\nscope: ([Version].[Version Name]{{#filter Version}} * [Time].[Week] * &AllNewItems * [Supplier].[Supplier Location] * [Location].[Location] * &AllTransModes );\nMeasure.[W Supplier Item Share]=if (Measure.[NPI LikeSKU Keep/Refresh]==\"Refresh\") then null else Measure.[W Supplier Item Share];\nend scope;\n\nscope: ([Version].[Version Name]{{#filter Version}} * [Time].[Day] * &AllNewItems * [Supplier].[Supplier Location] * [Location].[Location] * &AllTransModes );\nMeasure.[D Supplier Item Share]=if (Measure.[NPI LikeSKU Keep/Refresh]==\"Refresh\") then null else Measure.[D Supplier Item Share];\nend scope;\n"
      },
      {
        "template": "exec plugin instance [SupplyPlan340NPILikeSKUKeepRefresh] for measures {Measure.[Final Resource Routing Association]} using scope ([Version].[Version Name]{{#filter Version}}) using arguments\n{(WriteOutputsConcurrently, False), (MaxSliceTableCells, 8000000),(executionMode,\"MediumWeight\"), (DataTransferMode,\"csv\")};"
      }
    ],
    "JavascriptRules": [],
    "FieldBindings": [
      {
        "fieldName": "Version",
        "title": "Version",
        "Description": "Version",
        "type": "dropdown",
        "selectionType": "single",
        "clearSearch": true,
        "source": "filter",
        "DimensionName": "Version",
        "LevelAttributeName": "Version Name",
        "visible": true,
        "isEditable": true,
        "validation": {
          "maxLength": "0",
          "required": true
        }
      }
    ],
    "Range": [],
    "DataSources": [],
    "AutoExecute": false,
    "isAsync": true,
    "hasMembersUpdates": false,
    "Compact": false,
    "TwoColumn": false,
    "IsGlobalForExcelAddIn": false,
    "enableTransaction": false,
    "ExcludeFromNavLink": false,
    "FilterFieldBindings": []
  },
  "Widget": null,
  "Roles": []
}