{
  "Name": "Allocation016NANReports",
  "Description": "NAN Calculation Info  ",
  "ActionButtonId": "73b0e564-357d-a67a-11fc-3aee91726a8e",
  "Tooltip": "NAN INFO",
  "ActionButtonType": "Rule",
  "Alignment": "right",
  "IsPopOver": true,
  "IsGlobal": false,
  "ActionClickHandler": null,
  "Icon": null,
  "Image": null,
  "ConfigJson": {
    "icon": "info-circle",
    "Position": "0",
    "SubmitButton": {
      "Label": "Submit"
    },
    "ResetButton": {
      "Label": "Reset"
    },
    "CloseButton": {
      "Label": "Close",
      "ConfirmMessage": "Unsaved changes will be lost. Continue?"
    },
    "NotifyRoles": true,
    "NotifyAll": false,
    "IBPLRules": [],
    "JavascriptRules": [],
    "FieldBindings": [
      {
        "fieldName": "Information",
        "title": "Information",
        "type": "info",
        "clearSearch": true,
        "source": "literal",
        "defaultValue": "<!DOCTYPE html> <html lang=\"en\">  <head>     <meta charset=\"UTF-8\">     <meta name=\"viewport\" content=\"width=device-width, initial-scale=1.0\">     <title>Options Strategy Overview</title> </head>  <body style=\"text-align: left;\">     <p align=\"left\"><strong>Overview</strong></p>     <p align=\"left\">Net Allocation Need gives the final demand signal for which allocation is done. It takes into consideration the weeks of cover and nets it off from the Store available inventory (On Hands, Intransits and On Orders). It can also consider the Safety Stock as demand signal. For this Season Start date is a mandatory input to decide on which bucket we want to incident the demand signal.         <br>          Net Need can be bumped up or capped to a desired quantity to comply with the minimum order and storage thresholds at Store using Minimum Need and Maximum Threshold from the above report at cluster level.      </p>     <p align=\"left\"><strong>How to Use</strong></p>     <p align=\"left\">         Select the appropriate Demand Strategy, Min and Max thresholds. Populate Onhands, Intransits, On Order, Safety Stock and weeks of cover. Trigger the NAN Calculation Button. Demand Signal coming from weeks of cover and safety stock will have different demand types.     </p>     <p align=\"left\"><strong>Output</strong></p>     <p align=\"left\">1. Net Allocation Need will be populated at the first bucket. <br>     </p> </body>  </html>",
        "visible": true,
        "isEditable": true,
        "validation": {
          "maxLength": "0",
          "required": true
        }
      }
    ],
    "Range": [],
    "DataSources": [],
    "AutoExecute": false,
    "isAsync": false,
    "hasMembersUpdates": false,
    "Compact": false,
    "TwoColumn": false,
    "IsGlobalForExcelAddIn": false,
    "ExcludeFromNavLink": false,
    "FilterFieldBindings": [],
    "enableTransaction": false
  },
  "Widget": null,
  "Roles": []
}