{
  "AttributeName": "ChangeoverID",
  "AttributeId": "6fb9af85-8081-48fb-a9f1-16bd37345918",
  "AttributeHierarchyEnabled": true,
  "IsKey": true,
  "Description": "ChangeoverID",
  "OrderBy": "Name",
  "KeyColumnName": "ChangeoverIDKey",
  "NameColumnName": "ChangeoverIDName",
  "KeyColumnDataType": "integer",
  "SeedTags": false,
  "KeyGenerationType": "Auto",
  "PickListName": null,
  "ConfigJson": {
    "ShowFilterAs": "TileView",
    "MemberDisplayNameEditable": true,
    "IsMultipleImage": false
  },
  "FormatString": null,
  "Translation": null,
  "Aliases": [],
  "ApiName": null,
  "ApiDisabled": false
}