{
  "HierarchyName": "Data Object Hierarchy",
  "HierarchyId": "42e8bed8-4843-4d46-a831-98b54a9d67a9",
  "HierarchyDescription": "Data Object Hierarchy",
  "Translations": [],
  "Levels": [
    {
      "LevelName": "Data Object Type",
      "LevelId": "704adfb6-0a77-47f1-a2cb-cf980e5581a6",
      "SourceAttributeName": "Data Object Type",
      "LevelDescription": "Parent of Data Object which represents each type of data objects like Netting, Network Inputs etc",
      "LevelPosition": 0,
      "Translations": []
    },
    {
      "LevelName": "Data Object",
      "LevelId": "0fd4c115-58ea-45fd-bd88-7fcf755a9eec",
      "SourceAttributeName": "Data Object",
      "LevelDescription": "Data Object",
      "LevelPosition": 1,
      "Translations": []
    }
  ]
}