{
  "MeasureGroupName": "005 Seed Options Plan",
  "MeasureGroupId": "ebf8a6e6-8788-bb2b-10b2-bb427143f8f2",
  "ParentMeasureGroupName": null,
  "HasShadow": false,
  "MeasureGroupDescription": "005 Seed Options Plan",
  "MeasureGroupType": "Regular",
  "FactTableName": "Fact005SeedOptionsPlan",
  "SchemaMajorVersion": 0,
  "ConfigJson": {},
  "ApiName": null,
  "Repartition": false,
  "Unpartition": false,
  "ApiEnabled": false,
  "DimensionUsages": [
    {
      "DimensionName": "Version",
      "AttributeName": "Version Name",
      "SortOrder": 0,
      "DimensionType": "Regular"
    },
    {
      "DimensionName": "NamedNode",
      "AttributeName": "Retail_AP_FD_Common_NN",
      "SortOrder": 1,
      "DimensionType": "NamedNode"
    },
    {
      "DimensionName": "NamedNode",
      "AttributeName": "Retail_AP_FD_Product_Location_Setup_NN",
      "SortOrder": 2,
      "DimensionType": "NamedNode"
    }
  ]
}