{
  "AttributeName": "Batch Type",
  "AttributeId": "e18c5121-6a03-34cb-6071-47b1cff8c5ac",
  "AttributeHierarchyEnabled": true,
  "IsKey": true,
  "Description": "o9EKG Batch Type",
  "OrderBy": "Name",
  "KeyColumnName": "BatchTypeKey",
  "NameColumnName": "BatchTypeName",
  "KeyColumnDataType": "integer",
  "SeedTags": false,
  "KeyGenerationType": "Auto",
  "PickListName": null,
  "ConfigJson": {
    "ShowFilterAs": "TileView",
    "MemberDisplayNameEditable": false,
    "IsMultipleImage": false,
    "MemberDisplayColor": false
  },
  "FormatString": null,
  "Translation": null,
  "Aliases": [],
  "ApiName": null,
  "ApiDisabled": false,
  "ToolTip": "Batch Type",
  "FgColorFormula": "",
  "BgColorFormula": "",
  "IsReservedBySystem": false
}