{
  "MeasureName": "LP Vs LP LLLY FP Sls Rtl Growth %",
  "MeasureId": "6d7853bb-a8f0-4666-98a2-a51567f68665",
  "MeasureDescription": "LP Vs LP LLLY FP Sls Growth %",
  "DataType": "number",
  "MeasureType": "Regular",
  "AggregateFunction": "Computed",
  "FormatString": "0.00%",
  "MeasureColumnName": "LPVsLPLLLYFPSlsRtlGrowth%",
  "MeasureFormula": "Safedivide((Measure.[LP FP Sls Rtl]-Measure.[LP LLLY FP Sls Rtl]),Measure.[LP LLLY FP Sls Rtl])",
  "IsEditable": false,
  "ApplyConversion": false,
  "ConversionFormula": "",
  "PickListName": null,
  "BgColorFormula": "",
  "FgColorFormula": "",
  "TrendFormula": "",
  "FormattingViewModel": null,
  "ParentMeasureName": null,
  "AssociationMeasure": false,
  "IsComputedByPlanningService": false,
  "ToolTip": "(LP FP Sls Rtl - LP LLLY FP Sls Rtl)/LP LLLY FP Sls Rtl",
  "ConfigJson": {},
  "ApiName": null,
  "ApiDisabled": false,
  "IsReportingMeasure": true,
  "MeasureConditionalFormulaProperties": [],
  "PicklistSource": null
}