{
  "MeasureGroupName": "008 Style Color Product Attribute Group Association",
  "MeasureGroupId": "0c6a700a-466d-4065-824a-e198be14d585",
  "ParentMeasureGroupName": null,
  "HasShadow": false,
  "MeasureGroupDescription": "008 Style Color Product Attribute Group Association",
  "MeasureGroupType": "Regular",
  "FactTableName": "Fact008StyleColorProductAttributeGroupAssociation",
  "SchemaMajorVersion": 0,
  "ConfigJson": {},
  "ApiName": null,
  "Repartition": false,
  "Unpartition": false,
  "ApiEnabled": false,
  "DimensionUsages": [
    {
      "DimensionName": "Version",
      "AttributeName": "Version Name",
      "SortOrder": 0,
      "DimensionType": "Regular"
    },
    {
      "DimensionName": "NamedNode",
      "AttributeName": "Retail_AP_FD_Attribute_Intermediate_NN",
      "SortOrder": 1,
      "DimensionType": "NamedNode"
    },
    {
      "DimensionName": "NamedNode",
      "AttributeName": "Retail_AP_FD_Season_NN",
      "SortOrder": 2,
      "DimensionType": "NamedNode"
    },
    {
      "DimensionName": "Product Attribute Group",
      "AttributeName": "Product Attribute Group",
      "SortOrder": 3,
      "DimensionType": "Regular"
    }
  ]
}