{
  "Name": "Common0000ABDM",
  "Description": "ABDM Create/Update",
  "ActionButtonId": "d7ec07b5-5436-70a0-f330-c9a15c3707f2",
  "Tooltip": "ABDM Create/Update",
  "ActionButtonType": "Integration3 Function",
  "Alignment": "right",
  "IsPopOver": true,
  "IsGlobal": false,
  "ActionClickHandler": null,
  "Icon": null,
  "Image": null,
  "ConfigJson": {
    "Pipeline": "ABDM_Automation",
    "DisplayName": "ABDM Create/Update",
    "icon": "flash",
    "Position": "0",
    "SubmitButton": {
      "Label": "Submit"
    },
    "ResetButton": {
      "Label": "Reset"
    },
    "CloseButton": {
      "Label": "Close",
      "ConfirmMessage": "Unsaved changes will be lost. Continue?"
    },
    "NotifyRoles": true,
    "NotifyAll": false,
    "FieldBindings": [
      {
        "fieldName": "version",
        "title": "Version Name",
        "Description": "Version Name",
        "type": "picklistDropdown",
        "selectionType": "single",
        "clearSearch": true,
        "source": "filter",
        "DimensionName": "Version",
        "LevelAttributeName": "Version Name",
        "visible": true,
        "isEditable": true,
        "validation": {
          "maxLength": "0",
          "required": true
        }
      },
      {
        "fieldName": "instance",
        "title": "Data Object",
        "Description": "Data Object",
        "type": "picklistDropdown",
        "selectionType": "single",
        "clearSearch": true,
        "source": "filter",
        "DimensionName": "Data Object",
        "LevelAttributeName": "Data Object",
        "visible": true,
        "isEditable": true,
        "validation": {
          "maxLength": "0",
          "required": true
        }
      },
      {
        "fieldName": "configBlock",
        "title": "Config Block",
        "Description": "Config Block Where plugin is generated",
        "type": "string",
        "clearSearch": true,
        "source": "literal",
        "visible": true,
        "isEditable": true,
        "validation": {
          "maxLength": "0",
          "required": true
        },
        "defaultValue": "o9 SP Foundation"
      },
      {
        "fieldName": "sparkMode",
        "title": "Big Data",
        "Description": "Big Data",
        "type": "boolean",
        "selectionType": "single",
        "clearSearch": true,
        "source": "literal",
        "defaultValue": false,
        "visible": true,
        "isEditable": true,
        "validation": {
          "maxLength": "0",
          "required": true
        }
      }
    ],
    "Range": [],
    "DataSources": [],
    "AutoExecute": false,
    "hasMembersUpdates": false,
    "Compact": false,
    "TwoColumn": false,
    "ParameterToFieldBindingMapping": {
      "abdm_param": {
        "version": "version",
        "instance": "instance",
        "isSpark": "sparkMode",
        "tenant_module_id": "configBlock"
      }
    },
    "ExcludeFromNavLink": false,
    "FilterFieldBindings": [],
    "isAsync": true
  },
  "Widget": null,
  "Roles": []
}