{
  "Name": "Network Model Type",
  "WidgetDefinitionName": "Network Model Type",
  "IsPrimary": true,
  "ConfigJson": {
    "ContainerId": "fb8cf851-1f09-4456-81d2-b82782f657b4",
    "CompositeContainerId": null,
    "Position": 0,
    "ShowInfoContext": {
      "ActionColumn": true,
      "RowInfo": true,
      "MemberInfo": true
    },
    "ShowHeader": {},
    "ActionButtonBindings": [
      {
        "ActionButtonName": "PCSupplyPlan0000NetworkCG",
        "HotKey": "",
        "ExcludeHiddenAttributes": false,
        "ModuleId": "69c63dc5-4f82-4296-89e9-7839154cd5be"
      }
    ]
  },
  "ViewWidgetDefinitionId": "a40eef49-7b8d-3dd2-d0ac-9c19b8052980",
  "Title": null
}