{
  "MeasureName": "Allocation DILOP Allocated Units at Store",
  "MeasureId": "bfac126a-b880-2568-76a0-b5da656b4655",
  "MeasureDescription": "Allocation DILOP Allocated Units at Store",
  "DataType": "number",
  "MeasureType": "Regular",
  "AggregateFunction": "Sum",
  "FormatString": "#,##0; (#,##0)",
  "MeasureColumnName": "AllocationDILOPAllocatedUnitsatStore",
  "MeasureFormula": "",
  "IsEditable": false,
  "ApplyConversion": false,
  "ConversionFormula": "",
  "PickListName": null,
  "BgColorFormula": "",
  "FgColorFormula": "",
  "TrendFormula": "",
  "ParentMeasureName": null,
  "AssociationMeasure": false,
  "IsComputedByPlanningService": false,
  "ToolTip": "Allocation DILOP Allocated Units at Store",
  "ConfigJson": {},
  "ApiName": null,
  "ApiDisabled": false,
  "IsReportingMeasure": false,
  "MeasureConditionalFormulaProperties": [],
  "PicklistSource": null,
  "RecomputeSpreadComputation": false
}