{
  "MeasureName": "CP SC LC Override",
  "MeasureId": "e540696a-b706-d748-ff12-848e579eb214",
  "MeasureDescription": "CP SC LC Override",
  "DataType": "number",
  "MeasureType": "Regular",
  "AggregateFunction": "AvgNonNullOrZero",
  "FormatString": "0.00",
  "MeasureColumnName": "CPSCLCOverride",
  "MeasureFormula": "",
  "IsEditable": true,
  "ApplyConversion": false,
  "ConversionFormula": "",
  "PickListName": null,
  "BgColorFormula": "",
  "FgColorFormula": "",
  "TrendFormula": "",
  "FormattingViewModel": "[]",
  "ParentMeasureName": null,
  "AssociationMeasure": false,
  "IsComputedByPlanningService": false,
  "ToolTip": "CP SC LC Override",
  "ConfigJson": {},
  "ApiName": null,
  "ApiDisabled": false,
  "IsReportingMeasure": false,
  "MeasureConditionalFormulaProperties": [],
  "PicklistSource": null
}