{
  "Name": "Auto Rollup Ratios",
  "WidgetDefinitionName": "Auto Rollup Ratios",
  "IsPrimary": true,
  "ConfigJson": {
    "ContainerId": "c1bba359-b35c-474b-bf05-9a71a8b3e86d",
    "CompositeContainerId": null,
    "Position": 0,
    "ShowInfoContext": {
      "ActionColumn": true,
      "RowInfo": true,
      "MemberInfo": true
    },
    "ShowHeader": {},
    "ActionButtonBindings": [
      {
        "ActionButtonName": "NormalizeProfile",
        "HotKey": "",
        "ExcludeHiddenAttributes": false,
        "ModuleId": "eeb2bc27-d481-4b7e-a0b6-b141b110a4a4"
      },
      {
        "ActionButtonName": "ApproveProfiles",
        "HotKey": "",
        "ExcludeHiddenAttributes": false
      },
      {
        "ActionButtonName": "SZPInfoApprove01",
        "HotKey": "",
        "ExcludeHiddenAttributes": false,
        "ModuleId": "eeb2bc27-d481-4b7e-a0b6-b141b110a4a4"
      }
    ],
    "Navigations": {
      "ShowMemberSpecific": false,
      "RowNavigationList": {
        "AllowMultiRowSelection": true,
        "Views": [
          {
            "ViewId": "c1727d15-3970-d896-5051-72e982ac52f3"
          }
        ],
        "ActionButtons": []
      }
    }
  },
  "ViewWidgetDefinitionId": "48335f9f-8d4c-bff8-6d41-c57554577c2d",
  "Title": null
}