{
  "MeasureGroupName": "010- 1 Version Stat BB",
  "MeasureGroupId": "06eb4df1-9e41-09d2-5802-e34899b4fe8c",
  "ParentMeasureGroupName": null,
  "HasShadow": false,
  "MeasureGroupDescription": "010- 1 Version Stat BB",
  "MeasureGroupType": "Regular",
  "FactTableName": "Fact010-1VersionStatBB",
  "SchemaMajorVersion": 0,
  "ConfigJson": {},
  "ApiName": null,
  "Repartition": false,
  "Unpartition": false,
  "ApiEnabled": false,
  "DimensionUsages": [
    {
      "DimensionName": "Version",
      "AttributeName": "Version Name",
      "SortOrder": 0,
      "DimensionType": "Regular"
    },
    {
      "DimensionName": "Forecast Iteration",
      "AttributeName": "Forecast Iteration",
      "SortOrder": 1,
      "DimensionType": null
    }
  ]
}