{
  "MeasureName": "RTF Netting Forecast Stream",
  "MeasureId": "4522fbfc-f313-4e49-b2b3-e9514c8b761a",
  "MeasureDescription": "RTF Netting Flag for Forecast Streams",
  "DataType": "boolean",
  "MeasureType": "Regular",
  "AggregateFunction": "Max",
  "FormatString": "0",
  "MeasureColumnName": "RTFNettingForecastStream",
  "MeasureFormula": "",
  "IsEditable": true,
  "ApplyConversion": false,
  "ConversionFormula": null,
  "PickListName": null,
  "BgColorFormula": null,
  "FgColorFormula": null,
  "TrendFormula": null,
  "FormattingViewModel": null,
  "ParentMeasureName": null,
  "AssociationMeasure": false,
  "IsComputedByPlanningService": false,
  "ToolTip": "RTF Netting Flag for Forecast Streams",
  "ConfigJson": {},
  "ApiName": null,
  "ApiDisabled": false,
  "IsReportingMeasure": false,
  "MeasureConditionalFormulaProperties": [],
  "PicklistSource": null
}