{
  "AttributeName": "Case Height",
  "AttributeId": "259291c0-19a6-aeef-985a-91095b51aaee",
  "AttributeHierarchyEnabled": false,
  "IsKey": false,
  "Description": "Height of the case in mm",
  "OrderBy": "Key",
  "KeyColumnName": "CaseHeightKey",
  "NameColumnName": null,
  "KeyColumnDataType": "number",
  "SeedTags": false,
  "KeyGenerationType": null,
  "PickListName": null,
  "ConfigJson": {
    "IsVisible": false
  },
  "FormatString": "#,##0; (#,##0)",
  "Translation": null,
  "Aliases": [],
  "ApiName": null,
  "ApiDisabled": false
}