{
  "MeasureGroupName": "011.006 Data Object Delete Flag Overrides",
  "MeasureGroupId": "8a3c8e33-a471-4732-baee-f29cd6811554",
  "ParentMeasureGroupName": null,
  "HasShadow": false,
  "MeasureGroupDescription": "Data Object Delete Flag Overrides",
  "MeasureGroupType": "Regular",
  "FactTableName": "Fact011.006DataObjectDeleteFlagOverrides",
  "SchemaMajorVersion": 0,
  "ConfigJson": {},
  "ApiName": null,
  "Repartition": false,
  "Unpartition": false,
  "ApiEnabled": false,
  "DimensionUsages": [
    {
      "DimensionName": "Version",
      "AttributeName": "Version Name",
      "SortOrder": 0,
      "DimensionType": "Regular"
    },
    {
      "DimensionName": "Data Object",
      "AttributeName": "Data Object",
      "SortOrder": 1,
      "DimensionType": "Regular"
    }
  ]
}