{
  "Name": "Top Down Summary",
  "ViewId": "46610579-ec33-42b1-834d-b0d537573cd0",
  "ContentType": "Regular",
  "Title": "Summary",
  "Position": 0,
  "IsDefault": true,
  "Resource": null,
  "RazorViewTemplate": "_containers",
  "ConfigJson": {
    "WidgetContainers": {
      "Containers": [
        1
      ],
      "Key": 0,
      "IsModified": false,
      "ViewSpread": {
        "RowLevel": 60,
        "ColLevel": 12
      },
      "Data": [
        {
          "Id": "bb41a50c-107f-421b-8773-5ed9668d6ed0",
          "Col": 0,
          "Row": 0,
          "SizeX": 12,
          "SizeY": 60
        }
      ]
    },
    "CompactMode": false,
    "IsHidden": false
  },
  "Roles": [
    "admin",
    "dataadmin",
    "public"
  ]
}