{
  "Name": "100AddTradePromo",
  "Description": null,
  "ActionButtonId": "5a83b38f-55fb-4a04-a11e-7b04ccc528db",
  "Tooltip": "Add trade promo",
  "ActionButtonType": "Widget",
  "Alignment": "right",
  "IsPopOver": true,
  "IsGlobal": true,
  "ActionClickHandler": null,
  "Icon": null,
  "Image": null,
  "ConfigJson": {
    "DisplayName": "Trade Promo",
    "icon": "plus-square-o",
    "SubmitButton": {
      "Label": "Submit"
    },
    "ResetButton": {
      "Label": "Reset"
    },
    "CloseButton": {
      "Label": "Close",
      "ConfirmMessage": "Unsaved changes will be lost. Continue?"
    },
    "NotifyAll": false,
    "IBPLRules": [
      {
        "template": "\n\nexec procedure o9DP041AddInitiativesAndDetails {\"Version\" : \"{{Version}}\",  \n\"Initiative\" : \"{{Initiative}}\" , \n\"InitiativeCategory\" : \"{{InitiativeCategory}}\",\n\"InitiativeDescription\" : \"{{InitiativeDescription}}\",\n\"InitiativeDuration\" : {{InitiativeDuration}},\n\"InitiativeOwner\" : \"{{InitiativeOwner}}\"\n};\n\nselect 1;{{#if InitiativeStart}} \ncartesian scope:(&AllInitiative{{#filter Initiative}} * [Version].[Version Name]{{#filter Version}});Measure.[Initiative Start]=ToDateTime(\"{{InitiativeStart}}\");end scope;\n{{/if}}\n\nselect 2;{{#if InitiativeDuration}} \ncartesian scope:(&AllInitiative{{#filter Initiative}} * [Version].[Version Name]{{#filter Version}});Measure.[Initiative Duration]={{InitiativeDuration}};end scope;\n{{/if}}"
      },
      {
        "template": "exec procedure o9DP041AssociatePromoAndSoldTo {\"Version\" : \"{{Version}}\",  \n\"Initiative\" : \"{{Initiative}}\" , \n\"Account\" : [{{#csv Account}}],\n\"Channel\" : [{{#csv Channel}}],\n\"Region\" : [{{#csv Region}}],\n\"PnL\" : [{{#csv PnL}}],\n\"DemandDomain\" : [{{#csv DemandDomain}}]\n};"
      }
    ],
    "JavascriptRules": [
      {
        "modulename": "o9.DemandPlanning.DateValidation",
        "functionname": "DateValidation"
      }
    ],
    "FieldBindings": [
      {
        "fieldName": "Initiative",
        "title": "Initiative Name",
        "type": "string",
        "clearSearch": true,
        "source": "literal",
        "visible": true,
        "isEditable": true,
        "validation": {
          "maxLength": "0",
          "required": true
        }
      },
      {
        "fieldName": "InitiativeDescription",
        "title": "Initiative Description",
        "type": "string",
        "clearSearch": true,
        "source": "literal",
        "visible": true,
        "isEditable": true,
        "validation": {
          "maxLength": "0",
          "required": false
        }
      },
      {
        "fieldName": "InitiativeStart",
        "title": "Initiative Start",
        "type": "date",
        "clearSearch": true,
        "source": "literal",
        "visible": true,
        "isEditable": true,
        "validation": {
          "maxLength": "0",
          "required": false
        }
      },
      {
        "fieldName": "InitiativeDuration",
        "title": "Initiative Duration",
        "type": "number",
        "clearSearch": true,
        "source": "literal",
        "visible": true,
        "isEditable": true,
        "validation": {
          "maxLength": "0",
          "required": false
        },
        "Description": "In Days"
      },
      {
        "fieldName": "InitiativeOwner",
        "title": "Initiative Owner",
        "type": "picklistDropdown",
        "clearSearch": true,
        "source": "datasource",
        "key": "Owner",
        "valueField": "User Name",
        "textField": "User Name",
        "visible": true,
        "isEditable": true,
        "validation": {
          "maxLength": "0",
          "required": false
        },
        "selectionType": "single",
        "overrideFieldBindingType": false
      },
      {
        "fieldName": "Version",
        "title": "Version",
        "type": "picklistDropdown",
        "selectionType": "single",
        "clearSearch": true,
        "source": "filter",
        "DimensionName": "Version",
        "LevelAttributeName": "Version Name",
        "visible": false,
        "isEditable": false,
        "validation": {
          "maxLength": "0",
          "required": true
        }
      },
      {
        "fieldName": "InitiativeCategory",
        "title": "Initiative Category",
        "type": "string",
        "clearSearch": true,
        "source": "literal",
        "defaultValue": "Trade Promo",
        "visible": false,
        "isEditable": false,
        "validation": {
          "maxLength": "0",
          "required": true
        }
      },
      {
        "fieldName": "Account",
        "title": "Select Account",
        "type": "picklistDropdown",
        "fieldGroup": "Customer",
        "selectionType": "multiple",
        "clearSearch": true,
        "source": "members",
        "DimensionName": "Account",
        "LevelAttributeName": "Account",
        "visible": true,
        "isEditable": true,
        "validation": {
          "maxLength": "0",
          "required": true
        }
      },
      {
        "fieldName": "Channel",
        "title": "Select Channel",
        "type": "picklistDropdown",
        "fieldGroup": "Customer",
        "selectionType": "multiple",
        "clearSearch": true,
        "source": "members",
        "DimensionName": "Channel",
        "LevelAttributeName": "Channel",
        "visible": true,
        "isEditable": true,
        "validation": {
          "maxLength": "0",
          "required": true
        }
      },
      {
        "fieldName": "Region",
        "title": "Select Region",
        "type": "picklistDropdown",
        "fieldGroup": "Customer",
        "selectionType": "multiple",
        "clearSearch": true,
        "source": "members",
        "DimensionName": "Region",
        "LevelAttributeName": "Region",
        "visible": true,
        "isEditable": true,
        "validation": {
          "maxLength": "0",
          "required": true
        }
      },
      {
        "fieldName": "PnL",
        "title": "Select PnL",
        "type": "picklistDropdown",
        "fieldGroup": "Others",
        "selectionType": "multiple",
        "clearSearch": true,
        "source": "members",
        "DimensionName": "PnL",
        "LevelAttributeName": "PnL",
        "visible": true,
        "isEditable": true,
        "validation": {
          "maxLength": "0",
          "required": true
        }
      },
      {
        "fieldName": "DemandDomain",
        "title": "Select Demand Domain",
        "type": "picklistDropdown",
        "fieldGroup": "Others",
        "selectionType": "multiple",
        "clearSearch": true,
        "source": "members",
        "DimensionName": "Demand Domain",
        "LevelAttributeName": "Demand Domain",
        "visible": true,
        "isEditable": true,
        "validation": {
          "maxLength": "0",
          "required": true
        }
      }
    ],
    "Range": [],
    "DataSources": [
      {
        "Name": "Owner",
        "IBPLRules": [
          {
            "template": "select currentuser();"
          }
        ],
        "JavascriptRules": [],
        "FieldBindings": [],
        "IncludeDSFieldsOnly": false
      }
    ],
    "AutoExecute": false,
    "isAsync": false,
    "hasMembersUpdates": false,
    "Compact": true,
    "TwoColumn": true,
    "IsGlobalForExcelAddIn": false,
    "enableTransaction": false,
    "ReturnFilterByUpdate": false,
    "ExcludeFromNavLink": false,
    "FilterFieldBindings": []
  },
  "Widget": null,
  "Roles": []
}