{
  "Name": "SupplyPlan060POEDC",
  "Description": "Generates PO Status for Expedite Delay Cancel",
  "ActionButtonId": "7792758b-e5bc-3bdc-9a74-3ac7e611bc0c",
  "Tooltip": "Generate PO EDC Report",
  "ActionButtonType": "Rule",
  "Alignment": "right",
  "IsPopOver": true,
  "IsGlobal": false,
  "ActionClickHandler": null,
  "Icon": null,
  "Image": null,
  "ConfigJson": {
    "DisplayName": "PO EDC",
    "icon": "puzzle-piece",
    "Position": "0",
    "SubmitButton": {
      "Label": "Submit"
    },
    "ResetButton": {
      "Label": "Reset"
    },
    "CloseButton": {
      "Label": "Close",
      "ConfirmMessage": "Unsaved changes will be lost. Continue?"
    },
    "NotifyRoles": false,
    "NotifyAll": false,
    "IBPLRules": [
      {
        "template": "\n// Calculate Open POs TG\n\nevaluatemember scope: ([Item].[Item] * [Location].[Location] * [Supplier].[Supplier Location] * &AllTransModes * [Version].[Version Name]{{#filter Version}} * &DailyPlanningHorizon * &PurchaseOrders);\nMeasure.[PO Line Commit Open Quantity TG]=if( Time.#.Key <= Measure.[PO Committed Delivery Date Final] && dateadd(Time.#.Key, 1, \"day\")> Measure.[PO Committed Delivery Date Final]) then Measure.[PO Commit Open Quantity] else if (Measure.[PO Line Commit Open Quantity TG]>0) then 0;\nend scope;"
      },
      {
        "template": "\n// Plugin to generate PO EDC report\n\nTRUNCATE DATA FOR MODEL[015.001 Purchase Order Workbench] with VERSIONNAME[{{Version}}];\n\n\nEXEC plugin instance [SupplyPlan009POWorkbench] for measures {[PO Action]} using scope ([Version].[Version Name]{{#filter Version}}) using arguments {(DriverMemory,\"5g\"),(ExecutionMode,\"MediumWeight\")}; \n"
      }
    ],
    "JavascriptRules": [],
    "FieldBindings": [
      {
        "fieldName": "Version",
        "title": "Version Name",
        "Description": "Version Name",
        "type": "picklist",
        "selectionType": "single",
        "clearSearch": true,
        "source": "filter",
        "DimensionName": "Version",
        "LevelAttributeName": "Version Name",
        "visible": true,
        "isEditable": true,
        "validation": {
          "maxLength": "0",
          "required": true
        }
      }
    ],
    "Range": [],
    "DataSources": [],
    "AutoExecute": false,
    "isAsync": true,
    "hasMembersUpdates": false,
    "Compact": false,
    "TwoColumn": false,
    "IsGlobalForExcelAddIn": false,
    "ExcludeFromNavLink": false,
    "FilterFieldBindings": [],
    "enableTransaction": false
  },
  "Widget": null,
  "Roles": []
}