{
  "MeasureName": "SP APS Sls Rtl",
  "MeasureId": "4290a0ea-b68b-4186-ba11-f90e716bb8d4",
  "MeasureDescription": "SP APS Sales Rtl",
  "DataType": "number",
  "MeasureType": "Regular",
  "AggregateFunction": "Computed",
  "FormatString": "#,##0; (#,##0)",
  "MeasureColumnName": "SPSalesAPSRtl",
  "MeasureFormula": "Safedivide(Measure.[SP Ttl Sls Rtl],Measure.[SP StrCnt])",
  "IsEditable": false,
  "ApplyConversion": false,
  "ConversionFormula": "",
  "PickListName": null,
  "BgColorFormula": "",
  "FgColorFormula": "",
  "TrendFormula": "",
  "FormattingViewModel": "[]",
  "ParentMeasureName": null,
  "AssociationMeasure": false,
  "IsComputedByPlanningService": false,
  "ToolTip": "SP Total Sales Rtl/SP StrCnt",
  "ConfigJson": {},
  "ApiName": null,
  "ApiDisabled": false,
  "IsReportingMeasure": false,
  "MeasureConditionalFormulaProperties": [],
  "PicklistSource": null
}