{
  "MeasureName": "AL STO Goods Receipt Date Intermediate",
  "MeasureId": "88fb9448-a1ef-4971-ae8b-556c207c028e",
  "MeasureDescription": "AL STO Goods Receipt Date Intermediate",
  "DataType": "datetime",
  "MeasureType": "Regular",
  "AggregateFunction": "Max",
  "FormatString": "yyyy-MM-dd",
  "MeasureColumnName": "ALSTOGoodsReceiptDateIntermediate",
  "MeasureFormula": "",
  "IsEditable": false,
  "ApplyConversion": false,
  "ConversionFormula": "",
  "PickListName": null,
  "BgColorFormula": "",
  "FgColorFormula": "",
  "TrendFormula": "",
  "FormattingViewModel": "[]",
  "ParentMeasureName": null,
  "AssociationMeasure": false,
  "IsComputedByPlanningService": false,
  "ToolTip": "AL STO Goods Receipt Date Intermediate",
  "ConfigJson": {},
  "ApiName": null,
  "ApiDisabled": false,
  "IsReportingMeasure": false,
  "MeasureConditionalFormulaProperties": [],
  "PicklistSource": null
}