{
  "MeasureName": "Netting Backward Buckets Forecast",
  "MeasureId": "354fd63e-6ff4-4088-808c-55b98ed168ec",
  "MeasureDescription": "Netting Backward Buckets Forecast",
  "DataType": "number",
  "MeasureType": "Regular",
  "AggregateFunction": "Max",
  "FormatString": "#,##0; (#,##0)",
  "MeasureColumnName": "NettingBackwardBucketsForecast",
  "MeasureFormula": "",
  "IsEditable": true,
  "ApplyConversion": false,
  "ConversionFormula": "",
  "PickListName": null,
  "BgColorFormula": "",
  "FgColorFormula": "",
  "TrendFormula": "",
  "FormattingViewModel": "[]",
  "ParentMeasureName": null,
  "AssociationMeasure": false,
  "IsComputedByPlanningService": false,
  "ToolTip": "Netting Backward Buckets Forecast",
  "ConfigJson": {},
  "ApiName": null,
  "ApiDisabled": false,
  "IsReportingMeasure": false,
  "MeasureConditionalFormulaProperties": [],
  "PicklistSource": null
}