{
  "MeasureGroupName": "003.003D Demand Inputs Forecast",
  "MeasureGroupId": "bb52161c-a088-402c-bd43-b13470de8006",
  "ParentMeasureGroupName": null,
  "HasShadow": false,
  "MeasureGroupDescription": "Forecast Parameters",
  "MeasureGroupType": "Regular",
  "FactTableName": "Fact003.003DDemandInputsForecast",
  "SchemaMajorVersion": 0,
  "ConfigJson": {},
  "ApiName": null,
  "Repartition": false,
  "Unpartition": false,
  "ApiEnabled": false,
  "DimensionUsages": [
    {
      "DimensionName": "Time",
      "AttributeName": "Day",
      "SortOrder": -1,
      "DimensionType": "Time"
    },
    {
      "DimensionName": "Version",
      "AttributeName": "Version Name",
      "SortOrder": 0,
      "DimensionType": "Regular"
    },
    {
      "DimensionName": "Item",
      "AttributeName": "Item",
      "SortOrder": 1,
      "DimensionType": "Regular"
    },
    {
      "DimensionName": "Location",
      "AttributeName": "Location",
      "SortOrder": 2,
      "DimensionType": "Regular"
    },
    {
      "DimensionName": "Sales Domain",
      "AttributeName": "Customer Group",
      "SortOrder": 5,
      "DimensionType": "Regular"
    }
  ]
}