{
  "AttributeName": "RGM Account L2",
  "AttributeId": "77a61270-60d8-c4f6-1fec-14b75b26b664",
  "AttributeHierarchyEnabled": true,
  "IsKey": false,
  "Description": "Banner",
  "OrderBy": "Key",
  "KeyColumnName": "RGMAccountL2Key",
  "NameColumnName": "RGMAccountL2Name",
  "KeyColumnDataType": "integer",
  "SeedTags": false,
  "KeyGenerationType": "Auto",
  "PickListName": null,
  "ConfigJson": {},
  "FormatString": null,
  "Translation": null,
  "Aliases": null,
  "ApiName": null,
  "ApiDisabled": false,
  "FgColorFormula": null,
  "BgColorFormula": null,
  "IsReservedBySystem": false
}