{
  "AttributeName": "Retail_AP_LP_Product_Location_NN",
  "AttributeId": "f98174bf-b3eb-46ac-e2d4-c4dadc49a5a3",
  "AttributeHierarchyEnabled": true,
  "IsKey": false,
  "Description": "Retail AP Line Plan Product and Location Named Node",
  "OrderBy": "Key",
  "KeyColumnName": "Retail_AP_LP_Product_Location_NNKey",
  "NameColumnName": "Retail_AP_LP_Product_Location_NNName",
  "KeyColumnDataType": "integer",
  "SeedTags": true,
  "KeyGenerationType": "Auto",
  "PickListName": null,
  "ConfigJson": {
    "ShowFilterAs": "TileView",
    "MemberDisplayNameEditable": true,
    "IsMultipleImage": false,
    "MemberDisplayColor": false
  },
  "FormatString": null,
  "Translation": null,
  "Aliases": [],
  "ApiName": null,
  "ApiDisabled": false,
  "ParentAttributeName": null,
  "NamedNodeUsages": [
    {
      "DimensionName": "Item",
      "AttributeName": "Planning Item"
    },
    {
      "DimensionName": "Location",
      "AttributeName": "Location Country"
    }
  ]
}