{
  "MeasureName": "Scenario Created By",
  "MeasureId": "f11938a1-1e8c-4108-80bc-cd5581de2db0",
  "MeasureDescription": "Username who created this scenario",
  "DataType": "string",
  "MeasureType": "Regular",
  "AggregateFunction": "Sum",
  "FormatString": "#",
  "MeasureColumnName": "ScenarioCreatedBy",
  "MeasureFormula": "",
  "IsEditable": false,
  "ApplyConversion": false,
  "ConversionFormula": "",
  "PickListName": null,
  "BgColorFormula": null,
  "FgColorFormula": null,
  "TrendFormula": null,
  "FormattingViewModel": null,
  "ParentMeasureName": null,
  "AssociationMeasure": false,
  "IsComputedByPlanningService": false,
  "ToolTip": "Username who created this scenario",
  "ConfigJson": {},
  "ApiName": null,
  "ApiDisabled": false,
  "IsReportingMeasure": false,
  "MeasureConditionalFormulaProperties": [],
  "PicklistSource": null
}