{
  "MeasureName": "PC Setting Value - UoM",
  "MeasureId": "f94ed84f-ad85-40eb-9bd1-8547f8a930b7",
  "MeasureDescription": "PC Setting Value - UoM",
  "DataType": "string",
  "MeasureType": "Regular",
  "AggregateFunction": "Sum",
  "FormatString": "#,##0;(#,##0)",
  "MeasureColumnName": "PCSettingValueUoM",
  "MeasureFormula": "",
  "IsEditable": true,
  "ApplyConversion": false,
  "ConversionFormula": "",
  "PickListName": null,
  "BgColorFormula": "",
  "FgColorFormula": "",
  "TrendFormula": "",
  "FormattingViewModel": "[]",
  "ParentMeasureName": null,
  "AssociationMeasure": false,
  "IsComputedByPlanningService": false,
  "ToolTip": "PC Setting Value - UoM",
  "ConfigJson": {},
  "ApiName": null,
  "ApiDisabled": false,
  "IsReportingMeasure": false,
  "MeasureConditionalFormulaProperties": [],
  "PicklistSource": null
}