{
  "MeasureName": "Outlier Absolute Threshold",
  "MeasureId": "5941d1ba-9432-4b71-037a-0b6b007afc97",
  "MeasureDescription": "Threshold (Gap) beyond which user attention is required for outlier cleansing",
  "DataType": "number",
  "MeasureType": "Regular",
  "AggregateFunction": "Max",
  "FormatString": "0",
  "MeasureColumnName": "OutlierAbsoluteThreshold",
  "MeasureFormula": "",
  "IsEditable": true,
  "ApplyConversion": false,
  "ConversionFormula": "",
  "PickListName": null,
  "BgColorFormula": "",
  "FgColorFormula": "",
  "TrendFormula": "",
  "FormattingViewModel": "[]",
  "ParentMeasureName": null,
  "AssociationMeasure": false,
  "IsComputedByPlanningService": false,
  "ToolTip": "Threshold (Gap) beyond which user attention is required for outlier cleansing",
  "ConfigJson": {},
  "ApiName": null,
  "ApiDisabled": false,
  "IsReportingMeasure": false,
  "MeasureConditionalFormulaProperties": [],
  "PicklistSource": null
}