{
  "MeasureName": "Netting Assortment Telescopic Bucket to Week",
  "MeasureId": "7e8163f4-f5e7-4986-b523-e58ebee562db",
  "MeasureDescription": "Assortment flag to disaggregate from telescopic week to week",
  "DataType": "picklist",
  "MeasureType": "Regular",
  "AggregateFunction": "Min",
  "FormatString": "#,##0;(#,##0)",
  "MeasureColumnName": "NettingAssortmentTelescopicBuckettoWeek",
  "MeasureFormula": "",
  "IsEditable": true,
  "ApplyConversion": false,
  "ConversionFormula": "",
  "PickListName": "Telescopic Assortment Flag for Demand",
  "BgColorFormula": "",
  "FgColorFormula": "",
  "TrendFormula": "",
  "FormattingViewModel": null,
  "ParentMeasureName": null,
  "AssociationMeasure": false,
  "IsComputedByPlanningService": false,
  "ToolTip": "Assortment flag to disaggregate from telescopic week to week",
  "ConfigJson": {},
  "ApiName": null,
  "ApiDisabled": false,
  "IsReportingMeasure": false,
  "MeasureConditionalFormulaProperties": [],
  "PicklistSource": null
}