{
  "Name": "MFPInfoBUSalesMix",
  "Description": "Information",
  "ActionButtonId": "8a98ad69-5543-6485-bfc8-91804983858d",
  "Tooltip": "Report Information",
  "ActionButtonType": "Widget",
  "Alignment": "right",
  "IsPopOver": true,
  "IsGlobal": true,
  "ActionClickHandler": null,
  "Icon": null,
  "Image": null,
  "ConfigJson": {
    "icon": "info-circle",
    "SubmitButton": {
      "Label": " "
    },
    "ResetButton": {},
    "CloseButton": {
      "Label": " "
    },
    "NotifyRoles": false,
    "NotifyAll": false,
    "IBPLRules": [],
    "JavascriptRules": [],
    "FieldBindings": [
      {
        "fieldName": "Information",
        "title": "Information",
        "type": "info",
        "clearSearch": true,
        "source": "literal",
        "defaultValue": " <!DOCTYPE html> <html lang=\"en\"> <head>     <meta charset=\"UTF-8\">     <meta name=\"viewport\" content=\"width=device-width, initial-scale=1.0\">     <title>Bottom Up Sales Metrics Planning</title> </head> <body style=\"text-align: left;\">     <p style=\"text-align: left;\"><strong>Overview</strong></p>     <p style=\"text-align: left;\">         Allows the merchandise planner to plan Bottom Up sales metrics along with their contribution percentages (Mix %)          across Sales Domain, Department, and Class levels.     </p>      <p style=\"text-align: left;\"><strong>How to Use</strong></p>     <p style=\"text-align: left;\">         1. The report shows the Percent to Parent values (and not Percent to Total) as contribution percentages.<br><br>         2. Subtotals must be enabled for the Level Attributes in the Layout where the Mix % planning is intended.     </p> </body> </html>",
        "visible": true,
        "isEditable": false,
        "validation": {
          "maxLength": "0",
          "required": true
        }
      }
    ],
    "Range": [],
    "DataSources": [],
    "AutoExecute": false,
    "isAsync": false,
    "hasMembersUpdates": false,
    "Compact": false,
    "TwoColumn": false,
    "IsGlobalForExcelAddIn": false,
    "ReturnFilterByUpdate": false,
    "ExcludeFromNavLink": false,
    "FilterFieldBindings": []
  },
  "Widget": null,
  "Roles": []
}