{
  "AttributeName": "IsLocked",
  "AttributeId": "cee2c3ad-4b99-961c-7dfe-9adfbca6735d",
  "AttributeHierarchyEnabled": false,
  "IsKey": false,
  "Description": "Is Forecast Iteration locked and stat actuals generated",
  "OrderBy": "Key",
  "KeyColumnName": "IsLockedKey",
  "NameColumnName": null,
  "KeyColumnDataType": "number",
  "SeedTags": false,
  "KeyGenerationType": null,
  "PickListName": null,
  "ConfigJson": {
    "IsVisible": true,
    "IsEditable": true
  },
  "FormatString": "#,##0; (#,##0)",
  "Translation": null,
  "Aliases": [],
  "ApiName": null,
  "ApiDisabled": false,
  "FgColorFormula": null,
  "BgColorFormula": null,
  "IsReservedBySystem": false
}