{
  "MeasureGroupName": "004 Class Level Inputs",
  "MeasureGroupId": "0bb0ebcc-3044-4421-bbfd-678a877668bc",
  "ParentMeasureGroupName": null,
  "HasShadow": false,
  "MeasureGroupDescription": "004 Class Level Inputs",
  "MeasureGroupType": "Regular",
  "FactTableName": "Fact004ClassLevelInputs",
  "SchemaMajorVersion": 0,
  "ConfigJson": {},
  "ApiName": null,
  "Repartition": false,
  "Unpartition": false,
  "ApiEnabled": false,
  "DimensionUsages": [
    {
      "DimensionName": "Version",
      "AttributeName": "Version Name",
      "SortOrder": 0,
      "DimensionType": "Regular"
    },
    {
      "DimensionName": "NamedNode",
      "AttributeName": "Retail_AP_FD_Product_NN",
      "SortOrder": 1,
      "DimensionType": "NamedNode"
    }
  ]
}