{
  "Name": "DISTLocationToLocationAssociationInfo",
  "Description": "Information",
  "ActionButtonId": "15372a50-d3b4-4d7d-a94f-9e97359c3582",
  "Tooltip": "Information",
  "ActionButtonType": "Widget",
  "Alignment": "right",
  "IsPopOver": true,
  "IsGlobal": true,
  "ActionClickHandler": null,
  "Icon": null,
  "Image": null,
  "ConfigJson": {
    "icon": "info-circle",
    "SubmitButton": {
      "Label": "Submit"
    },
    "ResetButton": {
      "Label": "Reset"
    },
    "CloseButton": {
      "Label": "Close",
      "ConfirmMessage": "Unsaved changes will be lost. Continue?"
    },
    "NotifyAll": false,
    "IBPLRules": [],
    "JavascriptRules": [],
    "FieldBindings": [
      {
        "fieldName": "Information",
        "title": "Information",
        "type": "info",
        "clearSearch": true,
        "source": "literal",
        "visible": true,
        "isEditable": false,
        "validation": {
          "maxLength": "0",
          "required": true
        },
        "defaultValue": "<b>Lane Details</b>   <p aligns = \"left\">This page gives info about the default lanes which will be created, based on the data that has been entered in the previous steps - Lane associations and Supply Globally. </p>  <p align = \"left\">The planner can also add or remove associations between two locations using the action buttons provided on the widget.</p>  <p align = \"left\">The data shown includes the associations between source and destination locations, an include flag is populated for all the associations (unchecking this box will not process that source - destination location combination downstream), the start and end dates for the source-destination location combination, and flags to exclude the combination from weekly and/or daily planning. All the data shown here is maintained in o9. </p>"
      }
    ],
    "DataSources": [],
    "AutoExecute": false,
    "isAsync": false,
    "hasMembersUpdates": false,
    "Compact": false,
    "TwoColumn": false,
    "IsGlobalForExcelAddIn": false,
    "ReturnFilterByUpdate": false,
    "FilterFieldBindings": []
  },
  "Widget": null
}