{
  "ModuleId": "97428148-218e-4b85-81d1-68ef84f70b05",
  "ModuleName": "o9 Retail Assortment Ranging",
  "Description": "Retail Assortment Ranging",
  "URL": "https://dev.azure.com/o9git/ec07b4e6-de11-4c3d-988e-d2ed5a5a28e9/_apis/git/repositories/97428148-218e-4b85-81d1-68ef84f70b05",
  "ParentModule": null,
  "Dependencies": null,
  "Type": "Regular",
  "Category": null,
  "Project": {
    "Id": "ec07b4e6-de11-4c3d-988e-d2ed5a5a28e9",
    "Name": "RefDev",
    "Url": "https://dev.azure.com/o9git/_apis/projects/ec07b4e6-de11-4c3d-988e-d2ed5a5a28e9"
  },
  "VersionType": "branch",
  "Version": null,
  "IsReadOnlyModule": false,
  "CreatorEmail": "janhavi.sunil@o9solutions.com",
  "CreationTime": "2023-07-31T05:13:01.8304044+00:00",
  "IsMergedModule": false,
  "MergedModuleParentModule": null,
  "IsSolutionBlock": false,
  "NameSpace": ""
}