{
  "MeasureName": "TD FP Sls %",
  "MeasureId": "d3cd3323-b619-c25a-c836-0f9497eebbe5",
  "MeasureDescription": "Top Down Full Price Sales %",
  "DataType": "number",
  "MeasureType": "Regular",
  "AggregateFunction": "Computed",
  "FormatString": "0.00%",
  "MeasureColumnName": "TDFPSls%",
  "MeasureFormula": "safedivide(Measure.[TD FP Sls Rtl],Measure.[TD Sls Rtl])",
  "IsEditable": true,
  "ApplyConversion": false,
  "ConversionFormula": "",
  "PickListName": null,
  "BgColorFormula": "",
  "FgColorFormula": "",
  "TrendFormula": "",
  "FormattingViewModel": null,
  "ParentMeasureName": null,
  "AssociationMeasure": false,
  "IsComputedByPlanningService": false,
  "ToolTip": "Top Down Full Price Sales %",
  "ConfigJson": {},
  "ApiName": null,
  "ApiDisabled": false,
  "IsReportingMeasure": false,
  "MeasureConditionalFormulaProperties": [],
  "PicklistSource": null
}