{
  "Name": "Demand Netting Parameter Inputs",
  "WidgetDefinitionName": "Demand Netting Parameter Inputs",
  "IsPrimary": true,
  "ConfigJson": {
    "ContainerId": "f1ae7fb8-4016-45f3-8de8-2053befa7190",
    "CompositeContainerId": null,
    "Position": 0,
    "ShowInfoContext": {
      "ActionColumn": true,
      "RowInfo": true,
      "MemberInfo": true
    },
    "ShowHeader": null,
    "FilterSharings": [
      {
        "LevelAttribute": {
          "Dimension": "o9PC Setting",
          "AttributeName": "Setting Group"
        },
        "MemberFilterExpression": "[o9PC Setting].[Setting Group].filter(#.Name == [Netting Inputs])"
      },
      {
        "LevelAttribute": {
          "Dimension": "Version",
          "AttributeName": "Version Name"
        },
        "DisableSelection": false
      }
    ],
    "ActionButtonBindings": [
      {
        "ActionButtonName": "PCSupplyPlan0100NettingCG",
        "HotKey": "",
        "ExcludeHiddenAttributes": false,
        "ModuleId": "69c63dc5-4f82-4296-89e9-7839154cd5be"
      }
    ]
  },
  "ViewWidgetDefinitionId": "1a4e0375-596d-75a1-a9f5-dc5742d0b415",
  "Title": "Demand Netting Parameter Inputs"
}