{
  "MeasureGroupName": "o9EKG Links",
  "MeasureGroupId": "7da50d35-5f0c-30f3-3285-77385c282f4a",
  "ParentMeasureGroupName": null,
  "HasShadow": false,
  "MeasureGroupDescription": "o9EKG Links",
  "MeasureGroupType": "Regular",
  "FactTableName": "Facto9EKGLinks",
  "SchemaMajorVersion": 0,
  "ConfigJson": {},
  "ApiName": null,
  "Repartition": false,
  "Unpartition": false,
  "ApiEnabled": false,
  "DimensionUsages": [
    {
      "DimensionName": "Version",
      "AttributeName": "Version Name",
      "SortOrder": 0,
      "DimensionType": "Regular"
    },
    {
      "DimensionName": "Sequence",
      "AttributeName": "Sequence",
      "SortOrder": 1,
      "DimensionType": null
    }
  ]
}