{
  "Name": "DI017AddingRowsTenantDimensionNameAliases",
  "Description": "Add Record",
  "ActionButtonId": "d3e8feb2-7a2f-422c-81a1-a1a3dca99300",
  "Tooltip": "Add Record",
  "ActionButtonType": "Rule",
  "Alignment": "right",
  "IsPopOver": true,
  "IsGlobal": false,
  "ActionClickHandler": null,
  "Icon": null,
  "Image": null,
  "ConfigJson": {
    "icon": "plus",
    "Position": "0",
    "SubmitButton": {
      "Label": "Submit"
    },
    "ResetButton": {
      "Label": "Reset"
    },
    "CloseButton": {
      "Label": "Close",
      "ConfirmMessage": "Unsaved changes will be lost. Continue?"
    },
    "NotifyAll": false,
    "IBPLRules": [
      {
        "template": "Createmember([Tenant Dimension Name Aliases].[Serial No] = {, \"{{SerialNo}}\"},[Tenant Dimension Name Aliases].[Dimension Name] = {, \"{{DimensionName}}\"},[Tenant Dimension Name Aliases].[Alias Name] = {, \"{{AliasName}}\"});\n\ncartesian scope:([Version].[Version Name].[{{Version}}]*[Tenant Dimension Name Aliases].[Serial No].[{{SerialNo}}]*[Tenant Dimension Name Aliases].[Dimension Name].[{{DimensionName}}]*[Tenant Dimension Name Aliases].[Alias Name].[{{AliasName}}]);\nMeasure.[Dimension Alias Description] =\"{{AliasDescription}}\";\nend scope;\n"
      }
    ],
    "JavascriptRules": [],
    "FieldBindings": [
      {
        "fieldName": "Version",
        "title": "Version",
        "Description": "Version",
        "type": "picklistDropdown",
        "selectionType": "single",
        "clearSearch": true,
        "source": "members",
        "DimensionName": "Version",
        "LevelAttributeName": "Version Name",
        "visible": true,
        "isEditable": true,
        "validation": {
          "maxLength": "0",
          "required": true
        }
      },
      {
        "fieldName": "SerialNo",
        "title": "Serial No",
        "Description": "Serial No",
        "type": "number",
        "clearSearch": true,
        "source": "literal",
        "visible": true,
        "isEditable": true,
        "validation": {
          "maxLength": "0",
          "required": true
        }
      },
      {
        "fieldName": "DimensionName",
        "title": "Dimension Name",
        "Description": "The Dimension name in tenant for which an \"Alias\" exists",
        "type": "string",
        "clearSearch": true,
        "source": "literal",
        "visible": true,
        "isEditable": true,
        "validation": {
          "maxLength": "0",
          "required": true
        }
      },
      {
        "fieldName": "AliasName",
        "title": "Alias Name",
        "Description": "The \"Alias Name\" of Dimension that's present in tenant",
        "type": "string",
        "clearSearch": true,
        "source": "literal",
        "visible": true,
        "isEditable": true,
        "validation": {
          "maxLength": "0",
          "required": true
        }
      },
      {
        "fieldName": "AliasDescription",
        "title": "Alias Description",
        "Description": "The description of Alias as specified in Tenant",
        "type": "string",
        "clearSearch": true,
        "source": "literal",
        "visible": true,
        "isEditable": true,
        "validation": {
          "maxLength": "0",
          "required": true
        }
      }
    ],
    "DataSources": [],
    "AutoExecute": false,
    "isAsync": false,
    "hasMembersUpdates": false,
    "Compact": false,
    "TwoColumn": false,
    "IsGlobalForExcelAddIn": false,
    "FilterFieldBindings": []
  },
  "Widget": null
}