{
  "MeasureGroupName": "015 Channel Supplier Association",
  "MeasureGroupId": "d8ab3bd6-bac3-22a4-dc92-a3e8cb462de2",
  "ParentMeasureGroupName": null,
  "HasShadow": false,
  "MeasureGroupDescription": "Association between Channel and Supplier",
  "MeasureGroupType": "Regular",
  "FactTableName": "Fact015ChannelSupplierAssociation",
  "SchemaMajorVersion": 0,
  "ConfigJson": {},
  "ApiName": null,
  "Repartition": false,
  "Unpartition": false,
  "ApiEnabled": false,
  "DimensionUsages": [
    {
      "DimensionName": "Version",
      "AttributeName": "Version Name",
      "SortOrder": 0,
      "DimensionType": "Regular"
    },
    {
      "DimensionName": "NamedNode",
      "AttributeName": "Retail_AP_FD_Attribute_Intermediate_NN",
      "SortOrder": 1,
      "DimensionType": "NamedNode"
    },
    {
      "DimensionName": "NamedNode",
      "AttributeName": "Retail_AP_FD_Channel_NN",
      "SortOrder": 2,
      "DimensionType": "NamedNode"
    },
    {
      "DimensionName": "Supplier",
      "AttributeName": "Supplier Location",
      "SortOrder": 3,
      "DimensionType": "Regular"
    }
  ]
}