{
  "MeasureName": "SP Ttl Sls Local Currency Rtl",
  "MeasureId": "b743a577-d5ca-4160-be49-d220ba686c34",
  "MeasureDescription": "SP Total Sales Local Currency Rtl",
  "DataType": "number",
  "MeasureType": "Regular",
  "AggregateFunction": "Sum",
  "FormatString": "#,##0; (#,##0)",
  "MeasureColumnName": "SPSalesLocalCurrencyRtl",
  "MeasureFormula": "",
  "IsEditable": false,
  "ApplyConversion": true,
  "ConversionFormula": "Exchange Rate Monthly",
  "PickListName": null,
  "BgColorFormula": "",
  "FgColorFormula": "",
  "TrendFormula": "",
  "FormattingViewModel": "[]",
  "ParentMeasureName": null,
  "AssociationMeasure": false,
  "IsComputedByPlanningService": true,
  "ToolTip": "SP Total Sales Local Currency Rtl",
  "ConfigJson": {},
  "ApiName": null,
  "ApiDisabled": false,
  "IsReportingMeasure": false,
  "MeasureConditionalFormulaProperties": [],
  "PicklistSource": null
}