{
  "Name": "SupplyPlan400DCreateProcReceivingCalendarNew",
  "Description": "Create Calendar",
  "ActionButtonId": "d8b4724e-f8d9-6d18-a46a-0d0232d1bbcf",
  "Tooltip": "Create Calendar (PROC Receiving)",
  "ActionButtonType": "Rule",
  "Alignment": "right",
  "IsPopOver": true,
  "IsGlobal": false,
  "ActionClickHandler": null,
  "Icon": null,
  "Image": null,
  "ConfigJson": {
    "icon": "plus",
    "Position": "0",
    "SubmitButton": {
      "Label": "Submit"
    },
    "ResetButton": {
      "Label": "Reset"
    },
    "CloseButton": {
      "Label": "Close",
      "ConfirmMessage": "Unsaved changes will be lost. Continue?"
    },
    "NotifyAll": false,
    "IBPLRules": [
      {
        "template": "//If EndDate is provided\n{{#if EndDate}}\ncreatemember ([Calendar].[Calendar] = {,\"{{CalendarName}}\"}, [Calendar].[End Defined Calendar] = {true,}, [Calendar].[Calendar Type] = {,\"Daily Proc Receiving Holiday\"}, [Calendar].[All Calendar]={,\"All\"});\n\n//Making Production Cycle Calendar Holiday true for user selected Days\nCartesian Scope: ([Calendar].[Calendar]{{#filter CalendarName}} * [Version].[Version Name]{{#filter Version}} * [Time].[Day]{{#filter InActiveDates}});\nMeasure.[Calendar Holiday] = True;\nend scope;\n\n//Making null values in range as false\ncartesian scope: ([Calendar].[Calendar]{{#filter CalendarName}} * [Version].[Version Name]{{#filter Version}} * &CurrentAndFuturePlanningDays.filter(#.Key >= todatetime(\"{{StartDate}}\") && #.Key < dateadd(todatetime(\"{{StartDate}}\"), {{CycleWidth}}, Day)));\nMeasure.[Calendar Holiday] = if(isnull(Measure.[Calendar Holiday])) then false else true;\nend scope;\n\nRecurrence scope: ([Calendar].[Calendar]{{#filter CalendarName}} * [Version].[Version Name]{{#filter Version}} * &CurrentAndFuturePlanningDays.filter(#.Key >= todatetime(\"{{StartDate}}\") && #.Key <= todatetime(\"{{EndDate}}\")));\nMeasure.[Calendar Holiday] = if(Time.#.Key < dateadd(todatetime(\"{{StartDate}}\"), {{CycleWidth}}, Day)) then Measure.[Calendar Holiday] else Measure.[Calendar Holiday]@(Time.#.leadoffset(-{{CycleWidth}})); \nend scope;\n\nCartesian Scope: ([Calendar].[Calendar]{{#filter CalendarName}} * [Version].[Version Name]{{#filter Version}});\nMeasure.[Calendar User] = \"{{User}}\";\nMeasure.[Calendar Timestamp] = todatetime(\"{{Timestamp}}\");\nMeasure.[Calendar Description] = \"{{Description}}\";\nMeasure.[Calendar Width] = {{CycleWidth}};\nMeasure.[Calendar Starting Date] = \"{{StartDate}}\";\nMeasure.[Calendar End Date] = \"{{EndDate}}\";\nend scope;\n\n//------------------------------------------------------------------\n\n//When EndDate is not provided\n{{#else}}\ncreatemember ([Calendar].[Calendar] = {,\"{{CalendarName}}\"}, [Calendar].[Calendar Type] = {,\"Daily Proc Receiving Holiday\"}, [Calendar].[All Calendar]={,\"All\"});\n\n//Making Production Cycle Calendar Holiday true for user selected Days\nCartesian Scope: ([Calendar].[Calendar]{{#filter CalendarName}} * [Version].[Version Name]{{#filter Version}} * [Time].[Day]{{#filter InActiveDates}});\nMeasure.[Calendar Holiday] = True;\nend scope;\n\n//Making null values in range as false\ncartesian scope: ([Calendar].[Calendar]{{#filter CalendarName}} * [Version].[Version Name]{{#filter Version}} * &CurrentAndFuturePlanningDays.filter(#.Key >= todatetime(\"{{StartDate}}\") && #.Key < dateadd(todatetime(\"{{StartDate}}\"), {{CycleWidth}}, Day)));\nMeasure.[Calendar Holiday] = if(isnull(Measure.[Calendar Holiday])) then false else true;\nend scope;\n\nRecurrence scope: ([Calendar].[Calendar]{{#filter CalendarName}} * [Version].[Version Name]{{#filter Version}} * &CurrentAndFuturePlanningDays.filter(#.Key >= todatetime(\"{{StartDate}}\")));\nMeasure.[Calendar Holiday] = if(Time.#.Key < dateadd(todatetime(\"{{StartDate}}\"), {{CycleWidth}}, Day)) then Measure.[Calendar Holiday]  else Measure.[Calendar Holiday]@(Time.#.leadoffset(-{{CycleWidth}})); \nend scope;\n\nCartesian Scope: ([Calendar].[Calendar]{{#filter CalendarName}} * [Version].[Version Name]{{#filter Version}});\nMeasure.[Calendar User] = \"{{User}}\";\nMeasure.[Calendar Timestamp] = todatetime(\"{{Timestamp}}\");\nMeasure.[Calendar Description] = \"{{Description}}\";\nMeasure.[Calendar Width] = {{CycleWidth}};\nMeasure.[Calendar Starting Date] = \"{{StartDate}}\";\nend scope;\n\n{{/if}}\n"
      }
    ],
    "JavascriptRules": [],
    "FieldBindings": [
      {
        "fieldName": "Version",
        "title": "Version Name",
        "Description": "Version Name",
        "type": "picklist",
        "selectionType": "single",
        "clearSearch": true,
        "source": "members",
        "DimensionName": "Version",
        "LevelAttributeName": "Version Name",
        "visible": true,
        "isEditable": true,
        "validation": {
          "maxLength": "0",
          "required": true
        }
      },
      {
        "fieldName": "CalendarName",
        "title": "Calendar Name",
        "Description": "Provide the suitable Calendar Name for the pattern",
        "type": "string",
        "clearSearch": true,
        "source": "literal",
        "visible": true,
        "isEditable": true,
        "validation": {
          "maxLength": "0",
          "required": true
        }
      },
      {
        "fieldName": "StartDate",
        "title": "Start Date",
        "Description": "Start Day for the Pattern",
        "type": "picklistDropdown",
        "selectionType": "single",
        "clearSearch": true,
        "select": "NONE",
        "source": "members",
        "DimensionName": "Time",
        "LevelAttributeName": "Day",
        "FilterExpression": "&DailyPlanningHorizon",
        "visible": true,
        "isEditable": true,
        "validation": {
          "maxLength": "0",
          "required": true
        }
      },
      {
        "fieldName": "EndDate",
        "title": "End Date",
        "Description": "End Date of pattern (Optional)",
        "type": "picklistDropdown",
        "selectionType": "single",
        "clearSearch": true,
        "select": "NONE",
        "source": "members",
        "DimensionName": "Time",
        "LevelAttributeName": "Day",
        "FilterExpression": "&DailyPlanningHorizon",
        "visible": true,
        "isEditable": true,
        "validation": {
          "maxLength": "0",
          "required": false
        }
      },
      {
        "fieldName": "CycleWidth",
        "title": "Cycle Width",
        "Description": "Range within which pattern should be defined",
        "type": "picklist",
        "selectionType": "single",
        "clearSearch": true,
        "select": "NONE",
        "source": "localPicklist",
        "values": [
          {
            "Key": "1",
            "Name": "1"
          },
          {
            "Key": "2",
            "Name": "2"
          },
          {
            "Key": "3",
            "Name": "3"
          },
          {
            "Key": "4",
            "Name": "4"
          },
          {
            "Key": "5",
            "Name": "5"
          },
          {
            "Key": "6",
            "Name": "6"
          },
          {
            "Key": "7",
            "Name": "7"
          },
          {
            "Key": "8",
            "Name": "8"
          },
          {
            "Key": "9",
            "Name": "9"
          },
          {
            "Key": "10",
            "Name": "10"
          },
          {
            "Key": "11",
            "Name": "11"
          },
          {
            "Key": "12",
            "Name": "12"
          }
        ],
        "valueField": "Name",
        "visible": true,
        "isEditable": true,
        "validation": {
          "maxLength": "0",
          "required": true
        }
      },
      {
        "fieldName": "InActiveDates",
        "title": "Shipping Holidays",
        "Description": "The dates in which  Shipment won't happen",
        "type": "picklistDropdown",
        "selectionType": "multiple",
        "clearSearch": true,
        "select": "NONE",
        "source": "datasource",
        "key": "DSDates",
        "valueField": "Name",
        "textField": "Name",
        "visible": true,
        "isEditable": true,
        "cascadeFrom": "CycleWidth",
        "validation": {
          "maxLength": "0",
          "required": true
        }
      },
      {
        "fieldName": "Description",
        "title": "Description",
        "Description": "Description for cycle plan",
        "type": "string",
        "clearSearch": true,
        "source": "literal",
        "visible": true,
        "isEditable": true,
        "validation": {
          "maxLength": "0",
          "required": true
        }
      },
      {
        "fieldName": "Timestamp",
        "title": "Timestamp of Cycle Plan",
        "Description": "Timestamp of Cycle Plan",
        "type": "datetime",
        "selectionType": "single",
        "clearSearch": true,
        "select": "ALL",
        "source": "datasource",
        "key": "DSCurrentTime",
        "valueField": "result",
        "textField": "result",
        "visible": false,
        "isEditable": false,
        "validation": {
          "maxLength": "0",
          "required": false
        }
      },
      {
        "fieldName": "User",
        "title": "User",
        "Description": "User who created the pattern",
        "type": "string",
        "selectionType": "single",
        "clearSearch": true,
        "select": "ALL",
        "source": "datasource",
        "key": "DSUser",
        "valueField": "Name",
        "textField": "Name",
        "visible": false,
        "isEditable": false,
        "validation": {
          "maxLength": "0",
          "required": false
        }
      }
    ],
    "DataSources": [
      {
        "Name": "DSDates",
        "IBPLRules": [
          {
            "template": "{{#if EndDate}}\nSelect Time.[Day].filter(#.Key >= todatetime(\"{{StartDate}}\") && #.Key < dateadd(todatetime(\"{{StartDate}}\"), {{CycleWidth}}, Day) && #.Key <= todatetime(\"{{EndDate}}\"));\n\n{{#else}}\nSelect Time.[Day].filter(#.Key >= todatetime(\"{{StartDate}}\") && #.Key < dateadd(todatetime(\"{{StartDate}}\"), {{CycleWidth}}, Day) && #.Key<= Time.[Day].filter(#.[D Solver End Bucket]== 1).element(0).Key);\n\n{{/if}}"
          }
        ],
        "JavascriptRules": [],
        "IncludeDSFieldsOnly": false,
        "FieldBindings": []
      },
      {
        "Name": "DSCurrentTime",
        "IBPLRules": [
          {
            "template": "select now();"
          }
        ],
        "JavascriptRules": [],
        "IncludeDSFieldsOnly": false,
        "FieldBindings": []
      },
      {
        "Name": "DSUser",
        "IBPLRules": [
          {
            "template": "select CurrentUser();"
          }
        ],
        "JavascriptRules": [],
        "IncludeDSFieldsOnly": false,
        "FieldBindings": []
      }
    ],
    "AutoExecute": false,
    "isAsync": true,
    "hasMembersUpdates": false,
    "Compact": true,
    "TwoColumn": true,
    "IsGlobalForExcelAddIn": false,
    "ExcludeFromNavLink": false,
    "FilterFieldBindings": []
  },
  "Widget": null
}