{
  "HierarchyName": "PC Component Hierarchy",
  "HierarchyId": "03513fb2-4278-e2d5-b5d2-6dbf742079ad",
  "HierarchyDescription": "PC Component Hierarchy",
  "Translations": null,
  "Levels": [
    {
      "LevelName": "Component",
      "LevelId": "3e98132c-972e-2102-af4a-b0bba8d96e97",
      "SourceAttributeName": "Component",
      "LevelDescription": "Component",
      "LevelPosition": 0,
      "Translations": null
    },
    {
      "LevelName": "Component Instance",
      "LevelId": "b032861a-ead8-8e4c-92b3-da328f4cb7fc",
      "SourceAttributeName": "Component Instance",
      "LevelDescription": "Component Instance",
      "LevelPosition": 1,
      "Translations": null
    }
  ],
  "IsEnabled": true,
  "ErrorMessage": null
}