{
  "AttributeName": "Contract Header",
  "AttributeId": "d23089f4-9e1e-ee7d-334e-17b7f0037b36",
  "AttributeHierarchyEnabled": true,
  "IsKey": false,
  "Description": "Stores Contract Header ID for Transactions",
  "OrderBy": "Key",
  "KeyColumnName": "ContractHeaderKey",
  "NameColumnName": "ContractHeaderName",
  "KeyColumnDataType": "integer",
  "SeedTags": false,
  "KeyGenerationType": "Auto",
  "PickListName": null,
  "ConfigJson": {
    "ShowFilterAs": "TileView",
    "MemberDisplayNameEditable": true,
    "IsMultipleImage": false,
    "MemberDisplayColor": false
  },
  "FormatString": null,
  "Translation": null,
  "Aliases": [],
  "ApiName": null,
  "ApiDisabled": false,
  "ToolTip": "Contract Header",
  "FgColorFormula": "",
  "BgColorFormula": "",
  "IsReservedBySystem": false
}