{
  "AttributeName": "Latest Barcode Name",
  "AttributeId": "31938ea7-0611-5cba-32b0-d34054b40ef2",
  "AttributeHierarchyEnabled": false,
  "IsKey": false,
  "Description": "Stores the latest barcode name of the SKUs for reporting purpose",
  "OrderBy": "Key",
  "KeyColumnName": "LatestBarcodeNameKey",
  "NameColumnName": null,
  "KeyColumnDataType": "string",
  "SeedTags": false,
  "KeyGenerationType": "UserSupplied",
  "PickListName": null,
  "ConfigJson": {},
  "FormatString": null,
  "Translation": null,
  "Aliases": [],
  "ApiName": null,
  "ApiDisabled": false,
  "FgColorFormula": null,
  "BgColorFormula": null,
  "IsReservedBySystem": false
}