{
  "EdgePropertyId": "3b945338-5695-404a-b39d-27ea58d85070",
  "PropertyName": "W Substitute Item Priority Item Location Input",
  "PropertyDescription": "Substitute Item Priority Input",
  "PropertyDataType": "number",
  "PropertyDataSize": 0,
  "PropertyColumnName": "WSubstituteItemPriorityItemLocationInput",
  "AggregateFunction": "Max",
  "PropertyFormula": null,
  "IsEditable": false,
  "FormatString": "#,##0",
  "ActivationProperty": false,
  "IsComputedByPlanningService": false,
  "ToolTip": null,
  "ApiName": null,
  "ApiDisabled": false,
  "BgColorFormula": "",
  "FgColorFormula": "",
  "TrendFormula": "",
  "FormattingViewModel": null,
  "ConditionalFormulas": []
}