{
  "MeasureName": "MN Custom Measure3",
  "MeasureId": "ac7b43c9-785c-48b7-a908-96e418608682",
  "MeasureDescription": "MN Custom Measure",
  "DataType": "string",
  "MeasureType": "Regular",
  "AggregateFunction": "Min",
  "FormatString": "#,##0;(#,##0)",
  "MeasureColumnName": "MNCustomMeasure3",
  "MeasureFormula": "",
  "IsEditable": true,
  "ApplyConversion": false,
  "ConversionFormula": "",
  "PickListName": null,
  "BgColorFormula": "",
  "FgColorFormula": "",
  "TrendFormula": "",
  "FormattingViewModel": null,
  "ParentMeasureName": null,
  "AssociationMeasure": false,
  "IsComputedByPlanningService": false,
  "ToolTip": "MN Custom Measure",
  "ConfigJson": {},
  "ApiName": null,
  "ApiDisabled": false,
  "IsReportingMeasure": false,
  "MeasureConditionalFormulaProperties": [],
  "PicklistSource": null
}