{
  "AttributeName": "Setting Grains",
  "AttributeId": "e66b4ee4-b8f0-7e4b-8912-3e49e138629c",
  "AttributeHierarchyEnabled": false,
  "IsKey": false,
  "Description": "Setting Grains",
  "OrderBy": "Key",
  "KeyColumnName": "SettingGrainsKey",
  "NameColumnName": null,
  "KeyColumnDataType": "string",
  "SeedTags": false,
  "KeyGenerationType": null,
  "PickListName": null,
  "ConfigJson": {
    "IsVisible": true,
    "IsEditable": true
  },
  "FormatString": "",
  "Translation": null,
  "Aliases": [],
  "ApiName": null,
  "ApiDisabled": false,
  "FgColorFormula": null,
  "BgColorFormula": null,
  "IsReservedBySystem": false
}