{
  "MeasureName": "Bestfit Calculation Frequency",
  "MeasureId": "25edc7f9-ba8f-94c8-12a9-c045041b3342",
  "MeasureDescription": "Indicates the frequency at which the system needs to run the Bestfit Algorithm Selection process again.",
  "DataType": "number",
  "MeasureType": "Regular",
  "AggregateFunction": "Max",
  "FormatString": "#,##0; (#,##0)",
  "MeasureColumnName": "BestfitCalculationFrequency",
  "MeasureFormula": "",
  "IsEditable": true,
  "ApplyConversion": false,
  "ConversionFormula": "",
  "PickListName": null,
  "BgColorFormula": "",
  "FgColorFormula": "",
  "TrendFormula": "",
  "FormattingViewModel": "[]",
  "ParentMeasureName": null,
  "AssociationMeasure": false,
  "IsComputedByPlanningService": false,
  "ToolTip": "Indicates the frequency at which the system needs to run the Bestfit Algorithm Selection process again.",
  "ConfigJson": {},
  "ApiName": null,
  "ApiDisabled": false,
  "IsReportingMeasure": false,
  "MeasureConditionalFormulaProperties": [],
  "PicklistSource": null
}