{
  "AttributeName": "Retail_MFP_MP_Product_Location_NN",
  "AttributeId": "6cf35deb-0883-707a-7f3a-04de005e19e7",
  "AttributeHierarchyEnabled": true,
  "IsKey": false,
  "Description": "Retail MFP Merge Plan Product and Location Namednode",
  "OrderBy": "Key",
  "KeyColumnName": "Retail_MFP_MP_Product_Location_NNKey",
  "NameColumnName": "Retail_MFP_MP_Product_Location_NNName",
  "KeyColumnDataType": "integer",
  "SeedTags": true,
  "KeyGenerationType": "Auto",
  "PickListName": null,
  "ConfigJson": {
    "ShowFilterAs": "TileView",
    "MemberDisplayNameEditable": true,
    "IsMultipleImage": false,
    "MemberDisplayColor": false
  },
  "FormatString": null,
  "Translation": null,
  "Aliases": [],
  "ApiName": null,
  "ApiDisabled": false,
  "ParentAttributeName": null,
  "NamedNodeUsages": [
    {
      "DimensionName": "Item",
      "AttributeName": "L3"
    },
    {
      "DimensionName": "Location",
      "AttributeName": "Location"
    }
  ]
}