{
  "AttributeName": "Cluster Type",
  "AttributeId": "e05bd572-f37d-343f-4909-b778fdc79638",
  "AttributeHierarchyEnabled": true,
  "IsKey": false,
  "Description": "Cluster Type",
  "OrderBy": "Name",
  "KeyColumnName": "ClusterTypeKey",
  "NameColumnName": "ClusterTypeName",
  "KeyColumnDataType": "integer",
  "SeedTags": false,
  "KeyGenerationType": "Auto",
  "PickListName": null,
  "ConfigJson": {
    "ShowFilterAs": "TileView",
    "MemberDisplayNameEditable": true,
    "IsMultipleImage": false,
    "MemberDisplayColor": false
  },
  "FormatString": null,
  "Translation": null,
  "Aliases": [],
  "ApiName": null,
  "ApiDisabled": false,
  "FgColorFormula": null,
  "BgColorFormula": null,
  "IsReservedBySystem": false
}