{
  "HierarchyName": "DP Item Hierarchy",
  "HierarchyId": "f94c9d1f-bef3-81ff-cfb7-bbe2ed2fd1a9",
  "HierarchyDescription": "DP Item Hierarchy",
  "Translations": null,
  "Levels": [
    {
      "LevelName": "All Item",
      "LevelId": "0a478bc2-3460-5d29-a649-c6c38d8ee609",
      "SourceAttributeName": "All Item",
      "LevelDescription": "All items roll upto this.  Usually contains 'All' as its member.",
      "LevelPosition": 0,
      "Translations": null
    },
    {
      "LevelName": "L6",
      "LevelId": "1aecd19f-03bc-f5b2-541c-ddf9f5ba2d66",
      "SourceAttributeName": "L6",
      "LevelDescription": "Attribute for Alternate hierarchy of Item.",
      "LevelPosition": 1,
      "Translations": null
    },
    {
      "LevelName": "L5",
      "LevelId": "4df7cae2-27c9-c189-58d6-fce63744d53c",
      "SourceAttributeName": "L5",
      "LevelDescription": "Attribute for Alternate hierarchy of Item.",
      "LevelPosition": 2,
      "Translations": null
    },
    {
      "LevelName": "L4",
      "LevelId": "ae8e49b6-a1ae-5323-b6b1-48aeb71feba9",
      "SourceAttributeName": "L4",
      "LevelDescription": "Attribute for Alternate hierarchy of Item.",
      "LevelPosition": 3,
      "Translations": null
    },
    {
      "LevelName": "L3",
      "LevelId": "c1243706-960d-ce85-66e0-7c38b2a57b11",
      "SourceAttributeName": "L3",
      "LevelDescription": "Attribute for Alternate hierarchy of Item.",
      "LevelPosition": 4,
      "Translations": null
    },
    {
      "LevelName": "L2",
      "LevelId": "4c6b6243-cf7f-132f-b0b0-65d378c0cd74",
      "SourceAttributeName": "L2",
      "LevelDescription": "Attribute for Alternate hierarchy of Item.",
      "LevelPosition": 5,
      "Translations": null
    },
    {
      "LevelName": "L1",
      "LevelId": "75bf0d01-06a5-ab25-63a7-eb786e6a9f26",
      "SourceAttributeName": "L1",
      "LevelDescription": "Attribute for Alternate hierarchy of Item.",
      "LevelPosition": 6,
      "Translations": null
    },
    {
      "LevelName": "Planning Item",
      "LevelId": "623e7a0a-0fce-11f1-8d70-370273433f2b",
      "SourceAttributeName": "Planning Item",
      "LevelDescription": "Planning Item",
      "LevelPosition": 7,
      "Translations": null
    },
    {
      "LevelName": "Reporting Item",
      "LevelId": "d1195f4a-bb04-11f3-876c-97124464e8f5",
      "SourceAttributeName": "Reporting Item",
      "LevelDescription": "Reporting Item",
      "LevelPosition": 8,
      "Translations": null
    },
    {
      "LevelName": "Item",
      "LevelId": "61b10667-341b-9b58-60d5-fbe64b28bd3b",
      "SourceAttributeName": "Item",
      "LevelDescription": "Item - lowest granularity of planning for supply ",
      "LevelPosition": 9,
      "Translations": null
    }
  ],
  "IsEnabled": true,
  "ErrorMessage": null
}