{
  "MeasureName": "D SS Priority Plugin Output Rules Used",
  "MeasureId": "f6415e75-c763-4f85-99ef-249342cfee2a",
  "MeasureDescription": "Rules Used by plugin for SS Prioritization",
  "DataType": "string",
  "MeasureType": "Regular",
  "AggregateFunction": "DistinctSum",
  "FormatString": "#",
  "MeasureColumnName": "DSSPriorityPluginOutputRulesUsed",
  "MeasureFormula": "",
  "IsEditable": false,
  "ApplyConversion": false,
  "ConversionFormula": "",
  "PickListName": null,
  "BgColorFormula": "",
  "FgColorFormula": "",
  "TrendFormula": "",
  "FormattingViewModel": "[]",
  "ParentMeasureName": null,
  "AssociationMeasure": false,
  "IsComputedByPlanningService": false,
  "ToolTip": "Rules Used by plugin for SS Prioritization",
  "ConfigJson": {},
  "ApiName": null,
  "ApiDisabled": false,
  "IsReportingMeasure": false,
  "MeasureConditionalFormulaProperties": [],
  "PicklistSource": null
}