{
  "AttributeName": "Demand RequestID",
  "AttributeId": "efdb2719-b2b0-435d-ac17-75973947bc3a",
  "AttributeHierarchyEnabled": true,
  "IsKey": false,
  "Description": "Sales Order Header ID and Sales Order Line ID concatenated",
  "OrderBy": "Key",
  "KeyColumnName": "DemandRequestIDKey",
  "NameColumnName": "DemandRequestIDName",
  "KeyColumnDataType": "integer",
  "SeedTags": false,
  "KeyGenerationType": "Auto",
  "PickListName": null,
  "ConfigJson": {
    "ShowFilterAs": "TileView"
  },
  "FormatString": null,
  "Translation": null,
  "Aliases": [],
  "ApiName": null,
  "ApiDisabled": false,
  "FgColorFormula": "",
  "BgColorFormula": "",
  "IsReservedBySystem": false
}