{
  "MeasureGroupName": "001.016 Allocation Push All Input",
  "MeasureGroupId": "7e3bf6db-95b1-ca48-b55b-4e307ae011d3",
  "ParentMeasureGroupName": null,
  "HasShadow": false,
  "MeasureGroupDescription": "001.016 Allocation Push All Input",
  "MeasureGroupType": "Regular",
  "FactTableName": "Fact001.016AllocationPushAllInput",
  "SchemaMajorVersion": 0,
  "ConfigJson": {},
  "ApiName": null,
  "Repartition": false,
  "Unpartition": false,
  "ApiEnabled": false,
  "DimensionUsages": [
    {
      "DimensionName": "Version",
      "AttributeName": "Version Name",
      "SortOrder": 0,
      "DimensionType": "Regular"
    },
    {
      "DimensionName": "Item",
      "AttributeName": "Item",
      "SortOrder": 1,
      "DimensionType": "Regular"
    }
  ]
}