{
  "AttributeName": "All Component",
  "AttributeId": "3f70f8f3-2de9-8393-f964-6f2906250954",
  "AttributeHierarchyEnabled": true,
  "IsKey": false,
  "Description": "All Component",
  "OrderBy": "Name",
  "KeyColumnName": "AllComponentKey",
  "NameColumnName": "AllComponentName",
  "KeyColumnDataType": "integer",
  "SeedTags": false,
  "KeyGenerationType": "Auto",
  "PickListName": null,
  "ConfigJson": {
    "ShowFilterAs": "TileView",
    "MemberDisplayNameEditable": true,
    "IsMultipleImage": false,
    "MemberDisplayColor": false
  },
  "FormatString": null,
  "Translation": null,
  "Aliases": [],
  "ApiName": null,
  "ApiDisabled": false,
  "FgColorFormula": null,
  "BgColorFormula": null,
  "IsReservedBySystem": false
}