{
  "MeasureName": "Netting Location Aggregate Levels",
  "MeasureId": "46610703-f98c-bf50-ebcd-3b9fc04f23c4",
  "MeasureDescription": "Netting Location Aggregate Levels",
  "DataType": "number",
  "MeasureType": "Regular",
  "AggregateFunction": "Avg",
  "FormatString": "#,##0;(#,##0)",
  "MeasureColumnName": "NettingLocationAggregateLevels",
  "MeasureFormula": "",
  "IsEditable": true,
  "ApplyConversion": false,
  "ConversionFormula": "",
  "PickListName": null,
  "BgColorFormula": "",
  "FgColorFormula": "",
  "TrendFormula": "",
  "FormattingViewModel": null,
  "ParentMeasureName": null,
  "AssociationMeasure": false,
  "IsComputedByPlanningService": false,
  "ToolTip": "Specify Location Parent as Netting Level, The level needs to be specified as Netting Input",
  "ConfigJson": {},
  "ApiName": null,
  "ApiDisabled": false,
  "IsReportingMeasure": false,
  "MeasureConditionalFormulaProperties": [],
  "PicklistSource": null
}