{
  "AttributeName": "o9EKG Project Diff Generated By",
  "AttributeId": "d0978143-d943-fb3e-641a-7c80b12b8e85",
  "AttributeHierarchyEnabled": false,
  "IsKey": false,
  "Description": "Generated By",
  "OrderBy": "Key",
  "KeyColumnName": "o9EKGProjectDiffGeneratedByKey",
  "NameColumnName": null,
  "KeyColumnDataType": "string",
  "SeedTags": false,
  "KeyGenerationType": null,
  "PickListName": null,
  "ConfigJson": {
    "IsVisible": true,
    "IsEditable": false
  },
  "FormatString": "",
  "Translation": null,
  "Aliases": [],
  "ApiName": null,
  "ApiDisabled": false,
  "FgColorFormula": null,
  "BgColorFormula": null,
  "IsReservedBySystem": false
}