{
  "Override": [
    {
      "PageGroupName": "Performance Analysis",
      "WorkspaceName": "OTB Plan-V2Migrated",
      "DisplayOrder": 5,
      "ConfigBlockName": "o9 Retail MFP RMA Product Plan"
    },
    {
      "PageGroupName": "1.0: In-Season Planning",
      "WorkspaceName": "OTB Plan-V2Migrated",
      "DisplayOrder": 4,
      "ConfigBlockName": "o9 Retail MFP RMA Product Plan"
    },
    {
      "PageGroupName": "OTB Planning",
      "WorkspaceName": "OTB Plan-V2Migrated",
      "DisplayOrder": 3,
      "ConfigBlockName": "o9 Retail MFP RMA Product Plan"
    },
    {
      "PageGroupName": "2.0: What-If Scenario",
      "WorkspaceName": "OTB Plan-V2Migrated",
      "DisplayOrder": 2,
      "ConfigBlockName": "o9 Retail MFP RMA Product Plan"
    },
    {
      "PageGroupName": "Exchange Rates",
      "WorkspaceName": "OTB Plan-V2Migrated",
      "DisplayOrder": 1,
      "ConfigBlockName": "o9 Retail MFP RMA Product Plan"
    }
  ]
}