{
  "MeasureName": "CP SC LC Final",
  "MeasureId": "fafdf67d-1ec0-2a00-2b71-bedd262e71b4",
  "MeasureDescription": "CP SC LC Final",
  "DataType": "number",
  "MeasureType": "Regular",
  "AggregateFunction": "AvgNonNullOrZero",
  "FormatString": "0.00",
  "MeasureColumnName": "CPSCLCFinal",
  "MeasureFormula": "",
  "IsEditable": false,
  "ApplyConversion": false,
  "ConversionFormula": "",
  "PickListName": null,
  "BgColorFormula": "",
  "FgColorFormula": "",
  "TrendFormula": "",
  "FormattingViewModel": "[]",
  "ParentMeasureName": null,
  "AssociationMeasure": false,
  "IsComputedByPlanningService": true,
  "ToolTip": "CP SC LC Final",
  "ConfigJson": {},
  "ApiName": null,
  "ApiDisabled": false,
  "IsReportingMeasure": false,
  "MeasureConditionalFormulaProperties": [],
  "PicklistSource": null
}