{
  "Name": "703NPIEOLDates",
  "Description": null,
  "ActionButtonId": "5794d3cd-05a4-c0a5-8fb6-fea45fd8921a",
  "Tooltip": "Populate NPI/EOL dates (CML)",
  "ActionButtonType": "Widget",
  "Alignment": "right",
  "IsPopOver": true,
  "IsGlobal": true,
  "ActionClickHandler": null,
  "Icon": null,
  "Image": null,
  "ConfigJson": {
    "DisplayName": "Dates (CML)",
    "icon": "bolt",
    "Validate": {
      "DataSource": {
        "IBPLRules": [],
        "JavascriptRules": [
          {
            "modulename": "o9.DemandPlanning.SyncMLPeriods",
            "functionname": "SyncMLPeriods"
          }
        ],
        "FieldBindings": [
          {
            "fieldName": "VersionName",
            "title": "VersionName",
            "type": "picklist",
            "selectionType": "multiple",
            "clearSearch": true,
            "source": "filter",
            "DimensionName": "Version",
            "LevelAttributeName": "Version Name",
            "visible": true,
            "isEditable": true,
            "validation": {
              "maxLength": "0",
              "required": true
            }
          }
        ]
      }
    },
    "SubmitButton": {
      "Label": "Submit",
      "ProgressMessage": "Executing...",
      "SuccessMessage": "Successfully Executed.",
      "ErrorMessage": "Error in Execution.",
      "ConfirmMessage": "Are you sure you want to go ahead with the changes?"
    },
    "ResetButton": {
      "Label": "Reset"
    },
    "CloseButton": {
      "Label": "Close",
      "ConfirmMessage": "Unsaved changes will be lost. Continue?"
    },
    "NotifyAll": false,
    "IBPLRules": [
      {
        "template": "exec procedure o9DP503CMLIntroDiscoDate\t {\"VersionName\" : [{{#csv VersionName}}], \"Item\": [{{#csv Item}}],\"Account\": [{{#csv Account}}], \"Channel\": [{{#csv Channel}}], \"Region\": [{{#csv Region}}], \"DemandDomain\": [{{#csv DemandDomain}}],\"PnL\" : [{{#csv PnL}}], \"Location\" : [{{#csv Location}}]};"
      }
    ],
    "JavascriptRules": [],
    "FieldBindings": [
      {
        "fieldName": "VersionName",
        "title": "Version",
        "type": "picklist",
        "selectionType": "single",
        "clearSearch": true,
        "source": "filter",
        "DimensionName": "Version",
        "LevelAttributeName": "Version Name",
        "visible": true,
        "isEditable": true,
        "validation": {
          "maxLength": "0",
          "required": true
        }
      },
      {
        "fieldName": "Item",
        "title": "Planning Item",
        "Description": "Planning Item",
        "type": "picklist",
        "fieldGroup": "Item",
        "selectionType": "multiple",
        "clearSearch": true,
        "select": "ALL",
        "source": "datasource",
        "key": "DSItem",
        "valueField": "Planning Item",
        "textField": "Planning Item$DisplayName",
        "overrideFieldBindingType": false,
        "visible": true,
        "isEditable": true,
        "cascadeFrom": "VersionName",
        "validation": {
          "maxLength": "0",
          "required": true
        }
      },
      {
        "fieldName": "Account",
        "title": "Planning Account",
        "Description": "Planning Account",
        "type": "picklist",
        "fieldGroup": "Customer",
        "selectionType": "multiple",
        "clearSearch": true,
        "select": "ALL",
        "source": "datasource",
        "key": "DSAccount",
        "valueField": "Planning Account",
        "textField": "Planning Account$DisplayName",
        "overrideFieldBindingType": false,
        "visible": true,
        "isEditable": true,
        "cascadeFrom": "VersionName",
        "validation": {
          "maxLength": "0",
          "required": true
        }
      },
      {
        "fieldName": "Channel",
        "title": "Planning Channel",
        "Description": "Planning Channel",
        "type": "picklist",
        "fieldGroup": "Customer",
        "selectionType": "multiple",
        "clearSearch": true,
        "select": "ALL",
        "source": "datasource",
        "key": "DSChannel",
        "valueField": "Planning Channel",
        "textField": "Planning Channel$DisplayName",
        "overrideFieldBindingType": false,
        "visible": true,
        "isEditable": true,
        "cascadeFrom": "VersionName",
        "validation": {
          "maxLength": "0",
          "required": true
        }
      },
      {
        "fieldName": "Region",
        "title": "Planning Region",
        "Description": "Planning Region",
        "type": "picklist",
        "fieldGroup": "Customer",
        "selectionType": "multiple",
        "clearSearch": true,
        "select": "ALL",
        "source": "datasource",
        "key": "DSRegion",
        "valueField": "Planning Region",
        "textField": "Planning Region$DisplayName",
        "overrideFieldBindingType": false,
        "visible": true,
        "isEditable": true,
        "cascadeFrom": "VersionName",
        "validation": {
          "maxLength": "0",
          "required": true
        }
      },
      {
        "fieldName": "Location",
        "title": "Planning Location",
        "Description": "Planning Location",
        "type": "picklist",
        "fieldGroup": "Location",
        "selectionType": "multiple",
        "clearSearch": true,
        "select": "ALL",
        "source": "datasource",
        "key": "DSLocation",
        "valueField": "Planning Location",
        "textField": "Planning Location$DisplayName",
        "overrideFieldBindingType": false,
        "visible": true,
        "isEditable": true,
        "cascadeFrom": "VersionName",
        "validation": {
          "maxLength": "0",
          "required": true
        }
      },
      {
        "fieldName": "PnL",
        "title": "Planning PnL",
        "Description": "Planning PnL",
        "type": "picklist",
        "fieldGroup": "Others",
        "selectionType": "multiple",
        "clearSearch": true,
        "select": "ALL",
        "source": "datasource",
        "key": "DSPnL",
        "valueField": "Planning PnL",
        "textField": "Planning PnL$DisplayName",
        "overrideFieldBindingType": false,
        "visible": true,
        "isEditable": true,
        "cascadeFrom": "VersionName",
        "validation": {
          "maxLength": "0",
          "required": true
        }
      },
      {
        "fieldName": "DemandDomain",
        "title": "Planning Demand Domain",
        "Description": "Planning Demand Domain",
        "type": "picklist",
        "fieldGroup": "Others",
        "selectionType": "multiple",
        "clearSearch": true,
        "select": "ALL",
        "source": "datasource",
        "key": "DSDemandDomain",
        "valueField": "Planning Demand Domain",
        "textField": "Planning Demand Domain$DisplayName",
        "overrideFieldBindingType": false,
        "visible": true,
        "isEditable": true,
        "cascadeFrom": "VersionName",
        "validation": {
          "maxLength": "0",
          "required": true
        }
      }
    ],
    "Range": [],
    "DataSources": [
      {
        "Name": "DSItem",
        "IBPLRules": [
          {
            "template": "Select (&CWVAndScenarios{{#filter VersionName}} * [Item].[Planning Item]) on row, \n\n({Measure.[ML Actual]}) on column include memberproperties {[Item].[Planning Item], DisplayName} where {~isnull(Measure.[ML Actual])};"
          }
        ],
        "JavascriptRules": [],
        "IncludeDSFieldsOnly": false,
        "FieldBindings": []
      },
      {
        "Name": "DSAccount",
        "IBPLRules": [
          {
            "template": "Select (&CWVAndScenarios{{#filter VersionName}} * [Account].[Planning Account]) on row, \n({Measure.[ML Actual]}) on column include memberproperties {[Account].[Planning Account], DisplayName} where {~isnull(Measure.[ML Actual])};"
          }
        ],
        "JavascriptRules": [],
        "IncludeDSFieldsOnly": false,
        "FieldBindings": []
      },
      {
        "Name": "DSChannel",
        "IBPLRules": [
          {
            "template": "Select (&CWVAndScenarios{{#filter VersionName}} * [Channel].[Planning Channel]) on row, \n\n({Measure.[ML Actual]}) on column include memberproperties {[Channel].[Planning Channel], DisplayName} where {~isnull(Measure.[ML Actual])};"
          }
        ],
        "JavascriptRules": [],
        "IncludeDSFieldsOnly": false,
        "FieldBindings": []
      },
      {
        "Name": "DSRegion",
        "IBPLRules": [
          {
            "template": "Select (&CWVAndScenarios{{#filter VersionName}} * [Region].[Planning Region]) on row, \n\n({Measure.[ML Actual]}) on column include memberproperties {[Region].[Planning Region], DisplayName} where {~isnull(Measure.[ML Actual])};"
          }
        ],
        "JavascriptRules": [],
        "IncludeDSFieldsOnly": false,
        "FieldBindings": []
      },
      {
        "Name": "DSLocation",
        "IBPLRules": [
          {
            "template": "Select (&CWVAndScenarios{{#filter VersionName}} * [Location].[Planning Location]) on row, \n\n({Measure.[ML Actual]}) on column include memberproperties {[Location].[Planning Location], DisplayName} where {~isnull(Measure.[ML Actual])};"
          }
        ],
        "JavascriptRules": [],
        "IncludeDSFieldsOnly": false,
        "FieldBindings": []
      },
      {
        "Name": "DSPnL",
        "IBPLRules": [
          {
            "template": "Select (&CWVAndScenarios{{#filter VersionName}} * [PnL].[Planning PnL]) on row, \n\n({Measure.[ML Actual]}) on column include memberproperties {[PnL].[Planning PnL], DisplayName} where {~isnull(Measure.[ML Actual])};"
          }
        ],
        "JavascriptRules": [],
        "IncludeDSFieldsOnly": false,
        "FieldBindings": []
      },
      {
        "Name": "DSDemandDomain",
        "IBPLRules": [
          {
            "template": "Select (&CWVAndScenarios{{#filter VersionName}} * [Demand Domain].[Planning Demand Domain]) on row, \n\n({Measure.[ML Actual]}) on column include memberproperties {[Demand Domain].[Planning Demand Domain], DisplayName} where {~isnull(Measure.[ML Actual])};"
          }
        ],
        "JavascriptRules": [],
        "IncludeDSFieldsOnly": false,
        "FieldBindings": []
      }
    ],
    "AutoExecute": false,
    "isAsync": true,
    "hasMembersUpdates": false,
    "Compact": false,
    "TwoColumn": true,
    "IsGlobalForExcelAddIn": false,
    "enableTransaction": false,
    "ReturnFilterByUpdate": false,
    "ExcludeFromNavLink": false,
    "FilterFieldBindings": []
  },
  "Widget": null,
  "Roles": []
}