{
  "AttributeName": "Config Created Date",
  "AttributeId": "3f886a59-c391-7180-99e3-581ecaeedf5c",
  "AttributeHierarchyEnabled": false,
  "IsKey": false,
  "Description": "Config Created Date",
  "OrderBy": "Key",
  "KeyColumnName": "ConfigCreatedDateKey",
  "NameColumnName": null,
  "KeyColumnDataType": "datetime",
  "SeedTags": false,
  "KeyGenerationType": null,
  "PickListName": null,
  "ConfigJson": {
    "IsVisible": true,
    "IsEditable": true
  },
  "FormatString": "MM/dd/yyyy",
  "Translation": null,
  "Aliases": [],
  "ApiName": null,
  "ApiDisabled": false,
  "FgColorFormula": null,
  "BgColorFormula": null,
  "IsReservedBySystem": false
}