{
  "MeasureGroupName": "011 Channel Location Association",
  "MeasureGroupId": "92413a71-08c4-4d69-b247-8971e36fdc90",
  "ParentMeasureGroupName": null,
  "HasShadow": false,
  "MeasureGroupDescription": "011 Channel Location Association",
  "MeasureGroupType": "Regular",
  "FactTableName": "Fact011ChannelLocationAssociation",
  "SchemaMajorVersion": 0,
  "ConfigJson": {},
  "ApiName": null,
  "Repartition": false,
  "Unpartition": false,
  "ApiEnabled": false,
  "DimensionUsages": [
    {
      "DimensionName": "Version",
      "AttributeName": "Version Name",
      "SortOrder": 0,
      "DimensionType": "Regular"
    }
  ]
}