{
  "Name": "77RunPredictMLModel",
  "Description": null,
  "ActionButtonId": "0a29fdd9-03ea-4482-ab11-cade720c1f5a",
  "Tooltip": "Predict Mode ML Model",
  "ActionButtonType": "Widget",
  "Alignment": "right",
  "IsPopOver": true,
  "IsGlobal": true,
  "ActionClickHandler": null,
  "Icon": null,
  "Image": null,
  "ConfigJson": {
    "icon": "line-chart",
    "SubmitButton": {
      "Label": "Submit",
      "ProgressMessage": "Executing...",
      "SuccessMessage": "Successfully Executed.",
      "ErrorMessage": "Error in Execution.",
      "ConfirmMessage": "Are you sure you want to go ahead with the changes?"
    },
    "ResetButton": {
      "Label": "Reset"
    },
    "CloseButton": {
      "Label": "Close",
      "ConfirmMessage": "Unsaved changes will be lost. Continue?"
    },
    "NotifyAll": false,
    "IBPLRules": [
      {
        "template": "exec procedure o9DP048RunPredictModeMLModel\t {\"VersionName\" : [{{#csv VersionName}}], \"Location\" : [{{#csv Location}}], \"Item\" : [{{#csv Item}}],   \"Account\" : [{{#csv Account}}], \"Channel\" : [{{#csv Channel}}], \"Region\" : [{{#csv Region}}], \"PnL\" : [{{#csv PnL}}], \"DemandDomain\" : [{{#csv DemandDomain}}],  \"RID\" : \"{{RID}}\" ,  \"TID\" : \"{{TID}}\",  \"ForecastCurrentPeriod\" : \"{{ForecastCurrentPeriod}}\" ,  \"ForecastPeriods\" : {{ForecastPeriods}}};"
      },
      {
        "template": "Scope : ( [Version].[Version Name]{{#filter VersionName}} );\nMeasure.[RID Placeholder ML L1] = \"{{RID}}\";\nend scope;"
      }
    ],
    "JavascriptRules": [],
    "FieldBindings": [
      {
        "fieldName": "VersionName",
        "title": "Version",
        "type": "picklistDropdown",
        "selectionType": "single",
        "clearSearch": true,
        "source": "filter",
        "DimensionName": "Version",
        "LevelAttributeName": "Version Name",
        "visible": true,
        "isEditable": true,
        "validation": {
          "maxLength": "0",
          "required": true
        }
      },
      {
        "fieldName": "Item",
        "title": "Stat Item",
        "Description": "Item",
        "type": "picklist",
        "selectionType": "multiple",
        "clearSearch": true,
        "select": "ALL",
        "source": "members",
        "DimensionName": "Item",
        "LevelAttributeName": "Stat Item",
        "visible": true,
        "isEditable": true,
        "validation": {
          "maxLength": "0",
          "required": true
        },
        "fieldGroup": "Item"
      },
      {
        "fieldName": "Account",
        "title": "Stat Account",
        "type": "picklist",
        "selectionType": "multiple",
        "clearSearch": true,
        "select": "ALL",
        "source": "members",
        "DimensionName": "Account",
        "LevelAttributeName": "Stat Account",
        "visible": true,
        "isEditable": true,
        "validation": {
          "maxLength": "0",
          "required": true
        },
        "fieldGroup": "Customer"
      },
      {
        "fieldName": "Channel",
        "title": "Stat Channel",
        "type": "picklist",
        "fieldGroup": "Customer",
        "selectionType": "multiple",
        "clearSearch": true,
        "select": "ALL",
        "source": "members",
        "DimensionName": "Channel",
        "LevelAttributeName": "Stat Channel",
        "visible": true,
        "isEditable": true,
        "validation": {
          "maxLength": "0",
          "required": true
        }
      },
      {
        "fieldName": "Region",
        "title": "Stat Region",
        "type": "picklist",
        "fieldGroup": "Customer",
        "selectionType": "multiple",
        "clearSearch": true,
        "select": "ALL",
        "source": "members",
        "LevelAttributeName": "Stat Region",
        "visible": true,
        "isEditable": true,
        "validation": {
          "maxLength": "0",
          "required": true
        },
        "DimensionName": "Region"
      },
      {
        "fieldName": "Location",
        "title": "Stat Location",
        "Description": "Location",
        "type": "picklist",
        "selectionType": "multiple",
        "clearSearch": true,
        "select": "ALL",
        "source": "members",
        "DimensionName": "Location",
        "LevelAttributeName": "Stat Location",
        "visible": true,
        "isEditable": true,
        "validation": {
          "maxLength": "0",
          "required": true
        },
        "fieldGroup": "Location"
      },
      {
        "fieldName": "PnL",
        "title": "Stat PnL",
        "type": "picklist",
        "fieldGroup": "Others",
        "selectionType": "multiple",
        "clearSearch": true,
        "select": "ALL",
        "source": "members",
        "DimensionName": "PnL",
        "LevelAttributeName": "Stat PnL",
        "visible": true,
        "isEditable": true,
        "validation": {
          "maxLength": "0",
          "required": true
        }
      },
      {
        "fieldName": "DemandDomain",
        "title": "Stat Demand Domain",
        "type": "picklist",
        "fieldGroup": "Others",
        "selectionType": "multiple",
        "clearSearch": true,
        "select": "ALL",
        "source": "members",
        "DimensionName": "Demand Domain",
        "LevelAttributeName": "Stat Demand Domain",
        "visible": true,
        "isEditable": true,
        "validation": {
          "maxLength": "0",
          "required": true
        }
      },
      {
        "fieldName": "TID",
        "title": "Tournament ID",
        "type": "picklistDropdown",
        "selectionType": "single",
        "clearSearch": true,
        "select": "ALL",
        "source": "datasource",
        "key": "TID",
        "valueField": "AI Predict Tournament Execution Id",
        "textField": "AI Predict Tournament Execution Id",
        "visible": false,
        "isEditable": false,
        "validation": {
          "maxLength": "0",
          "required": true
        },
        "cascadeFrom": "VersionName"
      },
      {
        "fieldName": "RID",
        "title": "Recipe ID",
        "type": "string",
        "selectionType": "single",
        "clearSearch": true,
        "source": "parentMeasure",
        "key": {
          "Measure": {
            "Name": "AI Predict Recipe Id"
          }
        },
        "visible": true,
        "isEditable": false,
        "validation": {
          "maxLength": "0",
          "required": true
        }
      },
      {
        "fieldName": "ForecastCurrentPeriod",
        "title": "Forecast Start Date",
        "Description": "ForecastCurrentPeriod",
        "type": "string",
        "selectionType": "single",
        "clearSearch": true,
        "select": "ALL",
        "source": "datasource",
        "key": "MLPredictionStartDate",
        "valueField": "ML Current Period L1",
        "textField": "ML Current Period L1",
        "visible": false,
        "isEditable": false,
        "validation": {
          "maxLength": "0",
          "required": true
        },
        "cascadeFrom": "VersionName"
      },
      {
        "fieldName": "ForecastPeriods",
        "title": "Forecast Periods",
        "type": "picklistDropdown",
        "selectionType": "single",
        "clearSearch": true,
        "select": "ALL",
        "source": "datasource",
        "key": "MLPredictionPeriods",
        "valueField": "Forecast Period",
        "textField": "Forecast Period",
        "visible": true,
        "isEditable": false,
        "validation": {
          "maxLength": "0",
          "required": true
        },
        "cascadeFrom": "VersionName"
      }
    ],
    "DataSources": [
      {
        "Name": "TID",
        "IBPLRules": [
          {
            "template": "Select ([Version].[Version Name]{{#filter VersionName}} * [AI Predict].[Predict Tournament].[DP032AIPredictMLAtL1Level] ) on row, \n({ Measure.[AI Predict Tournament Execution Id]}) on column;\n\n"
          }
        ],
        "JavascriptRules": [],
        "FieldBindings": [],
        "IncludeDSFieldsOnly": false
      },
      {
        "Name": "MLPredictionPeriods",
        "IBPLRules": [
          {
            "template": "Select ([Version].[Version Name]{{#filter VersionName}} ) on row, \n({Measure.[Forecast Period]}) on column;"
          }
        ],
        "JavascriptRules": [],
        "IncludeDSFieldsOnly": true,
        "FieldBindings": []
      },
      {
        "Name": "MLPredictionStartDate",
        "IBPLRules": [
          {
            "template": "Select ([Version].[Version Name]{{#filter VersionName}}) on row, \n({Measure.[ML Current Period L1]}) on column;\n"
          }
        ],
        "JavascriptRules": [],
        "IncludeDSFieldsOnly": false,
        "FieldBindings": []
      }
    ],
    "AutoExecute": false,
    "isAsync": true,
    "hasMembersUpdates": false,
    "Compact": false,
    "TwoColumn": true,
    "IsGlobalForExcelAddIn": false,
    "ReturnFilterByUpdate": false,
    "NavigateTo": {
      "TargetWorkspaceName": "Data Scientist_2",
      "TargetPageName": "Forecast Review",
      "TargetViewName": "Review"
    },
    "FilterFieldBindings": []
  },
  "Widget": null
}