{
  "ModuleId": "13ece2b0-a0be-47bb-8172-64e3f6a66bd5",
  "ModuleName": "o9 EKG Deployment",
  "Description": "o9 EKG Deployment",
  "URL": "https://dev.azure.com/o9delivery/958a7655-91f2-41a8-8b8f-8443d15b8412/_apis/git/repositories/13ece2b0-a0be-47bb-8172-64e3f6a66bd5",
  "ParentModule": {
    "ProjectId": "ec07b4e6-de11-4c3d-988e-d2ed5a5a28e9",
    "ProjectName": "RefDev",
    "ModuleId": "c5dfb0f8-a9ea-4208-a148-5e7adb4dad96",
    "ModuleName": "o9 EKG Deployment",
    "VersionType": "tag",
    "Version": "R2025.04.00",
    "URL": "https://dev.azure.com/o9git/ec07b4e6-de11-4c3d-988e-d2ed5a5a28e9/_apis/git/repositories/c5dfb0f8-a9ea-4208-a148-5e7adb4dad96",
    "Org": "RefDev",
    "PackageName": "o9 Supply Planning",
    "PackagePublishType": null
  },
  "Dependencies": [],
  "Type": "RegularDelta",
  "Category": null,
  "Project": {
    "Id": "958a7655-91f2-41a8-8b8f-8443d15b8412",
    "Name": "ChinaDelivery",
    "Url": "https://dev.azure.com/o9delivery/_apis/projects/958a7655-91f2-41a8-8b8f-8443d15b8412"
  },
  "VersionType": "branch",
  "Version": null,
  "IsReadOnlyModule": false,
  "IsPromoteDisabled": false,
  "SelectedBranch": null,
  "CreatorEmail": "wentao.wang@o9solutions.com",
  "CreationTime": "2025-07-03T08:33:39.7905848+00:00",
  "IsMergedModule": false,
  "MergedModuleParentModule": null,
  "IsSolutionBlock": false,
  "NameSpace": "",
  "Org": "o9Delivery",
  "PackageName": null,
  "PackagePublishType": null,
  "PackageVersion": null,
  "IsFinerRulesUtilityRan": true
}