{
  "Name": "SupplyPlan0000CreateNetwork",
  "Description": "Create Network",
  "ActionButtonId": "2746cc33-b235-4456-4026-30796aa9a3ed",
  "Tooltip": "Updates/Creates the Network",
  "ActionButtonType": "Rule",
  "Alignment": "right",
  "IsPopOver": true,
  "IsGlobal": false,
  "ActionClickHandler": null,
  "Icon": null,
  "Image": null,
  "ConfigJson": {
    "DisplayName": "Create Network",
    "icon": "empire",
    "Position": "0",
    "SubmitButton": {
      "Label": "Submit"
    },
    "ResetButton": {
      "Label": "Reset"
    },
    "CloseButton": {
      "Label": "Close",
      "ConfirmMessage": "Unsaved changes will be lost. Continue?"
    },
    "NotifyRoles": true,
    "NotifyAll": false,
    "IBPLRules": [
      {
        "template": "exec procedure SupplyPlan0001PreProcessingCommon {\"Version\":\"{{Version}}\"};"
      },
      {
        "template": "exec procedure SupplyPlan0000CreateNetwork{{Model}} {\"Version\":\"{{Version}}\",\"spark\":{{sparkMode}}};"
      }
    ],
    "JavascriptRules": [],
    "FieldBindings": [
      {
        "fieldName": "Version",
        "title": "Version",
        "type": "picklistDropdown",
        "selectionType": "single",
        "clearSearch": true,
        "source": "filter",
        "DimensionName": "Version",
        "LevelAttributeName": "Version Name",
        "visible": true,
        "isEditable": true,
        "validation": {
          "maxLength": "0",
          "required": true
        }
      },
      {
        "fieldName": "Model",
        "title": "Model",
        "type": "picklistDropdown",
        "selectionType": "single",
        "clearSearch": true,
        "source": "localPicklist",
        "values": [
          {
            "Key": "Weekly",
            "Name": "Weekly"
          },
          {
            "Key": "Daily",
            "Name": "Daily"
          },
          {
            "Key": "Monthly",
            "Name": "Monthly"
          }
        ],
        "valueField": "Key",
        "visible": true,
        "isEditable": true,
        "validation": {
          "maxLength": "0",
          "required": true
        }
      },
      {
        "fieldName": "sparkMode",
        "title": "Big Data",
        "type": "boolean",
        "clearSearch": true,
        "source": "literal",
        "defaultValue": false,
        "visible": true,
        "isEditable": true,
        "validation": {
          "maxLength": "0",
          "required": true
        }
      }
    ],
    "Range": [],
    "DataSources": [],
    "AutoExecute": false,
    "isAsync": true,
    "hasMembersUpdates": false,
    "Compact": false,
    "TwoColumn": false,
    "IsGlobalForExcelAddIn": false,
    "ExcludeFromNavLink": false,
    "FilterFieldBindings": []
  },
  "Widget": null,
  "Roles": []
}