{
  "Name": "SupplyPlan127AddTransModeResourceAssociation",
  "Description": null,
  "ActionButtonId": "e0ce822d-084d-4fa8-8374-2542588f0a62",
  "Tooltip": "Add TransMode Resource Association",
  "ActionButtonType": "Widget",
  "Alignment": "right",
  "IsPopOver": true,
  "IsGlobal": true,
  "ActionClickHandler": null,
  "Icon": null,
  "Image": null,
  "ConfigJson": {
    "DisplayName": "Add Resource",
    "icon": "plus",
    "SubmitButton": {
      "Label": "Submit"
    },
    "ResetButton": {
      "Label": "Reset"
    },
    "CloseButton": {
      "Label": "Close",
      "ConfirmMessage": "Unsaved changes will be lost. Continue?"
    },
    "NotifyAll": false,
    "IBPLRules": [
      {
        "template": "Cartesian Scope: ([Supplier].[Supplier Location]{{#filter Supplier}} * [Activity2].[Activity2]{{#filter TransMode}} * [Resource].[Resource]{{#filter Resource}} * [Location].[Location]{{#filter Location}} * [Version].[Version Name]{{#filter Version}} * [Item].[Item]{{#filter Item}}  );\nMeasure.[PROC Resource TransMode Association]=1;\nMeasure.[PROC Resource TransMode Consumed Quantity Per]={{ConsumedQty}};\nend scope;\n\n\n//--Uncomment the below code to enable Net change functionality\n/*\nCartesian Scope: ([Supplier].[Supplier Location]{{#filter Supplier}} * [Activity2].[Activity2]{{#filter TransMode}} * [Resource].[Resource]{{#filter Resource}} * [Location].[Location]{{#filter Location}} * [Version].[Version Name]{{#filter Version}} * [Item].[Item]{{#filter Item}}  );\nMeasure.[PROC Resource TransMode Association NC Addition] = 1;\nend scope;\n\nScope: ([Supplier].[Supplier Location]{{#filter Supplier}} * [Activity2].[Activity2]{{#filter TransMode}} * [Resource].[Resource]{{#filter Resource}} * [Location].[Location]{{#filter Location}} * [Version].[Version Name]{{#filter Version}} * [Item].[Item]{{#filter Item}}  );\nMeasure.[PROC Resource TransMode Association NC Deletion] = Null;\nend scope;\n*/"
      }
    ],
    "JavascriptRules": [],
    "FieldBindings": [
      {
        "fieldName": "Version",
        "title": "Version",
        "Description": "Version",
        "type": "picklist",
        "selectionType": "single",
        "clearSearch": true,
        "source": "filter",
        "DimensionName": "Version",
        "LevelAttributeName": "Version Name",
        "visible": true,
        "isEditable": true,
        "validation": {
          "maxLength": "0",
          "required": true
        }
      },
      {
        "fieldName": "Item",
        "title": "Item",
        "type": "picklist",
        "selectionType": "single",
        "clearSearch": true,
        "source": "members",
        "DimensionName": "Item",
        "LevelAttributeName": "Item",
        "visible": true,
        "isEditable": true,
        "validation": {
          "maxLength": "0",
          "required": true
        },
        "Description": "Item",
        "select": "NONE",
        "FilterExpression": "&AllDemandItems"
      },
      {
        "fieldName": "Supplier",
        "title": "Supplier Location",
        "Description": "Supplier Location",
        "type": "picklist",
        "selectionType": "single",
        "clearSearch": true,
        "source": "members",
        "DimensionName": "Supplier",
        "LevelAttributeName": "Supplier Location",
        "visible": true,
        "isEditable": true,
        "validation": {
          "maxLength": "0",
          "required": true
        },
        "select": "NONE"
      },
      {
        "fieldName": "Location",
        "title": "Location",
        "Description": "Location",
        "type": "picklistDropdown",
        "selectionType": "single",
        "clearSearch": true,
        "select": "NONE",
        "source": "members",
        "DimensionName": "Location",
        "LevelAttributeName": "Location",
        "visible": true,
        "isEditable": true,
        "validation": {
          "maxLength": "0",
          "required": true
        }
      },
      {
        "fieldName": "TransMode",
        "title": "Trans Mode",
        "Description": "Trans Mode",
        "type": "picklist",
        "selectionType": "single",
        "clearSearch": true,
        "source": "datasource",
        "key": "TransmodeDS",
        "valueField": "Name",
        "textField": "DisplayName",
        "visible": true,
        "isEditable": true,
        "validation": {
          "maxLength": "0",
          "required": true
        },
        "select": "NONE"
      },
      {
        "fieldName": "Resource",
        "title": "Resource",
        "type": "picklist",
        "selectionType": "single",
        "clearSearch": true,
        "source": "members",
        "DimensionName": "Resource",
        "LevelAttributeName": "Resource",
        "FilterExpression": "&ProcurementTransportation",
        "visible": true,
        "isEditable": true,
        "validation": {
          "maxLength": "0",
          "required": true
        },
        "select": "NONE"
      },
      {
        "fieldName": "ConsumedQty",
        "title": "Consumed Quantity Per",
        "Description": "Consumed Quantity Per",
        "type": "number",
        "selectionType": "single",
        "clearSearch": true,
        "source": "literal",
        "defaultValue": "1",
        "visible": true,
        "isEditable": true,
        "validation": {
          "maxLength": "0",
          "required": true
        },
        "fieldGroup": "Value"
      }
    ],
    "DataSources": [
      {
        "Name": "TransmodeDS",
        "IBPLRules": [
          {
            "template": "Select &AllTransModes;"
          }
        ],
        "JavascriptRules": [],
        "FieldBindings": [],
        "IncludeDSFieldsOnly": false
      }
    ],
    "AutoExecute": false,
    "isAsync": false,
    "hasMembersUpdates": false,
    "Compact": false,
    "TwoColumn": true,
    "IsGlobalForExcelAddIn": false,
    "ReturnFilterByUpdate": false,
    "ExcludeFromNavLink": false,
    "FilterFieldBindings": []
  },
  "Widget": null
}