{
  "Name": "ABDM RuleMappings",
  "WidgetDefinitionId": "97c08a4c-e86a-eb3d-ccb7-9d58dfb0da5c",
  "IsPrivate": false,
  "WidgetType": "o9.pivot",
  "ViewWidgetDefinition": null,
  "PageWidgetDefinition": null,
  "CreatedUserEmail": "karthick.m@o9solutions.com",
  "ModifiedUserEmail": "siddharamesh.mudhol@o9solutions.com",
  "Roles": [
    "public"
  ],
  "ConfigJson": {
    "Widget": {
      "Height": 550,
      "ActionButtons": []
    },
    "Presentation": {
      "DataColumnBeforeMembers": false,
      "ShowQuickToggleBar": false,
      "IsEditable": true,
      "EnableExpandCollapse": true,
      "EnableOnGridFilter": true,
      "EnableSort": true,
      "EnableColumnReorder": true,
      "DisableBulkEdit": false,
      "DisableCopyOption": false,
      "DisableAdjustOption": false,
      "DisableApplyOption": false,
      "DisableNullifyOption": false,
      "EnableColumnResize": true,
      "ClearColumnFilterOnScopeFilter": false,
      "EnableJitColumns": false,
      "EnableAuditTrail": false,
      "EnableAutoCollapseColumns": false,
      "EnableSparsifyRowSelection": false,
      "UseConditionalFormatting": false,
      "EnablePastDifferentiation": false,
      "SuppressMessageHeader": false,
      "HideActionButtons": true,
      "ShowImage": true,
      "ShowMeasureGroupAsColumn": false,
      "DefaultLinkFiltersAutoSelection": true,
      "RowHeight": "25",
      "ShowServerConditionalFormating": false,
      "InterDependentFilter": false,
      "UseOutlineFormLayout": false,
      "DisableFieldList": false,
      "ShowComments": false,
      "HideNullRows": false,
      "HideNullColumns": false,
      "HideReadOnlyNullRows": false,
      "DisableBulkEditMeasures": false,
      "EnableMeasureReposition": false,
      "AllowExcelDownload": false,
      "EnableExportPivot": "",
      "DownloadButton": "System Setting",
      "AbovePivotFilterLevelAttribute": "",
      "AbovePivotFilterValue": "",
      "LayoutColumnWidth": "System Setting",
      "IsSummary": false,
      "ActionButtonBindings": "",
      "ExcelActionButtons": "",
      "CollabFolders": "",
      "ColumnProp": {
        "ColumnSubtotalsAtEnd": false,
        "TimeColumnSubTotalAtEnd": false
      },
      "RowProp": {
        "ShowMultiDimensionProperty": false,
        "RowSubtotalsAtEnd": false
      },
      "FilterProperties": "",
      "ReportMeasureSet": "",
      "IsGraphReport": false,
      "IsMultiGraphReport": false,
      "LevelAttributes": [
        {
          "Id": "ee022910-813d-4354-98f7-c8bde5ee1a31",
          "AttributeName": "Data Object",
          "Dimension": "Data Object",
          "Axis": "row",
          "ShowInfo": {
            "ShowDetail": true,
            "ShowPulse": true,
            "ShowTask": true,
            "ShowMarketIntelligence": true
          },
          "IsVisible": true,
          "IsAttributeRequired": false,
          "ShowSubtotal": false,
          "ShowMemberConditionalFormatting": false,
          "UOMMember": null,
          "DisplayName": "",
          "ShortName": "",
          "SortBy": "",
          "JoinWithGraph": false,
          "JoinGraphName": null,
          "JoinWithNode": "FROM"
        },
        {
          "Id": "45c30abb-8fe0-4482-9518-8c985b2c20c9",
          "AttributeName": "Sequence ID",
          "Dimension": "Sequence ID",
          "Axis": "row",
          "ShowInfo": {
            "ShowDetail": true,
            "ShowPulse": true,
            "ShowTask": true,
            "ShowMarketIntelligence": true
          },
          "IsVisible": true,
          "IsAttributeRequired": false,
          "ShowSubtotal": false,
          "ShowMemberConditionalFormatting": false,
          "UOMMember": null,
          "DisplayName": "",
          "ShortName": "",
          "SortBy": "",
          "JoinWithGraph": false,
          "JoinGraphName": null,
          "JoinWithNode": "FROM"
        },
        {
          "Id": "bf4331ed-481a-4514-be03-0074ba306e43",
          "AttributeName": "Measure",
          "Dimension": "Measure",
          "Axis": "column",
          "ShowInfo": {
            "ShowDetail": true,
            "ShowPulse": true,
            "ShowTask": true,
            "ShowMarketIntelligence": true
          },
          "IsVisible": true,
          "IsAttributeRequired": false,
          "ShowSubtotal": false,
          "ShowMemberConditionalFormatting": false,
          "SortBy": "",
          "JoinWithGraph": false,
          "DisplayName": "",
          "ShortName": "",
          "UOMMember": ""
        }
      ],
      "FilterGroups": [
        {
          "GroupName": "Data Object",
          "HierarchyId": "42e8bed8-4843-4d46-a831-98b54a9d67a9",
          "Id": "e916ba1e-2b4f-47c3-8279-2215726f55e2",
          "Attributes": [
            "0dfbdd23-127f-4da5-8b7e-ac5822e781f8",
            "ee022910-813d-4354-98f7-c8bde5ee1a31"
          ]
        },
        {
          "GroupName": "Version Name",
          "Id": "0e20e464-ea47-44c3-a2d2-b1d4c8da5c00",
          "Attributes": [
            "211b33d5-d91f-40ec-9668-20e0da2ae7b3"
          ]
        }
      ],
      "MeasureCollections": [
        {
          "Measures": [
            {
              "Name": "ABDM Input Attributes",
              "Id": "d4b892b7-6359-f003-d102-6e3aad7f4cbe",
              "IsVisible": true,
              "IsEditable": true,
              "IsMultiFileUpload": false,
              "ShowInLocalTimeZone": false,
              "RenderType": "Value",
              "Alignment": "MiddleRight",
              "FormatString": "",
              "ColumnWidth": 0,
              "Sort": "",
              "UseExcelAggregation": false,
              "MeasureFormatting": [
                {
                  "BGCOLOR": "",
                  "FGCOLOR": "",
                  "ApplyForData": false,
                  "ApplyForHeader": false
                }
              ],
              "TimeHorizon": "",
              "ShowInfo": {
                "ShowDetail": true,
                "ShowPulse": true,
                "ShowTask": true,
                "ShowMarketIntelligence": true
              },
              "ChildMeasureCollections": null,
              "IsMultiDimensionProperty": false
            }
          ]
        },
        {
          "Measures": [
            {
              "Name": "ABDM Measure Name in Rules UI",
              "Id": "559d7dab-555f-07c2-35bc-d607682c3ece",
              "IsVisible": true,
              "IsEditable": true,
              "IsMultiFileUpload": false,
              "ShowInLocalTimeZone": false,
              "RenderType": "Value",
              "Alignment": "MiddleRight",
              "FormatString": "",
              "ColumnWidth": 0,
              "Sort": "",
              "UseExcelAggregation": false,
              "MeasureFormatting": [
                {
                  "BGCOLOR": "",
                  "FGCOLOR": "",
                  "ApplyForData": false,
                  "ApplyForHeader": false
                }
              ],
              "TimeHorizon": "",
              "ShowInfo": {
                "ShowDetail": true,
                "ShowPulse": true,
                "ShowTask": true,
                "ShowMarketIntelligence": true
              },
              "ChildMeasureCollections": null,
              "IsMultiDimensionProperty": false
            }
          ]
        },
        {
          "Measures": [
            {
              "Name": "ABDM RM Source Table",
              "Id": "91ed5c0f-60d7-7ced-f9c0-1c8d37a13aee",
              "IsVisible": true,
              "IsEditable": true,
              "IsMultiFileUpload": false,
              "ShowInLocalTimeZone": false,
              "RenderType": "Value",
              "Alignment": "MiddleRight",
              "FormatString": "",
              "ColumnWidth": 0,
              "Sort": "",
              "UseExcelAggregation": false,
              "MeasureFormatting": [
                {
                  "BGCOLOR": "",
                  "FGCOLOR": "",
                  "ApplyForData": false,
                  "ApplyForHeader": false
                }
              ],
              "TimeHorizon": "",
              "ShowInfo": {
                "ShowDetail": true,
                "ShowPulse": true,
                "ShowTask": true,
                "ShowMarketIntelligence": true
              },
              "ChildMeasureCollections": null,
              "IsMultiDimensionProperty": false
            }
          ]
        }
      ],
      "MeasureCollections2": [],
      "AlwaysOnMeasureCollections": [],
      "GraphRelations": [],
      "Folders": []
    }
  },
  "WidgetKeywordTags": [],
  "DimensionAttributeUsages": [],
  "WidgetModel": {
    "WidgetModelId": "d02a0ef6-67bd-426b-b2ee-85627dbf2490",
    "ConfigJson": {
      "LevelAttributes": [
        {
          "Id": "ee022910-813d-4354-98f7-c8bde5ee1a31",
          "AttributeName": "Data Object",
          "Dimension": "Data Object",
          "DimensionId": 3591617,
          "IsFilter": true,
          "Axis": "none",
          "IsDefault": true,
          "AllSelection": false,
          "SelectedMembers": [
            {
              "Name": "Expiry days maintenance",
              "DisplayAlias": null
            }
          ],
          "Name": "Data Object",
          "DimensionName": "Data Object",
          "OverrideFavSelection": false,
          "CurrencyFilter": false,
          "IsSingleSelect": true,
          "MemberFilterExpression": "",
          "DefaultValueExpression": "",
          "WorksheetLevelFilter": false,
          "HideDummyMembers": false,
          "SortBy": "",
          "SortOrder": "",
          "IsNarrowYourSelection": false,
          "Position": -90
        },
        {
          "Id": "0dfbdd23-127f-4da5-8b7e-ac5822e781f8",
          "AttributeName": "Data Object Type",
          "Dimension": "Data Object",
          "DimensionId": 3591617,
          "IsFilter": true,
          "Axis": "none",
          "IsDefault": true,
          "AllSelection": true,
          "SelectedMembers": [],
          "Name": "Data Object Type",
          "DimensionName": "Data Object",
          "OverrideFavSelection": false,
          "CurrencyFilter": false,
          "IsSingleSelect": false,
          "MemberFilterExpression": "[Data Object].[Data Object Type].filter(#.Name contains \"SCDM\")",
          "DefaultValueExpression": "",
          "WorksheetLevelFilter": false,
          "HideDummyMembers": false,
          "SortBy": "",
          "SortOrder": "",
          "IsNarrowYourSelection": false,
          "Position": -90
        },
        {
          "Id": "211b33d5-d91f-40ec-9668-20e0da2ae7b3",
          "AttributeName": "Version Name",
          "Dimension": "Version",
          "DimensionId": 3591505,
          "IsFilter": true,
          "Axis": "none",
          "IsDefault": true,
          "AllSelection": false,
          "SelectedMembers": [
            {
              "Name": "CurrentWorkingView",
              "DisplayAlias": null
            }
          ],
          "Name": "Version Name",
          "DimensionName": "Version",
          "OverrideFavSelection": false,
          "IsSingleSelect": true,
          "MemberFilterExpression": "",
          "DefaultValueExpression": "",
          "WorksheetLevelFilter": false,
          "HideDummyMembers": false,
          "SortBy": "",
          "SortOrder": "",
          "IsNarrowYourSelection": false,
          "Position": 120
        },
        {
          "Id": "ee022910-813d-4354-98f7-c8bde5ee1a31",
          "AttributeName": "Data Object",
          "Dimension": "Data Object",
          "EdgeDirection": null,
          "IsFilter": false,
          "Axis": "row",
          "IsDefault": true,
          "AllSelection": false,
          "SelectedMembers": [],
          "Name": "Data Object",
          "DimensionName": "Data Object",
          "IsVisible": true,
          "IsAttributeRequired": false,
          "ShowSubtotal": false,
          "ShowMemberConditionalFormatting": false,
          "DisplayName": "",
          "ShortName": "",
          "SortBy": "",
          "JoinWithGraph": false,
          "JoinGraphName": null,
          "JoinWithNode": "FROM"
        },
        {
          "Id": "45c30abb-8fe0-4482-9518-8c985b2c20c9",
          "AttributeName": "Sequence ID",
          "Dimension": "Sequence ID",
          "EdgeDirection": null,
          "IsFilter": false,
          "Axis": "row",
          "IsDefault": true,
          "AllSelection": false,
          "SelectedMembers": [],
          "Name": "Sequence ID",
          "DimensionName": "Sequence ID",
          "IsVisible": true,
          "IsAttributeRequired": false,
          "ShowSubtotal": false,
          "ShowMemberConditionalFormatting": false,
          "DisplayName": "",
          "ShortName": "",
          "SortBy": "",
          "JoinWithGraph": false,
          "JoinGraphName": null,
          "JoinWithNode": "FROM"
        },
        {
          "Id": "bf4331ed-481a-4514-be03-0074ba306e43",
          "AttributeName": "Measure",
          "Dimension": "Measure",
          "IsFilter": false,
          "Axis": "column",
          "IsDefault": true,
          "AllSelection": false,
          "SelectedMembers": [],
          "Name": "Measure",
          "DimensionName": "Measure",
          "IsVisible": true,
          "IsAttributeRequired": false,
          "ShowSubtotal": false,
          "ShowMemberConditionalFormatting": false,
          "SortBy": "",
          "JoinWithGraph": false,
          "DisplayName": "",
          "ShortName": "",
          "UOMMember": ""
        }
      ],
      "PeggingAttributes": [],
      "FlowPlanAttributes": [],
      "Hierarchies": [],
      "NamedSets": [],
      "RegularMeasures": [
        {
          "Id": "d4b892b7-6359-f003-d102-6e3aad7f4cbe",
          "Name": "ABDM Input Attributes"
        },
        {
          "Id": "559d7dab-555f-07c2-35bc-d607682c3ece",
          "Name": "ABDM Measure Name in Rules UI"
        },
        {
          "Id": "91ed5c0f-60d7-7ced-f9c0-1c8d37a13aee",
          "Name": "ABDM RM Source Table"
        }
      ],
      "TransientMeasures": [],
      "GraphRelations": [],
      "Folders": [],
      "AssociationMeasures": [
        {
          "MeasureFilterIBPLExpression": "",
          "MeasureFilterScope": "Post Filter"
        }
      ],
      "AssociationMeasureExpressions": [
        {
          "Expression": ""
        }
      ],
      "DataProperties": {
        "IncludeInactiveMembers": false,
        "IncludeNulls": false,
        "NullsForFinerGrainSelect": false,
        "NullsForUnrelatedAttrSelect": false,
        "RequireEditValidation": false,
        "SubTotalsType": "NoSubtotals",
        "IncludeNullsForSeries": "",
        "AssociationMeasureExpression": ""
      },
      "FilterProperties": {
        "VersionDependentFilter": false,
        "ExcludeVersionInFavorite": false,
        "StickyDimensionsOnAlwaysOnPane": [
          {
            "DimensionName": "Version",
            "DimensionId": "0d40e77b-9527-489d-a3c9-f8275cd8b0dc",
            "AlwaysShow": false
          }
        ]
      },
      "SortByMeasure": [
        {
          "Measure": null,
          "SortOrder": ""
        }
      ]
    }
  }
}