{
  "Name": "Network Parameters",
  "WidgetDefinitionId": "35311e79-4767-99d0-b9f2-efb4a47f8dfc",
  "IsPrivate": false,
  "WidgetType": "o9.pivot",
  "ViewWidgetDefinition": null,
  "PageWidgetDefinition": null,
  "CreatedUserEmail": "tushar.gupta@o9solutions.com",
  "ModifiedUserEmail": "nilaksh.aggarwal@o9solutions.com",
  "Roles": [
    "public"
  ],
  "ConfigJson": {
    "Widget": {
      "Height": 550,
      "ActionButtons": []
    },
    "Presentation": {
      "DataColumnBeforeMembers": false,
      "ShowQuickToggleBar": false,
      "IsEditable": true,
      "EnableExpandCollapse": true,
      "EnableOnGridFilter": true,
      "EnableSort": true,
      "EnableColumnReorder": true,
      "DisableBulkEdit": false,
      "DisableCopyOption": false,
      "DisableAdjustOption": false,
      "DisableApplyOption": false,
      "DisableNullifyOption": false,
      "EnableColumnResize": true,
      "ClearColumnFilterOnScopeFilter": false,
      "EnableJitColumns": false,
      "EnableAuditTrail": false,
      "EnableAutoCollapseColumns": false,
      "EnableSparsifyRowSelection": false,
      "UseConditionalFormatting": false,
      "EnablePastDifferentiation": false,
      "SuppressMessageHeader": false,
      "HideActionButtons": true,
      "ShowImage": true,
      "ShowMeasureGroupAsColumn": false,
      "DefaultLinkFiltersAutoSelection": true,
      "RowHeight": "25",
      "ShowServerConditionalFormating": false,
      "InterDependentFilter": false,
      "UseOutlineFormLayout": false,
      "DisableFieldList": false,
      "ShowComments": false,
      "HideNullRows": false,
      "HideNullColumns": false,
      "HideReadOnlyNullRows": false,
      "DisableBulkEditMeasures": false,
      "EnableMeasureReposition": false,
      "AllowExcelDownload": false,
      "EnableExportPivot": "",
      "DownloadButton": "System Setting",
      "AbovePivotFilterLevelAttribute": "",
      "AbovePivotFilterValue": "",
      "LayoutColumnWidth": "System Setting",
      "IsSummary": false,
      "ActionButtonBindings": "",
      "ExcelActionButtons": "",
      "CollabFolders": "",
      "ColumnProp": {
        "ColumnSubtotalsAtEnd": false,
        "TimeColumnSubTotalAtEnd": false
      },
      "RowProp": {
        "ShowMultiDimensionProperty": false,
        "RowSubtotalsAtEnd": false
      },
      "FilterProperties": "",
      "ReportMeasureSet": "",
      "IsGraphReport": false,
      "IsMultiGraphReport": false,
      "LevelAttributes": [
        {
          "Id": "54fe244c-7d48-5d86-dd28-2818e82ec21f",
          "AttributeName": "Component Instance",
          "Dimension": "o9PC Component",
          "Axis": "row",
          "ShowInfo": {
            "ShowDetail": true,
            "ShowPulse": true,
            "ShowTask": true,
            "ShowMarketIntelligence": true
          },
          "IsVisible": true,
          "IsAttributeRequired": false,
          "ShowSubtotal": false,
          "ShowMemberConditionalFormatting": false,
          "UOMMember": null,
          "DisplayName": "",
          "ShortName": "",
          "SortBy": "",
          "JoinWithGraph": false,
          "JoinGraphName": null,
          "JoinWithNode": "FROM"
        },
        {
          "Id": "925bec73-a42d-10dc-c1e2-797f707116c9",
          "AttributeName": "Setting",
          "Dimension": "o9PC Setting",
          "Axis": "row",
          "ShowInfo": {
            "ShowDetail": true,
            "ShowPulse": true,
            "ShowTask": true,
            "ShowMarketIntelligence": true
          },
          "IsVisible": true,
          "IsAttributeRequired": false,
          "ShowSubtotal": false,
          "ShowMemberConditionalFormatting": false,
          "UOMMember": null,
          "DisplayName": "",
          "ShortName": "",
          "SortBy": "",
          "JoinWithGraph": false,
          "JoinGraphName": null,
          "JoinWithNode": "FROM",
          "MemberProperties": [
            {
              "Id": "a47476d0-8ccd-6e5f-25c8-41d96754b094",
              "Name": "Setting Description",
              "IsVisible": true,
              "ShowInLocalTimeZone": false,
              "AllowMultiFileUpload": false
            },
            {
              "Id": "f90ee951-3280-f65b-c7da-ec0ae39f13a7",
              "Name": "Setting Aggregation Method Description",
              "IsVisible": true,
              "ShowInLocalTimeZone": false,
              "AllowMultiFileUpload": false
            }
          ]
        },
        {
          "Id": "ba05b979-2798-4732-9a6d-3c93cd07f04a",
          "AttributeName": "Measure",
          "Dimension": "Measure",
          "Axis": "column",
          "ShowInfo": {
            "ShowDetail": true,
            "ShowPulse": true,
            "ShowTask": true,
            "ShowMarketIntelligence": true
          },
          "IsVisible": true,
          "IsAttributeRequired": false,
          "ShowSubtotal": false,
          "ShowMemberConditionalFormatting": false,
          "SortBy": "",
          "JoinWithGraph": false,
          "DisplayName": "",
          "ShortName": "",
          "UOMMember": ""
        }
      ],
      "FilterGroups": [
        {
          "GroupName": "Setting Group",
          "HierarchyId": "821e2d3d-b5b2-50dd-6804-09cddb52db3c",
          "Id": "dc15ad8b-144a-42b5-be96-0fe8975444b8",
          "Attributes": [
            "d7050ae3-0a47-c60a-ee4b-2ab6e7508349"
          ]
        },
        {
          "GroupName": "Component Instance",
          "HierarchyId": "03513fb2-4278-e2d5-b5d2-6dbf742079ad",
          "Id": "c0026f94-2d87-4b44-bf26-de72d37e7337",
          "Attributes": [
            "54fe244c-7d48-5d86-dd28-2818e82ec21f"
          ]
        },
        {
          "GroupName": "Version Name",
          "HierarchyId": "",
          "Id": "bb60812a-f8e4-4f01-8eeb-975e4fced9da",
          "Attributes": [
            "211b33d5-d91f-40ec-9668-20e0da2ae7b3"
          ]
        }
      ],
      "MeasureCollections": [
        {
          "Measures": [
            {
              "Name": "PC Setting Value - UoM",
              "Id": "f94ed84f-ad85-40eb-9bd1-8547f8a930b7",
              "IsVisible": true,
              "IsEditable": true,
              "IsMultiFileUpload": false,
              "ShowInLocalTimeZone": false,
              "RenderType": "Value",
              "Alignment": "MiddleRight",
              "FormatString": "",
              "ColumnWidth": 0,
              "Sort": "",
              "UseExcelAggregation": false,
              "MeasureFormatting": [
                {
                  "BGCOLOR": "",
                  "FGCOLOR": "",
                  "ApplyForData": false,
                  "ApplyForHeader": false
                }
              ],
              "TimeHorizon": "",
              "ShowInfo": {
                "ShowDetail": true,
                "ShowPulse": true,
                "ShowTask": true,
                "ShowMarketIntelligence": true
              },
              "ChildMeasureCollections": null,
              "IsMultiDimensionProperty": false
            }
          ]
        },
        {
          "Measures": [
            {
              "Name": "PC Setting Value - Aggregation Method",
              "Id": "1dcbb20f-64be-f58b-f376-d20e98184c90",
              "IsVisible": true,
              "IsEditable": true,
              "IsMultiFileUpload": false,
              "ShowInLocalTimeZone": false,
              "RenderType": "Value",
              "Alignment": "MiddleRight",
              "FormatString": "",
              "ColumnWidth": 0,
              "Sort": "",
              "UseExcelAggregation": false,
              "MeasureFormatting": [
                {
                  "BGCOLOR": "",
                  "FGCOLOR": "",
                  "ApplyForData": false,
                  "ApplyForHeader": false
                }
              ],
              "TimeHorizon": "",
              "ShowInfo": {
                "ShowDetail": true,
                "ShowPulse": true,
                "ShowTask": true,
                "ShowMarketIntelligence": true
              },
              "ChildMeasureCollections": null,
              "IsMultiDimensionProperty": false
            }
          ]
        }
      ],
      "MeasureCollections2": [],
      "AlwaysOnMeasureCollections": [],
      "GraphRelations": [],
      "Folders": []
    }
  },
  "WidgetKeywordTags": [],
  "DimensionAttributeUsages": [],
  "WidgetModel": {
    "WidgetModelId": "784b6a41-780a-415a-ad0e-4fd140664390",
    "ConfigJson": {
      "LevelAttributes": [
        {
          "Id": "d7050ae3-0a47-c60a-ee4b-2ab6e7508349",
          "AttributeName": "Setting Group",
          "Dimension": "o9PC Setting",
          "DimensionId": 3220543,
          "IsFilter": true,
          "Axis": "none",
          "IsDefault": true,
          "AllSelection": true,
          "SelectedMembers": [],
          "Name": "Setting Group",
          "DimensionName": "o9PC Setting",
          "OverrideFavSelection": false,
          "CurrencyFilter": false,
          "IsSingleSelect": false,
          "MemberFilterExpression": "[o9PC Setting].[Setting Group].filter(#.Name == [Network Parameters])",
          "DefaultValueExpression": "",
          "WorksheetLevelFilter": false,
          "HideDummyMembers": false,
          "SortBy": "",
          "SortOrder": "",
          "IsNarrowYourSelection": false,
          "Position": -830
        },
        {
          "Id": "54fe244c-7d48-5d86-dd28-2818e82ec21f",
          "AttributeName": "Component Instance",
          "Dimension": "o9PC Component",
          "DimensionId": 3220542,
          "IsFilter": true,
          "Axis": "none",
          "IsDefault": true,
          "AllSelection": false,
          "SelectedMembers": [
            {
              "Name": "Weekly Create Network"
            }
          ],
          "Name": "Component Instance",
          "DimensionName": "o9PC Component",
          "OverrideFavSelection": false,
          "CurrencyFilter": false,
          "IsSingleSelect": true,
          "MemberFilterExpression": "[o9PC Component].[Component].filter(#.Name == [Network]).relatedmembers([Component Instance])",
          "DefaultValueExpression": "",
          "WorksheetLevelFilter": false,
          "HideDummyMembers": false,
          "SortBy": "",
          "SortOrder": "",
          "IsNarrowYourSelection": false,
          "Position": -820
        },
        {
          "Id": "211b33d5-d91f-40ec-9668-20e0da2ae7b3",
          "AttributeName": "Version Name",
          "Dimension": "Version",
          "DimensionId": 3220533,
          "IsFilter": true,
          "Axis": "none",
          "IsDefault": true,
          "AllSelection": false,
          "SelectedMembers": [
            {
              "Name": "CurrentWorkingView"
            }
          ],
          "Name": "Version Name",
          "DimensionName": "Version",
          "OverrideFavSelection": false,
          "IsSingleSelect": true,
          "MemberFilterExpression": "",
          "DefaultValueExpression": "",
          "WorksheetLevelFilter": false,
          "HideDummyMembers": false,
          "SortBy": "",
          "SortOrder": "",
          "IsNarrowYourSelection": false,
          "Position": 630
        },
        {
          "Id": "54fe244c-7d48-5d86-dd28-2818e82ec21f",
          "AttributeName": "Component Instance",
          "Dimension": "o9PC Component",
          "EdgeDirection": null,
          "IsFilter": false,
          "Axis": "row",
          "IsDefault": true,
          "AllSelection": false,
          "SelectedMembers": [],
          "Name": "Component Instance",
          "DimensionName": "o9PC Component",
          "IsVisible": true,
          "IsAttributeRequired": false,
          "ShowSubtotal": false,
          "ShowMemberConditionalFormatting": false,
          "DisplayName": "",
          "ShortName": "",
          "SortBy": "",
          "JoinWithGraph": false,
          "JoinGraphName": null,
          "JoinWithNode": "FROM"
        },
        {
          "Id": "925bec73-a42d-10dc-c1e2-797f707116c9",
          "AttributeName": "Setting",
          "Dimension": "o9PC Setting",
          "EdgeDirection": null,
          "IsFilter": false,
          "Axis": "row",
          "IsDefault": true,
          "AllSelection": false,
          "SelectedMembers": [],
          "Name": "Setting",
          "DimensionName": "o9PC Setting",
          "IsVisible": true,
          "IsAttributeRequired": false,
          "ShowSubtotal": false,
          "ShowMemberConditionalFormatting": false,
          "DisplayName": "",
          "ShortName": "",
          "SortBy": "",
          "JoinWithGraph": false,
          "JoinGraphName": null,
          "JoinWithNode": "FROM",
          "MemberProperties": [
            {
              "Id": "a47476d0-8ccd-6e5f-25c8-41d96754b094",
              "Name": "Setting Description",
              "IsVisible": true,
              "ShowInLocalTimeZone": false,
              "AllowMultiFileUpload": false
            },
            {
              "Id": "f90ee951-3280-f65b-c7da-ec0ae39f13a7",
              "Name": "Setting Aggregation Method Description",
              "IsVisible": true,
              "ShowInLocalTimeZone": false,
              "AllowMultiFileUpload": false
            }
          ]
        },
        {
          "Id": "ba05b979-2798-4732-9a6d-3c93cd07f04a",
          "AttributeName": "Measure",
          "Dimension": "Measure",
          "IsFilter": false,
          "Axis": "column",
          "IsDefault": true,
          "AllSelection": false,
          "SelectedMembers": [],
          "Name": "Measure",
          "DimensionName": "Measure",
          "IsVisible": true,
          "IsAttributeRequired": false,
          "ShowSubtotal": false,
          "ShowMemberConditionalFormatting": false,
          "SortBy": "",
          "JoinWithGraph": false,
          "DisplayName": "",
          "ShortName": "",
          "UOMMember": ""
        }
      ],
      "PeggingAttributes": [],
      "FlowPlanAttributes": [],
      "Hierarchies": [],
      "NamedSets": [],
      "RegularMeasures": [
        {
          "Id": "f94ed84f-ad85-40eb-9bd1-8547f8a930b7",
          "Name": "PC Setting Value - UoM"
        },
        {
          "Id": "1dcbb20f-64be-f58b-f376-d20e98184c90",
          "Name": "PC Setting Value - Aggregation Method"
        }
      ],
      "TransientMeasures": [],
      "GraphRelations": [],
      "Folders": [],
      "AssociationMeasures": [
        {
          "MeasureFilterIBPLExpression": "",
          "MeasureFilterScope": "Post Filter"
        }
      ],
      "AssociationMeasureExpressions": [
        {
          "Expression": ""
        }
      ],
      "MeasureValueFilters": [],
      "DataProperties": {
        "IncludeInactiveMembers": false,
        "IncludeNulls": true,
        "NullsForFinerGrainSelect": false,
        "NullsForUnrelatedAttrSelect": false,
        "RequireEditValidation": false,
        "SubTotalsType": "NoSubtotals",
        "IncludeNullsForSeries": "",
        "AssociationMeasureExpression": ""
      },
      "FilterProperties": {
        "VersionDependentFilter": false,
        "ExcludeVersionInFavorite": false
      },
      "FilterGroups": [
        {
          "Id": "dc15ad8b-144a-42b5-be96-0fe8975444b8",
          "HierarchyId": "821e2d3d-b5b2-50dd-6804-09cddb52db3c",
          "HierarchyName": "Setting Hierarchy",
          "GroupName": "Setting Group",
          "DimensionId": 3220543,
          "DimensionName": "o9PC Setting",
          "IsHierGroup": false,
          "IsNamedSet": false,
          "Attributes": [
            {
              "Id": 7407036,
              "LevelName": "Setting Group",
              "LevelId": "0d155b22-124f-53c5-bcfe-738937b1f4fc",
              "AttributeId": 19272546,
              "AttributeName": "Setting Group",
              "LevelPosition": 1,
              "HierarchyId": 1725593,
              "AttributeGuid": "d7050ae3-0a47-c60a-ee4b-2ab6e7508349",
              "IsUIPrefAttr": false,
              "PresentationName": "Setting Group",
              "GivenName": "Setting Group",
              "TranslationName": "None"
            }
          ]
        },
        {
          "Id": "c0026f94-2d87-4b44-bf26-de72d37e7337",
          "HierarchyId": "03513fb2-4278-e2d5-b5d2-6dbf742079ad",
          "HierarchyName": "PC Component Hierarchy",
          "GroupName": "Component Instance",
          "DimensionId": 3220542,
          "DimensionName": "o9PC Component",
          "IsHierGroup": false,
          "IsNamedSet": false,
          "Attributes": [
            {
              "Id": 7407034,
              "LevelName": "Component Instance",
              "LevelId": "b032861a-ead8-8e4c-92b3-da328f4cb7fc",
              "AttributeId": 19272539,
              "AttributeName": "Component Instance",
              "LevelPosition": 1,
              "HierarchyId": 1725592,
              "AttributeGuid": "54fe244c-7d48-5d86-dd28-2818e82ec21f",
              "IsUIPrefAttr": false,
              "PresentationName": "Component Instance",
              "GivenName": "Component Instance",
              "TranslationName": "None"
            }
          ]
        },
        {
          "Id": "bb60812a-f8e4-4f01-8eeb-975e4fced9da",
          "HierarchyId": "",
          "HierarchyName": "",
          "GroupName": "Version Name",
          "DimensionId": 3220533,
          "DimensionName": "Version",
          "IsHierGroup": false,
          "IsNamedSet": false,
          "Attributes": [
            {
              "AttributeGuid": "211b33d5-d91f-40ec-9668-20e0da2ae7b3",
              "PresentationName": "Version Name",
              "GivenName": "Version Name",
              "AttributeName": "Version Name",
              "LevelPosition": 0,
              "IsKey": true
            }
          ],
          "AttrName": "Version Name"
        }
      ],
      "SortByMeasure": [
        {
          "Measure": null,
          "SortOrder": ""
        }
      ]
    }
  }
}