{
  "Name": "005TLBEquipmentParameters",
  "Description": "Edit Parameters",
  "ActionButtonId": "5241bcc4-fc30-6704-2f7b-ec3e19d263dd",
  "Tooltip": "Edit Parameters",
  "ActionButtonType": "Rule",
  "Alignment": "right",
  "IsPopOver": true,
  "IsGlobal": false,
  "ActionClickHandler": null,
  "Icon": null,
  "Image": null,
  "ConfigJson": {
    "DisplayName": "Edit Parameters",
    "icon": "edit",
    "Position": "0",
    "SubmitButton": {
      "Label": "Submit"
    },
    "ResetButton": {
      "Label": "Reset"
    },
    "CloseButton": {
      "Label": "Close",
      "ConfirmMessage": "Unsaved changes will be lost. Continue?"
    },
    "NotifyAll": false,
    "IBPLRules": [
      {
        "template": "scope:([Version].[Version Name]{{#filter Version}}*[Equipment].[Equipment ID]{{#filter EquipmentID}});\nMeasure.[TLB EquipmentID Length]={{EquipmentIDLength}};\nMeasure.[TLB EquipmentID Width]={{EquipmentIDWidth}};\nMeasure.[TLB EquipmentID Height]={{EquipmentIDHeight}};\nMeasure.[TLB EquipmentID Weight]={{EquipmentIDWeight}};\nMeasure.[TLB EquipmentID Volumetric Weight]={{EquipmentIDVolumetricWeight}};\nMeasure.[TLB EquipmentID Floor Area]={{EquipmentIDFloorArea}};\nend scope;"
      }
    ],
    "JavascriptRules": [],
    "FieldBindings": [
      {
        "fieldName": "EquipmentID",
        "title": "Equipment ID",
        "Description": "Equipment ID",
        "type": "picklistDropdown",
        "clearSearch": true,
        "source": "parentAttribute",
        "DimensionName": "Equipment",
        "key": {
          "LevelAttribute": {
            "Name": "Equipment ID",
            "Property": "DisplayName"
          }
        },
        "visible": true,
        "isEditable": true,
        "validation": {
          "maxLength": "0",
          "required": true
        }
      },
      {
        "fieldName": "Version",
        "title": "Version",
        "Description": "Version",
        "type": "dropdown",
        "clearSearch": true,
        "source": "filter",
        "DimensionName": "Version",
        "LevelAttributeName": "Version Name",
        "visible": true,
        "isEditable": true,
        "validation": {
          "maxLength": "0",
          "required": true
        }
      },
      {
        "fieldName": "EquipmentIDLength",
        "title": "EquipmentID Length",
        "Description": "EquipmentIDLength",
        "type": "number",
        "clearSearch": true,
        "source": "parentMeasure",
        "key": {
          "Measure": {
            "Name": "TLB EquipmentID Length"
          }
        },
        "visible": true,
        "isEditable": true,
        "validation": {
          "maxLength": "0",
          "required": false
        }
      },
      {
        "fieldName": "EquipmentIDWidth",
        "title": "EquipmentID Width",
        "Description": "EquipmentIDWidth",
        "type": "number",
        "clearSearch": true,
        "source": "parentMeasure",
        "key": {
          "Measure": {
            "Name": "TLB EquipmentID Width"
          }
        },
        "visible": true,
        "isEditable": true,
        "validation": {
          "maxLength": "0",
          "required": false
        }
      },
      {
        "fieldName": "EquipmentIDHeight",
        "title": "EquipmentID Height",
        "Description": "EquipmentIDHeight",
        "type": "number",
        "clearSearch": true,
        "source": "parentMeasure",
        "key": {
          "Measure": {
            "Name": "TLB EquipmentID Height"
          }
        },
        "visible": true,
        "isEditable": true,
        "validation": {
          "maxLength": "0",
          "required": false
        }
      },
      {
        "fieldName": "EquipmentIDWeight",
        "title": "EquipmentID Weight",
        "Description": "EquipmentIDWeight",
        "type": "number",
        "clearSearch": true,
        "source": "parentMeasure",
        "key": {
          "Measure": {
            "Name": "TLB EquipmentID Weight"
          }
        },
        "visible": true,
        "isEditable": true,
        "validation": {
          "maxLength": "0",
          "required": false
        }
      },
      {
        "fieldName": "EquipmentIDVolumetricWeight",
        "title": "EquipmentID Volumetric Weight",
        "Description": "EquipmentIDVolumetricWeight",
        "type": "number",
        "clearSearch": true,
        "source": "parentMeasure",
        "key": {
          "Measure": {
            "Name": "TLB EquipmentID Volumetric Weight"
          }
        },
        "visible": true,
        "isEditable": true,
        "validation": {
          "maxLength": "0",
          "required": false
        }
      },
      {
        "fieldName": "EquipmentIDFloorArea",
        "title": "EquipmentID Floor Area",
        "Description": "EquipmentID Floor Area",
        "type": "number",
        "clearSearch": true,
        "source": "parentMeasure",
        "key": {
          "Measure": {
            "Name": "TLB EquipmentID Floor Area"
          }
        },
        "visible": true,
        "isEditable": true,
        "validation": {
          "maxLength": "0",
          "required": false
        }
      }
    ],
    "Range": [],
    "DataSources": [],
    "AutoExecute": false,
    "isAsync": false,
    "hasMembersUpdates": false,
    "Compact": false,
    "TwoColumn": false,
    "IsGlobalForExcelAddIn": false,
    "enableTransaction": false,
    "ExcludeFromNavLink": false,
    "FilterFieldBindings": []
  },
  "Widget": null,
  "Roles": []
}