{
  "Name": "SupplyPlan046CommonAddInfiniteNode",
  "Description": null,
  "ActionButtonId": "5ad10537-9c8c-4839-aa2d-7efecd1c39f7",
  "Tooltip": "Add Infinite Material Node",
  "ActionButtonType": "Widget",
  "Alignment": "right",
  "IsPopOver": true,
  "IsGlobal": true,
  "ActionClickHandler": null,
  "Icon": null,
  "Image": null,
  "ConfigJson": {
    "DisplayName": "Add Infinite Material Node",
    "icon": "plus",
    "SubmitButton": {
      "Label": "Submit"
    },
    "ResetButton": {
      "Label": "Reset"
    },
    "CloseButton": {
      "Label": "Close",
      "ConfirmMessage": "Unsaved changes will be lost. Continue?"
    },
    "NotifyAll": false,
    "IBPLRules": [
      {
        "template": "cartesian scope:(&AllProducedItems{{#filter ProducedItem}} * &AllRoutings{{#filter RoutingID}} * &AllBOMs{{#filter BOMID}} * [Location].[Location]{{#filter Location}} * [Version].[Version Name]{{#filter Version}} * [Item].[Item].[Dummy]);\nMeasure.[Material Consumption Association]=1;end scope;\n\ncartesian scope:([Location].[Location]{{#filter Location}} * [Version].[Version Name]{{#filter Version}} * [Item].[Item].[Dummy]);\n Measure.[W Infinite Material Node]=1;\n Measure.[D Infinite Material Node]=1;\nend scope;\n\ncartesian Scope:( &AllBOMs{{#filter BOMID}} * [Location].[Location]{{#filter Location}} * [Version].[Version Name]{{#filter Version}} * [Item].[Item].[Dummy]); Measure.[o9 BOM Quantity Consumed Per]=1;end scope;\n"
      }
    ],
    "JavascriptRules": [],
    "FieldBindings": [
      {
        "fieldName": "Version",
        "title": "Version",
        "Description": "Version",
        "type": "picklistDropdown",
        "selectionType": "single",
        "clearSearch": true,
        "source": "filter",
        "DimensionName": "Version",
        "LevelAttributeName": "Version Name",
        "visible": true,
        "isEditable": true,
        "validation": {
          "maxLength": "0",
          "required": true
        }
      },
      {
        "fieldName": "BOMID",
        "title": "BOMID",
        "Description": "BOMID",
        "type": "picklistDropdown",
        "selectionType": "single",
        "clearSearch": true,
        "source": "parentAttribute",
        "DimensionName": "Activity1",
        "key": {
          "LevelAttribute": {
            "Name": "Activity1",
            "Property": "Name"
          }
        },
        "visible": true,
        "isEditable": true,
        "validation": {
          "maxLength": "0",
          "required": true
        }
      },
      {
        "fieldName": "RoutingID",
        "title": "RoutingID",
        "Description": "RoutingID",
        "type": "picklistDropdown",
        "selectionType": "single",
        "clearSearch": true,
        "source": "parentAttribute",
        "DimensionName": "Activity2",
        "key": {
          "LevelAttribute": {
            "Name": "Activity2",
            "Property": "Name"
          }
        },
        "visible": true,
        "isEditable": true,
        "validation": {
          "maxLength": "0",
          "required": true
        }
      },
      {
        "fieldName": "Location",
        "title": "Location",
        "Description": "Location",
        "type": "picklistDropdown",
        "selectionType": "single",
        "clearSearch": true,
        "source": "parentAttribute",
        "DimensionName": "Location",
        "key": {
          "LevelAttribute": {
            "Name": "Location",
            "Property": "Name"
          }
        },
        "visible": true,
        "isEditable": true,
        "validation": {
          "maxLength": "0",
          "required": true
        }
      },
      {
        "fieldName": "ProducedItem",
        "title": "ProducedItem",
        "Description": "ProducedItem",
        "type": "picklistDropdown",
        "selectionType": "single",
        "clearSearch": true,
        "source": "parentAttribute",
        "DimensionName": "Activity3",
        "key": {
          "LevelAttribute": {
            "Name": "Activity3",
            "Property": "Name"
          }
        },
        "visible": true,
        "isEditable": true,
        "validation": {
          "maxLength": "0",
          "required": true
        }
      }
    ],
    "DataSources": [],
    "AutoExecute": false,
    "isAsync": false,
    "hasMembersUpdates": false,
    "Compact": false,
    "TwoColumn": false,
    "IsGlobalForExcelAddIn": false,
    "ReturnFilterByUpdate": false,
    "FilterFieldBindings": []
  },
  "Widget": null
}