{
  "AttributeName": "Initiative Probability",
  "AttributeId": "3b62f427-2c11-cc37-7354-639effc8d319",
  "AttributeHierarchyEnabled": true,
  "IsKey": false,
  "Description": "Initiative Probability",
  "OrderBy": "Name",
  "KeyColumnName": "InitiativeProbabilityKey",
  "NameColumnName": "InitiativeProbabilityName",
  "KeyColumnDataType": "integer",
  "SeedTags": true,
  "KeyGenerationType": "Auto",
  "PickListName": null,
  "ConfigJson": {
    "ShowFilterAs": "TileView",
    "MemberDisplayNameEditable": true,
    "IsMultipleImage": false,
    "MemberDisplayColor": false
  },
  "FormatString": null,
  "Translation": null,
  "Aliases": [],
  "ApiName": null,
  "ApiDisabled": false,
  "FgColorFormula": "",
  "BgColorFormula": "",
  "IsReservedBySystem": false
}