{
  "AttributeName": "County",
  "AttributeId": "8bb12594-033d-4f3c-9259-317011be3a71",
  "AttributeHierarchyEnabled": true,
  "IsKey": false,
  "Description": "County",
  "OrderBy": "Name",
  "KeyColumnName": "CountyKey",
  "NameColumnName": "CountyName",
  "KeyColumnDataType": "integer",
  "SeedTags": true,
  "KeyGenerationType": "Auto",
  "PickListName": null,
  "ConfigJson": {
    "ShowFilterAs": "TileView",
    "MemberDisplayNameEditable": true,
    "IsMultipleImage": false
  },
  "FormatString": null,
  "Translation": null,
  "Aliases": [],
  "ApiName": null,
  "ApiDisabled": false
}