{
  "MeasureGroupName": "060 Scenario Management Age Threshold",
  "MeasureGroupId": "48b4e53f-447e-4165-85d4-2c85d7a7d885",
  "ParentMeasureGroupName": null,
  "HasShadow": false,
  "MeasureGroupDescription": "Scenario Age Threshold Measure at Version",
  "MeasureGroupType": "Regular",
  "FactTableName": "Fact060ScenarioManagementAgeThreshold",
  "SchemaMajorVersion": 0,
  "ConfigJson": {},
  "ApiName": null,
  "Repartition": false,
  "Unpartition": false,
  "ApiEnabled": false,
  "DimensionUsages": [
    {
      "DimensionName": "Version",
      "AttributeName": "Version Name",
      "SortOrder": 0,
      "DimensionType": "Regular"
    }
  ]
}