{
  "Name": "o9EKGTextQualifierInfo",
  "Description": null,
  "ActionButtonId": "3c1c9754-4f48-7de5-0dc1-7c903db73fa4",
  "Tooltip": "Edit File Options",
  "ActionButtonType": "Widget",
  "Alignment": "right",
  "IsPopOver": true,
  "IsGlobal": true,
  "ActionClickHandler": null,
  "Icon": null,
  "Image": null,
  "ConfigJson": {
    "icon": "pencil",
    "SubmitButton": {
      "Label": "Submit"
    },
    "ResetButton": {},
    "CloseButton": {
      "Label": "Close"
    },
    "NotifyRoles": true,
    "NotifyAll": false,
    "IBPLRules": [],
    "JavascriptRules": [
      {
        "modulename": "o9.ekgconfig.dict",
        "functionname": "dictionary"
      }
    ],
    "FieldBindings": [
      {
        "fieldName": "Info",
        "title": "Info",
        "type": "info",
        "clearSearch": true,
        "source": "literal",
        "defaultValue": "<p style=\"text-align:justify;\">File Options can be specified in EKG Configurator for each raw file separately by using the property-value pairs supported by spark SQL.&nbsp;</p> <p style=\"text-align:justify;\">&nbsp;</p> ",
        "visible": true,
        "isEditable": true,
        "validation": {
          "maxLength": "0",
          "required": true
        }
      },
      {
        "fieldName": "Table",
        "title": "Selected Table",
        "Description": "Selected Table",
        "type": "picklistTextOnly",
        "fieldGroup": "Table Info",
        "selectionType": "single",
        "clearSearch": true,
        "source": "parentAttribute",
        "DimensionName": "o9EKG Table",
        "key": {
          "LevelAttribute": {
            "Name": "Table Name",
            "Property": "Name"
          }
        },
        "visible": true,
        "isEditable": false,
        "validation": {
          "maxLength": "0",
          "required": true
        }
      },
      {
        "fieldName": "SelectedFile",
        "title": "Selected File",
        "type": "picklistTextOnly",
        "fieldGroup": "Table Info",
        "selectionType": "single",
        "clearSearch": true,
        "source": "parentAttribute",
        "DimensionName": "o9EKG Documents",
        "key": {
          "LevelAttribute": {
            "Name": "File Name",
            "Property": "Name"
          }
        },
        "visible": true,
        "isEditable": false,
        "validation": {
          "maxLength": "0",
          "required": true
        }
      },
      {
        "fieldName": "Escape",
        "title": "Escape Character",
        "type": "picklistDropdown",
        "selectionType": "single",
        "clearSearch": true,
        "select": "NONE",
        "source": "localPicklist",
        "values": [
          {
            "Key": "\"",
            "Name": "\""
          },
          {
            "Key": "'",
            "Name": "'"
          },
          {
            "Key": "\\",
            "Name": "\\"
          },
          {
            "Key": "/",
            "Name": "/"
          },
          {
            "Key": "~",
            "Name": "~"
          },
          {
            "Key": "|",
            "Name": "|"
          },
          {
            "Key": "^",
            "Name": "^"
          }
        ],
        "visible": true,
        "isEditable": true,
        "validation": {
          "maxLength": "0",
          "required": false
        }
      },
      {
        "fieldName": "Quote",
        "title": "Quote Character",
        "type": "picklistDropdown",
        "selectionType": "single",
        "clearSearch": true,
        "select": "NONE",
        "source": "localPicklist",
        "values": [
          {
            "Key": "\"",
            "Name": "\""
          },
          {
            "Key": "'",
            "Name": "'"
          },
          {
            "Key": "`",
            "Name": "`"
          }
        ],
        "visible": true,
        "isEditable": true,
        "validation": {
          "maxLength": "0",
          "required": false
        }
      },
      {
        "fieldName": "Encoding",
        "title": "Encoding",
        "type": "picklistDropdown",
        "selectionType": "single",
        "clearSearch": true,
        "select": "NONE",
        "source": "localPicklist",
        "values": [
          {
            "Key": "UTF-8",
            "Name": "UTF-8"
          },
          {
            "Key": "UTF-16",
            "Name": "UTF-16"
          },
          {
            "Key": "UTF-8 without BOM",
            "Name": "UTF-8 without BOM"
          },
          {
            "Key": "UTF-16LE",
            "Name": "UTF-16LE"
          },
          {
            "Key": "UTF-16BE",
            "Name": "UTF-16BE"
          },
          {
            "Key": "UTF-32",
            "Name": "UTF-32"
          },
          {
            "Key": "UTF-32LE",
            "Name": "UTF-32LE"
          },
          {
            "Key": "UTF-32BE",
            "Name": "UTF-32BE"
          },
          {
            "Key": "EUC-JP",
            "Name": "EUC-JP"
          },
          {
            "Key": "EUC-KR",
            "Name": "EUC-KR"
          },
          {
            "Key": "Big5",
            "Name": "Big5"
          },
          {
            "Key": "GB18030",
            "Name": "GB18030"
          },
          {
            "Key": "ISO-8859-1",
            "Name": "ISO-8859-1"
          },
          {
            "Key": "ISO-8859-2",
            "Name": "ISO-8859-2"
          },
          {
            "Key": "ISO-8859-3",
            "Name": "ISO-8859-3"
          },
          {
            "Key": "ISO-8859-4",
            "Name": "ISO-8859-4"
          },
          {
            "Key": "ISO-8859-5",
            "Name": "ISO-8859-5"
          },
          {
            "Key": "ISO-8859-6",
            "Name": "ISO-8859-6"
          },
          {
            "Key": "ISO-8859-7",
            "Name": "ISO-8859-7"
          },
          {
            "Key": "ISO-8859-8",
            "Name": "ISO-8859-8"
          },
          {
            "Key": "ISO-8859-9",
            "Name": "ISO-8859-9"
          },
          {
            "Key": "ISO-8859-13",
            "Name": "ISO-8859-13"
          },
          {
            "Key": "ISO-8859-15",
            "Name": "ISO-8859-15"
          },
          {
            "Key": "Windows-874",
            "Name": "Windows-874"
          },
          {
            "Key": "Windows-1250",
            "Name": "Windows-1250"
          },
          {
            "Key": "Windows-1251",
            "Name": "Windows-1251"
          },
          {
            "Key": "Windows-1252",
            "Name": "Windows-1252"
          },
          {
            "Key": "Windows-1255",
            "Name": "Windows-1255"
          },
          {
            "Key": "Windows-1256",
            "Name": "Windows-1256"
          },
          {
            "Key": "Windows-1257",
            "Name": "Windows-1257"
          },
          {
            "Key": "Windows-1258",
            "Name": "Windows-1258"
          }
        ],
        "visible": true,
        "isEditable": true,
        "validation": {
          "maxLength": "0",
          "required": false
        }
      },
      {
        "fieldName": "MultiLineJSON",
        "title": "MultiLineJSON",
        "type": "boolean",
        "selectionType": "single",
        "clearSearch": true,
        "select": "NONE",
        "source": "localPicklist",
        "values": [
          {
            "Key": "FALSE",
            "Name": "FALSE"
          },
          {
            "Key": "TRUE",
            "Name": "TRUE"
          }
        ],
        "visible": true,
        "isEditable": true,
        "validation": {
          "maxLength": "0",
          "required": false
        },
        "defaultValue": false
      },
      {
        "fieldName": "Project",
        "title": "Project",
        "Description": "Project",
        "type": "picklistDropdown",
        "selectionType": "single",
        "clearSearch": true,
        "source": "filter",
        "DimensionName": "o9EKG Customer",
        "LevelAttributeName": "Project Name",
        "visible": false,
        "isEditable": true,
        "validation": {
          "maxLength": "0",
          "required": false
        }
      }
    ],
    "Range": [],
    "DataSources": [],
    "AutoExecute": false,
    "isAsync": false,
    "hasMembersUpdates": false,
    "Compact": true,
    "TwoColumn": false,
    "IsGlobalForExcelAddIn": false,
    "ReturnFilterByUpdate": false,
    "ExcludeFromNavLink": false,
    "FilterFieldBindings": [],
    "enableTransaction": false
  },
  "Widget": null,
  "Roles": [
    "EKG_DataAdmin",
    "EKG_Intg_Arch"
  ]
}