{
  "MeasureGroupName": "014 Historical Data Class Country",
  "MeasureGroupId": "602de484-ddf2-8e2c-252c-aa65e659e26b",
  "ParentMeasureGroupName": null,
  "HasShadow": false,
  "MeasureGroupDescription": "014 Historical Data Class Country",
  "MeasureGroupType": "Regular",
  "FactTableName": "Fact014HistoricalDataClassCountry",
  "SchemaMajorVersion": 0,
  "ConfigJson": {},
  "ApiName": null,
  "Repartition": false,
  "Unpartition": false,
  "ApiEnabled": false,
  "DimensionUsages": [
    {
      "DimensionName": "Version",
      "AttributeName": "Version Name",
      "SortOrder": 0,
      "DimensionType": "Regular"
    },
    {
      "DimensionName": "Time",
      "AttributeName": "Week",
      "SortOrder": 0,
      "DimensionType": "Time"
    },
    {
      "DimensionName": "Item",
      "AttributeName": "L3",
      "SortOrder": 4,
      "DimensionType": "Regular"
    },
    {
      "DimensionName": "Location",
      "AttributeName": "Location Country",
      "SortOrder": 5,
      "DimensionType": "Regular"
    },
    {
      "DimensionName": "Selling Season",
      "AttributeName": "Selling Season",
      "SortOrder": 6,
      "DimensionType": "Regular"
    },
    {
      "DimensionName": "Sales Domain",
      "AttributeName": "Sales Planning Channel",
      "SortOrder": 7,
      "DimensionType": "Regular"
    }
  ]
}