{
  "DimensionId": "4247e6e3-96b7-4e01-a310-d450aea64bc8",
  "DimensionName": "Time Generation Parameters",
  "DimensionTableName": "DimTimeGenerationParameters",
  "DimensionType": "Regular",
  "DimensionKeyColumnName": "TimeGenerationParametersKey",
  "DimensionDescription": "Time Generation Parameters",
  "Modifiable": false,
  "LockFree": false,
  "IsReservedBySystem": false,
  "ConfigJson": {
    "Position": 850
  },
  "ApiName": null,
  "ApiEnabled": false,
  "Translation": null,
  "Aliases": []
}