{
  "MeasureName": "LC GMROI",
  "MeasureId": "ea9b5f89-1249-4c03-9f57-f145466b4929",
  "MeasureDescription": "Last Cycle GMROI",
  "DataType": "number",
  "MeasureType": "Regular",
  "AggregateFunction": "Computed",
  "FormatString": "(0,000.00a)",
  "MeasureColumnName": "LCGMROI",
  "MeasureFormula": "Safedivide(Measure.[LC Gross Margin Rtl],Measure.[LC Avg Stock Cst])",
  "IsEditable": false,
  "ApplyConversion": false,
  "ConversionFormula": "",
  "PickListName": null,
  "BgColorFormula": "",
  "FgColorFormula": "",
  "TrendFormula": "",
  "FormattingViewModel": "[]",
  "ParentMeasureName": null,
  "AssociationMeasure": false,
  "IsComputedByPlanningService": false,
  "ToolTip": "Last Cycle GMROI",
  "ConfigJson": {},
  "ApiName": null,
  "ApiDisabled": false,
  "IsReportingMeasure": true,
  "MeasureConditionalFormulaProperties": [],
  "PicklistSource": null
}