{
  "AttributeName": "Retail_SZP_SRC_SZSQ_NN",
  "AttributeId": "90449440-876e-2805-17e8-17d248b1c0c5",
  "AttributeHierarchyEnabled": true,
  "IsKey": false,
  "Description": "Size Ratio Cluster Sequence",
  "OrderBy": "Key",
  "KeyColumnName": "Retail_SZP_SRC_SZSQ_NNKey",
  "NameColumnName": "Retail_SZP_SRC_SZSQ_NNName",
  "KeyColumnDataType": "integer",
  "SeedTags": true,
  "KeyGenerationType": "Auto",
  "PickListName": null,
  "ConfigJson": {
    "ShowFilterAs": "TileView",
    "MemberDisplayNameEditable": true,
    "IsMultipleImage": false,
    "MemberDisplayColor": false
  },
  "FormatString": null,
  "Translation": null,
  "Aliases": [],
  "ApiName": null,
  "ApiDisabled": false,
  "ParentAttributeName": null,
  "NamedNodeUsages": [
    {
      "DimensionName": "Size",
      "AttributeName": "Size"
    },
    {
      "DimensionName": "Item",
      "AttributeName": "L3"
    },
    {
      "DimensionName": "Location",
      "AttributeName": "Location"
    },
    {
      "DimensionName": "Sales Domain",
      "AttributeName": "Sales Planning Channel"
    },
    {
      "DimensionName": "Size Range",
      "AttributeName": "Size Range"
    },
    {
      "DimensionName": "Product Attribute Group",
      "AttributeName": "Product Attribute Group"
    },
    {
      "DimensionName": "Sequence",
      "AttributeName": "Sequence"
    },
    {
      "DimensionName": "Cluster",
      "AttributeName": "Cluster"
    }
  ]
}