{
  "MeasureGroupName": "028 Sales and Buy Plan Approved",
  "MeasureGroupId": "5c11024e-2ce2-f3cc-ff05-f381df82bc54",
  "ParentMeasureGroupName": null,
  "HasShadow": false,
  "MeasureGroupDescription": "028 Sales and Buy Plan Approved",
  "MeasureGroupType": "Regular",
  "FactTableName": "Fact028SalesandBuyPlanApproved",
  "SchemaMajorVersion": 0,
  "ConfigJson": {},
  "ApiName": null,
  "Repartition": false,
  "Unpartition": false,
  "ApiEnabled": false,
  "DimensionUsages": [
    {
      "DimensionName": "Version",
      "AttributeName": "Version Name",
      "SortOrder": 0,
      "DimensionType": "Regular"
    },
    {
      "DimensionName": "NamedNode",
      "AttributeName": "Retail_AP_FD_Time_NN",
      "SortOrder": 1,
      "DimensionType": "NamedNode"
    },
    {
      "DimensionName": "NamedNode",
      "AttributeName": "Retail_AP_RP_Product_Cluster_NN",
      "SortOrder": 2,
      "DimensionType": "NamedNode"
    },
    {
      "DimensionName": "NamedNode",
      "AttributeName": "Retail_AP_FD_Common_NN",
      "SortOrder": 3,
      "DimensionType": "NamedNode"
    }
  ]
}