{
  "AttributeName": "Zip",
  "AttributeId": "2a7fbd52-dbb6-4672-b1ce-e06374e2d05e",
  "AttributeHierarchyEnabled": true,
  "IsKey": false,
  "Description": "Zip",
  "OrderBy": "Name",
  "KeyColumnName": "ZipKey",
  "NameColumnName": "ZipName",
  "KeyColumnDataType": "integer",
  "SeedTags": true,
  "KeyGenerationType": "Auto",
  "PickListName": null,
  "ConfigJson": {
    "ShowFilterAs": "TileView",
    "MemberDisplayNameEditable": true,
    "IsMultipleImage": false
  },
  "FormatString": null,
  "Translation": null,
  "Aliases": [],
  "ApiName": null,
  "ApiDisabled": false
}