{
  "AttributeName": "Pallet Width",
  "AttributeId": "13d0ccb3-9efa-8537-8cbd-d1326bdd8565",
  "AttributeHierarchyEnabled": false,
  "IsKey": false,
  "Description": "Width of the pallet in mm",
  "OrderBy": "Key",
  "KeyColumnName": "PalletWidthKey",
  "NameColumnName": null,
  "KeyColumnDataType": "number",
  "SeedTags": false,
  "KeyGenerationType": null,
  "PickListName": null,
  "ConfigJson": {
    "IsVisible": false
  },
  "FormatString": "#,##0; (#,##0)",
  "Translation": null,
  "Aliases": [],
  "ApiName": null,
  "ApiDisabled": false
}