{
  "Name": "SupplyPlan170BodLaneCreateNewRule",
  "Description": "Create New Rule for BODLane",
  "ActionButtonId": "971999cb-e3bc-d891-ec70-620fc07727bb",
  "Tooltip": "Create New Rule for BODLane",
  "ActionButtonType": "Rule",
  "Alignment": "right",
  "IsPopOver": true,
  "IsGlobal": false,
  "ActionClickHandler": null,
  "Icon": null,
  "Image": null,
  "ConfigJson": {
    "icon": "plus",
    "Position": "0",
    "SubmitButton": {
      "Label": "Submit"
    },
    "ResetButton": {
      "Label": "Reset"
    },
    "CloseButton": {
      "Label": "Close",
      "ConfirmMessage": "Unsaved changes will be lost. Continue?"
    },
    "NotifyRoles": true,
    "NotifyAll": false,
    "IBPLRules": [
      {
        "template": "Cartesian Scope: ([Version].[Version Name].filter(#.Name in {\"{{Version}}\"}) * [Data Object].[Data Object].[Item BODLane Association]*[DM Rule].[Rule].filter(#.Name in {\"{{o9BodLaneRuleFinal}}\"}));\nMeasure.[ABDM Item Lane Transmode Association]=\"1\";\nMeasure.[ABDM Item Lane Transmode Lead Time]={{LeadTime}};\nMeasure.[ABDM Item BODLane TransMode Lot Size Increment]={{LotSizeIncrement}};\nMeasure.[ABDM Item BODLane TransMode Soft Lot Size]={{SoftLotSize}};\nMeasure.[ABDM Item BODLane TransMode Min Lot Size]={{MinLotSize}};\nMeasure.[ABDM DIST Exclude For MP]={{DISTExcludeForMP}};\nMeasure.[ABDM DIST Exclude For OP]={{DISTExcludeForOP}};\nMeasure.[ABDM DIST Include For OP]= if({{DISTExcludeForOP}} == True) then False else True;\nMeasure.[ABDM DIST Include For MP]= if({{DISTExcludeForMP}} == True) then False else True;\nMeasure.[Rule Sequence]={{RuleSequence}};\nend scope;\n\n{{#if StartDate}}\nCartesian Scope: ([Version].[Version Name].filter(#.Name in {\"{{Version}}\"}) * [Data Object].[Data Object].[Item BODLane Association]*[DM Rule].[Rule].filter(#.Name in {\"{{o9BodLaneRuleFinal}}\"}));\nMeasure.[ABDM Item BODLane TransMode Start Date]=todatetime(\"{{StartDate}}\");\nend scope;\n{{/if}}\n\n{{#if EndDate}}\nCartesian Scope: ([Version].[Version Name].filter(#.Name in {\"{{Version}}\"}) * [Data Object].[Data Object].[Item BODLane Association]*[DM Rule].[Rule].filter(#.Name in {\"{{o9BodLaneRuleFinal}}\"}));\nMeasure.[ABDM Item BODLane TransMode End Date]=todatetime(\"{{EndDate}}\");\nend scope;\n{{/if}}\n\nCartesian Scope: ([Version].[Version Name].filter(#.Name in {\"{{Version}}\"}) * [Data Object].[Data Object].[Item BODLane Association]*[DM Rule].[Rule].filter(#.Name in {\"{{o9BodLaneRuleFinal}}\"}));\nMeasure.[ABDM TimeStamp]=todatetime(\"{{TimeStamp}}\");\nMeasure.[ABDM User]=(\"{{User}}\");\nMeasure.[Rule Comment]=(\"{{NewRuleDescription}}\");\nend scope;\n"
      },
      {
        "template": "Cartesian Scope: ([Version].[Version Name].filter(#.Name in {\"{{Version}}\"}) * [Data Object].[Data Object].[Item BODLane Association]*[DM Rule].[Rule].filter(#.Name in {\"{{o9BodLaneRuleFinal}}\"}) * [Activity1].[To Location]{{#filter Activity1BODLaneToLoc}});\nMeasure.[ABDM BODLane Destination Location Association] = 1;\nend Scope;\n\n\nCartesian Scope: ([Version].[Version Name].filter(#.Name in {\"{{Version}}\"}) * [Data Object].[Data Object].[Item BODLane Association]*[DM Rule].[Rule].filter(#.Name in {\"{{o9BodLaneRuleFinal}}\"})* [Item].[Item Type]{{#filter ItemType}});\nMeasure.[ABDM Item Type Association] = 1;\nend Scope;\n\nCartesian Scope: ([Version].[Version Name].filter(#.Name in {\"{{Version}}\"}) * [Data Object].[Data Object].[Item BODLane Association]*[DM Rule].[Rule].filter(#.Name in {\"{{o9BodLaneRuleFinal}}\"}) * [Item].[PackageType]{{#filter PackageType}});\nMeasure.[ABDM PackageType Association] = 1;\nend Scope;\n\n\nCartesian Scope: ([Version].[Version Name].filter(#.Name in {\"{{Version}}\"}) * [Data Object].[Data Object].[Item BODLane Association]*[DM Rule].[Rule].filter(#.Name in {\"{{o9BodLaneRuleFinal}}\"})* [Item].[Item Stage]{{#filter ItemStage}});\nMeasure.[ABDM BODLane ItemStage Association] = 1;\nend Scope;\n\n\n\nCartesian Scope: ([Version].[Version Name].filter(#.Name in {\"{{Version}}\"}) * [Data Object].[Data Object].[Item BODLane Association]*[DM Rule].[Rule].filter(#.Name in {\"{{o9BodLaneRuleFinal}}\"})* [Item].[ContainerType]{{#filter ContainerType}});\nMeasure.[ABDM ContainerType Association] = 1;\nend scope;\n\n\nCartesian Scope: ([Version].[Version Name].filter(#.Name in {\"{{Version}}\"}) * [Data Object].[Data Object].[Item BODLane Association]*[DM Rule].[Rule].filter(#.Name in {\"{{o9BodLaneRuleFinal}}\"})* [Item].[L1]{{#filter ItemL1}});\nMeasure.[ABDM BODLane Item L1 Association] = 1;\nend Scope;"
      },
      {
        "template": "exec plugin instance [SupplyPlan170BodLaneCountRule] for measures {[o9 BodLane Rule Final]} using scope ([Version].[Version Name].filter(#.Name in{\"{{Version}}\"})*[Data Object].[Data Object].filter(#.Name in {\"Item BODLane Association\"})) using arguments {(WriteOutputsConcurrently, False), (\"IncludeNullRows\", \"False\"), (MaxSliceTableCells, 8000000),(ExecutionMode,\"LightWeight\")};"
      }
    ],
    "JavascriptRules": [
      {
        "modulename": "o9.SupplyPlan170CreateRule.MultiItemAttributes",
        "functionname": "MultiItemAttributes"
      },
      {
        "modulename": "o9.SupplyPlan170CreateRule.MultiDestinations",
        "functionname": "MultiDestinations"
      }
    ],
    "FieldBindings": [
      {
        "fieldName": "Version",
        "title": "Version",
        "type": "picklistDropdown",
        "selectionType": "single",
        "clearSearch": true,
        "source": "filter",
        "DimensionName": "Version",
        "LevelAttributeName": "Version Name",
        "visible": true,
        "isEditable": true,
        "validation": {
          "maxLength": "0",
          "required": true
        }
      },
      {
        "fieldName": "DataObject",
        "title": "Data Object",
        "type": "picklistDropdown",
        "clearSearch": true,
        "source": "members",
        "DimensionName": "Data Object",
        "LevelAttributeName": "Data Object",
        "FilterExpression": "[Data Object].[Data Object].[Item BODLane Association]",
        "visible": false,
        "isEditable": false,
        "validation": {
          "maxLength": "0",
          "required": true
        }
      },
      {
        "fieldName": "o9BodLaneRuleFinal",
        "title": "o9 BodLane Rule Final",
        "type": "picklistTextOnly",
        "clearSearch": true,
        "source": "datasource",
        "key": "o9BodLaneRuleDS",
        "valueField": "Value",
        "textField": "Value",
        "visible": false,
        "isEditable": false,
        "cascadeFrom": "Version",
        "validation": {
          "maxLength": "0",
          "required": true
        },
        "selectionType": "single",
        "overrideFieldBindingType": false
      },
      {
        "fieldName": "ItemType",
        "title": "Item Type",
        "type": "picklistDropdown",
        "selectionType": "multiple",
        "clearSearch": true,
        "source": "members",
        "DimensionName": "Item",
        "LevelAttributeName": "Item Type",
        "visible": true,
        "isEditable": true,
        "validation": {
          "maxLength": "0",
          "required": true
        },
        "fieldGroup": "Item Attributes",
        "select": "NONE"
      },
      {
        "fieldName": "PackageType",
        "title": "Package Type",
        "type": "picklistDropdown",
        "fieldGroup": "Item Attributes",
        "selectionType": "multiple",
        "clearSearch": true,
        "source": "members",
        "DimensionName": "Item",
        "LevelAttributeName": "PackageType",
        "visible": true,
        "isEditable": true,
        "validation": {
          "maxLength": "0",
          "required": false
        },
        "select": "NONE"
      },
      {
        "fieldName": "ContainerType",
        "title": "Container Type",
        "type": "picklistDropdown",
        "fieldGroup": "Item Attributes",
        "selectionType": "multiple",
        "clearSearch": true,
        "source": "members",
        "DimensionName": "Item",
        "LevelAttributeName": "ContainerType",
        "visible": true,
        "isEditable": true,
        "validation": {
          "maxLength": "0",
          "required": false
        },
        "select": "NONE"
      },
      {
        "fieldName": "ItemStage",
        "title": "Item Stage",
        "type": "picklistDropdown",
        "fieldGroup": "Item Attributes",
        "selectionType": "multiple",
        "clearSearch": true,
        "source": "members",
        "DimensionName": "Item",
        "LevelAttributeName": "Item Stage",
        "visible": true,
        "isEditable": true,
        "validation": {
          "maxLength": "0",
          "required": false
        },
        "select": "NONE"
      },
      {
        "fieldName": "ItemL1",
        "title": "Item L1",
        "type": "picklistDropdown",
        "fieldGroup": "Item Attributes",
        "selectionType": "multiple",
        "clearSearch": true,
        "source": "members",
        "DimensionName": "Item",
        "LevelAttributeName": "L1",
        "visible": true,
        "isEditable": true,
        "validation": {
          "maxLength": "0",
          "required": false
        },
        "select": "NONE"
      },
      {
        "fieldName": "Activity2TransMode",
        "title": "TransMode",
        "type": "picklistDropdown",
        "fieldGroup": "Lane Setup",
        "selectionType": "single",
        "clearSearch": true,
        "source": "members",
        "DimensionName": "Activity2",
        "LevelAttributeName": "Activity2",
        "FilterExpression": "&AllTransmodes",
        "visible": true,
        "isEditable": true,
        "validation": {
          "maxLength": "0",
          "required": true
        },
        "select": "NONE"
      },
      {
        "fieldName": "Activity1BODLaneFromLoc",
        "title": "Source Location",
        "type": "picklistDropdown",
        "fieldGroup": "Lane Setup",
        "clearSearch": true,
        "source": "members",
        "DimensionName": "Location",
        "LevelAttributeName": "Location",
        "visible": true,
        "isEditable": true,
        "validation": {
          "maxLength": "0",
          "required": true
        },
        "selectionType": "single",
        "select": "NONE"
      },
      {
        "fieldName": "Activity1BODLaneToLoc",
        "title": "Destination Location",
        "Description": "Select Destination Location",
        "type": "picklistDropdown",
        "fieldGroup": "Lane Setup",
        "clearSearch": true,
        "source": "datasource",
        "key": "LocationDS",
        "valueField": "DisplayName",
        "textField": "DisplayName",
        "visible": true,
        "isEditable": true,
        "validation": {
          "maxLength": "0",
          "required": true
        },
        "cascadeFrom": "Activity1BODLaneFromLoc",
        "selectionType": "multiple",
        "select": "NONE",
        "overrideFieldBindingType": false
      },
      {
        "fieldName": "User",
        "title": "User",
        "type": "string",
        "clearSearch": true,
        "source": "datasource",
        "key": "DSUser",
        "valueField": "Name",
        "textField": "Name",
        "visible": false,
        "isEditable": true,
        "validation": {
          "maxLength": "0",
          "required": true
        },
        "overrideFieldBindingType": false
      },
      {
        "fieldName": "PrefixFB",
        "title": "Prefix",
        "type": "string",
        "fieldGroup": "Lane Setup",
        "clearSearch": true,
        "source": "literal",
        "visible": true,
        "isEditable": true,
        "validation": {
          "maxLength": "0",
          "required": false
        }
      },
      {
        "fieldName": "ItemLaneTransModeAssoc",
        "title": "Item Lane Transmode Association",
        "type": "number",
        "fieldGroup": "Lane Setup",
        "clearSearch": true,
        "source": "literal",
        "visible": false,
        "isEditable": true,
        "validation": {
          "maxLength": "0",
          "required": false
        }
      },
      {
        "fieldName": "LeadTime",
        "title": "Lead Time",
        "type": "number",
        "fieldGroup": "Lane Setup",
        "clearSearch": true,
        "source": "literal",
        "defaultValue": "null",
        "visible": true,
        "isEditable": true,
        "validation": {
          "maxLength": "0",
          "required": false
        }
      },
      {
        "fieldName": "LotSizeIncrement",
        "title": "Lot Size Increment",
        "type": "number",
        "fieldGroup": "Lane Setup",
        "clearSearch": true,
        "source": "literal",
        "defaultValue": "null",
        "visible": true,
        "isEditable": true,
        "validation": {
          "maxLength": "0",
          "required": false
        }
      },
      {
        "fieldName": "SoftLotSize",
        "title": "Soft Lot Size",
        "type": "number",
        "clearSearch": true,
        "source": "literal",
        "defaultValue": "null",
        "visible": true,
        "isEditable": true,
        "validation": {
          "maxLength": "0",
          "required": false
        },
        "fieldGroup": "Lane Setup"
      },
      {
        "fieldName": "MinLotSize",
        "title": "Min Lot Size",
        "type": "number",
        "fieldGroup": "Lane Setup",
        "clearSearch": true,
        "source": "literal",
        "defaultValue": "null",
        "visible": true,
        "isEditable": true,
        "validation": {
          "maxLength": "0",
          "required": false
        }
      },
      {
        "fieldName": "StartDate",
        "title": "Start Date",
        "type": "datetime",
        "fieldGroup": "Lane Setup",
        "clearSearch": true,
        "source": "literal",
        "visible": true,
        "isEditable": true,
        "validation": {
          "maxLength": "0",
          "required": false
        }
      },
      {
        "fieldName": "EndDate",
        "title": "End Date",
        "type": "datetime",
        "fieldGroup": "Lane Setup",
        "clearSearch": true,
        "source": "literal",
        "visible": true,
        "isEditable": true,
        "validation": {
          "maxLength": "0",
          "required": false
        }
      },
      {
        "fieldName": "DISTExcludeForOP",
        "title": "Exclude For OP",
        "type": "boolean",
        "fieldGroup": "Lane Setup",
        "clearSearch": true,
        "source": "literal",
        "defaultValue": false,
        "visible": true,
        "isEditable": true,
        "validation": {
          "maxLength": "0",
          "required": true
        }
      },
      {
        "fieldName": "DISTExcludeForMP",
        "title": "Exclude For MP",
        "type": "boolean",
        "fieldGroup": "Lane Setup",
        "clearSearch": true,
        "source": "literal",
        "defaultValue": false,
        "visible": true,
        "isEditable": true,
        "validation": {
          "maxLength": "0",
          "required": true
        }
      },
      {
        "fieldName": "RuleSequence",
        "title": "Rule Sequence",
        "type": "number",
        "fieldGroup": "Lane Setup",
        "clearSearch": true,
        "source": "literal",
        "defaultValue": "1",
        "visible": true,
        "isEditable": true,
        "validation": {
          "maxLength": "0",
          "required": false
        }
      },
      {
        "fieldName": "TimeStamp",
        "title": "Time Stamp",
        "type": "datetime",
        "fieldGroup": "Lane Setup",
        "clearSearch": true,
        "source": "datasource",
        "key": "DSTimeStamp",
        "valueField": "result",
        "textField": "result",
        "visible": false,
        "isEditable": true,
        "validation": {
          "maxLength": "0",
          "required": true
        },
        "overrideFieldBindingType": false
      },
      {
        "fieldName": "NewRuleDescription",
        "title": "New Rule Comment",
        "type": "string",
        "clearSearch": true,
        "source": "literal",
        "visible": true,
        "isEditable": true,
        "validation": {
          "maxLength": "0",
          "required": false
        }
      }
    ],
    "Range": [],
    "DataSources": [
      {
        "Name": "o9BodLaneRuleDS",
        "IBPLRules": [
          {
            "template": "Select({Measure.[o9 BodLane Rule Final]}) where{[Version].[Version Name].filter(#.Name in {\"{{Version}}\"}),[Data Object].[Data Object].filter(#.Name in {[Item BODLane Association]})};\n"
          }
        ],
        "JavascriptRules": [],
        "IncludeDSFieldsOnly": false,
        "FieldBindings": []
      },
      {
        "Name": "DSUser",
        "IBPLRules": [
          {
            "template": "select CurrentUser();"
          }
        ],
        "JavascriptRules": [],
        "IncludeDSFieldsOnly": false,
        "FieldBindings": []
      },
      {
        "Name": "DSTimeStamp",
        "IBPLRules": [
          {
            "template": "select now();\n"
          }
        ],
        "JavascriptRules": [],
        "IncludeDSFieldsOnly": false,
        "FieldBindings": []
      },
      {
        "Name": "LocationDS",
        "IBPLRules": [
          {
            "template": "select(Location.[Location].filter(~(#.Name in {\"{{Activity1BODLaneFromLoc}}\"})));"
          }
        ],
        "JavascriptRules": [],
        "IncludeDSFieldsOnly": false,
        "FieldBindings": []
      }
    ],
    "AutoExecute": false,
    "isAsync": true,
    "hasMembersUpdates": false,
    "Compact": false,
    "TwoColumn": true,
    "IsGlobalForExcelAddIn": false,
    "ExcludeFromNavLink": false,
    "FilterFieldBindings": [],
    "enableTransaction": false
  },
  "Widget": null,
  "Roles": []
}