{
  "MeasureName": "Stat Model Parameter Association",
  "MeasureId": "01e1f1bc-2af5-468c-9608-a0b83536d1e4",
  "MeasureDescription": "Association of a Model to an Algorithm and it's Parameters (say Model1 uses SES and has Alpha Lower and Alpha Upper as associated parameters etc)",
  "DataType": "number",
  "MeasureType": "Regular",
  "AggregateFunction": "Null",
  "FormatString": "#,##0;(#,##0)",
  "MeasureColumnName": "StatModelParameterAssociation",
  "MeasureFormula": "",
  "IsEditable": false,
  "ApplyConversion": false,
  "ConversionFormula": "",
  "PickListName": null,
  "BgColorFormula": "",
  "FgColorFormula": "",
  "TrendFormula": "",
  "FormattingViewModel": null,
  "ParentMeasureName": null,
  "AssociationMeasure": false,
  "IsComputedByPlanningService": false,
  "ToolTip": "Association of a Model to an Algorithm and it's Parameters (say Model1 uses SES and has Alpha Lower and Alpha Upper as associated parameters etc)",
  "ConfigJson": {},
  "ApiName": null,
  "ApiDisabled": false,
  "IsReportingMeasure": false,
  "MeasureConditionalFormulaProperties": [],
  "PicklistSource": null
}