{
  "AttributeName": "Retail_MFP_AOP_Product_Location_NN",
  "AttributeId": "545aa865-4f71-976f-70d7-c9dade5aa8ab",
  "AttributeHierarchyEnabled": true,
  "IsKey": false,
  "Description": "Retail_MFP_AOP_Product_Location_NN",
  "OrderBy": "Key",
  "KeyColumnName": "Retail_MFP_AOP_Product_Location_NNKey",
  "NameColumnName": "Retail_MFP_AOP_Product_Location_NNName",
  "KeyColumnDataType": "integer",
  "SeedTags": true,
  "KeyGenerationType": "Auto",
  "PickListName": null,
  "ConfigJson": {
    "ShowFilterAs": "TileView",
    "MemberDisplayNameEditable": true,
    "IsMultipleImage": false,
    "MemberDisplayColor": false
  },
  "FormatString": null,
  "Translation": null,
  "Aliases": [],
  "ApiName": null,
  "ApiDisabled": false,
  "ParentAttributeName": null,
  "NamedNodeUsages": [
    {
      "DimensionName": "Item",
      "AttributeName": "L6",
      "Sequence": 0
    },
    {
      "DimensionName": "Location",
      "AttributeName": "Location Country",
      "Sequence": 1
    }
  ]
}