{
  "Name": "132SetInactiveAssortment",
  "Description": null,
  "ActionButtonId": "143dee27-434c-9092-dfe1-12ea94ff8df0",
  "Tooltip": "Set inactive assortment",
  "ActionButtonType": "Widget",
  "Alignment": "right",
  "IsPopOver": true,
  "IsGlobal": true,
  "ActionClickHandler": null,
  "Icon": null,
  "Image": null,
  "ConfigJson": {
    "DisplayName": "Set Inactive",
    "icon": "ban",
    "SubmitButton": {
      "Label": "Submit",
      "ProgressMessage": "Executing...",
      "SuccessMessage": "Successfully Executed.",
      "ErrorMessage": "Error in Execution.",
      "ConfirmMessage": "Are you sure you want to go ahead with the changes?"
    },
    "ResetButton": {
      "Label": "Reset"
    },
    "CloseButton": {
      "Label": "Close",
      "ConfirmMessage": "Unsaved changes will be lost. Continue?"
    },
    "NotifyAll": false,
    "IBPLRules": [
      {
        "template": "Scope:(Version.[Version Name]{{#filter Version}} * &AllItem{{#filter Item}} * &AllPlanningAccount{{#filter PlanningAccount}} * &AllPlanningChannel{{#filter PlanningChannel}} * &AllPlanningRegion{{#filter PlanningRegion}} * &AllPlanningPnL{{#filter PlanningPnL}} * &AllPlanningDemandDomain{{#filter PlanningDemandDomain}} * &AllLocation{{#filter Location}});\nMeasure.[Assortment Inactive] = 1;\nEnd scope;\n\n\nscope: (&AllItem{{#filter Item}} * &AllPlanningAccount{{#filter PlanningAccount}} * &AllPlanningChannel{{#filter PlanningChannel}} * &AllPlanningRegion{{#filter PlanningRegion}} * &AllPlanningPnL{{#filter PlanningPnL}} * &AllPlanningDemandDomain{{#filter PlanningDemandDomain}} * &AllLocation{{#filter Location}} * Version.[Version Name]{{#filter Version}});\nMeasure.[Assortment Final] = if(sum(Measure.[Assortment System], Measure.[Assortment New]) >=1 && coalesce(Measure.[Assortment Inactive],0)>=1) then 0 else 1;\nEnd scope;\n\nScope:(Version.[Version Name]{{#filter Version}} * &AllItem{{#filter Item}}.Filter(#.[Is New Item] == TRUE).relatedmembers([Planning Item]) * &AllPlanningAccount{{#filter PlanningAccount}} * &AllPlanningChannel{{#filter PlanningChannel}} * &AllPlanningRegion{{#filter PlanningRegion}} * &AllPlanningPnL{{#filter PlanningPnL}} * &AllPlanningDemandDomain{{#filter PlanningDemandDomain}} * &AllLocation{{#filter Location}}.relatedmembers([Planning Location]));\nMeasure.[Is Assorted] = if(Measure.[Assortment Final] == 1) then 1 else null;\nEnd scope;\n\nScope:(Version.[Version Name]{{#filter Version}} * &AllItem{{#filter Item}}.Filter(#.[Is New Item] == TRUE).relatedmembers([Planning Item]) * &AllPlanningAccount{{#filter PlanningAccount}} * &AllPlanningChannel{{#filter PlanningChannel}} * &AllPlanningRegion{{#filter PlanningRegion}} * &AllPlanningPnL{{#filter PlanningPnL}} * &AllPlanningDemandDomain{{#filter PlanningDemandDomain}} * &AllLocation{{#filter Location}}.relatedmembers([Planning Location]));\nMeasure.[Intro Date] = if(Measure.[Assortment Final] == 1) then Measure.[Intro Date] else null; \nMeasure.[Disco Date] = if(Measure.[Assortment Final] == 1) then Measure.[Disco Date] else null;\nEnd scope;"
      }
    ],
    "JavascriptRules": [],
    "FieldBindings": [
      {
        "fieldName": "Item",
        "title": "Item",
        "Description": "Item for New Assortment Creation",
        "type": "picklistDropdown",
        "selectionType": "single",
        "clearSearch": true,
        "source": "parentAttributeWithMember",
        "DimensionName": "Item",
        "key": {
          "LevelAttribute": {
            "Name": "Item",
            "Property": "Name"
          }
        },
        "visible": true,
        "isEditable": false,
        "validation": {
          "required": true
        },
        "fieldGroup": "Item"
      },
      {
        "fieldName": "PlanningAccount",
        "title": "Planning Account",
        "Description": "Planning Account for New Assortment Creation",
        "type": "picklistDropdown",
        "selectionType": "single",
        "clearSearch": true,
        "source": "parentAttributeWithMember",
        "DimensionName": "Account",
        "key": {
          "LevelAttribute": {
            "Name": "Planning Account",
            "Property": "Name"
          }
        },
        "visible": true,
        "isEditable": false,
        "validation": {
          "required": true
        },
        "fieldGroup": "Customer"
      },
      {
        "fieldName": "PlanningChannel",
        "title": "Planning Channel",
        "Description": "Planning Channel for New Assortment Creation",
        "type": "picklistDropdown",
        "selectionType": "single",
        "clearSearch": true,
        "source": "parentAttributeWithMember",
        "DimensionName": "Channel",
        "key": {
          "LevelAttribute": {
            "Name": "Planning Channel",
            "Property": "Name"
          }
        },
        "visible": true,
        "isEditable": false,
        "validation": {
          "required": true
        },
        "fieldGroup": "Customer"
      },
      {
        "fieldName": "PlanningRegion",
        "title": "Planning Region",
        "Description": "Planning Region for New Assortment Creation",
        "type": "picklistDropdown",
        "selectionType": "single",
        "clearSearch": true,
        "source": "parentAttributeWithMember",
        "DimensionName": "Region",
        "key": {
          "LevelAttribute": {
            "Name": "Planning Region",
            "Property": "Name"
          }
        },
        "visible": true,
        "isEditable": false,
        "validation": {
          "required": true
        },
        "fieldGroup": "Customer"
      },
      {
        "fieldName": "Location",
        "title": "Location",
        "Description": "Location for New Assortment Creation",
        "type": "picklistDropdown",
        "selectionType": "single",
        "clearSearch": true,
        "source": "parentAttributeWithMember",
        "DimensionName": "Location",
        "key": {
          "LevelAttribute": {
            "Name": "Location",
            "Property": "Name"
          }
        },
        "visible": true,
        "isEditable": false,
        "validation": {
          "required": true
        },
        "fieldGroup": "Location"
      },
      {
        "fieldName": "PlanningPnL",
        "title": "Planning PnL",
        "Description": "Planning PnL for New Assortment Creation",
        "type": "picklistDropdown",
        "selectionType": "single",
        "clearSearch": true,
        "source": "parentAttributeWithMember",
        "DimensionName": "PnL",
        "key": {
          "LevelAttribute": {
            "Name": "Planning PnL",
            "Property": "Name"
          }
        },
        "visible": true,
        "isEditable": false,
        "validation": {
          "required": true
        },
        "fieldGroup": "Others"
      },
      {
        "fieldName": "PlanningDemandDomain",
        "title": "Planning Demand Domain",
        "Description": "Planning Demand Domain for New Assortment Creation",
        "type": "picklistDropdown",
        "selectionType": "single",
        "clearSearch": true,
        "source": "parentAttributeWithMember",
        "DimensionName": "Demand Domain",
        "key": {
          "LevelAttribute": {
            "Name": "Planning Demand Domain",
            "Property": "Name"
          }
        },
        "visible": true,
        "isEditable": false,
        "validation": {
          "required": true
        },
        "fieldGroup": "Others"
      },
      {
        "fieldName": "Version",
        "title": "Version",
        "Description": "Version",
        "type": "picklist",
        "selectionType": "single",
        "clearSearch": true,
        "source": "filter",
        "DimensionName": "Version",
        "LevelAttributeName": "Version Name",
        "visible": false,
        "isEditable": false,
        "validation": {
          "maxLength": "0",
          "required": true
        }
      }
    ],
    "Range": [],
    "DataSources": [],
    "AutoExecute": false,
    "isAsync": false,
    "hasMembersUpdates": false,
    "Compact": true,
    "TwoColumn": true,
    "IsGlobalForExcelAddIn": false,
    "enableTransaction": false,
    "ReturnFilterByUpdate": false,
    "ExcludeFromNavLink": false,
    "FilterFieldBindings": []
  },
  "Widget": null,
  "Roles": []
}