{
  "MeasureName": "Order Commit Delivery Date",
  "MeasureId": "516975b7-d316-a654-6b09-1df7d9e46480",
  "MeasureDescription": "Order Commit Delivery Date",
  "DataType": "datetime",
  "MeasureType": "Regular",
  "AggregateFunction": "Sum",
  "FormatString": "yyyy-MM-dd",
  "MeasureColumnName": "OrderCommitDeliveryDate",
  "MeasureFormula": "",
  "IsEditable": false,
  "ApplyConversion": false,
  "ConversionFormula": "",
  "PickListName": null,
  "BgColorFormula": "",
  "FgColorFormula": "",
  "TrendFormula": "",
  "FormattingViewModel": "[]",
  "ParentMeasureName": null,
  "AssociationMeasure": false,
  "IsComputedByPlanningService": false,
  "ToolTip": "Order Commit Delivery Date",
  "ConfigJson": {},
  "ApiName": null,
  "ApiDisabled": false,
  "IsReportingMeasure": false,
  "MeasureConditionalFormulaProperties": [],
  "PicklistSource": null
}