{
  "Name": "Non Auto Rollup Profiles",
  "ViewId": "eb619975-09cb-b59d-a6fc-280279b592b6",
  "ContentType": "Regular",
  "Title": "Basic Profiles",
  "Position": 0,
  "IsDefault": true,
  "Resource": null,
  "RazorViewTemplate": "_containers",
  "ConfigJson": {
    "WidgetContainers": {
      "Containers": [
        1
      ],
      "Key": 0,
      "IsModified": false,
      "ViewSpread": {
        "RowLevel": 60,
        "ColLevel": 12
      },
      "Data": [
        {
          "Id": "fa4f8798-b559-496a-86c6-d1495da4cdc4",
          "Col": 0,
          "Row": 0,
          "SizeX": 12,
          "SizeY": 60
        }
      ]
    },
    "CompactMode": false,
    "IsHidden": false
  },
  "Roles": [
    "public"
  ]
}