{
  "MeasureGroupName": "001.005 Allocation Demand Strategy",
  "MeasureGroupId": "a1109d9f-0218-6bf5-dc8c-6b288860bb50",
  "ParentMeasureGroupName": null,
  "HasShadow": false,
  "MeasureGroupDescription": "001.005 Allocation Demand Strategy",
  "MeasureGroupType": "Regular",
  "FactTableName": "001.005AllocationDemandStrategy",
  "SchemaMajorVersion": 0,
  "ConfigJson": null,
  "ApiName": null,
  "Repartition": false,
  "Unpartition": false,
  "ApiEnabled": false,
  "DimensionUsages": [
    {
      "DimensionName": "Version",
      "AttributeName": "Version Name",
      "SortOrder": 0,
      "DimensionType": "Regular"
    },
    {
      "DimensionName": "Item",
      "AttributeName": "Planning Item",
      "SortOrder": 1,
      "DimensionType": null
    },
    {
      "DimensionName": "Cluster",
      "AttributeName": "Cluster",
      "SortOrder": 2,
      "DimensionType": null
    },
    {
      "DimensionName": "Location",
      "AttributeName": "Location",
      "SortOrder": 3,
      "DimensionType": null
    }
  ]
}