{
  "Name": "Merge Plan",
  "WidgetDefinitionName": "Merge Plan",
  "IsPrimary": false,
  "ConfigJson": {
    "ContainerId": "eb1be414-286a-4988-ad6e-dd562dbc0e56",
    "CompositeContainerId": null,
    "Position": 1,
    "ShowInfoContext": {
      "ActionColumn": true,
      "RowInfo": true,
      "MemberInfo": true
    },
    "ShowHeader": {},
    "ActionButtonBindings": [
      {
        "ActionButtonName": "MFPInfoLPMerge",
        "HotKey": "",
        "ExcludeHiddenAttributes": false,
        "ModuleId": "872cd171-8caa-4e3a-bd94-265838c2d91a"
      },
      {
        "ActionButtonName": "MergePlan",
        "HotKey": "",
        "ExcludeHiddenAttributes": false,
        "ModuleId": "872cd171-8caa-4e3a-bd94-265838c2d91a"
      }
    ]
  },
  "ViewWidgetDefinitionId": "d342cefa-e2bc-6bcb-0c37-dc6251270706",
  "Title": null
}