{
  "Name": "MFPInfoBUException",
  "Description": "Information",
  "ActionButtonId": "be75b853-9498-de71-7a3f-32f12b6f1657",
  "Tooltip": "Report Information",
  "ActionButtonType": "Widget",
  "Alignment": "right",
  "IsPopOver": true,
  "IsGlobal": true,
  "ActionClickHandler": null,
  "Icon": null,
  "Image": null,
  "ConfigJson": {
    "icon": "info-circle",
    "SubmitButton": {
      "Label": " "
    },
    "ResetButton": {},
    "CloseButton": {
      "Label": " "
    },
    "NotifyRoles": false,
    "NotifyAll": false,
    "IBPLRules": [],
    "JavascriptRules": [],
    "FieldBindings": [
      {
        "fieldName": "Information",
        "title": "Information",
        "type": "info",
        "clearSearch": true,
        "source": "literal",
        "defaultValue": "<!DOCTYPE html> <html lang=\"en\"> <head>     <meta charset=\"UTF-8\">     <meta name=\"viewport\" content=\"width=device-width, initial-scale=1.0\">     <title>Exception Threshold Setup</title> </head> <body style=\"text-align: left;\">     <p style=\"text-align: left;\"><strong>Overview</strong></p>     <p style=\"text-align: left;\">         Allows the merchandise planner to set up the threshold to track exception counts by Class and KPI to quickly identify over- and under-performing areas.          This helps focus attention on classes that need action and supports better-informed planning decisions.     </p>      <p style=\"text-align: left;\"><strong>How to Use</strong></p>     <p style=\"text-align: left;\">         1. Planners define thresholds for up to five KPIs (e.g., Sales, Gross Margin %, Receipts, EOP, Sell Through) and select a Plan Type (AP, OP, WP).<br><br>         2. Planner has the flexibility to choose the Var % or Number as Threshold policy.<br><br>         3. After setting Over and Under values, click the <strong>Submit Threshold</strong> action button to apply.     </p>      <p style=\"text-align: left;\"><strong>Output</strong></p>     <p style=\"text-align: left;\">         1. Planner arrives at Exception Counts of Over- and Under-performing classes by KPIs such as Sales, Gross Margin %, Receipts Rtl, Sell Through, and EOP Rtl based on the threshold setup in the Exception Setup report.<br><br>         2. Planner can see the highlighted classes in the Detailed Exception report where exceptions are present. It helps the planner to identify the classes that need attention.          Planner can also see the exception weeks flag on top KPIs for Sales, Margin, Receipts, and Inventory.     </p> </body> </html>",
        "visible": true,
        "isEditable": true,
        "validation": {
          "maxLength": "0",
          "required": true
        }
      }
    ],
    "Range": [],
    "DataSources": [],
    "AutoExecute": false,
    "isAsync": false,
    "hasMembersUpdates": false,
    "Compact": false,
    "TwoColumn": false,
    "IsGlobalForExcelAddIn": false,
    "ReturnFilterByUpdate": false,
    "ExcludeFromNavLink": false,
    "FilterFieldBindings": []
  },
  "Widget": null,
  "Roles": []
}