{
  "Name": "DP006ResetStatParent",
  "Description": "Reset stat parent",
  "ActionButtonId": "93459239-600f-1bb4-e0aa-f37a4a8e55d6",
  "Tooltip": "Reset stat parent",
  "ActionButtonType": "Widget",
  "Alignment": "right",
  "IsPopOver": true,
  "IsGlobal": true,
  "ActionClickHandler": null,
  "Icon": null,
  "Image": null,
  "ConfigJson": {
    "DisplayName": "Stat Parent",
    "icon": "rotate-left",
    "Validate": {
      "DataSource": {
        "IBPLRules": [],
        "JavascriptRules": [
          {
            "modulename": "o9.DemandPlanning.ExistingMasterIterationValidation",
            "functionname": "validation"
          }
        ],
        "FieldBindings": []
      }
    },
    "SubmitButton": {
      "Label": "Submit",
      "ProgressMessage": "Executing...",
      "SuccessMessage": "Successfully Executed.",
      "ErrorMessage": "Error in Execution.",
      "ConfirmMessage": "Are you sure you want to go ahead with the changes?"
    },
    "ResetButton": {
      "Label": "Reset"
    },
    "CloseButton": {
      "Label": "Close",
      "ConfirmMessage": "Unsaved changes will be lost. Continue?"
    },
    "NotifyAll": false,
    "IBPLRules": [
      {
        "template": "\nScope: ([Version].[Version Name]{{#filter VersionName}});\nMeasure.[Stat Item Group Filter]=null;\nMeasure.[Stat Channel Group Filter]=null;\nMeasure.[Stat Account Group Filter]=null;\nMeasure.[Stat Region Group Filter]=null;\nMeasure.[Stat Location Group Filter]=null;\nMeasure.[Stat PnL Group Filter]=null;\nMeasure.[Stat Demand Domain Group Filter]=null;\nMeasure.[Segmentation LOB Group Filter]=null;\nMeasure.[Is Filter Attribute Set]=null;\nend scope;"
      }
    ],
    "JavascriptRules": [],
    "FieldBindings": [
      {
        "fieldName": "VersionName",
        "title": "Version ",
        "Description": "Version",
        "type": "picklist",
        "selectionType": "multiple",
        "clearSearch": true,
        "source": "filter",
        "DimensionName": "Version",
        "LevelAttributeName": "Version Name",
        "visible": true,
        "isEditable": true,
        "validation": {
          "maxLength": "0",
          "required": true
        }
      },
      {
        "fieldName": "ForecastIterationType",
        "title": "Forecast Iteration Type",
        "Description": "Forecast Iteration Type",
        "type": "picklist",
        "selectionType": "multiple",
        "clearSearch": true,
        "source": "parentAttribute",
        "DimensionName": "Forecast Iteration",
        "key": {
          "LevelAttribute": {
            "Name": "Forecast Iteration Type",
            "Property": "Name"
          }
        },
        "visible": true,
        "isEditable": true,
        "validation": {
          "maxLength": "0",
          "required": true
        }
      }
    ],
    "Range": [],
    "DataSources": [],
    "AutoExecute": false,
    "isAsync": true,
    "hasMembersUpdates": true,
    "Compact": false,
    "TwoColumn": false,
    "IsGlobalForExcelAddIn": false,
    "enableTransaction": false,
    "ReturnFilterByUpdate": false,
    "ExcludeFromNavLink": false,
    "FilterFieldBindings": []
  },
  "Widget": null,
  "Roles": []
}