{
  "Name": "Inputs",
  "ViewId": "f55092e1-2e4b-f076-5881-bdd404b2164b",
  "ContentType": "Regular",
  "Title": "Inputs",
  "Position": 4,
  "IsDefault": false,
  "Resource": null,
  "RazorViewTemplate": "_containers",
  "ConfigJson": {
    "WidgetContainers": {
      "Containers": [
        1
      ],
      "Key": 0,
      "IsModified": false,
      "ViewSpread": {
        "RowLevel": 60,
        "ColLevel": 12
      },
      "Data": [
        {
          "Id": "ff6aeb55-fb92-4ea2-8bfd-2a534dcfd0e9",
          "Col": 0,
          "Row": 0,
          "SizeX": 12,
          "SizeY": 60
        }
      ]
    }
  },
  "Roles": [
    "public"
  ]
}