{
  "MeasureGroupName": "001.005 Batch Performance History",
  "MeasureGroupId": "6228bca7-f438-45d3-a32b-dfc61d71dd41",
  "ParentMeasureGroupName": null,
  "HasShadow": false,
  "MeasureGroupDescription": "001.005 Batch Performance History",
  "MeasureGroupType": "Regular",
  "FactTableName": "Fact001.005BatchPerformanceHistory",
  "SchemaMajorVersion": 0,
  "ConfigJson": {},
  "ApiName": null,
  "Repartition": false,
  "Unpartition": false,
  "ApiEnabled": false,
  "DimensionUsages": [
    {
      "DimensionName": "Version",
      "AttributeName": "Version Name",
      "SortOrder": 0,
      "DimensionType": "Regular"
    },
    {
      "DimensionName": "Time",
      "AttributeName": "Day",
      "SortOrder": 0,
      "DimensionType": "Time"
    },
    {
      "DimensionName": "SSIS Task",
      "AttributeName": "SSIS Task Name",
      "SortOrder": 2,
      "DimensionType": "Regular"
    },
    {
      "DimensionName": "Solution",
      "AttributeName": "Solution Name",
      "SortOrder": 3,
      "DimensionType": "Regular"
    },
    {
      "DimensionName": "Batch ID",
      "AttributeName": "Batch ID Solution Name",
      "SortOrder": 4,
      "DimensionType": "Regular"
    },
    {
      "DimensionName": "Integration Batch ID",
      "AttributeName": "Integration Batch ID Solution Name",
      "SortOrder": 4,
      "DimensionType": null
    }
  ]
}