{
  "MeasureName": "Process End Date",
  "MeasureId": "18eb04e2-9c73-42a4-a2e4-6a15390bb4cf",
  "MeasureDescription": "Process End Date",
  "DataType": "datetime",
  "MeasureType": "Regular",
  "AggregateFunction": "Max",
  "FormatString": "MM/dd/yyyy",
  "MeasureColumnName": "ProcessEndDate",
  "MeasureFormula": "",
  "IsEditable": true,
  "ApplyConversion": false,
  "ConversionFormula": "",
  "PickListName": null,
  "BgColorFormula": " IF(Measure.[Date Validation]>0) then argb( 1,251, 180, 174)",
  "FgColorFormula": " IF(Measure.[Date Validation]>0) then argb( 1,0, 0, 0)",
  "TrendFormula": "",
  "FormattingViewModel": null,
  "ParentMeasureName": null,
  "AssociationMeasure": false,
  "IsComputedByPlanningService": false,
  "ToolTip": "Process End Date",
  "ConfigJson": {},
  "ApiName": null,
  "ApiDisabled": false,
  "IsReportingMeasure": false,
  "MeasureConditionalFormulaProperties": [],
  "PicklistSource": null
}