{
  "Name": "Supply110WRemoveSuppliers",
  "Description": "Remove Approved Supplier",
  "ActionButtonId": "e11d8908-3a19-4fcb-b648-99a8b2a17e48",
  "Tooltip": "Remove Approved Supplier",
  "ActionButtonType": "Widget",
  "Alignment": "right",
  "IsPopOver": true,
  "IsGlobal": true,
  "ActionClickHandler": null,
  "Icon": null,
  "Image": null,
  "ConfigJson": {
    "DisplayName": "Remove Approved Supplier",
    "icon": "minus",
    "SubmitButton": {
      "Label": "Submit"
    },
    "ResetButton": {
      "Label": "Reset"
    },
    "CloseButton": {
      "Label": "Close",
      "ConfirmMessage": "Unsaved changes will be lost. Continue?"
    },
    "NotifyAll": false,
    "IBPLRules": [
      {
        "template": "\n{{#each Tuple}}\n\nScope:({{#entity Item}} * {{#entity Supplier}} * Version.[Version Name]{{#filter Version}});\nMeasure.[o9 Item Approved Supplier Association] = Null;\nMeasure.[o9 Supplier Start Date] = Null;\nMeasure.[o9 Supplier End Date] = Null;\nMeasure.[o9 Consider Supplier Effectivity For Planning Flag] = Null;\nend scope;\n\n{{/each}}\n\n{{#each Tuple}}\n\n//--Uncomment the below code to enable Net change functionality\n/*\nCartesian Scope:({{#entity Item}} * {{#entity Supplier}} * Version.[Version Name]{{#filter Version}});\nMeasure.[o9 Item Approved Supplier Association NC Deletion] = 1;\nend scope;\n\nScope:({{#entity Item}} * {{#entity Supplier}} * Version.[Version Name]{{#filter Version}});\nMeasure.[o9 Item Approved Supplier Association NC Addition] = Null;\nMeasure.[ERP Item Approved Supplier Association NC Addition] = Null;\nend scope;\n*/\n\n{{/each}}"
      }
    ],
    "JavascriptRules": [],
    "FieldBindings": [
      {
        "fieldName": "Version",
        "title": "Version",
        "type": "picklist",
        "selectionType": "single",
        "clearSearch": true,
        "source": "filter",
        "DimensionName": "Version",
        "LevelAttributeName": "Version Name",
        "visible": true,
        "isEditable": true,
        "validation": {
          "maxLength": "0",
          "required": true
        }
      },
      {
        "fieldName": "Tuple",
        "title": "Tuple",
        "type": "picklistDropdown",
        "select": "ALL",
        "clearSearch": true,
        "source": "parentTuple",
        "TuplesList": [
          {
            "Key": "Item",
            "LevelAttribute": {
              "DimensionName": "Item",
              "Name": "Item",
              "textField": "Name"
            },
            "tuplesource": "LevelAttribute"
          },
          {
            "Key": "Supplier",
            "LevelAttribute": {
              "DimensionName": "Supplier",
              "Name": "Supplier Location",
              "textField": "Name"
            },
            "tuplesource": "LevelAttribute"
          }
        ],
        "visible": true,
        "isEditable": true,
        "validation": {
          "required": true
        }
      }
    ],
    "Range": [],
    "DataSources": [],
    "AutoExecute": false,
    "isAsync": true,
    "hasMembersUpdates": false,
    "Compact": false,
    "TwoColumn": true,
    "IsGlobalForExcelAddIn": false,
    "enableTransaction": false,
    "ReturnFilterByUpdate": true,
    "ExcludeFromNavLink": false,
    "FilterFieldBindings": []
  },
  "Widget": null,
  "Roles": []
}