{
  "MeasureName": "ROS Benchmark Override",
  "MeasureId": "981d2a2b-39f4-fd86-095e-0980a8c0232f",
  "MeasureDescription": "ROS Benchmark Override for top selling products",
  "DataType": "number",
  "MeasureType": "Regular",
  "AggregateFunction": "Avg",
  "FormatString": "0.00",
  "MeasureColumnName": "ROSBenchmarkOverride",
  "MeasureFormula": "",
  "IsEditable": true,
  "ApplyConversion": false,
  "ConversionFormula": "",
  "PickListName": null,
  "BgColorFormula": "",
  "FgColorFormula": "",
  "TrendFormula": "",
  "FormattingViewModel": "[]",
  "ParentMeasureName": null,
  "AssociationMeasure": false,
  "IsComputedByPlanningService": false,
  "ToolTip": "ROS Benchmark Override for top selling products",
  "ConfigJson": {},
  "ApiName": null,
  "ApiDisabled": false,
  "IsReportingMeasure": false,
  "MeasureConditionalFormulaProperties": [],
  "PicklistSource": null
}