{
  "Name": "APInfoDataManagement03",
  "Description": "Information",
  "ActionButtonId": "7e2b1bfa-64fb-5e71-68d8-a3709fad2c26",
  "Tooltip": "Report Information",
  "ActionButtonType": "Widget",
  "Alignment": "right",
  "IsPopOver": true,
  "IsGlobal": true,
  "ActionClickHandler": null,
  "Icon": null,
  "Image": null,
  "ConfigJson": {
    "icon": "info-circle",
    "SubmitButton": {
      "Label": " "
    },
    "ResetButton": {},
    "CloseButton": {
      "Label": " "
    },
    "NotifyRoles": false,
    "NotifyAll": false,
    "IBPLRules": [],
    "JavascriptRules": [],
    "FieldBindings": [
      {
        "fieldName": "Information",
        "title": "Information",
        "type": "info",
        "clearSearch": true,
        "source": "literal",
        "defaultValue": "<!DOCTYPE html> <html lang=\"en\">  <head>     <meta charset=\"UTF-8\">     <meta name=\"viewport\" content=\"width=device-width, initial-scale=1.0\">     <title>Options Strategy Overview</title> </head>  <body style=\"text-align: left;\">     <p align=\"left\"><strong>Overview</strong></p>     <p align=\"left\">Product Attribute Groups (PAG) enables planners to classify products by shared characteristics like color, material, brand, or price range. This categorization helps in grouping products for easier analysis and map historical performance against new products, facilitating data-driven planning and insights.          <br>        <br>         PAG is a pre-requisite for ROS, Options Strategy. All the Style colors in the Line Build including placeholders         need to be associated with a PAG for the planning Season.         <br>        <br>          Style Colors not associated to any PAG will show up in the PAG Exception report. Planner need to update attibutes for the same and re-run the \"Create PAG\" action button to  associate them to a PAG.     </p>     <p align=\"left\"><strong>How to Use</strong></p>     <p align=\"left\">         Select Attribute 1 and Attribute 2 from the picklist and run the \"Create Product Attribute Group\" action button.     </p>     <p align=\"left\"><strong>Output</strong></p>     <p align=\"left\">1. The values for Attribute 1 and Attribute 2 are concatenated to form unique PAG members. <br>         2. Each Style Color is associated with the relevant PAG member for the specified Selling Season.     </p> </body>  </html>",
        "visible": true,
        "isEditable": true,
        "validation": {
          "maxLength": "0",
          "required": true
        }
      }
    ],
    "Range": [],
    "DataSources": [],
    "AutoExecute": false,
    "isAsync": false,
    "hasMembersUpdates": false,
    "Compact": false,
    "TwoColumn": false,
    "IsGlobalForExcelAddIn": false,
    "ReturnFilterByUpdate": false,
    "ExcludeFromNavLink": false,
    "FilterFieldBindings": [],
    "enableTransaction": false
  },
  "Widget": null,
  "Roles": []
}