{
  "MeasureName": "SP Vs LY Gross Margin %",
  "MeasureId": "b1f9101d-72db-705c-9f62-9790cb2f5743",
  "MeasureDescription": "SP Vs Last Year Gross Margin Percent",
  "DataType": "number",
  "MeasureType": "Regular",
  "AggregateFunction": "Computed",
  "FormatString": "0.00%",
  "MeasureColumnName": "SPVsLYGrossMargin%",
  "MeasureFormula": "SafeDivide((Measure.[SP Gross Margin Rtl] - Measure.[LY Gross Margin Rtl]),Measure.[LY Gross Margin Rtl])",
  "IsEditable": false,
  "ApplyConversion": false,
  "ConversionFormula": null,
  "PickListName": null,
  "BgColorFormula": "",
  "FgColorFormula": "",
  "TrendFormula": "",
  "FormattingViewModel": "[]",
  "ParentMeasureName": null,
  "AssociationMeasure": false,
  "IsComputedByPlanningService": false,
  "ToolTip": "(SP Gross Margin Rtl - LY Gross Margin Rtl)/LY Gross Margin Rtl",
  "ConfigJson": {},
  "ApiName": null,
  "ApiDisabled": false,
  "IsReportingMeasure": true,
  "MeasureConditionalFormulaProperties": [],
  "PicklistSource": null
}