{
  "Name": "o9EKGGenerateConfigMappings",
  "Description": null,
  "ActionButtonId": "83e99872-34ef-df00-6f35-8ceedd268174",
  "Tooltip": "Generate Associations",
  "ActionButtonType": "Widget",
  "Alignment": "right",
  "IsPopOver": true,
  "IsGlobal": true,
  "ActionClickHandler": null,
  "Icon": null,
  "Image": null,
  "ConfigJson": {
    "icon": "link",
    "SubmitButton": {
      "Label": "Submit",
      "ProgressMessage": "Generating mappings for Capabilities & Blocks, please wait for 2 mins.. "
    },
    "ResetButton": {},
    "CloseButton": {
      "Label": "Close"
    },
    "NotifyAll": false,
    "IBPLRules": [
      {
        "template": "// 1. Clear Output Assoc. //\n\nscope: (&CWV * [o9EKG Customer].[Project Name].[{{Project}}] * [o9EKG Table].[Field ID] * [o9EKG Business Characteristics].[Business Characteristics] );\nMeasure.[o9EKG Autogenerated Business Characteristics Field Association] = null ; \nend scope;\n\nscope: (&CWV * [o9EKG Customer].[Project Name].[{{Project}}] * [o9EKG Table].[Field ID] * [o9EKG Building Blocks].[Sub Block] );\nMeasure.[o9EKG Autogenerated Field Sub Block Association] = null  ; \nend scope;"
      },
      {
        "template": "// 2. Copy LSU Assoc. //\n\nscope: (&CWV * [o9EKG Customer].[Project Name].[{{Project}}] * [o9EKG Table].[Table Type].[LS_Upload] * [o9EKG Table].[Field ID] * [o9EKG Business Characteristics].[Business Characteristics] );\nMeasure.[o9EKG Autogenerated Business Characteristics Field Association] = Measure.[o9EKG Business Characteristics Field Association] ; \nend scope;\n\nscope: (&CWV * [o9EKG Customer].[Project Name].[{{Project}}] * [o9EKG Table].[Table Type].[LS_Upload] * [o9EKG Table].[Field ID] * [o9EKG Building Blocks].[Sub Block] );\nMeasure.[o9EKG Autogenerated Field Sub Block Association] = Measure.[o9EKG Field Sub Block Association] ; \nend scope;"
      },
      {
        "template": "// 3. Run plugin//\n\nEXEC plugin instance o9EKGConfigMapping for measures {[o9EKG Field Name]}  using scope (&CWV * [o9EKG Customer].[Project Name].[{{Project}}] ) ;"
      }
    ],
    "JavascriptRules": [],
    "FieldBindings": [
      {
        "fieldName": "Project",
        "title": "Project",
        "type": "picklistDropdown",
        "selectionType": "single",
        "clearSearch": false,
        "source": "filter",
        "DimensionName": "o9EKG Customer",
        "LevelAttributeName": "Project Name",
        "visible": true,
        "isEditable": false,
        "validation": {
          "maxLength": "0",
          "required": true
        }
      }
    ],
    "Range": [],
    "DataSources": [],
    "AutoExecute": false,
    "isAsync": true,
    "hasMembersUpdates": false,
    "Compact": true,
    "TwoColumn": false,
    "IsGlobalForExcelAddIn": false,
    "ReturnFilterByUpdate": false,
    "ExcludeFromNavLink": false,
    "FilterFieldBindings": []
  },
  "Widget": null,
  "Roles": []
}