{
  "Name": "APInfoLineBuild01",
  "Description": "Information",
  "ActionButtonId": "0d76c9d5-df0b-bf36-5693-1d9473ab3bff",
  "Tooltip": "Report Information",
  "ActionButtonType": "Widget",
  "Alignment": "right",
  "IsPopOver": true,
  "IsGlobal": true,
  "ActionClickHandler": null,
  "Icon": null,
  "Image": null,
  "ConfigJson": {
    "icon": "info-circle",
    "SubmitButton": {
      "Label": " "
    },
    "ResetButton": {},
    "CloseButton": {
      "Label": " ",
      "ConfirmMessage": "Unsaved changes will be lost. Continue?"
    },
    "NotifyRoles": false,
    "NotifyAll": false,
    "IBPLRules": [],
    "JavascriptRules": [],
    "FieldBindings": [
      {
        "fieldName": "Information",
        "title": "Information",
        "type": "info",
        "clearSearch": true,
        "source": "literal",
        "defaultValue": "<!DOCTYPE html> <html lang=\"en\">  <head>     <meta charset=\"UTF-8\">     <meta name=\"viewport\" content=\"width=device-width, initial-scale=1.0\">     <title>Options Strategy Overview</title> </head>  <body style=\"text-align: left;\">     <p align=\"left\"><strong>Overview</strong></p>     <p align=\"left\">Line Build helps the planners define the set of Style colors relevant for every Selling Season* Country* Channel combinations. This can be refined further at a Cluster/ Store level in Ranging. In this view, the planners can             <br>         1. Create placeholders and plan required metrics like ROS, Start date, End date etc. <br>  2. Define 'Collections' of style colors which should always be assorted together<br> 3. Set planner priority to manually define the ranking order of SCs ('A' Style colors will be assorted first in Ranging when the Auto-Assort is executed).         <br>        <br>           </p>     <p align=\"left\"><strong>How to Use</strong></p>     <p align=\"left\">        1. Create combination of Style and Style Colors or multiple Style Colors for an existing Style using the 'Create Style' or 'Create Style Color'.         <br>      2. Edit the required Planning Data, set the Planning Priority (optional) and execute \"Update Ranging\" action button to push the changes to Ranging workflow.       <br> 3. Name the Style Colors to be part of the Collection and execute \"Create Collection\" to set the minimum Style Color to be assorted.    <br>              </p>     <p align=\"left\"><strong>Output</strong></p>     <p align=\"left\">1. Update Ranging action button spreads the planning data from Country to Store-Cluster level in Ranging.    <br>  2. Create Collection action button locks the Style Colors part of Collection.   <br> 3. New Style and Style Colors gets created and their attribute can be updated manually. <br> </body>  </html>",
        "visible": true,
        "isEditable": true,
        "validation": {
          "maxLength": "0",
          "required": true
        }
      }
    ],
    "Range": [],
    "DataSources": [],
    "AutoExecute": false,
    "isAsync": false,
    "hasMembersUpdates": false,
    "Compact": false,
    "TwoColumn": false,
    "IsGlobalForExcelAddIn": false,
    "ReturnFilterByUpdate": false,
    "ExcludeFromNavLink": false,
    "FilterFieldBindings": [],
    "enableTransaction": false
  },
  "Widget": null,
  "Roles": []
}