{
  "MeasureGroupName": "o9EKG Field Sub Block Association",
  "MeasureGroupId": "6cdd27ea-c4f0-8a05-8d45-d0419da843f2",
  "ParentMeasureGroupName": null,
  "HasShadow": false,
  "MeasureGroupDescription": "o9EKG Field Sub Block Association",
  "MeasureGroupType": "Regular",
  "FactTableName": "Facto9EKGFieldSubBlockAssociation",
  "SchemaMajorVersion": 0,
  "ConfigJson": {},
  "ApiName": null,
  "Repartition": false,
  "Unpartition": false,
  "ApiEnabled": false,
  "DimensionUsages": [
    {
      "DimensionName": "Version",
      "AttributeName": "Version Name",
      "SortOrder": 0,
      "DimensionType": "Regular"
    },
    {
      "DimensionName": "o9EKG Customer",
      "AttributeName": "Project Name",
      "SortOrder": 1,
      "DimensionType": "Regular"
    },
    {
      "DimensionName": "o9EKG Building Blocks",
      "AttributeName": "Sub Block",
      "SortOrder": 2,
      "DimensionType": "Regular"
    },
    {
      "DimensionName": "o9EKG Table",
      "AttributeName": "Field ID",
      "SortOrder": 3,
      "DimensionType": "Regular"
    }
  ]
}
