{
  "HierarchyName": "Color Hierarchy",
  "HierarchyId": "63b90d32-18a7-e184-9413-fd48c07bb698",
  "HierarchyDescription": "Color Hierarchy",
  "Translations": null,
  "Levels": [
    {
      "LevelName": "A4",
      "LevelId": "57f13d24-6c97-0a17-65a7-241b45b74819",
      "SourceAttributeName": "A4",
      "LevelDescription": "A4",
      "LevelPosition": 0,
      "Translations": null
    },
    {
      "LevelName": "Planning Item",
      "LevelId": "0db52ee2-786f-7094-9101-d2ed51ce2f70",
      "SourceAttributeName": "Planning Item",
      "LevelDescription": "Planning Item",
      "LevelPosition": 1,
      "Translations": null
    }
  ],
  "IsEnabled": true,
  "ErrorMessage": null
}