{
  "HierarchyName": "Retail Item Hierarchy",
  "HierarchyId": "ed5f7904-29d5-b0fe-2b9c-1e40e026b4cd",
  "HierarchyDescription": "Retail Item Hierarchy",
  "Translations": null,
  "Levels": [
    {
      "LevelName": "All Item",
      "LevelId": "f3048182-195c-7e4b-faab-0a0752cec829",
      "SourceAttributeName": "All Item",
      "LevelDescription": "All items roll upto this.  Usually contains 'All' as its member.",
      "LevelPosition": 0,
      "Translations": null
    },
    {
      "LevelName": "L6",
      "LevelId": "953c822b-2044-3df0-1c1e-a369c42945b9",
      "SourceAttributeName": "L6",
      "LevelDescription": "Attribute for Alternate hierarchy of Item.",
      "LevelPosition": 1,
      "Translations": null
    },
    {
      "LevelName": "L5",
      "LevelId": "bddec9a0-0ab8-698f-ce04-a3857da17ca3",
      "SourceAttributeName": "L5",
      "LevelDescription": "Attribute for Alternate hierarchy of Item.",
      "LevelPosition": 2,
      "Translations": null
    },
    {
      "LevelName": "L4",
      "LevelId": "6b8caa75-5c86-b744-09de-200e6a5e2a66",
      "SourceAttributeName": "L4",
      "LevelDescription": "Attribute for Alternate hierarchy of Item.",
      "LevelPosition": 3,
      "Translations": null
    },
    {
      "LevelName": "L3",
      "LevelId": "ad19ab37-8bcf-a807-42d7-1ef22438ccbe",
      "SourceAttributeName": "L3",
      "LevelDescription": "Attribute for Alternate hierarchy of Item.",
      "LevelPosition": 4,
      "Translations": null
    },
    {
      "LevelName": "L2",
      "LevelId": "43bf83da-b3ed-b0ad-d792-324b4d82ca19",
      "SourceAttributeName": "L2",
      "LevelDescription": "Attribute for Alternate hierarchy of Item.",
      "LevelPosition": 5,
      "Translations": null
    },
    {
      "LevelName": "L1",
      "LevelId": "1d1ee3ba-25d9-f20b-e496-a089f9eae722",
      "SourceAttributeName": "L1",
      "LevelDescription": "Attribute for Alternate hierarchy of Item.",
      "LevelPosition": 6,
      "Translations": null
    },
    {
      "LevelName": "Planning Item",
      "LevelId": "b4fffbfd-4060-606f-a367-ab5a1f43530a",
      "SourceAttributeName": "Planning Item",
      "LevelDescription": "Planning Item",
      "LevelPosition": 7,
      "Translations": null
    },
    {
      "LevelName": "Reporting Item",
      "LevelId": "bd77efe3-5230-8c72-9156-75ee446116b3",
      "SourceAttributeName": "Reporting Item",
      "LevelDescription": "Reporting Item",
      "LevelPosition": 8,
      "Translations": null
    },
    {
      "LevelName": "Item",
      "LevelId": "f1260b93-5af9-cfc5-2527-4d08136f8be1",
      "SourceAttributeName": "Item",
      "LevelDescription": "Item - lowest granularity of planning for supply ",
      "LevelPosition": 9,
      "Translations": null
    }
  ],
  "IsEnabled": true,
  "ErrorMessage": null
}