{
  "MeasureGroupName": "001.002 Prioritization Rules",
  "MeasureGroupId": "03c8ae2f-34be-7cc3-0864-a67023d7e9d5",
  "ParentMeasureGroupName": null,
  "HasShadow": false,
  "MeasureGroupDescription": "Measures for setting prioritization rules",
  "MeasureGroupType": "Regular",
  "FactTableName": "Fact001.002PrioritizationRules",
  "SchemaMajorVersion": 0,
  "ConfigJson": {},
  "ApiName": null,
  "Repartition": false,
  "Unpartition": false,
  "ApiEnabled": false,
  "DimensionUsages": [
    {
      "DimensionName": "Version",
      "AttributeName": "Version Name",
      "SortOrder": 0,
      "DimensionType": "Regular"
    },
    {
      "DimensionName": "Data Object",
      "AttributeName": "Data Object",
      "SortOrder": 2,
      "DimensionType": "Regular"
    },
    {
      "DimensionName": "Plan Type",
      "AttributeName": "Plan Type",
      "SortOrder": 3,
      "DimensionType": "Regular"
    },
    {
      "DimensionName": "Priority Group",
      "AttributeName": "Priority Group",
      "SortOrder": 4,
      "DimensionType": "Regular"
    },
    {
      "DimensionName": "Prioritization",
      "AttributeName": "Priority Rule",
      "SortOrder": 5,
      "DimensionType": "Regular"
    },
    {
      "DimensionName": "Prioritization Instance",
      "AttributeName": "Instance Name",
      "SortOrder": 6,
      "DimensionType": "Regular"
    }
  ]
}