{
  "Name": "Allocation Intransits at Store",
  "WidgetDefinitionName": "Allocation Intransits at Store",
  "IsPrimary": false,
  "ConfigJson": {
    "ContainerId": "ffb74a3c-8d76-4c50-adb2-63343b195b21",
    "CompositeContainerId": null,
    "Position": 3,
    "ShowInfoContext": {
      "ActionColumn": true,
      "RowInfo": true,
      "MemberInfo": true
    },
    "ShowHeader": {
      "Icon": "",
      "Color": null
    },
    "FilterScopes": [
      {
        "LevelAttribute": {
          "Dimension": "Item",
          "AttributeName": "Planning Item"
        },
        "Scope": "Widget",
        "Widget": "67760dd7-f82b-8558-daa6-4b362e61e6f2"
      }
    ],
    "ActionButtonBindings": [
      {
        "ActionButtonName": "__o9__BUILTIN__memberDisplayNameDownload",
        "HotKey": ""
      }
    ]
  },
  "ViewWidgetDefinitionId": "423cf16f-2a1d-14df-1fba-d7c73d596b2c",
  "Title": "Intransits"
}