{
  "Name": "SupplyPlan071WScenarioPlanningAddPurchaseOrdersShipped",
  "Description": null,
  "ActionButtonId": "76b67fee-0d55-49fc-8642-ebb9f318273f",
  "Tooltip": "Add PO Shipped Quantity",
  "ActionButtonType": "Rule",
  "Alignment": "right",
  "IsPopOver": true,
  "IsGlobal": false,
  "ActionClickHandler": null,
  "Icon": null,
  "Image": null,
  "ConfigJson": {
    "icon": "plus",
    "Position": "0",
    "SubmitButton": {
      "Label": "Submit"
    },
    "ResetButton": {
      "Label": "Reset"
    },
    "CloseButton": {
      "Label": "Close",
      "ConfirmMessage": "Unsaved changes will be lost. Continue?"
    },
    "NotifyAll": false,
    "IBPLRules": [
      {
        "template": "createmember(Documents.[OrderlineID]={,\"{{POID}}\"},Documents.[Document Type]={,\"Purchase Orders\"},[Documents].[Created By]={\"{{User}}\",},[Documents].[Is Approved]={\"True\",} ,Documents.[OrderID]={,\"{{POID}}\"},Documents.[Orderline RequestID]={,\"{{POID}}\"} );\n\n\ncartesian scope:([Documents].[OrderlineID].[{{POID}}] * [Supplier].[Supplier Location].[{{SupplierLocation}}] * [Version].[Version Name].[{{Version}}] * [Item].[Item].[{{Item}}] * Location.[Location].[{{Location}}] * Activity2.Activity2.[{{TransMode}}]);\nMeasure.[W PO Shipped Quantity Override]={{POShippedQuantity}};\nMeasure.[W PO Shipped Quantity Delivery Date Override]=\"{{DeliveryDate}}\";\nend scope;\n"
      }
    ],
    "JavascriptRules": [],
    "FieldBindings": [
      {
        "fieldName": "Version",
        "title": "Version",
        "Description": "Version",
        "type": "picklistDropdown",
        "selectionType": "single",
        "clearSearch": true,
        "source": "filter",
        "DimensionName": "Version",
        "LevelAttributeName": "Version Name",
        "visible": true,
        "isEditable": false,
        "validation": {
          "maxLength": "0",
          "required": true
        }
      },
      {
        "fieldName": "Item",
        "title": "Item",
        "Description": "Item",
        "type": "picklistDropdown",
        "selectionType": "single",
        "clearSearch": true,
        "select": "NONE",
        "source": "datasource",
        "key": "Item",
        "valueField": "Name",
        "visible": true,
        "isEditable": true,
        "validation": {
          "maxLength": "0",
          "required": true
        }
      },
      {
        "fieldName": "Location",
        "title": "Location",
        "Description": "Location",
        "type": "picklistDropdown",
        "selectionType": "single",
        "clearSearch": true,
        "select": "NONE",
        "source": "datasource",
        "key": "Location",
        "valueField": "Name",
        "visible": true,
        "isEditable": true,
        "validation": {
          "maxLength": "0",
          "required": true
        }
      },
      {
        "fieldName": "SupplierLocation",
        "title": "Supplier Location",
        "Description": "Supplier Location",
        "type": "picklistDropdown",
        "selectionType": "single",
        "clearSearch": true,
        "source": "datasource",
        "key": "Supplier",
        "valueField": "Supplier Location",
        "textField": "Supplier Location",
        "visible": true,
        "isEditable": true,
        "cascadeFrom": "Location",
        "validation": {
          "maxLength": "0",
          "required": true
        }
      },
      {
        "fieldName": "TransMode",
        "title": "TransMode",
        "Description": "TransMode",
        "type": "picklistDropdown",
        "selectionType": "single",
        "clearSearch": true,
        "source": "datasource",
        "key": "TransMode",
        "valueField": "Activity2",
        "textField": "Activity2",
        "visible": true,
        "isEditable": true,
        "cascadeFrom": "Location",
        "validation": {
          "maxLength": "0",
          "required": true
        }
      },
      {
        "fieldName": "POID",
        "title": "PO ID",
        "Description": "PO ID",
        "type": "picklistDropdown",
        "selectionType": "single",
        "clearSearch": true,
        "source": "datasource",
        "key": "UniquePOID",
        "valueField": "result",
        "textField": "result",
        "visible": true,
        "isEditable": true,
        "validation": {
          "maxLength": "0",
          "required": true
        }
      },
      {
        "fieldName": "POShippedQuantity",
        "title": "PO Shipped Quantity",
        "Description": "PO Shipped Quantity",
        "type": "number",
        "clearSearch": true,
        "source": "literal",
        "visible": true,
        "isEditable": true,
        "validation": {
          "maxLength": "0",
          "required": true
        },
        "selectionType": "single"
      },
      {
        "fieldName": "DeliveryDate",
        "title": "Delivery Date",
        "Description": "Delivery Date",
        "type": "datetime",
        "selectionType": "single",
        "clearSearch": true,
        "source": "literal",
        "visible": true,
        "isEditable": true,
        "validation": {
          "maxLength": "0",
          "required": true
        }
      },
      {
        "fieldName": "User",
        "title": "User",
        "Description": "User",
        "type": "combobox",
        "selectionType": "single",
        "clearSearch": true,
        "source": "datasource",
        "key": "CurrentUser",
        "valueField": "Name",
        "textField": "Name",
        "visible": true,
        "isEditable": false,
        "validation": {
          "maxLength": "0",
          "required": true
        }
      }
    ],
    "DataSources": [
      {
        "Name": "UniquePOID",
        "IBPLRules": [
          {
            "template": "select NextLabel([PurchaseOrderID]);"
          }
        ],
        "JavascriptRules": [],
        "FieldBindings": [],
        "IncludeDSFieldsOnly": false
      },
      {
        "Name": "CurrentUser",
        "IBPLRules": [
          {
            "template": "select CurrentUser();"
          }
        ],
        "JavascriptRules": [],
        "FieldBindings": [],
        "IncludeDSFieldsOnly": false
      },
      {
        "Name": "Supplier",
        "IBPLRules": [
          {
            "template": "Select ([Activity2].[Activity2] * [Supplier].[Supplier Location] * [Location].[Location].[{{Location}}] * [Version].[Version Name].[{{Version}}] * [Item].[Item].[{{Item}}] ) on row, ({Measure.[Final Item Location Supplier TransMode Association]}) on column where{~IsNull(Measure.[Final Item Location Supplier TransMode Association])};"
          }
        ],
        "JavascriptRules": [],
        "FieldBindings": [],
        "IncludeDSFieldsOnly": false
      },
      {
        "Name": "TransMode",
        "IBPLRules": [
          {
            "template": "Select ([Activity2].[Activity2] * [Supplier].[Supplier Location] * [Location].[Location].[{{Location}}] * [Version].[Version Name].[{{Version}}] * [Item].[Item].[{{Item}}] ) on row, ({Measure.[Final Item Location Supplier TransMode Association]}) on column where{~IsNull(Measure.[Final Item Location Supplier TransMode Association])};"
          }
        ],
        "JavascriptRules": [],
        "FieldBindings": [],
        "IncludeDSFieldsOnly": false
      },
      {
        "Name": "Item",
        "IBPLRules": [
          {
            "template": "Select (&AllRawMaterials);"
          }
        ],
        "JavascriptRules": [],
        "IncludeDSFieldsOnly": false,
        "FieldBindings": []
      },
      {
        "Name": "Location",
        "IBPLRules": [
          {
            "template": "select (&AllPlantLocations);"
          }
        ],
        "JavascriptRules": [],
        "IncludeDSFieldsOnly": false,
        "FieldBindings": []
      }
    ],
    "AutoExecute": false,
    "isAsync": true,
    "hasMembersUpdates": true,
    "Compact": false,
    "TwoColumn": true,
    "IsGlobalForExcelAddIn": false,
    "FilterFieldBindings": []
  },
  "Widget": null
}