{
  "MeasureName": "SP Ttl MD %",
  "MeasureId": "6b0fec0e-d9e2-2f89-dbcb-7af703d319e2",
  "MeasureDescription": "SP Total Mark Down Percent",
  "DataType": "number",
  "MeasureType": "Regular",
  "AggregateFunction": "Computed",
  "FormatString": "0.00%",
  "MeasureColumnName": "SPTtlMD%",
  "MeasureFormula": "Safedivide(Measure.[SP Ttl MD Rtl],Measure.[SP Ttl Sls Rtl])",
  "IsEditable": true,
  "ApplyConversion": false,
  "ConversionFormula": "",
  "PickListName": null,
  "BgColorFormula": "",
  "FgColorFormula": "",
  "TrendFormula": "",
  "FormattingViewModel": "[]",
  "ParentMeasureName": null,
  "AssociationMeasure": false,
  "IsComputedByPlanningService": false,
  "ToolTip": "(SP Total Mark Down Rtl / SP Total Sales Rtl)",
  "ConfigJson": {},
  "ApiName": null,
  "ApiDisabled": false,
  "IsReportingMeasure": false,
  "MeasureConditionalFormulaProperties": [],
  "PicklistSource": null
}