{
  "Name": "CampaignPlan03AddBlockAssociation",
  "Description": "Add Block Association",
  "ActionButtonId": "61bd9161-0dab-dfae-560f-bd001ab23458",
  "Tooltip": "Add Block Association",
  "ActionButtonType": "Widget",
  "Alignment": "right",
  "IsPopOver": true,
  "IsGlobal": true,
  "ActionClickHandler": null,
  "Icon": null,
  "Image": null,
  "ConfigJson": {
    "DisplayName": "Add Block",
    "icon": "plus",
    "SubmitButton": {
      "Label": "Submit"
    },
    "ResetButton": {
      "Label": "Reset"
    },
    "CloseButton": {
      "Label": "Close",
      "ConfirmMessage": "Unsaved changes will be lost. Continue?"
    },
    "NotifyAll": false,
    "IBPLRules": [
      {
        "template": "Createmember([Group].[Group ID] = {,\"{{Group}}\"}, [Group].[Group Type] = {,\"CampaignBlock\"});\nCreatemember([To GroupID].[To GroupID] = {,\"{{Group}}\"}, [To GroupID].[To Group Type] = {,\"CampaignBlock\"});\n\nCartesian scope: ([Version].[Version Name].[{{Version}}] * [Location].[Location].[{{Location}}] * [Resource].[Resource].[{{Resource}}] * [Group].[Group ID].[{{Group}}]);\nMeasure.[Campaign Group Association o9 Input] = 1 ;\n//Measure.[Campaign Group Max Run Length o9 Input] = if (~isnull({{MaxRunLength}})) then ({{MaxRunLength}}) else NULL;\n//Measure.[Campaign Group Min Run Length o9 Input] = if (~isnull({{MinRunLength}})) then ({{MinRunLength}}) else NULL;\nend scope;"
      }
    ],
    "JavascriptRules": [],
    "FieldBindings": [
      {
        "fieldName": "Version",
        "title": "Version",
        "type": "picklistDropdown",
        "selectionType": "single",
        "clearSearch": true,
        "source": "filter",
        "DimensionName": "Version",
        "LevelAttributeName": "Version Name",
        "visible": true,
        "isEditable": true,
        "validation": {
          "maxLength": "0",
          "required": true
        }
      },
      {
        "fieldName": "Location",
        "title": "Plant Location",
        "type": "picklistDropdown",
        "selectionType": "single",
        "clearSearch": true,
        "select": "NONE",
        "source": "members",
        "DimensionName": "Location",
        "LevelAttributeName": "Location",
        "FilterExpression": "&AllPlantLocations",
        "visible": true,
        "isEditable": true,
        "validation": {
          "maxLength": "0",
          "required": true
        }
      },
      {
        "fieldName": "Resource",
        "title": "Resource",
        "type": "picklistDropdown",
        "selectionType": "single",
        "clearSearch": true,
        "select": "NONE",
        "source": "datasource",
        "overrideFieldBindingType": false,
        "visible": true,
        "isEditable": true,
        "validation": {
          "maxLength": "0",
          "required": true
        },
        "cascadeFrom": "Location",
        "key": "Resource",
        "valueField": "Name",
        "textField": "DisplayName"
      },
      {
        "fieldName": "Group",
        "title": "Block",
        "type": "string",
        "selectionType": "single",
        "clearSearch": true,
        "source": "literal",
        "visible": true,
        "isEditable": true,
        "validation": {
          "maxLength": "0",
          "required": true
        }
      },
      {
        "fieldName": "MaxRunLength",
        "title": "Max Run Length",
        "type": "number",
        "selectionType": "single",
        "clearSearch": true,
        "source": "literal",
        "visible": true,
        "isEditable": true,
        "validation": {
          "maxLength": "0",
          "required": false
        }
      },
      {
        "fieldName": "MinRunLength",
        "title": "Min Run Length",
        "type": "number",
        "selectionType": "single",
        "clearSearch": true,
        "source": "literal",
        "visible": true,
        "isEditable": true,
        "validation": {
          "maxLength": "0",
          "required": false
        }
      }
    ],
    "Range": [],
    "DataSources": [
      {
        "Name": "Resource",
        "IBPLRules": [
          {
            "template": "Select([Resource].[Resource]) where{[Version].[Version Name].[{{Version}}], [Location].[Location].[{{Location}}], Measure.[Resource Location Association] >0};"
          }
        ],
        "JavascriptRules": [],
        "IncludeDSFieldsOnly": false,
        "FieldBindings": []
      }
    ],
    "AutoExecute": false,
    "isAsync": true,
    "hasMembersUpdates": true,
    "Compact": true,
    "TwoColumn": false,
    "IsGlobalForExcelAddIn": false,
    "enableTransaction": false,
    "ReturnFilterByUpdate": false,
    "ExcludeFromNavLink": false,
    "FilterFieldBindings": []
  },
  "Widget": null,
  "Roles": []
}