{
  "Name": "NexprimeWeeklyDeleteFixedPlan",
  "Description": "Delete Fixed Plans",
  "ActionButtonId": "a15662e1-4399-5829-f385-e94614cc6aa8",
  "Tooltip": "Delete Fixed Plans",
  "ActionButtonType": "Widget",
  "Alignment": "right",
  "IsPopOver": true,
  "IsGlobal": true,
  "ActionClickHandler": null,
  "Icon": null,
  "Image": null,
  "ConfigJson": {
    "icon": "minus-square",
    "SubmitButton": {
      "Label": "Submit",
      "ConfirmMessage": "Do you want to continue?"
    },
    "ResetButton": {
      "Label": "Reset"
    },
    "CloseButton": {
      "Label": "Close",
      "ConfirmMessage": "Unsaved changes will be lost. Continue?"
    },
    "NotifyAll": false,
    "IBPLRules": [
      {
        "template": "{{#each Tuple}}\nScope: (Version.[Version Name]{{#filter Version}} * {{#entity Activity1}} * {{#entity Activity2}} * {{#entity Activity3}} * {{#entity TransactionID}});\nMeasure.[W Fixed Plan Quantity Override] = Null;\nMeasure.[W Fixed Plan Quantity Type Override] = Null;\nMeasure.[W Fixed Plan Start Time Override] = Null;\nMeasure.[W Fixed Plan End Time Override] = Null;\nMeasure.[W Fixed Plan Priority Override] = Null;\nMeasure.[W Fixed Plan Short Policy Override] = Null;\nMeasure.[W Fixed Plan Dedication Set Override] = Null;\nMeasure.[W Fixed Plan Build Ahead Limit Override] = Null;\nMeasure.[W Fixed Plan Build Late Limit Override] = Null;\nMeasure.[W Fixed Plan Propagation Policy Override] = Null;\nMeasure.[W Fixed Plan Quantity Intermediate] = Null;\nMeasure.[W Fixed Plan Quantity Type Intermediate] = Null;\nMeasure.[W Fixed Plan Start Time Intermediate] = Null;\nMeasure.[W Fixed Plan End Time Intermediate] = Null;\nMeasure.[W Fixed Plan Priority Intermediate] = Null;\nMeasure.[W Fixed Plan Short Policy Intermediate] = Null;\nMeasure.[W Fixed Plan Dedication Set Intermediate] = Null;\nMeasure.[W Fixed Plan Build Ahead Limit Intermediate] = Null;\nMeasure.[W Fixed Plan Build Late Limit Intermediate] = Null;\nMeasure.[W Fixed Plan Propagation Policy Intermediate] = Null;\nend scope;\n{{/each}}"
      },
      {
        "template": "{{#each Tuple}}\ncartesian scope: (Version.[Version Name]{{#filter Version}} * {{#entity Activity1}} * {{#entity Activity2}} * {{#entity Activity3}});\nMeasure.[W Activity Changed Nodes] = 1;\nend scope;\n{{/each}}"
      }
    ],
    "JavascriptRules": [],
    "FieldBindings": [
      {
        "fieldName": "Version",
        "title": "Version",
        "Description": "Version",
        "type": "picklistDropdown",
        "selectionType": "single",
        "clearSearch": true,
        "source": "filter",
        "DimensionName": "Version",
        "LevelAttributeName": "Version Name",
        "visible": true,
        "isEditable": true,
        "validation": {
          "maxLength": "0",
          "required": true
        }
      },
      {
        "fieldName": "Tuple",
        "title": "Intersection",
        "Description": "Intersection",
        "type": "picklistDropdown",
        "select": "ALL",
        "clearSearch": true,
        "source": "parentTuple",
        "TuplesList": [
          {
            "Key": "TransactionID",
            "LevelAttribute": {
              "DimensionName": "Documents",
              "Name": "OrderlineID",
              "textField": "Name"
            },
            "tuplesource": "LevelAttribute"
          },
          {
            "Key": "Activity1",
            "LevelAttribute": {
              "DimensionName": "Activity1",
              "Name": "Activity1",
              "textField": "Name"
            },
            "tuplesource": "LevelAttribute"
          },
          {
            "Key": "Activity2",
            "LevelAttribute": {
              "DimensionName": "Activity2",
              "Name": "Activity2",
              "textField": "Name"
            },
            "tuplesource": "LevelAttribute"
          },
          {
            "Key": "Activity3",
            "LevelAttribute": {
              "DimensionName": "Activity3",
              "Name": "Activity3",
              "textField": "Name"
            },
            "tuplesource": "LevelAttribute"
          }
        ],
        "visible": true,
        "isEditable": false,
        "validation": {
          "required": true
        }
      }
    ],
    "Range": [],
    "DataSources": [],
    "AutoExecute": false,
    "isAsync": false,
    "hasMembersUpdates": false,
    "Compact": true,
    "TwoColumn": false,
    "IsGlobalForExcelAddIn": false,
    "enableTransaction": false,
    "ReturnFilterByUpdate": false,
    "ExcludeFromNavLink": false,
    "FilterFieldBindings": []
  },
  "Widget": null,
  "Roles": []
}