{
  "AttributeName": "Description",
  "AttributeId": "7fbdb8af-0397-b8ee-2176-5802441534b5",
  "AttributeHierarchyEnabled": false,
  "IsKey": false,
  "Description": "Description",
  "OrderBy": "Key",
  "KeyColumnName": "DescriptionKey",
  "NameColumnName": null,
  "KeyColumnDataType": "string",
  "SeedTags": false,
  "KeyGenerationType": "UserSupplied",
  "PickListName": null,
  "ConfigJson": {
    "IsVisible": true,
    "IsEditable": false
  },
  "FormatString": "",
  "Translation": null,
  "Aliases": [],
  "ApiName": null,
  "ApiDisabled": false,
  "ToolTip": null,
  "FgColorFormula": null,
  "BgColorFormula": null,
  "IsReservedBySystem": false
}