{
  "Name": "SupplyPlan153CreateItemLocationAssociation",
  "Description": null,
  "ActionButtonId": "3a348124-9b5f-41d1-87c0-5c4b10810524",
  "Tooltip": "Add Item-Location Association",
  "ActionButtonType": "Widget",
  "Alignment": "right",
  "IsPopOver": true,
  "IsGlobal": true,
  "ActionClickHandler": null,
  "Icon": null,
  "Image": null,
  "ConfigJson": {
    "icon": "plus",
    "SubmitButton": {
      "Label": "Submit"
    },
    "ResetButton": {
      "Label": "Reset"
    },
    "CloseButton": {
      "Label": "Close",
      "ConfirmMessage": "Unsaved changes will be lost. Continue?"
    },
    "NotifyRoles": true,
    "NotifyAll": false,
    "IBPLRules": [
      {
        "template": "cartesian Scope:( [Version].[Version Name]{{#filter Version}} * [Location].[Location]{{#filter Location}} * [Item].[Item]{{#filter Item}});\nMeasure.[o9 Item Location Association]=1;\nMeasure.[o9 Goods Receipt Time IL]={{o9GoodsReceiptTimeIL}};\nMeasure.[o9 Planned Delivery Time IL]={{o9PlannedDeliveryTimeIL}};\nMeasure.[o9 Min Lot size IL]={{o9MinLotsizeIL}};\nMeasure.[o9 Max Lot size IL]={{o9MaxLotsizeIL}};\nMeasure.[o9 Lot Size Increment IL]={{o9LotSizeIncrementIL}};\nMeasure.[o9 Soft Lot Size IL]={{o9SoftLotSizeIL}};\nMeasure.[o9 Procurement Type]={{o9ProcurementType}};\nend scope;"
      },
      {
        "template": "//--Uncomment the below code to enable Net change functionality\n/*\ncartesian Scope:( [Version].[Version Name]{{#filter Version}} * [Location].[Location]{{#filter Location}} * [Item].[Item]{{#filter Item}});\nMeasure.[o9 Item Location Association NC Addition]=1;\nend scope;\n\nScope:( [Version].[Version Name]{{#filter Version}} * [Location].[Location]{{#filter Location}} * [Item].[Item]{{#filter Item}});\nMeasure.[ERP Item Location Association NC Deletion] = Null;\nMeasure.[o9 Item Location Association NC Deletion] = Null;\nend scope;\n*/\nSelect 1;"
      },
      {
        "template": "//--Uncomment the below code to enable Net change functionality\n/*\nScope:([To Location].[To Location] * [Location].[Location] * Version.[Version Name]{{#filter Version}} * [Item].[Item]{{#filter Item}});\nMeasure.[BODLane Member Creation] = if(Measure.[Final Item From Location To Location Association] > 0) then \"Lane_From_\" + Location.#.Name + \"_To_\" + [To Location].#.Name;\nend scope;\n\nScope:([To Location].[To Location] * [Location].[Location] * Version.[Version Name]{{#filter Version}} );\nMeasure.[BODLane Members] = Measure.[BODLane Member Creation];\nMeasure.[BODLane From Location Members] = if(~isnull(Measure.[BODLane Members])) then Location.#.Name;\nMeasure.[BODLane To Location Members] = if(~isnull(Measure.[BODLane Members])) then [To Location].#.Name;\nend scope;\n\nCreateMember(\nActivity1.[Activity1]={,Measure.[BODLane Members]},\nActivity1.[From Location]={,Measure.[BODLane From Location Members]},\nActivity1.[To Location]={,Measure.[BODLane To Location Members]},\nActivity1.[Activity Type1]={,[Distribution]},\nActivity1.[Activity All1]={,[All]})\nusing scope (Version.[Version Name]{{#filter Version}} * Location.[Location] * [To Location].[To Location] );\n\nExec plugin instance [SupplyPlan005ItemBODLaneTransModeAssociationsWithNCAddition] for measures {[Item BODLane TransMode Association]} using scope ([Version].[Version Name]{{#filter Version}} * [Item].[Item]{{#filter Item}}) using arguments {(DriverMemory,\"2g\"), (\"IncludeNullRows\", \"False\"), (ExecutionMode, \"LightWeight\")};\n*/\nSelect 1;"
      },
      {
        "template": "//--Uncomment the below code to enable Net change functionality\n/*\nscope:(Version.[Version Name]{{#filter Version}} * Item.[Item]{{#filter Item}});\nMeasure.[Activity3 Members]=if (Measure.[Item BODLane TransMode Association Final] > 0) then Item.#.Name;\nend scope;\n\nCreateMember(\nActivity3.[Activity3]={,Measure.[Activity3 Members]},\nActivity3.[Activity Type3]={,[Item]},\nActivity3.[Activity All3]={,[All]})\nusing scope (Version.[Version Name]{{#filter Version}} * Item.[Item]{{#filter Item}}) ;\n\nEXEC plugin instance [SupplyPlan016CommonNetworkPrecursorDataPopulationWithNCAddition] for measures {[Item Activity 123 Association]} using scope ([Version].[Version Name]{{#filter Version}} * Item.[Item]{{#filter Item}}) using arguments {([MaxSliceTableCells], 50000000)};\n*/\nSelect 1;"
      }
    ],
    "JavascriptRules": [],
    "FieldBindings": [
      {
        "fieldName": "Version",
        "title": "Version",
        "Description": "Version",
        "type": "picklistDropdown",
        "selectionType": "single",
        "clearSearch": true,
        "source": "filter",
        "DimensionName": "Version",
        "LevelAttributeName": "Version Name",
        "visible": true,
        "isEditable": true,
        "validation": {
          "maxLength": "0",
          "required": true
        }
      },
      {
        "fieldName": "Item",
        "title": "Item",
        "type": "picklistDropdown",
        "clearSearch": true,
        "select": "NONE",
        "source": "members",
        "DimensionName": "Item",
        "LevelAttributeName": "Item",
        "visible": true,
        "isEditable": true,
        "validation": {
          "maxLength": "0",
          "required": true
        },
        "selectionType": "single"
      },
      {
        "fieldName": "Location",
        "title": "Source Location",
        "type": "picklistDropdown",
        "selectionType": "single",
        "clearSearch": true,
        "source": "members",
        "DimensionName": "Location",
        "LevelAttributeName": "Location",
        "visible": true,
        "isEditable": true,
        "validation": {
          "maxLength": "0",
          "required": true
        },
        "FilterExpression": "&AllPlantAndDCLocations",
        "select": "NONE"
      },
      {
        "fieldName": "o9GoodsReceiptTimeIL",
        "title": "Goods Receipt Time",
        "type": "number",
        "selectionType": "single",
        "clearSearch": true,
        "source": "literal",
        "visible": true,
        "isEditable": true,
        "validation": {
          "maxLength": "0",
          "required": false
        },
        "defaultValue": "0"
      },
      {
        "fieldName": "o9PlannedDeliveryTimeIL",
        "title": "Planned Delivery Time",
        "type": "number",
        "selectionType": "single",
        "clearSearch": false,
        "source": "literal",
        "visible": true,
        "isEditable": true,
        "validation": {
          "maxLength": "0",
          "required": false
        },
        "defaultValue": "0"
      },
      {
        "fieldName": "o9MinLotsizeIL",
        "title": "Min LotSize",
        "type": "number",
        "selectionType": "single",
        "clearSearch": true,
        "source": "literal",
        "visible": true,
        "isEditable": true,
        "validation": {
          "maxLength": "0",
          "required": false
        },
        "defaultValue": "1"
      },
      {
        "fieldName": "o9SoftLotSizeIL",
        "title": "Soft LotSize",
        "type": "boolean",
        "selectionType": "single",
        "clearSearch": true,
        "source": "literal",
        "visible": true,
        "isEditable": true,
        "validation": {
          "maxLength": "0",
          "required": false
        },
        "defaultValue": true
      },
      {
        "fieldName": "o9LotSizeIncrementIL",
        "title": "LotSize Increment",
        "type": "number",
        "clearSearch": true,
        "source": "literal",
        "visible": true,
        "isEditable": true,
        "validation": {
          "maxLength": "0",
          "required": true
        },
        "defaultValue": "1"
      },
      {
        "fieldName": "o9MaxLotsizeIL",
        "title": "Max LotSize",
        "type": "number",
        "selectionType": "single",
        "clearSearch": true,
        "source": "literal",
        "defaultValue": "1",
        "visible": true,
        "isEditable": true,
        "validation": {
          "maxLength": "0",
          "required": false
        }
      },
      {
        "fieldName": "o9ProcurementType",
        "title": "Procurement Type",
        "type": "string",
        "clearSearch": true,
        "source": "literal",
        "visible": true,
        "isEditable": true,
        "validation": {
          "maxLength": "0",
          "required": true
        },
        "defaultValue": "DIST"
      }
    ],
    "Range": [],
    "DataSources": [],
    "AutoExecute": false,
    "isAsync": false,
    "hasMembersUpdates": false,
    "Compact": false,
    "TwoColumn": true,
    "IsGlobalForExcelAddIn": false,
    "ReturnFilterByUpdate": true,
    "ExcludeFromNavLink": false,
    "FilterFieldBindings": []
  },
  "Widget": null,
  "Roles": []
}