{
  "Name": "CreateRollupSizeProfiles",
  "Description": "Create Size Profile Ratios",
  "ActionButtonId": "ea1abf7b-0257-474e-93be-cbf9a91a3105",
  "Tooltip": "Create Rollup Profiles",
  "ActionButtonType": "Rule",
  "Alignment": "right",
  "IsPopOver": true,
  "IsGlobal": false,
  "ActionClickHandler": null,
  "Icon": null,
  "Image": null,
  "ConfigJson": {
    "DisplayName": "Create Rollup Profiles",
    "icon": "calculator",
    "Position": "0",
    "SubmitButton": {
      "Label": "Submit"
    },
    "ResetButton": {
      "Label": "Reset"
    },
    "CloseButton": {
      "Label": "Close",
      "ConfirmMessage": "Unsaved changes will be lost. Continue?"
    },
    "NotifyRoles": false,
    "NotifyAll": false,
    "IBPLRules": [
      {
        "template": "scope:(&CWVAndScenarios{{#filter Version}} * [Sequence].[Sequence]{{#filter Sequence}});\nMeasure.[Execution Status] = \"IN PROGRESS\";\nend scope;"
      },
      {
        "template": "exec procedure CreateRollupSizeProfiles {\"Version\": [{{#csv Version}}], \"Sequence\": [{{#csv Sequence}}], \"Department\": [{{#csv Department}}],\"Store\": [{{#csv Store}}],\"Channel\": [{{#csv Channel}}] , \"UseCorrectedSales\": {{UseCorrectedSales}}, \"AggregationThreshold\": {{AggregationThreshold}}, \"FringeSizeThreshold\": {{FringeSizeThreshold}},\"PAGSeason\": \"{{PAGSeason}}\" };"
      }
    ],
    "JavascriptRules": [],
    "FieldBindings": [
      {
        "fieldName": "Version",
        "title": "Version",
        "type": "picklistDropdown",
        "selectionType": "single",
        "clearSearch": true,
        "source": "filter",
        "DimensionName": "Version",
        "LevelAttributeName": "Version Name",
        "visible": false,
        "isEditable": true,
        "validation": {
          "maxLength": "0",
          "required": true
        },
        "fieldGroup": "General"
      },
      {
        "fieldName": "Sequence",
        "title": "Sequence",
        "Description": "Sequence",
        "type": "picklistDropdown",
        "selectionType": "multiple",
        "clearSearch": true,
        "source": "parentAttribute",
        "DimensionName": "Sequence",
        "key": {
          "LevelAttribute": {
            "Name": "Sequence",
            "Property": "Name"
          }
        },
        "visible": true,
        "isEditable": true,
        "validation": {
          "maxLength": "0",
          "required": true
        },
        "fieldGroup": "General"
      },
      {
        "fieldName": "Department",
        "title": "Department",
        "Description": "Department",
        "type": "picklistDropdown",
        "selectionType": "multiple",
        "clearSearch": true,
        "select": "ALL",
        "source": "members",
        "DimensionName": "Item",
        "LevelAttributeName": "L4",
        "FilterExpression": "&APDepartments",
        "visible": true,
        "isEditable": true,
        "validation": {
          "maxLength": "0",
          "required": true
        },
        "sortBy": "Name",
        "sortOrder": "asc",
        "fieldGroup": "Sales Data Scoping"
      },
      {
        "fieldName": "Store",
        "title": "Store",
        "Description": "Store",
        "type": "picklistDropdown",
        "selectionType": "multiple",
        "clearSearch": true,
        "select": "ALL",
        "source": "members",
        "DimensionName": "Location",
        "LevelAttributeName": "Location",
        "FilterExpression": "&APStores",
        "visible": true,
        "isEditable": true,
        "validation": {
          "maxLength": "0",
          "required": true
        },
        "sortBy": "Name",
        "sortOrder": "asc",
        "fieldGroup": "Sales Data Scoping"
      },
      {
        "fieldName": "Channel",
        "title": "Channel",
        "Description": "Channel",
        "type": "picklistDropdown",
        "selectionType": "multiple",
        "clearSearch": true,
        "select": "ALL",
        "source": "members",
        "DimensionName": "Sales Domain",
        "LevelAttributeName": "Sales Planning Channel",
        "FilterExpression": "&APChannels",
        "visible": true,
        "isEditable": true,
        "validation": {
          "maxLength": "0",
          "required": true
        },
        "fieldGroup": "Sales Data Scoping"
      },
      {
        "fieldName": "AggregationThreshold",
        "title": "Aggregation Threshold",
        "type": "number",
        "clearSearch": true,
        "source": "literal",
        "visible": true,
        "isEditable": true,
        "validation": {
          "maxLength": "0",
          "required": true
        },
        "Description": "Threshold for sales aggregation",
        "defaultValue": "200",
        "fieldGroup": "Parameters"
      },
      {
        "fieldName": "FringeSizeThreshold",
        "title": "Fringe Size Threshold",
        "Description": "Size Ratios below this percentage would be tagged as Fringe",
        "type": "number",
        "clearSearch": true,
        "source": "literal",
        "visible": true,
        "isEditable": true,
        "validation": {
          "maxLength": "0",
          "required": true
        },
        "displayFormat": "0.00%",
        "editFormat": "0.00%",
        "defaultValue": "0.05",
        "fieldGroup": "Parameters"
      },
      {
        "fieldName": "PAGSeason",
        "title": "Select Planning Season",
        "Description": "Product Attribute Group of the selected season will be considered",
        "type": "picklist",
        "selectionType": "single",
        "clearSearch": true,
        "source": "datasource",
        "key": "SeasonDS",
        "valueField": "Selling Season",
        "textField": "Selling Season",
        "overrideFieldBindingType": false,
        "visible": true,
        "isEditable": true,
        "cascadeFrom": "Department",
        "validation": {
          "maxLength": "0",
          "required": true
        },
        "fieldGroup": "Parameters"
      },
      {
        "fieldName": "UseCorrectedSales",
        "title": "Use Corrected Sales?",
        "Description": "Check to include the corrected sales to create size profiles",
        "type": "boolean",
        "selectionType": "single",
        "clearSearch": true,
        "source": "literal",
        "defaultValue": false,
        "visible": true,
        "isEditable": true,
        "validation": {
          "maxLength": "0",
          "required": true
        },
        "fieldGroup": "Corrected Sales"
      }
    ],
    "Range": [],
    "DataSources": [
      {
        "Name": "SeasonDS",
        "IBPLRules": [
          {
            "template": "Select ([Version].[Version Name]{{#filter Version}} * &APDepartments{{#filter Department}} * &APSellingSeasons * [Product Attribute Group].[Product Attribute Group] ) on row, \n({Measure.[Style Color PAG Association]}) on column;"
          }
        ],
        "JavascriptRules": [],
        "IncludeDSFieldsOnly": false,
        "FieldBindings": []
      }
    ],
    "AutoExecute": false,
    "isAsync": true,
    "hasMembersUpdates": false,
    "Compact": false,
    "TwoColumn": true,
    "IsGlobalForExcelAddIn": false,
    "ExcludeFromNavLink": false,
    "FilterFieldBindings": [],
    "enableTransaction": false
  },
  "Widget": null,
  "Roles": []
}