{
  "Name": "SupplyPlan115AddDistTransMode",
  "Description": "Add a TransMode for Distribution",
  "ActionButtonId": "84df38eb-5b6e-4abb-b4ed-0308e6f69708",
  "Tooltip": "Add a TransMode for Distribution",
  "ActionButtonType": "Widget",
  "Alignment": "right",
  "IsPopOver": true,
  "IsGlobal": true,
  "ActionClickHandler": null,
  "Icon": null,
  "Image": null,
  "ConfigJson": {
    "icon": "plus",
    "SubmitButton": {
      "Label": "Submit"
    },
    "ResetButton": {
      "Label": "Reset"
    },
    "CloseButton": {
      "Label": "Close",
      "ConfirmMessage": "Unsaved changes will be lost. Continue?"
    },
    "NotifyRoles": true,
    "NotifyAll": false,
    "IBPLRules": [
      {
        "template": "CREATEMEMBER(Activity2.[Activity2]={,\"{{TransMode}}\"} ,Activity2.[Is Group Routing]={0,} , Activity2.[Activity Type2] = {,\"Distribution\"} , Activity2.[Activity All2] = {,\"All\"});\n"
      },
      {
        "template": "Cartesian Scope: ([Activity2].[Activity2].[{{TransMode}}] * [Version].[Version Name]{{#filter Version}});\nMeasure.[Active for Distribution]= true;\nMeasure.[DIST TransMode Priority]= {{TransModePriority}};\nend scope;"
      },
      {
        "template": "Cartesian Scope:([Activity2].[Activity2].[{{TransMode}}] * [Version].[Version Name]{{#filter Version}} * &AllPlantAndDCRegions);\nMeasure.[DIST Region TransMode Association] = 1;\nend scope;"
      }
    ],
    "JavascriptRules": [],
    "FieldBindings": [
      {
        "fieldName": "Version",
        "title": "Version",
        "type": "picklistTextOnly",
        "selectionType": "single",
        "clearSearch": true,
        "source": "filter",
        "DimensionName": "Version",
        "LevelAttributeName": "Version Name",
        "visible": true,
        "isEditable": true,
        "validation": {
          "maxLength": "0",
          "required": true
        }
      },
      {
        "fieldName": "TransMode",
        "title": "TransMode",
        "type": "string",
        "clearSearch": true,
        "source": "literal",
        "visible": true,
        "isEditable": true,
        "validation": {
          "maxLength": "0",
          "required": true
        }
      },
      {
        "fieldName": "TransModePriority",
        "title": "TransMode Priority",
        "Description": "TransMode Priority",
        "type": "number",
        "showInLocalTimeZone": false,
        "selectionType": "single",
        "clearSearch": true,
        "source": "literal",
        "visible": true,
        "isEditable": true,
        "validation": {
          "maxLength": "0",
          "required": true
        }
      },
      {
        "fieldName": "DistFlag",
        "title": "Active for Distribution",
        "Description": "Active for Distribution",
        "type": "boolean",
        "selectionType": "single",
        "clearSearch": true,
        "source": "literal",
        "defaultValue": true,
        "visible": true,
        "isEditable": true,
        "validation": {
          "maxLength": "0",
          "required": true
        }
      }
    ],
    "Range": [],
    "DataSources": [],
    "AutoExecute": false,
    "isAsync": false,
    "hasMembersUpdates": true,
    "Compact": true,
    "TwoColumn": false,
    "IsGlobalForExcelAddIn": false,
    "ReturnFilterByUpdate": true,
    "ExcludeFromNavLink": false,
    "FilterFieldBindings": []
  },
  "Widget": null,
  "Roles": []
}