{
  "MeasureName": "D WIP Priority Production Plugin Output",
  "MeasureId": "15b953f2-f506-4ce7-bfd3-ad37c621b070",
  "MeasureDescription": "Priority sequence output generated from the WIP by the Plugin",
  "DataType": "number",
  "MeasureType": "Regular",
  "AggregateFunction": "Min",
  "FormatString": "#,##0",
  "MeasureColumnName": "DWIPPriorityProductionPluginOutput",
  "MeasureFormula": "",
  "IsEditable": false,
  "ApplyConversion": false,
  "ConversionFormula": "",
  "PickListName": null,
  "BgColorFormula": "",
  "FgColorFormula": "",
  "TrendFormula": "",
  "FormattingViewModel": "[]",
  "ParentMeasureName": null,
  "AssociationMeasure": false,
  "IsComputedByPlanningService": false,
  "ToolTip": "Priority sequence output generated from the WIP by the Plugin",
  "ConfigJson": {},
  "ApiName": null,
  "ApiDisabled": false,
  "IsReportingMeasure": false,
  "MeasureConditionalFormulaProperties": [],
  "PicklistSource": null
}