{
  "MeasureName": "DC Reserve % for Units",
  "MeasureId": "6c76f442-5595-80e9-b6b1-b71c5df7e3bf",
  "MeasureDescription": "Inventory reserved at DC for other Demands or Orders in Units",
  "DataType": "number",
  "MeasureType": "Regular",
  "AggregateFunction": "Max",
  "FormatString": "0.00%;",
  "MeasureColumnName": "DCReserve%forUnits",
  "MeasureFormula": "",
  "IsEditable": true,
  "ApplyConversion": false,
  "ConversionFormula": "",
  "PickListName": null,
  "BgColorFormula": "",
  "FgColorFormula": "",
  "TrendFormula": "",
  "FormattingViewModel": "[]",
  "ParentMeasureName": null,
  "AssociationMeasure": false,
  "IsComputedByPlanningService": false,
  "ToolTip": "DC Reserve % for Units",
  "ConfigJson": {},
  "ApiName": null,
  "ApiDisabled": false,
  "IsReportingMeasure": false,
  "MeasureConditionalFormulaProperties": [],
  "PicklistSource": null
}