{
  "MeasureGroupName": "159 Planning Item Segment",
  "MeasureGroupId": "72fa2459-d576-4490-9130-c1014d52ada5",
  "ParentMeasureGroupName": null,
  "HasShadow": false,
  "MeasureGroupDescription": "Segmentation of Product at lower level",
  "MeasureGroupType": "Regular",
  "FactTableName": "Fact180StatSegment",
  "SchemaMajorVersion": 0,
  "ConfigJson": {},
  "ApiName": null,
  "Repartition": false,
  "Unpartition": false,
  "ApiEnabled": false,
  "DimensionUsages": [
    {
      "DimensionName": "Version",
      "AttributeName": "Version Name",
      "SortOrder": 0,
      "DimensionType": "Regular"
    },
    {
      "DimensionName": "Item",
      "AttributeName": "Planning Item",
      "SortOrder": 2,
      "DimensionType": "Regular"
    }
  ]
}