{
  "AttributeName": "Retail_AP_LB_SC_NN",
  "AttributeId": "7efa8b70-da22-5769-efc3-4c6b43c4eb5c",
  "AttributeHierarchyEnabled": true,
  "IsKey": false,
  "Description": "Placeholder Realization Granularity",
  "OrderBy": "Key",
  "KeyColumnName": "Retail_AP_LB_SC_NNKey",
  "NameColumnName": "Retail_AP_LB_SC_NNName",
  "KeyColumnDataType": "integer",
  "SeedTags": true,
  "KeyGenerationType": "Auto",
  "PickListName": null,
  "ConfigJson": {
    "ShowFilterAs": "TileView",
    "MemberDisplayNameEditable": true,
    "IsMultipleImage": false,
    "MemberDisplayColor": false
  },
  "FormatString": null,
  "Translation": null,
  "Aliases": [],
  "ApiName": null,
  "ApiDisabled": false,
  "ParentAttributeName": null,
  "NamedNodeUsages": [
    {
      "DimensionName": "Item",
      "AttributeName": "Planning Item"
    }
  ]
}