{
  "MeasureName": "Heat Map Threshold Band3 L3",
  "MeasureId": "e8037ae4-80a5-45d6-b2ff-a1a4f156af47",
  "MeasureDescription": "Heat Map Threshold Band 3",
  "DataType": "number",
  "MeasureType": "Regular",
  "AggregateFunction": "AvgNonNull",
  "FormatString": "%",
  "MeasureColumnName": "ParetoThresholdBand3",
  "MeasureFormula": "",
  "IsEditable": true,
  "ApplyConversion": false,
  "ConversionFormula": "",
  "PickListName": null,
  "BgColorFormula": " IF(ISnull(measure.[Heat Map Threshold Band3 L3])) then argb( 1,247, 215, 215)",
  "FgColorFormula": "",
  "TrendFormula": "",
  "FormattingViewModel": null,
  "ParentMeasureName": null,
  "AssociationMeasure": false,
  "IsComputedByPlanningService": false,
  "ToolTip": "Heat Map Threshold Band 3",
  "ConfigJson": {},
  "ApiName": null,
  "ApiDisabled": false,
  "IsReportingMeasure": false,
  "MeasureConditionalFormulaProperties": [],
  "PicklistSource": null
}