{
  "AttributeName": "Dimension Name",
  "AttributeId": "2ae48a0f-2fc1-4386-b060-125e6149fb03",
  "AttributeHierarchyEnabled": true,
  "IsKey": false,
  "Description": "Dimension Name",
  "OrderBy": "Name",
  "KeyColumnName": "DimensionNameKey",
  "NameColumnName": "DimensionNameName",
  "KeyColumnDataType": "integer",
  "SeedTags": false,
  "KeyGenerationType": "Auto",
  "PickListName": null,
  "ConfigJson": {
    "ShowFilterAs": "TileView",
    "MemberDisplayNameEditable": true,
    "IsMultipleImage": false
  },
  "FormatString": null,
  "Translation": null,
  "Aliases": [],
  "ApiName": null,
  "ApiDisabled": false
}