{
  "Name": "SupplyPlan6010DCSplitInputInfo",
  "Description": "Information",
  "ActionButtonId": "8ccaf581-4fbf-1149-af75-0b66b88fae55",
  "Tooltip": "Information",
  "ActionButtonType": "Widget",
  "Alignment": "right",
  "IsPopOver": true,
  "IsGlobal": true,
  "ActionClickHandler": null,
  "Icon": null,
  "Image": null,
  "ConfigJson": {
    "icon": "info-circle",
    "SubmitButton": {
      "Label": "Submit"
    },
    "ResetButton": {},
    "CloseButton": {
      "Label": "Close",
      "ConfirmMessage": "Unsaved changes will be lost. Continue?"
    },
    "NotifyAll": false,
    "IBPLRules": [],
    "JavascriptRules": [],
    "FieldBindings": [
      {
        "fieldName": "Information",
        "title": "Information",
        "type": "info",
        "showInLocalTimeZone": false,
        "clearSearch": true,
        "source": "literal",
        "defaultValue": "<b>DC Split Inputs Info</b> <p> <ul> <li><p aligns=\"left\">This Page Contains the DC split profiles and space for override entry for all the Items taken for Planning laid out based on the DC's</li> </p> <li><p aligns=\"left\">Please fill for all Locations at a given level in case of overrides as only the overridden Location will be considered for generating the outputs and DC's without  overrides will be taken as zero</li> </p> <li><p aligns=\"left\">Negative override values are invalid and will not be saved</li></p>",
        "visible": true,
        "isEditable": false,
        "validation": {
          "maxLength": "0",
          "required": true
        }
      }
    ],
    "Range": [],
    "DataSources": [],
    "AutoExecute": false,
    "isAsync": false,
    "hasMembersUpdates": false,
    "Compact": false,
    "TwoColumn": false,
    "IsGlobalForExcelAddIn": false,
    "ReturnFilterByUpdate": false,
    "ExcludeFromNavLink": false,
    "FilterFieldBindings": []
  },
  "Widget": null,
  "Roles": []
}