{
  "Name": "GregorianCalendar",
  "Description": "Gregorian Calendar",
  "ActionButtonId": "c4fe041b-9be2-4ac7-9028-224c33b25463",
  "Tooltip": "Gregorian Calendar",
  "ActionButtonType": "Rule",
  "Alignment": "right",
  "IsPopOver": true,
  "IsGlobal": false,
  "ActionClickHandler": null,
  "Icon": null,
  "Image": null,
  "ConfigJson": {
    "icon": "copy",
    "Position": "0",
    "SubmitButton": {
      "Label": "Submit"
    },
    "ResetButton": {
      "Label": "Reset"
    },
    "CloseButton": {
      "Label": "Close",
      "ConfirmMessage": "Unsaved changes will be lost. Continue?"
    },
    "NotifyAll": false,
    "IBPLRules": [
      {
        "template": "spread scope:([Version].[Version Name]{{#filter Version}}*[Item].[L3]{{#filter Class}}*[Sales Domain].[Channel]{{#filter Channel}}*[Location].[Location Country]{{#filter Market}}*[Time].[Week]{{#filter Week}});\nMeasure.[CP BOP D] = if (Measure.[CP BOP]>0) then (Measure.[CP BOP]) else null;\nMeasure.[CP Receipts D] = Measure.[CP Receipts];\nMeasure.[CP Sales D] = Measure.[CP Sales];\nMeasure.[CP Total Markdown D] = Measure.[CP Total Markdown];\nMeasure.[CP Shrink D] = Measure.[CP Shrink];\nMeasure.[CP Adjustment D] = Measure.[CP Adjustment];\nMeasure.[CP Returns D] = Measure.[CP Returns];\nend scope;"
      }
    ],
    "JavascriptRules": [],
    "FieldBindings": [
      {
        "fieldName": "Version",
        "title": "Version",
        "Description": "Version",
        "type": "picklistDropdown",
        "clearSearch": true,
        "source": "filter",
        "DimensionName": "Version",
        "LevelAttributeName": "Version Name",
        "visible": true,
        "isEditable": true,
        "validation": {
          "maxLength": "0",
          "required": true
        }
      },
      {
        "fieldName": "Class",
        "title": "Class",
        "Description": "Class",
        "type": "picklistDropdown",
        "clearSearch": true,
        "source": "members",
        "DimensionName": "Item",
        "LevelAttributeName": "L3",
        "FilterExpression": "&RE2EClasses",
        "visible": true,
        "isEditable": true,
        "validation": {
          "maxLength": "0",
          "required": true
        }
      },
      {
        "fieldName": "Channel",
        "title": "Channel",
        "Description": "Channel",
        "type": "picklistDropdown",
        "clearSearch": true,
        "source": "members",
        "DimensionName": "Sales Domain",
        "LevelAttributeName": "Channel",
        "FilterExpression": "&RE2EChannels",
        "visible": true,
        "isEditable": true,
        "validation": {
          "maxLength": "0",
          "required": true
        }
      },
      {
        "fieldName": "Market",
        "title": "Market",
        "Description": "Market",
        "type": "picklistDropdown",
        "clearSearch": true,
        "source": "members",
        "DimensionName": "Location",
        "LevelAttributeName": "Location Country",
        "FilterExpression": "&RE2ECountries",
        "visible": true,
        "isEditable": true,
        "validation": {
          "maxLength": "0",
          "required": true
        }
      },
      {
        "fieldName": "Season",
        "title": "Season",
        "Description": "Season",
        "type": "picklistDropdown",
        "clearSearch": true,
        "source": "members",
        "DimensionName": "Time",
        "LevelAttributeName": "Season",
        "visible": true,
        "isEditable": true,
        "validation": {
          "maxLength": "0",
          "required": true
        },
        "select": "ALL",
        "FilterExpression": "&PlanningSeasons"
      },
      {
        "fieldName": "Month",
        "title": "Month",
        "Description": "Month",
        "type": "picklistDropdown",
        "clearSearch": true,
        "source": "datasource",
        "key": "MonthDS",
        "valueField": "Planning Month",
        "textField": "Planning Month",
        "visible": true,
        "isEditable": true,
        "cascadeFrom": "Season",
        "validation": {
          "maxLength": "0",
          "required": true
        },
        "select": "ALL"
      },
      {
        "fieldName": "Week",
        "title": "Week",
        "Description": "Week",
        "type": "picklistDropdown",
        "clearSearch": true,
        "source": "datasource",
        "key": "WeekDS",
        "valueField": "Week",
        "textField": "Week",
        "visible": true,
        "isEditable": true,
        "cascadeFrom": "Month",
        "validation": {
          "maxLength": "0",
          "required": true
        },
        "select": "ALL"
      }
    ],
    "DataSources": [
      {
        "Name": "MonthDS",
        "IBPLRules": [
          {
            "template": "Select([Time].[Season]{{#filter Season}}*[Time].[Planning Month]);"
          }
        ],
        "JavascriptRules": [],
        "IncludeDSFieldsOnly": false,
        "FieldBindings": []
      },
      {
        "Name": "WeekDS",
        "IBPLRules": [
          {
            "template": "Select([Time].[Planning Month]{{#filter Month}}*[Time].[Week]);"
          }
        ],
        "JavascriptRules": [],
        "IncludeDSFieldsOnly": false,
        "FieldBindings": []
      }
    ],
    "AutoExecute": false,
    "isAsync": true,
    "hasMembersUpdates": false,
    "Compact": false,
    "TwoColumn": false,
    "IsGlobalForExcelAddIn": false,
    "FilterFieldBindings": []
  },
  "Widget": null
}