{
  "Name": "SupplyPlan131EnableLoadingResource",
  "Description": null,
  "ActionButtonId": "87e669f6-019d-49af-af65-94ac338dc4b8",
  "Tooltip": "Enable Loading Resource at Source Location",
  "ActionButtonType": "Widget",
  "Alignment": "right",
  "IsPopOver": true,
  "IsGlobal": true,
  "ActionClickHandler": null,
  "Icon": null,
  "Image": null,
  "ConfigJson": {
    "icon": "plus",
    "SubmitButton": {
      "Label": "Submit"
    },
    "ResetButton": {
      "Label": "Reset"
    },
    "CloseButton": {
      "Label": "Close",
      "ConfirmMessage": "Unsaved changes will be lost. Continue?"
    },
    "NotifyAll": false,
    "IBPLRules": [
      {
        "template": "cartesian scope: (Version.[Version Name]{{#filter Version}} * Location.Location{{#filter Location}} ); \nMeasure.[DIST Loading Shared Resource Association] = 1;\nend scope;\n"
      },
      {
        "template": "//--Uncomment the below code to enable Net change functionality\n/*\ncartesian scope: (Version.[Version Name]{{#filter Version}} * Location.Location{{#filter Location}} ); \nMeasure.[DIST Loading Shared Resource Association NC Addition] = 1;\nend scope;\n\nscope: (Version.[Version Name]{{#filter Version}} * Location.Location{{#filter Location}} ); \nMeasure.[DIST Loading Shared Resource Association NC Deletion] = Null;\nend scope;\n\nscope:(Version.[Version Name]{{#filter Version}} * Location.[Location]{{#filter Location}});\nMeasure.[LoadingResource] = if (Measure.[DIST Loading Shared Resource Association] > 0) then (\"Loading_Resource_{{Location}}\");\nend scope;\n\nCreateMember(\nResource.[Resource]={,Measure.[LoadingResource]},\nResource.[Resource All]={,[All]},\nResource.[Resource Type]={,[Distribution Loading]},\nResource.[Resource Alternate Group1]={,[Distribution Loading]},\nResource.[Resource Alternate Group2]={,[Distribution Loading]})\nusing scope (Version.[Version Name]{{#filter Version}} * Location.[Location]{{#filter Location}}) ;\n\ncartesian scope: (Version.[Version Name]{{#filter Version}} * Location.[Location]{{#filter Location}} * &DISTOutboundResource.[Loading_Resource_{{Location}}]);\nMeasure.[BOD Outbound Shared Resource Association Intermediate]= 1;\nMeasure.[BOD Outbound Shared Resource Category Intermediate]`=\"O\";\nend scope;\n*/\nSelect 1;"
      }
    ],
    "JavascriptRules": [],
    "FieldBindings": [
      {
        "fieldName": "Version",
        "title": "Version",
        "type": "picklistDropdown",
        "selectionType": "single",
        "clearSearch": true,
        "source": "filter",
        "DimensionName": "Version",
        "LevelAttributeName": "Version Name",
        "visible": true,
        "isEditable": false,
        "validation": {
          "maxLength": "0",
          "required": true
        }
      },
      {
        "fieldName": "Location",
        "title": "Source Location",
        "type": "picklistDropdown",
        "selectionType": "single",
        "clearSearch": true,
        "select": "NONE",
        "source": "members",
        "DimensionName": "Location",
        "LevelAttributeName": "Location",
        "FilterExpression": "&AllPlantAndDCLocations",
        "visible": true,
        "isEditable": true,
        "validation": {
          "maxLength": "0",
          "required": true
        }
      }
    ],
    "DataSources": [],
    "AutoExecute": false,
    "isAsync": false,
    "hasMembersUpdates": false,
    "Compact": false,
    "TwoColumn": false,
    "IsGlobalForExcelAddIn": false,
    "ReturnFilterByUpdate": true,
    "FilterFieldBindings": []
  },
  "Widget": null
}