{
  "Name": "SupplyPlan190WCreateNewRuleProductionCycle",
  "Description": "Create New Rule for Production Cycle",
  "ActionButtonId": "c4b29b71-b3af-8605-4838-6dd39cce4dea",
  "Tooltip": "Create New Rule",
  "ActionButtonType": "Rule",
  "Alignment": "right",
  "IsPopOver": true,
  "IsGlobal": false,
  "ActionClickHandler": null,
  "Icon": null,
  "Image": null,
  "ConfigJson": {
    "icon": "plus",
    "Position": "0",
    "SubmitButton": {
      "Label": "Submit"
    },
    "ResetButton": {
      "Label": "Reset"
    },
    "CloseButton": {
      "Label": "Close",
      "ConfirmMessage": "Unsaved changes will be lost. Continue?"
    },
    "NotifyRoles": true,
    "NotifyAll": false,
    "IBPLRules": [
      {
        "template": "Cartesian Scope: ([Version].[Version Name].filter(#.Name in {\"{{Version}}\"}) * [Data Object].[Data Object].[Weekly Production Cycle Maintenance]*[DM Rule].[Rule].filter(#.Name in {\"{{o9ProductionCycleRuleFinal}}\"}));\n\nMeasure.[W Production Cycle Calendar Association1]=\"{{DMValue1}}\";\nMeasure.[Rule Sequence]={{RuleSequence}};\nend scope;\n\nCartesian Scope: ([Version].[Version Name].filter(#.Name in {\"{{Version}}\"}) * [Data Object].[Data Object].[Weekly Production Cycle Maintenance]*[DM Rule].[Rule].filter(#.Name in {\"{{o9ProductionCycleRuleFinal}}\"}));\nMeasure.[ABDM TimeStamp]=todatetime(\"{{TimeStamp}}\");\nMeasure.[ABDM User]=(\"{{User}}\");\nMeasure.[Rule Comment] = (\"{{NewComment}}\");\nend scope;"
      },
      {
        "template": "Cartesian Scope: ([Version].[Version Name].filter(#.Name in {\"{{Version}}\"}) * [Data Object].[Data Object].[Weekly Production Cycle Maintenance]*[DM Rule].[Rule].filter(#.Name in {\"{{o9ProductionCycleRuleFinal}}\"})* [Location].[Location]{{#filter DMLocation}});\n\nMeasure.[ABDM Location Association] = 1;\nend scope;\n\nCartesian Scope: ([Version].[Version Name].filter(#.Name in {\"{{Version}}\"}) * [Data Object].[Data Object].[Weekly Production Cycle Maintenance]*[DM Rule].[Rule].filter(#.Name in {\"{{o9ProductionCycleRuleFinal}}\"})* [Item].[ContainerType]{{#filter DMItemAttribute3}});\n\nMeasure.[ABDM ContainerType Association] = 1;\nend scope;\n\nCartesian Scope: ([Version].[Version Name].filter(#.Name in {\"{{Version}}\"}) * [Data Object].[Data Object].[Weekly Production Cycle Maintenance]*[DM Rule].[Rule].filter(#.Name in {\"{{o9ProductionCycleRuleFinal}}\"})* [Item].[PackageType]{{#filter DMItemAttribute1}});\n\nMeasure.[ABDM PackageType Association] = 1;\nend scope;\n\nCartesian Scope: ([Version].[Version Name].filter(#.Name in {\"{{Version}}\"}) * [Data Object].[Data Object].[Weekly Production Cycle Maintenance]*[DM Rule].[Rule].filter(#.Name in {\"{{o9ProductionCycleRuleFinal}}\"})* [Item].[L2]{{#filter DMItemAttribute2}});\n\nMeasure.[ABDM L2 Association] = 1;\nend scope;\n\n\nCartesian Scope: ([Version].[Version Name].filter(#.Name in {\"{{Version}}\"}) * [Data Object].[Data Object].[Weekly Production Cycle Maintenance]*[DM Rule].[Rule].filter(#.Name in {\"{{o9ProductionCycleRuleFinal}}\"})* [Resource].[Resource]{{#filter DMResource}});\n\nMeasure.[ABDM Resource Association] = 1;\nend scope;\n"
      },
      {
        "template": "exec plugin instance [SupplyPlan190WProductionCycleCountRule] for measures {[o9 Production Cycle Rule Final]} using scope ([Version].[Version Name].filter(#.Name in{\"{{Version}}\"})*[Data Object].[Data Object].filter(#.Name in {\"Weekly Production Cycle Maintenance\"})) using arguments {(WriteOutputsConcurrently, False), (\"IncludeNullRows\", \"False\"), (MaxSliceTableCells, 8000000),(ExecutionMode,\"LightWeight\")};"
      }
    ],
    "JavascriptRules": [
      {
        "modulename": "o9.SupplyPlanningCreateRule.SupplyPlan190WProductionCycles",
        "functionname": "SupplyPlan190WProductionCycles"
      }
    ],
    "FieldBindings": [
      {
        "fieldName": "Version",
        "title": "Version Name",
        "Description": "Version Name",
        "type": "picklistDropdown",
        "selectionType": "single",
        "clearSearch": true,
        "source": "filter",
        "DimensionName": "Version",
        "LevelAttributeName": "Version Name",
        "visible": true,
        "isEditable": true,
        "validation": {
          "maxLength": "0",
          "required": true
        }
      },
      {
        "fieldName": "DataObject",
        "title": "Data Object",
        "Description": "Data Object Weekly Production Cycle Maintenance",
        "type": "picklistDropdown",
        "selectionType": "single",
        "clearSearch": true,
        "source": "members",
        "DimensionName": "Data Object",
        "LevelAttributeName": "Data Object",
        "FilterExpression": "[Data Object].[Data Object].[Weekly Production Cycle Maintenance]  ",
        "visible": false,
        "isEditable": false,
        "validation": {
          "maxLength": "0",
          "required": true
        }
      },
      {
        "fieldName": "o9ProductionCycleRuleFinal",
        "title": "o9 Production Cycle Rule Final",
        "Description": "o9 Production Cycle Rule Final",
        "type": "picklist",
        "selectionType": "single",
        "clearSearch": true,
        "source": "datasource",
        "key": "o9ProductionCycleRuleDS",
        "valueField": "Value",
        "textField": "Value",
        "visible": false,
        "isEditable": false,
        "cascadeFrom": "Version",
        "validation": {
          "maxLength": "0",
          "required": true
        },
        "overrideFieldBindingType": false
      },
      {
        "fieldName": "DMItemAttribute5",
        "title": "Item Type",
        "Description": "Select Item Type",
        "type": "picklistDropdown",
        "fieldGroup": "Item Attributes",
        "selectionType": "single",
        "clearSearch": true,
        "source": "members",
        "DimensionName": "Item",
        "LevelAttributeName": "Item Type",
        "visible": true,
        "isEditable": true,
        "validation": {
          "maxLength": "0",
          "required": true
        }
      },
      {
        "fieldName": "DMItemAttribute1",
        "title": "Package Type",
        "Description": "Select Package Type",
        "type": "picklistDropdown",
        "fieldGroup": "Item Attributes",
        "selectionType": "multiple",
        "clearSearch": true,
        "select": "NONE",
        "source": "members",
        "DimensionName": "Item",
        "LevelAttributeName": "PackageType",
        "visible": true,
        "isEditable": true,
        "validation": {
          "maxLength": "0",
          "required": false
        }
      },
      {
        "fieldName": "DMItemAttribute2",
        "title": "Item L2",
        "Description": "Select Item L2",
        "type": "picklistDropdown",
        "fieldGroup": "Item Attributes",
        "selectionType": "multiple",
        "clearSearch": true,
        "select": "NONE",
        "source": "members",
        "DimensionName": "Item",
        "LevelAttributeName": "L2",
        "visible": true,
        "isEditable": true,
        "validation": {
          "maxLength": "0",
          "required": false
        }
      },
      {
        "fieldName": "DMItemAttribute3",
        "title": "Container Type",
        "Description": "Select Container Type",
        "type": "picklistDropdown",
        "fieldGroup": "Item Attributes",
        "selectionType": "multiple",
        "clearSearch": true,
        "select": "NONE",
        "source": "members",
        "DimensionName": "Item",
        "LevelAttributeName": "ContainerType",
        "visible": true,
        "isEditable": true,
        "validation": {
          "maxLength": "0",
          "required": false
        }
      },
      {
        "fieldName": "DMItemAttribute4",
        "title": "Container Type Name",
        "Description": "Select Container Type Name",
        "type": "picklistDropdown",
        "fieldGroup": "Item Attributes",
        "selectionType": "multiple",
        "clearSearch": true,
        "select": "NONE",
        "source": "members",
        "DimensionName": "Item",
        "LevelAttributeName": "ContainerTypeName",
        "visible": true,
        "isEditable": true,
        "validation": {
          "maxLength": "0",
          "required": false
        }
      },
      {
        "fieldName": "DMLocation",
        "title": "Location",
        "Description": "Select Location",
        "type": "picklistDropdown",
        "selectionType": "multiple",
        "clearSearch": true,
        "select": "NONE",
        "source": "members",
        "DimensionName": "Location",
        "LevelAttributeName": "Location",
        "visible": true,
        "isEditable": true,
        "validation": {
          "maxLength": "0",
          "required": true
        }
      },
      {
        "fieldName": "DMResource",
        "title": "Resource",
        "Description": "Select Resource",
        "type": "picklistDropdown",
        "selectionType": "multiple",
        "clearSearch": true,
        "select": "NONE",
        "source": "datasource",
        "key": "DSResource",
        "valueField": "Name",
        "textField": "Name",
        "visible": true,
        "isEditable": true,
        "cascadeFrom": "DMLocation",
        "validation": {
          "maxLength": "0",
          "required": true
        },
        "overrideFieldBindingType": false
      },
      {
        "fieldName": "DMValue1",
        "title": "Calendar Association",
        "Description": "Select the Production Calendar",
        "type": "picklistDropdown",
        "selectionType": "single",
        "clearSearch": true,
        "select": "NONE",
        "source": "members",
        "DimensionName": "Calendar",
        "LevelAttributeName": "Calendar",
        "FilterExpression": "Calendar.[Calendar Type].[Weekly Production Cycle].relatedmembers(Calendar)",
        "visible": true,
        "isEditable": true,
        "validation": {
          "maxLength": "0",
          "required": true
        }
      },
      {
        "fieldName": "RuleSequence",
        "title": "Rule Sequence",
        "Description": "Rule Sequence",
        "type": "number",
        "selectionType": "single",
        "clearSearch": true,
        "source": "literal",
        "visible": true,
        "isEditable": true,
        "validation": {
          "maxLength": "0",
          "required": true
        }
      },
      {
        "fieldName": "TimeStamp",
        "title": "Time Stamp",
        "Description": "Time Stamp",
        "type": "datetime",
        "selectionType": "single",
        "clearSearch": true,
        "select": "ALL",
        "source": "datasource",
        "key": "DSTimeStamp",
        "valueField": "result",
        "textField": "result",
        "visible": false,
        "isEditable": false,
        "validation": {
          "maxLength": "0",
          "required": false
        },
        "overrideFieldBindingType": false
      },
      {
        "fieldName": "User",
        "title": "User",
        "Description": "User who created the rule",
        "type": "string",
        "selectionType": "single",
        "clearSearch": true,
        "source": "datasource",
        "key": "DSUser",
        "valueField": "Name",
        "textField": "Name",
        "visible": false,
        "isEditable": false,
        "validation": {
          "maxLength": "0",
          "required": false
        },
        "overrideFieldBindingType": false
      },
      {
        "fieldName": "NewComment",
        "title": "New Comment",
        "Description": "Description about the Rule",
        "type": "string",
        "selectionType": "single",
        "clearSearch": true,
        "source": "literal",
        "visible": true,
        "isEditable": true,
        "validation": {
          "maxLength": "0",
          "required": false
        }
      }
    ],
    "Range": [],
    "DataSources": [
      {
        "Name": "o9ProductionCycleRuleDS",
        "IBPLRules": [
          {
            "template": "Select({Measure.[o9 Production Cycle Rule Final]}) where{[Version].[Version Name].filter(#.Name in {\"{{Version}}\"}),[Data Object].[Data Object].filter(#.Name in {[Weekly Production Cycle Maintenance]})};"
          }
        ],
        "JavascriptRules": [],
        "IncludeDSFieldsOnly": false,
        "FieldBindings": []
      },
      {
        "Name": "DSResource",
        "IBPLRules": [
          {
            "template": "select (Resource.Resource) where {[Version].[Version Name]{{#filter Version}}, [Location].[Location]{{#filter DMLocation}}, Measure.[Resource Location Association] > 0};"
          }
        ],
        "JavascriptRules": [],
        "IncludeDSFieldsOnly": false,
        "FieldBindings": []
      },
      {
        "Name": "DSUser",
        "IBPLRules": [
          {
            "template": "select CurrentUser();"
          }
        ],
        "JavascriptRules": [],
        "IncludeDSFieldsOnly": false,
        "FieldBindings": []
      },
      {
        "Name": "DSTimeStamp",
        "IBPLRules": [
          {
            "template": "select now();"
          }
        ],
        "JavascriptRules": [],
        "IncludeDSFieldsOnly": false,
        "FieldBindings": []
      }
    ],
    "AutoExecute": false,
    "isAsync": true,
    "hasMembersUpdates": false,
    "Compact": false,
    "TwoColumn": true,
    "IsGlobalForExcelAddIn": false,
    "ExcludeFromNavLink": false,
    "FilterFieldBindings": [],
    "enableTransaction": false
  },
  "Widget": null,
  "Roles": []
}