{
  "AttributeName": "Description IL1",
  "AttributeId": "bba6c4e3-2115-44f8-b8e4-a2e3c6f4eb4f",
  "AttributeHierarchyEnabled": false,
  "IsKey": false,
  "Description": "Description of L1",
  "OrderBy": "Key",
  "KeyColumnName": "Description7Key",
  "NameColumnName": null,
  "KeyColumnDataType": "string",
  "SeedTags": false,
  "KeyGenerationType": null,
  "PickListName": null,
  "ConfigJson": {
    "IsVisible": true,
    "IsEditable": true
  },
  "FormatString": "",
  "Translation": null,
  "Aliases": [],
  "ApiName": null,
  "ApiDisabled": false
}