{
  "AttributeName": "Description",
  "AttributeId": "f2993bca-a787-a2ce-7178-cd9e1a6f4202",
  "AttributeHierarchyEnabled": false,
  "IsKey": false,
  "Description": "Rule Description",
  "OrderBy": "Key",
  "KeyColumnName": "DescriptionKey",
  "NameColumnName": null,
  "KeyColumnDataType": "string",
  "SeedTags": false,
  "KeyGenerationType": "UserSupplied",
  "PickListName": null,
  "ConfigJson": {
    "IsVisible": true,
    "IsEditable": true
  },
  "FormatString": "#",
  "Translation": null,
  "Aliases": [],
  "ApiName": null,
  "ApiDisabled": false,
  "FgColorFormula": null,
  "BgColorFormula": null,
  "IsReservedBySystem": false
}